ISO-10303-21;
HEADER;
/* Generated by software containing ST-Developer
 * from STEP Tools, Inc. (www.steptools.com) 
 */

FILE_DESCRIPTION(
/* description */ (''),
/* implementation_level */ '2;1');

FILE_NAME(
/* name */ 'Middle Gear.step',
/* time_stamp */ '2026-03-10T17:19:25Z',
/* author */ (''),
/* organization */ (''),
/* preprocessor_version */ 'ST-DEVELOPER v20.1',
/* originating_system */ 'Autodesk Translation Framework v14.21.0.0',
/* authorisation */ '');

FILE_SCHEMA (('AUTOMOTIVE_DESIGN { 1 0 10303 214 3 1 1 }'));
ENDSEC;

DATA;
#10=MECHANICAL_DESIGN_GEOMETRIC_PRESENTATION_REPRESENTATION('',(#13),#6061);
#11=SHAPE_REPRESENTATION_RELATIONSHIP('SRR','None',#6068,#12);
#12=ADVANCED_BREP_SHAPE_REPRESENTATION('',(#14),#6060);
#13=STYLED_ITEM('',(#6077),#14);
#14=MANIFOLD_SOLID_BREP('middle gear',#3133);
#15=B_SPLINE_SURFACE_WITH_KNOTS('',3,1,((#4835,#4836),(#4837,#4838),(#4839,
#4840),(#4841,#4842)),.UNSPECIFIED.,.F.,.F.,.F.,(4,4),(2,2),(-0.0550929492115498,
0.),(-0.416666666666667,0.416666666666667),.UNSPECIFIED.);
#16=B_SPLINE_SURFACE_WITH_KNOTS('',3,1,((#4849,#4850),(#4851,#4852),(#4853,
#4854),(#4855,#4856)),.UNSPECIFIED.,.F.,.F.,.F.,(4,4),(2,2),(-0.0550929492115498,
0.),(-0.416666666666667,0.416666666666667),.UNSPECIFIED.);
#17=B_SPLINE_SURFACE_WITH_KNOTS('',3,1,((#4871,#4872),(#4873,#4874),(#4875,
#4876),(#4877,#4878)),.UNSPECIFIED.,.F.,.F.,.F.,(4,4),(2,2),(-0.0550929492222,
-6.90331537077353E-14),(-0.416666666666667,0.416666666666667),
 .UNSPECIFIED.);
#18=B_SPLINE_SURFACE_WITH_KNOTS('',3,1,((#4885,#4886),(#4887,#4888),(#4889,
#4890),(#4891,#4892)),.UNSPECIFIED.,.F.,.F.,.F.,(4,4),(2,2),(-0.0550929492222,
-6.90331537077353E-14),(-0.416666666666667,0.416666666666667),
 .UNSPECIFIED.);
#19=B_SPLINE_SURFACE_WITH_KNOTS('',3,1,((#4915,#4916),(#4917,#4918),(#4919,
#4920),(#4921,#4922)),.UNSPECIFIED.,.F.,.F.,.F.,(4,4),(2,2),(-0.0550929492098461,
0.),(-0.416666666666667,0.416666666666667),.UNSPECIFIED.);
#20=B_SPLINE_SURFACE_WITH_KNOTS('',3,1,((#4929,#4930),(#4931,#4932),(#4933,
#4934),(#4935,#4936)),.UNSPECIFIED.,.F.,.F.,.F.,(4,4),(2,2),(-0.0550929492098461,
0.),(-0.416666666666667,0.416666666666667),.UNSPECIFIED.);
#21=B_SPLINE_SURFACE_WITH_KNOTS('',5,1,((#4951,#4952),(#4953,#4954),(#4955,
#4956),(#4957,#4958),(#4959,#4960),(#4961,#4962)),.UNSPECIFIED.,.F.,.F.,
 .F.,(6,6),(2,2),(-0.0389567232517,0.),(-0.416666666666667,0.416666666666667),
 .UNSPECIFIED.);
#22=B_SPLINE_SURFACE_WITH_KNOTS('',5,1,((#4971,#4972),(#4973,#4974),(#4975,
#4976),(#4977,#4978),(#4979,#4980),(#4981,#4982)),.UNSPECIFIED.,.F.,.F.,
 .F.,(6,6),(2,2),(-0.0389567232517,0.),(-0.416666666666667,0.416666666666667),
 .UNSPECIFIED.);
#23=B_SPLINE_SURFACE_WITH_KNOTS('',3,1,((#5007,#5008),(#5009,#5010),(#5011,
#5012),(#5013,#5014)),.UNSPECIFIED.,.F.,.F.,.F.,(4,4),(2,2),(-0.0550929492131724,
0.),(-0.416666666666667,0.416666666666667),.UNSPECIFIED.);
#24=B_SPLINE_SURFACE_WITH_KNOTS('',3,1,((#5021,#5022),(#5023,#5024),(#5025,
#5026),(#5027,#5028)),.UNSPECIFIED.,.F.,.F.,.F.,(4,4),(2,2),(-0.0550929492131724,
0.),(-0.416666666666667,0.416666666666667),.UNSPECIFIED.);
#25=B_SPLINE_SURFACE_WITH_KNOTS('',3,1,((#5043,#5044),(#5045,#5046),(#5047,
#5048),(#5049,#5050)),.UNSPECIFIED.,.F.,.F.,.F.,(4,4),(2,2),(-0.055092949214,
-6.46837884090573E-13),(-0.416666666666667,0.416666666666667),
 .UNSPECIFIED.);
#26=B_SPLINE_SURFACE_WITH_KNOTS('',3,1,((#5057,#5058),(#5059,#5060),(#5061,
#5062),(#5063,#5064)),.UNSPECIFIED.,.F.,.F.,.F.,(4,4),(2,2),(-0.055092949214,
-6.46837884090573E-13),(-0.416666666666667,0.416666666666667),
 .UNSPECIFIED.);
#27=B_SPLINE_SURFACE_WITH_KNOTS('',5,1,((#5087,#5088),(#5089,#5090),(#5091,
#5092),(#5093,#5094),(#5095,#5096),(#5097,#5098)),.UNSPECIFIED.,.F.,.F.,
 .F.,(6,6),(2,2),(-0.0389567232553,0.),(-0.416666666666667,0.416666666666667),
 .UNSPECIFIED.);
#28=B_SPLINE_SURFACE_WITH_KNOTS('',5,1,((#5107,#5108),(#5109,#5110),(#5111,
#5112),(#5113,#5114),(#5115,#5116),(#5117,#5118)),.UNSPECIFIED.,.F.,.F.,
 .F.,(6,6),(2,2),(-0.0389567232553,0.),(-0.416666666666667,0.416666666666667),
 .UNSPECIFIED.);
#29=B_SPLINE_SURFACE_WITH_KNOTS('',3,1,((#5135,#5136),(#5137,#5138),(#5139,
#5140),(#5141,#5142)),.UNSPECIFIED.,.F.,.F.,.F.,(4,4),(2,2),(-0.0550929492265,
-7.05062279891748E-14),(-0.416666666666667,0.416666666666667),
 .UNSPECIFIED.);
#30=B_SPLINE_SURFACE_WITH_KNOTS('',3,1,((#5149,#5150),(#5151,#5152),(#5153,
#5154),(#5155,#5156)),.UNSPECIFIED.,.F.,.F.,.F.,(4,4),(2,2),(-0.0550929492265,
-7.05062279891748E-14),(-0.416666666666667,0.416666666666667),
 .UNSPECIFIED.);
#31=B_SPLINE_SURFACE_WITH_KNOTS('',5,1,((#5177,#5178),(#5179,#5180),(#5181,
#5182),(#5183,#5184),(#5185,#5186),(#5187,#5188)),.UNSPECIFIED.,.F.,.F.,
 .F.,(6,6),(2,2),(0.,0.0389567232585),(-0.416666666666667,0.416666666666667),
 .UNSPECIFIED.);
#32=B_SPLINE_SURFACE_WITH_KNOTS('',5,1,((#5199,#5200),(#5201,#5202),(#5203,
#5204),(#5205,#5206),(#5207,#5208),(#5209,#5210)),.UNSPECIFIED.,.F.,.F.,
 .F.,(6,6),(2,2),(0.,0.0389567232585),(-0.416666666666667,0.416666666666667),
 .UNSPECIFIED.);
#33=B_SPLINE_SURFACE_WITH_KNOTS('',5,1,((#5229,#5230),(#5231,#5232),(#5233,
#5234),(#5235,#5236),(#5237,#5238),(#5239,#5240)),.UNSPECIFIED.,.F.,.F.,
 .F.,(6,6),(2,2),(0.,0.0389567232553),(-0.416666666666667,0.416666666666667),
 .UNSPECIFIED.);
#34=B_SPLINE_SURFACE_WITH_KNOTS('',5,1,((#5249,#5250),(#5251,#5252),(#5253,
#5254),(#5255,#5256),(#5257,#5258),(#5259,#5260)),.UNSPECIFIED.,.F.,.F.,
 .F.,(6,6),(2,2),(0.,0.0389567232553),(-0.416666666666667,0.416666666666667),
 .UNSPECIFIED.);
#35=B_SPLINE_SURFACE_WITH_KNOTS('',5,1,((#5285,#5286),(#5287,#5288),(#5289,
#5290),(#5291,#5292),(#5293,#5294),(#5295,#5296)),.UNSPECIFIED.,.F.,.F.,
 .F.,(6,6),(2,2),(0.,0.0389567232497),(-0.416666666666667,0.416666666666667),
 .UNSPECIFIED.);
#36=B_SPLINE_SURFACE_WITH_KNOTS('',5,1,((#5305,#5306),(#5307,#5308),(#5309,
#5310),(#5311,#5312),(#5313,#5314),(#5315,#5316)),.UNSPECIFIED.,.F.,.F.,
 .F.,(6,6),(2,2),(0.,0.0389567232497),(-0.416666666666667,0.416666666666667),
 .UNSPECIFIED.);
#37=B_SPLINE_SURFACE_WITH_KNOTS('',3,1,((#5333,#5334),(#5335,#5336),(#5337,
#5338),(#5339,#5340)),.UNSPECIFIED.,.F.,.F.,.F.,(4,4),(2,2),(0.,0.0550929492251),
(-0.416666666666667,0.416666666666667),.UNSPECIFIED.);
#38=B_SPLINE_SURFACE_WITH_KNOTS('',3,1,((#5347,#5348),(#5349,#5350),(#5351,
#5352),(#5353,#5354)),.UNSPECIFIED.,.F.,.F.,.F.,(4,4),(2,2),(0.,0.0550929492251),
(-0.416666666666667,0.416666666666667),.UNSPECIFIED.);
#39=B_SPLINE_SURFACE_WITH_KNOTS('',5,1,((#5377,#5378),(#5379,#5380),(#5381,
#5382),(#5383,#5384),(#5385,#5386),(#5387,#5388)),.UNSPECIFIED.,.F.,.F.,
 .F.,(6,6),(2,2),(0.,0.0389567232517),(-0.416666666666667,0.416666666666667),
 .UNSPECIFIED.);
#40=B_SPLINE_SURFACE_WITH_KNOTS('',5,1,((#5397,#5398),(#5399,#5400),(#5401,
#5402),(#5403,#5404),(#5405,#5406),(#5407,#5408)),.UNSPECIFIED.,.F.,.F.,
 .F.,(6,6),(2,2),(0.,0.0389567232517),(-0.416666666666667,0.416666666666667),
 .UNSPECIFIED.);
#41=B_SPLINE_SURFACE_WITH_KNOTS('',3,1,((#5425,#5426),(#5427,#5428),(#5429,
#5430),(#5431,#5432)),.UNSPECIFIED.,.F.,.F.,.F.,(4,4),(2,2),(0.,0.0550929492145612),
(-0.416666666666667,0.416666666666667),.UNSPECIFIED.);
#42=B_SPLINE_SURFACE_WITH_KNOTS('',3,1,((#5439,#5440),(#5441,#5442),(#5443,
#5444),(#5445,#5446)),.UNSPECIFIED.,.F.,.F.,.F.,(4,4),(2,2),(0.,0.0550929492145612),
(-0.416666666666667,0.416666666666667),.UNSPECIFIED.);
#43=B_SPLINE_SURFACE_WITH_KNOTS('',3,1,((#5469,#5470),(#5471,#5472),(#5473,
#5474),(#5475,#5476)),.UNSPECIFIED.,.F.,.F.,.F.,(4,4),(2,2),(6.75397683223831E-14,
0.0550929492222),(-0.416666666666667,0.416666666666667),.UNSPECIFIED.);
#44=B_SPLINE_SURFACE_WITH_KNOTS('',3,1,((#5483,#5484),(#5485,#5486),(#5487,
#5488),(#5489,#5490)),.UNSPECIFIED.,.F.,.F.,.F.,(4,4),(2,2),(6.75397683223831E-14,
0.0550929492222),(-0.416666666666667,0.416666666666667),.UNSPECIFIED.);
#45=B_SPLINE_SURFACE_WITH_KNOTS('',5,1,((#5505,#5506),(#5507,#5508),(#5509,
#5510),(#5511,#5512),(#5513,#5514),(#5515,#5516)),.UNSPECIFIED.,.F.,.F.,
 .F.,(6,6),(2,2),(0.,0.0389567232564),(-0.416666666666667,0.416666666666667),
 .UNSPECIFIED.);
#46=B_SPLINE_SURFACE_WITH_KNOTS('',5,1,((#5525,#5526),(#5527,#5528),(#5529,
#5530),(#5531,#5532),(#5533,#5534),(#5535,#5536)),.UNSPECIFIED.,.F.,.F.,
 .F.,(6,6),(2,2),(0.,0.0389567232564),(-0.416666666666667,0.416666666666667),
 .UNSPECIFIED.);
#47=B_SPLINE_SURFACE_WITH_KNOTS('',3,1,((#5561,#5562),(#5563,#5564),(#5565,
#5566),(#5567,#5568)),.UNSPECIFIED.,.F.,.F.,.F.,(4,4),(2,2),(0.,0.0550929492177),
(-0.416666666666667,0.416666666666667),.UNSPECIFIED.);
#48=B_SPLINE_SURFACE_WITH_KNOTS('',3,1,((#5575,#5576),(#5577,#5578),(#5579,
#5580),(#5581,#5582)),.UNSPECIFIED.,.F.,.F.,.F.,(4,4),(2,2),(0.,0.0550929492177),
(-0.416666666666667,0.416666666666667),.UNSPECIFIED.);
#49=B_SPLINE_SURFACE_WITH_KNOTS('',5,1,((#5737,#5738),(#5739,#5740),(#5741,
#5742),(#5743,#5744),(#5745,#5746),(#5747,#5748)),.UNSPECIFIED.,.F.,.F.,
 .F.,(6,6),(2,2),(0.,0.0389567232586),(-0.416666666666667,0.416666666666667),
 .UNSPECIFIED.);
#50=B_SPLINE_SURFACE_WITH_KNOTS('',5,1,((#5761,#5762),(#5763,#5764),(#5765,
#5766),(#5767,#5768),(#5769,#5770),(#5771,#5772)),.UNSPECIFIED.,.F.,.F.,
 .F.,(6,6),(2,2),(0.,0.0389567232523),(-0.416666666666667,0.416666666666667),
 .UNSPECIFIED.);
#51=B_SPLINE_SURFACE_WITH_KNOTS('',5,1,((#5789,#5790),(#5791,#5792),(#5793,
#5794),(#5795,#5796),(#5797,#5798),(#5799,#5800)),.UNSPECIFIED.,.F.,.F.,
 .F.,(6,6),(2,2),(0.,0.0389567232564),(-0.416666666666667,0.416666666666667),
 .UNSPECIFIED.);
#52=B_SPLINE_SURFACE_WITH_KNOTS('',5,1,((#5813,#5814),(#5815,#5816),(#5817,
#5818),(#5819,#5820),(#5821,#5822),(#5823,#5824)),.UNSPECIFIED.,.F.,.F.,
 .F.,(6,6),(2,2),(-0.0389567232555,0.),(-0.416666666666667,0.416666666666667),
 .UNSPECIFIED.);
#53=B_SPLINE_SURFACE_WITH_KNOTS('',5,1,((#5837,#5838),(#5839,#5840),(#5841,
#5842),(#5843,#5844),(#5845,#5846),(#5847,#5848)),.UNSPECIFIED.,.F.,.F.,
 .F.,(6,6),(2,2),(-0.0389567232564,0.),(-0.416666666666667,0.416666666666667),
 .UNSPECIFIED.);
#54=B_SPLINE_SURFACE_WITH_KNOTS('',5,1,((#5865,#5866),(#5867,#5868),(#5869,
#5870),(#5871,#5872),(#5873,#5874),(#5875,#5876)),.UNSPECIFIED.,.F.,.F.,
 .F.,(6,6),(2,2),(-0.0389567232523,0.),(-0.416666666666667,0.416666666666667),
 .UNSPECIFIED.);
#55=B_SPLINE_SURFACE_WITH_KNOTS('',5,1,((#5889,#5890),(#5891,#5892),(#5893,
#5894),(#5895,#5896),(#5897,#5898),(#5899,#5900)),.UNSPECIFIED.,.F.,.F.,
 .F.,(6,6),(2,2),(-0.0389567232586,0.),(-0.416666666666667,0.416666666666667),
 .UNSPECIFIED.);
#56=B_SPLINE_SURFACE_WITH_KNOTS('',5,1,((#5927,#5928),(#5929,#5930),(#5931,
#5932),(#5933,#5934),(#5935,#5936),(#5937,#5938)),.UNSPECIFIED.,.F.,.F.,
 .F.,(6,6),(2,2),(-1.66760569084,0.),(-0.416666666666667,0.416666666666667),
 .UNSPECIFIED.);
#57=B_SPLINE_SURFACE_WITH_KNOTS('',5,1,((#5983,#5984),(#5985,#5986),(#5987,
#5988),(#5989,#5990),(#5991,#5992),(#5993,#5994)),.UNSPECIFIED.,.F.,.F.,
 .F.,(6,6),(2,2),(0.,0.0389567232553),(-0.416666666666667,0.416666666666667),
 .UNSPECIFIED.);
#58=B_SPLINE_SURFACE_WITH_KNOTS('',5,1,((#6007,#6008),(#6009,#6010),(#6011,
#6012),(#6013,#6014),(#6015,#6016),(#6017,#6018)),.UNSPECIFIED.,.F.,.F.,
 .F.,(6,6),(2,2),(0.,0.0389567232585),(-0.416666666666667,0.416666666666667),
 .UNSPECIFIED.);
#59=B_SPLINE_SURFACE_WITH_KNOTS('',5,1,((#6035,#6036),(#6037,#6038),(#6039,
#6040),(#6041,#6042),(#6043,#6044),(#6045,#6046)),.UNSPECIFIED.,.F.,.F.,
 .F.,(6,6),(2,2),(0.,0.0389567232586),(-0.416666666666667,0.416666666666667),
 .UNSPECIFIED.);
#60=CONICAL_SURFACE('',#3194,2.,0.753151280962195);
#61=CONICAL_SURFACE('',#3198,2.,0.753151280962194);
#62=CONICAL_SURFACE('',#3202,1.99999987402346,0.753151221910698);
#63=CONICAL_SURFACE('',#3206,2.,0.753151280962194);
#64=CONICAL_SURFACE('',#3210,2.,0.753151280962194);
#65=CONICAL_SURFACE('',#3214,2.,0.753151280962194);
#66=FACE_BOUND('',#390,.T.);
#67=FACE_BOUND('',#400,.T.);
#68=FACE_BOUND('',#403,.T.);
#69=FACE_BOUND('',#406,.T.);
#70=FACE_BOUND('',#409,.T.);
#71=FACE_BOUND('',#412,.T.);
#72=FACE_BOUND('',#415,.T.);
#73=FACE_BOUND('',#419,.T.);
#74=FACE_BOUND('',#422,.T.);
#75=FACE_BOUND('',#425,.T.);
#76=FACE_BOUND('',#428,.T.);
#77=FACE_BOUND('',#431,.T.);
#78=FACE_BOUND('',#434,.T.);
#79=FACE_BOUND('',#436,.T.);
#80=FACE_BOUND('',#440,.T.);
#81=FACE_BOUND('',#445,.T.);
#82=FACE_BOUND('',#534,.T.);
#83=FACE_BOUND('',#535,.T.);
#84=FACE_BOUND('',#536,.T.);
#85=FACE_BOUND('',#537,.T.);
#86=FACE_BOUND('',#538,.T.);
#87=FACE_BOUND('',#539,.T.);
#88=FACE_BOUND('',#580,.T.);
#89=FACE_BOUND('',#581,.T.);
#90=FACE_BOUND('',#582,.T.);
#91=FACE_BOUND('',#583,.T.);
#92=FACE_BOUND('',#584,.T.);
#93=FACE_BOUND('',#585,.T.);
#94=B_SPLINE_CURVE_WITH_KNOTS('',3,(#4338,#4339,#4340,#4341,#4342,#4343),
 .UNSPECIFIED.,.F.,.F.,(4,2,4),(-0.00278261709065543,-0.0013913085455363,
0.),.UNSPECIFIED.);
#95=B_SPLINE_CURVE_WITH_KNOTS('',3,(#4347,#4348,#4349,#4350),
 .UNSPECIFIED.,.F.,.F.,(4,4),(-0.00278282249140792,0.),.UNSPECIFIED.);
#96=B_SPLINE_CURVE_WITH_KNOTS('',3,(#4356,#4357,#4358,#4359,#4360,#4361),
 .UNSPECIFIED.,.F.,.F.,(4,2,4),(-0.00278261708442765,-0.00139130854180935,
0.),.UNSPECIFIED.);
#97=B_SPLINE_CURVE_WITH_KNOTS('',3,(#4365,#4366,#4367,#4368,#4369,#4370),
 .UNSPECIFIED.,.F.,.F.,(4,2,4),(-0.00278261716165916,-0.00139130858061902,
0.),.UNSPECIFIED.);
#98=B_SPLINE_CURVE_WITH_KNOTS('',3,(#4376,#4377,#4378,#4379),
 .UNSPECIFIED.,.F.,.F.,(4,4),(-0.00278247877234911,0.),.UNSPECIFIED.);
#99=B_SPLINE_CURVE_WITH_KNOTS('',3,(#4383,#4384,#4385,#4386,#4387,#4388),
 .UNSPECIFIED.,.F.,.F.,(4,2,4),(-0.00278261716107578,-0.00139130858067731,
0.),.UNSPECIFIED.);
#100=B_SPLINE_CURVE_WITH_KNOTS('',3,(#4394,#4395,#4396,#4397,#4398,#4399),
 .UNSPECIFIED.,.F.,.F.,(4,2,4),(-0.00278261708617515,-0.00139130854315302,
0.),.UNSPECIFIED.);
#101=B_SPLINE_CURVE_WITH_KNOTS('',3,(#4403,#4404,#4405,#4406,#4407,#4408),
 .UNSPECIFIED.,.F.,.F.,(4,2,4),(-0.00278261715829548,-0.00139130857909013,
0.),.UNSPECIFIED.);
#102=B_SPLINE_CURVE_WITH_KNOTS('',3,(#4549,#4550,#4551,#4552),
 .UNSPECIFIED.,.F.,.F.,(4,4),(-0.0027828229872672,0.),.UNSPECIFIED.);
#103=B_SPLINE_CURVE_WITH_KNOTS('',3,(#4558,#4559,#4560,#4561,#4562,#4563),
 .UNSPECIFIED.,.F.,.F.,(4,2,4),(-0.00278261716049282,-0.00139130858045697,
0.),.UNSPECIFIED.);
#104=B_SPLINE_CURVE_WITH_KNOTS('',3,(#4567,#4568,#4569,#4570,#4571,#4572),
 .UNSPECIFIED.,.F.,.F.,(4,2,4),(-0.00278261708327658,-0.00139130854161845,
0.),.UNSPECIFIED.);
#105=B_SPLINE_CURVE_WITH_KNOTS('',3,(#4578,#4579,#4580,#4581),
 .UNSPECIFIED.,.F.,.F.,(4,4),(-0.00278247885959274,4.33680868994202E-19),
 .UNSPECIFIED.);
#106=B_SPLINE_CURVE_WITH_KNOTS('',3,(#4585,#4586,#4587,#4588,#4589,#4590),
 .UNSPECIFIED.,.F.,.F.,(4,2,4),(-0.00278261709181069,-0.00139130854569676,
0.),.UNSPECIFIED.);
#107=B_SPLINE_CURVE_WITH_KNOTS('',3,(#4603,#4604,#4605,#4606,#4607,#4608),
 .UNSPECIFIED.,.F.,.F.,(4,2,4),(-0.00278261715738556,-0.00139130857889115,
0.),.UNSPECIFIED.);
#108=B_SPLINE_CURVE_WITH_KNOTS('',3,(#4612,#4613,#4614,#4615,#4616,#4617),
 .UNSPECIFIED.,.F.,.F.,(4,2,4),(-0.00278261708703366,-0.00139130854332246,
0.),.UNSPECIFIED.);
#109=B_SPLINE_CURVE_WITH_KNOTS('',3,(#4622,#4623,#4624,#4625,#4626,#4627),
 .UNSPECIFIED.,.F.,.F.,(4,2,4),(-0.00278261716193268,-0.00139130858082695,
0.),.UNSPECIFIED.);
#110=B_SPLINE_CURVE_WITH_KNOTS('',3,(#4635,#4636,#4637,#4638,#4639,#4640),
 .UNSPECIFIED.,.F.,.F.,(4,2,4),(-0.00278261708864495,-0.00139130854430223,
0.),.UNSPECIFIED.);
#111=B_SPLINE_CURVE_WITH_KNOTS('',3,(#4652,#4653,#4654,#4655),
 .UNSPECIFIED.,.F.,.F.,(4,4),(-0.00278247893206672,0.),.UNSPECIFIED.);
#112=B_SPLINE_CURVE_WITH_KNOTS('',3,(#4659,#4660,#4661,#4662),
 .UNSPECIFIED.,.F.,.F.,(4,4),(-0.00278282280345843,0.),.UNSPECIFIED.);
#113=B_SPLINE_CURVE_WITH_KNOTS('',3,(#4668,#4669,#4670,#4671),
 .UNSPECIFIED.,.F.,.F.,(4,4),(-0.00278247883166239,0.),.UNSPECIFIED.);
#114=B_SPLINE_CURVE_WITH_KNOTS('',3,(#4675,#4676,#4677,#4678,#4679,#4680),
 .UNSPECIFIED.,.F.,.F.,(4,2,4),(-0.00278261715844971,-0.00139130857933951,
0.),.UNSPECIFIED.);
#115=B_SPLINE_CURVE_WITH_KNOTS('',3,(#4686,#4687,#4688,#4689),
 .UNSPECIFIED.,.F.,.F.,(4,4),(-0.00278247885882979,0.),.UNSPECIFIED.);
#116=B_SPLINE_CURVE_WITH_KNOTS('',3,(#4693,#4694,#4695,#4696,#4697,#4698),
 .UNSPECIFIED.,.F.,.F.,(4,2,4),(-0.002782617158805,-0.00139130857922618,
0.),.UNSPECIFIED.);
#117=B_SPLINE_CURVE_WITH_KNOTS('',3,(#4704,#4705,#4706,#4707,#4708,#4709),
 .UNSPECIFIED.,.F.,.F.,(4,2,4),(-0.00278261708796296,-0.00139130854429329,
0.),.UNSPECIFIED.);
#118=B_SPLINE_CURVE_WITH_KNOTS('',3,(#4713,#4714,#4715,#4716),
 .UNSPECIFIED.,.F.,.F.,(4,4),(-0.00278282272992994,0.),.UNSPECIFIED.);
#119=B_SPLINE_CURVE_WITH_KNOTS('',3,(#4737,#4738,#4739,#4740,#4741,#4742),
 .UNSPECIFIED.,.F.,.F.,(4,2,4),(-0.00278261708853255,-0.00139130854428652,
0.),.UNSPECIFIED.);
#120=B_SPLINE_CURVE_WITH_KNOTS('',3,(#4748,#4749,#4750,#4751),
 .UNSPECIFIED.,.F.,.F.,(4,4),(-0.00278247897734002,0.),.UNSPECIFIED.);
#121=B_SPLINE_CURVE_WITH_KNOTS('',3,(#4755,#4756,#4757,#4758,#4759,#4760),
 .UNSPECIFIED.,.F.,.F.,(4,2,4),(-0.0027826170891953,-0.0013913085444256,
0.),.UNSPECIFIED.);
#122=B_SPLINE_CURVE_WITH_KNOTS('',3,(#4766,#4767,#4768,#4769,#4770,#4771),
 .UNSPECIFIED.,.F.,.F.,(4,2,4),(-0.00278261715743897,-0.00139130857889661,
0.),.UNSPECIFIED.);
#123=B_SPLINE_CURVE_WITH_KNOTS('',3,(#4775,#4776,#4777,#4778),
 .UNSPECIFIED.,.F.,.F.,(4,4),(-0.00278282302412541,0.),.UNSPECIFIED.);
#124=B_SPLINE_CURVE_WITH_KNOTS('',3,(#4784,#4785,#4786,#4787,#4788,#4789),
 .UNSPECIFIED.,.F.,.F.,(4,2,4),(-0.00278261715908556,-0.00139130857942802,
0.),.UNSPECIFIED.);
#125=B_SPLINE_CURVE_WITH_KNOTS('',3,(#4793,#4794,#4795,#4796),
 .UNSPECIFIED.,.F.,.F.,(4,4),(-0.00278282285980624,0.),.UNSPECIFIED.);
#126=B_SPLINE_CURVE_WITH_KNOTS('',3,(#4802,#4803,#4804,#4805),
 .UNSPECIFIED.,.F.,.F.,(4,4),(-0.00278247891840297,0.),.UNSPECIFIED.);
#127=B_SPLINE_CURVE_WITH_KNOTS('',3,(#4809,#4810,#4811,#4812),
 .UNSPECIFIED.,.F.,.F.,(4,4),(-0.00278282286884683,0.),.UNSPECIFIED.);
#128=B_SPLINE_CURVE_WITH_KNOTS('',3,(#4844,#4845,#4846,#4847),
 .UNSPECIFIED.,.F.,.F.,(4,4),(0.,0.0550929492115498),.UNSPECIFIED.);
#129=B_SPLINE_CURVE_WITH_KNOTS('',3,(#4859,#4860,#4861,#4862),
 .UNSPECIFIED.,.F.,.F.,(4,4),(-0.0550929492115498,0.),.UNSPECIFIED.);
#130=B_SPLINE_CURVE_WITH_KNOTS('',3,(#4880,#4881,#4882,#4883),
 .UNSPECIFIED.,.F.,.F.,(4,4),(6.90331537077353E-14,0.0550929492222),
 .UNSPECIFIED.);
#131=B_SPLINE_CURVE_WITH_KNOTS('',3,(#4895,#4896,#4897,#4898),
 .UNSPECIFIED.,.F.,.F.,(4,4),(-0.0550929492222,-6.90331537077353E-14),
 .UNSPECIFIED.);
#132=B_SPLINE_CURVE_WITH_KNOTS('',3,(#4924,#4925,#4926,#4927),
 .UNSPECIFIED.,.F.,.F.,(4,4),(0.,0.0550929492098461),.UNSPECIFIED.);
#133=B_SPLINE_CURVE_WITH_KNOTS('',3,(#4939,#4940,#4941,#4942),
 .UNSPECIFIED.,.F.,.F.,(4,4),(-0.0550929492098461,0.),.UNSPECIFIED.);
#134=B_SPLINE_CURVE_WITH_KNOTS('',5,(#4964,#4965,#4966,#4967,#4968,#4969),
 .UNSPECIFIED.,.F.,.F.,(6,6),(0.,0.0389567232517),.UNSPECIFIED.);
#135=B_SPLINE_CURVE_WITH_KNOTS('',5,(#4985,#4986,#4987,#4988,#4989,#4990),
 .UNSPECIFIED.,.F.,.F.,(6,6),(-0.0389567232517,0.),.UNSPECIFIED.);
#136=B_SPLINE_CURVE_WITH_KNOTS('',3,(#5016,#5017,#5018,#5019),
 .UNSPECIFIED.,.F.,.F.,(4,4),(0.,0.0550929492131724),.UNSPECIFIED.);
#137=B_SPLINE_CURVE_WITH_KNOTS('',3,(#5031,#5032,#5033,#5034),
 .UNSPECIFIED.,.F.,.F.,(4,4),(-0.0550929492131724,0.),.UNSPECIFIED.);
#138=B_SPLINE_CURVE_WITH_KNOTS('',3,(#5052,#5053,#5054,#5055),
 .UNSPECIFIED.,.F.,.F.,(4,4),(6.46837884090573E-13,0.055092949214),
 .UNSPECIFIED.);
#139=B_SPLINE_CURVE_WITH_KNOTS('',3,(#5067,#5068,#5069,#5070),
 .UNSPECIFIED.,.F.,.F.,(4,4),(-0.055092949214,-6.46837884090573E-13),
 .UNSPECIFIED.);
#140=B_SPLINE_CURVE_WITH_KNOTS('',5,(#5100,#5101,#5102,#5103,#5104,#5105),
 .UNSPECIFIED.,.F.,.F.,(6,6),(0.,0.0389567232553),.UNSPECIFIED.);
#141=B_SPLINE_CURVE_WITH_KNOTS('',5,(#5121,#5122,#5123,#5124,#5125,#5126),
 .UNSPECIFIED.,.F.,.F.,(6,6),(-0.0389567232553,0.),.UNSPECIFIED.);
#142=B_SPLINE_CURVE_WITH_KNOTS('',3,(#5144,#5145,#5146,#5147),
 .UNSPECIFIED.,.F.,.F.,(4,4),(7.05062279891748E-14,0.0550929492265),
 .UNSPECIFIED.);
#143=B_SPLINE_CURVE_WITH_KNOTS('',3,(#5159,#5160,#5161,#5162),
 .UNSPECIFIED.,.F.,.F.,(4,4),(-0.0550929492265,-7.05062279891748E-14),
 .UNSPECIFIED.);
#144=B_SPLINE_CURVE_WITH_KNOTS('',5,(#5192,#5193,#5194,#5195,#5196,#5197),
 .UNSPECIFIED.,.F.,.F.,(6,6),(-0.0389567232585,0.),.UNSPECIFIED.);
#145=B_SPLINE_CURVE_WITH_KNOTS('',5,(#5214,#5215,#5216,#5217,#5218,#5219),
 .UNSPECIFIED.,.F.,.F.,(6,6),(0.,0.0389567232585),.UNSPECIFIED.);
#146=B_SPLINE_CURVE_WITH_KNOTS('',5,(#5242,#5243,#5244,#5245,#5246,#5247),
 .UNSPECIFIED.,.F.,.F.,(6,6),(-0.0389567232553,0.),.UNSPECIFIED.);
#147=B_SPLINE_CURVE_WITH_KNOTS('',5,(#5263,#5264,#5265,#5266,#5267,#5268),
 .UNSPECIFIED.,.F.,.F.,(6,6),(0.,0.0389567232553),.UNSPECIFIED.);
#148=B_SPLINE_CURVE_WITH_KNOTS('',5,(#5298,#5299,#5300,#5301,#5302,#5303),
 .UNSPECIFIED.,.F.,.F.,(6,6),(-0.0389567232497,0.),.UNSPECIFIED.);
#149=B_SPLINE_CURVE_WITH_KNOTS('',5,(#5319,#5320,#5321,#5322,#5323,#5324),
 .UNSPECIFIED.,.F.,.F.,(6,6),(0.,0.0389567232497),.UNSPECIFIED.);
#150=B_SPLINE_CURVE_WITH_KNOTS('',3,(#5342,#5343,#5344,#5345),
 .UNSPECIFIED.,.F.,.F.,(4,4),(-0.0550929492251,0.),.UNSPECIFIED.);
#151=B_SPLINE_CURVE_WITH_KNOTS('',3,(#5357,#5358,#5359,#5360),
 .UNSPECIFIED.,.F.,.F.,(4,4),(0.,0.0550929492251),.UNSPECIFIED.);
#152=B_SPLINE_CURVE_WITH_KNOTS('',5,(#5390,#5391,#5392,#5393,#5394,#5395),
 .UNSPECIFIED.,.F.,.F.,(6,6),(-0.0389567232517,0.),.UNSPECIFIED.);
#153=B_SPLINE_CURVE_WITH_KNOTS('',5,(#5411,#5412,#5413,#5414,#5415,#5416),
 .UNSPECIFIED.,.F.,.F.,(6,6),(0.,0.0389567232517),.UNSPECIFIED.);
#154=B_SPLINE_CURVE_WITH_KNOTS('',3,(#5434,#5435,#5436,#5437),
 .UNSPECIFIED.,.F.,.F.,(4,4),(-0.0550929492145612,0.),.UNSPECIFIED.);
#155=B_SPLINE_CURVE_WITH_KNOTS('',3,(#5449,#5450,#5451,#5452),
 .UNSPECIFIED.,.F.,.F.,(4,4),(0.,0.0550929492145612),.UNSPECIFIED.);
#156=B_SPLINE_CURVE_WITH_KNOTS('',3,(#5478,#5479,#5480,#5481),
 .UNSPECIFIED.,.F.,.F.,(4,4),(-0.0550929492222,-6.75397683223831E-14),
 .UNSPECIFIED.);
#157=B_SPLINE_CURVE_WITH_KNOTS('',3,(#5493,#5494,#5495,#5496),
 .UNSPECIFIED.,.F.,.F.,(4,4),(6.75397683223831E-14,0.0550929492222),
 .UNSPECIFIED.);
#158=B_SPLINE_CURVE_WITH_KNOTS('',5,(#5518,#5519,#5520,#5521,#5522,#5523),
 .UNSPECIFIED.,.F.,.F.,(6,6),(-0.0389567232564,0.),.UNSPECIFIED.);
#159=B_SPLINE_CURVE_WITH_KNOTS('',5,(#5539,#5540,#5541,#5542,#5543,#5544),
 .UNSPECIFIED.,.F.,.F.,(6,6),(0.,0.0389567232564),.UNSPECIFIED.);
#160=B_SPLINE_CURVE_WITH_KNOTS('',3,(#5570,#5571,#5572,#5573),
 .UNSPECIFIED.,.F.,.F.,(4,4),(-0.0550929492177,0.),.UNSPECIFIED.);
#161=B_SPLINE_CURVE_WITH_KNOTS('',3,(#5585,#5586,#5587,#5588),
 .UNSPECIFIED.,.F.,.F.,(4,4),(0.,0.0550929492177),.UNSPECIFIED.);
#162=B_SPLINE_CURVE_WITH_KNOTS('',5,(#5603,#5604,#5605,#5606,#5607,#5608),
 .UNSPECIFIED.,.F.,.F.,(6,6),(-0.0389567232586,0.),.UNSPECIFIED.);
#163=B_SPLINE_CURVE_WITH_KNOTS('',5,(#5612,#5613,#5614,#5615,#5616,#5617),
 .UNSPECIFIED.,.F.,.F.,(6,6),(-0.0389567232523,0.),.UNSPECIFIED.);
#164=B_SPLINE_CURVE_WITH_KNOTS('',5,(#5623,#5624,#5625,#5626,#5627,#5628),
 .UNSPECIFIED.,.F.,.F.,(6,6),(-0.0389567232564,0.),.UNSPECIFIED.);
#165=B_SPLINE_CURVE_WITH_KNOTS('',5,(#5632,#5633,#5634,#5635,#5636,#5637),
 .UNSPECIFIED.,.F.,.F.,(6,6),(0.,0.0389567232555),.UNSPECIFIED.);
#166=B_SPLINE_CURVE_WITH_KNOTS('',5,(#5641,#5642,#5643,#5644,#5645,#5646),
 .UNSPECIFIED.,.F.,.F.,(6,6),(0.,0.0389567232564),.UNSPECIFIED.);
#167=B_SPLINE_CURVE_WITH_KNOTS('',5,(#5652,#5653,#5654,#5655,#5656,#5657),
 .UNSPECIFIED.,.F.,.F.,(6,6),(0.,0.0389567232523),.UNSPECIFIED.);
#168=B_SPLINE_CURVE_WITH_KNOTS('',5,(#5660,#5661,#5662,#5663,#5664,#5665),
 .UNSPECIFIED.,.F.,.F.,(6,6),(0.,0.0389567232586),.UNSPECIFIED.);
#169=B_SPLINE_CURVE_WITH_KNOTS('',5,(#5677,#5678,#5679,#5680,#5681,#5682),
 .UNSPECIFIED.,.F.,.F.,(6,6),(0.,1.66760569084),.UNSPECIFIED.);
#170=B_SPLINE_CURVE_WITH_KNOTS('',5,(#5702,#5703,#5704,#5705,#5706,#5707),
 .UNSPECIFIED.,.F.,.F.,(6,6),(-0.0389567232553,0.),.UNSPECIFIED.);
#171=B_SPLINE_CURVE_WITH_KNOTS('',5,(#5711,#5712,#5713,#5714,#5715,#5716),
 .UNSPECIFIED.,.F.,.F.,(6,6),(-0.0389567232585,0.),.UNSPECIFIED.);
#172=B_SPLINE_CURVE_WITH_KNOTS('',5,(#5722,#5723,#5724,#5725,#5726,#5727),
 .UNSPECIFIED.,.F.,.F.,(6,6),(-0.0389567232586,0.),.UNSPECIFIED.);
#173=B_SPLINE_CURVE_WITH_KNOTS('',5,(#5750,#5751,#5752,#5753,#5754,#5755),
 .UNSPECIFIED.,.F.,.F.,(6,6),(0.,0.0389567232586),.UNSPECIFIED.);
#174=B_SPLINE_CURVE_WITH_KNOTS('',5,(#5774,#5775,#5776,#5777,#5778,#5779),
 .UNSPECIFIED.,.F.,.F.,(6,6),(0.,0.0389567232523),.UNSPECIFIED.);
#175=B_SPLINE_CURVE_WITH_KNOTS('',5,(#5802,#5803,#5804,#5805,#5806,#5807),
 .UNSPECIFIED.,.F.,.F.,(6,6),(0.,0.0389567232564),.UNSPECIFIED.);
#176=B_SPLINE_CURVE_WITH_KNOTS('',5,(#5826,#5827,#5828,#5829,#5830,#5831),
 .UNSPECIFIED.,.F.,.F.,(6,6),(-0.0389567232555,0.),.UNSPECIFIED.);
#177=B_SPLINE_CURVE_WITH_KNOTS('',5,(#5850,#5851,#5852,#5853,#5854,#5855),
 .UNSPECIFIED.,.F.,.F.,(6,6),(-0.0389567232564,0.),.UNSPECIFIED.);
#178=B_SPLINE_CURVE_WITH_KNOTS('',5,(#5878,#5879,#5880,#5881,#5882,#5883),
 .UNSPECIFIED.,.F.,.F.,(6,6),(-0.0389567232523,0.),.UNSPECIFIED.);
#179=B_SPLINE_CURVE_WITH_KNOTS('',5,(#5901,#5902,#5903,#5904,#5905,#5906),
 .UNSPECIFIED.,.F.,.F.,(6,6),(-0.0389567232586,0.),.UNSPECIFIED.);
#180=B_SPLINE_CURVE_WITH_KNOTS('',5,(#5940,#5941,#5942,#5943,#5944,#5945),
 .UNSPECIFIED.,.F.,.F.,(6,6),(-1.66760569084,0.),.UNSPECIFIED.);
#181=B_SPLINE_CURVE_WITH_KNOTS('',5,(#5996,#5997,#5998,#5999,#6000,#6001),
 .UNSPECIFIED.,.F.,.F.,(6,6),(0.,0.0389567232553),.UNSPECIFIED.);
#182=B_SPLINE_CURVE_WITH_KNOTS('',5,(#6020,#6021,#6022,#6023,#6024,#6025),
 .UNSPECIFIED.,.F.,.F.,(6,6),(0.,0.0389567232585),.UNSPECIFIED.);
#183=B_SPLINE_CURVE_WITH_KNOTS('',5,(#6048,#6049,#6050,#6051,#6052,#6053),
 .UNSPECIFIED.,.F.,.F.,(6,6),(0.,0.0389567232586),.UNSPECIFIED.);
#184=PLANE('',#3150);
#185=PLANE('',#3152);
#186=PLANE('',#3153);
#187=PLANE('',#3192);
#188=PLANE('',#3196);
#189=PLANE('',#3200);
#190=PLANE('',#3204);
#191=PLANE('',#3208);
#192=PLANE('',#3212);
#193=PLANE('',#3219);
#194=PLANE('',#3223);
#195=PLANE('',#3227);
#196=PLANE('',#3231);
#197=PLANE('',#3235);
#198=PLANE('',#3239);
#199=PLANE('',#3240);
#200=PLANE('',#3257);
#201=PLANE('',#3258);
#202=PLANE('',#3274);
#203=PLANE('',#3277);
#204=PLANE('',#3278);
#205=PLANE('',#3400);
#206=PLANE('',#3432);
#207=PLANE('',#3443);
#208=PLANE('',#3444);
#209=PLANE('',#3451);
#210=PLANE('',#3452);
#211=PLANE('',#3453);
#212=PLANE('',#3460);
#213=PLANE('',#3471);
#214=FACE_OUTER_BOUND('',#386,.T.);
#215=FACE_OUTER_BOUND('',#387,.T.);
#216=FACE_OUTER_BOUND('',#388,.T.);
#217=FACE_OUTER_BOUND('',#389,.T.);
#218=FACE_OUTER_BOUND('',#391,.T.);
#219=FACE_OUTER_BOUND('',#392,.T.);
#220=FACE_OUTER_BOUND('',#393,.T.);
#221=FACE_OUTER_BOUND('',#394,.T.);
#222=FACE_OUTER_BOUND('',#395,.T.);
#223=FACE_OUTER_BOUND('',#396,.T.);
#224=FACE_OUTER_BOUND('',#397,.T.);
#225=FACE_OUTER_BOUND('',#398,.T.);
#226=FACE_OUTER_BOUND('',#399,.T.);
#227=FACE_OUTER_BOUND('',#401,.T.);
#228=FACE_OUTER_BOUND('',#402,.T.);
#229=FACE_OUTER_BOUND('',#404,.T.);
#230=FACE_OUTER_BOUND('',#405,.T.);
#231=FACE_OUTER_BOUND('',#407,.T.);
#232=FACE_OUTER_BOUND('',#408,.T.);
#233=FACE_OUTER_BOUND('',#410,.T.);
#234=FACE_OUTER_BOUND('',#411,.T.);
#235=FACE_OUTER_BOUND('',#413,.T.);
#236=FACE_OUTER_BOUND('',#414,.T.);
#237=FACE_OUTER_BOUND('',#416,.T.);
#238=FACE_OUTER_BOUND('',#417,.T.);
#239=FACE_OUTER_BOUND('',#418,.T.);
#240=FACE_OUTER_BOUND('',#420,.T.);
#241=FACE_OUTER_BOUND('',#421,.T.);
#242=FACE_OUTER_BOUND('',#423,.T.);
#243=FACE_OUTER_BOUND('',#424,.T.);
#244=FACE_OUTER_BOUND('',#426,.T.);
#245=FACE_OUTER_BOUND('',#427,.T.);
#246=FACE_OUTER_BOUND('',#429,.T.);
#247=FACE_OUTER_BOUND('',#430,.T.);
#248=FACE_OUTER_BOUND('',#432,.T.);
#249=FACE_OUTER_BOUND('',#433,.T.);
#250=FACE_OUTER_BOUND('',#435,.T.);
#251=FACE_OUTER_BOUND('',#437,.T.);
#252=FACE_OUTER_BOUND('',#438,.T.);
#253=FACE_OUTER_BOUND('',#439,.T.);
#254=FACE_OUTER_BOUND('',#441,.T.);
#255=FACE_OUTER_BOUND('',#442,.T.);
#256=FACE_OUTER_BOUND('',#443,.T.);
#257=FACE_OUTER_BOUND('',#444,.T.);
#258=FACE_OUTER_BOUND('',#446,.T.);
#259=FACE_OUTER_BOUND('',#447,.T.);
#260=FACE_OUTER_BOUND('',#448,.T.);
#261=FACE_OUTER_BOUND('',#449,.T.);
#262=FACE_OUTER_BOUND('',#450,.T.);
#263=FACE_OUTER_BOUND('',#451,.T.);
#264=FACE_OUTER_BOUND('',#452,.T.);
#265=FACE_OUTER_BOUND('',#453,.T.);
#266=FACE_OUTER_BOUND('',#454,.T.);
#267=FACE_OUTER_BOUND('',#455,.T.);
#268=FACE_OUTER_BOUND('',#456,.T.);
#269=FACE_OUTER_BOUND('',#457,.T.);
#270=FACE_OUTER_BOUND('',#458,.T.);
#271=FACE_OUTER_BOUND('',#459,.T.);
#272=FACE_OUTER_BOUND('',#460,.T.);
#273=FACE_OUTER_BOUND('',#461,.T.);
#274=FACE_OUTER_BOUND('',#462,.T.);
#275=FACE_OUTER_BOUND('',#463,.T.);
#276=FACE_OUTER_BOUND('',#464,.T.);
#277=FACE_OUTER_BOUND('',#465,.T.);
#278=FACE_OUTER_BOUND('',#466,.T.);
#279=FACE_OUTER_BOUND('',#467,.T.);
#280=FACE_OUTER_BOUND('',#468,.T.);
#281=FACE_OUTER_BOUND('',#469,.T.);
#282=FACE_OUTER_BOUND('',#470,.T.);
#283=FACE_OUTER_BOUND('',#471,.T.);
#284=FACE_OUTER_BOUND('',#472,.T.);
#285=FACE_OUTER_BOUND('',#473,.T.);
#286=FACE_OUTER_BOUND('',#474,.T.);
#287=FACE_OUTER_BOUND('',#475,.T.);
#288=FACE_OUTER_BOUND('',#476,.T.);
#289=FACE_OUTER_BOUND('',#477,.T.);
#290=FACE_OUTER_BOUND('',#478,.T.);
#291=FACE_OUTER_BOUND('',#479,.T.);
#292=FACE_OUTER_BOUND('',#480,.T.);
#293=FACE_OUTER_BOUND('',#481,.T.);
#294=FACE_OUTER_BOUND('',#482,.T.);
#295=FACE_OUTER_BOUND('',#483,.T.);
#296=FACE_OUTER_BOUND('',#484,.T.);
#297=FACE_OUTER_BOUND('',#485,.T.);
#298=FACE_OUTER_BOUND('',#486,.T.);
#299=FACE_OUTER_BOUND('',#487,.T.);
#300=FACE_OUTER_BOUND('',#488,.T.);
#301=FACE_OUTER_BOUND('',#489,.T.);
#302=FACE_OUTER_BOUND('',#490,.T.);
#303=FACE_OUTER_BOUND('',#491,.T.);
#304=FACE_OUTER_BOUND('',#492,.T.);
#305=FACE_OUTER_BOUND('',#493,.T.);
#306=FACE_OUTER_BOUND('',#494,.T.);
#307=FACE_OUTER_BOUND('',#495,.T.);
#308=FACE_OUTER_BOUND('',#496,.T.);
#309=FACE_OUTER_BOUND('',#497,.T.);
#310=FACE_OUTER_BOUND('',#498,.T.);
#311=FACE_OUTER_BOUND('',#499,.T.);
#312=FACE_OUTER_BOUND('',#500,.T.);
#313=FACE_OUTER_BOUND('',#501,.T.);
#314=FACE_OUTER_BOUND('',#502,.T.);
#315=FACE_OUTER_BOUND('',#503,.T.);
#316=FACE_OUTER_BOUND('',#504,.T.);
#317=FACE_OUTER_BOUND('',#505,.T.);
#318=FACE_OUTER_BOUND('',#506,.T.);
#319=FACE_OUTER_BOUND('',#507,.T.);
#320=FACE_OUTER_BOUND('',#508,.T.);
#321=FACE_OUTER_BOUND('',#509,.T.);
#322=FACE_OUTER_BOUND('',#510,.T.);
#323=FACE_OUTER_BOUND('',#511,.T.);
#324=FACE_OUTER_BOUND('',#512,.T.);
#325=FACE_OUTER_BOUND('',#513,.T.);
#326=FACE_OUTER_BOUND('',#514,.T.);
#327=FACE_OUTER_BOUND('',#515,.T.);
#328=FACE_OUTER_BOUND('',#516,.T.);
#329=FACE_OUTER_BOUND('',#517,.T.);
#330=FACE_OUTER_BOUND('',#518,.T.);
#331=FACE_OUTER_BOUND('',#519,.T.);
#332=FACE_OUTER_BOUND('',#520,.T.);
#333=FACE_OUTER_BOUND('',#521,.T.);
#334=FACE_OUTER_BOUND('',#522,.T.);
#335=FACE_OUTER_BOUND('',#523,.T.);
#336=FACE_OUTER_BOUND('',#524,.T.);
#337=FACE_OUTER_BOUND('',#525,.T.);
#338=FACE_OUTER_BOUND('',#526,.T.);
#339=FACE_OUTER_BOUND('',#527,.T.);
#340=FACE_OUTER_BOUND('',#528,.T.);
#341=FACE_OUTER_BOUND('',#529,.T.);
#342=FACE_OUTER_BOUND('',#530,.T.);
#343=FACE_OUTER_BOUND('',#531,.T.);
#344=FACE_OUTER_BOUND('',#532,.T.);
#345=FACE_OUTER_BOUND('',#533,.T.);
#346=FACE_OUTER_BOUND('',#540,.T.);
#347=FACE_OUTER_BOUND('',#541,.T.);
#348=FACE_OUTER_BOUND('',#542,.T.);
#349=FACE_OUTER_BOUND('',#543,.T.);
#350=FACE_OUTER_BOUND('',#544,.T.);
#351=FACE_OUTER_BOUND('',#545,.T.);
#352=FACE_OUTER_BOUND('',#546,.T.);
#353=FACE_OUTER_BOUND('',#547,.T.);
#354=FACE_OUTER_BOUND('',#548,.T.);
#355=FACE_OUTER_BOUND('',#549,.T.);
#356=FACE_OUTER_BOUND('',#550,.T.);
#357=FACE_OUTER_BOUND('',#551,.T.);
#358=FACE_OUTER_BOUND('',#552,.T.);
#359=FACE_OUTER_BOUND('',#553,.T.);
#360=FACE_OUTER_BOUND('',#554,.T.);
#361=FACE_OUTER_BOUND('',#555,.T.);
#362=FACE_OUTER_BOUND('',#556,.T.);
#363=FACE_OUTER_BOUND('',#557,.T.);
#364=FACE_OUTER_BOUND('',#558,.T.);
#365=FACE_OUTER_BOUND('',#559,.T.);
#366=FACE_OUTER_BOUND('',#560,.T.);
#367=FACE_OUTER_BOUND('',#561,.T.);
#368=FACE_OUTER_BOUND('',#562,.T.);
#369=FACE_OUTER_BOUND('',#563,.T.);
#370=FACE_OUTER_BOUND('',#564,.T.);
#371=FACE_OUTER_BOUND('',#565,.T.);
#372=FACE_OUTER_BOUND('',#566,.T.);
#373=FACE_OUTER_BOUND('',#567,.T.);
#374=FACE_OUTER_BOUND('',#568,.T.);
#375=FACE_OUTER_BOUND('',#569,.T.);
#376=FACE_OUTER_BOUND('',#570,.T.);
#377=FACE_OUTER_BOUND('',#571,.T.);
#378=FACE_OUTER_BOUND('',#572,.T.);
#379=FACE_OUTER_BOUND('',#573,.T.);
#380=FACE_OUTER_BOUND('',#574,.T.);
#381=FACE_OUTER_BOUND('',#575,.T.);
#382=FACE_OUTER_BOUND('',#576,.T.);
#383=FACE_OUTER_BOUND('',#577,.T.);
#384=FACE_OUTER_BOUND('',#578,.T.);
#385=FACE_OUTER_BOUND('',#579,.T.);
#386=EDGE_LOOP('',(#1930,#1931,#1932,#1933));
#387=EDGE_LOOP('',(#1934,#1935,#1936,#1937));
#388=EDGE_LOOP('',(#1938,#1939,#1940,#1941,#1942,#1943));
#389=EDGE_LOOP('',(#1944,#1945,#1946,#1947,#1948,#1949,#1950,#1951,#1952,
#1953,#1954,#1955,#1956,#1957,#1958,#1959,#1960,#1961,#1962,#1963,#1964,
#1965,#1966,#1967,#1968));
#390=EDGE_LOOP('',(#1969));
#391=EDGE_LOOP('',(#1970,#1971,#1972,#1973));
#392=EDGE_LOOP('',(#1974,#1975,#1976,#1977));
#393=EDGE_LOOP('',(#1978,#1979,#1980,#1981));
#394=EDGE_LOOP('',(#1982,#1983,#1984,#1985));
#395=EDGE_LOOP('',(#1986,#1987,#1988,#1989));
#396=EDGE_LOOP('',(#1990,#1991,#1992,#1993));
#397=EDGE_LOOP('',(#1994,#1995,#1996,#1997));
#398=EDGE_LOOP('',(#1998,#1999,#2000,#2001));
#399=EDGE_LOOP('',(#2002));
#400=EDGE_LOOP('',(#2003));
#401=EDGE_LOOP('',(#2004,#2005,#2006,#2007));
#402=EDGE_LOOP('',(#2008));
#403=EDGE_LOOP('',(#2009));
#404=EDGE_LOOP('',(#2010,#2011,#2012,#2013));
#405=EDGE_LOOP('',(#2014));
#406=EDGE_LOOP('',(#2015));
#407=EDGE_LOOP('',(#2016,#2017,#2018,#2019));
#408=EDGE_LOOP('',(#2020));
#409=EDGE_LOOP('',(#2021));
#410=EDGE_LOOP('',(#2022,#2023,#2024,#2025));
#411=EDGE_LOOP('',(#2026));
#412=EDGE_LOOP('',(#2027));
#413=EDGE_LOOP('',(#2028,#2029,#2030,#2031));
#414=EDGE_LOOP('',(#2032));
#415=EDGE_LOOP('',(#2033));
#416=EDGE_LOOP('',(#2034,#2035,#2036,#2037));
#417=EDGE_LOOP('',(#2038,#2039,#2040,#2041));
#418=EDGE_LOOP('',(#2042));
#419=EDGE_LOOP('',(#2043));
#420=EDGE_LOOP('',(#2044,#2045,#2046,#2047));
#421=EDGE_LOOP('',(#2048));
#422=EDGE_LOOP('',(#2049));
#423=EDGE_LOOP('',(#2050,#2051,#2052,#2053));
#424=EDGE_LOOP('',(#2054));
#425=EDGE_LOOP('',(#2055));
#426=EDGE_LOOP('',(#2056,#2057,#2058,#2059));
#427=EDGE_LOOP('',(#2060));
#428=EDGE_LOOP('',(#2061));
#429=EDGE_LOOP('',(#2062,#2063,#2064,#2065));
#430=EDGE_LOOP('',(#2066));
#431=EDGE_LOOP('',(#2067));
#432=EDGE_LOOP('',(#2068,#2069,#2070,#2071));
#433=EDGE_LOOP('',(#2072));
#434=EDGE_LOOP('',(#2073));
#435=EDGE_LOOP('',(#2074,#2075,#2076,#2077,#2078,#2079,#2080,#2081,#2082,
#2083,#2084,#2085,#2086,#2087,#2088,#2089,#2090,#2091,#2092,#2093,#2094,
#2095,#2096,#2097,#2098));
#436=EDGE_LOOP('',(#2099));
#437=EDGE_LOOP('',(#2100,#2101,#2102,#2103));
#438=EDGE_LOOP('',(#2104,#2105,#2106,#2107,#2108,#2109));
#439=EDGE_LOOP('',(#2110,#2111,#2112,#2113,#2114,#2115,#2116,#2117,#2118,
#2119,#2120,#2121,#2122,#2123,#2124,#2125,#2126,#2127,#2128,#2129,#2130,
#2131,#2132,#2133,#2134,#2135));
#440=EDGE_LOOP('',(#2136));
#441=EDGE_LOOP('',(#2137,#2138,#2139,#2140));
#442=EDGE_LOOP('',(#2141,#2142,#2143,#2144));
#443=EDGE_LOOP('',(#2145,#2146,#2147,#2148));
#444=EDGE_LOOP('',(#2149,#2150,#2151,#2152,#2153,#2154,#2155,#2156,#2157,
#2158,#2159,#2160,#2161,#2162,#2163,#2164,#2165,#2166,#2167,#2168,#2169,
#2170,#2171,#2172,#2173,#2174));
#445=EDGE_LOOP('',(#2175));
#446=EDGE_LOOP('',(#2176,#2177,#2178,#2179));
#447=EDGE_LOOP('',(#2180,#2181,#2182,#2183));
#448=EDGE_LOOP('',(#2184,#2185,#2186,#2187));
#449=EDGE_LOOP('',(#2188,#2189,#2190,#2191));
#450=EDGE_LOOP('',(#2192,#2193,#2194,#2195));
#451=EDGE_LOOP('',(#2196,#2197,#2198,#2199));
#452=EDGE_LOOP('',(#2200,#2201,#2202,#2203));
#453=EDGE_LOOP('',(#2204,#2205,#2206,#2207));
#454=EDGE_LOOP('',(#2208,#2209,#2210,#2211));
#455=EDGE_LOOP('',(#2212,#2213,#2214,#2215));
#456=EDGE_LOOP('',(#2216,#2217,#2218,#2219));
#457=EDGE_LOOP('',(#2220,#2221,#2222,#2223));
#458=EDGE_LOOP('',(#2224,#2225,#2226,#2227));
#459=EDGE_LOOP('',(#2228,#2229,#2230,#2231));
#460=EDGE_LOOP('',(#2232,#2233,#2234,#2235));
#461=EDGE_LOOP('',(#2236,#2237,#2238,#2239));
#462=EDGE_LOOP('',(#2240,#2241,#2242,#2243));
#463=EDGE_LOOP('',(#2244,#2245,#2246,#2247));
#464=EDGE_LOOP('',(#2248,#2249,#2250,#2251));
#465=EDGE_LOOP('',(#2252,#2253,#2254,#2255));
#466=EDGE_LOOP('',(#2256,#2257,#2258,#2259));
#467=EDGE_LOOP('',(#2260,#2261,#2262,#2263));
#468=EDGE_LOOP('',(#2264,#2265,#2266,#2267));
#469=EDGE_LOOP('',(#2268,#2269,#2270,#2271));
#470=EDGE_LOOP('',(#2272,#2273,#2274,#2275));
#471=EDGE_LOOP('',(#2276,#2277,#2278,#2279));
#472=EDGE_LOOP('',(#2280,#2281,#2282,#2283));
#473=EDGE_LOOP('',(#2284,#2285,#2286,#2287));
#474=EDGE_LOOP('',(#2288,#2289,#2290,#2291));
#475=EDGE_LOOP('',(#2292,#2293,#2294,#2295));
#476=EDGE_LOOP('',(#2296,#2297,#2298,#2299));
#477=EDGE_LOOP('',(#2300,#2301,#2302,#2303));
#478=EDGE_LOOP('',(#2304,#2305,#2306,#2307));
#479=EDGE_LOOP('',(#2308,#2309,#2310,#2311));
#480=EDGE_LOOP('',(#2312,#2313,#2314,#2315));
#481=EDGE_LOOP('',(#2316,#2317,#2318,#2319));
#482=EDGE_LOOP('',(#2320,#2321,#2322,#2323));
#483=EDGE_LOOP('',(#2324,#2325,#2326,#2327));
#484=EDGE_LOOP('',(#2328,#2329,#2330,#2331));
#485=EDGE_LOOP('',(#2332,#2333,#2334,#2335));
#486=EDGE_LOOP('',(#2336,#2337,#2338,#2339));
#487=EDGE_LOOP('',(#2340,#2341,#2342,#2343));
#488=EDGE_LOOP('',(#2344,#2345,#2346,#2347,#2348,#2349,#2350,#2351));
#489=EDGE_LOOP('',(#2352,#2353,#2354,#2355));
#490=EDGE_LOOP('',(#2356,#2357,#2358,#2359));
#491=EDGE_LOOP('',(#2360,#2361,#2362,#2363));
#492=EDGE_LOOP('',(#2364,#2365,#2366,#2367));
#493=EDGE_LOOP('',(#2368,#2369,#2370,#2371));
#494=EDGE_LOOP('',(#2372,#2373,#2374,#2375));
#495=EDGE_LOOP('',(#2376,#2377,#2378,#2379));
#496=EDGE_LOOP('',(#2380,#2381,#2382,#2383));
#497=EDGE_LOOP('',(#2384,#2385,#2386,#2387));
#498=EDGE_LOOP('',(#2388,#2389,#2390,#2391));
#499=EDGE_LOOP('',(#2392,#2393,#2394,#2395));
#500=EDGE_LOOP('',(#2396,#2397,#2398,#2399));
#501=EDGE_LOOP('',(#2400,#2401,#2402,#2403));
#502=EDGE_LOOP('',(#2404,#2405,#2406,#2407));
#503=EDGE_LOOP('',(#2408,#2409,#2410,#2411));
#504=EDGE_LOOP('',(#2412,#2413,#2414,#2415));
#505=EDGE_LOOP('',(#2416,#2417,#2418,#2419));
#506=EDGE_LOOP('',(#2420,#2421,#2422,#2423));
#507=EDGE_LOOP('',(#2424,#2425,#2426,#2427));
#508=EDGE_LOOP('',(#2428,#2429,#2430,#2431));
#509=EDGE_LOOP('',(#2432,#2433,#2434,#2435));
#510=EDGE_LOOP('',(#2436,#2437,#2438,#2439));
#511=EDGE_LOOP('',(#2440,#2441,#2442,#2443));
#512=EDGE_LOOP('',(#2444,#2445,#2446,#2447));
#513=EDGE_LOOP('',(#2448,#2449,#2450,#2451));
#514=EDGE_LOOP('',(#2452,#2453,#2454,#2455));
#515=EDGE_LOOP('',(#2456,#2457,#2458,#2459));
#516=EDGE_LOOP('',(#2460,#2461,#2462,#2463));
#517=EDGE_LOOP('',(#2464,#2465,#2466,#2467));
#518=EDGE_LOOP('',(#2468,#2469,#2470,#2471));
#519=EDGE_LOOP('',(#2472,#2473,#2474,#2475));
#520=EDGE_LOOP('',(#2476,#2477,#2478,#2479));
#521=EDGE_LOOP('',(#2480,#2481,#2482,#2483));
#522=EDGE_LOOP('',(#2484,#2485,#2486,#2487));
#523=EDGE_LOOP('',(#2488,#2489,#2490,#2491));
#524=EDGE_LOOP('',(#2492,#2493,#2494,#2495));
#525=EDGE_LOOP('',(#2496,#2497,#2498,#2499));
#526=EDGE_LOOP('',(#2500,#2501,#2502,#2503));
#527=EDGE_LOOP('',(#2504,#2505,#2506,#2507));
#528=EDGE_LOOP('',(#2508,#2509,#2510,#2511));
#529=EDGE_LOOP('',(#2512,#2513,#2514,#2515));
#530=EDGE_LOOP('',(#2516,#2517,#2518,#2519));
#531=EDGE_LOOP('',(#2520,#2521,#2522,#2523));
#532=EDGE_LOOP('',(#2524,#2525,#2526,#2527));
#533=EDGE_LOOP('',(#2528,#2529,#2530,#2531,#2532,#2533,#2534,#2535,#2536,
#2537,#2538,#2539,#2540,#2541,#2542,#2543,#2544,#2545,#2546,#2547,#2548,
#2549,#2550,#2551,#2552,#2553,#2554,#2555,#2556,#2557,#2558,#2559,#2560,
#2561,#2562,#2563,#2564,#2565,#2566,#2567,#2568,#2569,#2570,#2571,#2572,
#2573,#2574,#2575,#2576,#2577,#2578,#2579,#2580,#2581,#2582,#2583,#2584,
#2585,#2586,#2587,#2588,#2589,#2590,#2591,#2592,#2593,#2594,#2595,#2596,
#2597,#2598,#2599,#2600,#2601,#2602,#2603,#2604,#2605,#2606,#2607,#2608,
#2609,#2610));
#534=EDGE_LOOP('',(#2611));
#535=EDGE_LOOP('',(#2612));
#536=EDGE_LOOP('',(#2613));
#537=EDGE_LOOP('',(#2614));
#538=EDGE_LOOP('',(#2615));
#539=EDGE_LOOP('',(#2616));
#540=EDGE_LOOP('',(#2617,#2618,#2619,#2620,#2621,#2622,#2623,#2624));
#541=EDGE_LOOP('',(#2625,#2626,#2627,#2628));
#542=EDGE_LOOP('',(#2629,#2630,#2631,#2632));
#543=EDGE_LOOP('',(#2633,#2634,#2635,#2636));
#544=EDGE_LOOP('',(#2637,#2638,#2639,#2640));
#545=EDGE_LOOP('',(#2641,#2642,#2643,#2644));
#546=EDGE_LOOP('',(#2645,#2646,#2647,#2648));
#547=EDGE_LOOP('',(#2649,#2650,#2651,#2652));
#548=EDGE_LOOP('',(#2653,#2654,#2655,#2656));
#549=EDGE_LOOP('',(#2657,#2658,#2659,#2660));
#550=EDGE_LOOP('',(#2661,#2662,#2663,#2664));
#551=EDGE_LOOP('',(#2665,#2666,#2667,#2668));
#552=EDGE_LOOP('',(#2669,#2670,#2671,#2672));
#553=EDGE_LOOP('',(#2673,#2674,#2675,#2676));
#554=EDGE_LOOP('',(#2677,#2678,#2679,#2680));
#555=EDGE_LOOP('',(#2681,#2682,#2683,#2684));
#556=EDGE_LOOP('',(#2685,#2686,#2687,#2688));
#557=EDGE_LOOP('',(#2689,#2690,#2691,#2692,#2693,#2694));
#558=EDGE_LOOP('',(#2695,#2696,#2697,#2698));
#559=EDGE_LOOP('',(#2699,#2700,#2701,#2702));
#560=EDGE_LOOP('',(#2703,#2704,#2705,#2706));
#561=EDGE_LOOP('',(#2707,#2708,#2709,#2710));
#562=EDGE_LOOP('',(#2711,#2712,#2713,#2714));
#563=EDGE_LOOP('',(#2715,#2716,#2717,#2718));
#564=EDGE_LOOP('',(#2719,#2720,#2721,#2722));
#565=EDGE_LOOP('',(#2723,#2724,#2725,#2726));
#566=EDGE_LOOP('',(#2727,#2728,#2729,#2730));
#567=EDGE_LOOP('',(#2731,#2732,#2733,#2734));
#568=EDGE_LOOP('',(#2735,#2736,#2737,#2738));
#569=EDGE_LOOP('',(#2739,#2740,#2741,#2742));
#570=EDGE_LOOP('',(#2743,#2744,#2745,#2746));
#571=EDGE_LOOP('',(#2747,#2748,#2749,#2750));
#572=EDGE_LOOP('',(#2751,#2752,#2753,#2754));
#573=EDGE_LOOP('',(#2755,#2756,#2757,#2758));
#574=EDGE_LOOP('',(#2759,#2760,#2761,#2762));
#575=EDGE_LOOP('',(#2763,#2764,#2765,#2766));
#576=EDGE_LOOP('',(#2767,#2768,#2769,#2770));
#577=EDGE_LOOP('',(#2771,#2772,#2773,#2774));
#578=EDGE_LOOP('',(#2775,#2776,#2777,#2778,#2779,#2780));
#579=EDGE_LOOP('',(#2781,#2782,#2783,#2784,#2785,#2786,#2787,#2788,#2789,
#2790,#2791,#2792,#2793,#2794,#2795,#2796,#2797,#2798,#2799,#2800,#2801,
#2802,#2803,#2804,#2805,#2806,#2807,#2808,#2809,#2810,#2811,#2812,#2813,
#2814,#2815,#2816,#2817,#2818,#2819,#2820,#2821,#2822,#2823,#2824,#2825,
#2826,#2827,#2828,#2829,#2830,#2831,#2832,#2833,#2834,#2835,#2836,#2837,
#2838,#2839,#2840,#2841,#2842,#2843,#2844,#2845,#2846,#2847,#2848,#2849,
#2850,#2851,#2852,#2853,#2854,#2855,#2856,#2857,#2858,#2859,#2860,#2861,
#2862,#2863));
#580=EDGE_LOOP('',(#2864));
#581=EDGE_LOOP('',(#2865));
#582=EDGE_LOOP('',(#2866));
#583=EDGE_LOOP('',(#2867));
#584=EDGE_LOOP('',(#2868));
#585=EDGE_LOOP('',(#2869));
#586=CIRCLE('',#3148,3.1);
#587=CIRCLE('',#3149,3.1);
#588=CIRCLE('',#3151,1.50000000001911);
#589=CIRCLE('',#3154,3.57142607394881);
#590=CIRCLE('',#3155,3.57142932023274);
#591=CIRCLE('',#3156,6.28657708703644);
#592=CIRCLE('',#3157,3.57142927578658);
#593=CIRCLE('',#3158,3.57142932084407);
#594=CIRCLE('',#3159,6.28657702171792);
#595=CIRCLE('',#3160,3.57142927701031);
#596=CIRCLE('',#3161,3.57142932042618);
#597=CIRCLE('',#3162,6.28657700906105);
#598=CIRCLE('',#3163,3.57142927573746);
#599=CIRCLE('',#3164,3.57142931938633);
#600=CIRCLE('',#3165,6.28657701837621);
#601=CIRCLE('',#3166,3.57142927621382);
#602=CIRCLE('',#3167,3.57142321054486);
#603=CIRCLE('',#3168,0.9);
#604=CIRCLE('',#3170,0.9);
#605=CIRCLE('',#3171,0.9);
#606=CIRCLE('',#3173,0.9);
#607=CIRCLE('',#3174,0.9);
#608=CIRCLE('',#3176,0.9);
#609=CIRCLE('',#3177,0.9);
#610=CIRCLE('',#3179,0.9);
#611=CIRCLE('',#3180,0.9);
#612=CIRCLE('',#3182,0.9);
#613=CIRCLE('',#3184,0.9);
#614=CIRCLE('',#3185,0.9);
#615=CIRCLE('',#3187,0.9);
#616=CIRCLE('',#3188,0.9);
#617=CIRCLE('',#3190,0.9);
#618=CIRCLE('',#3191,0.9);
#619=CIRCLE('',#3193,1.25);
#620=CIRCLE('',#3195,2.);
#621=CIRCLE('',#3197,1.25);
#622=CIRCLE('',#3199,2.);
#623=CIRCLE('',#3201,1.25);
#624=CIRCLE('',#3203,2.00000000000002);
#625=CIRCLE('',#3205,1.25);
#626=CIRCLE('',#3207,2.);
#627=CIRCLE('',#3209,1.25);
#628=CIRCLE('',#3211,2.);
#629=CIRCLE('',#3213,1.25);
#630=CIRCLE('',#3215,2.);
#631=CIRCLE('',#3217,2.75);
#632=CIRCLE('',#3218,2.75);
#633=CIRCLE('',#3221,2.75);
#634=CIRCLE('',#3222,2.75);
#635=CIRCLE('',#3225,2.75);
#636=CIRCLE('',#3226,2.75);
#637=CIRCLE('',#3229,2.75);
#638=CIRCLE('',#3230,2.75);
#639=CIRCLE('',#3233,2.75);
#640=CIRCLE('',#3234,2.75);
#641=CIRCLE('',#3237,2.75);
#642=CIRCLE('',#3238,2.75);
#643=CIRCLE('',#3241,6.28657700906105);
#644=CIRCLE('',#3242,3.57142932042618);
#645=CIRCLE('',#3243,3.57142927701031);
#646=CIRCLE('',#3244,6.28657702171792);
#647=CIRCLE('',#3245,3.57142932084407);
#648=CIRCLE('',#3246,3.57142927578658);
#649=CIRCLE('',#3247,6.28657708703644);
#650=CIRCLE('',#3248,3.57142932023274);
#651=CIRCLE('',#3249,3.57142607394881);
#652=CIRCLE('',#3250,1.50000000001911);
#653=CIRCLE('',#3251,3.57142321054486);
#654=CIRCLE('',#3252,3.57142927621382);
#655=CIRCLE('',#3253,6.28657701837621);
#656=CIRCLE('',#3254,3.57142931938633);
#657=CIRCLE('',#3255,3.57142927573746);
#658=CIRCLE('',#3259,6.2859638872463);
#659=CIRCLE('',#3260,1.5);
#660=CIRCLE('',#3261,3.57142932036846);
#661=CIRCLE('',#3262,6.28657707681994);
#662=CIRCLE('',#3263,3.57142927588522);
#663=CIRCLE('',#3264,3.57142932047053);
#664=CIRCLE('',#3265,6.28657707220982);
#665=CIRCLE('',#3266,3.57142927572647);
#666=CIRCLE('',#3267,3.57142932022997);
#667=CIRCLE('',#3268,6.28657707625546);
#668=CIRCLE('',#3269,3.57142927571785);
#669=CIRCLE('',#3270,3.57142932016238);
#670=CIRCLE('',#3271,6.28657692995538);
#671=CIRCLE('',#3272,3.57142927569672);
#672=CIRCLE('',#3273,3.57142932058759);
#673=CIRCLE('',#3276,1.5);
#674=CIRCLE('',#3279,3.57142932058759);
#675=CIRCLE('',#3280,3.57142927569672);
#676=CIRCLE('',#3281,6.28657692995538);
#677=CIRCLE('',#3282,3.57142932016238);
#678=CIRCLE('',#3283,3.57142927571785);
#679=CIRCLE('',#3284,6.28657707625546);
#680=CIRCLE('',#3285,3.57142932022997);
#681=CIRCLE('',#3286,3.57142927572647);
#682=CIRCLE('',#3287,6.28657707220982);
#683=CIRCLE('',#3288,3.57142932047053);
#684=CIRCLE('',#3289,3.57142927588522);
#685=CIRCLE('',#3290,6.28657707681994);
#686=CIRCLE('',#3291,3.57142932036846);
#687=CIRCLE('',#3292,6.2859638872463);
#688=CIRCLE('',#3294,3.57142321054486);
#689=CIRCLE('',#3296,3.57142321054486);
#690=CIRCLE('',#3298,3.57142927621382);
#691=CIRCLE('',#3300,3.57142927621382);
#692=CIRCLE('',#3302,6.28657701837621);
#693=CIRCLE('',#3304,6.28657701837621);
#694=CIRCLE('',#3306,3.57142931938633);
#695=CIRCLE('',#3308,3.57142931938633);
#696=CIRCLE('',#3310,3.57142927573746);
#697=CIRCLE('',#3312,3.57142927573746);
#698=CIRCLE('',#3314,6.28657700906105);
#699=CIRCLE('',#3316,6.28657700906105);
#700=CIRCLE('',#3318,3.57142932042618);
#701=CIRCLE('',#3320,3.57142932042618);
#702=CIRCLE('',#3322,3.57142927701031);
#703=CIRCLE('',#3324,3.57142927701031);
#704=CIRCLE('',#3326,6.28657702171792);
#705=CIRCLE('',#3328,6.28657702171792);
#706=CIRCLE('',#3330,3.57142932084407);
#707=CIRCLE('',#3332,3.57142932084407);
#708=CIRCLE('',#3334,3.57142927578658);
#709=CIRCLE('',#3336,3.57142927578658);
#710=CIRCLE('',#3338,6.28657708703644);
#711=CIRCLE('',#3340,6.28657708703644);
#712=CIRCLE('',#3342,3.57142932023274);
#713=CIRCLE('',#3344,3.57142932023274);
#714=CIRCLE('',#3346,3.57142607394881);
#715=CIRCLE('',#3347,3.57142607394881);
#716=CIRCLE('',#3349,6.28657707681994);
#717=CIRCLE('',#3351,6.28657707681994);
#718=CIRCLE('',#3353,3.57142927588522);
#719=CIRCLE('',#3355,3.57142927588522);
#720=CIRCLE('',#3357,3.57142932047053);
#721=CIRCLE('',#3359,3.57142932047053);
#722=CIRCLE('',#3361,6.28657707220982);
#723=CIRCLE('',#3363,6.28657707220982);
#724=CIRCLE('',#3365,3.57142927572647);
#725=CIRCLE('',#3367,3.57142927572647);
#726=CIRCLE('',#3369,3.57142932022997);
#727=CIRCLE('',#3371,3.57142932022997);
#728=CIRCLE('',#3373,6.28657707625546);
#729=CIRCLE('',#3375,6.28657707625546);
#730=CIRCLE('',#3377,3.57142927571785);
#731=CIRCLE('',#3379,3.57142927571785);
#732=CIRCLE('',#3381,3.57142932016238);
#733=CIRCLE('',#3383,3.57142932016238);
#734=CIRCLE('',#3385,6.28657692995538);
#735=CIRCLE('',#3387,6.28657692995538);
#736=CIRCLE('',#3389,3.57142927569672);
#737=CIRCLE('',#3391,3.57142927569672);
#738=CIRCLE('',#3393,3.57142932058759);
#739=CIRCLE('',#3395,3.57142932058759);
#740=CIRCLE('',#3397,6.2859638872463);
#741=CIRCLE('',#3399,6.2859638872463);
#742=CIRCLE('',#3401,3.57142932036846);
#743=CIRCLE('',#3402,3.57142927584528);
#744=CIRCLE('',#3403,6.28657707392264);
#745=CIRCLE('',#3404,3.57142932058759);
#746=CIRCLE('',#3405,3.57142927562606);
#747=CIRCLE('',#3406,6.28657707423281);
#748=CIRCLE('',#3407,3.57142927765373);
#749=CIRCLE('',#3408,3.57142932084247);
#750=CIRCLE('',#3409,6.28657706612527);
#751=CIRCLE('',#3410,3.5714286705484);
#752=CIRCLE('',#3411,1.42857142857143);
#753=CIRCLE('',#3412,0.714285714285713);
#754=CIRCLE('',#3413,0.857142857142855);
#755=CIRCLE('',#3414,1.42857142857143);
#756=CIRCLE('',#3415,0.892857142857143);
#757=CIRCLE('',#3416,1.42857142857143);
#758=CIRCLE('',#3417,3.57143730344064);
#759=CIRCLE('',#3418,6.28657707681994);
#760=CIRCLE('',#3419,3.57142932036846);
#761=CIRCLE('',#3420,3.57142927595796);
#762=CIRCLE('',#3421,6.28657707392264);
#763=CIRCLE('',#3423,3.57142932036846);
#764=CIRCLE('',#3425,3.57142927584528);
#765=CIRCLE('',#3427,6.28657707392264);
#766=CIRCLE('',#3429,3.57142932058759);
#767=CIRCLE('',#3431,3.57142927562606);
#768=CIRCLE('',#3434,6.28657707423281);
#769=CIRCLE('',#3436,3.57142927765373);
#770=CIRCLE('',#3438,3.57142932084247);
#771=CIRCLE('',#3440,6.28657706612527);
#772=CIRCLE('',#3442,3.5714286705484);
#773=CIRCLE('',#3446,1.42857142857143);
#774=CIRCLE('',#3448,0.714285714285713);
#775=CIRCLE('',#3450,0.857142857142855);
#776=CIRCLE('',#3455,1.42857142857143);
#777=CIRCLE('',#3457,0.892857142857143);
#778=CIRCLE('',#3459,1.42857142857143);
#779=CIRCLE('',#3462,3.57143730344064);
#780=CIRCLE('',#3464,6.28657707681994);
#781=CIRCLE('',#3466,3.57142932036846);
#782=CIRCLE('',#3468,3.57142927595796);
#783=CIRCLE('',#3470,6.28657707392264);
#784=LINE('',#4310,#966);
#785=LINE('',#4314,#967);
#786=LINE('',#4318,#968);
#787=LINE('',#4321,#969);
#788=LINE('',#4324,#970);
#789=LINE('',#4326,#971);
#790=LINE('',#4328,#972);
#791=LINE('',#4329,#973);
#792=LINE('',#4332,#974);
#793=LINE('',#4418,#975);
#794=LINE('',#4424,#976);
#795=LINE('',#4430,#977);
#796=LINE('',#4436,#978);
#797=LINE('',#4440,#979);
#798=LINE('',#4446,#980);
#799=LINE('',#4452,#981);
#800=LINE('',#4458,#982);
#801=LINE('',#4465,#983);
#802=LINE('',#4472,#984);
#803=LINE('',#4479,#985);
#804=LINE('',#4486,#986);
#805=LINE('',#4493,#987);
#806=LINE('',#4500,#988);
#807=LINE('',#4506,#989);
#808=LINE('',#4513,#990);
#809=LINE('',#4520,#991);
#810=LINE('',#4527,#992);
#811=LINE('',#4534,#993);
#812=LINE('',#4541,#994);
#813=LINE('',#4596,#995);
#814=LINE('',#4629,#996);
#815=LINE('',#4631,#997);
#816=LINE('',#4644,#998);
#817=LINE('',#4648,#999);
#818=LINE('',#4722,#1000);
#819=LINE('',#4724,#1001);
#820=LINE('',#4725,#1002);
#821=LINE('',#4728,#1003);
#822=LINE('',#4732,#1004);
#823=LINE('',#4733,#1005);
#824=LINE('',#4817,#1006);
#825=LINE('',#4820,#1007);
#826=LINE('',#4823,#1008);
#827=LINE('',#4826,#1009);
#828=LINE('',#4830,#1010);
#829=LINE('',#4833,#1011);
#830=LINE('',#4848,#1012);
#831=LINE('',#4858,#1013);
#832=LINE('',#4866,#1014);
#833=LINE('',#4869,#1015);
#834=LINE('',#4884,#1016);
#835=LINE('',#4894,#1017);
#836=LINE('',#4902,#1018);
#837=LINE('',#4905,#1019);
#838=LINE('',#4910,#1020);
#839=LINE('',#4913,#1021);
#840=LINE('',#4928,#1022);
#841=LINE('',#4938,#1023);
#842=LINE('',#4946,#1024);
#843=LINE('',#4949,#1025);
#844=LINE('',#4970,#1026);
#845=LINE('',#4984,#1027);
#846=LINE('',#4994,#1028);
#847=LINE('',#4997,#1029);
#848=LINE('',#5002,#1030);
#849=LINE('',#5005,#1031);
#850=LINE('',#5020,#1032);
#851=LINE('',#5030,#1033);
#852=LINE('',#5038,#1034);
#853=LINE('',#5041,#1035);
#854=LINE('',#5056,#1036);
#855=LINE('',#5066,#1037);
#856=LINE('',#5074,#1038);
#857=LINE('',#5077,#1039);
#858=LINE('',#5082,#1040);
#859=LINE('',#5085,#1041);
#860=LINE('',#5106,#1042);
#861=LINE('',#5120,#1043);
#862=LINE('',#5130,#1044);
#863=LINE('',#5133,#1045);
#864=LINE('',#5148,#1046);
#865=LINE('',#5158,#1047);
#866=LINE('',#5166,#1048);
#867=LINE('',#5169,#1049);
#868=LINE('',#5175,#1050);
#869=LINE('',#5190,#1051);
#870=LINE('',#5198,#1052);
#871=LINE('',#5212,#1053);
#872=LINE('',#5220,#1054);
#873=LINE('',#5224,#1055);
#874=LINE('',#5227,#1056);
#875=LINE('',#5248,#1057);
#876=LINE('',#5262,#1058);
#877=LINE('',#5272,#1059);
#878=LINE('',#5275,#1060);
#879=LINE('',#5280,#1061);
#880=LINE('',#5283,#1062);
#881=LINE('',#5304,#1063);
#882=LINE('',#5318,#1064);
#883=LINE('',#5328,#1065);
#884=LINE('',#5331,#1066);
#885=LINE('',#5346,#1067);
#886=LINE('',#5356,#1068);
#887=LINE('',#5364,#1069);
#888=LINE('',#5367,#1070);
#889=LINE('',#5372,#1071);
#890=LINE('',#5375,#1072);
#891=LINE('',#5396,#1073);
#892=LINE('',#5410,#1074);
#893=LINE('',#5420,#1075);
#894=LINE('',#5423,#1076);
#895=LINE('',#5438,#1077);
#896=LINE('',#5448,#1078);
#897=LINE('',#5456,#1079);
#898=LINE('',#5459,#1080);
#899=LINE('',#5464,#1081);
#900=LINE('',#5467,#1082);
#901=LINE('',#5482,#1083);
#902=LINE('',#5492,#1084);
#903=LINE('',#5500,#1085);
#904=LINE('',#5503,#1086);
#905=LINE('',#5524,#1087);
#906=LINE('',#5538,#1088);
#907=LINE('',#5548,#1089);
#908=LINE('',#5551,#1090);
#909=LINE('',#5556,#1091);
#910=LINE('',#5559,#1092);
#911=LINE('',#5574,#1093);
#912=LINE('',#5584,#1094);
#913=LINE('',#5592,#1095);
#914=LINE('',#5595,#1096);
#915=LINE('',#5630,#1097);
#916=LINE('',#5669,#1098);
#917=LINE('',#5671,#1099);
#918=LINE('',#5686,#1100);
#919=LINE('',#5688,#1101);
#920=LINE('',#5690,#1102);
#921=LINE('',#5698,#1103);
#922=LINE('',#5732,#1104);
#923=LINE('',#5736,#1105);
#924=LINE('',#5756,#1106);
#925=LINE('',#5760,#1107);
#926=LINE('',#5780,#1108);
#927=LINE('',#5784,#1109);
#928=LINE('',#5788,#1110);
#929=LINE('',#5808,#1111);
#930=LINE('',#5811,#1112);
#931=LINE('',#5812,#1113);
#932=LINE('',#5832,#1114);
#933=LINE('',#5836,#1115);
#934=LINE('',#5856,#1116);
#935=LINE('',#5860,#1117);
#936=LINE('',#5864,#1118);
#937=LINE('',#5884,#1119);
#938=LINE('',#5888,#1120);
#939=LINE('',#5910,#1121);
#940=LINE('',#5913,#1122);
#941=LINE('',#5914,#1123);
#942=LINE('',#5917,#1124);
#943=LINE('',#5918,#1125);
#944=LINE('',#5922,#1126);
#945=LINE('',#5926,#1127);
#946=LINE('',#5946,#1128);
#947=LINE('',#5950,#1129);
#948=LINE('',#5953,#1130);
#949=LINE('',#5954,#1131);
#950=LINE('',#5957,#1132);
#951=LINE('',#5958,#1133);
#952=LINE('',#5961,#1134);
#953=LINE('',#5962,#1135);
#954=LINE('',#5966,#1136);
#955=LINE('',#5970,#1137);
#956=LINE('',#5974,#1138);
#957=LINE('',#5977,#1139);
#958=LINE('',#5978,#1140);
#959=LINE('',#5982,#1141);
#960=LINE('',#6002,#1142);
#961=LINE('',#6006,#1143);
#962=LINE('',#6026,#1144);
#963=LINE('',#6030,#1145);
#964=LINE('',#6034,#1146);
#965=LINE('',#6054,#1147);
#966=VECTOR('',#3476,10.);
#967=VECTOR('',#3479,10.);
#968=VECTOR('',#3484,10.);
#969=VECTOR('',#3487,10.);
#970=VECTOR('',#3490,10.);
#971=VECTOR('',#3491,10.);
#972=VECTOR('',#3492,10.);
#973=VECTOR('',#3493,10.);
#974=VECTOR('',#3496,10.);
#975=VECTOR('',#3531,0.9);
#976=VECTOR('',#3538,0.9);
#977=VECTOR('',#3545,0.9);
#978=VECTOR('',#3552,0.9);
#979=VECTOR('',#3557,0.9);
#980=VECTOR('',#3564,0.9);
#981=VECTOR('',#3571,0.9);
#982=VECTOR('',#3578,0.9);
#983=VECTOR('',#3587,2.);
#984=VECTOR('',#3596,2.);
#985=VECTOR('',#3605,1.99999987402346);
#986=VECTOR('',#3614,2.);
#987=VECTOR('',#3623,2.);
#988=VECTOR('',#3632,2.);
#989=VECTOR('',#3639,2.75);
#990=VECTOR('',#3648,2.75);
#991=VECTOR('',#3657,2.75);
#992=VECTOR('',#3666,2.75);
#993=VECTOR('',#3675,2.75);
#994=VECTOR('',#3684,2.75);
#995=VECTOR('',#3709,10.);
#996=VECTOR('',#3724,10.);
#997=VECTOR('',#3727,10.);
#998=VECTOR('',#3732,10.);
#999=VECTOR('',#3735,10.);
#1000=VECTOR('',#3764,10.);
#1001=VECTOR('',#3765,10.);
#1002=VECTOR('',#3766,10.);
#1003=VECTOR('',#3769,10.);
#1004=VECTOR('',#3774,10.);
#1005=VECTOR('',#3775,10.);
#1006=VECTOR('',#3808,10.);
#1007=VECTOR('',#3811,10.);
#1008=VECTOR('',#3814,10.);
#1009=VECTOR('',#3817,10.);
#1010=VECTOR('',#3822,10.);
#1011=VECTOR('',#3825,10.);
#1012=VECTOR('',#3828,10.);
#1013=VECTOR('',#3829,10.);
#1014=VECTOR('',#3834,10.);
#1015=VECTOR('',#3837,10.);
#1016=VECTOR('',#3840,10.);
#1017=VECTOR('',#3841,10.);
#1018=VECTOR('',#3846,10.);
#1019=VECTOR('',#3849,10.);
#1020=VECTOR('',#3856,10.);
#1021=VECTOR('',#3859,10.);
#1022=VECTOR('',#3862,10.);
#1023=VECTOR('',#3863,10.);
#1024=VECTOR('',#3868,10.);
#1025=VECTOR('',#3871,10.);
#1026=VECTOR('',#3874,10.);
#1027=VECTOR('',#3875,10.);
#1028=VECTOR('',#3880,10.);
#1029=VECTOR('',#3883,10.);
#1030=VECTOR('',#3890,10.);
#1031=VECTOR('',#3893,10.);
#1032=VECTOR('',#3896,10.);
#1033=VECTOR('',#3897,10.);
#1034=VECTOR('',#3902,10.);
#1035=VECTOR('',#3905,10.);
#1036=VECTOR('',#3908,10.);
#1037=VECTOR('',#3909,10.);
#1038=VECTOR('',#3914,10.);
#1039=VECTOR('',#3917,10.);
#1040=VECTOR('',#3924,10.);
#1041=VECTOR('',#3927,10.);
#1042=VECTOR('',#3930,10.);
#1043=VECTOR('',#3931,10.);
#1044=VECTOR('',#3936,10.);
#1045=VECTOR('',#3939,10.);
#1046=VECTOR('',#3942,10.);
#1047=VECTOR('',#3943,10.);
#1048=VECTOR('',#3948,10.);
#1049=VECTOR('',#3951,10.);
#1050=VECTOR('',#3958,10.);
#1051=VECTOR('',#3961,10.);
#1052=VECTOR('',#3962,10.);
#1053=VECTOR('',#3963,10.);
#1054=VECTOR('',#3964,10.);
#1055=VECTOR('',#3969,10.);
#1056=VECTOR('',#3972,10.);
#1057=VECTOR('',#3975,10.);
#1058=VECTOR('',#3976,10.);
#1059=VECTOR('',#3981,10.);
#1060=VECTOR('',#3984,10.);
#1061=VECTOR('',#3991,10.);
#1062=VECTOR('',#3994,10.);
#1063=VECTOR('',#3997,10.);
#1064=VECTOR('',#3998,10.);
#1065=VECTOR('',#4003,10.);
#1066=VECTOR('',#4006,10.);
#1067=VECTOR('',#4009,10.);
#1068=VECTOR('',#4010,10.);
#1069=VECTOR('',#4015,10.);
#1070=VECTOR('',#4018,10.);
#1071=VECTOR('',#4025,10.);
#1072=VECTOR('',#4028,10.);
#1073=VECTOR('',#4031,10.);
#1074=VECTOR('',#4032,10.);
#1075=VECTOR('',#4037,10.);
#1076=VECTOR('',#4040,10.);
#1077=VECTOR('',#4043,10.);
#1078=VECTOR('',#4044,10.);
#1079=VECTOR('',#4049,10.);
#1080=VECTOR('',#4052,10.);
#1081=VECTOR('',#4059,10.);
#1082=VECTOR('',#4062,10.);
#1083=VECTOR('',#4065,10.);
#1084=VECTOR('',#4066,10.);
#1085=VECTOR('',#4071,10.);
#1086=VECTOR('',#4074,10.);
#1087=VECTOR('',#4077,10.);
#1088=VECTOR('',#4078,10.);
#1089=VECTOR('',#4083,10.);
#1090=VECTOR('',#4086,10.);
#1091=VECTOR('',#4093,10.);
#1092=VECTOR('',#4096,10.);
#1093=VECTOR('',#4099,10.);
#1094=VECTOR('',#4100,10.);
#1095=VECTOR('',#4105,10.);
#1096=VECTOR('',#4108,10.);
#1097=VECTOR('',#4123,10.);
#1098=VECTOR('',#4134,10.);
#1099=VECTOR('',#4135,10.);
#1100=VECTOR('',#4142,10.);
#1101=VECTOR('',#4143,10.);
#1102=VECTOR('',#4144,10.);
#1103=VECTOR('',#4151,10.);
#1104=VECTOR('',#4166,10.);
#1105=VECTOR('',#4171,10.);
#1106=VECTOR('',#4172,10.);
#1107=VECTOR('',#4177,10.);
#1108=VECTOR('',#4178,10.);
#1109=VECTOR('',#4183,10.);
#1110=VECTOR('',#4188,10.);
#1111=VECTOR('',#4189,10.);
#1112=VECTOR('',#4192,10.);
#1113=VECTOR('',#4193,10.);
#1114=VECTOR('',#4194,10.);
#1115=VECTOR('',#4199,10.);
#1116=VECTOR('',#4200,10.);
#1117=VECTOR('',#4205,10.);
#1118=VECTOR('',#4210,10.);
#1119=VECTOR('',#4211,10.);
#1120=VECTOR('',#4216,10.);
#1121=VECTOR('',#4221,10.);
#1122=VECTOR('',#4224,10.);
#1123=VECTOR('',#4225,10.);
#1124=VECTOR('',#4228,10.);
#1125=VECTOR('',#4229,10.);
#1126=VECTOR('',#4234,10.);
#1127=VECTOR('',#4239,10.);
#1128=VECTOR('',#4240,10.);
#1129=VECTOR('',#4245,10.);
#1130=VECTOR('',#4248,10.);
#1131=VECTOR('',#4249,10.);
#1132=VECTOR('',#4252,10.);
#1133=VECTOR('',#4253,10.);
#1134=VECTOR('',#4256,10.);
#1135=VECTOR('',#4257,10.);
#1136=VECTOR('',#4262,10.);
#1137=VECTOR('',#4267,10.);
#1138=VECTOR('',#4272,10.);
#1139=VECTOR('',#4275,10.);
#1140=VECTOR('',#4276,10.);
#1141=VECTOR('',#4281,10.);
#1142=VECTOR('',#4282,10.);
#1143=VECTOR('',#4287,10.);
#1144=VECTOR('',#4288,10.);
#1145=VECTOR('',#4293,10.);
#1146=VECTOR('',#4298,10.);
#1147=VECTOR('',#4299,10.);
#1148=VERTEX_POINT('',#4308);
#1149=VERTEX_POINT('',#4309);
#1150=VERTEX_POINT('',#4311);
#1151=VERTEX_POINT('',#4313);
#1152=VERTEX_POINT('',#4317);
#1153=VERTEX_POINT('',#4319);
#1154=VERTEX_POINT('',#4323);
#1155=VERTEX_POINT('',#4325);
#1156=VERTEX_POINT('',#4327);
#1157=VERTEX_POINT('',#4331);
#1158=VERTEX_POINT('',#4333);
#1159=VERTEX_POINT('',#4335);
#1160=VERTEX_POINT('',#4337);
#1161=VERTEX_POINT('',#4344);
#1162=VERTEX_POINT('',#4346);
#1163=VERTEX_POINT('',#4351);
#1164=VERTEX_POINT('',#4353);
#1165=VERTEX_POINT('',#4355);
#1166=VERTEX_POINT('',#4362);
#1167=VERTEX_POINT('',#4364);
#1168=VERTEX_POINT('',#4371);
#1169=VERTEX_POINT('',#4373);
#1170=VERTEX_POINT('',#4375);
#1171=VERTEX_POINT('',#4380);
#1172=VERTEX_POINT('',#4382);
#1173=VERTEX_POINT('',#4389);
#1174=VERTEX_POINT('',#4391);
#1175=VERTEX_POINT('',#4393);
#1176=VERTEX_POINT('',#4400);
#1177=VERTEX_POINT('',#4402);
#1178=VERTEX_POINT('',#4409);
#1179=VERTEX_POINT('',#4412);
#1180=VERTEX_POINT('',#4415);
#1181=VERTEX_POINT('',#4417);
#1182=VERTEX_POINT('',#4421);
#1183=VERTEX_POINT('',#4423);
#1184=VERTEX_POINT('',#4427);
#1185=VERTEX_POINT('',#4429);
#1186=VERTEX_POINT('',#4433);
#1187=VERTEX_POINT('',#4435);
#1188=VERTEX_POINT('',#4439);
#1189=VERTEX_POINT('',#4443);
#1190=VERTEX_POINT('',#4445);
#1191=VERTEX_POINT('',#4449);
#1192=VERTEX_POINT('',#4451);
#1193=VERTEX_POINT('',#4455);
#1194=VERTEX_POINT('',#4457);
#1195=VERTEX_POINT('',#4461);
#1196=VERTEX_POINT('',#4464);
#1197=VERTEX_POINT('',#4468);
#1198=VERTEX_POINT('',#4471);
#1199=VERTEX_POINT('',#4475);
#1200=VERTEX_POINT('',#4478);
#1201=VERTEX_POINT('',#4482);
#1202=VERTEX_POINT('',#4485);
#1203=VERTEX_POINT('',#4489);
#1204=VERTEX_POINT('',#4492);
#1205=VERTEX_POINT('',#4496);
#1206=VERTEX_POINT('',#4499);
#1207=VERTEX_POINT('',#4503);
#1208=VERTEX_POINT('',#4505);
#1209=VERTEX_POINT('',#4510);
#1210=VERTEX_POINT('',#4512);
#1211=VERTEX_POINT('',#4517);
#1212=VERTEX_POINT('',#4519);
#1213=VERTEX_POINT('',#4524);
#1214=VERTEX_POINT('',#4526);
#1215=VERTEX_POINT('',#4531);
#1216=VERTEX_POINT('',#4533);
#1217=VERTEX_POINT('',#4538);
#1218=VERTEX_POINT('',#4540);
#1219=VERTEX_POINT('',#4545);
#1220=VERTEX_POINT('',#4546);
#1221=VERTEX_POINT('',#4548);
#1222=VERTEX_POINT('',#4553);
#1223=VERTEX_POINT('',#4555);
#1224=VERTEX_POINT('',#4557);
#1225=VERTEX_POINT('',#4564);
#1226=VERTEX_POINT('',#4566);
#1227=VERTEX_POINT('',#4573);
#1228=VERTEX_POINT('',#4575);
#1229=VERTEX_POINT('',#4577);
#1230=VERTEX_POINT('',#4582);
#1231=VERTEX_POINT('',#4584);
#1232=VERTEX_POINT('',#4591);
#1233=VERTEX_POINT('',#4593);
#1234=VERTEX_POINT('',#4595);
#1235=VERTEX_POINT('',#4598);
#1236=VERTEX_POINT('',#4600);
#1237=VERTEX_POINT('',#4602);
#1238=VERTEX_POINT('',#4609);
#1239=VERTEX_POINT('',#4611);
#1240=VERTEX_POINT('',#4618);
#1241=VERTEX_POINT('',#4620);
#1242=VERTEX_POINT('',#4633);
#1243=VERTEX_POINT('',#4634);
#1244=VERTEX_POINT('',#4641);
#1245=VERTEX_POINT('',#4643);
#1246=VERTEX_POINT('',#4645);
#1247=VERTEX_POINT('',#4647);
#1248=VERTEX_POINT('',#4649);
#1249=VERTEX_POINT('',#4651);
#1250=VERTEX_POINT('',#4656);
#1251=VERTEX_POINT('',#4658);
#1252=VERTEX_POINT('',#4663);
#1253=VERTEX_POINT('',#4665);
#1254=VERTEX_POINT('',#4667);
#1255=VERTEX_POINT('',#4672);
#1256=VERTEX_POINT('',#4674);
#1257=VERTEX_POINT('',#4681);
#1258=VERTEX_POINT('',#4683);
#1259=VERTEX_POINT('',#4685);
#1260=VERTEX_POINT('',#4690);
#1261=VERTEX_POINT('',#4692);
#1262=VERTEX_POINT('',#4699);
#1263=VERTEX_POINT('',#4701);
#1264=VERTEX_POINT('',#4703);
#1265=VERTEX_POINT('',#4710);
#1266=VERTEX_POINT('',#4712);
#1267=VERTEX_POINT('',#4717);
#1268=VERTEX_POINT('',#4721);
#1269=VERTEX_POINT('',#4723);
#1270=VERTEX_POINT('',#4727);
#1271=VERTEX_POINT('',#4731);
#1272=VERTEX_POINT('',#4735);
#1273=VERTEX_POINT('',#4736);
#1274=VERTEX_POINT('',#4743);
#1275=VERTEX_POINT('',#4745);
#1276=VERTEX_POINT('',#4747);
#1277=VERTEX_POINT('',#4752);
#1278=VERTEX_POINT('',#4754);
#1279=VERTEX_POINT('',#4761);
#1280=VERTEX_POINT('',#4763);
#1281=VERTEX_POINT('',#4765);
#1282=VERTEX_POINT('',#4772);
#1283=VERTEX_POINT('',#4774);
#1284=VERTEX_POINT('',#4779);
#1285=VERTEX_POINT('',#4781);
#1286=VERTEX_POINT('',#4783);
#1287=VERTEX_POINT('',#4790);
#1288=VERTEX_POINT('',#4792);
#1289=VERTEX_POINT('',#4797);
#1290=VERTEX_POINT('',#4799);
#1291=VERTEX_POINT('',#4801);
#1292=VERTEX_POINT('',#4806);
#1293=VERTEX_POINT('',#4808);
#1294=VERTEX_POINT('',#4816);
#1295=VERTEX_POINT('',#4818);
#1296=VERTEX_POINT('',#4822);
#1297=VERTEX_POINT('',#4824);
#1298=VERTEX_POINT('',#4828);
#1299=VERTEX_POINT('',#4832);
#1300=VERTEX_POINT('',#4843);
#1301=VERTEX_POINT('',#4857);
#1302=VERTEX_POINT('',#4864);
#1303=VERTEX_POINT('',#4868);
#1304=VERTEX_POINT('',#4879);
#1305=VERTEX_POINT('',#4893);
#1306=VERTEX_POINT('',#4900);
#1307=VERTEX_POINT('',#4904);
#1308=VERTEX_POINT('',#4908);
#1309=VERTEX_POINT('',#4912);
#1310=VERTEX_POINT('',#4923);
#1311=VERTEX_POINT('',#4937);
#1312=VERTEX_POINT('',#4944);
#1313=VERTEX_POINT('',#4948);
#1314=VERTEX_POINT('',#4963);
#1315=VERTEX_POINT('',#4983);
#1316=VERTEX_POINT('',#4992);
#1317=VERTEX_POINT('',#4996);
#1318=VERTEX_POINT('',#5000);
#1319=VERTEX_POINT('',#5004);
#1320=VERTEX_POINT('',#5015);
#1321=VERTEX_POINT('',#5029);
#1322=VERTEX_POINT('',#5036);
#1323=VERTEX_POINT('',#5040);
#1324=VERTEX_POINT('',#5051);
#1325=VERTEX_POINT('',#5065);
#1326=VERTEX_POINT('',#5072);
#1327=VERTEX_POINT('',#5076);
#1328=VERTEX_POINT('',#5080);
#1329=VERTEX_POINT('',#5084);
#1330=VERTEX_POINT('',#5099);
#1331=VERTEX_POINT('',#5119);
#1332=VERTEX_POINT('',#5128);
#1333=VERTEX_POINT('',#5132);
#1334=VERTEX_POINT('',#5143);
#1335=VERTEX_POINT('',#5157);
#1336=VERTEX_POINT('',#5164);
#1337=VERTEX_POINT('',#5168);
#1338=VERTEX_POINT('',#5172);
#1339=VERTEX_POINT('',#5174);
#1340=VERTEX_POINT('',#5189);
#1341=VERTEX_POINT('',#5191);
#1342=VERTEX_POINT('',#5211);
#1343=VERTEX_POINT('',#5213);
#1344=VERTEX_POINT('',#5222);
#1345=VERTEX_POINT('',#5226);
#1346=VERTEX_POINT('',#5241);
#1347=VERTEX_POINT('',#5261);
#1348=VERTEX_POINT('',#5270);
#1349=VERTEX_POINT('',#5274);
#1350=VERTEX_POINT('',#5278);
#1351=VERTEX_POINT('',#5282);
#1352=VERTEX_POINT('',#5297);
#1353=VERTEX_POINT('',#5317);
#1354=VERTEX_POINT('',#5326);
#1355=VERTEX_POINT('',#5330);
#1356=VERTEX_POINT('',#5341);
#1357=VERTEX_POINT('',#5355);
#1358=VERTEX_POINT('',#5362);
#1359=VERTEX_POINT('',#5366);
#1360=VERTEX_POINT('',#5370);
#1361=VERTEX_POINT('',#5374);
#1362=VERTEX_POINT('',#5389);
#1363=VERTEX_POINT('',#5409);
#1364=VERTEX_POINT('',#5418);
#1365=VERTEX_POINT('',#5422);
#1366=VERTEX_POINT('',#5433);
#1367=VERTEX_POINT('',#5447);
#1368=VERTEX_POINT('',#5454);
#1369=VERTEX_POINT('',#5458);
#1370=VERTEX_POINT('',#5462);
#1371=VERTEX_POINT('',#5466);
#1372=VERTEX_POINT('',#5477);
#1373=VERTEX_POINT('',#5491);
#1374=VERTEX_POINT('',#5498);
#1375=VERTEX_POINT('',#5502);
#1376=VERTEX_POINT('',#5517);
#1377=VERTEX_POINT('',#5537);
#1378=VERTEX_POINT('',#5546);
#1379=VERTEX_POINT('',#5550);
#1380=VERTEX_POINT('',#5554);
#1381=VERTEX_POINT('',#5558);
#1382=VERTEX_POINT('',#5569);
#1383=VERTEX_POINT('',#5583);
#1384=VERTEX_POINT('',#5590);
#1385=VERTEX_POINT('',#5594);
#1386=VERTEX_POINT('',#5598);
#1387=VERTEX_POINT('',#5600);
#1388=VERTEX_POINT('',#5602);
#1389=VERTEX_POINT('',#5609);
#1390=VERTEX_POINT('',#5611);
#1391=VERTEX_POINT('',#5618);
#1392=VERTEX_POINT('',#5620);
#1393=VERTEX_POINT('',#5622);
#1394=VERTEX_POINT('',#5629);
#1395=VERTEX_POINT('',#5631);
#1396=VERTEX_POINT('',#5638);
#1397=VERTEX_POINT('',#5640);
#1398=VERTEX_POINT('',#5647);
#1399=VERTEX_POINT('',#5649);
#1400=VERTEX_POINT('',#5651);
#1401=VERTEX_POINT('',#5658);
#1402=VERTEX_POINT('',#5666);
#1403=VERTEX_POINT('',#5668);
#1404=VERTEX_POINT('',#5670);
#1405=VERTEX_POINT('',#5672);
#1406=VERTEX_POINT('',#5674);
#1407=VERTEX_POINT('',#5676);
#1408=VERTEX_POINT('',#5683);
#1409=VERTEX_POINT('',#5685);
#1410=VERTEX_POINT('',#5687);
#1411=VERTEX_POINT('',#5689);
#1412=VERTEX_POINT('',#5691);
#1413=VERTEX_POINT('',#5693);
#1414=VERTEX_POINT('',#5695);
#1415=VERTEX_POINT('',#5697);
#1416=VERTEX_POINT('',#5699);
#1417=VERTEX_POINT('',#5701);
#1418=VERTEX_POINT('',#5708);
#1419=VERTEX_POINT('',#5710);
#1420=VERTEX_POINT('',#5717);
#1421=VERTEX_POINT('',#5719);
#1422=VERTEX_POINT('',#5721);
#1423=VERTEX_POINT('',#5730);
#1424=VERTEX_POINT('',#5734);
#1425=VERTEX_POINT('',#5749);
#1426=VERTEX_POINT('',#5758);
#1427=VERTEX_POINT('',#5773);
#1428=VERTEX_POINT('',#5782);
#1429=VERTEX_POINT('',#5786);
#1430=VERTEX_POINT('',#5801);
#1431=VERTEX_POINT('',#5810);
#1432=VERTEX_POINT('',#5825);
#1433=VERTEX_POINT('',#5834);
#1434=VERTEX_POINT('',#5849);
#1435=VERTEX_POINT('',#5858);
#1436=VERTEX_POINT('',#5862);
#1437=VERTEX_POINT('',#5877);
#1438=VERTEX_POINT('',#5886);
#1439=VERTEX_POINT('',#5908);
#1440=VERTEX_POINT('',#5912);
#1441=VERTEX_POINT('',#5916);
#1442=VERTEX_POINT('',#5920);
#1443=VERTEX_POINT('',#5924);
#1444=VERTEX_POINT('',#5939);
#1445=VERTEX_POINT('',#5948);
#1446=VERTEX_POINT('',#5952);
#1447=VERTEX_POINT('',#5956);
#1448=VERTEX_POINT('',#5960);
#1449=VERTEX_POINT('',#5964);
#1450=VERTEX_POINT('',#5968);
#1451=VERTEX_POINT('',#5972);
#1452=VERTEX_POINT('',#5976);
#1453=VERTEX_POINT('',#5980);
#1454=VERTEX_POINT('',#5995);
#1455=VERTEX_POINT('',#6004);
#1456=VERTEX_POINT('',#6019);
#1457=VERTEX_POINT('',#6028);
#1458=VERTEX_POINT('',#6032);
#1459=VERTEX_POINT('',#6047);
#1460=EDGE_CURVE('',#1148,#1149,#784,.T.);
#1461=EDGE_CURVE('',#1148,#1150,#586,.T.);
#1462=EDGE_CURVE('',#1151,#1150,#785,.T.);
#1463=EDGE_CURVE('',#1149,#1151,#587,.T.);
#1464=EDGE_CURVE('',#1152,#1148,#786,.T.);
#1465=EDGE_CURVE('',#1153,#1152,#588,.T.);
#1466=EDGE_CURVE('',#1150,#1153,#787,.T.);
#1467=EDGE_CURVE('',#1149,#1154,#788,.T.);
#1468=EDGE_CURVE('',#1155,#1154,#789,.T.);
#1469=EDGE_CURVE('',#1155,#1156,#790,.T.);
#1470=EDGE_CURVE('',#1156,#1152,#791,.T.);
#1471=EDGE_CURVE('',#1157,#1151,#792,.T.);
#1472=EDGE_CURVE('',#1158,#1157,#589,.T.);
#1473=EDGE_CURVE('',#1159,#1158,#590,.T.);
#1474=EDGE_CURVE('',#1160,#1159,#94,.T.);
#1475=EDGE_CURVE('',#1161,#1160,#591,.T.);
#1476=EDGE_CURVE('',#1162,#1161,#95,.T.);
#1477=EDGE_CURVE('',#1163,#1162,#592,.T.);
#1478=EDGE_CURVE('',#1164,#1163,#593,.T.);
#1479=EDGE_CURVE('',#1165,#1164,#96,.T.);
#1480=EDGE_CURVE('',#1166,#1165,#594,.T.);
#1481=EDGE_CURVE('',#1167,#1166,#97,.T.);
#1482=EDGE_CURVE('',#1168,#1167,#595,.T.);
#1483=EDGE_CURVE('',#1169,#1168,#596,.T.);
#1484=EDGE_CURVE('',#1170,#1169,#98,.T.);
#1485=EDGE_CURVE('',#1171,#1170,#597,.T.);
#1486=EDGE_CURVE('',#1172,#1171,#99,.T.);
#1487=EDGE_CURVE('',#1173,#1172,#598,.T.);
#1488=EDGE_CURVE('',#1174,#1173,#599,.T.);
#1489=EDGE_CURVE('',#1175,#1174,#100,.T.);
#1490=EDGE_CURVE('',#1176,#1175,#600,.T.);
#1491=EDGE_CURVE('',#1177,#1176,#101,.T.);
#1492=EDGE_CURVE('',#1178,#1177,#601,.T.);
#1493=EDGE_CURVE('',#1154,#1178,#602,.T.);
#1494=EDGE_CURVE('',#1179,#1179,#603,.T.);
#1495=EDGE_CURVE('',#1180,#1180,#604,.T.);
#1496=EDGE_CURVE('',#1180,#1181,#793,.T.);
#1497=EDGE_CURVE('',#1181,#1181,#605,.T.);
#1498=EDGE_CURVE('',#1182,#1182,#606,.T.);
#1499=EDGE_CURVE('',#1182,#1183,#794,.T.);
#1500=EDGE_CURVE('',#1183,#1183,#607,.T.);
#1501=EDGE_CURVE('',#1184,#1184,#608,.T.);
#1502=EDGE_CURVE('',#1184,#1185,#795,.T.);
#1503=EDGE_CURVE('',#1185,#1185,#609,.T.);
#1504=EDGE_CURVE('',#1186,#1186,#610,.T.);
#1505=EDGE_CURVE('',#1186,#1187,#796,.T.);
#1506=EDGE_CURVE('',#1187,#1187,#611,.T.);
#1507=EDGE_CURVE('',#1179,#1188,#797,.T.);
#1508=EDGE_CURVE('',#1188,#1188,#612,.T.);
#1509=EDGE_CURVE('',#1189,#1189,#613,.T.);
#1510=EDGE_CURVE('',#1189,#1190,#798,.T.);
#1511=EDGE_CURVE('',#1190,#1190,#614,.T.);
#1512=EDGE_CURVE('',#1191,#1191,#615,.T.);
#1513=EDGE_CURVE('',#1191,#1192,#799,.T.);
#1514=EDGE_CURVE('',#1192,#1192,#616,.T.);
#1515=EDGE_CURVE('',#1193,#1193,#617,.T.);
#1516=EDGE_CURVE('',#1193,#1194,#800,.T.);
#1517=EDGE_CURVE('',#1194,#1194,#618,.T.);
#1518=EDGE_CURVE('',#1195,#1195,#619,.T.);
#1519=EDGE_CURVE('',#1195,#1196,#801,.T.);
#1520=EDGE_CURVE('',#1196,#1196,#620,.T.);
#1521=EDGE_CURVE('',#1197,#1197,#621,.T.);
#1522=EDGE_CURVE('',#1197,#1198,#802,.T.);
#1523=EDGE_CURVE('',#1198,#1198,#622,.T.);
#1524=EDGE_CURVE('',#1199,#1199,#623,.T.);
#1525=EDGE_CURVE('',#1199,#1200,#803,.T.);
#1526=EDGE_CURVE('',#1200,#1200,#624,.T.);
#1527=EDGE_CURVE('',#1201,#1201,#625,.T.);
#1528=EDGE_CURVE('',#1201,#1202,#804,.T.);
#1529=EDGE_CURVE('',#1202,#1202,#626,.T.);
#1530=EDGE_CURVE('',#1203,#1203,#627,.T.);
#1531=EDGE_CURVE('',#1203,#1204,#805,.T.);
#1532=EDGE_CURVE('',#1204,#1204,#628,.T.);
#1533=EDGE_CURVE('',#1205,#1205,#629,.T.);
#1534=EDGE_CURVE('',#1205,#1206,#806,.T.);
#1535=EDGE_CURVE('',#1206,#1206,#630,.T.);
#1536=EDGE_CURVE('',#1207,#1207,#631,.T.);
#1537=EDGE_CURVE('',#1207,#1208,#807,.T.);
#1538=EDGE_CURVE('',#1208,#1208,#632,.T.);
#1539=EDGE_CURVE('',#1209,#1209,#633,.T.);
#1540=EDGE_CURVE('',#1209,#1210,#808,.T.);
#1541=EDGE_CURVE('',#1210,#1210,#634,.T.);
#1542=EDGE_CURVE('',#1211,#1211,#635,.T.);
#1543=EDGE_CURVE('',#1211,#1212,#809,.T.);
#1544=EDGE_CURVE('',#1212,#1212,#636,.T.);
#1545=EDGE_CURVE('',#1213,#1213,#637,.T.);
#1546=EDGE_CURVE('',#1213,#1214,#810,.T.);
#1547=EDGE_CURVE('',#1214,#1214,#638,.T.);
#1548=EDGE_CURVE('',#1215,#1215,#639,.T.);
#1549=EDGE_CURVE('',#1215,#1216,#811,.T.);
#1550=EDGE_CURVE('',#1216,#1216,#640,.T.);
#1551=EDGE_CURVE('',#1217,#1217,#641,.T.);
#1552=EDGE_CURVE('',#1217,#1218,#812,.T.);
#1553=EDGE_CURVE('',#1218,#1218,#642,.T.);
#1554=EDGE_CURVE('',#1219,#1220,#643,.T.);
#1555=EDGE_CURVE('',#1221,#1219,#102,.T.);
#1556=EDGE_CURVE('',#1222,#1221,#644,.T.);
#1557=EDGE_CURVE('',#1223,#1222,#645,.T.);
#1558=EDGE_CURVE('',#1224,#1223,#103,.T.);
#1559=EDGE_CURVE('',#1225,#1224,#646,.T.);
#1560=EDGE_CURVE('',#1226,#1225,#104,.T.);
#1561=EDGE_CURVE('',#1227,#1226,#647,.T.);
#1562=EDGE_CURVE('',#1228,#1227,#648,.T.);
#1563=EDGE_CURVE('',#1229,#1228,#105,.T.);
#1564=EDGE_CURVE('',#1230,#1229,#649,.T.);
#1565=EDGE_CURVE('',#1231,#1230,#106,.T.);
#1566=EDGE_CURVE('',#1232,#1231,#650,.T.);
#1567=EDGE_CURVE('',#1233,#1232,#651,.T.);
#1568=EDGE_CURVE('',#1234,#1233,#813,.T.);
#1569=EDGE_CURVE('',#1156,#1234,#652,.T.);
#1570=EDGE_CURVE('',#1235,#1155,#653,.T.);
#1571=EDGE_CURVE('',#1236,#1235,#654,.T.);
#1572=EDGE_CURVE('',#1237,#1236,#107,.T.);
#1573=EDGE_CURVE('',#1238,#1237,#655,.T.);
#1574=EDGE_CURVE('',#1239,#1238,#108,.T.);
#1575=EDGE_CURVE('',#1240,#1239,#656,.T.);
#1576=EDGE_CURVE('',#1241,#1240,#657,.T.);
#1577=EDGE_CURVE('',#1220,#1241,#109,.T.);
#1578=EDGE_CURVE('',#1234,#1153,#814,.T.);
#1579=EDGE_CURVE('',#1157,#1233,#815,.T.);
#1580=EDGE_CURVE('',#1242,#1243,#110,.T.);
#1581=EDGE_CURVE('',#1244,#1242,#658,.T.);
#1582=EDGE_CURVE('',#1245,#1244,#816,.T.);
#1583=EDGE_CURVE('',#1246,#1245,#659,.T.);
#1584=EDGE_CURVE('',#1247,#1246,#817,.T.);
#1585=EDGE_CURVE('',#1248,#1247,#660,.T.);
#1586=EDGE_CURVE('',#1249,#1248,#111,.T.);
#1587=EDGE_CURVE('',#1250,#1249,#661,.T.);
#1588=EDGE_CURVE('',#1251,#1250,#112,.T.);
#1589=EDGE_CURVE('',#1252,#1251,#662,.T.);
#1590=EDGE_CURVE('',#1253,#1252,#663,.T.);
#1591=EDGE_CURVE('',#1254,#1253,#113,.T.);
#1592=EDGE_CURVE('',#1255,#1254,#664,.T.);
#1593=EDGE_CURVE('',#1256,#1255,#114,.T.);
#1594=EDGE_CURVE('',#1257,#1256,#665,.T.);
#1595=EDGE_CURVE('',#1258,#1257,#666,.T.);
#1596=EDGE_CURVE('',#1259,#1258,#115,.T.);
#1597=EDGE_CURVE('',#1260,#1259,#667,.T.);
#1598=EDGE_CURVE('',#1261,#1260,#116,.T.);
#1599=EDGE_CURVE('',#1262,#1261,#668,.T.);
#1600=EDGE_CURVE('',#1263,#1262,#669,.T.);
#1601=EDGE_CURVE('',#1264,#1263,#117,.T.);
#1602=EDGE_CURVE('',#1265,#1264,#670,.T.);
#1603=EDGE_CURVE('',#1266,#1265,#118,.T.);
#1604=EDGE_CURVE('',#1267,#1266,#671,.T.);
#1605=EDGE_CURVE('',#1243,#1267,#672,.T.);
#1606=EDGE_CURVE('',#1247,#1268,#818,.T.);
#1607=EDGE_CURVE('',#1246,#1269,#819,.T.);
#1608=EDGE_CURVE('',#1269,#1268,#820,.T.);
#1609=EDGE_CURVE('',#1245,#1270,#821,.T.);
#1610=EDGE_CURVE('',#1270,#1269,#673,.T.);
#1611=EDGE_CURVE('',#1244,#1271,#822,.T.);
#1612=EDGE_CURVE('',#1271,#1270,#823,.T.);
#1613=EDGE_CURVE('',#1272,#1273,#119,.T.);
#1614=EDGE_CURVE('',#1274,#1272,#674,.T.);
#1615=EDGE_CURVE('',#1275,#1274,#675,.T.);
#1616=EDGE_CURVE('',#1276,#1275,#120,.T.);
#1617=EDGE_CURVE('',#1277,#1276,#676,.T.);
#1618=EDGE_CURVE('',#1278,#1277,#121,.T.);
#1619=EDGE_CURVE('',#1279,#1278,#677,.T.);
#1620=EDGE_CURVE('',#1280,#1279,#678,.T.);
#1621=EDGE_CURVE('',#1281,#1280,#122,.T.);
#1622=EDGE_CURVE('',#1282,#1281,#679,.T.);
#1623=EDGE_CURVE('',#1283,#1282,#123,.T.);
#1624=EDGE_CURVE('',#1284,#1283,#680,.T.);
#1625=EDGE_CURVE('',#1285,#1284,#681,.T.);
#1626=EDGE_CURVE('',#1286,#1285,#124,.T.);
#1627=EDGE_CURVE('',#1287,#1286,#682,.T.);
#1628=EDGE_CURVE('',#1288,#1287,#125,.T.);
#1629=EDGE_CURVE('',#1289,#1288,#683,.T.);
#1630=EDGE_CURVE('',#1290,#1289,#684,.T.);
#1631=EDGE_CURVE('',#1291,#1290,#126,.T.);
#1632=EDGE_CURVE('',#1292,#1291,#685,.T.);
#1633=EDGE_CURVE('',#1293,#1292,#127,.T.);
#1634=EDGE_CURVE('',#1268,#1293,#686,.T.);
#1635=EDGE_CURVE('',#1273,#1271,#687,.T.);
#1636=EDGE_CURVE('',#1294,#1155,#824,.T.);
#1637=EDGE_CURVE('',#1295,#1294,#688,.T.);
#1638=EDGE_CURVE('',#1295,#1235,#825,.T.);
#1639=EDGE_CURVE('',#1178,#1296,#826,.T.);
#1640=EDGE_CURVE('',#1297,#1296,#689,.T.);
#1641=EDGE_CURVE('',#1154,#1297,#827,.T.);
#1642=EDGE_CURVE('',#1298,#1295,#690,.T.);
#1643=EDGE_CURVE('',#1298,#1236,#828,.T.);
#1644=EDGE_CURVE('',#1177,#1299,#829,.T.);
#1645=EDGE_CURVE('',#1296,#1299,#691,.T.);
#1646=EDGE_CURVE('',#1300,#1298,#128,.T.);
#1647=EDGE_CURVE('',#1300,#1237,#830,.T.);
#1648=EDGE_CURVE('',#1176,#1301,#831,.T.);
#1649=EDGE_CURVE('',#1299,#1301,#129,.T.);
#1650=EDGE_CURVE('',#1302,#1300,#692,.T.);
#1651=EDGE_CURVE('',#1302,#1238,#832,.T.);
#1652=EDGE_CURVE('',#1175,#1303,#833,.T.);
#1653=EDGE_CURVE('',#1301,#1303,#693,.T.);
#1654=EDGE_CURVE('',#1304,#1302,#130,.T.);
#1655=EDGE_CURVE('',#1304,#1239,#834,.T.);
#1656=EDGE_CURVE('',#1174,#1305,#835,.T.);
#1657=EDGE_CURVE('',#1303,#1305,#131,.T.);
#1658=EDGE_CURVE('',#1306,#1304,#694,.T.);
#1659=EDGE_CURVE('',#1306,#1240,#836,.T.);
#1660=EDGE_CURVE('',#1173,#1307,#837,.T.);
#1661=EDGE_CURVE('',#1305,#1307,#695,.T.);
#1662=EDGE_CURVE('',#1308,#1306,#696,.T.);
#1663=EDGE_CURVE('',#1308,#1241,#838,.T.);
#1664=EDGE_CURVE('',#1172,#1309,#839,.T.);
#1665=EDGE_CURVE('',#1307,#1309,#697,.T.);
#1666=EDGE_CURVE('',#1310,#1308,#132,.T.);
#1667=EDGE_CURVE('',#1310,#1220,#840,.T.);
#1668=EDGE_CURVE('',#1171,#1311,#841,.T.);
#1669=EDGE_CURVE('',#1309,#1311,#133,.T.);
#1670=EDGE_CURVE('',#1312,#1310,#698,.T.);
#1671=EDGE_CURVE('',#1312,#1219,#842,.T.);
#1672=EDGE_CURVE('',#1170,#1313,#843,.T.);
#1673=EDGE_CURVE('',#1311,#1313,#699,.T.);
#1674=EDGE_CURVE('',#1314,#1312,#134,.T.);
#1675=EDGE_CURVE('',#1314,#1221,#844,.T.);
#1676=EDGE_CURVE('',#1169,#1315,#845,.T.);
#1677=EDGE_CURVE('',#1313,#1315,#135,.T.);
#1678=EDGE_CURVE('',#1316,#1314,#700,.T.);
#1679=EDGE_CURVE('',#1316,#1222,#846,.T.);
#1680=EDGE_CURVE('',#1168,#1317,#847,.T.);
#1681=EDGE_CURVE('',#1315,#1317,#701,.T.);
#1682=EDGE_CURVE('',#1318,#1316,#702,.T.);
#1683=EDGE_CURVE('',#1318,#1223,#848,.T.);
#1684=EDGE_CURVE('',#1167,#1319,#849,.T.);
#1685=EDGE_CURVE('',#1317,#1319,#703,.T.);
#1686=EDGE_CURVE('',#1320,#1318,#136,.T.);
#1687=EDGE_CURVE('',#1320,#1224,#850,.T.);
#1688=EDGE_CURVE('',#1166,#1321,#851,.T.);
#1689=EDGE_CURVE('',#1319,#1321,#137,.T.);
#1690=EDGE_CURVE('',#1322,#1320,#704,.T.);
#1691=EDGE_CURVE('',#1322,#1225,#852,.T.);
#1692=EDGE_CURVE('',#1165,#1323,#853,.T.);
#1693=EDGE_CURVE('',#1321,#1323,#705,.T.);
#1694=EDGE_CURVE('',#1324,#1322,#138,.T.);
#1695=EDGE_CURVE('',#1324,#1226,#854,.T.);
#1696=EDGE_CURVE('',#1164,#1325,#855,.T.);
#1697=EDGE_CURVE('',#1323,#1325,#139,.T.);
#1698=EDGE_CURVE('',#1326,#1324,#706,.T.);
#1699=EDGE_CURVE('',#1326,#1227,#856,.T.);
#1700=EDGE_CURVE('',#1163,#1327,#857,.T.);
#1701=EDGE_CURVE('',#1325,#1327,#707,.T.);
#1702=EDGE_CURVE('',#1328,#1326,#708,.T.);
#1703=EDGE_CURVE('',#1328,#1228,#858,.T.);
#1704=EDGE_CURVE('',#1162,#1329,#859,.T.);
#1705=EDGE_CURVE('',#1327,#1329,#709,.T.);
#1706=EDGE_CURVE('',#1330,#1328,#140,.T.);
#1707=EDGE_CURVE('',#1330,#1229,#860,.T.);
#1708=EDGE_CURVE('',#1161,#1331,#861,.T.);
#1709=EDGE_CURVE('',#1329,#1331,#141,.T.);
#1710=EDGE_CURVE('',#1332,#1330,#710,.T.);
#1711=EDGE_CURVE('',#1332,#1230,#862,.T.);
#1712=EDGE_CURVE('',#1160,#1333,#863,.T.);
#1713=EDGE_CURVE('',#1331,#1333,#711,.T.);
#1714=EDGE_CURVE('',#1334,#1332,#142,.T.);
#1715=EDGE_CURVE('',#1334,#1231,#864,.T.);
#1716=EDGE_CURVE('',#1159,#1335,#865,.T.);
#1717=EDGE_CURVE('',#1333,#1335,#143,.T.);
#1718=EDGE_CURVE('',#1336,#1334,#712,.T.);
#1719=EDGE_CURVE('',#1336,#1232,#866,.T.);
#1720=EDGE_CURVE('',#1158,#1337,#867,.T.);
#1721=EDGE_CURVE('',#1335,#1337,#713,.T.);
#1722=EDGE_CURVE('',#1338,#1336,#714,.T.);
#1723=EDGE_CURVE('',#1338,#1339,#868,.T.);
#1724=EDGE_CURVE('',#1337,#1339,#715,.T.);
#1725=EDGE_CURVE('',#1248,#1340,#869,.T.);
#1726=EDGE_CURVE('',#1341,#1340,#144,.T.);
#1727=EDGE_CURVE('',#1341,#1249,#870,.T.);
#1728=EDGE_CURVE('',#1292,#1342,#871,.T.);
#1729=EDGE_CURVE('',#1343,#1342,#145,.T.);
#1730=EDGE_CURVE('',#1343,#1293,#872,.T.);
#1731=EDGE_CURVE('',#1344,#1341,#716,.T.);
#1732=EDGE_CURVE('',#1344,#1250,#873,.T.);
#1733=EDGE_CURVE('',#1291,#1345,#874,.T.);
#1734=EDGE_CURVE('',#1342,#1345,#717,.T.);
#1735=EDGE_CURVE('',#1346,#1344,#146,.T.);
#1736=EDGE_CURVE('',#1346,#1251,#875,.T.);
#1737=EDGE_CURVE('',#1290,#1347,#876,.T.);
#1738=EDGE_CURVE('',#1345,#1347,#147,.T.);
#1739=EDGE_CURVE('',#1348,#1346,#718,.T.);
#1740=EDGE_CURVE('',#1348,#1252,#877,.T.);
#1741=EDGE_CURVE('',#1289,#1349,#878,.T.);
#1742=EDGE_CURVE('',#1347,#1349,#719,.T.);
#1743=EDGE_CURVE('',#1350,#1348,#720,.T.);
#1744=EDGE_CURVE('',#1350,#1253,#879,.T.);
#1745=EDGE_CURVE('',#1288,#1351,#880,.T.);
#1746=EDGE_CURVE('',#1349,#1351,#721,.T.);
#1747=EDGE_CURVE('',#1352,#1350,#148,.T.);
#1748=EDGE_CURVE('',#1352,#1254,#881,.T.);
#1749=EDGE_CURVE('',#1287,#1353,#882,.T.);
#1750=EDGE_CURVE('',#1351,#1353,#149,.T.);
#1751=EDGE_CURVE('',#1354,#1352,#722,.T.);
#1752=EDGE_CURVE('',#1354,#1255,#883,.T.);
#1753=EDGE_CURVE('',#1286,#1355,#884,.T.);
#1754=EDGE_CURVE('',#1353,#1355,#723,.T.);
#1755=EDGE_CURVE('',#1356,#1354,#150,.T.);
#1756=EDGE_CURVE('',#1356,#1256,#885,.T.);
#1757=EDGE_CURVE('',#1285,#1357,#886,.T.);
#1758=EDGE_CURVE('',#1355,#1357,#151,.T.);
#1759=EDGE_CURVE('',#1358,#1356,#724,.T.);
#1760=EDGE_CURVE('',#1358,#1257,#887,.T.);
#1761=EDGE_CURVE('',#1284,#1359,#888,.T.);
#1762=EDGE_CURVE('',#1357,#1359,#725,.T.);
#1763=EDGE_CURVE('',#1360,#1358,#726,.T.);
#1764=EDGE_CURVE('',#1360,#1258,#889,.T.);
#1765=EDGE_CURVE('',#1283,#1361,#890,.T.);
#1766=EDGE_CURVE('',#1359,#1361,#727,.T.);
#1767=EDGE_CURVE('',#1362,#1360,#152,.T.);
#1768=EDGE_CURVE('',#1362,#1259,#891,.T.);
#1769=EDGE_CURVE('',#1282,#1363,#892,.T.);
#1770=EDGE_CURVE('',#1361,#1363,#153,.T.);
#1771=EDGE_CURVE('',#1364,#1362,#728,.T.);
#1772=EDGE_CURVE('',#1364,#1260,#893,.T.);
#1773=EDGE_CURVE('',#1281,#1365,#894,.T.);
#1774=EDGE_CURVE('',#1363,#1365,#729,.T.);
#1775=EDGE_CURVE('',#1366,#1364,#154,.T.);
#1776=EDGE_CURVE('',#1366,#1261,#895,.T.);
#1777=EDGE_CURVE('',#1280,#1367,#896,.T.);
#1778=EDGE_CURVE('',#1365,#1367,#155,.T.);
#1779=EDGE_CURVE('',#1368,#1366,#730,.T.);
#1780=EDGE_CURVE('',#1368,#1262,#897,.T.);
#1781=EDGE_CURVE('',#1279,#1369,#898,.T.);
#1782=EDGE_CURVE('',#1367,#1369,#731,.T.);
#1783=EDGE_CURVE('',#1370,#1368,#732,.T.);
#1784=EDGE_CURVE('',#1370,#1263,#899,.T.);
#1785=EDGE_CURVE('',#1278,#1371,#900,.T.);
#1786=EDGE_CURVE('',#1369,#1371,#733,.T.);
#1787=EDGE_CURVE('',#1372,#1370,#156,.T.);
#1788=EDGE_CURVE('',#1372,#1264,#901,.T.);
#1789=EDGE_CURVE('',#1277,#1373,#902,.T.);
#1790=EDGE_CURVE('',#1371,#1373,#157,.T.);
#1791=EDGE_CURVE('',#1374,#1372,#734,.T.);
#1792=EDGE_CURVE('',#1374,#1265,#903,.T.);
#1793=EDGE_CURVE('',#1276,#1375,#904,.T.);
#1794=EDGE_CURVE('',#1373,#1375,#735,.T.);
#1795=EDGE_CURVE('',#1376,#1374,#158,.T.);
#1796=EDGE_CURVE('',#1376,#1266,#905,.T.);
#1797=EDGE_CURVE('',#1275,#1377,#906,.T.);
#1798=EDGE_CURVE('',#1375,#1377,#159,.T.);
#1799=EDGE_CURVE('',#1378,#1376,#736,.T.);
#1800=EDGE_CURVE('',#1378,#1267,#907,.T.);
#1801=EDGE_CURVE('',#1274,#1379,#908,.T.);
#1802=EDGE_CURVE('',#1377,#1379,#737,.T.);
#1803=EDGE_CURVE('',#1380,#1378,#738,.T.);
#1804=EDGE_CURVE('',#1380,#1243,#909,.T.);
#1805=EDGE_CURVE('',#1272,#1381,#910,.T.);
#1806=EDGE_CURVE('',#1379,#1381,#739,.T.);
#1807=EDGE_CURVE('',#1382,#1380,#160,.T.);
#1808=EDGE_CURVE('',#1382,#1242,#911,.T.);
#1809=EDGE_CURVE('',#1273,#1383,#912,.T.);
#1810=EDGE_CURVE('',#1381,#1383,#161,.T.);
#1811=EDGE_CURVE('',#1384,#1382,#740,.T.);
#1812=EDGE_CURVE('',#1384,#1244,#913,.T.);
#1813=EDGE_CURVE('',#1271,#1385,#914,.T.);
#1814=EDGE_CURVE('',#1383,#1385,#741,.T.);
#1815=EDGE_CURVE('',#1340,#1386,#742,.T.);
#1816=EDGE_CURVE('',#1386,#1387,#743,.T.);
#1817=EDGE_CURVE('',#1387,#1388,#162,.T.);
#1818=EDGE_CURVE('',#1388,#1389,#744,.T.);
#1819=EDGE_CURVE('',#1389,#1390,#163,.T.);
#1820=EDGE_CURVE('',#1390,#1391,#745,.T.);
#1821=EDGE_CURVE('',#1391,#1392,#746,.T.);
#1822=EDGE_CURVE('',#1392,#1393,#164,.T.);
#1823=EDGE_CURVE('',#1393,#1394,#915,.T.);
#1824=EDGE_CURVE('',#1394,#1395,#165,.T.);
#1825=EDGE_CURVE('',#1395,#1396,#747,.T.);
#1826=EDGE_CURVE('',#1396,#1397,#166,.T.);
#1827=EDGE_CURVE('',#1397,#1398,#748,.T.);
#1828=EDGE_CURVE('',#1398,#1399,#749,.T.);
#1829=EDGE_CURVE('',#1399,#1400,#167,.T.);
#1830=EDGE_CURVE('',#1400,#1401,#750,.T.);
#1831=EDGE_CURVE('',#1401,#1338,#168,.T.);
#1832=EDGE_CURVE('',#1294,#1402,#751,.T.);
#1833=EDGE_CURVE('',#1402,#1403,#916,.T.);
#1834=EDGE_CURVE('',#1403,#1404,#917,.T.);
#1835=EDGE_CURVE('',#1404,#1405,#752,.T.);
#1836=EDGE_CURVE('',#1405,#1406,#753,.T.);
#1837=EDGE_CURVE('',#1406,#1407,#169,.T.);
#1838=EDGE_CURVE('',#1407,#1408,#754,.T.);
#1839=EDGE_CURVE('',#1408,#1409,#918,.T.);
#1840=EDGE_CURVE('',#1409,#1410,#919,.T.);
#1841=EDGE_CURVE('',#1410,#1411,#920,.T.);
#1842=EDGE_CURVE('',#1411,#1412,#755,.T.);
#1843=EDGE_CURVE('',#1412,#1413,#756,.T.);
#1844=EDGE_CURVE('',#1413,#1414,#757,.T.);
#1845=EDGE_CURVE('',#1414,#1415,#921,.T.);
#1846=EDGE_CURVE('',#1415,#1416,#758,.T.);
#1847=EDGE_CURVE('',#1416,#1417,#170,.T.);
#1848=EDGE_CURVE('',#1417,#1418,#759,.T.);
#1849=EDGE_CURVE('',#1418,#1419,#171,.T.);
#1850=EDGE_CURVE('',#1419,#1420,#760,.T.);
#1851=EDGE_CURVE('',#1420,#1421,#761,.T.);
#1852=EDGE_CURVE('',#1421,#1422,#172,.T.);
#1853=EDGE_CURVE('',#1422,#1384,#762,.T.);
#1854=EDGE_CURVE('',#1423,#1343,#763,.T.);
#1855=EDGE_CURVE('',#1386,#1423,#922,.T.);
#1856=EDGE_CURVE('',#1424,#1423,#764,.T.);
#1857=EDGE_CURVE('',#1387,#1424,#923,.T.);
#1858=EDGE_CURVE('',#1425,#1424,#173,.T.);
#1859=EDGE_CURVE('',#1388,#1425,#924,.T.);
#1860=EDGE_CURVE('',#1426,#1425,#765,.T.);
#1861=EDGE_CURVE('',#1389,#1426,#925,.T.);
#1862=EDGE_CURVE('',#1427,#1426,#174,.T.);
#1863=EDGE_CURVE('',#1390,#1427,#926,.T.);
#1864=EDGE_CURVE('',#1428,#1427,#766,.T.);
#1865=EDGE_CURVE('',#1391,#1428,#927,.T.);
#1866=EDGE_CURVE('',#1429,#1428,#767,.T.);
#1867=EDGE_CURVE('',#1392,#1429,#928,.T.);
#1868=EDGE_CURVE('',#1430,#1429,#175,.T.);
#1869=EDGE_CURVE('',#1393,#1430,#929,.T.);
#1870=EDGE_CURVE('',#1431,#1430,#930,.T.);
#1871=EDGE_CURVE('',#1394,#1431,#931,.T.);
#1872=EDGE_CURVE('',#1432,#1431,#176,.T.);
#1873=EDGE_CURVE('',#1395,#1432,#932,.T.);
#1874=EDGE_CURVE('',#1433,#1432,#768,.T.);
#1875=EDGE_CURVE('',#1396,#1433,#933,.T.);
#1876=EDGE_CURVE('',#1434,#1433,#177,.T.);
#1877=EDGE_CURVE('',#1397,#1434,#934,.T.);
#1878=EDGE_CURVE('',#1435,#1434,#769,.T.);
#1879=EDGE_CURVE('',#1398,#1435,#935,.T.);
#1880=EDGE_CURVE('',#1436,#1435,#770,.T.);
#1881=EDGE_CURVE('',#1399,#1436,#936,.T.);
#1882=EDGE_CURVE('',#1437,#1436,#178,.T.);
#1883=EDGE_CURVE('',#1400,#1437,#937,.T.);
#1884=EDGE_CURVE('',#1438,#1437,#771,.T.);
#1885=EDGE_CURVE('',#1401,#1438,#938,.T.);
#1886=EDGE_CURVE('',#1339,#1438,#179,.T.);
#1887=EDGE_CURVE('',#1439,#1297,#772,.T.);
#1888=EDGE_CURVE('',#1402,#1439,#939,.T.);
#1889=EDGE_CURVE('',#1440,#1439,#940,.T.);
#1890=EDGE_CURVE('',#1403,#1440,#941,.T.);
#1891=EDGE_CURVE('',#1441,#1440,#942,.T.);
#1892=EDGE_CURVE('',#1404,#1441,#943,.T.);
#1893=EDGE_CURVE('',#1442,#1441,#773,.T.);
#1894=EDGE_CURVE('',#1405,#1442,#944,.T.);
#1895=EDGE_CURVE('',#1443,#1442,#774,.T.);
#1896=EDGE_CURVE('',#1406,#1443,#945,.T.);
#1897=EDGE_CURVE('',#1444,#1443,#180,.T.);
#1898=EDGE_CURVE('',#1407,#1444,#946,.T.);
#1899=EDGE_CURVE('',#1445,#1444,#775,.T.);
#1900=EDGE_CURVE('',#1408,#1445,#947,.T.);
#1901=EDGE_CURVE('',#1446,#1445,#948,.T.);
#1902=EDGE_CURVE('',#1409,#1446,#949,.T.);
#1903=EDGE_CURVE('',#1447,#1446,#950,.T.);
#1904=EDGE_CURVE('',#1410,#1447,#951,.T.);
#1905=EDGE_CURVE('',#1448,#1447,#952,.T.);
#1906=EDGE_CURVE('',#1411,#1448,#953,.T.);
#1907=EDGE_CURVE('',#1449,#1448,#776,.T.);
#1908=EDGE_CURVE('',#1412,#1449,#954,.T.);
#1909=EDGE_CURVE('',#1450,#1449,#777,.T.);
#1910=EDGE_CURVE('',#1413,#1450,#955,.T.);
#1911=EDGE_CURVE('',#1451,#1450,#778,.T.);
#1912=EDGE_CURVE('',#1414,#1451,#956,.T.);
#1913=EDGE_CURVE('',#1452,#1451,#957,.T.);
#1914=EDGE_CURVE('',#1415,#1452,#958,.T.);
#1915=EDGE_CURVE('',#1453,#1452,#779,.T.);
#1916=EDGE_CURVE('',#1416,#1453,#959,.T.);
#1917=EDGE_CURVE('',#1454,#1453,#181,.T.);
#1918=EDGE_CURVE('',#1417,#1454,#960,.T.);
#1919=EDGE_CURVE('',#1455,#1454,#780,.T.);
#1920=EDGE_CURVE('',#1418,#1455,#961,.T.);
#1921=EDGE_CURVE('',#1456,#1455,#182,.T.);
#1922=EDGE_CURVE('',#1419,#1456,#962,.T.);
#1923=EDGE_CURVE('',#1457,#1456,#781,.T.);
#1924=EDGE_CURVE('',#1420,#1457,#963,.T.);
#1925=EDGE_CURVE('',#1458,#1457,#782,.T.);
#1926=EDGE_CURVE('',#1421,#1458,#964,.T.);
#1927=EDGE_CURVE('',#1459,#1458,#183,.T.);
#1928=EDGE_CURVE('',#1422,#1459,#965,.T.);
#1929=EDGE_CURVE('',#1385,#1459,#783,.T.);
#1930=ORIENTED_EDGE('',*,*,#1460,.F.);
#1931=ORIENTED_EDGE('',*,*,#1461,.T.);
#1932=ORIENTED_EDGE('',*,*,#1462,.F.);
#1933=ORIENTED_EDGE('',*,*,#1463,.F.);
#1934=ORIENTED_EDGE('',*,*,#1464,.F.);
#1935=ORIENTED_EDGE('',*,*,#1465,.F.);
#1936=ORIENTED_EDGE('',*,*,#1466,.F.);
#1937=ORIENTED_EDGE('',*,*,#1461,.F.);
#1938=ORIENTED_EDGE('',*,*,#1464,.T.);
#1939=ORIENTED_EDGE('',*,*,#1460,.T.);
#1940=ORIENTED_EDGE('',*,*,#1467,.T.);
#1941=ORIENTED_EDGE('',*,*,#1468,.F.);
#1942=ORIENTED_EDGE('',*,*,#1469,.T.);
#1943=ORIENTED_EDGE('',*,*,#1470,.T.);
#1944=ORIENTED_EDGE('',*,*,#1463,.T.);
#1945=ORIENTED_EDGE('',*,*,#1471,.F.);
#1946=ORIENTED_EDGE('',*,*,#1472,.F.);
#1947=ORIENTED_EDGE('',*,*,#1473,.F.);
#1948=ORIENTED_EDGE('',*,*,#1474,.F.);
#1949=ORIENTED_EDGE('',*,*,#1475,.F.);
#1950=ORIENTED_EDGE('',*,*,#1476,.F.);
#1951=ORIENTED_EDGE('',*,*,#1477,.F.);
#1952=ORIENTED_EDGE('',*,*,#1478,.F.);
#1953=ORIENTED_EDGE('',*,*,#1479,.F.);
#1954=ORIENTED_EDGE('',*,*,#1480,.F.);
#1955=ORIENTED_EDGE('',*,*,#1481,.F.);
#1956=ORIENTED_EDGE('',*,*,#1482,.F.);
#1957=ORIENTED_EDGE('',*,*,#1483,.F.);
#1958=ORIENTED_EDGE('',*,*,#1484,.F.);
#1959=ORIENTED_EDGE('',*,*,#1485,.F.);
#1960=ORIENTED_EDGE('',*,*,#1486,.F.);
#1961=ORIENTED_EDGE('',*,*,#1487,.F.);
#1962=ORIENTED_EDGE('',*,*,#1488,.F.);
#1963=ORIENTED_EDGE('',*,*,#1489,.F.);
#1964=ORIENTED_EDGE('',*,*,#1490,.F.);
#1965=ORIENTED_EDGE('',*,*,#1491,.F.);
#1966=ORIENTED_EDGE('',*,*,#1492,.F.);
#1967=ORIENTED_EDGE('',*,*,#1493,.F.);
#1968=ORIENTED_EDGE('',*,*,#1467,.F.);
#1969=ORIENTED_EDGE('',*,*,#1494,.T.);
#1970=ORIENTED_EDGE('',*,*,#1495,.F.);
#1971=ORIENTED_EDGE('',*,*,#1496,.T.);
#1972=ORIENTED_EDGE('',*,*,#1497,.F.);
#1973=ORIENTED_EDGE('',*,*,#1496,.F.);
#1974=ORIENTED_EDGE('',*,*,#1498,.F.);
#1975=ORIENTED_EDGE('',*,*,#1499,.T.);
#1976=ORIENTED_EDGE('',*,*,#1500,.F.);
#1977=ORIENTED_EDGE('',*,*,#1499,.F.);
#1978=ORIENTED_EDGE('',*,*,#1501,.F.);
#1979=ORIENTED_EDGE('',*,*,#1502,.T.);
#1980=ORIENTED_EDGE('',*,*,#1503,.F.);
#1981=ORIENTED_EDGE('',*,*,#1502,.F.);
#1982=ORIENTED_EDGE('',*,*,#1504,.F.);
#1983=ORIENTED_EDGE('',*,*,#1505,.T.);
#1984=ORIENTED_EDGE('',*,*,#1506,.F.);
#1985=ORIENTED_EDGE('',*,*,#1505,.F.);
#1986=ORIENTED_EDGE('',*,*,#1494,.F.);
#1987=ORIENTED_EDGE('',*,*,#1507,.T.);
#1988=ORIENTED_EDGE('',*,*,#1508,.F.);
#1989=ORIENTED_EDGE('',*,*,#1507,.F.);
#1990=ORIENTED_EDGE('',*,*,#1509,.F.);
#1991=ORIENTED_EDGE('',*,*,#1510,.T.);
#1992=ORIENTED_EDGE('',*,*,#1511,.F.);
#1993=ORIENTED_EDGE('',*,*,#1510,.F.);
#1994=ORIENTED_EDGE('',*,*,#1512,.F.);
#1995=ORIENTED_EDGE('',*,*,#1513,.T.);
#1996=ORIENTED_EDGE('',*,*,#1514,.F.);
#1997=ORIENTED_EDGE('',*,*,#1513,.F.);
#1998=ORIENTED_EDGE('',*,*,#1515,.F.);
#1999=ORIENTED_EDGE('',*,*,#1516,.T.);
#2000=ORIENTED_EDGE('',*,*,#1517,.F.);
#2001=ORIENTED_EDGE('',*,*,#1516,.F.);
#2002=ORIENTED_EDGE('',*,*,#1518,.F.);
#2003=ORIENTED_EDGE('',*,*,#1515,.T.);
#2004=ORIENTED_EDGE('',*,*,#1518,.T.);
#2005=ORIENTED_EDGE('',*,*,#1519,.T.);
#2006=ORIENTED_EDGE('',*,*,#1520,.F.);
#2007=ORIENTED_EDGE('',*,*,#1519,.F.);
#2008=ORIENTED_EDGE('',*,*,#1521,.F.);
#2009=ORIENTED_EDGE('',*,*,#1504,.T.);
#2010=ORIENTED_EDGE('',*,*,#1521,.T.);
#2011=ORIENTED_EDGE('',*,*,#1522,.T.);
#2012=ORIENTED_EDGE('',*,*,#1523,.F.);
#2013=ORIENTED_EDGE('',*,*,#1522,.F.);
#2014=ORIENTED_EDGE('',*,*,#1524,.F.);
#2015=ORIENTED_EDGE('',*,*,#1509,.T.);
#2016=ORIENTED_EDGE('',*,*,#1524,.T.);
#2017=ORIENTED_EDGE('',*,*,#1525,.T.);
#2018=ORIENTED_EDGE('',*,*,#1526,.F.);
#2019=ORIENTED_EDGE('',*,*,#1525,.F.);
#2020=ORIENTED_EDGE('',*,*,#1527,.F.);
#2021=ORIENTED_EDGE('',*,*,#1498,.T.);
#2022=ORIENTED_EDGE('',*,*,#1527,.T.);
#2023=ORIENTED_EDGE('',*,*,#1528,.T.);
#2024=ORIENTED_EDGE('',*,*,#1529,.F.);
#2025=ORIENTED_EDGE('',*,*,#1528,.F.);
#2026=ORIENTED_EDGE('',*,*,#1530,.F.);
#2027=ORIENTED_EDGE('',*,*,#1501,.T.);
#2028=ORIENTED_EDGE('',*,*,#1530,.T.);
#2029=ORIENTED_EDGE('',*,*,#1531,.T.);
#2030=ORIENTED_EDGE('',*,*,#1532,.F.);
#2031=ORIENTED_EDGE('',*,*,#1531,.F.);
#2032=ORIENTED_EDGE('',*,*,#1533,.F.);
#2033=ORIENTED_EDGE('',*,*,#1495,.T.);
#2034=ORIENTED_EDGE('',*,*,#1533,.T.);
#2035=ORIENTED_EDGE('',*,*,#1534,.T.);
#2036=ORIENTED_EDGE('',*,*,#1535,.F.);
#2037=ORIENTED_EDGE('',*,*,#1534,.F.);
#2038=ORIENTED_EDGE('',*,*,#1536,.F.);
#2039=ORIENTED_EDGE('',*,*,#1537,.T.);
#2040=ORIENTED_EDGE('',*,*,#1538,.T.);
#2041=ORIENTED_EDGE('',*,*,#1537,.F.);
#2042=ORIENTED_EDGE('',*,*,#1538,.F.);
#2043=ORIENTED_EDGE('',*,*,#1526,.T.);
#2044=ORIENTED_EDGE('',*,*,#1539,.F.);
#2045=ORIENTED_EDGE('',*,*,#1540,.T.);
#2046=ORIENTED_EDGE('',*,*,#1541,.T.);
#2047=ORIENTED_EDGE('',*,*,#1540,.F.);
#2048=ORIENTED_EDGE('',*,*,#1541,.F.);
#2049=ORIENTED_EDGE('',*,*,#1523,.T.);
#2050=ORIENTED_EDGE('',*,*,#1542,.F.);
#2051=ORIENTED_EDGE('',*,*,#1543,.T.);
#2052=ORIENTED_EDGE('',*,*,#1544,.T.);
#2053=ORIENTED_EDGE('',*,*,#1543,.F.);
#2054=ORIENTED_EDGE('',*,*,#1544,.F.);
#2055=ORIENTED_EDGE('',*,*,#1520,.T.);
#2056=ORIENTED_EDGE('',*,*,#1545,.F.);
#2057=ORIENTED_EDGE('',*,*,#1546,.T.);
#2058=ORIENTED_EDGE('',*,*,#1547,.T.);
#2059=ORIENTED_EDGE('',*,*,#1546,.F.);
#2060=ORIENTED_EDGE('',*,*,#1547,.F.);
#2061=ORIENTED_EDGE('',*,*,#1529,.T.);
#2062=ORIENTED_EDGE('',*,*,#1548,.F.);
#2063=ORIENTED_EDGE('',*,*,#1549,.T.);
#2064=ORIENTED_EDGE('',*,*,#1550,.T.);
#2065=ORIENTED_EDGE('',*,*,#1549,.F.);
#2066=ORIENTED_EDGE('',*,*,#1550,.F.);
#2067=ORIENTED_EDGE('',*,*,#1535,.T.);
#2068=ORIENTED_EDGE('',*,*,#1551,.F.);
#2069=ORIENTED_EDGE('',*,*,#1552,.T.);
#2070=ORIENTED_EDGE('',*,*,#1553,.T.);
#2071=ORIENTED_EDGE('',*,*,#1552,.F.);
#2072=ORIENTED_EDGE('',*,*,#1553,.F.);
#2073=ORIENTED_EDGE('',*,*,#1532,.T.);
#2074=ORIENTED_EDGE('',*,*,#1554,.F.);
#2075=ORIENTED_EDGE('',*,*,#1555,.F.);
#2076=ORIENTED_EDGE('',*,*,#1556,.F.);
#2077=ORIENTED_EDGE('',*,*,#1557,.F.);
#2078=ORIENTED_EDGE('',*,*,#1558,.F.);
#2079=ORIENTED_EDGE('',*,*,#1559,.F.);
#2080=ORIENTED_EDGE('',*,*,#1560,.F.);
#2081=ORIENTED_EDGE('',*,*,#1561,.F.);
#2082=ORIENTED_EDGE('',*,*,#1562,.F.);
#2083=ORIENTED_EDGE('',*,*,#1563,.F.);
#2084=ORIENTED_EDGE('',*,*,#1564,.F.);
#2085=ORIENTED_EDGE('',*,*,#1565,.F.);
#2086=ORIENTED_EDGE('',*,*,#1566,.F.);
#2087=ORIENTED_EDGE('',*,*,#1567,.F.);
#2088=ORIENTED_EDGE('',*,*,#1568,.F.);
#2089=ORIENTED_EDGE('',*,*,#1569,.F.);
#2090=ORIENTED_EDGE('',*,*,#1469,.F.);
#2091=ORIENTED_EDGE('',*,*,#1570,.F.);
#2092=ORIENTED_EDGE('',*,*,#1571,.F.);
#2093=ORIENTED_EDGE('',*,*,#1572,.F.);
#2094=ORIENTED_EDGE('',*,*,#1573,.F.);
#2095=ORIENTED_EDGE('',*,*,#1574,.F.);
#2096=ORIENTED_EDGE('',*,*,#1575,.F.);
#2097=ORIENTED_EDGE('',*,*,#1576,.F.);
#2098=ORIENTED_EDGE('',*,*,#1577,.F.);
#2099=ORIENTED_EDGE('',*,*,#1511,.T.);
#2100=ORIENTED_EDGE('',*,*,#1465,.T.);
#2101=ORIENTED_EDGE('',*,*,#1470,.F.);
#2102=ORIENTED_EDGE('',*,*,#1569,.T.);
#2103=ORIENTED_EDGE('',*,*,#1578,.T.);
#2104=ORIENTED_EDGE('',*,*,#1466,.T.);
#2105=ORIENTED_EDGE('',*,*,#1578,.F.);
#2106=ORIENTED_EDGE('',*,*,#1568,.T.);
#2107=ORIENTED_EDGE('',*,*,#1579,.F.);
#2108=ORIENTED_EDGE('',*,*,#1471,.T.);
#2109=ORIENTED_EDGE('',*,*,#1462,.T.);
#2110=ORIENTED_EDGE('',*,*,#1580,.F.);
#2111=ORIENTED_EDGE('',*,*,#1581,.F.);
#2112=ORIENTED_EDGE('',*,*,#1582,.F.);
#2113=ORIENTED_EDGE('',*,*,#1583,.F.);
#2114=ORIENTED_EDGE('',*,*,#1584,.F.);
#2115=ORIENTED_EDGE('',*,*,#1585,.F.);
#2116=ORIENTED_EDGE('',*,*,#1586,.F.);
#2117=ORIENTED_EDGE('',*,*,#1587,.F.);
#2118=ORIENTED_EDGE('',*,*,#1588,.F.);
#2119=ORIENTED_EDGE('',*,*,#1589,.F.);
#2120=ORIENTED_EDGE('',*,*,#1590,.F.);
#2121=ORIENTED_EDGE('',*,*,#1591,.F.);
#2122=ORIENTED_EDGE('',*,*,#1592,.F.);
#2123=ORIENTED_EDGE('',*,*,#1593,.F.);
#2124=ORIENTED_EDGE('',*,*,#1594,.F.);
#2125=ORIENTED_EDGE('',*,*,#1595,.F.);
#2126=ORIENTED_EDGE('',*,*,#1596,.F.);
#2127=ORIENTED_EDGE('',*,*,#1597,.F.);
#2128=ORIENTED_EDGE('',*,*,#1598,.F.);
#2129=ORIENTED_EDGE('',*,*,#1599,.F.);
#2130=ORIENTED_EDGE('',*,*,#1600,.F.);
#2131=ORIENTED_EDGE('',*,*,#1601,.F.);
#2132=ORIENTED_EDGE('',*,*,#1602,.F.);
#2133=ORIENTED_EDGE('',*,*,#1603,.F.);
#2134=ORIENTED_EDGE('',*,*,#1604,.F.);
#2135=ORIENTED_EDGE('',*,*,#1605,.F.);
#2136=ORIENTED_EDGE('',*,*,#1517,.T.);
#2137=ORIENTED_EDGE('',*,*,#1606,.F.);
#2138=ORIENTED_EDGE('',*,*,#1584,.T.);
#2139=ORIENTED_EDGE('',*,*,#1607,.T.);
#2140=ORIENTED_EDGE('',*,*,#1608,.T.);
#2141=ORIENTED_EDGE('',*,*,#1607,.F.);
#2142=ORIENTED_EDGE('',*,*,#1583,.T.);
#2143=ORIENTED_EDGE('',*,*,#1609,.T.);
#2144=ORIENTED_EDGE('',*,*,#1610,.T.);
#2145=ORIENTED_EDGE('',*,*,#1609,.F.);
#2146=ORIENTED_EDGE('',*,*,#1582,.T.);
#2147=ORIENTED_EDGE('',*,*,#1611,.T.);
#2148=ORIENTED_EDGE('',*,*,#1612,.T.);
#2149=ORIENTED_EDGE('',*,*,#1613,.F.);
#2150=ORIENTED_EDGE('',*,*,#1614,.F.);
#2151=ORIENTED_EDGE('',*,*,#1615,.F.);
#2152=ORIENTED_EDGE('',*,*,#1616,.F.);
#2153=ORIENTED_EDGE('',*,*,#1617,.F.);
#2154=ORIENTED_EDGE('',*,*,#1618,.F.);
#2155=ORIENTED_EDGE('',*,*,#1619,.F.);
#2156=ORIENTED_EDGE('',*,*,#1620,.F.);
#2157=ORIENTED_EDGE('',*,*,#1621,.F.);
#2158=ORIENTED_EDGE('',*,*,#1622,.F.);
#2159=ORIENTED_EDGE('',*,*,#1623,.F.);
#2160=ORIENTED_EDGE('',*,*,#1624,.F.);
#2161=ORIENTED_EDGE('',*,*,#1625,.F.);
#2162=ORIENTED_EDGE('',*,*,#1626,.F.);
#2163=ORIENTED_EDGE('',*,*,#1627,.F.);
#2164=ORIENTED_EDGE('',*,*,#1628,.F.);
#2165=ORIENTED_EDGE('',*,*,#1629,.F.);
#2166=ORIENTED_EDGE('',*,*,#1630,.F.);
#2167=ORIENTED_EDGE('',*,*,#1631,.F.);
#2168=ORIENTED_EDGE('',*,*,#1632,.F.);
#2169=ORIENTED_EDGE('',*,*,#1633,.F.);
#2170=ORIENTED_EDGE('',*,*,#1634,.F.);
#2171=ORIENTED_EDGE('',*,*,#1608,.F.);
#2172=ORIENTED_EDGE('',*,*,#1610,.F.);
#2173=ORIENTED_EDGE('',*,*,#1612,.F.);
#2174=ORIENTED_EDGE('',*,*,#1635,.F.);
#2175=ORIENTED_EDGE('',*,*,#1512,.T.);
#2176=ORIENTED_EDGE('',*,*,#1570,.T.);
#2177=ORIENTED_EDGE('',*,*,#1636,.F.);
#2178=ORIENTED_EDGE('',*,*,#1637,.F.);
#2179=ORIENTED_EDGE('',*,*,#1638,.T.);
#2180=ORIENTED_EDGE('',*,*,#1493,.T.);
#2181=ORIENTED_EDGE('',*,*,#1639,.T.);
#2182=ORIENTED_EDGE('',*,*,#1640,.F.);
#2183=ORIENTED_EDGE('',*,*,#1641,.F.);
#2184=ORIENTED_EDGE('',*,*,#1571,.T.);
#2185=ORIENTED_EDGE('',*,*,#1638,.F.);
#2186=ORIENTED_EDGE('',*,*,#1642,.F.);
#2187=ORIENTED_EDGE('',*,*,#1643,.T.);
#2188=ORIENTED_EDGE('',*,*,#1492,.T.);
#2189=ORIENTED_EDGE('',*,*,#1644,.T.);
#2190=ORIENTED_EDGE('',*,*,#1645,.F.);
#2191=ORIENTED_EDGE('',*,*,#1639,.F.);
#2192=ORIENTED_EDGE('',*,*,#1572,.T.);
#2193=ORIENTED_EDGE('',*,*,#1643,.F.);
#2194=ORIENTED_EDGE('',*,*,#1646,.F.);
#2195=ORIENTED_EDGE('',*,*,#1647,.T.);
#2196=ORIENTED_EDGE('',*,*,#1491,.T.);
#2197=ORIENTED_EDGE('',*,*,#1648,.T.);
#2198=ORIENTED_EDGE('',*,*,#1649,.F.);
#2199=ORIENTED_EDGE('',*,*,#1644,.F.);
#2200=ORIENTED_EDGE('',*,*,#1573,.T.);
#2201=ORIENTED_EDGE('',*,*,#1647,.F.);
#2202=ORIENTED_EDGE('',*,*,#1650,.F.);
#2203=ORIENTED_EDGE('',*,*,#1651,.T.);
#2204=ORIENTED_EDGE('',*,*,#1490,.T.);
#2205=ORIENTED_EDGE('',*,*,#1652,.T.);
#2206=ORIENTED_EDGE('',*,*,#1653,.F.);
#2207=ORIENTED_EDGE('',*,*,#1648,.F.);
#2208=ORIENTED_EDGE('',*,*,#1574,.T.);
#2209=ORIENTED_EDGE('',*,*,#1651,.F.);
#2210=ORIENTED_EDGE('',*,*,#1654,.F.);
#2211=ORIENTED_EDGE('',*,*,#1655,.T.);
#2212=ORIENTED_EDGE('',*,*,#1489,.T.);
#2213=ORIENTED_EDGE('',*,*,#1656,.T.);
#2214=ORIENTED_EDGE('',*,*,#1657,.F.);
#2215=ORIENTED_EDGE('',*,*,#1652,.F.);
#2216=ORIENTED_EDGE('',*,*,#1575,.T.);
#2217=ORIENTED_EDGE('',*,*,#1655,.F.);
#2218=ORIENTED_EDGE('',*,*,#1658,.F.);
#2219=ORIENTED_EDGE('',*,*,#1659,.T.);
#2220=ORIENTED_EDGE('',*,*,#1488,.T.);
#2221=ORIENTED_EDGE('',*,*,#1660,.T.);
#2222=ORIENTED_EDGE('',*,*,#1661,.F.);
#2223=ORIENTED_EDGE('',*,*,#1656,.F.);
#2224=ORIENTED_EDGE('',*,*,#1576,.T.);
#2225=ORIENTED_EDGE('',*,*,#1659,.F.);
#2226=ORIENTED_EDGE('',*,*,#1662,.F.);
#2227=ORIENTED_EDGE('',*,*,#1663,.T.);
#2228=ORIENTED_EDGE('',*,*,#1487,.T.);
#2229=ORIENTED_EDGE('',*,*,#1664,.T.);
#2230=ORIENTED_EDGE('',*,*,#1665,.F.);
#2231=ORIENTED_EDGE('',*,*,#1660,.F.);
#2232=ORIENTED_EDGE('',*,*,#1577,.T.);
#2233=ORIENTED_EDGE('',*,*,#1663,.F.);
#2234=ORIENTED_EDGE('',*,*,#1666,.F.);
#2235=ORIENTED_EDGE('',*,*,#1667,.T.);
#2236=ORIENTED_EDGE('',*,*,#1486,.T.);
#2237=ORIENTED_EDGE('',*,*,#1668,.T.);
#2238=ORIENTED_EDGE('',*,*,#1669,.F.);
#2239=ORIENTED_EDGE('',*,*,#1664,.F.);
#2240=ORIENTED_EDGE('',*,*,#1554,.T.);
#2241=ORIENTED_EDGE('',*,*,#1667,.F.);
#2242=ORIENTED_EDGE('',*,*,#1670,.F.);
#2243=ORIENTED_EDGE('',*,*,#1671,.T.);
#2244=ORIENTED_EDGE('',*,*,#1485,.T.);
#2245=ORIENTED_EDGE('',*,*,#1672,.T.);
#2246=ORIENTED_EDGE('',*,*,#1673,.F.);
#2247=ORIENTED_EDGE('',*,*,#1668,.F.);
#2248=ORIENTED_EDGE('',*,*,#1555,.T.);
#2249=ORIENTED_EDGE('',*,*,#1671,.F.);
#2250=ORIENTED_EDGE('',*,*,#1674,.F.);
#2251=ORIENTED_EDGE('',*,*,#1675,.T.);
#2252=ORIENTED_EDGE('',*,*,#1484,.T.);
#2253=ORIENTED_EDGE('',*,*,#1676,.T.);
#2254=ORIENTED_EDGE('',*,*,#1677,.F.);
#2255=ORIENTED_EDGE('',*,*,#1672,.F.);
#2256=ORIENTED_EDGE('',*,*,#1556,.T.);
#2257=ORIENTED_EDGE('',*,*,#1675,.F.);
#2258=ORIENTED_EDGE('',*,*,#1678,.F.);
#2259=ORIENTED_EDGE('',*,*,#1679,.T.);
#2260=ORIENTED_EDGE('',*,*,#1483,.T.);
#2261=ORIENTED_EDGE('',*,*,#1680,.T.);
#2262=ORIENTED_EDGE('',*,*,#1681,.F.);
#2263=ORIENTED_EDGE('',*,*,#1676,.F.);
#2264=ORIENTED_EDGE('',*,*,#1557,.T.);
#2265=ORIENTED_EDGE('',*,*,#1679,.F.);
#2266=ORIENTED_EDGE('',*,*,#1682,.F.);
#2267=ORIENTED_EDGE('',*,*,#1683,.T.);
#2268=ORIENTED_EDGE('',*,*,#1482,.T.);
#2269=ORIENTED_EDGE('',*,*,#1684,.T.);
#2270=ORIENTED_EDGE('',*,*,#1685,.F.);
#2271=ORIENTED_EDGE('',*,*,#1680,.F.);
#2272=ORIENTED_EDGE('',*,*,#1558,.T.);
#2273=ORIENTED_EDGE('',*,*,#1683,.F.);
#2274=ORIENTED_EDGE('',*,*,#1686,.F.);
#2275=ORIENTED_EDGE('',*,*,#1687,.T.);
#2276=ORIENTED_EDGE('',*,*,#1481,.T.);
#2277=ORIENTED_EDGE('',*,*,#1688,.T.);
#2278=ORIENTED_EDGE('',*,*,#1689,.F.);
#2279=ORIENTED_EDGE('',*,*,#1684,.F.);
#2280=ORIENTED_EDGE('',*,*,#1559,.T.);
#2281=ORIENTED_EDGE('',*,*,#1687,.F.);
#2282=ORIENTED_EDGE('',*,*,#1690,.F.);
#2283=ORIENTED_EDGE('',*,*,#1691,.T.);
#2284=ORIENTED_EDGE('',*,*,#1480,.T.);
#2285=ORIENTED_EDGE('',*,*,#1692,.T.);
#2286=ORIENTED_EDGE('',*,*,#1693,.F.);
#2287=ORIENTED_EDGE('',*,*,#1688,.F.);
#2288=ORIENTED_EDGE('',*,*,#1560,.T.);
#2289=ORIENTED_EDGE('',*,*,#1691,.F.);
#2290=ORIENTED_EDGE('',*,*,#1694,.F.);
#2291=ORIENTED_EDGE('',*,*,#1695,.T.);
#2292=ORIENTED_EDGE('',*,*,#1479,.T.);
#2293=ORIENTED_EDGE('',*,*,#1696,.T.);
#2294=ORIENTED_EDGE('',*,*,#1697,.F.);
#2295=ORIENTED_EDGE('',*,*,#1692,.F.);
#2296=ORIENTED_EDGE('',*,*,#1561,.T.);
#2297=ORIENTED_EDGE('',*,*,#1695,.F.);
#2298=ORIENTED_EDGE('',*,*,#1698,.F.);
#2299=ORIENTED_EDGE('',*,*,#1699,.T.);
#2300=ORIENTED_EDGE('',*,*,#1478,.T.);
#2301=ORIENTED_EDGE('',*,*,#1700,.T.);
#2302=ORIENTED_EDGE('',*,*,#1701,.F.);
#2303=ORIENTED_EDGE('',*,*,#1696,.F.);
#2304=ORIENTED_EDGE('',*,*,#1562,.T.);
#2305=ORIENTED_EDGE('',*,*,#1699,.F.);
#2306=ORIENTED_EDGE('',*,*,#1702,.F.);
#2307=ORIENTED_EDGE('',*,*,#1703,.T.);
#2308=ORIENTED_EDGE('',*,*,#1477,.T.);
#2309=ORIENTED_EDGE('',*,*,#1704,.T.);
#2310=ORIENTED_EDGE('',*,*,#1705,.F.);
#2311=ORIENTED_EDGE('',*,*,#1700,.F.);
#2312=ORIENTED_EDGE('',*,*,#1563,.T.);
#2313=ORIENTED_EDGE('',*,*,#1703,.F.);
#2314=ORIENTED_EDGE('',*,*,#1706,.F.);
#2315=ORIENTED_EDGE('',*,*,#1707,.T.);
#2316=ORIENTED_EDGE('',*,*,#1476,.T.);
#2317=ORIENTED_EDGE('',*,*,#1708,.T.);
#2318=ORIENTED_EDGE('',*,*,#1709,.F.);
#2319=ORIENTED_EDGE('',*,*,#1704,.F.);
#2320=ORIENTED_EDGE('',*,*,#1564,.T.);
#2321=ORIENTED_EDGE('',*,*,#1707,.F.);
#2322=ORIENTED_EDGE('',*,*,#1710,.F.);
#2323=ORIENTED_EDGE('',*,*,#1711,.T.);
#2324=ORIENTED_EDGE('',*,*,#1475,.T.);
#2325=ORIENTED_EDGE('',*,*,#1712,.T.);
#2326=ORIENTED_EDGE('',*,*,#1713,.F.);
#2327=ORIENTED_EDGE('',*,*,#1708,.F.);
#2328=ORIENTED_EDGE('',*,*,#1565,.T.);
#2329=ORIENTED_EDGE('',*,*,#1711,.F.);
#2330=ORIENTED_EDGE('',*,*,#1714,.F.);
#2331=ORIENTED_EDGE('',*,*,#1715,.T.);
#2332=ORIENTED_EDGE('',*,*,#1474,.T.);
#2333=ORIENTED_EDGE('',*,*,#1716,.T.);
#2334=ORIENTED_EDGE('',*,*,#1717,.F.);
#2335=ORIENTED_EDGE('',*,*,#1712,.F.);
#2336=ORIENTED_EDGE('',*,*,#1566,.T.);
#2337=ORIENTED_EDGE('',*,*,#1715,.F.);
#2338=ORIENTED_EDGE('',*,*,#1718,.F.);
#2339=ORIENTED_EDGE('',*,*,#1719,.T.);
#2340=ORIENTED_EDGE('',*,*,#1473,.T.);
#2341=ORIENTED_EDGE('',*,*,#1720,.T.);
#2342=ORIENTED_EDGE('',*,*,#1721,.F.);
#2343=ORIENTED_EDGE('',*,*,#1716,.F.);
#2344=ORIENTED_EDGE('',*,*,#1472,.T.);
#2345=ORIENTED_EDGE('',*,*,#1579,.T.);
#2346=ORIENTED_EDGE('',*,*,#1567,.T.);
#2347=ORIENTED_EDGE('',*,*,#1719,.F.);
#2348=ORIENTED_EDGE('',*,*,#1722,.F.);
#2349=ORIENTED_EDGE('',*,*,#1723,.T.);
#2350=ORIENTED_EDGE('',*,*,#1724,.F.);
#2351=ORIENTED_EDGE('',*,*,#1720,.F.);
#2352=ORIENTED_EDGE('',*,*,#1586,.T.);
#2353=ORIENTED_EDGE('',*,*,#1725,.T.);
#2354=ORIENTED_EDGE('',*,*,#1726,.F.);
#2355=ORIENTED_EDGE('',*,*,#1727,.T.);
#2356=ORIENTED_EDGE('',*,*,#1633,.T.);
#2357=ORIENTED_EDGE('',*,*,#1728,.T.);
#2358=ORIENTED_EDGE('',*,*,#1729,.F.);
#2359=ORIENTED_EDGE('',*,*,#1730,.T.);
#2360=ORIENTED_EDGE('',*,*,#1587,.T.);
#2361=ORIENTED_EDGE('',*,*,#1727,.F.);
#2362=ORIENTED_EDGE('',*,*,#1731,.F.);
#2363=ORIENTED_EDGE('',*,*,#1732,.T.);
#2364=ORIENTED_EDGE('',*,*,#1632,.T.);
#2365=ORIENTED_EDGE('',*,*,#1733,.T.);
#2366=ORIENTED_EDGE('',*,*,#1734,.F.);
#2367=ORIENTED_EDGE('',*,*,#1728,.F.);
#2368=ORIENTED_EDGE('',*,*,#1588,.T.);
#2369=ORIENTED_EDGE('',*,*,#1732,.F.);
#2370=ORIENTED_EDGE('',*,*,#1735,.F.);
#2371=ORIENTED_EDGE('',*,*,#1736,.T.);
#2372=ORIENTED_EDGE('',*,*,#1631,.T.);
#2373=ORIENTED_EDGE('',*,*,#1737,.T.);
#2374=ORIENTED_EDGE('',*,*,#1738,.F.);
#2375=ORIENTED_EDGE('',*,*,#1733,.F.);
#2376=ORIENTED_EDGE('',*,*,#1589,.T.);
#2377=ORIENTED_EDGE('',*,*,#1736,.F.);
#2378=ORIENTED_EDGE('',*,*,#1739,.F.);
#2379=ORIENTED_EDGE('',*,*,#1740,.T.);
#2380=ORIENTED_EDGE('',*,*,#1630,.T.);
#2381=ORIENTED_EDGE('',*,*,#1741,.T.);
#2382=ORIENTED_EDGE('',*,*,#1742,.F.);
#2383=ORIENTED_EDGE('',*,*,#1737,.F.);
#2384=ORIENTED_EDGE('',*,*,#1590,.T.);
#2385=ORIENTED_EDGE('',*,*,#1740,.F.);
#2386=ORIENTED_EDGE('',*,*,#1743,.F.);
#2387=ORIENTED_EDGE('',*,*,#1744,.T.);
#2388=ORIENTED_EDGE('',*,*,#1629,.T.);
#2389=ORIENTED_EDGE('',*,*,#1745,.T.);
#2390=ORIENTED_EDGE('',*,*,#1746,.F.);
#2391=ORIENTED_EDGE('',*,*,#1741,.F.);
#2392=ORIENTED_EDGE('',*,*,#1591,.T.);
#2393=ORIENTED_EDGE('',*,*,#1744,.F.);
#2394=ORIENTED_EDGE('',*,*,#1747,.F.);
#2395=ORIENTED_EDGE('',*,*,#1748,.T.);
#2396=ORIENTED_EDGE('',*,*,#1628,.T.);
#2397=ORIENTED_EDGE('',*,*,#1749,.T.);
#2398=ORIENTED_EDGE('',*,*,#1750,.F.);
#2399=ORIENTED_EDGE('',*,*,#1745,.F.);
#2400=ORIENTED_EDGE('',*,*,#1592,.T.);
#2401=ORIENTED_EDGE('',*,*,#1748,.F.);
#2402=ORIENTED_EDGE('',*,*,#1751,.F.);
#2403=ORIENTED_EDGE('',*,*,#1752,.T.);
#2404=ORIENTED_EDGE('',*,*,#1627,.T.);
#2405=ORIENTED_EDGE('',*,*,#1753,.T.);
#2406=ORIENTED_EDGE('',*,*,#1754,.F.);
#2407=ORIENTED_EDGE('',*,*,#1749,.F.);
#2408=ORIENTED_EDGE('',*,*,#1593,.T.);
#2409=ORIENTED_EDGE('',*,*,#1752,.F.);
#2410=ORIENTED_EDGE('',*,*,#1755,.F.);
#2411=ORIENTED_EDGE('',*,*,#1756,.T.);
#2412=ORIENTED_EDGE('',*,*,#1626,.T.);
#2413=ORIENTED_EDGE('',*,*,#1757,.T.);
#2414=ORIENTED_EDGE('',*,*,#1758,.F.);
#2415=ORIENTED_EDGE('',*,*,#1753,.F.);
#2416=ORIENTED_EDGE('',*,*,#1594,.T.);
#2417=ORIENTED_EDGE('',*,*,#1756,.F.);
#2418=ORIENTED_EDGE('',*,*,#1759,.F.);
#2419=ORIENTED_EDGE('',*,*,#1760,.T.);
#2420=ORIENTED_EDGE('',*,*,#1625,.T.);
#2421=ORIENTED_EDGE('',*,*,#1761,.T.);
#2422=ORIENTED_EDGE('',*,*,#1762,.F.);
#2423=ORIENTED_EDGE('',*,*,#1757,.F.);
#2424=ORIENTED_EDGE('',*,*,#1595,.T.);
#2425=ORIENTED_EDGE('',*,*,#1760,.F.);
#2426=ORIENTED_EDGE('',*,*,#1763,.F.);
#2427=ORIENTED_EDGE('',*,*,#1764,.T.);
#2428=ORIENTED_EDGE('',*,*,#1624,.T.);
#2429=ORIENTED_EDGE('',*,*,#1765,.T.);
#2430=ORIENTED_EDGE('',*,*,#1766,.F.);
#2431=ORIENTED_EDGE('',*,*,#1761,.F.);
#2432=ORIENTED_EDGE('',*,*,#1596,.T.);
#2433=ORIENTED_EDGE('',*,*,#1764,.F.);
#2434=ORIENTED_EDGE('',*,*,#1767,.F.);
#2435=ORIENTED_EDGE('',*,*,#1768,.T.);
#2436=ORIENTED_EDGE('',*,*,#1623,.T.);
#2437=ORIENTED_EDGE('',*,*,#1769,.T.);
#2438=ORIENTED_EDGE('',*,*,#1770,.F.);
#2439=ORIENTED_EDGE('',*,*,#1765,.F.);
#2440=ORIENTED_EDGE('',*,*,#1597,.T.);
#2441=ORIENTED_EDGE('',*,*,#1768,.F.);
#2442=ORIENTED_EDGE('',*,*,#1771,.F.);
#2443=ORIENTED_EDGE('',*,*,#1772,.T.);
#2444=ORIENTED_EDGE('',*,*,#1622,.T.);
#2445=ORIENTED_EDGE('',*,*,#1773,.T.);
#2446=ORIENTED_EDGE('',*,*,#1774,.F.);
#2447=ORIENTED_EDGE('',*,*,#1769,.F.);
#2448=ORIENTED_EDGE('',*,*,#1598,.T.);
#2449=ORIENTED_EDGE('',*,*,#1772,.F.);
#2450=ORIENTED_EDGE('',*,*,#1775,.F.);
#2451=ORIENTED_EDGE('',*,*,#1776,.T.);
#2452=ORIENTED_EDGE('',*,*,#1621,.T.);
#2453=ORIENTED_EDGE('',*,*,#1777,.T.);
#2454=ORIENTED_EDGE('',*,*,#1778,.F.);
#2455=ORIENTED_EDGE('',*,*,#1773,.F.);
#2456=ORIENTED_EDGE('',*,*,#1599,.T.);
#2457=ORIENTED_EDGE('',*,*,#1776,.F.);
#2458=ORIENTED_EDGE('',*,*,#1779,.F.);
#2459=ORIENTED_EDGE('',*,*,#1780,.T.);
#2460=ORIENTED_EDGE('',*,*,#1620,.T.);
#2461=ORIENTED_EDGE('',*,*,#1781,.T.);
#2462=ORIENTED_EDGE('',*,*,#1782,.F.);
#2463=ORIENTED_EDGE('',*,*,#1777,.F.);
#2464=ORIENTED_EDGE('',*,*,#1600,.T.);
#2465=ORIENTED_EDGE('',*,*,#1780,.F.);
#2466=ORIENTED_EDGE('',*,*,#1783,.F.);
#2467=ORIENTED_EDGE('',*,*,#1784,.T.);
#2468=ORIENTED_EDGE('',*,*,#1619,.T.);
#2469=ORIENTED_EDGE('',*,*,#1785,.T.);
#2470=ORIENTED_EDGE('',*,*,#1786,.F.);
#2471=ORIENTED_EDGE('',*,*,#1781,.F.);
#2472=ORIENTED_EDGE('',*,*,#1601,.T.);
#2473=ORIENTED_EDGE('',*,*,#1784,.F.);
#2474=ORIENTED_EDGE('',*,*,#1787,.F.);
#2475=ORIENTED_EDGE('',*,*,#1788,.T.);
#2476=ORIENTED_EDGE('',*,*,#1618,.T.);
#2477=ORIENTED_EDGE('',*,*,#1789,.T.);
#2478=ORIENTED_EDGE('',*,*,#1790,.F.);
#2479=ORIENTED_EDGE('',*,*,#1785,.F.);
#2480=ORIENTED_EDGE('',*,*,#1602,.T.);
#2481=ORIENTED_EDGE('',*,*,#1788,.F.);
#2482=ORIENTED_EDGE('',*,*,#1791,.F.);
#2483=ORIENTED_EDGE('',*,*,#1792,.T.);
#2484=ORIENTED_EDGE('',*,*,#1617,.T.);
#2485=ORIENTED_EDGE('',*,*,#1793,.T.);
#2486=ORIENTED_EDGE('',*,*,#1794,.F.);
#2487=ORIENTED_EDGE('',*,*,#1789,.F.);
#2488=ORIENTED_EDGE('',*,*,#1603,.T.);
#2489=ORIENTED_EDGE('',*,*,#1792,.F.);
#2490=ORIENTED_EDGE('',*,*,#1795,.F.);
#2491=ORIENTED_EDGE('',*,*,#1796,.T.);
#2492=ORIENTED_EDGE('',*,*,#1616,.T.);
#2493=ORIENTED_EDGE('',*,*,#1797,.T.);
#2494=ORIENTED_EDGE('',*,*,#1798,.F.);
#2495=ORIENTED_EDGE('',*,*,#1793,.F.);
#2496=ORIENTED_EDGE('',*,*,#1604,.T.);
#2497=ORIENTED_EDGE('',*,*,#1796,.F.);
#2498=ORIENTED_EDGE('',*,*,#1799,.F.);
#2499=ORIENTED_EDGE('',*,*,#1800,.T.);
#2500=ORIENTED_EDGE('',*,*,#1615,.T.);
#2501=ORIENTED_EDGE('',*,*,#1801,.T.);
#2502=ORIENTED_EDGE('',*,*,#1802,.F.);
#2503=ORIENTED_EDGE('',*,*,#1797,.F.);
#2504=ORIENTED_EDGE('',*,*,#1605,.T.);
#2505=ORIENTED_EDGE('',*,*,#1800,.F.);
#2506=ORIENTED_EDGE('',*,*,#1803,.F.);
#2507=ORIENTED_EDGE('',*,*,#1804,.T.);
#2508=ORIENTED_EDGE('',*,*,#1614,.T.);
#2509=ORIENTED_EDGE('',*,*,#1805,.T.);
#2510=ORIENTED_EDGE('',*,*,#1806,.F.);
#2511=ORIENTED_EDGE('',*,*,#1801,.F.);
#2512=ORIENTED_EDGE('',*,*,#1580,.T.);
#2513=ORIENTED_EDGE('',*,*,#1804,.F.);
#2514=ORIENTED_EDGE('',*,*,#1807,.F.);
#2515=ORIENTED_EDGE('',*,*,#1808,.T.);
#2516=ORIENTED_EDGE('',*,*,#1613,.T.);
#2517=ORIENTED_EDGE('',*,*,#1809,.T.);
#2518=ORIENTED_EDGE('',*,*,#1810,.F.);
#2519=ORIENTED_EDGE('',*,*,#1805,.F.);
#2520=ORIENTED_EDGE('',*,*,#1581,.T.);
#2521=ORIENTED_EDGE('',*,*,#1808,.F.);
#2522=ORIENTED_EDGE('',*,*,#1811,.F.);
#2523=ORIENTED_EDGE('',*,*,#1812,.T.);
#2524=ORIENTED_EDGE('',*,*,#1635,.T.);
#2525=ORIENTED_EDGE('',*,*,#1813,.T.);
#2526=ORIENTED_EDGE('',*,*,#1814,.F.);
#2527=ORIENTED_EDGE('',*,*,#1809,.F.);
#2528=ORIENTED_EDGE('',*,*,#1726,.T.);
#2529=ORIENTED_EDGE('',*,*,#1815,.T.);
#2530=ORIENTED_EDGE('',*,*,#1816,.T.);
#2531=ORIENTED_EDGE('',*,*,#1817,.T.);
#2532=ORIENTED_EDGE('',*,*,#1818,.T.);
#2533=ORIENTED_EDGE('',*,*,#1819,.T.);
#2534=ORIENTED_EDGE('',*,*,#1820,.T.);
#2535=ORIENTED_EDGE('',*,*,#1821,.T.);
#2536=ORIENTED_EDGE('',*,*,#1822,.T.);
#2537=ORIENTED_EDGE('',*,*,#1823,.T.);
#2538=ORIENTED_EDGE('',*,*,#1824,.T.);
#2539=ORIENTED_EDGE('',*,*,#1825,.T.);
#2540=ORIENTED_EDGE('',*,*,#1826,.T.);
#2541=ORIENTED_EDGE('',*,*,#1827,.T.);
#2542=ORIENTED_EDGE('',*,*,#1828,.T.);
#2543=ORIENTED_EDGE('',*,*,#1829,.T.);
#2544=ORIENTED_EDGE('',*,*,#1830,.T.);
#2545=ORIENTED_EDGE('',*,*,#1831,.T.);
#2546=ORIENTED_EDGE('',*,*,#1722,.T.);
#2547=ORIENTED_EDGE('',*,*,#1718,.T.);
#2548=ORIENTED_EDGE('',*,*,#1714,.T.);
#2549=ORIENTED_EDGE('',*,*,#1710,.T.);
#2550=ORIENTED_EDGE('',*,*,#1706,.T.);
#2551=ORIENTED_EDGE('',*,*,#1702,.T.);
#2552=ORIENTED_EDGE('',*,*,#1698,.T.);
#2553=ORIENTED_EDGE('',*,*,#1694,.T.);
#2554=ORIENTED_EDGE('',*,*,#1690,.T.);
#2555=ORIENTED_EDGE('',*,*,#1686,.T.);
#2556=ORIENTED_EDGE('',*,*,#1682,.T.);
#2557=ORIENTED_EDGE('',*,*,#1678,.T.);
#2558=ORIENTED_EDGE('',*,*,#1674,.T.);
#2559=ORIENTED_EDGE('',*,*,#1670,.T.);
#2560=ORIENTED_EDGE('',*,*,#1666,.T.);
#2561=ORIENTED_EDGE('',*,*,#1662,.T.);
#2562=ORIENTED_EDGE('',*,*,#1658,.T.);
#2563=ORIENTED_EDGE('',*,*,#1654,.T.);
#2564=ORIENTED_EDGE('',*,*,#1650,.T.);
#2565=ORIENTED_EDGE('',*,*,#1646,.T.);
#2566=ORIENTED_EDGE('',*,*,#1642,.T.);
#2567=ORIENTED_EDGE('',*,*,#1637,.T.);
#2568=ORIENTED_EDGE('',*,*,#1832,.T.);
#2569=ORIENTED_EDGE('',*,*,#1833,.T.);
#2570=ORIENTED_EDGE('',*,*,#1834,.T.);
#2571=ORIENTED_EDGE('',*,*,#1835,.T.);
#2572=ORIENTED_EDGE('',*,*,#1836,.T.);
#2573=ORIENTED_EDGE('',*,*,#1837,.T.);
#2574=ORIENTED_EDGE('',*,*,#1838,.T.);
#2575=ORIENTED_EDGE('',*,*,#1839,.T.);
#2576=ORIENTED_EDGE('',*,*,#1840,.T.);
#2577=ORIENTED_EDGE('',*,*,#1841,.T.);
#2578=ORIENTED_EDGE('',*,*,#1842,.T.);
#2579=ORIENTED_EDGE('',*,*,#1843,.T.);
#2580=ORIENTED_EDGE('',*,*,#1844,.T.);
#2581=ORIENTED_EDGE('',*,*,#1845,.T.);
#2582=ORIENTED_EDGE('',*,*,#1846,.T.);
#2583=ORIENTED_EDGE('',*,*,#1847,.T.);
#2584=ORIENTED_EDGE('',*,*,#1848,.T.);
#2585=ORIENTED_EDGE('',*,*,#1849,.T.);
#2586=ORIENTED_EDGE('',*,*,#1850,.T.);
#2587=ORIENTED_EDGE('',*,*,#1851,.T.);
#2588=ORIENTED_EDGE('',*,*,#1852,.T.);
#2589=ORIENTED_EDGE('',*,*,#1853,.T.);
#2590=ORIENTED_EDGE('',*,*,#1811,.T.);
#2591=ORIENTED_EDGE('',*,*,#1807,.T.);
#2592=ORIENTED_EDGE('',*,*,#1803,.T.);
#2593=ORIENTED_EDGE('',*,*,#1799,.T.);
#2594=ORIENTED_EDGE('',*,*,#1795,.T.);
#2595=ORIENTED_EDGE('',*,*,#1791,.T.);
#2596=ORIENTED_EDGE('',*,*,#1787,.T.);
#2597=ORIENTED_EDGE('',*,*,#1783,.T.);
#2598=ORIENTED_EDGE('',*,*,#1779,.T.);
#2599=ORIENTED_EDGE('',*,*,#1775,.T.);
#2600=ORIENTED_EDGE('',*,*,#1771,.T.);
#2601=ORIENTED_EDGE('',*,*,#1767,.T.);
#2602=ORIENTED_EDGE('',*,*,#1763,.T.);
#2603=ORIENTED_EDGE('',*,*,#1759,.T.);
#2604=ORIENTED_EDGE('',*,*,#1755,.T.);
#2605=ORIENTED_EDGE('',*,*,#1751,.T.);
#2606=ORIENTED_EDGE('',*,*,#1747,.T.);
#2607=ORIENTED_EDGE('',*,*,#1743,.T.);
#2608=ORIENTED_EDGE('',*,*,#1739,.T.);
#2609=ORIENTED_EDGE('',*,*,#1735,.T.);
#2610=ORIENTED_EDGE('',*,*,#1731,.T.);
#2611=ORIENTED_EDGE('',*,*,#1497,.T.);
#2612=ORIENTED_EDGE('',*,*,#1500,.T.);
#2613=ORIENTED_EDGE('',*,*,#1503,.T.);
#2614=ORIENTED_EDGE('',*,*,#1536,.T.);
#2615=ORIENTED_EDGE('',*,*,#1539,.T.);
#2616=ORIENTED_EDGE('',*,*,#1542,.T.);
#2617=ORIENTED_EDGE('',*,*,#1634,.T.);
#2618=ORIENTED_EDGE('',*,*,#1730,.F.);
#2619=ORIENTED_EDGE('',*,*,#1854,.F.);
#2620=ORIENTED_EDGE('',*,*,#1855,.F.);
#2621=ORIENTED_EDGE('',*,*,#1815,.F.);
#2622=ORIENTED_EDGE('',*,*,#1725,.F.);
#2623=ORIENTED_EDGE('',*,*,#1585,.T.);
#2624=ORIENTED_EDGE('',*,*,#1606,.T.);
#2625=ORIENTED_EDGE('',*,*,#1855,.T.);
#2626=ORIENTED_EDGE('',*,*,#1856,.F.);
#2627=ORIENTED_EDGE('',*,*,#1857,.F.);
#2628=ORIENTED_EDGE('',*,*,#1816,.F.);
#2629=ORIENTED_EDGE('',*,*,#1857,.T.);
#2630=ORIENTED_EDGE('',*,*,#1858,.F.);
#2631=ORIENTED_EDGE('',*,*,#1859,.F.);
#2632=ORIENTED_EDGE('',*,*,#1817,.F.);
#2633=ORIENTED_EDGE('',*,*,#1859,.T.);
#2634=ORIENTED_EDGE('',*,*,#1860,.F.);
#2635=ORIENTED_EDGE('',*,*,#1861,.F.);
#2636=ORIENTED_EDGE('',*,*,#1818,.F.);
#2637=ORIENTED_EDGE('',*,*,#1861,.T.);
#2638=ORIENTED_EDGE('',*,*,#1862,.F.);
#2639=ORIENTED_EDGE('',*,*,#1863,.F.);
#2640=ORIENTED_EDGE('',*,*,#1819,.F.);
#2641=ORIENTED_EDGE('',*,*,#1863,.T.);
#2642=ORIENTED_EDGE('',*,*,#1864,.F.);
#2643=ORIENTED_EDGE('',*,*,#1865,.F.);
#2644=ORIENTED_EDGE('',*,*,#1820,.F.);
#2645=ORIENTED_EDGE('',*,*,#1865,.T.);
#2646=ORIENTED_EDGE('',*,*,#1866,.F.);
#2647=ORIENTED_EDGE('',*,*,#1867,.F.);
#2648=ORIENTED_EDGE('',*,*,#1821,.F.);
#2649=ORIENTED_EDGE('',*,*,#1867,.T.);
#2650=ORIENTED_EDGE('',*,*,#1868,.F.);
#2651=ORIENTED_EDGE('',*,*,#1869,.F.);
#2652=ORIENTED_EDGE('',*,*,#1822,.F.);
#2653=ORIENTED_EDGE('',*,*,#1869,.T.);
#2654=ORIENTED_EDGE('',*,*,#1870,.F.);
#2655=ORIENTED_EDGE('',*,*,#1871,.F.);
#2656=ORIENTED_EDGE('',*,*,#1823,.F.);
#2657=ORIENTED_EDGE('',*,*,#1871,.T.);
#2658=ORIENTED_EDGE('',*,*,#1872,.F.);
#2659=ORIENTED_EDGE('',*,*,#1873,.F.);
#2660=ORIENTED_EDGE('',*,*,#1824,.F.);
#2661=ORIENTED_EDGE('',*,*,#1873,.T.);
#2662=ORIENTED_EDGE('',*,*,#1874,.F.);
#2663=ORIENTED_EDGE('',*,*,#1875,.F.);
#2664=ORIENTED_EDGE('',*,*,#1825,.F.);
#2665=ORIENTED_EDGE('',*,*,#1875,.T.);
#2666=ORIENTED_EDGE('',*,*,#1876,.F.);
#2667=ORIENTED_EDGE('',*,*,#1877,.F.);
#2668=ORIENTED_EDGE('',*,*,#1826,.F.);
#2669=ORIENTED_EDGE('',*,*,#1877,.T.);
#2670=ORIENTED_EDGE('',*,*,#1878,.F.);
#2671=ORIENTED_EDGE('',*,*,#1879,.F.);
#2672=ORIENTED_EDGE('',*,*,#1827,.F.);
#2673=ORIENTED_EDGE('',*,*,#1879,.T.);
#2674=ORIENTED_EDGE('',*,*,#1880,.F.);
#2675=ORIENTED_EDGE('',*,*,#1881,.F.);
#2676=ORIENTED_EDGE('',*,*,#1828,.F.);
#2677=ORIENTED_EDGE('',*,*,#1881,.T.);
#2678=ORIENTED_EDGE('',*,*,#1882,.F.);
#2679=ORIENTED_EDGE('',*,*,#1883,.F.);
#2680=ORIENTED_EDGE('',*,*,#1829,.F.);
#2681=ORIENTED_EDGE('',*,*,#1883,.T.);
#2682=ORIENTED_EDGE('',*,*,#1884,.F.);
#2683=ORIENTED_EDGE('',*,*,#1885,.F.);
#2684=ORIENTED_EDGE('',*,*,#1830,.F.);
#2685=ORIENTED_EDGE('',*,*,#1885,.T.);
#2686=ORIENTED_EDGE('',*,*,#1886,.F.);
#2687=ORIENTED_EDGE('',*,*,#1723,.F.);
#2688=ORIENTED_EDGE('',*,*,#1831,.F.);
#2689=ORIENTED_EDGE('',*,*,#1636,.T.);
#2690=ORIENTED_EDGE('',*,*,#1468,.T.);
#2691=ORIENTED_EDGE('',*,*,#1641,.T.);
#2692=ORIENTED_EDGE('',*,*,#1887,.F.);
#2693=ORIENTED_EDGE('',*,*,#1888,.F.);
#2694=ORIENTED_EDGE('',*,*,#1832,.F.);
#2695=ORIENTED_EDGE('',*,*,#1888,.T.);
#2696=ORIENTED_EDGE('',*,*,#1889,.F.);
#2697=ORIENTED_EDGE('',*,*,#1890,.F.);
#2698=ORIENTED_EDGE('',*,*,#1833,.F.);
#2699=ORIENTED_EDGE('',*,*,#1890,.T.);
#2700=ORIENTED_EDGE('',*,*,#1891,.F.);
#2701=ORIENTED_EDGE('',*,*,#1892,.F.);
#2702=ORIENTED_EDGE('',*,*,#1834,.F.);
#2703=ORIENTED_EDGE('',*,*,#1892,.T.);
#2704=ORIENTED_EDGE('',*,*,#1893,.F.);
#2705=ORIENTED_EDGE('',*,*,#1894,.F.);
#2706=ORIENTED_EDGE('',*,*,#1835,.F.);
#2707=ORIENTED_EDGE('',*,*,#1894,.T.);
#2708=ORIENTED_EDGE('',*,*,#1895,.F.);
#2709=ORIENTED_EDGE('',*,*,#1896,.F.);
#2710=ORIENTED_EDGE('',*,*,#1836,.F.);
#2711=ORIENTED_EDGE('',*,*,#1896,.T.);
#2712=ORIENTED_EDGE('',*,*,#1897,.F.);
#2713=ORIENTED_EDGE('',*,*,#1898,.F.);
#2714=ORIENTED_EDGE('',*,*,#1837,.F.);
#2715=ORIENTED_EDGE('',*,*,#1898,.T.);
#2716=ORIENTED_EDGE('',*,*,#1899,.F.);
#2717=ORIENTED_EDGE('',*,*,#1900,.F.);
#2718=ORIENTED_EDGE('',*,*,#1838,.F.);
#2719=ORIENTED_EDGE('',*,*,#1900,.T.);
#2720=ORIENTED_EDGE('',*,*,#1901,.F.);
#2721=ORIENTED_EDGE('',*,*,#1902,.F.);
#2722=ORIENTED_EDGE('',*,*,#1839,.F.);
#2723=ORIENTED_EDGE('',*,*,#1902,.T.);
#2724=ORIENTED_EDGE('',*,*,#1903,.F.);
#2725=ORIENTED_EDGE('',*,*,#1904,.F.);
#2726=ORIENTED_EDGE('',*,*,#1840,.F.);
#2727=ORIENTED_EDGE('',*,*,#1904,.T.);
#2728=ORIENTED_EDGE('',*,*,#1905,.F.);
#2729=ORIENTED_EDGE('',*,*,#1906,.F.);
#2730=ORIENTED_EDGE('',*,*,#1841,.F.);
#2731=ORIENTED_EDGE('',*,*,#1906,.T.);
#2732=ORIENTED_EDGE('',*,*,#1907,.F.);
#2733=ORIENTED_EDGE('',*,*,#1908,.F.);
#2734=ORIENTED_EDGE('',*,*,#1842,.F.);
#2735=ORIENTED_EDGE('',*,*,#1908,.T.);
#2736=ORIENTED_EDGE('',*,*,#1909,.F.);
#2737=ORIENTED_EDGE('',*,*,#1910,.F.);
#2738=ORIENTED_EDGE('',*,*,#1843,.F.);
#2739=ORIENTED_EDGE('',*,*,#1910,.T.);
#2740=ORIENTED_EDGE('',*,*,#1911,.F.);
#2741=ORIENTED_EDGE('',*,*,#1912,.F.);
#2742=ORIENTED_EDGE('',*,*,#1844,.F.);
#2743=ORIENTED_EDGE('',*,*,#1912,.T.);
#2744=ORIENTED_EDGE('',*,*,#1913,.F.);
#2745=ORIENTED_EDGE('',*,*,#1914,.F.);
#2746=ORIENTED_EDGE('',*,*,#1845,.F.);
#2747=ORIENTED_EDGE('',*,*,#1914,.T.);
#2748=ORIENTED_EDGE('',*,*,#1915,.F.);
#2749=ORIENTED_EDGE('',*,*,#1916,.F.);
#2750=ORIENTED_EDGE('',*,*,#1846,.F.);
#2751=ORIENTED_EDGE('',*,*,#1916,.T.);
#2752=ORIENTED_EDGE('',*,*,#1917,.F.);
#2753=ORIENTED_EDGE('',*,*,#1918,.F.);
#2754=ORIENTED_EDGE('',*,*,#1847,.F.);
#2755=ORIENTED_EDGE('',*,*,#1918,.T.);
#2756=ORIENTED_EDGE('',*,*,#1919,.F.);
#2757=ORIENTED_EDGE('',*,*,#1920,.F.);
#2758=ORIENTED_EDGE('',*,*,#1848,.F.);
#2759=ORIENTED_EDGE('',*,*,#1920,.T.);
#2760=ORIENTED_EDGE('',*,*,#1921,.F.);
#2761=ORIENTED_EDGE('',*,*,#1922,.F.);
#2762=ORIENTED_EDGE('',*,*,#1849,.F.);
#2763=ORIENTED_EDGE('',*,*,#1922,.T.);
#2764=ORIENTED_EDGE('',*,*,#1923,.F.);
#2765=ORIENTED_EDGE('',*,*,#1924,.F.);
#2766=ORIENTED_EDGE('',*,*,#1850,.F.);
#2767=ORIENTED_EDGE('',*,*,#1924,.T.);
#2768=ORIENTED_EDGE('',*,*,#1925,.F.);
#2769=ORIENTED_EDGE('',*,*,#1926,.F.);
#2770=ORIENTED_EDGE('',*,*,#1851,.F.);
#2771=ORIENTED_EDGE('',*,*,#1926,.T.);
#2772=ORIENTED_EDGE('',*,*,#1927,.F.);
#2773=ORIENTED_EDGE('',*,*,#1928,.F.);
#2774=ORIENTED_EDGE('',*,*,#1852,.F.);
#2775=ORIENTED_EDGE('',*,*,#1928,.T.);
#2776=ORIENTED_EDGE('',*,*,#1929,.F.);
#2777=ORIENTED_EDGE('',*,*,#1813,.F.);
#2778=ORIENTED_EDGE('',*,*,#1611,.F.);
#2779=ORIENTED_EDGE('',*,*,#1812,.F.);
#2780=ORIENTED_EDGE('',*,*,#1853,.F.);
#2781=ORIENTED_EDGE('',*,*,#1729,.T.);
#2782=ORIENTED_EDGE('',*,*,#1734,.T.);
#2783=ORIENTED_EDGE('',*,*,#1738,.T.);
#2784=ORIENTED_EDGE('',*,*,#1742,.T.);
#2785=ORIENTED_EDGE('',*,*,#1746,.T.);
#2786=ORIENTED_EDGE('',*,*,#1750,.T.);
#2787=ORIENTED_EDGE('',*,*,#1754,.T.);
#2788=ORIENTED_EDGE('',*,*,#1758,.T.);
#2789=ORIENTED_EDGE('',*,*,#1762,.T.);
#2790=ORIENTED_EDGE('',*,*,#1766,.T.);
#2791=ORIENTED_EDGE('',*,*,#1770,.T.);
#2792=ORIENTED_EDGE('',*,*,#1774,.T.);
#2793=ORIENTED_EDGE('',*,*,#1778,.T.);
#2794=ORIENTED_EDGE('',*,*,#1782,.T.);
#2795=ORIENTED_EDGE('',*,*,#1786,.T.);
#2796=ORIENTED_EDGE('',*,*,#1790,.T.);
#2797=ORIENTED_EDGE('',*,*,#1794,.T.);
#2798=ORIENTED_EDGE('',*,*,#1798,.T.);
#2799=ORIENTED_EDGE('',*,*,#1802,.T.);
#2800=ORIENTED_EDGE('',*,*,#1806,.T.);
#2801=ORIENTED_EDGE('',*,*,#1810,.T.);
#2802=ORIENTED_EDGE('',*,*,#1814,.T.);
#2803=ORIENTED_EDGE('',*,*,#1929,.T.);
#2804=ORIENTED_EDGE('',*,*,#1927,.T.);
#2805=ORIENTED_EDGE('',*,*,#1925,.T.);
#2806=ORIENTED_EDGE('',*,*,#1923,.T.);
#2807=ORIENTED_EDGE('',*,*,#1921,.T.);
#2808=ORIENTED_EDGE('',*,*,#1919,.T.);
#2809=ORIENTED_EDGE('',*,*,#1917,.T.);
#2810=ORIENTED_EDGE('',*,*,#1915,.T.);
#2811=ORIENTED_EDGE('',*,*,#1913,.T.);
#2812=ORIENTED_EDGE('',*,*,#1911,.T.);
#2813=ORIENTED_EDGE('',*,*,#1909,.T.);
#2814=ORIENTED_EDGE('',*,*,#1907,.T.);
#2815=ORIENTED_EDGE('',*,*,#1905,.T.);
#2816=ORIENTED_EDGE('',*,*,#1903,.T.);
#2817=ORIENTED_EDGE('',*,*,#1901,.T.);
#2818=ORIENTED_EDGE('',*,*,#1899,.T.);
#2819=ORIENTED_EDGE('',*,*,#1897,.T.);
#2820=ORIENTED_EDGE('',*,*,#1895,.T.);
#2821=ORIENTED_EDGE('',*,*,#1893,.T.);
#2822=ORIENTED_EDGE('',*,*,#1891,.T.);
#2823=ORIENTED_EDGE('',*,*,#1889,.T.);
#2824=ORIENTED_EDGE('',*,*,#1887,.T.);
#2825=ORIENTED_EDGE('',*,*,#1640,.T.);
#2826=ORIENTED_EDGE('',*,*,#1645,.T.);
#2827=ORIENTED_EDGE('',*,*,#1649,.T.);
#2828=ORIENTED_EDGE('',*,*,#1653,.T.);
#2829=ORIENTED_EDGE('',*,*,#1657,.T.);
#2830=ORIENTED_EDGE('',*,*,#1661,.T.);
#2831=ORIENTED_EDGE('',*,*,#1665,.T.);
#2832=ORIENTED_EDGE('',*,*,#1669,.T.);
#2833=ORIENTED_EDGE('',*,*,#1673,.T.);
#2834=ORIENTED_EDGE('',*,*,#1677,.T.);
#2835=ORIENTED_EDGE('',*,*,#1681,.T.);
#2836=ORIENTED_EDGE('',*,*,#1685,.T.);
#2837=ORIENTED_EDGE('',*,*,#1689,.T.);
#2838=ORIENTED_EDGE('',*,*,#1693,.T.);
#2839=ORIENTED_EDGE('',*,*,#1697,.T.);
#2840=ORIENTED_EDGE('',*,*,#1701,.T.);
#2841=ORIENTED_EDGE('',*,*,#1705,.T.);
#2842=ORIENTED_EDGE('',*,*,#1709,.T.);
#2843=ORIENTED_EDGE('',*,*,#1713,.T.);
#2844=ORIENTED_EDGE('',*,*,#1717,.T.);
#2845=ORIENTED_EDGE('',*,*,#1721,.T.);
#2846=ORIENTED_EDGE('',*,*,#1724,.T.);
#2847=ORIENTED_EDGE('',*,*,#1886,.T.);
#2848=ORIENTED_EDGE('',*,*,#1884,.T.);
#2849=ORIENTED_EDGE('',*,*,#1882,.T.);
#2850=ORIENTED_EDGE('',*,*,#1880,.T.);
#2851=ORIENTED_EDGE('',*,*,#1878,.T.);
#2852=ORIENTED_EDGE('',*,*,#1876,.T.);
#2853=ORIENTED_EDGE('',*,*,#1874,.T.);
#2854=ORIENTED_EDGE('',*,*,#1872,.T.);
#2855=ORIENTED_EDGE('',*,*,#1870,.T.);
#2856=ORIENTED_EDGE('',*,*,#1868,.T.);
#2857=ORIENTED_EDGE('',*,*,#1866,.T.);
#2858=ORIENTED_EDGE('',*,*,#1864,.T.);
#2859=ORIENTED_EDGE('',*,*,#1862,.T.);
#2860=ORIENTED_EDGE('',*,*,#1860,.T.);
#2861=ORIENTED_EDGE('',*,*,#1858,.T.);
#2862=ORIENTED_EDGE('',*,*,#1856,.T.);
#2863=ORIENTED_EDGE('',*,*,#1854,.T.);
#2864=ORIENTED_EDGE('',*,*,#1506,.T.);
#2865=ORIENTED_EDGE('',*,*,#1508,.T.);
#2866=ORIENTED_EDGE('',*,*,#1514,.T.);
#2867=ORIENTED_EDGE('',*,*,#1545,.T.);
#2868=ORIENTED_EDGE('',*,*,#1548,.T.);
#2869=ORIENTED_EDGE('',*,*,#1551,.T.);
#2870=CYLINDRICAL_SURFACE('',#3147,3.1);
#2871=CYLINDRICAL_SURFACE('',#3169,0.9);
#2872=CYLINDRICAL_SURFACE('',#3172,0.9);
#2873=CYLINDRICAL_SURFACE('',#3175,0.9);
#2874=CYLINDRICAL_SURFACE('',#3178,0.9);
#2875=CYLINDRICAL_SURFACE('',#3181,0.9);
#2876=CYLINDRICAL_SURFACE('',#3183,0.9);
#2877=CYLINDRICAL_SURFACE('',#3186,0.9);
#2878=CYLINDRICAL_SURFACE('',#3189,0.9);
#2879=CYLINDRICAL_SURFACE('',#3216,2.75);
#2880=CYLINDRICAL_SURFACE('',#3220,2.75);
#2881=CYLINDRICAL_SURFACE('',#3224,2.75);
#2882=CYLINDRICAL_SURFACE('',#3228,2.75);
#2883=CYLINDRICAL_SURFACE('',#3232,2.75);
#2884=CYLINDRICAL_SURFACE('',#3236,2.75);
#2885=CYLINDRICAL_SURFACE('',#3256,1.50000000001911);
#2886=CYLINDRICAL_SURFACE('',#3275,1.5);
#2887=CYLINDRICAL_SURFACE('',#3293,3.57142321054486);
#2888=CYLINDRICAL_SURFACE('',#3295,3.57142321054486);
#2889=CYLINDRICAL_SURFACE('',#3297,3.57142927621382);
#2890=CYLINDRICAL_SURFACE('',#3299,3.57142927621382);
#2891=CYLINDRICAL_SURFACE('',#3301,6.28657701837621);
#2892=CYLINDRICAL_SURFACE('',#3303,6.28657701837621);
#2893=CYLINDRICAL_SURFACE('',#3305,3.57142931938633);
#2894=CYLINDRICAL_SURFACE('',#3307,3.57142931938633);
#2895=CYLINDRICAL_SURFACE('',#3309,3.57142927573746);
#2896=CYLINDRICAL_SURFACE('',#3311,3.57142927573746);
#2897=CYLINDRICAL_SURFACE('',#3313,6.28657700906105);
#2898=CYLINDRICAL_SURFACE('',#3315,6.28657700906105);
#2899=CYLINDRICAL_SURFACE('',#3317,3.57142932042618);
#2900=CYLINDRICAL_SURFACE('',#3319,3.57142932042618);
#2901=CYLINDRICAL_SURFACE('',#3321,3.57142927701031);
#2902=CYLINDRICAL_SURFACE('',#3323,3.57142927701031);
#2903=CYLINDRICAL_SURFACE('',#3325,6.28657702171792);
#2904=CYLINDRICAL_SURFACE('',#3327,6.28657702171792);
#2905=CYLINDRICAL_SURFACE('',#3329,3.57142932084407);
#2906=CYLINDRICAL_SURFACE('',#3331,3.57142932084407);
#2907=CYLINDRICAL_SURFACE('',#3333,3.57142927578658);
#2908=CYLINDRICAL_SURFACE('',#3335,3.57142927578658);
#2909=CYLINDRICAL_SURFACE('',#3337,6.28657708703644);
#2910=CYLINDRICAL_SURFACE('',#3339,6.28657708703644);
#2911=CYLINDRICAL_SURFACE('',#3341,3.57142932023274);
#2912=CYLINDRICAL_SURFACE('',#3343,3.57142932023274);
#2913=CYLINDRICAL_SURFACE('',#3345,3.57142607394881);
#2914=CYLINDRICAL_SURFACE('',#3348,6.28657707681994);
#2915=CYLINDRICAL_SURFACE('',#3350,6.28657707681994);
#2916=CYLINDRICAL_SURFACE('',#3352,3.57142927588522);
#2917=CYLINDRICAL_SURFACE('',#3354,3.57142927588522);
#2918=CYLINDRICAL_SURFACE('',#3356,3.57142932047053);
#2919=CYLINDRICAL_SURFACE('',#3358,3.57142932047053);
#2920=CYLINDRICAL_SURFACE('',#3360,6.28657707220982);
#2921=CYLINDRICAL_SURFACE('',#3362,6.28657707220982);
#2922=CYLINDRICAL_SURFACE('',#3364,3.57142927572647);
#2923=CYLINDRICAL_SURFACE('',#3366,3.57142927572647);
#2924=CYLINDRICAL_SURFACE('',#3368,3.57142932022997);
#2925=CYLINDRICAL_SURFACE('',#3370,3.57142932022997);
#2926=CYLINDRICAL_SURFACE('',#3372,6.28657707625546);
#2927=CYLINDRICAL_SURFACE('',#3374,6.28657707625546);
#2928=CYLINDRICAL_SURFACE('',#3376,3.57142927571785);
#2929=CYLINDRICAL_SURFACE('',#3378,3.57142927571785);
#2930=CYLINDRICAL_SURFACE('',#3380,3.57142932016238);
#2931=CYLINDRICAL_SURFACE('',#3382,3.57142932016238);
#2932=CYLINDRICAL_SURFACE('',#3384,6.28657692995538);
#2933=CYLINDRICAL_SURFACE('',#3386,6.28657692995538);
#2934=CYLINDRICAL_SURFACE('',#3388,3.57142927569672);
#2935=CYLINDRICAL_SURFACE('',#3390,3.57142927569672);
#2936=CYLINDRICAL_SURFACE('',#3392,3.57142932058759);
#2937=CYLINDRICAL_SURFACE('',#3394,3.57142932058759);
#2938=CYLINDRICAL_SURFACE('',#3396,6.2859638872463);
#2939=CYLINDRICAL_SURFACE('',#3398,6.2859638872463);
#2940=CYLINDRICAL_SURFACE('',#3422,3.57142932036846);
#2941=CYLINDRICAL_SURFACE('',#3424,3.57142927584528);
#2942=CYLINDRICAL_SURFACE('',#3426,6.28657707392264);
#2943=CYLINDRICAL_SURFACE('',#3428,3.57142932058759);
#2944=CYLINDRICAL_SURFACE('',#3430,3.57142927562606);
#2945=CYLINDRICAL_SURFACE('',#3433,6.28657707423281);
#2946=CYLINDRICAL_SURFACE('',#3435,3.57142927765373);
#2947=CYLINDRICAL_SURFACE('',#3437,3.57142932084247);
#2948=CYLINDRICAL_SURFACE('',#3439,6.28657706612527);
#2949=CYLINDRICAL_SURFACE('',#3441,3.5714286705484);
#2950=CYLINDRICAL_SURFACE('',#3445,1.42857142857143);
#2951=CYLINDRICAL_SURFACE('',#3447,0.714285714285713);
#2952=CYLINDRICAL_SURFACE('',#3449,0.857142857142855);
#2953=CYLINDRICAL_SURFACE('',#3454,1.42857142857143);
#2954=CYLINDRICAL_SURFACE('',#3456,0.892857142857143);
#2955=CYLINDRICAL_SURFACE('',#3458,1.42857142857143);
#2956=CYLINDRICAL_SURFACE('',#3461,3.57143730344064);
#2957=CYLINDRICAL_SURFACE('',#3463,6.28657707681994);
#2958=CYLINDRICAL_SURFACE('',#3465,3.57142932036846);
#2959=CYLINDRICAL_SURFACE('',#3467,3.57142927595796);
#2960=CYLINDRICAL_SURFACE('',#3469,6.28657707392264);
#2961=ADVANCED_FACE('',(#214),#2870,.F.);
#2962=ADVANCED_FACE('',(#215),#184,.F.);
#2963=ADVANCED_FACE('',(#216),#185,.F.);
#2964=ADVANCED_FACE('',(#217,#66),#186,.F.);
#2965=ADVANCED_FACE('',(#218),#2871,.F.);
#2966=ADVANCED_FACE('',(#219),#2872,.F.);
#2967=ADVANCED_FACE('',(#220),#2873,.F.);
#2968=ADVANCED_FACE('',(#221),#2874,.F.);
#2969=ADVANCED_FACE('',(#222),#2875,.F.);
#2970=ADVANCED_FACE('',(#223),#2876,.F.);
#2971=ADVANCED_FACE('',(#224),#2877,.F.);
#2972=ADVANCED_FACE('',(#225),#2878,.F.);
#2973=ADVANCED_FACE('',(#226,#67),#187,.F.);
#2974=ADVANCED_FACE('',(#227),#60,.T.);
#2975=ADVANCED_FACE('',(#228,#68),#188,.F.);
#2976=ADVANCED_FACE('',(#229),#61,.T.);
#2977=ADVANCED_FACE('',(#230,#69),#189,.F.);
#2978=ADVANCED_FACE('',(#231),#62,.T.);
#2979=ADVANCED_FACE('',(#232,#70),#190,.F.);
#2980=ADVANCED_FACE('',(#233),#63,.T.);
#2981=ADVANCED_FACE('',(#234,#71),#191,.F.);
#2982=ADVANCED_FACE('',(#235),#64,.T.);
#2983=ADVANCED_FACE('',(#236,#72),#192,.F.);
#2984=ADVANCED_FACE('',(#237),#65,.T.);
#2985=ADVANCED_FACE('',(#238),#2879,.F.);
#2986=ADVANCED_FACE('',(#239,#73),#193,.T.);
#2987=ADVANCED_FACE('',(#240),#2880,.F.);
#2988=ADVANCED_FACE('',(#241,#74),#194,.T.);
#2989=ADVANCED_FACE('',(#242),#2881,.F.);
#2990=ADVANCED_FACE('',(#243,#75),#195,.T.);
#2991=ADVANCED_FACE('',(#244),#2882,.F.);
#2992=ADVANCED_FACE('',(#245,#76),#196,.T.);
#2993=ADVANCED_FACE('',(#246),#2883,.F.);
#2994=ADVANCED_FACE('',(#247,#77),#197,.T.);
#2995=ADVANCED_FACE('',(#248),#2884,.F.);
#2996=ADVANCED_FACE('',(#249,#78),#198,.T.);
#2997=ADVANCED_FACE('',(#250,#79),#199,.T.);
#2998=ADVANCED_FACE('',(#251),#2885,.F.);
#2999=ADVANCED_FACE('',(#252),#200,.F.);
#3000=ADVANCED_FACE('',(#253,#80),#201,.T.);
#3001=ADVANCED_FACE('',(#254),#202,.F.);
#3002=ADVANCED_FACE('',(#255),#2886,.F.);
#3003=ADVANCED_FACE('',(#256),#203,.F.);
#3004=ADVANCED_FACE('',(#257,#81),#204,.F.);
#3005=ADVANCED_FACE('',(#258),#2887,.F.);
#3006=ADVANCED_FACE('',(#259),#2888,.F.);
#3007=ADVANCED_FACE('',(#260),#2889,.F.);
#3008=ADVANCED_FACE('',(#261),#2890,.F.);
#3009=ADVANCED_FACE('',(#262),#15,.T.);
#3010=ADVANCED_FACE('',(#263),#16,.T.);
#3011=ADVANCED_FACE('',(#264),#2891,.T.);
#3012=ADVANCED_FACE('',(#265),#2892,.T.);
#3013=ADVANCED_FACE('',(#266),#17,.T.);
#3014=ADVANCED_FACE('',(#267),#18,.T.);
#3015=ADVANCED_FACE('',(#268),#2893,.F.);
#3016=ADVANCED_FACE('',(#269),#2894,.F.);
#3017=ADVANCED_FACE('',(#270),#2895,.F.);
#3018=ADVANCED_FACE('',(#271),#2896,.F.);
#3019=ADVANCED_FACE('',(#272),#19,.T.);
#3020=ADVANCED_FACE('',(#273),#20,.T.);
#3021=ADVANCED_FACE('',(#274),#2897,.T.);
#3022=ADVANCED_FACE('',(#275),#2898,.T.);
#3023=ADVANCED_FACE('',(#276),#21,.T.);
#3024=ADVANCED_FACE('',(#277),#22,.T.);
#3025=ADVANCED_FACE('',(#278),#2899,.F.);
#3026=ADVANCED_FACE('',(#279),#2900,.F.);
#3027=ADVANCED_FACE('',(#280),#2901,.F.);
#3028=ADVANCED_FACE('',(#281),#2902,.F.);
#3029=ADVANCED_FACE('',(#282),#23,.T.);
#3030=ADVANCED_FACE('',(#283),#24,.T.);
#3031=ADVANCED_FACE('',(#284),#2903,.T.);
#3032=ADVANCED_FACE('',(#285),#2904,.T.);
#3033=ADVANCED_FACE('',(#286),#25,.T.);
#3034=ADVANCED_FACE('',(#287),#26,.T.);
#3035=ADVANCED_FACE('',(#288),#2905,.F.);
#3036=ADVANCED_FACE('',(#289),#2906,.F.);
#3037=ADVANCED_FACE('',(#290),#2907,.F.);
#3038=ADVANCED_FACE('',(#291),#2908,.F.);
#3039=ADVANCED_FACE('',(#292),#27,.T.);
#3040=ADVANCED_FACE('',(#293),#28,.T.);
#3041=ADVANCED_FACE('',(#294),#2909,.T.);
#3042=ADVANCED_FACE('',(#295),#2910,.T.);
#3043=ADVANCED_FACE('',(#296),#29,.T.);
#3044=ADVANCED_FACE('',(#297),#30,.T.);
#3045=ADVANCED_FACE('',(#298),#2911,.F.);
#3046=ADVANCED_FACE('',(#299),#2912,.F.);
#3047=ADVANCED_FACE('',(#300),#2913,.F.);
#3048=ADVANCED_FACE('',(#301),#31,.T.);
#3049=ADVANCED_FACE('',(#302),#32,.T.);
#3050=ADVANCED_FACE('',(#303),#2914,.T.);
#3051=ADVANCED_FACE('',(#304),#2915,.T.);
#3052=ADVANCED_FACE('',(#305),#33,.T.);
#3053=ADVANCED_FACE('',(#306),#34,.T.);
#3054=ADVANCED_FACE('',(#307),#2916,.F.);
#3055=ADVANCED_FACE('',(#308),#2917,.F.);
#3056=ADVANCED_FACE('',(#309),#2918,.F.);
#3057=ADVANCED_FACE('',(#310),#2919,.F.);
#3058=ADVANCED_FACE('',(#311),#35,.T.);
#3059=ADVANCED_FACE('',(#312),#36,.T.);
#3060=ADVANCED_FACE('',(#313),#2920,.T.);
#3061=ADVANCED_FACE('',(#314),#2921,.T.);
#3062=ADVANCED_FACE('',(#315),#37,.T.);
#3063=ADVANCED_FACE('',(#316),#38,.T.);
#3064=ADVANCED_FACE('',(#317),#2922,.F.);
#3065=ADVANCED_FACE('',(#318),#2923,.F.);
#3066=ADVANCED_FACE('',(#319),#2924,.F.);
#3067=ADVANCED_FACE('',(#320),#2925,.F.);
#3068=ADVANCED_FACE('',(#321),#39,.T.);
#3069=ADVANCED_FACE('',(#322),#40,.T.);
#3070=ADVANCED_FACE('',(#323),#2926,.T.);
#3071=ADVANCED_FACE('',(#324),#2927,.T.);
#3072=ADVANCED_FACE('',(#325),#41,.T.);
#3073=ADVANCED_FACE('',(#326),#42,.T.);
#3074=ADVANCED_FACE('',(#327),#2928,.F.);
#3075=ADVANCED_FACE('',(#328),#2929,.F.);
#3076=ADVANCED_FACE('',(#329),#2930,.F.);
#3077=ADVANCED_FACE('',(#330),#2931,.F.);
#3078=ADVANCED_FACE('',(#331),#43,.T.);
#3079=ADVANCED_FACE('',(#332),#44,.T.);
#3080=ADVANCED_FACE('',(#333),#2932,.T.);
#3081=ADVANCED_FACE('',(#334),#2933,.T.);
#3082=ADVANCED_FACE('',(#335),#45,.T.);
#3083=ADVANCED_FACE('',(#336),#46,.T.);
#3084=ADVANCED_FACE('',(#337),#2934,.F.);
#3085=ADVANCED_FACE('',(#338),#2935,.F.);
#3086=ADVANCED_FACE('',(#339),#2936,.F.);
#3087=ADVANCED_FACE('',(#340),#2937,.F.);
#3088=ADVANCED_FACE('',(#341),#47,.T.);
#3089=ADVANCED_FACE('',(#342),#48,.T.);
#3090=ADVANCED_FACE('',(#343),#2938,.T.);
#3091=ADVANCED_FACE('',(#344),#2939,.T.);
#3092=ADVANCED_FACE('',(#345,#82,#83,#84,#85,#86,#87),#205,.F.);
#3093=ADVANCED_FACE('',(#346),#2940,.F.);
#3094=ADVANCED_FACE('',(#347),#2941,.F.);
#3095=ADVANCED_FACE('',(#348),#49,.T.);
#3096=ADVANCED_FACE('',(#349),#2942,.T.);
#3097=ADVANCED_FACE('',(#350),#50,.T.);
#3098=ADVANCED_FACE('',(#351),#2943,.F.);
#3099=ADVANCED_FACE('',(#352),#2944,.F.);
#3100=ADVANCED_FACE('',(#353),#51,.T.);
#3101=ADVANCED_FACE('',(#354),#206,.T.);
#3102=ADVANCED_FACE('',(#355),#52,.T.);
#3103=ADVANCED_FACE('',(#356),#2945,.T.);
#3104=ADVANCED_FACE('',(#357),#53,.T.);
#3105=ADVANCED_FACE('',(#358),#2946,.F.);
#3106=ADVANCED_FACE('',(#359),#2947,.F.);
#3107=ADVANCED_FACE('',(#360),#54,.T.);
#3108=ADVANCED_FACE('',(#361),#2948,.T.);
#3109=ADVANCED_FACE('',(#362),#55,.T.);
#3110=ADVANCED_FACE('',(#363),#2949,.F.);
#3111=ADVANCED_FACE('',(#364),#207,.T.);
#3112=ADVANCED_FACE('',(#365),#208,.T.);
#3113=ADVANCED_FACE('',(#366),#2950,.F.);
#3114=ADVANCED_FACE('',(#367),#2951,.T.);
#3115=ADVANCED_FACE('',(#368),#56,.T.);
#3116=ADVANCED_FACE('',(#369),#2952,.F.);
#3117=ADVANCED_FACE('',(#370),#209,.T.);
#3118=ADVANCED_FACE('',(#371),#210,.T.);
#3119=ADVANCED_FACE('',(#372),#211,.T.);
#3120=ADVANCED_FACE('',(#373),#2953,.T.);
#3121=ADVANCED_FACE('',(#374),#2954,.F.);
#3122=ADVANCED_FACE('',(#375),#2955,.T.);
#3123=ADVANCED_FACE('',(#376),#212,.T.);
#3124=ADVANCED_FACE('',(#377),#2956,.F.);
#3125=ADVANCED_FACE('',(#378),#57,.T.);
#3126=ADVANCED_FACE('',(#379),#2957,.T.);
#3127=ADVANCED_FACE('',(#380),#58,.T.);
#3128=ADVANCED_FACE('',(#381),#2958,.F.);
#3129=ADVANCED_FACE('',(#382),#2959,.F.);
#3130=ADVANCED_FACE('',(#383),#59,.T.);
#3131=ADVANCED_FACE('',(#384),#2960,.T.);
#3132=ADVANCED_FACE('',(#385,#88,#89,#90,#91,#92,#93),#213,.T.);
#3133=CLOSED_SHELL('',(#2961,#2962,#2963,#2964,#2965,#2966,#2967,#2968,
#2969,#2970,#2971,#2972,#2973,#2974,#2975,#2976,#2977,#2978,#2979,#2980,
#2981,#2982,#2983,#2984,#2985,#2986,#2987,#2988,#2989,#2990,#2991,#2992,
#2993,#2994,#2995,#2996,#2997,#2998,#2999,#3000,#3001,#3002,#3003,#3004,
#3005,#3006,#3007,#3008,#3009,#3010,#3011,#3012,#3013,#3014,#3015,#3016,
#3017,#3018,#3019,#3020,#3021,#3022,#3023,#3024,#3025,#3026,#3027,#3028,
#3029,#3030,#3031,#3032,#3033,#3034,#3035,#3036,#3037,#3038,#3039,#3040,
#3041,#3042,#3043,#3044,#3045,#3046,#3047,#3048,#3049,#3050,#3051,#3052,
#3053,#3054,#3055,#3056,#3057,#3058,#3059,#3060,#3061,#3062,#3063,#3064,
#3065,#3066,#3067,#3068,#3069,#3070,#3071,#3072,#3073,#3074,#3075,#3076,
#3077,#3078,#3079,#3080,#3081,#3082,#3083,#3084,#3085,#3086,#3087,#3088,
#3089,#3090,#3091,#3092,#3093,#3094,#3095,#3096,#3097,#3098,#3099,#3100,
#3101,#3102,#3103,#3104,#3105,#3106,#3107,#3108,#3109,#3110,#3111,#3112,
#3113,#3114,#3115,#3116,#3117,#3118,#3119,#3120,#3121,#3122,#3123,#3124,
#3125,#3126,#3127,#3128,#3129,#3130,#3131,#3132));
#3134=DERIVED_UNIT_ELEMENT(#3136,1.);
#3135=DERIVED_UNIT_ELEMENT(#6063,-3.);
#3136=(
MASS_UNIT()
NAMED_UNIT(*)
SI_UNIT(.KILO.,.GRAM.)
);
#3137=DERIVED_UNIT((#3134,#3135));
#3138=MEASURE_REPRESENTATION_ITEM('density measure',
POSITIVE_RATIO_MEASURE(7850.),#3137);
#3139=PROPERTY_DEFINITION_REPRESENTATION(#3144,#3141);
#3140=PROPERTY_DEFINITION_REPRESENTATION(#3145,#3142);
#3141=REPRESENTATION('material name',(#3143),#6060);
#3142=REPRESENTATION('density',(#3138),#6060);
#3143=DESCRIPTIVE_REPRESENTATION_ITEM('Steel','Steel');
#3144=PROPERTY_DEFINITION('material property','material name',#6070);
#3145=PROPERTY_DEFINITION('material property','density of part',#6070);
#3146=AXIS2_PLACEMENT_3D('',#4306,#3472,#3473);
#3147=AXIS2_PLACEMENT_3D('',#4307,#3474,#3475);
#3148=AXIS2_PLACEMENT_3D('',#4312,#3477,#3478);
#3149=AXIS2_PLACEMENT_3D('',#4315,#3480,#3481);
#3150=AXIS2_PLACEMENT_3D('',#4316,#3482,#3483);
#3151=AXIS2_PLACEMENT_3D('',#4320,#3485,#3486);
#3152=AXIS2_PLACEMENT_3D('',#4322,#3488,#3489);
#3153=AXIS2_PLACEMENT_3D('',#4330,#3494,#3495);
#3154=AXIS2_PLACEMENT_3D('',#4334,#3497,#3498);
#3155=AXIS2_PLACEMENT_3D('',#4336,#3499,#3500);
#3156=AXIS2_PLACEMENT_3D('',#4345,#3501,#3502);
#3157=AXIS2_PLACEMENT_3D('',#4352,#3503,#3504);
#3158=AXIS2_PLACEMENT_3D('',#4354,#3505,#3506);
#3159=AXIS2_PLACEMENT_3D('',#4363,#3507,#3508);
#3160=AXIS2_PLACEMENT_3D('',#4372,#3509,#3510);
#3161=AXIS2_PLACEMENT_3D('',#4374,#3511,#3512);
#3162=AXIS2_PLACEMENT_3D('',#4381,#3513,#3514);
#3163=AXIS2_PLACEMENT_3D('',#4390,#3515,#3516);
#3164=AXIS2_PLACEMENT_3D('',#4392,#3517,#3518);
#3165=AXIS2_PLACEMENT_3D('',#4401,#3519,#3520);
#3166=AXIS2_PLACEMENT_3D('',#4410,#3521,#3522);
#3167=AXIS2_PLACEMENT_3D('',#4411,#3523,#3524);
#3168=AXIS2_PLACEMENT_3D('',#4413,#3525,#3526);
#3169=AXIS2_PLACEMENT_3D('',#4414,#3527,#3528);
#3170=AXIS2_PLACEMENT_3D('',#4416,#3529,#3530);
#3171=AXIS2_PLACEMENT_3D('',#4419,#3532,#3533);
#3172=AXIS2_PLACEMENT_3D('',#4420,#3534,#3535);
#3173=AXIS2_PLACEMENT_3D('',#4422,#3536,#3537);
#3174=AXIS2_PLACEMENT_3D('',#4425,#3539,#3540);
#3175=AXIS2_PLACEMENT_3D('',#4426,#3541,#3542);
#3176=AXIS2_PLACEMENT_3D('',#4428,#3543,#3544);
#3177=AXIS2_PLACEMENT_3D('',#4431,#3546,#3547);
#3178=AXIS2_PLACEMENT_3D('',#4432,#3548,#3549);
#3179=AXIS2_PLACEMENT_3D('',#4434,#3550,#3551);
#3180=AXIS2_PLACEMENT_3D('',#4437,#3553,#3554);
#3181=AXIS2_PLACEMENT_3D('',#4438,#3555,#3556);
#3182=AXIS2_PLACEMENT_3D('',#4441,#3558,#3559);
#3183=AXIS2_PLACEMENT_3D('',#4442,#3560,#3561);
#3184=AXIS2_PLACEMENT_3D('',#4444,#3562,#3563);
#3185=AXIS2_PLACEMENT_3D('',#4447,#3565,#3566);
#3186=AXIS2_PLACEMENT_3D('',#4448,#3567,#3568);
#3187=AXIS2_PLACEMENT_3D('',#4450,#3569,#3570);
#3188=AXIS2_PLACEMENT_3D('',#4453,#3572,#3573);
#3189=AXIS2_PLACEMENT_3D('',#4454,#3574,#3575);
#3190=AXIS2_PLACEMENT_3D('',#4456,#3576,#3577);
#3191=AXIS2_PLACEMENT_3D('',#4459,#3579,#3580);
#3192=AXIS2_PLACEMENT_3D('',#4460,#3581,#3582);
#3193=AXIS2_PLACEMENT_3D('',#4462,#3583,#3584);
#3194=AXIS2_PLACEMENT_3D('',#4463,#3585,#3586);
#3195=AXIS2_PLACEMENT_3D('',#4466,#3588,#3589);
#3196=AXIS2_PLACEMENT_3D('',#4467,#3590,#3591);
#3197=AXIS2_PLACEMENT_3D('',#4469,#3592,#3593);
#3198=AXIS2_PLACEMENT_3D('',#4470,#3594,#3595);
#3199=AXIS2_PLACEMENT_3D('',#4473,#3597,#3598);
#3200=AXIS2_PLACEMENT_3D('',#4474,#3599,#3600);
#3201=AXIS2_PLACEMENT_3D('',#4476,#3601,#3602);
#3202=AXIS2_PLACEMENT_3D('',#4477,#3603,#3604);
#3203=AXIS2_PLACEMENT_3D('',#4480,#3606,#3607);
#3204=AXIS2_PLACEMENT_3D('',#4481,#3608,#3609);
#3205=AXIS2_PLACEMENT_3D('',#4483,#3610,#3611);
#3206=AXIS2_PLACEMENT_3D('',#4484,#3612,#3613);
#3207=AXIS2_PLACEMENT_3D('',#4487,#3615,#3616);
#3208=AXIS2_PLACEMENT_3D('',#4488,#3617,#3618);
#3209=AXIS2_PLACEMENT_3D('',#4490,#3619,#3620);
#3210=AXIS2_PLACEMENT_3D('',#4491,#3621,#3622);
#3211=AXIS2_PLACEMENT_3D('',#4494,#3624,#3625);
#3212=AXIS2_PLACEMENT_3D('',#4495,#3626,#3627);
#3213=AXIS2_PLACEMENT_3D('',#4497,#3628,#3629);
#3214=AXIS2_PLACEMENT_3D('',#4498,#3630,#3631);
#3215=AXIS2_PLACEMENT_3D('',#4501,#3633,#3634);
#3216=AXIS2_PLACEMENT_3D('',#4502,#3635,#3636);
#3217=AXIS2_PLACEMENT_3D('',#4504,#3637,#3638);
#3218=AXIS2_PLACEMENT_3D('',#4507,#3640,#3641);
#3219=AXIS2_PLACEMENT_3D('',#4508,#3642,#3643);
#3220=AXIS2_PLACEMENT_3D('',#4509,#3644,#3645);
#3221=AXIS2_PLACEMENT_3D('',#4511,#3646,#3647);
#3222=AXIS2_PLACEMENT_3D('',#4514,#3649,#3650);
#3223=AXIS2_PLACEMENT_3D('',#4515,#3651,#3652);
#3224=AXIS2_PLACEMENT_3D('',#4516,#3653,#3654);
#3225=AXIS2_PLACEMENT_3D('',#4518,#3655,#3656);
#3226=AXIS2_PLACEMENT_3D('',#4521,#3658,#3659);
#3227=AXIS2_PLACEMENT_3D('',#4522,#3660,#3661);
#3228=AXIS2_PLACEMENT_3D('',#4523,#3662,#3663);
#3229=AXIS2_PLACEMENT_3D('',#4525,#3664,#3665);
#3230=AXIS2_PLACEMENT_3D('',#4528,#3667,#3668);
#3231=AXIS2_PLACEMENT_3D('',#4529,#3669,#3670);
#3232=AXIS2_PLACEMENT_3D('',#4530,#3671,#3672);
#3233=AXIS2_PLACEMENT_3D('',#4532,#3673,#3674);
#3234=AXIS2_PLACEMENT_3D('',#4535,#3676,#3677);
#3235=AXIS2_PLACEMENT_3D('',#4536,#3678,#3679);
#3236=AXIS2_PLACEMENT_3D('',#4537,#3680,#3681);
#3237=AXIS2_PLACEMENT_3D('',#4539,#3682,#3683);
#3238=AXIS2_PLACEMENT_3D('',#4542,#3685,#3686);
#3239=AXIS2_PLACEMENT_3D('',#4543,#3687,#3688);
#3240=AXIS2_PLACEMENT_3D('',#4544,#3689,#3690);
#3241=AXIS2_PLACEMENT_3D('',#4547,#3691,#3692);
#3242=AXIS2_PLACEMENT_3D('',#4554,#3693,#3694);
#3243=AXIS2_PLACEMENT_3D('',#4556,#3695,#3696);
#3244=AXIS2_PLACEMENT_3D('',#4565,#3697,#3698);
#3245=AXIS2_PLACEMENT_3D('',#4574,#3699,#3700);
#3246=AXIS2_PLACEMENT_3D('',#4576,#3701,#3702);
#3247=AXIS2_PLACEMENT_3D('',#4583,#3703,#3704);
#3248=AXIS2_PLACEMENT_3D('',#4592,#3705,#3706);
#3249=AXIS2_PLACEMENT_3D('',#4594,#3707,#3708);
#3250=AXIS2_PLACEMENT_3D('',#4597,#3710,#3711);
#3251=AXIS2_PLACEMENT_3D('',#4599,#3712,#3713);
#3252=AXIS2_PLACEMENT_3D('',#4601,#3714,#3715);
#3253=AXIS2_PLACEMENT_3D('',#4610,#3716,#3717);
#3254=AXIS2_PLACEMENT_3D('',#4619,#3718,#3719);
#3255=AXIS2_PLACEMENT_3D('',#4621,#3720,#3721);
#3256=AXIS2_PLACEMENT_3D('',#4628,#3722,#3723);
#3257=AXIS2_PLACEMENT_3D('',#4630,#3725,#3726);
#3258=AXIS2_PLACEMENT_3D('',#4632,#3728,#3729);
#3259=AXIS2_PLACEMENT_3D('',#4642,#3730,#3731);
#3260=AXIS2_PLACEMENT_3D('',#4646,#3733,#3734);
#3261=AXIS2_PLACEMENT_3D('',#4650,#3736,#3737);
#3262=AXIS2_PLACEMENT_3D('',#4657,#3738,#3739);
#3263=AXIS2_PLACEMENT_3D('',#4664,#3740,#3741);
#3264=AXIS2_PLACEMENT_3D('',#4666,#3742,#3743);
#3265=AXIS2_PLACEMENT_3D('',#4673,#3744,#3745);
#3266=AXIS2_PLACEMENT_3D('',#4682,#3746,#3747);
#3267=AXIS2_PLACEMENT_3D('',#4684,#3748,#3749);
#3268=AXIS2_PLACEMENT_3D('',#4691,#3750,#3751);
#3269=AXIS2_PLACEMENT_3D('',#4700,#3752,#3753);
#3270=AXIS2_PLACEMENT_3D('',#4702,#3754,#3755);
#3271=AXIS2_PLACEMENT_3D('',#4711,#3756,#3757);
#3272=AXIS2_PLACEMENT_3D('',#4718,#3758,#3759);
#3273=AXIS2_PLACEMENT_3D('',#4719,#3760,#3761);
#3274=AXIS2_PLACEMENT_3D('',#4720,#3762,#3763);
#3275=AXIS2_PLACEMENT_3D('',#4726,#3767,#3768);
#3276=AXIS2_PLACEMENT_3D('',#4729,#3770,#3771);
#3277=AXIS2_PLACEMENT_3D('',#4730,#3772,#3773);
#3278=AXIS2_PLACEMENT_3D('',#4734,#3776,#3777);
#3279=AXIS2_PLACEMENT_3D('',#4744,#3778,#3779);
#3280=AXIS2_PLACEMENT_3D('',#4746,#3780,#3781);
#3281=AXIS2_PLACEMENT_3D('',#4753,#3782,#3783);
#3282=AXIS2_PLACEMENT_3D('',#4762,#3784,#3785);
#3283=AXIS2_PLACEMENT_3D('',#4764,#3786,#3787);
#3284=AXIS2_PLACEMENT_3D('',#4773,#3788,#3789);
#3285=AXIS2_PLACEMENT_3D('',#4780,#3790,#3791);
#3286=AXIS2_PLACEMENT_3D('',#4782,#3792,#3793);
#3287=AXIS2_PLACEMENT_3D('',#4791,#3794,#3795);
#3288=AXIS2_PLACEMENT_3D('',#4798,#3796,#3797);
#3289=AXIS2_PLACEMENT_3D('',#4800,#3798,#3799);
#3290=AXIS2_PLACEMENT_3D('',#4807,#3800,#3801);
#3291=AXIS2_PLACEMENT_3D('',#4813,#3802,#3803);
#3292=AXIS2_PLACEMENT_3D('',#4814,#3804,#3805);
#3293=AXIS2_PLACEMENT_3D('',#4815,#3806,#3807);
#3294=AXIS2_PLACEMENT_3D('',#4819,#3809,#3810);
#3295=AXIS2_PLACEMENT_3D('',#4821,#3812,#3813);
#3296=AXIS2_PLACEMENT_3D('',#4825,#3815,#3816);
#3297=AXIS2_PLACEMENT_3D('',#4827,#3818,#3819);
#3298=AXIS2_PLACEMENT_3D('',#4829,#3820,#3821);
#3299=AXIS2_PLACEMENT_3D('',#4831,#3823,#3824);
#3300=AXIS2_PLACEMENT_3D('',#4834,#3826,#3827);
#3301=AXIS2_PLACEMENT_3D('',#4863,#3830,#3831);
#3302=AXIS2_PLACEMENT_3D('',#4865,#3832,#3833);
#3303=AXIS2_PLACEMENT_3D('',#4867,#3835,#3836);
#3304=AXIS2_PLACEMENT_3D('',#4870,#3838,#3839);
#3305=AXIS2_PLACEMENT_3D('',#4899,#3842,#3843);
#3306=AXIS2_PLACEMENT_3D('',#4901,#3844,#3845);
#3307=AXIS2_PLACEMENT_3D('',#4903,#3847,#3848);
#3308=AXIS2_PLACEMENT_3D('',#4906,#3850,#3851);
#3309=AXIS2_PLACEMENT_3D('',#4907,#3852,#3853);
#3310=AXIS2_PLACEMENT_3D('',#4909,#3854,#3855);
#3311=AXIS2_PLACEMENT_3D('',#4911,#3857,#3858);
#3312=AXIS2_PLACEMENT_3D('',#4914,#3860,#3861);
#3313=AXIS2_PLACEMENT_3D('',#4943,#3864,#3865);
#3314=AXIS2_PLACEMENT_3D('',#4945,#3866,#3867);
#3315=AXIS2_PLACEMENT_3D('',#4947,#3869,#3870);
#3316=AXIS2_PLACEMENT_3D('',#4950,#3872,#3873);
#3317=AXIS2_PLACEMENT_3D('',#4991,#3876,#3877);
#3318=AXIS2_PLACEMENT_3D('',#4993,#3878,#3879);
#3319=AXIS2_PLACEMENT_3D('',#4995,#3881,#3882);
#3320=AXIS2_PLACEMENT_3D('',#4998,#3884,#3885);
#3321=AXIS2_PLACEMENT_3D('',#4999,#3886,#3887);
#3322=AXIS2_PLACEMENT_3D('',#5001,#3888,#3889);
#3323=AXIS2_PLACEMENT_3D('',#5003,#3891,#3892);
#3324=AXIS2_PLACEMENT_3D('',#5006,#3894,#3895);
#3325=AXIS2_PLACEMENT_3D('',#5035,#3898,#3899);
#3326=AXIS2_PLACEMENT_3D('',#5037,#3900,#3901);
#3327=AXIS2_PLACEMENT_3D('',#5039,#3903,#3904);
#3328=AXIS2_PLACEMENT_3D('',#5042,#3906,#3907);
#3329=AXIS2_PLACEMENT_3D('',#5071,#3910,#3911);
#3330=AXIS2_PLACEMENT_3D('',#5073,#3912,#3913);
#3331=AXIS2_PLACEMENT_3D('',#5075,#3915,#3916);
#3332=AXIS2_PLACEMENT_3D('',#5078,#3918,#3919);
#3333=AXIS2_PLACEMENT_3D('',#5079,#3920,#3921);
#3334=AXIS2_PLACEMENT_3D('',#5081,#3922,#3923);
#3335=AXIS2_PLACEMENT_3D('',#5083,#3925,#3926);
#3336=AXIS2_PLACEMENT_3D('',#5086,#3928,#3929);
#3337=AXIS2_PLACEMENT_3D('',#5127,#3932,#3933);
#3338=AXIS2_PLACEMENT_3D('',#5129,#3934,#3935);
#3339=AXIS2_PLACEMENT_3D('',#5131,#3937,#3938);
#3340=AXIS2_PLACEMENT_3D('',#5134,#3940,#3941);
#3341=AXIS2_PLACEMENT_3D('',#5163,#3944,#3945);
#3342=AXIS2_PLACEMENT_3D('',#5165,#3946,#3947);
#3343=AXIS2_PLACEMENT_3D('',#5167,#3949,#3950);
#3344=AXIS2_PLACEMENT_3D('',#5170,#3952,#3953);
#3345=AXIS2_PLACEMENT_3D('',#5171,#3954,#3955);
#3346=AXIS2_PLACEMENT_3D('',#5173,#3956,#3957);
#3347=AXIS2_PLACEMENT_3D('',#5176,#3959,#3960);
#3348=AXIS2_PLACEMENT_3D('',#5221,#3965,#3966);
#3349=AXIS2_PLACEMENT_3D('',#5223,#3967,#3968);
#3350=AXIS2_PLACEMENT_3D('',#5225,#3970,#3971);
#3351=AXIS2_PLACEMENT_3D('',#5228,#3973,#3974);
#3352=AXIS2_PLACEMENT_3D('',#5269,#3977,#3978);
#3353=AXIS2_PLACEMENT_3D('',#5271,#3979,#3980);
#3354=AXIS2_PLACEMENT_3D('',#5273,#3982,#3983);
#3355=AXIS2_PLACEMENT_3D('',#5276,#3985,#3986);
#3356=AXIS2_PLACEMENT_3D('',#5277,#3987,#3988);
#3357=AXIS2_PLACEMENT_3D('',#5279,#3989,#3990);
#3358=AXIS2_PLACEMENT_3D('',#5281,#3992,#3993);
#3359=AXIS2_PLACEMENT_3D('',#5284,#3995,#3996);
#3360=AXIS2_PLACEMENT_3D('',#5325,#3999,#4000);
#3361=AXIS2_PLACEMENT_3D('',#5327,#4001,#4002);
#3362=AXIS2_PLACEMENT_3D('',#5329,#4004,#4005);
#3363=AXIS2_PLACEMENT_3D('',#5332,#4007,#4008);
#3364=AXIS2_PLACEMENT_3D('',#5361,#4011,#4012);
#3365=AXIS2_PLACEMENT_3D('',#5363,#4013,#4014);
#3366=AXIS2_PLACEMENT_3D('',#5365,#4016,#4017);
#3367=AXIS2_PLACEMENT_3D('',#5368,#4019,#4020);
#3368=AXIS2_PLACEMENT_3D('',#5369,#4021,#4022);
#3369=AXIS2_PLACEMENT_3D('',#5371,#4023,#4024);
#3370=AXIS2_PLACEMENT_3D('',#5373,#4026,#4027);
#3371=AXIS2_PLACEMENT_3D('',#5376,#4029,#4030);
#3372=AXIS2_PLACEMENT_3D('',#5417,#4033,#4034);
#3373=AXIS2_PLACEMENT_3D('',#5419,#4035,#4036);
#3374=AXIS2_PLACEMENT_3D('',#5421,#4038,#4039);
#3375=AXIS2_PLACEMENT_3D('',#5424,#4041,#4042);
#3376=AXIS2_PLACEMENT_3D('',#5453,#4045,#4046);
#3377=AXIS2_PLACEMENT_3D('',#5455,#4047,#4048);
#3378=AXIS2_PLACEMENT_3D('',#5457,#4050,#4051);
#3379=AXIS2_PLACEMENT_3D('',#5460,#4053,#4054);
#3380=AXIS2_PLACEMENT_3D('',#5461,#4055,#4056);
#3381=AXIS2_PLACEMENT_3D('',#5463,#4057,#4058);
#3382=AXIS2_PLACEMENT_3D('',#5465,#4060,#4061);
#3383=AXIS2_PLACEMENT_3D('',#5468,#4063,#4064);
#3384=AXIS2_PLACEMENT_3D('',#5497,#4067,#4068);
#3385=AXIS2_PLACEMENT_3D('',#5499,#4069,#4070);
#3386=AXIS2_PLACEMENT_3D('',#5501,#4072,#4073);
#3387=AXIS2_PLACEMENT_3D('',#5504,#4075,#4076);
#3388=AXIS2_PLACEMENT_3D('',#5545,#4079,#4080);
#3389=AXIS2_PLACEMENT_3D('',#5547,#4081,#4082);
#3390=AXIS2_PLACEMENT_3D('',#5549,#4084,#4085);
#3391=AXIS2_PLACEMENT_3D('',#5552,#4087,#4088);
#3392=AXIS2_PLACEMENT_3D('',#5553,#4089,#4090);
#3393=AXIS2_PLACEMENT_3D('',#5555,#4091,#4092);
#3394=AXIS2_PLACEMENT_3D('',#5557,#4094,#4095);
#3395=AXIS2_PLACEMENT_3D('',#5560,#4097,#4098);
#3396=AXIS2_PLACEMENT_3D('',#5589,#4101,#4102);
#3397=AXIS2_PLACEMENT_3D('',#5591,#4103,#4104);
#3398=AXIS2_PLACEMENT_3D('',#5593,#4106,#4107);
#3399=AXIS2_PLACEMENT_3D('',#5596,#4109,#4110);
#3400=AXIS2_PLACEMENT_3D('',#5597,#4111,#4112);
#3401=AXIS2_PLACEMENT_3D('',#5599,#4113,#4114);
#3402=AXIS2_PLACEMENT_3D('',#5601,#4115,#4116);
#3403=AXIS2_PLACEMENT_3D('',#5610,#4117,#4118);
#3404=AXIS2_PLACEMENT_3D('',#5619,#4119,#4120);
#3405=AXIS2_PLACEMENT_3D('',#5621,#4121,#4122);
#3406=AXIS2_PLACEMENT_3D('',#5639,#4124,#4125);
#3407=AXIS2_PLACEMENT_3D('',#5648,#4126,#4127);
#3408=AXIS2_PLACEMENT_3D('',#5650,#4128,#4129);
#3409=AXIS2_PLACEMENT_3D('',#5659,#4130,#4131);
#3410=AXIS2_PLACEMENT_3D('',#5667,#4132,#4133);
#3411=AXIS2_PLACEMENT_3D('',#5673,#4136,#4137);
#3412=AXIS2_PLACEMENT_3D('',#5675,#4138,#4139);
#3413=AXIS2_PLACEMENT_3D('',#5684,#4140,#4141);
#3414=AXIS2_PLACEMENT_3D('',#5692,#4145,#4146);
#3415=AXIS2_PLACEMENT_3D('',#5694,#4147,#4148);
#3416=AXIS2_PLACEMENT_3D('',#5696,#4149,#4150);
#3417=AXIS2_PLACEMENT_3D('',#5700,#4152,#4153);
#3418=AXIS2_PLACEMENT_3D('',#5709,#4154,#4155);
#3419=AXIS2_PLACEMENT_3D('',#5718,#4156,#4157);
#3420=AXIS2_PLACEMENT_3D('',#5720,#4158,#4159);
#3421=AXIS2_PLACEMENT_3D('',#5728,#4160,#4161);
#3422=AXIS2_PLACEMENT_3D('',#5729,#4162,#4163);
#3423=AXIS2_PLACEMENT_3D('',#5731,#4164,#4165);
#3424=AXIS2_PLACEMENT_3D('',#5733,#4167,#4168);
#3425=AXIS2_PLACEMENT_3D('',#5735,#4169,#4170);
#3426=AXIS2_PLACEMENT_3D('',#5757,#4173,#4174);
#3427=AXIS2_PLACEMENT_3D('',#5759,#4175,#4176);
#3428=AXIS2_PLACEMENT_3D('',#5781,#4179,#4180);
#3429=AXIS2_PLACEMENT_3D('',#5783,#4181,#4182);
#3430=AXIS2_PLACEMENT_3D('',#5785,#4184,#4185);
#3431=AXIS2_PLACEMENT_3D('',#5787,#4186,#4187);
#3432=AXIS2_PLACEMENT_3D('',#5809,#4190,#4191);
#3433=AXIS2_PLACEMENT_3D('',#5833,#4195,#4196);
#3434=AXIS2_PLACEMENT_3D('',#5835,#4197,#4198);
#3435=AXIS2_PLACEMENT_3D('',#5857,#4201,#4202);
#3436=AXIS2_PLACEMENT_3D('',#5859,#4203,#4204);
#3437=AXIS2_PLACEMENT_3D('',#5861,#4206,#4207);
#3438=AXIS2_PLACEMENT_3D('',#5863,#4208,#4209);
#3439=AXIS2_PLACEMENT_3D('',#5885,#4212,#4213);
#3440=AXIS2_PLACEMENT_3D('',#5887,#4214,#4215);
#3441=AXIS2_PLACEMENT_3D('',#5907,#4217,#4218);
#3442=AXIS2_PLACEMENT_3D('',#5909,#4219,#4220);
#3443=AXIS2_PLACEMENT_3D('',#5911,#4222,#4223);
#3444=AXIS2_PLACEMENT_3D('',#5915,#4226,#4227);
#3445=AXIS2_PLACEMENT_3D('',#5919,#4230,#4231);
#3446=AXIS2_PLACEMENT_3D('',#5921,#4232,#4233);
#3447=AXIS2_PLACEMENT_3D('',#5923,#4235,#4236);
#3448=AXIS2_PLACEMENT_3D('',#5925,#4237,#4238);
#3449=AXIS2_PLACEMENT_3D('',#5947,#4241,#4242);
#3450=AXIS2_PLACEMENT_3D('',#5949,#4243,#4244);
#3451=AXIS2_PLACEMENT_3D('',#5951,#4246,#4247);
#3452=AXIS2_PLACEMENT_3D('',#5955,#4250,#4251);
#3453=AXIS2_PLACEMENT_3D('',#5959,#4254,#4255);
#3454=AXIS2_PLACEMENT_3D('',#5963,#4258,#4259);
#3455=AXIS2_PLACEMENT_3D('',#5965,#4260,#4261);
#3456=AXIS2_PLACEMENT_3D('',#5967,#4263,#4264);
#3457=AXIS2_PLACEMENT_3D('',#5969,#4265,#4266);
#3458=AXIS2_PLACEMENT_3D('',#5971,#4268,#4269);
#3459=AXIS2_PLACEMENT_3D('',#5973,#4270,#4271);
#3460=AXIS2_PLACEMENT_3D('',#5975,#4273,#4274);
#3461=AXIS2_PLACEMENT_3D('',#5979,#4277,#4278);
#3462=AXIS2_PLACEMENT_3D('',#5981,#4279,#4280);
#3463=AXIS2_PLACEMENT_3D('',#6003,#4283,#4284);
#3464=AXIS2_PLACEMENT_3D('',#6005,#4285,#4286);
#3465=AXIS2_PLACEMENT_3D('',#6027,#4289,#4290);
#3466=AXIS2_PLACEMENT_3D('',#6029,#4291,#4292);
#3467=AXIS2_PLACEMENT_3D('',#6031,#4294,#4295);
#3468=AXIS2_PLACEMENT_3D('',#6033,#4296,#4297);
#3469=AXIS2_PLACEMENT_3D('',#6055,#4300,#4301);
#3470=AXIS2_PLACEMENT_3D('',#6056,#4302,#4303);
#3471=AXIS2_PLACEMENT_3D('',#6057,#4304,#4305);
#3472=DIRECTION('axis',(0.,0.,1.));
#3473=DIRECTION('refdir',(1.,0.,0.));
#3474=DIRECTION('center_axis',(0.,0.,-1.));
#3475=DIRECTION('ref_axis',(-1.,0.,0.));
#3476=DIRECTION('',(0.,0.,1.));
#3477=DIRECTION('center_axis',(0.,0.,-1.));
#3478=DIRECTION('ref_axis',(-1.,0.,0.));
#3479=DIRECTION('',(0.,0.,-1.));
#3480=DIRECTION('center_axis',(0.,0.,-1.));
#3481=DIRECTION('ref_axis',(-1.,0.,0.));
#3482=DIRECTION('center_axis',(0.,0.,-1.));
#3483=DIRECTION('ref_axis',(-1.,0.,0.));
#3484=DIRECTION('',(1.,0.,0.));
#3485=DIRECTION('center_axis',(0.,0.,1.));
#3486=DIRECTION('ref_axis',(-0.762461579085526,0.647033492501282,0.));
#3487=DIRECTION('',(-0.647033492465044,-0.762461579116278,0.));
#3488=DIRECTION('center_axis',(0.,-1.,0.));
#3489=DIRECTION('ref_axis',(1.,0.,0.));
#3490=DIRECTION('',(1.,0.,0.));
#3491=DIRECTION('',(0.,0.,1.));
#3492=DIRECTION('',(-1.,0.,0.));
#3493=DIRECTION('',(0.,0.,1.));
#3494=DIRECTION('center_axis',(0.,0.,1.));
#3495=DIRECTION('ref_axis',(1.,0.,0.));
#3496=DIRECTION('',(-0.647033492465044,-0.762461579116278,0.));
#3497=DIRECTION('center_axis',(0.,0.,-1.));
#3498=DIRECTION('ref_axis',(-0.988422831656031,-0.151724440552846,0.));
#3499=DIRECTION('center_axis',(0.,0.,-1.));
#3500=DIRECTION('ref_axis',(0.0921288984628178,-0.99574708940977,0.));
#3501=DIRECTION('center_axis',(0.,0.,1.));
#3502=DIRECTION('ref_axis',(0.674280871056417,0.738474987340397,0.));
#3503=DIRECTION('center_axis',(0.,0.,-1.));
#3504=DIRECTION('ref_axis',(-0.971238110379463,0.238110337756532,0.));
#3505=DIRECTION('center_axis',(0.,0.,-1.));
#3506=DIRECTION('ref_axis',(-0.220082983647706,-0.975481153230919,0.));
#3507=DIRECTION('center_axis',(0.,0.,1.));
#3508=DIRECTION('ref_axis',(0.869480530781482,0.493967212061644,0.));
#3509=DIRECTION('center_axis',(0.,0.,-1.));
#3510=DIRECTION('ref_axis',(-0.850122192876755,0.52658546996515,0.));
#3511=DIRECTION('center_axis',(0.,0.,-1.));
#3512=DIRECTION('ref_axis',(-0.510751609779664,-0.859728325174576,0.));
#3513=DIRECTION('center_axis',(0.,0.,1.));
#3514=DIRECTION('ref_axis',(0.979569387816347,0.201106475413168,0.));
#3515=DIRECTION('center_axis',(0.,0.,-1.));
#3516=DIRECTION('ref_axis',(-0.645790391951076,0.763514747508963,0.));
#3517=DIRECTION('center_axis',(0.,0.,-1.));
#3518=DIRECTION('ref_axis',(-0.751424309637044,-0.659819298661756,0.));
#3519=DIRECTION('center_axis',(0.,0.,1.));
#3520=DIRECTION('ref_axis',(0.99377116656349,-0.111439977149319,0.));
#3521=DIRECTION('center_axis',(0.,0.,-1.));
#3522=DIRECTION('ref_axis',(-0.378244128004083,0.925705881816914,0.));
#3523=DIRECTION('center_axis',(0.,0.,-1.));
#3524=DIRECTION('ref_axis',(-0.918542411269917,-0.395322449019084,0.));
#3525=DIRECTION('center_axis',(0.,0.,1.));
#3526=DIRECTION('ref_axis',(-1.,0.,0.));
#3527=DIRECTION('center_axis',(0.,0.,-1.));
#3528=DIRECTION('ref_axis',(1.,0.,0.));
#3529=DIRECTION('center_axis',(0.,0.,-1.));
#3530=DIRECTION('ref_axis',(1.,0.,0.));
#3531=DIRECTION('',(0.,0.,-1.));
#3532=DIRECTION('center_axis',(0.,0.,1.));
#3533=DIRECTION('ref_axis',(1.,0.,0.));
#3534=DIRECTION('center_axis',(0.,0.,-1.));
#3535=DIRECTION('ref_axis',(1.,0.,0.));
#3536=DIRECTION('center_axis',(0.,0.,-1.));
#3537=DIRECTION('ref_axis',(1.,0.,0.));
#3538=DIRECTION('',(0.,0.,-1.));
#3539=DIRECTION('center_axis',(0.,0.,1.));
#3540=DIRECTION('ref_axis',(1.,0.,0.));
#3541=DIRECTION('center_axis',(0.,0.,-1.));
#3542=DIRECTION('ref_axis',(1.,0.,0.));
#3543=DIRECTION('center_axis',(0.,0.,-1.));
#3544=DIRECTION('ref_axis',(1.,0.,0.));
#3545=DIRECTION('',(0.,0.,-1.));
#3546=DIRECTION('center_axis',(0.,0.,1.));
#3547=DIRECTION('ref_axis',(1.,0.,0.));
#3548=DIRECTION('center_axis',(0.,0.,1.));
#3549=DIRECTION('ref_axis',(-1.,0.,0.));
#3550=DIRECTION('center_axis',(0.,0.,1.));
#3551=DIRECTION('ref_axis',(-1.,0.,0.));
#3552=DIRECTION('',(0.,0.,1.));
#3553=DIRECTION('center_axis',(0.,0.,-1.));
#3554=DIRECTION('ref_axis',(-1.,0.,0.));
#3555=DIRECTION('center_axis',(0.,0.,1.));
#3556=DIRECTION('ref_axis',(-1.,0.,0.));
#3557=DIRECTION('',(0.,0.,1.));
#3558=DIRECTION('center_axis',(0.,0.,-1.));
#3559=DIRECTION('ref_axis',(-1.,0.,0.));
#3560=DIRECTION('center_axis',(0.,0.,1.));
#3561=DIRECTION('ref_axis',(-1.,0.,0.));
#3562=DIRECTION('center_axis',(0.,0.,1.));
#3563=DIRECTION('ref_axis',(-1.,0.,0.));
#3564=DIRECTION('',(0.,0.,1.));
#3565=DIRECTION('center_axis',(0.,0.,-1.));
#3566=DIRECTION('ref_axis',(-1.,0.,0.));
#3567=DIRECTION('center_axis',(0.,0.,1.));
#3568=DIRECTION('ref_axis',(-1.,0.,0.));
#3569=DIRECTION('center_axis',(0.,0.,1.));
#3570=DIRECTION('ref_axis',(-1.,0.,0.));
#3571=DIRECTION('',(0.,0.,1.));
#3572=DIRECTION('center_axis',(0.,0.,-1.));
#3573=DIRECTION('ref_axis',(-1.,0.,0.));
#3574=DIRECTION('center_axis',(0.,0.,1.));
#3575=DIRECTION('ref_axis',(-1.,0.,0.));
#3576=DIRECTION('center_axis',(0.,0.,1.));
#3577=DIRECTION('ref_axis',(-1.,0.,0.));
#3578=DIRECTION('',(0.,0.,1.));
#3579=DIRECTION('center_axis',(0.,0.,-1.));
#3580=DIRECTION('ref_axis',(-1.,0.,0.));
#3581=DIRECTION('center_axis',(0.,0.,1.));
#3582=DIRECTION('ref_axis',(1.,0.,0.));
#3583=DIRECTION('center_axis',(0.,0.,1.));
#3584=DIRECTION('ref_axis',(-1.,0.,0.));
#3585=DIRECTION('center_axis',(0.,0.,1.));
#3586=DIRECTION('ref_axis',(-1.,0.,0.));
#3587=DIRECTION('',(0.68394112888133,-8.37586314289748E-17,0.729537204140085));
#3588=DIRECTION('center_axis',(0.,0.,1.));
#3589=DIRECTION('ref_axis',(-1.,0.,0.));
#3590=DIRECTION('center_axis',(0.,0.,1.));
#3591=DIRECTION('ref_axis',(1.,0.,0.));
#3592=DIRECTION('center_axis',(0.,0.,1.));
#3593=DIRECTION('ref_axis',(-1.,0.,0.));
#3594=DIRECTION('center_axis',(0.,0.,1.));
#3595=DIRECTION('ref_axis',(-1.,0.,0.));
#3596=DIRECTION('',(0.68394112888133,-8.37586314289748E-17,0.729537204140085));
#3597=DIRECTION('center_axis',(0.,0.,1.));
#3598=DIRECTION('ref_axis',(-1.,0.,0.));
#3599=DIRECTION('center_axis',(0.,0.,1.));
#3600=DIRECTION('ref_axis',(1.,0.,0.));
#3601=DIRECTION('center_axis',(0.,0.,1.));
#3602=DIRECTION('ref_axis',(-1.,0.,0.));
#3603=DIRECTION('center_axis',(8.28273472537284E-5,-0.0003451320988849,
0.999999937011731));
#3604=DIRECTION('ref_axis',(-0.233361332294788,0.972390025973666,0.000354931733061143));
#3605=DIRECTION('',(0.159665828628367,-0.665309276906973,0.729294446180647));
#3606=DIRECTION('center_axis',(0.,0.,1.));
#3607=DIRECTION('ref_axis',(-0.233361358571445,0.97239008444435,0.));
#3608=DIRECTION('center_axis',(0.,0.,-1.));
#3609=DIRECTION('ref_axis',(-1.,0.,0.));
#3610=DIRECTION('center_axis',(0.,0.,-1.));
#3611=DIRECTION('ref_axis',(1.,0.,0.));
#3612=DIRECTION('center_axis',(0.,0.,-1.));
#3613=DIRECTION('ref_axis',(1.,0.,0.));
#3614=DIRECTION('',(-0.68394112888133,-8.37586314289748E-17,-0.729537204140085));
#3615=DIRECTION('center_axis',(0.,0.,-1.));
#3616=DIRECTION('ref_axis',(1.,0.,0.));
#3617=DIRECTION('center_axis',(0.,0.,-1.));
#3618=DIRECTION('ref_axis',(-1.,0.,0.));
#3619=DIRECTION('center_axis',(0.,0.,-1.));
#3620=DIRECTION('ref_axis',(1.,0.,0.));
#3621=DIRECTION('center_axis',(0.,0.,-1.));
#3622=DIRECTION('ref_axis',(1.,0.,0.));
#3623=DIRECTION('',(-0.68394112888133,-8.37586314289748E-17,-0.729537204140085));
#3624=DIRECTION('center_axis',(0.,0.,-1.));
#3625=DIRECTION('ref_axis',(1.,0.,0.));
#3626=DIRECTION('center_axis',(0.,0.,-1.));
#3627=DIRECTION('ref_axis',(-1.,0.,0.));
#3628=DIRECTION('center_axis',(0.,0.,-1.));
#3629=DIRECTION('ref_axis',(1.,0.,0.));
#3630=DIRECTION('center_axis',(0.,0.,-1.));
#3631=DIRECTION('ref_axis',(1.,0.,0.));
#3632=DIRECTION('',(-0.68394112888133,-8.37586314289748E-17,-0.729537204140085));
#3633=DIRECTION('center_axis',(0.,0.,-1.));
#3634=DIRECTION('ref_axis',(1.,0.,0.));
#3635=DIRECTION('center_axis',(0.,0.,1.));
#3636=DIRECTION('ref_axis',(-1.,0.,0.));
#3637=DIRECTION('center_axis',(0.,0.,1.));
#3638=DIRECTION('ref_axis',(-1.,0.,0.));
#3639=DIRECTION('',(0.,0.,1.));
#3640=DIRECTION('center_axis',(0.,0.,1.));
#3641=DIRECTION('ref_axis',(-1.,0.,0.));
#3642=DIRECTION('center_axis',(0.,0.,-1.));
#3643=DIRECTION('ref_axis',(-1.,0.,0.));
#3644=DIRECTION('center_axis',(0.,0.,1.));
#3645=DIRECTION('ref_axis',(-1.,0.,0.));
#3646=DIRECTION('center_axis',(0.,0.,1.));
#3647=DIRECTION('ref_axis',(-1.,0.,0.));
#3648=DIRECTION('',(0.,0.,1.));
#3649=DIRECTION('center_axis',(0.,0.,1.));
#3650=DIRECTION('ref_axis',(-1.,0.,0.));
#3651=DIRECTION('center_axis',(0.,0.,-1.));
#3652=DIRECTION('ref_axis',(-1.,0.,0.));
#3653=DIRECTION('center_axis',(0.,0.,1.));
#3654=DIRECTION('ref_axis',(-1.,0.,0.));
#3655=DIRECTION('center_axis',(0.,0.,1.));
#3656=DIRECTION('ref_axis',(-1.,0.,0.));
#3657=DIRECTION('',(0.,0.,1.));
#3658=DIRECTION('center_axis',(0.,0.,1.));
#3659=DIRECTION('ref_axis',(-1.,0.,0.));
#3660=DIRECTION('center_axis',(0.,0.,-1.));
#3661=DIRECTION('ref_axis',(-1.,0.,0.));
#3662=DIRECTION('center_axis',(0.,0.,-1.));
#3663=DIRECTION('ref_axis',(1.,0.,0.));
#3664=DIRECTION('center_axis',(0.,0.,-1.));
#3665=DIRECTION('ref_axis',(1.,0.,0.));
#3666=DIRECTION('',(0.,0.,-1.));
#3667=DIRECTION('center_axis',(0.,0.,-1.));
#3668=DIRECTION('ref_axis',(1.,0.,0.));
#3669=DIRECTION('center_axis',(0.,0.,1.));
#3670=DIRECTION('ref_axis',(1.,0.,0.));
#3671=DIRECTION('center_axis',(0.,0.,-1.));
#3672=DIRECTION('ref_axis',(1.,0.,0.));
#3673=DIRECTION('center_axis',(0.,0.,-1.));
#3674=DIRECTION('ref_axis',(1.,0.,0.));
#3675=DIRECTION('',(0.,0.,-1.));
#3676=DIRECTION('center_axis',(0.,0.,-1.));
#3677=DIRECTION('ref_axis',(1.,0.,0.));
#3678=DIRECTION('center_axis',(0.,0.,1.));
#3679=DIRECTION('ref_axis',(1.,0.,0.));
#3680=DIRECTION('center_axis',(0.,0.,-1.));
#3681=DIRECTION('ref_axis',(1.,0.,0.));
#3682=DIRECTION('center_axis',(0.,0.,-1.));
#3683=DIRECTION('ref_axis',(1.,0.,0.));
#3684=DIRECTION('',(0.,0.,-1.));
#3685=DIRECTION('center_axis',(0.,0.,-1.));
#3686=DIRECTION('ref_axis',(1.,0.,0.));
#3687=DIRECTION('center_axis',(0.,0.,1.));
#3688=DIRECTION('ref_axis',(1.,0.,0.));
#3689=DIRECTION('center_axis',(0.,0.,1.));
#3690=DIRECTION('ref_axis',(1.,0.,0.));
#3691=DIRECTION('center_axis',(0.,0.,-1.));
#3692=DIRECTION('ref_axis',(0.979569387816347,0.201106475413168,0.));
#3693=DIRECTION('center_axis',(0.,0.,1.));
#3694=DIRECTION('ref_axis',(-0.510751609779664,-0.859728325174576,0.));
#3695=DIRECTION('center_axis',(0.,0.,1.));
#3696=DIRECTION('ref_axis',(-0.850122192876755,0.52658546996515,0.));
#3697=DIRECTION('center_axis',(0.,0.,-1.));
#3698=DIRECTION('ref_axis',(0.869480530781482,0.493967212061644,0.));
#3699=DIRECTION('center_axis',(0.,0.,1.));
#3700=DIRECTION('ref_axis',(-0.220082983647706,-0.975481153230919,0.));
#3701=DIRECTION('center_axis',(0.,0.,1.));
#3702=DIRECTION('ref_axis',(-0.971238110379463,0.238110337756532,0.));
#3703=DIRECTION('center_axis',(0.,0.,-1.));
#3704=DIRECTION('ref_axis',(0.674280871056417,0.738474987340397,0.));
#3705=DIRECTION('center_axis',(0.,0.,1.));
#3706=DIRECTION('ref_axis',(0.0921288984628178,-0.99574708940977,0.));
#3707=DIRECTION('center_axis',(0.,0.,1.));
#3708=DIRECTION('ref_axis',(-0.988422831656031,-0.151724440552846,0.));
#3709=DIRECTION('',(0.647033492465044,0.762461579116278,0.));
#3710=DIRECTION('center_axis',(0.,0.,-1.));
#3711=DIRECTION('ref_axis',(-0.762461579085526,0.647033492501282,0.));
#3712=DIRECTION('center_axis',(0.,0.,1.));
#3713=DIRECTION('ref_axis',(-0.918542411269917,-0.395322449019084,0.));
#3714=DIRECTION('center_axis',(0.,0.,1.));
#3715=DIRECTION('ref_axis',(-0.378244128004083,0.925705881816914,0.));
#3716=DIRECTION('center_axis',(0.,0.,-1.));
#3717=DIRECTION('ref_axis',(0.99377116656349,-0.111439977149319,0.));
#3718=DIRECTION('center_axis',(0.,0.,1.));
#3719=DIRECTION('ref_axis',(-0.751424309637044,-0.659819298661756,0.));
#3720=DIRECTION('center_axis',(0.,0.,1.));
#3721=DIRECTION('ref_axis',(-0.645790391951076,0.763514747508963,0.));
#3722=DIRECTION('center_axis',(0.,0.,1.));
#3723=DIRECTION('ref_axis',(-0.762461579085526,0.647033492501282,0.));
#3724=DIRECTION('',(0.,0.,1.));
#3725=DIRECTION('center_axis',(-0.762461579116278,0.647033492465044,0.));
#3726=DIRECTION('ref_axis',(-0.647033492465044,-0.762461579116278,0.));
#3727=DIRECTION('',(0.,0.,-1.));
#3728=DIRECTION('center_axis',(0.,0.,1.));
#3729=DIRECTION('ref_axis',(1.,0.,0.));
#3730=DIRECTION('center_axis',(0.,0.,-1.));
#3731=DIRECTION('ref_axis',(-0.979569779038003,-0.201104569802472,0.));
#3732=DIRECTION('',(-1.,-2.45794161075142E-11,0.));
#3733=DIRECTION('center_axis',(0.,0.,-1.));
#3734=DIRECTION('ref_axis',(-3.5527136788005E-14,-1.,0.));
#3735=DIRECTION('',(0.647033492509784,-0.76246157907831,0.));
#3736=DIRECTION('center_axis',(0.,0.,1.));
#3737=DIRECTION('ref_axis',(-0.526585468213446,-0.850122193961801,0.));
#3738=DIRECTION('center_axis',(0.,0.,-1.));
#3739=DIRECTION('ref_axis',(-0.493967200748891,0.869480537208456,0.));
#3740=DIRECTION('center_axis',(0.,0.,1.));
#3741=DIRECTION('ref_axis',(0.975481152830403,-0.220082985422925,0.));
#3742=DIRECTION('center_axis',(0.,0.,1.));
#3743=DIRECTION('ref_axis',(-0.238110335691332,-0.971238110885771,0.));
#3744=DIRECTION('center_axis',(0.,0.,-1.));
#3745=DIRECTION('ref_axis',(-0.738474987359895,0.674280871035063,0.));
#3746=DIRECTION('center_axis',(0.,0.,1.));
#3747=DIRECTION('ref_axis',(0.995747089591642,0.0921288964971075,0.));
#3748=DIRECTION('center_axis',(0.,0.,1.));
#3749=DIRECTION('ref_axis',(0.0736726954819011,-0.997282474497788,0.));
#3750=DIRECTION('center_axis',(0.,0.,-1.));
#3751=DIRECTION('ref_axis',(-0.910695696988528,0.41307789518029,0.));
#3752=DIRECTION('center_axis',(0.,0.,1.));
#3753=DIRECTION('ref_axis',(0.918542363387752,0.395322560274572,0.));
#3754=DIRECTION('center_axis',(0.,0.,1.));
#3755=DIRECTION('ref_axis',(0.37824412992064,-0.925705881033807,0.));
#3756=DIRECTION('center_axis',(0.,0.,-1.));
#3757=DIRECTION('ref_axis',(-0.993771171234024,0.111439935499609,0.));
#3758=DIRECTION('center_axis',(0.,0.,1.));
#3759=DIRECTION('ref_axis',(0.751424310808558,0.659819297327597,0.));
#3760=DIRECTION('center_axis',(0.,0.,1.));
#3761=DIRECTION('ref_axis',(0.645790393552874,-0.763514746154142,0.));
#3762=DIRECTION('center_axis',(0.762461579078311,0.647033492509784,0.));
#3763=DIRECTION('ref_axis',(-0.647033492509784,0.76246157907831,0.));
#3764=DIRECTION('',(0.,0.,1.));
#3765=DIRECTION('',(0.,0.,1.));
#3766=DIRECTION('',(-0.647033492509784,0.76246157907831,0.));
#3767=DIRECTION('center_axis',(0.,0.,1.));
#3768=DIRECTION('ref_axis',(-3.5527136788005E-14,-1.,0.));
#3769=DIRECTION('',(0.,0.,1.));
#3770=DIRECTION('center_axis',(0.,0.,1.));
#3771=DIRECTION('ref_axis',(-3.5527136788005E-14,-1.,0.));
#3772=DIRECTION('center_axis',(2.45794161075142E-11,-1.,0.));
#3773=DIRECTION('ref_axis',(1.,2.45794161075142E-11,0.));
#3774=DIRECTION('',(0.,0.,1.));
#3775=DIRECTION('',(1.,2.45794161075142E-11,0.));
#3776=DIRECTION('center_axis',(0.,0.,1.));
#3777=DIRECTION('ref_axis',(1.,0.,0.));
#3778=DIRECTION('center_axis',(0.,0.,-1.));
#3779=DIRECTION('ref_axis',(0.645790393552874,-0.763514746154142,0.));
#3780=DIRECTION('center_axis',(0.,0.,-1.));
#3781=DIRECTION('ref_axis',(0.751424310808558,0.659819297327597,0.));
#3782=DIRECTION('center_axis',(0.,0.,1.));
#3783=DIRECTION('ref_axis',(-0.993771171234024,0.111439935499609,0.));
#3784=DIRECTION('center_axis',(0.,0.,-1.));
#3785=DIRECTION('ref_axis',(0.37824412992064,-0.925705881033807,0.));
#3786=DIRECTION('center_axis',(0.,0.,-1.));
#3787=DIRECTION('ref_axis',(0.918542363387752,0.395322560274572,0.));
#3788=DIRECTION('center_axis',(0.,0.,1.));
#3789=DIRECTION('ref_axis',(-0.910695696988528,0.41307789518029,0.));
#3790=DIRECTION('center_axis',(0.,0.,-1.));
#3791=DIRECTION('ref_axis',(0.0736726954819011,-0.997282474497788,0.));
#3792=DIRECTION('center_axis',(0.,0.,-1.));
#3793=DIRECTION('ref_axis',(0.995747089591642,0.0921288964971075,0.));
#3794=DIRECTION('center_axis',(0.,0.,1.));
#3795=DIRECTION('ref_axis',(-0.738474987359895,0.674280871035063,0.));
#3796=DIRECTION('center_axis',(0.,0.,-1.));
#3797=DIRECTION('ref_axis',(-0.238110335691332,-0.971238110885771,0.));
#3798=DIRECTION('center_axis',(0.,0.,-1.));
#3799=DIRECTION('ref_axis',(0.975481152830403,-0.220082985422925,0.));
#3800=DIRECTION('center_axis',(0.,0.,1.));
#3801=DIRECTION('ref_axis',(-0.493967200748891,0.869480537208456,0.));
#3802=DIRECTION('center_axis',(0.,0.,-1.));
#3803=DIRECTION('ref_axis',(-0.526585468213446,-0.850122193961801,0.));
#3804=DIRECTION('center_axis',(0.,0.,1.));
#3805=DIRECTION('ref_axis',(-0.979569779038003,-0.201104569802472,0.));
#3806=DIRECTION('center_axis',(0.,0.,1.));
#3807=DIRECTION('ref_axis',(-0.918542411269917,-0.395322449019084,0.));
#3808=DIRECTION('',(0.,0.,1.));
#3809=DIRECTION('center_axis',(0.,0.,1.));
#3810=DIRECTION('ref_axis',(-0.918542411269917,-0.395322449019084,0.));
#3811=DIRECTION('',(0.,0.,1.));
#3812=DIRECTION('center_axis',(0.,0.,1.));
#3813=DIRECTION('ref_axis',(-0.918542411269917,-0.395322449019084,0.));
#3814=DIRECTION('',(0.,0.,1.));
#3815=DIRECTION('center_axis',(0.,0.,-1.));
#3816=DIRECTION('ref_axis',(-0.918542411269917,-0.395322449019084,0.));
#3817=DIRECTION('',(0.,0.,1.));
#3818=DIRECTION('center_axis',(0.,0.,1.));
#3819=DIRECTION('ref_axis',(-0.378244128004083,0.925705881816914,0.));
#3820=DIRECTION('center_axis',(0.,0.,1.));
#3821=DIRECTION('ref_axis',(-0.378244128004083,0.925705881816914,0.));
#3822=DIRECTION('',(0.,0.,1.));
#3823=DIRECTION('center_axis',(0.,0.,1.));
#3824=DIRECTION('ref_axis',(-0.378244128004083,0.925705881816914,0.));
#3825=DIRECTION('',(0.,0.,1.));
#3826=DIRECTION('center_axis',(0.,0.,-1.));
#3827=DIRECTION('ref_axis',(-0.378244128004083,0.925705881816914,0.));
#3828=DIRECTION('',(0.,0.,1.));
#3829=DIRECTION('',(0.,0.,1.));
#3830=DIRECTION('center_axis',(0.,0.,1.));
#3831=DIRECTION('ref_axis',(0.99377116656349,-0.111439977149319,0.));
#3832=DIRECTION('center_axis',(0.,0.,-1.));
#3833=DIRECTION('ref_axis',(0.99377116656349,-0.111439977149319,0.));
#3834=DIRECTION('',(0.,0.,1.));
#3835=DIRECTION('center_axis',(0.,0.,1.));
#3836=DIRECTION('ref_axis',(0.99377116656349,-0.111439977149319,0.));
#3837=DIRECTION('',(0.,0.,1.));
#3838=DIRECTION('center_axis',(0.,0.,1.));
#3839=DIRECTION('ref_axis',(0.99377116656349,-0.111439977149319,0.));
#3840=DIRECTION('',(0.,0.,1.));
#3841=DIRECTION('',(0.,0.,1.));
#3842=DIRECTION('center_axis',(0.,0.,1.));
#3843=DIRECTION('ref_axis',(-0.751424309637044,-0.659819298661756,0.));
#3844=DIRECTION('center_axis',(0.,0.,1.));
#3845=DIRECTION('ref_axis',(-0.751424309637044,-0.659819298661756,0.));
#3846=DIRECTION('',(0.,0.,1.));
#3847=DIRECTION('center_axis',(0.,0.,1.));
#3848=DIRECTION('ref_axis',(-0.751424309637044,-0.659819298661756,0.));
#3849=DIRECTION('',(0.,0.,1.));
#3850=DIRECTION('center_axis',(0.,0.,-1.));
#3851=DIRECTION('ref_axis',(-0.751424309637044,-0.659819298661756,0.));
#3852=DIRECTION('center_axis',(0.,0.,1.));
#3853=DIRECTION('ref_axis',(-0.645790391951076,0.763514747508963,0.));
#3854=DIRECTION('center_axis',(0.,0.,1.));
#3855=DIRECTION('ref_axis',(-0.645790391951076,0.763514747508963,0.));
#3856=DIRECTION('',(0.,0.,1.));
#3857=DIRECTION('center_axis',(0.,0.,1.));
#3858=DIRECTION('ref_axis',(-0.645790391951076,0.763514747508963,0.));
#3859=DIRECTION('',(0.,0.,1.));
#3860=DIRECTION('center_axis',(0.,0.,-1.));
#3861=DIRECTION('ref_axis',(-0.645790391951076,0.763514747508963,0.));
#3862=DIRECTION('',(0.,0.,1.));
#3863=DIRECTION('',(0.,0.,1.));
#3864=DIRECTION('center_axis',(0.,0.,1.));
#3865=DIRECTION('ref_axis',(0.979569387816347,0.201106475413168,0.));
#3866=DIRECTION('center_axis',(0.,0.,-1.));
#3867=DIRECTION('ref_axis',(0.979569387816347,0.201106475413168,0.));
#3868=DIRECTION('',(0.,0.,1.));
#3869=DIRECTION('center_axis',(0.,0.,1.));
#3870=DIRECTION('ref_axis',(0.979569387816347,0.201106475413168,0.));
#3871=DIRECTION('',(0.,0.,1.));
#3872=DIRECTION('center_axis',(0.,0.,1.));
#3873=DIRECTION('ref_axis',(0.979569387816347,0.201106475413168,0.));
#3874=DIRECTION('',(0.,0.,1.));
#3875=DIRECTION('',(0.,0.,1.));
#3876=DIRECTION('center_axis',(0.,0.,1.));
#3877=DIRECTION('ref_axis',(-0.510751609779664,-0.859728325174576,0.));
#3878=DIRECTION('center_axis',(0.,0.,1.));
#3879=DIRECTION('ref_axis',(-0.510751609779664,-0.859728325174576,0.));
#3880=DIRECTION('',(0.,0.,1.));
#3881=DIRECTION('center_axis',(0.,0.,1.));
#3882=DIRECTION('ref_axis',(-0.510751609779664,-0.859728325174576,0.));
#3883=DIRECTION('',(0.,0.,1.));
#3884=DIRECTION('center_axis',(0.,0.,-1.));
#3885=DIRECTION('ref_axis',(-0.510751609779664,-0.859728325174576,0.));
#3886=DIRECTION('center_axis',(0.,0.,1.));
#3887=DIRECTION('ref_axis',(-0.850122192876755,0.52658546996515,0.));
#3888=DIRECTION('center_axis',(0.,0.,1.));
#3889=DIRECTION('ref_axis',(-0.850122192876755,0.52658546996515,0.));
#3890=DIRECTION('',(0.,0.,1.));
#3891=DIRECTION('center_axis',(0.,0.,1.));
#3892=DIRECTION('ref_axis',(-0.850122192876755,0.52658546996515,0.));
#3893=DIRECTION('',(0.,0.,1.));
#3894=DIRECTION('center_axis',(0.,0.,-1.));
#3895=DIRECTION('ref_axis',(-0.850122192876755,0.52658546996515,0.));
#3896=DIRECTION('',(0.,0.,1.));
#3897=DIRECTION('',(0.,0.,1.));
#3898=DIRECTION('center_axis',(0.,0.,1.));
#3899=DIRECTION('ref_axis',(0.869480530781482,0.493967212061644,0.));
#3900=DIRECTION('center_axis',(0.,0.,-1.));
#3901=DIRECTION('ref_axis',(0.869480530781482,0.493967212061644,0.));
#3902=DIRECTION('',(0.,0.,1.));
#3903=DIRECTION('center_axis',(0.,0.,1.));
#3904=DIRECTION('ref_axis',(0.869480530781482,0.493967212061644,0.));
#3905=DIRECTION('',(0.,0.,1.));
#3906=DIRECTION('center_axis',(0.,0.,1.));
#3907=DIRECTION('ref_axis',(0.869480530781482,0.493967212061644,0.));
#3908=DIRECTION('',(0.,0.,1.));
#3909=DIRECTION('',(0.,0.,1.));
#3910=DIRECTION('center_axis',(0.,0.,1.));
#3911=DIRECTION('ref_axis',(-0.220082983647706,-0.975481153230919,0.));
#3912=DIRECTION('center_axis',(0.,0.,1.));
#3913=DIRECTION('ref_axis',(-0.220082983647706,-0.975481153230919,0.));
#3914=DIRECTION('',(0.,0.,1.));
#3915=DIRECTION('center_axis',(0.,0.,1.));
#3916=DIRECTION('ref_axis',(-0.220082983647706,-0.975481153230919,0.));
#3917=DIRECTION('',(0.,0.,1.));
#3918=DIRECTION('center_axis',(0.,0.,-1.));
#3919=DIRECTION('ref_axis',(-0.220082983647706,-0.975481153230919,0.));
#3920=DIRECTION('center_axis',(0.,0.,1.));
#3921=DIRECTION('ref_axis',(-0.971238110379463,0.238110337756532,0.));
#3922=DIRECTION('center_axis',(0.,0.,1.));
#3923=DIRECTION('ref_axis',(-0.971238110379463,0.238110337756532,0.));
#3924=DIRECTION('',(0.,0.,1.));
#3925=DIRECTION('center_axis',(0.,0.,1.));
#3926=DIRECTION('ref_axis',(-0.971238110379463,0.238110337756532,0.));
#3927=DIRECTION('',(0.,0.,1.));
#3928=DIRECTION('center_axis',(0.,0.,-1.));
#3929=DIRECTION('ref_axis',(-0.971238110379463,0.238110337756532,0.));
#3930=DIRECTION('',(0.,0.,1.));
#3931=DIRECTION('',(0.,0.,1.));
#3932=DIRECTION('center_axis',(0.,0.,1.));
#3933=DIRECTION('ref_axis',(0.674280871056417,0.738474987340397,0.));
#3934=DIRECTION('center_axis',(0.,0.,-1.));
#3935=DIRECTION('ref_axis',(0.674280871056417,0.738474987340397,0.));
#3936=DIRECTION('',(0.,0.,1.));
#3937=DIRECTION('center_axis',(0.,0.,1.));
#3938=DIRECTION('ref_axis',(0.674280871056417,0.738474987340397,0.));
#3939=DIRECTION('',(0.,0.,1.));
#3940=DIRECTION('center_axis',(0.,0.,1.));
#3941=DIRECTION('ref_axis',(0.674280871056417,0.738474987340397,0.));
#3942=DIRECTION('',(0.,0.,1.));
#3943=DIRECTION('',(0.,0.,1.));
#3944=DIRECTION('center_axis',(0.,0.,1.));
#3945=DIRECTION('ref_axis',(0.0921288984628178,-0.99574708940977,0.));
#3946=DIRECTION('center_axis',(0.,0.,1.));
#3947=DIRECTION('ref_axis',(0.0921288984628178,-0.99574708940977,0.));
#3948=DIRECTION('',(0.,0.,1.));
#3949=DIRECTION('center_axis',(0.,0.,1.));
#3950=DIRECTION('ref_axis',(0.0921288984628178,-0.99574708940977,0.));
#3951=DIRECTION('',(0.,0.,1.));
#3952=DIRECTION('center_axis',(0.,0.,-1.));
#3953=DIRECTION('ref_axis',(0.0921288984628178,-0.99574708940977,0.));
#3954=DIRECTION('center_axis',(0.,0.,1.));
#3955=DIRECTION('ref_axis',(-0.988422831656031,-0.151724440552846,0.));
#3956=DIRECTION('center_axis',(0.,0.,1.));
#3957=DIRECTION('ref_axis',(-0.988422831656031,-0.151724440552846,0.));
#3958=DIRECTION('',(0.,0.,1.));
#3959=DIRECTION('center_axis',(0.,0.,-1.));
#3960=DIRECTION('ref_axis',(-0.988422831656031,-0.151724440552846,0.));
#3961=DIRECTION('',(0.,0.,-1.));
#3962=DIRECTION('',(0.,0.,1.));
#3963=DIRECTION('',(0.,0.,1.));
#3964=DIRECTION('',(0.,0.,-1.));
#3965=DIRECTION('center_axis',(0.,0.,1.));
#3966=DIRECTION('ref_axis',(-0.493967200748891,0.869480537208456,0.));
#3967=DIRECTION('center_axis',(0.,0.,-1.));
#3968=DIRECTION('ref_axis',(-0.493967200748891,0.869480537208456,0.));
#3969=DIRECTION('',(0.,0.,1.));
#3970=DIRECTION('center_axis',(0.,0.,1.));
#3971=DIRECTION('ref_axis',(-0.493967200748891,0.869480537208456,0.));
#3972=DIRECTION('',(0.,0.,1.));
#3973=DIRECTION('center_axis',(0.,0.,1.));
#3974=DIRECTION('ref_axis',(-0.493967200748891,0.869480537208456,0.));
#3975=DIRECTION('',(0.,0.,1.));
#3976=DIRECTION('',(0.,0.,1.));
#3977=DIRECTION('center_axis',(0.,0.,1.));
#3978=DIRECTION('ref_axis',(0.975481152830403,-0.220082985422925,0.));
#3979=DIRECTION('center_axis',(0.,0.,1.));
#3980=DIRECTION('ref_axis',(0.975481152830403,-0.220082985422925,0.));
#3981=DIRECTION('',(0.,0.,1.));
#3982=DIRECTION('center_axis',(0.,0.,1.));
#3983=DIRECTION('ref_axis',(0.975481152830403,-0.220082985422925,0.));
#3984=DIRECTION('',(0.,0.,1.));
#3985=DIRECTION('center_axis',(0.,0.,-1.));
#3986=DIRECTION('ref_axis',(0.975481152830403,-0.220082985422925,0.));
#3987=DIRECTION('center_axis',(0.,0.,1.));
#3988=DIRECTION('ref_axis',(-0.238110335691332,-0.971238110885771,0.));
#3989=DIRECTION('center_axis',(0.,0.,1.));
#3990=DIRECTION('ref_axis',(-0.238110335691332,-0.971238110885771,0.));
#3991=DIRECTION('',(0.,0.,1.));
#3992=DIRECTION('center_axis',(0.,0.,1.));
#3993=DIRECTION('ref_axis',(-0.238110335691332,-0.971238110885771,0.));
#3994=DIRECTION('',(0.,0.,1.));
#3995=DIRECTION('center_axis',(0.,0.,-1.));
#3996=DIRECTION('ref_axis',(-0.238110335691332,-0.971238110885771,0.));
#3997=DIRECTION('',(0.,0.,1.));
#3998=DIRECTION('',(0.,0.,1.));
#3999=DIRECTION('center_axis',(0.,0.,1.));
#4000=DIRECTION('ref_axis',(-0.738474987359895,0.674280871035063,0.));
#4001=DIRECTION('center_axis',(0.,0.,-1.));
#4002=DIRECTION('ref_axis',(-0.738474987359895,0.674280871035063,0.));
#4003=DIRECTION('',(0.,0.,1.));
#4004=DIRECTION('center_axis',(0.,0.,1.));
#4005=DIRECTION('ref_axis',(-0.738474987359895,0.674280871035063,0.));
#4006=DIRECTION('',(0.,0.,1.));
#4007=DIRECTION('center_axis',(0.,0.,1.));
#4008=DIRECTION('ref_axis',(-0.738474987359895,0.674280871035063,0.));
#4009=DIRECTION('',(0.,0.,1.));
#4010=DIRECTION('',(0.,0.,1.));
#4011=DIRECTION('center_axis',(0.,0.,1.));
#4012=DIRECTION('ref_axis',(0.995747089591642,0.0921288964971075,0.));
#4013=DIRECTION('center_axis',(0.,0.,1.));
#4014=DIRECTION('ref_axis',(0.995747089591642,0.0921288964971075,0.));
#4015=DIRECTION('',(0.,0.,1.));
#4016=DIRECTION('center_axis',(0.,0.,1.));
#4017=DIRECTION('ref_axis',(0.995747089591642,0.0921288964971075,0.));
#4018=DIRECTION('',(0.,0.,1.));
#4019=DIRECTION('center_axis',(0.,0.,-1.));
#4020=DIRECTION('ref_axis',(0.995747089591642,0.0921288964971075,0.));
#4021=DIRECTION('center_axis',(0.,0.,1.));
#4022=DIRECTION('ref_axis',(0.0736726954819011,-0.997282474497788,0.));
#4023=DIRECTION('center_axis',(0.,0.,1.));
#4024=DIRECTION('ref_axis',(0.0736726954819011,-0.997282474497788,0.));
#4025=DIRECTION('',(0.,0.,1.));
#4026=DIRECTION('center_axis',(0.,0.,1.));
#4027=DIRECTION('ref_axis',(0.0736726954819011,-0.997282474497788,0.));
#4028=DIRECTION('',(0.,0.,1.));
#4029=DIRECTION('center_axis',(0.,0.,-1.));
#4030=DIRECTION('ref_axis',(0.0736726954819011,-0.997282474497788,0.));
#4031=DIRECTION('',(0.,0.,1.));
#4032=DIRECTION('',(0.,0.,1.));
#4033=DIRECTION('center_axis',(0.,0.,1.));
#4034=DIRECTION('ref_axis',(-0.910695696988528,0.41307789518029,0.));
#4035=DIRECTION('center_axis',(0.,0.,-1.));
#4036=DIRECTION('ref_axis',(-0.910695696988528,0.41307789518029,0.));
#4037=DIRECTION('',(0.,0.,1.));
#4038=DIRECTION('center_axis',(0.,0.,1.));
#4039=DIRECTION('ref_axis',(-0.910695696988528,0.41307789518029,0.));
#4040=DIRECTION('',(0.,0.,1.));
#4041=DIRECTION('center_axis',(0.,0.,1.));
#4042=DIRECTION('ref_axis',(-0.910695696988528,0.41307789518029,0.));
#4043=DIRECTION('',(0.,0.,1.));
#4044=DIRECTION('',(0.,0.,1.));
#4045=DIRECTION('center_axis',(0.,0.,1.));
#4046=DIRECTION('ref_axis',(0.918542363387752,0.395322560274572,0.));
#4047=DIRECTION('center_axis',(0.,0.,1.));
#4048=DIRECTION('ref_axis',(0.918542363387752,0.395322560274572,0.));
#4049=DIRECTION('',(0.,0.,1.));
#4050=DIRECTION('center_axis',(0.,0.,1.));
#4051=DIRECTION('ref_axis',(0.918542363387752,0.395322560274572,0.));
#4052=DIRECTION('',(0.,0.,1.));
#4053=DIRECTION('center_axis',(0.,0.,-1.));
#4054=DIRECTION('ref_axis',(0.918542363387752,0.395322560274572,0.));
#4055=DIRECTION('center_axis',(0.,0.,1.));
#4056=DIRECTION('ref_axis',(0.37824412992064,-0.925705881033807,0.));
#4057=DIRECTION('center_axis',(0.,0.,1.));
#4058=DIRECTION('ref_axis',(0.37824412992064,-0.925705881033807,0.));
#4059=DIRECTION('',(0.,0.,1.));
#4060=DIRECTION('center_axis',(0.,0.,1.));
#4061=DIRECTION('ref_axis',(0.37824412992064,-0.925705881033807,0.));
#4062=DIRECTION('',(0.,0.,1.));
#4063=DIRECTION('center_axis',(0.,0.,-1.));
#4064=DIRECTION('ref_axis',(0.37824412992064,-0.925705881033807,0.));
#4065=DIRECTION('',(0.,0.,1.));
#4066=DIRECTION('',(0.,0.,1.));
#4067=DIRECTION('center_axis',(0.,0.,1.));
#4068=DIRECTION('ref_axis',(-0.993771171234024,0.111439935499609,0.));
#4069=DIRECTION('center_axis',(0.,0.,-1.));
#4070=DIRECTION('ref_axis',(-0.993771171234024,0.111439935499609,0.));
#4071=DIRECTION('',(0.,0.,1.));
#4072=DIRECTION('center_axis',(0.,0.,1.));
#4073=DIRECTION('ref_axis',(-0.993771171234024,0.111439935499609,0.));
#4074=DIRECTION('',(0.,0.,1.));
#4075=DIRECTION('center_axis',(0.,0.,1.));
#4076=DIRECTION('ref_axis',(-0.993771171234024,0.111439935499609,0.));
#4077=DIRECTION('',(0.,0.,1.));
#4078=DIRECTION('',(0.,0.,1.));
#4079=DIRECTION('center_axis',(0.,0.,1.));
#4080=DIRECTION('ref_axis',(0.751424310808558,0.659819297327597,0.));
#4081=DIRECTION('center_axis',(0.,0.,1.));
#4082=DIRECTION('ref_axis',(0.751424310808558,0.659819297327597,0.));
#4083=DIRECTION('',(0.,0.,1.));
#4084=DIRECTION('center_axis',(0.,0.,1.));
#4085=DIRECTION('ref_axis',(0.751424310808558,0.659819297327597,0.));
#4086=DIRECTION('',(0.,0.,1.));
#4087=DIRECTION('center_axis',(0.,0.,-1.));
#4088=DIRECTION('ref_axis',(0.751424310808558,0.659819297327597,0.));
#4089=DIRECTION('center_axis',(0.,0.,1.));
#4090=DIRECTION('ref_axis',(0.645790393552874,-0.763514746154142,0.));
#4091=DIRECTION('center_axis',(0.,0.,1.));
#4092=DIRECTION('ref_axis',(0.645790393552874,-0.763514746154142,0.));
#4093=DIRECTION('',(0.,0.,1.));
#4094=DIRECTION('center_axis',(0.,0.,1.));
#4095=DIRECTION('ref_axis',(0.645790393552874,-0.763514746154142,0.));
#4096=DIRECTION('',(0.,0.,1.));
#4097=DIRECTION('center_axis',(0.,0.,-1.));
#4098=DIRECTION('ref_axis',(0.645790393552874,-0.763514746154142,0.));
#4099=DIRECTION('',(0.,0.,1.));
#4100=DIRECTION('',(0.,0.,1.));
#4101=DIRECTION('center_axis',(0.,0.,1.));
#4102=DIRECTION('ref_axis',(-0.979569779038003,-0.201104569802472,0.));
#4103=DIRECTION('center_axis',(0.,0.,-1.));
#4104=DIRECTION('ref_axis',(-0.979569779038003,-0.201104569802472,0.));
#4105=DIRECTION('',(0.,0.,1.));
#4106=DIRECTION('center_axis',(0.,0.,1.));
#4107=DIRECTION('ref_axis',(-0.979569779038003,-0.201104569802472,0.));
#4108=DIRECTION('',(0.,0.,1.));
#4109=DIRECTION('center_axis',(0.,0.,1.));
#4110=DIRECTION('ref_axis',(-0.979569779038003,-0.201104569802472,0.));
#4111=DIRECTION('center_axis',(0.,0.,1.));
#4112=DIRECTION('ref_axis',(1.,0.,0.));
#4113=DIRECTION('center_axis',(0.,0.,1.));
#4114=DIRECTION('ref_axis',(-0.526585468213446,-0.850122193961801,0.));
#4115=DIRECTION('center_axis',(0.,0.,1.));
#4116=DIRECTION('ref_axis',(0.859728324250031,-0.510751611335915,0.));
#4117=DIRECTION('center_axis',(0.,0.,-1.));
#4118=DIRECTION('ref_axis',(-0.201106462804822,0.979569390404852,0.));
#4119=DIRECTION('center_axis',(0.,0.,1.));
#4120=DIRECTION('ref_axis',(-0.763514746154142,-0.645790393552874,0.));
#4121=DIRECTION('center_axis',(0.,0.,1.));
#4122=DIRECTION('ref_axis',(0.659819297325662,-0.751424310810257,0.));
#4123=DIRECTION('',(0.999996157526647,-0.00277217097979947,0.));
#4124=DIRECTION('center_axis',(0.,0.,-1.));
#4125=DIRECTION('ref_axis',(0.11143997687322,0.993771166594451,0.));
#4126=DIRECTION('center_axis',(0.,0.,1.));
#4127=DIRECTION('ref_axis',(-0.925705881802233,-0.378244128040015,0.));
#4128=DIRECTION('center_axis',(0.,0.,1.));
#4129=DIRECTION('ref_axis',(0.395322561832723,-0.918542362717155,0.));
#4130=DIRECTION('center_axis',(0.,0.,-1.));
#4131=DIRECTION('ref_axis',(0.413077895230789,0.910695696965623,0.));
#4132=DIRECTION('center_axis',(0.,0.,1.));
#4133=DIRECTION('ref_axis',(-0.918542369991222,-0.395322544931235,0.));
#4134=DIRECTION('',(1.,7.48146307621629E-10,0.));
#4135=DIRECTION('',(0.,-1.,0.));
#4136=DIRECTION('center_axis',(0.,0.,1.));
#4137=DIRECTION('ref_axis',(-1.,-7.77156117237608E-16,0.));
#4138=DIRECTION('center_axis',(0.,0.,-1.));
#4139=DIRECTION('ref_axis',(-1.24344978758018E-14,-1.,0.));
#4140=DIRECTION('center_axis',(0.,0.,1.));
#4141=DIRECTION('ref_axis',(-0.0926437830043968,0.995699316797312,0.));
#4142=DIRECTION('',(0.,-1.,0.));
#4143=DIRECTION('',(-1.,0.,0.));
#4144=DIRECTION('',(1.55431223447522E-15,1.,0.));
#4145=DIRECTION('center_axis',(0.,0.,-1.));
#4146=DIRECTION('ref_axis',(1.94289029309402E-16,1.,0.));
#4147=DIRECTION('center_axis',(0.,0.,1.));
#4148=DIRECTION('ref_axis',(0.,-1.,0.));
#4149=DIRECTION('center_axis',(0.,0.,-1.));
#4150=DIRECTION('ref_axis',(-1.,0.,0.));
#4151=DIRECTION('',(1.30774283341356E-11,1.,0.));
#4152=DIRECTION('center_axis',(0.,0.,1.));
#4153=DIRECTION('ref_axis',(0.0155448246649129,0.999879171913355,0.));
#4154=DIRECTION('center_axis',(0.,0.,-1.));
#4155=DIRECTION('ref_axis',(-0.869480537208456,-0.493967200748891,0.));
#4156=DIRECTION('center_axis',(0.,0.,1.));
#4157=DIRECTION('ref_axis',(0.850122193961801,-0.526585468213446,0.));
#4158=DIRECTION('center_axis',(0.,0.,1.));
#4159=DIRECTION('ref_axis',(0.510751611330579,0.859728324253201,0.));
#4160=DIRECTION('center_axis',(0.,0.,-1.));
#4161=DIRECTION('ref_axis',(-0.979569390404852,-0.201106462804822,0.));
#4162=DIRECTION('center_axis',(0.,0.,1.));
#4163=DIRECTION('ref_axis',(-0.526585468213446,-0.850122193961801,0.));
#4164=DIRECTION('center_axis',(0.,0.,-1.));
#4165=DIRECTION('ref_axis',(-0.526585468213446,-0.850122193961801,0.));
#4166=DIRECTION('',(0.,0.,1.));
#4167=DIRECTION('center_axis',(0.,0.,1.));
#4168=DIRECTION('ref_axis',(0.859728324250031,-0.510751611335915,0.));
#4169=DIRECTION('center_axis',(0.,0.,-1.));
#4170=DIRECTION('ref_axis',(0.859728324250031,-0.510751611335915,0.));
#4171=DIRECTION('',(0.,0.,1.));
#4172=DIRECTION('',(0.,0.,1.));
#4173=DIRECTION('center_axis',(0.,0.,1.));
#4174=DIRECTION('ref_axis',(-0.201106462804822,0.979569390404852,0.));
#4175=DIRECTION('center_axis',(0.,0.,1.));
#4176=DIRECTION('ref_axis',(-0.201106462804822,0.979569390404852,0.));
#4177=DIRECTION('',(0.,0.,1.));
#4178=DIRECTION('',(0.,0.,1.));
#4179=DIRECTION('center_axis',(0.,0.,1.));
#4180=DIRECTION('ref_axis',(-0.763514746154142,-0.645790393552874,0.));
#4181=DIRECTION('center_axis',(0.,0.,-1.));
#4182=DIRECTION('ref_axis',(-0.763514746154142,-0.645790393552874,0.));
#4183=DIRECTION('',(0.,0.,1.));
#4184=DIRECTION('center_axis',(0.,0.,1.));
#4185=DIRECTION('ref_axis',(0.659819297325662,-0.751424310810257,0.));
#4186=DIRECTION('center_axis',(0.,0.,-1.));
#4187=DIRECTION('ref_axis',(0.659819297325662,-0.751424310810257,0.));
#4188=DIRECTION('',(0.,0.,1.));
#4189=DIRECTION('',(0.,0.,1.));
#4190=DIRECTION('center_axis',(0.00277217097979947,0.999996157526647,0.));
#4191=DIRECTION('ref_axis',(-0.999996157526647,0.00277217097979947,0.));
#4192=DIRECTION('',(-0.999996157526647,0.00277217097979947,0.));
#4193=DIRECTION('',(0.,0.,1.));
#4194=DIRECTION('',(0.,0.,1.));
#4195=DIRECTION('center_axis',(0.,0.,1.));
#4196=DIRECTION('ref_axis',(0.11143997687322,0.993771166594451,0.));
#4197=DIRECTION('center_axis',(0.,0.,1.));
#4198=DIRECTION('ref_axis',(0.11143997687322,0.993771166594451,0.));
#4199=DIRECTION('',(0.,0.,1.));
#4200=DIRECTION('',(0.,0.,1.));
#4201=DIRECTION('center_axis',(0.,0.,1.));
#4202=DIRECTION('ref_axis',(-0.925705881802233,-0.378244128040015,0.));
#4203=DIRECTION('center_axis',(0.,0.,-1.));
#4204=DIRECTION('ref_axis',(-0.925705881802233,-0.378244128040015,0.));
#4205=DIRECTION('',(0.,0.,1.));
#4206=DIRECTION('center_axis',(0.,0.,1.));
#4207=DIRECTION('ref_axis',(0.395322561832723,-0.918542362717155,0.));
#4208=DIRECTION('center_axis',(0.,0.,-1.));
#4209=DIRECTION('ref_axis',(0.395322561832723,-0.918542362717155,0.));
#4210=DIRECTION('',(0.,0.,1.));
#4211=DIRECTION('',(0.,0.,1.));
#4212=DIRECTION('center_axis',(0.,0.,1.));
#4213=DIRECTION('ref_axis',(0.413077895230789,0.910695696965623,0.));
#4214=DIRECTION('center_axis',(0.,0.,1.));
#4215=DIRECTION('ref_axis',(0.413077895230789,0.910695696965623,0.));
#4216=DIRECTION('',(0.,0.,1.));
#4217=DIRECTION('center_axis',(0.,0.,1.));
#4218=DIRECTION('ref_axis',(-0.918542369991222,-0.395322544931235,0.));
#4219=DIRECTION('center_axis',(0.,0.,-1.));
#4220=DIRECTION('ref_axis',(-0.918542369991222,-0.395322544931235,0.));
#4221=DIRECTION('',(0.,0.,1.));
#4222=DIRECTION('center_axis',(-7.48146307621629E-10,1.,0.));
#4223=DIRECTION('ref_axis',(-1.,-7.48146307621629E-10,0.));
#4224=DIRECTION('',(-1.,-7.48146307621629E-10,0.));
#4225=DIRECTION('',(0.,0.,1.));
#4226=DIRECTION('center_axis',(1.,0.,0.));
#4227=DIRECTION('ref_axis',(0.,1.,0.));
#4228=DIRECTION('',(0.,1.,0.));
#4229=DIRECTION('',(0.,0.,1.));
#4230=DIRECTION('center_axis',(0.,0.,1.));
#4231=DIRECTION('ref_axis',(-1.,-7.77156117237608E-16,0.));
#4232=DIRECTION('center_axis',(0.,0.,-1.));
#4233=DIRECTION('ref_axis',(-1.,-7.77156117237608E-16,0.));
#4234=DIRECTION('',(0.,0.,1.));
#4235=DIRECTION('center_axis',(0.,0.,1.));
#4236=DIRECTION('ref_axis',(-1.24344978758018E-14,-1.,0.));
#4237=DIRECTION('center_axis',(0.,0.,1.));
#4238=DIRECTION('ref_axis',(-1.24344978758018E-14,-1.,0.));
#4239=DIRECTION('',(0.,0.,1.));
#4240=DIRECTION('',(0.,0.,1.));
#4241=DIRECTION('center_axis',(0.,0.,1.));
#4242=DIRECTION('ref_axis',(-0.0926437830043968,0.995699316797312,0.));
#4243=DIRECTION('center_axis',(0.,0.,-1.));
#4244=DIRECTION('ref_axis',(-0.0926437830043968,0.995699316797312,0.));
#4245=DIRECTION('',(0.,0.,1.));
#4246=DIRECTION('center_axis',(1.,0.,0.));
#4247=DIRECTION('ref_axis',(0.,1.,0.));
#4248=DIRECTION('',(0.,1.,0.));
#4249=DIRECTION('',(0.,0.,1.));
#4250=DIRECTION('center_axis',(0.,-1.,0.));
#4251=DIRECTION('ref_axis',(1.,0.,0.));
#4252=DIRECTION('',(1.,0.,0.));
#4253=DIRECTION('',(0.,0.,1.));
#4254=DIRECTION('center_axis',(-1.,1.55431223447522E-15,0.));
#4255=DIRECTION('ref_axis',(-1.55431223447522E-15,-1.,0.));
#4256=DIRECTION('',(-1.55431223447522E-15,-1.,0.));
#4257=DIRECTION('',(0.,0.,1.));
#4258=DIRECTION('center_axis',(0.,0.,1.));
#4259=DIRECTION('ref_axis',(1.94289029309402E-16,1.,0.));
#4260=DIRECTION('center_axis',(0.,0.,1.));
#4261=DIRECTION('ref_axis',(1.94289029309402E-16,1.,0.));
#4262=DIRECTION('',(0.,0.,1.));
#4263=DIRECTION('center_axis',(0.,0.,1.));
#4264=DIRECTION('ref_axis',(0.,-1.,0.));
#4265=DIRECTION('center_axis',(0.,0.,-1.));
#4266=DIRECTION('ref_axis',(0.,-1.,0.));
#4267=DIRECTION('',(0.,0.,1.));
#4268=DIRECTION('center_axis',(0.,0.,1.));
#4269=DIRECTION('ref_axis',(-1.,0.,0.));
#4270=DIRECTION('center_axis',(0.,0.,1.));
#4271=DIRECTION('ref_axis',(-1.,0.,0.));
#4272=DIRECTION('',(0.,0.,1.));
#4273=DIRECTION('center_axis',(-1.,1.30774283341356E-11,0.));
#4274=DIRECTION('ref_axis',(-1.30774283341356E-11,-1.,0.));
#4275=DIRECTION('',(-1.30774283341356E-11,-1.,0.));
#4276=DIRECTION('',(0.,0.,1.));
#4277=DIRECTION('center_axis',(0.,0.,1.));
#4278=DIRECTION('ref_axis',(0.0155448246649129,0.999879171913355,0.));
#4279=DIRECTION('center_axis',(0.,0.,-1.));
#4280=DIRECTION('ref_axis',(0.0155448246649129,0.999879171913355,0.));
#4281=DIRECTION('',(0.,0.,1.));
#4282=DIRECTION('',(0.,0.,1.));
#4283=DIRECTION('center_axis',(0.,0.,1.));
#4284=DIRECTION('ref_axis',(-0.869480537208456,-0.493967200748891,0.));
#4285=DIRECTION('center_axis',(0.,0.,1.));
#4286=DIRECTION('ref_axis',(-0.869480537208456,-0.493967200748891,0.));
#4287=DIRECTION('',(0.,0.,1.));
#4288=DIRECTION('',(0.,0.,1.));
#4289=DIRECTION('center_axis',(0.,0.,1.));
#4290=DIRECTION('ref_axis',(0.850122193961801,-0.526585468213446,0.));
#4291=DIRECTION('center_axis',(0.,0.,-1.));
#4292=DIRECTION('ref_axis',(0.850122193961801,-0.526585468213446,0.));
#4293=DIRECTION('',(0.,0.,1.));
#4294=DIRECTION('center_axis',(0.,0.,1.));
#4295=DIRECTION('ref_axis',(0.510751611330579,0.859728324253201,0.));
#4296=DIRECTION('center_axis',(0.,0.,-1.));
#4297=DIRECTION('ref_axis',(0.510751611330579,0.859728324253201,0.));
#4298=DIRECTION('',(0.,0.,1.));
#4299=DIRECTION('',(0.,0.,1.));
#4300=DIRECTION('center_axis',(0.,0.,1.));
#4301=DIRECTION('ref_axis',(-0.979569390404852,-0.201106462804822,0.));
#4302=DIRECTION('center_axis',(0.,0.,1.));
#4303=DIRECTION('ref_axis',(-0.979569390404852,-0.201106462804822,0.));
#4304=DIRECTION('center_axis',(0.,0.,1.));
#4305=DIRECTION('ref_axis',(1.,0.,0.));
#4306=CARTESIAN_POINT('',(0.,0.,0.));
#4307=CARTESIAN_POINT('Origin',(14.8665822042173,9.28505784659234,2.05));
#4308=CARTESIAN_POINT('',(17.5798770437903,7.78571428571428,-0.0500000000000003));
#4309=CARTESIAN_POINT('',(17.5798770437903,7.78571428571428,2.05));
#4310=CARTESIAN_POINT('',(17.5798770437903,7.78571428571428,2.05));
#4311=CARTESIAN_POINT('',(15.4782507653146,12.324113879535,-0.0500000000000003));
#4312=CARTESIAN_POINT('Origin',(14.8665822042173,9.28505784659234,-0.0500000000000003));
#4313=CARTESIAN_POINT('',(15.4782507653146,12.324113879535,2.05));
#4314=CARTESIAN_POINT('',(15.4782507653146,12.324113879535,2.05));
#4315=CARTESIAN_POINT('Origin',(14.8665822042173,9.28505784659234,2.05));
#4316=CARTESIAN_POINT('Origin',(14.8665822042173,9.28505784659234,-0.0500000000000003));
#4317=CARTESIAN_POINT('',(14.8671428571429,7.78571428571428,-0.0500000000000003));
#4318=CARTESIAN_POINT('',(14.8668625306801,7.78571428571428,-0.0500000000000003));
#4319=CARTESIAN_POINT('',(13.7234504885,10.2562645244786,-0.0500000000000003));
#4320=CARTESIAN_POINT('Origin',(14.8671428571429,9.28571428571429,-0.0500000000000003));
#4321=CARTESIAN_POINT('',(15.6101918410968,12.4795926950255,-0.0500000000000003));
#4322=CARTESIAN_POINT('Origin',(14.8671428571429,7.78571428571428,0.));
#4323=CARTESIAN_POINT('',(20.2657671373693,7.78571428572058,2.05));
#4324=CARTESIAN_POINT('',(14.8671428571429,7.78571428571428,2.05));
#4325=CARTESIAN_POINT('',(20.2657671373693,7.78571428572058,-2.05));
#4326=CARTESIAN_POINT('',(20.2657671373693,7.78571428572058,0.));
#4327=CARTESIAN_POINT('',(14.8671428571429,7.78571428571428,-2.05));
#4328=CARTESIAN_POINT('',(14.8671428571429,7.78571428571428,-2.05));
#4329=CARTESIAN_POINT('',(14.8671428571429,7.78571428571428,0.));
#4330=CARTESIAN_POINT('Origin',(17.2567611415192,11.2446466810811,2.05));
#4331=CARTESIAN_POINT('',(17.4974917588797,14.703579076467,2.05));
#4332=CARTESIAN_POINT('',(17.4974917588797,14.703579076467,2.05));
#4333=CARTESIAN_POINT('',(17.7095632659706,13.9241228252973,2.05));
#4334=CARTESIAN_POINT('Origin',(21.0275708319424,15.2454516995128,2.05));
#4335=CARTESIAN_POINT('',(18.7630813726372,14.1873915187484,2.05));
#4336=CARTESIAN_POINT('Origin',(17.3805314169865,17.4803631758684,2.05));
#4337=CARTESIAN_POINT('',(18.7887926464367,14.1980319844184,2.05));
#4338=CARTESIAN_POINT('Ctrl Pts',(18.7887926464367,14.1980319844184,2.05));
#4339=CARTESIAN_POINT('Ctrl Pts',(18.7844984506477,14.196280385477,2.05));
#4340=CARTESIAN_POINT('Ctrl Pts',(18.7802087096467,14.1945178652396,2.05));
#4341=CARTESIAN_POINT('Ctrl Pts',(18.7716382480899,14.1909710280552,2.05));
#4342=CARTESIAN_POINT('Ctrl Pts',(18.7673575275351,14.1891867111086,2.05));
#4343=CARTESIAN_POINT('Ctrl Pts',(18.7630813726372,14.1873915187484,2.05));
#4344=CARTESIAN_POINT('',(19.1055008784286,13.9275377813571,2.05));
#4345=CARTESIAN_POINT('Origin',(14.8665822042183,9.28505784659347,2.05));
#4346=CARTESIAN_POINT('',(19.0990131602886,13.9004786113973,2.05));
#4347=CARTESIAN_POINT('Ctrl Pts',(19.0990131602857,13.9004786113857,2.05));
#4348=CARTESIAN_POINT('Ctrl Pts',(19.101221710881,13.909487186969,2.05));
#4349=CARTESIAN_POINT('Ctrl Pts',(19.1033838204524,13.9185072667024,2.05));
#4350=CARTESIAN_POINT('Ctrl Pts',(19.1055008784286,13.9275377813571,2.05));
#4351=CARTESIAN_POINT('',(19.0037923742148,12.8187467410165,2.05));
#4352=CARTESIAN_POINT('Origin',(22.5677213814574,13.0500843802662,2.05));
#4353=CARTESIAN_POINT('',(20.0871021432173,12.7435750544645,2.05));
#4354=CARTESIAN_POINT('Origin',(19.789803195033,16.3026087335962,2.05));
#4355=CARTESIAN_POINT('',(20.1148431102961,12.7457497715009,2.05));
#4356=CARTESIAN_POINT('Ctrl Pts',(20.1148430944771,12.7457496123097,2.05));
#4357=CARTESIAN_POINT('Ctrl Pts',(20.1102177977634,12.7454107221991,2.05));
#4358=CARTESIAN_POINT('Ctrl Pts',(20.1055933629389,12.7450600687123,2.05));
#4359=CARTESIAN_POINT('Ctrl Pts',(20.096346336692,12.7443352443628,2.05));
#4360=CARTESIAN_POINT('Ctrl Pts',(20.0917237452657,12.7439610734999,2.05));
#4361=CARTESIAN_POINT('Ctrl Pts',(20.0871021353508,12.7435751486372,2.05));
#4362=CARTESIAN_POINT('',(20.332463137106,12.3906261601481,2.05));
#4363=CARTESIAN_POINT('Origin',(14.8664068114641,9.28526323531928,2.05));
#4364=CARTESIAN_POINT('',(20.3179315427764,12.3668959685599,2.05));
#4365=CARTESIAN_POINT('Ctrl Pts',(20.3179315427764,12.3668959685599,2.05));
#4366=CARTESIAN_POINT('Ctrl Pts',(20.3203734542792,12.3708387195809,2.05));
#4367=CARTESIAN_POINT('Ctrl Pts',(20.3228053968686,12.3747876447687,2.05));
#4368=CARTESIAN_POINT('Ctrl Pts',(20.3276492822882,12.3826977423415,2.05));
#4369=CARTESIAN_POINT('Ctrl Pts',(20.3300612251197,12.3866589147289,2.05));
#4370=CARTESIAN_POINT('Ctrl Pts',(20.332463137106,12.3906261601481,2.05));
#4371=CARTESIAN_POINT('',(19.8930974063591,11.3675328240675,2.05));
#4372=CARTESIAN_POINT('Origin',(23.3540825753933,10.4862333628655,2.05));
#4373=CARTESIAN_POINT('',(20.9001568926429,10.96127917295,2.05));
#4374=CARTESIAN_POINT('Origin',(21.717210680981,14.4379917721969,2.05));
#4375=CARTESIAN_POINT('',(20.9272121520714,10.9547751660714,2.05));
#4376=CARTESIAN_POINT('Ctrl Pts',(20.9272121520714,10.9547751660714,2.05));
#4377=CARTESIAN_POINT('Ctrl Pts',(20.9182047804048,10.9569886214048,2.05));
#4378=CARTESIAN_POINT('Ctrl Pts',(20.9091862532381,10.9591571981762,2.05));
#4379=CARTESIAN_POINT('Ctrl Pts',(20.9001568926429,10.96127917295,2.05));
#4380=CARTESIAN_POINT('',(21.0244418582903,10.5497841101933,2.05));
#4381=CARTESIAN_POINT('Origin',(14.866303466064,9.28551276548761,2.05));
#4382=CARTESIAN_POINT('',(21.0032882637897,10.5317060964177,2.05));
#4383=CARTESIAN_POINT('Ctrl Pts',(21.0032884583118,10.5317058664639,2.05));
#4384=CARTESIAN_POINT('Ctrl Pts',(21.0068292312207,10.5347010533726,2.05));
#4385=CARTESIAN_POINT('Ctrl Pts',(21.0103624310575,10.5377051928199,2.05));
#4386=CARTESIAN_POINT('Ctrl Pts',(21.0174135944357,10.5437312997463,2.05));
#4387=CARTESIAN_POINT('Ctrl Pts',(21.0209315579753,10.5467532672238,2.05));
#4388=CARTESIAN_POINT('Ctrl Pts',(21.0244418582903,10.5497841101933,2.05));
#4389=CARTESIAN_POINT('',(20.2904269892553,9.71253600355377,2.05));
#4390=CARTESIAN_POINT('Origin',(23.3096829755937,7.80486717470685,2.05));
#4391=CARTESIAN_POINT('',(21.1226581938571,9.01496732591285,2.05));
#4392=CARTESIAN_POINT('Origin',(22.9740858004551,12.0690339919991,2.05));
#4393=CARTESIAN_POINT('',(21.1463794259147,9.00042111253899,2.05));
#4394=CARTESIAN_POINT('Ctrl Pts',(21.1463792679226,9.00042085810097,2.05));
#4395=CARTESIAN_POINT('Ctrl Pts',(21.1424381296627,9.00286537144005,2.05));
#4396=CARTESIAN_POINT('Ctrl Pts',(21.1384907743471,9.00529986140317,2.05));
#4397=CARTESIAN_POINT('Ctrl Pts',(21.1305837318927,9.01014873185098,2.05));
#4398=CARTESIAN_POINT('Ctrl Pts',(21.1266240447535,9.01256311233582,2.05));
#4399=CARTESIAN_POINT('Ctrl Pts',(21.1226582428462,9.01496740671855,2.05));
#4400=CARTESIAN_POINT('',(21.113701252763,8.58520609853765,2.05));
#4401=CARTESIAN_POINT('Origin',(14.8662823116142,9.285782011981,2.05));
#4402=CARTESIAN_POINT('',(21.0879966893549,8.57454942715431,2.05));
#4403=CARTESIAN_POINT('Ctrl Pts',(21.0879966893549,8.57454942715431,2.05));
#4404=CARTESIAN_POINT('Ctrl Pts',(21.0922897281642,8.57630386015061,2.05));
#4405=CARTESIAN_POINT('Ctrl Pts',(21.0965783310361,8.57806914773648,2.05));
#4406=CARTESIAN_POINT('Ctrl Pts',(21.1051465553545,8.58162138666972,2.05));
#4407=CARTESIAN_POINT('Ctrl Pts',(21.1094261768022,8.58340833801755,2.05));
#4408=CARTESIAN_POINT('Ctrl Pts',(21.113701252763,8.58520609853765,2.05));
#4409=CARTESIAN_POINT('',(20.156887735199,8.01575889970769,2.05));
#4410=CARTESIAN_POINT('Origin',(22.4388687277432,5.26845661842986,2.05));
#4411=CARTESIAN_POINT('Origin',(23.4373914226782,9.42762266978389,2.05));
#4412=CARTESIAN_POINT('',(15.7662823116142,9.285782011981,2.05));
#4413=CARTESIAN_POINT('Origin',(14.8662823116142,9.285782011981,2.05));
#4414=CARTESIAN_POINT('Origin',(6.29571428571428,5.,-0.416666666666667));
#4415=CARTESIAN_POINT('',(5.39571428571429,5.,4.16666666666667));
#4416=CARTESIAN_POINT('Origin',(6.29571428571428,5.,4.16666666666667));
#4417=CARTESIAN_POINT('',(5.39571428571429,5.,-4.16666666666667));
#4418=CARTESIAN_POINT('',(5.39571428571429,5.,-0.416666666666667));
#4419=CARTESIAN_POINT('Origin',(6.29571428571428,5.,-4.16666666666667));
#4420=CARTESIAN_POINT('Origin',(10.5814285755489,12.1428571428955,-0.416666666666667));
#4421=CARTESIAN_POINT('',(9.68142857554894,12.1428571428955,4.16666666666667));
#4422=CARTESIAN_POINT('Origin',(10.5814285755489,12.1428571428955,4.16666666666667));
#4423=CARTESIAN_POINT('',(9.68142857554894,12.1428571428955,-4.16666666666667));
#4424=CARTESIAN_POINT('',(9.68142857554894,12.1428571428955,-0.416666666666667));
#4425=CARTESIAN_POINT('Origin',(10.5814285755489,12.1428571428955,-4.16666666666667));
#4426=CARTESIAN_POINT('Origin',(14.8671428571429,5.,-0.416666666666667));
#4427=CARTESIAN_POINT('',(13.9671428571429,5.,4.16666666666667));
#4428=CARTESIAN_POINT('Origin',(14.8671428571429,5.,4.16666666666667));
#4429=CARTESIAN_POINT('',(13.9671428571429,5.,-4.16666666666667));
#4430=CARTESIAN_POINT('',(13.9671428571429,5.,-0.416666666666667));
#4431=CARTESIAN_POINT('Origin',(14.8671428571429,5.,-4.16666666666667));
#4432=CARTESIAN_POINT('Origin',(10.5814285714286,5.,0.416666666666667));
#4433=CARTESIAN_POINT('',(11.4814285714286,5.,-4.16666666666667));
#4434=CARTESIAN_POINT('Origin',(10.5814285714286,5.,-4.16666666666667));
#4435=CARTESIAN_POINT('',(11.4814285714286,5.,4.16666666666667));
#4436=CARTESIAN_POINT('',(11.4814285714286,5.,0.416666666666667));
#4437=CARTESIAN_POINT('Origin',(10.5814285714286,5.,4.16666666666667));
#4438=CARTESIAN_POINT('Origin',(14.8662823116142,9.285782011981,0.416666666666667));
#4439=CARTESIAN_POINT('',(15.7662823116142,9.285782011981,4.16666666666667));
#4440=CARTESIAN_POINT('',(15.7662823116142,9.285782011981,0.416666666666667));
#4441=CARTESIAN_POINT('Origin',(14.8662823116142,9.285782011981,4.16666666666667));
#4442=CARTESIAN_POINT('Origin',(14.8662823116142,9.285782011981,0.416666666666667));
#4443=CARTESIAN_POINT('',(15.7662823116142,9.285782011981,-4.16666666666667));
#4444=CARTESIAN_POINT('Origin',(14.8662823116142,9.285782011981,-4.16666666666667));
#4445=CARTESIAN_POINT('',(15.7662823116142,9.285782011981,-2.05));
#4446=CARTESIAN_POINT('',(15.7662823116142,9.285782011981,0.416666666666667));
#4447=CARTESIAN_POINT('Origin',(14.8662823116142,9.285782011981,-2.05));
#4448=CARTESIAN_POINT('Origin',(6.29616534045032,9.28497823137281,0.416666666666667));
#4449=CARTESIAN_POINT('',(7.19616534045032,9.28497823137281,2.05));
#4450=CARTESIAN_POINT('Origin',(6.29616534045032,9.28497823137281,2.05));
#4451=CARTESIAN_POINT('',(7.19616534045032,9.28497823137281,4.16666666666667));
#4452=CARTESIAN_POINT('',(7.19616534045032,9.28497823137281,0.416666666666667));
#4453=CARTESIAN_POINT('Origin',(6.29616534045032,9.28497823137281,4.16666666666667));
#4454=CARTESIAN_POINT('Origin',(6.29616534045032,9.28497823137281,0.416666666666667));
#4455=CARTESIAN_POINT('',(7.19616534045032,9.28497823137281,-4.16666666666667));
#4456=CARTESIAN_POINT('Origin',(6.29616534045032,9.28497823137281,-4.16666666666667));
#4457=CARTESIAN_POINT('',(7.19616534045032,9.28497823137281,-2.05));
#4458=CARTESIAN_POINT('',(7.19616534045032,9.28497823137281,0.416666666666667));
#4459=CARTESIAN_POINT('Origin',(6.29616534045032,9.28497823137281,-2.05));
#4460=CARTESIAN_POINT('Origin',(6.29616534045032,9.28497823137281,-4.16666666666667));
#4461=CARTESIAN_POINT('',(7.54616534045032,9.2849782313728,-4.16666666666667));
#4462=CARTESIAN_POINT('Origin',(6.29616534045032,9.28497823137281,-4.16666666666667));
#4463=CARTESIAN_POINT('Origin',(6.29616534045032,9.2849782313728,-3.36666666666667));
#4464=CARTESIAN_POINT('',(8.29616534045032,9.2849782313728,-3.36666666666667));
#4465=CARTESIAN_POINT('',(8.29616534045032,9.2849782313728,-3.36666666666667));
#4466=CARTESIAN_POINT('Origin',(6.29616534045032,9.2849782313728,-3.36666666666667));
#4467=CARTESIAN_POINT('Origin',(10.5814285714286,5.,-4.16666666666667));
#4468=CARTESIAN_POINT('',(11.8314285714286,5.,-4.16666666666667));
#4469=CARTESIAN_POINT('Origin',(10.5814285714286,5.,-4.16666666666667));
#4470=CARTESIAN_POINT('Origin',(10.5814285714286,5.,-3.36666666666667));
#4471=CARTESIAN_POINT('',(12.5814285714286,5.,-3.36666666666667));
#4472=CARTESIAN_POINT('',(12.5814285714286,5.,-3.36666666666667));
#4473=CARTESIAN_POINT('Origin',(10.5814285714286,5.,-3.36666666666667));
#4474=CARTESIAN_POINT('Origin',(14.8662823116142,9.285782011981,-4.16666666666667));
#4475=CARTESIAN_POINT('',(15.1579839953565,8.07029440295247,-4.16666666666667));
#4476=CARTESIAN_POINT('Origin',(14.8662823116142,9.285782011981,-4.16666666666667));
#4477=CARTESIAN_POINT('Origin',(14.866251510235,9.2859103578111,-3.36666643046072));
#4478=CARTESIAN_POINT('',(15.3331295054707,7.34048306079737,-3.36666666666667));
#4479=CARTESIAN_POINT('',(15.3329741454266,7.3411304283621,-3.36737629388213));
#4480=CARTESIAN_POINT('Origin',(14.866406811483,9.28526323524304,-3.36666666666667));
#4481=CARTESIAN_POINT('Origin',(10.5814285755489,12.1428571428955,4.16666666666667));
#4482=CARTESIAN_POINT('',(9.33142857554894,12.1428571428955,4.16666666666667));
#4483=CARTESIAN_POINT('Origin',(10.5814285755489,12.1428571428955,4.16666666666667));
#4484=CARTESIAN_POINT('Origin',(10.5814285755489,12.1428571428955,3.36666666666667));
#4485=CARTESIAN_POINT('',(8.58142857554894,12.1428571428955,3.36666666666667));
#4486=CARTESIAN_POINT('',(8.58142857554894,12.1428571428955,3.36666666666667));
#4487=CARTESIAN_POINT('Origin',(10.5814285755489,12.1428571428955,3.36666666666667));
#4488=CARTESIAN_POINT('Origin',(14.8671428571429,5.,4.16666666666667));
#4489=CARTESIAN_POINT('',(13.6171428571429,5.,4.16666666666667));
#4490=CARTESIAN_POINT('Origin',(14.8671428571429,5.,4.16666666666667));
#4491=CARTESIAN_POINT('Origin',(14.8671428571429,5.,3.36666666666667));
#4492=CARTESIAN_POINT('',(12.8671428571429,5.,3.36666666666667));
#4493=CARTESIAN_POINT('',(12.8671428571429,5.,3.36666666666667));
#4494=CARTESIAN_POINT('Origin',(14.8671428571429,5.,3.36666666666667));
#4495=CARTESIAN_POINT('Origin',(6.29571428571428,5.,4.16666666666667));
#4496=CARTESIAN_POINT('',(5.04571428571429,5.,4.16666666666667));
#4497=CARTESIAN_POINT('Origin',(6.29571428571428,5.,4.16666666666667));
#4498=CARTESIAN_POINT('Origin',(6.29571428571428,5.,3.36666666666667));
#4499=CARTESIAN_POINT('',(4.29571428571428,5.,3.36666666666667));
#4500=CARTESIAN_POINT('',(4.29571428571428,5.,3.36666666666667));
#4501=CARTESIAN_POINT('Origin',(6.29571428571428,5.,3.36666666666667));
#4502=CARTESIAN_POINT('Origin',(14.8664068114646,9.28526323531962,-4.16666666666667));
#4503=CARTESIAN_POINT('',(17.6164068114646,9.28526323531962,-4.16666666666667));
#4504=CARTESIAN_POINT('Origin',(14.8664068114646,9.28526323531962,-4.16666666666667));
#4505=CARTESIAN_POINT('',(17.6164068114646,9.28526323531962,-3.36666666666667));
#4506=CARTESIAN_POINT('',(17.6164068114646,9.28526323531962,-4.16666666666667));
#4507=CARTESIAN_POINT('Origin',(14.8664068114646,9.28526323531962,-3.36666666666667));
#4508=CARTESIAN_POINT('Origin',(14.8664068114646,9.28526323531962,-3.36666666666667));
#4509=CARTESIAN_POINT('Origin',(10.5814285714286,5.,-4.16666666666667));
#4510=CARTESIAN_POINT('',(13.3314285714286,5.,-4.16666666666667));
#4511=CARTESIAN_POINT('Origin',(10.5814285714286,5.,-4.16666666666667));
#4512=CARTESIAN_POINT('',(13.3314285714286,5.,-3.36666666666667));
#4513=CARTESIAN_POINT('',(13.3314285714286,5.,-4.16666666666667));
#4514=CARTESIAN_POINT('Origin',(10.5814285714286,5.,-3.36666666666667));
#4515=CARTESIAN_POINT('Origin',(10.5814285714286,5.,-3.36666666666667));
#4516=CARTESIAN_POINT('Origin',(6.29616534045032,9.28497823137281,-4.16666666666667));
#4517=CARTESIAN_POINT('',(9.04616534045032,9.28497823137281,-4.16666666666667));
#4518=CARTESIAN_POINT('Origin',(6.29616534045032,9.28497823137281,-4.16666666666667));
#4519=CARTESIAN_POINT('',(9.04616534045032,9.28497823137281,-3.36666666666667));
#4520=CARTESIAN_POINT('',(9.04616534045032,9.28497823137281,-4.16666666666667));
#4521=CARTESIAN_POINT('Origin',(6.29616534045032,9.28497823137281,-3.36666666666667));
#4522=CARTESIAN_POINT('Origin',(6.29616534045032,9.28497823137281,-3.36666666666667));
#4523=CARTESIAN_POINT('Origin',(10.5814285755489,12.1428571428955,4.16666666666667));
#4524=CARTESIAN_POINT('',(7.83142857554894,12.1428571428955,4.16666666666667));
#4525=CARTESIAN_POINT('Origin',(10.5814285755489,12.1428571428955,4.16666666666667));
#4526=CARTESIAN_POINT('',(7.83142857554894,12.1428571428955,3.36666666666667));
#4527=CARTESIAN_POINT('',(7.83142857554894,12.1428571428955,4.16666666666667));
#4528=CARTESIAN_POINT('Origin',(10.5814285755489,12.1428571428955,3.36666666666667));
#4529=CARTESIAN_POINT('Origin',(10.5814285755489,12.1428571428955,3.36666666666667));
#4530=CARTESIAN_POINT('Origin',(6.29571428571428,5.,4.16666666666667));
#4531=CARTESIAN_POINT('',(3.54571428571428,5.,4.16666666666667));
#4532=CARTESIAN_POINT('Origin',(6.29571428571428,5.,4.16666666666667));
#4533=CARTESIAN_POINT('',(3.54571428571428,5.,3.36666666666667));
#4534=CARTESIAN_POINT('',(3.54571428571428,5.,4.16666666666667));
#4535=CARTESIAN_POINT('Origin',(6.29571428571428,5.,3.36666666666667));
#4536=CARTESIAN_POINT('Origin',(6.29571428571428,5.,3.36666666666667));
#4537=CARTESIAN_POINT('Origin',(14.8671428571429,5.,4.16666666666667));
#4538=CARTESIAN_POINT('',(12.1171428571429,5.,4.16666666666667));
#4539=CARTESIAN_POINT('Origin',(14.8671428571429,5.,4.16666666666667));
#4540=CARTESIAN_POINT('',(12.1171428571429,5.,3.36666666666667));
#4541=CARTESIAN_POINT('',(12.1171428571429,5.,4.16666666666667));
#4542=CARTESIAN_POINT('Origin',(14.8671428571429,5.,3.36666666666667));
#4543=CARTESIAN_POINT('Origin',(14.8671428571429,5.,3.36666666666667));
#4544=CARTESIAN_POINT('Origin',(17.2567611415192,11.2446466810811,-2.05));
#4545=CARTESIAN_POINT('',(20.9272121520714,10.9547751660714,-2.05));
#4546=CARTESIAN_POINT('',(21.0244418582903,10.5497841101933,-2.05));
#4547=CARTESIAN_POINT('Origin',(14.866303466064,9.28551276548761,-2.05));
#4548=CARTESIAN_POINT('',(20.9001568926429,10.96127917295,-2.05));
#4549=CARTESIAN_POINT('Ctrl Pts',(20.9001568926429,10.96127917295,-2.05));
#4550=CARTESIAN_POINT('Ctrl Pts',(20.9091862532381,10.9591571981762,-2.05));
#4551=CARTESIAN_POINT('Ctrl Pts',(20.9182047804048,10.9569886214048,-2.05));
#4552=CARTESIAN_POINT('Ctrl Pts',(20.9272121520714,10.9547751660714,-2.05));
#4553=CARTESIAN_POINT('',(19.8930974063591,11.3675328240675,-2.05));
#4554=CARTESIAN_POINT('Origin',(21.717210680981,14.4379917721969,-2.05));
#4555=CARTESIAN_POINT('',(20.3179315427764,12.3668959685599,-2.05));
#4556=CARTESIAN_POINT('Origin',(23.3540825753933,10.4862333628655,-2.05));
#4557=CARTESIAN_POINT('',(20.332463137106,12.3906261601481,-2.05));
#4558=CARTESIAN_POINT('Ctrl Pts',(20.332463137106,12.3906261601481,-2.05));
#4559=CARTESIAN_POINT('Ctrl Pts',(20.3300612251197,12.3866589147289,-2.05));
#4560=CARTESIAN_POINT('Ctrl Pts',(20.3276492822882,12.3826977423415,-2.05));
#4561=CARTESIAN_POINT('Ctrl Pts',(20.3228053968686,12.3747876447687,-2.05));
#4562=CARTESIAN_POINT('Ctrl Pts',(20.3203734542792,12.3708387195809,-2.05));
#4563=CARTESIAN_POINT('Ctrl Pts',(20.3179315427764,12.3668959685599,-2.05));
#4564=CARTESIAN_POINT('',(20.1148431102961,12.7457497715009,-2.05));
#4565=CARTESIAN_POINT('Origin',(14.8664068114641,9.28526323531928,-2.05));
#4566=CARTESIAN_POINT('',(20.0871021432173,12.7435750544645,-2.05));
#4567=CARTESIAN_POINT('Ctrl Pts',(20.0871021353508,12.7435751486372,-2.05));
#4568=CARTESIAN_POINT('Ctrl Pts',(20.091723745265,12.7439610734998,-2.05));
#4569=CARTESIAN_POINT('Ctrl Pts',(20.0963463366899,12.7443352443626,-2.05));
#4570=CARTESIAN_POINT('Ctrl Pts',(20.1055933629382,12.7450600687122,-2.05));
#4571=CARTESIAN_POINT('Ctrl Pts',(20.110217797763,12.7454107221991,-2.05));
#4572=CARTESIAN_POINT('Ctrl Pts',(20.1148430944771,12.7457496123097,-2.05));
#4573=CARTESIAN_POINT('',(19.0037923742148,12.8187467410165,-2.05));
#4574=CARTESIAN_POINT('Origin',(19.789803195033,16.3026087335962,-2.05));
#4575=CARTESIAN_POINT('',(19.0990131602886,13.9004786113973,-2.05));
#4576=CARTESIAN_POINT('Origin',(22.5677213814574,13.0500843802662,-2.05));
#4577=CARTESIAN_POINT('',(19.1055008784286,13.9275377813571,-2.05));
#4578=CARTESIAN_POINT('Ctrl Pts',(19.1055008784286,13.9275377813571,-2.05));
#4579=CARTESIAN_POINT('Ctrl Pts',(19.1033838204524,13.9185072667024,-2.05));
#4580=CARTESIAN_POINT('Ctrl Pts',(19.101221710881,13.909487186969,-2.05));
#4581=CARTESIAN_POINT('Ctrl Pts',(19.0990131602857,13.9004786113857,-2.05));
#4582=CARTESIAN_POINT('',(18.7887926464367,14.1980319844184,-2.05));
#4583=CARTESIAN_POINT('Origin',(14.8665822042183,9.28505784659347,-2.05));
#4584=CARTESIAN_POINT('',(18.7630813726372,14.1873915187484,-2.05));
#4585=CARTESIAN_POINT('Ctrl Pts',(18.7630813726372,14.1873915187484,-2.05));
#4586=CARTESIAN_POINT('Ctrl Pts',(18.7673575275351,14.1891867111086,-2.05));
#4587=CARTESIAN_POINT('Ctrl Pts',(18.7716382480899,14.1909710280552,-2.05));
#4588=CARTESIAN_POINT('Ctrl Pts',(18.7802087096467,14.1945178652396,-2.05));
#4589=CARTESIAN_POINT('Ctrl Pts',(18.7844984506477,14.196280385477,-2.05));
#4590=CARTESIAN_POINT('Ctrl Pts',(18.7887926464367,14.1980319844184,-2.05));
#4591=CARTESIAN_POINT('',(17.7095632659706,13.9241228252973,-2.05));
#4592=CARTESIAN_POINT('Origin',(17.3805314169865,17.4803631758684,-2.05));
#4593=CARTESIAN_POINT('',(17.4974917588797,14.703579076467,-2.05));
#4594=CARTESIAN_POINT('Origin',(21.0275708319424,15.2454516995128,-2.05));
#4595=CARTESIAN_POINT('',(13.7234504885,10.2562645244786,-2.05));
#4596=CARTESIAN_POINT('',(17.4974917588797,14.703579076467,-2.05));
#4597=CARTESIAN_POINT('Origin',(14.8671428571429,9.28571428571429,-2.05));
#4598=CARTESIAN_POINT('',(20.156887735199,8.01575889970769,-2.05));
#4599=CARTESIAN_POINT('Origin',(23.4373914226782,9.42762266978389,-2.05));
#4600=CARTESIAN_POINT('',(21.0879966893549,8.57454942715431,-2.05));
#4601=CARTESIAN_POINT('Origin',(22.4388687277432,5.26845661842986,-2.05));
#4602=CARTESIAN_POINT('',(21.113701252763,8.58520609853765,-2.05));
#4603=CARTESIAN_POINT('Ctrl Pts',(21.113701252763,8.58520609853765,-2.05));
#4604=CARTESIAN_POINT('Ctrl Pts',(21.1094261768023,8.58340833801758,-2.05));
#4605=CARTESIAN_POINT('Ctrl Pts',(21.1051465553549,8.58162138666988,-2.05));
#4606=CARTESIAN_POINT('Ctrl Pts',(21.0965783310348,8.57806914773596,-2.05));
#4607=CARTESIAN_POINT('Ctrl Pts',(21.0922897281638,8.57630386015042,-2.05));
#4608=CARTESIAN_POINT('Ctrl Pts',(21.0879966893549,8.57454942715432,-2.05));
#4609=CARTESIAN_POINT('',(21.1463794259147,9.00042111253899,-2.05));
#4610=CARTESIAN_POINT('Origin',(14.8662823116142,9.285782011981,-2.05));
#4611=CARTESIAN_POINT('',(21.1226581938571,9.01496732591285,-2.05));
#4612=CARTESIAN_POINT('Ctrl Pts',(21.1226582428462,9.01496740671855,-2.05));
#4613=CARTESIAN_POINT('Ctrl Pts',(21.1266240447535,9.01256311233582,-2.05));
#4614=CARTESIAN_POINT('Ctrl Pts',(21.1305837318927,9.01014873185098,-2.05));
#4615=CARTESIAN_POINT('Ctrl Pts',(21.1384907743464,9.00529986140362,-2.05));
#4616=CARTESIAN_POINT('Ctrl Pts',(21.1424381296623,9.00286537144026,-2.05));
#4617=CARTESIAN_POINT('Ctrl Pts',(21.1463792679226,9.00042085810097,-2.05));
#4618=CARTESIAN_POINT('',(20.2904269892553,9.71253600355377,-2.05));
#4619=CARTESIAN_POINT('Origin',(22.9740858004551,12.0690339919991,-2.05));
#4620=CARTESIAN_POINT('',(21.0032882637897,10.5317060964177,-2.05));
#4621=CARTESIAN_POINT('Origin',(23.3096829755937,7.80486717470685,-2.05));
#4622=CARTESIAN_POINT('Ctrl Pts',(21.0244418582903,10.5497841101933,-2.05));
#4623=CARTESIAN_POINT('Ctrl Pts',(21.0209315579751,10.5467532672237,-2.05));
#4624=CARTESIAN_POINT('Ctrl Pts',(21.0174135944352,10.5437312997459,-2.05));
#4625=CARTESIAN_POINT('Ctrl Pts',(21.0103624310581,10.5377051928204,-2.05));
#4626=CARTESIAN_POINT('Ctrl Pts',(21.0068292312208,10.5347010533727,-2.05));
#4627=CARTESIAN_POINT('Ctrl Pts',(21.0032884583118,10.5317058664639,-2.05));
#4628=CARTESIAN_POINT('Origin',(14.8671428571429,9.28571428571429,0.));
#4629=CARTESIAN_POINT('',(13.7234504885,10.2562645244786,0.));
#4630=CARTESIAN_POINT('Origin',(17.4974917588797,14.703579076467,0.));
#4631=CARTESIAN_POINT('',(17.4974917588797,14.703579076467,0.));
#4632=CARTESIAN_POINT('Origin',(3.90609600130717,11.2683744654464,-2.05));
#4633=CARTESIAN_POINT('',(0.138415419656227,8.0216443048142,-2.05));
#4634=CARTESIAN_POINT('',(0.159568879042831,8.03972247501426,-2.05));
#4635=CARTESIAN_POINT('Ctrl Pts',(0.138415419656227,8.0216443048142,-2.05));
#4636=CARTESIAN_POINT('Ctrl Pts',(0.141925629827189,8.02467525199915,-2.05));
#4637=CARTESIAN_POINT('Ctrl Pts',(0.145443548514354,8.0276972717721,-2.05));
#4638=CARTESIAN_POINT('Ctrl Pts',(0.152494711706206,8.03372337853938,-2.05));
#4639=CARTESIAN_POINT('Ctrl Pts',(0.156027956210803,8.03672746553364,-2.05));
#4640=CARTESIAN_POINT('Ctrl Pts',(0.159568818016542,8.03972254716115,-2.05));
#4641=CARTESIAN_POINT('',(0.191601035360225,7.78571428556425,-2.05));
#4642=CARTESIAN_POINT('Origin',(6.29595567572695,9.28578036815274,-2.05));
#4643=CARTESIAN_POINT('',(6.29571428571429,7.78571428571428,-2.05));
#4644=CARTESIAN_POINT('',(0.191601035360225,7.78571428556425,-2.05));
#4645=CARTESIAN_POINT('',(7.43940665433065,10.2562645244803,-2.05));
#4646=CARTESIAN_POINT('Origin',(6.29571428571434,9.28571428571429,-2.05));
#4647=CARTESIAN_POINT('',(3.92409852747857,14.3986890146714,-2.05));
#4648=CARTESIAN_POINT('',(7.43940665433062,10.2562645244803,-2.05));
#4649=CARTESIAN_POINT('',(3.21453244428572,14.7365027153071,-2.05));
#4650=CARTESIAN_POINT('Origin',(5.09519522514314,17.7726540447183,-2.05));
#4651=CARTESIAN_POINT('',(3.19080245952143,14.7510346453286,-2.05));
#4652=CARTESIAN_POINT('Ctrl Pts',(3.19080245952143,14.7510346453286,-2.05));
#4653=CARTESIAN_POINT('Ctrl Pts',(3.19873678242619,14.7462306209952,-2.05));
#4654=CARTESIAN_POINT('Ctrl Pts',(3.20664725942857,14.7413869746524,-2.05));
#4655=CARTESIAN_POINT('Ctrl Pts',(3.21453244428572,14.7365027153071,-2.05));
#4656=CARTESIAN_POINT('',(2.83567866014286,14.5334145011786,-2.05));
#4657=CARTESIAN_POINT('Origin',(6.29616534045032,9.28497823137281,-2.05));
#4658=CARTESIAN_POINT('',(2.83785351695714,14.5056735717643,-2.05));
#4659=CARTESIAN_POINT('Ctrl Pts',(2.83785351695714,14.5056735717643,-2.05));
#4660=CARTESIAN_POINT('Ctrl Pts',(2.83708140901667,14.5149167302643,-2.05));
#4661=CARTESIAN_POINT('Ctrl Pts',(2.83635696994048,14.5241639862976,-2.05));
#4662=CARTESIAN_POINT('Ctrl Pts',(2.83567866014286,14.5334145011786,-2.05));
#4663=CARTESIAN_POINT('',(2.7626818305536,13.4223638024869,-2.05));
#4664=CARTESIAN_POINT('Origin',(-0.72118011673917,14.2083746197505,-2.05));
#4665=CARTESIAN_POINT('',(1.68094996004194,13.5175845888574,-2.05));
#4666=CARTESIAN_POINT('Origin',(2.53134419443704,16.9862928552332,-2.05));
#4667=CARTESIAN_POINT('',(1.65389079007143,13.5240723070357,-2.05));
#4668=CARTESIAN_POINT('Ctrl Pts',(1.65389079007143,13.5240723070357,-2.05));
#4669=CARTESIAN_POINT('Ctrl Pts',(1.66292130472619,13.5219552490119,-2.05));
#4670=CARTESIAN_POINT('Ctrl Pts',(1.67194138445952,13.5197931394286,-2.05));
#4671=CARTESIAN_POINT('Ctrl Pts',(1.68094996004286,13.5175845888571,-2.05));
#4672=CARTESIAN_POINT('',(1.38339639565902,13.2073639969234,-2.05));
#4673=CARTESIAN_POINT('Origin',(6.29637071400858,9.28515364295702,-2.05));
#4674=CARTESIAN_POINT('',(1.39403713981429,13.1816528377786,-2.05));
#4675=CARTESIAN_POINT('Ctrl Pts',(1.39403686212743,13.1816527212113,-2.05));
#4676=CARTESIAN_POINT('Ctrl Pts',(1.39224179675358,13.1859289295402,-2.05));
#4677=CARTESIAN_POINT('Ctrl Pts',(1.39045754341158,13.1902096765399,-2.05));
#4678=CARTESIAN_POINT('Ctrl Pts',(1.38691070613914,13.1987801383038,-2.05));
#4679=CARTESIAN_POINT('Ctrl Pts',(1.38514812220914,13.203069853067,-2.05));
#4680=CARTESIAN_POINT('Ctrl Pts',(1.38339639565902,13.2073639969234,-2.05));
#4681=CARTESIAN_POINT('',(1.65730574629956,12.1281346944428,-2.05));
#4682=CARTESIAN_POINT('Origin',(-1.89893456049148,11.7991028558606,-2.05));
#4683=CARTESIAN_POINT('',(0.599092760957109,11.8844215119714,-2.05));
#4684=CARTESIAN_POINT('Origin',(0.335975936212674,15.4461453819443,-2.05));
#4685=CARTESIAN_POINT('',(0.571353145857143,11.8822299552429,-2.05));
#4686=CARTESIAN_POINT('Ctrl Pts',(0.571353145857143,11.8822299552429,-2.05));
#4687=CARTESIAN_POINT('Ctrl Pts',(0.580595882571431,11.8830070958976,-2.05));
#4688=CARTESIAN_POINT('Ctrl Pts',(0.589842616790477,11.8837381654238,-2.05));
#4689=CARTESIAN_POINT('Ctrl Pts',(0.599092760957144,11.8844215119714,-2.05));
#4690=CARTESIAN_POINT('',(0.411965939511393,11.4974350883882,-2.05));
#4691=CARTESIAN_POINT('Origin',(6.29651183798971,9.28538392869459,-2.05));
#4692=CARTESIAN_POINT('',(0.430031073686033,11.4762704937376,-2.05));
#4693=CARTESIAN_POINT('Ctrl Pts',(0.430030845622987,11.4762702970522,-2.05));
#4694=CARTESIAN_POINT('Ctrl Pts',(0.427002215957516,11.479782507141,-2.05));
#4695=CARTESIAN_POINT('Ctrl Pts',(0.423982466618734,11.4833023748639,-2.05));
#4696=CARTESIAN_POINT('Ctrl Pts',(0.417960805585381,11.4903573353757,-2.05));
#4697=CARTESIAN_POINT('Ctrl Pts',(0.414958893889805,11.4938924281658,-2.05));
#4698=CARTESIAN_POINT('Ctrl Pts',(0.411965939511393,11.4974350883882,-2.05));
#4699=CARTESIAN_POINT('',(1.00596940772781,10.5556696720497,-2.05));
#4700=CARTESIAN_POINT('Origin',(-2.27453967986227,9.14380310693333,-2.05));
#4701=CARTESIAN_POINT('',(0.0748605316630591,9.99687895298905,-2.05));
#4702=CARTESIAN_POINT('Origin',(-1.27601160837077,13.302971990888,-2.05));
#4703=CARTESIAN_POINT('',(0.0491559701940647,9.9862222823853,-2.05));
#4704=CARTESIAN_POINT('Ctrl Pts',(0.0491559701940647,9.9862222823853,-2.05));
#4705=CARTESIAN_POINT('Ctrl Pts',(0.053430992641023,9.98802016985912,-2.05));
#4706=CARTESIAN_POINT('Ctrl Pts',(0.0577105876006207,9.98980718479728,-2.05));
#4707=CARTESIAN_POINT('Ctrl Pts',(0.0662788117035162,9.99335942364928,-2.05));
#4708=CARTESIAN_POINT('Ctrl Pts',(0.0705674408469651,9.99512464756317,-2.05));
#4709=CARTESIAN_POINT('Ctrl Pts',(0.0748605316630591,9.99687895298905,-2.05));
#4710=CARTESIAN_POINT('',(0.0164777168999997,9.57100745858429,-2.05));
#4711=CARTESIAN_POINT('Origin',(6.29657488892862,9.28564655479774,-2.05));
#4712=CARTESIAN_POINT('',(0.0401989489999999,9.55646124551571,-2.05));
#4713=CARTESIAN_POINT('Ctrl Pts',(0.0401989489999999,9.55646124551571,-2.05));
#4714=CARTESIAN_POINT('Ctrl Pts',(0.0322672430357148,9.56126958932167,-2.05));
#4715=CARTESIAN_POINT('Ctrl Pts',(0.024360241138095,9.56611890652119,-2.05));
#4716=CARTESIAN_POINT('Ctrl Pts',(0.0164777168999997,9.57100745858429,-2.05));
#4717=CARTESIAN_POINT('',(0.872430153413031,8.85889256795246,-2.05));
#4718=CARTESIAN_POINT('Origin',(-1.81122862859891,6.50239461294042,-2.05));
#4719=CARTESIAN_POINT('Origin',(-2.1468258674457,10.7665614261302,-2.05));
#4720=CARTESIAN_POINT('Origin',(7.43940665433062,10.2562645244803,0.));
#4721=CARTESIAN_POINT('',(3.92409852747857,14.3986890146714,2.05));
#4722=CARTESIAN_POINT('',(3.92409850807011,14.3986890375423,0.));
#4723=CARTESIAN_POINT('',(7.43940665433065,10.2562645244803,2.05));
#4724=CARTESIAN_POINT('',(7.43940665433065,10.2562645244803,0.));
#4725=CARTESIAN_POINT('',(7.43940665433062,10.2562645244803,2.05));
#4726=CARTESIAN_POINT('Origin',(6.29571428571434,9.28571428571429,0.));
#4727=CARTESIAN_POINT('',(6.29571428571429,7.78571428571428,2.05));
#4728=CARTESIAN_POINT('',(6.29571428571429,7.78571428571428,0.));
#4729=CARTESIAN_POINT('Origin',(6.29571428571434,9.28571428571429,2.05));
#4730=CARTESIAN_POINT('Origin',(0.191601035360225,7.78571428556425,0.));
#4731=CARTESIAN_POINT('',(0.191601035360225,7.78571428556425,2.05));
#4732=CARTESIAN_POINT('',(0.191601177160105,7.78571432040975,0.));
#4733=CARTESIAN_POINT('',(0.191601035360225,7.78571428556425,2.05));
#4734=CARTESIAN_POINT('Origin',(3.90609600130717,11.2683744654464,2.05));
#4735=CARTESIAN_POINT('',(0.159568879042831,8.03972247501426,2.05));
#4736=CARTESIAN_POINT('',(0.138415419656227,8.0216443048142,2.05));
#4737=CARTESIAN_POINT('Ctrl Pts',(0.159568818016542,8.03972254716115,2.05));
#4738=CARTESIAN_POINT('Ctrl Pts',(0.156027956210803,8.03672746553364,2.05));
#4739=CARTESIAN_POINT('Ctrl Pts',(0.152494711706206,8.03372337853938,2.05));
#4740=CARTESIAN_POINT('Ctrl Pts',(0.145443548514354,8.0276972717721,2.05));
#4741=CARTESIAN_POINT('Ctrl Pts',(0.141925629827189,8.02467525199915,2.05));
#4742=CARTESIAN_POINT('Ctrl Pts',(0.138415419656227,8.0216443048142,2.05));
#4743=CARTESIAN_POINT('',(0.872430153413031,8.85889256795246,2.05));
#4744=CARTESIAN_POINT('Origin',(-2.1468258674457,10.7665614261302,2.05));
#4745=CARTESIAN_POINT('',(0.0401989489999999,9.55646124551571,2.05));
#4746=CARTESIAN_POINT('Origin',(-1.81122862859891,6.50239461294042,2.05));
#4747=CARTESIAN_POINT('',(0.0164777168999997,9.57100745858429,2.05));
#4748=CARTESIAN_POINT('Ctrl Pts',(0.0164777168999997,9.57100745858429,2.05));
#4749=CARTESIAN_POINT('Ctrl Pts',(0.024360241138095,9.56611890652119,2.05));
#4750=CARTESIAN_POINT('Ctrl Pts',(0.0322672430357148,9.56126958932167,2.05));
#4751=CARTESIAN_POINT('Ctrl Pts',(0.0401989489999999,9.55646124551571,2.05));
#4752=CARTESIAN_POINT('',(0.0491559701940647,9.9862222823853,2.05));
#4753=CARTESIAN_POINT('Origin',(6.29657488892862,9.28564655479774,2.05));
#4754=CARTESIAN_POINT('',(0.0748605316630591,9.99687895298905,2.05));
#4755=CARTESIAN_POINT('Ctrl Pts',(0.0748605316630591,9.99687895298905,2.05));
#4756=CARTESIAN_POINT('Ctrl Pts',(0.0705674408469651,9.99512464756317,2.05));
#4757=CARTESIAN_POINT('Ctrl Pts',(0.0662788117035162,9.99335942364928,2.05));
#4758=CARTESIAN_POINT('Ctrl Pts',(0.05771058759976,9.98980718479693,2.05));
#4759=CARTESIAN_POINT('Ctrl Pts',(0.0534309926406287,9.98802016985896,2.05));
#4760=CARTESIAN_POINT('Ctrl Pts',(0.0491559701940647,9.9862222823853,2.05));
#4761=CARTESIAN_POINT('',(1.00596940772781,10.5556696720497,2.05));
#4762=CARTESIAN_POINT('Origin',(-1.27601160837077,13.302971990888,2.05));
#4763=CARTESIAN_POINT('',(0.430031073686033,11.4762704937376,2.05));
#4764=CARTESIAN_POINT('Origin',(-2.27453967986227,9.14380310693333,2.05));
#4765=CARTESIAN_POINT('',(0.411965939511393,11.4974350883882,2.05));
#4766=CARTESIAN_POINT('Ctrl Pts',(0.411965939511393,11.4974350883882,2.05));
#4767=CARTESIAN_POINT('Ctrl Pts',(0.414958893889391,11.4938924281663,2.05));
#4768=CARTESIAN_POINT('Ctrl Pts',(0.417960805584402,11.4903573353768,2.05));
#4769=CARTESIAN_POINT('Ctrl Pts',(0.423982466619716,11.4833023748627,2.05));
#4770=CARTESIAN_POINT('Ctrl Pts',(0.427002215957938,11.4797825071405,2.05));
#4771=CARTESIAN_POINT('Ctrl Pts',(0.430030845622987,11.4762702970522,2.05));
#4772=CARTESIAN_POINT('',(0.571353145857143,11.8822299552429,2.05));
#4773=CARTESIAN_POINT('Origin',(6.29651183798971,9.28538392869459,2.05));
#4774=CARTESIAN_POINT('',(0.599092760957109,11.8844215119714,2.05));
#4775=CARTESIAN_POINT('Ctrl Pts',(0.599092760957144,11.8844215119714,2.05));
#4776=CARTESIAN_POINT('Ctrl Pts',(0.589842616790477,11.8837381654238,2.05));
#4777=CARTESIAN_POINT('Ctrl Pts',(0.580595882571431,11.8830070958976,2.05));
#4778=CARTESIAN_POINT('Ctrl Pts',(0.571353145857143,11.8822299552429,2.05));
#4779=CARTESIAN_POINT('',(1.65730574629956,12.1281346944428,2.05));
#4780=CARTESIAN_POINT('Origin',(0.335975936212674,15.4461453819443,2.05));
#4781=CARTESIAN_POINT('',(1.39403713981429,13.1816528377786,2.05));
#4782=CARTESIAN_POINT('Origin',(-1.89893456049148,11.7991028558606,2.05));
#4783=CARTESIAN_POINT('',(1.38339639565902,13.2073639969234,2.05));
#4784=CARTESIAN_POINT('Ctrl Pts',(1.38339639565902,13.2073639969234,2.05));
#4785=CARTESIAN_POINT('Ctrl Pts',(1.38514812220914,13.203069853067,2.05));
#4786=CARTESIAN_POINT('Ctrl Pts',(1.38691070613914,13.1987801383038,2.05));
#4787=CARTESIAN_POINT('Ctrl Pts',(1.39045754341158,13.1902096765399,2.05));
#4788=CARTESIAN_POINT('Ctrl Pts',(1.39224179675358,13.1859289295402,2.05));
#4789=CARTESIAN_POINT('Ctrl Pts',(1.39403686212743,13.1816527212113,2.05));
#4790=CARTESIAN_POINT('',(1.65389079007143,13.5240723070357,2.05));
#4791=CARTESIAN_POINT('Origin',(6.29637071400858,9.28515364295702,2.05));
#4792=CARTESIAN_POINT('',(1.68094996004194,13.5175845888574,2.05));
#4793=CARTESIAN_POINT('Ctrl Pts',(1.68094996004286,13.5175845888571,2.05));
#4794=CARTESIAN_POINT('Ctrl Pts',(1.67194138445952,13.5197931394286,2.05));
#4795=CARTESIAN_POINT('Ctrl Pts',(1.66292130472619,13.5219552490119,2.05));
#4796=CARTESIAN_POINT('Ctrl Pts',(1.65389079007143,13.5240723070357,2.05));
#4797=CARTESIAN_POINT('',(2.7626818305536,13.4223638024869,2.05));
#4798=CARTESIAN_POINT('Origin',(2.53134419443704,16.9862928552332,2.05));
#4799=CARTESIAN_POINT('',(2.83785351695714,14.5056735717643,2.05));
#4800=CARTESIAN_POINT('Origin',(-0.72118011673917,14.2083746197505,2.05));
#4801=CARTESIAN_POINT('',(2.83567866014286,14.5334145011786,2.05));
#4802=CARTESIAN_POINT('Ctrl Pts',(2.83567866014286,14.5334145011786,2.05));
#4803=CARTESIAN_POINT('Ctrl Pts',(2.83635696994048,14.5241639862976,2.05));
#4804=CARTESIAN_POINT('Ctrl Pts',(2.83708140901667,14.5149167302643,2.05));
#4805=CARTESIAN_POINT('Ctrl Pts',(2.83785351695714,14.5056735717643,2.05));
#4806=CARTESIAN_POINT('',(3.19080245952143,14.7510346453286,2.05));
#4807=CARTESIAN_POINT('Origin',(6.29616534045032,9.28497823137281,2.05));
#4808=CARTESIAN_POINT('',(3.21453244428572,14.7365027153071,2.05));
#4809=CARTESIAN_POINT('Ctrl Pts',(3.21453244428572,14.7365027153071,2.05));
#4810=CARTESIAN_POINT('Ctrl Pts',(3.20664725942857,14.7413869746524,2.05));
#4811=CARTESIAN_POINT('Ctrl Pts',(3.19873678242619,14.7462306209952,2.05));
#4812=CARTESIAN_POINT('Ctrl Pts',(3.19080245952143,14.7510346453286,2.05));
#4813=CARTESIAN_POINT('Origin',(5.09519522514314,17.7726540447183,2.05));
#4814=CARTESIAN_POINT('Origin',(6.29595567572695,9.28578036815274,2.05));
#4815=CARTESIAN_POINT('Origin',(23.4373914226782,9.42762266978389,0.));
#4816=CARTESIAN_POINT('',(20.2657671373693,7.78571428572058,-4.16666666666667));
#4817=CARTESIAN_POINT('',(20.2657671373693,7.78571428572058,0.));
#4818=CARTESIAN_POINT('',(20.156887735199,8.01575889970769,-4.16666666666667));
#4819=CARTESIAN_POINT('Origin',(23.4373914226782,9.42762266978389,-4.16666666666667));
#4820=CARTESIAN_POINT('',(20.156887735199,8.01575889970769,0.));
#4821=CARTESIAN_POINT('Origin',(23.4373914226782,9.42762266978389,0.));
#4822=CARTESIAN_POINT('',(20.156887735199,8.01575889970769,4.16666666666667));
#4823=CARTESIAN_POINT('',(20.156887735199,8.01575889970769,0.));
#4824=CARTESIAN_POINT('',(20.2657671373693,7.78571428572058,4.16666666666667));
#4825=CARTESIAN_POINT('Origin',(23.4373914226782,9.42762266978389,4.16666666666667));
#4826=CARTESIAN_POINT('',(20.2657671373693,7.78571428572058,0.));
#4827=CARTESIAN_POINT('Origin',(22.4388687277432,5.26845661842986,0.));
#4828=CARTESIAN_POINT('',(21.0879966893549,8.57454942715431,-4.16666666666667));
#4829=CARTESIAN_POINT('Origin',(22.4388687277432,5.26845661842986,-4.16666666666667));
#4830=CARTESIAN_POINT('',(21.0879966893549,8.57454942715431,0.));
#4831=CARTESIAN_POINT('Origin',(22.4388687277432,5.26845661842986,0.));
#4832=CARTESIAN_POINT('',(21.0879966893549,8.57454942715431,4.16666666666667));
#4833=CARTESIAN_POINT('',(21.0879966893549,8.57454942715431,0.));
#4834=CARTESIAN_POINT('Origin',(22.4388687277432,5.26845661842986,4.16666666666667));
#4835=CARTESIAN_POINT('Ctrl Pts',(21.0879966893549,8.57454942715431,-4.16666666666667));
#4836=CARTESIAN_POINT('Ctrl Pts',(21.0879966893549,8.57454942715431,4.16666666666667));
#4837=CARTESIAN_POINT('Ctrl Pts',(21.0965827669734,8.57805829314685,-4.16666666666667));
#4838=CARTESIAN_POINT('Ctrl Pts',(21.0965827669734,8.57805829314685,4.16666666666667));
#4839=CARTESIAN_POINT('Ctrl Pts',(21.1051511008418,8.58161057749763,-4.16666666666667));
#4840=CARTESIAN_POINT('Ctrl Pts',(21.1051511008418,8.58161057749763,4.16666666666667));
#4841=CARTESIAN_POINT('Ctrl Pts',(21.113701252763,8.58520609853765,-4.16666666666667));
#4842=CARTESIAN_POINT('Ctrl Pts',(21.113701252763,8.58520609853765,4.16666666666667));
#4843=CARTESIAN_POINT('',(21.113701252763,8.58520609853765,-4.16666666666667));
#4844=CARTESIAN_POINT('Ctrl Pts',(21.113701252763,8.58520609853765,-4.16666666666667));
#4845=CARTESIAN_POINT('Ctrl Pts',(21.1051511008418,8.58161057749763,-4.16666666666667));
#4846=CARTESIAN_POINT('Ctrl Pts',(21.0965827669734,8.57805829314685,-4.16666666666667));
#4847=CARTESIAN_POINT('Ctrl Pts',(21.0879966893549,8.57454942715431,-4.16666666666667));
#4848=CARTESIAN_POINT('',(21.113701252763,8.58520609853765,0.));
#4849=CARTESIAN_POINT('Ctrl Pts',(21.0879966893549,8.57454942715431,-4.16666666666667));
#4850=CARTESIAN_POINT('Ctrl Pts',(21.0879966893549,8.57454942715431,4.16666666666667));
#4851=CARTESIAN_POINT('Ctrl Pts',(21.0965827669734,8.57805829314685,-4.16666666666667));
#4852=CARTESIAN_POINT('Ctrl Pts',(21.0965827669734,8.57805829314685,4.16666666666667));
#4853=CARTESIAN_POINT('Ctrl Pts',(21.1051511008418,8.58161057749763,-4.16666666666667));
#4854=CARTESIAN_POINT('Ctrl Pts',(21.1051511008418,8.58161057749763,4.16666666666667));
#4855=CARTESIAN_POINT('Ctrl Pts',(21.113701252763,8.58520609853765,-4.16666666666667));
#4856=CARTESIAN_POINT('Ctrl Pts',(21.113701252763,8.58520609853765,4.16666666666667));
#4857=CARTESIAN_POINT('',(21.113701252763,8.58520609853765,4.16666666666667));
#4858=CARTESIAN_POINT('',(21.113701252763,8.58520609853765,0.));
#4859=CARTESIAN_POINT('Ctrl Pts',(21.0879966893549,8.57454942715431,4.16666666666667));
#4860=CARTESIAN_POINT('Ctrl Pts',(21.0965827669734,8.57805829314685,4.16666666666667));
#4861=CARTESIAN_POINT('Ctrl Pts',(21.1051511008418,8.58161057749763,4.16666666666667));
#4862=CARTESIAN_POINT('Ctrl Pts',(21.113701252763,8.58520609853765,4.16666666666667));
#4863=CARTESIAN_POINT('Origin',(14.8662823116142,9.285782011981,0.));
#4864=CARTESIAN_POINT('',(21.1463794259147,9.00042111253899,-4.16666666666667));
#4865=CARTESIAN_POINT('Origin',(14.8662823116142,9.285782011981,-4.16666666666667));
#4866=CARTESIAN_POINT('',(21.1463794259147,9.00042111253899,0.));
#4867=CARTESIAN_POINT('Origin',(14.8662823116142,9.285782011981,0.));
#4868=CARTESIAN_POINT('',(21.1463794259147,9.00042111253899,4.16666666666667));
#4869=CARTESIAN_POINT('',(21.1463794259147,9.00042111253899,0.));
#4870=CARTESIAN_POINT('Origin',(14.8662823116142,9.285782011981,4.16666666666667));
#4871=CARTESIAN_POINT('Ctrl Pts',(21.1463792679226,9.00042085810097,-4.16666666666667));
#4872=CARTESIAN_POINT('Ctrl Pts',(21.1463792679226,9.00042085810097,4.16666666666667));
#4873=CARTESIAN_POINT('Ctrl Pts',(21.1384969914026,9.00530988477919,-4.16666666666667));
#4874=CARTESIAN_POINT('Ctrl Pts',(21.1384969914026,9.00530988477919,4.16666666666667));
#4875=CARTESIAN_POINT('Ctrl Pts',(21.1305898466613,9.01015881795287,-4.16666666666667));
#4876=CARTESIAN_POINT('Ctrl Pts',(21.1305898466613,9.01015881795287,4.16666666666667));
#4877=CARTESIAN_POINT('Ctrl Pts',(21.1226582428462,9.01496740671855,-4.16666666666667));
#4878=CARTESIAN_POINT('Ctrl Pts',(21.1226582428462,9.01496740671855,4.16666666666667));
#4879=CARTESIAN_POINT('',(21.1226581938571,9.01496732591285,-4.16666666666667));
#4880=CARTESIAN_POINT('Ctrl Pts',(21.1226582428462,9.01496740671855,-4.16666666666667));
#4881=CARTESIAN_POINT('Ctrl Pts',(21.1305898466613,9.01015881795287,-4.16666666666667));
#4882=CARTESIAN_POINT('Ctrl Pts',(21.1384969914026,9.00530988477919,-4.16666666666667));
#4883=CARTESIAN_POINT('Ctrl Pts',(21.1463792679226,9.00042085810097,-4.16666666666667));
#4884=CARTESIAN_POINT('',(21.1226581938571,9.01496732591285,0.));
#4885=CARTESIAN_POINT('Ctrl Pts',(21.1463792679226,9.00042085810097,-4.16666666666667));
#4886=CARTESIAN_POINT('Ctrl Pts',(21.1463792679226,9.00042085810097,4.16666666666667));
#4887=CARTESIAN_POINT('Ctrl Pts',(21.1384969914026,9.00530988477919,-4.16666666666667));
#4888=CARTESIAN_POINT('Ctrl Pts',(21.1384969914026,9.00530988477919,4.16666666666667));
#4889=CARTESIAN_POINT('Ctrl Pts',(21.1305898466613,9.01015881795287,-4.16666666666667));
#4890=CARTESIAN_POINT('Ctrl Pts',(21.1305898466613,9.01015881795287,4.16666666666667));
#4891=CARTESIAN_POINT('Ctrl Pts',(21.1226582428462,9.01496740671855,-4.16666666666667));
#4892=CARTESIAN_POINT('Ctrl Pts',(21.1226582428462,9.01496740671855,4.16666666666667));
#4893=CARTESIAN_POINT('',(21.1226581938571,9.01496732591285,4.16666666666667));
#4894=CARTESIAN_POINT('',(21.1226581938571,9.01496732591285,0.));
#4895=CARTESIAN_POINT('Ctrl Pts',(21.1463792679226,9.00042085810097,4.16666666666667));
#4896=CARTESIAN_POINT('Ctrl Pts',(21.1384969914026,9.00530988477919,4.16666666666667));
#4897=CARTESIAN_POINT('Ctrl Pts',(21.1305898466613,9.01015881795287,4.16666666666667));
#4898=CARTESIAN_POINT('Ctrl Pts',(21.1226582428462,9.01496740671855,4.16666666666667));
#4899=CARTESIAN_POINT('Origin',(22.9740858004551,12.0690339919991,0.));
#4900=CARTESIAN_POINT('',(20.2904269892553,9.71253600355377,-4.16666666666667));
#4901=CARTESIAN_POINT('Origin',(22.9740858004551,12.0690339919991,-4.16666666666667));
#4902=CARTESIAN_POINT('',(20.2904269892553,9.71253600355377,0.));
#4903=CARTESIAN_POINT('Origin',(22.9740858004551,12.0690339919991,0.));
#4904=CARTESIAN_POINT('',(20.2904269892553,9.71253600355377,4.16666666666667));
#4905=CARTESIAN_POINT('',(20.2904269892553,9.71253600355377,0.));
#4906=CARTESIAN_POINT('Origin',(22.9740858004551,12.0690339919991,4.16666666666667));
#4907=CARTESIAN_POINT('Origin',(23.3096829755937,7.80486717470685,0.));
#4908=CARTESIAN_POINT('',(21.0032882637897,10.5317060964177,-4.16666666666667));
#4909=CARTESIAN_POINT('Origin',(23.3096829755937,7.80486717470685,-4.16666666666667));
#4910=CARTESIAN_POINT('',(21.0032882637897,10.5317060964177,0.));
#4911=CARTESIAN_POINT('Origin',(23.3096829755937,7.80486717470685,0.));
#4912=CARTESIAN_POINT('',(21.0032882637897,10.5317060964177,4.16666666666667));
#4913=CARTESIAN_POINT('',(21.0032882637897,10.5317060964177,0.));
#4914=CARTESIAN_POINT('Origin',(23.3096829755937,7.80486717470685,4.16666666666667));
#4915=CARTESIAN_POINT('Ctrl Pts',(21.0032884583118,10.5317058664639,-4.16666666666667));
#4916=CARTESIAN_POINT('Ctrl Pts',(21.0032884583118,10.5317058664639,4.16666666666667));
#4917=CARTESIAN_POINT('Ctrl Pts',(21.0103700041298,10.5376962402815,-4.16666666666667));
#4918=CARTESIAN_POINT('Ctrl Pts',(21.0103700041298,10.5376962402815,4.16666666666667));
#4919=CARTESIAN_POINT('Ctrl Pts',(21.0174212576595,10.5437224242537,-4.16666666666667));
#4920=CARTESIAN_POINT('Ctrl Pts',(21.0174212576595,10.5437224242537,4.16666666666667));
#4921=CARTESIAN_POINT('Ctrl Pts',(21.0244418582903,10.5497841101933,-4.16666666666667));
#4922=CARTESIAN_POINT('Ctrl Pts',(21.0244418582903,10.5497841101933,4.16666666666667));
#4923=CARTESIAN_POINT('',(21.0244418582903,10.5497841101933,-4.16666666666667));
#4924=CARTESIAN_POINT('Ctrl Pts',(21.0244418582903,10.5497841101933,-4.16666666666667));
#4925=CARTESIAN_POINT('Ctrl Pts',(21.0174212576595,10.5437224242537,-4.16666666666667));
#4926=CARTESIAN_POINT('Ctrl Pts',(21.0103700041298,10.5376962402815,-4.16666666666667));
#4927=CARTESIAN_POINT('Ctrl Pts',(21.0032884583118,10.5317058664639,-4.16666666666667));
#4928=CARTESIAN_POINT('',(21.0244418582903,10.5497841101933,0.));
#4929=CARTESIAN_POINT('Ctrl Pts',(21.0032884583118,10.5317058664639,-4.16666666666667));
#4930=CARTESIAN_POINT('Ctrl Pts',(21.0032884583118,10.5317058664639,4.16666666666667));
#4931=CARTESIAN_POINT('Ctrl Pts',(21.0103700041298,10.5376962402815,-4.16666666666667));
#4932=CARTESIAN_POINT('Ctrl Pts',(21.0103700041298,10.5376962402815,4.16666666666667));
#4933=CARTESIAN_POINT('Ctrl Pts',(21.0174212576595,10.5437224242537,-4.16666666666667));
#4934=CARTESIAN_POINT('Ctrl Pts',(21.0174212576595,10.5437224242537,4.16666666666667));
#4935=CARTESIAN_POINT('Ctrl Pts',(21.0244418582903,10.5497841101933,-4.16666666666667));
#4936=CARTESIAN_POINT('Ctrl Pts',(21.0244418582903,10.5497841101933,4.16666666666667));
#4937=CARTESIAN_POINT('',(21.0244418582903,10.5497841101933,4.16666666666667));
#4938=CARTESIAN_POINT('',(21.0244418582903,10.5497841101933,0.));
#4939=CARTESIAN_POINT('Ctrl Pts',(21.0032884583118,10.5317058664639,4.16666666666667));
#4940=CARTESIAN_POINT('Ctrl Pts',(21.0103700041298,10.5376962402815,4.16666666666667));
#4941=CARTESIAN_POINT('Ctrl Pts',(21.0174212576595,10.5437224242537,4.16666666666667));
#4942=CARTESIAN_POINT('Ctrl Pts',(21.0244418582903,10.5497841101933,4.16666666666667));
#4943=CARTESIAN_POINT('Origin',(14.866303466064,9.28551276548761,0.));
#4944=CARTESIAN_POINT('',(20.9272121520714,10.9547751660714,-4.16666666666667));
#4945=CARTESIAN_POINT('Origin',(14.866303466064,9.28551276548761,-4.16666666666667));
#4946=CARTESIAN_POINT('',(20.9272121520714,10.9547751660714,0.));
#4947=CARTESIAN_POINT('Origin',(14.866303466064,9.28551276548761,0.));
#4948=CARTESIAN_POINT('',(20.9272121520714,10.9547751660714,4.16666666666667));
#4949=CARTESIAN_POINT('',(20.9272121520714,10.9547751660714,0.));
#4950=CARTESIAN_POINT('Origin',(14.866303466064,9.28551276548761,4.16666666666667));
#4951=CARTESIAN_POINT('Ctrl Pts',(20.9272121520714,10.9547751660714,-4.16666666666667));
#4952=CARTESIAN_POINT('Ctrl Pts',(20.9272121520714,10.9547751660714,4.16666666666667));
#4953=CARTESIAN_POINT('Ctrl Pts',(20.9218077290714,10.9561032392714,-4.16666666666667));
#4954=CARTESIAN_POINT('Ctrl Pts',(20.9218077290714,10.9561032392714,4.16666666666667));
#4955=CARTESIAN_POINT('Ctrl Pts',(20.9163999962143,10.9574178438571,-4.16666666666667));
#4956=CARTESIAN_POINT('Ctrl Pts',(20.9163999962143,10.9574178438571,4.16666666666667));
#4957=CARTESIAN_POINT('Ctrl Pts',(20.9109888403571,10.9587188252286,-4.16666666666667));
#4958=CARTESIAN_POINT('Ctrl Pts',(20.9109888403571,10.9587188252286,4.16666666666667));
#4959=CARTESIAN_POINT('Ctrl Pts',(20.905574509,10.9600059880857,-4.16666666666667));
#4960=CARTESIAN_POINT('Ctrl Pts',(20.905574509,10.9600059880857,4.16666666666667));
#4961=CARTESIAN_POINT('Ctrl Pts',(20.9001568926429,10.96127917295,-4.16666666666667));
#4962=CARTESIAN_POINT('Ctrl Pts',(20.9001568926429,10.96127917295,4.16666666666667));
#4963=CARTESIAN_POINT('',(20.9001568926429,10.96127917295,-4.16666666666667));
#4964=CARTESIAN_POINT('Ctrl Pts',(20.9001568926429,10.96127917295,-4.16666666666667));
#4965=CARTESIAN_POINT('Ctrl Pts',(20.905574509,10.9600059880857,-4.16666666666667));
#4966=CARTESIAN_POINT('Ctrl Pts',(20.9109888403571,10.9587188252286,-4.16666666666667));
#4967=CARTESIAN_POINT('Ctrl Pts',(20.9163999962143,10.9574178438571,-4.16666666666667));
#4968=CARTESIAN_POINT('Ctrl Pts',(20.9218077290714,10.9561032392714,-4.16666666666667));
#4969=CARTESIAN_POINT('Ctrl Pts',(20.9272121520714,10.9547751660714,-4.16666666666667));
#4970=CARTESIAN_POINT('',(20.9001568926429,10.96127917295,0.));
#4971=CARTESIAN_POINT('Ctrl Pts',(20.9272121520714,10.9547751660714,-4.16666666666667));
#4972=CARTESIAN_POINT('Ctrl Pts',(20.9272121520714,10.9547751660714,4.16666666666667));
#4973=CARTESIAN_POINT('Ctrl Pts',(20.9218077290714,10.9561032392714,-4.16666666666667));
#4974=CARTESIAN_POINT('Ctrl Pts',(20.9218077290714,10.9561032392714,4.16666666666667));
#4975=CARTESIAN_POINT('Ctrl Pts',(20.9163999962143,10.9574178438571,-4.16666666666667));
#4976=CARTESIAN_POINT('Ctrl Pts',(20.9163999962143,10.9574178438571,4.16666666666667));
#4977=CARTESIAN_POINT('Ctrl Pts',(20.9109888403571,10.9587188252286,-4.16666666666667));
#4978=CARTESIAN_POINT('Ctrl Pts',(20.9109888403571,10.9587188252286,4.16666666666667));
#4979=CARTESIAN_POINT('Ctrl Pts',(20.905574509,10.9600059880857,-4.16666666666667));
#4980=CARTESIAN_POINT('Ctrl Pts',(20.905574509,10.9600059880857,4.16666666666667));
#4981=CARTESIAN_POINT('Ctrl Pts',(20.9001568926429,10.96127917295,-4.16666666666667));
#4982=CARTESIAN_POINT('Ctrl Pts',(20.9001568926429,10.96127917295,4.16666666666667));
#4983=CARTESIAN_POINT('',(20.9001568926429,10.96127917295,4.16666666666667));
#4984=CARTESIAN_POINT('',(20.9001568926429,10.96127917295,0.));
#4985=CARTESIAN_POINT('Ctrl Pts',(20.9272121520714,10.9547751660714,4.16666666666667));
#4986=CARTESIAN_POINT('Ctrl Pts',(20.9218077290714,10.9561032392714,4.16666666666667));
#4987=CARTESIAN_POINT('Ctrl Pts',(20.9163999962143,10.9574178438571,4.16666666666667));
#4988=CARTESIAN_POINT('Ctrl Pts',(20.9109888403571,10.9587188252286,4.16666666666667));
#4989=CARTESIAN_POINT('Ctrl Pts',(20.905574509,10.9600059880857,4.16666666666667));
#4990=CARTESIAN_POINT('Ctrl Pts',(20.9001568926429,10.96127917295,4.16666666666667));
#4991=CARTESIAN_POINT('Origin',(21.717210680981,14.4379917721969,0.));
#4992=CARTESIAN_POINT('',(19.8930974063591,11.3675328240675,-4.16666666666667));
#4993=CARTESIAN_POINT('Origin',(21.717210680981,14.4379917721969,-4.16666666666667));
#4994=CARTESIAN_POINT('',(19.8930974063591,11.3675328240675,0.));
#4995=CARTESIAN_POINT('Origin',(21.717210680981,14.4379917721969,0.));
#4996=CARTESIAN_POINT('',(19.8930974063591,11.3675328240675,4.16666666666667));
#4997=CARTESIAN_POINT('',(19.8930974063591,11.3675328240675,0.));
#4998=CARTESIAN_POINT('Origin',(21.717210680981,14.4379917721969,4.16666666666667));
#4999=CARTESIAN_POINT('Origin',(23.3540825753933,10.4862333628655,0.));
#5000=CARTESIAN_POINT('',(20.3179315427764,12.3668959685599,-4.16666666666667));
#5001=CARTESIAN_POINT('Origin',(23.3540825753933,10.4862333628655,-4.16666666666667));
#5002=CARTESIAN_POINT('',(20.3179315427764,12.3668959685599,0.));
#5003=CARTESIAN_POINT('Origin',(23.3540825753933,10.4862333628655,0.));
#5004=CARTESIAN_POINT('',(20.3179315427764,12.3668959685599,4.16666666666667));
#5005=CARTESIAN_POINT('',(20.3179315427764,12.3668959685599,0.));
#5006=CARTESIAN_POINT('Origin',(23.3540825753933,10.4862333628655,4.16666666666667));
#5007=CARTESIAN_POINT('Ctrl Pts',(20.3179315427764,12.3668959685599,-4.16666666666667));
#5008=CARTESIAN_POINT('Ctrl Pts',(20.3179315427764,12.3668959685599,4.16666666666667));
#5009=CARTESIAN_POINT('Ctrl Pts',(20.322815365782,12.3747814706018,-4.16666666666667));
#5010=CARTESIAN_POINT('Ctrl Pts',(20.322815365782,12.3747814706018,4.16666666666667));
#5011=CARTESIAN_POINT('Ctrl Pts',(20.327659313134,12.3826916693108,-4.16666666666667));
#5012=CARTESIAN_POINT('Ctrl Pts',(20.327659313134,12.3826916693108,4.16666666666667));
#5013=CARTESIAN_POINT('Ctrl Pts',(20.332463137106,12.3906261601481,-4.16666666666667));
#5014=CARTESIAN_POINT('Ctrl Pts',(20.332463137106,12.3906261601481,4.16666666666667));
#5015=CARTESIAN_POINT('',(20.332463137106,12.3906261601481,-4.16666666666667));
#5016=CARTESIAN_POINT('Ctrl Pts',(20.332463137106,12.3906261601481,-4.16666666666667));
#5017=CARTESIAN_POINT('Ctrl Pts',(20.327659313134,12.3826916693108,-4.16666666666667));
#5018=CARTESIAN_POINT('Ctrl Pts',(20.322815365782,12.3747814706018,-4.16666666666667));
#5019=CARTESIAN_POINT('Ctrl Pts',(20.3179315427764,12.3668959685599,-4.16666666666667));
#5020=CARTESIAN_POINT('',(20.332463137106,12.3906261601481,0.));
#5021=CARTESIAN_POINT('Ctrl Pts',(20.3179315427764,12.3668959685599,-4.16666666666667));
#5022=CARTESIAN_POINT('Ctrl Pts',(20.3179315427764,12.3668959685599,4.16666666666667));
#5023=CARTESIAN_POINT('Ctrl Pts',(20.322815365782,12.3747814706018,-4.16666666666667));
#5024=CARTESIAN_POINT('Ctrl Pts',(20.322815365782,12.3747814706018,4.16666666666667));
#5025=CARTESIAN_POINT('Ctrl Pts',(20.327659313134,12.3826916693108,-4.16666666666667));
#5026=CARTESIAN_POINT('Ctrl Pts',(20.327659313134,12.3826916693108,4.16666666666667));
#5027=CARTESIAN_POINT('Ctrl Pts',(20.332463137106,12.3906261601481,-4.16666666666667));
#5028=CARTESIAN_POINT('Ctrl Pts',(20.332463137106,12.3906261601481,4.16666666666667));
#5029=CARTESIAN_POINT('',(20.332463137106,12.3906261601481,4.16666666666667));
#5030=CARTESIAN_POINT('',(20.332463137106,12.3906261601481,0.));
#5031=CARTESIAN_POINT('Ctrl Pts',(20.3179315427764,12.3668959685599,4.16666666666667));
#5032=CARTESIAN_POINT('Ctrl Pts',(20.322815365782,12.3747814706018,4.16666666666667));
#5033=CARTESIAN_POINT('Ctrl Pts',(20.327659313134,12.3826916693108,4.16666666666667));
#5034=CARTESIAN_POINT('Ctrl Pts',(20.332463137106,12.3906261601481,4.16666666666667));
#5035=CARTESIAN_POINT('Origin',(14.8664068114641,9.28526323531928,0.));
#5036=CARTESIAN_POINT('',(20.1148431102961,12.7457497715009,-4.16666666666667));
#5037=CARTESIAN_POINT('Origin',(14.8664068114641,9.28526323531928,-4.16666666666667));
#5038=CARTESIAN_POINT('',(20.1148431102961,12.7457497715009,0.));
#5039=CARTESIAN_POINT('Origin',(14.8664068114641,9.28526323531928,0.));
#5040=CARTESIAN_POINT('',(20.1148431102961,12.7457497715009,4.16666666666667));
#5041=CARTESIAN_POINT('',(20.1148431102961,12.7457497715009,0.));
#5042=CARTESIAN_POINT('Origin',(14.8664068114641,9.28526323531928,4.16666666666667));
#5043=CARTESIAN_POINT('Ctrl Pts',(20.1148430944771,12.7457496123097,-4.16666666666667));
#5044=CARTESIAN_POINT('Ctrl Pts',(20.1148430944771,12.7457496123097,4.16666666666667));
#5045=CARTESIAN_POINT('Ctrl Pts',(20.1055925010494,12.7450718320884,-4.16666666666667));
#5046=CARTESIAN_POINT('Ctrl Pts',(20.1055925010494,12.7450718320884,4.16666666666667));
#5047=CARTESIAN_POINT('Ctrl Pts',(20.096345355179,12.7443469983623,-4.16666666666667));
#5048=CARTESIAN_POINT('Ctrl Pts',(20.096345355179,12.7443469983623,4.16666666666667));
#5049=CARTESIAN_POINT('Ctrl Pts',(20.0871021353508,12.7435751486372,-4.16666666666667));
#5050=CARTESIAN_POINT('Ctrl Pts',(20.0871021353508,12.7435751486372,4.16666666666667));
#5051=CARTESIAN_POINT('',(20.0871021432173,12.7435750544645,-4.16666666666667));
#5052=CARTESIAN_POINT('Ctrl Pts',(20.0871021353508,12.7435751486372,-4.16666666666667));
#5053=CARTESIAN_POINT('Ctrl Pts',(20.096345355179,12.7443469983623,-4.16666666666667));
#5054=CARTESIAN_POINT('Ctrl Pts',(20.1055925010494,12.7450718320884,-4.16666666666667));
#5055=CARTESIAN_POINT('Ctrl Pts',(20.1148430944771,12.7457496123097,-4.16666666666667));
#5056=CARTESIAN_POINT('',(20.0871021432173,12.7435750544645,0.));
#5057=CARTESIAN_POINT('Ctrl Pts',(20.1148430944771,12.7457496123097,-4.16666666666667));
#5058=CARTESIAN_POINT('Ctrl Pts',(20.1148430944771,12.7457496123097,4.16666666666667));
#5059=CARTESIAN_POINT('Ctrl Pts',(20.1055925010494,12.7450718320884,-4.16666666666667));
#5060=CARTESIAN_POINT('Ctrl Pts',(20.1055925010494,12.7450718320884,4.16666666666667));
#5061=CARTESIAN_POINT('Ctrl Pts',(20.096345355179,12.7443469983623,-4.16666666666667));
#5062=CARTESIAN_POINT('Ctrl Pts',(20.096345355179,12.7443469983623,4.16666666666667));
#5063=CARTESIAN_POINT('Ctrl Pts',(20.0871021353508,12.7435751486372,-4.16666666666667));
#5064=CARTESIAN_POINT('Ctrl Pts',(20.0871021353508,12.7435751486372,4.16666666666667));
#5065=CARTESIAN_POINT('',(20.0871021432173,12.7435750544645,4.16666666666667));
#5066=CARTESIAN_POINT('',(20.0871021432173,12.7435750544645,0.));
#5067=CARTESIAN_POINT('Ctrl Pts',(20.1148430944771,12.7457496123097,4.16666666666667));
#5068=CARTESIAN_POINT('Ctrl Pts',(20.1055925010494,12.7450718320884,4.16666666666667));
#5069=CARTESIAN_POINT('Ctrl Pts',(20.096345355179,12.7443469983623,4.16666666666667));
#5070=CARTESIAN_POINT('Ctrl Pts',(20.0871021353508,12.7435751486372,4.16666666666667));
#5071=CARTESIAN_POINT('Origin',(19.789803195033,16.3026087335962,0.));
#5072=CARTESIAN_POINT('',(19.0037923742148,12.8187467410165,-4.16666666666667));
#5073=CARTESIAN_POINT('Origin',(19.789803195033,16.3026087335962,-4.16666666666667));
#5074=CARTESIAN_POINT('',(19.0037923742148,12.8187467410165,0.));
#5075=CARTESIAN_POINT('Origin',(19.789803195033,16.3026087335962,0.));
#5076=CARTESIAN_POINT('',(19.0037923742148,12.8187467410165,4.16666666666667));
#5077=CARTESIAN_POINT('',(19.0037923742148,12.8187467410165,0.));
#5078=CARTESIAN_POINT('Origin',(19.789803195033,16.3026087335962,4.16666666666667));
#5079=CARTESIAN_POINT('Origin',(22.5677213814574,13.0500843802662,0.));
#5080=CARTESIAN_POINT('',(19.0990131602886,13.9004786113973,-4.16666666666667));
#5081=CARTESIAN_POINT('Origin',(22.5677213814574,13.0500843802662,-4.16666666666667));
#5082=CARTESIAN_POINT('',(19.0990131602886,13.9004786113973,0.));
#5083=CARTESIAN_POINT('Origin',(22.5677213814574,13.0500843802662,0.));
#5084=CARTESIAN_POINT('',(19.0990131602886,13.9004786113973,4.16666666666667));
#5085=CARTESIAN_POINT('',(19.0990131602886,13.9004786113973,0.));
#5086=CARTESIAN_POINT('Origin',(22.5677213814574,13.0500843802662,4.16666666666667));
#5087=CARTESIAN_POINT('Ctrl Pts',(19.0990131602857,13.9004786113857,-4.16666666666667));
#5088=CARTESIAN_POINT('Ctrl Pts',(19.0990131602857,13.9004786113857,4.16666666666667));
#5089=CARTESIAN_POINT('Ctrl Pts',(19.1003382906429,13.9058837567357,-4.16666666666667));
#5090=CARTESIAN_POINT('Ctrl Pts',(19.1003382906429,13.9058837567357,4.16666666666667));
#5091=CARTESIAN_POINT('Ctrl Pts',(19.1016494751429,13.9112923210214,-4.16666666666667));
#5092=CARTESIAN_POINT('Ctrl Pts',(19.1016494751429,13.9112923210214,4.16666666666667));
#5093=CARTESIAN_POINT('Ctrl Pts',(19.1029469055714,13.9167043293429,-4.16666666666667));
#5094=CARTESIAN_POINT('Ctrl Pts',(19.1029469055714,13.9167043293429,4.16666666666667));
#5095=CARTESIAN_POINT('Ctrl Pts',(19.1042306436429,13.9221194725643,-4.16666666666667));
#5096=CARTESIAN_POINT('Ctrl Pts',(19.1042306436429,13.9221194725643,4.16666666666667));
#5097=CARTESIAN_POINT('Ctrl Pts',(19.1055008784286,13.9275377813571,-4.16666666666667));
#5098=CARTESIAN_POINT('Ctrl Pts',(19.1055008784286,13.9275377813571,4.16666666666667));
#5099=CARTESIAN_POINT('',(19.1055008784286,13.9275377813571,-4.16666666666667));
#5100=CARTESIAN_POINT('Ctrl Pts',(19.1055008784286,13.9275377813571,-4.16666666666667));
#5101=CARTESIAN_POINT('Ctrl Pts',(19.1042306436429,13.9221194725643,-4.16666666666667));
#5102=CARTESIAN_POINT('Ctrl Pts',(19.1029469055714,13.9167043293429,-4.16666666666667));
#5103=CARTESIAN_POINT('Ctrl Pts',(19.1016494751429,13.9112923210214,-4.16666666666667));
#5104=CARTESIAN_POINT('Ctrl Pts',(19.1003382906429,13.9058837567357,-4.16666666666667));
#5105=CARTESIAN_POINT('Ctrl Pts',(19.0990131602857,13.9004786113857,-4.16666666666667));
#5106=CARTESIAN_POINT('',(19.1055008784286,13.9275377813571,0.));
#5107=CARTESIAN_POINT('Ctrl Pts',(19.0990131602857,13.9004786113857,-4.16666666666667));
#5108=CARTESIAN_POINT('Ctrl Pts',(19.0990131602857,13.9004786113857,4.16666666666667));
#5109=CARTESIAN_POINT('Ctrl Pts',(19.1003382906429,13.9058837567357,-4.16666666666667));
#5110=CARTESIAN_POINT('Ctrl Pts',(19.1003382906429,13.9058837567357,4.16666666666667));
#5111=CARTESIAN_POINT('Ctrl Pts',(19.1016494751429,13.9112923210214,-4.16666666666667));
#5112=CARTESIAN_POINT('Ctrl Pts',(19.1016494751429,13.9112923210214,4.16666666666667));
#5113=CARTESIAN_POINT('Ctrl Pts',(19.1029469055714,13.9167043293429,-4.16666666666667));
#5114=CARTESIAN_POINT('Ctrl Pts',(19.1029469055714,13.9167043293429,4.16666666666667));
#5115=CARTESIAN_POINT('Ctrl Pts',(19.1042306436429,13.9221194725643,-4.16666666666667));
#5116=CARTESIAN_POINT('Ctrl Pts',(19.1042306436429,13.9221194725643,4.16666666666667));
#5117=CARTESIAN_POINT('Ctrl Pts',(19.1055008784286,13.9275377813571,-4.16666666666667));
#5118=CARTESIAN_POINT('Ctrl Pts',(19.1055008784286,13.9275377813571,4.16666666666667));
#5119=CARTESIAN_POINT('',(19.1055008784286,13.9275377813571,4.16666666666667));
#5120=CARTESIAN_POINT('',(19.1055008784286,13.9275377813571,0.));
#5121=CARTESIAN_POINT('Ctrl Pts',(19.0990131602857,13.9004786113857,4.16666666666667));
#5122=CARTESIAN_POINT('Ctrl Pts',(19.1003382906429,13.9058837567357,4.16666666666667));
#5123=CARTESIAN_POINT('Ctrl Pts',(19.1016494751429,13.9112923210214,4.16666666666667));
#5124=CARTESIAN_POINT('Ctrl Pts',(19.1029469055714,13.9167043293429,4.16666666666667));
#5125=CARTESIAN_POINT('Ctrl Pts',(19.1042306436429,13.9221194725643,4.16666666666667));
#5126=CARTESIAN_POINT('Ctrl Pts',(19.1055008784286,13.9275377813571,4.16666666666667));
#5127=CARTESIAN_POINT('Origin',(14.8665822042183,9.28505784659347,0.));
#5128=CARTESIAN_POINT('',(18.7887926464367,14.1980319844184,-4.16666666666667));
#5129=CARTESIAN_POINT('Origin',(14.8665822042183,9.28505784659347,-4.16666666666667));
#5130=CARTESIAN_POINT('',(18.7887926464367,14.1980319844184,0.));
#5131=CARTESIAN_POINT('Origin',(14.8665822042183,9.28505784659347,0.));
#5132=CARTESIAN_POINT('',(18.7887926464367,14.1980319844184,4.16666666666667));
#5133=CARTESIAN_POINT('',(18.7887926464367,14.1980319844184,0.));
#5134=CARTESIAN_POINT('Origin',(14.8665822042183,9.28505784659347,4.16666666666667));
#5135=CARTESIAN_POINT('Ctrl Pts',(18.7887926464367,14.1980319844184,-4.16666666666667));
#5136=CARTESIAN_POINT('Ctrl Pts',(18.7887926464367,14.1980319844184,4.16666666666667));
#5137=CARTESIAN_POINT('Ctrl Pts',(18.7802042548589,14.1945287865357,-4.16666666666667));
#5138=CARTESIAN_POINT('Ctrl Pts',(18.7802042548589,14.1945287865357,4.16666666666667));
#5139=CARTESIAN_POINT('Ctrl Pts',(18.7716336824337,14.190981903469,-4.16666666666667));
#5140=CARTESIAN_POINT('Ctrl Pts',(18.7716336824337,14.190981903469,4.16666666666667));
#5141=CARTESIAN_POINT('Ctrl Pts',(18.7630813726372,14.1873915187484,-4.16666666666667));
#5142=CARTESIAN_POINT('Ctrl Pts',(18.7630813726372,14.1873915187484,4.16666666666667));
#5143=CARTESIAN_POINT('',(18.7630813726372,14.1873915187484,-4.16666666666667));
#5144=CARTESIAN_POINT('Ctrl Pts',(18.7630813726372,14.1873915187484,-4.16666666666667));
#5145=CARTESIAN_POINT('Ctrl Pts',(18.7716336824337,14.190981903469,-4.16666666666667));
#5146=CARTESIAN_POINT('Ctrl Pts',(18.7802042548589,14.1945287865357,-4.16666666666667));
#5147=CARTESIAN_POINT('Ctrl Pts',(18.7887926464367,14.1980319844184,-4.16666666666667));
#5148=CARTESIAN_POINT('',(18.7630813726372,14.1873915187484,0.));
#5149=CARTESIAN_POINT('Ctrl Pts',(18.7887926464367,14.1980319844184,-4.16666666666667));
#5150=CARTESIAN_POINT('Ctrl Pts',(18.7887926464367,14.1980319844184,4.16666666666667));
#5151=CARTESIAN_POINT('Ctrl Pts',(18.7802042548589,14.1945287865357,-4.16666666666667));
#5152=CARTESIAN_POINT('Ctrl Pts',(18.7802042548589,14.1945287865357,4.16666666666667));
#5153=CARTESIAN_POINT('Ctrl Pts',(18.7716336824337,14.190981903469,-4.16666666666667));
#5154=CARTESIAN_POINT('Ctrl Pts',(18.7716336824337,14.190981903469,4.16666666666667));
#5155=CARTESIAN_POINT('Ctrl Pts',(18.7630813726372,14.1873915187484,-4.16666666666667));
#5156=CARTESIAN_POINT('Ctrl Pts',(18.7630813726372,14.1873915187484,4.16666666666667));
#5157=CARTESIAN_POINT('',(18.7630813726372,14.1873915187484,4.16666666666667));
#5158=CARTESIAN_POINT('',(18.7630813726372,14.1873915187484,0.));
#5159=CARTESIAN_POINT('Ctrl Pts',(18.7887926464367,14.1980319844184,4.16666666666667));
#5160=CARTESIAN_POINT('Ctrl Pts',(18.7802042548589,14.1945287865357,4.16666666666667));
#5161=CARTESIAN_POINT('Ctrl Pts',(18.7716336824337,14.190981903469,4.16666666666667));
#5162=CARTESIAN_POINT('Ctrl Pts',(18.7630813726372,14.1873915187484,4.16666666666667));
#5163=CARTESIAN_POINT('Origin',(17.3805314169865,17.4803631758684,0.));
#5164=CARTESIAN_POINT('',(17.7095632659706,13.9241228252973,-4.16666666666667));
#5165=CARTESIAN_POINT('Origin',(17.3805314169865,17.4803631758684,-4.16666666666667));
#5166=CARTESIAN_POINT('',(17.7095632659706,13.9241228252973,0.));
#5167=CARTESIAN_POINT('Origin',(17.3805314169865,17.4803631758684,0.));
#5168=CARTESIAN_POINT('',(17.7095632659706,13.9241228252973,4.16666666666667));
#5169=CARTESIAN_POINT('',(17.7095632659706,13.9241228252973,0.));
#5170=CARTESIAN_POINT('Origin',(17.3805314169865,17.4803631758684,4.16666666666667));
#5171=CARTESIAN_POINT('Origin',(21.0275708319424,15.2454516995128,0.));
#5172=CARTESIAN_POINT('',(17.4658500834286,14.9823358104714,-4.16666666666667));
#5173=CARTESIAN_POINT('Origin',(21.0275708319424,15.2454516995128,-4.16666666666667));
#5174=CARTESIAN_POINT('',(17.4658500834286,14.9823358104714,4.16666666666667));
#5175=CARTESIAN_POINT('',(17.4658500834286,14.9823358104714,0.));
#5176=CARTESIAN_POINT('Origin',(21.0275708319424,15.2454516995128,4.16666666666667));
#5177=CARTESIAN_POINT('Ctrl Pts',(3.21453244428572,14.7365027153071,-4.16666666666667));
#5178=CARTESIAN_POINT('Ctrl Pts',(3.21453244428572,14.7365027153071,4.16666666666667));
#5179=CARTESIAN_POINT('Ctrl Pts',(3.20980133337143,14.7394332709143,-4.16666666666667));
#5180=CARTESIAN_POINT('Ctrl Pts',(3.20980133337143,14.7394332709143,4.16666666666667));
#5181=CARTESIAN_POINT('Ctrl Pts',(3.20506266136429,14.7423516197571,-4.16666666666667));
#5182=CARTESIAN_POINT('Ctrl Pts',(3.20506266136429,14.7423516197571,4.16666666666667));
#5183=CARTESIAN_POINT('Ctrl Pts',(3.20031646362143,14.7452579519929,-4.16666666666667));
#5184=CARTESIAN_POINT('Ctrl Pts',(3.20031646362143,14.7452579519929,4.16666666666667));
#5185=CARTESIAN_POINT('Ctrl Pts',(3.19556305326429,14.7481522307286,-4.16666666666667));
#5186=CARTESIAN_POINT('Ctrl Pts',(3.19556305326429,14.7481522307286,4.16666666666667));
#5187=CARTESIAN_POINT('Ctrl Pts',(3.19080245952143,14.7510346453286,-4.16666666666667));
#5188=CARTESIAN_POINT('Ctrl Pts',(3.19080245952143,14.7510346453286,4.16666666666667));
#5189=CARTESIAN_POINT('',(3.21453244428572,14.7365027153071,-4.16666666666667));
#5190=CARTESIAN_POINT('',(3.21453244428572,14.7365027153071,0.));
#5191=CARTESIAN_POINT('',(3.19080245952143,14.7510346453286,-4.16666666666667));
#5192=CARTESIAN_POINT('Ctrl Pts',(3.19080245952143,14.7510346453286,-4.16666666666667));
#5193=CARTESIAN_POINT('Ctrl Pts',(3.19556305326429,14.7481522307286,-4.16666666666667));
#5194=CARTESIAN_POINT('Ctrl Pts',(3.20031646362143,14.7452579519929,-4.16666666666667));
#5195=CARTESIAN_POINT('Ctrl Pts',(3.20506266136429,14.7423516197571,-4.16666666666667));
#5196=CARTESIAN_POINT('Ctrl Pts',(3.20980133337143,14.7394332709143,-4.16666666666667));
#5197=CARTESIAN_POINT('Ctrl Pts',(3.21453244428572,14.7365027153071,-4.16666666666667));
#5198=CARTESIAN_POINT('',(3.19080245952143,14.7510346453286,0.));
#5199=CARTESIAN_POINT('Ctrl Pts',(3.21453244428572,14.7365027153071,-4.16666666666667));
#5200=CARTESIAN_POINT('Ctrl Pts',(3.21453244428572,14.7365027153071,4.16666666666667));
#5201=CARTESIAN_POINT('Ctrl Pts',(3.20980133337143,14.7394332709143,-4.16666666666667));
#5202=CARTESIAN_POINT('Ctrl Pts',(3.20980133337143,14.7394332709143,4.16666666666667));
#5203=CARTESIAN_POINT('Ctrl Pts',(3.20506266136429,14.7423516197571,-4.16666666666667));
#5204=CARTESIAN_POINT('Ctrl Pts',(3.20506266136429,14.7423516197571,4.16666666666667));
#5205=CARTESIAN_POINT('Ctrl Pts',(3.20031646362143,14.7452579519929,-4.16666666666667));
#5206=CARTESIAN_POINT('Ctrl Pts',(3.20031646362143,14.7452579519929,4.16666666666667));
#5207=CARTESIAN_POINT('Ctrl Pts',(3.19556305326429,14.7481522307286,-4.16666666666667));
#5208=CARTESIAN_POINT('Ctrl Pts',(3.19556305326429,14.7481522307286,4.16666666666667));
#5209=CARTESIAN_POINT('Ctrl Pts',(3.19080245952143,14.7510346453286,-4.16666666666667));
#5210=CARTESIAN_POINT('Ctrl Pts',(3.19080245952143,14.7510346453286,4.16666666666667));
#5211=CARTESIAN_POINT('',(3.19080245952143,14.7510346453286,4.16666666666667));
#5212=CARTESIAN_POINT('',(3.19080245952143,14.7510346453286,0.));
#5213=CARTESIAN_POINT('',(3.21453244428572,14.7365027153071,4.16666666666667));
#5214=CARTESIAN_POINT('Ctrl Pts',(3.21453244428572,14.7365027153071,4.16666666666667));
#5215=CARTESIAN_POINT('Ctrl Pts',(3.20980133337143,14.7394332709143,4.16666666666667));
#5216=CARTESIAN_POINT('Ctrl Pts',(3.20506266136429,14.7423516197571,4.16666666666667));
#5217=CARTESIAN_POINT('Ctrl Pts',(3.20031646362143,14.7452579519929,4.16666666666667));
#5218=CARTESIAN_POINT('Ctrl Pts',(3.19556305326429,14.7481522307286,4.16666666666667));
#5219=CARTESIAN_POINT('Ctrl Pts',(3.19080245952143,14.7510346453286,4.16666666666667));
#5220=CARTESIAN_POINT('',(3.21453244428572,14.7365027153071,0.));
#5221=CARTESIAN_POINT('Origin',(6.29616534045032,9.28497823137281,0.));
#5222=CARTESIAN_POINT('',(2.83567866014286,14.5334145011786,-4.16666666666667));
#5223=CARTESIAN_POINT('Origin',(6.29616534045032,9.28497823137281,-4.16666666666667));
#5224=CARTESIAN_POINT('',(2.83567866014286,14.5334145011786,0.));
#5225=CARTESIAN_POINT('Origin',(6.29616534045032,9.28497823137281,0.));
#5226=CARTESIAN_POINT('',(2.83567866014286,14.5334145011786,4.16666666666667));
#5227=CARTESIAN_POINT('',(2.83567866014286,14.5334145011786,0.));
#5228=CARTESIAN_POINT('Origin',(6.29616534045032,9.28497823137281,4.16666666666667));
#5229=CARTESIAN_POINT('Ctrl Pts',(2.83567866014286,14.5334145011786,-4.16666666666667));
#5230=CARTESIAN_POINT('Ctrl Pts',(2.83567866014286,14.5334145011786,4.16666666666667));
#5231=CARTESIAN_POINT('Ctrl Pts',(2.83608564602143,14.52786419225,-4.16666666666667));
#5232=CARTESIAN_POINT('Ctrl Pts',(2.83608564602143,14.52786419225,4.16666666666667));
#5233=CARTESIAN_POINT('Ctrl Pts',(2.83650646411429,14.52231489755,-4.16666666666667));
#5234=CARTESIAN_POINT('Ctrl Pts',(2.83650646411429,14.52231489755,4.16666666666667));
#5235=CARTESIAN_POINT('Ctrl Pts',(2.83694129640714,14.5167665571929,-4.16666666666667));
#5236=CARTESIAN_POINT('Ctrl Pts',(2.83694129640714,14.5167665571929,4.16666666666667));
#5237=CARTESIAN_POINT('Ctrl Pts',(2.83739025219286,14.5112194668643,-4.16666666666667));
#5238=CARTESIAN_POINT('Ctrl Pts',(2.83739025219286,14.5112194668643,4.16666666666667));
#5239=CARTESIAN_POINT('Ctrl Pts',(2.83785351695714,14.5056735717643,-4.16666666666667));
#5240=CARTESIAN_POINT('Ctrl Pts',(2.83785351695714,14.5056735717643,4.16666666666667));
#5241=CARTESIAN_POINT('',(2.83785351695714,14.5056735717643,-4.16666666666667));
#5242=CARTESIAN_POINT('Ctrl Pts',(2.83785351695714,14.5056735717643,-4.16666666666667));
#5243=CARTESIAN_POINT('Ctrl Pts',(2.83739025219286,14.5112194668643,-4.16666666666667));
#5244=CARTESIAN_POINT('Ctrl Pts',(2.83694129640714,14.5167665571929,-4.16666666666667));
#5245=CARTESIAN_POINT('Ctrl Pts',(2.83650646411429,14.52231489755,-4.16666666666667));
#5246=CARTESIAN_POINT('Ctrl Pts',(2.83608564602143,14.52786419225,-4.16666666666667));
#5247=CARTESIAN_POINT('Ctrl Pts',(2.83567866014286,14.5334145011786,-4.16666666666667));
#5248=CARTESIAN_POINT('',(2.83785351695714,14.5056735717643,0.));
#5249=CARTESIAN_POINT('Ctrl Pts',(2.83567866014286,14.5334145011786,-4.16666666666667));
#5250=CARTESIAN_POINT('Ctrl Pts',(2.83567866014286,14.5334145011786,4.16666666666667));
#5251=CARTESIAN_POINT('Ctrl Pts',(2.83608564602143,14.52786419225,-4.16666666666667));
#5252=CARTESIAN_POINT('Ctrl Pts',(2.83608564602143,14.52786419225,4.16666666666667));
#5253=CARTESIAN_POINT('Ctrl Pts',(2.83650646411429,14.52231489755,-4.16666666666667));
#5254=CARTESIAN_POINT('Ctrl Pts',(2.83650646411429,14.52231489755,4.16666666666667));
#5255=CARTESIAN_POINT('Ctrl Pts',(2.83694129640714,14.5167665571929,-4.16666666666667));
#5256=CARTESIAN_POINT('Ctrl Pts',(2.83694129640714,14.5167665571929,4.16666666666667));
#5257=CARTESIAN_POINT('Ctrl Pts',(2.83739025219286,14.5112194668643,-4.16666666666667));
#5258=CARTESIAN_POINT('Ctrl Pts',(2.83739025219286,14.5112194668643,4.16666666666667));
#5259=CARTESIAN_POINT('Ctrl Pts',(2.83785351695714,14.5056735717643,-4.16666666666667));
#5260=CARTESIAN_POINT('Ctrl Pts',(2.83785351695714,14.5056735717643,4.16666666666667));
#5261=CARTESIAN_POINT('',(2.83785351695714,14.5056735717643,4.16666666666667));
#5262=CARTESIAN_POINT('',(2.83785351695714,14.5056735717643,0.));
#5263=CARTESIAN_POINT('Ctrl Pts',(2.83567866014286,14.5334145011786,4.16666666666667));
#5264=CARTESIAN_POINT('Ctrl Pts',(2.83608564602143,14.52786419225,4.16666666666667));
#5265=CARTESIAN_POINT('Ctrl Pts',(2.83650646411429,14.52231489755,4.16666666666667));
#5266=CARTESIAN_POINT('Ctrl Pts',(2.83694129640714,14.5167665571929,4.16666666666667));
#5267=CARTESIAN_POINT('Ctrl Pts',(2.83739025219286,14.5112194668643,4.16666666666667));
#5268=CARTESIAN_POINT('Ctrl Pts',(2.83785351695714,14.5056735717643,4.16666666666667));
#5269=CARTESIAN_POINT('Origin',(-0.72118011673917,14.2083746197505,0.));
#5270=CARTESIAN_POINT('',(2.7626818305536,13.4223638024869,-4.16666666666667));
#5271=CARTESIAN_POINT('Origin',(-0.72118011673917,14.2083746197505,-4.16666666666667));
#5272=CARTESIAN_POINT('',(2.7626818305536,13.4223638024869,0.));
#5273=CARTESIAN_POINT('Origin',(-0.72118011673917,14.2083746197505,0.));
#5274=CARTESIAN_POINT('',(2.7626818305536,13.4223638024869,4.16666666666667));
#5275=CARTESIAN_POINT('',(2.7626818305536,13.4223638024869,0.));
#5276=CARTESIAN_POINT('Origin',(-0.72118011673917,14.2083746197505,4.16666666666667));
#5277=CARTESIAN_POINT('Origin',(2.53134419443704,16.9862928552332,0.));
#5278=CARTESIAN_POINT('',(1.68094996004194,13.5175845888574,-4.16666666666667));
#5279=CARTESIAN_POINT('Origin',(2.53134419443704,16.9862928552332,-4.16666666666667));
#5280=CARTESIAN_POINT('',(1.68094996004194,13.5175845888574,0.));
#5281=CARTESIAN_POINT('Origin',(2.53134419443704,16.9862928552332,0.));
#5282=CARTESIAN_POINT('',(1.68094996004194,13.5175845888574,4.16666666666667));
#5283=CARTESIAN_POINT('',(1.68094996004194,13.5175845888574,0.));
#5284=CARTESIAN_POINT('Origin',(2.53134419443704,16.9862928552332,4.16666666666667));
#5285=CARTESIAN_POINT('Ctrl Pts',(1.68094996004286,13.5175845888571,-4.16666666666667));
#5286=CARTESIAN_POINT('Ctrl Pts',(1.68094996004286,13.5175845888571,4.16666666666667));
#5287=CARTESIAN_POINT('Ctrl Pts',(1.67554481469286,13.5189097192,-4.16666666666667));
#5288=CARTESIAN_POINT('Ctrl Pts',(1.67554481469286,13.5189097192,4.16666666666667));
#5289=CARTESIAN_POINT('Ctrl Pts',(1.67013625041429,13.5202209037,-4.16666666666667));
#5290=CARTESIAN_POINT('Ctrl Pts',(1.67013625041429,13.5202209037,4.16666666666667));
#5291=CARTESIAN_POINT('Ctrl Pts',(1.66472424207857,13.52151833415,-4.16666666666667));
#5292=CARTESIAN_POINT('Ctrl Pts',(1.66472424207857,13.52151833415,4.16666666666667));
#5293=CARTESIAN_POINT('Ctrl Pts',(1.65930909886429,13.5228020722214,-4.16666666666667));
#5294=CARTESIAN_POINT('Ctrl Pts',(1.65930909886429,13.5228020722214,4.16666666666667));
#5295=CARTESIAN_POINT('Ctrl Pts',(1.65389079007143,13.5240723070357,-4.16666666666667));
#5296=CARTESIAN_POINT('Ctrl Pts',(1.65389079007143,13.5240723070357,4.16666666666667));
#5297=CARTESIAN_POINT('',(1.65389079007143,13.5240723070357,-4.16666666666667));
#5298=CARTESIAN_POINT('Ctrl Pts',(1.65389079007143,13.5240723070357,-4.16666666666667));
#5299=CARTESIAN_POINT('Ctrl Pts',(1.65930909886429,13.5228020722214,-4.16666666666667));
#5300=CARTESIAN_POINT('Ctrl Pts',(1.66472424207857,13.52151833415,-4.16666666666667));
#5301=CARTESIAN_POINT('Ctrl Pts',(1.67013625041429,13.5202209037,-4.16666666666667));
#5302=CARTESIAN_POINT('Ctrl Pts',(1.67554481469286,13.5189097192,-4.16666666666667));
#5303=CARTESIAN_POINT('Ctrl Pts',(1.68094996004286,13.5175845888571,-4.16666666666667));
#5304=CARTESIAN_POINT('',(1.65389079007143,13.5240723070357,0.));
#5305=CARTESIAN_POINT('Ctrl Pts',(1.68094996004286,13.5175845888571,-4.16666666666667));
#5306=CARTESIAN_POINT('Ctrl Pts',(1.68094996004286,13.5175845888571,4.16666666666667));
#5307=CARTESIAN_POINT('Ctrl Pts',(1.67554481469286,13.5189097192,-4.16666666666667));
#5308=CARTESIAN_POINT('Ctrl Pts',(1.67554481469286,13.5189097192,4.16666666666667));
#5309=CARTESIAN_POINT('Ctrl Pts',(1.67013625041429,13.5202209037,-4.16666666666667));
#5310=CARTESIAN_POINT('Ctrl Pts',(1.67013625041429,13.5202209037,4.16666666666667));
#5311=CARTESIAN_POINT('Ctrl Pts',(1.66472424207857,13.52151833415,-4.16666666666667));
#5312=CARTESIAN_POINT('Ctrl Pts',(1.66472424207857,13.52151833415,4.16666666666667));
#5313=CARTESIAN_POINT('Ctrl Pts',(1.65930909886429,13.5228020722214,-4.16666666666667));
#5314=CARTESIAN_POINT('Ctrl Pts',(1.65930909886429,13.5228020722214,4.16666666666667));
#5315=CARTESIAN_POINT('Ctrl Pts',(1.65389079007143,13.5240723070357,-4.16666666666667));
#5316=CARTESIAN_POINT('Ctrl Pts',(1.65389079007143,13.5240723070357,4.16666666666667));
#5317=CARTESIAN_POINT('',(1.65389079007143,13.5240723070357,4.16666666666667));
#5318=CARTESIAN_POINT('',(1.65389079007143,13.5240723070357,0.));
#5319=CARTESIAN_POINT('Ctrl Pts',(1.68094996004286,13.5175845888571,4.16666666666667));
#5320=CARTESIAN_POINT('Ctrl Pts',(1.67554481469286,13.5189097192,4.16666666666667));
#5321=CARTESIAN_POINT('Ctrl Pts',(1.67013625041429,13.5202209037,4.16666666666667));
#5322=CARTESIAN_POINT('Ctrl Pts',(1.66472424207857,13.52151833415,4.16666666666667));
#5323=CARTESIAN_POINT('Ctrl Pts',(1.65930909886429,13.5228020722214,4.16666666666667));
#5324=CARTESIAN_POINT('Ctrl Pts',(1.65389079007143,13.5240723070357,4.16666666666667));
#5325=CARTESIAN_POINT('Origin',(6.29637071400858,9.28515364295702,0.));
#5326=CARTESIAN_POINT('',(1.38339639565902,13.2073639969234,-4.16666666666667));
#5327=CARTESIAN_POINT('Origin',(6.29637071400858,9.28515364295702,-4.16666666666667));
#5328=CARTESIAN_POINT('',(1.38339639565902,13.2073639969234,0.));
#5329=CARTESIAN_POINT('Origin',(6.29637071400858,9.28515364295702,0.));
#5330=CARTESIAN_POINT('',(1.38339639565902,13.2073639969234,4.16666666666667));
#5331=CARTESIAN_POINT('',(1.38339639565902,13.2073639969234,0.));
#5332=CARTESIAN_POINT('Origin',(6.29637071400858,9.28515364295702,4.16666666666667));
#5333=CARTESIAN_POINT('Ctrl Pts',(1.38339639565902,13.2073639969234,-4.16666666666667));
#5334=CARTESIAN_POINT('Ctrl Pts',(1.38339639565902,13.2073639969234,4.16666666666667));
#5335=CARTESIAN_POINT('Ctrl Pts',(1.38689984875943,13.1987757092101,-4.16666666666667));
#5336=CARTESIAN_POINT('Ctrl Pts',(1.38689984875943,13.1987757092101,4.16666666666667));
#5337=CARTESIAN_POINT('Ctrl Pts',(1.39044673137978,13.190205137869,-4.16666666666667));
#5338=CARTESIAN_POINT('Ctrl Pts',(1.39044673137978,13.190205137869,4.16666666666667));
#5339=CARTESIAN_POINT('Ctrl Pts',(1.39403686212743,13.1816527212113,-4.16666666666667));
#5340=CARTESIAN_POINT('Ctrl Pts',(1.39403686212743,13.1816527212113,4.16666666666667));
#5341=CARTESIAN_POINT('',(1.39403713981429,13.1816528377786,-4.16666666666667));
#5342=CARTESIAN_POINT('Ctrl Pts',(1.39403686212743,13.1816527212113,-4.16666666666667));
#5343=CARTESIAN_POINT('Ctrl Pts',(1.39044673137978,13.190205137869,-4.16666666666667));
#5344=CARTESIAN_POINT('Ctrl Pts',(1.38689984875943,13.1987757092101,-4.16666666666667));
#5345=CARTESIAN_POINT('Ctrl Pts',(1.38339639565902,13.2073639969234,-4.16666666666667));
#5346=CARTESIAN_POINT('',(1.39403713981429,13.1816528377786,0.));
#5347=CARTESIAN_POINT('Ctrl Pts',(1.38339639565902,13.2073639969234,-4.16666666666667));
#5348=CARTESIAN_POINT('Ctrl Pts',(1.38339639565902,13.2073639969234,4.16666666666667));
#5349=CARTESIAN_POINT('Ctrl Pts',(1.38689984875943,13.1987757092101,-4.16666666666667));
#5350=CARTESIAN_POINT('Ctrl Pts',(1.38689984875943,13.1987757092101,4.16666666666667));
#5351=CARTESIAN_POINT('Ctrl Pts',(1.39044673137978,13.190205137869,-4.16666666666667));
#5352=CARTESIAN_POINT('Ctrl Pts',(1.39044673137978,13.190205137869,4.16666666666667));
#5353=CARTESIAN_POINT('Ctrl Pts',(1.39403686212743,13.1816527212113,-4.16666666666667));
#5354=CARTESIAN_POINT('Ctrl Pts',(1.39403686212743,13.1816527212113,4.16666666666667));
#5355=CARTESIAN_POINT('',(1.39403713981429,13.1816528377786,4.16666666666667));
#5356=CARTESIAN_POINT('',(1.39403713981429,13.1816528377786,0.));
#5357=CARTESIAN_POINT('Ctrl Pts',(1.38339639565902,13.2073639969234,4.16666666666667));
#5358=CARTESIAN_POINT('Ctrl Pts',(1.38689984875943,13.1987757092101,4.16666666666667));
#5359=CARTESIAN_POINT('Ctrl Pts',(1.39044673137978,13.190205137869,4.16666666666667));
#5360=CARTESIAN_POINT('Ctrl Pts',(1.39403686212743,13.1816527212113,4.16666666666667));
#5361=CARTESIAN_POINT('Origin',(-1.89893456049148,11.7991028558606,0.));
#5362=CARTESIAN_POINT('',(1.65730574629956,12.1281346944428,-4.16666666666667));
#5363=CARTESIAN_POINT('Origin',(-1.89893456049148,11.7991028558606,-4.16666666666667));
#5364=CARTESIAN_POINT('',(1.65730574629956,12.1281346944428,0.));
#5365=CARTESIAN_POINT('Origin',(-1.89893456049148,11.7991028558606,0.));
#5366=CARTESIAN_POINT('',(1.65730574629956,12.1281346944428,4.16666666666667));
#5367=CARTESIAN_POINT('',(1.65730574629956,12.1281346944428,0.));
#5368=CARTESIAN_POINT('Origin',(-1.89893456049148,11.7991028558606,4.16666666666667));
#5369=CARTESIAN_POINT('Origin',(0.335975936212674,15.4461453819443,0.));
#5370=CARTESIAN_POINT('',(0.599092760957109,11.8844215119714,-4.16666666666667));
#5371=CARTESIAN_POINT('Origin',(0.335975936212674,15.4461453819443,-4.16666666666667));
#5372=CARTESIAN_POINT('',(0.599092760957109,11.8844215119714,0.));
#5373=CARTESIAN_POINT('Origin',(0.335975936212674,15.4461453819443,0.));
#5374=CARTESIAN_POINT('',(0.599092760957109,11.8844215119714,4.16666666666667));
#5375=CARTESIAN_POINT('',(0.599092760957109,11.8844215119714,0.));
#5376=CARTESIAN_POINT('Origin',(0.335975936212674,15.4461453819443,4.16666666666667));
#5377=CARTESIAN_POINT('Ctrl Pts',(0.599092760957144,11.8844215119714,-4.16666666666667));
#5378=CARTESIAN_POINT('Ctrl Pts',(0.599092760957144,11.8844215119714,4.16666666666667));
#5379=CARTESIAN_POINT('Ctrl Pts',(0.593542674457144,11.8840115040429,-4.16666666666667));
#5380=CARTESIAN_POINT('Ctrl Pts',(0.593542674457144,11.8840115040429,4.16666666666667));
#5381=CARTESIAN_POINT('Ctrl Pts',(0.587993645864286,11.8835871763286,-4.16666666666667));
#5382=CARTESIAN_POINT('Ctrl Pts',(0.587993645864286,11.8835871763286,4.16666666666667));
#5383=CARTESIAN_POINT('Ctrl Pts',(0.582445592007144,11.8831487034643,-4.16666666666667));
#5384=CARTESIAN_POINT('Ctrl Pts',(0.582445592007144,11.8831487034643,4.16666666666667));
#5385=CARTESIAN_POINT('Ctrl Pts',(0.576898787885716,11.8826962396357,-4.16666666666667));
#5386=CARTESIAN_POINT('Ctrl Pts',(0.576898787885716,11.8826962396357,4.16666666666667));
#5387=CARTESIAN_POINT('Ctrl Pts',(0.571353145857143,11.8822299552429,-4.16666666666667));
#5388=CARTESIAN_POINT('Ctrl Pts',(0.571353145857143,11.8822299552429,4.16666666666667));
#5389=CARTESIAN_POINT('',(0.571353145857143,11.8822299552429,-4.16666666666667));
#5390=CARTESIAN_POINT('Ctrl Pts',(0.571353145857143,11.8822299552429,-4.16666666666667));
#5391=CARTESIAN_POINT('Ctrl Pts',(0.576898787885716,11.8826962396357,-4.16666666666667));
#5392=CARTESIAN_POINT('Ctrl Pts',(0.582445592007144,11.8831487034643,-4.16666666666667));
#5393=CARTESIAN_POINT('Ctrl Pts',(0.587993645864286,11.8835871763286,-4.16666666666667));
#5394=CARTESIAN_POINT('Ctrl Pts',(0.593542674457144,11.8840115040429,-4.16666666666667));
#5395=CARTESIAN_POINT('Ctrl Pts',(0.599092760957144,11.8844215119714,-4.16666666666667));
#5396=CARTESIAN_POINT('',(0.571353145857143,11.8822299552429,0.));
#5397=CARTESIAN_POINT('Ctrl Pts',(0.599092760957144,11.8844215119714,-4.16666666666667));
#5398=CARTESIAN_POINT('Ctrl Pts',(0.599092760957144,11.8844215119714,4.16666666666667));
#5399=CARTESIAN_POINT('Ctrl Pts',(0.593542674457144,11.8840115040429,-4.16666666666667));
#5400=CARTESIAN_POINT('Ctrl Pts',(0.593542674457144,11.8840115040429,4.16666666666667));
#5401=CARTESIAN_POINT('Ctrl Pts',(0.587993645864286,11.8835871763286,-4.16666666666667));
#5402=CARTESIAN_POINT('Ctrl Pts',(0.587993645864286,11.8835871763286,4.16666666666667));
#5403=CARTESIAN_POINT('Ctrl Pts',(0.582445592007144,11.8831487034643,-4.16666666666667));
#5404=CARTESIAN_POINT('Ctrl Pts',(0.582445592007144,11.8831487034643,4.16666666666667));
#5405=CARTESIAN_POINT('Ctrl Pts',(0.576898787885716,11.8826962396357,-4.16666666666667));
#5406=CARTESIAN_POINT('Ctrl Pts',(0.576898787885716,11.8826962396357,4.16666666666667));
#5407=CARTESIAN_POINT('Ctrl Pts',(0.571353145857143,11.8822299552429,-4.16666666666667));
#5408=CARTESIAN_POINT('Ctrl Pts',(0.571353145857143,11.8822299552429,4.16666666666667));
#5409=CARTESIAN_POINT('',(0.571353145857143,11.8822299552429,4.16666666666667));
#5410=CARTESIAN_POINT('',(0.571353145857143,11.8822299552429,0.));
#5411=CARTESIAN_POINT('Ctrl Pts',(0.599092760957144,11.8844215119714,4.16666666666667));
#5412=CARTESIAN_POINT('Ctrl Pts',(0.593542674457144,11.8840115040429,4.16666666666667));
#5413=CARTESIAN_POINT('Ctrl Pts',(0.587993645864286,11.8835871763286,4.16666666666667));
#5414=CARTESIAN_POINT('Ctrl Pts',(0.582445592007144,11.8831487034643,4.16666666666667));
#5415=CARTESIAN_POINT('Ctrl Pts',(0.576898787885716,11.8826962396357,4.16666666666667));
#5416=CARTESIAN_POINT('Ctrl Pts',(0.571353145857143,11.8822299552429,4.16666666666667));
#5417=CARTESIAN_POINT('Origin',(6.29651183798971,9.28538392869459,0.));
#5418=CARTESIAN_POINT('',(0.411965939511393,11.4974350883882,-4.16666666666667));
#5419=CARTESIAN_POINT('Origin',(6.29651183798971,9.28538392869459,-4.16666666666667));
#5420=CARTESIAN_POINT('',(0.411965939511393,11.4974350883882,0.));
#5421=CARTESIAN_POINT('Origin',(6.29651183798971,9.28538392869459,0.));
#5422=CARTESIAN_POINT('',(0.411965939511393,11.4974350883882,4.16666666666667));
#5423=CARTESIAN_POINT('',(0.411965939511393,11.4974350883882,0.));
#5424=CARTESIAN_POINT('Origin',(6.29651183798971,9.28538392869459,4.16666666666667));
#5425=CARTESIAN_POINT('Ctrl Pts',(0.411965939511393,11.4974350883882,-4.16666666666667));
#5426=CARTESIAN_POINT('Ctrl Pts',(0.411965939511393,11.4974350883882,4.16666666666667));
#5427=CARTESIAN_POINT('Ctrl Pts',(0.417951848267862,11.4903497679438,-4.16666666666667));
#5428=CARTESIAN_POINT('Ctrl Pts',(0.417951848267862,11.4903497679438,4.16666666666667));
#5429=CARTESIAN_POINT('Ctrl Pts',(0.423973586291813,11.4832947172301,-4.16666666666667));
#5430=CARTESIAN_POINT('Ctrl Pts',(0.423973586291813,11.4832947172301,4.16666666666667));
#5431=CARTESIAN_POINT('Ctrl Pts',(0.430030845622987,11.4762702970522,-4.16666666666667));
#5432=CARTESIAN_POINT('Ctrl Pts',(0.430030845622987,11.4762702970522,4.16666666666667));
#5433=CARTESIAN_POINT('',(0.430031073686033,11.4762704937376,-4.16666666666667));
#5434=CARTESIAN_POINT('Ctrl Pts',(0.430030845622987,11.4762702970522,-4.16666666666667));
#5435=CARTESIAN_POINT('Ctrl Pts',(0.423973586291813,11.4832947172301,-4.16666666666667));
#5436=CARTESIAN_POINT('Ctrl Pts',(0.417951848267862,11.4903497679438,-4.16666666666667));
#5437=CARTESIAN_POINT('Ctrl Pts',(0.411965939511393,11.4974350883882,-4.16666666666667));
#5438=CARTESIAN_POINT('',(0.430031073686033,11.4762704937376,0.));
#5439=CARTESIAN_POINT('Ctrl Pts',(0.411965939511393,11.4974350883882,-4.16666666666667));
#5440=CARTESIAN_POINT('Ctrl Pts',(0.411965939511393,11.4974350883882,4.16666666666667));
#5441=CARTESIAN_POINT('Ctrl Pts',(0.417951848267862,11.4903497679438,-4.16666666666667));
#5442=CARTESIAN_POINT('Ctrl Pts',(0.417951848267862,11.4903497679438,4.16666666666667));
#5443=CARTESIAN_POINT('Ctrl Pts',(0.423973586291813,11.4832947172301,-4.16666666666667));
#5444=CARTESIAN_POINT('Ctrl Pts',(0.423973586291813,11.4832947172301,4.16666666666667));
#5445=CARTESIAN_POINT('Ctrl Pts',(0.430030845622987,11.4762702970522,-4.16666666666667));
#5446=CARTESIAN_POINT('Ctrl Pts',(0.430030845622987,11.4762702970522,4.16666666666667));
#5447=CARTESIAN_POINT('',(0.430031073686033,11.4762704937376,4.16666666666667));
#5448=CARTESIAN_POINT('',(0.430031073686033,11.4762704937376,0.));
#5449=CARTESIAN_POINT('Ctrl Pts',(0.411965939511393,11.4974350883882,4.16666666666667));
#5450=CARTESIAN_POINT('Ctrl Pts',(0.417951848267862,11.4903497679438,4.16666666666667));
#5451=CARTESIAN_POINT('Ctrl Pts',(0.423973586291813,11.4832947172301,4.16666666666667));
#5452=CARTESIAN_POINT('Ctrl Pts',(0.430030845622987,11.4762702970522,4.16666666666667));
#5453=CARTESIAN_POINT('Origin',(-2.27453967986227,9.14380310693333,0.));
#5454=CARTESIAN_POINT('',(1.00596940772781,10.5556696720497,-4.16666666666667));
#5455=CARTESIAN_POINT('Origin',(-2.27453967986227,9.14380310693333,-4.16666666666667));
#5456=CARTESIAN_POINT('',(1.00596940772781,10.5556696720497,0.));
#5457=CARTESIAN_POINT('Origin',(-2.27453967986227,9.14380310693333,0.));
#5458=CARTESIAN_POINT('',(1.00596940772781,10.5556696720497,4.16666666666667));
#5459=CARTESIAN_POINT('',(1.00596940772781,10.5556696720497,0.));
#5460=CARTESIAN_POINT('Origin',(-2.27453967986227,9.14380310693333,4.16666666666667));
#5461=CARTESIAN_POINT('Origin',(-1.27601160837077,13.302971990888,0.));
#5462=CARTESIAN_POINT('',(0.0748605316630591,9.99687895298905,-4.16666666666667));
#5463=CARTESIAN_POINT('Origin',(-1.27601160837077,13.302971990888,-4.16666666666667));
#5464=CARTESIAN_POINT('',(0.0748605316630591,9.99687895298905,0.));
#5465=CARTESIAN_POINT('Origin',(-1.27601160837077,13.302971990888,0.));
#5466=CARTESIAN_POINT('',(0.0748605316630591,9.99687895298905,4.16666666666667));
#5467=CARTESIAN_POINT('',(0.0748605316630591,9.99687895298905,0.));
#5468=CARTESIAN_POINT('Origin',(-1.27601160837077,13.302971990888,4.16666666666667));
#5469=CARTESIAN_POINT('Ctrl Pts',(0.0748605316630591,9.99687895298905,-4.16666666666667));
#5470=CARTESIAN_POINT('Ctrl Pts',(0.0748605316630591,9.99687895298905,4.16666666666667));
#5471=CARTESIAN_POINT('Ctrl Pts',(0.0662743500302167,9.99337034213703,-4.16666666666667));
#5472=CARTESIAN_POINT('Ctrl Pts',(0.0662743500302167,9.99337034213703,4.16666666666667));
#5473=CARTESIAN_POINT('Ctrl Pts',(0.0577060150870309,9.98981805733255,-4.16666666666667));
#5474=CARTESIAN_POINT('Ctrl Pts',(0.0577060150870309,9.98981805733255,4.16666666666667));
#5475=CARTESIAN_POINT('Ctrl Pts',(0.0491559701940647,9.9862222823853,-4.16666666666667));
#5476=CARTESIAN_POINT('Ctrl Pts',(0.0491559701940647,9.9862222823853,4.16666666666667));
#5477=CARTESIAN_POINT('',(0.0491559701940647,9.9862222823853,-4.16666666666667));
#5478=CARTESIAN_POINT('Ctrl Pts',(0.0491559701940647,9.9862222823853,-4.16666666666667));
#5479=CARTESIAN_POINT('Ctrl Pts',(0.0577060150870309,9.98981805733255,-4.16666666666667));
#5480=CARTESIAN_POINT('Ctrl Pts',(0.0662743500302167,9.99337034213703,-4.16666666666667));
#5481=CARTESIAN_POINT('Ctrl Pts',(0.0748605316630591,9.99687895298905,-4.16666666666667));
#5482=CARTESIAN_POINT('',(0.0491559701940647,9.9862222823853,0.));
#5483=CARTESIAN_POINT('Ctrl Pts',(0.0748605316630591,9.99687895298905,-4.16666666666667));
#5484=CARTESIAN_POINT('Ctrl Pts',(0.0748605316630591,9.99687895298905,4.16666666666667));
#5485=CARTESIAN_POINT('Ctrl Pts',(0.0662743500302167,9.99337034213703,-4.16666666666667));
#5486=CARTESIAN_POINT('Ctrl Pts',(0.0662743500302167,9.99337034213703,4.16666666666667));
#5487=CARTESIAN_POINT('Ctrl Pts',(0.0577060150870309,9.98981805733255,-4.16666666666667));
#5488=CARTESIAN_POINT('Ctrl Pts',(0.0577060150870309,9.98981805733255,4.16666666666667));
#5489=CARTESIAN_POINT('Ctrl Pts',(0.0491559701940647,9.9862222823853,-4.16666666666667));
#5490=CARTESIAN_POINT('Ctrl Pts',(0.0491559701940647,9.9862222823853,4.16666666666667));
#5491=CARTESIAN_POINT('',(0.0491559701940647,9.9862222823853,4.16666666666667));
#5492=CARTESIAN_POINT('',(0.0491559701940647,9.9862222823853,0.));
#5493=CARTESIAN_POINT('Ctrl Pts',(0.0748605316630591,9.99687895298905,4.16666666666667));
#5494=CARTESIAN_POINT('Ctrl Pts',(0.0662743500302167,9.99337034213703,4.16666666666667));
#5495=CARTESIAN_POINT('Ctrl Pts',(0.0577060150870309,9.98981805733255,4.16666666666667));
#5496=CARTESIAN_POINT('Ctrl Pts',(0.0491559701940647,9.9862222823853,4.16666666666667));
#5497=CARTESIAN_POINT('Origin',(6.29657488892862,9.28564655479774,0.));
#5498=CARTESIAN_POINT('',(0.0164777168999997,9.57100745858429,-4.16666666666667));
#5499=CARTESIAN_POINT('Origin',(6.29657488892862,9.28564655479774,-4.16666666666667));
#5500=CARTESIAN_POINT('',(0.0164777168999997,9.57100745858429,0.));
#5501=CARTESIAN_POINT('Origin',(6.29657488892862,9.28564655479774,0.));
#5502=CARTESIAN_POINT('',(0.0164777168999997,9.57100745858429,4.16666666666667));
#5503=CARTESIAN_POINT('',(0.0164777168999997,9.57100745858429,0.));
#5504=CARTESIAN_POINT('Origin',(6.29657488892862,9.28564655479774,4.16666666666667));
#5505=CARTESIAN_POINT('Ctrl Pts',(0.0164777168999997,9.57100745858429,-4.16666666666667));
#5506=CARTESIAN_POINT('Ctrl Pts',(0.0164777168999997,9.57100745858429,4.16666666666667));
#5507=CARTESIAN_POINT('Ctrl Pts',(0.0212072314428569,9.56807432734643,-4.16666666666667));
#5508=CARTESIAN_POINT('Ctrl Pts',(0.0212072314428569,9.56807432734643,4.16666666666667));
#5509=CARTESIAN_POINT('Ctrl Pts',(0.0259440558357138,9.56515298275071,-4.16666666666667));
#5510=CARTESIAN_POINT('Ctrl Pts',(0.0259440558357138,9.56515298275071,4.16666666666667));
#5511=CARTESIAN_POINT('Ctrl Pts',(0.0306883454857154,9.562243536825,-4.16666666666667));
#5512=CARTESIAN_POINT('Ctrl Pts',(0.0306883454857154,9.562243536825,4.16666666666667));
#5513=CARTESIAN_POINT('Ctrl Pts',(0.0354399254214288,9.55934625179929,-4.16666666666667));
#5514=CARTESIAN_POINT('Ctrl Pts',(0.0354399254214288,9.55934625179929,4.16666666666667));
#5515=CARTESIAN_POINT('Ctrl Pts',(0.0401989489999999,9.55646124551571,-4.16666666666667));
#5516=CARTESIAN_POINT('Ctrl Pts',(0.0401989489999999,9.55646124551571,4.16666666666667));
#5517=CARTESIAN_POINT('',(0.0401989489999999,9.55646124551571,-4.16666666666667));
#5518=CARTESIAN_POINT('Ctrl Pts',(0.0401989489999999,9.55646124551571,-4.16666666666667));
#5519=CARTESIAN_POINT('Ctrl Pts',(0.0354399254214288,9.55934625179929,-4.16666666666667));
#5520=CARTESIAN_POINT('Ctrl Pts',(0.0306883454857154,9.562243536825,-4.16666666666667));
#5521=CARTESIAN_POINT('Ctrl Pts',(0.0259440558357138,9.56515298275071,-4.16666666666667));
#5522=CARTESIAN_POINT('Ctrl Pts',(0.0212072314428569,9.56807432734643,-4.16666666666667));
#5523=CARTESIAN_POINT('Ctrl Pts',(0.0164777168999997,9.57100745858429,-4.16666666666667));
#5524=CARTESIAN_POINT('',(0.0401989489999999,9.55646124551571,0.));
#5525=CARTESIAN_POINT('Ctrl Pts',(0.0164777168999997,9.57100745858429,-4.16666666666667));
#5526=CARTESIAN_POINT('Ctrl Pts',(0.0164777168999997,9.57100745858429,4.16666666666667));
#5527=CARTESIAN_POINT('Ctrl Pts',(0.0212072314428569,9.56807432734643,-4.16666666666667));
#5528=CARTESIAN_POINT('Ctrl Pts',(0.0212072314428569,9.56807432734643,4.16666666666667));
#5529=CARTESIAN_POINT('Ctrl Pts',(0.0259440558357138,9.56515298275071,-4.16666666666667));
#5530=CARTESIAN_POINT('Ctrl Pts',(0.0259440558357138,9.56515298275071,4.16666666666667));
#5531=CARTESIAN_POINT('Ctrl Pts',(0.0306883454857154,9.562243536825,-4.16666666666667));
#5532=CARTESIAN_POINT('Ctrl Pts',(0.0306883454857154,9.562243536825,4.16666666666667));
#5533=CARTESIAN_POINT('Ctrl Pts',(0.0354399254214288,9.55934625179929,-4.16666666666667));
#5534=CARTESIAN_POINT('Ctrl Pts',(0.0354399254214288,9.55934625179929,4.16666666666667));
#5535=CARTESIAN_POINT('Ctrl Pts',(0.0401989489999999,9.55646124551571,-4.16666666666667));
#5536=CARTESIAN_POINT('Ctrl Pts',(0.0401989489999999,9.55646124551571,4.16666666666667));
#5537=CARTESIAN_POINT('',(0.0401989489999999,9.55646124551571,4.16666666666667));
#5538=CARTESIAN_POINT('',(0.0401989489999999,9.55646124551571,0.));
#5539=CARTESIAN_POINT('Ctrl Pts',(0.0164777168999997,9.57100745858429,4.16666666666667));
#5540=CARTESIAN_POINT('Ctrl Pts',(0.0212072314428569,9.56807432734643,4.16666666666667));
#5541=CARTESIAN_POINT('Ctrl Pts',(0.0259440558357138,9.56515298275071,4.16666666666667));
#5542=CARTESIAN_POINT('Ctrl Pts',(0.0306883454857154,9.562243536825,4.16666666666667));
#5543=CARTESIAN_POINT('Ctrl Pts',(0.0354399254214288,9.55934625179929,4.16666666666667));
#5544=CARTESIAN_POINT('Ctrl Pts',(0.0401989489999999,9.55646124551571,4.16666666666667));
#5545=CARTESIAN_POINT('Origin',(-1.81122862859891,6.50239461294042,0.));
#5546=CARTESIAN_POINT('',(0.872430153413031,8.85889256795246,-4.16666666666667));
#5547=CARTESIAN_POINT('Origin',(-1.81122862859891,6.50239461294042,-4.16666666666667));
#5548=CARTESIAN_POINT('',(0.872430153413031,8.85889256795246,0.));
#5549=CARTESIAN_POINT('Origin',(-1.81122862859891,6.50239461294042,0.));
#5550=CARTESIAN_POINT('',(0.872430153413031,8.85889256795246,4.16666666666667));
#5551=CARTESIAN_POINT('',(0.872430153413031,8.85889256795246,0.));
#5552=CARTESIAN_POINT('Origin',(-1.81122862859891,6.50239461294042,4.16666666666667));
#5553=CARTESIAN_POINT('Origin',(-2.1468258674457,10.7665614261302,0.));
#5554=CARTESIAN_POINT('',(0.159568879042831,8.03972247501426,-4.16666666666667));
#5555=CARTESIAN_POINT('Origin',(-2.1468258674457,10.7665614261302,-4.16666666666667));
#5556=CARTESIAN_POINT('',(0.159568879042831,8.03972247501426,0.));
#5557=CARTESIAN_POINT('Origin',(-2.1468258674457,10.7665614261302,0.));
#5558=CARTESIAN_POINT('',(0.159568879042831,8.03972247501426,4.16666666666667));
#5559=CARTESIAN_POINT('',(0.159568879042831,8.03972247501426,0.));
#5560=CARTESIAN_POINT('Origin',(-2.1468258674457,10.7665614261302,4.16666666666667));
#5561=CARTESIAN_POINT('Ctrl Pts',(0.159568818016542,8.03972254716115,-4.16666666666667));
#5562=CARTESIAN_POINT('Ctrl Pts',(0.159568818016542,8.03972254716115,4.16666666666667));
#5563=CARTESIAN_POINT('Ctrl Pts',(0.152487094405141,8.03373238390621,-4.16666666666667));
#5564=CARTESIAN_POINT('Ctrl Pts',(0.152487094405141,8.03373238390621,4.16666666666667));
#5565=CARTESIAN_POINT('Ctrl Pts',(0.145435839998153,8.0277061991841,-4.16666666666667));
#5566=CARTESIAN_POINT('Ctrl Pts',(0.145435839998153,8.0277061991841,4.16666666666667));
#5567=CARTESIAN_POINT('Ctrl Pts',(0.138415419656227,8.0216443048142,-4.16666666666667));
#5568=CARTESIAN_POINT('Ctrl Pts',(0.138415419656227,8.0216443048142,4.16666666666667));
#5569=CARTESIAN_POINT('',(0.138415419656227,8.0216443048142,-4.16666666666667));
#5570=CARTESIAN_POINT('Ctrl Pts',(0.138415419656227,8.0216443048142,-4.16666666666667));
#5571=CARTESIAN_POINT('Ctrl Pts',(0.145435839998153,8.0277061991841,-4.16666666666667));
#5572=CARTESIAN_POINT('Ctrl Pts',(0.152487094405141,8.03373238390621,-4.16666666666667));
#5573=CARTESIAN_POINT('Ctrl Pts',(0.159568818016542,8.03972254716115,-4.16666666666667));
#5574=CARTESIAN_POINT('',(0.138415419656227,8.0216443048142,0.));
#5575=CARTESIAN_POINT('Ctrl Pts',(0.159568818016542,8.03972254716115,-4.16666666666667));
#5576=CARTESIAN_POINT('Ctrl Pts',(0.159568818016542,8.03972254716115,4.16666666666667));
#5577=CARTESIAN_POINT('Ctrl Pts',(0.152487094405141,8.03373238390621,-4.16666666666667));
#5578=CARTESIAN_POINT('Ctrl Pts',(0.152487094405141,8.03373238390621,4.16666666666667));
#5579=CARTESIAN_POINT('Ctrl Pts',(0.145435839998153,8.0277061991841,-4.16666666666667));
#5580=CARTESIAN_POINT('Ctrl Pts',(0.145435839998153,8.0277061991841,4.16666666666667));
#5581=CARTESIAN_POINT('Ctrl Pts',(0.138415419656227,8.0216443048142,-4.16666666666667));
#5582=CARTESIAN_POINT('Ctrl Pts',(0.138415419656227,8.0216443048142,4.16666666666667));
#5583=CARTESIAN_POINT('',(0.138415419656227,8.0216443048142,4.16666666666667));
#5584=CARTESIAN_POINT('',(0.138415419656227,8.0216443048142,0.));
#5585=CARTESIAN_POINT('Ctrl Pts',(0.159568818016542,8.03972254716115,4.16666666666667));
#5586=CARTESIAN_POINT('Ctrl Pts',(0.152487094405141,8.03373238390621,4.16666666666667));
#5587=CARTESIAN_POINT('Ctrl Pts',(0.145435839998153,8.0277061991841,4.16666666666667));
#5588=CARTESIAN_POINT('Ctrl Pts',(0.138415419656227,8.0216443048142,4.16666666666667));
#5589=CARTESIAN_POINT('Origin',(6.29595567572695,9.28578036815274,0.));
#5590=CARTESIAN_POINT('',(0.191601177160105,7.78571432040975,-4.16666666666667));
#5591=CARTESIAN_POINT('Origin',(6.29595567572695,9.28578036815274,-4.16666666666667));
#5592=CARTESIAN_POINT('',(0.191601177160105,7.78571432040975,0.));
#5593=CARTESIAN_POINT('Origin',(6.29595567572695,9.28578036815274,0.));
#5594=CARTESIAN_POINT('',(0.191601177160105,7.78571432040975,4.16666666666667));
#5595=CARTESIAN_POINT('',(0.191601177160105,7.78571432040975,0.));
#5596=CARTESIAN_POINT('Origin',(6.29595567572695,9.28578036815274,4.16666666666667));
#5597=CARTESIAN_POINT('Origin',(11.3096428571429,7.78247542726429,-4.16666666666667));
#5598=CARTESIAN_POINT('',(4.21389574740538,14.3116688345947,-4.16666666666667));
#5599=CARTESIAN_POINT('Origin',(5.09519522514314,17.7726540447183,-4.16666666666667));
#5600=CARTESIAN_POINT('',(4.62014939848571,15.3187283212357,-4.16666666666667));
#5601=CARTESIAN_POINT('Origin',(1.14343684090542,16.135782092005,-4.16666666666667));
#5602=CARTESIAN_POINT('',(4.62665340594041,15.3457835808015,-4.16666666666667));
#5603=CARTESIAN_POINT('Ctrl Pts',(4.62014939848572,15.3187283212357,-4.16666666666667));
#5604=CARTESIAN_POINT('Ctrl Pts',(4.62142258334286,15.3241459375929,-4.16666666666667));
#5605=CARTESIAN_POINT('Ctrl Pts',(4.6227097462,15.3295602689643,-4.16666666666667));
#5606=CARTESIAN_POINT('Ctrl Pts',(4.62401072757857,15.3349714247857,-4.16666666666667));
#5607=CARTESIAN_POINT('Ctrl Pts',(4.62532533215714,15.3403791576143,-4.16666666666667));
#5608=CARTESIAN_POINT('Ctrl Pts',(4.62665340536429,15.3457835806429,-4.16666666666667));
#5609=CARTESIAN_POINT('',(5.03164453171429,15.4430133476929,-4.16666666666667));
#5610=CARTESIAN_POINT('Origin',(6.29591581020076,9.28487487565734,-4.16666666666667));
#5611=CARTESIAN_POINT('',(5.04972247501426,15.4218596923857,-4.16666666666667));
#5612=CARTESIAN_POINT('Ctrl Pts',(5.03164453171429,15.4430133476929,-4.16666666666667));
#5613=CARTESIAN_POINT('Ctrl Pts',(5.03528141032143,15.4388009041357,-4.16666666666667));
#5614=CARTESIAN_POINT('Ctrl Pts',(5.0389077909,15.4345793969071,-4.16666666666667));
#5615=CARTESIAN_POINT('Ctrl Pts',(5.04252358713572,15.4303486549357,-4.16666666666667));
#5616=CARTESIAN_POINT('Ctrl Pts',(5.04612851264286,15.4261088100714,-4.16666666666667));
#5617=CARTESIAN_POINT('Ctrl Pts',(5.04972247501429,15.4218596923857,-4.16666666666667));
#5618=CARTESIAN_POINT('',(5.86889256808648,14.7089984179357,-4.16666666666667));
#5619=CARTESIAN_POINT('Origin',(7.77656142613016,17.7282544388743,-4.16666666666667));
#5620=CARTESIAN_POINT('',(6.56646124551572,15.5412296224286,-4.16666666666667));
#5621=CARTESIAN_POINT('Origin',(3.5123946129946,17.3926571999805,-4.16666666666667));
#5622=CARTESIAN_POINT('',(6.58100745900862,15.564950854527,-4.16666666666667));
#5623=CARTESIAN_POINT('Ctrl Pts',(6.56646124551572,15.5412296224286,-4.16666666666667));
#5624=CARTESIAN_POINT('Ctrl Pts',(6.56934625179929,15.5459886460071,-4.16666666666667));
#5625=CARTESIAN_POINT('Ctrl Pts',(6.572243536825,15.5507402259429,-4.16666666666667));
#5626=CARTESIAN_POINT('Ctrl Pts',(6.57515298275071,15.5554845155929,-4.16666666666667));
#5627=CARTESIAN_POINT('Ctrl Pts',(6.57807432734643,15.5602213399857,-4.16666666666667));
#5628=CARTESIAN_POINT('Ctrl Pts',(6.58100745858429,15.5649508545286,-4.16666666666667));
#5629=CARTESIAN_POINT('',(15.1378898169286,15.5412296224286,-4.16666666666667));
#5630=CARTESIAN_POINT('',(15.1378898169286,15.5412296224286,-4.16666666666667));
#5631=CARTESIAN_POINT('',(15.15243603,15.5649508545286,-4.16666666666667));
#5632=CARTESIAN_POINT('Ctrl Pts',(15.1378898169286,15.5412296224286,-4.16666666666667));
#5633=CARTESIAN_POINT('Ctrl Pts',(15.1407748232143,15.5459886460071,-4.16666666666667));
#5634=CARTESIAN_POINT('Ctrl Pts',(15.1436721082857,15.5507402259357,-4.16666666666667));
#5635=CARTESIAN_POINT('Ctrl Pts',(15.1465815542143,15.5554845156071,-4.16666666666667));
#5636=CARTESIAN_POINT('Ctrl Pts',(15.1495028987857,15.5602213399857,-4.16666666666667));
#5637=CARTESIAN_POINT('Ctrl Pts',(15.15243603,15.5649508545286,-4.16666666666667));
#5638=CARTESIAN_POINT('',(15.5676511301429,15.53227271745,-4.16666666666667));
#5639=CARTESIAN_POINT('Origin',(14.8670751263786,9.28485368450373,-4.16666666666667));
#5640=CARTESIAN_POINT('',(15.5783074369266,15.5065680040263,-4.16666666666667));
#5641=CARTESIAN_POINT('Ctrl Pts',(15.5676511301429,15.53227271745,-4.16666666666667));
#5642=CARTESIAN_POINT('Ctrl Pts',(15.5698082905714,15.5271425882643,-4.16666666666667));
#5643=CARTESIAN_POINT('Ctrl Pts',(15.571952666,15.5220070830571,-4.16666666666667));
#5644=CARTESIAN_POINT('Ctrl Pts',(15.5740841214286,15.5168660658714,-4.16666666666667));
#5645=CARTESIAN_POINT('Ctrl Pts',(15.5762024252143,15.5117197505357,-4.16666666666667));
#5646=CARTESIAN_POINT('Ctrl Pts',(15.5783074369286,15.5065680040214,-4.16666666666667));
#5647=CARTESIAN_POINT('',(16.1370982431462,14.5754591637708,-4.16666666666667));
#5648=CARTESIAN_POINT('Origin',(18.8844005256914,16.857440157009,-4.16666666666667));
#5649=CARTESIAN_POINT('',(17.0576990651429,15.1513974977286,-4.16666666666667));
#5650=CARTESIAN_POINT('Origin',(14.7252316546263,17.8559682904148,-4.16666666666667));
#5651=CARTESIAN_POINT('',(17.0788635997143,15.16946270305,-4.16666666666667));
#5652=CARTESIAN_POINT('Ctrl Pts',(17.0576990651429,15.1513974977286,-4.16666666666667));
#5653=CARTESIAN_POINT('Ctrl Pts',(17.0619134883571,15.1550320821429,-4.16666666666667));
#5654=CARTESIAN_POINT('Ctrl Pts',(17.0661372890714,15.1586557928857,-4.16666666666667));
#5655=CARTESIAN_POINT('Ctrl Pts',(17.0703704027143,15.1622688122571,-4.16666666666667));
#5656=CARTESIAN_POINT('Ctrl Pts',(17.0746125257857,15.1658710548214,-4.16666666666667));
#5657=CARTESIAN_POINT('Ctrl Pts',(17.0788635997143,15.16946270305,-4.16666666666667));
#5658=CARTESIAN_POINT('',(17.4636585266429,15.0100754255786,-4.16666666666667));
#5659=CARTESIAN_POINT('Origin',(14.8668125039617,9.28491674281551,-4.16666666666667));
#5660=CARTESIAN_POINT('Ctrl Pts',(17.4636585266429,15.0100754255786,-4.16666666666667));
#5661=CARTESIAN_POINT('Ctrl Pts',(17.4641248110714,15.0045297835429,-4.16666666666667));
#5662=CARTESIAN_POINT('Ctrl Pts',(17.4645772748571,14.9989829794143,-4.16666666666667));
#5663=CARTESIAN_POINT('Ctrl Pts',(17.4650157477857,14.9934349255714,-4.16666666666667));
#5664=CARTESIAN_POINT('Ctrl Pts',(17.4654400755,14.9878858969714,-4.16666666666667));
#5665=CARTESIAN_POINT('Ctrl Pts',(17.4658500834286,14.9823358104714,-4.16666666666667));
#5666=CARTESIAN_POINT('',(20.6924121729285,7.14285714261954,-4.16666666666667));
#5667=CARTESIAN_POINT('Origin',(23.4373962907199,9.42762517026861,-4.16666666666667));
#5668=CARTESIAN_POINT('',(21.01,7.14285714285714,-4.16666666666667));
#5669=CARTESIAN_POINT('',(21.01,7.14285714285714,-4.16666666666667));
#5670=CARTESIAN_POINT('',(21.01,4.57536461020714,-4.16666666666667));
#5671=CARTESIAN_POINT('',(21.01,4.57536461020714,-4.16666666666667));
#5672=CARTESIAN_POINT('',(22.0828571428575,3.19178820340134,-4.16666666666667));
#5673=CARTESIAN_POINT('Origin',(22.4385714285714,4.57536461020714,-4.16666666666667));
#5674=CARTESIAN_POINT('',(21.905,1.78571428571429,-4.16666666666667));
#5675=CARTESIAN_POINT('Origin',(21.905,2.5,-4.16666666666667));
#5676=CARTESIAN_POINT('',(20.6448767574248,1.70948676054055,-4.16666666666667));
#5677=CARTESIAN_POINT('Ctrl Pts',(21.905,1.78571428571429,-4.16666666666667));
#5678=CARTESIAN_POINT('Ctrl Pts',(21.6482245941429,1.77823061164286,-4.16666666666667));
#5679=CARTESIAN_POINT('Ctrl Pts',(21.393824567,1.76686602207143,-4.16666666666667));
#5680=CARTESIAN_POINT('Ctrl Pts',(21.1417999185,1.751620517,-4.16666666666667));
#5681=CARTESIAN_POINT('Ctrl Pts',(20.8921506486429,1.7324940965,-4.16666666666667));
#5682=CARTESIAN_POINT('Ctrl Pts',(20.6448767574286,1.7094867605,-4.16666666666667));
#5683=CARTESIAN_POINT('',(19.8671428571429,0.856030203285714,-4.16666666666667));
#5684=CARTESIAN_POINT('Origin',(20.7242857142857,0.856030203285716,-4.16666666666667));
#5685=CARTESIAN_POINT('',(19.8671428571429,0.,-4.16666666666667));
#5686=CARTESIAN_POINT('',(19.8671428571429,0.,-4.16666666666667));
#5687=CARTESIAN_POINT('',(0.,0.,-4.16666666666667));
#5688=CARTESIAN_POINT('',(0.,0.,-4.16666666666667));
#5689=CARTESIAN_POINT('',(0.,0.178571428571428,-4.16666666666667));
#5690=CARTESIAN_POINT('',(2.77555756156289E-16,0.178571428571428,-4.16666666666667));
#5691=CARTESIAN_POINT('',(1.42857142857143,1.60714285714286,-4.16666666666667));
#5692=CARTESIAN_POINT('Origin',(1.42857142857143,0.178571428571428,-4.16666666666667));
#5693=CARTESIAN_POINT('',(1.97802197802033,3.20377409107002,-4.16666666666667));
#5694=CARTESIAN_POINT('Origin',(1.42857142857143,2.5,-4.16666666666667));
#5695=CARTESIAN_POINT('',(1.42857142857143,4.32981263677857,-4.16666666666667));
#5696=CARTESIAN_POINT('Origin',(2.85714285714286,4.32981263677857,-4.16666666666667));
#5697=CARTESIAN_POINT('',(1.42857142859118,5.83981761045909,-4.16666666666667));
#5698=CARTESIAN_POINT('',(1.42857142859118,5.83981761045909,-4.16666666666667));
#5699=CARTESIAN_POINT('',(1.07575499966429,5.82785351695714,-4.16666666666667));
#5700=CARTESIAN_POINT('Origin',(1.37305406190746,2.26881183695441,-4.16666666666667));
#5701=CARTESIAN_POINT('',(1.04801407025,5.82567866014286,-4.16666666666667));
#5702=CARTESIAN_POINT('Ctrl Pts',(1.07575499966429,5.82785351695714,-4.16666666666667));
#5703=CARTESIAN_POINT('Ctrl Pts',(1.07020910456429,5.82739025219286,-4.16666666666667));
#5704=CARTESIAN_POINT('Ctrl Pts',(1.06466201423571,5.82694129640714,-4.16666666666667));
#5705=CARTESIAN_POINT('Ctrl Pts',(1.05911367387857,5.82650646411428,-4.16666666666667));
#5706=CARTESIAN_POINT('Ctrl Pts',(1.05356437917857,5.82608564602143,-4.16666666666667));
#5707=CARTESIAN_POINT('Ctrl Pts',(1.04801407025,5.82567866014286,-4.16666666666667));
#5708=CARTESIAN_POINT('',(0.8303939261,6.18080245952143,-4.16666666666667));
#5709=CARTESIAN_POINT('Origin',(6.29645034005577,9.28616534045032,-4.16666666666667));
#5710=CARTESIAN_POINT('',(0.844925856121411,6.20453244428568,-4.16666666666667));
#5711=CARTESIAN_POINT('Ctrl Pts',(0.8303939261,6.18080245952143,-4.16666666666667));
#5712=CARTESIAN_POINT('Ctrl Pts',(0.833276340700001,6.18556305326428,-4.16666666666667));
#5713=CARTESIAN_POINT('Ctrl Pts',(0.836170619435714,6.19031646362143,-4.16666666666667));
#5714=CARTESIAN_POINT('Ctrl Pts',(0.839076951671429,6.19506266136429,-4.16666666666667));
#5715=CARTESIAN_POINT('Ctrl Pts',(0.841995300514287,6.19980133337143,-4.16666666666667));
#5716=CARTESIAN_POINT('Ctrl Pts',(0.844925856121429,6.20453244428571,-4.16666666666667));
#5717=CARTESIAN_POINT('',(1.26975973683459,7.20389574740671,-4.16666666666667));
#5718=CARTESIAN_POINT('Origin',(-2.19122547328973,8.08519522514314,-4.16666666666667));
#5719=CARTESIAN_POINT('',(0.262700250192859,7.61014939848572,-4.16666666666667));
#5720=CARTESIAN_POINT('Origin',(-0.554353520614139,4.13343684079855,-4.16666666666667));
#5721=CARTESIAN_POINT('',(0.235644990785715,7.61665340536429,-4.16666666666667));
#5722=CARTESIAN_POINT('Ctrl Pts',(0.262700250192857,7.61014939848571,-4.16666666666667));
#5723=CARTESIAN_POINT('Ctrl Pts',(0.257282633835715,7.61142258334286,-4.16666666666667));
#5724=CARTESIAN_POINT('Ctrl Pts',(0.251868302464286,7.6127097462,-4.16666666666667));
#5725=CARTESIAN_POINT('Ctrl Pts',(0.246457146642858,7.61401072757857,-4.16666666666667));
#5726=CARTESIAN_POINT('Ctrl Pts',(0.241049413814286,7.61532533215714,-4.16666666666667));
#5727=CARTESIAN_POINT('Ctrl Pts',(0.235644990785715,7.61665340536429,-4.16666666666667));
#5728=CARTESIAN_POINT('Origin',(6.29655369577123,9.28591581020076,-4.16666666666667));
#5729=CARTESIAN_POINT('Origin',(5.09519522514314,17.7726540447183,0.));
#5730=CARTESIAN_POINT('',(4.21389574740538,14.3116688345947,4.16666666666667));
#5731=CARTESIAN_POINT('Origin',(5.09519522514314,17.7726540447183,4.16666666666667));
#5732=CARTESIAN_POINT('',(4.21389574740538,14.3116688345947,0.));
#5733=CARTESIAN_POINT('Origin',(1.14343684090542,16.135782092005,0.));
#5734=CARTESIAN_POINT('',(4.62014939848571,15.3187283212357,4.16666666666667));
#5735=CARTESIAN_POINT('Origin',(1.14343684090542,16.135782092005,4.16666666666667));
#5736=CARTESIAN_POINT('',(4.62014939848571,15.3187283212357,0.));
#5737=CARTESIAN_POINT('Ctrl Pts',(4.62665340536429,15.3457835806429,-4.16666666666667));
#5738=CARTESIAN_POINT('Ctrl Pts',(4.62665340536429,15.3457835806429,4.16666666666667));
#5739=CARTESIAN_POINT('Ctrl Pts',(4.62532533215714,15.3403791576143,-4.16666666666667));
#5740=CARTESIAN_POINT('Ctrl Pts',(4.62532533215714,15.3403791576143,4.16666666666667));
#5741=CARTESIAN_POINT('Ctrl Pts',(4.62401072757857,15.3349714247857,-4.16666666666667));
#5742=CARTESIAN_POINT('Ctrl Pts',(4.62401072757857,15.3349714247857,4.16666666666667));
#5743=CARTESIAN_POINT('Ctrl Pts',(4.6227097462,15.3295602689643,-4.16666666666667));
#5744=CARTESIAN_POINT('Ctrl Pts',(4.6227097462,15.3295602689643,4.16666666666667));
#5745=CARTESIAN_POINT('Ctrl Pts',(4.62142258334286,15.3241459375929,-4.16666666666667));
#5746=CARTESIAN_POINT('Ctrl Pts',(4.62142258334286,15.3241459375929,4.16666666666667));
#5747=CARTESIAN_POINT('Ctrl Pts',(4.62014939848572,15.3187283212357,-4.16666666666667));
#5748=CARTESIAN_POINT('Ctrl Pts',(4.62014939848572,15.3187283212357,4.16666666666667));
#5749=CARTESIAN_POINT('',(4.62665340594041,15.3457835808015,4.16666666666667));
#5750=CARTESIAN_POINT('Ctrl Pts',(4.62665340536429,15.3457835806429,4.16666666666667));
#5751=CARTESIAN_POINT('Ctrl Pts',(4.62532533215714,15.3403791576143,4.16666666666667));
#5752=CARTESIAN_POINT('Ctrl Pts',(4.62401072757857,15.3349714247857,4.16666666666667));
#5753=CARTESIAN_POINT('Ctrl Pts',(4.6227097462,15.3295602689643,4.16666666666667));
#5754=CARTESIAN_POINT('Ctrl Pts',(4.62142258334286,15.3241459375929,4.16666666666667));
#5755=CARTESIAN_POINT('Ctrl Pts',(4.62014939848572,15.3187283212357,4.16666666666667));
#5756=CARTESIAN_POINT('',(4.62665340594041,15.3457835808015,0.));
#5757=CARTESIAN_POINT('Origin',(6.29591581020076,9.28487487565734,0.));
#5758=CARTESIAN_POINT('',(5.03164453171429,15.4430133476929,4.16666666666667));
#5759=CARTESIAN_POINT('Origin',(6.29591581020076,9.28487487565734,4.16666666666667));
#5760=CARTESIAN_POINT('',(5.03164453171429,15.4430133476929,0.));
#5761=CARTESIAN_POINT('Ctrl Pts',(5.04972247501429,15.4218596923857,-4.16666666666667));
#5762=CARTESIAN_POINT('Ctrl Pts',(5.04972247501429,15.4218596923857,4.16666666666667));
#5763=CARTESIAN_POINT('Ctrl Pts',(5.04612851264286,15.4261088100714,-4.16666666666667));
#5764=CARTESIAN_POINT('Ctrl Pts',(5.04612851264286,15.4261088100714,4.16666666666667));
#5765=CARTESIAN_POINT('Ctrl Pts',(5.04252358713572,15.4303486549357,-4.16666666666667));
#5766=CARTESIAN_POINT('Ctrl Pts',(5.04252358713572,15.4303486549357,4.16666666666667));
#5767=CARTESIAN_POINT('Ctrl Pts',(5.0389077909,15.4345793969071,-4.16666666666667));
#5768=CARTESIAN_POINT('Ctrl Pts',(5.0389077909,15.4345793969071,4.16666666666667));
#5769=CARTESIAN_POINT('Ctrl Pts',(5.03528141032143,15.4388009041357,-4.16666666666667));
#5770=CARTESIAN_POINT('Ctrl Pts',(5.03528141032143,15.4388009041357,4.16666666666667));
#5771=CARTESIAN_POINT('Ctrl Pts',(5.03164453171429,15.4430133476929,-4.16666666666667));
#5772=CARTESIAN_POINT('Ctrl Pts',(5.03164453171429,15.4430133476929,4.16666666666667));
#5773=CARTESIAN_POINT('',(5.04972247501426,15.4218596923857,4.16666666666667));
#5774=CARTESIAN_POINT('Ctrl Pts',(5.04972247501429,15.4218596923857,4.16666666666667));
#5775=CARTESIAN_POINT('Ctrl Pts',(5.04612851264286,15.4261088100714,4.16666666666667));
#5776=CARTESIAN_POINT('Ctrl Pts',(5.04252358713572,15.4303486549357,4.16666666666667));
#5777=CARTESIAN_POINT('Ctrl Pts',(5.0389077909,15.4345793969071,4.16666666666667));
#5778=CARTESIAN_POINT('Ctrl Pts',(5.03528141032143,15.4388009041357,4.16666666666667));
#5779=CARTESIAN_POINT('Ctrl Pts',(5.03164453171429,15.4430133476929,4.16666666666667));
#5780=CARTESIAN_POINT('',(5.04972247501426,15.4218596923857,0.));
#5781=CARTESIAN_POINT('Origin',(7.77656142613016,17.7282544388743,0.));
#5782=CARTESIAN_POINT('',(5.86889256808648,14.7089984179357,4.16666666666667));
#5783=CARTESIAN_POINT('Origin',(7.77656142613016,17.7282544388743,4.16666666666667));
#5784=CARTESIAN_POINT('',(5.86889256808648,14.7089984179357,0.));
#5785=CARTESIAN_POINT('Origin',(3.5123946129946,17.3926571999805,0.));
#5786=CARTESIAN_POINT('',(6.56646124551572,15.5412296224286,4.16666666666667));
#5787=CARTESIAN_POINT('Origin',(3.5123946129946,17.3926571999805,4.16666666666667));
#5788=CARTESIAN_POINT('',(6.56646124551572,15.5412296224286,0.));
#5789=CARTESIAN_POINT('Ctrl Pts',(6.58100745858429,15.5649508545286,-4.16666666666667));
#5790=CARTESIAN_POINT('Ctrl Pts',(6.58100745858429,15.5649508545286,4.16666666666667));
#5791=CARTESIAN_POINT('Ctrl Pts',(6.57807432734643,15.5602213399857,-4.16666666666667));
#5792=CARTESIAN_POINT('Ctrl Pts',(6.57807432734643,15.5602213399857,4.16666666666667));
#5793=CARTESIAN_POINT('Ctrl Pts',(6.57515298275071,15.5554845155929,-4.16666666666667));
#5794=CARTESIAN_POINT('Ctrl Pts',(6.57515298275071,15.5554845155929,4.16666666666667));
#5795=CARTESIAN_POINT('Ctrl Pts',(6.572243536825,15.5507402259429,-4.16666666666667));
#5796=CARTESIAN_POINT('Ctrl Pts',(6.572243536825,15.5507402259429,4.16666666666667));
#5797=CARTESIAN_POINT('Ctrl Pts',(6.56934625179929,15.5459886460071,-4.16666666666667));
#5798=CARTESIAN_POINT('Ctrl Pts',(6.56934625179929,15.5459886460071,4.16666666666667));
#5799=CARTESIAN_POINT('Ctrl Pts',(6.56646124551572,15.5412296224286,-4.16666666666667));
#5800=CARTESIAN_POINT('Ctrl Pts',(6.56646124551572,15.5412296224286,4.16666666666667));
#5801=CARTESIAN_POINT('',(6.58100745900862,15.564950854527,4.16666666666667));
#5802=CARTESIAN_POINT('Ctrl Pts',(6.58100745858429,15.5649508545286,4.16666666666667));
#5803=CARTESIAN_POINT('Ctrl Pts',(6.57807432734643,15.5602213399857,4.16666666666667));
#5804=CARTESIAN_POINT('Ctrl Pts',(6.57515298275071,15.5554845155929,4.16666666666667));
#5805=CARTESIAN_POINT('Ctrl Pts',(6.572243536825,15.5507402259429,4.16666666666667));
#5806=CARTESIAN_POINT('Ctrl Pts',(6.56934625179929,15.5459886460071,4.16666666666667));
#5807=CARTESIAN_POINT('Ctrl Pts',(6.56646124551572,15.5412296224286,4.16666666666667));
#5808=CARTESIAN_POINT('',(6.58100745900862,15.564950854527,0.));
#5809=CARTESIAN_POINT('Origin',(15.1378898169286,15.5412296224286,0.));
#5810=CARTESIAN_POINT('',(15.1378898169286,15.5412296224286,4.16666666666667));
#5811=CARTESIAN_POINT('',(15.1378898169286,15.5412296224286,4.16666666666667));
#5812=CARTESIAN_POINT('',(15.1378898169286,15.5412296224286,0.));
#5813=CARTESIAN_POINT('Ctrl Pts',(15.15243603,15.5649508545286,-4.16666666666667));
#5814=CARTESIAN_POINT('Ctrl Pts',(15.15243603,15.5649508545286,4.16666666666667));
#5815=CARTESIAN_POINT('Ctrl Pts',(15.1495028987857,15.5602213399857,-4.16666666666667));
#5816=CARTESIAN_POINT('Ctrl Pts',(15.1495028987857,15.5602213399857,4.16666666666667));
#5817=CARTESIAN_POINT('Ctrl Pts',(15.1465815542143,15.5554845156071,-4.16666666666667));
#5818=CARTESIAN_POINT('Ctrl Pts',(15.1465815542143,15.5554845156071,4.16666666666667));
#5819=CARTESIAN_POINT('Ctrl Pts',(15.1436721082857,15.5507402259357,-4.16666666666667));
#5820=CARTESIAN_POINT('Ctrl Pts',(15.1436721082857,15.5507402259357,4.16666666666667));
#5821=CARTESIAN_POINT('Ctrl Pts',(15.1407748232143,15.5459886460071,-4.16666666666667));
#5822=CARTESIAN_POINT('Ctrl Pts',(15.1407748232143,15.5459886460071,4.16666666666667));
#5823=CARTESIAN_POINT('Ctrl Pts',(15.1378898169286,15.5412296224286,-4.16666666666667));
#5824=CARTESIAN_POINT('Ctrl Pts',(15.1378898169286,15.5412296224286,4.16666666666667));
#5825=CARTESIAN_POINT('',(15.15243603,15.5649508545286,4.16666666666667));
#5826=CARTESIAN_POINT('Ctrl Pts',(15.15243603,15.5649508545286,4.16666666666667));
#5827=CARTESIAN_POINT('Ctrl Pts',(15.1495028987857,15.5602213399857,4.16666666666667));
#5828=CARTESIAN_POINT('Ctrl Pts',(15.1465815542143,15.5554845156071,4.16666666666667));
#5829=CARTESIAN_POINT('Ctrl Pts',(15.1436721082857,15.5507402259357,4.16666666666667));
#5830=CARTESIAN_POINT('Ctrl Pts',(15.1407748232143,15.5459886460071,4.16666666666667));
#5831=CARTESIAN_POINT('Ctrl Pts',(15.1378898169286,15.5412296224286,4.16666666666667));
#5832=CARTESIAN_POINT('',(15.15243603,15.5649508545286,0.));
#5833=CARTESIAN_POINT('Origin',(14.8670751263786,9.28485368450373,0.));
#5834=CARTESIAN_POINT('',(15.5676511301429,15.53227271745,4.16666666666667));
#5835=CARTESIAN_POINT('Origin',(14.8670751263786,9.28485368450373,4.16666666666667));
#5836=CARTESIAN_POINT('',(15.5676511301429,15.53227271745,0.));
#5837=CARTESIAN_POINT('Ctrl Pts',(15.5783074369286,15.5065680040214,-4.16666666666667));
#5838=CARTESIAN_POINT('Ctrl Pts',(15.5783074369286,15.5065680040214,4.16666666666667));
#5839=CARTESIAN_POINT('Ctrl Pts',(15.5762024252143,15.5117197505357,-4.16666666666667));
#5840=CARTESIAN_POINT('Ctrl Pts',(15.5762024252143,15.5117197505357,4.16666666666667));
#5841=CARTESIAN_POINT('Ctrl Pts',(15.5740841214286,15.5168660658714,-4.16666666666667));
#5842=CARTESIAN_POINT('Ctrl Pts',(15.5740841214286,15.5168660658714,4.16666666666667));
#5843=CARTESIAN_POINT('Ctrl Pts',(15.571952666,15.5220070830571,-4.16666666666667));
#5844=CARTESIAN_POINT('Ctrl Pts',(15.571952666,15.5220070830571,4.16666666666667));
#5845=CARTESIAN_POINT('Ctrl Pts',(15.5698082905714,15.5271425882643,-4.16666666666667));
#5846=CARTESIAN_POINT('Ctrl Pts',(15.5698082905714,15.5271425882643,4.16666666666667));
#5847=CARTESIAN_POINT('Ctrl Pts',(15.5676511301429,15.53227271745,-4.16666666666667));
#5848=CARTESIAN_POINT('Ctrl Pts',(15.5676511301429,15.53227271745,4.16666666666667));
#5849=CARTESIAN_POINT('',(15.5783074369266,15.5065680040263,4.16666666666667));
#5850=CARTESIAN_POINT('Ctrl Pts',(15.5783074369286,15.5065680040214,4.16666666666667));
#5851=CARTESIAN_POINT('Ctrl Pts',(15.5762024252143,15.5117197505357,4.16666666666667));
#5852=CARTESIAN_POINT('Ctrl Pts',(15.5740841214286,15.5168660658714,4.16666666666667));
#5853=CARTESIAN_POINT('Ctrl Pts',(15.571952666,15.5220070830571,4.16666666666667));
#5854=CARTESIAN_POINT('Ctrl Pts',(15.5698082905714,15.5271425882643,4.16666666666667));
#5855=CARTESIAN_POINT('Ctrl Pts',(15.5676511301429,15.53227271745,4.16666666666667));
#5856=CARTESIAN_POINT('',(15.5783074369266,15.5065680040263,0.));
#5857=CARTESIAN_POINT('Origin',(18.8844005256914,16.857440157009,0.));
#5858=CARTESIAN_POINT('',(16.1370982431462,14.5754591637708,4.16666666666667));
#5859=CARTESIAN_POINT('Origin',(18.8844005256914,16.857440157009,4.16666666666667));
#5860=CARTESIAN_POINT('',(16.1370982431462,14.5754591637708,0.));
#5861=CARTESIAN_POINT('Origin',(14.7252316546263,17.8559682904148,0.));
#5862=CARTESIAN_POINT('',(17.0576990651429,15.1513974977286,4.16666666666667));
#5863=CARTESIAN_POINT('Origin',(14.7252316546263,17.8559682904148,4.16666666666667));
#5864=CARTESIAN_POINT('',(17.0576990651429,15.1513974977286,0.));
#5865=CARTESIAN_POINT('Ctrl Pts',(17.0788635997143,15.16946270305,-4.16666666666667));
#5866=CARTESIAN_POINT('Ctrl Pts',(17.0788635997143,15.16946270305,4.16666666666667));
#5867=CARTESIAN_POINT('Ctrl Pts',(17.0746125257857,15.1658710548214,-4.16666666666667));
#5868=CARTESIAN_POINT('Ctrl Pts',(17.0746125257857,15.1658710548214,4.16666666666667));
#5869=CARTESIAN_POINT('Ctrl Pts',(17.0703704027143,15.1622688122571,-4.16666666666667));
#5870=CARTESIAN_POINT('Ctrl Pts',(17.0703704027143,15.1622688122571,4.16666666666667));
#5871=CARTESIAN_POINT('Ctrl Pts',(17.0661372890714,15.1586557928857,-4.16666666666667));
#5872=CARTESIAN_POINT('Ctrl Pts',(17.0661372890714,15.1586557928857,4.16666666666667));
#5873=CARTESIAN_POINT('Ctrl Pts',(17.0619134883571,15.1550320821429,-4.16666666666667));
#5874=CARTESIAN_POINT('Ctrl Pts',(17.0619134883571,15.1550320821429,4.16666666666667));
#5875=CARTESIAN_POINT('Ctrl Pts',(17.0576990651429,15.1513974977286,-4.16666666666667));
#5876=CARTESIAN_POINT('Ctrl Pts',(17.0576990651429,15.1513974977286,4.16666666666667));
#5877=CARTESIAN_POINT('',(17.0788635997143,15.16946270305,4.16666666666667));
#5878=CARTESIAN_POINT('Ctrl Pts',(17.0788635997143,15.16946270305,4.16666666666667));
#5879=CARTESIAN_POINT('Ctrl Pts',(17.0746125257857,15.1658710548214,4.16666666666667));
#5880=CARTESIAN_POINT('Ctrl Pts',(17.0703704027143,15.1622688122571,4.16666666666667));
#5881=CARTESIAN_POINT('Ctrl Pts',(17.0661372890714,15.1586557928857,4.16666666666667));
#5882=CARTESIAN_POINT('Ctrl Pts',(17.0619134883571,15.1550320821429,4.16666666666667));
#5883=CARTESIAN_POINT('Ctrl Pts',(17.0576990651429,15.1513974977286,4.16666666666667));
#5884=CARTESIAN_POINT('',(17.0788635997143,15.16946270305,0.));
#5885=CARTESIAN_POINT('Origin',(14.8668125039617,9.28491674281551,0.));
#5886=CARTESIAN_POINT('',(17.4636585266429,15.0100754255786,4.16666666666667));
#5887=CARTESIAN_POINT('Origin',(14.8668125039617,9.28491674281551,4.16666666666667));
#5888=CARTESIAN_POINT('',(17.4636585266429,15.0100754255786,0.));
#5889=CARTESIAN_POINT('Ctrl Pts',(17.4658500834286,14.9823358104714,-4.16666666666667));
#5890=CARTESIAN_POINT('Ctrl Pts',(17.4658500834286,14.9823358104714,4.16666666666667));
#5891=CARTESIAN_POINT('Ctrl Pts',(17.4654400755,14.9878858969714,-4.16666666666667));
#5892=CARTESIAN_POINT('Ctrl Pts',(17.4654400755,14.9878858969714,4.16666666666667));
#5893=CARTESIAN_POINT('Ctrl Pts',(17.4650157477857,14.9934349255714,-4.16666666666667));
#5894=CARTESIAN_POINT('Ctrl Pts',(17.4650157477857,14.9934349255714,4.16666666666667));
#5895=CARTESIAN_POINT('Ctrl Pts',(17.4645772748571,14.9989829794143,-4.16666666666667));
#5896=CARTESIAN_POINT('Ctrl Pts',(17.4645772748571,14.9989829794143,4.16666666666667));
#5897=CARTESIAN_POINT('Ctrl Pts',(17.4641248110714,15.0045297835429,-4.16666666666667));
#5898=CARTESIAN_POINT('Ctrl Pts',(17.4641248110714,15.0045297835429,4.16666666666667));
#5899=CARTESIAN_POINT('Ctrl Pts',(17.4636585266429,15.0100754255786,-4.16666666666667));
#5900=CARTESIAN_POINT('Ctrl Pts',(17.4636585266429,15.0100754255786,4.16666666666667));
#5901=CARTESIAN_POINT('Ctrl Pts',(17.4658500834286,14.9823358104714,4.16666666666667));
#5902=CARTESIAN_POINT('Ctrl Pts',(17.4654400755,14.9878858969714,4.16666666666667));
#5903=CARTESIAN_POINT('Ctrl Pts',(17.4650157477857,14.9934349255714,4.16666666666667));
#5904=CARTESIAN_POINT('Ctrl Pts',(17.4645772748571,14.9989829794143,4.16666666666667));
#5905=CARTESIAN_POINT('Ctrl Pts',(17.4641248110714,15.0045297835429,4.16666666666667));
#5906=CARTESIAN_POINT('Ctrl Pts',(17.4636585266429,15.0100754255786,4.16666666666667));
#5907=CARTESIAN_POINT('Origin',(23.4373962907199,9.42762517026861,0.));
#5908=CARTESIAN_POINT('',(20.6924121729285,7.14285714261954,4.16666666666667));
#5909=CARTESIAN_POINT('Origin',(23.4373962907199,9.42762517026861,4.16666666666667));
#5910=CARTESIAN_POINT('',(20.6924121729285,7.14285714261954,0.));
#5911=CARTESIAN_POINT('Origin',(21.01,7.14285714285714,0.));
#5912=CARTESIAN_POINT('',(21.01,7.14285714285714,4.16666666666667));
#5913=CARTESIAN_POINT('',(21.01,7.14285714285714,4.16666666666667));
#5914=CARTESIAN_POINT('',(21.01,7.14285714285714,0.));
#5915=CARTESIAN_POINT('Origin',(21.01,4.57536461020714,0.));
#5916=CARTESIAN_POINT('',(21.01,4.57536461020714,4.16666666666667));
#5917=CARTESIAN_POINT('',(21.01,4.57536461020714,4.16666666666667));
#5918=CARTESIAN_POINT('',(21.01,4.57536461020714,0.));
#5919=CARTESIAN_POINT('Origin',(22.4385714285714,4.57536461020714,0.));
#5920=CARTESIAN_POINT('',(22.0828571428575,3.19178820340134,4.16666666666667));
#5921=CARTESIAN_POINT('Origin',(22.4385714285714,4.57536461020714,4.16666666666667));
#5922=CARTESIAN_POINT('',(22.0828571428575,3.19178820340134,0.));
#5923=CARTESIAN_POINT('Origin',(21.905,2.5,0.));
#5924=CARTESIAN_POINT('',(21.905,1.78571428571429,4.16666666666667));
#5925=CARTESIAN_POINT('Origin',(21.905,2.5,4.16666666666667));
#5926=CARTESIAN_POINT('',(21.905,1.78571428571429,0.));
#5927=CARTESIAN_POINT('Ctrl Pts',(20.6448767574286,1.7094867605,-4.16666666666667));
#5928=CARTESIAN_POINT('Ctrl Pts',(20.6448767574286,1.7094867605,4.16666666666667));
#5929=CARTESIAN_POINT('Ctrl Pts',(20.8921506486429,1.7324940965,-4.16666666666667));
#5930=CARTESIAN_POINT('Ctrl Pts',(20.8921506486429,1.7324940965,4.16666666666667));
#5931=CARTESIAN_POINT('Ctrl Pts',(21.1417999185,1.751620517,-4.16666666666667));
#5932=CARTESIAN_POINT('Ctrl Pts',(21.1417999185,1.751620517,4.16666666666667));
#5933=CARTESIAN_POINT('Ctrl Pts',(21.393824567,1.76686602207143,-4.16666666666667));
#5934=CARTESIAN_POINT('Ctrl Pts',(21.393824567,1.76686602207143,4.16666666666667));
#5935=CARTESIAN_POINT('Ctrl Pts',(21.6482245941429,1.77823061164286,-4.16666666666667));
#5936=CARTESIAN_POINT('Ctrl Pts',(21.6482245941429,1.77823061164286,4.16666666666667));
#5937=CARTESIAN_POINT('Ctrl Pts',(21.905,1.78571428571429,-4.16666666666667));
#5938=CARTESIAN_POINT('Ctrl Pts',(21.905,1.78571428571429,4.16666666666667));
#5939=CARTESIAN_POINT('',(20.6448767574248,1.70948676054055,4.16666666666667));
#5940=CARTESIAN_POINT('Ctrl Pts',(20.6448767574286,1.7094867605,4.16666666666667));
#5941=CARTESIAN_POINT('Ctrl Pts',(20.8921506486429,1.7324940965,4.16666666666667));
#5942=CARTESIAN_POINT('Ctrl Pts',(21.1417999185,1.751620517,4.16666666666667));
#5943=CARTESIAN_POINT('Ctrl Pts',(21.393824567,1.76686602207143,4.16666666666667));
#5944=CARTESIAN_POINT('Ctrl Pts',(21.6482245941429,1.77823061164286,4.16666666666667));
#5945=CARTESIAN_POINT('Ctrl Pts',(21.905,1.78571428571429,4.16666666666667));
#5946=CARTESIAN_POINT('',(20.6448767574248,1.70948676054055,0.));
#5947=CARTESIAN_POINT('Origin',(20.7242857142857,0.856030203285716,0.));
#5948=CARTESIAN_POINT('',(19.8671428571429,0.856030203285714,4.16666666666667));
#5949=CARTESIAN_POINT('Origin',(20.7242857142857,0.856030203285716,4.16666666666667));
#5950=CARTESIAN_POINT('',(19.8671428571429,0.856030203285714,0.));
#5951=CARTESIAN_POINT('Origin',(19.8671428571429,0.,0.));
#5952=CARTESIAN_POINT('',(19.8671428571429,0.,4.16666666666667));
#5953=CARTESIAN_POINT('',(19.8671428571429,0.,4.16666666666667));
#5954=CARTESIAN_POINT('',(19.8671428571429,0.,0.));
#5955=CARTESIAN_POINT('Origin',(0.,0.,0.));
#5956=CARTESIAN_POINT('',(0.,0.,4.16666666666667));
#5957=CARTESIAN_POINT('',(0.,0.,4.16666666666667));
#5958=CARTESIAN_POINT('',(0.,0.,0.));
#5959=CARTESIAN_POINT('Origin',(2.77555756156289E-16,0.178571428571428,
0.));
#5960=CARTESIAN_POINT('',(0.,0.178571428571428,4.16666666666667));
#5961=CARTESIAN_POINT('',(2.77555756156289E-16,0.178571428571428,4.16666666666667));
#5962=CARTESIAN_POINT('',(2.77555756156289E-16,0.178571428571428,0.));
#5963=CARTESIAN_POINT('Origin',(1.42857142857143,0.178571428571428,0.));
#5964=CARTESIAN_POINT('',(1.42857142857143,1.60714285714286,4.16666666666667));
#5965=CARTESIAN_POINT('Origin',(1.42857142857143,0.178571428571428,4.16666666666667));
#5966=CARTESIAN_POINT('',(1.42857142857143,1.60714285714286,0.));
#5967=CARTESIAN_POINT('Origin',(1.42857142857143,2.5,0.));
#5968=CARTESIAN_POINT('',(1.97802197802033,3.20377409107002,4.16666666666667));
#5969=CARTESIAN_POINT('Origin',(1.42857142857143,2.5,4.16666666666667));
#5970=CARTESIAN_POINT('',(1.97802197802033,3.20377409107002,0.));
#5971=CARTESIAN_POINT('Origin',(2.85714285714286,4.32981263677857,0.));
#5972=CARTESIAN_POINT('',(1.42857142857143,4.32981263677857,4.16666666666667));
#5973=CARTESIAN_POINT('Origin',(2.85714285714286,4.32981263677857,4.16666666666667));
#5974=CARTESIAN_POINT('',(1.42857142857143,4.32981263677857,0.));
#5975=CARTESIAN_POINT('Origin',(1.42857142859118,5.83981761045909,0.));
#5976=CARTESIAN_POINT('',(1.42857142859118,5.83981761045909,4.16666666666667));
#5977=CARTESIAN_POINT('',(1.42857142859118,5.83981761045909,4.16666666666667));
#5978=CARTESIAN_POINT('',(1.42857142859118,5.83981761045909,0.));
#5979=CARTESIAN_POINT('Origin',(1.37305406190746,2.26881183695441,0.));
#5980=CARTESIAN_POINT('',(1.07575499966429,5.82785351695714,4.16666666666667));
#5981=CARTESIAN_POINT('Origin',(1.37305406190746,2.26881183695441,4.16666666666667));
#5982=CARTESIAN_POINT('',(1.07575499966429,5.82785351695714,0.));
#5983=CARTESIAN_POINT('Ctrl Pts',(1.04801407025,5.82567866014286,-4.16666666666667));
#5984=CARTESIAN_POINT('Ctrl Pts',(1.04801407025,5.82567866014286,4.16666666666667));
#5985=CARTESIAN_POINT('Ctrl Pts',(1.05356437917857,5.82608564602143,-4.16666666666667));
#5986=CARTESIAN_POINT('Ctrl Pts',(1.05356437917857,5.82608564602143,4.16666666666667));
#5987=CARTESIAN_POINT('Ctrl Pts',(1.05911367387857,5.82650646411428,-4.16666666666667));
#5988=CARTESIAN_POINT('Ctrl Pts',(1.05911367387857,5.82650646411428,4.16666666666667));
#5989=CARTESIAN_POINT('Ctrl Pts',(1.06466201423571,5.82694129640714,-4.16666666666667));
#5990=CARTESIAN_POINT('Ctrl Pts',(1.06466201423571,5.82694129640714,4.16666666666667));
#5991=CARTESIAN_POINT('Ctrl Pts',(1.07020910456429,5.82739025219286,-4.16666666666667));
#5992=CARTESIAN_POINT('Ctrl Pts',(1.07020910456429,5.82739025219286,4.16666666666667));
#5993=CARTESIAN_POINT('Ctrl Pts',(1.07575499966429,5.82785351695714,-4.16666666666667));
#5994=CARTESIAN_POINT('Ctrl Pts',(1.07575499966429,5.82785351695714,4.16666666666667));
#5995=CARTESIAN_POINT('',(1.04801407025,5.82567866014286,4.16666666666667));
#5996=CARTESIAN_POINT('Ctrl Pts',(1.04801407025,5.82567866014286,4.16666666666667));
#5997=CARTESIAN_POINT('Ctrl Pts',(1.05356437917857,5.82608564602143,4.16666666666667));
#5998=CARTESIAN_POINT('Ctrl Pts',(1.05911367387857,5.82650646411428,4.16666666666667));
#5999=CARTESIAN_POINT('Ctrl Pts',(1.06466201423571,5.82694129640714,4.16666666666667));
#6000=CARTESIAN_POINT('Ctrl Pts',(1.07020910456429,5.82739025219286,4.16666666666667));
#6001=CARTESIAN_POINT('Ctrl Pts',(1.07575499966429,5.82785351695714,4.16666666666667));
#6002=CARTESIAN_POINT('',(1.04801407025,5.82567866014286,0.));
#6003=CARTESIAN_POINT('Origin',(6.29645034005577,9.28616534045032,0.));
#6004=CARTESIAN_POINT('',(0.8303939261,6.18080245952143,4.16666666666667));
#6005=CARTESIAN_POINT('Origin',(6.29645034005577,9.28616534045032,4.16666666666667));
#6006=CARTESIAN_POINT('',(0.8303939261,6.18080245952143,0.));
#6007=CARTESIAN_POINT('Ctrl Pts',(0.844925856121429,6.20453244428571,-4.16666666666667));
#6008=CARTESIAN_POINT('Ctrl Pts',(0.844925856121429,6.20453244428571,4.16666666666667));
#6009=CARTESIAN_POINT('Ctrl Pts',(0.841995300514287,6.19980133337143,-4.16666666666667));
#6010=CARTESIAN_POINT('Ctrl Pts',(0.841995300514287,6.19980133337143,4.16666666666667));
#6011=CARTESIAN_POINT('Ctrl Pts',(0.839076951671429,6.19506266136429,-4.16666666666667));
#6012=CARTESIAN_POINT('Ctrl Pts',(0.839076951671429,6.19506266136429,4.16666666666667));
#6013=CARTESIAN_POINT('Ctrl Pts',(0.836170619435714,6.19031646362143,-4.16666666666667));
#6014=CARTESIAN_POINT('Ctrl Pts',(0.836170619435714,6.19031646362143,4.16666666666667));
#6015=CARTESIAN_POINT('Ctrl Pts',(0.833276340700001,6.18556305326428,-4.16666666666667));
#6016=CARTESIAN_POINT('Ctrl Pts',(0.833276340700001,6.18556305326428,4.16666666666667));
#6017=CARTESIAN_POINT('Ctrl Pts',(0.8303939261,6.18080245952143,-4.16666666666667));
#6018=CARTESIAN_POINT('Ctrl Pts',(0.8303939261,6.18080245952143,4.16666666666667));
#6019=CARTESIAN_POINT('',(0.844925856121411,6.20453244428568,4.16666666666667));
#6020=CARTESIAN_POINT('Ctrl Pts',(0.844925856121429,6.20453244428571,4.16666666666667));
#6021=CARTESIAN_POINT('Ctrl Pts',(0.841995300514287,6.19980133337143,4.16666666666667));
#6022=CARTESIAN_POINT('Ctrl Pts',(0.839076951671429,6.19506266136429,4.16666666666667));
#6023=CARTESIAN_POINT('Ctrl Pts',(0.836170619435714,6.19031646362143,4.16666666666667));
#6024=CARTESIAN_POINT('Ctrl Pts',(0.833276340700001,6.18556305326428,4.16666666666667));
#6025=CARTESIAN_POINT('Ctrl Pts',(0.8303939261,6.18080245952143,4.16666666666667));
#6026=CARTESIAN_POINT('',(0.844925856121411,6.20453244428568,0.));
#6027=CARTESIAN_POINT('Origin',(-2.19122547328973,8.08519522514314,0.));
#6028=CARTESIAN_POINT('',(1.26975973683459,7.20389574740671,4.16666666666667));
#6029=CARTESIAN_POINT('Origin',(-2.19122547328973,8.08519522514314,4.16666666666667));
#6030=CARTESIAN_POINT('',(1.26975973683459,7.20389574740671,0.));
#6031=CARTESIAN_POINT('Origin',(-0.554353520614139,4.13343684079855,0.));
#6032=CARTESIAN_POINT('',(0.262700250192859,7.61014939848572,4.16666666666667));
#6033=CARTESIAN_POINT('Origin',(-0.554353520614139,4.13343684079855,4.16666666666667));
#6034=CARTESIAN_POINT('',(0.262700250192859,7.61014939848572,0.));
#6035=CARTESIAN_POINT('Ctrl Pts',(0.235644990785715,7.61665340536429,-4.16666666666667));
#6036=CARTESIAN_POINT('Ctrl Pts',(0.235644990785715,7.61665340536429,4.16666666666667));
#6037=CARTESIAN_POINT('Ctrl Pts',(0.241049413814286,7.61532533215714,-4.16666666666667));
#6038=CARTESIAN_POINT('Ctrl Pts',(0.241049413814286,7.61532533215714,4.16666666666667));
#6039=CARTESIAN_POINT('Ctrl Pts',(0.246457146642858,7.61401072757857,-4.16666666666667));
#6040=CARTESIAN_POINT('Ctrl Pts',(0.246457146642858,7.61401072757857,4.16666666666667));
#6041=CARTESIAN_POINT('Ctrl Pts',(0.251868302464286,7.6127097462,-4.16666666666667));
#6042=CARTESIAN_POINT('Ctrl Pts',(0.251868302464286,7.6127097462,4.16666666666667));
#6043=CARTESIAN_POINT('Ctrl Pts',(0.257282633835715,7.61142258334286,-4.16666666666667));
#6044=CARTESIAN_POINT('Ctrl Pts',(0.257282633835715,7.61142258334286,4.16666666666667));
#6045=CARTESIAN_POINT('Ctrl Pts',(0.262700250192857,7.61014939848571,-4.16666666666667));
#6046=CARTESIAN_POINT('Ctrl Pts',(0.262700250192857,7.61014939848571,4.16666666666667));
#6047=CARTESIAN_POINT('',(0.235644990785715,7.61665340536429,4.16666666666667));
#6048=CARTESIAN_POINT('Ctrl Pts',(0.235644990785715,7.61665340536429,4.16666666666667));
#6049=CARTESIAN_POINT('Ctrl Pts',(0.241049413814286,7.61532533215714,4.16666666666667));
#6050=CARTESIAN_POINT('Ctrl Pts',(0.246457146642858,7.61401072757857,4.16666666666667));
#6051=CARTESIAN_POINT('Ctrl Pts',(0.251868302464286,7.6127097462,4.16666666666667));
#6052=CARTESIAN_POINT('Ctrl Pts',(0.257282633835715,7.61142258334286,4.16666666666667));
#6053=CARTESIAN_POINT('Ctrl Pts',(0.262700250192857,7.61014939848571,4.16666666666667));
#6054=CARTESIAN_POINT('',(0.235644990785715,7.61665340536429,0.));
#6055=CARTESIAN_POINT('Origin',(6.29655369577123,9.28591581020076,0.));
#6056=CARTESIAN_POINT('Origin',(6.29655369577123,9.28591581020076,4.16666666666667));
#6057=CARTESIAN_POINT('Origin',(11.3096428571429,7.78247542726429,4.16666666666667));
#6058=UNCERTAINTY_MEASURE_WITH_UNIT(LENGTH_MEASURE(0.01),#6062,
'DISTANCE_ACCURACY_VALUE',
'Maximum model space distance between geometric entities at asserted c
onnectivities');
#6059=UNCERTAINTY_MEASURE_WITH_UNIT(LENGTH_MEASURE(0.01),#6062,
'DISTANCE_ACCURACY_VALUE',
'Maximum model space distance between geometric entities at asserted c
onnectivities');
#6060=(
GEOMETRIC_REPRESENTATION_CONTEXT(3)
GLOBAL_UNCERTAINTY_ASSIGNED_CONTEXT((#6058))
GLOBAL_UNIT_ASSIGNED_CONTEXT((#6062,#6064,#6065))
REPRESENTATION_CONTEXT('','3D')
);
#6061=(
GEOMETRIC_REPRESENTATION_CONTEXT(3)
GLOBAL_UNCERTAINTY_ASSIGNED_CONTEXT((#6059))
GLOBAL_UNIT_ASSIGNED_CONTEXT((#6062,#6064,#6065))
REPRESENTATION_CONTEXT('','3D')
);
#6062=(
LENGTH_UNIT()
NAMED_UNIT(*)
SI_UNIT(.MILLI.,.METRE.)
);
#6063=(
LENGTH_UNIT()
NAMED_UNIT(*)
SI_UNIT($,.METRE.)
);
#6064=(
NAMED_UNIT(*)
PLANE_ANGLE_UNIT()
SI_UNIT($,.RADIAN.)
);
#6065=(
NAMED_UNIT(*)
SI_UNIT($,.STERADIAN.)
SOLID_ANGLE_UNIT()
);
#6066=SHAPE_DEFINITION_REPRESENTATION(#6067,#6068);
#6067=PRODUCT_DEFINITION_SHAPE('',$,#6070);
#6068=SHAPE_REPRESENTATION('',(#3146),#6060);
#6069=PRODUCT_DEFINITION_CONTEXT('part definition',#6074,'design');
#6070=PRODUCT_DEFINITION('Middle Gear','Middle Gear v1',#6071,#6069);
#6071=PRODUCT_DEFINITION_FORMATION('',$,#6076);
#6072=PRODUCT_RELATED_PRODUCT_CATEGORY('Middle Gear v1',
'Middle Gear v1',(#6076));
#6073=APPLICATION_PROTOCOL_DEFINITION('international standard',
'automotive_design',2009,#6074);
#6074=APPLICATION_CONTEXT(
'Core Data for Automotive Mechanical Design Process');
#6075=PRODUCT_CONTEXT('part definition',#6074,'mechanical');
#6076=PRODUCT('Middle Gear','Middle Gear v1',$,(#6075));
#6077=PRESENTATION_STYLE_ASSIGNMENT((#6078));
#6078=SURFACE_STYLE_USAGE(.BOTH.,#6079);
#6079=SURFACE_SIDE_STYLE('',(#6080));
#6080=SURFACE_STYLE_FILL_AREA(#6081);
#6081=FILL_AREA_STYLE('Steel - Satin',(#6082));
#6082=FILL_AREA_STYLE_COLOUR('Steel - Satin',#6083);
#6083=COLOUR_RGB('Steel - Satin',0.627450980392157,0.627450980392157,0.627450980392157);
ENDSEC;
END-ISO-10303-21;
