ISO-10303-21;
HEADER;
/* Generated by software containing ST-Developer
 * from STEP Tools, Inc. (www.steptools.com) 
 */

FILE_DESCRIPTION(
/* description */ (''),
/* implementation_level */ '2;1');

FILE_NAME(
/* name */ 'Phalanx - Distal.step',
/* time_stamp */ '2026-03-10T17:19:29Z',
/* author */ (''),
/* organization */ (''),
/* preprocessor_version */ 'ST-DEVELOPER v20.1',
/* originating_system */ 'Autodesk Translation Framework v14.21.0.0',
/* authorisation */ '');

FILE_SCHEMA (('AUTOMOTIVE_DESIGN { 1 0 10303 214 3 1 1 }'));
ENDSEC;

DATA;
#10=MECHANICAL_DESIGN_GEOMETRIC_PRESENTATION_REPRESENTATION('',(#253,#254,
#255,#256,#257,#258,#259,#260,#261,#262),#9806);
#11=CONTEXT_DEPENDENT_OVER_RIDING_STYLED_ITEM('',(#9904),#9858,#262,(#49));
#12=MAPPED_ITEM('',#13,#5877);
#13=REPRESENTATION_MAP(#5877,#9849);
#14=ITEM_DEFINED_TRANSFORMATION($,$,#5305,#5859);
#15=ITEM_DEFINED_TRANSFORMATION($,$,#5305,#5860);
#16=ITEM_DEFINED_TRANSFORMATION($,$,#5305,#5861);
#17=ITEM_DEFINED_TRANSFORMATION($,$,#5305,#5862);
#18=ITEM_DEFINED_TRANSFORMATION($,$,#5305,#5863);
#19=ITEM_DEFINED_TRANSFORMATION($,$,#5305,#5864);
#20=ITEM_DEFINED_TRANSFORMATION($,$,#5326,#5865);
#21=ITEM_DEFINED_TRANSFORMATION($,$,#5326,#5866);
#22=ITEM_DEFINED_TRANSFORMATION($,$,#5343,#5867);
#23=ITEM_DEFINED_TRANSFORMATION($,$,#5343,#5868);
#24=ITEM_DEFINED_TRANSFORMATION($,$,#5343,#5869);
#25=ITEM_DEFINED_TRANSFORMATION($,$,#5343,#5870);
#26=ITEM_DEFINED_TRANSFORMATION($,$,#5360,#5871);
#27=ITEM_DEFINED_TRANSFORMATION($,$,#5583,#5872);
#28=ITEM_DEFINED_TRANSFORMATION($,$,#5692,#5873);
#29=ITEM_DEFINED_TRANSFORMATION($,$,#5794,#5874);
#30=ITEM_DEFINED_TRANSFORMATION($,$,#5821,#5875);
#31=ITEM_DEFINED_TRANSFORMATION($,$,#5848,#5876);
#32=(
REPRESENTATION_RELATIONSHIP($,$,#9850,#9849)
REPRESENTATION_RELATIONSHIP_WITH_TRANSFORMATION(#14)
SHAPE_REPRESENTATION_RELATIONSHIP()
);
#33=(
REPRESENTATION_RELATIONSHIP($,$,#9850,#9849)
REPRESENTATION_RELATIONSHIP_WITH_TRANSFORMATION(#15)
SHAPE_REPRESENTATION_RELATIONSHIP()
);
#34=(
REPRESENTATION_RELATIONSHIP($,$,#9850,#9849)
REPRESENTATION_RELATIONSHIP_WITH_TRANSFORMATION(#16)
SHAPE_REPRESENTATION_RELATIONSHIP()
);
#35=(
REPRESENTATION_RELATIONSHIP($,$,#9850,#9849)
REPRESENTATION_RELATIONSHIP_WITH_TRANSFORMATION(#17)
SHAPE_REPRESENTATION_RELATIONSHIP()
);
#36=(
REPRESENTATION_RELATIONSHIP($,$,#9850,#9849)
REPRESENTATION_RELATIONSHIP_WITH_TRANSFORMATION(#18)
SHAPE_REPRESENTATION_RELATIONSHIP()
);
#37=(
REPRESENTATION_RELATIONSHIP($,$,#9850,#9849)
REPRESENTATION_RELATIONSHIP_WITH_TRANSFORMATION(#19)
SHAPE_REPRESENTATION_RELATIONSHIP()
);
#38=(
REPRESENTATION_RELATIONSHIP($,$,#9851,#9849)
REPRESENTATION_RELATIONSHIP_WITH_TRANSFORMATION(#20)
SHAPE_REPRESENTATION_RELATIONSHIP()
);
#39=(
REPRESENTATION_RELATIONSHIP($,$,#9851,#9849)
REPRESENTATION_RELATIONSHIP_WITH_TRANSFORMATION(#21)
SHAPE_REPRESENTATION_RELATIONSHIP()
);
#40=(
REPRESENTATION_RELATIONSHIP($,$,#9852,#9849)
REPRESENTATION_RELATIONSHIP_WITH_TRANSFORMATION(#22)
SHAPE_REPRESENTATION_RELATIONSHIP()
);
#41=(
REPRESENTATION_RELATIONSHIP($,$,#9852,#9849)
REPRESENTATION_RELATIONSHIP_WITH_TRANSFORMATION(#23)
SHAPE_REPRESENTATION_RELATIONSHIP()
);
#42=(
REPRESENTATION_RELATIONSHIP($,$,#9852,#9849)
REPRESENTATION_RELATIONSHIP_WITH_TRANSFORMATION(#24)
SHAPE_REPRESENTATION_RELATIONSHIP()
);
#43=(
REPRESENTATION_RELATIONSHIP($,$,#9852,#9849)
REPRESENTATION_RELATIONSHIP_WITH_TRANSFORMATION(#25)
SHAPE_REPRESENTATION_RELATIONSHIP()
);
#44=(
REPRESENTATION_RELATIONSHIP($,$,#9853,#9849)
REPRESENTATION_RELATIONSHIP_WITH_TRANSFORMATION(#26)
SHAPE_REPRESENTATION_RELATIONSHIP()
);
#45=(
REPRESENTATION_RELATIONSHIP($,$,#9854,#9849)
REPRESENTATION_RELATIONSHIP_WITH_TRANSFORMATION(#27)
SHAPE_REPRESENTATION_RELATIONSHIP()
);
#46=(
REPRESENTATION_RELATIONSHIP($,$,#9855,#9849)
REPRESENTATION_RELATIONSHIP_WITH_TRANSFORMATION(#28)
SHAPE_REPRESENTATION_RELATIONSHIP()
);
#47=(
REPRESENTATION_RELATIONSHIP($,$,#9856,#9849)
REPRESENTATION_RELATIONSHIP_WITH_TRANSFORMATION(#29)
SHAPE_REPRESENTATION_RELATIONSHIP()
);
#48=(
REPRESENTATION_RELATIONSHIP($,$,#9857,#9849)
REPRESENTATION_RELATIONSHIP_WITH_TRANSFORMATION(#30)
SHAPE_REPRESENTATION_RELATIONSHIP()
);
#49=(
REPRESENTATION_RELATIONSHIP($,$,#9858,#9849)
REPRESENTATION_RELATIONSHIP_WITH_TRANSFORMATION(#31)
SHAPE_REPRESENTATION_RELATIONSHIP()
);
#50=CONTEXT_DEPENDENT_SHAPE_REPRESENTATION(#32,#9831);
#51=CONTEXT_DEPENDENT_SHAPE_REPRESENTATION(#33,#9832);
#52=CONTEXT_DEPENDENT_SHAPE_REPRESENTATION(#34,#9833);
#53=CONTEXT_DEPENDENT_SHAPE_REPRESENTATION(#35,#9834);
#54=CONTEXT_DEPENDENT_SHAPE_REPRESENTATION(#36,#9835);
#55=CONTEXT_DEPENDENT_SHAPE_REPRESENTATION(#37,#9836);
#56=CONTEXT_DEPENDENT_SHAPE_REPRESENTATION(#38,#9837);
#57=CONTEXT_DEPENDENT_SHAPE_REPRESENTATION(#39,#9838);
#58=CONTEXT_DEPENDENT_SHAPE_REPRESENTATION(#40,#9839);
#59=CONTEXT_DEPENDENT_SHAPE_REPRESENTATION(#41,#9840);
#60=CONTEXT_DEPENDENT_SHAPE_REPRESENTATION(#42,#9841);
#61=CONTEXT_DEPENDENT_SHAPE_REPRESENTATION(#43,#9842);
#62=CONTEXT_DEPENDENT_SHAPE_REPRESENTATION(#44,#9843);
#63=CONTEXT_DEPENDENT_SHAPE_REPRESENTATION(#45,#9844);
#64=CONTEXT_DEPENDENT_SHAPE_REPRESENTATION(#46,#9845);
#65=CONTEXT_DEPENDENT_SHAPE_REPRESENTATION(#47,#9846);
#66=CONTEXT_DEPENDENT_SHAPE_REPRESENTATION(#48,#9847);
#67=CONTEXT_DEPENDENT_SHAPE_REPRESENTATION(#49,#9848);
#68=NEXT_ASSEMBLY_USAGE_OCCURRENCE('small bearing (ID is off) v1:1',
'small bearing (ID is off) v1:1','small bearing (ID is off) v1:1',#9860,
#9861,'small bearing (ID is off) v1:1');
#69=NEXT_ASSEMBLY_USAGE_OCCURRENCE('small bearing (ID is off) v1:2',
'small bearing (ID is off) v1:2','small bearing (ID is off) v1:2',#9860,
#9861,'small bearing (ID is off) v1:2');
#70=NEXT_ASSEMBLY_USAGE_OCCURRENCE('small bearing (ID is off) v1:3',
'small bearing (ID is off) v1:3','small bearing (ID is off) v1:3',#9860,
#9861,'small bearing (ID is off) v1:3');
#71=NEXT_ASSEMBLY_USAGE_OCCURRENCE('small bearing (ID is off) v1:4',
'small bearing (ID is off) v1:4','small bearing (ID is off) v1:4',#9860,
#9861,'small bearing (ID is off) v1:4');
#72=NEXT_ASSEMBLY_USAGE_OCCURRENCE('small bearing (ID is off) v1:5',
'small bearing (ID is off) v1:5','small bearing (ID is off) v1:5',#9860,
#9861,'small bearing (ID is off) v1:5');
#73=NEXT_ASSEMBLY_USAGE_OCCURRENCE('small bearing (ID is off) v1:6',
'small bearing (ID is off) v1:6','small bearing (ID is off) v1:6',#9860,
#9861,'small bearing (ID is off) v1:6');
#74=NEXT_ASSEMBLY_USAGE_OCCURRENCE('M2_10mm v2:1','M2_10mm v2:1',
'M2_10mm v2:1',#9860,#9862,'M2_10mm v2:1');
#75=NEXT_ASSEMBLY_USAGE_OCCURRENCE('M2_10mm v2:2','M2_10mm v2:2',
'M2_10mm v2:2',#9860,#9862,'M2_10mm v2:2');
#76=NEXT_ASSEMBLY_USAGE_OCCURRENCE('M2_5mm v2:1','M2_5mm v2:1',
'M2_5mm v2:1',#9860,#9863,'M2_5mm v2:1');
#77=NEXT_ASSEMBLY_USAGE_OCCURRENCE('M2_5mm v2:2','M2_5mm v2:2',
'M2_5mm v2:2',#9860,#9863,'M2_5mm v2:2');
#78=NEXT_ASSEMBLY_USAGE_OCCURRENCE('M2_5mm v2:3','M2_5mm v2:3',
'M2_5mm v2:3',#9860,#9863,'M2_5mm v2:3');
#79=NEXT_ASSEMBLY_USAGE_OCCURRENCE('M2_5mm v2:4','M2_5mm v2:4',
'M2_5mm v2:4',#9860,#9863,'M2_5mm v2:4');
#80=NEXT_ASSEMBLY_USAGE_OCCURRENCE('Middle Gear:1','Middle Gear:1',
'Middle Gear:1',#9860,#9864,'Middle Gear:1');
#81=NEXT_ASSEMBLY_USAGE_OCCURRENCE('Pyramid Side Cover:1',
'Pyramid Side Cover:1','Pyramid Side Cover:1',#9860,#9865,
'Pyramid Side Cover:1');
#82=NEXT_ASSEMBLY_USAGE_OCCURRENCE('V Side Cover:1','V Side Cover:1',
'V Side Cover:1',#9860,#9866,'V Side Cover:1');
#83=NEXT_ASSEMBLY_USAGE_OCCURRENCE('Cable- Pyr Side:1',
'Cable- Pyr Side:1','Cable- Pyr Side:1',#9860,#9867,'Cable- Pyr Side:1');
#84=NEXT_ASSEMBLY_USAGE_OCCURRENCE('Cable- V Side:1','Cable- V Side:1',
'Cable- V Side:1',#9860,#9868,'Cable- V Side:1');
#85=NEXT_ASSEMBLY_USAGE_OCCURRENCE('Pad:1','Pad:1','Pad:1',#9860,#9869,
'Pad:1');
#86=ELLIPSE('',#5741,1.4142135623731,1.);
#87=SPHERICAL_SURFACE('',#5625,3.);
#88=SPHERICAL_SURFACE('',#5627,3.);
#89=SPHERICAL_SURFACE('',#5737,3.);
#90=SPHERICAL_SURFACE('',#5738,3.);
#91=B_SPLINE_SURFACE_WITH_KNOTS('',5,1,((#8291,#8292),(#8293,#8294),(#8295,
#8296),(#8297,#8298),(#8299,#8300),(#8301,#8302)),.UNSPECIFIED.,.F.,.F.,
 .F.,(6,6),(2,2),(0.,0.0389567232585),(-0.416666666666667,0.416666666666667),
 .UNSPECIFIED.);
#92=B_SPLINE_SURFACE_WITH_KNOTS('',5,1,((#8304,#8305),(#8306,#8307),(#8308,
#8309),(#8310,#8311),(#8312,#8313),(#8314,#8315)),.UNSPECIFIED.,.F.,.F.,
 .F.,(6,6),(2,2),(0.,0.0389567232585),(-0.416666666666667,0.416666666666667),
 .UNSPECIFIED.);
#93=B_SPLINE_SURFACE_WITH_KNOTS('',5,1,((#8321,#8322),(#8323,#8324),(#8325,
#8326),(#8327,#8328),(#8329,#8330),(#8331,#8332)),.UNSPECIFIED.,.F.,.F.,
 .F.,(6,6),(2,2),(0.,0.0389567232553),(-0.416666666666667,0.416666666666667),
 .UNSPECIFIED.);
#94=B_SPLINE_SURFACE_WITH_KNOTS('',5,1,((#8334,#8335),(#8336,#8337),(#8338,
#8339),(#8340,#8341),(#8342,#8343),(#8344,#8345)),.UNSPECIFIED.,.F.,.F.,
 .F.,(6,6),(2,2),(0.,0.0389567232553),(-0.416666666666667,0.416666666666667),
 .UNSPECIFIED.);
#95=B_SPLINE_SURFACE_WITH_KNOTS('',5,1,((#8355,#8356),(#8357,#8358),(#8359,
#8360),(#8361,#8362),(#8363,#8364),(#8365,#8366)),.UNSPECIFIED.,.F.,.F.,
 .F.,(6,6),(2,2),(0.,0.0389567232497),(-0.416666666666667,0.416666666666667),
 .UNSPECIFIED.);
#96=B_SPLINE_SURFACE_WITH_KNOTS('',5,1,((#8368,#8369),(#8370,#8371),(#8372,
#8373),(#8374,#8375),(#8376,#8377),(#8378,#8379)),.UNSPECIFIED.,.F.,.F.,
 .F.,(6,6),(2,2),(0.,0.0389567232497),(-0.416666666666667,0.416666666666667),
 .UNSPECIFIED.);
#97=B_SPLINE_SURFACE_WITH_KNOTS('',3,1,((#8385,#8386),(#8387,#8388),(#8389,
#8390),(#8391,#8392)),.UNSPECIFIED.,.F.,.F.,.F.,(4,4),(2,2),(0.,0.0550929492251),
(-0.416666666666667,0.416666666666667),.UNSPECIFIED.);
#98=B_SPLINE_SURFACE_WITH_KNOTS('',3,1,((#8394,#8395),(#8396,#8397),(#8398,
#8399),(#8400,#8401)),.UNSPECIFIED.,.F.,.F.,.F.,(4,4),(2,2),(0.,0.0550929492251),
(-0.416666666666667,0.416666666666667),.UNSPECIFIED.);
#99=B_SPLINE_SURFACE_WITH_KNOTS('',5,1,((#8411,#8412),(#8413,#8414),(#8415,
#8416),(#8417,#8418),(#8419,#8420),(#8421,#8422)),.UNSPECIFIED.,.F.,.F.,
 .F.,(6,6),(2,2),(0.,0.0389567232517),(-0.416666666666667,0.416666666666667),
 .UNSPECIFIED.);
#100=B_SPLINE_SURFACE_WITH_KNOTS('',5,1,((#8424,#8425),(#8426,#8427),(#8428,
#8429),(#8430,#8431),(#8432,#8433),(#8434,#8435)),.UNSPECIFIED.,.F.,.F.,
 .F.,(6,6),(2,2),(0.,0.0389567232517),(-0.416666666666667,0.416666666666667),
 .UNSPECIFIED.);
#101=B_SPLINE_SURFACE_WITH_KNOTS('',3,1,((#8441,#8442),(#8443,#8444),(#8445,
#8446),(#8447,#8448)),.UNSPECIFIED.,.F.,.F.,.F.,(4,4),(2,2),(0.,0.0550929492145612),
(-0.416666666666667,0.416666666666667),.UNSPECIFIED.);
#102=B_SPLINE_SURFACE_WITH_KNOTS('',3,1,((#8450,#8451),(#8452,#8453),(#8454,
#8455),(#8456,#8457)),.UNSPECIFIED.,.F.,.F.,.F.,(4,4),(2,2),(0.,0.0550929492145612),
(-0.416666666666667,0.416666666666667),.UNSPECIFIED.);
#103=B_SPLINE_SURFACE_WITH_KNOTS('',3,1,((#8467,#8468),(#8469,#8470),(#8471,
#8472),(#8473,#8474)),.UNSPECIFIED.,.F.,.F.,.F.,(4,4),(2,2),(6.75397683223831E-14,
0.0550929492222),(-0.416666666666667,0.416666666666667),.UNSPECIFIED.);
#104=B_SPLINE_SURFACE_WITH_KNOTS('',3,1,((#8476,#8477),(#8478,#8479),(#8480,
#8481),(#8482,#8483)),.UNSPECIFIED.,.F.,.F.,.F.,(4,4),(2,2),(6.75397683223831E-14,
0.0550929492222),(-0.416666666666667,0.416666666666667),.UNSPECIFIED.);
#105=B_SPLINE_SURFACE_WITH_KNOTS('',5,1,((#8489,#8490),(#8491,#8492),(#8493,
#8494),(#8495,#8496),(#8497,#8498),(#8499,#8500)),.UNSPECIFIED.,.F.,.F.,
 .F.,(6,6),(2,2),(0.,0.0389567232564),(-0.416666666666667,0.416666666666667),
 .UNSPECIFIED.);
#106=B_SPLINE_SURFACE_WITH_KNOTS('',5,1,((#8502,#8503),(#8504,#8505),(#8506,
#8507),(#8508,#8509),(#8510,#8511),(#8512,#8513)),.UNSPECIFIED.,.F.,.F.,
 .F.,(6,6),(2,2),(0.,0.0389567232564),(-0.416666666666667,0.416666666666667),
 .UNSPECIFIED.);
#107=B_SPLINE_SURFACE_WITH_KNOTS('',3,1,((#8523,#8524),(#8525,#8526),(#8527,
#8528),(#8529,#8530)),.UNSPECIFIED.,.F.,.F.,.F.,(4,4),(2,2),(0.,0.0550929492177),
(-0.416666666666667,0.416666666666667),.UNSPECIFIED.);
#108=B_SPLINE_SURFACE_WITH_KNOTS('',3,1,((#8532,#8533),(#8534,#8535),(#8536,
#8537),(#8538,#8539)),.UNSPECIFIED.,.F.,.F.,.F.,(4,4),(2,2),(0.,0.0550929492177),
(-0.416666666666667,0.416666666666667),.UNSPECIFIED.);
#109=B_SPLINE_SURFACE_WITH_KNOTS('',5,1,((#8559,#8560),(#8561,#8562),(#8563,
#8564),(#8565,#8566),(#8567,#8568),(#8569,#8570)),.UNSPECIFIED.,.F.,.F.,
 .F.,(6,6),(2,2),(0.,0.0389567232553),(-0.416666666666667,0.416666666666667),
 .UNSPECIFIED.);
#110=B_SPLINE_SURFACE_WITH_KNOTS('',5,1,((#8574,#8575),(#8576,#8577),(#8578,
#8579),(#8580,#8581),(#8582,#8583),(#8584,#8585)),.UNSPECIFIED.,.F.,.F.,
 .F.,(6,6),(2,2),(0.,0.0389567232585),(-0.416666666666667,0.416666666666667),
 .UNSPECIFIED.);
#111=B_SPLINE_SURFACE_WITH_KNOTS('',5,1,((#8591,#8592),(#8593,#8594),(#8595,
#8596),(#8597,#8598),(#8599,#8600),(#8601,#8602)),.UNSPECIFIED.,.F.,.F.,
 .F.,(6,6),(2,2),(0.,0.0389567232586),(-0.416666666666667,0.416666666666667),
 .UNSPECIFIED.);
#112=B_SPLINE_SURFACE_WITH_KNOTS('',5,1,((#8607,#8608),(#8609,#8610),(#8611,
#8612),(#8613,#8614),(#8615,#8616),(#8617,#8618)),.UNSPECIFIED.,.F.,.F.,
 .F.,(6,6),(2,2),(0.,0.0389567232586),(-0.416666666666667,0.416666666666667),
 .UNSPECIFIED.);
#113=B_SPLINE_SURFACE_WITH_KNOTS('',5,1,((#8622,#8623),(#8624,#8625),(#8626,
#8627),(#8628,#8629),(#8630,#8631),(#8632,#8633)),.UNSPECIFIED.,.F.,.F.,
 .F.,(6,6),(2,2),(0.,0.0389567232523),(-0.416666666666667,0.416666666666667),
 .UNSPECIFIED.);
#114=B_SPLINE_SURFACE_WITH_KNOTS('',5,1,((#8639,#8640),(#8641,#8642),(#8643,
#8644),(#8645,#8646),(#8647,#8648),(#8649,#8650)),.UNSPECIFIED.,.F.,.F.,
 .F.,(6,6),(2,2),(0.,0.0389567232564),(-0.416666666666667,0.416666666666667),
 .UNSPECIFIED.);
#115=B_SPLINE_SURFACE_WITH_KNOTS('',3,3,((#8671,#8672,#8673,#8674),(#8675,
#8676,#8677,#8678),(#8679,#8680,#8681,#8682),(#8683,#8684,#8685,#8686),
(#8687,#8688,#8689,#8690)),.UNSPECIFIED.,.F.,.F.,.F.,(4,1,4),(4,4),(0.,
0.5,1.),(0.,0.0641142775085344),.UNSPECIFIED.);
#116=B_SPLINE_SURFACE_WITH_KNOTS('',3,3,((#8702,#8703,#8704,#8705,#8706,
#8707),(#8708,#8709,#8710,#8711,#8712,#8713),(#8714,#8715,#8716,#8717,#8718,
#8719),(#8720,#8721,#8722,#8723,#8724,#8725),(#8726,#8727,#8728,#8729,#8730,
#8731)),.UNSPECIFIED.,.F.,.F.,.F.,(4,1,4),(4,1,1,4),(0.,0.5,1.),(5.64814462850221E-15,
0.0543031759910633,0.0905052933184351,0.126707410645807),.UNSPECIFIED.);
#117=B_SPLINE_SURFACE_WITH_KNOTS('',3,3,((#8753,#8754,#8755,#8756,#8757),
(#8758,#8759,#8760,#8761,#8762),(#8763,#8764,#8765,#8766,#8767),(#8768,
#8769,#8770,#8771,#8772),(#8773,#8774,#8775,#8776,#8777)),.UNSPECIFIED.,
 .F.,.F.,.F.,(4,1,4),(4,1,4),(0.,0.5,1.),(0.,0.102842025343459,0.239964725801404),
 .UNSPECIFIED.);
#118=B_SPLINE_SURFACE_WITH_KNOTS('',3,3,((#9159,#9160,#9161,#9162),(#9163,
#9164,#9165,#9166),(#9167,#9168,#9169,#9170),(#9171,#9172,#9173,#9174),
(#9175,#9176,#9177,#9178)),.UNSPECIFIED.,.F.,.F.,.F.,(4,1,4),(4,4),(0.,
0.571428571428571,1.),(1.05368423010693E-16,0.126702060757197),
 .UNSPECIFIED.);
#119=B_SPLINE_SURFACE_WITH_KNOTS('',3,3,((#9190,#9191,#9192,#9193,#9194),
(#9195,#9196,#9197,#9198,#9199),(#9200,#9201,#9202,#9203,#9204),(#9205,
#9206,#9207,#9208,#9209),(#9210,#9211,#9212,#9213,#9214)),.UNSPECIFIED.,
 .F.,.F.,.F.,(4,1,4),(4,1,4),(0.,0.5,1.),(0.,0.0707385296668882,0.165056569222739),
 .UNSPECIFIED.);
#120=B_SPLINE_SURFACE_WITH_KNOTS('',3,3,((#9234,#9235,#9236,#9237,#9238),
(#9239,#9240,#9241,#9242,#9243),(#9244,#9245,#9246,#9247,#9248),(#9249,
#9250,#9251,#9252,#9253),(#9254,#9255,#9256,#9257,#9258)),.UNSPECIFIED.,
 .F.,.F.,.F.,(4,1,4),(4,1,4),(0.,0.571428571428571,1.),(0.,0.0675950942715981,
0.157721886633729),.UNSPECIFIED.);
#121=TOROIDAL_SURFACE('',#5397,7.6,3.);
#122=TOROIDAL_SURFACE('',#5584,10.1,0.5);
#123=TOROIDAL_SURFACE('',#5593,2.,0.5);
#124=TOROIDAL_SURFACE('',#5599,2.5,0.5);
#125=TOROIDAL_SURFACE('',#5621,7.6,3.);
#126=TOROIDAL_SURFACE('',#5639,9.5,1.);
#127=TOROIDAL_SURFACE('',#5642,9.5,1.);
#128=TOROIDAL_SURFACE('',#5645,2.,1.);
#129=TOROIDAL_SURFACE('',#5650,7.5,1.);
#130=TOROIDAL_SURFACE('',#5693,9.6,1.);
#131=TOROIDAL_SURFACE('',#5702,1.5,1.);
#132=TOROIDAL_SURFACE('',#5708,2.,1.);
#133=TOROIDAL_SURFACE('',#5729,7.6,3.);
#134=TOROIDAL_SURFACE('',#5744,7.5,1.);
#135=TOROIDAL_SURFACE('',#5801,2.46428571428455,0.25);
#136=TOROIDAL_SURFACE('',#5808,2.50000000000056,0.25);
#137=TOROIDAL_SURFACE('',#5815,2.46428571428521,0.25);
#138=TOROIDAL_SURFACE('',#5828,2.45921414258867,0.25);
#139=TOROIDAL_SURFACE('',#5835,2.50000000000001,0.25);
#140=TOROIDAL_SURFACE('',#5842,2.4642857142857,0.25);
#141=TOROIDAL_SURFACE('',#5849,9.6,1.);
#142=TOROIDAL_SURFACE('',#5855,7.6,3.);
#143=B_SPLINE_CURVE_WITH_KNOTS('',3,(#7547,#7548,#7549,#7550,#7551,#7552,
#7553,#7554,#7555,#7556,#7557),.UNSPECIFIED.,.F.,.F.,(4,2,3,2,4),(-0.406257207470877,
-0.381481033655749,0.,0.381481033655749,0.406257207470877),
 .UNSPECIFIED.);
#144=B_SPLINE_CURVE_WITH_KNOTS('',3,(#7575,#7576,#7577,#7578,#7579,#7580,
#7581,#7582),.UNSPECIFIED.,.F.,.F.,(4,2,2,4),(1.55480894123797,1.69034472442489,
1.81080690361809,1.84614146565249),.UNSPECIFIED.);
#145=B_SPLINE_CURVE_WITH_KNOTS('',5,(#7618,#7619,#7620,#7621,#7622,#7623),
 .UNSPECIFIED.,.F.,.F.,(6,6),(-0.0389567232553,0.),.UNSPECIFIED.);
#146=B_SPLINE_CURVE_WITH_KNOTS('',5,(#7627,#7628,#7629,#7630,#7631,#7632),
 .UNSPECIFIED.,.F.,.F.,(6,6),(-0.0389567232585,0.),.UNSPECIFIED.);
#147=B_SPLINE_CURVE_WITH_KNOTS('',5,(#7638,#7639,#7640,#7641,#7642,#7643),
 .UNSPECIFIED.,.F.,.F.,(6,6),(-0.0389567232586,0.),.UNSPECIFIED.);
#148=B_SPLINE_CURVE_WITH_KNOTS('',3,(#7649,#7650,#7651,#7652),
 .UNSPECIFIED.,.F.,.F.,(4,4),(-0.0550929492177,0.),.UNSPECIFIED.);
#149=B_SPLINE_CURVE_WITH_KNOTS('',5,(#7658,#7659,#7660,#7661,#7662,#7663),
 .UNSPECIFIED.,.F.,.F.,(6,6),(-0.0389567232564,0.),.UNSPECIFIED.);
#150=B_SPLINE_CURVE_WITH_KNOTS('',3,(#7667,#7668,#7669,#7670),
 .UNSPECIFIED.,.F.,.F.,(4,4),(-0.0550929492222,-6.75397683223831E-14),
 .UNSPECIFIED.);
#151=B_SPLINE_CURVE_WITH_KNOTS('',3,(#7676,#7677,#7678,#7679),
 .UNSPECIFIED.,.F.,.F.,(4,4),(-0.0550929492145612,0.),.UNSPECIFIED.);
#152=B_SPLINE_CURVE_WITH_KNOTS('',5,(#7683,#7684,#7685,#7686,#7687,#7688),
 .UNSPECIFIED.,.F.,.F.,(6,6),(-0.0389567232517,0.),.UNSPECIFIED.);
#153=B_SPLINE_CURVE_WITH_KNOTS('',3,(#7694,#7695,#7696,#7697),
 .UNSPECIFIED.,.F.,.F.,(4,4),(-0.0550929492251,0.),.UNSPECIFIED.);
#154=B_SPLINE_CURVE_WITH_KNOTS('',5,(#7701,#7702,#7703,#7704,#7705,#7706),
 .UNSPECIFIED.,.F.,.F.,(6,6),(-0.0389567232497,0.),.UNSPECIFIED.);
#155=B_SPLINE_CURVE_WITH_KNOTS('',5,(#7712,#7713,#7714,#7715,#7716,#7717),
 .UNSPECIFIED.,.F.,.F.,(6,6),(-0.0389567232553,0.),.UNSPECIFIED.);
#156=B_SPLINE_CURVE_WITH_KNOTS('',5,(#7721,#7722,#7723,#7724,#7725,#7726),
 .UNSPECIFIED.,.F.,.F.,(6,6),(-0.0389567232585,0.),.UNSPECIFIED.);
#157=B_SPLINE_CURVE_WITH_KNOTS('',5,(#7732,#7733,#7734,#7735,#7736,#7737),
 .UNSPECIFIED.,.F.,.F.,(6,6),(-0.0389567232586,0.),.UNSPECIFIED.);
#158=B_SPLINE_CURVE_WITH_KNOTS('',5,(#7741,#7742,#7743,#7744,#7745,#7746),
 .UNSPECIFIED.,.F.,.F.,(6,6),(-0.0389567232523,0.),.UNSPECIFIED.);
#159=B_SPLINE_CURVE_WITH_KNOTS('',5,(#7751,#7752,#7753,#7754,#7755,#7756),
 .UNSPECIFIED.,.F.,.F.,(6,6),(-0.0389567232564,0.),.UNSPECIFIED.);
#160=B_SPLINE_CURVE_WITH_KNOTS('',3,(#7771,#7772,#7773,#7774,#7775,#7776,
#7777,#7778),.UNSPECIFIED.,.F.,.F.,(4,2,2,4),(2.21382304934691,2.24915761138107,
2.36961979057426,2.50515557376119),.UNSPECIFIED.);
#161=B_SPLINE_CURVE_WITH_KNOTS('',5,(#7792,#7793,#7794,#7795,#7796,#7797),
 .UNSPECIFIED.,.F.,.F.,(6,6),(0.,0.0389567232564),.UNSPECIFIED.);
#162=B_SPLINE_CURVE_WITH_KNOTS('',5,(#7803,#7804,#7805,#7806,#7807,#7808),
 .UNSPECIFIED.,.F.,.F.,(6,6),(0.,0.0389567232523),.UNSPECIFIED.);
#163=B_SPLINE_CURVE_WITH_KNOTS('',5,(#7812,#7813,#7814,#7815,#7816,#7817),
 .UNSPECIFIED.,.F.,.F.,(6,6),(0.,0.0389567232586),.UNSPECIFIED.);
#164=B_SPLINE_CURVE_WITH_KNOTS('',5,(#7823,#7824,#7825,#7826,#7827,#7828),
 .UNSPECIFIED.,.F.,.F.,(6,6),(0.,0.0389567232585),.UNSPECIFIED.);
#165=B_SPLINE_CURVE_WITH_KNOTS('',5,(#7832,#7833,#7834,#7835,#7836,#7837),
 .UNSPECIFIED.,.F.,.F.,(6,6),(0.,0.0389567232553),.UNSPECIFIED.);
#166=B_SPLINE_CURVE_WITH_KNOTS('',5,(#7843,#7844,#7845,#7846,#7847,#7848),
 .UNSPECIFIED.,.F.,.F.,(6,6),(0.,0.0389567232497),.UNSPECIFIED.);
#167=B_SPLINE_CURVE_WITH_KNOTS('',3,(#7852,#7853,#7854,#7855),
 .UNSPECIFIED.,.F.,.F.,(4,4),(0.,0.0550929492251),.UNSPECIFIED.);
#168=B_SPLINE_CURVE_WITH_KNOTS('',5,(#7861,#7862,#7863,#7864,#7865,#7866),
 .UNSPECIFIED.,.F.,.F.,(6,6),(0.,0.0389567232517),.UNSPECIFIED.);
#169=B_SPLINE_CURVE_WITH_KNOTS('',3,(#7870,#7871,#7872,#7873),
 .UNSPECIFIED.,.F.,.F.,(4,4),(0.,0.0550929492145612),.UNSPECIFIED.);
#170=B_SPLINE_CURVE_WITH_KNOTS('',3,(#7879,#7880,#7881,#7882),
 .UNSPECIFIED.,.F.,.F.,(4,4),(6.75397683223831E-14,0.0550929492222),
 .UNSPECIFIED.);
#171=B_SPLINE_CURVE_WITH_KNOTS('',5,(#7886,#7887,#7888,#7889,#7890,#7891),
 .UNSPECIFIED.,.F.,.F.,(6,6),(0.,0.0389567232564),.UNSPECIFIED.);
#172=B_SPLINE_CURVE_WITH_KNOTS('',3,(#7897,#7898,#7899,#7900),
 .UNSPECIFIED.,.F.,.F.,(4,4),(0.,0.0550929492177),.UNSPECIFIED.);
#173=B_SPLINE_CURVE_WITH_KNOTS('',5,(#7906,#7907,#7908,#7909,#7910,#7911),
 .UNSPECIFIED.,.F.,.F.,(6,6),(0.,0.0389567232586),.UNSPECIFIED.);
#174=B_SPLINE_CURVE_WITH_KNOTS('',5,(#7917,#7918,#7919,#7920,#7921,#7922),
 .UNSPECIFIED.,.F.,.F.,(6,6),(0.,0.0389567232585),.UNSPECIFIED.);
#175=B_SPLINE_CURVE_WITH_KNOTS('',5,(#7926,#7927,#7928,#7929,#7930,#7931),
 .UNSPECIFIED.,.F.,.F.,(6,6),(0.,0.0389567232553),.UNSPECIFIED.);
#176=B_SPLINE_CURVE_WITH_KNOTS('',3,(#8101,#8102,#8103,#8104,#8105,#8106),
 .UNSPECIFIED.,.F.,.F.,(4,2,4),(-0.00278261708864495,-0.00139130854430223,
0.),.UNSPECIFIED.);
#177=B_SPLINE_CURVE_WITH_KNOTS('',3,(#8120,#8121,#8122,#8123),
 .UNSPECIFIED.,.F.,.F.,(4,4),(-0.00278247893206672,0.),.UNSPECIFIED.);
#178=B_SPLINE_CURVE_WITH_KNOTS('',3,(#8127,#8128,#8129,#8130),
 .UNSPECIFIED.,.F.,.F.,(4,4),(-0.00278282280345843,0.),.UNSPECIFIED.);
#179=B_SPLINE_CURVE_WITH_KNOTS('',3,(#8136,#8137,#8138,#8139),
 .UNSPECIFIED.,.F.,.F.,(4,4),(-0.00278247883166239,0.),.UNSPECIFIED.);
#180=B_SPLINE_CURVE_WITH_KNOTS('',3,(#8143,#8144,#8145,#8146,#8147,#8148),
 .UNSPECIFIED.,.F.,.F.,(4,2,4),(-0.00278261715844971,-0.00139130857933951,
0.),.UNSPECIFIED.);
#181=B_SPLINE_CURVE_WITH_KNOTS('',3,(#8154,#8155,#8156,#8157),
 .UNSPECIFIED.,.F.,.F.,(4,4),(-0.00278247885882979,0.),.UNSPECIFIED.);
#182=B_SPLINE_CURVE_WITH_KNOTS('',3,(#8161,#8162,#8163,#8164,#8165,#8166),
 .UNSPECIFIED.,.F.,.F.,(4,2,4),(-0.002782617158805,-0.00139130857922618,
0.),.UNSPECIFIED.);
#183=B_SPLINE_CURVE_WITH_KNOTS('',3,(#8172,#8173,#8174,#8175,#8176,#8177),
 .UNSPECIFIED.,.F.,.F.,(4,2,4),(-0.00278261708796296,-0.00139130854429329,
0.),.UNSPECIFIED.);
#184=B_SPLINE_CURVE_WITH_KNOTS('',3,(#8181,#8182,#8183,#8184),
 .UNSPECIFIED.,.F.,.F.,(4,4),(-0.00278282272992994,0.),.UNSPECIFIED.);
#185=B_SPLINE_CURVE_WITH_KNOTS('',3,(#8205,#8206,#8207,#8208,#8209,#8210),
 .UNSPECIFIED.,.F.,.F.,(4,2,4),(-0.00278261708853255,-0.00139130854428652,
0.),.UNSPECIFIED.);
#186=B_SPLINE_CURVE_WITH_KNOTS('',3,(#8216,#8217,#8218,#8219),
 .UNSPECIFIED.,.F.,.F.,(4,4),(-0.00278247897734002,0.),.UNSPECIFIED.);
#187=B_SPLINE_CURVE_WITH_KNOTS('',3,(#8223,#8224,#8225,#8226,#8227,#8228),
 .UNSPECIFIED.,.F.,.F.,(4,2,4),(-0.0027826170891953,-0.0013913085444256,
0.),.UNSPECIFIED.);
#188=B_SPLINE_CURVE_WITH_KNOTS('',3,(#8234,#8235,#8236,#8237,#8238,#8239),
 .UNSPECIFIED.,.F.,.F.,(4,2,4),(-0.00278261715743897,-0.00139130857889661,
0.),.UNSPECIFIED.);
#189=B_SPLINE_CURVE_WITH_KNOTS('',3,(#8243,#8244,#8245,#8246),
 .UNSPECIFIED.,.F.,.F.,(4,4),(-0.00278282302412541,0.),.UNSPECIFIED.);
#190=B_SPLINE_CURVE_WITH_KNOTS('',3,(#8252,#8253,#8254,#8255,#8256,#8257),
 .UNSPECIFIED.,.F.,.F.,(4,2,4),(-0.00278261715908556,-0.00139130857942802,
0.),.UNSPECIFIED.);
#191=B_SPLINE_CURVE_WITH_KNOTS('',3,(#8261,#8262,#8263,#8264),
 .UNSPECIFIED.,.F.,.F.,(4,4),(-0.00278282285980624,0.),.UNSPECIFIED.);
#192=B_SPLINE_CURVE_WITH_KNOTS('',3,(#8270,#8271,#8272,#8273),
 .UNSPECIFIED.,.F.,.F.,(4,4),(-0.00278247891840297,0.),.UNSPECIFIED.);
#193=B_SPLINE_CURVE_WITH_KNOTS('',3,(#8277,#8278,#8279,#8280),
 .UNSPECIFIED.,.F.,.F.,(4,4),(-0.00278282286884683,0.),.UNSPECIFIED.);
#194=B_SPLINE_CURVE_WITH_KNOTS('',3,(#8656,#8657,#8658,#8659,#8660,#8661,
#8662,#8663,#8664,#8665),.UNSPECIFIED.,.F.,.F.,(4,2,2,2,4),(0.310876990380967,
0.328877994080969,0.347677155978003,0.367535468536745,0.388414092618245),
 .UNSPECIFIED.);
#195=B_SPLINE_CURVE_WITH_KNOTS('',3,(#8692,#8693,#8694,#8695),
 .UNSPECIFIED.,.F.,.F.,(4,4),(-0.0641142775085344,0.),.UNSPECIFIED.);
#196=B_SPLINE_CURVE_WITH_KNOTS('',3,(#8698,#8699,#8700,#8701),
 .UNSPECIFIED.,.F.,.F.,(4,4),(0.,0.0641142775085344),.UNSPECIFIED.);
#197=B_SPLINE_CURVE_WITH_KNOTS('',3,(#8735,#8736,#8737,#8738,#8739,#8740),
 .UNSPECIFIED.,.F.,.F.,(4,1,1,4),(-0.126707410645807,-0.0905052933184351,
-0.0543031759910633,-5.64814462850221E-15),.UNSPECIFIED.);
#198=B_SPLINE_CURVE_WITH_KNOTS('',3,(#8741,#8742,#8743,#8744,#8745,#8746),
 .UNSPECIFIED.,.F.,.F.,(4,1,1,4),(5.64814462850221E-15,0.0543031759910633,
0.0905052933184351,0.126707410645807),.UNSPECIFIED.);
#199=B_SPLINE_CURVE_WITH_KNOTS('',3,(#8781,#8782,#8783,#8784,#8785),
 .UNSPECIFIED.,.F.,.F.,(4,1,4),(-0.239964725801404,-0.102842025343459,0.),
 .UNSPECIFIED.);
#200=B_SPLINE_CURVE_WITH_KNOTS('',3,(#8786,#8787,#8788,#8789,#8790),
 .UNSPECIFIED.,.F.,.F.,(4,1,4),(0.,0.102842025343459,0.239964725801404),
 .UNSPECIFIED.);
#201=B_SPLINE_CURVE_WITH_KNOTS('',3,(#8869,#8870,#8871,#8872,#8873,#8874,
#8875,#8876,#8877,#8878),.UNSPECIFIED.,.F.,.F.,(4,2,2,2,4),(1.55480359363564,
1.69033937682256,1.81080155601576,1.92275035421977,2.02997958369841),
 .UNSPECIFIED.);
#202=B_SPLINE_CURVE_WITH_KNOTS('',3,(#8926,#8927,#8928,#8929,#8930,#8931,
#8932,#8933,#8934,#8935),.UNSPECIFIED.,.F.,.F.,(4,2,2,2,4),(0.155737110317248,
0.198611055945295,0.239657775364074,0.27780398667807,0.313330132716358),
 .UNSPECIFIED.);
#203=B_SPLINE_CURVE_WITH_KNOTS('',3,(#8941,#8942,#8943,#8944,#8945,#8946),
 .UNSPECIFIED.,.F.,.F.,(4,2,4),(0.169185886469406,0.223148408555601,0.241074004347562),
 .UNSPECIFIED.);
#204=B_SPLINE_CURVE_WITH_KNOTS('',3,(#8952,#8953,#8954,#8955,#8956,#8957),
 .UNSPECIFIED.,.F.,.F.,(4,2,4),(0.571903629999454,0.581995466601179,0.699558285734088),
 .UNSPECIFIED.);
#205=B_SPLINE_CURVE_WITH_KNOTS('',3,(#8963,#8964,#8965,#8966,#8967,#8968,
#8969,#8970),.UNSPECIFIED.,.F.,.F.,(4,2,2,4),(-0.106138883823775,-0.0548086328414994,
0.,0.000648132441724532),.UNSPECIFIED.);
#206=B_SPLINE_CURVE_WITH_KNOTS('',3,(#8974,#8975,#8976,#8977,#8978,#8979,
#8980),.UNSPECIFIED.,.F.,.F.,(4,3,4),(-0.0810150370970208,0.,0.0810150370970207),
 .UNSPECIFIED.);
#207=B_SPLINE_CURVE_WITH_KNOTS('',3,(#8988,#8989,#8990,#8991,#8992,#8993,
#8994,#8995,#8996,#8997),.UNSPECIFIED.,.F.,.F.,(4,2,2,2,4),(0.,0.035248346354738,
0.0731077076686567,0.114878354007819,0.161397760661863),.UNSPECIFIED.);
#208=B_SPLINE_CURVE_WITH_KNOTS('',3,(#9000,#9001,#9002,#9003,#9004,#9005),
 .UNSPECIFIED.,.F.,.F.,(4,2,4),(0.0796034161024975,0.122656797252975,0.194671730117877),
 .UNSPECIFIED.);
#209=B_SPLINE_CURVE_WITH_KNOTS('',3,(#9011,#9012,#9013,#9014,#9015,#9016,
#9017,#9018,#9019,#9020,#9021),.UNSPECIFIED.,.F.,.F.,(4,2,3,2,4),(1.53246431363037,
1.5936448711778,1.69432634066776,1.79500781015772,1.85618836770515),
 .UNSPECIFIED.);
#210=B_SPLINE_CURVE_WITH_KNOTS('',3,(#9030,#9031,#9032,#9033,#9034,#9035,
#9036,#9037,#9038,#9039,#9040),.UNSPECIFIED.,.F.,.F.,(4,2,3,2,4),(1.53246431363037,
1.5936448711778,1.69432634066776,1.79500781015772,1.85618836770515),
 .UNSPECIFIED.);
#211=B_SPLINE_CURVE_WITH_KNOTS('',3,(#9144,#9145,#9146,#9147,#9148,#9149,
#9150,#9151,#9152,#9153),.UNSPECIFIED.,.F.,.F.,(4,2,2,2,4),(0.470245007552632,
0.51247716213877,0.552280946144688,0.589840506342947,0.625804853572018),
 .UNSPECIFIED.);
#212=B_SPLINE_CURVE_WITH_KNOTS('',3,(#9182,#9183,#9184,#9185),
 .UNSPECIFIED.,.F.,.F.,(4,4),(-0.126702060757197,-1.05368423010693E-16),
 .UNSPECIFIED.);
#213=B_SPLINE_CURVE_WITH_KNOTS('',3,(#9186,#9187,#9188,#9189),
 .UNSPECIFIED.,.F.,.F.,(4,4),(1.05368423010693E-16,0.126702060757197),
 .UNSPECIFIED.);
#214=B_SPLINE_CURVE_WITH_KNOTS('',3,(#9216,#9217,#9218,#9219,#9220),
 .UNSPECIFIED.,.F.,.F.,(4,1,4),(-0.165056569222739,-0.0707385296668882,
0.),.UNSPECIFIED.);
#215=B_SPLINE_CURVE_WITH_KNOTS('',3,(#9223,#9224,#9225,#9226,#9227),
 .UNSPECIFIED.,.F.,.F.,(4,1,4),(0.,0.0707385296668882,0.165056569222739),
 .UNSPECIFIED.);
#216=B_SPLINE_CURVE_WITH_KNOTS('',3,(#9260,#9261,#9262,#9263,#9264),
 .UNSPECIFIED.,.F.,.F.,(4,1,4),(-0.157721886633729,-0.0675950942715981,
0.),.UNSPECIFIED.);
#217=B_SPLINE_CURVE_WITH_KNOTS('',3,(#9267,#9268,#9269,#9270,#9271),
 .UNSPECIFIED.,.F.,.F.,(4,1,4),(0.,0.0675950942715981,0.157721886633729),
 .UNSPECIFIED.);
#218=B_SPLINE_CURVE_WITH_KNOTS('',3,(#9329,#9330,#9331,#9332,#9333,#9334,
#9335,#9336,#9337,#9338),.UNSPECIFIED.,.F.,.F.,(4,2,2,2,4),(0.494203660286028,
0.540723066940071,0.582493713279234,0.620353074593153,0.655601420947891),
 .UNSPECIFIED.);
#219=B_SPLINE_CURVE_WITH_KNOTS('',3,(#9351,#9352,#9353,#9354,#9355,#9356,
#9357,#9358,#9359,#9360),.UNSPECIFIED.,.F.,.F.,(4,2,2,2,4),(2.02997958369841,
2.13720881317706,2.24915761138107,2.36961979057426,2.50515557376119),
 .UNSPECIFIED.);
#220=B_SPLINE_CURVE_WITH_KNOTS('',3,(#9409,#9410,#9411,#9412,#9413,#9414,
#9415),.UNSPECIFIED.,.F.,.F.,(4,3,4),(-0.0811015564896261,0.,0.0811015564896262),
 .UNSPECIFIED.);
#221=B_SPLINE_CURVE_WITH_KNOTS('',3,(#9419,#9420,#9421,#9422,#9423,#9424,
#9425,#9426),.UNSPECIFIED.,.F.,.F.,(4,2,2,4),(0.,0.05104129302103,0.105541386735938,
0.106185870587858),.UNSPECIFIED.);
#222=B_SPLINE_CURVE_WITH_KNOTS('',3,(#9432,#9433,#9434,#9435,#9436,#9437,
#9438),.UNSPECIFIED.,.F.,.F.,(4,3,4),(1.15042226622498,1.21730671746329,
1.29831459588159),.UNSPECIFIED.);
#223=B_SPLINE_CURVE_WITH_KNOTS('',3,(#9442,#9443,#9444,#9445),
 .UNSPECIFIED.,.F.,.F.,(4,4),(0.470772567442902,0.474838827139048),
 .UNSPECIFIED.);
#224=B_SPLINE_CURVE_WITH_KNOTS('',3,(#9446,#9447,#9448,#9449,#9450,#9451),
 .UNSPECIFIED.,.F.,.F.,(4,2,4),(0.429144682628136,0.469963128436157,0.520583507194742),
 .UNSPECIFIED.);
#225=B_SPLINE_CURVE_WITH_KNOTS('',3,(#9453,#9454,#9455,#9456,#9457,#9458,
#9459,#9460,#9461,#9462),.UNSPECIFIED.,.F.,.F.,(4,2,2,2,4),(0.,0.0332644074051893,
0.0665288148103787,0.0891991513795393,0.1118694879487),.UNSPECIFIED.);
#226=B_SPLINE_CURVE_WITH_KNOTS('',3,(#9470,#9471,#9472,#9473,#9474,#9475),
 .UNSPECIFIED.,.F.,.F.,(4,2,4),(0.6812823249842,0.753297257849101,0.796350638999579),
 .UNSPECIFIED.);
#227=B_SPLINE_CURVE_WITH_KNOTS('',3,(#9489,#9490,#9491,#9492,#9493,#9494,
#9495,#9496,#9497,#9498),.UNSPECIFIED.,.F.,.F.,(4,2,2,2,4),(0.685301143296489,
0.746481700843916,0.847163170333879,0.947844639823842,1.00902519737127),
 .UNSPECIFIED.);
#228=B_SPLINE_CURVE_WITH_KNOTS('',3,(#9697,#9698,#9699,#9700,#9701,#9702,
#9703,#9704),.UNSPECIFIED.,.F.,.F.,(4,2,2,4),(-0.112900054078949,-0.0735239074273304,
-0.0359643472290714,0.),.UNSPECIFIED.);
#229=B_SPLINE_CURVE_WITH_KNOTS('',3,(#9708,#9709,#9710,#9711,#9712,#9713,
#9714,#9715),.UNSPECIFIED.,.F.,.F.,(4,2,2,4),(0.,0.0359643472290714,0.0735239074273304,
0.112900054078949),.UNSPECIFIED.);
#230=B_SPLINE_CURVE_WITH_KNOTS('',3,(#9717,#9718,#9719,#9720),
 .UNSPECIFIED.,.F.,.F.,(4,4),(-0.391035432782333,-0.289720121621517),
 .UNSPECIFIED.);
#231=B_SPLINE_CURVE_WITH_KNOTS('',3,(#9723,#9724,#9725,#9726),
 .UNSPECIFIED.,.F.,.F.,(4,4),(0.289720121621517,0.391035432782333),
 .UNSPECIFIED.);
#232=B_SPLINE_CURVE_WITH_KNOTS('',3,(#9733,#9734,#9735,#9736,#9737,#9738,
#9739,#9740,#9741,#9742,#9743),.UNSPECIFIED.,.F.,.F.,(4,2,3,2,4),(-0.406257207470877,
-0.381481033655749,0.,0.381481033655749,0.406257207470877),
 .UNSPECIFIED.);
#233=B_SPLINE_CURVE_WITH_KNOTS('',3,(#9747,#9748,#9749,#9750,#9751,#9752),
 .UNSPECIFIED.,.F.,.F.,(4,2,4),(2.02997958369841,2.13720881317706,2.21382304934691),
 .UNSPECIFIED.);
#234=B_SPLINE_CURVE_WITH_KNOTS('',3,(#9756,#9757,#9758,#9759,#9760,#9761),
 .UNSPECIFIED.,.F.,.F.,(4,2,4),(1.84614146565249,1.92275570182209,2.02998493130074),
 .UNSPECIFIED.);
#235=SHAPE_REPRESENTATION_RELATIONSHIP('SRR','None',#9850,#244);
#236=SHAPE_REPRESENTATION_RELATIONSHIP('SRR','None',#9851,#245);
#237=SHAPE_REPRESENTATION_RELATIONSHIP('SRR','None',#9852,#246);
#238=SHAPE_REPRESENTATION_RELATIONSHIP('SRR','None',#9853,#247);
#239=SHAPE_REPRESENTATION_RELATIONSHIP('SRR','None',#9854,#248);
#240=SHAPE_REPRESENTATION_RELATIONSHIP('SRR','None',#9855,#249);
#241=SHAPE_REPRESENTATION_RELATIONSHIP('SRR','None',#9856,#250);
#242=SHAPE_REPRESENTATION_RELATIONSHIP('SRR','None',#9857,#251);
#243=SHAPE_REPRESENTATION_RELATIONSHIP('SRR','None',#9858,#252);
#244=ADVANCED_BREP_SHAPE_REPRESENTATION('',(#263),#9797);
#245=ADVANCED_BREP_SHAPE_REPRESENTATION('',(#264),#9798);
#246=ADVANCED_BREP_SHAPE_REPRESENTATION('',(#265),#9799);
#247=ADVANCED_BREP_SHAPE_REPRESENTATION('',(#266),#9800);
#248=ADVANCED_BREP_SHAPE_REPRESENTATION('',(#267),#9801);
#249=ADVANCED_BREP_SHAPE_REPRESENTATION('',(#268),#9802);
#250=ADVANCED_BREP_SHAPE_REPRESENTATION('',(#269),#9803);
#251=ADVANCED_BREP_SHAPE_REPRESENTATION('',(#270),#9804);
#252=ADVANCED_BREP_SHAPE_REPRESENTATION('',(#271),#9805);
#253=STYLED_ITEM('',(#9905),#263);
#254=STYLED_ITEM('',(#9906),#264);
#255=STYLED_ITEM('',(#9906),#265);
#256=STYLED_ITEM('',(#9907),#266);
#257=STYLED_ITEM('',(#9907),#267);
#258=STYLED_ITEM('',(#9907),#268);
#259=STYLED_ITEM('',(#9908),#269);
#260=STYLED_ITEM('',(#9909),#270);
#261=STYLED_ITEM('',(#9904),#271);
#262=STYLED_ITEM('',(#9910),#12);
#263=MANIFOLD_SOLID_BREP('Body1',#5195);
#264=MANIFOLD_SOLID_BREP('Body1',#5196);
#265=MANIFOLD_SOLID_BREP('Body1',#5197);
#266=MANIFOLD_SOLID_BREP('Middle Gear',#5198);
#267=MANIFOLD_SOLID_BREP('Pyramid Side Cover',#5199);
#268=MANIFOLD_SOLID_BREP('V Side Cover',#5200);
#269=MANIFOLD_SOLID_BREP('Cable- Pyr Side',#5201);
#270=MANIFOLD_SOLID_BREP('Cable- V Side',#5202);
#271=MANIFOLD_SOLID_BREP('Middle Gear',#5203);
#272=CONICAL_SURFACE('',#5321,0.714285714285714,0.708626272127227);
#273=CONICAL_SURFACE('',#5325,0.714285714285714,0.708626272127227);
#274=CONICAL_SURFACE('',#5462,2.,1.19028994968253);
#275=CONICAL_SURFACE('',#5466,2.,1.19028994968253);
#276=CONICAL_SURFACE('',#5470,1.99999993983255,1.19028987447325);
#277=CONICAL_SURFACE('',#5474,2.,1.19028994968253);
#278=CONICAL_SURFACE('',#5478,2.,1.19028994968253);
#279=CONICAL_SURFACE('',#5482,2.,1.19028994968253);
#280=FACE_BOUND('',#735,.T.);
#281=FACE_BOUND('',#737,.T.);
#282=FACE_BOUND('',#744,.T.);
#283=FACE_BOUND('',#748,.T.);
#284=FACE_BOUND('',#758,.T.);
#285=FACE_BOUND('',#762,.T.);
#286=FACE_BOUND('',#773,.T.);
#287=FACE_BOUND('',#774,.T.);
#288=FACE_BOUND('',#775,.T.);
#289=FACE_BOUND('',#776,.T.);
#290=FACE_BOUND('',#777,.T.);
#291=FACE_BOUND('',#778,.T.);
#292=FACE_BOUND('',#783,.T.);
#293=FACE_BOUND('',#784,.T.);
#294=FACE_BOUND('',#785,.T.);
#295=FACE_BOUND('',#786,.T.);
#296=FACE_BOUND('',#787,.T.);
#297=FACE_BOUND('',#788,.T.);
#298=FACE_BOUND('',#807,.T.);
#299=FACE_BOUND('',#810,.T.);
#300=FACE_BOUND('',#813,.T.);
#301=FACE_BOUND('',#816,.T.);
#302=FACE_BOUND('',#819,.T.);
#303=FACE_BOUND('',#822,.T.);
#304=FACE_BOUND('',#826,.T.);
#305=FACE_BOUND('',#829,.T.);
#306=FACE_BOUND('',#832,.T.);
#307=FACE_BOUND('',#835,.T.);
#308=FACE_BOUND('',#838,.T.);
#309=FACE_BOUND('',#841,.T.);
#310=FACE_BOUND('',#843,.T.);
#311=FACE_BOUND('',#848,.T.);
#312=FACE_BOUND('',#940,.T.);
#313=FACE_BOUND('',#961,.T.);
#314=FACE_BOUND('',#964,.T.);
#315=FACE_BOUND('',#967,.T.);
#316=FACE_BOUND('',#972,.T.);
#317=FACE_BOUND('',#991,.T.);
#318=FACE_BOUND('',#992,.T.);
#319=FACE_BOUND('',#996,.T.);
#320=FACE_BOUND('',#1021,.T.);
#321=FACE_BOUND('',#1024,.T.);
#322=FACE_BOUND('',#1027,.T.);
#323=PLANE('',#5314);
#324=PLANE('',#5316);
#325=PLANE('',#5327);
#326=PLANE('',#5329);
#327=PLANE('',#5335);
#328=PLANE('',#5336);
#329=PLANE('',#5337);
#330=PLANE('',#5338);
#331=PLANE('',#5339);
#332=PLANE('',#5340);
#333=PLANE('',#5341);
#334=PLANE('',#5342);
#335=PLANE('',#5344);
#336=PLANE('',#5346);
#337=PLANE('',#5352);
#338=PLANE('',#5353);
#339=PLANE('',#5354);
#340=PLANE('',#5355);
#341=PLANE('',#5356);
#342=PLANE('',#5357);
#343=PLANE('',#5358);
#344=PLANE('',#5359);
#345=PLANE('',#5361);
#346=PLANE('',#5362);
#347=PLANE('',#5363);
#348=PLANE('',#5401);
#349=PLANE('',#5402);
#350=PLANE('',#5435);
#351=PLANE('',#5436);
#352=PLANE('',#5437);
#353=PLANE('',#5438);
#354=PLANE('',#5439);
#355=PLANE('',#5440);
#356=PLANE('',#5441);
#357=PLANE('',#5442);
#358=PLANE('',#5443);
#359=PLANE('',#5444);
#360=PLANE('',#5460);
#361=PLANE('',#5464);
#362=PLANE('',#5468);
#363=PLANE('',#5472);
#364=PLANE('',#5476);
#365=PLANE('',#5480);
#366=PLANE('',#5486);
#367=PLANE('',#5489);
#368=PLANE('',#5492);
#369=PLANE('',#5495);
#370=PLANE('',#5498);
#371=PLANE('',#5501);
#372=PLANE('',#5502);
#373=PLANE('',#5519);
#374=PLANE('',#5522);
#375=PLANE('',#5523);
#376=PLANE('',#5567);
#377=PLANE('',#5568);
#378=PLANE('',#5572);
#379=PLANE('',#5582);
#380=PLANE('',#5605);
#381=PLANE('',#5606);
#382=PLANE('',#5610);
#383=PLANE('',#5613);
#384=PLANE('',#5629);
#385=PLANE('',#5631);
#386=PLANE('',#5652);
#387=PLANE('',#5655);
#388=PLANE('',#5662);
#389=PLANE('',#5663);
#390=PLANE('',#5664);
#391=PLANE('',#5665);
#392=PLANE('',#5666);
#393=PLANE('',#5667);
#394=PLANE('',#5668);
#395=PLANE('',#5671);
#396=PLANE('',#5675);
#397=PLANE('',#5679);
#398=PLANE('',#5684);
#399=PLANE('',#5685);
#400=PLANE('',#5686);
#401=PLANE('',#5687);
#402=PLANE('',#5688);
#403=PLANE('',#5689);
#404=PLANE('',#5690);
#405=PLANE('',#5691);
#406=PLANE('',#5716);
#407=PLANE('',#5725);
#408=PLANE('',#5727);
#409=PLANE('',#5739);
#410=PLANE('',#5750);
#411=PLANE('',#5755);
#412=PLANE('',#5762);
#413=PLANE('',#5763);
#414=PLANE('',#5764);
#415=PLANE('',#5765);
#416=PLANE('',#5766);
#417=PLANE('',#5767);
#418=PLANE('',#5770);
#419=PLANE('',#5774);
#420=PLANE('',#5778);
#421=PLANE('',#5783);
#422=PLANE('',#5784);
#423=PLANE('',#5785);
#424=PLANE('',#5786);
#425=PLANE('',#5787);
#426=PLANE('',#5788);
#427=PLANE('',#5789);
#428=PLANE('',#5790);
#429=PLANE('',#5791);
#430=PLANE('',#5792);
#431=PLANE('',#5793);
#432=PLANE('',#5795);
#433=PLANE('',#5820);
#434=PLANE('',#5822);
#435=PLANE('',#5847);
#436=PLANE('',#5852);
#437=PLANE('',#5853);
#438=PLANE('',#5854);
#439=PLANE('',#5858);
#440=FACE_OUTER_BOUND('',#732,.T.);
#441=FACE_OUTER_BOUND('',#733,.T.);
#442=FACE_OUTER_BOUND('',#734,.T.);
#443=FACE_OUTER_BOUND('',#736,.T.);
#444=FACE_OUTER_BOUND('',#738,.T.);
#445=FACE_OUTER_BOUND('',#739,.T.);
#446=FACE_OUTER_BOUND('',#740,.T.);
#447=FACE_OUTER_BOUND('',#741,.T.);
#448=FACE_OUTER_BOUND('',#742,.T.);
#449=FACE_OUTER_BOUND('',#743,.T.);
#450=FACE_OUTER_BOUND('',#745,.T.);
#451=FACE_OUTER_BOUND('',#746,.T.);
#452=FACE_OUTER_BOUND('',#747,.T.);
#453=FACE_OUTER_BOUND('',#749,.T.);
#454=FACE_OUTER_BOUND('',#750,.T.);
#455=FACE_OUTER_BOUND('',#751,.T.);
#456=FACE_OUTER_BOUND('',#752,.T.);
#457=FACE_OUTER_BOUND('',#753,.T.);
#458=FACE_OUTER_BOUND('',#754,.T.);
#459=FACE_OUTER_BOUND('',#755,.T.);
#460=FACE_OUTER_BOUND('',#756,.T.);
#461=FACE_OUTER_BOUND('',#757,.T.);
#462=FACE_OUTER_BOUND('',#759,.T.);
#463=FACE_OUTER_BOUND('',#760,.T.);
#464=FACE_OUTER_BOUND('',#761,.T.);
#465=FACE_OUTER_BOUND('',#763,.T.);
#466=FACE_OUTER_BOUND('',#764,.T.);
#467=FACE_OUTER_BOUND('',#765,.T.);
#468=FACE_OUTER_BOUND('',#766,.T.);
#469=FACE_OUTER_BOUND('',#767,.T.);
#470=FACE_OUTER_BOUND('',#768,.T.);
#471=FACE_OUTER_BOUND('',#769,.T.);
#472=FACE_OUTER_BOUND('',#770,.T.);
#473=FACE_OUTER_BOUND('',#771,.T.);
#474=FACE_OUTER_BOUND('',#772,.T.);
#475=FACE_OUTER_BOUND('',#779,.T.);
#476=FACE_OUTER_BOUND('',#780,.T.);
#477=FACE_OUTER_BOUND('',#781,.T.);
#478=FACE_OUTER_BOUND('',#782,.T.);
#479=FACE_OUTER_BOUND('',#789,.T.);
#480=FACE_OUTER_BOUND('',#790,.T.);
#481=FACE_OUTER_BOUND('',#791,.T.);
#482=FACE_OUTER_BOUND('',#792,.T.);
#483=FACE_OUTER_BOUND('',#793,.T.);
#484=FACE_OUTER_BOUND('',#794,.T.);
#485=FACE_OUTER_BOUND('',#795,.T.);
#486=FACE_OUTER_BOUND('',#796,.T.);
#487=FACE_OUTER_BOUND('',#797,.T.);
#488=FACE_OUTER_BOUND('',#798,.T.);
#489=FACE_OUTER_BOUND('',#799,.T.);
#490=FACE_OUTER_BOUND('',#800,.T.);
#491=FACE_OUTER_BOUND('',#801,.T.);
#492=FACE_OUTER_BOUND('',#802,.T.);
#493=FACE_OUTER_BOUND('',#803,.T.);
#494=FACE_OUTER_BOUND('',#804,.T.);
#495=FACE_OUTER_BOUND('',#805,.T.);
#496=FACE_OUTER_BOUND('',#806,.T.);
#497=FACE_OUTER_BOUND('',#808,.T.);
#498=FACE_OUTER_BOUND('',#809,.T.);
#499=FACE_OUTER_BOUND('',#811,.T.);
#500=FACE_OUTER_BOUND('',#812,.T.);
#501=FACE_OUTER_BOUND('',#814,.T.);
#502=FACE_OUTER_BOUND('',#815,.T.);
#503=FACE_OUTER_BOUND('',#817,.T.);
#504=FACE_OUTER_BOUND('',#818,.T.);
#505=FACE_OUTER_BOUND('',#820,.T.);
#506=FACE_OUTER_BOUND('',#821,.T.);
#507=FACE_OUTER_BOUND('',#823,.T.);
#508=FACE_OUTER_BOUND('',#824,.T.);
#509=FACE_OUTER_BOUND('',#825,.T.);
#510=FACE_OUTER_BOUND('',#827,.T.);
#511=FACE_OUTER_BOUND('',#828,.T.);
#512=FACE_OUTER_BOUND('',#830,.T.);
#513=FACE_OUTER_BOUND('',#831,.T.);
#514=FACE_OUTER_BOUND('',#833,.T.);
#515=FACE_OUTER_BOUND('',#834,.T.);
#516=FACE_OUTER_BOUND('',#836,.T.);
#517=FACE_OUTER_BOUND('',#837,.T.);
#518=FACE_OUTER_BOUND('',#839,.T.);
#519=FACE_OUTER_BOUND('',#840,.T.);
#520=FACE_OUTER_BOUND('',#842,.T.);
#521=FACE_OUTER_BOUND('',#844,.T.);
#522=FACE_OUTER_BOUND('',#845,.T.);
#523=FACE_OUTER_BOUND('',#846,.T.);
#524=FACE_OUTER_BOUND('',#847,.T.);
#525=FACE_OUTER_BOUND('',#849,.T.);
#526=FACE_OUTER_BOUND('',#850,.T.);
#527=FACE_OUTER_BOUND('',#851,.T.);
#528=FACE_OUTER_BOUND('',#852,.T.);
#529=FACE_OUTER_BOUND('',#853,.T.);
#530=FACE_OUTER_BOUND('',#854,.T.);
#531=FACE_OUTER_BOUND('',#855,.T.);
#532=FACE_OUTER_BOUND('',#856,.T.);
#533=FACE_OUTER_BOUND('',#857,.T.);
#534=FACE_OUTER_BOUND('',#858,.T.);
#535=FACE_OUTER_BOUND('',#859,.T.);
#536=FACE_OUTER_BOUND('',#860,.T.);
#537=FACE_OUTER_BOUND('',#861,.T.);
#538=FACE_OUTER_BOUND('',#862,.T.);
#539=FACE_OUTER_BOUND('',#863,.T.);
#540=FACE_OUTER_BOUND('',#864,.T.);
#541=FACE_OUTER_BOUND('',#865,.T.);
#542=FACE_OUTER_BOUND('',#866,.T.);
#543=FACE_OUTER_BOUND('',#867,.T.);
#544=FACE_OUTER_BOUND('',#868,.T.);
#545=FACE_OUTER_BOUND('',#869,.T.);
#546=FACE_OUTER_BOUND('',#870,.T.);
#547=FACE_OUTER_BOUND('',#871,.T.);
#548=FACE_OUTER_BOUND('',#872,.T.);
#549=FACE_OUTER_BOUND('',#873,.T.);
#550=FACE_OUTER_BOUND('',#874,.T.);
#551=FACE_OUTER_BOUND('',#875,.T.);
#552=FACE_OUTER_BOUND('',#876,.T.);
#553=FACE_OUTER_BOUND('',#877,.T.);
#554=FACE_OUTER_BOUND('',#878,.T.);
#555=FACE_OUTER_BOUND('',#879,.T.);
#556=FACE_OUTER_BOUND('',#880,.T.);
#557=FACE_OUTER_BOUND('',#881,.T.);
#558=FACE_OUTER_BOUND('',#882,.T.);
#559=FACE_OUTER_BOUND('',#883,.T.);
#560=FACE_OUTER_BOUND('',#884,.T.);
#561=FACE_OUTER_BOUND('',#885,.T.);
#562=FACE_OUTER_BOUND('',#886,.T.);
#563=FACE_OUTER_BOUND('',#887,.T.);
#564=FACE_OUTER_BOUND('',#888,.T.);
#565=FACE_OUTER_BOUND('',#889,.T.);
#566=FACE_OUTER_BOUND('',#890,.T.);
#567=FACE_OUTER_BOUND('',#891,.T.);
#568=FACE_OUTER_BOUND('',#892,.T.);
#569=FACE_OUTER_BOUND('',#893,.T.);
#570=FACE_OUTER_BOUND('',#894,.T.);
#571=FACE_OUTER_BOUND('',#895,.T.);
#572=FACE_OUTER_BOUND('',#896,.T.);
#573=FACE_OUTER_BOUND('',#897,.T.);
#574=FACE_OUTER_BOUND('',#898,.T.);
#575=FACE_OUTER_BOUND('',#899,.T.);
#576=FACE_OUTER_BOUND('',#900,.T.);
#577=FACE_OUTER_BOUND('',#901,.T.);
#578=FACE_OUTER_BOUND('',#902,.T.);
#579=FACE_OUTER_BOUND('',#903,.T.);
#580=FACE_OUTER_BOUND('',#904,.T.);
#581=FACE_OUTER_BOUND('',#905,.T.);
#582=FACE_OUTER_BOUND('',#906,.T.);
#583=FACE_OUTER_BOUND('',#907,.T.);
#584=FACE_OUTER_BOUND('',#908,.T.);
#585=FACE_OUTER_BOUND('',#909,.T.);
#586=FACE_OUTER_BOUND('',#910,.T.);
#587=FACE_OUTER_BOUND('',#911,.T.);
#588=FACE_OUTER_BOUND('',#912,.T.);
#589=FACE_OUTER_BOUND('',#913,.T.);
#590=FACE_OUTER_BOUND('',#914,.T.);
#591=FACE_OUTER_BOUND('',#915,.T.);
#592=FACE_OUTER_BOUND('',#916,.T.);
#593=FACE_OUTER_BOUND('',#917,.T.);
#594=FACE_OUTER_BOUND('',#918,.T.);
#595=FACE_OUTER_BOUND('',#919,.T.);
#596=FACE_OUTER_BOUND('',#920,.T.);
#597=FACE_OUTER_BOUND('',#921,.T.);
#598=FACE_OUTER_BOUND('',#922,.T.);
#599=FACE_OUTER_BOUND('',#923,.T.);
#600=FACE_OUTER_BOUND('',#924,.T.);
#601=FACE_OUTER_BOUND('',#925,.T.);
#602=FACE_OUTER_BOUND('',#926,.T.);
#603=FACE_OUTER_BOUND('',#927,.T.);
#604=FACE_OUTER_BOUND('',#928,.T.);
#605=FACE_OUTER_BOUND('',#929,.T.);
#606=FACE_OUTER_BOUND('',#930,.T.);
#607=FACE_OUTER_BOUND('',#931,.T.);
#608=FACE_OUTER_BOUND('',#932,.T.);
#609=FACE_OUTER_BOUND('',#933,.T.);
#610=FACE_OUTER_BOUND('',#934,.T.);
#611=FACE_OUTER_BOUND('',#935,.T.);
#612=FACE_OUTER_BOUND('',#936,.T.);
#613=FACE_OUTER_BOUND('',#937,.T.);
#614=FACE_OUTER_BOUND('',#938,.T.);
#615=FACE_OUTER_BOUND('',#939,.T.);
#616=FACE_OUTER_BOUND('',#941,.T.);
#617=FACE_OUTER_BOUND('',#942,.T.);
#618=FACE_OUTER_BOUND('',#943,.T.);
#619=FACE_OUTER_BOUND('',#944,.T.);
#620=FACE_OUTER_BOUND('',#945,.T.);
#621=FACE_OUTER_BOUND('',#946,.T.);
#622=FACE_OUTER_BOUND('',#947,.T.);
#623=FACE_OUTER_BOUND('',#948,.T.);
#624=FACE_OUTER_BOUND('',#949,.T.);
#625=FACE_OUTER_BOUND('',#950,.T.);
#626=FACE_OUTER_BOUND('',#951,.T.);
#627=FACE_OUTER_BOUND('',#952,.T.);
#628=FACE_OUTER_BOUND('',#953,.T.);
#629=FACE_OUTER_BOUND('',#954,.T.);
#630=FACE_OUTER_BOUND('',#955,.T.);
#631=FACE_OUTER_BOUND('',#956,.T.);
#632=FACE_OUTER_BOUND('',#957,.T.);
#633=FACE_OUTER_BOUND('',#958,.T.);
#634=FACE_OUTER_BOUND('',#959,.T.);
#635=FACE_OUTER_BOUND('',#960,.T.);
#636=FACE_OUTER_BOUND('',#962,.T.);
#637=FACE_OUTER_BOUND('',#963,.T.);
#638=FACE_OUTER_BOUND('',#965,.T.);
#639=FACE_OUTER_BOUND('',#966,.T.);
#640=FACE_OUTER_BOUND('',#968,.T.);
#641=FACE_OUTER_BOUND('',#969,.T.);
#642=FACE_OUTER_BOUND('',#970,.T.);
#643=FACE_OUTER_BOUND('',#971,.T.);
#644=FACE_OUTER_BOUND('',#973,.T.);
#645=FACE_OUTER_BOUND('',#974,.T.);
#646=FACE_OUTER_BOUND('',#975,.T.);
#647=FACE_OUTER_BOUND('',#976,.T.);
#648=FACE_OUTER_BOUND('',#977,.T.);
#649=FACE_OUTER_BOUND('',#978,.T.);
#650=FACE_OUTER_BOUND('',#979,.T.);
#651=FACE_OUTER_BOUND('',#980,.T.);
#652=FACE_OUTER_BOUND('',#981,.T.);
#653=FACE_OUTER_BOUND('',#982,.T.);
#654=FACE_OUTER_BOUND('',#983,.T.);
#655=FACE_OUTER_BOUND('',#984,.T.);
#656=FACE_OUTER_BOUND('',#985,.T.);
#657=FACE_OUTER_BOUND('',#986,.T.);
#658=FACE_OUTER_BOUND('',#987,.T.);
#659=FACE_OUTER_BOUND('',#988,.T.);
#660=FACE_OUTER_BOUND('',#989,.T.);
#661=FACE_OUTER_BOUND('',#990,.T.);
#662=FACE_OUTER_BOUND('',#993,.T.);
#663=FACE_OUTER_BOUND('',#994,.T.);
#664=FACE_OUTER_BOUND('',#995,.T.);
#665=FACE_OUTER_BOUND('',#997,.T.);
#666=FACE_OUTER_BOUND('',#998,.T.);
#667=FACE_OUTER_BOUND('',#999,.T.);
#668=FACE_OUTER_BOUND('',#1000,.T.);
#669=FACE_OUTER_BOUND('',#1001,.T.);
#670=FACE_OUTER_BOUND('',#1002,.T.);
#671=FACE_OUTER_BOUND('',#1003,.T.);
#672=FACE_OUTER_BOUND('',#1004,.T.);
#673=FACE_OUTER_BOUND('',#1005,.T.);
#674=FACE_OUTER_BOUND('',#1006,.T.);
#675=FACE_OUTER_BOUND('',#1007,.T.);
#676=FACE_OUTER_BOUND('',#1008,.T.);
#677=FACE_OUTER_BOUND('',#1009,.T.);
#678=FACE_OUTER_BOUND('',#1010,.T.);
#679=FACE_OUTER_BOUND('',#1011,.T.);
#680=FACE_OUTER_BOUND('',#1012,.T.);
#681=FACE_OUTER_BOUND('',#1013,.T.);
#682=FACE_OUTER_BOUND('',#1014,.T.);
#683=FACE_OUTER_BOUND('',#1015,.T.);
#684=FACE_OUTER_BOUND('',#1016,.T.);
#685=FACE_OUTER_BOUND('',#1017,.T.);
#686=FACE_OUTER_BOUND('',#1018,.T.);
#687=FACE_OUTER_BOUND('',#1019,.T.);
#688=FACE_OUTER_BOUND('',#1020,.T.);
#689=FACE_OUTER_BOUND('',#1022,.T.);
#690=FACE_OUTER_BOUND('',#1023,.T.);
#691=FACE_OUTER_BOUND('',#1025,.T.);
#692=FACE_OUTER_BOUND('',#1026,.T.);
#693=FACE_OUTER_BOUND('',#1028,.T.);
#694=FACE_OUTER_BOUND('',#1029,.T.);
#695=FACE_OUTER_BOUND('',#1030,.T.);
#696=FACE_OUTER_BOUND('',#1031,.T.);
#697=FACE_OUTER_BOUND('',#1032,.T.);
#698=FACE_OUTER_BOUND('',#1033,.T.);
#699=FACE_OUTER_BOUND('',#1034,.T.);
#700=FACE_OUTER_BOUND('',#1035,.T.);
#701=FACE_OUTER_BOUND('',#1036,.T.);
#702=FACE_OUTER_BOUND('',#1037,.T.);
#703=FACE_OUTER_BOUND('',#1038,.T.);
#704=FACE_OUTER_BOUND('',#1039,.T.);
#705=FACE_OUTER_BOUND('',#1040,.T.);
#706=FACE_OUTER_BOUND('',#1041,.T.);
#707=FACE_OUTER_BOUND('',#1042,.T.);
#708=FACE_OUTER_BOUND('',#1043,.T.);
#709=FACE_OUTER_BOUND('',#1044,.T.);
#710=FACE_OUTER_BOUND('',#1045,.T.);
#711=FACE_OUTER_BOUND('',#1046,.T.);
#712=FACE_OUTER_BOUND('',#1047,.T.);
#713=FACE_OUTER_BOUND('',#1048,.T.);
#714=FACE_OUTER_BOUND('',#1049,.T.);
#715=FACE_OUTER_BOUND('',#1050,.T.);
#716=FACE_OUTER_BOUND('',#1051,.T.);
#717=FACE_OUTER_BOUND('',#1052,.T.);
#718=FACE_OUTER_BOUND('',#1053,.T.);
#719=FACE_OUTER_BOUND('',#1054,.T.);
#720=FACE_OUTER_BOUND('',#1055,.T.);
#721=FACE_OUTER_BOUND('',#1056,.T.);
#722=FACE_OUTER_BOUND('',#1057,.T.);
#723=FACE_OUTER_BOUND('',#1058,.T.);
#724=FACE_OUTER_BOUND('',#1059,.T.);
#725=FACE_OUTER_BOUND('',#1060,.T.);
#726=FACE_OUTER_BOUND('',#1061,.T.);
#727=FACE_OUTER_BOUND('',#1062,.T.);
#728=FACE_OUTER_BOUND('',#1063,.T.);
#729=FACE_OUTER_BOUND('',#1064,.T.);
#730=FACE_OUTER_BOUND('',#1065,.T.);
#731=FACE_OUTER_BOUND('',#1066,.T.);
#732=EDGE_LOOP('',(#3308,#3309,#3310,#3311));
#733=EDGE_LOOP('',(#3312,#3313,#3314,#3315,#3316,#3317));
#734=EDGE_LOOP('',(#3318));
#735=EDGE_LOOP('',(#3319));
#736=EDGE_LOOP('',(#3320));
#737=EDGE_LOOP('',(#3321));
#738=EDGE_LOOP('',(#3322,#3323,#3324,#3325,#3326));
#739=EDGE_LOOP('',(#3327,#3328,#3329,#3330,#3331,#3332));
#740=EDGE_LOOP('',(#3333,#3334,#3335,#3336,#3337));
#741=EDGE_LOOP('',(#3338,#3339,#3340,#3341,#3342,#3343));
#742=EDGE_LOOP('',(#3344));
#743=EDGE_LOOP('',(#3345));
#744=EDGE_LOOP('',(#3346));
#745=EDGE_LOOP('',(#3347,#3348,#3349,#3350));
#746=EDGE_LOOP('',(#3351,#3352,#3353,#3354));
#747=EDGE_LOOP('',(#3355));
#748=EDGE_LOOP('',(#3356,#3357,#3358,#3359,#3360,#3361));
#749=EDGE_LOOP('',(#3362,#3363,#3364,#3365));
#750=EDGE_LOOP('',(#3366,#3367,#3368,#3369));
#751=EDGE_LOOP('',(#3370,#3371,#3372,#3373));
#752=EDGE_LOOP('',(#3374,#3375,#3376,#3377,#3378,#3379));
#753=EDGE_LOOP('',(#3380,#3381,#3382,#3383));
#754=EDGE_LOOP('',(#3384,#3385,#3386,#3387));
#755=EDGE_LOOP('',(#3388,#3389,#3390,#3391));
#756=EDGE_LOOP('',(#3392));
#757=EDGE_LOOP('',(#3393));
#758=EDGE_LOOP('',(#3394));
#759=EDGE_LOOP('',(#3395,#3396,#3397,#3398));
#760=EDGE_LOOP('',(#3399,#3400,#3401,#3402));
#761=EDGE_LOOP('',(#3403));
#762=EDGE_LOOP('',(#3404,#3405,#3406,#3407,#3408,#3409));
#763=EDGE_LOOP('',(#3410,#3411,#3412,#3413));
#764=EDGE_LOOP('',(#3414,#3415,#3416,#3417));
#765=EDGE_LOOP('',(#3418,#3419,#3420,#3421));
#766=EDGE_LOOP('',(#3422,#3423,#3424,#3425,#3426,#3427));
#767=EDGE_LOOP('',(#3428,#3429,#3430,#3431));
#768=EDGE_LOOP('',(#3432,#3433,#3434,#3435));
#769=EDGE_LOOP('',(#3436,#3437,#3438,#3439));
#770=EDGE_LOOP('',(#3440,#3441,#3442,#3443));
#771=EDGE_LOOP('',(#3444,#3445,#3446,#3447));
#772=EDGE_LOOP('',(#3448,#3449,#3450,#3451,#3452,#3453,#3454,#3455,#3456,
#3457,#3458,#3459,#3460,#3461,#3462,#3463,#3464,#3465,#3466,#3467,#3468,
#3469,#3470,#3471,#3472,#3473,#3474,#3475,#3476,#3477,#3478,#3479,#3480,
#3481,#3482,#3483,#3484,#3485,#3486,#3487,#3488,#3489,#3490,#3491,#3492,
#3493,#3494,#3495,#3496,#3497,#3498,#3499,#3500,#3501,#3502,#3503,#3504,
#3505,#3506,#3507));
#773=EDGE_LOOP('',(#3508));
#774=EDGE_LOOP('',(#3509));
#775=EDGE_LOOP('',(#3510));
#776=EDGE_LOOP('',(#3511));
#777=EDGE_LOOP('',(#3512));
#778=EDGE_LOOP('',(#3513));
#779=EDGE_LOOP('',(#3514,#3515,#3516,#3517));
#780=EDGE_LOOP('',(#3518,#3519,#3520,#3521));
#781=EDGE_LOOP('',(#3522,#3523,#3524,#3525));
#782=EDGE_LOOP('',(#3526,#3527,#3528,#3529,#3530,#3531,#3532,#3533,#3534,
#3535,#3536,#3537,#3538,#3539,#3540,#3541,#3542,#3543,#3544,#3545,#3546,
#3547,#3548,#3549,#3550,#3551,#3552,#3553,#3554,#3555,#3556,#3557,#3558,
#3559,#3560,#3561,#3562,#3563,#3564,#3565,#3566,#3567,#3568,#3569,#3570,
#3571,#3572,#3573,#3574,#3575,#3576,#3577,#3578,#3579,#3580,#3581,#3582,
#3583,#3584,#3585));
#783=EDGE_LOOP('',(#3586));
#784=EDGE_LOOP('',(#3587));
#785=EDGE_LOOP('',(#3588));
#786=EDGE_LOOP('',(#3589));
#787=EDGE_LOOP('',(#3590));
#788=EDGE_LOOP('',(#3591));
#789=EDGE_LOOP('',(#3592,#3593,#3594,#3595));
#790=EDGE_LOOP('',(#3596,#3597,#3598,#3599));
#791=EDGE_LOOP('',(#3600,#3601,#3602,#3603));
#792=EDGE_LOOP('',(#3604,#3605,#3606,#3607));
#793=EDGE_LOOP('',(#3608,#3609,#3610,#3611));
#794=EDGE_LOOP('',(#3612,#3613,#3614,#3615));
#795=EDGE_LOOP('',(#3616,#3617,#3618,#3619));
#796=EDGE_LOOP('',(#3620,#3621,#3622,#3623));
#797=EDGE_LOOP('',(#3624,#3625,#3626,#3627));
#798=EDGE_LOOP('',(#3628,#3629,#3630,#3631));
#799=EDGE_LOOP('',(#3632,#3633,#3634,#3635));
#800=EDGE_LOOP('',(#3636,#3637,#3638,#3639));
#801=EDGE_LOOP('',(#3640,#3641,#3642,#3643));
#802=EDGE_LOOP('',(#3644,#3645,#3646,#3647));
#803=EDGE_LOOP('',(#3648,#3649,#3650,#3651));
#804=EDGE_LOOP('',(#3652,#3653,#3654,#3655));
#805=EDGE_LOOP('',(#3656,#3657,#3658,#3659));
#806=EDGE_LOOP('',(#3660));
#807=EDGE_LOOP('',(#3661));
#808=EDGE_LOOP('',(#3662,#3663,#3664,#3665));
#809=EDGE_LOOP('',(#3666));
#810=EDGE_LOOP('',(#3667));
#811=EDGE_LOOP('',(#3668,#3669,#3670,#3671));
#812=EDGE_LOOP('',(#3672));
#813=EDGE_LOOP('',(#3673));
#814=EDGE_LOOP('',(#3674,#3675,#3676,#3677));
#815=EDGE_LOOP('',(#3678));
#816=EDGE_LOOP('',(#3679));
#817=EDGE_LOOP('',(#3680,#3681,#3682,#3683));
#818=EDGE_LOOP('',(#3684));
#819=EDGE_LOOP('',(#3685));
#820=EDGE_LOOP('',(#3686,#3687,#3688,#3689));
#821=EDGE_LOOP('',(#3690));
#822=EDGE_LOOP('',(#3691));
#823=EDGE_LOOP('',(#3692,#3693,#3694,#3695));
#824=EDGE_LOOP('',(#3696,#3697,#3698,#3699));
#825=EDGE_LOOP('',(#3700));
#826=EDGE_LOOP('',(#3701));
#827=EDGE_LOOP('',(#3702,#3703,#3704,#3705));
#828=EDGE_LOOP('',(#3706));
#829=EDGE_LOOP('',(#3707));
#830=EDGE_LOOP('',(#3708,#3709,#3710,#3711));
#831=EDGE_LOOP('',(#3712));
#832=EDGE_LOOP('',(#3713));
#833=EDGE_LOOP('',(#3714,#3715,#3716,#3717));
#834=EDGE_LOOP('',(#3718));
#835=EDGE_LOOP('',(#3719));
#836=EDGE_LOOP('',(#3720,#3721,#3722,#3723));
#837=EDGE_LOOP('',(#3724));
#838=EDGE_LOOP('',(#3725));
#839=EDGE_LOOP('',(#3726,#3727,#3728,#3729));
#840=EDGE_LOOP('',(#3730));
#841=EDGE_LOOP('',(#3731));
#842=EDGE_LOOP('',(#3732,#3733,#3734,#3735,#3736,#3737,#3738,#3739,#3740,
#3741,#3742,#3743,#3744,#3745,#3746,#3747,#3748,#3749,#3750,#3751,#3752,
#3753,#3754,#3755,#3756,#3757,#3758));
#843=EDGE_LOOP('',(#3759));
#844=EDGE_LOOP('',(#3760,#3761,#3762,#3763));
#845=EDGE_LOOP('',(#3764,#3765,#3766,#3767));
#846=EDGE_LOOP('',(#3768,#3769,#3770,#3771));
#847=EDGE_LOOP('',(#3772,#3773,#3774,#3775,#3776,#3777,#3778,#3779,#3780,
#3781,#3782,#3783,#3784,#3785,#3786,#3787,#3788,#3789,#3790,#3791,#3792,
#3793,#3794,#3795,#3796,#3797,#3798));
#848=EDGE_LOOP('',(#3799));
#849=EDGE_LOOP('',(#3800,#3801,#3802,#3803));
#850=EDGE_LOOP('',(#3804,#3805,#3806,#3807));
#851=EDGE_LOOP('',(#3808,#3809,#3810,#3811));
#852=EDGE_LOOP('',(#3812,#3813,#3814,#3815));
#853=EDGE_LOOP('',(#3816,#3817,#3818,#3819));
#854=EDGE_LOOP('',(#3820,#3821,#3822,#3823));
#855=EDGE_LOOP('',(#3824,#3825,#3826,#3827));
#856=EDGE_LOOP('',(#3828,#3829,#3830,#3831));
#857=EDGE_LOOP('',(#3832,#3833,#3834,#3835));
#858=EDGE_LOOP('',(#3836,#3837,#3838,#3839));
#859=EDGE_LOOP('',(#3840,#3841,#3842,#3843));
#860=EDGE_LOOP('',(#3844,#3845,#3846,#3847));
#861=EDGE_LOOP('',(#3848,#3849,#3850,#3851));
#862=EDGE_LOOP('',(#3852,#3853,#3854,#3855));
#863=EDGE_LOOP('',(#3856,#3857,#3858,#3859));
#864=EDGE_LOOP('',(#3860,#3861,#3862,#3863));
#865=EDGE_LOOP('',(#3864,#3865,#3866,#3867));
#866=EDGE_LOOP('',(#3868,#3869,#3870,#3871));
#867=EDGE_LOOP('',(#3872,#3873,#3874,#3875));
#868=EDGE_LOOP('',(#3876,#3877,#3878,#3879));
#869=EDGE_LOOP('',(#3880,#3881,#3882,#3883));
#870=EDGE_LOOP('',(#3884,#3885,#3886,#3887));
#871=EDGE_LOOP('',(#3888,#3889,#3890,#3891));
#872=EDGE_LOOP('',(#3892,#3893,#3894,#3895));
#873=EDGE_LOOP('',(#3896,#3897,#3898,#3899));
#874=EDGE_LOOP('',(#3900,#3901,#3902,#3903));
#875=EDGE_LOOP('',(#3904,#3905,#3906,#3907));
#876=EDGE_LOOP('',(#3908,#3909,#3910,#3911));
#877=EDGE_LOOP('',(#3912,#3913,#3914,#3915));
#878=EDGE_LOOP('',(#3916,#3917,#3918,#3919));
#879=EDGE_LOOP('',(#3920,#3921,#3922,#3923));
#880=EDGE_LOOP('',(#3924,#3925,#3926,#3927));
#881=EDGE_LOOP('',(#3928,#3929,#3930,#3931));
#882=EDGE_LOOP('',(#3932,#3933,#3934,#3935));
#883=EDGE_LOOP('',(#3936,#3937,#3938,#3939));
#884=EDGE_LOOP('',(#3940,#3941,#3942,#3943));
#885=EDGE_LOOP('',(#3944,#3945,#3946,#3947));
#886=EDGE_LOOP('',(#3948,#3949,#3950,#3951));
#887=EDGE_LOOP('',(#3952,#3953,#3954,#3955));
#888=EDGE_LOOP('',(#3956,#3957,#3958,#3959));
#889=EDGE_LOOP('',(#3960,#3961,#3962,#3963));
#890=EDGE_LOOP('',(#3964,#3965,#3966,#3967));
#891=EDGE_LOOP('',(#3968,#3969,#3970,#3971));
#892=EDGE_LOOP('',(#3972,#3973,#3974,#3975));
#893=EDGE_LOOP('',(#3976,#3977,#3978,#3979));
#894=EDGE_LOOP('',(#3980,#3981,#3982,#3983));
#895=EDGE_LOOP('',(#3984,#3985,#3986,#3987));
#896=EDGE_LOOP('',(#3988,#3989,#3990,#3991));
#897=EDGE_LOOP('',(#3992,#3993,#3994,#3995));
#898=EDGE_LOOP('',(#3996,#3997,#3998,#3999));
#899=EDGE_LOOP('',(#4000,#4001,#4002,#4003));
#900=EDGE_LOOP('',(#4004,#4005,#4006,#4007));
#901=EDGE_LOOP('',(#4008,#4009,#4010,#4011));
#902=EDGE_LOOP('',(#4012,#4013,#4014,#4015));
#903=EDGE_LOOP('',(#4016,#4017,#4018,#4019));
#904=EDGE_LOOP('',(#4020,#4021,#4022,#4023));
#905=EDGE_LOOP('',(#4024,#4025,#4026,#4027));
#906=EDGE_LOOP('',(#4028,#4029,#4030,#4031));
#907=EDGE_LOOP('',(#4032,#4033,#4034,#4035));
#908=EDGE_LOOP('',(#4036,#4037,#4038,#4039,#4040,#4041));
#909=EDGE_LOOP('',(#4042,#4043,#4044,#4045,#4046,#4047,#4048,#4049));
#910=EDGE_LOOP('',(#4050,#4051,#4052,#4053));
#911=EDGE_LOOP('',(#4054,#4055,#4056,#4057));
#912=EDGE_LOOP('',(#4058,#4059,#4060,#4061));
#913=EDGE_LOOP('',(#4062,#4063,#4064,#4065));
#914=EDGE_LOOP('',(#4066,#4067,#4068,#4069));
#915=EDGE_LOOP('',(#4070,#4071,#4072,#4073));
#916=EDGE_LOOP('',(#4074,#4075,#4076,#4077));
#917=EDGE_LOOP('',(#4078,#4079,#4080,#4081));
#918=EDGE_LOOP('',(#4082,#4083,#4084,#4085));
#919=EDGE_LOOP('',(#4086,#4087,#4088,#4089));
#920=EDGE_LOOP('',(#4090,#4091,#4092,#4093));
#921=EDGE_LOOP('',(#4094,#4095,#4096,#4097));
#922=EDGE_LOOP('',(#4098,#4099,#4100,#4101));
#923=EDGE_LOOP('',(#4102,#4103,#4104,#4105));
#924=EDGE_LOOP('',(#4106,#4107,#4108,#4109));
#925=EDGE_LOOP('',(#4110,#4111,#4112,#4113));
#926=EDGE_LOOP('',(#4114,#4115,#4116,#4117,#4118));
#927=EDGE_LOOP('',(#4119,#4120,#4121,#4122,#4123,#4124,#4125,#4126));
#928=EDGE_LOOP('',(#4127,#4128,#4129,#4130,#4131));
#929=EDGE_LOOP('',(#4132,#4133,#4134,#4135));
#930=EDGE_LOOP('',(#4136,#4137,#4138,#4139,#4140));
#931=EDGE_LOOP('',(#4141,#4142,#4143,#4144,#4145));
#932=EDGE_LOOP('',(#4146,#4147,#4148,#4149));
#933=EDGE_LOOP('',(#4150,#4151,#4152,#4153));
#934=EDGE_LOOP('',(#4154,#4155,#4156,#4157));
#935=EDGE_LOOP('',(#4158,#4159,#4160));
#936=EDGE_LOOP('',(#4161,#4162,#4163));
#937=EDGE_LOOP('',(#4164,#4165,#4166,#4167,#4168,#4169,#4170,#4171,#4172,
#4173,#4174,#4175));
#938=EDGE_LOOP('',(#4176,#4177,#4178,#4179,#4180,#4181));
#939=EDGE_LOOP('',(#4182,#4183,#4184,#4185,#4186,#4187,#4188,#4189,#4190,
#4191,#4192));
#940=EDGE_LOOP('',(#4193));
#941=EDGE_LOOP('',(#4194,#4195,#4196,#4197,#4198,#4199));
#942=EDGE_LOOP('',(#4200,#4201,#4202,#4203,#4204));
#943=EDGE_LOOP('',(#4205,#4206,#4207,#4208));
#944=EDGE_LOOP('',(#4209,#4210,#4211,#4212));
#945=EDGE_LOOP('',(#4213,#4214,#4215));
#946=EDGE_LOOP('',(#4216,#4217,#4218,#4219,#4220,#4221));
#947=EDGE_LOOP('',(#4222,#4223,#4224,#4225,#4226));
#948=EDGE_LOOP('',(#4227,#4228,#4229,#4230,#4231));
#949=EDGE_LOOP('',(#4232,#4233,#4234,#4235));
#950=EDGE_LOOP('',(#4236,#4237,#4238,#4239,#4240,#4241,#4242,#4243));
#951=EDGE_LOOP('',(#4244,#4245,#4246,#4247,#4248,#4249,#4250,#4251,#4252,
#4253,#4254,#4255,#4256,#4257,#4258,#4259,#4260,#4261,#4262,#4263));
#952=EDGE_LOOP('',(#4264,#4265,#4266,#4267,#4268,#4269,#4270,#4271,#4272,
#4273,#4274,#4275));
#953=EDGE_LOOP('',(#4276,#4277,#4278,#4279,#4280));
#954=EDGE_LOOP('',(#4281,#4282,#4283,#4284));
#955=EDGE_LOOP('',(#4285,#4286,#4287,#4288));
#956=EDGE_LOOP('',(#4289,#4290,#4291,#4292));
#957=EDGE_LOOP('',(#4293,#4294,#4295,#4296));
#958=EDGE_LOOP('',(#4297,#4298,#4299,#4300));
#959=EDGE_LOOP('',(#4301,#4302,#4303,#4304,#4305,#4306));
#960=EDGE_LOOP('',(#4307));
#961=EDGE_LOOP('',(#4308));
#962=EDGE_LOOP('',(#4309,#4310,#4311,#4312,#4313,#4314));
#963=EDGE_LOOP('',(#4315));
#964=EDGE_LOOP('',(#4316));
#965=EDGE_LOOP('',(#4317,#4318,#4319,#4320,#4321,#4322));
#966=EDGE_LOOP('',(#4323));
#967=EDGE_LOOP('',(#4324));
#968=EDGE_LOOP('',(#4325,#4326,#4327,#4328,#4329));
#969=EDGE_LOOP('',(#4330,#4331,#4332,#4333));
#970=EDGE_LOOP('',(#4334,#4335,#4336,#4337,#4338));
#971=EDGE_LOOP('',(#4339,#4340,#4341,#4342,#4343,#4344,#4345,#4346,#4347,
#4348,#4349,#4350,#4351));
#972=EDGE_LOOP('',(#4352,#4353,#4354,#4355));
#973=EDGE_LOOP('',(#4356,#4357,#4358,#4359));
#974=EDGE_LOOP('',(#4360,#4361,#4362,#4363));
#975=EDGE_LOOP('',(#4364,#4365,#4366,#4367));
#976=EDGE_LOOP('',(#4368,#4369,#4370,#4371));
#977=EDGE_LOOP('',(#4372,#4373,#4374,#4375));
#978=EDGE_LOOP('',(#4376,#4377,#4378,#4379));
#979=EDGE_LOOP('',(#4380,#4381,#4382,#4383));
#980=EDGE_LOOP('',(#4384,#4385,#4386,#4387));
#981=EDGE_LOOP('',(#4388,#4389,#4390,#4391));
#982=EDGE_LOOP('',(#4392,#4393,#4394,#4395));
#983=EDGE_LOOP('',(#4396,#4397,#4398,#4399));
#984=EDGE_LOOP('',(#4400,#4401,#4402,#4403));
#985=EDGE_LOOP('',(#4404,#4405,#4406,#4407));
#986=EDGE_LOOP('',(#4408,#4409,#4410,#4411));
#987=EDGE_LOOP('',(#4412,#4413,#4414,#4415));
#988=EDGE_LOOP('',(#4416,#4417,#4418,#4419));
#989=EDGE_LOOP('',(#4420,#4421,#4422,#4423,#4424));
#990=EDGE_LOOP('',(#4425,#4426,#4427,#4428,#4429,#4430,#4431,#4432));
#991=EDGE_LOOP('',(#4433));
#992=EDGE_LOOP('',(#4434));
#993=EDGE_LOOP('',(#4435,#4436,#4437,#4438,#4439,#4440));
#994=EDGE_LOOP('',(#4441,#4442,#4443,#4444,#4445));
#995=EDGE_LOOP('',(#4446,#4447,#4448,#4449,#4450,#4451,#4452,#4453,#4454,
#4455,#4456,#4457));
#996=EDGE_LOOP('',(#4458,#4459,#4460,#4461));
#997=EDGE_LOOP('',(#4462,#4463,#4464,#4465,#4466));
#998=EDGE_LOOP('',(#4467,#4468,#4469,#4470));
#999=EDGE_LOOP('',(#4471,#4472,#4473,#4474));
#1000=EDGE_LOOP('',(#4475,#4476,#4477,#4478));
#1001=EDGE_LOOP('',(#4479,#4480,#4481));
#1002=EDGE_LOOP('',(#4482,#4483,#4484));
#1003=EDGE_LOOP('',(#4485,#4486,#4487,#4488,#4489,#4490,#4491,#4492,#4493,
#4494,#4495,#4496));
#1004=EDGE_LOOP('',(#4497,#4498,#4499,#4500,#4501,#4502,#4503));
#1005=EDGE_LOOP('',(#4504,#4505,#4506,#4507,#4508,#4509,#4510));
#1006=EDGE_LOOP('',(#4511,#4512,#4513,#4514,#4515));
#1007=EDGE_LOOP('',(#4516,#4517,#4518,#4519,#4520));
#1008=EDGE_LOOP('',(#4521,#4522,#4523,#4524,#4525));
#1009=EDGE_LOOP('',(#4526,#4527,#4528,#4529));
#1010=EDGE_LOOP('',(#4530,#4531,#4532,#4533,#4534));
#1011=EDGE_LOOP('',(#4535,#4536,#4537,#4538,#4539,#4540));
#1012=EDGE_LOOP('',(#4541,#4542,#4543,#4544,#4545,#4546,#4547,#4548,#4549,
#4550,#4551,#4552,#4553,#4554,#4555,#4556));
#1013=EDGE_LOOP('',(#4557,#4558,#4559,#4560,#4561));
#1014=EDGE_LOOP('',(#4562,#4563,#4564,#4565));
#1015=EDGE_LOOP('',(#4566,#4567,#4568,#4569));
#1016=EDGE_LOOP('',(#4570,#4571,#4572,#4573));
#1017=EDGE_LOOP('',(#4574,#4575,#4576,#4577));
#1018=EDGE_LOOP('',(#4578,#4579,#4580,#4581));
#1019=EDGE_LOOP('',(#4582,#4583,#4584,#4585,#4586,#4587,#4588));
#1020=EDGE_LOOP('',(#4589));
#1021=EDGE_LOOP('',(#4590));
#1022=EDGE_LOOP('',(#4591,#4592,#4593,#4594,#4595,#4596));
#1023=EDGE_LOOP('',(#4597));
#1024=EDGE_LOOP('',(#4598));
#1025=EDGE_LOOP('',(#4599,#4600,#4601,#4602,#4603,#4604));
#1026=EDGE_LOOP('',(#4605));
#1027=EDGE_LOOP('',(#4606));
#1028=EDGE_LOOP('',(#4607,#4608,#4609,#4610));
#1029=EDGE_LOOP('',(#4611,#4612,#4613,#4614,#4615));
#1030=EDGE_LOOP('',(#4616,#4617,#4618,#4619));
#1031=EDGE_LOOP('',(#4620,#4621,#4622,#4623));
#1032=EDGE_LOOP('',(#4624,#4625,#4626,#4627));
#1033=EDGE_LOOP('',(#4628,#4629,#4630,#4631,#4632));
#1034=EDGE_LOOP('',(#4633,#4634,#4635,#4636));
#1035=EDGE_LOOP('',(#4637,#4638,#4639,#4640));
#1036=EDGE_LOOP('',(#4641,#4642,#4643,#4644));
#1037=EDGE_LOOP('',(#4645,#4646,#4647,#4648));
#1038=EDGE_LOOP('',(#4649,#4650,#4651,#4652,#4653,#4654,#4655,#4656,#4657,
#4658,#4659,#4660));
#1039=EDGE_LOOP('',(#4661,#4662,#4663,#4664));
#1040=EDGE_LOOP('',(#4665,#4666,#4667,#4668,#4669,#4670,#4671,#4672));
#1041=EDGE_LOOP('',(#4673,#4674,#4675,#4676,#4677));
#1042=EDGE_LOOP('',(#4678));
#1043=EDGE_LOOP('',(#4679,#4680,#4681,#4682,#4683));
#1044=EDGE_LOOP('',(#4684,#4685,#4686,#4687,#4688,#4689));
#1045=EDGE_LOOP('',(#4690,#4691,#4692,#4693,#4694,#4695));
#1046=EDGE_LOOP('',(#4696,#4697,#4698,#4699,#4700,#4701));
#1047=EDGE_LOOP('',(#4702,#4703,#4704,#4705,#4706,#4707));
#1048=EDGE_LOOP('',(#4708,#4709,#4710,#4711,#4712,#4713));
#1049=EDGE_LOOP('',(#4714,#4715,#4716,#4717,#4718));
#1050=EDGE_LOOP('',(#4719));
#1051=EDGE_LOOP('',(#4720));
#1052=EDGE_LOOP('',(#4721,#4722,#4723,#4724,#4725));
#1053=EDGE_LOOP('',(#4726,#4727,#4728,#4729,#4730,#4731));
#1054=EDGE_LOOP('',(#4732,#4733,#4734,#4735,#4736,#4737));
#1055=EDGE_LOOP('',(#4738,#4739,#4740,#4741,#4742,#4743));
#1056=EDGE_LOOP('',(#4744,#4745,#4746,#4747,#4748,#4749));
#1057=EDGE_LOOP('',(#4750,#4751,#4752,#4753,#4754,#4755));
#1058=EDGE_LOOP('',(#4756,#4757,#4758,#4759,#4760));
#1059=EDGE_LOOP('',(#4761));
#1060=EDGE_LOOP('',(#4762,#4763,#4764,#4765,#4766,#4767));
#1061=EDGE_LOOP('',(#4768,#4769));
#1062=EDGE_LOOP('',(#4770,#4771,#4772,#4773,#4774,#4775));
#1063=EDGE_LOOP('',(#4776,#4777,#4778,#4779));
#1064=EDGE_LOOP('',(#4780,#4781,#4782,#4783));
#1065=EDGE_LOOP('',(#4784,#4785,#4786,#4787));
#1066=EDGE_LOOP('',(#4788,#4789,#4790,#4791));
#1067=LINE('',#7399,#1434);
#1068=LINE('',#7407,#1435);
#1069=LINE('',#7419,#1436);
#1070=LINE('',#7424,#1437);
#1071=LINE('',#7429,#1438);
#1072=LINE('',#7432,#1439);
#1073=LINE('',#7445,#1440);
#1074=LINE('',#7447,#1441);
#1075=LINE('',#7451,#1442);
#1076=LINE('',#7453,#1443);
#1077=LINE('',#7455,#1444);
#1078=LINE('',#7457,#1445);
#1079=LINE('',#7459,#1446);
#1080=LINE('',#7460,#1447);
#1081=LINE('',#7463,#1448);
#1082=LINE('',#7465,#1449);
#1083=LINE('',#7466,#1450);
#1084=LINE('',#7469,#1451);
#1085=LINE('',#7470,#1452);
#1086=LINE('',#7473,#1453);
#1087=LINE('',#7474,#1454);
#1088=LINE('',#7477,#1455);
#1089=LINE('',#7479,#1456);
#1090=LINE('',#7480,#1457);
#1091=LINE('',#7482,#1458);
#1092=LINE('',#7484,#1459);
#1093=LINE('',#7498,#1460);
#1094=LINE('',#7500,#1461);
#1095=LINE('',#7504,#1462);
#1096=LINE('',#7506,#1463);
#1097=LINE('',#7508,#1464);
#1098=LINE('',#7510,#1465);
#1099=LINE('',#7512,#1466);
#1100=LINE('',#7513,#1467);
#1101=LINE('',#7516,#1468);
#1102=LINE('',#7518,#1469);
#1103=LINE('',#7519,#1470);
#1104=LINE('',#7522,#1471);
#1105=LINE('',#7523,#1472);
#1106=LINE('',#7526,#1473);
#1107=LINE('',#7527,#1474);
#1108=LINE('',#7530,#1475);
#1109=LINE('',#7532,#1476);
#1110=LINE('',#7533,#1477);
#1111=LINE('',#7535,#1478);
#1112=LINE('',#7537,#1479);
#1113=LINE('',#7543,#1480);
#1114=LINE('',#7545,#1481);
#1115=LINE('',#7558,#1482);
#1116=LINE('',#7562,#1483);
#1117=LINE('',#7564,#1484);
#1118=LINE('',#7566,#1485);
#1119=LINE('',#7567,#1486);
#1120=LINE('',#7570,#1487);
#1121=LINE('',#7572,#1488);
#1122=LINE('',#7573,#1489);
#1123=LINE('',#7584,#1490);
#1124=LINE('',#7588,#1491);
#1125=LINE('',#7590,#1492);
#1126=LINE('',#7592,#1493);
#1127=LINE('',#7594,#1494);
#1128=LINE('',#7596,#1495);
#1129=LINE('',#7598,#1496);
#1130=LINE('',#7600,#1497);
#1131=LINE('',#7602,#1498);
#1132=LINE('',#7604,#1499);
#1133=LINE('',#7606,#1500);
#1134=LINE('',#7614,#1501);
#1135=LINE('',#7782,#1502);
#1136=LINE('',#7785,#1503);
#1137=LINE('',#7788,#1504);
#1138=LINE('',#7789,#1505);
#1139=LINE('',#7935,#1506);
#1140=LINE('',#7943,#1507);
#1141=LINE('',#7945,#1508);
#1142=LINE('',#7947,#1509);
#1143=LINE('',#7949,#1510);
#1144=LINE('',#7951,#1511);
#1145=LINE('',#7953,#1512);
#1146=LINE('',#7955,#1513);
#1147=LINE('',#7957,#1514);
#1148=LINE('',#7958,#1515);
#1149=LINE('',#7959,#1516);
#1150=LINE('',#7961,#1517);
#1151=LINE('',#7963,#1518);
#1152=LINE('',#7964,#1519);
#1153=LINE('',#7978,#1520);
#1154=LINE('',#7979,#1521);
#1155=LINE('',#7981,#1522);
#1156=LINE('',#7983,#1523);
#1157=LINE('',#7985,#1524);
#1158=LINE('',#7987,#1525);
#1159=LINE('',#7989,#1526);
#1160=LINE('',#7992,#1527);
#1161=LINE('',#7994,#1528);
#1162=LINE('',#7999,#1529);
#1163=LINE('',#8003,#1530);
#1164=LINE('',#8007,#1531);
#1165=LINE('',#8011,#1532);
#1166=LINE('',#8015,#1533);
#1167=LINE('',#8019,#1534);
#1168=LINE('',#8024,#1535);
#1169=LINE('',#8031,#1536);
#1170=LINE('',#8038,#1537);
#1171=LINE('',#8045,#1538);
#1172=LINE('',#8052,#1539);
#1173=LINE('',#8059,#1540);
#1174=LINE('',#8066,#1541);
#1175=LINE('',#8070,#1542);
#1176=LINE('',#8075,#1543);
#1177=LINE('',#8080,#1544);
#1178=LINE('',#8085,#1545);
#1179=LINE('',#8090,#1546);
#1180=LINE('',#8095,#1547);
#1181=LINE('',#8110,#1548);
#1182=LINE('',#8114,#1549);
#1183=LINE('',#8190,#1550);
#1184=LINE('',#8192,#1551);
#1185=LINE('',#8193,#1552);
#1186=LINE('',#8196,#1553);
#1187=LINE('',#8200,#1554);
#1188=LINE('',#8201,#1555);
#1189=LINE('',#8286,#1556);
#1190=LINE('',#8287,#1557);
#1191=LINE('',#8289,#1558);
#1192=LINE('',#8290,#1559);
#1193=LINE('',#8303,#1560);
#1194=LINE('',#8316,#1561);
#1195=LINE('',#8318,#1562);
#1196=LINE('',#8320,#1563);
#1197=LINE('',#8333,#1564);
#1198=LINE('',#8346,#1565);
#1199=LINE('',#8348,#1566);
#1200=LINE('',#8350,#1567);
#1201=LINE('',#8352,#1568);
#1202=LINE('',#8354,#1569);
#1203=LINE('',#8367,#1570);
#1204=LINE('',#8380,#1571);
#1205=LINE('',#8382,#1572);
#1206=LINE('',#8384,#1573);
#1207=LINE('',#8393,#1574);
#1208=LINE('',#8402,#1575);
#1209=LINE('',#8404,#1576);
#1210=LINE('',#8406,#1577);
#1211=LINE('',#8408,#1578);
#1212=LINE('',#8410,#1579);
#1213=LINE('',#8423,#1580);
#1214=LINE('',#8436,#1581);
#1215=LINE('',#8438,#1582);
#1216=LINE('',#8440,#1583);
#1217=LINE('',#8449,#1584);
#1218=LINE('',#8458,#1585);
#1219=LINE('',#8460,#1586);
#1220=LINE('',#8462,#1587);
#1221=LINE('',#8464,#1588);
#1222=LINE('',#8466,#1589);
#1223=LINE('',#8475,#1590);
#1224=LINE('',#8484,#1591);
#1225=LINE('',#8486,#1592);
#1226=LINE('',#8488,#1593);
#1227=LINE('',#8501,#1594);
#1228=LINE('',#8514,#1595);
#1229=LINE('',#8516,#1596);
#1230=LINE('',#8518,#1597);
#1231=LINE('',#8520,#1598);
#1232=LINE('',#8522,#1599);
#1233=LINE('',#8531,#1600);
#1234=LINE('',#8540,#1601);
#1235=LINE('',#8542,#1602);
#1236=LINE('',#8544,#1603);
#1237=LINE('',#8546,#1604);
#1238=LINE('',#8548,#1605);
#1239=LINE('',#8550,#1606);
#1240=LINE('',#8552,#1607);
#1241=LINE('',#8554,#1608);
#1242=LINE('',#8556,#1609);
#1243=LINE('',#8558,#1610);
#1244=LINE('',#8571,#1611);
#1245=LINE('',#8573,#1612);
#1246=LINE('',#8586,#1613);
#1247=LINE('',#8588,#1614);
#1248=LINE('',#8590,#1615);
#1249=LINE('',#8603,#1616);
#1250=LINE('',#8606,#1617);
#1251=LINE('',#8619,#1618);
#1252=LINE('',#8621,#1619);
#1253=LINE('',#8634,#1620);
#1254=LINE('',#8636,#1621);
#1255=LINE('',#8638,#1622);
#1256=LINE('',#8751,#1623);
#1257=LINE('',#8752,#1624);
#1258=LINE('',#8801,#1625);
#1259=LINE('',#8802,#1626);
#1260=LINE('',#8813,#1627);
#1261=LINE('',#8814,#1628);
#1262=LINE('',#8817,#1629);
#1263=LINE('',#8819,#1630);
#1264=LINE('',#8821,#1631);
#1265=LINE('',#8822,#1632);
#1266=LINE('',#8825,#1633);
#1267=LINE('',#8827,#1634);
#1268=LINE('',#8830,#1635);
#1269=LINE('',#8833,#1636);
#1270=LINE('',#8837,#1637);
#1271=LINE('',#8838,#1638);
#1272=LINE('',#8841,#1639);
#1273=LINE('',#8845,#1640);
#1274=LINE('',#8848,#1641);
#1275=LINE('',#8854,#1642);
#1276=LINE('',#8857,#1643);
#1277=LINE('',#8862,#1644);
#1278=LINE('',#8865,#1645);
#1279=LINE('',#8889,#1646);
#1280=LINE('',#8891,#1647);
#1281=LINE('',#8893,#1648);
#1282=LINE('',#8895,#1649);
#1283=LINE('',#8897,#1650);
#1284=LINE('',#8899,#1651);
#1285=LINE('',#8901,#1652);
#1286=LINE('',#8902,#1653);
#1287=LINE('',#8903,#1654);
#1288=LINE('',#8906,#1655);
#1289=LINE('',#8908,#1656);
#1290=LINE('',#8909,#1657);
#1291=LINE('',#8917,#1658);
#1292=LINE('',#8921,#1659);
#1293=LINE('',#8923,#1660);
#1294=LINE('',#8961,#1661);
#1295=LINE('',#8972,#1662);
#1296=LINE('',#8981,#1663);
#1297=LINE('',#8984,#1664);
#1298=LINE('',#9007,#1665);
#1299=LINE('',#9023,#1666);
#1300=LINE('',#9026,#1667);
#1301=LINE('',#9028,#1668);
#1302=LINE('',#9041,#1669);
#1303=LINE('',#9043,#1670);
#1304=LINE('',#9055,#1671);
#1305=LINE('',#9057,#1672);
#1306=LINE('',#9059,#1673);
#1307=LINE('',#9061,#1674);
#1308=LINE('',#9063,#1675);
#1309=LINE('',#9065,#1676);
#1310=LINE('',#9067,#1677);
#1311=LINE('',#9069,#1678);
#1312=LINE('',#9070,#1679);
#1313=LINE('',#9072,#1680);
#1314=LINE('',#9076,#1681);
#1315=LINE('',#9078,#1682);
#1316=LINE('',#9080,#1683);
#1317=LINE('',#9081,#1684);
#1318=LINE('',#9084,#1685);
#1319=LINE('',#9086,#1686);
#1320=LINE('',#9087,#1687);
#1321=LINE('',#9090,#1688);
#1322=LINE('',#9092,#1689);
#1323=LINE('',#9093,#1690);
#1324=LINE('',#9095,#1691);
#1325=LINE('',#9096,#1692);
#1326=LINE('',#9100,#1693);
#1327=LINE('',#9107,#1694);
#1328=LINE('',#9114,#1695);
#1329=LINE('',#9120,#1696);
#1330=LINE('',#9122,#1697);
#1331=LINE('',#9124,#1698);
#1332=LINE('',#9126,#1699);
#1333=LINE('',#9128,#1700);
#1334=LINE('',#9129,#1701);
#1335=LINE('',#9131,#1702);
#1336=LINE('',#9133,#1703);
#1337=LINE('',#9135,#1704);
#1338=LINE('',#9138,#1705);
#1339=LINE('',#9232,#1706);
#1340=LINE('',#9233,#1707);
#1341=LINE('',#9282,#1708);
#1342=LINE('',#9283,#1709);
#1343=LINE('',#9294,#1710);
#1344=LINE('',#9295,#1711);
#1345=LINE('',#9298,#1712);
#1346=LINE('',#9300,#1713);
#1347=LINE('',#9303,#1714);
#1348=LINE('',#9306,#1715);
#1349=LINE('',#9307,#1716);
#1350=LINE('',#9317,#1717);
#1351=LINE('',#9321,#1718);
#1352=LINE('',#9325,#1719);
#1353=LINE('',#9327,#1720);
#1354=LINE('',#9340,#1721);
#1355=LINE('',#9342,#1722);
#1356=LINE('',#9344,#1723);
#1357=LINE('',#9346,#1724);
#1358=LINE('',#9350,#1725);
#1359=LINE('',#9363,#1726);
#1360=LINE('',#9365,#1727);
#1361=LINE('',#9367,#1728);
#1362=LINE('',#9368,#1729);
#1363=LINE('',#9371,#1730);
#1364=LINE('',#9373,#1731);
#1365=LINE('',#9383,#1732);
#1366=LINE('',#9385,#1733);
#1367=LINE('',#9387,#1734);
#1368=LINE('',#9392,#1735);
#1369=LINE('',#9394,#1736);
#1370=LINE('',#9396,#1737);
#1371=LINE('',#9398,#1738);
#1372=LINE('',#9400,#1739);
#1373=LINE('',#9402,#1740);
#1374=LINE('',#9404,#1741);
#1375=LINE('',#9405,#1742);
#1376=LINE('',#9417,#1743);
#1377=LINE('',#9428,#1744);
#1378=LINE('',#9439,#1745);
#1379=LINE('',#9465,#1746);
#1380=LINE('',#9479,#1747);
#1381=LINE('',#9482,#1748);
#1382=LINE('',#9485,#1749);
#1383=LINE('',#9500,#1750);
#1384=LINE('',#9504,#1751);
#1385=LINE('',#9507,#1752);
#1386=LINE('',#9509,#1753);
#1387=LINE('',#9510,#1754);
#1388=LINE('',#9514,#1755);
#1389=LINE('',#9522,#1756);
#1390=LINE('',#9525,#1757);
#1391=LINE('',#9527,#1758);
#1392=LINE('',#9528,#1759);
#1393=LINE('',#9531,#1760);
#1394=LINE('',#9532,#1761);
#1395=LINE('',#9535,#1762);
#1396=LINE('',#9536,#1763);
#1397=LINE('',#9538,#1764);
#1398=LINE('',#9542,#1765);
#1399=LINE('',#9549,#1766);
#1400=LINE('',#9556,#1767);
#1401=LINE('',#9562,#1768);
#1402=LINE('',#9564,#1769);
#1403=LINE('',#9566,#1770);
#1404=LINE('',#9569,#1771);
#1405=LINE('',#9571,#1772);
#1406=LINE('',#9572,#1773);
#1407=LINE('',#9575,#1774);
#1408=LINE('',#9576,#1775);
#1409=LINE('',#9579,#1776);
#1410=LINE('',#9581,#1777);
#1411=LINE('',#9582,#1778);
#1412=LINE('',#9585,#1779);
#1413=LINE('',#9586,#1780);
#1414=LINE('',#9589,#1781);
#1415=LINE('',#9590,#1782);
#1416=LINE('',#9592,#1783);
#1417=LINE('',#9595,#1784);
#1418=LINE('',#9596,#1785);
#1419=LINE('',#9598,#1786);
#1420=LINE('',#9599,#1787);
#1421=LINE('',#9611,#1788);
#1422=LINE('',#9623,#1789);
#1423=LINE('',#9635,#1790);
#1424=LINE('',#9646,#1791);
#1425=LINE('',#9656,#1792);
#1426=LINE('',#9668,#1793);
#1427=LINE('',#9680,#1794);
#1428=LINE('',#9691,#1795);
#1429=LINE('',#9728,#1796);
#1430=LINE('',#9731,#1797);
#1431=LINE('',#9744,#1798);
#1432=LINE('',#9753,#1799);
#1433=LINE('',#9764,#1800);
#1434=VECTOR('',#5886,1.);
#1435=VECTOR('',#5895,2.21428571428571);
#1436=VECTOR('',#5910,2.5);
#1437=VECTOR('',#5917,0.714285714285715);
#1438=VECTOR('',#5922,2.5);
#1439=VECTOR('',#5927,0.714285714285715);
#1440=VECTOR('',#5944,1.895);
#1441=VECTOR('',#5947,1.);
#1442=VECTOR('',#5950,0.99999999999962);
#1443=VECTOR('',#5951,1.);
#1444=VECTOR('',#5952,0.99999999999962);
#1445=VECTOR('',#5953,0.99999999999962);
#1446=VECTOR('',#5954,1.);
#1447=VECTOR('',#5955,0.99999999999962);
#1448=VECTOR('',#5958,1.);
#1449=VECTOR('',#5959,1.);
#1450=VECTOR('',#5960,1.);
#1451=VECTOR('',#5963,1.);
#1452=VECTOR('',#5964,0.99999999999962);
#1453=VECTOR('',#5967,1.);
#1454=VECTOR('',#5968,0.99999999999962);
#1455=VECTOR('',#5971,0.99999999999962);
#1456=VECTOR('',#5972,1.);
#1457=VECTOR('',#5973,0.99999999999962);
#1458=VECTOR('',#5976,1.);
#1459=VECTOR('',#5979,1.);
#1460=VECTOR('',#5998,1.895);
#1461=VECTOR('',#6001,1.);
#1462=VECTOR('',#6004,0.99999999999962);
#1463=VECTOR('',#6005,1.);
#1464=VECTOR('',#6006,0.99999999999962);
#1465=VECTOR('',#6007,0.99999999999962);
#1466=VECTOR('',#6008,1.);
#1467=VECTOR('',#6009,0.99999999999962);
#1468=VECTOR('',#6012,1.);
#1469=VECTOR('',#6013,1.);
#1470=VECTOR('',#6014,1.);
#1471=VECTOR('',#6017,1.);
#1472=VECTOR('',#6018,0.99999999999962);
#1473=VECTOR('',#6021,1.);
#1474=VECTOR('',#6022,0.99999999999962);
#1475=VECTOR('',#6025,0.99999999999962);
#1476=VECTOR('',#6026,1.);
#1477=VECTOR('',#6027,0.99999999999962);
#1478=VECTOR('',#6030,1.);
#1479=VECTOR('',#6033,1.);
#1480=VECTOR('',#6040,10.);
#1481=VECTOR('',#6041,10.);
#1482=VECTOR('',#6042,10.);
#1483=VECTOR('',#6045,10.);
#1484=VECTOR('',#6046,10.);
#1485=VECTOR('',#6047,10.);
#1486=VECTOR('',#6048,10.);
#1487=VECTOR('',#6051,10.);
#1488=VECTOR('',#6052,10.);
#1489=VECTOR('',#6053,10.);
#1490=VECTOR('',#6054,10.);
#1491=VECTOR('',#6057,10.);
#1492=VECTOR('',#6058,10.);
#1493=VECTOR('',#6059,10.);
#1494=VECTOR('',#6060,10.);
#1495=VECTOR('',#6061,10.);
#1496=VECTOR('',#6062,10.);
#1497=VECTOR('',#6063,10.);
#1498=VECTOR('',#6064,10.);
#1499=VECTOR('',#6065,10.);
#1500=VECTOR('',#6066,10.);
#1501=VECTOR('',#6073,10.);
#1502=VECTOR('',#6138,10.);
#1503=VECTOR('',#6141,10.);
#1504=VECTOR('',#6144,10.);
#1505=VECTOR('',#6145,10.);
#1506=VECTOR('',#6194,10.);
#1507=VECTOR('',#6201,10.);
#1508=VECTOR('',#6202,10.);
#1509=VECTOR('',#6203,10.);
#1510=VECTOR('',#6204,10.);
#1511=VECTOR('',#6205,10.);
#1512=VECTOR('',#6206,10.);
#1513=VECTOR('',#6207,10.);
#1514=VECTOR('',#6208,10.);
#1515=VECTOR('',#6209,10.);
#1516=VECTOR('',#6210,10.);
#1517=VECTOR('',#6211,10.);
#1518=VECTOR('',#6212,10.);
#1519=VECTOR('',#6213,10.);
#1520=VECTOR('',#6228,10.);
#1521=VECTOR('',#6229,10.);
#1522=VECTOR('',#6232,10.);
#1523=VECTOR('',#6235,10.);
#1524=VECTOR('',#6238,10.);
#1525=VECTOR('',#6241,10.);
#1526=VECTOR('',#6244,10.);
#1527=VECTOR('',#6249,10.);
#1528=VECTOR('',#6252,10.);
#1529=VECTOR('',#6259,0.9);
#1530=VECTOR('',#6264,0.9);
#1531=VECTOR('',#6269,0.9);
#1532=VECTOR('',#6274,0.9);
#1533=VECTOR('',#6279,0.9);
#1534=VECTOR('',#6284,0.9);
#1535=VECTOR('',#6289,0.9);
#1536=VECTOR('',#6298,2.);
#1537=VECTOR('',#6307,2.);
#1538=VECTOR('',#6316,1.99999993983255);
#1539=VECTOR('',#6325,2.);
#1540=VECTOR('',#6334,2.);
#1541=VECTOR('',#6343,2.);
#1542=VECTOR('',#6348,2.75);
#1543=VECTOR('',#6355,2.75);
#1544=VECTOR('',#6362,2.75);
#1545=VECTOR('',#6369,2.75);
#1546=VECTOR('',#6376,2.75);
#1547=VECTOR('',#6383,2.75);
#1548=VECTOR('',#6392,10.);
#1549=VECTOR('',#6395,10.);
#1550=VECTOR('',#6426,10.);
#1551=VECTOR('',#6427,10.);
#1552=VECTOR('',#6428,10.);
#1553=VECTOR('',#6431,10.);
#1554=VECTOR('',#6436,10.);
#1555=VECTOR('',#6437,10.);
#1556=VECTOR('',#6472,10.);
#1557=VECTOR('',#6473,10.);
#1558=VECTOR('',#6476,10.);
#1559=VECTOR('',#6477,10.);
#1560=VECTOR('',#6478,10.);
#1561=VECTOR('',#6479,10.);
#1562=VECTOR('',#6482,10.);
#1563=VECTOR('',#6485,10.);
#1564=VECTOR('',#6486,10.);
#1565=VECTOR('',#6487,10.);
#1566=VECTOR('',#6490,10.);
#1567=VECTOR('',#6493,10.);
#1568=VECTOR('',#6496,10.);
#1569=VECTOR('',#6499,10.);
#1570=VECTOR('',#6500,10.);
#1571=VECTOR('',#6501,10.);
#1572=VECTOR('',#6504,10.);
#1573=VECTOR('',#6507,10.);
#1574=VECTOR('',#6508,10.);
#1575=VECTOR('',#6509,10.);
#1576=VECTOR('',#6512,10.);
#1577=VECTOR('',#6515,10.);
#1578=VECTOR('',#6518,10.);
#1579=VECTOR('',#6521,10.);
#1580=VECTOR('',#6522,10.);
#1581=VECTOR('',#6523,10.);
#1582=VECTOR('',#6526,10.);
#1583=VECTOR('',#6529,10.);
#1584=VECTOR('',#6530,10.);
#1585=VECTOR('',#6531,10.);
#1586=VECTOR('',#6534,10.);
#1587=VECTOR('',#6537,10.);
#1588=VECTOR('',#6540,10.);
#1589=VECTOR('',#6543,10.);
#1590=VECTOR('',#6544,10.);
#1591=VECTOR('',#6545,10.);
#1592=VECTOR('',#6548,10.);
#1593=VECTOR('',#6551,10.);
#1594=VECTOR('',#6552,10.);
#1595=VECTOR('',#6553,10.);
#1596=VECTOR('',#6556,10.);
#1597=VECTOR('',#6559,10.);
#1598=VECTOR('',#6562,10.);
#1599=VECTOR('',#6565,10.);
#1600=VECTOR('',#6566,10.);
#1601=VECTOR('',#6567,10.);
#1602=VECTOR('',#6570,10.);
#1603=VECTOR('',#6573,10.);
#1604=VECTOR('',#6576,10.);
#1605=VECTOR('',#6579,10.);
#1606=VECTOR('',#6582,10.);
#1607=VECTOR('',#6585,10.);
#1608=VECTOR('',#6588,10.);
#1609=VECTOR('',#6591,10.);
#1610=VECTOR('',#6594,10.);
#1611=VECTOR('',#6595,10.);
#1612=VECTOR('',#6598,10.);
#1613=VECTOR('',#6599,10.);
#1614=VECTOR('',#6602,10.);
#1615=VECTOR('',#6605,10.);
#1616=VECTOR('',#6606,10.);
#1617=VECTOR('',#6611,10.);
#1618=VECTOR('',#6612,10.);
#1619=VECTOR('',#6615,10.);
#1620=VECTOR('',#6616,10.);
#1621=VECTOR('',#6619,10.);
#1622=VECTOR('',#6622,10.);
#1623=VECTOR('',#6643,10.);
#1624=VECTOR('',#6644,10.);
#1625=VECTOR('',#6659,10.);
#1626=VECTOR('',#6660,10.);
#1627=VECTOR('',#6673,10.);
#1628=VECTOR('',#6674,10.);
#1629=VECTOR('',#6677,10.);
#1630=VECTOR('',#6678,10.);
#1631=VECTOR('',#6679,10.);
#1632=VECTOR('',#6680,10.);
#1633=VECTOR('',#6683,10.);
#1634=VECTOR('',#6684,10.);
#1635=VECTOR('',#6687,10.);
#1636=VECTOR('',#6690,10.);
#1637=VECTOR('',#6695,10.);
#1638=VECTOR('',#6696,10.);
#1639=VECTOR('',#6699,10.);
#1640=VECTOR('',#6704,10.);
#1641=VECTOR('',#6707,10.);
#1642=VECTOR('',#6712,10.);
#1643=VECTOR('',#6715,10.);
#1644=VECTOR('',#6720,10.);
#1645=VECTOR('',#6723,10.);
#1646=VECTOR('',#6742,10.);
#1647=VECTOR('',#6743,10.);
#1648=VECTOR('',#6744,10.);
#1649=VECTOR('',#6745,10.);
#1650=VECTOR('',#6746,10.);
#1651=VECTOR('',#6747,10.);
#1652=VECTOR('',#6748,10.);
#1653=VECTOR('',#6749,10.);
#1654=VECTOR('',#6750,10.);
#1655=VECTOR('',#6753,10.);
#1656=VECTOR('',#6754,10.);
#1657=VECTOR('',#6755,10.);
#1658=VECTOR('',#6766,10.);
#1659=VECTOR('',#6771,10.);
#1660=VECTOR('',#6774,10.);
#1661=VECTOR('',#6793,10.);
#1662=VECTOR('',#6794,10.);
#1663=VECTOR('',#6795,10.);
#1664=VECTOR('',#6798,10.);
#1665=VECTOR('',#6807,10.);
#1666=VECTOR('',#6810,10.);
#1667=VECTOR('',#6813,10.);
#1668=VECTOR('',#6814,10.);
#1669=VECTOR('',#6815,10.);
#1670=VECTOR('',#6818,10.);
#1671=VECTOR('',#6833,10.);
#1672=VECTOR('',#6834,10.);
#1673=VECTOR('',#6835,10.);
#1674=VECTOR('',#6836,10.);
#1675=VECTOR('',#6837,10.);
#1676=VECTOR('',#6838,10.);
#1677=VECTOR('',#6839,10.);
#1678=VECTOR('',#6840,10.);
#1679=VECTOR('',#6841,10.);
#1680=VECTOR('',#6844,10.);
#1681=VECTOR('',#6847,10.);
#1682=VECTOR('',#6848,10.);
#1683=VECTOR('',#6849,10.);
#1684=VECTOR('',#6850,10.);
#1685=VECTOR('',#6853,10.);
#1686=VECTOR('',#6854,10.);
#1687=VECTOR('',#6855,10.);
#1688=VECTOR('',#6858,10.);
#1689=VECTOR('',#6859,10.);
#1690=VECTOR('',#6860,10.);
#1691=VECTOR('',#6863,10.);
#1692=VECTOR('',#6864,10.);
#1693=VECTOR('',#6869,2.75);
#1694=VECTOR('',#6878,2.75);
#1695=VECTOR('',#6887,2.75);
#1696=VECTOR('',#6896,2.);
#1697=VECTOR('',#6899,2.);
#1698=VECTOR('',#6902,2.);
#1699=VECTOR('',#6905,10.);
#1700=VECTOR('',#6908,10.);
#1701=VECTOR('',#6909,10.);
#1702=VECTOR('',#6912,10.);
#1703=VECTOR('',#6915,10.);
#1704=VECTOR('',#6918,10.);
#1705=VECTOR('',#6923,10.);
#1706=VECTOR('',#6944,10.);
#1707=VECTOR('',#6945,10.);
#1708=VECTOR('',#6960,10.);
#1709=VECTOR('',#6961,10.);
#1710=VECTOR('',#6974,10.);
#1711=VECTOR('',#6975,10.);
#1712=VECTOR('',#6978,10.);
#1713=VECTOR('',#6979,10.);
#1714=VECTOR('',#6982,10.);
#1715=VECTOR('',#6985,10.);
#1716=VECTOR('',#6986,10.);
#1717=VECTOR('',#6997,10.);
#1718=VECTOR('',#7002,10.);
#1719=VECTOR('',#7007,10.);
#1720=VECTOR('',#7008,10.);
#1721=VECTOR('',#7009,10.);
#1722=VECTOR('',#7010,10.);
#1723=VECTOR('',#7011,10.);
#1724=VECTOR('',#7012,10.);
#1725=VECTOR('',#7015,10.);
#1726=VECTOR('',#7016,10.);
#1727=VECTOR('',#7017,10.);
#1728=VECTOR('',#7018,10.);
#1729=VECTOR('',#7019,10.);
#1730=VECTOR('',#7022,10.);
#1731=VECTOR('',#7023,10.);
#1732=VECTOR('',#7038,10.);
#1733=VECTOR('',#7041,10.);
#1734=VECTOR('',#7044,10.);
#1735=VECTOR('',#7051,10.);
#1736=VECTOR('',#7052,10.);
#1737=VECTOR('',#7053,10.);
#1738=VECTOR('',#7054,10.);
#1739=VECTOR('',#7055,10.);
#1740=VECTOR('',#7056,10.);
#1741=VECTOR('',#7057,10.);
#1742=VECTOR('',#7058,10.);
#1743=VECTOR('',#7061,10.);
#1744=VECTOR('',#7062,10.);
#1745=VECTOR('',#7065,10.);
#1746=VECTOR('',#7070,10.);
#1747=VECTOR('',#7081,10.);
#1748=VECTOR('',#7084,10.);
#1749=VECTOR('',#7089,10.);
#1750=VECTOR('',#7092,10.);
#1751=VECTOR('',#7095,10.);
#1752=VECTOR('',#7098,10.);
#1753=VECTOR('',#7101,10.);
#1754=VECTOR('',#7102,10.);
#1755=VECTOR('',#7107,10.);
#1756=VECTOR('',#7118,10.);
#1757=VECTOR('',#7121,10.);
#1758=VECTOR('',#7122,10.);
#1759=VECTOR('',#7123,10.);
#1760=VECTOR('',#7126,10.);
#1761=VECTOR('',#7127,10.);
#1762=VECTOR('',#7130,10.);
#1763=VECTOR('',#7131,10.);
#1764=VECTOR('',#7134,10.);
#1765=VECTOR('',#7139,2.75);
#1766=VECTOR('',#7148,2.75);
#1767=VECTOR('',#7157,2.75);
#1768=VECTOR('',#7166,2.);
#1769=VECTOR('',#7169,2.);
#1770=VECTOR('',#7172,2.);
#1771=VECTOR('',#7175,10.);
#1772=VECTOR('',#7176,10.);
#1773=VECTOR('',#7177,10.);
#1774=VECTOR('',#7180,10.);
#1775=VECTOR('',#7181,10.);
#1776=VECTOR('',#7184,10.);
#1777=VECTOR('',#7185,10.);
#1778=VECTOR('',#7186,10.);
#1779=VECTOR('',#7189,10.);
#1780=VECTOR('',#7190,10.);
#1781=VECTOR('',#7193,10.);
#1782=VECTOR('',#7194,10.);
#1783=VECTOR('',#7197,10.);
#1784=VECTOR('',#7200,10.);
#1785=VECTOR('',#7201,10.);
#1786=VECTOR('',#7204,10.);
#1787=VECTOR('',#7205,10.);
#1788=VECTOR('',#7222,0.25);
#1789=VECTOR('',#7237,0.25);
#1790=VECTOR('',#7252,0.25);
#1791=VECTOR('',#7267,0.25);
#1792=VECTOR('',#7280,0.25);
#1793=VECTOR('',#7295,0.25);
#1794=VECTOR('',#7310,0.25);
#1795=VECTOR('',#7325,0.25);
#1796=VECTOR('',#7338,10.);
#1797=VECTOR('',#7341,10.);
#1798=VECTOR('',#7342,10.);
#1799=VECTOR('',#7345,10.);
#1800=VECTOR('',#7352,10.);
#1801=CIRCLE('',#5307,1.);
#1802=CIRCLE('',#5308,1.);
#1803=CIRCLE('',#5310,2.21428571428571);
#1804=CIRCLE('',#5311,2.21428571428571);
#1805=CIRCLE('',#5312,2.21428571428571);
#1806=CIRCLE('',#5313,2.21428571428571);
#1807=CIRCLE('',#5315,2.5);
#1808=CIRCLE('',#5317,2.5);
#1809=CIRCLE('',#5319,2.5);
#1810=CIRCLE('',#5320,2.5);
#1811=CIRCLE('',#5323,2.5);
#1812=CIRCLE('',#5324,2.5);
#1813=CIRCLE('',#5328,1.);
#1814=CIRCLE('',#5330,1.895);
#1815=CIRCLE('',#5331,1.);
#1816=CIRCLE('',#5333,1.895);
#1817=CIRCLE('',#5345,1.);
#1818=CIRCLE('',#5347,1.895);
#1819=CIRCLE('',#5348,1.);
#1820=CIRCLE('',#5350,1.895);
#1821=CIRCLE('',#5364,3.);
#1822=CIRCLE('',#5365,1.42857142857143);
#1823=CIRCLE('',#5366,0.892857142857143);
#1824=CIRCLE('',#5367,1.42857142857143);
#1825=CIRCLE('',#5368,3.57143730344064);
#1826=CIRCLE('',#5369,6.28657707681994);
#1827=CIRCLE('',#5370,3.57142932036846);
#1828=CIRCLE('',#5371,3.57142927595796);
#1829=CIRCLE('',#5372,6.28657707392264);
#1830=CIRCLE('',#5373,6.2859638872463);
#1831=CIRCLE('',#5374,3.57142932058759);
#1832=CIRCLE('',#5375,3.57142927569672);
#1833=CIRCLE('',#5376,6.28657692995538);
#1834=CIRCLE('',#5377,3.57142932016238);
#1835=CIRCLE('',#5378,3.57142927571785);
#1836=CIRCLE('',#5379,6.28657707625546);
#1837=CIRCLE('',#5380,3.57142932022997);
#1838=CIRCLE('',#5381,3.57142927572647);
#1839=CIRCLE('',#5382,6.28657707220982);
#1840=CIRCLE('',#5383,3.57142932047053);
#1841=CIRCLE('',#5384,3.57142927588522);
#1842=CIRCLE('',#5385,6.28657707681994);
#1843=CIRCLE('',#5386,3.57142932036846);
#1844=CIRCLE('',#5387,3.57142927584528);
#1845=CIRCLE('',#5388,6.28657707392264);
#1846=CIRCLE('',#5389,3.57142932058759);
#1847=CIRCLE('',#5390,3.57142927562606);
#1848=CIRCLE('',#5391,0.9);
#1849=CIRCLE('',#5392,0.9);
#1850=CIRCLE('',#5393,0.9);
#1851=CIRCLE('',#5394,2.75);
#1852=CIRCLE('',#5395,2.75);
#1853=CIRCLE('',#5396,2.75);
#1854=CIRCLE('',#5398,7.6);
#1855=CIRCLE('',#5400,3.);
#1856=CIRCLE('',#5403,3.57142927562606);
#1857=CIRCLE('',#5404,3.57142932058759);
#1858=CIRCLE('',#5405,6.28657707392264);
#1859=CIRCLE('',#5406,3.57142927584528);
#1860=CIRCLE('',#5407,3.57142932036846);
#1861=CIRCLE('',#5408,6.28657707681994);
#1862=CIRCLE('',#5409,3.57142927588522);
#1863=CIRCLE('',#5410,3.57142932047053);
#1864=CIRCLE('',#5411,6.28657707220982);
#1865=CIRCLE('',#5412,3.57142927572647);
#1866=CIRCLE('',#5413,3.57142932022997);
#1867=CIRCLE('',#5414,6.28657707625546);
#1868=CIRCLE('',#5415,3.57142927571785);
#1869=CIRCLE('',#5416,3.57142932016238);
#1870=CIRCLE('',#5417,6.28657692995538);
#1871=CIRCLE('',#5418,3.57142927569672);
#1872=CIRCLE('',#5419,3.57142932058759);
#1873=CIRCLE('',#5420,6.2859638872463);
#1874=CIRCLE('',#5421,6.28657707392264);
#1875=CIRCLE('',#5422,3.57142927595796);
#1876=CIRCLE('',#5423,3.57142932036846);
#1877=CIRCLE('',#5424,6.28657707681994);
#1878=CIRCLE('',#5425,3.57143730344064);
#1879=CIRCLE('',#5426,1.42857142857143);
#1880=CIRCLE('',#5427,0.892857142857143);
#1881=CIRCLE('',#5428,1.42857142857143);
#1882=CIRCLE('',#5429,0.9);
#1883=CIRCLE('',#5430,0.9);
#1884=CIRCLE('',#5431,0.9);
#1885=CIRCLE('',#5432,2.75);
#1886=CIRCLE('',#5433,2.75);
#1887=CIRCLE('',#5434,2.75);
#1888=CIRCLE('',#5446,0.9);
#1889=CIRCLE('',#5448,0.9);
#1890=CIRCLE('',#5450,0.9);
#1891=CIRCLE('',#5452,0.9);
#1892=CIRCLE('',#5454,0.9);
#1893=CIRCLE('',#5456,0.9);
#1894=CIRCLE('',#5458,0.9);
#1895=CIRCLE('',#5459,0.9);
#1896=CIRCLE('',#5461,1.25);
#1897=CIRCLE('',#5463,2.);
#1898=CIRCLE('',#5465,1.25);
#1899=CIRCLE('',#5467,2.);
#1900=CIRCLE('',#5469,1.25);
#1901=CIRCLE('',#5471,2.00000000000016);
#1902=CIRCLE('',#5473,1.25);
#1903=CIRCLE('',#5475,2.);
#1904=CIRCLE('',#5477,1.25);
#1905=CIRCLE('',#5479,2.);
#1906=CIRCLE('',#5481,1.25);
#1907=CIRCLE('',#5483,2.);
#1908=CIRCLE('',#5485,2.75);
#1909=CIRCLE('',#5488,2.75);
#1910=CIRCLE('',#5491,2.75);
#1911=CIRCLE('',#5494,2.75);
#1912=CIRCLE('',#5497,2.75);
#1913=CIRCLE('',#5500,2.75);
#1914=CIRCLE('',#5503,6.2859638872463);
#1915=CIRCLE('',#5504,1.5);
#1916=CIRCLE('',#5505,3.57142927584528);
#1917=CIRCLE('',#5506,3.57142932036846);
#1918=CIRCLE('',#5507,6.28657707681994);
#1919=CIRCLE('',#5508,3.57142927588522);
#1920=CIRCLE('',#5509,3.57142932047053);
#1921=CIRCLE('',#5510,6.28657707220982);
#1922=CIRCLE('',#5511,3.57142927572647);
#1923=CIRCLE('',#5512,3.57142932022997);
#1924=CIRCLE('',#5513,6.28657707625546);
#1925=CIRCLE('',#5514,3.57142927571785);
#1926=CIRCLE('',#5515,3.57142932016238);
#1927=CIRCLE('',#5516,6.28657692995538);
#1928=CIRCLE('',#5517,3.57142927569672);
#1929=CIRCLE('',#5518,3.57142932058759);
#1930=CIRCLE('',#5521,1.5);
#1931=CIRCLE('',#5524,3.57142932058759);
#1932=CIRCLE('',#5525,3.57142927569672);
#1933=CIRCLE('',#5526,6.28657692995538);
#1934=CIRCLE('',#5527,3.57142932016238);
#1935=CIRCLE('',#5528,3.57142927571785);
#1936=CIRCLE('',#5529,6.28657707625546);
#1937=CIRCLE('',#5530,3.57142932022997);
#1938=CIRCLE('',#5531,3.57142927572647);
#1939=CIRCLE('',#5532,6.28657707220982);
#1940=CIRCLE('',#5533,3.57142932047053);
#1941=CIRCLE('',#5534,3.57142927588522);
#1942=CIRCLE('',#5535,6.28657707681994);
#1943=CIRCLE('',#5536,3.57142932036846);
#1944=CIRCLE('',#5537,3.57142927584528);
#1945=CIRCLE('',#5538,6.2859638872463);
#1946=CIRCLE('',#5585,10.1);
#1947=CIRCLE('',#5586,0.5);
#1948=CIRCLE('',#5587,10.6);
#1949=CIRCLE('',#5588,0.500000000000001);
#1950=CIRCLE('',#5589,0.5);
#1951=CIRCLE('',#5591,0.5);
#1952=CIRCLE('',#5592,0.500000000000001);
#1953=CIRCLE('',#5594,0.5);
#1954=CIRCLE('',#5595,2.);
#1955=CIRCLE('',#5596,2.5);
#1956=CIRCLE('',#5598,0.5);
#1957=CIRCLE('',#5600,0.5);
#1958=CIRCLE('',#5601,3.);
#1959=CIRCLE('',#5602,2.5);
#1960=CIRCLE('',#5604,0.5);
#1961=CIRCLE('',#5607,1.5);
#1962=CIRCLE('',#5609,2.5);
#1963=CIRCLE('',#5612,0.5);
#1964=CIRCLE('',#5614,9.5);
#1965=CIRCLE('',#5616,3.);
#1966=CIRCLE('',#5617,3.);
#1967=CIRCLE('',#5619,3.);
#1968=CIRCLE('',#5620,3.);
#1969=CIRCLE('',#5622,10.6);
#1970=CIRCLE('',#5623,3.);
#1971=CIRCLE('',#5624,7.6);
#1972=CIRCLE('',#5626,3.);
#1973=CIRCLE('',#5628,3.);
#1974=CIRCLE('',#5632,2.);
#1975=CIRCLE('',#5633,2.);
#1976=CIRCLE('',#5634,2.);
#1977=CIRCLE('',#5635,2.);
#1978=CIRCLE('',#5636,2.);
#1979=CIRCLE('',#5640,8.5);
#1980=CIRCLE('',#5641,1.);
#1981=CIRCLE('',#5643,8.5);
#1982=CIRCLE('',#5644,0.999999999999999);
#1983=CIRCLE('',#5646,1.);
#1984=CIRCLE('',#5649,8.5);
#1985=CIRCLE('',#5651,7.5);
#1986=CIRCLE('',#5654,1.5);
#1987=CIRCLE('',#5656,2.75);
#1988=CIRCLE('',#5657,2.75);
#1989=CIRCLE('',#5658,2.75);
#1990=CIRCLE('',#5659,2.75);
#1991=CIRCLE('',#5660,2.75);
#1992=CIRCLE('',#5661,2.75);
#1993=CIRCLE('',#5670,2.75);
#1994=CIRCLE('',#5672,2.);
#1995=CIRCLE('',#5674,2.75);
#1996=CIRCLE('',#5676,2.);
#1997=CIRCLE('',#5678,2.75);
#1998=CIRCLE('',#5680,2.);
#1999=CIRCLE('',#5694,10.6);
#2000=CIRCLE('',#5695,0.999999999999998);
#2001=CIRCLE('',#5696,9.6);
#2002=CIRCLE('',#5697,1.);
#2003=CIRCLE('',#5698,0.999999999999999);
#2004=CIRCLE('',#5700,1.);
#2005=CIRCLE('',#5701,1.);
#2006=CIRCLE('',#5703,1.);
#2007=CIRCLE('',#5704,2.5);
#2008=CIRCLE('',#5705,1.5);
#2009=CIRCLE('',#5707,1.);
#2010=CIRCLE('',#5709,1.);
#2011=CIRCLE('',#5710,2.);
#2012=CIRCLE('',#5711,3.);
#2013=CIRCLE('',#5713,1.);
#2014=CIRCLE('',#5715,3.);
#2015=CIRCLE('',#5717,2.);
#2016=CIRCLE('',#5718,2.);
#2017=CIRCLE('',#5719,2.);
#2018=CIRCLE('',#5720,2.);
#2019=CIRCLE('',#5722,3.);
#2020=CIRCLE('',#5724,10.6);
#2021=CIRCLE('',#5726,3.);
#2022=CIRCLE('',#5728,8.5);
#2023=CIRCLE('',#5730,7.6);
#2024=CIRCLE('',#5731,3.);
#2025=CIRCLE('',#5733,3.);
#2026=CIRCLE('',#5734,3.);
#2027=CIRCLE('',#5736,3.);
#2028=CIRCLE('',#5743,1.);
#2029=CIRCLE('',#5745,7.5);
#2030=CIRCLE('',#5746,8.5);
#2031=CIRCLE('',#5749,2.5);
#2032=CIRCLE('',#5753,1.5);
#2033=CIRCLE('',#5754,1.5);
#2034=CIRCLE('',#5756,2.75);
#2035=CIRCLE('',#5757,2.75);
#2036=CIRCLE('',#5758,2.75);
#2037=CIRCLE('',#5759,2.75);
#2038=CIRCLE('',#5760,2.75);
#2039=CIRCLE('',#5761,2.75);
#2040=CIRCLE('',#5769,2.75);
#2041=CIRCLE('',#5771,2.);
#2042=CIRCLE('',#5773,2.75);
#2043=CIRCLE('',#5775,2.);
#2044=CIRCLE('',#5777,2.75);
#2045=CIRCLE('',#5779,2.);
#2046=CIRCLE('',#5796,0.25);
#2047=CIRCLE('',#5798,0.25);
#2048=CIRCLE('',#5799,0.25);
#2049=CIRCLE('',#5800,0.25);
#2050=CIRCLE('',#5802,2.21428571428455);
#2051=CIRCLE('',#5803,0.25);
#2052=CIRCLE('',#5804,0.25);
#2053=CIRCLE('',#5806,0.25);
#2054=CIRCLE('',#5807,0.25);
#2055=CIRCLE('',#5809,2.25000000000056);
#2056=CIRCLE('',#5810,0.25);
#2057=CIRCLE('',#5811,0.25);
#2058=CIRCLE('',#5813,0.25);
#2059=CIRCLE('',#5814,0.25);
#2060=CIRCLE('',#5816,2.21428571428521);
#2061=CIRCLE('',#5817,0.25);
#2062=CIRCLE('',#5818,0.25);
#2063=CIRCLE('',#5823,0.25);
#2064=CIRCLE('',#5825,0.25);
#2065=CIRCLE('',#5826,0.25);
#2066=CIRCLE('',#5827,0.25);
#2067=CIRCLE('',#5829,2.20921414258867);
#2068=CIRCLE('',#5830,0.25);
#2069=CIRCLE('',#5831,0.25);
#2070=CIRCLE('',#5833,0.25);
#2071=CIRCLE('',#5834,0.25);
#2072=CIRCLE('',#5836,2.25000000000001);
#2073=CIRCLE('',#5837,0.25);
#2074=CIRCLE('',#5838,0.25);
#2075=CIRCLE('',#5840,0.25);
#2076=CIRCLE('',#5841,0.25);
#2077=CIRCLE('',#5843,2.2142857142857);
#2078=CIRCLE('',#5844,0.25);
#2079=CIRCLE('',#5845,0.25);
#2080=CIRCLE('',#5850,10.6);
#2081=CIRCLE('',#5851,9.6);
#2082=CIRCLE('',#5856,10.6);
#2083=VERTEX_POINT('',#7396);
#2084=VERTEX_POINT('',#7398);
#2085=VERTEX_POINT('',#7402);
#2086=VERTEX_POINT('',#7403);
#2087=VERTEX_POINT('',#7406);
#2088=VERTEX_POINT('',#7408);
#2089=VERTEX_POINT('',#7412);
#2090=VERTEX_POINT('',#7415);
#2091=VERTEX_POINT('',#7418);
#2092=VERTEX_POINT('',#7420);
#2093=VERTEX_POINT('',#7426);
#2094=VERTEX_POINT('',#7427);
#2095=VERTEX_POINT('',#7435);
#2096=VERTEX_POINT('',#7438);
#2097=VERTEX_POINT('',#7440);
#2098=VERTEX_POINT('',#7443);
#2099=VERTEX_POINT('',#7449);
#2100=VERTEX_POINT('',#7450);
#2101=VERTEX_POINT('',#7452);
#2102=VERTEX_POINT('',#7454);
#2103=VERTEX_POINT('',#7456);
#2104=VERTEX_POINT('',#7458);
#2105=VERTEX_POINT('',#7462);
#2106=VERTEX_POINT('',#7464);
#2107=VERTEX_POINT('',#7468);
#2108=VERTEX_POINT('',#7472);
#2109=VERTEX_POINT('',#7476);
#2110=VERTEX_POINT('',#7478);
#2111=VERTEX_POINT('',#7488);
#2112=VERTEX_POINT('',#7491);
#2113=VERTEX_POINT('',#7493);
#2114=VERTEX_POINT('',#7496);
#2115=VERTEX_POINT('',#7502);
#2116=VERTEX_POINT('',#7503);
#2117=VERTEX_POINT('',#7505);
#2118=VERTEX_POINT('',#7507);
#2119=VERTEX_POINT('',#7509);
#2120=VERTEX_POINT('',#7511);
#2121=VERTEX_POINT('',#7515);
#2122=VERTEX_POINT('',#7517);
#2123=VERTEX_POINT('',#7521);
#2124=VERTEX_POINT('',#7525);
#2125=VERTEX_POINT('',#7529);
#2126=VERTEX_POINT('',#7531);
#2127=VERTEX_POINT('',#7541);
#2128=VERTEX_POINT('',#7542);
#2129=VERTEX_POINT('',#7544);
#2130=VERTEX_POINT('',#7546);
#2131=VERTEX_POINT('',#7560);
#2132=VERTEX_POINT('',#7561);
#2133=VERTEX_POINT('',#7563);
#2134=VERTEX_POINT('',#7565);
#2135=VERTEX_POINT('',#7569);
#2136=VERTEX_POINT('',#7571);
#2137=VERTEX_POINT('',#7574);
#2138=VERTEX_POINT('',#7583);
#2139=VERTEX_POINT('',#7585);
#2140=VERTEX_POINT('',#7587);
#2141=VERTEX_POINT('',#7589);
#2142=VERTEX_POINT('',#7591);
#2143=VERTEX_POINT('',#7593);
#2144=VERTEX_POINT('',#7595);
#2145=VERTEX_POINT('',#7597);
#2146=VERTEX_POINT('',#7599);
#2147=VERTEX_POINT('',#7601);
#2148=VERTEX_POINT('',#7603);
#2149=VERTEX_POINT('',#7605);
#2150=VERTEX_POINT('',#7607);
#2151=VERTEX_POINT('',#7609);
#2152=VERTEX_POINT('',#7611);
#2153=VERTEX_POINT('',#7613);
#2154=VERTEX_POINT('',#7615);
#2155=VERTEX_POINT('',#7617);
#2156=VERTEX_POINT('',#7624);
#2157=VERTEX_POINT('',#7626);
#2158=VERTEX_POINT('',#7633);
#2159=VERTEX_POINT('',#7635);
#2160=VERTEX_POINT('',#7637);
#2161=VERTEX_POINT('',#7644);
#2162=VERTEX_POINT('',#7646);
#2163=VERTEX_POINT('',#7648);
#2164=VERTEX_POINT('',#7653);
#2165=VERTEX_POINT('',#7655);
#2166=VERTEX_POINT('',#7657);
#2167=VERTEX_POINT('',#7664);
#2168=VERTEX_POINT('',#7666);
#2169=VERTEX_POINT('',#7671);
#2170=VERTEX_POINT('',#7673);
#2171=VERTEX_POINT('',#7675);
#2172=VERTEX_POINT('',#7680);
#2173=VERTEX_POINT('',#7682);
#2174=VERTEX_POINT('',#7689);
#2175=VERTEX_POINT('',#7691);
#2176=VERTEX_POINT('',#7693);
#2177=VERTEX_POINT('',#7698);
#2178=VERTEX_POINT('',#7700);
#2179=VERTEX_POINT('',#7707);
#2180=VERTEX_POINT('',#7709);
#2181=VERTEX_POINT('',#7711);
#2182=VERTEX_POINT('',#7718);
#2183=VERTEX_POINT('',#7720);
#2184=VERTEX_POINT('',#7727);
#2185=VERTEX_POINT('',#7729);
#2186=VERTEX_POINT('',#7731);
#2187=VERTEX_POINT('',#7738);
#2188=VERTEX_POINT('',#7740);
#2189=VERTEX_POINT('',#7747);
#2190=VERTEX_POINT('',#7749);
#2191=VERTEX_POINT('',#7757);
#2192=VERTEX_POINT('',#7759);
#2193=VERTEX_POINT('',#7761);
#2194=VERTEX_POINT('',#7763);
#2195=VERTEX_POINT('',#7765);
#2196=VERTEX_POINT('',#7767);
#2197=VERTEX_POINT('',#7770);
#2198=VERTEX_POINT('',#7781);
#2199=VERTEX_POINT('',#7783);
#2200=VERTEX_POINT('',#7787);
#2201=VERTEX_POINT('',#7791);
#2202=VERTEX_POINT('',#7798);
#2203=VERTEX_POINT('',#7800);
#2204=VERTEX_POINT('',#7802);
#2205=VERTEX_POINT('',#7809);
#2206=VERTEX_POINT('',#7811);
#2207=VERTEX_POINT('',#7818);
#2208=VERTEX_POINT('',#7820);
#2209=VERTEX_POINT('',#7822);
#2210=VERTEX_POINT('',#7829);
#2211=VERTEX_POINT('',#7831);
#2212=VERTEX_POINT('',#7838);
#2213=VERTEX_POINT('',#7840);
#2214=VERTEX_POINT('',#7842);
#2215=VERTEX_POINT('',#7849);
#2216=VERTEX_POINT('',#7851);
#2217=VERTEX_POINT('',#7856);
#2218=VERTEX_POINT('',#7858);
#2219=VERTEX_POINT('',#7860);
#2220=VERTEX_POINT('',#7867);
#2221=VERTEX_POINT('',#7869);
#2222=VERTEX_POINT('',#7874);
#2223=VERTEX_POINT('',#7876);
#2224=VERTEX_POINT('',#7878);
#2225=VERTEX_POINT('',#7883);
#2226=VERTEX_POINT('',#7885);
#2227=VERTEX_POINT('',#7892);
#2228=VERTEX_POINT('',#7894);
#2229=VERTEX_POINT('',#7896);
#2230=VERTEX_POINT('',#7901);
#2231=VERTEX_POINT('',#7903);
#2232=VERTEX_POINT('',#7905);
#2233=VERTEX_POINT('',#7912);
#2234=VERTEX_POINT('',#7914);
#2235=VERTEX_POINT('',#7916);
#2236=VERTEX_POINT('',#7923);
#2237=VERTEX_POINT('',#7925);
#2238=VERTEX_POINT('',#7932);
#2239=VERTEX_POINT('',#7934);
#2240=VERTEX_POINT('',#7936);
#2241=VERTEX_POINT('',#7938);
#2242=VERTEX_POINT('',#7940);
#2243=VERTEX_POINT('',#7942);
#2244=VERTEX_POINT('',#7944);
#2245=VERTEX_POINT('',#7946);
#2246=VERTEX_POINT('',#7948);
#2247=VERTEX_POINT('',#7950);
#2248=VERTEX_POINT('',#7952);
#2249=VERTEX_POINT('',#7954);
#2250=VERTEX_POINT('',#7956);
#2251=VERTEX_POINT('',#7960);
#2252=VERTEX_POINT('',#7962);
#2253=VERTEX_POINT('',#7965);
#2254=VERTEX_POINT('',#7967);
#2255=VERTEX_POINT('',#7969);
#2256=VERTEX_POINT('',#7971);
#2257=VERTEX_POINT('',#7973);
#2258=VERTEX_POINT('',#7975);
#2259=VERTEX_POINT('',#7997);
#2260=VERTEX_POINT('',#8001);
#2261=VERTEX_POINT('',#8005);
#2262=VERTEX_POINT('',#8009);
#2263=VERTEX_POINT('',#8013);
#2264=VERTEX_POINT('',#8017);
#2265=VERTEX_POINT('',#8021);
#2266=VERTEX_POINT('',#8023);
#2267=VERTEX_POINT('',#8027);
#2268=VERTEX_POINT('',#8030);
#2269=VERTEX_POINT('',#8034);
#2270=VERTEX_POINT('',#8037);
#2271=VERTEX_POINT('',#8041);
#2272=VERTEX_POINT('',#8044);
#2273=VERTEX_POINT('',#8048);
#2274=VERTEX_POINT('',#8051);
#2275=VERTEX_POINT('',#8055);
#2276=VERTEX_POINT('',#8058);
#2277=VERTEX_POINT('',#8062);
#2278=VERTEX_POINT('',#8065);
#2279=VERTEX_POINT('',#8069);
#2280=VERTEX_POINT('',#8074);
#2281=VERTEX_POINT('',#8079);
#2282=VERTEX_POINT('',#8084);
#2283=VERTEX_POINT('',#8089);
#2284=VERTEX_POINT('',#8094);
#2285=VERTEX_POINT('',#8099);
#2286=VERTEX_POINT('',#8100);
#2287=VERTEX_POINT('',#8107);
#2288=VERTEX_POINT('',#8109);
#2289=VERTEX_POINT('',#8111);
#2290=VERTEX_POINT('',#8113);
#2291=VERTEX_POINT('',#8115);
#2292=VERTEX_POINT('',#8117);
#2293=VERTEX_POINT('',#8119);
#2294=VERTEX_POINT('',#8124);
#2295=VERTEX_POINT('',#8126);
#2296=VERTEX_POINT('',#8131);
#2297=VERTEX_POINT('',#8133);
#2298=VERTEX_POINT('',#8135);
#2299=VERTEX_POINT('',#8140);
#2300=VERTEX_POINT('',#8142);
#2301=VERTEX_POINT('',#8149);
#2302=VERTEX_POINT('',#8151);
#2303=VERTEX_POINT('',#8153);
#2304=VERTEX_POINT('',#8158);
#2305=VERTEX_POINT('',#8160);
#2306=VERTEX_POINT('',#8167);
#2307=VERTEX_POINT('',#8169);
#2308=VERTEX_POINT('',#8171);
#2309=VERTEX_POINT('',#8178);
#2310=VERTEX_POINT('',#8180);
#2311=VERTEX_POINT('',#8185);
#2312=VERTEX_POINT('',#8189);
#2313=VERTEX_POINT('',#8191);
#2314=VERTEX_POINT('',#8195);
#2315=VERTEX_POINT('',#8199);
#2316=VERTEX_POINT('',#8203);
#2317=VERTEX_POINT('',#8204);
#2318=VERTEX_POINT('',#8211);
#2319=VERTEX_POINT('',#8213);
#2320=VERTEX_POINT('',#8215);
#2321=VERTEX_POINT('',#8220);
#2322=VERTEX_POINT('',#8222);
#2323=VERTEX_POINT('',#8229);
#2324=VERTEX_POINT('',#8231);
#2325=VERTEX_POINT('',#8233);
#2326=VERTEX_POINT('',#8240);
#2327=VERTEX_POINT('',#8242);
#2328=VERTEX_POINT('',#8247);
#2329=VERTEX_POINT('',#8249);
#2330=VERTEX_POINT('',#8251);
#2331=VERTEX_POINT('',#8258);
#2332=VERTEX_POINT('',#8260);
#2333=VERTEX_POINT('',#8265);
#2334=VERTEX_POINT('',#8267);
#2335=VERTEX_POINT('',#8269);
#2336=VERTEX_POINT('',#8274);
#2337=VERTEX_POINT('',#8276);
#2338=VERTEX_POINT('',#8281);
#2339=VERTEX_POINT('',#8654);
#2340=VERTEX_POINT('',#8655);
#2341=VERTEX_POINT('',#8666);
#2342=VERTEX_POINT('',#8668);
#2343=VERTEX_POINT('',#8691);
#2344=VERTEX_POINT('',#8696);
#2345=VERTEX_POINT('',#8732);
#2346=VERTEX_POINT('',#8733);
#2347=VERTEX_POINT('',#8748);
#2348=VERTEX_POINT('',#8749);
#2349=VERTEX_POINT('',#8778);
#2350=VERTEX_POINT('',#8779);
#2351=VERTEX_POINT('',#8792);
#2352=VERTEX_POINT('',#8793);
#2353=VERTEX_POINT('',#8798);
#2354=VERTEX_POINT('',#8799);
#2355=VERTEX_POINT('',#8804);
#2356=VERTEX_POINT('',#8805);
#2357=VERTEX_POINT('',#8810);
#2358=VERTEX_POINT('',#8811);
#2359=VERTEX_POINT('',#8816);
#2360=VERTEX_POINT('',#8818);
#2361=VERTEX_POINT('',#8820);
#2362=VERTEX_POINT('',#8824);
#2363=VERTEX_POINT('',#8826);
#2364=VERTEX_POINT('',#8828);
#2365=VERTEX_POINT('',#8832);
#2366=VERTEX_POINT('',#8836);
#2367=VERTEX_POINT('',#8840);
#2368=VERTEX_POINT('',#8844);
#2369=VERTEX_POINT('',#8846);
#2370=VERTEX_POINT('',#8850);
#2371=VERTEX_POINT('',#8851);
#2372=VERTEX_POINT('',#8853);
#2373=VERTEX_POINT('',#8855);
#2374=VERTEX_POINT('',#8859);
#2375=VERTEX_POINT('',#8861);
#2376=VERTEX_POINT('',#8863);
#2377=VERTEX_POINT('',#8867);
#2378=VERTEX_POINT('',#8868);
#2379=VERTEX_POINT('',#8879);
#2380=VERTEX_POINT('',#8888);
#2381=VERTEX_POINT('',#8890);
#2382=VERTEX_POINT('',#8892);
#2383=VERTEX_POINT('',#8894);
#2384=VERTEX_POINT('',#8896);
#2385=VERTEX_POINT('',#8898);
#2386=VERTEX_POINT('',#8900);
#2387=VERTEX_POINT('',#8905);
#2388=VERTEX_POINT('',#8907);
#2389=VERTEX_POINT('',#8911);
#2390=VERTEX_POINT('',#8914);
#2391=VERTEX_POINT('',#8918);
#2392=VERTEX_POINT('',#8925);
#2393=VERTEX_POINT('',#8936);
#2394=VERTEX_POINT('',#8940);
#2395=VERTEX_POINT('',#8947);
#2396=VERTEX_POINT('',#8951);
#2397=VERTEX_POINT('',#8960);
#2398=VERTEX_POINT('',#8962);
#2399=VERTEX_POINT('',#8971);
#2400=VERTEX_POINT('',#8973);
#2401=VERTEX_POINT('',#8983);
#2402=VERTEX_POINT('',#8987);
#2403=VERTEX_POINT('',#8998);
#2404=VERTEX_POINT('',#9009);
#2405=VERTEX_POINT('',#9010);
#2406=VERTEX_POINT('',#9022);
#2407=VERTEX_POINT('',#9024);
#2408=VERTEX_POINT('',#9027);
#2409=VERTEX_POINT('',#9029);
#2410=VERTEX_POINT('',#9044);
#2411=VERTEX_POINT('',#9047);
#2412=VERTEX_POINT('',#9050);
#2413=VERTEX_POINT('',#9054);
#2414=VERTEX_POINT('',#9056);
#2415=VERTEX_POINT('',#9058);
#2416=VERTEX_POINT('',#9060);
#2417=VERTEX_POINT('',#9062);
#2418=VERTEX_POINT('',#9064);
#2419=VERTEX_POINT('',#9066);
#2420=VERTEX_POINT('',#9068);
#2421=VERTEX_POINT('',#9074);
#2422=VERTEX_POINT('',#9075);
#2423=VERTEX_POINT('',#9077);
#2424=VERTEX_POINT('',#9079);
#2425=VERTEX_POINT('',#9083);
#2426=VERTEX_POINT('',#9085);
#2427=VERTEX_POINT('',#9089);
#2428=VERTEX_POINT('',#9091);
#2429=VERTEX_POINT('',#9099);
#2430=VERTEX_POINT('',#9103);
#2431=VERTEX_POINT('',#9106);
#2432=VERTEX_POINT('',#9110);
#2433=VERTEX_POINT('',#9113);
#2434=VERTEX_POINT('',#9117);
#2435=VERTEX_POINT('',#9142);
#2436=VERTEX_POINT('',#9143);
#2437=VERTEX_POINT('',#9154);
#2438=VERTEX_POINT('',#9156);
#2439=VERTEX_POINT('',#9179);
#2440=VERTEX_POINT('',#9180);
#2441=VERTEX_POINT('',#9215);
#2442=VERTEX_POINT('',#9221);
#2443=VERTEX_POINT('',#9229);
#2444=VERTEX_POINT('',#9230);
#2445=VERTEX_POINT('',#9259);
#2446=VERTEX_POINT('',#9265);
#2447=VERTEX_POINT('',#9273);
#2448=VERTEX_POINT('',#9274);
#2449=VERTEX_POINT('',#9279);
#2450=VERTEX_POINT('',#9280);
#2451=VERTEX_POINT('',#9285);
#2452=VERTEX_POINT('',#9286);
#2453=VERTEX_POINT('',#9291);
#2454=VERTEX_POINT('',#9292);
#2455=VERTEX_POINT('',#9297);
#2456=VERTEX_POINT('',#9299);
#2457=VERTEX_POINT('',#9301);
#2458=VERTEX_POINT('',#9305);
#2459=VERTEX_POINT('',#9308);
#2460=VERTEX_POINT('',#9311);
#2461=VERTEX_POINT('',#9313);
#2462=VERTEX_POINT('',#9316);
#2463=VERTEX_POINT('',#9320);
#2464=VERTEX_POINT('',#9324);
#2465=VERTEX_POINT('',#9326);
#2466=VERTEX_POINT('',#9328);
#2467=VERTEX_POINT('',#9339);
#2468=VERTEX_POINT('',#9341);
#2469=VERTEX_POINT('',#9343);
#2470=VERTEX_POINT('',#9345);
#2471=VERTEX_POINT('',#9347);
#2472=VERTEX_POINT('',#9349);
#2473=VERTEX_POINT('',#9361);
#2474=VERTEX_POINT('',#9362);
#2475=VERTEX_POINT('',#9364);
#2476=VERTEX_POINT('',#9366);
#2477=VERTEX_POINT('',#9370);
#2478=VERTEX_POINT('',#9372);
#2479=VERTEX_POINT('',#9376);
#2480=VERTEX_POINT('',#9380);
#2481=VERTEX_POINT('',#9391);
#2482=VERTEX_POINT('',#9393);
#2483=VERTEX_POINT('',#9395);
#2484=VERTEX_POINT('',#9397);
#2485=VERTEX_POINT('',#9399);
#2486=VERTEX_POINT('',#9401);
#2487=VERTEX_POINT('',#9403);
#2488=VERTEX_POINT('',#9407);
#2489=VERTEX_POINT('',#9408);
#2490=VERTEX_POINT('',#9416);
#2491=VERTEX_POINT('',#9418);
#2492=VERTEX_POINT('',#9427);
#2493=VERTEX_POINT('',#9429);
#2494=VERTEX_POINT('',#9431);
#2495=VERTEX_POINT('',#9441);
#2496=VERTEX_POINT('',#9452);
#2497=VERTEX_POINT('',#9463);
#2498=VERTEX_POINT('',#9467);
#2499=VERTEX_POINT('',#9478);
#2500=VERTEX_POINT('',#9480);
#2501=VERTEX_POINT('',#9487);
#2502=VERTEX_POINT('',#9488);
#2503=VERTEX_POINT('',#9499);
#2504=VERTEX_POINT('',#9501);
#2505=VERTEX_POINT('',#9503);
#2506=VERTEX_POINT('',#9505);
#2507=VERTEX_POINT('',#9511);
#2508=VERTEX_POINT('',#9515);
#2509=VERTEX_POINT('',#9518);
#2510=VERTEX_POINT('',#9524);
#2511=VERTEX_POINT('',#9526);
#2512=VERTEX_POINT('',#9530);
#2513=VERTEX_POINT('',#9534);
#2514=VERTEX_POINT('',#9541);
#2515=VERTEX_POINT('',#9545);
#2516=VERTEX_POINT('',#9548);
#2517=VERTEX_POINT('',#9552);
#2518=VERTEX_POINT('',#9555);
#2519=VERTEX_POINT('',#9559);
#2520=VERTEX_POINT('',#9568);
#2521=VERTEX_POINT('',#9570);
#2522=VERTEX_POINT('',#9574);
#2523=VERTEX_POINT('',#9578);
#2524=VERTEX_POINT('',#9580);
#2525=VERTEX_POINT('',#9584);
#2526=VERTEX_POINT('',#9588);
#2527=VERTEX_POINT('',#9594);
#2528=VERTEX_POINT('',#9605);
#2529=VERTEX_POINT('',#9608);
#2530=VERTEX_POINT('',#9610);
#2531=VERTEX_POINT('',#9612);
#2532=VERTEX_POINT('',#9616);
#2533=VERTEX_POINT('',#9618);
#2534=VERTEX_POINT('',#9622);
#2535=VERTEX_POINT('',#9624);
#2536=VERTEX_POINT('',#9628);
#2537=VERTEX_POINT('',#9630);
#2538=VERTEX_POINT('',#9634);
#2539=VERTEX_POINT('',#9636);
#2540=VERTEX_POINT('',#9640);
#2541=VERTEX_POINT('',#9642);
#2542=VERTEX_POINT('',#9650);
#2543=VERTEX_POINT('',#9653);
#2544=VERTEX_POINT('',#9655);
#2545=VERTEX_POINT('',#9657);
#2546=VERTEX_POINT('',#9661);
#2547=VERTEX_POINT('',#9663);
#2548=VERTEX_POINT('',#9667);
#2549=VERTEX_POINT('',#9669);
#2550=VERTEX_POINT('',#9673);
#2551=VERTEX_POINT('',#9675);
#2552=VERTEX_POINT('',#9679);
#2553=VERTEX_POINT('',#9681);
#2554=VERTEX_POINT('',#9685);
#2555=VERTEX_POINT('',#9687);
#2556=VERTEX_POINT('',#9695);
#2557=VERTEX_POINT('',#9696);
#2558=VERTEX_POINT('',#9705);
#2559=VERTEX_POINT('',#9707);
#2560=VERTEX_POINT('',#9716);
#2561=VERTEX_POINT('',#9721);
#2562=VERTEX_POINT('',#9730);
#2563=VERTEX_POINT('',#9732);
#2564=VERTEX_POINT('',#9746);
#2565=VERTEX_POINT('',#9755);
#2566=EDGE_CURVE('',#2083,#2083,#1801,.T.);
#2567=EDGE_CURVE('',#2083,#2084,#1067,.T.);
#2568=EDGE_CURVE('',#2084,#2084,#1802,.T.);
#2569=EDGE_CURVE('',#2085,#2086,#1803,.T.);
#2570=EDGE_CURVE('',#2086,#2085,#1804,.T.);
#2571=EDGE_CURVE('',#2085,#2087,#1068,.T.);
#2572=EDGE_CURVE('',#2088,#2087,#1805,.T.);
#2573=EDGE_CURVE('',#2087,#2088,#1806,.T.);
#2574=EDGE_CURVE('',#2089,#2089,#1807,.T.);
#2575=EDGE_CURVE('',#2090,#2090,#1808,.T.);
#2576=EDGE_CURVE('',#2089,#2091,#1069,.T.);
#2577=EDGE_CURVE('',#2092,#2091,#1809,.T.);
#2578=EDGE_CURVE('',#2091,#2092,#1810,.T.);
#2579=EDGE_CURVE('',#2092,#2086,#1070,.T.);
#2580=EDGE_CURVE('',#2093,#2094,#1811,.T.);
#2581=EDGE_CURVE('',#2094,#2090,#1071,.T.);
#2582=EDGE_CURVE('',#2094,#2093,#1812,.T.);
#2583=EDGE_CURVE('',#2088,#2093,#1072,.T.);
#2584=EDGE_CURVE('',#2095,#2095,#1813,.T.);
#2585=EDGE_CURVE('',#2096,#2096,#1814,.T.);
#2586=EDGE_CURVE('',#2097,#2097,#1815,.T.);
#2587=EDGE_CURVE('',#2098,#2098,#1816,.T.);
#2588=EDGE_CURVE('',#2098,#2096,#1073,.T.);
#2589=EDGE_CURVE('',#2097,#2095,#1074,.T.);
#2590=EDGE_CURVE('',#2099,#2100,#1075,.T.);
#2591=EDGE_CURVE('',#2101,#2099,#1076,.T.);
#2592=EDGE_CURVE('',#2102,#2101,#1077,.T.);
#2593=EDGE_CURVE('',#2103,#2102,#1078,.T.);
#2594=EDGE_CURVE('',#2104,#2103,#1079,.T.);
#2595=EDGE_CURVE('',#2100,#2104,#1080,.T.);
#2596=EDGE_CURVE('',#2104,#2105,#1081,.T.);
#2597=EDGE_CURVE('',#2103,#2106,#1082,.T.);
#2598=EDGE_CURVE('',#2105,#2106,#1083,.T.);
#2599=EDGE_CURVE('',#2100,#2107,#1084,.T.);
#2600=EDGE_CURVE('',#2107,#2105,#1085,.T.);
#2601=EDGE_CURVE('',#2102,#2108,#1086,.T.);
#2602=EDGE_CURVE('',#2106,#2108,#1087,.T.);
#2603=EDGE_CURVE('',#2108,#2109,#1088,.T.);
#2604=EDGE_CURVE('',#2109,#2110,#1089,.T.);
#2605=EDGE_CURVE('',#2110,#2107,#1090,.T.);
#2606=EDGE_CURVE('',#2099,#2110,#1091,.T.);
#2607=EDGE_CURVE('',#2101,#2109,#1092,.T.);
#2608=EDGE_CURVE('',#2111,#2111,#1817,.T.);
#2609=EDGE_CURVE('',#2112,#2112,#1818,.T.);
#2610=EDGE_CURVE('',#2113,#2113,#1819,.T.);
#2611=EDGE_CURVE('',#2114,#2114,#1820,.T.);
#2612=EDGE_CURVE('',#2114,#2112,#1093,.T.);
#2613=EDGE_CURVE('',#2113,#2111,#1094,.T.);
#2614=EDGE_CURVE('',#2115,#2116,#1095,.T.);
#2615=EDGE_CURVE('',#2117,#2115,#1096,.T.);
#2616=EDGE_CURVE('',#2118,#2117,#1097,.T.);
#2617=EDGE_CURVE('',#2119,#2118,#1098,.T.);
#2618=EDGE_CURVE('',#2120,#2119,#1099,.T.);
#2619=EDGE_CURVE('',#2116,#2120,#1100,.T.);
#2620=EDGE_CURVE('',#2120,#2121,#1101,.T.);
#2621=EDGE_CURVE('',#2119,#2122,#1102,.T.);
#2622=EDGE_CURVE('',#2121,#2122,#1103,.T.);
#2623=EDGE_CURVE('',#2116,#2123,#1104,.T.);
#2624=EDGE_CURVE('',#2123,#2121,#1105,.T.);
#2625=EDGE_CURVE('',#2118,#2124,#1106,.T.);
#2626=EDGE_CURVE('',#2122,#2124,#1107,.T.);
#2627=EDGE_CURVE('',#2124,#2125,#1108,.T.);
#2628=EDGE_CURVE('',#2125,#2126,#1109,.T.);
#2629=EDGE_CURVE('',#2126,#2123,#1110,.T.);
#2630=EDGE_CURVE('',#2115,#2126,#1111,.T.);
#2631=EDGE_CURVE('',#2117,#2125,#1112,.T.);
#2632=EDGE_CURVE('',#2127,#2128,#1113,.T.);
#2633=EDGE_CURVE('',#2129,#2128,#1114,.T.);
#2634=EDGE_CURVE('',#2130,#2129,#143,.T.);
#2635=EDGE_CURVE('',#2127,#2130,#1115,.T.);
#2636=EDGE_CURVE('',#2131,#2132,#1116,.T.);
#2637=EDGE_CURVE('',#2133,#2132,#1117,.T.);
#2638=EDGE_CURVE('',#2133,#2134,#1118,.T.);
#2639=EDGE_CURVE('',#2131,#2134,#1119,.T.);
#2640=EDGE_CURVE('',#2134,#2135,#1120,.T.);
#2641=EDGE_CURVE('',#2135,#2136,#1121,.T.);
#2642=EDGE_CURVE('',#2136,#2127,#1122,.T.);
#2643=EDGE_CURVE('',#2137,#2130,#144,.T.);
#2644=EDGE_CURVE('',#2137,#2138,#1123,.T.);
#2645=EDGE_CURVE('',#2139,#2138,#1821,.T.);
#2646=EDGE_CURVE('',#2139,#2140,#1124,.T.);
#2647=EDGE_CURVE('',#2140,#2141,#1125,.T.);
#2648=EDGE_CURVE('',#2141,#2142,#1126,.T.);
#2649=EDGE_CURVE('',#2142,#2143,#1127,.T.);
#2650=EDGE_CURVE('',#2143,#2144,#1128,.T.);
#2651=EDGE_CURVE('',#2144,#2145,#1129,.T.);
#2652=EDGE_CURVE('',#2145,#2146,#1130,.T.);
#2653=EDGE_CURVE('',#2146,#2147,#1131,.T.);
#2654=EDGE_CURVE('',#2147,#2148,#1132,.T.);
#2655=EDGE_CURVE('',#2148,#2149,#1133,.T.);
#2656=EDGE_CURVE('',#2149,#2150,#1822,.T.);
#2657=EDGE_CURVE('',#2150,#2151,#1823,.T.);
#2658=EDGE_CURVE('',#2151,#2152,#1824,.T.);
#2659=EDGE_CURVE('',#2152,#2153,#1134,.T.);
#2660=EDGE_CURVE('',#2153,#2154,#1825,.T.);
#2661=EDGE_CURVE('',#2154,#2155,#145,.T.);
#2662=EDGE_CURVE('',#2155,#2156,#1826,.T.);
#2663=EDGE_CURVE('',#2156,#2157,#146,.T.);
#2664=EDGE_CURVE('',#2157,#2158,#1827,.T.);
#2665=EDGE_CURVE('',#2158,#2159,#1828,.T.);
#2666=EDGE_CURVE('',#2159,#2160,#147,.T.);
#2667=EDGE_CURVE('',#2160,#2161,#1829,.T.);
#2668=EDGE_CURVE('',#2161,#2162,#1830,.T.);
#2669=EDGE_CURVE('',#2162,#2163,#148,.T.);
#2670=EDGE_CURVE('',#2163,#2164,#1831,.T.);
#2671=EDGE_CURVE('',#2164,#2165,#1832,.T.);
#2672=EDGE_CURVE('',#2165,#2166,#149,.T.);
#2673=EDGE_CURVE('',#2166,#2167,#1833,.T.);
#2674=EDGE_CURVE('',#2167,#2168,#150,.T.);
#2675=EDGE_CURVE('',#2168,#2169,#1834,.T.);
#2676=EDGE_CURVE('',#2169,#2170,#1835,.T.);
#2677=EDGE_CURVE('',#2170,#2171,#151,.T.);
#2678=EDGE_CURVE('',#2171,#2172,#1836,.T.);
#2679=EDGE_CURVE('',#2172,#2173,#152,.T.);
#2680=EDGE_CURVE('',#2173,#2174,#1837,.T.);
#2681=EDGE_CURVE('',#2174,#2175,#1838,.T.);
#2682=EDGE_CURVE('',#2175,#2176,#153,.T.);
#2683=EDGE_CURVE('',#2176,#2177,#1839,.T.);
#2684=EDGE_CURVE('',#2177,#2178,#154,.T.);
#2685=EDGE_CURVE('',#2178,#2179,#1840,.T.);
#2686=EDGE_CURVE('',#2179,#2180,#1841,.T.);
#2687=EDGE_CURVE('',#2180,#2181,#155,.T.);
#2688=EDGE_CURVE('',#2181,#2182,#1842,.T.);
#2689=EDGE_CURVE('',#2182,#2183,#156,.T.);
#2690=EDGE_CURVE('',#2183,#2184,#1843,.T.);
#2691=EDGE_CURVE('',#2184,#2185,#1844,.T.);
#2692=EDGE_CURVE('',#2185,#2186,#157,.T.);
#2693=EDGE_CURVE('',#2186,#2187,#1845,.T.);
#2694=EDGE_CURVE('',#2187,#2188,#158,.T.);
#2695=EDGE_CURVE('',#2188,#2189,#1846,.T.);
#2696=EDGE_CURVE('',#2189,#2190,#1847,.T.);
#2697=EDGE_CURVE('',#2190,#2131,#159,.T.);
#2698=EDGE_CURVE('',#2191,#2191,#1848,.T.);
#2699=EDGE_CURVE('',#2192,#2192,#1849,.T.);
#2700=EDGE_CURVE('',#2193,#2193,#1850,.T.);
#2701=EDGE_CURVE('',#2194,#2194,#1851,.T.);
#2702=EDGE_CURVE('',#2195,#2195,#1852,.T.);
#2703=EDGE_CURVE('',#2196,#2196,#1853,.T.);
#2704=EDGE_CURVE('',#2129,#2197,#160,.T.);
#2705=EDGE_CURVE('',#2197,#2137,#1854,.T.);
#2706=EDGE_CURVE('',#2138,#2198,#1135,.T.);
#2707=EDGE_CURVE('',#2198,#2199,#1855,.T.);
#2708=EDGE_CURVE('',#2199,#2139,#1136,.T.);
#2709=EDGE_CURVE('',#2200,#2199,#1137,.T.);
#2710=EDGE_CURVE('',#2200,#2140,#1138,.T.);
#2711=EDGE_CURVE('',#2132,#2201,#161,.T.);
#2712=EDGE_CURVE('',#2201,#2202,#1856,.T.);
#2713=EDGE_CURVE('',#2202,#2203,#1857,.T.);
#2714=EDGE_CURVE('',#2203,#2204,#162,.T.);
#2715=EDGE_CURVE('',#2204,#2205,#1858,.T.);
#2716=EDGE_CURVE('',#2205,#2206,#163,.T.);
#2717=EDGE_CURVE('',#2206,#2207,#1859,.T.);
#2718=EDGE_CURVE('',#2207,#2208,#1860,.T.);
#2719=EDGE_CURVE('',#2208,#2209,#164,.T.);
#2720=EDGE_CURVE('',#2209,#2210,#1861,.T.);
#2721=EDGE_CURVE('',#2210,#2211,#165,.T.);
#2722=EDGE_CURVE('',#2211,#2212,#1862,.T.);
#2723=EDGE_CURVE('',#2212,#2213,#1863,.T.);
#2724=EDGE_CURVE('',#2213,#2214,#166,.T.);
#2725=EDGE_CURVE('',#2214,#2215,#1864,.T.);
#2726=EDGE_CURVE('',#2215,#2216,#167,.T.);
#2727=EDGE_CURVE('',#2216,#2217,#1865,.T.);
#2728=EDGE_CURVE('',#2217,#2218,#1866,.T.);
#2729=EDGE_CURVE('',#2218,#2219,#168,.T.);
#2730=EDGE_CURVE('',#2219,#2220,#1867,.T.);
#2731=EDGE_CURVE('',#2220,#2221,#169,.T.);
#2732=EDGE_CURVE('',#2221,#2222,#1868,.T.);
#2733=EDGE_CURVE('',#2222,#2223,#1869,.T.);
#2734=EDGE_CURVE('',#2223,#2224,#170,.T.);
#2735=EDGE_CURVE('',#2224,#2225,#1870,.T.);
#2736=EDGE_CURVE('',#2225,#2226,#171,.T.);
#2737=EDGE_CURVE('',#2226,#2227,#1871,.T.);
#2738=EDGE_CURVE('',#2227,#2228,#1872,.T.);
#2739=EDGE_CURVE('',#2228,#2229,#172,.T.);
#2740=EDGE_CURVE('',#2229,#2230,#1873,.T.);
#2741=EDGE_CURVE('',#2230,#2231,#1874,.T.);
#2742=EDGE_CURVE('',#2231,#2232,#173,.T.);
#2743=EDGE_CURVE('',#2232,#2233,#1875,.T.);
#2744=EDGE_CURVE('',#2233,#2234,#1876,.T.);
#2745=EDGE_CURVE('',#2234,#2235,#174,.T.);
#2746=EDGE_CURVE('',#2235,#2236,#1877,.T.);
#2747=EDGE_CURVE('',#2236,#2237,#175,.T.);
#2748=EDGE_CURVE('',#2237,#2238,#1878,.T.);
#2749=EDGE_CURVE('',#2238,#2239,#1139,.T.);
#2750=EDGE_CURVE('',#2239,#2240,#1879,.T.);
#2751=EDGE_CURVE('',#2240,#2241,#1880,.T.);
#2752=EDGE_CURVE('',#2241,#2242,#1881,.T.);
#2753=EDGE_CURVE('',#2242,#2243,#1140,.T.);
#2754=EDGE_CURVE('',#2243,#2244,#1141,.T.);
#2755=EDGE_CURVE('',#2244,#2245,#1142,.T.);
#2756=EDGE_CURVE('',#2245,#2246,#1143,.T.);
#2757=EDGE_CURVE('',#2246,#2247,#1144,.T.);
#2758=EDGE_CURVE('',#2247,#2248,#1145,.T.);
#2759=EDGE_CURVE('',#2248,#2249,#1146,.T.);
#2760=EDGE_CURVE('',#2249,#2250,#1147,.T.);
#2761=EDGE_CURVE('',#2250,#2200,#1148,.T.);
#2762=EDGE_CURVE('',#2198,#2197,#1149,.T.);
#2763=EDGE_CURVE('',#2128,#2251,#1150,.T.);
#2764=EDGE_CURVE('',#2251,#2252,#1151,.T.);
#2765=EDGE_CURVE('',#2252,#2133,#1152,.T.);
#2766=EDGE_CURVE('',#2253,#2253,#1882,.T.);
#2767=EDGE_CURVE('',#2254,#2254,#1883,.T.);
#2768=EDGE_CURVE('',#2255,#2255,#1884,.T.);
#2769=EDGE_CURVE('',#2256,#2256,#1885,.T.);
#2770=EDGE_CURVE('',#2257,#2257,#1886,.T.);
#2771=EDGE_CURVE('',#2258,#2258,#1887,.T.);
#2772=EDGE_CURVE('',#2247,#2144,#1153,.T.);
#2773=EDGE_CURVE('',#2246,#2145,#1154,.T.);
#2774=EDGE_CURVE('',#2245,#2146,#1155,.T.);
#2775=EDGE_CURVE('',#2147,#2244,#1156,.T.);
#2776=EDGE_CURVE('',#2250,#2141,#1157,.T.);
#2777=EDGE_CURVE('',#2249,#2142,#1158,.T.);
#2778=EDGE_CURVE('',#2143,#2248,#1159,.T.);
#2779=EDGE_CURVE('',#2252,#2135,#1160,.T.);
#2780=EDGE_CURVE('',#2251,#2136,#1161,.T.);
#2781=EDGE_CURVE('',#2259,#2259,#1888,.T.);
#2782=EDGE_CURVE('',#2259,#2191,#1162,.T.);
#2783=EDGE_CURVE('',#2260,#2260,#1889,.T.);
#2784=EDGE_CURVE('',#2260,#2192,#1163,.T.);
#2785=EDGE_CURVE('',#2261,#2261,#1890,.T.);
#2786=EDGE_CURVE('',#2261,#2193,#1164,.T.);
#2787=EDGE_CURVE('',#2262,#2262,#1891,.T.);
#2788=EDGE_CURVE('',#2262,#2253,#1165,.T.);
#2789=EDGE_CURVE('',#2263,#2263,#1892,.T.);
#2790=EDGE_CURVE('',#2263,#2254,#1166,.T.);
#2791=EDGE_CURVE('',#2264,#2264,#1893,.T.);
#2792=EDGE_CURVE('',#2264,#2255,#1167,.T.);
#2793=EDGE_CURVE('',#2265,#2265,#1894,.T.);
#2794=EDGE_CURVE('',#2265,#2266,#1168,.T.);
#2795=EDGE_CURVE('',#2266,#2266,#1895,.T.);
#2796=EDGE_CURVE('',#2267,#2267,#1896,.T.);
#2797=EDGE_CURVE('',#2267,#2268,#1169,.T.);
#2798=EDGE_CURVE('',#2268,#2268,#1897,.T.);
#2799=EDGE_CURVE('',#2269,#2269,#1898,.T.);
#2800=EDGE_CURVE('',#2269,#2270,#1170,.T.);
#2801=EDGE_CURVE('',#2270,#2270,#1899,.T.);
#2802=EDGE_CURVE('',#2271,#2271,#1900,.T.);
#2803=EDGE_CURVE('',#2271,#2272,#1171,.T.);
#2804=EDGE_CURVE('',#2272,#2272,#1901,.T.);
#2805=EDGE_CURVE('',#2273,#2273,#1902,.T.);
#2806=EDGE_CURVE('',#2273,#2274,#1172,.T.);
#2807=EDGE_CURVE('',#2274,#2274,#1903,.T.);
#2808=EDGE_CURVE('',#2275,#2275,#1904,.T.);
#2809=EDGE_CURVE('',#2275,#2276,#1173,.T.);
#2810=EDGE_CURVE('',#2276,#2276,#1905,.T.);
#2811=EDGE_CURVE('',#2277,#2277,#1906,.T.);
#2812=EDGE_CURVE('',#2277,#2278,#1174,.T.);
#2813=EDGE_CURVE('',#2278,#2278,#1907,.T.);
#2814=EDGE_CURVE('',#2194,#2279,#1175,.T.);
#2815=EDGE_CURVE('',#2279,#2279,#1908,.T.);
#2816=EDGE_CURVE('',#2195,#2280,#1176,.T.);
#2817=EDGE_CURVE('',#2280,#2280,#1909,.T.);
#2818=EDGE_CURVE('',#2196,#2281,#1177,.T.);
#2819=EDGE_CURVE('',#2281,#2281,#1910,.T.);
#2820=EDGE_CURVE('',#2256,#2282,#1178,.T.);
#2821=EDGE_CURVE('',#2282,#2282,#1911,.T.);
#2822=EDGE_CURVE('',#2257,#2283,#1179,.T.);
#2823=EDGE_CURVE('',#2283,#2283,#1912,.T.);
#2824=EDGE_CURVE('',#2258,#2284,#1180,.T.);
#2825=EDGE_CURVE('',#2284,#2284,#1913,.T.);
#2826=EDGE_CURVE('',#2285,#2286,#176,.T.);
#2827=EDGE_CURVE('',#2287,#2285,#1914,.T.);
#2828=EDGE_CURVE('',#2288,#2287,#1181,.T.);
#2829=EDGE_CURVE('',#2289,#2288,#1915,.T.);
#2830=EDGE_CURVE('',#2290,#2289,#1182,.T.);
#2831=EDGE_CURVE('',#2291,#2290,#1916,.T.);
#2832=EDGE_CURVE('',#2292,#2291,#1917,.T.);
#2833=EDGE_CURVE('',#2293,#2292,#177,.T.);
#2834=EDGE_CURVE('',#2294,#2293,#1918,.T.);
#2835=EDGE_CURVE('',#2295,#2294,#178,.T.);
#2836=EDGE_CURVE('',#2296,#2295,#1919,.T.);
#2837=EDGE_CURVE('',#2297,#2296,#1920,.T.);
#2838=EDGE_CURVE('',#2298,#2297,#179,.T.);
#2839=EDGE_CURVE('',#2299,#2298,#1921,.T.);
#2840=EDGE_CURVE('',#2300,#2299,#180,.T.);
#2841=EDGE_CURVE('',#2301,#2300,#1922,.T.);
#2842=EDGE_CURVE('',#2302,#2301,#1923,.T.);
#2843=EDGE_CURVE('',#2303,#2302,#181,.T.);
#2844=EDGE_CURVE('',#2304,#2303,#1924,.T.);
#2845=EDGE_CURVE('',#2305,#2304,#182,.T.);
#2846=EDGE_CURVE('',#2306,#2305,#1925,.T.);
#2847=EDGE_CURVE('',#2307,#2306,#1926,.T.);
#2848=EDGE_CURVE('',#2308,#2307,#183,.T.);
#2849=EDGE_CURVE('',#2309,#2308,#1927,.T.);
#2850=EDGE_CURVE('',#2310,#2309,#184,.T.);
#2851=EDGE_CURVE('',#2311,#2310,#1928,.T.);
#2852=EDGE_CURVE('',#2286,#2311,#1929,.T.);
#2853=EDGE_CURVE('',#2290,#2312,#1183,.T.);
#2854=EDGE_CURVE('',#2289,#2313,#1184,.T.);
#2855=EDGE_CURVE('',#2313,#2312,#1185,.T.);
#2856=EDGE_CURVE('',#2288,#2314,#1186,.T.);
#2857=EDGE_CURVE('',#2314,#2313,#1930,.T.);
#2858=EDGE_CURVE('',#2287,#2315,#1187,.T.);
#2859=EDGE_CURVE('',#2315,#2314,#1188,.T.);
#2860=EDGE_CURVE('',#2316,#2317,#185,.T.);
#2861=EDGE_CURVE('',#2318,#2316,#1931,.T.);
#2862=EDGE_CURVE('',#2319,#2318,#1932,.T.);
#2863=EDGE_CURVE('',#2320,#2319,#186,.T.);
#2864=EDGE_CURVE('',#2321,#2320,#1933,.T.);
#2865=EDGE_CURVE('',#2322,#2321,#187,.T.);
#2866=EDGE_CURVE('',#2323,#2322,#1934,.T.);
#2867=EDGE_CURVE('',#2324,#2323,#1935,.T.);
#2868=EDGE_CURVE('',#2325,#2324,#188,.T.);
#2869=EDGE_CURVE('',#2326,#2325,#1936,.T.);
#2870=EDGE_CURVE('',#2327,#2326,#189,.T.);
#2871=EDGE_CURVE('',#2328,#2327,#1937,.T.);
#2872=EDGE_CURVE('',#2329,#2328,#1938,.T.);
#2873=EDGE_CURVE('',#2330,#2329,#190,.T.);
#2874=EDGE_CURVE('',#2331,#2330,#1939,.T.);
#2875=EDGE_CURVE('',#2332,#2331,#191,.T.);
#2876=EDGE_CURVE('',#2333,#2332,#1940,.T.);
#2877=EDGE_CURVE('',#2334,#2333,#1941,.T.);
#2878=EDGE_CURVE('',#2335,#2334,#192,.T.);
#2879=EDGE_CURVE('',#2336,#2335,#1942,.T.);
#2880=EDGE_CURVE('',#2337,#2336,#193,.T.);
#2881=EDGE_CURVE('',#2338,#2337,#1943,.T.);
#2882=EDGE_CURVE('',#2312,#2338,#1944,.T.);
#2883=EDGE_CURVE('',#2317,#2315,#1945,.T.);
#2884=EDGE_CURVE('',#2184,#2291,#1189,.T.);
#2885=EDGE_CURVE('',#2183,#2292,#1190,.T.);
#2886=EDGE_CURVE('',#2337,#2208,#1191,.T.);
#2887=EDGE_CURVE('',#2338,#2207,#1192,.T.);
#2888=EDGE_CURVE('',#2182,#2293,#1193,.T.);
#2889=EDGE_CURVE('',#2336,#2209,#1194,.T.);
#2890=EDGE_CURVE('',#2181,#2294,#1195,.T.);
#2891=EDGE_CURVE('',#2335,#2210,#1196,.T.);
#2892=EDGE_CURVE('',#2180,#2295,#1197,.T.);
#2893=EDGE_CURVE('',#2334,#2211,#1198,.T.);
#2894=EDGE_CURVE('',#2179,#2296,#1199,.T.);
#2895=EDGE_CURVE('',#2333,#2212,#1200,.T.);
#2896=EDGE_CURVE('',#2178,#2297,#1201,.T.);
#2897=EDGE_CURVE('',#2332,#2213,#1202,.T.);
#2898=EDGE_CURVE('',#2177,#2298,#1203,.T.);
#2899=EDGE_CURVE('',#2331,#2214,#1204,.T.);
#2900=EDGE_CURVE('',#2176,#2299,#1205,.T.);
#2901=EDGE_CURVE('',#2330,#2215,#1206,.T.);
#2902=EDGE_CURVE('',#2175,#2300,#1207,.T.);
#2903=EDGE_CURVE('',#2329,#2216,#1208,.T.);
#2904=EDGE_CURVE('',#2174,#2301,#1209,.T.);
#2905=EDGE_CURVE('',#2328,#2217,#1210,.T.);
#2906=EDGE_CURVE('',#2173,#2302,#1211,.T.);
#2907=EDGE_CURVE('',#2327,#2218,#1212,.T.);
#2908=EDGE_CURVE('',#2172,#2303,#1213,.T.);
#2909=EDGE_CURVE('',#2326,#2219,#1214,.T.);
#2910=EDGE_CURVE('',#2171,#2304,#1215,.T.);
#2911=EDGE_CURVE('',#2325,#2220,#1216,.T.);
#2912=EDGE_CURVE('',#2170,#2305,#1217,.T.);
#2913=EDGE_CURVE('',#2324,#2221,#1218,.T.);
#2914=EDGE_CURVE('',#2169,#2306,#1219,.T.);
#2915=EDGE_CURVE('',#2323,#2222,#1220,.T.);
#2916=EDGE_CURVE('',#2168,#2307,#1221,.T.);
#2917=EDGE_CURVE('',#2322,#2223,#1222,.T.);
#2918=EDGE_CURVE('',#2167,#2308,#1223,.T.);
#2919=EDGE_CURVE('',#2321,#2224,#1224,.T.);
#2920=EDGE_CURVE('',#2166,#2309,#1225,.T.);
#2921=EDGE_CURVE('',#2320,#2225,#1226,.T.);
#2922=EDGE_CURVE('',#2165,#2310,#1227,.T.);
#2923=EDGE_CURVE('',#2319,#2226,#1228,.T.);
#2924=EDGE_CURVE('',#2164,#2311,#1229,.T.);
#2925=EDGE_CURVE('',#2318,#2227,#1230,.T.);
#2926=EDGE_CURVE('',#2163,#2286,#1231,.T.);
#2927=EDGE_CURVE('',#2316,#2228,#1232,.T.);
#2928=EDGE_CURVE('',#2162,#2285,#1233,.T.);
#2929=EDGE_CURVE('',#2317,#2229,#1234,.T.);
#2930=EDGE_CURVE('',#2161,#2287,#1235,.T.);
#2931=EDGE_CURVE('',#2315,#2230,#1236,.T.);
#2932=EDGE_CURVE('',#2148,#2243,#1237,.T.);
#2933=EDGE_CURVE('',#2149,#2242,#1238,.T.);
#2934=EDGE_CURVE('',#2150,#2241,#1239,.T.);
#2935=EDGE_CURVE('',#2151,#2240,#1240,.T.);
#2936=EDGE_CURVE('',#2152,#2239,#1241,.T.);
#2937=EDGE_CURVE('',#2153,#2238,#1242,.T.);
#2938=EDGE_CURVE('',#2154,#2237,#1243,.T.);
#2939=EDGE_CURVE('',#2155,#2236,#1244,.T.);
#2940=EDGE_CURVE('',#2156,#2235,#1245,.T.);
#2941=EDGE_CURVE('',#2157,#2234,#1246,.T.);
#2942=EDGE_CURVE('',#2158,#2233,#1247,.T.);
#2943=EDGE_CURVE('',#2159,#2232,#1248,.T.);
#2944=EDGE_CURVE('',#2160,#2231,#1249,.T.);
#2945=EDGE_CURVE('',#2185,#2206,#1250,.T.);
#2946=EDGE_CURVE('',#2186,#2205,#1251,.T.);
#2947=EDGE_CURVE('',#2187,#2204,#1252,.T.);
#2948=EDGE_CURVE('',#2188,#2203,#1253,.T.);
#2949=EDGE_CURVE('',#2189,#2202,#1254,.T.);
#2950=EDGE_CURVE('',#2190,#2201,#1255,.T.);
#2951=EDGE_CURVE('',#2339,#2340,#194,.T.);
#2952=EDGE_CURVE('',#2340,#2341,#1946,.T.);
#2953=EDGE_CURVE('',#2341,#2342,#1947,.T.);
#2954=EDGE_CURVE('',#2342,#2339,#1948,.T.);
#2955=EDGE_CURVE('',#2341,#2343,#195,.T.);
#2956=EDGE_CURVE('',#2343,#2344,#1949,.T.);
#2957=EDGE_CURVE('',#2344,#2342,#196,.T.);
#2958=EDGE_CURVE('',#2345,#2346,#1950,.T.);
#2959=EDGE_CURVE('',#2346,#2344,#197,.T.);
#2960=EDGE_CURVE('',#2343,#2345,#198,.T.);
#2961=EDGE_CURVE('',#2347,#2348,#1951,.T.);
#2962=EDGE_CURVE('',#2348,#2346,#1256,.T.);
#2963=EDGE_CURVE('',#2345,#2347,#1257,.T.);
#2964=EDGE_CURVE('',#2349,#2350,#1952,.T.);
#2965=EDGE_CURVE('',#2350,#2348,#199,.T.);
#2966=EDGE_CURVE('',#2347,#2349,#200,.T.);
#2967=EDGE_CURVE('',#2351,#2352,#1953,.T.);
#2968=EDGE_CURVE('',#2352,#2350,#1954,.T.);
#2969=EDGE_CURVE('',#2349,#2351,#1955,.T.);
#2970=EDGE_CURVE('',#2353,#2354,#1956,.T.);
#2971=EDGE_CURVE('',#2354,#2352,#1258,.T.);
#2972=EDGE_CURVE('',#2351,#2353,#1259,.T.);
#2973=EDGE_CURVE('',#2355,#2356,#1957,.T.);
#2974=EDGE_CURVE('',#2356,#2354,#1958,.T.);
#2975=EDGE_CURVE('',#2353,#2355,#1959,.T.);
#2976=EDGE_CURVE('',#2357,#2358,#1960,.T.);
#2977=EDGE_CURVE('',#2358,#2356,#1260,.T.);
#2978=EDGE_CURVE('',#2355,#2357,#1261,.T.);
#2979=EDGE_CURVE('',#2357,#2359,#1262,.T.);
#2980=EDGE_CURVE('',#2359,#2360,#1263,.T.);
#2981=EDGE_CURVE('',#2361,#2360,#1264,.T.);
#2982=EDGE_CURVE('',#2361,#2358,#1265,.T.);
#2983=EDGE_CURVE('',#2362,#2351,#1266,.T.);
#2984=EDGE_CURVE('',#2363,#2362,#1267,.T.);
#2985=EDGE_CURVE('',#2364,#2363,#1961,.T.);
#2986=EDGE_CURVE('',#2364,#2359,#1268,.T.);
#2987=EDGE_CURVE('',#2365,#2347,#1269,.T.);
#2988=EDGE_CURVE('',#2365,#2362,#1962,.T.);
#2989=EDGE_CURVE('',#2366,#2345,#1270,.T.);
#2990=EDGE_CURVE('',#2365,#2366,#1271,.T.);
#2991=EDGE_CURVE('',#2341,#2367,#1272,.T.);
#2992=EDGE_CURVE('',#2367,#2366,#1963,.T.);
#2993=EDGE_CURVE('',#2368,#2340,#1273,.T.);
#2994=EDGE_CURVE('',#2369,#2368,#1964,.T.);
#2995=EDGE_CURVE('',#2367,#2369,#1274,.T.);
#2996=EDGE_CURVE('',#2370,#2371,#1965,.T.);
#2997=EDGE_CURVE('',#2371,#2372,#1275,.T.);
#2998=EDGE_CURVE('',#2372,#2373,#1966,.T.);
#2999=EDGE_CURVE('',#2373,#2370,#1276,.T.);
#3000=EDGE_CURVE('',#2374,#2372,#1967,.T.);
#3001=EDGE_CURVE('',#2372,#2375,#1277,.T.);
#3002=EDGE_CURVE('',#2375,#2376,#1968,.T.);
#3003=EDGE_CURVE('',#2376,#2374,#1278,.T.);
#3004=EDGE_CURVE('',#2377,#2378,#201,.T.);
#3005=EDGE_CURVE('',#2378,#2379,#1969,.T.);
#3006=EDGE_CURVE('',#2379,#2375,#1970,.T.);
#3007=EDGE_CURVE('',#2375,#2377,#1971,.T.);
#3008=EDGE_CURVE('',#2379,#2376,#1972,.T.);
#3009=EDGE_CURVE('',#2374,#2373,#1973,.T.);
#3010=EDGE_CURVE('',#2361,#2380,#1279,.T.);
#3011=EDGE_CURVE('',#2381,#2380,#1280,.T.);
#3012=EDGE_CURVE('',#2382,#2381,#1281,.T.);
#3013=EDGE_CURVE('',#2383,#2382,#1282,.T.);
#3014=EDGE_CURVE('',#2383,#2384,#1283,.T.);
#3015=EDGE_CURVE('',#2385,#2384,#1284,.T.);
#3016=EDGE_CURVE('',#2386,#2385,#1285,.T.);
#3017=EDGE_CURVE('',#2370,#2386,#1286,.T.);
#3018=EDGE_CURVE('',#2356,#2373,#1287,.T.);
#3019=EDGE_CURVE('',#2374,#2387,#1288,.T.);
#3020=EDGE_CURVE('',#2387,#2388,#1289,.T.);
#3021=EDGE_CURVE('',#2388,#2354,#1290,.T.);
#3022=EDGE_CURVE('',#2388,#2389,#1974,.T.);
#3023=EDGE_CURVE('',#2389,#2388,#1975,.T.);
#3024=EDGE_CURVE('',#2387,#2390,#1976,.T.);
#3025=EDGE_CURVE('',#2390,#2387,#1977,.T.);
#3026=EDGE_CURVE('',#2350,#2376,#1291,.T.);
#3027=EDGE_CURVE('',#2391,#2391,#1978,.T.);
#3028=EDGE_CURVE('',#2379,#2344,#1292,.T.);
#3029=EDGE_CURVE('',#2339,#2378,#1293,.T.);
#3030=EDGE_CURVE('',#2368,#2392,#202,.T.);
#3031=EDGE_CURVE('',#2392,#2393,#1979,.T.);
#3032=EDGE_CURVE('',#2393,#2369,#1980,.T.);
#3033=EDGE_CURVE('',#2394,#2369,#203,.F.);
#3034=EDGE_CURVE('',#2393,#2395,#1981,.T.);
#3035=EDGE_CURVE('',#2395,#2394,#1982,.T.);
#3036=EDGE_CURVE('',#2396,#2394,#204,.F.);
#3037=EDGE_CURVE('',#2395,#2396,#1983,.T.);
#3038=EDGE_CURVE('',#2395,#2397,#1294,.T.);
#3039=EDGE_CURVE('',#2398,#2397,#205,.T.);
#3040=EDGE_CURVE('',#2398,#2399,#1295,.T.);
#3041=EDGE_CURVE('',#2400,#2399,#206,.F.);
#3042=EDGE_CURVE('',#2400,#2396,#1296,.T.);
#3043=EDGE_CURVE('',#2392,#2401,#1297,.T.);
#3044=EDGE_CURVE('',#2397,#2401,#1984,.T.);
#3045=EDGE_CURVE('',#2401,#2402,#207,.T.);
#3046=EDGE_CURVE('',#2402,#2403,#1985,.T.);
#3047=EDGE_CURVE('',#2398,#2403,#208,.T.);
#3048=EDGE_CURVE('',#2377,#2371,#1298,.T.);
#3049=EDGE_CURVE('',#2404,#2405,#209,.F.);
#3050=EDGE_CURVE('',#2404,#2406,#1299,.T.);
#3051=EDGE_CURVE('',#2407,#2406,#1986,.T.);
#3052=EDGE_CURVE('',#2407,#2364,#1300,.T.);
#3053=EDGE_CURVE('',#2363,#2408,#1301,.T.);
#3054=EDGE_CURVE('',#2409,#2408,#210,.F.);
#3055=EDGE_CURVE('',#2409,#2405,#1302,.T.);
#3056=EDGE_CURVE('',#2403,#2406,#1303,.T.);
#3057=EDGE_CURVE('',#2404,#2410,#1987,.T.);
#3058=EDGE_CURVE('',#2410,#2405,#1988,.T.);
#3059=EDGE_CURVE('',#2409,#2411,#1989,.T.);
#3060=EDGE_CURVE('',#2411,#2408,#1990,.T.);
#3061=EDGE_CURVE('',#2400,#2412,#1991,.T.);
#3062=EDGE_CURVE('',#2412,#2399,#1992,.T.);
#3063=EDGE_CURVE('',#2407,#2413,#1304,.T.);
#3064=EDGE_CURVE('',#2414,#2413,#1305,.T.);
#3065=EDGE_CURVE('',#2414,#2415,#1306,.T.);
#3066=EDGE_CURVE('',#2416,#2415,#1307,.T.);
#3067=EDGE_CURVE('',#2417,#2416,#1308,.T.);
#3068=EDGE_CURVE('',#2418,#2417,#1309,.T.);
#3069=EDGE_CURVE('',#2418,#2419,#1310,.T.);
#3070=EDGE_CURVE('',#2420,#2419,#1311,.T.);
#3071=EDGE_CURVE('',#2360,#2420,#1312,.T.);
#3072=EDGE_CURVE('',#2402,#2413,#1313,.T.);
#3073=EDGE_CURVE('',#2421,#2422,#1314,.T.);
#3074=EDGE_CURVE('',#2421,#2423,#1315,.T.);
#3075=EDGE_CURVE('',#2424,#2423,#1316,.T.);
#3076=EDGE_CURVE('',#2422,#2424,#1317,.T.);
#3077=EDGE_CURVE('',#2422,#2425,#1318,.T.);
#3078=EDGE_CURVE('',#2426,#2424,#1319,.T.);
#3079=EDGE_CURVE('',#2425,#2426,#1320,.T.);
#3080=EDGE_CURVE('',#2425,#2427,#1321,.T.);
#3081=EDGE_CURVE('',#2428,#2426,#1322,.T.);
#3082=EDGE_CURVE('',#2427,#2428,#1323,.T.);
#3083=EDGE_CURVE('',#2427,#2421,#1324,.T.);
#3084=EDGE_CURVE('',#2423,#2428,#1325,.T.);
#3085=EDGE_CURVE('',#2412,#2429,#1326,.T.);
#3086=EDGE_CURVE('',#2429,#2429,#1993,.T.);
#3087=EDGE_CURVE('',#2430,#2430,#1994,.T.);
#3088=EDGE_CURVE('',#2410,#2431,#1327,.T.);
#3089=EDGE_CURVE('',#2431,#2431,#1995,.T.);
#3090=EDGE_CURVE('',#2432,#2432,#1996,.T.);
#3091=EDGE_CURVE('',#2411,#2433,#1328,.T.);
#3092=EDGE_CURVE('',#2433,#2433,#1997,.T.);
#3093=EDGE_CURVE('',#2434,#2434,#1998,.T.);
#3094=EDGE_CURVE('',#2432,#2390,#1329,.T.);
#3095=EDGE_CURVE('',#2430,#2391,#1330,.T.);
#3096=EDGE_CURVE('',#2434,#2389,#1331,.T.);
#3097=EDGE_CURVE('',#2414,#2386,#1332,.T.);
#3098=EDGE_CURVE('',#2418,#2382,#1333,.T.);
#3099=EDGE_CURVE('',#2383,#2417,#1334,.T.);
#3100=EDGE_CURVE('',#2384,#2416,#1335,.T.);
#3101=EDGE_CURVE('',#2380,#2420,#1336,.T.);
#3102=EDGE_CURVE('',#2419,#2381,#1337,.T.);
#3103=EDGE_CURVE('',#2415,#2385,#1338,.T.);
#3104=EDGE_CURVE('',#2435,#2436,#211,.T.);
#3105=EDGE_CURVE('',#2436,#2437,#1999,.T.);
#3106=EDGE_CURVE('',#2437,#2438,#2000,.T.);
#3107=EDGE_CURVE('',#2438,#2435,#2001,.T.);
#3108=EDGE_CURVE('',#2439,#2440,#2002,.T.);
#3109=EDGE_CURVE('',#2440,#2438,#212,.T.);
#3110=EDGE_CURVE('',#2437,#2439,#213,.T.);
#3111=EDGE_CURVE('',#2439,#2441,#214,.T.);
#3112=EDGE_CURVE('',#2441,#2442,#2003,.T.);
#3113=EDGE_CURVE('',#2442,#2440,#215,.T.);
#3114=EDGE_CURVE('',#2443,#2444,#2004,.T.);
#3115=EDGE_CURVE('',#2444,#2442,#1339,.T.);
#3116=EDGE_CURVE('',#2441,#2443,#1340,.T.);
#3117=EDGE_CURVE('',#2443,#2445,#216,.T.);
#3118=EDGE_CURVE('',#2445,#2446,#2005,.T.);
#3119=EDGE_CURVE('',#2446,#2444,#217,.T.);
#3120=EDGE_CURVE('',#2447,#2448,#2006,.T.);
#3121=EDGE_CURVE('',#2448,#2446,#2007,.T.);
#3122=EDGE_CURVE('',#2445,#2447,#2008,.T.);
#3123=EDGE_CURVE('',#2449,#2450,#2009,.T.);
#3124=EDGE_CURVE('',#2450,#2448,#1341,.T.);
#3125=EDGE_CURVE('',#2447,#2449,#1342,.T.);
#3126=EDGE_CURVE('',#2451,#2452,#2010,.T.);
#3127=EDGE_CURVE('',#2452,#2450,#2011,.T.);
#3128=EDGE_CURVE('',#2449,#2451,#2012,.T.);
#3129=EDGE_CURVE('',#2453,#2454,#2013,.T.);
#3130=EDGE_CURVE('',#2454,#2452,#1343,.T.);
#3131=EDGE_CURVE('',#2451,#2453,#1344,.T.);
#3132=EDGE_CURVE('',#2449,#2455,#1345,.T.);
#3133=EDGE_CURVE('',#2455,#2456,#1346,.T.);
#3134=EDGE_CURVE('',#2457,#2456,#2014,.T.);
#3135=EDGE_CURVE('',#2457,#2451,#1347,.T.);
#3136=EDGE_CURVE('',#2458,#2445,#1348,.T.);
#3137=EDGE_CURVE('',#2456,#2458,#1349,.T.);
#3138=EDGE_CURVE('',#2455,#2459,#2015,.T.);
#3139=EDGE_CURVE('',#2459,#2455,#2016,.T.);
#3140=EDGE_CURVE('',#2460,#2460,#2017,.T.);
#3141=EDGE_CURVE('',#2461,#2461,#2018,.T.);
#3142=EDGE_CURVE('',#2439,#2462,#1350,.T.);
#3143=EDGE_CURVE('',#2458,#2462,#2019,.T.);
#3144=EDGE_CURVE('',#2436,#2463,#1351,.T.);
#3145=EDGE_CURVE('',#2462,#2463,#2020,.T.);
#3146=EDGE_CURVE('',#2464,#2435,#1352,.T.);
#3147=EDGE_CURVE('',#2464,#2465,#1353,.T.);
#3148=EDGE_CURVE('',#2466,#2465,#218,.T.);
#3149=EDGE_CURVE('',#2467,#2466,#1354,.T.);
#3150=EDGE_CURVE('',#2468,#2467,#1355,.T.);
#3151=EDGE_CURVE('',#2468,#2469,#1356,.T.);
#3152=EDGE_CURVE('',#2470,#2469,#1357,.T.);
#3153=EDGE_CURVE('',#2471,#2470,#2021,.T.);
#3154=EDGE_CURVE('',#2472,#2471,#1358,.T.);
#3155=EDGE_CURVE('',#2463,#2472,#219,.T.);
#3156=EDGE_CURVE('',#2473,#2474,#1359,.T.);
#3157=EDGE_CURVE('',#2474,#2475,#1360,.T.);
#3158=EDGE_CURVE('',#2475,#2476,#1361,.T.);
#3159=EDGE_CURVE('',#2476,#2473,#1362,.T.);
#3160=EDGE_CURVE('',#2438,#2477,#1363,.T.);
#3161=EDGE_CURVE('',#2478,#2477,#1364,.T.);
#3162=EDGE_CURVE('',#2478,#2464,#2022,.T.);
#3163=EDGE_CURVE('',#2472,#2479,#2023,.T.);
#3164=EDGE_CURVE('',#2479,#2462,#2024,.T.);
#3165=EDGE_CURVE('',#2480,#2456,#2025,.T.);
#3166=EDGE_CURVE('',#2458,#2479,#2026,.T.);
#3167=EDGE_CURVE('',#2479,#2480,#1365,.T.);
#3168=EDGE_CURVE('',#2470,#2457,#1366,.T.);
#3169=EDGE_CURVE('',#2457,#2480,#2027,.T.);
#3170=EDGE_CURVE('',#2480,#2471,#1367,.T.);
#3171=EDGE_CURVE('',#2469,#2481,#1368,.T.);
#3172=EDGE_CURVE('',#2481,#2482,#1369,.T.);
#3173=EDGE_CURVE('',#2483,#2482,#1370,.T.);
#3174=EDGE_CURVE('',#2483,#2484,#1371,.T.);
#3175=EDGE_CURVE('',#2484,#2485,#1372,.T.);
#3176=EDGE_CURVE('',#2485,#2486,#1373,.T.);
#3177=EDGE_CURVE('',#2487,#2486,#1374,.T.);
#3178=EDGE_CURVE('',#2487,#2453,#1375,.T.);
#3179=EDGE_CURVE('',#2488,#2489,#220,.F.);
#3180=EDGE_CURVE('',#2488,#2490,#1376,.T.);
#3181=EDGE_CURVE('',#2490,#2491,#221,.T.);
#3182=EDGE_CURVE('',#2491,#2492,#1377,.T.);
#3183=EDGE_CURVE('',#2492,#2493,#86,.T.);
#3184=EDGE_CURVE('',#2494,#2493,#222,.F.);
#3185=EDGE_CURVE('',#2494,#2489,#1378,.T.);
#3186=EDGE_CURVE('',#2493,#2495,#223,.F.);
#3187=EDGE_CURVE('',#2492,#2478,#224,.T.);
#3188=EDGE_CURVE('',#2477,#2496,#225,.T.);
#3189=EDGE_CURVE('',#2496,#2497,#2028,.T.);
#3190=EDGE_CURVE('',#2497,#2495,#1379,.T.);
#3191=EDGE_CURVE('',#2498,#2466,#2029,.T.);
#3192=EDGE_CURVE('',#2465,#2491,#2030,.T.);
#3193=EDGE_CURVE('',#2498,#2490,#226,.T.);
#3194=EDGE_CURVE('',#2499,#2448,#1380,.T.);
#3195=EDGE_CURVE('',#2500,#2499,#2031,.T.);
#3196=EDGE_CURVE('',#2500,#2444,#1381,.T.);
#3197=EDGE_CURVE('',#2442,#2496,#1382,.T.);
#3198=EDGE_CURVE('',#2501,#2502,#227,.F.);
#3199=EDGE_CURVE('',#2501,#2503,#1383,.T.);
#3200=EDGE_CURVE('',#2503,#2504,#2032,.T.);
#3201=EDGE_CURVE('',#2504,#2505,#1384,.T.);
#3202=EDGE_CURVE('',#2506,#2505,#2033,.T.);
#3203=EDGE_CURVE('',#2506,#2502,#1385,.T.);
#3204=EDGE_CURVE('',#2500,#2497,#1386,.T.);
#3205=EDGE_CURVE('',#2503,#2499,#1387,.T.);
#3206=EDGE_CURVE('',#2501,#2507,#2034,.T.);
#3207=EDGE_CURVE('',#2507,#2502,#2035,.T.);
#3208=EDGE_CURVE('',#2506,#2498,#1388,.T.);
#3209=EDGE_CURVE('',#2488,#2508,#2036,.T.);
#3210=EDGE_CURVE('',#2508,#2489,#2037,.T.);
#3211=EDGE_CURVE('',#2494,#2509,#2038,.T.);
#3212=EDGE_CURVE('',#2509,#2495,#2039,.T.);
#3213=EDGE_CURVE('',#2467,#2505,#1389,.T.);
#3214=EDGE_CURVE('',#2473,#2510,#1390,.T.);
#3215=EDGE_CURVE('',#2511,#2510,#1391,.T.);
#3216=EDGE_CURVE('',#2474,#2511,#1392,.T.);
#3217=EDGE_CURVE('',#2512,#2511,#1393,.T.);
#3218=EDGE_CURVE('',#2475,#2512,#1394,.T.);
#3219=EDGE_CURVE('',#2513,#2512,#1395,.T.);
#3220=EDGE_CURVE('',#2476,#2513,#1396,.T.);
#3221=EDGE_CURVE('',#2510,#2513,#1397,.T.);
#3222=EDGE_CURVE('',#2509,#2514,#1398,.T.);
#3223=EDGE_CURVE('',#2514,#2514,#2040,.T.);
#3224=EDGE_CURVE('',#2515,#2515,#2041,.T.);
#3225=EDGE_CURVE('',#2508,#2516,#1399,.T.);
#3226=EDGE_CURVE('',#2516,#2516,#2042,.T.);
#3227=EDGE_CURVE('',#2517,#2517,#2043,.T.);
#3228=EDGE_CURVE('',#2507,#2518,#1400,.T.);
#3229=EDGE_CURVE('',#2518,#2518,#2044,.T.);
#3230=EDGE_CURVE('',#2519,#2519,#2045,.T.);
#3231=EDGE_CURVE('',#2515,#2460,#1401,.T.);
#3232=EDGE_CURVE('',#2519,#2459,#1402,.T.);
#3233=EDGE_CURVE('',#2517,#2461,#1403,.T.);
#3234=EDGE_CURVE('',#2483,#2520,#1404,.T.);
#3235=EDGE_CURVE('',#2521,#2520,#1405,.T.);
#3236=EDGE_CURVE('',#2521,#2484,#1406,.T.);
#3237=EDGE_CURVE('',#2482,#2522,#1407,.T.);
#3238=EDGE_CURVE('',#2520,#2522,#1408,.T.);
#3239=EDGE_CURVE('',#2487,#2523,#1409,.T.);
#3240=EDGE_CURVE('',#2524,#2523,#1410,.T.);
#3241=EDGE_CURVE('',#2454,#2524,#1411,.T.);
#3242=EDGE_CURVE('',#2486,#2525,#1412,.T.);
#3243=EDGE_CURVE('',#2523,#2525,#1413,.T.);
#3244=EDGE_CURVE('',#2521,#2526,#1414,.T.);
#3245=EDGE_CURVE('',#2526,#2485,#1415,.T.);
#3246=EDGE_CURVE('',#2525,#2526,#1416,.T.);
#3247=EDGE_CURVE('',#2468,#2527,#1417,.T.);
#3248=EDGE_CURVE('',#2527,#2481,#1418,.T.);
#3249=EDGE_CURVE('',#2504,#2524,#1419,.T.);
#3250=EDGE_CURVE('',#2522,#2527,#1420,.T.);
#3251=EDGE_CURVE('',#2528,#2528,#2046,.T.);
#3252=EDGE_CURVE('',#2529,#2529,#2047,.T.);
#3253=EDGE_CURVE('',#2529,#2530,#1421,.T.);
#3254=EDGE_CURVE('',#2530,#2531,#2048,.T.);
#3255=EDGE_CURVE('',#2531,#2530,#2049,.T.);
#3256=EDGE_CURVE('',#2531,#2532,#2050,.T.);
#3257=EDGE_CURVE('',#2532,#2533,#2051,.T.);
#3258=EDGE_CURVE('',#2533,#2532,#2052,.T.);
#3259=EDGE_CURVE('',#2533,#2534,#1422,.T.);
#3260=EDGE_CURVE('',#2534,#2535,#2053,.T.);
#3261=EDGE_CURVE('',#2535,#2534,#2054,.T.);
#3262=EDGE_CURVE('',#2535,#2536,#2055,.T.);
#3263=EDGE_CURVE('',#2536,#2537,#2056,.T.);
#3264=EDGE_CURVE('',#2537,#2536,#2057,.T.);
#3265=EDGE_CURVE('',#2537,#2538,#1423,.T.);
#3266=EDGE_CURVE('',#2538,#2539,#2058,.T.);
#3267=EDGE_CURVE('',#2539,#2538,#2059,.T.);
#3268=EDGE_CURVE('',#2539,#2540,#2060,.T.);
#3269=EDGE_CURVE('',#2540,#2541,#2061,.T.);
#3270=EDGE_CURVE('',#2541,#2540,#2062,.T.);
#3271=EDGE_CURVE('',#2541,#2528,#1424,.T.);
#3272=EDGE_CURVE('',#2542,#2542,#2063,.T.);
#3273=EDGE_CURVE('',#2543,#2543,#2064,.T.);
#3274=EDGE_CURVE('',#2543,#2544,#1425,.T.);
#3275=EDGE_CURVE('',#2544,#2545,#2065,.T.);
#3276=EDGE_CURVE('',#2545,#2544,#2066,.T.);
#3277=EDGE_CURVE('',#2545,#2546,#2067,.T.);
#3278=EDGE_CURVE('',#2546,#2547,#2068,.T.);
#3279=EDGE_CURVE('',#2547,#2546,#2069,.T.);
#3280=EDGE_CURVE('',#2547,#2548,#1426,.T.);
#3281=EDGE_CURVE('',#2548,#2549,#2070,.T.);
#3282=EDGE_CURVE('',#2549,#2548,#2071,.T.);
#3283=EDGE_CURVE('',#2549,#2550,#2072,.T.);
#3284=EDGE_CURVE('',#2550,#2551,#2073,.T.);
#3285=EDGE_CURVE('',#2551,#2550,#2074,.T.);
#3286=EDGE_CURVE('',#2551,#2552,#1427,.T.);
#3287=EDGE_CURVE('',#2552,#2553,#2075,.T.);
#3288=EDGE_CURVE('',#2553,#2552,#2076,.T.);
#3289=EDGE_CURVE('',#2553,#2554,#2077,.T.);
#3290=EDGE_CURVE('',#2554,#2555,#2078,.T.);
#3291=EDGE_CURVE('',#2555,#2554,#2079,.T.);
#3292=EDGE_CURVE('',#2555,#2542,#1428,.T.);
#3293=EDGE_CURVE('',#2556,#2557,#228,.T.);
#3294=EDGE_CURVE('',#2557,#2558,#2080,.T.);
#3295=EDGE_CURVE('',#2558,#2559,#229,.T.);
#3296=EDGE_CURVE('',#2559,#2560,#230,.T.);
#3297=EDGE_CURVE('',#2560,#2561,#2081,.T.);
#3298=EDGE_CURVE('',#2561,#2556,#231,.T.);
#3299=EDGE_CURVE('',#2560,#2561,#1429,.T.);
#3300=EDGE_CURVE('',#2559,#2562,#1430,.T.);
#3301=EDGE_CURVE('',#2562,#2563,#232,.T.);
#3302=EDGE_CURVE('',#2556,#2563,#1431,.T.);
#3303=EDGE_CURVE('',#2564,#2563,#233,.T.);
#3304=EDGE_CURVE('',#2557,#2564,#1432,.T.);
#3305=EDGE_CURVE('',#2562,#2565,#234,.T.);
#3306=EDGE_CURVE('',#2565,#2564,#2082,.T.);
#3307=EDGE_CURVE('',#2558,#2565,#1433,.T.);
#3308=ORIENTED_EDGE('',*,*,#2566,.F.);
#3309=ORIENTED_EDGE('',*,*,#2567,.T.);
#3310=ORIENTED_EDGE('',*,*,#2568,.F.);
#3311=ORIENTED_EDGE('',*,*,#2567,.F.);
#3312=ORIENTED_EDGE('',*,*,#2569,.T.);
#3313=ORIENTED_EDGE('',*,*,#2570,.T.);
#3314=ORIENTED_EDGE('',*,*,#2571,.T.);
#3315=ORIENTED_EDGE('',*,*,#2572,.F.);
#3316=ORIENTED_EDGE('',*,*,#2573,.F.);
#3317=ORIENTED_EDGE('',*,*,#2571,.F.);
#3318=ORIENTED_EDGE('',*,*,#2574,.F.);
#3319=ORIENTED_EDGE('',*,*,#2566,.T.);
#3320=ORIENTED_EDGE('',*,*,#2575,.T.);
#3321=ORIENTED_EDGE('',*,*,#2568,.T.);
#3322=ORIENTED_EDGE('',*,*,#2574,.T.);
#3323=ORIENTED_EDGE('',*,*,#2576,.T.);
#3324=ORIENTED_EDGE('',*,*,#2577,.F.);
#3325=ORIENTED_EDGE('',*,*,#2578,.F.);
#3326=ORIENTED_EDGE('',*,*,#2576,.F.);
#3327=ORIENTED_EDGE('',*,*,#2578,.T.);
#3328=ORIENTED_EDGE('',*,*,#2579,.T.);
#3329=ORIENTED_EDGE('',*,*,#2569,.F.);
#3330=ORIENTED_EDGE('',*,*,#2570,.F.);
#3331=ORIENTED_EDGE('',*,*,#2579,.F.);
#3332=ORIENTED_EDGE('',*,*,#2577,.T.);
#3333=ORIENTED_EDGE('',*,*,#2580,.T.);
#3334=ORIENTED_EDGE('',*,*,#2581,.T.);
#3335=ORIENTED_EDGE('',*,*,#2575,.F.);
#3336=ORIENTED_EDGE('',*,*,#2581,.F.);
#3337=ORIENTED_EDGE('',*,*,#2582,.T.);
#3338=ORIENTED_EDGE('',*,*,#2573,.T.);
#3339=ORIENTED_EDGE('',*,*,#2583,.T.);
#3340=ORIENTED_EDGE('',*,*,#2582,.F.);
#3341=ORIENTED_EDGE('',*,*,#2580,.F.);
#3342=ORIENTED_EDGE('',*,*,#2583,.F.);
#3343=ORIENTED_EDGE('',*,*,#2572,.T.);
#3344=ORIENTED_EDGE('',*,*,#2584,.F.);
#3345=ORIENTED_EDGE('',*,*,#2585,.F.);
#3346=ORIENTED_EDGE('',*,*,#2586,.T.);
#3347=ORIENTED_EDGE('',*,*,#2587,.F.);
#3348=ORIENTED_EDGE('',*,*,#2588,.T.);
#3349=ORIENTED_EDGE('',*,*,#2585,.T.);
#3350=ORIENTED_EDGE('',*,*,#2588,.F.);
#3351=ORIENTED_EDGE('',*,*,#2586,.F.);
#3352=ORIENTED_EDGE('',*,*,#2589,.T.);
#3353=ORIENTED_EDGE('',*,*,#2584,.T.);
#3354=ORIENTED_EDGE('',*,*,#2589,.F.);
#3355=ORIENTED_EDGE('',*,*,#2587,.T.);
#3356=ORIENTED_EDGE('',*,*,#2590,.F.);
#3357=ORIENTED_EDGE('',*,*,#2591,.F.);
#3358=ORIENTED_EDGE('',*,*,#2592,.F.);
#3359=ORIENTED_EDGE('',*,*,#2593,.F.);
#3360=ORIENTED_EDGE('',*,*,#2594,.F.);
#3361=ORIENTED_EDGE('',*,*,#2595,.F.);
#3362=ORIENTED_EDGE('',*,*,#2596,.F.);
#3363=ORIENTED_EDGE('',*,*,#2594,.T.);
#3364=ORIENTED_EDGE('',*,*,#2597,.T.);
#3365=ORIENTED_EDGE('',*,*,#2598,.F.);
#3366=ORIENTED_EDGE('',*,*,#2599,.F.);
#3367=ORIENTED_EDGE('',*,*,#2595,.T.);
#3368=ORIENTED_EDGE('',*,*,#2596,.T.);
#3369=ORIENTED_EDGE('',*,*,#2600,.F.);
#3370=ORIENTED_EDGE('',*,*,#2597,.F.);
#3371=ORIENTED_EDGE('',*,*,#2593,.T.);
#3372=ORIENTED_EDGE('',*,*,#2601,.T.);
#3373=ORIENTED_EDGE('',*,*,#2602,.F.);
#3374=ORIENTED_EDGE('',*,*,#2598,.T.);
#3375=ORIENTED_EDGE('',*,*,#2602,.T.);
#3376=ORIENTED_EDGE('',*,*,#2603,.T.);
#3377=ORIENTED_EDGE('',*,*,#2604,.T.);
#3378=ORIENTED_EDGE('',*,*,#2605,.T.);
#3379=ORIENTED_EDGE('',*,*,#2600,.T.);
#3380=ORIENTED_EDGE('',*,*,#2606,.F.);
#3381=ORIENTED_EDGE('',*,*,#2590,.T.);
#3382=ORIENTED_EDGE('',*,*,#2599,.T.);
#3383=ORIENTED_EDGE('',*,*,#2605,.F.);
#3384=ORIENTED_EDGE('',*,*,#2601,.F.);
#3385=ORIENTED_EDGE('',*,*,#2592,.T.);
#3386=ORIENTED_EDGE('',*,*,#2607,.T.);
#3387=ORIENTED_EDGE('',*,*,#2603,.F.);
#3388=ORIENTED_EDGE('',*,*,#2607,.F.);
#3389=ORIENTED_EDGE('',*,*,#2591,.T.);
#3390=ORIENTED_EDGE('',*,*,#2606,.T.);
#3391=ORIENTED_EDGE('',*,*,#2604,.F.);
#3392=ORIENTED_EDGE('',*,*,#2608,.F.);
#3393=ORIENTED_EDGE('',*,*,#2609,.F.);
#3394=ORIENTED_EDGE('',*,*,#2610,.T.);
#3395=ORIENTED_EDGE('',*,*,#2611,.F.);
#3396=ORIENTED_EDGE('',*,*,#2612,.T.);
#3397=ORIENTED_EDGE('',*,*,#2609,.T.);
#3398=ORIENTED_EDGE('',*,*,#2612,.F.);
#3399=ORIENTED_EDGE('',*,*,#2610,.F.);
#3400=ORIENTED_EDGE('',*,*,#2613,.T.);
#3401=ORIENTED_EDGE('',*,*,#2608,.T.);
#3402=ORIENTED_EDGE('',*,*,#2613,.F.);
#3403=ORIENTED_EDGE('',*,*,#2611,.T.);
#3404=ORIENTED_EDGE('',*,*,#2614,.F.);
#3405=ORIENTED_EDGE('',*,*,#2615,.F.);
#3406=ORIENTED_EDGE('',*,*,#2616,.F.);
#3407=ORIENTED_EDGE('',*,*,#2617,.F.);
#3408=ORIENTED_EDGE('',*,*,#2618,.F.);
#3409=ORIENTED_EDGE('',*,*,#2619,.F.);
#3410=ORIENTED_EDGE('',*,*,#2620,.F.);
#3411=ORIENTED_EDGE('',*,*,#2618,.T.);
#3412=ORIENTED_EDGE('',*,*,#2621,.T.);
#3413=ORIENTED_EDGE('',*,*,#2622,.F.);
#3414=ORIENTED_EDGE('',*,*,#2623,.F.);
#3415=ORIENTED_EDGE('',*,*,#2619,.T.);
#3416=ORIENTED_EDGE('',*,*,#2620,.T.);
#3417=ORIENTED_EDGE('',*,*,#2624,.F.);
#3418=ORIENTED_EDGE('',*,*,#2621,.F.);
#3419=ORIENTED_EDGE('',*,*,#2617,.T.);
#3420=ORIENTED_EDGE('',*,*,#2625,.T.);
#3421=ORIENTED_EDGE('',*,*,#2626,.F.);
#3422=ORIENTED_EDGE('',*,*,#2622,.T.);
#3423=ORIENTED_EDGE('',*,*,#2626,.T.);
#3424=ORIENTED_EDGE('',*,*,#2627,.T.);
#3425=ORIENTED_EDGE('',*,*,#2628,.T.);
#3426=ORIENTED_EDGE('',*,*,#2629,.T.);
#3427=ORIENTED_EDGE('',*,*,#2624,.T.);
#3428=ORIENTED_EDGE('',*,*,#2630,.F.);
#3429=ORIENTED_EDGE('',*,*,#2614,.T.);
#3430=ORIENTED_EDGE('',*,*,#2623,.T.);
#3431=ORIENTED_EDGE('',*,*,#2629,.F.);
#3432=ORIENTED_EDGE('',*,*,#2625,.F.);
#3433=ORIENTED_EDGE('',*,*,#2616,.T.);
#3434=ORIENTED_EDGE('',*,*,#2631,.T.);
#3435=ORIENTED_EDGE('',*,*,#2627,.F.);
#3436=ORIENTED_EDGE('',*,*,#2631,.F.);
#3437=ORIENTED_EDGE('',*,*,#2615,.T.);
#3438=ORIENTED_EDGE('',*,*,#2630,.T.);
#3439=ORIENTED_EDGE('',*,*,#2628,.F.);
#3440=ORIENTED_EDGE('',*,*,#2632,.T.);
#3441=ORIENTED_EDGE('',*,*,#2633,.F.);
#3442=ORIENTED_EDGE('',*,*,#2634,.F.);
#3443=ORIENTED_EDGE('',*,*,#2635,.F.);
#3444=ORIENTED_EDGE('',*,*,#2636,.T.);
#3445=ORIENTED_EDGE('',*,*,#2637,.F.);
#3446=ORIENTED_EDGE('',*,*,#2638,.T.);
#3447=ORIENTED_EDGE('',*,*,#2639,.F.);
#3448=ORIENTED_EDGE('',*,*,#2639,.T.);
#3449=ORIENTED_EDGE('',*,*,#2640,.T.);
#3450=ORIENTED_EDGE('',*,*,#2641,.T.);
#3451=ORIENTED_EDGE('',*,*,#2642,.T.);
#3452=ORIENTED_EDGE('',*,*,#2635,.T.);
#3453=ORIENTED_EDGE('',*,*,#2643,.F.);
#3454=ORIENTED_EDGE('',*,*,#2644,.T.);
#3455=ORIENTED_EDGE('',*,*,#2645,.F.);
#3456=ORIENTED_EDGE('',*,*,#2646,.T.);
#3457=ORIENTED_EDGE('',*,*,#2647,.T.);
#3458=ORIENTED_EDGE('',*,*,#2648,.T.);
#3459=ORIENTED_EDGE('',*,*,#2649,.T.);
#3460=ORIENTED_EDGE('',*,*,#2650,.T.);
#3461=ORIENTED_EDGE('',*,*,#2651,.T.);
#3462=ORIENTED_EDGE('',*,*,#2652,.T.);
#3463=ORIENTED_EDGE('',*,*,#2653,.T.);
#3464=ORIENTED_EDGE('',*,*,#2654,.T.);
#3465=ORIENTED_EDGE('',*,*,#2655,.T.);
#3466=ORIENTED_EDGE('',*,*,#2656,.T.);
#3467=ORIENTED_EDGE('',*,*,#2657,.T.);
#3468=ORIENTED_EDGE('',*,*,#2658,.T.);
#3469=ORIENTED_EDGE('',*,*,#2659,.T.);
#3470=ORIENTED_EDGE('',*,*,#2660,.T.);
#3471=ORIENTED_EDGE('',*,*,#2661,.T.);
#3472=ORIENTED_EDGE('',*,*,#2662,.T.);
#3473=ORIENTED_EDGE('',*,*,#2663,.T.);
#3474=ORIENTED_EDGE('',*,*,#2664,.T.);
#3475=ORIENTED_EDGE('',*,*,#2665,.T.);
#3476=ORIENTED_EDGE('',*,*,#2666,.T.);
#3477=ORIENTED_EDGE('',*,*,#2667,.T.);
#3478=ORIENTED_EDGE('',*,*,#2668,.T.);
#3479=ORIENTED_EDGE('',*,*,#2669,.T.);
#3480=ORIENTED_EDGE('',*,*,#2670,.T.);
#3481=ORIENTED_EDGE('',*,*,#2671,.T.);
#3482=ORIENTED_EDGE('',*,*,#2672,.T.);
#3483=ORIENTED_EDGE('',*,*,#2673,.T.);
#3484=ORIENTED_EDGE('',*,*,#2674,.T.);
#3485=ORIENTED_EDGE('',*,*,#2675,.T.);
#3486=ORIENTED_EDGE('',*,*,#2676,.T.);
#3487=ORIENTED_EDGE('',*,*,#2677,.T.);
#3488=ORIENTED_EDGE('',*,*,#2678,.T.);
#3489=ORIENTED_EDGE('',*,*,#2679,.T.);
#3490=ORIENTED_EDGE('',*,*,#2680,.T.);
#3491=ORIENTED_EDGE('',*,*,#2681,.T.);
#3492=ORIENTED_EDGE('',*,*,#2682,.T.);
#3493=ORIENTED_EDGE('',*,*,#2683,.T.);
#3494=ORIENTED_EDGE('',*,*,#2684,.T.);
#3495=ORIENTED_EDGE('',*,*,#2685,.T.);
#3496=ORIENTED_EDGE('',*,*,#2686,.T.);
#3497=ORIENTED_EDGE('',*,*,#2687,.T.);
#3498=ORIENTED_EDGE('',*,*,#2688,.T.);
#3499=ORIENTED_EDGE('',*,*,#2689,.T.);
#3500=ORIENTED_EDGE('',*,*,#2690,.T.);
#3501=ORIENTED_EDGE('',*,*,#2691,.T.);
#3502=ORIENTED_EDGE('',*,*,#2692,.T.);
#3503=ORIENTED_EDGE('',*,*,#2693,.T.);
#3504=ORIENTED_EDGE('',*,*,#2694,.T.);
#3505=ORIENTED_EDGE('',*,*,#2695,.T.);
#3506=ORIENTED_EDGE('',*,*,#2696,.T.);
#3507=ORIENTED_EDGE('',*,*,#2697,.T.);
#3508=ORIENTED_EDGE('',*,*,#2698,.T.);
#3509=ORIENTED_EDGE('',*,*,#2699,.T.);
#3510=ORIENTED_EDGE('',*,*,#2700,.T.);
#3511=ORIENTED_EDGE('',*,*,#2701,.T.);
#3512=ORIENTED_EDGE('',*,*,#2702,.T.);
#3513=ORIENTED_EDGE('',*,*,#2703,.T.);
#3514=ORIENTED_EDGE('',*,*,#2634,.T.);
#3515=ORIENTED_EDGE('',*,*,#2704,.T.);
#3516=ORIENTED_EDGE('',*,*,#2705,.T.);
#3517=ORIENTED_EDGE('',*,*,#2643,.T.);
#3518=ORIENTED_EDGE('',*,*,#2645,.T.);
#3519=ORIENTED_EDGE('',*,*,#2706,.T.);
#3520=ORIENTED_EDGE('',*,*,#2707,.T.);
#3521=ORIENTED_EDGE('',*,*,#2708,.T.);
#3522=ORIENTED_EDGE('',*,*,#2708,.F.);
#3523=ORIENTED_EDGE('',*,*,#2709,.F.);
#3524=ORIENTED_EDGE('',*,*,#2710,.T.);
#3525=ORIENTED_EDGE('',*,*,#2646,.F.);
#3526=ORIENTED_EDGE('',*,*,#2637,.T.);
#3527=ORIENTED_EDGE('',*,*,#2711,.T.);
#3528=ORIENTED_EDGE('',*,*,#2712,.T.);
#3529=ORIENTED_EDGE('',*,*,#2713,.T.);
#3530=ORIENTED_EDGE('',*,*,#2714,.T.);
#3531=ORIENTED_EDGE('',*,*,#2715,.T.);
#3532=ORIENTED_EDGE('',*,*,#2716,.T.);
#3533=ORIENTED_EDGE('',*,*,#2717,.T.);
#3534=ORIENTED_EDGE('',*,*,#2718,.T.);
#3535=ORIENTED_EDGE('',*,*,#2719,.T.);
#3536=ORIENTED_EDGE('',*,*,#2720,.T.);
#3537=ORIENTED_EDGE('',*,*,#2721,.T.);
#3538=ORIENTED_EDGE('',*,*,#2722,.T.);
#3539=ORIENTED_EDGE('',*,*,#2723,.T.);
#3540=ORIENTED_EDGE('',*,*,#2724,.T.);
#3541=ORIENTED_EDGE('',*,*,#2725,.T.);
#3542=ORIENTED_EDGE('',*,*,#2726,.T.);
#3543=ORIENTED_EDGE('',*,*,#2727,.T.);
#3544=ORIENTED_EDGE('',*,*,#2728,.T.);
#3545=ORIENTED_EDGE('',*,*,#2729,.T.);
#3546=ORIENTED_EDGE('',*,*,#2730,.T.);
#3547=ORIENTED_EDGE('',*,*,#2731,.T.);
#3548=ORIENTED_EDGE('',*,*,#2732,.T.);
#3549=ORIENTED_EDGE('',*,*,#2733,.T.);
#3550=ORIENTED_EDGE('',*,*,#2734,.T.);
#3551=ORIENTED_EDGE('',*,*,#2735,.T.);
#3552=ORIENTED_EDGE('',*,*,#2736,.T.);
#3553=ORIENTED_EDGE('',*,*,#2737,.T.);
#3554=ORIENTED_EDGE('',*,*,#2738,.T.);
#3555=ORIENTED_EDGE('',*,*,#2739,.T.);
#3556=ORIENTED_EDGE('',*,*,#2740,.T.);
#3557=ORIENTED_EDGE('',*,*,#2741,.T.);
#3558=ORIENTED_EDGE('',*,*,#2742,.T.);
#3559=ORIENTED_EDGE('',*,*,#2743,.T.);
#3560=ORIENTED_EDGE('',*,*,#2744,.T.);
#3561=ORIENTED_EDGE('',*,*,#2745,.T.);
#3562=ORIENTED_EDGE('',*,*,#2746,.T.);
#3563=ORIENTED_EDGE('',*,*,#2747,.T.);
#3564=ORIENTED_EDGE('',*,*,#2748,.T.);
#3565=ORIENTED_EDGE('',*,*,#2749,.T.);
#3566=ORIENTED_EDGE('',*,*,#2750,.T.);
#3567=ORIENTED_EDGE('',*,*,#2751,.T.);
#3568=ORIENTED_EDGE('',*,*,#2752,.T.);
#3569=ORIENTED_EDGE('',*,*,#2753,.T.);
#3570=ORIENTED_EDGE('',*,*,#2754,.T.);
#3571=ORIENTED_EDGE('',*,*,#2755,.T.);
#3572=ORIENTED_EDGE('',*,*,#2756,.T.);
#3573=ORIENTED_EDGE('',*,*,#2757,.T.);
#3574=ORIENTED_EDGE('',*,*,#2758,.T.);
#3575=ORIENTED_EDGE('',*,*,#2759,.T.);
#3576=ORIENTED_EDGE('',*,*,#2760,.T.);
#3577=ORIENTED_EDGE('',*,*,#2761,.T.);
#3578=ORIENTED_EDGE('',*,*,#2709,.T.);
#3579=ORIENTED_EDGE('',*,*,#2707,.F.);
#3580=ORIENTED_EDGE('',*,*,#2762,.T.);
#3581=ORIENTED_EDGE('',*,*,#2704,.F.);
#3582=ORIENTED_EDGE('',*,*,#2633,.T.);
#3583=ORIENTED_EDGE('',*,*,#2763,.T.);
#3584=ORIENTED_EDGE('',*,*,#2764,.T.);
#3585=ORIENTED_EDGE('',*,*,#2765,.T.);
#3586=ORIENTED_EDGE('',*,*,#2766,.T.);
#3587=ORIENTED_EDGE('',*,*,#2767,.T.);
#3588=ORIENTED_EDGE('',*,*,#2768,.T.);
#3589=ORIENTED_EDGE('',*,*,#2769,.T.);
#3590=ORIENTED_EDGE('',*,*,#2770,.T.);
#3591=ORIENTED_EDGE('',*,*,#2771,.T.);
#3592=ORIENTED_EDGE('',*,*,#2651,.F.);
#3593=ORIENTED_EDGE('',*,*,#2772,.F.);
#3594=ORIENTED_EDGE('',*,*,#2757,.F.);
#3595=ORIENTED_EDGE('',*,*,#2773,.T.);
#3596=ORIENTED_EDGE('',*,*,#2652,.F.);
#3597=ORIENTED_EDGE('',*,*,#2773,.F.);
#3598=ORIENTED_EDGE('',*,*,#2756,.F.);
#3599=ORIENTED_EDGE('',*,*,#2774,.T.);
#3600=ORIENTED_EDGE('',*,*,#2653,.F.);
#3601=ORIENTED_EDGE('',*,*,#2774,.F.);
#3602=ORIENTED_EDGE('',*,*,#2755,.F.);
#3603=ORIENTED_EDGE('',*,*,#2775,.F.);
#3604=ORIENTED_EDGE('',*,*,#2647,.F.);
#3605=ORIENTED_EDGE('',*,*,#2710,.F.);
#3606=ORIENTED_EDGE('',*,*,#2761,.F.);
#3607=ORIENTED_EDGE('',*,*,#2776,.T.);
#3608=ORIENTED_EDGE('',*,*,#2648,.F.);
#3609=ORIENTED_EDGE('',*,*,#2776,.F.);
#3610=ORIENTED_EDGE('',*,*,#2760,.F.);
#3611=ORIENTED_EDGE('',*,*,#2777,.T.);
#3612=ORIENTED_EDGE('',*,*,#2649,.F.);
#3613=ORIENTED_EDGE('',*,*,#2777,.F.);
#3614=ORIENTED_EDGE('',*,*,#2759,.F.);
#3615=ORIENTED_EDGE('',*,*,#2778,.F.);
#3616=ORIENTED_EDGE('',*,*,#2772,.T.);
#3617=ORIENTED_EDGE('',*,*,#2650,.F.);
#3618=ORIENTED_EDGE('',*,*,#2778,.T.);
#3619=ORIENTED_EDGE('',*,*,#2758,.F.);
#3620=ORIENTED_EDGE('',*,*,#2640,.F.);
#3621=ORIENTED_EDGE('',*,*,#2638,.F.);
#3622=ORIENTED_EDGE('',*,*,#2765,.F.);
#3623=ORIENTED_EDGE('',*,*,#2779,.T.);
#3624=ORIENTED_EDGE('',*,*,#2641,.F.);
#3625=ORIENTED_EDGE('',*,*,#2779,.F.);
#3626=ORIENTED_EDGE('',*,*,#2764,.F.);
#3627=ORIENTED_EDGE('',*,*,#2780,.T.);
#3628=ORIENTED_EDGE('',*,*,#2642,.F.);
#3629=ORIENTED_EDGE('',*,*,#2780,.F.);
#3630=ORIENTED_EDGE('',*,*,#2763,.F.);
#3631=ORIENTED_EDGE('',*,*,#2632,.F.);
#3632=ORIENTED_EDGE('',*,*,#2781,.F.);
#3633=ORIENTED_EDGE('',*,*,#2782,.T.);
#3634=ORIENTED_EDGE('',*,*,#2698,.F.);
#3635=ORIENTED_EDGE('',*,*,#2782,.F.);
#3636=ORIENTED_EDGE('',*,*,#2783,.F.);
#3637=ORIENTED_EDGE('',*,*,#2784,.T.);
#3638=ORIENTED_EDGE('',*,*,#2699,.F.);
#3639=ORIENTED_EDGE('',*,*,#2784,.F.);
#3640=ORIENTED_EDGE('',*,*,#2785,.F.);
#3641=ORIENTED_EDGE('',*,*,#2786,.T.);
#3642=ORIENTED_EDGE('',*,*,#2700,.F.);
#3643=ORIENTED_EDGE('',*,*,#2786,.F.);
#3644=ORIENTED_EDGE('',*,*,#2787,.F.);
#3645=ORIENTED_EDGE('',*,*,#2788,.T.);
#3646=ORIENTED_EDGE('',*,*,#2766,.F.);
#3647=ORIENTED_EDGE('',*,*,#2788,.F.);
#3648=ORIENTED_EDGE('',*,*,#2789,.F.);
#3649=ORIENTED_EDGE('',*,*,#2790,.T.);
#3650=ORIENTED_EDGE('',*,*,#2767,.F.);
#3651=ORIENTED_EDGE('',*,*,#2790,.F.);
#3652=ORIENTED_EDGE('',*,*,#2791,.F.);
#3653=ORIENTED_EDGE('',*,*,#2792,.T.);
#3654=ORIENTED_EDGE('',*,*,#2768,.F.);
#3655=ORIENTED_EDGE('',*,*,#2792,.F.);
#3656=ORIENTED_EDGE('',*,*,#2793,.F.);
#3657=ORIENTED_EDGE('',*,*,#2794,.T.);
#3658=ORIENTED_EDGE('',*,*,#2795,.F.);
#3659=ORIENTED_EDGE('',*,*,#2794,.F.);
#3660=ORIENTED_EDGE('',*,*,#2796,.F.);
#3661=ORIENTED_EDGE('',*,*,#2793,.T.);
#3662=ORIENTED_EDGE('',*,*,#2796,.T.);
#3663=ORIENTED_EDGE('',*,*,#2797,.T.);
#3664=ORIENTED_EDGE('',*,*,#2798,.F.);
#3665=ORIENTED_EDGE('',*,*,#2797,.F.);
#3666=ORIENTED_EDGE('',*,*,#2799,.F.);
#3667=ORIENTED_EDGE('',*,*,#2787,.T.);
#3668=ORIENTED_EDGE('',*,*,#2799,.T.);
#3669=ORIENTED_EDGE('',*,*,#2800,.T.);
#3670=ORIENTED_EDGE('',*,*,#2801,.F.);
#3671=ORIENTED_EDGE('',*,*,#2800,.F.);
#3672=ORIENTED_EDGE('',*,*,#2802,.F.);
#3673=ORIENTED_EDGE('',*,*,#2789,.T.);
#3674=ORIENTED_EDGE('',*,*,#2802,.T.);
#3675=ORIENTED_EDGE('',*,*,#2803,.T.);
#3676=ORIENTED_EDGE('',*,*,#2804,.F.);
#3677=ORIENTED_EDGE('',*,*,#2803,.F.);
#3678=ORIENTED_EDGE('',*,*,#2805,.F.);
#3679=ORIENTED_EDGE('',*,*,#2783,.T.);
#3680=ORIENTED_EDGE('',*,*,#2805,.T.);
#3681=ORIENTED_EDGE('',*,*,#2806,.T.);
#3682=ORIENTED_EDGE('',*,*,#2807,.F.);
#3683=ORIENTED_EDGE('',*,*,#2806,.F.);
#3684=ORIENTED_EDGE('',*,*,#2808,.F.);
#3685=ORIENTED_EDGE('',*,*,#2785,.T.);
#3686=ORIENTED_EDGE('',*,*,#2808,.T.);
#3687=ORIENTED_EDGE('',*,*,#2809,.T.);
#3688=ORIENTED_EDGE('',*,*,#2810,.F.);
#3689=ORIENTED_EDGE('',*,*,#2809,.F.);
#3690=ORIENTED_EDGE('',*,*,#2811,.F.);
#3691=ORIENTED_EDGE('',*,*,#2781,.T.);
#3692=ORIENTED_EDGE('',*,*,#2811,.T.);
#3693=ORIENTED_EDGE('',*,*,#2812,.T.);
#3694=ORIENTED_EDGE('',*,*,#2813,.F.);
#3695=ORIENTED_EDGE('',*,*,#2812,.F.);
#3696=ORIENTED_EDGE('',*,*,#2701,.F.);
#3697=ORIENTED_EDGE('',*,*,#2814,.T.);
#3698=ORIENTED_EDGE('',*,*,#2815,.T.);
#3699=ORIENTED_EDGE('',*,*,#2814,.F.);
#3700=ORIENTED_EDGE('',*,*,#2815,.F.);
#3701=ORIENTED_EDGE('',*,*,#2804,.T.);
#3702=ORIENTED_EDGE('',*,*,#2702,.F.);
#3703=ORIENTED_EDGE('',*,*,#2816,.T.);
#3704=ORIENTED_EDGE('',*,*,#2817,.T.);
#3705=ORIENTED_EDGE('',*,*,#2816,.F.);
#3706=ORIENTED_EDGE('',*,*,#2817,.F.);
#3707=ORIENTED_EDGE('',*,*,#2801,.T.);
#3708=ORIENTED_EDGE('',*,*,#2703,.F.);
#3709=ORIENTED_EDGE('',*,*,#2818,.T.);
#3710=ORIENTED_EDGE('',*,*,#2819,.T.);
#3711=ORIENTED_EDGE('',*,*,#2818,.F.);
#3712=ORIENTED_EDGE('',*,*,#2819,.F.);
#3713=ORIENTED_EDGE('',*,*,#2798,.T.);
#3714=ORIENTED_EDGE('',*,*,#2769,.F.);
#3715=ORIENTED_EDGE('',*,*,#2820,.T.);
#3716=ORIENTED_EDGE('',*,*,#2821,.T.);
#3717=ORIENTED_EDGE('',*,*,#2820,.F.);
#3718=ORIENTED_EDGE('',*,*,#2821,.F.);
#3719=ORIENTED_EDGE('',*,*,#2807,.T.);
#3720=ORIENTED_EDGE('',*,*,#2770,.F.);
#3721=ORIENTED_EDGE('',*,*,#2822,.T.);
#3722=ORIENTED_EDGE('',*,*,#2823,.T.);
#3723=ORIENTED_EDGE('',*,*,#2822,.F.);
#3724=ORIENTED_EDGE('',*,*,#2823,.F.);
#3725=ORIENTED_EDGE('',*,*,#2813,.T.);
#3726=ORIENTED_EDGE('',*,*,#2771,.F.);
#3727=ORIENTED_EDGE('',*,*,#2824,.T.);
#3728=ORIENTED_EDGE('',*,*,#2825,.T.);
#3729=ORIENTED_EDGE('',*,*,#2824,.F.);
#3730=ORIENTED_EDGE('',*,*,#2825,.F.);
#3731=ORIENTED_EDGE('',*,*,#2810,.T.);
#3732=ORIENTED_EDGE('',*,*,#2826,.F.);
#3733=ORIENTED_EDGE('',*,*,#2827,.F.);
#3734=ORIENTED_EDGE('',*,*,#2828,.F.);
#3735=ORIENTED_EDGE('',*,*,#2829,.F.);
#3736=ORIENTED_EDGE('',*,*,#2830,.F.);
#3737=ORIENTED_EDGE('',*,*,#2831,.F.);
#3738=ORIENTED_EDGE('',*,*,#2832,.F.);
#3739=ORIENTED_EDGE('',*,*,#2833,.F.);
#3740=ORIENTED_EDGE('',*,*,#2834,.F.);
#3741=ORIENTED_EDGE('',*,*,#2835,.F.);
#3742=ORIENTED_EDGE('',*,*,#2836,.F.);
#3743=ORIENTED_EDGE('',*,*,#2837,.F.);
#3744=ORIENTED_EDGE('',*,*,#2838,.F.);
#3745=ORIENTED_EDGE('',*,*,#2839,.F.);
#3746=ORIENTED_EDGE('',*,*,#2840,.F.);
#3747=ORIENTED_EDGE('',*,*,#2841,.F.);
#3748=ORIENTED_EDGE('',*,*,#2842,.F.);
#3749=ORIENTED_EDGE('',*,*,#2843,.F.);
#3750=ORIENTED_EDGE('',*,*,#2844,.F.);
#3751=ORIENTED_EDGE('',*,*,#2845,.F.);
#3752=ORIENTED_EDGE('',*,*,#2846,.F.);
#3753=ORIENTED_EDGE('',*,*,#2847,.F.);
#3754=ORIENTED_EDGE('',*,*,#2848,.F.);
#3755=ORIENTED_EDGE('',*,*,#2849,.F.);
#3756=ORIENTED_EDGE('',*,*,#2850,.F.);
#3757=ORIENTED_EDGE('',*,*,#2851,.F.);
#3758=ORIENTED_EDGE('',*,*,#2852,.F.);
#3759=ORIENTED_EDGE('',*,*,#2795,.T.);
#3760=ORIENTED_EDGE('',*,*,#2853,.F.);
#3761=ORIENTED_EDGE('',*,*,#2830,.T.);
#3762=ORIENTED_EDGE('',*,*,#2854,.T.);
#3763=ORIENTED_EDGE('',*,*,#2855,.T.);
#3764=ORIENTED_EDGE('',*,*,#2854,.F.);
#3765=ORIENTED_EDGE('',*,*,#2829,.T.);
#3766=ORIENTED_EDGE('',*,*,#2856,.T.);
#3767=ORIENTED_EDGE('',*,*,#2857,.T.);
#3768=ORIENTED_EDGE('',*,*,#2856,.F.);
#3769=ORIENTED_EDGE('',*,*,#2828,.T.);
#3770=ORIENTED_EDGE('',*,*,#2858,.T.);
#3771=ORIENTED_EDGE('',*,*,#2859,.T.);
#3772=ORIENTED_EDGE('',*,*,#2860,.F.);
#3773=ORIENTED_EDGE('',*,*,#2861,.F.);
#3774=ORIENTED_EDGE('',*,*,#2862,.F.);
#3775=ORIENTED_EDGE('',*,*,#2863,.F.);
#3776=ORIENTED_EDGE('',*,*,#2864,.F.);
#3777=ORIENTED_EDGE('',*,*,#2865,.F.);
#3778=ORIENTED_EDGE('',*,*,#2866,.F.);
#3779=ORIENTED_EDGE('',*,*,#2867,.F.);
#3780=ORIENTED_EDGE('',*,*,#2868,.F.);
#3781=ORIENTED_EDGE('',*,*,#2869,.F.);
#3782=ORIENTED_EDGE('',*,*,#2870,.F.);
#3783=ORIENTED_EDGE('',*,*,#2871,.F.);
#3784=ORIENTED_EDGE('',*,*,#2872,.F.);
#3785=ORIENTED_EDGE('',*,*,#2873,.F.);
#3786=ORIENTED_EDGE('',*,*,#2874,.F.);
#3787=ORIENTED_EDGE('',*,*,#2875,.F.);
#3788=ORIENTED_EDGE('',*,*,#2876,.F.);
#3789=ORIENTED_EDGE('',*,*,#2877,.F.);
#3790=ORIENTED_EDGE('',*,*,#2878,.F.);
#3791=ORIENTED_EDGE('',*,*,#2879,.F.);
#3792=ORIENTED_EDGE('',*,*,#2880,.F.);
#3793=ORIENTED_EDGE('',*,*,#2881,.F.);
#3794=ORIENTED_EDGE('',*,*,#2882,.F.);
#3795=ORIENTED_EDGE('',*,*,#2855,.F.);
#3796=ORIENTED_EDGE('',*,*,#2857,.F.);
#3797=ORIENTED_EDGE('',*,*,#2859,.F.);
#3798=ORIENTED_EDGE('',*,*,#2883,.F.);
#3799=ORIENTED_EDGE('',*,*,#2791,.T.);
#3800=ORIENTED_EDGE('',*,*,#2832,.T.);
#3801=ORIENTED_EDGE('',*,*,#2884,.F.);
#3802=ORIENTED_EDGE('',*,*,#2690,.F.);
#3803=ORIENTED_EDGE('',*,*,#2885,.T.);
#3804=ORIENTED_EDGE('',*,*,#2881,.T.);
#3805=ORIENTED_EDGE('',*,*,#2886,.T.);
#3806=ORIENTED_EDGE('',*,*,#2718,.F.);
#3807=ORIENTED_EDGE('',*,*,#2887,.F.);
#3808=ORIENTED_EDGE('',*,*,#2833,.T.);
#3809=ORIENTED_EDGE('',*,*,#2885,.F.);
#3810=ORIENTED_EDGE('',*,*,#2689,.F.);
#3811=ORIENTED_EDGE('',*,*,#2888,.T.);
#3812=ORIENTED_EDGE('',*,*,#2880,.T.);
#3813=ORIENTED_EDGE('',*,*,#2889,.T.);
#3814=ORIENTED_EDGE('',*,*,#2719,.F.);
#3815=ORIENTED_EDGE('',*,*,#2886,.F.);
#3816=ORIENTED_EDGE('',*,*,#2834,.T.);
#3817=ORIENTED_EDGE('',*,*,#2888,.F.);
#3818=ORIENTED_EDGE('',*,*,#2688,.F.);
#3819=ORIENTED_EDGE('',*,*,#2890,.T.);
#3820=ORIENTED_EDGE('',*,*,#2879,.T.);
#3821=ORIENTED_EDGE('',*,*,#2891,.T.);
#3822=ORIENTED_EDGE('',*,*,#2720,.F.);
#3823=ORIENTED_EDGE('',*,*,#2889,.F.);
#3824=ORIENTED_EDGE('',*,*,#2835,.T.);
#3825=ORIENTED_EDGE('',*,*,#2890,.F.);
#3826=ORIENTED_EDGE('',*,*,#2687,.F.);
#3827=ORIENTED_EDGE('',*,*,#2892,.T.);
#3828=ORIENTED_EDGE('',*,*,#2878,.T.);
#3829=ORIENTED_EDGE('',*,*,#2893,.T.);
#3830=ORIENTED_EDGE('',*,*,#2721,.F.);
#3831=ORIENTED_EDGE('',*,*,#2891,.F.);
#3832=ORIENTED_EDGE('',*,*,#2836,.T.);
#3833=ORIENTED_EDGE('',*,*,#2892,.F.);
#3834=ORIENTED_EDGE('',*,*,#2686,.F.);
#3835=ORIENTED_EDGE('',*,*,#2894,.T.);
#3836=ORIENTED_EDGE('',*,*,#2877,.T.);
#3837=ORIENTED_EDGE('',*,*,#2895,.T.);
#3838=ORIENTED_EDGE('',*,*,#2722,.F.);
#3839=ORIENTED_EDGE('',*,*,#2893,.F.);
#3840=ORIENTED_EDGE('',*,*,#2837,.T.);
#3841=ORIENTED_EDGE('',*,*,#2894,.F.);
#3842=ORIENTED_EDGE('',*,*,#2685,.F.);
#3843=ORIENTED_EDGE('',*,*,#2896,.T.);
#3844=ORIENTED_EDGE('',*,*,#2876,.T.);
#3845=ORIENTED_EDGE('',*,*,#2897,.T.);
#3846=ORIENTED_EDGE('',*,*,#2723,.F.);
#3847=ORIENTED_EDGE('',*,*,#2895,.F.);
#3848=ORIENTED_EDGE('',*,*,#2838,.T.);
#3849=ORIENTED_EDGE('',*,*,#2896,.F.);
#3850=ORIENTED_EDGE('',*,*,#2684,.F.);
#3851=ORIENTED_EDGE('',*,*,#2898,.T.);
#3852=ORIENTED_EDGE('',*,*,#2875,.T.);
#3853=ORIENTED_EDGE('',*,*,#2899,.T.);
#3854=ORIENTED_EDGE('',*,*,#2724,.F.);
#3855=ORIENTED_EDGE('',*,*,#2897,.F.);
#3856=ORIENTED_EDGE('',*,*,#2839,.T.);
#3857=ORIENTED_EDGE('',*,*,#2898,.F.);
#3858=ORIENTED_EDGE('',*,*,#2683,.F.);
#3859=ORIENTED_EDGE('',*,*,#2900,.T.);
#3860=ORIENTED_EDGE('',*,*,#2874,.T.);
#3861=ORIENTED_EDGE('',*,*,#2901,.T.);
#3862=ORIENTED_EDGE('',*,*,#2725,.F.);
#3863=ORIENTED_EDGE('',*,*,#2899,.F.);
#3864=ORIENTED_EDGE('',*,*,#2840,.T.);
#3865=ORIENTED_EDGE('',*,*,#2900,.F.);
#3866=ORIENTED_EDGE('',*,*,#2682,.F.);
#3867=ORIENTED_EDGE('',*,*,#2902,.T.);
#3868=ORIENTED_EDGE('',*,*,#2873,.T.);
#3869=ORIENTED_EDGE('',*,*,#2903,.T.);
#3870=ORIENTED_EDGE('',*,*,#2726,.F.);
#3871=ORIENTED_EDGE('',*,*,#2901,.F.);
#3872=ORIENTED_EDGE('',*,*,#2841,.T.);
#3873=ORIENTED_EDGE('',*,*,#2902,.F.);
#3874=ORIENTED_EDGE('',*,*,#2681,.F.);
#3875=ORIENTED_EDGE('',*,*,#2904,.T.);
#3876=ORIENTED_EDGE('',*,*,#2872,.T.);
#3877=ORIENTED_EDGE('',*,*,#2905,.T.);
#3878=ORIENTED_EDGE('',*,*,#2727,.F.);
#3879=ORIENTED_EDGE('',*,*,#2903,.F.);
#3880=ORIENTED_EDGE('',*,*,#2842,.T.);
#3881=ORIENTED_EDGE('',*,*,#2904,.F.);
#3882=ORIENTED_EDGE('',*,*,#2680,.F.);
#3883=ORIENTED_EDGE('',*,*,#2906,.T.);
#3884=ORIENTED_EDGE('',*,*,#2871,.T.);
#3885=ORIENTED_EDGE('',*,*,#2907,.T.);
#3886=ORIENTED_EDGE('',*,*,#2728,.F.);
#3887=ORIENTED_EDGE('',*,*,#2905,.F.);
#3888=ORIENTED_EDGE('',*,*,#2843,.T.);
#3889=ORIENTED_EDGE('',*,*,#2906,.F.);
#3890=ORIENTED_EDGE('',*,*,#2679,.F.);
#3891=ORIENTED_EDGE('',*,*,#2908,.T.);
#3892=ORIENTED_EDGE('',*,*,#2870,.T.);
#3893=ORIENTED_EDGE('',*,*,#2909,.T.);
#3894=ORIENTED_EDGE('',*,*,#2729,.F.);
#3895=ORIENTED_EDGE('',*,*,#2907,.F.);
#3896=ORIENTED_EDGE('',*,*,#2844,.T.);
#3897=ORIENTED_EDGE('',*,*,#2908,.F.);
#3898=ORIENTED_EDGE('',*,*,#2678,.F.);
#3899=ORIENTED_EDGE('',*,*,#2910,.T.);
#3900=ORIENTED_EDGE('',*,*,#2869,.T.);
#3901=ORIENTED_EDGE('',*,*,#2911,.T.);
#3902=ORIENTED_EDGE('',*,*,#2730,.F.);
#3903=ORIENTED_EDGE('',*,*,#2909,.F.);
#3904=ORIENTED_EDGE('',*,*,#2845,.T.);
#3905=ORIENTED_EDGE('',*,*,#2910,.F.);
#3906=ORIENTED_EDGE('',*,*,#2677,.F.);
#3907=ORIENTED_EDGE('',*,*,#2912,.T.);
#3908=ORIENTED_EDGE('',*,*,#2868,.T.);
#3909=ORIENTED_EDGE('',*,*,#2913,.T.);
#3910=ORIENTED_EDGE('',*,*,#2731,.F.);
#3911=ORIENTED_EDGE('',*,*,#2911,.F.);
#3912=ORIENTED_EDGE('',*,*,#2846,.T.);
#3913=ORIENTED_EDGE('',*,*,#2912,.F.);
#3914=ORIENTED_EDGE('',*,*,#2676,.F.);
#3915=ORIENTED_EDGE('',*,*,#2914,.T.);
#3916=ORIENTED_EDGE('',*,*,#2867,.T.);
#3917=ORIENTED_EDGE('',*,*,#2915,.T.);
#3918=ORIENTED_EDGE('',*,*,#2732,.F.);
#3919=ORIENTED_EDGE('',*,*,#2913,.F.);
#3920=ORIENTED_EDGE('',*,*,#2847,.T.);
#3921=ORIENTED_EDGE('',*,*,#2914,.F.);
#3922=ORIENTED_EDGE('',*,*,#2675,.F.);
#3923=ORIENTED_EDGE('',*,*,#2916,.T.);
#3924=ORIENTED_EDGE('',*,*,#2866,.T.);
#3925=ORIENTED_EDGE('',*,*,#2917,.T.);
#3926=ORIENTED_EDGE('',*,*,#2733,.F.);
#3927=ORIENTED_EDGE('',*,*,#2915,.F.);
#3928=ORIENTED_EDGE('',*,*,#2848,.T.);
#3929=ORIENTED_EDGE('',*,*,#2916,.F.);
#3930=ORIENTED_EDGE('',*,*,#2674,.F.);
#3931=ORIENTED_EDGE('',*,*,#2918,.T.);
#3932=ORIENTED_EDGE('',*,*,#2865,.T.);
#3933=ORIENTED_EDGE('',*,*,#2919,.T.);
#3934=ORIENTED_EDGE('',*,*,#2734,.F.);
#3935=ORIENTED_EDGE('',*,*,#2917,.F.);
#3936=ORIENTED_EDGE('',*,*,#2849,.T.);
#3937=ORIENTED_EDGE('',*,*,#2918,.F.);
#3938=ORIENTED_EDGE('',*,*,#2673,.F.);
#3939=ORIENTED_EDGE('',*,*,#2920,.T.);
#3940=ORIENTED_EDGE('',*,*,#2864,.T.);
#3941=ORIENTED_EDGE('',*,*,#2921,.T.);
#3942=ORIENTED_EDGE('',*,*,#2735,.F.);
#3943=ORIENTED_EDGE('',*,*,#2919,.F.);
#3944=ORIENTED_EDGE('',*,*,#2850,.T.);
#3945=ORIENTED_EDGE('',*,*,#2920,.F.);
#3946=ORIENTED_EDGE('',*,*,#2672,.F.);
#3947=ORIENTED_EDGE('',*,*,#2922,.T.);
#3948=ORIENTED_EDGE('',*,*,#2863,.T.);
#3949=ORIENTED_EDGE('',*,*,#2923,.T.);
#3950=ORIENTED_EDGE('',*,*,#2736,.F.);
#3951=ORIENTED_EDGE('',*,*,#2921,.F.);
#3952=ORIENTED_EDGE('',*,*,#2851,.T.);
#3953=ORIENTED_EDGE('',*,*,#2922,.F.);
#3954=ORIENTED_EDGE('',*,*,#2671,.F.);
#3955=ORIENTED_EDGE('',*,*,#2924,.T.);
#3956=ORIENTED_EDGE('',*,*,#2862,.T.);
#3957=ORIENTED_EDGE('',*,*,#2925,.T.);
#3958=ORIENTED_EDGE('',*,*,#2737,.F.);
#3959=ORIENTED_EDGE('',*,*,#2923,.F.);
#3960=ORIENTED_EDGE('',*,*,#2852,.T.);
#3961=ORIENTED_EDGE('',*,*,#2924,.F.);
#3962=ORIENTED_EDGE('',*,*,#2670,.F.);
#3963=ORIENTED_EDGE('',*,*,#2926,.T.);
#3964=ORIENTED_EDGE('',*,*,#2861,.T.);
#3965=ORIENTED_EDGE('',*,*,#2927,.T.);
#3966=ORIENTED_EDGE('',*,*,#2738,.F.);
#3967=ORIENTED_EDGE('',*,*,#2925,.F.);
#3968=ORIENTED_EDGE('',*,*,#2826,.T.);
#3969=ORIENTED_EDGE('',*,*,#2926,.F.);
#3970=ORIENTED_EDGE('',*,*,#2669,.F.);
#3971=ORIENTED_EDGE('',*,*,#2928,.T.);
#3972=ORIENTED_EDGE('',*,*,#2860,.T.);
#3973=ORIENTED_EDGE('',*,*,#2929,.T.);
#3974=ORIENTED_EDGE('',*,*,#2739,.F.);
#3975=ORIENTED_EDGE('',*,*,#2927,.F.);
#3976=ORIENTED_EDGE('',*,*,#2827,.T.);
#3977=ORIENTED_EDGE('',*,*,#2928,.F.);
#3978=ORIENTED_EDGE('',*,*,#2668,.F.);
#3979=ORIENTED_EDGE('',*,*,#2930,.T.);
#3980=ORIENTED_EDGE('',*,*,#2883,.T.);
#3981=ORIENTED_EDGE('',*,*,#2931,.T.);
#3982=ORIENTED_EDGE('',*,*,#2740,.F.);
#3983=ORIENTED_EDGE('',*,*,#2929,.F.);
#3984=ORIENTED_EDGE('',*,*,#2775,.T.);
#3985=ORIENTED_EDGE('',*,*,#2754,.F.);
#3986=ORIENTED_EDGE('',*,*,#2932,.F.);
#3987=ORIENTED_EDGE('',*,*,#2654,.F.);
#3988=ORIENTED_EDGE('',*,*,#2932,.T.);
#3989=ORIENTED_EDGE('',*,*,#2753,.F.);
#3990=ORIENTED_EDGE('',*,*,#2933,.F.);
#3991=ORIENTED_EDGE('',*,*,#2655,.F.);
#3992=ORIENTED_EDGE('',*,*,#2933,.T.);
#3993=ORIENTED_EDGE('',*,*,#2752,.F.);
#3994=ORIENTED_EDGE('',*,*,#2934,.F.);
#3995=ORIENTED_EDGE('',*,*,#2656,.F.);
#3996=ORIENTED_EDGE('',*,*,#2934,.T.);
#3997=ORIENTED_EDGE('',*,*,#2751,.F.);
#3998=ORIENTED_EDGE('',*,*,#2935,.F.);
#3999=ORIENTED_EDGE('',*,*,#2657,.F.);
#4000=ORIENTED_EDGE('',*,*,#2935,.T.);
#4001=ORIENTED_EDGE('',*,*,#2750,.F.);
#4002=ORIENTED_EDGE('',*,*,#2936,.F.);
#4003=ORIENTED_EDGE('',*,*,#2658,.F.);
#4004=ORIENTED_EDGE('',*,*,#2936,.T.);
#4005=ORIENTED_EDGE('',*,*,#2749,.F.);
#4006=ORIENTED_EDGE('',*,*,#2937,.F.);
#4007=ORIENTED_EDGE('',*,*,#2659,.F.);
#4008=ORIENTED_EDGE('',*,*,#2937,.T.);
#4009=ORIENTED_EDGE('',*,*,#2748,.F.);
#4010=ORIENTED_EDGE('',*,*,#2938,.F.);
#4011=ORIENTED_EDGE('',*,*,#2660,.F.);
#4012=ORIENTED_EDGE('',*,*,#2938,.T.);
#4013=ORIENTED_EDGE('',*,*,#2747,.F.);
#4014=ORIENTED_EDGE('',*,*,#2939,.F.);
#4015=ORIENTED_EDGE('',*,*,#2661,.F.);
#4016=ORIENTED_EDGE('',*,*,#2939,.T.);
#4017=ORIENTED_EDGE('',*,*,#2746,.F.);
#4018=ORIENTED_EDGE('',*,*,#2940,.F.);
#4019=ORIENTED_EDGE('',*,*,#2662,.F.);
#4020=ORIENTED_EDGE('',*,*,#2940,.T.);
#4021=ORIENTED_EDGE('',*,*,#2745,.F.);
#4022=ORIENTED_EDGE('',*,*,#2941,.F.);
#4023=ORIENTED_EDGE('',*,*,#2663,.F.);
#4024=ORIENTED_EDGE('',*,*,#2941,.T.);
#4025=ORIENTED_EDGE('',*,*,#2744,.F.);
#4026=ORIENTED_EDGE('',*,*,#2942,.F.);
#4027=ORIENTED_EDGE('',*,*,#2664,.F.);
#4028=ORIENTED_EDGE('',*,*,#2942,.T.);
#4029=ORIENTED_EDGE('',*,*,#2743,.F.);
#4030=ORIENTED_EDGE('',*,*,#2943,.F.);
#4031=ORIENTED_EDGE('',*,*,#2665,.F.);
#4032=ORIENTED_EDGE('',*,*,#2943,.T.);
#4033=ORIENTED_EDGE('',*,*,#2742,.F.);
#4034=ORIENTED_EDGE('',*,*,#2944,.F.);
#4035=ORIENTED_EDGE('',*,*,#2666,.F.);
#4036=ORIENTED_EDGE('',*,*,#2944,.T.);
#4037=ORIENTED_EDGE('',*,*,#2741,.F.);
#4038=ORIENTED_EDGE('',*,*,#2931,.F.);
#4039=ORIENTED_EDGE('',*,*,#2858,.F.);
#4040=ORIENTED_EDGE('',*,*,#2930,.F.);
#4041=ORIENTED_EDGE('',*,*,#2667,.F.);
#4042=ORIENTED_EDGE('',*,*,#2882,.T.);
#4043=ORIENTED_EDGE('',*,*,#2887,.T.);
#4044=ORIENTED_EDGE('',*,*,#2717,.F.);
#4045=ORIENTED_EDGE('',*,*,#2945,.F.);
#4046=ORIENTED_EDGE('',*,*,#2691,.F.);
#4047=ORIENTED_EDGE('',*,*,#2884,.T.);
#4048=ORIENTED_EDGE('',*,*,#2831,.T.);
#4049=ORIENTED_EDGE('',*,*,#2853,.T.);
#4050=ORIENTED_EDGE('',*,*,#2945,.T.);
#4051=ORIENTED_EDGE('',*,*,#2716,.F.);
#4052=ORIENTED_EDGE('',*,*,#2946,.F.);
#4053=ORIENTED_EDGE('',*,*,#2692,.F.);
#4054=ORIENTED_EDGE('',*,*,#2946,.T.);
#4055=ORIENTED_EDGE('',*,*,#2715,.F.);
#4056=ORIENTED_EDGE('',*,*,#2947,.F.);
#4057=ORIENTED_EDGE('',*,*,#2693,.F.);
#4058=ORIENTED_EDGE('',*,*,#2947,.T.);
#4059=ORIENTED_EDGE('',*,*,#2714,.F.);
#4060=ORIENTED_EDGE('',*,*,#2948,.F.);
#4061=ORIENTED_EDGE('',*,*,#2694,.F.);
#4062=ORIENTED_EDGE('',*,*,#2948,.T.);
#4063=ORIENTED_EDGE('',*,*,#2713,.F.);
#4064=ORIENTED_EDGE('',*,*,#2949,.F.);
#4065=ORIENTED_EDGE('',*,*,#2695,.F.);
#4066=ORIENTED_EDGE('',*,*,#2949,.T.);
#4067=ORIENTED_EDGE('',*,*,#2712,.F.);
#4068=ORIENTED_EDGE('',*,*,#2950,.F.);
#4069=ORIENTED_EDGE('',*,*,#2696,.F.);
#4070=ORIENTED_EDGE('',*,*,#2950,.T.);
#4071=ORIENTED_EDGE('',*,*,#2711,.F.);
#4072=ORIENTED_EDGE('',*,*,#2636,.F.);
#4073=ORIENTED_EDGE('',*,*,#2697,.F.);
#4074=ORIENTED_EDGE('',*,*,#2706,.F.);
#4075=ORIENTED_EDGE('',*,*,#2644,.F.);
#4076=ORIENTED_EDGE('',*,*,#2705,.F.);
#4077=ORIENTED_EDGE('',*,*,#2762,.F.);
#4078=ORIENTED_EDGE('',*,*,#2951,.T.);
#4079=ORIENTED_EDGE('',*,*,#2952,.T.);
#4080=ORIENTED_EDGE('',*,*,#2953,.T.);
#4081=ORIENTED_EDGE('',*,*,#2954,.T.);
#4082=ORIENTED_EDGE('',*,*,#2953,.F.);
#4083=ORIENTED_EDGE('',*,*,#2955,.T.);
#4084=ORIENTED_EDGE('',*,*,#2956,.T.);
#4085=ORIENTED_EDGE('',*,*,#2957,.T.);
#4086=ORIENTED_EDGE('',*,*,#2958,.T.);
#4087=ORIENTED_EDGE('',*,*,#2959,.T.);
#4088=ORIENTED_EDGE('',*,*,#2956,.F.);
#4089=ORIENTED_EDGE('',*,*,#2960,.T.);
#4090=ORIENTED_EDGE('',*,*,#2961,.T.);
#4091=ORIENTED_EDGE('',*,*,#2962,.T.);
#4092=ORIENTED_EDGE('',*,*,#2958,.F.);
#4093=ORIENTED_EDGE('',*,*,#2963,.T.);
#4094=ORIENTED_EDGE('',*,*,#2964,.T.);
#4095=ORIENTED_EDGE('',*,*,#2965,.T.);
#4096=ORIENTED_EDGE('',*,*,#2961,.F.);
#4097=ORIENTED_EDGE('',*,*,#2966,.T.);
#4098=ORIENTED_EDGE('',*,*,#2967,.T.);
#4099=ORIENTED_EDGE('',*,*,#2968,.T.);
#4100=ORIENTED_EDGE('',*,*,#2964,.F.);
#4101=ORIENTED_EDGE('',*,*,#2969,.T.);
#4102=ORIENTED_EDGE('',*,*,#2970,.T.);
#4103=ORIENTED_EDGE('',*,*,#2971,.T.);
#4104=ORIENTED_EDGE('',*,*,#2967,.F.);
#4105=ORIENTED_EDGE('',*,*,#2972,.T.);
#4106=ORIENTED_EDGE('',*,*,#2973,.T.);
#4107=ORIENTED_EDGE('',*,*,#2974,.T.);
#4108=ORIENTED_EDGE('',*,*,#2970,.F.);
#4109=ORIENTED_EDGE('',*,*,#2975,.T.);
#4110=ORIENTED_EDGE('',*,*,#2976,.T.);
#4111=ORIENTED_EDGE('',*,*,#2977,.T.);
#4112=ORIENTED_EDGE('',*,*,#2973,.F.);
#4113=ORIENTED_EDGE('',*,*,#2978,.T.);
#4114=ORIENTED_EDGE('',*,*,#2976,.F.);
#4115=ORIENTED_EDGE('',*,*,#2979,.T.);
#4116=ORIENTED_EDGE('',*,*,#2980,.T.);
#4117=ORIENTED_EDGE('',*,*,#2981,.F.);
#4118=ORIENTED_EDGE('',*,*,#2982,.T.);
#4119=ORIENTED_EDGE('',*,*,#2978,.F.);
#4120=ORIENTED_EDGE('',*,*,#2975,.F.);
#4121=ORIENTED_EDGE('',*,*,#2972,.F.);
#4122=ORIENTED_EDGE('',*,*,#2983,.F.);
#4123=ORIENTED_EDGE('',*,*,#2984,.F.);
#4124=ORIENTED_EDGE('',*,*,#2985,.F.);
#4125=ORIENTED_EDGE('',*,*,#2986,.T.);
#4126=ORIENTED_EDGE('',*,*,#2979,.F.);
#4127=ORIENTED_EDGE('',*,*,#2969,.F.);
#4128=ORIENTED_EDGE('',*,*,#2966,.F.);
#4129=ORIENTED_EDGE('',*,*,#2987,.F.);
#4130=ORIENTED_EDGE('',*,*,#2988,.T.);
#4131=ORIENTED_EDGE('',*,*,#2983,.T.);
#4132=ORIENTED_EDGE('',*,*,#2963,.F.);
#4133=ORIENTED_EDGE('',*,*,#2989,.F.);
#4134=ORIENTED_EDGE('',*,*,#2990,.F.);
#4135=ORIENTED_EDGE('',*,*,#2987,.T.);
#4136=ORIENTED_EDGE('',*,*,#2960,.F.);
#4137=ORIENTED_EDGE('',*,*,#2955,.F.);
#4138=ORIENTED_EDGE('',*,*,#2991,.T.);
#4139=ORIENTED_EDGE('',*,*,#2992,.T.);
#4140=ORIENTED_EDGE('',*,*,#2989,.T.);
#4141=ORIENTED_EDGE('',*,*,#2952,.F.);
#4142=ORIENTED_EDGE('',*,*,#2993,.F.);
#4143=ORIENTED_EDGE('',*,*,#2994,.F.);
#4144=ORIENTED_EDGE('',*,*,#2995,.F.);
#4145=ORIENTED_EDGE('',*,*,#2991,.F.);
#4146=ORIENTED_EDGE('',*,*,#2996,.T.);
#4147=ORIENTED_EDGE('',*,*,#2997,.T.);
#4148=ORIENTED_EDGE('',*,*,#2998,.T.);
#4149=ORIENTED_EDGE('',*,*,#2999,.T.);
#4150=ORIENTED_EDGE('',*,*,#3000,.T.);
#4151=ORIENTED_EDGE('',*,*,#3001,.T.);
#4152=ORIENTED_EDGE('',*,*,#3002,.T.);
#4153=ORIENTED_EDGE('',*,*,#3003,.T.);
#4154=ORIENTED_EDGE('',*,*,#3004,.T.);
#4155=ORIENTED_EDGE('',*,*,#3005,.T.);
#4156=ORIENTED_EDGE('',*,*,#3006,.T.);
#4157=ORIENTED_EDGE('',*,*,#3007,.T.);
#4158=ORIENTED_EDGE('',*,*,#3006,.F.);
#4159=ORIENTED_EDGE('',*,*,#3008,.T.);
#4160=ORIENTED_EDGE('',*,*,#3002,.F.);
#4161=ORIENTED_EDGE('',*,*,#3000,.F.);
#4162=ORIENTED_EDGE('',*,*,#3009,.T.);
#4163=ORIENTED_EDGE('',*,*,#2998,.F.);
#4164=ORIENTED_EDGE('',*,*,#2977,.F.);
#4165=ORIENTED_EDGE('',*,*,#2982,.F.);
#4166=ORIENTED_EDGE('',*,*,#3010,.T.);
#4167=ORIENTED_EDGE('',*,*,#3011,.F.);
#4168=ORIENTED_EDGE('',*,*,#3012,.F.);
#4169=ORIENTED_EDGE('',*,*,#3013,.F.);
#4170=ORIENTED_EDGE('',*,*,#3014,.T.);
#4171=ORIENTED_EDGE('',*,*,#3015,.F.);
#4172=ORIENTED_EDGE('',*,*,#3016,.F.);
#4173=ORIENTED_EDGE('',*,*,#3017,.F.);
#4174=ORIENTED_EDGE('',*,*,#2999,.F.);
#4175=ORIENTED_EDGE('',*,*,#3018,.F.);
#4176=ORIENTED_EDGE('',*,*,#2974,.F.);
#4177=ORIENTED_EDGE('',*,*,#3018,.T.);
#4178=ORIENTED_EDGE('',*,*,#3009,.F.);
#4179=ORIENTED_EDGE('',*,*,#3019,.T.);
#4180=ORIENTED_EDGE('',*,*,#3020,.T.);
#4181=ORIENTED_EDGE('',*,*,#3021,.T.);
#4182=ORIENTED_EDGE('',*,*,#2971,.F.);
#4183=ORIENTED_EDGE('',*,*,#3021,.F.);
#4184=ORIENTED_EDGE('',*,*,#3022,.T.);
#4185=ORIENTED_EDGE('',*,*,#3023,.T.);
#4186=ORIENTED_EDGE('',*,*,#3020,.F.);
#4187=ORIENTED_EDGE('',*,*,#3024,.T.);
#4188=ORIENTED_EDGE('',*,*,#3025,.T.);
#4189=ORIENTED_EDGE('',*,*,#3019,.F.);
#4190=ORIENTED_EDGE('',*,*,#3003,.F.);
#4191=ORIENTED_EDGE('',*,*,#3026,.F.);
#4192=ORIENTED_EDGE('',*,*,#2968,.F.);
#4193=ORIENTED_EDGE('',*,*,#3027,.T.);
#4194=ORIENTED_EDGE('',*,*,#2965,.F.);
#4195=ORIENTED_EDGE('',*,*,#3026,.T.);
#4196=ORIENTED_EDGE('',*,*,#3008,.F.);
#4197=ORIENTED_EDGE('',*,*,#3028,.T.);
#4198=ORIENTED_EDGE('',*,*,#2959,.F.);
#4199=ORIENTED_EDGE('',*,*,#2962,.F.);
#4200=ORIENTED_EDGE('',*,*,#2957,.F.);
#4201=ORIENTED_EDGE('',*,*,#3028,.F.);
#4202=ORIENTED_EDGE('',*,*,#3005,.F.);
#4203=ORIENTED_EDGE('',*,*,#3029,.F.);
#4204=ORIENTED_EDGE('',*,*,#2954,.F.);
#4205=ORIENTED_EDGE('',*,*,#3030,.T.);
#4206=ORIENTED_EDGE('',*,*,#3031,.T.);
#4207=ORIENTED_EDGE('',*,*,#3032,.T.);
#4208=ORIENTED_EDGE('',*,*,#2994,.T.);
#4209=ORIENTED_EDGE('',*,*,#3033,.T.);
#4210=ORIENTED_EDGE('',*,*,#3032,.F.);
#4211=ORIENTED_EDGE('',*,*,#3034,.T.);
#4212=ORIENTED_EDGE('',*,*,#3035,.T.);
#4213=ORIENTED_EDGE('',*,*,#3036,.T.);
#4214=ORIENTED_EDGE('',*,*,#3035,.F.);
#4215=ORIENTED_EDGE('',*,*,#3037,.T.);
#4216=ORIENTED_EDGE('',*,*,#3037,.F.);
#4217=ORIENTED_EDGE('',*,*,#3038,.T.);
#4218=ORIENTED_EDGE('',*,*,#3039,.F.);
#4219=ORIENTED_EDGE('',*,*,#3040,.T.);
#4220=ORIENTED_EDGE('',*,*,#3041,.F.);
#4221=ORIENTED_EDGE('',*,*,#3042,.T.);
#4222=ORIENTED_EDGE('',*,*,#3034,.F.);
#4223=ORIENTED_EDGE('',*,*,#3031,.F.);
#4224=ORIENTED_EDGE('',*,*,#3043,.T.);
#4225=ORIENTED_EDGE('',*,*,#3044,.F.);
#4226=ORIENTED_EDGE('',*,*,#3038,.F.);
#4227=ORIENTED_EDGE('',*,*,#3044,.T.);
#4228=ORIENTED_EDGE('',*,*,#3045,.T.);
#4229=ORIENTED_EDGE('',*,*,#3046,.T.);
#4230=ORIENTED_EDGE('',*,*,#3047,.F.);
#4231=ORIENTED_EDGE('',*,*,#3039,.T.);
#4232=ORIENTED_EDGE('',*,*,#2997,.F.);
#4233=ORIENTED_EDGE('',*,*,#3048,.F.);
#4234=ORIENTED_EDGE('',*,*,#3007,.F.);
#4235=ORIENTED_EDGE('',*,*,#3001,.F.);
#4236=ORIENTED_EDGE('',*,*,#3049,.F.);
#4237=ORIENTED_EDGE('',*,*,#3050,.T.);
#4238=ORIENTED_EDGE('',*,*,#3051,.F.);
#4239=ORIENTED_EDGE('',*,*,#3052,.T.);
#4240=ORIENTED_EDGE('',*,*,#2985,.T.);
#4241=ORIENTED_EDGE('',*,*,#3053,.T.);
#4242=ORIENTED_EDGE('',*,*,#3054,.F.);
#4243=ORIENTED_EDGE('',*,*,#3055,.T.);
#4244=ORIENTED_EDGE('',*,*,#3047,.T.);
#4245=ORIENTED_EDGE('',*,*,#3056,.T.);
#4246=ORIENTED_EDGE('',*,*,#3050,.F.);
#4247=ORIENTED_EDGE('',*,*,#3057,.T.);
#4248=ORIENTED_EDGE('',*,*,#3058,.T.);
#4249=ORIENTED_EDGE('',*,*,#3055,.F.);
#4250=ORIENTED_EDGE('',*,*,#3059,.T.);
#4251=ORIENTED_EDGE('',*,*,#3060,.T.);
#4252=ORIENTED_EDGE('',*,*,#3053,.F.);
#4253=ORIENTED_EDGE('',*,*,#2984,.T.);
#4254=ORIENTED_EDGE('',*,*,#2988,.F.);
#4255=ORIENTED_EDGE('',*,*,#2990,.T.);
#4256=ORIENTED_EDGE('',*,*,#2992,.F.);
#4257=ORIENTED_EDGE('',*,*,#2995,.T.);
#4258=ORIENTED_EDGE('',*,*,#3033,.F.);
#4259=ORIENTED_EDGE('',*,*,#3036,.F.);
#4260=ORIENTED_EDGE('',*,*,#3042,.F.);
#4261=ORIENTED_EDGE('',*,*,#3061,.T.);
#4262=ORIENTED_EDGE('',*,*,#3062,.T.);
#4263=ORIENTED_EDGE('',*,*,#3040,.F.);
#4264=ORIENTED_EDGE('',*,*,#3052,.F.);
#4265=ORIENTED_EDGE('',*,*,#3063,.T.);
#4266=ORIENTED_EDGE('',*,*,#3064,.F.);
#4267=ORIENTED_EDGE('',*,*,#3065,.T.);
#4268=ORIENTED_EDGE('',*,*,#3066,.F.);
#4269=ORIENTED_EDGE('',*,*,#3067,.F.);
#4270=ORIENTED_EDGE('',*,*,#3068,.F.);
#4271=ORIENTED_EDGE('',*,*,#3069,.T.);
#4272=ORIENTED_EDGE('',*,*,#3070,.F.);
#4273=ORIENTED_EDGE('',*,*,#3071,.F.);
#4274=ORIENTED_EDGE('',*,*,#2980,.F.);
#4275=ORIENTED_EDGE('',*,*,#2986,.F.);
#4276=ORIENTED_EDGE('',*,*,#3046,.F.);
#4277=ORIENTED_EDGE('',*,*,#3072,.T.);
#4278=ORIENTED_EDGE('',*,*,#3063,.F.);
#4279=ORIENTED_EDGE('',*,*,#3051,.T.);
#4280=ORIENTED_EDGE('',*,*,#3056,.F.);
#4281=ORIENTED_EDGE('',*,*,#3073,.F.);
#4282=ORIENTED_EDGE('',*,*,#3074,.T.);
#4283=ORIENTED_EDGE('',*,*,#3075,.F.);
#4284=ORIENTED_EDGE('',*,*,#3076,.F.);
#4285=ORIENTED_EDGE('',*,*,#3077,.F.);
#4286=ORIENTED_EDGE('',*,*,#3076,.T.);
#4287=ORIENTED_EDGE('',*,*,#3078,.F.);
#4288=ORIENTED_EDGE('',*,*,#3079,.F.);
#4289=ORIENTED_EDGE('',*,*,#3080,.F.);
#4290=ORIENTED_EDGE('',*,*,#3079,.T.);
#4291=ORIENTED_EDGE('',*,*,#3081,.F.);
#4292=ORIENTED_EDGE('',*,*,#3082,.F.);
#4293=ORIENTED_EDGE('',*,*,#3083,.F.);
#4294=ORIENTED_EDGE('',*,*,#3082,.T.);
#4295=ORIENTED_EDGE('',*,*,#3084,.F.);
#4296=ORIENTED_EDGE('',*,*,#3074,.F.);
#4297=ORIENTED_EDGE('',*,*,#3084,.T.);
#4298=ORIENTED_EDGE('',*,*,#3081,.T.);
#4299=ORIENTED_EDGE('',*,*,#3078,.T.);
#4300=ORIENTED_EDGE('',*,*,#3075,.T.);
#4301=ORIENTED_EDGE('',*,*,#3061,.F.);
#4302=ORIENTED_EDGE('',*,*,#3041,.T.);
#4303=ORIENTED_EDGE('',*,*,#3062,.F.);
#4304=ORIENTED_EDGE('',*,*,#3085,.T.);
#4305=ORIENTED_EDGE('',*,*,#3086,.T.);
#4306=ORIENTED_EDGE('',*,*,#3085,.F.);
#4307=ORIENTED_EDGE('',*,*,#3086,.F.);
#4308=ORIENTED_EDGE('',*,*,#3087,.F.);
#4309=ORIENTED_EDGE('',*,*,#3057,.F.);
#4310=ORIENTED_EDGE('',*,*,#3049,.T.);
#4311=ORIENTED_EDGE('',*,*,#3058,.F.);
#4312=ORIENTED_EDGE('',*,*,#3088,.T.);
#4313=ORIENTED_EDGE('',*,*,#3089,.T.);
#4314=ORIENTED_EDGE('',*,*,#3088,.F.);
#4315=ORIENTED_EDGE('',*,*,#3089,.F.);
#4316=ORIENTED_EDGE('',*,*,#3090,.F.);
#4317=ORIENTED_EDGE('',*,*,#3059,.F.);
#4318=ORIENTED_EDGE('',*,*,#3054,.T.);
#4319=ORIENTED_EDGE('',*,*,#3060,.F.);
#4320=ORIENTED_EDGE('',*,*,#3091,.T.);
#4321=ORIENTED_EDGE('',*,*,#3092,.T.);
#4322=ORIENTED_EDGE('',*,*,#3091,.F.);
#4323=ORIENTED_EDGE('',*,*,#3092,.F.);
#4324=ORIENTED_EDGE('',*,*,#3093,.F.);
#4325=ORIENTED_EDGE('',*,*,#3090,.T.);
#4326=ORIENTED_EDGE('',*,*,#3094,.T.);
#4327=ORIENTED_EDGE('',*,*,#3024,.F.);
#4328=ORIENTED_EDGE('',*,*,#3025,.F.);
#4329=ORIENTED_EDGE('',*,*,#3094,.F.);
#4330=ORIENTED_EDGE('',*,*,#3087,.T.);
#4331=ORIENTED_EDGE('',*,*,#3095,.T.);
#4332=ORIENTED_EDGE('',*,*,#3027,.F.);
#4333=ORIENTED_EDGE('',*,*,#3095,.F.);
#4334=ORIENTED_EDGE('',*,*,#3093,.T.);
#4335=ORIENTED_EDGE('',*,*,#3096,.T.);
#4336=ORIENTED_EDGE('',*,*,#3022,.F.);
#4337=ORIENTED_EDGE('',*,*,#3023,.F.);
#4338=ORIENTED_EDGE('',*,*,#3096,.F.);
#4339=ORIENTED_EDGE('',*,*,#2951,.F.);
#4340=ORIENTED_EDGE('',*,*,#3029,.T.);
#4341=ORIENTED_EDGE('',*,*,#3004,.F.);
#4342=ORIENTED_EDGE('',*,*,#3048,.T.);
#4343=ORIENTED_EDGE('',*,*,#2996,.F.);
#4344=ORIENTED_EDGE('',*,*,#3017,.T.);
#4345=ORIENTED_EDGE('',*,*,#3097,.F.);
#4346=ORIENTED_EDGE('',*,*,#3064,.T.);
#4347=ORIENTED_EDGE('',*,*,#3072,.F.);
#4348=ORIENTED_EDGE('',*,*,#3045,.F.);
#4349=ORIENTED_EDGE('',*,*,#3043,.F.);
#4350=ORIENTED_EDGE('',*,*,#3030,.F.);
#4351=ORIENTED_EDGE('',*,*,#2993,.T.);
#4352=ORIENTED_EDGE('',*,*,#3073,.T.);
#4353=ORIENTED_EDGE('',*,*,#3077,.T.);
#4354=ORIENTED_EDGE('',*,*,#3080,.T.);
#4355=ORIENTED_EDGE('',*,*,#3083,.T.);
#4356=ORIENTED_EDGE('',*,*,#3013,.T.);
#4357=ORIENTED_EDGE('',*,*,#3098,.F.);
#4358=ORIENTED_EDGE('',*,*,#3068,.T.);
#4359=ORIENTED_EDGE('',*,*,#3099,.F.);
#4360=ORIENTED_EDGE('',*,*,#3099,.T.);
#4361=ORIENTED_EDGE('',*,*,#3067,.T.);
#4362=ORIENTED_EDGE('',*,*,#3100,.F.);
#4363=ORIENTED_EDGE('',*,*,#3014,.F.);
#4364=ORIENTED_EDGE('',*,*,#2981,.T.);
#4365=ORIENTED_EDGE('',*,*,#3071,.T.);
#4366=ORIENTED_EDGE('',*,*,#3101,.F.);
#4367=ORIENTED_EDGE('',*,*,#3010,.F.);
#4368=ORIENTED_EDGE('',*,*,#3098,.T.);
#4369=ORIENTED_EDGE('',*,*,#3012,.T.);
#4370=ORIENTED_EDGE('',*,*,#3102,.F.);
#4371=ORIENTED_EDGE('',*,*,#3069,.F.);
#4372=ORIENTED_EDGE('',*,*,#3070,.T.);
#4373=ORIENTED_EDGE('',*,*,#3102,.T.);
#4374=ORIENTED_EDGE('',*,*,#3011,.T.);
#4375=ORIENTED_EDGE('',*,*,#3101,.T.);
#4376=ORIENTED_EDGE('',*,*,#3097,.T.);
#4377=ORIENTED_EDGE('',*,*,#3016,.T.);
#4378=ORIENTED_EDGE('',*,*,#3103,.F.);
#4379=ORIENTED_EDGE('',*,*,#3065,.F.);
#4380=ORIENTED_EDGE('',*,*,#3066,.T.);
#4381=ORIENTED_EDGE('',*,*,#3103,.T.);
#4382=ORIENTED_EDGE('',*,*,#3015,.T.);
#4383=ORIENTED_EDGE('',*,*,#3100,.T.);
#4384=ORIENTED_EDGE('',*,*,#3104,.T.);
#4385=ORIENTED_EDGE('',*,*,#3105,.T.);
#4386=ORIENTED_EDGE('',*,*,#3106,.T.);
#4387=ORIENTED_EDGE('',*,*,#3107,.T.);
#4388=ORIENTED_EDGE('',*,*,#3108,.T.);
#4389=ORIENTED_EDGE('',*,*,#3109,.T.);
#4390=ORIENTED_EDGE('',*,*,#3106,.F.);
#4391=ORIENTED_EDGE('',*,*,#3110,.T.);
#4392=ORIENTED_EDGE('',*,*,#3108,.F.);
#4393=ORIENTED_EDGE('',*,*,#3111,.T.);
#4394=ORIENTED_EDGE('',*,*,#3112,.T.);
#4395=ORIENTED_EDGE('',*,*,#3113,.T.);
#4396=ORIENTED_EDGE('',*,*,#3114,.T.);
#4397=ORIENTED_EDGE('',*,*,#3115,.T.);
#4398=ORIENTED_EDGE('',*,*,#3112,.F.);
#4399=ORIENTED_EDGE('',*,*,#3116,.T.);
#4400=ORIENTED_EDGE('',*,*,#3114,.F.);
#4401=ORIENTED_EDGE('',*,*,#3117,.T.);
#4402=ORIENTED_EDGE('',*,*,#3118,.T.);
#4403=ORIENTED_EDGE('',*,*,#3119,.T.);
#4404=ORIENTED_EDGE('',*,*,#3120,.T.);
#4405=ORIENTED_EDGE('',*,*,#3121,.T.);
#4406=ORIENTED_EDGE('',*,*,#3118,.F.);
#4407=ORIENTED_EDGE('',*,*,#3122,.T.);
#4408=ORIENTED_EDGE('',*,*,#3123,.T.);
#4409=ORIENTED_EDGE('',*,*,#3124,.T.);
#4410=ORIENTED_EDGE('',*,*,#3120,.F.);
#4411=ORIENTED_EDGE('',*,*,#3125,.T.);
#4412=ORIENTED_EDGE('',*,*,#3126,.T.);
#4413=ORIENTED_EDGE('',*,*,#3127,.T.);
#4414=ORIENTED_EDGE('',*,*,#3123,.F.);
#4415=ORIENTED_EDGE('',*,*,#3128,.T.);
#4416=ORIENTED_EDGE('',*,*,#3129,.T.);
#4417=ORIENTED_EDGE('',*,*,#3130,.T.);
#4418=ORIENTED_EDGE('',*,*,#3126,.F.);
#4419=ORIENTED_EDGE('',*,*,#3131,.T.);
#4420=ORIENTED_EDGE('',*,*,#3128,.F.);
#4421=ORIENTED_EDGE('',*,*,#3132,.T.);
#4422=ORIENTED_EDGE('',*,*,#3133,.T.);
#4423=ORIENTED_EDGE('',*,*,#3134,.F.);
#4424=ORIENTED_EDGE('',*,*,#3135,.T.);
#4425=ORIENTED_EDGE('',*,*,#3125,.F.);
#4426=ORIENTED_EDGE('',*,*,#3122,.F.);
#4427=ORIENTED_EDGE('',*,*,#3136,.F.);
#4428=ORIENTED_EDGE('',*,*,#3137,.F.);
#4429=ORIENTED_EDGE('',*,*,#3133,.F.);
#4430=ORIENTED_EDGE('',*,*,#3138,.T.);
#4431=ORIENTED_EDGE('',*,*,#3139,.T.);
#4432=ORIENTED_EDGE('',*,*,#3132,.F.);
#4433=ORIENTED_EDGE('',*,*,#3140,.T.);
#4434=ORIENTED_EDGE('',*,*,#3141,.T.);
#4435=ORIENTED_EDGE('',*,*,#3117,.F.);
#4436=ORIENTED_EDGE('',*,*,#3116,.F.);
#4437=ORIENTED_EDGE('',*,*,#3111,.F.);
#4438=ORIENTED_EDGE('',*,*,#3142,.T.);
#4439=ORIENTED_EDGE('',*,*,#3143,.F.);
#4440=ORIENTED_EDGE('',*,*,#3136,.T.);
#4441=ORIENTED_EDGE('',*,*,#3110,.F.);
#4442=ORIENTED_EDGE('',*,*,#3105,.F.);
#4443=ORIENTED_EDGE('',*,*,#3144,.T.);
#4444=ORIENTED_EDGE('',*,*,#3145,.F.);
#4445=ORIENTED_EDGE('',*,*,#3142,.F.);
#4446=ORIENTED_EDGE('',*,*,#3104,.F.);
#4447=ORIENTED_EDGE('',*,*,#3146,.F.);
#4448=ORIENTED_EDGE('',*,*,#3147,.T.);
#4449=ORIENTED_EDGE('',*,*,#3148,.F.);
#4450=ORIENTED_EDGE('',*,*,#3149,.F.);
#4451=ORIENTED_EDGE('',*,*,#3150,.F.);
#4452=ORIENTED_EDGE('',*,*,#3151,.T.);
#4453=ORIENTED_EDGE('',*,*,#3152,.F.);
#4454=ORIENTED_EDGE('',*,*,#3153,.F.);
#4455=ORIENTED_EDGE('',*,*,#3154,.F.);
#4456=ORIENTED_EDGE('',*,*,#3155,.F.);
#4457=ORIENTED_EDGE('',*,*,#3144,.F.);
#4458=ORIENTED_EDGE('',*,*,#3156,.T.);
#4459=ORIENTED_EDGE('',*,*,#3157,.T.);
#4460=ORIENTED_EDGE('',*,*,#3158,.T.);
#4461=ORIENTED_EDGE('',*,*,#3159,.T.);
#4462=ORIENTED_EDGE('',*,*,#3107,.F.);
#4463=ORIENTED_EDGE('',*,*,#3160,.T.);
#4464=ORIENTED_EDGE('',*,*,#3161,.F.);
#4465=ORIENTED_EDGE('',*,*,#3162,.T.);
#4466=ORIENTED_EDGE('',*,*,#3146,.T.);
#4467=ORIENTED_EDGE('',*,*,#3155,.T.);
#4468=ORIENTED_EDGE('',*,*,#3163,.T.);
#4469=ORIENTED_EDGE('',*,*,#3164,.T.);
#4470=ORIENTED_EDGE('',*,*,#3145,.T.);
#4471=ORIENTED_EDGE('',*,*,#3165,.T.);
#4472=ORIENTED_EDGE('',*,*,#3137,.T.);
#4473=ORIENTED_EDGE('',*,*,#3166,.T.);
#4474=ORIENTED_EDGE('',*,*,#3167,.T.);
#4475=ORIENTED_EDGE('',*,*,#3153,.T.);
#4476=ORIENTED_EDGE('',*,*,#3168,.T.);
#4477=ORIENTED_EDGE('',*,*,#3169,.T.);
#4478=ORIENTED_EDGE('',*,*,#3170,.T.);
#4479=ORIENTED_EDGE('',*,*,#3169,.F.);
#4480=ORIENTED_EDGE('',*,*,#3134,.T.);
#4481=ORIENTED_EDGE('',*,*,#3165,.F.);
#4482=ORIENTED_EDGE('',*,*,#3166,.F.);
#4483=ORIENTED_EDGE('',*,*,#3143,.T.);
#4484=ORIENTED_EDGE('',*,*,#3164,.F.);
#4485=ORIENTED_EDGE('',*,*,#3131,.F.);
#4486=ORIENTED_EDGE('',*,*,#3135,.F.);
#4487=ORIENTED_EDGE('',*,*,#3168,.F.);
#4488=ORIENTED_EDGE('',*,*,#3152,.T.);
#4489=ORIENTED_EDGE('',*,*,#3171,.T.);
#4490=ORIENTED_EDGE('',*,*,#3172,.T.);
#4491=ORIENTED_EDGE('',*,*,#3173,.F.);
#4492=ORIENTED_EDGE('',*,*,#3174,.T.);
#4493=ORIENTED_EDGE('',*,*,#3175,.T.);
#4494=ORIENTED_EDGE('',*,*,#3176,.T.);
#4495=ORIENTED_EDGE('',*,*,#3177,.F.);
#4496=ORIENTED_EDGE('',*,*,#3178,.T.);
#4497=ORIENTED_EDGE('',*,*,#3179,.F.);
#4498=ORIENTED_EDGE('',*,*,#3180,.T.);
#4499=ORIENTED_EDGE('',*,*,#3181,.T.);
#4500=ORIENTED_EDGE('',*,*,#3182,.T.);
#4501=ORIENTED_EDGE('',*,*,#3183,.T.);
#4502=ORIENTED_EDGE('',*,*,#3184,.F.);
#4503=ORIENTED_EDGE('',*,*,#3185,.T.);
#4504=ORIENTED_EDGE('',*,*,#3186,.F.);
#4505=ORIENTED_EDGE('',*,*,#3183,.F.);
#4506=ORIENTED_EDGE('',*,*,#3187,.T.);
#4507=ORIENTED_EDGE('',*,*,#3161,.T.);
#4508=ORIENTED_EDGE('',*,*,#3188,.T.);
#4509=ORIENTED_EDGE('',*,*,#3189,.T.);
#4510=ORIENTED_EDGE('',*,*,#3190,.T.);
#4511=ORIENTED_EDGE('',*,*,#3191,.T.);
#4512=ORIENTED_EDGE('',*,*,#3148,.T.);
#4513=ORIENTED_EDGE('',*,*,#3192,.T.);
#4514=ORIENTED_EDGE('',*,*,#3181,.F.);
#4515=ORIENTED_EDGE('',*,*,#3193,.F.);
#4516=ORIENTED_EDGE('',*,*,#3182,.F.);
#4517=ORIENTED_EDGE('',*,*,#3192,.F.);
#4518=ORIENTED_EDGE('',*,*,#3147,.F.);
#4519=ORIENTED_EDGE('',*,*,#3162,.F.);
#4520=ORIENTED_EDGE('',*,*,#3187,.F.);
#4521=ORIENTED_EDGE('',*,*,#3121,.F.);
#4522=ORIENTED_EDGE('',*,*,#3194,.F.);
#4523=ORIENTED_EDGE('',*,*,#3195,.F.);
#4524=ORIENTED_EDGE('',*,*,#3196,.T.);
#4525=ORIENTED_EDGE('',*,*,#3119,.F.);
#4526=ORIENTED_EDGE('',*,*,#3163,.F.);
#4527=ORIENTED_EDGE('',*,*,#3154,.T.);
#4528=ORIENTED_EDGE('',*,*,#3170,.F.);
#4529=ORIENTED_EDGE('',*,*,#3167,.F.);
#4530=ORIENTED_EDGE('',*,*,#3113,.F.);
#4531=ORIENTED_EDGE('',*,*,#3197,.T.);
#4532=ORIENTED_EDGE('',*,*,#3188,.F.);
#4533=ORIENTED_EDGE('',*,*,#3160,.F.);
#4534=ORIENTED_EDGE('',*,*,#3109,.F.);
#4535=ORIENTED_EDGE('',*,*,#3198,.F.);
#4536=ORIENTED_EDGE('',*,*,#3199,.T.);
#4537=ORIENTED_EDGE('',*,*,#3200,.T.);
#4538=ORIENTED_EDGE('',*,*,#3201,.T.);
#4539=ORIENTED_EDGE('',*,*,#3202,.F.);
#4540=ORIENTED_EDGE('',*,*,#3203,.T.);
#4541=ORIENTED_EDGE('',*,*,#3190,.F.);
#4542=ORIENTED_EDGE('',*,*,#3204,.F.);
#4543=ORIENTED_EDGE('',*,*,#3195,.T.);
#4544=ORIENTED_EDGE('',*,*,#3205,.F.);
#4545=ORIENTED_EDGE('',*,*,#3199,.F.);
#4546=ORIENTED_EDGE('',*,*,#3206,.T.);
#4547=ORIENTED_EDGE('',*,*,#3207,.T.);
#4548=ORIENTED_EDGE('',*,*,#3203,.F.);
#4549=ORIENTED_EDGE('',*,*,#3208,.T.);
#4550=ORIENTED_EDGE('',*,*,#3193,.T.);
#4551=ORIENTED_EDGE('',*,*,#3180,.F.);
#4552=ORIENTED_EDGE('',*,*,#3209,.T.);
#4553=ORIENTED_EDGE('',*,*,#3210,.T.);
#4554=ORIENTED_EDGE('',*,*,#3185,.F.);
#4555=ORIENTED_EDGE('',*,*,#3211,.T.);
#4556=ORIENTED_EDGE('',*,*,#3212,.T.);
#4557=ORIENTED_EDGE('',*,*,#3191,.F.);
#4558=ORIENTED_EDGE('',*,*,#3208,.F.);
#4559=ORIENTED_EDGE('',*,*,#3202,.T.);
#4560=ORIENTED_EDGE('',*,*,#3213,.F.);
#4561=ORIENTED_EDGE('',*,*,#3149,.T.);
#4562=ORIENTED_EDGE('',*,*,#3156,.F.);
#4563=ORIENTED_EDGE('',*,*,#3214,.T.);
#4564=ORIENTED_EDGE('',*,*,#3215,.F.);
#4565=ORIENTED_EDGE('',*,*,#3216,.F.);
#4566=ORIENTED_EDGE('',*,*,#3157,.F.);
#4567=ORIENTED_EDGE('',*,*,#3216,.T.);
#4568=ORIENTED_EDGE('',*,*,#3217,.F.);
#4569=ORIENTED_EDGE('',*,*,#3218,.F.);
#4570=ORIENTED_EDGE('',*,*,#3158,.F.);
#4571=ORIENTED_EDGE('',*,*,#3218,.T.);
#4572=ORIENTED_EDGE('',*,*,#3219,.F.);
#4573=ORIENTED_EDGE('',*,*,#3220,.F.);
#4574=ORIENTED_EDGE('',*,*,#3159,.F.);
#4575=ORIENTED_EDGE('',*,*,#3220,.T.);
#4576=ORIENTED_EDGE('',*,*,#3221,.F.);
#4577=ORIENTED_EDGE('',*,*,#3214,.F.);
#4578=ORIENTED_EDGE('',*,*,#3221,.T.);
#4579=ORIENTED_EDGE('',*,*,#3219,.T.);
#4580=ORIENTED_EDGE('',*,*,#3217,.T.);
#4581=ORIENTED_EDGE('',*,*,#3215,.T.);
#4582=ORIENTED_EDGE('',*,*,#3211,.F.);
#4583=ORIENTED_EDGE('',*,*,#3184,.T.);
#4584=ORIENTED_EDGE('',*,*,#3186,.T.);
#4585=ORIENTED_EDGE('',*,*,#3212,.F.);
#4586=ORIENTED_EDGE('',*,*,#3222,.T.);
#4587=ORIENTED_EDGE('',*,*,#3223,.T.);
#4588=ORIENTED_EDGE('',*,*,#3222,.F.);
#4589=ORIENTED_EDGE('',*,*,#3223,.F.);
#4590=ORIENTED_EDGE('',*,*,#3224,.F.);
#4591=ORIENTED_EDGE('',*,*,#3209,.F.);
#4592=ORIENTED_EDGE('',*,*,#3179,.T.);
#4593=ORIENTED_EDGE('',*,*,#3210,.F.);
#4594=ORIENTED_EDGE('',*,*,#3225,.T.);
#4595=ORIENTED_EDGE('',*,*,#3226,.T.);
#4596=ORIENTED_EDGE('',*,*,#3225,.F.);
#4597=ORIENTED_EDGE('',*,*,#3226,.F.);
#4598=ORIENTED_EDGE('',*,*,#3227,.F.);
#4599=ORIENTED_EDGE('',*,*,#3206,.F.);
#4600=ORIENTED_EDGE('',*,*,#3198,.T.);
#4601=ORIENTED_EDGE('',*,*,#3207,.F.);
#4602=ORIENTED_EDGE('',*,*,#3228,.T.);
#4603=ORIENTED_EDGE('',*,*,#3229,.T.);
#4604=ORIENTED_EDGE('',*,*,#3228,.F.);
#4605=ORIENTED_EDGE('',*,*,#3229,.F.);
#4606=ORIENTED_EDGE('',*,*,#3230,.F.);
#4607=ORIENTED_EDGE('',*,*,#3224,.T.);
#4608=ORIENTED_EDGE('',*,*,#3231,.T.);
#4609=ORIENTED_EDGE('',*,*,#3140,.F.);
#4610=ORIENTED_EDGE('',*,*,#3231,.F.);
#4611=ORIENTED_EDGE('',*,*,#3230,.T.);
#4612=ORIENTED_EDGE('',*,*,#3232,.T.);
#4613=ORIENTED_EDGE('',*,*,#3138,.F.);
#4614=ORIENTED_EDGE('',*,*,#3139,.F.);
#4615=ORIENTED_EDGE('',*,*,#3232,.F.);
#4616=ORIENTED_EDGE('',*,*,#3227,.T.);
#4617=ORIENTED_EDGE('',*,*,#3233,.T.);
#4618=ORIENTED_EDGE('',*,*,#3141,.F.);
#4619=ORIENTED_EDGE('',*,*,#3233,.F.);
#4620=ORIENTED_EDGE('',*,*,#3174,.F.);
#4621=ORIENTED_EDGE('',*,*,#3234,.T.);
#4622=ORIENTED_EDGE('',*,*,#3235,.F.);
#4623=ORIENTED_EDGE('',*,*,#3236,.T.);
#4624=ORIENTED_EDGE('',*,*,#3234,.F.);
#4625=ORIENTED_EDGE('',*,*,#3173,.T.);
#4626=ORIENTED_EDGE('',*,*,#3237,.T.);
#4627=ORIENTED_EDGE('',*,*,#3238,.F.);
#4628=ORIENTED_EDGE('',*,*,#3129,.F.);
#4629=ORIENTED_EDGE('',*,*,#3178,.F.);
#4630=ORIENTED_EDGE('',*,*,#3239,.T.);
#4631=ORIENTED_EDGE('',*,*,#3240,.F.);
#4632=ORIENTED_EDGE('',*,*,#3241,.F.);
#4633=ORIENTED_EDGE('',*,*,#3239,.F.);
#4634=ORIENTED_EDGE('',*,*,#3177,.T.);
#4635=ORIENTED_EDGE('',*,*,#3242,.T.);
#4636=ORIENTED_EDGE('',*,*,#3243,.F.);
#4637=ORIENTED_EDGE('',*,*,#3236,.F.);
#4638=ORIENTED_EDGE('',*,*,#3244,.T.);
#4639=ORIENTED_EDGE('',*,*,#3245,.T.);
#4640=ORIENTED_EDGE('',*,*,#3175,.F.);
#4641=ORIENTED_EDGE('',*,*,#3246,.F.);
#4642=ORIENTED_EDGE('',*,*,#3242,.F.);
#4643=ORIENTED_EDGE('',*,*,#3176,.F.);
#4644=ORIENTED_EDGE('',*,*,#3245,.F.);
#4645=ORIENTED_EDGE('',*,*,#3151,.F.);
#4646=ORIENTED_EDGE('',*,*,#3247,.T.);
#4647=ORIENTED_EDGE('',*,*,#3248,.T.);
#4648=ORIENTED_EDGE('',*,*,#3171,.F.);
#4649=ORIENTED_EDGE('',*,*,#3201,.F.);
#4650=ORIENTED_EDGE('',*,*,#3249,.T.);
#4651=ORIENTED_EDGE('',*,*,#3240,.T.);
#4652=ORIENTED_EDGE('',*,*,#3243,.T.);
#4653=ORIENTED_EDGE('',*,*,#3246,.T.);
#4654=ORIENTED_EDGE('',*,*,#3244,.F.);
#4655=ORIENTED_EDGE('',*,*,#3235,.T.);
#4656=ORIENTED_EDGE('',*,*,#3238,.T.);
#4657=ORIENTED_EDGE('',*,*,#3250,.T.);
#4658=ORIENTED_EDGE('',*,*,#3247,.F.);
#4659=ORIENTED_EDGE('',*,*,#3150,.T.);
#4660=ORIENTED_EDGE('',*,*,#3213,.T.);
#4661=ORIENTED_EDGE('',*,*,#3250,.F.);
#4662=ORIENTED_EDGE('',*,*,#3237,.F.);
#4663=ORIENTED_EDGE('',*,*,#3172,.F.);
#4664=ORIENTED_EDGE('',*,*,#3248,.F.);
#4665=ORIENTED_EDGE('',*,*,#3130,.F.);
#4666=ORIENTED_EDGE('',*,*,#3241,.T.);
#4667=ORIENTED_EDGE('',*,*,#3249,.F.);
#4668=ORIENTED_EDGE('',*,*,#3200,.F.);
#4669=ORIENTED_EDGE('',*,*,#3205,.T.);
#4670=ORIENTED_EDGE('',*,*,#3194,.T.);
#4671=ORIENTED_EDGE('',*,*,#3124,.F.);
#4672=ORIENTED_EDGE('',*,*,#3127,.F.);
#4673=ORIENTED_EDGE('',*,*,#3115,.F.);
#4674=ORIENTED_EDGE('',*,*,#3196,.F.);
#4675=ORIENTED_EDGE('',*,*,#3204,.T.);
#4676=ORIENTED_EDGE('',*,*,#3189,.F.);
#4677=ORIENTED_EDGE('',*,*,#3197,.F.);
#4678=ORIENTED_EDGE('',*,*,#3251,.T.);
#4679=ORIENTED_EDGE('',*,*,#3252,.F.);
#4680=ORIENTED_EDGE('',*,*,#3253,.T.);
#4681=ORIENTED_EDGE('',*,*,#3254,.T.);
#4682=ORIENTED_EDGE('',*,*,#3255,.T.);
#4683=ORIENTED_EDGE('',*,*,#3253,.F.);
#4684=ORIENTED_EDGE('',*,*,#3254,.F.);
#4685=ORIENTED_EDGE('',*,*,#3255,.F.);
#4686=ORIENTED_EDGE('',*,*,#3256,.T.);
#4687=ORIENTED_EDGE('',*,*,#3257,.T.);
#4688=ORIENTED_EDGE('',*,*,#3258,.T.);
#4689=ORIENTED_EDGE('',*,*,#3256,.F.);
#4690=ORIENTED_EDGE('',*,*,#3258,.F.);
#4691=ORIENTED_EDGE('',*,*,#3259,.T.);
#4692=ORIENTED_EDGE('',*,*,#3260,.T.);
#4693=ORIENTED_EDGE('',*,*,#3261,.T.);
#4694=ORIENTED_EDGE('',*,*,#3259,.F.);
#4695=ORIENTED_EDGE('',*,*,#3257,.F.);
#4696=ORIENTED_EDGE('',*,*,#3260,.F.);
#4697=ORIENTED_EDGE('',*,*,#3261,.F.);
#4698=ORIENTED_EDGE('',*,*,#3262,.T.);
#4699=ORIENTED_EDGE('',*,*,#3263,.T.);
#4700=ORIENTED_EDGE('',*,*,#3264,.T.);
#4701=ORIENTED_EDGE('',*,*,#3262,.F.);
#4702=ORIENTED_EDGE('',*,*,#3264,.F.);
#4703=ORIENTED_EDGE('',*,*,#3265,.T.);
#4704=ORIENTED_EDGE('',*,*,#3266,.T.);
#4705=ORIENTED_EDGE('',*,*,#3267,.T.);
#4706=ORIENTED_EDGE('',*,*,#3265,.F.);
#4707=ORIENTED_EDGE('',*,*,#3263,.F.);
#4708=ORIENTED_EDGE('',*,*,#3266,.F.);
#4709=ORIENTED_EDGE('',*,*,#3267,.F.);
#4710=ORIENTED_EDGE('',*,*,#3268,.T.);
#4711=ORIENTED_EDGE('',*,*,#3269,.T.);
#4712=ORIENTED_EDGE('',*,*,#3270,.T.);
#4713=ORIENTED_EDGE('',*,*,#3268,.F.);
#4714=ORIENTED_EDGE('',*,*,#3270,.F.);
#4715=ORIENTED_EDGE('',*,*,#3271,.T.);
#4716=ORIENTED_EDGE('',*,*,#3251,.F.);
#4717=ORIENTED_EDGE('',*,*,#3271,.F.);
#4718=ORIENTED_EDGE('',*,*,#3269,.F.);
#4719=ORIENTED_EDGE('',*,*,#3252,.T.);
#4720=ORIENTED_EDGE('',*,*,#3272,.T.);
#4721=ORIENTED_EDGE('',*,*,#3273,.F.);
#4722=ORIENTED_EDGE('',*,*,#3274,.T.);
#4723=ORIENTED_EDGE('',*,*,#3275,.T.);
#4724=ORIENTED_EDGE('',*,*,#3276,.T.);
#4725=ORIENTED_EDGE('',*,*,#3274,.F.);
#4726=ORIENTED_EDGE('',*,*,#3275,.F.);
#4727=ORIENTED_EDGE('',*,*,#3276,.F.);
#4728=ORIENTED_EDGE('',*,*,#3277,.T.);
#4729=ORIENTED_EDGE('',*,*,#3278,.T.);
#4730=ORIENTED_EDGE('',*,*,#3279,.T.);
#4731=ORIENTED_EDGE('',*,*,#3277,.F.);
#4732=ORIENTED_EDGE('',*,*,#3279,.F.);
#4733=ORIENTED_EDGE('',*,*,#3280,.T.);
#4734=ORIENTED_EDGE('',*,*,#3281,.T.);
#4735=ORIENTED_EDGE('',*,*,#3282,.T.);
#4736=ORIENTED_EDGE('',*,*,#3280,.F.);
#4737=ORIENTED_EDGE('',*,*,#3278,.F.);
#4738=ORIENTED_EDGE('',*,*,#3281,.F.);
#4739=ORIENTED_EDGE('',*,*,#3282,.F.);
#4740=ORIENTED_EDGE('',*,*,#3283,.T.);
#4741=ORIENTED_EDGE('',*,*,#3284,.T.);
#4742=ORIENTED_EDGE('',*,*,#3285,.T.);
#4743=ORIENTED_EDGE('',*,*,#3283,.F.);
#4744=ORIENTED_EDGE('',*,*,#3285,.F.);
#4745=ORIENTED_EDGE('',*,*,#3286,.T.);
#4746=ORIENTED_EDGE('',*,*,#3287,.T.);
#4747=ORIENTED_EDGE('',*,*,#3288,.T.);
#4748=ORIENTED_EDGE('',*,*,#3286,.F.);
#4749=ORIENTED_EDGE('',*,*,#3284,.F.);
#4750=ORIENTED_EDGE('',*,*,#3287,.F.);
#4751=ORIENTED_EDGE('',*,*,#3288,.F.);
#4752=ORIENTED_EDGE('',*,*,#3289,.T.);
#4753=ORIENTED_EDGE('',*,*,#3290,.T.);
#4754=ORIENTED_EDGE('',*,*,#3291,.T.);
#4755=ORIENTED_EDGE('',*,*,#3289,.F.);
#4756=ORIENTED_EDGE('',*,*,#3291,.F.);
#4757=ORIENTED_EDGE('',*,*,#3292,.T.);
#4758=ORIENTED_EDGE('',*,*,#3272,.F.);
#4759=ORIENTED_EDGE('',*,*,#3292,.F.);
#4760=ORIENTED_EDGE('',*,*,#3290,.F.);
#4761=ORIENTED_EDGE('',*,*,#3273,.T.);
#4762=ORIENTED_EDGE('',*,*,#3293,.T.);
#4763=ORIENTED_EDGE('',*,*,#3294,.T.);
#4764=ORIENTED_EDGE('',*,*,#3295,.T.);
#4765=ORIENTED_EDGE('',*,*,#3296,.T.);
#4766=ORIENTED_EDGE('',*,*,#3297,.T.);
#4767=ORIENTED_EDGE('',*,*,#3298,.T.);
#4768=ORIENTED_EDGE('',*,*,#3297,.F.);
#4769=ORIENTED_EDGE('',*,*,#3299,.T.);
#4770=ORIENTED_EDGE('',*,*,#3298,.F.);
#4771=ORIENTED_EDGE('',*,*,#3299,.F.);
#4772=ORIENTED_EDGE('',*,*,#3296,.F.);
#4773=ORIENTED_EDGE('',*,*,#3300,.T.);
#4774=ORIENTED_EDGE('',*,*,#3301,.T.);
#4775=ORIENTED_EDGE('',*,*,#3302,.F.);
#4776=ORIENTED_EDGE('',*,*,#3293,.F.);
#4777=ORIENTED_EDGE('',*,*,#3302,.T.);
#4778=ORIENTED_EDGE('',*,*,#3303,.F.);
#4779=ORIENTED_EDGE('',*,*,#3304,.F.);
#4780=ORIENTED_EDGE('',*,*,#3301,.F.);
#4781=ORIENTED_EDGE('',*,*,#3305,.T.);
#4782=ORIENTED_EDGE('',*,*,#3306,.T.);
#4783=ORIENTED_EDGE('',*,*,#3303,.T.);
#4784=ORIENTED_EDGE('',*,*,#3294,.F.);
#4785=ORIENTED_EDGE('',*,*,#3304,.T.);
#4786=ORIENTED_EDGE('',*,*,#3306,.F.);
#4787=ORIENTED_EDGE('',*,*,#3307,.F.);
#4788=ORIENTED_EDGE('',*,*,#3295,.F.);
#4789=ORIENTED_EDGE('',*,*,#3307,.T.);
#4790=ORIENTED_EDGE('',*,*,#3305,.F.);
#4791=ORIENTED_EDGE('',*,*,#3300,.F.);
#4792=CYLINDRICAL_SURFACE('',#5306,1.);
#4793=CYLINDRICAL_SURFACE('',#5309,2.21428571428571);
#4794=CYLINDRICAL_SURFACE('',#5318,2.5);
#4795=CYLINDRICAL_SURFACE('',#5322,2.5);
#4796=CYLINDRICAL_SURFACE('',#5332,1.895);
#4797=CYLINDRICAL_SURFACE('',#5334,1.);
#4798=CYLINDRICAL_SURFACE('',#5349,1.895);
#4799=CYLINDRICAL_SURFACE('',#5351,1.);
#4800=CYLINDRICAL_SURFACE('',#5399,3.);
#4801=CYLINDRICAL_SURFACE('',#5445,0.9);
#4802=CYLINDRICAL_SURFACE('',#5447,0.9);
#4803=CYLINDRICAL_SURFACE('',#5449,0.9);
#4804=CYLINDRICAL_SURFACE('',#5451,0.9);
#4805=CYLINDRICAL_SURFACE('',#5453,0.9);
#4806=CYLINDRICAL_SURFACE('',#5455,0.9);
#4807=CYLINDRICAL_SURFACE('',#5457,0.9);
#4808=CYLINDRICAL_SURFACE('',#5484,2.75);
#4809=CYLINDRICAL_SURFACE('',#5487,2.75);
#4810=CYLINDRICAL_SURFACE('',#5490,2.75);
#4811=CYLINDRICAL_SURFACE('',#5493,2.75);
#4812=CYLINDRICAL_SURFACE('',#5496,2.75);
#4813=CYLINDRICAL_SURFACE('',#5499,2.75);
#4814=CYLINDRICAL_SURFACE('',#5520,1.5);
#4815=CYLINDRICAL_SURFACE('',#5539,3.57142932036846);
#4816=CYLINDRICAL_SURFACE('',#5540,3.57142932036846);
#4817=CYLINDRICAL_SURFACE('',#5541,6.28657707681994);
#4818=CYLINDRICAL_SURFACE('',#5542,6.28657707681994);
#4819=CYLINDRICAL_SURFACE('',#5543,3.57142927588522);
#4820=CYLINDRICAL_SURFACE('',#5544,3.57142927588522);
#4821=CYLINDRICAL_SURFACE('',#5545,3.57142932047053);
#4822=CYLINDRICAL_SURFACE('',#5546,3.57142932047053);
#4823=CYLINDRICAL_SURFACE('',#5547,6.28657707220982);
#4824=CYLINDRICAL_SURFACE('',#5548,6.28657707220982);
#4825=CYLINDRICAL_SURFACE('',#5549,3.57142927572647);
#4826=CYLINDRICAL_SURFACE('',#5550,3.57142927572647);
#4827=CYLINDRICAL_SURFACE('',#5551,3.57142932022997);
#4828=CYLINDRICAL_SURFACE('',#5552,3.57142932022997);
#4829=CYLINDRICAL_SURFACE('',#5553,6.28657707625546);
#4830=CYLINDRICAL_SURFACE('',#5554,6.28657707625546);
#4831=CYLINDRICAL_SURFACE('',#5555,3.57142927571785);
#4832=CYLINDRICAL_SURFACE('',#5556,3.57142927571785);
#4833=CYLINDRICAL_SURFACE('',#5557,3.57142932016238);
#4834=CYLINDRICAL_SURFACE('',#5558,3.57142932016238);
#4835=CYLINDRICAL_SURFACE('',#5559,6.28657692995538);
#4836=CYLINDRICAL_SURFACE('',#5560,6.28657692995538);
#4837=CYLINDRICAL_SURFACE('',#5561,3.57142927569672);
#4838=CYLINDRICAL_SURFACE('',#5562,3.57142927569672);
#4839=CYLINDRICAL_SURFACE('',#5563,3.57142932058759);
#4840=CYLINDRICAL_SURFACE('',#5564,3.57142932058759);
#4841=CYLINDRICAL_SURFACE('',#5565,6.2859638872463);
#4842=CYLINDRICAL_SURFACE('',#5566,6.2859638872463);
#4843=CYLINDRICAL_SURFACE('',#5569,1.42857142857143);
#4844=CYLINDRICAL_SURFACE('',#5570,0.892857142857143);
#4845=CYLINDRICAL_SURFACE('',#5571,1.42857142857143);
#4846=CYLINDRICAL_SURFACE('',#5573,3.57143730344064);
#4847=CYLINDRICAL_SURFACE('',#5574,6.28657707681994);
#4848=CYLINDRICAL_SURFACE('',#5575,3.57142932036846);
#4849=CYLINDRICAL_SURFACE('',#5576,3.57142927595796);
#4850=CYLINDRICAL_SURFACE('',#5577,6.28657707392264);
#4851=CYLINDRICAL_SURFACE('',#5578,3.57142927584528);
#4852=CYLINDRICAL_SURFACE('',#5579,6.28657707392264);
#4853=CYLINDRICAL_SURFACE('',#5580,3.57142932058759);
#4854=CYLINDRICAL_SURFACE('',#5581,3.57142927562606);
#4855=CYLINDRICAL_SURFACE('',#5590,0.5);
#4856=CYLINDRICAL_SURFACE('',#5597,0.5);
#4857=CYLINDRICAL_SURFACE('',#5603,0.5);
#4858=CYLINDRICAL_SURFACE('',#5608,2.5);
#4859=CYLINDRICAL_SURFACE('',#5611,0.5);
#4860=CYLINDRICAL_SURFACE('',#5615,3.);
#4861=CYLINDRICAL_SURFACE('',#5618,3.);
#4862=CYLINDRICAL_SURFACE('',#5630,3.);
#4863=CYLINDRICAL_SURFACE('',#5637,3.);
#4864=CYLINDRICAL_SURFACE('',#5638,10.6);
#4865=CYLINDRICAL_SURFACE('',#5647,1.);
#4866=CYLINDRICAL_SURFACE('',#5648,8.5);
#4867=CYLINDRICAL_SURFACE('',#5653,1.5);
#4868=CYLINDRICAL_SURFACE('',#5669,2.75);
#4869=CYLINDRICAL_SURFACE('',#5673,2.75);
#4870=CYLINDRICAL_SURFACE('',#5677,2.75);
#4871=CYLINDRICAL_SURFACE('',#5681,2.);
#4872=CYLINDRICAL_SURFACE('',#5682,2.);
#4873=CYLINDRICAL_SURFACE('',#5683,2.);
#4874=CYLINDRICAL_SURFACE('',#5699,1.);
#4875=CYLINDRICAL_SURFACE('',#5706,1.);
#4876=CYLINDRICAL_SURFACE('',#5712,1.);
#4877=CYLINDRICAL_SURFACE('',#5714,3.);
#4878=CYLINDRICAL_SURFACE('',#5721,3.);
#4879=CYLINDRICAL_SURFACE('',#5723,10.6);
#4880=CYLINDRICAL_SURFACE('',#5732,3.);
#4881=CYLINDRICAL_SURFACE('',#5735,3.);
#4882=CYLINDRICAL_SURFACE('',#5740,1.);
#4883=CYLINDRICAL_SURFACE('',#5742,1.);
#4884=CYLINDRICAL_SURFACE('',#5747,8.5);
#4885=CYLINDRICAL_SURFACE('',#5748,2.5);
#4886=CYLINDRICAL_SURFACE('',#5751,0.5);
#4887=CYLINDRICAL_SURFACE('',#5752,1.5);
#4888=CYLINDRICAL_SURFACE('',#5768,2.75);
#4889=CYLINDRICAL_SURFACE('',#5772,2.75);
#4890=CYLINDRICAL_SURFACE('',#5776,2.75);
#4891=CYLINDRICAL_SURFACE('',#5780,2.);
#4892=CYLINDRICAL_SURFACE('',#5781,2.);
#4893=CYLINDRICAL_SURFACE('',#5782,2.);
#4894=CYLINDRICAL_SURFACE('',#5797,0.25);
#4895=CYLINDRICAL_SURFACE('',#5805,0.25);
#4896=CYLINDRICAL_SURFACE('',#5812,0.25);
#4897=CYLINDRICAL_SURFACE('',#5819,0.25);
#4898=CYLINDRICAL_SURFACE('',#5824,0.25);
#4899=CYLINDRICAL_SURFACE('',#5832,0.25);
#4900=CYLINDRICAL_SURFACE('',#5839,0.25);
#4901=CYLINDRICAL_SURFACE('',#5846,0.25);
#4902=CYLINDRICAL_SURFACE('',#5857,10.6);
#4903=ADVANCED_FACE('',(#440),#4792,.F.);
#4904=ADVANCED_FACE('',(#441),#4793,.T.);
#4905=ADVANCED_FACE('',(#442,#280),#323,.F.);
#4906=ADVANCED_FACE('',(#443,#281),#324,.T.);
#4907=ADVANCED_FACE('',(#444),#4794,.T.);
#4908=ADVANCED_FACE('',(#445),#272,.T.);
#4909=ADVANCED_FACE('',(#446),#4795,.T.);
#4910=ADVANCED_FACE('',(#447),#273,.T.);
#4911=ADVANCED_FACE('',(#448),#325,.F.);
#4912=ADVANCED_FACE('',(#449,#282),#326,.F.);
#4913=ADVANCED_FACE('',(#450),#4796,.T.);
#4914=ADVANCED_FACE('',(#451),#4797,.T.);
#4915=ADVANCED_FACE('',(#452,#283),#327,.T.);
#4916=ADVANCED_FACE('',(#453),#328,.T.);
#4917=ADVANCED_FACE('',(#454),#329,.T.);
#4918=ADVANCED_FACE('',(#455),#330,.T.);
#4919=ADVANCED_FACE('',(#456),#331,.T.);
#4920=ADVANCED_FACE('',(#457),#332,.T.);
#4921=ADVANCED_FACE('',(#458),#333,.T.);
#4922=ADVANCED_FACE('',(#459),#334,.T.);
#4923=ADVANCED_FACE('',(#460),#335,.F.);
#4924=ADVANCED_FACE('',(#461,#284),#336,.F.);
#4925=ADVANCED_FACE('',(#462),#4798,.T.);
#4926=ADVANCED_FACE('',(#463),#4799,.T.);
#4927=ADVANCED_FACE('',(#464,#285),#337,.T.);
#4928=ADVANCED_FACE('',(#465),#338,.T.);
#4929=ADVANCED_FACE('',(#466),#339,.T.);
#4930=ADVANCED_FACE('',(#467),#340,.T.);
#4931=ADVANCED_FACE('',(#468),#341,.T.);
#4932=ADVANCED_FACE('',(#469),#342,.T.);
#4933=ADVANCED_FACE('',(#470),#343,.T.);
#4934=ADVANCED_FACE('',(#471),#344,.T.);
#4935=ADVANCED_FACE('',(#472),#345,.F.);
#4936=ADVANCED_FACE('',(#473),#346,.F.);
#4937=ADVANCED_FACE('',(#474,#286,#287,#288,#289,#290,#291),#347,.F.);
#4938=ADVANCED_FACE('',(#475),#121,.T.);
#4939=ADVANCED_FACE('',(#476),#4800,.T.);
#4940=ADVANCED_FACE('',(#477),#348,.T.);
#4941=ADVANCED_FACE('',(#478,#292,#293,#294,#295,#296,#297),#349,.T.);
#4942=ADVANCED_FACE('',(#479),#350,.F.);
#4943=ADVANCED_FACE('',(#480),#351,.F.);
#4944=ADVANCED_FACE('',(#481),#352,.F.);
#4945=ADVANCED_FACE('',(#482),#353,.F.);
#4946=ADVANCED_FACE('',(#483),#354,.F.);
#4947=ADVANCED_FACE('',(#484),#355,.F.);
#4948=ADVANCED_FACE('',(#485),#356,.T.);
#4949=ADVANCED_FACE('',(#486),#357,.F.);
#4950=ADVANCED_FACE('',(#487),#358,.F.);
#4951=ADVANCED_FACE('',(#488),#359,.F.);
#4952=ADVANCED_FACE('',(#489),#4801,.F.);
#4953=ADVANCED_FACE('',(#490),#4802,.F.);
#4954=ADVANCED_FACE('',(#491),#4803,.F.);
#4955=ADVANCED_FACE('',(#492),#4804,.F.);
#4956=ADVANCED_FACE('',(#493),#4805,.F.);
#4957=ADVANCED_FACE('',(#494),#4806,.F.);
#4958=ADVANCED_FACE('',(#495),#4807,.F.);
#4959=ADVANCED_FACE('',(#496,#298),#360,.F.);
#4960=ADVANCED_FACE('',(#497),#274,.T.);
#4961=ADVANCED_FACE('',(#498,#299),#361,.F.);
#4962=ADVANCED_FACE('',(#499),#275,.T.);
#4963=ADVANCED_FACE('',(#500,#300),#362,.F.);
#4964=ADVANCED_FACE('',(#501),#276,.T.);
#4965=ADVANCED_FACE('',(#502,#301),#363,.F.);
#4966=ADVANCED_FACE('',(#503),#277,.T.);
#4967=ADVANCED_FACE('',(#504,#302),#364,.F.);
#4968=ADVANCED_FACE('',(#505),#278,.T.);
#4969=ADVANCED_FACE('',(#506,#303),#365,.F.);
#4970=ADVANCED_FACE('',(#507),#279,.T.);
#4971=ADVANCED_FACE('',(#508),#4808,.F.);
#4972=ADVANCED_FACE('',(#509,#304),#366,.T.);
#4973=ADVANCED_FACE('',(#510),#4809,.F.);
#4974=ADVANCED_FACE('',(#511,#305),#367,.T.);
#4975=ADVANCED_FACE('',(#512),#4810,.F.);
#4976=ADVANCED_FACE('',(#513,#306),#368,.T.);
#4977=ADVANCED_FACE('',(#514),#4811,.F.);
#4978=ADVANCED_FACE('',(#515,#307),#369,.T.);
#4979=ADVANCED_FACE('',(#516),#4812,.F.);
#4980=ADVANCED_FACE('',(#517,#308),#370,.T.);
#4981=ADVANCED_FACE('',(#518),#4813,.F.);
#4982=ADVANCED_FACE('',(#519,#309),#371,.T.);
#4983=ADVANCED_FACE('',(#520,#310),#372,.T.);
#4984=ADVANCED_FACE('',(#521),#373,.F.);
#4985=ADVANCED_FACE('',(#522),#4814,.F.);
#4986=ADVANCED_FACE('',(#523),#374,.F.);
#4987=ADVANCED_FACE('',(#524,#311),#375,.F.);
#4988=ADVANCED_FACE('',(#525),#4815,.F.);
#4989=ADVANCED_FACE('',(#526),#4816,.F.);
#4990=ADVANCED_FACE('',(#527),#91,.T.);
#4991=ADVANCED_FACE('',(#528),#92,.T.);
#4992=ADVANCED_FACE('',(#529),#4817,.T.);
#4993=ADVANCED_FACE('',(#530),#4818,.T.);
#4994=ADVANCED_FACE('',(#531),#93,.T.);
#4995=ADVANCED_FACE('',(#532),#94,.T.);
#4996=ADVANCED_FACE('',(#533),#4819,.F.);
#4997=ADVANCED_FACE('',(#534),#4820,.F.);
#4998=ADVANCED_FACE('',(#535),#4821,.F.);
#4999=ADVANCED_FACE('',(#536),#4822,.F.);
#5000=ADVANCED_FACE('',(#537),#95,.T.);
#5001=ADVANCED_FACE('',(#538),#96,.T.);
#5002=ADVANCED_FACE('',(#539),#4823,.T.);
#5003=ADVANCED_FACE('',(#540),#4824,.T.);
#5004=ADVANCED_FACE('',(#541),#97,.T.);
#5005=ADVANCED_FACE('',(#542),#98,.T.);
#5006=ADVANCED_FACE('',(#543),#4825,.F.);
#5007=ADVANCED_FACE('',(#544),#4826,.F.);
#5008=ADVANCED_FACE('',(#545),#4827,.F.);
#5009=ADVANCED_FACE('',(#546),#4828,.F.);
#5010=ADVANCED_FACE('',(#547),#99,.T.);
#5011=ADVANCED_FACE('',(#548),#100,.T.);
#5012=ADVANCED_FACE('',(#549),#4829,.T.);
#5013=ADVANCED_FACE('',(#550),#4830,.T.);
#5014=ADVANCED_FACE('',(#551),#101,.T.);
#5015=ADVANCED_FACE('',(#552),#102,.T.);
#5016=ADVANCED_FACE('',(#553),#4831,.F.);
#5017=ADVANCED_FACE('',(#554),#4832,.F.);
#5018=ADVANCED_FACE('',(#555),#4833,.F.);
#5019=ADVANCED_FACE('',(#556),#4834,.F.);
#5020=ADVANCED_FACE('',(#557),#103,.T.);
#5021=ADVANCED_FACE('',(#558),#104,.T.);
#5022=ADVANCED_FACE('',(#559),#4835,.T.);
#5023=ADVANCED_FACE('',(#560),#4836,.T.);
#5024=ADVANCED_FACE('',(#561),#105,.T.);
#5025=ADVANCED_FACE('',(#562),#106,.T.);
#5026=ADVANCED_FACE('',(#563),#4837,.F.);
#5027=ADVANCED_FACE('',(#564),#4838,.F.);
#5028=ADVANCED_FACE('',(#565),#4839,.F.);
#5029=ADVANCED_FACE('',(#566),#4840,.F.);
#5030=ADVANCED_FACE('',(#567),#107,.T.);
#5031=ADVANCED_FACE('',(#568),#108,.T.);
#5032=ADVANCED_FACE('',(#569),#4841,.T.);
#5033=ADVANCED_FACE('',(#570),#4842,.T.);
#5034=ADVANCED_FACE('',(#571),#376,.T.);
#5035=ADVANCED_FACE('',(#572),#377,.T.);
#5036=ADVANCED_FACE('',(#573),#4843,.T.);
#5037=ADVANCED_FACE('',(#574),#4844,.F.);
#5038=ADVANCED_FACE('',(#575),#4845,.T.);
#5039=ADVANCED_FACE('',(#576),#378,.T.);
#5040=ADVANCED_FACE('',(#577),#4846,.F.);
#5041=ADVANCED_FACE('',(#578),#109,.T.);
#5042=ADVANCED_FACE('',(#579),#4847,.T.);
#5043=ADVANCED_FACE('',(#580),#110,.T.);
#5044=ADVANCED_FACE('',(#581),#4848,.F.);
#5045=ADVANCED_FACE('',(#582),#4849,.F.);
#5046=ADVANCED_FACE('',(#583),#111,.T.);
#5047=ADVANCED_FACE('',(#584),#4850,.T.);
#5048=ADVANCED_FACE('',(#585),#4851,.F.);
#5049=ADVANCED_FACE('',(#586),#112,.T.);
#5050=ADVANCED_FACE('',(#587),#4852,.T.);
#5051=ADVANCED_FACE('',(#588),#113,.T.);
#5052=ADVANCED_FACE('',(#589),#4853,.F.);
#5053=ADVANCED_FACE('',(#590),#4854,.F.);
#5054=ADVANCED_FACE('',(#591),#114,.T.);
#5055=ADVANCED_FACE('',(#592),#379,.T.);
#5056=ADVANCED_FACE('',(#593),#122,.T.);
#5057=ADVANCED_FACE('',(#594),#115,.F.);
#5058=ADVANCED_FACE('',(#595),#116,.F.);
#5059=ADVANCED_FACE('',(#596),#4855,.T.);
#5060=ADVANCED_FACE('',(#597),#117,.F.);
#5061=ADVANCED_FACE('',(#598),#123,.T.);
#5062=ADVANCED_FACE('',(#599),#4856,.T.);
#5063=ADVANCED_FACE('',(#600),#124,.T.);
#5064=ADVANCED_FACE('',(#601),#4857,.T.);
#5065=ADVANCED_FACE('',(#602),#380,.T.);
#5066=ADVANCED_FACE('',(#603),#381,.T.);
#5067=ADVANCED_FACE('',(#604),#4858,.T.);
#5068=ADVANCED_FACE('',(#605),#382,.T.);
#5069=ADVANCED_FACE('',(#606),#4859,.F.);
#5070=ADVANCED_FACE('',(#607),#383,.F.);
#5071=ADVANCED_FACE('',(#608),#4860,.T.);
#5072=ADVANCED_FACE('',(#609),#4861,.T.);
#5073=ADVANCED_FACE('',(#610),#125,.T.);
#5074=ADVANCED_FACE('',(#611),#87,.T.);
#5075=ADVANCED_FACE('',(#612),#88,.T.);
#5076=ADVANCED_FACE('',(#613),#384,.T.);
#5077=ADVANCED_FACE('',(#614),#4862,.T.);
#5078=ADVANCED_FACE('',(#615,#312),#385,.T.);
#5079=ADVANCED_FACE('',(#616),#4863,.T.);
#5080=ADVANCED_FACE('',(#617),#4864,.T.);
#5081=ADVANCED_FACE('',(#618),#126,.T.);
#5082=ADVANCED_FACE('',(#619),#127,.T.);
#5083=ADVANCED_FACE('',(#620),#128,.T.);
#5084=ADVANCED_FACE('',(#621),#4865,.F.);
#5085=ADVANCED_FACE('',(#622),#4866,.F.);
#5086=ADVANCED_FACE('',(#623),#129,.F.);
#5087=ADVANCED_FACE('',(#624),#386,.T.);
#5088=ADVANCED_FACE('',(#625),#4867,.F.);
#5089=ADVANCED_FACE('',(#626),#387,.F.);
#5090=ADVANCED_FACE('',(#627),#388,.T.);
#5091=ADVANCED_FACE('',(#628),#389,.F.);
#5092=ADVANCED_FACE('',(#629),#390,.T.);
#5093=ADVANCED_FACE('',(#630),#391,.T.);
#5094=ADVANCED_FACE('',(#631),#392,.T.);
#5095=ADVANCED_FACE('',(#632),#393,.T.);
#5096=ADVANCED_FACE('',(#633),#394,.T.);
#5097=ADVANCED_FACE('',(#634),#4868,.F.);
#5098=ADVANCED_FACE('',(#635,#313),#395,.T.);
#5099=ADVANCED_FACE('',(#636),#4869,.F.);
#5100=ADVANCED_FACE('',(#637,#314),#396,.T.);
#5101=ADVANCED_FACE('',(#638),#4870,.F.);
#5102=ADVANCED_FACE('',(#639,#315),#397,.T.);
#5103=ADVANCED_FACE('',(#640),#4871,.F.);
#5104=ADVANCED_FACE('',(#641),#4872,.F.);
#5105=ADVANCED_FACE('',(#642),#4873,.F.);
#5106=ADVANCED_FACE('',(#643,#316),#398,.T.);
#5107=ADVANCED_FACE('',(#644),#399,.T.);
#5108=ADVANCED_FACE('',(#645),#400,.T.);
#5109=ADVANCED_FACE('',(#646),#401,.T.);
#5110=ADVANCED_FACE('',(#647),#402,.T.);
#5111=ADVANCED_FACE('',(#648),#403,.T.);
#5112=ADVANCED_FACE('',(#649),#404,.T.);
#5113=ADVANCED_FACE('',(#650),#405,.T.);
#5114=ADVANCED_FACE('',(#651),#130,.T.);
#5115=ADVANCED_FACE('',(#652),#118,.F.);
#5116=ADVANCED_FACE('',(#653),#119,.F.);
#5117=ADVANCED_FACE('',(#654),#4874,.T.);
#5118=ADVANCED_FACE('',(#655),#120,.F.);
#5119=ADVANCED_FACE('',(#656),#131,.T.);
#5120=ADVANCED_FACE('',(#657),#4875,.T.);
#5121=ADVANCED_FACE('',(#658),#132,.T.);
#5122=ADVANCED_FACE('',(#659),#4876,.T.);
#5123=ADVANCED_FACE('',(#660),#4877,.T.);
#5124=ADVANCED_FACE('',(#661,#317,#318),#406,.F.);
#5125=ADVANCED_FACE('',(#662),#4878,.T.);
#5126=ADVANCED_FACE('',(#663),#4879,.T.);
#5127=ADVANCED_FACE('',(#664,#319),#407,.T.);
#5128=ADVANCED_FACE('',(#665),#408,.F.);
#5129=ADVANCED_FACE('',(#666),#133,.T.);
#5130=ADVANCED_FACE('',(#667),#4880,.T.);
#5131=ADVANCED_FACE('',(#668),#4881,.T.);
#5132=ADVANCED_FACE('',(#669),#89,.T.);
#5133=ADVANCED_FACE('',(#670),#90,.T.);
#5134=ADVANCED_FACE('',(#671),#409,.F.);
#5135=ADVANCED_FACE('',(#672),#4882,.F.);
#5136=ADVANCED_FACE('',(#673),#4883,.F.);
#5137=ADVANCED_FACE('',(#674),#134,.F.);
#5138=ADVANCED_FACE('',(#675),#4884,.F.);
#5139=ADVANCED_FACE('',(#676),#4885,.T.);
#5140=ADVANCED_FACE('',(#677),#410,.F.);
#5141=ADVANCED_FACE('',(#678),#4886,.F.);
#5142=ADVANCED_FACE('',(#679),#4887,.F.);
#5143=ADVANCED_FACE('',(#680),#411,.T.);
#5144=ADVANCED_FACE('',(#681),#412,.F.);
#5145=ADVANCED_FACE('',(#682),#413,.T.);
#5146=ADVANCED_FACE('',(#683),#414,.T.);
#5147=ADVANCED_FACE('',(#684),#415,.T.);
#5148=ADVANCED_FACE('',(#685),#416,.T.);
#5149=ADVANCED_FACE('',(#686),#417,.T.);
#5150=ADVANCED_FACE('',(#687),#4888,.F.);
#5151=ADVANCED_FACE('',(#688,#320),#418,.T.);
#5152=ADVANCED_FACE('',(#689),#4889,.F.);
#5153=ADVANCED_FACE('',(#690,#321),#419,.T.);
#5154=ADVANCED_FACE('',(#691),#4890,.F.);
#5155=ADVANCED_FACE('',(#692,#322),#420,.T.);
#5156=ADVANCED_FACE('',(#693),#4891,.F.);
#5157=ADVANCED_FACE('',(#694),#4892,.F.);
#5158=ADVANCED_FACE('',(#695),#4893,.F.);
#5159=ADVANCED_FACE('',(#696),#421,.F.);
#5160=ADVANCED_FACE('',(#697),#422,.F.);
#5161=ADVANCED_FACE('',(#698),#423,.F.);
#5162=ADVANCED_FACE('',(#699),#424,.F.);
#5163=ADVANCED_FACE('',(#700),#425,.F.);
#5164=ADVANCED_FACE('',(#701),#426,.F.);
#5165=ADVANCED_FACE('',(#702),#427,.F.);
#5166=ADVANCED_FACE('',(#703),#428,.F.);
#5167=ADVANCED_FACE('',(#704),#429,.F.);
#5168=ADVANCED_FACE('',(#705),#430,.F.);
#5169=ADVANCED_FACE('',(#706),#431,.F.);
#5170=ADVANCED_FACE('',(#707),#432,.F.);
#5171=ADVANCED_FACE('',(#708),#4894,.T.);
#5172=ADVANCED_FACE('',(#709),#135,.T.);
#5173=ADVANCED_FACE('',(#710),#4895,.T.);
#5174=ADVANCED_FACE('',(#711),#136,.T.);
#5175=ADVANCED_FACE('',(#712),#4896,.T.);
#5176=ADVANCED_FACE('',(#713),#137,.T.);
#5177=ADVANCED_FACE('',(#714),#4897,.T.);
#5178=ADVANCED_FACE('',(#715),#433,.T.);
#5179=ADVANCED_FACE('',(#716),#434,.F.);
#5180=ADVANCED_FACE('',(#717),#4898,.T.);
#5181=ADVANCED_FACE('',(#718),#138,.T.);
#5182=ADVANCED_FACE('',(#719),#4899,.T.);
#5183=ADVANCED_FACE('',(#720),#139,.T.);
#5184=ADVANCED_FACE('',(#721),#4900,.T.);
#5185=ADVANCED_FACE('',(#722),#140,.T.);
#5186=ADVANCED_FACE('',(#723),#4901,.T.);
#5187=ADVANCED_FACE('',(#724),#435,.T.);
#5188=ADVANCED_FACE('',(#725),#141,.T.);
#5189=ADVANCED_FACE('',(#726),#436,.F.);
#5190=ADVANCED_FACE('',(#727),#437,.T.);
#5191=ADVANCED_FACE('',(#728),#438,.T.);
#5192=ADVANCED_FACE('',(#729),#142,.T.);
#5193=ADVANCED_FACE('',(#730),#4902,.T.);
#5194=ADVANCED_FACE('',(#731),#439,.F.);
#5195=CLOSED_SHELL('',(#4903,#4904,#4905,#4906,#4907,#4908,#4909,#4910));
#5196=CLOSED_SHELL('',(#4911,#4912,#4913,#4914,#4915,#4916,#4917,#4918,
#4919,#4920,#4921,#4922));
#5197=CLOSED_SHELL('',(#4923,#4924,#4925,#4926,#4927,#4928,#4929,#4930,
#4931,#4932,#4933,#4934));
#5198=CLOSED_SHELL('',(#4935,#4936,#4937,#4938,#4939,#4940,#4941,#4942,
#4943,#4944,#4945,#4946,#4947,#4948,#4949,#4950,#4951,#4952,#4953,#4954,
#4955,#4956,#4957,#4958,#4959,#4960,#4961,#4962,#4963,#4964,#4965,#4966,
#4967,#4968,#4969,#4970,#4971,#4972,#4973,#4974,#4975,#4976,#4977,#4978,
#4979,#4980,#4981,#4982,#4983,#4984,#4985,#4986,#4987,#4988,#4989,#4990,
#4991,#4992,#4993,#4994,#4995,#4996,#4997,#4998,#4999,#5000,#5001,#5002,
#5003,#5004,#5005,#5006,#5007,#5008,#5009,#5010,#5011,#5012,#5013,#5014,
#5015,#5016,#5017,#5018,#5019,#5020,#5021,#5022,#5023,#5024,#5025,#5026,
#5027,#5028,#5029,#5030,#5031,#5032,#5033,#5034,#5035,#5036,#5037,#5038,
#5039,#5040,#5041,#5042,#5043,#5044,#5045,#5046,#5047,#5048,#5049,#5050,
#5051,#5052,#5053,#5054,#5055));
#5199=CLOSED_SHELL('',(#5056,#5057,#5058,#5059,#5060,#5061,#5062,#5063,
#5064,#5065,#5066,#5067,#5068,#5069,#5070,#5071,#5072,#5073,#5074,#5075,
#5076,#5077,#5078,#5079,#5080,#5081,#5082,#5083,#5084,#5085,#5086,#5087,
#5088,#5089,#5090,#5091,#5092,#5093,#5094,#5095,#5096,#5097,#5098,#5099,
#5100,#5101,#5102,#5103,#5104,#5105,#5106,#5107,#5108,#5109,#5110,#5111,
#5112,#5113));
#5200=CLOSED_SHELL('',(#5114,#5115,#5116,#5117,#5118,#5119,#5120,#5121,
#5122,#5123,#5124,#5125,#5126,#5127,#5128,#5129,#5130,#5131,#5132,#5133,
#5134,#5135,#5136,#5137,#5138,#5139,#5140,#5141,#5142,#5143,#5144,#5145,
#5146,#5147,#5148,#5149,#5150,#5151,#5152,#5153,#5154,#5155,#5156,#5157,
#5158,#5159,#5160,#5161,#5162,#5163,#5164,#5165,#5166,#5167,#5168,#5169));
#5201=CLOSED_SHELL('',(#5170,#5171,#5172,#5173,#5174,#5175,#5176,#5177,
#5178));
#5202=CLOSED_SHELL('',(#5179,#5180,#5181,#5182,#5183,#5184,#5185,#5186,
#5187));
#5203=CLOSED_SHELL('',(#5188,#5189,#5190,#5191,#5192,#5193,#5194));
#5204=DERIVED_UNIT_ELEMENT(#5222,1.);
#5205=DERIVED_UNIT_ELEMENT(#9808,-3.);
#5206=DERIVED_UNIT_ELEMENT(#5222,1.);
#5207=DERIVED_UNIT_ELEMENT(#9808,-3.);
#5208=DERIVED_UNIT_ELEMENT(#5222,1.);
#5209=DERIVED_UNIT_ELEMENT(#9808,-3.);
#5210=DERIVED_UNIT_ELEMENT(#5222,1.);
#5211=DERIVED_UNIT_ELEMENT(#9808,-3.);
#5212=DERIVED_UNIT_ELEMENT(#5222,1.);
#5213=DERIVED_UNIT_ELEMENT(#9808,-3.);
#5214=DERIVED_UNIT_ELEMENT(#5222,1.);
#5215=DERIVED_UNIT_ELEMENT(#9808,-3.);
#5216=DERIVED_UNIT_ELEMENT(#5222,1.);
#5217=DERIVED_UNIT_ELEMENT(#9808,-3.);
#5218=DERIVED_UNIT_ELEMENT(#5222,1.);
#5219=DERIVED_UNIT_ELEMENT(#9808,-3.);
#5220=DERIVED_UNIT_ELEMENT(#5222,1.);
#5221=DERIVED_UNIT_ELEMENT(#9808,-3.);
#5222=(
MASS_UNIT()
NAMED_UNIT(*)
SI_UNIT(.KILO.,.GRAM.)
);
#5223=DERIVED_UNIT((#5204,#5205));
#5224=DERIVED_UNIT((#5206,#5207));
#5225=DERIVED_UNIT((#5208,#5209));
#5226=DERIVED_UNIT((#5210,#5211));
#5227=DERIVED_UNIT((#5212,#5213));
#5228=DERIVED_UNIT((#5214,#5215));
#5229=DERIVED_UNIT((#5216,#5217));
#5230=DERIVED_UNIT((#5218,#5219));
#5231=DERIVED_UNIT((#5220,#5221));
#5232=MEASURE_REPRESENTATION_ITEM('density measure',
POSITIVE_RATIO_MEASURE(7850.),#5223);
#5233=MEASURE_REPRESENTATION_ITEM('density measure',
POSITIVE_RATIO_MEASURE(7850.),#5224);
#5234=MEASURE_REPRESENTATION_ITEM('density measure',
POSITIVE_RATIO_MEASURE(7850.),#5225);
#5235=MEASURE_REPRESENTATION_ITEM('density measure',
POSITIVE_RATIO_MEASURE(1060.),#5226);
#5236=MEASURE_REPRESENTATION_ITEM('density measure',
POSITIVE_RATIO_MEASURE(1060.),#5227);
#5237=MEASURE_REPRESENTATION_ITEM('density measure',
POSITIVE_RATIO_MEASURE(1060.),#5228);
#5238=MEASURE_REPRESENTATION_ITEM('density measure',
POSITIVE_RATIO_MEASURE(7850.),#5229);
#5239=MEASURE_REPRESENTATION_ITEM('density measure',
POSITIVE_RATIO_MEASURE(7850.),#5230);
#5240=MEASURE_REPRESENTATION_ITEM('density measure',
POSITIVE_RATIO_MEASURE(7850.),#5231);
#5241=PROPERTY_DEFINITION_REPRESENTATION(#5286,#5259);
#5242=PROPERTY_DEFINITION_REPRESENTATION(#5287,#5260);
#5243=PROPERTY_DEFINITION_REPRESENTATION(#5288,#5261);
#5244=PROPERTY_DEFINITION_REPRESENTATION(#5289,#5262);
#5245=PROPERTY_DEFINITION_REPRESENTATION(#5290,#5263);
#5246=PROPERTY_DEFINITION_REPRESENTATION(#5291,#5264);
#5247=PROPERTY_DEFINITION_REPRESENTATION(#5292,#5265);
#5248=PROPERTY_DEFINITION_REPRESENTATION(#5293,#5266);
#5249=PROPERTY_DEFINITION_REPRESENTATION(#5294,#5267);
#5250=PROPERTY_DEFINITION_REPRESENTATION(#5295,#5268);
#5251=PROPERTY_DEFINITION_REPRESENTATION(#5296,#5269);
#5252=PROPERTY_DEFINITION_REPRESENTATION(#5297,#5270);
#5253=PROPERTY_DEFINITION_REPRESENTATION(#5298,#5271);
#5254=PROPERTY_DEFINITION_REPRESENTATION(#5299,#5272);
#5255=PROPERTY_DEFINITION_REPRESENTATION(#5300,#5273);
#5256=PROPERTY_DEFINITION_REPRESENTATION(#5301,#5274);
#5257=PROPERTY_DEFINITION_REPRESENTATION(#5302,#5275);
#5258=PROPERTY_DEFINITION_REPRESENTATION(#5303,#5276);
#5259=REPRESENTATION('material name',(#5277),#9797);
#5260=REPRESENTATION('density',(#5232),#9797);
#5261=REPRESENTATION('material name',(#5278),#9798);
#5262=REPRESENTATION('density',(#5233),#9798);
#5263=REPRESENTATION('material name',(#5279),#9799);
#5264=REPRESENTATION('density',(#5234),#9799);
#5265=REPRESENTATION('material name',(#5280),#9800);
#5266=REPRESENTATION('density',(#5235),#9800);
#5267=REPRESENTATION('material name',(#5281),#9801);
#5268=REPRESENTATION('density',(#5236),#9801);
#5269=REPRESENTATION('material name',(#5282),#9802);
#5270=REPRESENTATION('density',(#5237),#9802);
#5271=REPRESENTATION('material name',(#5283),#9803);
#5272=REPRESENTATION('density',(#5238),#9803);
#5273=REPRESENTATION('material name',(#5284),#9804);
#5274=REPRESENTATION('density',(#5239),#9804);
#5275=REPRESENTATION('material name',(#5285),#9805);
#5276=REPRESENTATION('density',(#5240),#9805);
#5277=DESCRIPTIVE_REPRESENTATION_ITEM('Steel','Steel');
#5278=DESCRIPTIVE_REPRESENTATION_ITEM('Steel','Steel');
#5279=DESCRIPTIVE_REPRESENTATION_ITEM('Steel','Steel');
#5280=DESCRIPTIVE_REPRESENTATION_ITEM('ABS Plastic','ABS Plastic');
#5281=DESCRIPTIVE_REPRESENTATION_ITEM('ABS Plastic','ABS Plastic');
#5282=DESCRIPTIVE_REPRESENTATION_ITEM('ABS Plastic','ABS Plastic');
#5283=DESCRIPTIVE_REPRESENTATION_ITEM('Steel','Steel');
#5284=DESCRIPTIVE_REPRESENTATION_ITEM('Steel','Steel');
#5285=DESCRIPTIVE_REPRESENTATION_ITEM('Steel','Steel');
#5286=PROPERTY_DEFINITION('material property','material name',#9861);
#5287=PROPERTY_DEFINITION('material property','density of part',#9861);
#5288=PROPERTY_DEFINITION('material property','material name',#9862);
#5289=PROPERTY_DEFINITION('material property','density of part',#9862);
#5290=PROPERTY_DEFINITION('material property','material name',#9863);
#5291=PROPERTY_DEFINITION('material property','density of part',#9863);
#5292=PROPERTY_DEFINITION('material property','material name',#9864);
#5293=PROPERTY_DEFINITION('material property','density of part',#9864);
#5294=PROPERTY_DEFINITION('material property','material name',#9865);
#5295=PROPERTY_DEFINITION('material property','density of part',#9865);
#5296=PROPERTY_DEFINITION('material property','material name',#9866);
#5297=PROPERTY_DEFINITION('material property','density of part',#9866);
#5298=PROPERTY_DEFINITION('material property','material name',#9867);
#5299=PROPERTY_DEFINITION('material property','density of part',#9867);
#5300=PROPERTY_DEFINITION('material property','material name',#9868);
#5301=PROPERTY_DEFINITION('material property','density of part',#9868);
#5302=PROPERTY_DEFINITION('material property','material name',#9869);
#5303=PROPERTY_DEFINITION('material property','density of part',#9869);
#5304=AXIS2_PLACEMENT_3D('',#7393,#5878,#5879);
#5305=AXIS2_PLACEMENT_3D('',#7394,#5880,#5881);
#5306=AXIS2_PLACEMENT_3D('',#7395,#5882,#5883);
#5307=AXIS2_PLACEMENT_3D('',#7397,#5884,#5885);
#5308=AXIS2_PLACEMENT_3D('',#7400,#5887,#5888);
#5309=AXIS2_PLACEMENT_3D('',#7401,#5889,#5890);
#5310=AXIS2_PLACEMENT_3D('',#7404,#5891,#5892);
#5311=AXIS2_PLACEMENT_3D('',#7405,#5893,#5894);
#5312=AXIS2_PLACEMENT_3D('',#7409,#5896,#5897);
#5313=AXIS2_PLACEMENT_3D('',#7410,#5898,#5899);
#5314=AXIS2_PLACEMENT_3D('',#7411,#5900,#5901);
#5315=AXIS2_PLACEMENT_3D('',#7413,#5902,#5903);
#5316=AXIS2_PLACEMENT_3D('',#7414,#5904,#5905);
#5317=AXIS2_PLACEMENT_3D('',#7416,#5906,#5907);
#5318=AXIS2_PLACEMENT_3D('',#7417,#5908,#5909);
#5319=AXIS2_PLACEMENT_3D('',#7421,#5911,#5912);
#5320=AXIS2_PLACEMENT_3D('',#7422,#5913,#5914);
#5321=AXIS2_PLACEMENT_3D('',#7423,#5915,#5916);
#5322=AXIS2_PLACEMENT_3D('',#7425,#5918,#5919);
#5323=AXIS2_PLACEMENT_3D('',#7428,#5920,#5921);
#5324=AXIS2_PLACEMENT_3D('',#7430,#5923,#5924);
#5325=AXIS2_PLACEMENT_3D('',#7431,#5925,#5926);
#5326=AXIS2_PLACEMENT_3D('',#7433,#5928,#5929);
#5327=AXIS2_PLACEMENT_3D('',#7434,#5930,#5931);
#5328=AXIS2_PLACEMENT_3D('',#7436,#5932,#5933);
#5329=AXIS2_PLACEMENT_3D('',#7437,#5934,#5935);
#5330=AXIS2_PLACEMENT_3D('',#7439,#5936,#5937);
#5331=AXIS2_PLACEMENT_3D('',#7441,#5938,#5939);
#5332=AXIS2_PLACEMENT_3D('',#7442,#5940,#5941);
#5333=AXIS2_PLACEMENT_3D('',#7444,#5942,#5943);
#5334=AXIS2_PLACEMENT_3D('',#7446,#5945,#5946);
#5335=AXIS2_PLACEMENT_3D('',#7448,#5948,#5949);
#5336=AXIS2_PLACEMENT_3D('',#7461,#5956,#5957);
#5337=AXIS2_PLACEMENT_3D('',#7467,#5961,#5962);
#5338=AXIS2_PLACEMENT_3D('',#7471,#5965,#5966);
#5339=AXIS2_PLACEMENT_3D('',#7475,#5969,#5970);
#5340=AXIS2_PLACEMENT_3D('',#7481,#5974,#5975);
#5341=AXIS2_PLACEMENT_3D('',#7483,#5977,#5978);
#5342=AXIS2_PLACEMENT_3D('',#7485,#5980,#5981);
#5343=AXIS2_PLACEMENT_3D('',#7486,#5982,#5983);
#5344=AXIS2_PLACEMENT_3D('',#7487,#5984,#5985);
#5345=AXIS2_PLACEMENT_3D('',#7489,#5986,#5987);
#5346=AXIS2_PLACEMENT_3D('',#7490,#5988,#5989);
#5347=AXIS2_PLACEMENT_3D('',#7492,#5990,#5991);
#5348=AXIS2_PLACEMENT_3D('',#7494,#5992,#5993);
#5349=AXIS2_PLACEMENT_3D('',#7495,#5994,#5995);
#5350=AXIS2_PLACEMENT_3D('',#7497,#5996,#5997);
#5351=AXIS2_PLACEMENT_3D('',#7499,#5999,#6000);
#5352=AXIS2_PLACEMENT_3D('',#7501,#6002,#6003);
#5353=AXIS2_PLACEMENT_3D('',#7514,#6010,#6011);
#5354=AXIS2_PLACEMENT_3D('',#7520,#6015,#6016);
#5355=AXIS2_PLACEMENT_3D('',#7524,#6019,#6020);
#5356=AXIS2_PLACEMENT_3D('',#7528,#6023,#6024);
#5357=AXIS2_PLACEMENT_3D('',#7534,#6028,#6029);
#5358=AXIS2_PLACEMENT_3D('',#7536,#6031,#6032);
#5359=AXIS2_PLACEMENT_3D('',#7538,#6034,#6035);
#5360=AXIS2_PLACEMENT_3D('',#7539,#6036,#6037);
#5361=AXIS2_PLACEMENT_3D('',#7540,#6038,#6039);
#5362=AXIS2_PLACEMENT_3D('',#7559,#6043,#6044);
#5363=AXIS2_PLACEMENT_3D('',#7568,#6049,#6050);
#5364=AXIS2_PLACEMENT_3D('',#7586,#6055,#6056);
#5365=AXIS2_PLACEMENT_3D('',#7608,#6067,#6068);
#5366=AXIS2_PLACEMENT_3D('',#7610,#6069,#6070);
#5367=AXIS2_PLACEMENT_3D('',#7612,#6071,#6072);
#5368=AXIS2_PLACEMENT_3D('',#7616,#6074,#6075);
#5369=AXIS2_PLACEMENT_3D('',#7625,#6076,#6077);
#5370=AXIS2_PLACEMENT_3D('',#7634,#6078,#6079);
#5371=AXIS2_PLACEMENT_3D('',#7636,#6080,#6081);
#5372=AXIS2_PLACEMENT_3D('',#7645,#6082,#6083);
#5373=AXIS2_PLACEMENT_3D('',#7647,#6084,#6085);
#5374=AXIS2_PLACEMENT_3D('',#7654,#6086,#6087);
#5375=AXIS2_PLACEMENT_3D('',#7656,#6088,#6089);
#5376=AXIS2_PLACEMENT_3D('',#7665,#6090,#6091);
#5377=AXIS2_PLACEMENT_3D('',#7672,#6092,#6093);
#5378=AXIS2_PLACEMENT_3D('',#7674,#6094,#6095);
#5379=AXIS2_PLACEMENT_3D('',#7681,#6096,#6097);
#5380=AXIS2_PLACEMENT_3D('',#7690,#6098,#6099);
#5381=AXIS2_PLACEMENT_3D('',#7692,#6100,#6101);
#5382=AXIS2_PLACEMENT_3D('',#7699,#6102,#6103);
#5383=AXIS2_PLACEMENT_3D('',#7708,#6104,#6105);
#5384=AXIS2_PLACEMENT_3D('',#7710,#6106,#6107);
#5385=AXIS2_PLACEMENT_3D('',#7719,#6108,#6109);
#5386=AXIS2_PLACEMENT_3D('',#7728,#6110,#6111);
#5387=AXIS2_PLACEMENT_3D('',#7730,#6112,#6113);
#5388=AXIS2_PLACEMENT_3D('',#7739,#6114,#6115);
#5389=AXIS2_PLACEMENT_3D('',#7748,#6116,#6117);
#5390=AXIS2_PLACEMENT_3D('',#7750,#6118,#6119);
#5391=AXIS2_PLACEMENT_3D('',#7758,#6120,#6121);
#5392=AXIS2_PLACEMENT_3D('',#7760,#6122,#6123);
#5393=AXIS2_PLACEMENT_3D('',#7762,#6124,#6125);
#5394=AXIS2_PLACEMENT_3D('',#7764,#6126,#6127);
#5395=AXIS2_PLACEMENT_3D('',#7766,#6128,#6129);
#5396=AXIS2_PLACEMENT_3D('',#7768,#6130,#6131);
#5397=AXIS2_PLACEMENT_3D('',#7769,#6132,#6133);
#5398=AXIS2_PLACEMENT_3D('',#7779,#6134,#6135);
#5399=AXIS2_PLACEMENT_3D('',#7780,#6136,#6137);
#5400=AXIS2_PLACEMENT_3D('',#7784,#6139,#6140);
#5401=AXIS2_PLACEMENT_3D('',#7786,#6142,#6143);
#5402=AXIS2_PLACEMENT_3D('',#7790,#6146,#6147);
#5403=AXIS2_PLACEMENT_3D('',#7799,#6148,#6149);
#5404=AXIS2_PLACEMENT_3D('',#7801,#6150,#6151);
#5405=AXIS2_PLACEMENT_3D('',#7810,#6152,#6153);
#5406=AXIS2_PLACEMENT_3D('',#7819,#6154,#6155);
#5407=AXIS2_PLACEMENT_3D('',#7821,#6156,#6157);
#5408=AXIS2_PLACEMENT_3D('',#7830,#6158,#6159);
#5409=AXIS2_PLACEMENT_3D('',#7839,#6160,#6161);
#5410=AXIS2_PLACEMENT_3D('',#7841,#6162,#6163);
#5411=AXIS2_PLACEMENT_3D('',#7850,#6164,#6165);
#5412=AXIS2_PLACEMENT_3D('',#7857,#6166,#6167);
#5413=AXIS2_PLACEMENT_3D('',#7859,#6168,#6169);
#5414=AXIS2_PLACEMENT_3D('',#7868,#6170,#6171);
#5415=AXIS2_PLACEMENT_3D('',#7875,#6172,#6173);
#5416=AXIS2_PLACEMENT_3D('',#7877,#6174,#6175);
#5417=AXIS2_PLACEMENT_3D('',#7884,#6176,#6177);
#5418=AXIS2_PLACEMENT_3D('',#7893,#6178,#6179);
#5419=AXIS2_PLACEMENT_3D('',#7895,#6180,#6181);
#5420=AXIS2_PLACEMENT_3D('',#7902,#6182,#6183);
#5421=AXIS2_PLACEMENT_3D('',#7904,#6184,#6185);
#5422=AXIS2_PLACEMENT_3D('',#7913,#6186,#6187);
#5423=AXIS2_PLACEMENT_3D('',#7915,#6188,#6189);
#5424=AXIS2_PLACEMENT_3D('',#7924,#6190,#6191);
#5425=AXIS2_PLACEMENT_3D('',#7933,#6192,#6193);
#5426=AXIS2_PLACEMENT_3D('',#7937,#6195,#6196);
#5427=AXIS2_PLACEMENT_3D('',#7939,#6197,#6198);
#5428=AXIS2_PLACEMENT_3D('',#7941,#6199,#6200);
#5429=AXIS2_PLACEMENT_3D('',#7966,#6214,#6215);
#5430=AXIS2_PLACEMENT_3D('',#7968,#6216,#6217);
#5431=AXIS2_PLACEMENT_3D('',#7970,#6218,#6219);
#5432=AXIS2_PLACEMENT_3D('',#7972,#6220,#6221);
#5433=AXIS2_PLACEMENT_3D('',#7974,#6222,#6223);
#5434=AXIS2_PLACEMENT_3D('',#7976,#6224,#6225);
#5435=AXIS2_PLACEMENT_3D('',#7977,#6226,#6227);
#5436=AXIS2_PLACEMENT_3D('',#7980,#6230,#6231);
#5437=AXIS2_PLACEMENT_3D('',#7982,#6233,#6234);
#5438=AXIS2_PLACEMENT_3D('',#7984,#6236,#6237);
#5439=AXIS2_PLACEMENT_3D('',#7986,#6239,#6240);
#5440=AXIS2_PLACEMENT_3D('',#7988,#6242,#6243);
#5441=AXIS2_PLACEMENT_3D('',#7990,#6245,#6246);
#5442=AXIS2_PLACEMENT_3D('',#7991,#6247,#6248);
#5443=AXIS2_PLACEMENT_3D('',#7993,#6250,#6251);
#5444=AXIS2_PLACEMENT_3D('',#7995,#6253,#6254);
#5445=AXIS2_PLACEMENT_3D('',#7996,#6255,#6256);
#5446=AXIS2_PLACEMENT_3D('',#7998,#6257,#6258);
#5447=AXIS2_PLACEMENT_3D('',#8000,#6260,#6261);
#5448=AXIS2_PLACEMENT_3D('',#8002,#6262,#6263);
#5449=AXIS2_PLACEMENT_3D('',#8004,#6265,#6266);
#5450=AXIS2_PLACEMENT_3D('',#8006,#6267,#6268);
#5451=AXIS2_PLACEMENT_3D('',#8008,#6270,#6271);
#5452=AXIS2_PLACEMENT_3D('',#8010,#6272,#6273);
#5453=AXIS2_PLACEMENT_3D('',#8012,#6275,#6276);
#5454=AXIS2_PLACEMENT_3D('',#8014,#6277,#6278);
#5455=AXIS2_PLACEMENT_3D('',#8016,#6280,#6281);
#5456=AXIS2_PLACEMENT_3D('',#8018,#6282,#6283);
#5457=AXIS2_PLACEMENT_3D('',#8020,#6285,#6286);
#5458=AXIS2_PLACEMENT_3D('',#8022,#6287,#6288);
#5459=AXIS2_PLACEMENT_3D('',#8025,#6290,#6291);
#5460=AXIS2_PLACEMENT_3D('',#8026,#6292,#6293);
#5461=AXIS2_PLACEMENT_3D('',#8028,#6294,#6295);
#5462=AXIS2_PLACEMENT_3D('',#8029,#6296,#6297);
#5463=AXIS2_PLACEMENT_3D('',#8032,#6299,#6300);
#5464=AXIS2_PLACEMENT_3D('',#8033,#6301,#6302);
#5465=AXIS2_PLACEMENT_3D('',#8035,#6303,#6304);
#5466=AXIS2_PLACEMENT_3D('',#8036,#6305,#6306);
#5467=AXIS2_PLACEMENT_3D('',#8039,#6308,#6309);
#5468=AXIS2_PLACEMENT_3D('',#8040,#6310,#6311);
#5469=AXIS2_PLACEMENT_3D('',#8042,#6312,#6313);
#5470=AXIS2_PLACEMENT_3D('',#8043,#6314,#6315);
#5471=AXIS2_PLACEMENT_3D('',#8046,#6317,#6318);
#5472=AXIS2_PLACEMENT_3D('',#8047,#6319,#6320);
#5473=AXIS2_PLACEMENT_3D('',#8049,#6321,#6322);
#5474=AXIS2_PLACEMENT_3D('',#8050,#6323,#6324);
#5475=AXIS2_PLACEMENT_3D('',#8053,#6326,#6327);
#5476=AXIS2_PLACEMENT_3D('',#8054,#6328,#6329);
#5477=AXIS2_PLACEMENT_3D('',#8056,#6330,#6331);
#5478=AXIS2_PLACEMENT_3D('',#8057,#6332,#6333);
#5479=AXIS2_PLACEMENT_3D('',#8060,#6335,#6336);
#5480=AXIS2_PLACEMENT_3D('',#8061,#6337,#6338);
#5481=AXIS2_PLACEMENT_3D('',#8063,#6339,#6340);
#5482=AXIS2_PLACEMENT_3D('',#8064,#6341,#6342);
#5483=AXIS2_PLACEMENT_3D('',#8067,#6344,#6345);
#5484=AXIS2_PLACEMENT_3D('',#8068,#6346,#6347);
#5485=AXIS2_PLACEMENT_3D('',#8071,#6349,#6350);
#5486=AXIS2_PLACEMENT_3D('',#8072,#6351,#6352);
#5487=AXIS2_PLACEMENT_3D('',#8073,#6353,#6354);
#5488=AXIS2_PLACEMENT_3D('',#8076,#6356,#6357);
#5489=AXIS2_PLACEMENT_3D('',#8077,#6358,#6359);
#5490=AXIS2_PLACEMENT_3D('',#8078,#6360,#6361);
#5491=AXIS2_PLACEMENT_3D('',#8081,#6363,#6364);
#5492=AXIS2_PLACEMENT_3D('',#8082,#6365,#6366);
#5493=AXIS2_PLACEMENT_3D('',#8083,#6367,#6368);
#5494=AXIS2_PLACEMENT_3D('',#8086,#6370,#6371);
#5495=AXIS2_PLACEMENT_3D('',#8087,#6372,#6373);
#5496=AXIS2_PLACEMENT_3D('',#8088,#6374,#6375);
#5497=AXIS2_PLACEMENT_3D('',#8091,#6377,#6378);
#5498=AXIS2_PLACEMENT_3D('',#8092,#6379,#6380);
#5499=AXIS2_PLACEMENT_3D('',#8093,#6381,#6382);
#5500=AXIS2_PLACEMENT_3D('',#8096,#6384,#6385);
#5501=AXIS2_PLACEMENT_3D('',#8097,#6386,#6387);
#5502=AXIS2_PLACEMENT_3D('',#8098,#6388,#6389);
#5503=AXIS2_PLACEMENT_3D('',#8108,#6390,#6391);
#5504=AXIS2_PLACEMENT_3D('',#8112,#6393,#6394);
#5505=AXIS2_PLACEMENT_3D('',#8116,#6396,#6397);
#5506=AXIS2_PLACEMENT_3D('',#8118,#6398,#6399);
#5507=AXIS2_PLACEMENT_3D('',#8125,#6400,#6401);
#5508=AXIS2_PLACEMENT_3D('',#8132,#6402,#6403);
#5509=AXIS2_PLACEMENT_3D('',#8134,#6404,#6405);
#5510=AXIS2_PLACEMENT_3D('',#8141,#6406,#6407);
#5511=AXIS2_PLACEMENT_3D('',#8150,#6408,#6409);
#5512=AXIS2_PLACEMENT_3D('',#8152,#6410,#6411);
#5513=AXIS2_PLACEMENT_3D('',#8159,#6412,#6413);
#5514=AXIS2_PLACEMENT_3D('',#8168,#6414,#6415);
#5515=AXIS2_PLACEMENT_3D('',#8170,#6416,#6417);
#5516=AXIS2_PLACEMENT_3D('',#8179,#6418,#6419);
#5517=AXIS2_PLACEMENT_3D('',#8186,#6420,#6421);
#5518=AXIS2_PLACEMENT_3D('',#8187,#6422,#6423);
#5519=AXIS2_PLACEMENT_3D('',#8188,#6424,#6425);
#5520=AXIS2_PLACEMENT_3D('',#8194,#6429,#6430);
#5521=AXIS2_PLACEMENT_3D('',#8197,#6432,#6433);
#5522=AXIS2_PLACEMENT_3D('',#8198,#6434,#6435);
#5523=AXIS2_PLACEMENT_3D('',#8202,#6438,#6439);
#5524=AXIS2_PLACEMENT_3D('',#8212,#6440,#6441);
#5525=AXIS2_PLACEMENT_3D('',#8214,#6442,#6443);
#5526=AXIS2_PLACEMENT_3D('',#8221,#6444,#6445);
#5527=AXIS2_PLACEMENT_3D('',#8230,#6446,#6447);
#5528=AXIS2_PLACEMENT_3D('',#8232,#6448,#6449);
#5529=AXIS2_PLACEMENT_3D('',#8241,#6450,#6451);
#5530=AXIS2_PLACEMENT_3D('',#8248,#6452,#6453);
#5531=AXIS2_PLACEMENT_3D('',#8250,#6454,#6455);
#5532=AXIS2_PLACEMENT_3D('',#8259,#6456,#6457);
#5533=AXIS2_PLACEMENT_3D('',#8266,#6458,#6459);
#5534=AXIS2_PLACEMENT_3D('',#8268,#6460,#6461);
#5535=AXIS2_PLACEMENT_3D('',#8275,#6462,#6463);
#5536=AXIS2_PLACEMENT_3D('',#8282,#6464,#6465);
#5537=AXIS2_PLACEMENT_3D('',#8283,#6466,#6467);
#5538=AXIS2_PLACEMENT_3D('',#8284,#6468,#6469);
#5539=AXIS2_PLACEMENT_3D('',#8285,#6470,#6471);
#5540=AXIS2_PLACEMENT_3D('',#8288,#6474,#6475);
#5541=AXIS2_PLACEMENT_3D('',#8317,#6480,#6481);
#5542=AXIS2_PLACEMENT_3D('',#8319,#6483,#6484);
#5543=AXIS2_PLACEMENT_3D('',#8347,#6488,#6489);
#5544=AXIS2_PLACEMENT_3D('',#8349,#6491,#6492);
#5545=AXIS2_PLACEMENT_3D('',#8351,#6494,#6495);
#5546=AXIS2_PLACEMENT_3D('',#8353,#6497,#6498);
#5547=AXIS2_PLACEMENT_3D('',#8381,#6502,#6503);
#5548=AXIS2_PLACEMENT_3D('',#8383,#6505,#6506);
#5549=AXIS2_PLACEMENT_3D('',#8403,#6510,#6511);
#5550=AXIS2_PLACEMENT_3D('',#8405,#6513,#6514);
#5551=AXIS2_PLACEMENT_3D('',#8407,#6516,#6517);
#5552=AXIS2_PLACEMENT_3D('',#8409,#6519,#6520);
#5553=AXIS2_PLACEMENT_3D('',#8437,#6524,#6525);
#5554=AXIS2_PLACEMENT_3D('',#8439,#6527,#6528);
#5555=AXIS2_PLACEMENT_3D('',#8459,#6532,#6533);
#5556=AXIS2_PLACEMENT_3D('',#8461,#6535,#6536);
#5557=AXIS2_PLACEMENT_3D('',#8463,#6538,#6539);
#5558=AXIS2_PLACEMENT_3D('',#8465,#6541,#6542);
#5559=AXIS2_PLACEMENT_3D('',#8485,#6546,#6547);
#5560=AXIS2_PLACEMENT_3D('',#8487,#6549,#6550);
#5561=AXIS2_PLACEMENT_3D('',#8515,#6554,#6555);
#5562=AXIS2_PLACEMENT_3D('',#8517,#6557,#6558);
#5563=AXIS2_PLACEMENT_3D('',#8519,#6560,#6561);
#5564=AXIS2_PLACEMENT_3D('',#8521,#6563,#6564);
#5565=AXIS2_PLACEMENT_3D('',#8541,#6568,#6569);
#5566=AXIS2_PLACEMENT_3D('',#8543,#6571,#6572);
#5567=AXIS2_PLACEMENT_3D('',#8545,#6574,#6575);
#5568=AXIS2_PLACEMENT_3D('',#8547,#6577,#6578);
#5569=AXIS2_PLACEMENT_3D('',#8549,#6580,#6581);
#5570=AXIS2_PLACEMENT_3D('',#8551,#6583,#6584);
#5571=AXIS2_PLACEMENT_3D('',#8553,#6586,#6587);
#5572=AXIS2_PLACEMENT_3D('',#8555,#6589,#6590);
#5573=AXIS2_PLACEMENT_3D('',#8557,#6592,#6593);
#5574=AXIS2_PLACEMENT_3D('',#8572,#6596,#6597);
#5575=AXIS2_PLACEMENT_3D('',#8587,#6600,#6601);
#5576=AXIS2_PLACEMENT_3D('',#8589,#6603,#6604);
#5577=AXIS2_PLACEMENT_3D('',#8604,#6607,#6608);
#5578=AXIS2_PLACEMENT_3D('',#8605,#6609,#6610);
#5579=AXIS2_PLACEMENT_3D('',#8620,#6613,#6614);
#5580=AXIS2_PLACEMENT_3D('',#8635,#6617,#6618);
#5581=AXIS2_PLACEMENT_3D('',#8637,#6620,#6621);
#5582=AXIS2_PLACEMENT_3D('',#8651,#6623,#6624);
#5583=AXIS2_PLACEMENT_3D('',#8652,#6625,#6626);
#5584=AXIS2_PLACEMENT_3D('',#8653,#6627,#6628);
#5585=AXIS2_PLACEMENT_3D('',#8667,#6629,#6630);
#5586=AXIS2_PLACEMENT_3D('',#8669,#6631,#6632);
#5587=AXIS2_PLACEMENT_3D('',#8670,#6633,#6634);
#5588=AXIS2_PLACEMENT_3D('',#8697,#6635,#6636);
#5589=AXIS2_PLACEMENT_3D('',#8734,#6637,#6638);
#5590=AXIS2_PLACEMENT_3D('',#8747,#6639,#6640);
#5591=AXIS2_PLACEMENT_3D('',#8750,#6641,#6642);
#5592=AXIS2_PLACEMENT_3D('',#8780,#6645,#6646);
#5593=AXIS2_PLACEMENT_3D('',#8791,#6647,#6648);
#5594=AXIS2_PLACEMENT_3D('',#8794,#6649,#6650);
#5595=AXIS2_PLACEMENT_3D('',#8795,#6651,#6652);
#5596=AXIS2_PLACEMENT_3D('',#8796,#6653,#6654);
#5597=AXIS2_PLACEMENT_3D('',#8797,#6655,#6656);
#5598=AXIS2_PLACEMENT_3D('',#8800,#6657,#6658);
#5599=AXIS2_PLACEMENT_3D('',#8803,#6661,#6662);
#5600=AXIS2_PLACEMENT_3D('',#8806,#6663,#6664);
#5601=AXIS2_PLACEMENT_3D('',#8807,#6665,#6666);
#5602=AXIS2_PLACEMENT_3D('',#8808,#6667,#6668);
#5603=AXIS2_PLACEMENT_3D('',#8809,#6669,#6670);
#5604=AXIS2_PLACEMENT_3D('',#8812,#6671,#6672);
#5605=AXIS2_PLACEMENT_3D('',#8815,#6675,#6676);
#5606=AXIS2_PLACEMENT_3D('',#8823,#6681,#6682);
#5607=AXIS2_PLACEMENT_3D('',#8829,#6685,#6686);
#5608=AXIS2_PLACEMENT_3D('',#8831,#6688,#6689);
#5609=AXIS2_PLACEMENT_3D('',#8834,#6691,#6692);
#5610=AXIS2_PLACEMENT_3D('',#8835,#6693,#6694);
#5611=AXIS2_PLACEMENT_3D('',#8839,#6697,#6698);
#5612=AXIS2_PLACEMENT_3D('',#8842,#6700,#6701);
#5613=AXIS2_PLACEMENT_3D('',#8843,#6702,#6703);
#5614=AXIS2_PLACEMENT_3D('',#8847,#6705,#6706);
#5615=AXIS2_PLACEMENT_3D('',#8849,#6708,#6709);
#5616=AXIS2_PLACEMENT_3D('',#8852,#6710,#6711);
#5617=AXIS2_PLACEMENT_3D('',#8856,#6713,#6714);
#5618=AXIS2_PLACEMENT_3D('',#8858,#6716,#6717);
#5619=AXIS2_PLACEMENT_3D('',#8860,#6718,#6719);
#5620=AXIS2_PLACEMENT_3D('',#8864,#6721,#6722);
#5621=AXIS2_PLACEMENT_3D('',#8866,#6724,#6725);
#5622=AXIS2_PLACEMENT_3D('',#8880,#6726,#6727);
#5623=AXIS2_PLACEMENT_3D('',#8881,#6728,#6729);
#5624=AXIS2_PLACEMENT_3D('',#8882,#6730,#6731);
#5625=AXIS2_PLACEMENT_3D('',#8883,#6732,#6733);
#5626=AXIS2_PLACEMENT_3D('',#8884,#6734,#6735);
#5627=AXIS2_PLACEMENT_3D('',#8885,#6736,#6737);
#5628=AXIS2_PLACEMENT_3D('',#8886,#6738,#6739);
#5629=AXIS2_PLACEMENT_3D('',#8887,#6740,#6741);
#5630=AXIS2_PLACEMENT_3D('',#8904,#6751,#6752);
#5631=AXIS2_PLACEMENT_3D('',#8910,#6756,#6757);
#5632=AXIS2_PLACEMENT_3D('',#8912,#6758,#6759);
#5633=AXIS2_PLACEMENT_3D('',#8913,#6760,#6761);
#5634=AXIS2_PLACEMENT_3D('',#8915,#6762,#6763);
#5635=AXIS2_PLACEMENT_3D('',#8916,#6764,#6765);
#5636=AXIS2_PLACEMENT_3D('',#8919,#6767,#6768);
#5637=AXIS2_PLACEMENT_3D('',#8920,#6769,#6770);
#5638=AXIS2_PLACEMENT_3D('',#8922,#6772,#6773);
#5639=AXIS2_PLACEMENT_3D('',#8924,#6775,#6776);
#5640=AXIS2_PLACEMENT_3D('',#8937,#6777,#6778);
#5641=AXIS2_PLACEMENT_3D('',#8938,#6779,#6780);
#5642=AXIS2_PLACEMENT_3D('',#8939,#6781,#6782);
#5643=AXIS2_PLACEMENT_3D('',#8948,#6783,#6784);
#5644=AXIS2_PLACEMENT_3D('',#8949,#6785,#6786);
#5645=AXIS2_PLACEMENT_3D('',#8950,#6787,#6788);
#5646=AXIS2_PLACEMENT_3D('',#8958,#6789,#6790);
#5647=AXIS2_PLACEMENT_3D('',#8959,#6791,#6792);
#5648=AXIS2_PLACEMENT_3D('',#8982,#6796,#6797);
#5649=AXIS2_PLACEMENT_3D('',#8985,#6799,#6800);
#5650=AXIS2_PLACEMENT_3D('',#8986,#6801,#6802);
#5651=AXIS2_PLACEMENT_3D('',#8999,#6803,#6804);
#5652=AXIS2_PLACEMENT_3D('',#9006,#6805,#6806);
#5653=AXIS2_PLACEMENT_3D('',#9008,#6808,#6809);
#5654=AXIS2_PLACEMENT_3D('',#9025,#6811,#6812);
#5655=AXIS2_PLACEMENT_3D('',#9042,#6816,#6817);
#5656=AXIS2_PLACEMENT_3D('',#9045,#6819,#6820);
#5657=AXIS2_PLACEMENT_3D('',#9046,#6821,#6822);
#5658=AXIS2_PLACEMENT_3D('',#9048,#6823,#6824);
#5659=AXIS2_PLACEMENT_3D('',#9049,#6825,#6826);
#5660=AXIS2_PLACEMENT_3D('',#9051,#6827,#6828);
#5661=AXIS2_PLACEMENT_3D('',#9052,#6829,#6830);
#5662=AXIS2_PLACEMENT_3D('',#9053,#6831,#6832);
#5663=AXIS2_PLACEMENT_3D('',#9071,#6842,#6843);
#5664=AXIS2_PLACEMENT_3D('',#9073,#6845,#6846);
#5665=AXIS2_PLACEMENT_3D('',#9082,#6851,#6852);
#5666=AXIS2_PLACEMENT_3D('',#9088,#6856,#6857);
#5667=AXIS2_PLACEMENT_3D('',#9094,#6861,#6862);
#5668=AXIS2_PLACEMENT_3D('',#9097,#6865,#6866);
#5669=AXIS2_PLACEMENT_3D('',#9098,#6867,#6868);
#5670=AXIS2_PLACEMENT_3D('',#9101,#6870,#6871);
#5671=AXIS2_PLACEMENT_3D('',#9102,#6872,#6873);
#5672=AXIS2_PLACEMENT_3D('',#9104,#6874,#6875);
#5673=AXIS2_PLACEMENT_3D('',#9105,#6876,#6877);
#5674=AXIS2_PLACEMENT_3D('',#9108,#6879,#6880);
#5675=AXIS2_PLACEMENT_3D('',#9109,#6881,#6882);
#5676=AXIS2_PLACEMENT_3D('',#9111,#6883,#6884);
#5677=AXIS2_PLACEMENT_3D('',#9112,#6885,#6886);
#5678=AXIS2_PLACEMENT_3D('',#9115,#6888,#6889);
#5679=AXIS2_PLACEMENT_3D('',#9116,#6890,#6891);
#5680=AXIS2_PLACEMENT_3D('',#9118,#6892,#6893);
#5681=AXIS2_PLACEMENT_3D('',#9119,#6894,#6895);
#5682=AXIS2_PLACEMENT_3D('',#9121,#6897,#6898);
#5683=AXIS2_PLACEMENT_3D('',#9123,#6900,#6901);
#5684=AXIS2_PLACEMENT_3D('',#9125,#6903,#6904);
#5685=AXIS2_PLACEMENT_3D('',#9127,#6906,#6907);
#5686=AXIS2_PLACEMENT_3D('',#9130,#6910,#6911);
#5687=AXIS2_PLACEMENT_3D('',#9132,#6913,#6914);
#5688=AXIS2_PLACEMENT_3D('',#9134,#6916,#6917);
#5689=AXIS2_PLACEMENT_3D('',#9136,#6919,#6920);
#5690=AXIS2_PLACEMENT_3D('',#9137,#6921,#6922);
#5691=AXIS2_PLACEMENT_3D('',#9139,#6924,#6925);
#5692=AXIS2_PLACEMENT_3D('',#9140,#6926,#6927);
#5693=AXIS2_PLACEMENT_3D('',#9141,#6928,#6929);
#5694=AXIS2_PLACEMENT_3D('',#9155,#6930,#6931);
#5695=AXIS2_PLACEMENT_3D('',#9157,#6932,#6933);
#5696=AXIS2_PLACEMENT_3D('',#9158,#6934,#6935);
#5697=AXIS2_PLACEMENT_3D('',#9181,#6936,#6937);
#5698=AXIS2_PLACEMENT_3D('',#9222,#6938,#6939);
#5699=AXIS2_PLACEMENT_3D('',#9228,#6940,#6941);
#5700=AXIS2_PLACEMENT_3D('',#9231,#6942,#6943);
#5701=AXIS2_PLACEMENT_3D('',#9266,#6946,#6947);
#5702=AXIS2_PLACEMENT_3D('',#9272,#6948,#6949);
#5703=AXIS2_PLACEMENT_3D('',#9275,#6950,#6951);
#5704=AXIS2_PLACEMENT_3D('',#9276,#6952,#6953);
#5705=AXIS2_PLACEMENT_3D('',#9277,#6954,#6955);
#5706=AXIS2_PLACEMENT_3D('',#9278,#6956,#6957);
#5707=AXIS2_PLACEMENT_3D('',#9281,#6958,#6959);
#5708=AXIS2_PLACEMENT_3D('',#9284,#6962,#6963);
#5709=AXIS2_PLACEMENT_3D('',#9287,#6964,#6965);
#5710=AXIS2_PLACEMENT_3D('',#9288,#6966,#6967);
#5711=AXIS2_PLACEMENT_3D('',#9289,#6968,#6969);
#5712=AXIS2_PLACEMENT_3D('',#9290,#6970,#6971);
#5713=AXIS2_PLACEMENT_3D('',#9293,#6972,#6973);
#5714=AXIS2_PLACEMENT_3D('',#9296,#6976,#6977);
#5715=AXIS2_PLACEMENT_3D('',#9302,#6980,#6981);
#5716=AXIS2_PLACEMENT_3D('',#9304,#6983,#6984);
#5717=AXIS2_PLACEMENT_3D('',#9309,#6987,#6988);
#5718=AXIS2_PLACEMENT_3D('',#9310,#6989,#6990);
#5719=AXIS2_PLACEMENT_3D('',#9312,#6991,#6992);
#5720=AXIS2_PLACEMENT_3D('',#9314,#6993,#6994);
#5721=AXIS2_PLACEMENT_3D('',#9315,#6995,#6996);
#5722=AXIS2_PLACEMENT_3D('',#9318,#6998,#6999);
#5723=AXIS2_PLACEMENT_3D('',#9319,#7000,#7001);
#5724=AXIS2_PLACEMENT_3D('',#9322,#7003,#7004);
#5725=AXIS2_PLACEMENT_3D('',#9323,#7005,#7006);
#5726=AXIS2_PLACEMENT_3D('',#9348,#7013,#7014);
#5727=AXIS2_PLACEMENT_3D('',#9369,#7020,#7021);
#5728=AXIS2_PLACEMENT_3D('',#9374,#7024,#7025);
#5729=AXIS2_PLACEMENT_3D('',#9375,#7026,#7027);
#5730=AXIS2_PLACEMENT_3D('',#9377,#7028,#7029);
#5731=AXIS2_PLACEMENT_3D('',#9378,#7030,#7031);
#5732=AXIS2_PLACEMENT_3D('',#9379,#7032,#7033);
#5733=AXIS2_PLACEMENT_3D('',#9381,#7034,#7035);
#5734=AXIS2_PLACEMENT_3D('',#9382,#7036,#7037);
#5735=AXIS2_PLACEMENT_3D('',#9384,#7039,#7040);
#5736=AXIS2_PLACEMENT_3D('',#9386,#7042,#7043);
#5737=AXIS2_PLACEMENT_3D('',#9388,#7045,#7046);
#5738=AXIS2_PLACEMENT_3D('',#9389,#7047,#7048);
#5739=AXIS2_PLACEMENT_3D('',#9390,#7049,#7050);
#5740=AXIS2_PLACEMENT_3D('',#9406,#7059,#7060);
#5741=AXIS2_PLACEMENT_3D('',#9430,#7063,#7064);
#5742=AXIS2_PLACEMENT_3D('',#9440,#7066,#7067);
#5743=AXIS2_PLACEMENT_3D('',#9464,#7068,#7069);
#5744=AXIS2_PLACEMENT_3D('',#9466,#7071,#7072);
#5745=AXIS2_PLACEMENT_3D('',#9468,#7073,#7074);
#5746=AXIS2_PLACEMENT_3D('',#9469,#7075,#7076);
#5747=AXIS2_PLACEMENT_3D('',#9476,#7077,#7078);
#5748=AXIS2_PLACEMENT_3D('',#9477,#7079,#7080);
#5749=AXIS2_PLACEMENT_3D('',#9481,#7082,#7083);
#5750=AXIS2_PLACEMENT_3D('',#9483,#7085,#7086);
#5751=AXIS2_PLACEMENT_3D('',#9484,#7087,#7088);
#5752=AXIS2_PLACEMENT_3D('',#9486,#7090,#7091);
#5753=AXIS2_PLACEMENT_3D('',#9502,#7093,#7094);
#5754=AXIS2_PLACEMENT_3D('',#9506,#7096,#7097);
#5755=AXIS2_PLACEMENT_3D('',#9508,#7099,#7100);
#5756=AXIS2_PLACEMENT_3D('',#9512,#7103,#7104);
#5757=AXIS2_PLACEMENT_3D('',#9513,#7105,#7106);
#5758=AXIS2_PLACEMENT_3D('',#9516,#7108,#7109);
#5759=AXIS2_PLACEMENT_3D('',#9517,#7110,#7111);
#5760=AXIS2_PLACEMENT_3D('',#9519,#7112,#7113);
#5761=AXIS2_PLACEMENT_3D('',#9520,#7114,#7115);
#5762=AXIS2_PLACEMENT_3D('',#9521,#7116,#7117);
#5763=AXIS2_PLACEMENT_3D('',#9523,#7119,#7120);
#5764=AXIS2_PLACEMENT_3D('',#9529,#7124,#7125);
#5765=AXIS2_PLACEMENT_3D('',#9533,#7128,#7129);
#5766=AXIS2_PLACEMENT_3D('',#9537,#7132,#7133);
#5767=AXIS2_PLACEMENT_3D('',#9539,#7135,#7136);
#5768=AXIS2_PLACEMENT_3D('',#9540,#7137,#7138);
#5769=AXIS2_PLACEMENT_3D('',#9543,#7140,#7141);
#5770=AXIS2_PLACEMENT_3D('',#9544,#7142,#7143);
#5771=AXIS2_PLACEMENT_3D('',#9546,#7144,#7145);
#5772=AXIS2_PLACEMENT_3D('',#9547,#7146,#7147);
#5773=AXIS2_PLACEMENT_3D('',#9550,#7149,#7150);
#5774=AXIS2_PLACEMENT_3D('',#9551,#7151,#7152);
#5775=AXIS2_PLACEMENT_3D('',#9553,#7153,#7154);
#5776=AXIS2_PLACEMENT_3D('',#9554,#7155,#7156);
#5777=AXIS2_PLACEMENT_3D('',#9557,#7158,#7159);
#5778=AXIS2_PLACEMENT_3D('',#9558,#7160,#7161);
#5779=AXIS2_PLACEMENT_3D('',#9560,#7162,#7163);
#5780=AXIS2_PLACEMENT_3D('',#9561,#7164,#7165);
#5781=AXIS2_PLACEMENT_3D('',#9563,#7167,#7168);
#5782=AXIS2_PLACEMENT_3D('',#9565,#7170,#7171);
#5783=AXIS2_PLACEMENT_3D('',#9567,#7173,#7174);
#5784=AXIS2_PLACEMENT_3D('',#9573,#7178,#7179);
#5785=AXIS2_PLACEMENT_3D('',#9577,#7182,#7183);
#5786=AXIS2_PLACEMENT_3D('',#9583,#7187,#7188);
#5787=AXIS2_PLACEMENT_3D('',#9587,#7191,#7192);
#5788=AXIS2_PLACEMENT_3D('',#9591,#7195,#7196);
#5789=AXIS2_PLACEMENT_3D('',#9593,#7198,#7199);
#5790=AXIS2_PLACEMENT_3D('',#9597,#7202,#7203);
#5791=AXIS2_PLACEMENT_3D('',#9600,#7206,#7207);
#5792=AXIS2_PLACEMENT_3D('',#9601,#7208,#7209);
#5793=AXIS2_PLACEMENT_3D('',#9602,#7210,#7211);
#5794=AXIS2_PLACEMENT_3D('',#9603,#7212,#7213);
#5795=AXIS2_PLACEMENT_3D('',#9604,#7214,#7215);
#5796=AXIS2_PLACEMENT_3D('',#9606,#7216,#7217);
#5797=AXIS2_PLACEMENT_3D('',#9607,#7218,#7219);
#5798=AXIS2_PLACEMENT_3D('',#9609,#7220,#7221);
#5799=AXIS2_PLACEMENT_3D('',#9613,#7223,#7224);
#5800=AXIS2_PLACEMENT_3D('',#9614,#7225,#7226);
#5801=AXIS2_PLACEMENT_3D('',#9615,#7227,#7228);
#5802=AXIS2_PLACEMENT_3D('',#9617,#7229,#7230);
#5803=AXIS2_PLACEMENT_3D('',#9619,#7231,#7232);
#5804=AXIS2_PLACEMENT_3D('',#9620,#7233,#7234);
#5805=AXIS2_PLACEMENT_3D('',#9621,#7235,#7236);
#5806=AXIS2_PLACEMENT_3D('',#9625,#7238,#7239);
#5807=AXIS2_PLACEMENT_3D('',#9626,#7240,#7241);
#5808=AXIS2_PLACEMENT_3D('',#9627,#7242,#7243);
#5809=AXIS2_PLACEMENT_3D('',#9629,#7244,#7245);
#5810=AXIS2_PLACEMENT_3D('',#9631,#7246,#7247);
#5811=AXIS2_PLACEMENT_3D('',#9632,#7248,#7249);
#5812=AXIS2_PLACEMENT_3D('',#9633,#7250,#7251);
#5813=AXIS2_PLACEMENT_3D('',#9637,#7253,#7254);
#5814=AXIS2_PLACEMENT_3D('',#9638,#7255,#7256);
#5815=AXIS2_PLACEMENT_3D('',#9639,#7257,#7258);
#5816=AXIS2_PLACEMENT_3D('',#9641,#7259,#7260);
#5817=AXIS2_PLACEMENT_3D('',#9643,#7261,#7262);
#5818=AXIS2_PLACEMENT_3D('',#9644,#7263,#7264);
#5819=AXIS2_PLACEMENT_3D('',#9645,#7265,#7266);
#5820=AXIS2_PLACEMENT_3D('',#9647,#7268,#7269);
#5821=AXIS2_PLACEMENT_3D('',#9648,#7270,#7271);
#5822=AXIS2_PLACEMENT_3D('',#9649,#7272,#7273);
#5823=AXIS2_PLACEMENT_3D('',#9651,#7274,#7275);
#5824=AXIS2_PLACEMENT_3D('',#9652,#7276,#7277);
#5825=AXIS2_PLACEMENT_3D('',#9654,#7278,#7279);
#5826=AXIS2_PLACEMENT_3D('',#9658,#7281,#7282);
#5827=AXIS2_PLACEMENT_3D('',#9659,#7283,#7284);
#5828=AXIS2_PLACEMENT_3D('',#9660,#7285,#7286);
#5829=AXIS2_PLACEMENT_3D('',#9662,#7287,#7288);
#5830=AXIS2_PLACEMENT_3D('',#9664,#7289,#7290);
#5831=AXIS2_PLACEMENT_3D('',#9665,#7291,#7292);
#5832=AXIS2_PLACEMENT_3D('',#9666,#7293,#7294);
#5833=AXIS2_PLACEMENT_3D('',#9670,#7296,#7297);
#5834=AXIS2_PLACEMENT_3D('',#9671,#7298,#7299);
#5835=AXIS2_PLACEMENT_3D('',#9672,#7300,#7301);
#5836=AXIS2_PLACEMENT_3D('',#9674,#7302,#7303);
#5837=AXIS2_PLACEMENT_3D('',#9676,#7304,#7305);
#5838=AXIS2_PLACEMENT_3D('',#9677,#7306,#7307);
#5839=AXIS2_PLACEMENT_3D('',#9678,#7308,#7309);
#5840=AXIS2_PLACEMENT_3D('',#9682,#7311,#7312);
#5841=AXIS2_PLACEMENT_3D('',#9683,#7313,#7314);
#5842=AXIS2_PLACEMENT_3D('',#9684,#7315,#7316);
#5843=AXIS2_PLACEMENT_3D('',#9686,#7317,#7318);
#5844=AXIS2_PLACEMENT_3D('',#9688,#7319,#7320);
#5845=AXIS2_PLACEMENT_3D('',#9689,#7321,#7322);
#5846=AXIS2_PLACEMENT_3D('',#9690,#7323,#7324);
#5847=AXIS2_PLACEMENT_3D('',#9692,#7326,#7327);
#5848=AXIS2_PLACEMENT_3D('',#9693,#7328,#7329);
#5849=AXIS2_PLACEMENT_3D('',#9694,#7330,#7331);
#5850=AXIS2_PLACEMENT_3D('',#9706,#7332,#7333);
#5851=AXIS2_PLACEMENT_3D('',#9722,#7334,#7335);
#5852=AXIS2_PLACEMENT_3D('',#9727,#7336,#7337);
#5853=AXIS2_PLACEMENT_3D('',#9729,#7339,#7340);
#5854=AXIS2_PLACEMENT_3D('',#9745,#7343,#7344);
#5855=AXIS2_PLACEMENT_3D('',#9754,#7346,#7347);
#5856=AXIS2_PLACEMENT_3D('',#9762,#7348,#7349);
#5857=AXIS2_PLACEMENT_3D('',#9763,#7350,#7351);
#5858=AXIS2_PLACEMENT_3D('',#9765,#7353,#7354);
#5859=AXIS2_PLACEMENT_3D('',#9766,#7355,#7356);
#5860=AXIS2_PLACEMENT_3D('',#9767,#7357,#7358);
#5861=AXIS2_PLACEMENT_3D('',#9768,#7359,#7360);
#5862=AXIS2_PLACEMENT_3D('',#9769,#7361,#7362);
#5863=AXIS2_PLACEMENT_3D('',#9770,#7363,#7364);
#5864=AXIS2_PLACEMENT_3D('',#9771,#7365,#7366);
#5865=AXIS2_PLACEMENT_3D('',#9772,#7367,#7368);
#5866=AXIS2_PLACEMENT_3D('',#9773,#7369,#7370);
#5867=AXIS2_PLACEMENT_3D('',#9774,#7371,#7372);
#5868=AXIS2_PLACEMENT_3D('',#9775,#7373,#7374);
#5869=AXIS2_PLACEMENT_3D('',#9776,#7375,#7376);
#5870=AXIS2_PLACEMENT_3D('',#9777,#7377,#7378);
#5871=AXIS2_PLACEMENT_3D('',#9778,#7379,#7380);
#5872=AXIS2_PLACEMENT_3D('',#9779,#7381,#7382);
#5873=AXIS2_PLACEMENT_3D('',#9780,#7383,#7384);
#5874=AXIS2_PLACEMENT_3D('',#9781,#7385,#7386);
#5875=AXIS2_PLACEMENT_3D('',#9782,#7387,#7388);
#5876=AXIS2_PLACEMENT_3D('',#9783,#7389,#7390);
#5877=AXIS2_PLACEMENT_3D('',#9784,#7391,#7392);
#5878=DIRECTION('axis',(0.,0.,1.));
#5879=DIRECTION('refdir',(1.,0.,0.));
#5880=DIRECTION('axis',(0.,0.,1.));
#5881=DIRECTION('refdir',(1.,0.,0.));
#5882=DIRECTION('center_axis',(-1.,0.,0.));
#5883=DIRECTION('ref_axis',(0.,1.,0.));
#5884=DIRECTION('center_axis',(-1.,0.,0.));
#5885=DIRECTION('ref_axis',(0.,1.,0.));
#5886=DIRECTION('',(-1.,0.,0.));
#5887=DIRECTION('center_axis',(1.,0.,0.));
#5888=DIRECTION('ref_axis',(0.,1.,0.));
#5889=DIRECTION('center_axis',(1.,0.,0.));
#5890=DIRECTION('ref_axis',(0.,0.479425538604203,0.877582561890372));
#5891=DIRECTION('center_axis',(-1.,0.,0.));
#5892=DIRECTION('ref_axis',(0.,1.,0.));
#5893=DIRECTION('center_axis',(-1.,0.,0.));
#5894=DIRECTION('ref_axis',(0.,1.,0.));
#5895=DIRECTION('',(-1.,0.,0.));
#5896=DIRECTION('center_axis',(-1.,0.,0.));
#5897=DIRECTION('ref_axis',(0.,1.,0.));
#5898=DIRECTION('center_axis',(-1.,0.,0.));
#5899=DIRECTION('ref_axis',(0.,1.,0.));
#5900=DIRECTION('center_axis',(-1.,0.,0.));
#5901=DIRECTION('ref_axis',(0.,0.,1.));
#5902=DIRECTION('center_axis',(-1.,0.,0.));
#5903=DIRECTION('ref_axis',(0.,1.,0.));
#5904=DIRECTION('center_axis',(-1.,0.,0.));
#5905=DIRECTION('ref_axis',(0.,0.,1.));
#5906=DIRECTION('center_axis',(-1.,0.,0.));
#5907=DIRECTION('ref_axis',(0.,1.,0.));
#5908=DIRECTION('center_axis',(1.,0.,0.));
#5909=DIRECTION('ref_axis',(0.,0.479425538604204,0.877582561890372));
#5910=DIRECTION('',(-1.,0.,0.));
#5911=DIRECTION('center_axis',(-1.,0.,0.));
#5912=DIRECTION('ref_axis',(0.,1.,0.));
#5913=DIRECTION('center_axis',(-1.,0.,0.));
#5914=DIRECTION('ref_axis',(0.,1.,0.));
#5915=DIRECTION('center_axis',(1.,3.2914847318339E-15,-1.64574236591695E-15));
#5916=DIRECTION('ref_axis',(-3.68095725045137E-15,0.520296023213257,-0.853985976599422));
#5917=DIRECTION('',(-0.759256602365587,0.338604163550457,-0.555766706622986));
#5918=DIRECTION('center_axis',(1.,0.,0.));
#5919=DIRECTION('ref_axis',(0.,0.479425538604204,0.877582561890372));
#5920=DIRECTION('center_axis',(-1.,0.,0.));
#5921=DIRECTION('ref_axis',(0.,1.,0.));
#5922=DIRECTION('',(-1.,0.,0.));
#5923=DIRECTION('center_axis',(-1.,0.,0.));
#5924=DIRECTION('ref_axis',(0.,1.,0.));
#5925=DIRECTION('center_axis',(-1.,3.2914847318339E-15,-1.64574236591695E-15));
#5926=DIRECTION('ref_axis',(3.68095725045137E-15,0.520296023213257,-0.853985976599422));
#5927=DIRECTION('',(-0.759256602365587,-0.338604163550457,0.555766706622986));
#5928=DIRECTION('axis',(0.,0.,1.));
#5929=DIRECTION('refdir',(1.,0.,0.));
#5930=DIRECTION('center_axis',(0.,0.,1.));
#5931=DIRECTION('ref_axis',(1.,0.,0.));
#5932=DIRECTION('center_axis',(0.,0.,1.));
#5933=DIRECTION('ref_axis',(1.,0.,0.));
#5934=DIRECTION('center_axis',(0.,0.,1.));
#5935=DIRECTION('ref_axis',(1.,0.,0.));
#5936=DIRECTION('center_axis',(0.,0.,1.));
#5937=DIRECTION('ref_axis',(-1.,0.,0.));
#5938=DIRECTION('center_axis',(0.,0.,1.));
#5939=DIRECTION('ref_axis',(-1.,0.,0.));
#5940=DIRECTION('center_axis',(0.,0.,1.));
#5941=DIRECTION('ref_axis',(1.,0.,0.));
#5942=DIRECTION('center_axis',(0.,0.,1.));
#5943=DIRECTION('ref_axis',(-1.,0.,0.));
#5944=DIRECTION('',(0.,0.,-1.));
#5945=DIRECTION('center_axis',(0.,0.,1.));
#5946=DIRECTION('ref_axis',(1.,0.,0.));
#5947=DIRECTION('',(0.,0.,-1.));
#5948=DIRECTION('center_axis',(0.,0.,1.));
#5949=DIRECTION('ref_axis',(1.,0.,0.));
#5950=DIRECTION('',(0.866025403784329,-0.50000000000019,0.));
#5951=DIRECTION('',(0.,-1.,0.));
#5952=DIRECTION('',(-0.866025403784329,-0.50000000000019,0.));
#5953=DIRECTION('',(-0.866025403784329,0.50000000000019,0.));
#5954=DIRECTION('',(0.,1.,0.));
#5955=DIRECTION('',(0.866025403784329,0.50000000000019,0.));
#5956=DIRECTION('center_axis',(-1.,0.,0.));
#5957=DIRECTION('ref_axis',(0.,1.,0.));
#5958=DIRECTION('',(0.,0.,-1.));
#5959=DIRECTION('',(0.,0.,-1.));
#5960=DIRECTION('',(0.,1.,0.));
#5961=DIRECTION('center_axis',(-0.50000000000019,0.866025403784329,0.));
#5962=DIRECTION('ref_axis',(0.866025403784329,0.50000000000019,0.));
#5963=DIRECTION('',(0.,0.,-1.));
#5964=DIRECTION('',(0.866025403784329,0.50000000000019,0.));
#5965=DIRECTION('center_axis',(-0.50000000000019,-0.866025403784329,0.));
#5966=DIRECTION('ref_axis',(-0.866025403784329,0.50000000000019,0.));
#5967=DIRECTION('',(0.,0.,-1.));
#5968=DIRECTION('',(-0.866025403784329,0.50000000000019,0.));
#5969=DIRECTION('center_axis',(0.,0.,1.));
#5970=DIRECTION('ref_axis',(1.,0.,0.));
#5971=DIRECTION('',(-0.866025403784329,-0.50000000000019,0.));
#5972=DIRECTION('',(0.,-1.,0.));
#5973=DIRECTION('',(0.866025403784329,-0.50000000000019,0.));
#5974=DIRECTION('center_axis',(0.50000000000019,0.866025403784329,0.));
#5975=DIRECTION('ref_axis',(0.866025403784329,-0.50000000000019,0.));
#5976=DIRECTION('',(0.,0.,-1.));
#5977=DIRECTION('center_axis',(0.50000000000019,-0.866025403784329,0.));
#5978=DIRECTION('ref_axis',(-0.866025403784329,-0.50000000000019,0.));
#5979=DIRECTION('',(0.,0.,-1.));
#5980=DIRECTION('center_axis',(1.,0.,0.));
#5981=DIRECTION('ref_axis',(0.,-1.,0.));
#5982=DIRECTION('axis',(0.,0.,1.));
#5983=DIRECTION('refdir',(1.,0.,0.));
#5984=DIRECTION('center_axis',(0.,0.,1.));
#5985=DIRECTION('ref_axis',(1.,0.,0.));
#5986=DIRECTION('center_axis',(0.,0.,1.));
#5987=DIRECTION('ref_axis',(1.,0.,0.));
#5988=DIRECTION('center_axis',(0.,0.,1.));
#5989=DIRECTION('ref_axis',(1.,0.,0.));
#5990=DIRECTION('center_axis',(0.,0.,1.));
#5991=DIRECTION('ref_axis',(-1.,0.,0.));
#5992=DIRECTION('center_axis',(0.,0.,1.));
#5993=DIRECTION('ref_axis',(-1.,0.,0.));
#5994=DIRECTION('center_axis',(0.,0.,1.));
#5995=DIRECTION('ref_axis',(1.,0.,0.));
#5996=DIRECTION('center_axis',(0.,0.,1.));
#5997=DIRECTION('ref_axis',(-1.,0.,0.));
#5998=DIRECTION('',(0.,0.,-1.));
#5999=DIRECTION('center_axis',(0.,0.,1.));
#6000=DIRECTION('ref_axis',(1.,0.,0.));
#6001=DIRECTION('',(0.,0.,-1.));
#6002=DIRECTION('center_axis',(0.,0.,1.));
#6003=DIRECTION('ref_axis',(1.,0.,0.));
#6004=DIRECTION('',(0.866025403784329,-0.50000000000019,0.));
#6005=DIRECTION('',(0.,-1.,0.));
#6006=DIRECTION('',(-0.866025403784329,-0.50000000000019,0.));
#6007=DIRECTION('',(-0.866025403784329,0.50000000000019,0.));
#6008=DIRECTION('',(0.,1.,0.));
#6009=DIRECTION('',(0.866025403784329,0.50000000000019,0.));
#6010=DIRECTION('center_axis',(-1.,0.,0.));
#6011=DIRECTION('ref_axis',(0.,1.,0.));
#6012=DIRECTION('',(0.,0.,-1.));
#6013=DIRECTION('',(0.,0.,-1.));
#6014=DIRECTION('',(0.,1.,0.));
#6015=DIRECTION('center_axis',(-0.50000000000019,0.866025403784329,0.));
#6016=DIRECTION('ref_axis',(0.866025403784329,0.50000000000019,0.));
#6017=DIRECTION('',(0.,0.,-1.));
#6018=DIRECTION('',(0.866025403784329,0.50000000000019,0.));
#6019=DIRECTION('center_axis',(-0.50000000000019,-0.866025403784329,0.));
#6020=DIRECTION('ref_axis',(-0.866025403784329,0.50000000000019,0.));
#6021=DIRECTION('',(0.,0.,-1.));
#6022=DIRECTION('',(-0.866025403784329,0.50000000000019,0.));
#6023=DIRECTION('center_axis',(0.,0.,1.));
#6024=DIRECTION('ref_axis',(1.,0.,0.));
#6025=DIRECTION('',(-0.866025403784329,-0.50000000000019,0.));
#6026=DIRECTION('',(0.,-1.,0.));
#6027=DIRECTION('',(0.866025403784329,-0.50000000000019,0.));
#6028=DIRECTION('center_axis',(0.50000000000019,0.866025403784329,0.));
#6029=DIRECTION('ref_axis',(0.866025403784329,-0.50000000000019,0.));
#6030=DIRECTION('',(0.,0.,-1.));
#6031=DIRECTION('center_axis',(0.50000000000019,-0.866025403784329,0.));
#6032=DIRECTION('ref_axis',(-0.866025403784329,-0.50000000000019,0.));
#6033=DIRECTION('',(0.,0.,-1.));
#6034=DIRECTION('center_axis',(1.,0.,0.));
#6035=DIRECTION('ref_axis',(0.,-1.,0.));
#6036=DIRECTION('axis',(0.,0.,1.));
#6037=DIRECTION('refdir',(1.,0.,0.));
#6038=DIRECTION('center_axis',(0.,-1.,0.));
#6039=DIRECTION('ref_axis',(0.,0.,-1.));
#6040=DIRECTION('',(0.,0.,1.));
#6041=DIRECTION('',(-1.,0.,0.));
#6042=DIRECTION('',(1.,0.,0.));
#6043=DIRECTION('center_axis',(0.,-1.,0.));
#6044=DIRECTION('ref_axis',(0.,0.,-1.));
#6045=DIRECTION('',(0.,0.,1.));
#6046=DIRECTION('',(-1.,0.,0.));
#6047=DIRECTION('',(0.,0.,-1.));
#6048=DIRECTION('',(1.,0.,0.));
#6049=DIRECTION('center_axis',(0.,0.,1.));
#6050=DIRECTION('ref_axis',(1.,0.,0.));
#6051=DIRECTION('',(-0.173648177666931,-0.984807753012208,0.));
#6052=DIRECTION('',(1.,0.,0.));
#6053=DIRECTION('',(-0.173648177666924,0.984807753012209,0.));
#6054=DIRECTION('',(0.,-1.,0.));
#6055=DIRECTION('center_axis',(0.,0.,1.));
#6056=DIRECTION('ref_axis',(0.707106781186548,-0.707106781186547,0.));
#6057=DIRECTION('',(-1.,0.,0.));
#6058=DIRECTION('',(0.173648177666931,0.984807753012208,0.));
#6059=DIRECTION('',(-1.,0.,0.));
#6060=DIRECTION('',(0.173648177666929,-0.984807753012208,0.));
#6061=DIRECTION('',(-1.,0.,0.));
#6062=DIRECTION('',(0.173648177666931,0.984807753012208,0.));
#6063=DIRECTION('',(-1.,0.,0.));
#6064=DIRECTION('',(0.173648177666929,-0.984807753012208,0.));
#6065=DIRECTION('',(-1.,0.,0.));
#6066=DIRECTION('',(1.55431223447522E-15,1.,0.));
#6067=DIRECTION('center_axis',(0.,0.,-1.));
#6068=DIRECTION('ref_axis',(1.94289029309402E-16,1.,0.));
#6069=DIRECTION('center_axis',(0.,0.,1.));
#6070=DIRECTION('ref_axis',(0.,-1.,0.));
#6071=DIRECTION('center_axis',(0.,0.,-1.));
#6072=DIRECTION('ref_axis',(-1.,0.,0.));
#6073=DIRECTION('',(1.30774283341356E-11,1.,0.));
#6074=DIRECTION('center_axis',(0.,0.,1.));
#6075=DIRECTION('ref_axis',(0.0155448246649129,0.999879171913355,0.));
#6076=DIRECTION('center_axis',(0.,0.,-1.));
#6077=DIRECTION('ref_axis',(-0.869480537208456,-0.493967200748891,0.));
#6078=DIRECTION('center_axis',(0.,0.,1.));
#6079=DIRECTION('ref_axis',(0.850122193961801,-0.526585468213446,0.));
#6080=DIRECTION('center_axis',(0.,0.,1.));
#6081=DIRECTION('ref_axis',(0.510751611330579,0.859728324253201,0.));
#6082=DIRECTION('center_axis',(0.,0.,-1.));
#6083=DIRECTION('ref_axis',(-0.979569390404852,-0.201106462804822,0.));
#6084=DIRECTION('center_axis',(0.,0.,-1.));
#6085=DIRECTION('ref_axis',(-0.979569779038003,-0.201104569802472,0.));
#6086=DIRECTION('center_axis',(0.,0.,1.));
#6087=DIRECTION('ref_axis',(0.645790393552874,-0.763514746154142,0.));
#6088=DIRECTION('center_axis',(0.,0.,1.));
#6089=DIRECTION('ref_axis',(0.751424310808558,0.659819297327597,0.));
#6090=DIRECTION('center_axis',(0.,0.,-1.));
#6091=DIRECTION('ref_axis',(-0.993771171234024,0.111439935499609,0.));
#6092=DIRECTION('center_axis',(0.,0.,1.));
#6093=DIRECTION('ref_axis',(0.37824412992064,-0.925705881033807,0.));
#6094=DIRECTION('center_axis',(0.,0.,1.));
#6095=DIRECTION('ref_axis',(0.918542363387752,0.395322560274572,0.));
#6096=DIRECTION('center_axis',(0.,0.,-1.));
#6097=DIRECTION('ref_axis',(-0.910695696988528,0.41307789518029,0.));
#6098=DIRECTION('center_axis',(0.,0.,1.));
#6099=DIRECTION('ref_axis',(0.0736726954819011,-0.997282474497788,0.));
#6100=DIRECTION('center_axis',(0.,0.,1.));
#6101=DIRECTION('ref_axis',(0.995747089591642,0.0921288964971075,0.));
#6102=DIRECTION('center_axis',(0.,0.,-1.));
#6103=DIRECTION('ref_axis',(-0.738474987359895,0.674280871035063,0.));
#6104=DIRECTION('center_axis',(0.,0.,1.));
#6105=DIRECTION('ref_axis',(-0.238110335691332,-0.971238110885771,0.));
#6106=DIRECTION('center_axis',(0.,0.,1.));
#6107=DIRECTION('ref_axis',(0.975481152830403,-0.220082985422925,0.));
#6108=DIRECTION('center_axis',(0.,0.,-1.));
#6109=DIRECTION('ref_axis',(-0.493967200748891,0.869480537208456,0.));
#6110=DIRECTION('center_axis',(0.,0.,1.));
#6111=DIRECTION('ref_axis',(-0.526585468213446,-0.850122193961801,0.));
#6112=DIRECTION('center_axis',(0.,0.,1.));
#6113=DIRECTION('ref_axis',(0.859728324250031,-0.510751611335915,0.));
#6114=DIRECTION('center_axis',(0.,0.,-1.));
#6115=DIRECTION('ref_axis',(-0.201106462804822,0.979569390404852,0.));
#6116=DIRECTION('center_axis',(0.,0.,1.));
#6117=DIRECTION('ref_axis',(-0.763514746154142,-0.645790393552874,0.));
#6118=DIRECTION('center_axis',(0.,0.,1.));
#6119=DIRECTION('ref_axis',(0.659819297325662,-0.751424310810257,0.));
#6120=DIRECTION('center_axis',(0.,0.,1.));
#6121=DIRECTION('ref_axis',(1.,0.,0.));
#6122=DIRECTION('center_axis',(0.,0.,1.));
#6123=DIRECTION('ref_axis',(1.,0.,0.));
#6124=DIRECTION('center_axis',(0.,0.,1.));
#6125=DIRECTION('ref_axis',(1.,0.,0.));
#6126=DIRECTION('center_axis',(0.,0.,1.));
#6127=DIRECTION('ref_axis',(-1.,0.,0.));
#6128=DIRECTION('center_axis',(0.,0.,1.));
#6129=DIRECTION('ref_axis',(-1.,0.,0.));
#6130=DIRECTION('center_axis',(0.,0.,1.));
#6131=DIRECTION('ref_axis',(-1.,0.,0.));
#6132=DIRECTION('center_axis',(-1.,-2.85313595912352E-16,0.));
#6133=DIRECTION('ref_axis',(0.,0.,1.));
#6134=DIRECTION('center_axis',(-1.,-2.85313595912352E-16,0.));
#6135=DIRECTION('ref_axis',(-2.85313595912352E-16,1.,-6.12323399573677E-17));
#6136=DIRECTION('center_axis',(0.,0.,-1.));
#6137=DIRECTION('ref_axis',(0.707106781186548,-0.707106781186547,0.));
#6138=DIRECTION('',(0.,0.,1.));
#6139=DIRECTION('center_axis',(0.,0.,-1.));
#6140=DIRECTION('ref_axis',(0.707106781186548,-0.707106781186547,0.));
#6141=DIRECTION('',(0.,0.,-1.));
#6142=DIRECTION('center_axis',(0.,-1.,0.));
#6143=DIRECTION('ref_axis',(1.,0.,0.));
#6144=DIRECTION('',(1.,0.,0.));
#6145=DIRECTION('',(0.,0.,-1.));
#6146=DIRECTION('center_axis',(0.,0.,1.));
#6147=DIRECTION('ref_axis',(1.,0.,0.));
#6148=DIRECTION('center_axis',(0.,0.,-1.));
#6149=DIRECTION('ref_axis',(0.659819297325662,-0.751424310810257,0.));
#6150=DIRECTION('center_axis',(0.,0.,-1.));
#6151=DIRECTION('ref_axis',(-0.763514746154142,-0.645790393552874,0.));
#6152=DIRECTION('center_axis',(0.,0.,1.));
#6153=DIRECTION('ref_axis',(-0.201106462804822,0.979569390404852,0.));
#6154=DIRECTION('center_axis',(0.,0.,-1.));
#6155=DIRECTION('ref_axis',(0.859728324250031,-0.510751611335915,0.));
#6156=DIRECTION('center_axis',(0.,0.,-1.));
#6157=DIRECTION('ref_axis',(-0.526585468213446,-0.850122193961801,0.));
#6158=DIRECTION('center_axis',(0.,0.,1.));
#6159=DIRECTION('ref_axis',(-0.493967200748891,0.869480537208456,0.));
#6160=DIRECTION('center_axis',(0.,0.,-1.));
#6161=DIRECTION('ref_axis',(0.975481152830403,-0.220082985422925,0.));
#6162=DIRECTION('center_axis',(0.,0.,-1.));
#6163=DIRECTION('ref_axis',(-0.238110335691332,-0.971238110885771,0.));
#6164=DIRECTION('center_axis',(0.,0.,1.));
#6165=DIRECTION('ref_axis',(-0.738474987359895,0.674280871035063,0.));
#6166=DIRECTION('center_axis',(0.,0.,-1.));
#6167=DIRECTION('ref_axis',(0.995747089591642,0.0921288964971075,0.));
#6168=DIRECTION('center_axis',(0.,0.,-1.));
#6169=DIRECTION('ref_axis',(0.0736726954819011,-0.997282474497788,0.));
#6170=DIRECTION('center_axis',(0.,0.,1.));
#6171=DIRECTION('ref_axis',(-0.910695696988528,0.41307789518029,0.));
#6172=DIRECTION('center_axis',(0.,0.,-1.));
#6173=DIRECTION('ref_axis',(0.918542363387752,0.395322560274572,0.));
#6174=DIRECTION('center_axis',(0.,0.,-1.));
#6175=DIRECTION('ref_axis',(0.37824412992064,-0.925705881033807,0.));
#6176=DIRECTION('center_axis',(0.,0.,1.));
#6177=DIRECTION('ref_axis',(-0.993771171234024,0.111439935499609,0.));
#6178=DIRECTION('center_axis',(0.,0.,-1.));
#6179=DIRECTION('ref_axis',(0.751424310808558,0.659819297327597,0.));
#6180=DIRECTION('center_axis',(0.,0.,-1.));
#6181=DIRECTION('ref_axis',(0.645790393552874,-0.763514746154142,0.));
#6182=DIRECTION('center_axis',(0.,0.,1.));
#6183=DIRECTION('ref_axis',(-0.979569779038003,-0.201104569802472,0.));
#6184=DIRECTION('center_axis',(0.,0.,1.));
#6185=DIRECTION('ref_axis',(-0.979569390404852,-0.201106462804822,0.));
#6186=DIRECTION('center_axis',(0.,0.,-1.));
#6187=DIRECTION('ref_axis',(0.510751611330579,0.859728324253201,0.));
#6188=DIRECTION('center_axis',(0.,0.,-1.));
#6189=DIRECTION('ref_axis',(0.850122193961801,-0.526585468213446,0.));
#6190=DIRECTION('center_axis',(0.,0.,1.));
#6191=DIRECTION('ref_axis',(-0.869480537208456,-0.493967200748891,0.));
#6192=DIRECTION('center_axis',(0.,0.,-1.));
#6193=DIRECTION('ref_axis',(0.0155448246649129,0.999879171913355,0.));
#6194=DIRECTION('',(-1.30774283341356E-11,-1.,0.));
#6195=DIRECTION('center_axis',(0.,0.,1.));
#6196=DIRECTION('ref_axis',(-1.,0.,0.));
#6197=DIRECTION('center_axis',(0.,0.,-1.));
#6198=DIRECTION('ref_axis',(0.,-1.,0.));
#6199=DIRECTION('center_axis',(0.,0.,1.));
#6200=DIRECTION('ref_axis',(1.94289029309402E-16,1.,0.));
#6201=DIRECTION('',(-1.55431223447522E-15,-1.,0.));
#6202=DIRECTION('',(1.,0.,0.));
#6203=DIRECTION('',(-0.173648177666929,0.984807753012208,0.));
#6204=DIRECTION('',(1.,0.,0.));
#6205=DIRECTION('',(-0.173648177666931,-0.984807753012208,0.));
#6206=DIRECTION('',(1.,0.,0.));
#6207=DIRECTION('',(-0.173648177666929,0.984807753012208,0.));
#6208=DIRECTION('',(1.,0.,0.));
#6209=DIRECTION('',(-0.173648177666931,-0.984807753012208,0.));
#6210=DIRECTION('',(-2.85313595912352E-16,1.,0.));
#6211=DIRECTION('',(0.173648177666924,-0.984807753012209,0.));
#6212=DIRECTION('',(-1.,0.,0.));
#6213=DIRECTION('',(0.173648177666931,0.984807753012208,0.));
#6214=DIRECTION('center_axis',(0.,0.,-1.));
#6215=DIRECTION('ref_axis',(-1.,0.,0.));
#6216=DIRECTION('center_axis',(0.,0.,-1.));
#6217=DIRECTION('ref_axis',(-1.,0.,0.));
#6218=DIRECTION('center_axis',(0.,0.,-1.));
#6219=DIRECTION('ref_axis',(-1.,0.,0.));
#6220=DIRECTION('center_axis',(0.,0.,-1.));
#6221=DIRECTION('ref_axis',(1.,0.,0.));
#6222=DIRECTION('center_axis',(0.,0.,-1.));
#6223=DIRECTION('ref_axis',(1.,0.,0.));
#6224=DIRECTION('center_axis',(0.,0.,-1.));
#6225=DIRECTION('ref_axis',(1.,0.,0.));
#6226=DIRECTION('center_axis',(0.984807753012208,-0.173648177666931,0.));
#6227=DIRECTION('ref_axis',(-0.173648177666931,-0.984807753012208,0.));
#6228=DIRECTION('',(0.,0.,-1.));
#6229=DIRECTION('',(0.,0.,-1.));
#6230=DIRECTION('center_axis',(0.,1.,0.));
#6231=DIRECTION('ref_axis',(1.,0.,0.));
#6232=DIRECTION('',(0.,0.,-1.));
#6233=DIRECTION('center_axis',(-0.984807753012208,-0.173648177666929,0.));
#6234=DIRECTION('ref_axis',(-0.173648177666929,0.984807753012208,0.));
#6235=DIRECTION('',(0.,0.,1.));
#6236=DIRECTION('center_axis',(0.984807753012208,-0.173648177666931,0.));
#6237=DIRECTION('ref_axis',(-0.173648177666931,-0.984807753012208,0.));
#6238=DIRECTION('',(0.,0.,-1.));
#6239=DIRECTION('center_axis',(0.,1.,0.));
#6240=DIRECTION('ref_axis',(1.,0.,0.));
#6241=DIRECTION('',(0.,0.,-1.));
#6242=DIRECTION('center_axis',(-0.984807753012208,-0.173648177666929,0.));
#6243=DIRECTION('ref_axis',(-0.173648177666929,0.984807753012208,0.));
#6244=DIRECTION('',(0.,0.,1.));
#6245=DIRECTION('center_axis',(0.,-1.,0.));
#6246=DIRECTION('ref_axis',(1.,0.,0.));
#6247=DIRECTION('center_axis',(-0.984807753012208,0.173648177666931,0.));
#6248=DIRECTION('ref_axis',(0.173648177666931,0.984807753012208,0.));
#6249=DIRECTION('',(0.,0.,-1.));
#6250=DIRECTION('center_axis',(0.,-1.,0.));
#6251=DIRECTION('ref_axis',(-1.,0.,0.));
#6252=DIRECTION('',(0.,0.,-1.));
#6253=DIRECTION('center_axis',(0.984807753012209,0.173648177666924,0.));
#6254=DIRECTION('ref_axis',(0.173648177666924,-0.984807753012209,0.));
#6255=DIRECTION('center_axis',(0.,0.,-1.));
#6256=DIRECTION('ref_axis',(1.,0.,0.));
#6257=DIRECTION('center_axis',(0.,0.,-1.));
#6258=DIRECTION('ref_axis',(1.,0.,0.));
#6259=DIRECTION('',(0.,0.,-1.));
#6260=DIRECTION('center_axis',(0.,0.,-1.));
#6261=DIRECTION('ref_axis',(1.,0.,0.));
#6262=DIRECTION('center_axis',(0.,0.,-1.));
#6263=DIRECTION('ref_axis',(1.,0.,0.));
#6264=DIRECTION('',(0.,0.,-1.));
#6265=DIRECTION('center_axis',(0.,0.,-1.));
#6266=DIRECTION('ref_axis',(1.,0.,0.));
#6267=DIRECTION('center_axis',(0.,0.,-1.));
#6268=DIRECTION('ref_axis',(1.,0.,0.));
#6269=DIRECTION('',(0.,0.,-1.));
#6270=DIRECTION('center_axis',(0.,0.,1.));
#6271=DIRECTION('ref_axis',(-1.,0.,0.));
#6272=DIRECTION('center_axis',(0.,0.,1.));
#6273=DIRECTION('ref_axis',(-1.,0.,0.));
#6274=DIRECTION('',(0.,0.,1.));
#6275=DIRECTION('center_axis',(0.,0.,1.));
#6276=DIRECTION('ref_axis',(-1.,0.,0.));
#6277=DIRECTION('center_axis',(0.,0.,1.));
#6278=DIRECTION('ref_axis',(-1.,0.,0.));
#6279=DIRECTION('',(0.,0.,1.));
#6280=DIRECTION('center_axis',(0.,0.,1.));
#6281=DIRECTION('ref_axis',(-1.,0.,0.));
#6282=DIRECTION('center_axis',(0.,0.,1.));
#6283=DIRECTION('ref_axis',(-1.,0.,0.));
#6284=DIRECTION('',(0.,0.,1.));
#6285=DIRECTION('center_axis',(0.,0.,1.));
#6286=DIRECTION('ref_axis',(-1.,0.,0.));
#6287=DIRECTION('center_axis',(0.,0.,1.));
#6288=DIRECTION('ref_axis',(-1.,0.,0.));
#6289=DIRECTION('',(0.,0.,1.));
#6290=DIRECTION('center_axis',(0.,0.,-1.));
#6291=DIRECTION('ref_axis',(-1.,0.,0.));
#6292=DIRECTION('center_axis',(0.,0.,1.));
#6293=DIRECTION('ref_axis',(1.,0.,0.));
#6294=DIRECTION('center_axis',(0.,0.,1.));
#6295=DIRECTION('ref_axis',(-1.,0.,0.));
#6296=DIRECTION('center_axis',(0.,0.,1.));
#6297=DIRECTION('ref_axis',(-1.,0.,0.));
#6298=DIRECTION('',(0.928476690885259,-1.13705600757556E-16,0.371390676354104));
#6299=DIRECTION('center_axis',(0.,0.,1.));
#6300=DIRECTION('ref_axis',(-1.,0.,0.));
#6301=DIRECTION('center_axis',(0.,0.,1.));
#6302=DIRECTION('ref_axis',(1.,0.,0.));
#6303=DIRECTION('center_axis',(0.,0.,1.));
#6304=DIRECTION('ref_axis',(-1.,0.,0.));
#6305=DIRECTION('center_axis',(0.,0.,1.));
#6306=DIRECTION('ref_axis',(-1.,0.,0.));
#6307=DIRECTION('',(0.928476690885259,-1.13705600757556E-16,0.371390676354104));
#6308=DIRECTION('center_axis',(0.,0.,1.));
#6309=DIRECTION('ref_axis',(-1.,0.,0.));
#6310=DIRECTION('center_axis',(0.,0.,1.));
#6311=DIRECTION('ref_axis',(1.,0.,0.));
#6312=DIRECTION('center_axis',(0.,0.,1.));
#6313=DIRECTION('ref_axis',(-1.,0.,0.));
#6314=DIRECTION('center_axis',(5.72413303311615E-5,-0.000238518087747503,
0.999999969916275));
#6315=DIRECTION('ref_axis',(-0.233361341675083,0.972390057561346,0.000245290538098816));
#6316=DIRECTION('',(0.216691818681154,-0.902930059144047,0.371162988471079));
#6317=DIRECTION('center_axis',(0.,0.,1.));
#6318=DIRECTION('ref_axis',(-0.233361349732809,0.972390086565511,0.));
#6319=DIRECTION('center_axis',(0.,0.,-1.));
#6320=DIRECTION('ref_axis',(-1.,0.,0.));
#6321=DIRECTION('center_axis',(0.,0.,-1.));
#6322=DIRECTION('ref_axis',(1.,0.,0.));
#6323=DIRECTION('center_axis',(0.,0.,-1.));
#6324=DIRECTION('ref_axis',(1.,0.,0.));
#6325=DIRECTION('',(-0.928476690885259,-1.13705600757556E-16,-0.371390676354104));
#6326=DIRECTION('center_axis',(0.,0.,-1.));
#6327=DIRECTION('ref_axis',(1.,0.,0.));
#6328=DIRECTION('center_axis',(0.,0.,-1.));
#6329=DIRECTION('ref_axis',(-1.,0.,0.));
#6330=DIRECTION('center_axis',(0.,0.,-1.));
#6331=DIRECTION('ref_axis',(1.,0.,0.));
#6332=DIRECTION('center_axis',(0.,0.,-1.));
#6333=DIRECTION('ref_axis',(1.,0.,0.));
#6334=DIRECTION('',(-0.928476690885259,-1.13705600757556E-16,-0.371390676354104));
#6335=DIRECTION('center_axis',(0.,0.,-1.));
#6336=DIRECTION('ref_axis',(1.,0.,0.));
#6337=DIRECTION('center_axis',(0.,0.,-1.));
#6338=DIRECTION('ref_axis',(-1.,0.,0.));
#6339=DIRECTION('center_axis',(0.,0.,-1.));
#6340=DIRECTION('ref_axis',(1.,0.,0.));
#6341=DIRECTION('center_axis',(0.,0.,-1.));
#6342=DIRECTION('ref_axis',(1.,0.,0.));
#6343=DIRECTION('',(-0.928476690885259,-1.13705600757556E-16,-0.371390676354104));
#6344=DIRECTION('center_axis',(0.,0.,-1.));
#6345=DIRECTION('ref_axis',(1.,0.,0.));
#6346=DIRECTION('center_axis',(0.,0.,1.));
#6347=DIRECTION('ref_axis',(-1.,0.,0.));
#6348=DIRECTION('',(0.,0.,1.));
#6349=DIRECTION('center_axis',(0.,0.,1.));
#6350=DIRECTION('ref_axis',(-1.,0.,0.));
#6351=DIRECTION('center_axis',(0.,0.,-1.));
#6352=DIRECTION('ref_axis',(-1.,0.,0.));
#6353=DIRECTION('center_axis',(0.,0.,1.));
#6354=DIRECTION('ref_axis',(-1.,0.,0.));
#6355=DIRECTION('',(0.,0.,1.));
#6356=DIRECTION('center_axis',(0.,0.,1.));
#6357=DIRECTION('ref_axis',(-1.,0.,0.));
#6358=DIRECTION('center_axis',(0.,0.,-1.));
#6359=DIRECTION('ref_axis',(-1.,0.,0.));
#6360=DIRECTION('center_axis',(0.,0.,1.));
#6361=DIRECTION('ref_axis',(-1.,0.,0.));
#6362=DIRECTION('',(0.,0.,1.));
#6363=DIRECTION('center_axis',(0.,0.,1.));
#6364=DIRECTION('ref_axis',(-1.,0.,0.));
#6365=DIRECTION('center_axis',(0.,0.,-1.));
#6366=DIRECTION('ref_axis',(-1.,0.,0.));
#6367=DIRECTION('center_axis',(0.,0.,-1.));
#6368=DIRECTION('ref_axis',(1.,0.,0.));
#6369=DIRECTION('',(0.,0.,-1.));
#6370=DIRECTION('center_axis',(0.,0.,-1.));
#6371=DIRECTION('ref_axis',(1.,0.,0.));
#6372=DIRECTION('center_axis',(0.,0.,1.));
#6373=DIRECTION('ref_axis',(1.,0.,0.));
#6374=DIRECTION('center_axis',(0.,0.,-1.));
#6375=DIRECTION('ref_axis',(1.,0.,0.));
#6376=DIRECTION('',(0.,0.,-1.));
#6377=DIRECTION('center_axis',(0.,0.,-1.));
#6378=DIRECTION('ref_axis',(1.,0.,0.));
#6379=DIRECTION('center_axis',(0.,0.,1.));
#6380=DIRECTION('ref_axis',(1.,0.,0.));
#6381=DIRECTION('center_axis',(0.,0.,-1.));
#6382=DIRECTION('ref_axis',(1.,0.,0.));
#6383=DIRECTION('',(0.,0.,-1.));
#6384=DIRECTION('center_axis',(0.,0.,-1.));
#6385=DIRECTION('ref_axis',(1.,0.,0.));
#6386=DIRECTION('center_axis',(0.,0.,1.));
#6387=DIRECTION('ref_axis',(1.,0.,0.));
#6388=DIRECTION('center_axis',(0.,0.,1.));
#6389=DIRECTION('ref_axis',(1.,0.,0.));
#6390=DIRECTION('center_axis',(0.,0.,-1.));
#6391=DIRECTION('ref_axis',(-0.979569779038003,-0.201104569802472,0.));
#6392=DIRECTION('',(-1.,-2.45794161075142E-11,0.));
#6393=DIRECTION('center_axis',(0.,0.,-1.));
#6394=DIRECTION('ref_axis',(-3.5527136788005E-14,-1.,0.));
#6395=DIRECTION('',(0.500000000021287,-0.866025403772148,0.));
#6396=DIRECTION('center_axis',(0.,0.,1.));
#6397=DIRECTION('ref_axis',(0.859728324250031,-0.510751611335915,0.));
#6398=DIRECTION('center_axis',(0.,0.,1.));
#6399=DIRECTION('ref_axis',(-0.526585468213446,-0.850122193961801,0.));
#6400=DIRECTION('center_axis',(0.,0.,-1.));
#6401=DIRECTION('ref_axis',(-0.493967200748891,0.869480537208456,0.));
#6402=DIRECTION('center_axis',(0.,0.,1.));
#6403=DIRECTION('ref_axis',(0.975481152830403,-0.220082985422925,0.));
#6404=DIRECTION('center_axis',(0.,0.,1.));
#6405=DIRECTION('ref_axis',(-0.238110335691332,-0.971238110885771,0.));
#6406=DIRECTION('center_axis',(0.,0.,-1.));
#6407=DIRECTION('ref_axis',(-0.738474987359895,0.674280871035063,0.));
#6408=DIRECTION('center_axis',(0.,0.,1.));
#6409=DIRECTION('ref_axis',(0.995747089591642,0.0921288964971075,0.));
#6410=DIRECTION('center_axis',(0.,0.,1.));
#6411=DIRECTION('ref_axis',(0.0736726954819011,-0.997282474497788,0.));
#6412=DIRECTION('center_axis',(0.,0.,-1.));
#6413=DIRECTION('ref_axis',(-0.910695696988528,0.41307789518029,0.));
#6414=DIRECTION('center_axis',(0.,0.,1.));
#6415=DIRECTION('ref_axis',(0.918542363387752,0.395322560274572,0.));
#6416=DIRECTION('center_axis',(0.,0.,1.));
#6417=DIRECTION('ref_axis',(0.37824412992064,-0.925705881033807,0.));
#6418=DIRECTION('center_axis',(0.,0.,-1.));
#6419=DIRECTION('ref_axis',(-0.993771171234024,0.111439935499609,0.));
#6420=DIRECTION('center_axis',(0.,0.,1.));
#6421=DIRECTION('ref_axis',(0.751424310808558,0.659819297327597,0.));
#6422=DIRECTION('center_axis',(0.,0.,1.));
#6423=DIRECTION('ref_axis',(0.645790393552874,-0.763514746154142,0.));
#6424=DIRECTION('center_axis',(0.866025403772149,0.500000000021287,0.));
#6425=DIRECTION('ref_axis',(-0.500000000021287,0.866025403772148,0.));
#6426=DIRECTION('',(0.,0.,1.));
#6427=DIRECTION('',(0.,0.,1.));
#6428=DIRECTION('',(-0.500000000021287,0.866025403772148,0.));
#6429=DIRECTION('center_axis',(0.,0.,1.));
#6430=DIRECTION('ref_axis',(-3.5527136788005E-14,-1.,0.));
#6431=DIRECTION('',(0.,0.,1.));
#6432=DIRECTION('center_axis',(0.,0.,1.));
#6433=DIRECTION('ref_axis',(-3.5527136788005E-14,-1.,0.));
#6434=DIRECTION('center_axis',(2.45794161075142E-11,-1.,0.));
#6435=DIRECTION('ref_axis',(1.,2.45794161075142E-11,0.));
#6436=DIRECTION('',(0.,0.,1.));
#6437=DIRECTION('',(1.,2.45794161075142E-11,0.));
#6438=DIRECTION('center_axis',(0.,0.,1.));
#6439=DIRECTION('ref_axis',(1.,0.,0.));
#6440=DIRECTION('center_axis',(0.,0.,-1.));
#6441=DIRECTION('ref_axis',(0.645790393552874,-0.763514746154142,0.));
#6442=DIRECTION('center_axis',(0.,0.,-1.));
#6443=DIRECTION('ref_axis',(0.751424310808558,0.659819297327597,0.));
#6444=DIRECTION('center_axis',(0.,0.,1.));
#6445=DIRECTION('ref_axis',(-0.993771171234024,0.111439935499609,0.));
#6446=DIRECTION('center_axis',(0.,0.,-1.));
#6447=DIRECTION('ref_axis',(0.37824412992064,-0.925705881033807,0.));
#6448=DIRECTION('center_axis',(0.,0.,-1.));
#6449=DIRECTION('ref_axis',(0.918542363387752,0.395322560274572,0.));
#6450=DIRECTION('center_axis',(0.,0.,1.));
#6451=DIRECTION('ref_axis',(-0.910695696988528,0.41307789518029,0.));
#6452=DIRECTION('center_axis',(0.,0.,-1.));
#6453=DIRECTION('ref_axis',(0.0736726954819011,-0.997282474497788,0.));
#6454=DIRECTION('center_axis',(0.,0.,-1.));
#6455=DIRECTION('ref_axis',(0.995747089591642,0.0921288964971075,0.));
#6456=DIRECTION('center_axis',(0.,0.,1.));
#6457=DIRECTION('ref_axis',(-0.738474987359895,0.674280871035063,0.));
#6458=DIRECTION('center_axis',(0.,0.,-1.));
#6459=DIRECTION('ref_axis',(-0.238110335691332,-0.971238110885771,0.));
#6460=DIRECTION('center_axis',(0.,0.,-1.));
#6461=DIRECTION('ref_axis',(0.975481152830403,-0.220082985422925,0.));
#6462=DIRECTION('center_axis',(0.,0.,1.));
#6463=DIRECTION('ref_axis',(-0.493967200748891,0.869480537208456,0.));
#6464=DIRECTION('center_axis',(0.,0.,-1.));
#6465=DIRECTION('ref_axis',(-0.526585468213446,-0.850122193961801,0.));
#6466=DIRECTION('center_axis',(0.,0.,-1.));
#6467=DIRECTION('ref_axis',(0.859728324250031,-0.510751611335915,0.));
#6468=DIRECTION('center_axis',(0.,0.,1.));
#6469=DIRECTION('ref_axis',(-0.979569779038003,-0.201104569802472,0.));
#6470=DIRECTION('center_axis',(0.,0.,1.));
#6471=DIRECTION('ref_axis',(-0.526585468213446,-0.850122193961801,0.));
#6472=DIRECTION('',(0.,0.,1.));
#6473=DIRECTION('',(0.,0.,1.));
#6474=DIRECTION('center_axis',(0.,0.,1.));
#6475=DIRECTION('ref_axis',(-0.526585468213446,-0.850122193961801,0.));
#6476=DIRECTION('',(0.,0.,1.));
#6477=DIRECTION('',(0.,0.,1.));
#6478=DIRECTION('',(0.,0.,1.));
#6479=DIRECTION('',(0.,0.,1.));
#6480=DIRECTION('center_axis',(0.,0.,1.));
#6481=DIRECTION('ref_axis',(-0.493967200748891,0.869480537208456,0.));
#6482=DIRECTION('',(0.,0.,1.));
#6483=DIRECTION('center_axis',(0.,0.,1.));
#6484=DIRECTION('ref_axis',(-0.493967200748891,0.869480537208456,0.));
#6485=DIRECTION('',(0.,0.,1.));
#6486=DIRECTION('',(0.,0.,1.));
#6487=DIRECTION('',(0.,0.,1.));
#6488=DIRECTION('center_axis',(0.,0.,1.));
#6489=DIRECTION('ref_axis',(0.975481152830403,-0.220082985422925,0.));
#6490=DIRECTION('',(0.,0.,1.));
#6491=DIRECTION('center_axis',(0.,0.,1.));
#6492=DIRECTION('ref_axis',(0.975481152830403,-0.220082985422925,0.));
#6493=DIRECTION('',(0.,0.,1.));
#6494=DIRECTION('center_axis',(0.,0.,1.));
#6495=DIRECTION('ref_axis',(-0.238110335691332,-0.971238110885771,0.));
#6496=DIRECTION('',(0.,0.,1.));
#6497=DIRECTION('center_axis',(0.,0.,1.));
#6498=DIRECTION('ref_axis',(-0.238110335691332,-0.971238110885771,0.));
#6499=DIRECTION('',(0.,0.,1.));
#6500=DIRECTION('',(0.,0.,1.));
#6501=DIRECTION('',(0.,0.,1.));
#6502=DIRECTION('center_axis',(0.,0.,1.));
#6503=DIRECTION('ref_axis',(-0.738474987359895,0.674280871035063,0.));
#6504=DIRECTION('',(0.,0.,1.));
#6505=DIRECTION('center_axis',(0.,0.,1.));
#6506=DIRECTION('ref_axis',(-0.738474987359895,0.674280871035063,0.));
#6507=DIRECTION('',(0.,0.,1.));
#6508=DIRECTION('',(0.,0.,1.));
#6509=DIRECTION('',(0.,0.,1.));
#6510=DIRECTION('center_axis',(0.,0.,1.));
#6511=DIRECTION('ref_axis',(0.995747089591642,0.0921288964971075,0.));
#6512=DIRECTION('',(0.,0.,1.));
#6513=DIRECTION('center_axis',(0.,0.,1.));
#6514=DIRECTION('ref_axis',(0.995747089591642,0.0921288964971075,0.));
#6515=DIRECTION('',(0.,0.,1.));
#6516=DIRECTION('center_axis',(0.,0.,1.));
#6517=DIRECTION('ref_axis',(0.0736726954819011,-0.997282474497788,0.));
#6518=DIRECTION('',(0.,0.,1.));
#6519=DIRECTION('center_axis',(0.,0.,1.));
#6520=DIRECTION('ref_axis',(0.0736726954819011,-0.997282474497788,0.));
#6521=DIRECTION('',(0.,0.,1.));
#6522=DIRECTION('',(0.,0.,1.));
#6523=DIRECTION('',(0.,0.,1.));
#6524=DIRECTION('center_axis',(0.,0.,1.));
#6525=DIRECTION('ref_axis',(-0.910695696988528,0.41307789518029,0.));
#6526=DIRECTION('',(0.,0.,1.));
#6527=DIRECTION('center_axis',(0.,0.,1.));
#6528=DIRECTION('ref_axis',(-0.910695696988528,0.41307789518029,0.));
#6529=DIRECTION('',(0.,0.,1.));
#6530=DIRECTION('',(0.,0.,1.));
#6531=DIRECTION('',(0.,0.,1.));
#6532=DIRECTION('center_axis',(0.,0.,1.));
#6533=DIRECTION('ref_axis',(0.918542363387752,0.395322560274572,0.));
#6534=DIRECTION('',(0.,0.,1.));
#6535=DIRECTION('center_axis',(0.,0.,1.));
#6536=DIRECTION('ref_axis',(0.918542363387752,0.395322560274572,0.));
#6537=DIRECTION('',(0.,0.,1.));
#6538=DIRECTION('center_axis',(0.,0.,1.));
#6539=DIRECTION('ref_axis',(0.37824412992064,-0.925705881033807,0.));
#6540=DIRECTION('',(0.,0.,1.));
#6541=DIRECTION('center_axis',(0.,0.,1.));
#6542=DIRECTION('ref_axis',(0.37824412992064,-0.925705881033807,0.));
#6543=DIRECTION('',(0.,0.,1.));
#6544=DIRECTION('',(0.,0.,1.));
#6545=DIRECTION('',(0.,0.,1.));
#6546=DIRECTION('center_axis',(0.,0.,1.));
#6547=DIRECTION('ref_axis',(-0.993771171234024,0.111439935499609,0.));
#6548=DIRECTION('',(0.,0.,1.));
#6549=DIRECTION('center_axis',(0.,0.,1.));
#6550=DIRECTION('ref_axis',(-0.993771171234024,0.111439935499609,0.));
#6551=DIRECTION('',(0.,0.,1.));
#6552=DIRECTION('',(0.,0.,1.));
#6553=DIRECTION('',(0.,0.,1.));
#6554=DIRECTION('center_axis',(0.,0.,1.));
#6555=DIRECTION('ref_axis',(0.751424310808558,0.659819297327597,0.));
#6556=DIRECTION('',(0.,0.,1.));
#6557=DIRECTION('center_axis',(0.,0.,1.));
#6558=DIRECTION('ref_axis',(0.751424310808558,0.659819297327597,0.));
#6559=DIRECTION('',(0.,0.,1.));
#6560=DIRECTION('center_axis',(0.,0.,1.));
#6561=DIRECTION('ref_axis',(0.645790393552874,-0.763514746154142,0.));
#6562=DIRECTION('',(0.,0.,1.));
#6563=DIRECTION('center_axis',(0.,0.,1.));
#6564=DIRECTION('ref_axis',(0.645790393552874,-0.763514746154142,0.));
#6565=DIRECTION('',(0.,0.,1.));
#6566=DIRECTION('',(0.,0.,1.));
#6567=DIRECTION('',(0.,0.,1.));
#6568=DIRECTION('center_axis',(0.,0.,1.));
#6569=DIRECTION('ref_axis',(-0.979569779038003,-0.201104569802472,0.));
#6570=DIRECTION('',(0.,0.,1.));
#6571=DIRECTION('center_axis',(0.,0.,1.));
#6572=DIRECTION('ref_axis',(-0.979569779038003,-0.201104569802472,0.));
#6573=DIRECTION('',(0.,0.,1.));
#6574=DIRECTION('center_axis',(0.,-1.,0.));
#6575=DIRECTION('ref_axis',(1.,0.,0.));
#6576=DIRECTION('',(0.,0.,1.));
#6577=DIRECTION('center_axis',(-1.,1.55431223447522E-15,0.));
#6578=DIRECTION('ref_axis',(-1.55431223447522E-15,-1.,0.));
#6579=DIRECTION('',(0.,0.,1.));
#6580=DIRECTION('center_axis',(0.,0.,1.));
#6581=DIRECTION('ref_axis',(1.94289029309402E-16,1.,0.));
#6582=DIRECTION('',(0.,0.,1.));
#6583=DIRECTION('center_axis',(0.,0.,1.));
#6584=DIRECTION('ref_axis',(0.,-1.,0.));
#6585=DIRECTION('',(0.,0.,1.));
#6586=DIRECTION('center_axis',(0.,0.,1.));
#6587=DIRECTION('ref_axis',(-1.,0.,0.));
#6588=DIRECTION('',(0.,0.,1.));
#6589=DIRECTION('center_axis',(-1.,1.30774283341356E-11,0.));
#6590=DIRECTION('ref_axis',(-1.30774283341356E-11,-1.,0.));
#6591=DIRECTION('',(0.,0.,1.));
#6592=DIRECTION('center_axis',(0.,0.,1.));
#6593=DIRECTION('ref_axis',(0.0155448246649129,0.999879171913355,0.));
#6594=DIRECTION('',(0.,0.,1.));
#6595=DIRECTION('',(0.,0.,1.));
#6596=DIRECTION('center_axis',(0.,0.,1.));
#6597=DIRECTION('ref_axis',(-0.869480537208456,-0.493967200748891,0.));
#6598=DIRECTION('',(0.,0.,1.));
#6599=DIRECTION('',(0.,0.,1.));
#6600=DIRECTION('center_axis',(0.,0.,1.));
#6601=DIRECTION('ref_axis',(0.850122193961801,-0.526585468213446,0.));
#6602=DIRECTION('',(0.,0.,1.));
#6603=DIRECTION('center_axis',(0.,0.,1.));
#6604=DIRECTION('ref_axis',(0.510751611330579,0.859728324253201,0.));
#6605=DIRECTION('',(0.,0.,1.));
#6606=DIRECTION('',(0.,0.,1.));
#6607=DIRECTION('center_axis',(0.,0.,1.));
#6608=DIRECTION('ref_axis',(-0.979569390404852,-0.201106462804822,0.));
#6609=DIRECTION('center_axis',(0.,0.,1.));
#6610=DIRECTION('ref_axis',(0.859728324250031,-0.510751611335915,0.));
#6611=DIRECTION('',(0.,0.,1.));
#6612=DIRECTION('',(0.,0.,1.));
#6613=DIRECTION('center_axis',(0.,0.,1.));
#6614=DIRECTION('ref_axis',(-0.201106462804822,0.979569390404852,0.));
#6615=DIRECTION('',(0.,0.,1.));
#6616=DIRECTION('',(0.,0.,1.));
#6617=DIRECTION('center_axis',(0.,0.,1.));
#6618=DIRECTION('ref_axis',(-0.763514746154142,-0.645790393552874,0.));
#6619=DIRECTION('',(0.,0.,1.));
#6620=DIRECTION('center_axis',(0.,0.,1.));
#6621=DIRECTION('ref_axis',(0.659819297325662,-0.751424310810257,0.));
#6622=DIRECTION('',(0.,0.,1.));
#6623=DIRECTION('center_axis',(1.,2.85313595912352E-16,0.));
#6624=DIRECTION('ref_axis',(-2.85313595912352E-16,1.,0.));
#6625=DIRECTION('axis',(0.,0.,1.));
#6626=DIRECTION('refdir',(1.,0.,0.));
#6627=DIRECTION('center_axis',(1.,0.,0.));
#6628=DIRECTION('ref_axis',(0.,0.,-1.));
#6629=DIRECTION('center_axis',(1.,0.,0.));
#6630=DIRECTION('ref_axis',(0.,0.840613112657967,0.541636035384911));
#6631=DIRECTION('center_axis',(0.,0.632608554506922,-0.774471701719735));
#6632=DIRECTION('ref_axis',(-1.,0.,0.));
#6633=DIRECTION('center_axis',(-1.,0.,0.));
#6634=DIRECTION('ref_axis',(0.,0.840613112657967,0.541636035384911));
#6635=DIRECTION('center_axis',(0.296239917731951,0.649309656535137,-0.700456194970385));
#6636=DIRECTION('ref_axis',(-0.909785406710134,0.415078924708635,-2.22044604925031E-15));
#6637=DIRECTION('center_axis',(1.,-3.10862446895044E-13,1.79192561813796E-13));
#6638=DIRECTION('ref_axis',(3.10862446895044E-13,1.,0.));
#6639=DIRECTION('center_axis',(-1.,3.11635633147731E-13,-1.79638254842185E-13));
#6640=DIRECTION('ref_axis',(1.79512043450562E-13,0.865854014359365,0.500296737764472));
#6641=DIRECTION('center_axis',(1.,-3.10862446895044E-13,1.7919256181332E-13));
#6642=DIRECTION('ref_axis',(3.10862446895044E-13,1.,0.));
#6643=DIRECTION('',(1.,0.,0.));
#6644=DIRECTION('',(-1.,3.11635633147731E-13,-1.79638254842185E-13));
#6645=DIRECTION('center_axis',(0.375742064544204,0.926724285282338,0.));
#6646=DIRECTION('ref_axis',(-0.926724285282338,0.375742064544204,0.));
#6647=DIRECTION('center_axis',(0.,0.,1.));
#6648=DIRECTION('ref_axis',(1.,0.,0.));
#6649=DIRECTION('center_axis',(0.,1.,0.));
#6650=DIRECTION('ref_axis',(-1.,0.,0.));
#6651=DIRECTION('center_axis',(0.,0.,-1.));
#6652=DIRECTION('ref_axis',(-0.988370452711553,0.152065276137452,0.));
#6653=DIRECTION('center_axis',(0.,0.,1.));
#6654=DIRECTION('ref_axis',(-0.988370452711553,0.152065276137452,0.));
#6655=DIRECTION('center_axis',(-4.91400389720597E-17,-1.,0.));
#6656=DIRECTION('ref_axis',(-0.707106781186548,0.,0.707106781186548));
#6657=DIRECTION('center_axis',(0.,1.,0.));
#6658=DIRECTION('ref_axis',(-1.,0.,0.));
#6659=DIRECTION('',(4.91400389720597E-17,1.,0.));
#6660=DIRECTION('',(-4.91400389720597E-17,-1.,0.));
#6661=DIRECTION('center_axis',(1.,-4.91400389720597E-17,0.));
#6662=DIRECTION('ref_axis',(0.,0.,-1.));
#6663=DIRECTION('center_axis',(0.,0.,1.));
#6664=DIRECTION('ref_axis',(-1.,0.,0.));
#6665=DIRECTION('center_axis',(-1.,4.91400389720597E-17,0.));
#6666=DIRECTION('ref_axis',(-4.62592926927149E-17,-0.707106781186548,0.707106781186548));
#6667=DIRECTION('center_axis',(1.,-4.91400389720597E-17,0.));
#6668=DIRECTION('ref_axis',(-3.47472547849147E-17,-0.707106781186548,0.707106781186548));
#6669=DIRECTION('center_axis',(0.,0.,-1.));
#6670=DIRECTION('ref_axis',(-0.707106781186547,-0.707106781186548,0.));
#6671=DIRECTION('center_axis',(0.,0.,1.));
#6672=DIRECTION('ref_axis',(-0.707106781186547,-0.707106781186548,0.));
#6673=DIRECTION('',(0.,0.,1.));
#6674=DIRECTION('',(0.,0.,-1.));
#6675=DIRECTION('center_axis',(0.,0.,-1.));
#6676=DIRECTION('ref_axis',(-1.,0.,0.));
#6677=DIRECTION('',(0.,1.,0.));
#6678=DIRECTION('',(1.,0.,0.));
#6679=DIRECTION('',(-0.17364817766693,0.984807753012208,0.));
#6680=DIRECTION('',(-1.,0.,0.));
#6681=DIRECTION('center_axis',(-1.,4.91400389720597E-17,0.));
#6682=DIRECTION('ref_axis',(-4.91400389720597E-17,-1.,0.));
#6683=DIRECTION('',(0.,0.,1.));
#6684=DIRECTION('',(4.91400389720597E-17,1.,0.));
#6685=DIRECTION('center_axis',(-1.,4.91400389720597E-17,0.));
#6686=DIRECTION('ref_axis',(0.,-0.707106781186548,0.707106781186548));
#6687=DIRECTION('',(0.,0.,-1.));
#6688=DIRECTION('center_axis',(0.,0.,1.));
#6689=DIRECTION('ref_axis',(0.,1.,0.));
#6690=DIRECTION('',(0.,0.,1.));
#6691=DIRECTION('center_axis',(0.,0.,1.));
#6692=DIRECTION('ref_axis',(0.,1.,0.));
#6693=DIRECTION('center_axis',(3.11635633147731E-13,1.,0.));
#6694=DIRECTION('ref_axis',(-1.,3.11635633147731E-13,0.));
#6695=DIRECTION('',(0.,0.,1.));
#6696=DIRECTION('',(1.,-3.11635633147731E-13,0.));
#6697=DIRECTION('center_axis',(0.,0.,-1.));
#6698=DIRECTION('ref_axis',(0.707106781186439,-0.707106781186656,0.));
#6699=DIRECTION('',(0.,0.,-1.));
#6700=DIRECTION('center_axis',(0.,0.,-1.));
#6701=DIRECTION('ref_axis',(0.707106781186439,-0.707106781186656,0.));
#6702=DIRECTION('center_axis',(1.,0.,0.));
#6703=DIRECTION('ref_axis',(0.,0.,-1.));
#6704=DIRECTION('',(0.,1.,0.));
#6705=DIRECTION('center_axis',(-1.,0.,0.));
#6706=DIRECTION('ref_axis',(0.,0.804397985444858,0.594090801992636));
#6707=DIRECTION('',(0.,-1.,0.));
#6708=DIRECTION('center_axis',(0.,0.,1.));
#6709=DIRECTION('ref_axis',(0.707106781186548,-0.707106781186547,0.));
#6710=DIRECTION('center_axis',(0.,0.,1.));
#6711=DIRECTION('ref_axis',(0.707106781186548,-0.707106781186547,0.));
#6712=DIRECTION('',(0.,0.,1.));
#6713=DIRECTION('center_axis',(0.,0.,-1.));
#6714=DIRECTION('ref_axis',(1.,0.,0.));
#6715=DIRECTION('',(0.,0.,-1.));
#6716=DIRECTION('center_axis',(0.,1.,0.));
#6717=DIRECTION('ref_axis',(0.707106781186548,0.,0.707106781186547));
#6718=DIRECTION('center_axis',(0.,1.,0.));
#6719=DIRECTION('ref_axis',(0.,0.,1.));
#6720=DIRECTION('',(0.,1.,0.));
#6721=DIRECTION('center_axis',(0.,-1.,0.));
#6722=DIRECTION('ref_axis',(1.,0.,0.));
#6723=DIRECTION('',(0.,-1.,0.));
#6724=DIRECTION('center_axis',(1.,0.,0.));
#6725=DIRECTION('ref_axis',(0.,0.,-1.));
#6726=DIRECTION('center_axis',(1.,0.,0.));
#6727=DIRECTION('ref_axis',(0.,0.838783063986923,0.544465767122882));
#6728=DIRECTION('center_axis',(0.,0.679824561403509,-0.733374778481321));
#6729=DIRECTION('ref_axis',(0.,0.733374778481321,0.679824561403509));
#6730=DIRECTION('center_axis',(-1.,0.,0.));
#6731=DIRECTION('ref_axis',(0.,0.838783063986923,0.544465767122882));
#6732=DIRECTION('center_axis',(0.179665886020607,-0.93628660282701,0.301807168183738));
#6733=DIRECTION('ref_axis',(0.478932414381478,0.351236953304541,0.80452243293029));
#6734=DIRECTION('center_axis',(1.,0.,0.));
#6735=DIRECTION('ref_axis',(0.,0.400109634098263,0.91646728294127));
#6736=DIRECTION('center_axis',(-0.408248290463863,-0.816496580927726,-0.408248290463863));
#6737=DIRECTION('ref_axis',(0.577350269189626,-0.577350269189626,0.577350269189626));
#6738=DIRECTION('center_axis',(1.,0.,0.));
#6739=DIRECTION('ref_axis',(0.,-0.707106781186548,0.707106781186547));
#6740=DIRECTION('center_axis',(0.,-1.,0.));
#6741=DIRECTION('ref_axis',(1.,0.,0.));
#6742=DIRECTION('',(0.,0.,-1.));
#6743=DIRECTION('',(-1.,0.,0.));
#6744=DIRECTION('',(0.,0.,-1.));
#6745=DIRECTION('',(-1.,0.,0.));
#6746=DIRECTION('',(0.,0.,-1.));
#6747=DIRECTION('',(-1.,0.,0.));
#6748=DIRECTION('',(0.,0.,-1.));
#6749=DIRECTION('',(-1.,0.,0.));
#6750=DIRECTION('',(1.,0.,0.));
#6751=DIRECTION('center_axis',(1.,0.,0.));
#6752=DIRECTION('ref_axis',(0.,-0.707106781186548,0.707106781186548));
#6753=DIRECTION('',(-1.,0.,0.));
#6754=DIRECTION('',(-1.,0.,0.));
#6755=DIRECTION('',(-1.,0.,0.));
#6756=DIRECTION('center_axis',(0.,0.,1.));
#6757=DIRECTION('ref_axis',(1.,0.,0.));
#6758=DIRECTION('center_axis',(0.,0.,-1.));
#6759=DIRECTION('ref_axis',(-1.,0.,0.));
#6760=DIRECTION('center_axis',(0.,0.,-1.));
#6761=DIRECTION('ref_axis',(-1.,0.,0.));
#6762=DIRECTION('center_axis',(0.,0.,-1.));
#6763=DIRECTION('ref_axis',(-1.,0.,0.));
#6764=DIRECTION('center_axis',(0.,0.,-1.));
#6765=DIRECTION('ref_axis',(-1.,0.,0.));
#6766=DIRECTION('',(1.,0.,0.));
#6767=DIRECTION('center_axis',(0.,0.,-1.));
#6768=DIRECTION('ref_axis',(-1.,0.,0.));
#6769=DIRECTION('center_axis',(-1.,0.,0.));
#6770=DIRECTION('ref_axis',(0.,0.400109634098263,0.91646728294127));
#6771=DIRECTION('',(-1.,0.,0.));
#6772=DIRECTION('center_axis',(1.,0.,0.));
#6773=DIRECTION('ref_axis',(0.,0.,-1.));
#6774=DIRECTION('',(1.,0.,0.));
#6775=DIRECTION('center_axis',(1.,0.,0.));
#6776=DIRECTION('ref_axis',(0.,0.,-1.));
#6777=DIRECTION('center_axis',(1.,0.,0.));
#6778=DIRECTION('ref_axis',(0.,0.804397985444858,0.594090801992636));
#6779=DIRECTION('center_axis',(-2.28587065021826E-15,0.649122807017542,
-0.760683627672942));
#6780=DIRECTION('ref_axis',(0.,-0.760683627672942,-0.649122807017542));
#6781=DIRECTION('center_axis',(1.,0.,0.));
#6782=DIRECTION('ref_axis',(0.,0.,-1.));
#6783=DIRECTION('center_axis',(1.,0.,0.));
#6784=DIRECTION('ref_axis',(0.,0.724866952457782,0.688888888888889));
#6785=DIRECTION('center_axis',(0.,0.688888888888889,-0.724866952457781));
#6786=DIRECTION('ref_axis',(0.,-0.724866952457782,-0.688888888888889));
#6787=DIRECTION('center_axis',(-1.,0.,0.));
#6788=DIRECTION('ref_axis',(0.,0.,1.));
#6789=DIRECTION('center_axis',(1.,0.,0.));
#6790=DIRECTION('ref_axis',(0.,0.394405318873308,0.918936583472681));
#6791=DIRECTION('center_axis',(1.,0.,0.));
#6792=DIRECTION('ref_axis',(0.,0.394405318873306,0.918936583472682));
#6793=DIRECTION('',(1.,0.,0.));
#6794=DIRECTION('',(-1.,0.,0.));
#6795=DIRECTION('',(-1.,0.,0.));
#6796=DIRECTION('center_axis',(1.,0.,0.));
#6797=DIRECTION('ref_axis',(0.,0.,-1.));
#6798=DIRECTION('',(1.,0.,0.));
#6799=DIRECTION('center_axis',(-1.,0.,0.));
#6800=DIRECTION('ref_axis',(0.,0.788745645421625,0.614719697771614));
#6801=DIRECTION('center_axis',(1.,0.,0.));
#6802=DIRECTION('ref_axis',(0.,0.,-1.));
#6803=DIRECTION('center_axis',(1.,0.,0.));
#6804=DIRECTION('ref_axis',(0.,0.788745645421625,0.614719697771614));
#6805=DIRECTION('center_axis',(1.,0.,0.));
#6806=DIRECTION('ref_axis',(0.,1.,0.));
#6807=DIRECTION('',(0.,-1.,0.));
#6808=DIRECTION('center_axis',(-1.,0.,0.));
#6809=DIRECTION('ref_axis',(0.,-0.707106781186548,0.707106781186548));
#6810=DIRECTION('',(1.,0.,0.));
#6811=DIRECTION('center_axis',(-1.,0.,0.));
#6812=DIRECTION('ref_axis',(0.,-0.707106781186548,0.707106781186548));
#6813=DIRECTION('',(-1.,0.,0.));
#6814=DIRECTION('',(1.,0.,0.));
#6815=DIRECTION('',(1.,0.,0.));
#6816=DIRECTION('center_axis',(0.,0.,1.));
#6817=DIRECTION('ref_axis',(1.,0.,0.));
#6818=DIRECTION('',(0.,-1.,0.));
#6819=DIRECTION('center_axis',(0.,0.,1.));
#6820=DIRECTION('ref_axis',(-1.,0.,0.));
#6821=DIRECTION('center_axis',(0.,0.,1.));
#6822=DIRECTION('ref_axis',(-1.,0.,0.));
#6823=DIRECTION('center_axis',(0.,0.,1.));
#6824=DIRECTION('ref_axis',(-1.,0.,0.));
#6825=DIRECTION('center_axis',(0.,0.,1.));
#6826=DIRECTION('ref_axis',(-1.,0.,0.));
#6827=DIRECTION('center_axis',(0.,0.,1.));
#6828=DIRECTION('ref_axis',(-1.,0.,0.));
#6829=DIRECTION('center_axis',(0.,0.,1.));
#6830=DIRECTION('ref_axis',(-1.,0.,0.));
#6831=DIRECTION('center_axis',(0.,1.,0.));
#6832=DIRECTION('ref_axis',(1.,0.,0.));
#6833=DIRECTION('',(0.,0.,-1.));
#6834=DIRECTION('',(1.,0.,0.));
#6835=DIRECTION('',(0.,0.,-1.));
#6836=DIRECTION('',(1.,0.,0.));
#6837=DIRECTION('',(0.,0.,-1.));
#6838=DIRECTION('',(1.,0.,0.));
#6839=DIRECTION('',(0.,0.,-1.));
#6840=DIRECTION('',(1.,0.,0.));
#6841=DIRECTION('',(0.,0.,-1.));
#6842=DIRECTION('center_axis',(1.,0.,0.));
#6843=DIRECTION('ref_axis',(0.,0.,-1.));
#6844=DIRECTION('',(0.,-1.,0.));
#6845=DIRECTION('center_axis',(0.,1.,0.));
#6846=DIRECTION('ref_axis',(1.,0.,0.));
#6847=DIRECTION('',(-1.,0.,0.));
#6848=DIRECTION('',(0.,0.,-1.));
#6849=DIRECTION('',(1.,0.,0.));
#6850=DIRECTION('',(0.,0.,-1.));
#6851=DIRECTION('center_axis',(-0.984807753012209,0.173648177666927,0.));
#6852=DIRECTION('ref_axis',(0.173648177666927,0.984807753012209,0.));
#6853=DIRECTION('',(-0.173648177666927,-0.984807753012209,0.));
#6854=DIRECTION('',(0.173648177666927,0.984807753012209,0.));
#6855=DIRECTION('',(0.,0.,-1.));
#6856=DIRECTION('center_axis',(0.,-1.,0.));
#6857=DIRECTION('ref_axis',(-1.,0.,0.));
#6858=DIRECTION('',(1.,0.,0.));
#6859=DIRECTION('',(-1.,0.,0.));
#6860=DIRECTION('',(0.,0.,-1.));
#6861=DIRECTION('center_axis',(0.984807753012209,0.173648177666924,0.));
#6862=DIRECTION('ref_axis',(0.173648177666924,-0.984807753012209,0.));
#6863=DIRECTION('',(-0.173648177666924,0.984807753012209,0.));
#6864=DIRECTION('',(0.173648177666924,-0.984807753012209,0.));
#6865=DIRECTION('center_axis',(0.,0.,-1.));
#6866=DIRECTION('ref_axis',(-1.,0.,0.));
#6867=DIRECTION('center_axis',(0.,0.,1.));
#6868=DIRECTION('ref_axis',(-1.,0.,0.));
#6869=DIRECTION('',(0.,0.,1.));
#6870=DIRECTION('center_axis',(0.,0.,1.));
#6871=DIRECTION('ref_axis',(-1.,0.,0.));
#6872=DIRECTION('center_axis',(0.,0.,-1.));
#6873=DIRECTION('ref_axis',(-1.,0.,0.));
#6874=DIRECTION('center_axis',(0.,0.,-1.));
#6875=DIRECTION('ref_axis',(-1.,0.,0.));
#6876=DIRECTION('center_axis',(0.,0.,1.));
#6877=DIRECTION('ref_axis',(-1.,0.,0.));
#6878=DIRECTION('',(0.,0.,1.));
#6879=DIRECTION('center_axis',(0.,0.,1.));
#6880=DIRECTION('ref_axis',(-1.,0.,0.));
#6881=DIRECTION('center_axis',(0.,0.,-1.));
#6882=DIRECTION('ref_axis',(-1.,0.,0.));
#6883=DIRECTION('center_axis',(0.,0.,-1.));
#6884=DIRECTION('ref_axis',(-1.,0.,0.));
#6885=DIRECTION('center_axis',(0.,0.,1.));
#6886=DIRECTION('ref_axis',(-1.,0.,0.));
#6887=DIRECTION('',(0.,0.,1.));
#6888=DIRECTION('center_axis',(0.,0.,1.));
#6889=DIRECTION('ref_axis',(-1.,0.,0.));
#6890=DIRECTION('center_axis',(0.,0.,-1.));
#6891=DIRECTION('ref_axis',(-1.,0.,0.));
#6892=DIRECTION('center_axis',(0.,0.,-1.));
#6893=DIRECTION('ref_axis',(-1.,0.,0.));
#6894=DIRECTION('center_axis',(0.,0.,1.));
#6895=DIRECTION('ref_axis',(-1.,0.,0.));
#6896=DIRECTION('',(0.,0.,1.));
#6897=DIRECTION('center_axis',(0.,0.,1.));
#6898=DIRECTION('ref_axis',(-1.,0.,0.));
#6899=DIRECTION('',(0.,0.,1.));
#6900=DIRECTION('center_axis',(0.,0.,1.));
#6901=DIRECTION('ref_axis',(-1.,0.,0.));
#6902=DIRECTION('',(0.,0.,1.));
#6903=DIRECTION('center_axis',(0.,0.,-1.));
#6904=DIRECTION('ref_axis',(-1.,0.,0.));
#6905=DIRECTION('',(-0.17364817766693,-0.984807753012208,0.));
#6906=DIRECTION('center_axis',(0.,0.,-1.));
#6907=DIRECTION('ref_axis',(-1.,0.,0.));
#6908=DIRECTION('',(-0.17364817766693,-0.984807753012208,0.));
#6909=DIRECTION('',(-0.173648177666929,0.984807753012208,0.));
#6910=DIRECTION('center_axis',(-0.984807753012208,-0.173648177666929,0.));
#6911=DIRECTION('ref_axis',(-0.173648177666929,0.984807753012208,0.));
#6912=DIRECTION('',(-0.173648177666929,0.984807753012208,0.));
#6913=DIRECTION('center_axis',(-0.984807753012208,-0.17364817766693,0.));
#6914=DIRECTION('ref_axis',(-0.17364817766693,0.984807753012208,0.));
#6915=DIRECTION('',(-0.17364817766693,0.984807753012208,0.));
#6916=DIRECTION('center_axis',(0.984807753012208,-0.17364817766693,0.));
#6917=DIRECTION('ref_axis',(-0.17364817766693,-0.984807753012208,0.));
#6918=DIRECTION('',(-0.17364817766693,-0.984807753012208,0.));
#6919=DIRECTION('center_axis',(0.,0.,-1.));
#6920=DIRECTION('ref_axis',(-1.,0.,0.));
#6921=DIRECTION('center_axis',(0.984807753012208,-0.17364817766693,0.));
#6922=DIRECTION('ref_axis',(-0.17364817766693,-0.984807753012208,0.));
#6923=DIRECTION('',(-0.17364817766693,-0.984807753012208,0.));
#6924=DIRECTION('center_axis',(0.,0.,-1.));
#6925=DIRECTION('ref_axis',(-1.,0.,0.));
#6926=DIRECTION('axis',(0.,0.,1.));
#6927=DIRECTION('refdir',(1.,0.,0.));
#6928=DIRECTION('center_axis',(1.,0.,0.));
#6929=DIRECTION('ref_axis',(0.,0.,-1.));
#6930=DIRECTION('center_axis',(-1.,0.,0.));
#6931=DIRECTION('ref_axis',(0.,0.840613112657967,-0.541636035384911));
#6932=DIRECTION('center_axis',(0.,0.579729824243287,0.814808769517638));
#6933=DIRECTION('ref_axis',(0.,0.814808769517638,-0.579729824243287));
#6934=DIRECTION('center_axis',(1.,0.,0.));
#6935=DIRECTION('ref_axis',(0.,0.840613112657967,-0.541636035384911));
#6936=DIRECTION('center_axis',(0.383421743834786,0.627867859926076,0.677325414277761));
#6937=DIRECTION('ref_axis',(1.11022302462516E-15,0.733374778481322,-0.679824561403508));
#6938=DIRECTION('center_axis',(1.,-3.10862446895043E-13,-1.25460633638368E-13));
#6939=DIRECTION('ref_axis',(0.,0.374257935455644,-0.927324645282589));
#6940=DIRECTION('center_axis',(1.,-3.11635633147731E-13,-1.25772683029158E-13));
#6941=DIRECTION('ref_axis',(1.88847053710167E-13,0.828932426514842,-0.559348757281373));
#6942=DIRECTION('center_axis',(1.,-3.11972669919669E-13,-1.25908707329721E-13));
#6943=DIRECTION('ref_axis',(0.,0.3742579354551,-0.927324645282808));
#6944=DIRECTION('',(1.,-3.11635633147731E-13,-1.25772683029158E-13));
#6945=DIRECTION('',(-1.,0.,0.));
#6946=DIRECTION('center_axis',(0.500989419392495,0.865453408137475,-7.43898014469508E-14));
#6947=DIRECTION('ref_axis',(1.11022302462516E-15,-8.65973959207622E-14,
-1.));
#6948=DIRECTION('center_axis',(0.,0.,1.));
#6949=DIRECTION('ref_axis',(1.,0.,0.));
#6950=DIRECTION('center_axis',(0.,1.,0.));
#6951=DIRECTION('ref_axis',(0.,0.,-1.));
#6952=DIRECTION('center_axis',(0.,0.,-1.));
#6953=DIRECTION('ref_axis',(-0.988370452711553,0.152065276137452,0.));
#6954=DIRECTION('center_axis',(0.,0.,1.));
#6955=DIRECTION('ref_axis',(-0.988370452711553,0.152065276137452,0.));
#6956=DIRECTION('center_axis',(-4.91400389720597E-17,-1.,0.));
#6957=DIRECTION('ref_axis',(-0.707106781186548,0.,-0.707106781186547));
#6958=DIRECTION('center_axis',(0.,1.,0.));
#6959=DIRECTION('ref_axis',(0.,0.,-1.));
#6960=DIRECTION('',(4.91400389720597E-17,1.,0.));
#6961=DIRECTION('',(-4.91400389720597E-17,-1.,0.));
#6962=DIRECTION('center_axis',(1.,-4.91400389720597E-17,0.));
#6963=DIRECTION('ref_axis',(0.,0.,-1.));
#6964=DIRECTION('center_axis',(0.,0.,-1.));
#6965=DIRECTION('ref_axis',(0.,-1.,0.));
#6966=DIRECTION('center_axis',(1.,-4.91400389720597E-17,0.));
#6967=DIRECTION('ref_axis',(-3.47472547849147E-17,-0.707106781186548,-0.707106781186548));
#6968=DIRECTION('center_axis',(-1.,4.91400389720597E-17,0.));
#6969=DIRECTION('ref_axis',(-4.62592926927149E-17,-0.707106781186548,-0.707106781186548));
#6970=DIRECTION('center_axis',(0.,0.,1.));
#6971=DIRECTION('ref_axis',(-0.707106781186548,-0.707106781186547,0.));
#6972=DIRECTION('center_axis',(0.,0.,-1.));
#6973=DIRECTION('ref_axis',(-0.707106781186548,-0.707106781186547,0.));
#6974=DIRECTION('',(0.,0.,-1.));
#6975=DIRECTION('',(0.,0.,1.));
#6976=DIRECTION('center_axis',(1.,0.,0.));
#6977=DIRECTION('ref_axis',(0.,-0.707106781186548,-0.707106781186548));
#6978=DIRECTION('',(1.,0.,0.));
#6979=DIRECTION('',(1.,0.,0.));
#6980=DIRECTION('center_axis',(1.,0.,0.));
#6981=DIRECTION('ref_axis',(0.,-0.707106781186548,-0.707106781186547));
#6982=DIRECTION('',(-1.,0.,0.));
#6983=DIRECTION('center_axis',(0.,0.,1.));
#6984=DIRECTION('ref_axis',(1.,0.,0.));
#6985=DIRECTION('',(-1.,0.,0.));
#6986=DIRECTION('',(0.,1.,0.));
#6987=DIRECTION('center_axis',(0.,0.,1.));
#6988=DIRECTION('ref_axis',(1.,0.,0.));
#6989=DIRECTION('center_axis',(0.,0.,1.));
#6990=DIRECTION('ref_axis',(1.,0.,0.));
#6991=DIRECTION('center_axis',(0.,0.,1.));
#6992=DIRECTION('ref_axis',(1.,0.,0.));
#6993=DIRECTION('center_axis',(0.,0.,1.));
#6994=DIRECTION('ref_axis',(1.,0.,0.));
#6995=DIRECTION('center_axis',(1.,0.,0.));
#6996=DIRECTION('ref_axis',(0.,0.400109634098263,-0.91646728294127));
#6997=DIRECTION('',(1.,0.,0.));
#6998=DIRECTION('center_axis',(1.,0.,0.));
#6999=DIRECTION('ref_axis',(0.,0.400109634098262,-0.91646728294127));
#7000=DIRECTION('center_axis',(1.,0.,0.));
#7001=DIRECTION('ref_axis',(0.,0.,-1.));
#7002=DIRECTION('',(1.,0.,0.));
#7003=DIRECTION('center_axis',(1.,0.,0.));
#7004=DIRECTION('ref_axis',(0.,0.838783063986923,-0.544465767122882));
#7005=DIRECTION('center_axis',(0.,0.,1.));
#7006=DIRECTION('ref_axis',(0.,-1.,0.));
#7007=DIRECTION('',(0.,1.,0.));
#7008=DIRECTION('',(1.,0.,0.));
#7009=DIRECTION('',(0.,1.,-8.78823448429088E-17));
#7010=DIRECTION('',(1.,0.,0.));
#7011=DIRECTION('',(-0.17364817766693,-0.984807753012208,0.));
#7012=DIRECTION('',(-1.,0.,0.));
#7013=DIRECTION('center_axis',(0.,0.,-1.));
#7014=DIRECTION('ref_axis',(0.707106781186547,-0.707106781186548,0.));
#7015=DIRECTION('',(0.,-1.,0.));
#7016=DIRECTION('',(1.,0.,0.));
#7017=DIRECTION('',(0.173648177666924,-0.984807753012209,0.));
#7018=DIRECTION('',(-1.,0.,0.));
#7019=DIRECTION('',(0.173648177666927,0.984807753012209,0.));
#7020=DIRECTION('center_axis',(1.,0.,0.));
#7021=DIRECTION('ref_axis',(0.,0.,-1.));
#7022=DIRECTION('',(0.,0.,1.));
#7023=DIRECTION('',(0.,1.,0.));
#7024=DIRECTION('center_axis',(1.,0.,0.));
#7025=DIRECTION('ref_axis',(0.,0.,-1.));
#7026=DIRECTION('center_axis',(1.,0.,0.));
#7027=DIRECTION('ref_axis',(0.,0.,-1.));
#7028=DIRECTION('center_axis',(-1.,0.,0.));
#7029=DIRECTION('ref_axis',(0.,0.838783063986923,-0.544465767122882));
#7030=DIRECTION('center_axis',(0.,0.679824561403508,0.733374778481322));
#7031=DIRECTION('ref_axis',(1.,0.,0.));
#7032=DIRECTION('center_axis',(0.,1.,0.));
#7033=DIRECTION('ref_axis',(0.707106781186547,0.,-0.707106781186548));
#7034=DIRECTION('center_axis',(0.,1.,0.));
#7035=DIRECTION('ref_axis',(1.,0.,0.));
#7036=DIRECTION('center_axis',(0.,-1.,0.));
#7037=DIRECTION('ref_axis',(0.,0.,-1.));
#7038=DIRECTION('',(0.,-1.,0.));
#7039=DIRECTION('center_axis',(0.,0.,-1.));
#7040=DIRECTION('ref_axis',(0.707106781186547,-0.707106781186548,0.));
#7041=DIRECTION('',(0.,0.,-1.));
#7042=DIRECTION('center_axis',(0.,0.,1.));
#7043=DIRECTION('ref_axis',(0.,-1.,0.));
#7044=DIRECTION('',(0.,0.,1.));
#7045=DIRECTION('center_axis',(-0.408248290463863,-0.816496580927726,0.408248290463864));
#7046=DIRECTION('ref_axis',(0.577350269189625,-0.577350269189626,-0.577350269189626));
#7047=DIRECTION('center_axis',(0.179665886020606,-0.936286602827011,-0.301807168183737));
#7048=DIRECTION('ref_axis',(0.478932414381478,0.35123695330454,-0.80452243293029));
#7049=DIRECTION('center_axis',(0.,1.,0.));
#7050=DIRECTION('ref_axis',(1.,0.,0.));
#7051=DIRECTION('',(0.,0.,1.));
#7052=DIRECTION('',(-1.,0.,0.));
#7053=DIRECTION('',(0.,0.,1.));
#7054=DIRECTION('',(-1.,0.,0.));
#7055=DIRECTION('',(0.,0.,1.));
#7056=DIRECTION('',(-1.,0.,0.));
#7057=DIRECTION('',(0.,0.,1.));
#7058=DIRECTION('',(-1.,0.,0.));
#7059=DIRECTION('center_axis',(-1.,0.,0.));
#7060=DIRECTION('ref_axis',(0.,0.394405318873306,-0.918936583472682));
#7061=DIRECTION('',(1.,0.,0.));
#7062=DIRECTION('',(-1.,0.,0.));
#7063=DIRECTION('center_axis',(-0.707106781186548,0.707106781186548,0.));
#7064=DIRECTION('ref_axis',(0.707106781186548,0.707106781186548,0.));
#7065=DIRECTION('',(1.,0.,0.));
#7066=DIRECTION('center_axis',(0.,1.,0.));
#7067=DIRECTION('ref_axis',(0.707106781186548,0.,-0.707106781186547));
#7068=DIRECTION('center_axis',(3.11635633147731E-13,1.,0.));
#7069=DIRECTION('ref_axis',(0.707106781186548,0.,-0.707106781186547));
#7070=DIRECTION('',(0.,-1.,0.));
#7071=DIRECTION('center_axis',(1.,0.,0.));
#7072=DIRECTION('ref_axis',(0.,0.,-1.));
#7073=DIRECTION('center_axis',(1.,0.,0.));
#7074=DIRECTION('ref_axis',(0.,0.788745645421625,-0.614719697771614));
#7075=DIRECTION('center_axis',(-1.,0.,0.));
#7076=DIRECTION('ref_axis',(0.,0.788745645421625,-0.614719697771614));
#7077=DIRECTION('center_axis',(1.,0.,0.));
#7078=DIRECTION('ref_axis',(0.,0.,-1.));
#7079=DIRECTION('center_axis',(0.,0.,1.));
#7080=DIRECTION('ref_axis',(0.,1.,0.));
#7081=DIRECTION('',(0.,0.,-1.));
#7082=DIRECTION('center_axis',(0.,0.,1.));
#7083=DIRECTION('ref_axis',(0.,1.,0.));
#7084=DIRECTION('',(0.,0.,-1.));
#7085=DIRECTION('center_axis',(-1.,0.,0.));
#7086=DIRECTION('ref_axis',(0.,1.,0.));
#7087=DIRECTION('center_axis',(0.,0.,-1.));
#7088=DIRECTION('ref_axis',(0.707106781186439,-0.707106781186656,0.));
#7089=DIRECTION('',(0.,0.,1.));
#7090=DIRECTION('center_axis',(-1.,0.,0.));
#7091=DIRECTION('ref_axis',(0.,-0.707106781186547,-0.707106781186548));
#7092=DIRECTION('',(-1.,0.,0.));
#7093=DIRECTION('center_axis',(-1.,4.91400389720597E-17,0.));
#7094=DIRECTION('ref_axis',(0.,-0.707106781186547,-0.707106781186548));
#7095=DIRECTION('',(1.,0.,0.));
#7096=DIRECTION('center_axis',(-1.,0.,0.));
#7097=DIRECTION('ref_axis',(0.,-0.707106781186547,-0.707106781186548));
#7098=DIRECTION('',(-1.,0.,0.));
#7099=DIRECTION('center_axis',(0.,0.,1.));
#7100=DIRECTION('ref_axis',(1.,0.,0.));
#7101=DIRECTION('',(1.,-3.11635633147731E-13,0.));
#7102=DIRECTION('',(4.91400389720597E-17,1.,0.));
#7103=DIRECTION('center_axis',(0.,0.,-1.));
#7104=DIRECTION('ref_axis',(1.,0.,0.));
#7105=DIRECTION('center_axis',(0.,0.,-1.));
#7106=DIRECTION('ref_axis',(1.,0.,0.));
#7107=DIRECTION('',(0.,1.,0.));
#7108=DIRECTION('center_axis',(0.,0.,-1.));
#7109=DIRECTION('ref_axis',(1.,0.,0.));
#7110=DIRECTION('center_axis',(0.,0.,-1.));
#7111=DIRECTION('ref_axis',(1.,0.,0.));
#7112=DIRECTION('center_axis',(0.,0.,-1.));
#7113=DIRECTION('ref_axis',(1.,0.,0.));
#7114=DIRECTION('center_axis',(0.,0.,-1.));
#7115=DIRECTION('ref_axis',(1.,0.,0.));
#7116=DIRECTION('center_axis',(1.,0.,0.));
#7117=DIRECTION('ref_axis',(0.,0.,-1.));
#7118=DIRECTION('',(0.,0.,-1.));
#7119=DIRECTION('center_axis',(0.,1.,0.));
#7120=DIRECTION('ref_axis',(-1.,0.,0.));
#7121=DIRECTION('',(0.,0.,1.));
#7122=DIRECTION('',(-1.,0.,0.));
#7123=DIRECTION('',(0.,0.,1.));
#7124=DIRECTION('center_axis',(0.984807753012209,0.173648177666924,0.));
#7125=DIRECTION('ref_axis',(-0.173648177666924,0.984807753012209,0.));
#7126=DIRECTION('',(-0.173648177666924,0.984807753012209,0.));
#7127=DIRECTION('',(0.,0.,1.));
#7128=DIRECTION('center_axis',(0.,-1.,0.));
#7129=DIRECTION('ref_axis',(1.,0.,0.));
#7130=DIRECTION('',(1.,0.,0.));
#7131=DIRECTION('',(0.,0.,1.));
#7132=DIRECTION('center_axis',(-0.984807753012209,0.173648177666927,0.));
#7133=DIRECTION('ref_axis',(-0.173648177666927,-0.984807753012209,0.));
#7134=DIRECTION('',(-0.173648177666927,-0.984807753012209,0.));
#7135=DIRECTION('center_axis',(0.,0.,1.));
#7136=DIRECTION('ref_axis',(1.,0.,0.));
#7137=DIRECTION('center_axis',(0.,0.,-1.));
#7138=DIRECTION('ref_axis',(1.,0.,0.));
#7139=DIRECTION('',(0.,0.,-1.));
#7140=DIRECTION('center_axis',(0.,0.,-1.));
#7141=DIRECTION('ref_axis',(1.,0.,0.));
#7142=DIRECTION('center_axis',(0.,0.,1.));
#7143=DIRECTION('ref_axis',(1.,0.,0.));
#7144=DIRECTION('center_axis',(0.,0.,1.));
#7145=DIRECTION('ref_axis',(1.,0.,0.));
#7146=DIRECTION('center_axis',(0.,0.,-1.));
#7147=DIRECTION('ref_axis',(1.,0.,0.));
#7148=DIRECTION('',(0.,0.,-1.));
#7149=DIRECTION('center_axis',(0.,0.,-1.));
#7150=DIRECTION('ref_axis',(1.,0.,0.));
#7151=DIRECTION('center_axis',(0.,0.,1.));
#7152=DIRECTION('ref_axis',(1.,0.,0.));
#7153=DIRECTION('center_axis',(0.,0.,1.));
#7154=DIRECTION('ref_axis',(1.,0.,0.));
#7155=DIRECTION('center_axis',(0.,0.,-1.));
#7156=DIRECTION('ref_axis',(1.,0.,0.));
#7157=DIRECTION('',(0.,0.,-1.));
#7158=DIRECTION('center_axis',(0.,0.,-1.));
#7159=DIRECTION('ref_axis',(1.,0.,0.));
#7160=DIRECTION('center_axis',(0.,0.,1.));
#7161=DIRECTION('ref_axis',(1.,0.,0.));
#7162=DIRECTION('center_axis',(0.,0.,1.));
#7163=DIRECTION('ref_axis',(1.,0.,0.));
#7164=DIRECTION('center_axis',(0.,0.,-1.));
#7165=DIRECTION('ref_axis',(1.,0.,0.));
#7166=DIRECTION('',(0.,0.,-1.));
#7167=DIRECTION('center_axis',(0.,0.,-1.));
#7168=DIRECTION('ref_axis',(1.,0.,0.));
#7169=DIRECTION('',(0.,0.,-1.));
#7170=DIRECTION('center_axis',(0.,0.,-1.));
#7171=DIRECTION('ref_axis',(1.,0.,0.));
#7172=DIRECTION('',(0.,0.,-1.));
#7173=DIRECTION('center_axis',(0.,0.,-1.));
#7174=DIRECTION('ref_axis',(-1.,0.,0.));
#7175=DIRECTION('',(-0.173648177666929,0.984807753012208,0.));
#7176=DIRECTION('',(1.,0.,0.));
#7177=DIRECTION('',(-0.17364817766693,-0.984807753012208,0.));
#7178=DIRECTION('center_axis',(0.984807753012208,0.173648177666929,0.));
#7179=DIRECTION('ref_axis',(-0.173648177666929,0.984807753012208,0.));
#7180=DIRECTION('',(-0.173648177666929,0.984807753012208,0.));
#7181=DIRECTION('',(0.,0.,1.));
#7182=DIRECTION('center_axis',(0.,0.,-1.));
#7183=DIRECTION('ref_axis',(-1.,0.,0.));
#7184=DIRECTION('',(-0.17364817766693,0.984807753012208,0.));
#7185=DIRECTION('',(1.,0.,0.));
#7186=DIRECTION('',(0.,1.,0.));
#7187=DIRECTION('center_axis',(0.984807753012208,0.17364817766693,0.));
#7188=DIRECTION('ref_axis',(-0.17364817766693,0.984807753012208,0.));
#7189=DIRECTION('',(-0.17364817766693,0.984807753012208,0.));
#7190=DIRECTION('',(0.,0.,1.));
#7191=DIRECTION('center_axis',(-0.984807753012208,0.17364817766693,0.));
#7192=DIRECTION('ref_axis',(-0.17364817766693,-0.984807753012208,0.));
#7193=DIRECTION('',(0.,0.,1.));
#7194=DIRECTION('',(-0.17364817766693,-0.984807753012208,0.));
#7195=DIRECTION('center_axis',(0.,0.,-1.));
#7196=DIRECTION('ref_axis',(-1.,0.,0.));
#7197=DIRECTION('',(1.,0.,0.));
#7198=DIRECTION('center_axis',(-0.984807753012208,0.17364817766693,0.));
#7199=DIRECTION('ref_axis',(-0.17364817766693,-0.984807753012208,0.));
#7200=DIRECTION('',(0.,0.,1.));
#7201=DIRECTION('',(-0.17364817766693,-0.984807753012208,0.));
#7202=DIRECTION('center_axis',(0.,-1.,0.));
#7203=DIRECTION('ref_axis',(1.,0.,0.));
#7204=DIRECTION('',(0.,0.,1.));
#7205=DIRECTION('',(1.,0.,0.));
#7206=DIRECTION('center_axis',(0.,0.,-1.));
#7207=DIRECTION('ref_axis',(-1.,0.,0.));
#7208=DIRECTION('center_axis',(1.,-4.91400389720597E-17,0.));
#7209=DIRECTION('ref_axis',(-4.91400389720597E-17,-1.,0.));
#7210=DIRECTION('center_axis',(-3.11635633147731E-13,-1.,0.));
#7211=DIRECTION('ref_axis',(-1.,3.11635633147731E-13,0.));
#7212=DIRECTION('axis',(0.,0.,1.));
#7213=DIRECTION('refdir',(1.,0.,0.));
#7214=DIRECTION('center_axis',(1.,0.,0.));
#7215=DIRECTION('ref_axis',(0.,0.,-1.));
#7216=DIRECTION('center_axis',(-1.,0.,0.));
#7217=DIRECTION('ref_axis',(0.,0.,-1.));
#7218=DIRECTION('center_axis',(1.,-7.93016446160897E-17,0.));
#7219=DIRECTION('ref_axis',(0.,0.,-1.));
#7220=DIRECTION('center_axis',(1.,4.22717416626028E-13,0.));
#7221=DIRECTION('ref_axis',(0.,0.,-1.));
#7222=DIRECTION('',(-1.,7.93016446160897E-17,0.));
#7223=DIRECTION('center_axis',(1.,4.22717416626028E-13,0.));
#7224=DIRECTION('ref_axis',(0.,0.,-1.));
#7225=DIRECTION('center_axis',(1.,4.22717416626028E-13,0.));
#7226=DIRECTION('ref_axis',(0.,0.,-1.));
#7227=DIRECTION('center_axis',(0.,0.,1.));
#7228=DIRECTION('ref_axis',(-0.766072373497904,-0.642754322088376,0.));
#7229=DIRECTION('center_axis',(0.,0.,-1.));
#7230=DIRECTION('ref_axis',(-0.766072373497904,-0.642754322088376,0.));
#7231=DIRECTION('center_axis',(-0.173733762873465,-0.98479265819655,0.));
#7232=DIRECTION('ref_axis',(0.,0.,-1.));
#7233=DIRECTION('center_axis',(-0.173733762873465,-0.98479265819655,0.));
#7234=DIRECTION('ref_axis',(0.,0.,-1.));
#7235=DIRECTION('center_axis',(-0.173733762873658,-0.984792658196516,0.));
#7236=DIRECTION('ref_axis',(0.,0.,-1.));
#7237=DIRECTION('',(0.173733762873658,0.984792658196516,0.));
#7238=DIRECTION('center_axis',(-0.173733762873465,-0.98479265819655,0.));
#7239=DIRECTION('ref_axis',(0.,0.,-1.));
#7240=DIRECTION('center_axis',(-0.173733762873465,-0.98479265819655,0.));
#7241=DIRECTION('ref_axis',(0.,0.,-1.));
#7242=DIRECTION('center_axis',(0.,0.,-1.));
#7243=DIRECTION('ref_axis',(0.000202357364267243,0.999999979525748,0.));
#7244=DIRECTION('center_axis',(0.,0.,1.));
#7245=DIRECTION('ref_axis',(0.000202357364267521,0.999999979525748,0.));
#7246=DIRECTION('center_axis',(-0.173335188560401,0.984862890156153,0.));
#7247=DIRECTION('ref_axis',(0.,0.,-1.));
#7248=DIRECTION('center_axis',(-0.173335188560401,0.984862890156153,0.));
#7249=DIRECTION('ref_axis',(0.,0.,-1.));
#7250=DIRECTION('center_axis',(-0.173335188560212,0.984862890156186,0.));
#7251=DIRECTION('ref_axis',(0.,0.,-1.));
#7252=DIRECTION('',(0.173335188560212,-0.984862890156186,0.));
#7253=DIRECTION('center_axis',(-0.173335188560401,0.984862890156153,0.));
#7254=DIRECTION('ref_axis',(0.,0.,-1.));
#7255=DIRECTION('center_axis',(-0.173335188560401,0.984862890156153,0.));
#7256=DIRECTION('ref_axis',(0.,0.,-1.));
#7257=DIRECTION('center_axis',(0.,0.,1.));
#7258=DIRECTION('ref_axis',(1.,0.,0.));
#7259=DIRECTION('center_axis',(0.,0.,-1.));
#7260=DIRECTION('ref_axis',(1.,0.,0.));
#7261=DIRECTION('center_axis',(1.,0.,0.));
#7262=DIRECTION('ref_axis',(0.,0.,-1.));
#7263=DIRECTION('center_axis',(1.,0.,0.));
#7264=DIRECTION('ref_axis',(0.,0.,-1.));
#7265=DIRECTION('center_axis',(1.,0.,0.));
#7266=DIRECTION('ref_axis',(0.,0.,-1.));
#7267=DIRECTION('',(-1.,0.,0.));
#7268=DIRECTION('center_axis',(1.,4.22745172201644E-13,0.));
#7269=DIRECTION('ref_axis',(0.,0.,-1.));
#7270=DIRECTION('axis',(0.,0.,1.));
#7271=DIRECTION('refdir',(1.,0.,0.));
#7272=DIRECTION('center_axis',(1.,0.,0.));
#7273=DIRECTION('ref_axis',(0.,0.,-1.));
#7274=DIRECTION('center_axis',(-1.,0.,0.));
#7275=DIRECTION('ref_axis',(0.,0.,-1.));
#7276=DIRECTION('center_axis',(1.,0.,0.));
#7277=DIRECTION('ref_axis',(0.,0.,-1.));
#7278=DIRECTION('center_axis',(1.,4.9960036108132E-16,0.));
#7279=DIRECTION('ref_axis',(0.,0.,-1.));
#7280=DIRECTION('',(-1.,0.,0.));
#7281=DIRECTION('center_axis',(1.,4.9960036108132E-16,0.));
#7282=DIRECTION('ref_axis',(0.,0.,-1.));
#7283=DIRECTION('center_axis',(1.,4.9960036108132E-16,0.));
#7284=DIRECTION('ref_axis',(0.,0.,-1.));
#7285=DIRECTION('center_axis',(0.,0.,-1.));
#7286=DIRECTION('ref_axis',(-1.,0.,0.));
#7287=DIRECTION('center_axis',(0.,0.,1.));
#7288=DIRECTION('ref_axis',(-1.,0.,0.));
#7289=DIRECTION('center_axis',(-0.173734009165777,0.984792614746468,0.));
#7290=DIRECTION('ref_axis',(0.,0.,-1.));
#7291=DIRECTION('center_axis',(-0.173734009165777,0.984792614746468,0.));
#7292=DIRECTION('ref_axis',(0.,0.,-1.));
#7293=DIRECTION('center_axis',(-0.173734009165777,0.984792614746468,0.));
#7294=DIRECTION('ref_axis',(0.,0.,-1.));
#7295=DIRECTION('',(0.173734009165777,-0.984792614746468,0.));
#7296=DIRECTION('center_axis',(-0.173734009165777,0.984792614746468,0.));
#7297=DIRECTION('ref_axis',(0.,0.,-1.));
#7298=DIRECTION('center_axis',(-0.173734009165777,0.984792614746468,0.));
#7299=DIRECTION('ref_axis',(0.,0.,-1.));
#7300=DIRECTION('center_axis',(0.,0.,1.));
#7301=DIRECTION('ref_axis',(3.68745507024278E-5,-0.999999999320134,0.));
#7302=DIRECTION('center_axis',(0.,0.,-1.));
#7303=DIRECTION('ref_axis',(3.68745507027687E-5,-0.999999999320134,0.));
#7304=DIRECTION('center_axis',(-0.173661381122959,-0.984805424795409,0.));
#7305=DIRECTION('ref_axis',(0.,0.,-1.));
#7306=DIRECTION('center_axis',(-0.173661381122959,-0.984805424795409,0.));
#7307=DIRECTION('ref_axis',(0.,0.,-1.));
#7308=DIRECTION('center_axis',(-0.173661381122959,-0.984805424795409,0.));
#7309=DIRECTION('ref_axis',(0.,0.,-1.));
#7310=DIRECTION('',(0.173661381122959,0.984805424795409,0.));
#7311=DIRECTION('center_axis',(-0.173661381122959,-0.984805424795409,0.));
#7312=DIRECTION('ref_axis',(0.,0.,-1.));
#7313=DIRECTION('center_axis',(-0.173661381122959,-0.984805424795409,0.));
#7314=DIRECTION('ref_axis',(0.,0.,-1.));
#7315=DIRECTION('center_axis',(0.,0.,-1.));
#7316=DIRECTION('ref_axis',(0.766048752078795,0.642782474433241,0.));
#7317=DIRECTION('center_axis',(0.,0.,1.));
#7318=DIRECTION('ref_axis',(0.766048752078795,0.642782474433241,0.));
#7319=DIRECTION('center_axis',(1.,0.,0.));
#7320=DIRECTION('ref_axis',(0.,0.,-1.));
#7321=DIRECTION('center_axis',(1.,0.,0.));
#7322=DIRECTION('ref_axis',(0.,0.,-1.));
#7323=DIRECTION('center_axis',(1.,0.,0.));
#7324=DIRECTION('ref_axis',(0.,0.,-1.));
#7325=DIRECTION('',(-1.,0.,0.));
#7326=DIRECTION('center_axis',(1.,3.33066907387547E-16,0.));
#7327=DIRECTION('ref_axis',(0.,0.,-1.));
#7328=DIRECTION('axis',(0.,0.,1.));
#7329=DIRECTION('refdir',(1.,0.,0.));
#7330=DIRECTION('center_axis',(1.,0.,0.));
#7331=DIRECTION('ref_axis',(0.,0.,-1.));
#7332=DIRECTION('center_axis',(-1.,0.,0.));
#7333=DIRECTION('ref_axis',(0.,1.,-6.12323399573677E-17));
#7334=DIRECTION('center_axis',(1.,0.,0.));
#7335=DIRECTION('ref_axis',(0.,1.,-6.12323399573677E-17));
#7336=DIRECTION('center_axis',(1.,0.,0.));
#7337=DIRECTION('ref_axis',(0.,0.,-1.));
#7338=DIRECTION('',(0.,0.,1.));
#7339=DIRECTION('center_axis',(0.,-1.,0.));
#7340=DIRECTION('ref_axis',(0.,0.,-1.));
#7341=DIRECTION('',(1.,0.,0.));
#7342=DIRECTION('',(1.,0.,0.));
#7343=DIRECTION('center_axis',(0.,0.,1.));
#7344=DIRECTION('ref_axis',(1.,0.,0.));
#7345=DIRECTION('',(1.,0.,0.));
#7346=DIRECTION('center_axis',(-1.,-2.85313595912352E-16,0.));
#7347=DIRECTION('ref_axis',(0.,0.,1.));
#7348=DIRECTION('center_axis',(1.,2.85313595912352E-16,0.));
#7349=DIRECTION('ref_axis',(-2.61845052977631E-16,1.,-6.12323399573677E-17));
#7350=DIRECTION('center_axis',(1.,0.,0.));
#7351=DIRECTION('ref_axis',(0.,0.,-1.));
#7352=DIRECTION('',(1.,0.,0.));
#7353=DIRECTION('center_axis',(0.,0.,1.));
#7354=DIRECTION('ref_axis',(1.,0.,0.));
#7355=DIRECTION('',(-0.999999999999996,1.22464679914735E-16,-8.98082956259214E-16));
#7356=DIRECTION('',(-7.07756247577141E-48,7.70371977754874E-32,-1.));
#7357=DIRECTION('',(-0.999999999999996,1.22464679914734E-16,-1.21290721777789E-15));
#7358=DIRECTION('',(1.43150537728526E-47,-8.32001735975349E-32,-1.));
#7359=DIRECTION('',(-0.999999999999996,-1.22464679914735E-16,9.06192401892584E-16));
#7360=DIRECTION('',(9.8607613152627E-32,3.69778549322338E-32,1.));
#7361=DIRECTION('',(-0.999999999999996,1.22464679914734E-16,-1.22101666341126E-15));
#7362=DIRECTION('',(-4.62866566578897E-48,-4.31408307542787E-32,-1.));
#7363=DIRECTION('',(-0.999999999999996,-1.22464679914735E-16,-9.79962946248571E-17));
#7364=DIRECTION('',(-9.86076131526269E-32,-2.15704153771396E-32,1.));
#7365=DIRECTION('',(-0.999999999999996,-1.22464679914735E-16,2.16827966893821E-16));
#7366=DIRECTION('',(-1.97215226305254E-31,-8.3200173597536E-32,1.));
#7367=DIRECTION('',(-9.25733133157793E-48,-4.31408307542786E-32,-1.));
#7368=DIRECTION('',(1.,3.45126646034193E-31,-9.91189369536747E-48));
#7369=DIRECTION('',(2.86301075457051E-47,-8.32001735975348E-32,-1.));
#7370=DIRECTION('',(1.,-2.4492935982947E-16,2.45041364013251E-47));
#7371=DIRECTION('',(-1.41551249515428E-47,7.70371977754872E-32,-1.));
#7372=DIRECTION('',(1.,-2.4492935982947E-16,-1.65118982428746E-47));
#7373=DIRECTION('',(-2.0510426330843E-62,-8.32001735975359E-32,1.));
#7374=DIRECTION('',(1.,-2.46519032881566E-31,-4.81696347111656E-46));
#7375=DIRECTION('',(-5.84926973138872E-63,-2.15704153771396E-32,1.));
#7376=DIRECTION('',(1.,-2.71170936169723E-31,-2.18952885050753E-46));
#7377=DIRECTION('',(-9.05696233641903E-48,3.69778549322337E-32,1.));
#7378=DIRECTION('',(1.,2.4492935982947E-16,-9.86076131526261E-32));
#7379=DIRECTION('',(0.,0.,1.));
#7380=DIRECTION('',(1.,0.,0.));
#7381=DIRECTION('',(0.,0.,1.));
#7382=DIRECTION('',(1.,0.,0.));
#7383=DIRECTION('',(0.,0.,1.));
#7384=DIRECTION('',(1.,0.,0.));
#7385=DIRECTION('',(0.,0.,1.));
#7386=DIRECTION('',(1.,0.,0.));
#7387=DIRECTION('',(0.,0.,1.));
#7388=DIRECTION('',(1.,0.,0.));
#7389=DIRECTION('',(0.,0.,1.));
#7390=DIRECTION('',(1.,0.,0.));
#7391=DIRECTION('center_axis',(0.,0.,1.));
#7392=DIRECTION('ref_axis',(1.,0.,0.));
#7393=CARTESIAN_POINT('',(0.,0.,0.));
#7394=CARTESIAN_POINT('',(0.,0.,0.));
#7395=CARTESIAN_POINT('Origin',(-1.50283279418963,0.479425538602857,0.877582561891429));
#7396=CARTESIAN_POINT('',(-0.127832794189167,-0.520574461397143,0.877582561891429));
#7397=CARTESIAN_POINT('Origin',(-0.127832794189167,0.479425538602857,0.877582561891429));
#7398=CARTESIAN_POINT('',(-2.62783279419,-0.520574461397143,0.877582561891428));
#7399=CARTESIAN_POINT('',(-1.50283279418963,-0.520574461397143,0.877582561891429));
#7400=CARTESIAN_POINT('Origin',(-2.62783279419,0.479425538602857,0.877582561891429));
#7401=CARTESIAN_POINT('Origin',(-1.37783279419,0.479425538602857,0.877582561891428));
#7402=CARTESIAN_POINT('',(-0.9611661275225,-0.58215958259,-1.06563596800857));
#7403=CARTESIAN_POINT('',(-0.961166127521868,-0.672658512797544,2.76855151007523));
#7404=CARTESIAN_POINT('Origin',(-0.9611661275225,0.479425538602857,0.877582561891428));
#7405=CARTESIAN_POINT('Origin',(-0.9611661275225,0.479425538602857,0.877582561891428));
#7406=CARTESIAN_POINT('',(-1.79449946085667,-0.58215958259,-1.06563596800857));
#7407=CARTESIAN_POINT('',(-1.37783279419,-0.582159582592165,-1.06563596800868));
#7408=CARTESIAN_POINT('',(-1.79449946085765,-0.67265851279733,2.76855151007488));
#7409=CARTESIAN_POINT('Origin',(-1.79449946085667,0.479425538602857,0.877582561891428));
#7410=CARTESIAN_POINT('Origin',(-1.79449946085667,0.479425538602857,0.877582561891428));
#7411=CARTESIAN_POINT('Origin',(-0.127832794189167,0.479425538602857,3.37758256189143));
#7412=CARTESIAN_POINT('',(-0.127832794189167,-0.719138307904286,-1.31637384283714));
#7413=CARTESIAN_POINT('Origin',(-0.127832794189167,0.479425538602857,0.877582561891428));
#7414=CARTESIAN_POINT('Origin',(-2.62783279419,0.479425538602857,3.37758256189143));
#7415=CARTESIAN_POINT('',(-2.62783279419,-0.719138307907651,-1.3163738428345));
#7416=CARTESIAN_POINT('Origin',(-2.62783279419,0.479425538602857,0.877582561891428));
#7417=CARTESIAN_POINT('Origin',(-1.37783279419,0.479425538602857,0.877582561891428));
#7418=CARTESIAN_POINT('',(-0.627832794189167,-0.719138307904286,-1.31637384283714));
#7419=CARTESIAN_POINT('',(-1.37783279419,-0.719138307907651,-1.3163738428345));
#7420=CARTESIAN_POINT('',(-0.627832794188397,-0.82131451942983,3.01254750338924));
#7421=CARTESIAN_POINT('Origin',(-0.627832794189167,0.479425538602857,0.877582561891428));
#7422=CARTESIAN_POINT('Origin',(-0.627832794189167,0.479425538602857,0.877582561891428));
#7423=CARTESIAN_POINT('Origin',(-2.71116612752259,0.479425538602852,0.877582561891431));
#7424=CARTESIAN_POINT('',(-2.71116612752258,0.107785522021953,1.48757254517673));
#7425=CARTESIAN_POINT('Origin',(-1.37783279419,0.479425538602857,0.877582561891428));
#7426=CARTESIAN_POINT('',(-2.12783279419112,-0.821314519429616,3.01254750338888));
#7427=CARTESIAN_POINT('',(-2.12783279419,-0.719138307907651,-1.3163738428345));
#7428=CARTESIAN_POINT('Origin',(-2.12783279419,0.479425538602857,0.877582561891428));
#7429=CARTESIAN_POINT('',(-1.37783279419,-0.719138307907651,-1.3163738428345));
#7430=CARTESIAN_POINT('Origin',(-2.12783279419,0.479425538602857,0.877582561891428));
#7431=CARTESIAN_POINT('Origin',(-0.0444994608574138,0.479425538602852,0.877582561891431));
#7432=CARTESIAN_POINT('',(-0.0444994608574165,0.107785522021953,1.48757254517673));
#7433=CARTESIAN_POINT('',(0.,0.,0.));
#7434=CARTESIAN_POINT('Origin',(0.,0.,-10.));
#7435=CARTESIAN_POINT('',(-1.,-1.22464679914735E-16,-10.));
#7436=CARTESIAN_POINT('Origin',(0.,0.,-10.));
#7437=CARTESIAN_POINT('Origin',(0.,0.,0.));
#7438=CARTESIAN_POINT('',(-1.895,-2.32070568438423E-16,1.38777878078145E-16));
#7439=CARTESIAN_POINT('Origin',(0.,0.,0.));
#7440=CARTESIAN_POINT('',(-1.,-1.22464679914735E-16,0.));
#7441=CARTESIAN_POINT('Origin',(0.,0.,0.));
#7442=CARTESIAN_POINT('Origin',(0.,0.,0.98));
#7443=CARTESIAN_POINT('',(-1.895,-2.32070568438423E-16,1.96));
#7444=CARTESIAN_POINT('Origin',(0.,0.,1.96));
#7445=CARTESIAN_POINT('',(-1.895,-2.32070568438423E-16,0.98));
#7446=CARTESIAN_POINT('Origin',(0.,0.,-6.));
#7447=CARTESIAN_POINT('',(-1.,-1.22464679914735E-16,-6.));
#7448=CARTESIAN_POINT('Origin',(0.,0.,1.96));
#7449=CARTESIAN_POINT('',(-1.03923048454,-0.6,1.96));
#7450=CARTESIAN_POINT('',(-8.881784197E-16,-1.2,1.96));
#7451=CARTESIAN_POINT('',(-0.519615242271,-0.9,1.96));
#7452=CARTESIAN_POINT('',(-1.03923048454,0.6,1.96));
#7453=CARTESIAN_POINT('',(-1.03923048454,0.,1.96));
#7454=CARTESIAN_POINT('',(0.,1.2,1.96));
#7455=CARTESIAN_POINT('',(-0.519615242271,0.9,1.96));
#7456=CARTESIAN_POINT('',(1.03923048454,0.6,1.96));
#7457=CARTESIAN_POINT('',(0.519615242271,0.9,1.96));
#7458=CARTESIAN_POINT('',(1.03923048454,-0.6,1.96));
#7459=CARTESIAN_POINT('',(1.03923048454,-2.6645352591E-15,1.96));
#7460=CARTESIAN_POINT('',(0.519615242271,-0.9,1.96));
#7461=CARTESIAN_POINT('Origin',(1.03923048454,-0.6,1.96));
#7462=CARTESIAN_POINT('',(1.03923048454,-0.6,0.46));
#7463=CARTESIAN_POINT('',(1.03923048454,-0.6,1.21));
#7464=CARTESIAN_POINT('',(1.03923048454,0.6,0.46));
#7465=CARTESIAN_POINT('',(1.03923048454,0.6,1.21));
#7466=CARTESIAN_POINT('',(1.03923048454,-2.6645352591E-15,0.46));
#7467=CARTESIAN_POINT('Origin',(-8.881784197E-16,-1.2,1.96));
#7468=CARTESIAN_POINT('',(-8.881784197E-16,-1.2,0.46));
#7469=CARTESIAN_POINT('',(-8.881784197E-16,-1.2,1.21));
#7470=CARTESIAN_POINT('',(0.519615242271,-0.9,0.46));
#7471=CARTESIAN_POINT('Origin',(1.03923048454,0.6,1.96));
#7472=CARTESIAN_POINT('',(8.881784197E-16,1.2,0.46));
#7473=CARTESIAN_POINT('',(4.4408920985E-16,1.2,1.21));
#7474=CARTESIAN_POINT('',(0.519615242271,0.9,0.46));
#7475=CARTESIAN_POINT('Origin',(0.,0.,0.46));
#7476=CARTESIAN_POINT('',(-1.03923048454,0.6,0.46));
#7477=CARTESIAN_POINT('',(-0.519615242271,0.9,0.46));
#7478=CARTESIAN_POINT('',(-1.03923048454,-0.6,0.46));
#7479=CARTESIAN_POINT('',(-1.03923048454,0.,0.46));
#7480=CARTESIAN_POINT('',(-0.519615242271,-0.9,0.46));
#7481=CARTESIAN_POINT('Origin',(-1.03923048454,-0.6,1.96));
#7482=CARTESIAN_POINT('',(-1.03923048454,-0.6,1.21));
#7483=CARTESIAN_POINT('Origin',(0.,1.2,1.96));
#7484=CARTESIAN_POINT('',(-1.03923048454,0.6,1.21));
#7485=CARTESIAN_POINT('Origin',(-1.03923048454,0.6,1.96));
#7486=CARTESIAN_POINT('',(0.,0.,0.));
#7487=CARTESIAN_POINT('Origin',(0.,0.,-5.));
#7488=CARTESIAN_POINT('',(-1.,-1.22464679914735E-16,-5.));
#7489=CARTESIAN_POINT('Origin',(0.,0.,-5.));
#7490=CARTESIAN_POINT('Origin',(0.,0.,0.));
#7491=CARTESIAN_POINT('',(-1.895,-2.32070568438423E-16,1.38777878078145E-16));
#7492=CARTESIAN_POINT('Origin',(0.,0.,0.));
#7493=CARTESIAN_POINT('',(-1.,-1.22464679914735E-16,0.));
#7494=CARTESIAN_POINT('Origin',(0.,0.,0.));
#7495=CARTESIAN_POINT('Origin',(0.,0.,0.98));
#7496=CARTESIAN_POINT('',(-1.895,-2.32070568438423E-16,1.96));
#7497=CARTESIAN_POINT('Origin',(0.,0.,1.96));
#7498=CARTESIAN_POINT('',(-1.895,-2.32070568438423E-16,0.98));
#7499=CARTESIAN_POINT('Origin',(0.,0.,-6.));
#7500=CARTESIAN_POINT('',(-1.,-1.22464679914735E-16,-6.));
#7501=CARTESIAN_POINT('Origin',(0.,0.,1.96));
#7502=CARTESIAN_POINT('',(-1.03923048454,-0.6,1.96));
#7503=CARTESIAN_POINT('',(-8.881784197E-16,-1.2,1.96));
#7504=CARTESIAN_POINT('',(-0.519615242271,-0.9,1.96));
#7505=CARTESIAN_POINT('',(-1.03923048454,0.6,1.96));
#7506=CARTESIAN_POINT('',(-1.03923048454,0.,1.96));
#7507=CARTESIAN_POINT('',(0.,1.2,1.96));
#7508=CARTESIAN_POINT('',(-0.519615242271,0.9,1.96));
#7509=CARTESIAN_POINT('',(1.03923048454,0.6,1.96));
#7510=CARTESIAN_POINT('',(0.519615242271,0.9,1.96));
#7511=CARTESIAN_POINT('',(1.03923048454,-0.6,1.96));
#7512=CARTESIAN_POINT('',(1.03923048454,-2.6645352591E-15,1.96));
#7513=CARTESIAN_POINT('',(0.519615242271,-0.9,1.96));
#7514=CARTESIAN_POINT('Origin',(1.03923048454,-0.6,1.96));
#7515=CARTESIAN_POINT('',(1.03923048454,-0.6,0.46));
#7516=CARTESIAN_POINT('',(1.03923048454,-0.6,1.21));
#7517=CARTESIAN_POINT('',(1.03923048454,0.6,0.46));
#7518=CARTESIAN_POINT('',(1.03923048454,0.6,1.21));
#7519=CARTESIAN_POINT('',(1.03923048454,-2.6645352591E-15,0.46));
#7520=CARTESIAN_POINT('Origin',(-8.881784197E-16,-1.2,1.96));
#7521=CARTESIAN_POINT('',(-8.881784197E-16,-1.2,0.46));
#7522=CARTESIAN_POINT('',(-8.881784197E-16,-1.2,1.21));
#7523=CARTESIAN_POINT('',(0.519615242271,-0.9,0.46));
#7524=CARTESIAN_POINT('Origin',(1.03923048454,0.6,1.96));
#7525=CARTESIAN_POINT('',(8.881784197E-16,1.2,0.46));
#7526=CARTESIAN_POINT('',(4.4408920985E-16,1.2,1.21));
#7527=CARTESIAN_POINT('',(0.519615242271,0.9,0.46));
#7528=CARTESIAN_POINT('Origin',(0.,0.,0.46));
#7529=CARTESIAN_POINT('',(-1.03923048454,0.6,0.46));
#7530=CARTESIAN_POINT('',(-0.519615242271,0.9,0.46));
#7531=CARTESIAN_POINT('',(-1.03923048454,-0.6,0.46));
#7532=CARTESIAN_POINT('',(-1.03923048454,0.,0.46));
#7533=CARTESIAN_POINT('',(-0.519615242271,-0.9,0.46));
#7534=CARTESIAN_POINT('Origin',(-1.03923048454,-0.6,1.96));
#7535=CARTESIAN_POINT('',(-1.03923048454,-0.6,1.21));
#7536=CARTESIAN_POINT('Origin',(0.,1.2,1.96));
#7537=CARTESIAN_POINT('',(-1.03923048454,0.6,1.21));
#7538=CARTESIAN_POINT('Origin',(-1.03923048454,0.6,1.96));
#7539=CARTESIAN_POINT('',(0.,0.,0.));
#7540=CARTESIAN_POINT('Origin',(6.58,15.5649508545147,4.16666666666667));
#7541=CARTESIAN_POINT('',(15.4324755827277,15.5649508545147,-4.16666666666667));
#7542=CARTESIAN_POINT('',(15.4324755827277,15.5649508545147,4.16666666666667));
#7543=CARTESIAN_POINT('',(15.4324755827277,15.5649508545147,2.08333333333333));
#7544=CARTESIAN_POINT('',(21.4242259560382,15.5649508545146,4.16666666666667));
#7545=CARTESIAN_POINT('',(8.94605648900948,15.5649508545147,4.16666666666667));
#7546=CARTESIAN_POINT('',(21.4242259560379,15.5649508545147,-4.16666666666667));
#7547=CARTESIAN_POINT('Ctrl Pts',(21.4242259560379,15.5649508545147,-4.16666666666667));
#7548=CARTESIAN_POINT('Ctrl Pts',(21.4669649649502,15.5649508545147,-4.08973645062466));
#7549=CARTESIAN_POINT('Ctrl Pts',(21.5062182503284,15.5649508545147,-4.01299810126895));
#7550=CARTESIAN_POINT('Ctrl Pts',(22.0905144334501,15.5649508545147,-2.79134741489287));
#7551=CARTESIAN_POINT('Ctrl Pts',(22.2277103961355,15.5649508545147,-1.27160344551916));
#7552=CARTESIAN_POINT('Ctrl Pts',(22.2277103961355,15.5649508545147,4.26515003347655E-24));
#7553=CARTESIAN_POINT('Ctrl Pts',(22.2277103961355,15.5649508545147,1.27160344551916));
#7554=CARTESIAN_POINT('Ctrl Pts',(22.0905144334501,15.5649508545147,2.79134741489287));
#7555=CARTESIAN_POINT('Ctrl Pts',(21.5062182503284,15.5649508545147,4.01299810126895));
#7556=CARTESIAN_POINT('Ctrl Pts',(21.4669649649502,15.5649508545147,4.08973645062452));
#7557=CARTESIAN_POINT('Ctrl Pts',(21.424225956038,15.5649508545147,4.16666666666653));
#7558=CARTESIAN_POINT('',(8.94605648900948,15.5649508545147,-4.16666666666667));
#7559=CARTESIAN_POINT('Origin',(6.58,15.5649508545147,4.16666666666667));
#7560=CARTESIAN_POINT('',(6.58100745900862,15.564950854527,-4.16666666666667));
#7561=CARTESIAN_POINT('',(6.58100745900862,15.564950854527,4.16666666666667));
#7562=CARTESIAN_POINT('',(6.58100745900862,15.564950854527,0.));
#7563=CARTESIAN_POINT('',(13.7717503733103,15.5649508545147,4.16666666666667));
#7564=CARTESIAN_POINT('',(8.94605648900948,15.5649508545147,4.16666666666667));
#7565=CARTESIAN_POINT('',(13.7717503733103,15.5649508545147,-4.16666666666667));
#7566=CARTESIAN_POINT('',(13.7717503733103,15.5649508545147,2.08333333333333));
#7567=CARTESIAN_POINT('',(8.94605648900948,15.5649508545147,-4.16666666666667));
#7568=CARTESIAN_POINT('Origin',(11.312112978019,7.78247542726429,-4.16666666666667));
#7569=CARTESIAN_POINT('',(13.5425252983893,14.2649508545147,-4.16666666666667));
#7570=CARTESIAN_POINT('',(12.9546134243038,10.9307369314767,-4.16666666666667));
#7571=CARTESIAN_POINT('',(15.6617006576487,14.2649508545147,-4.16666666666667));
#7572=CARTESIAN_POINT('',(13.4869068178338,14.2649508545147,-4.16666666666667));
#7573=CARTESIAN_POINT('',(16.0313861809487,12.1683600672474,-4.16666666666667));
#7574=CARTESIAN_POINT('',(22.6242259560379,12.8303694527712,-4.16666666666667));
#7575=CARTESIAN_POINT('Ctrl Pts',(22.6242259560379,12.8303694527712,-4.16666666666667));
#7576=CARTESIAN_POINT('Ctrl Pts',(22.6242259560379,13.2821553967276,-4.16666666666667));
#7577=CARTESIAN_POINT('Ctrl Pts',(22.5327187835423,13.8165200791003,-4.16666666666667));
#7578=CARTESIAN_POINT('Ctrl Pts',(22.2235910971649,14.6118855671282,-4.16666666666667));
#7579=CARTESIAN_POINT('Ctrl Pts',(21.9704227414828,15.0218660173167,-4.16666666666667));
#7580=CARTESIAN_POINT('Ctrl Pts',(21.6129288898853,15.3985541837155,-4.16666666666667));
#7581=CARTESIAN_POINT('Ctrl Pts',(21.5221365586133,15.4841718025132,-4.16666666666667));
#7582=CARTESIAN_POINT('Ctrl Pts',(21.4242259560362,15.5649508545161,-4.16666666666667));
#7583=CARTESIAN_POINT('',(22.6242259560379,3.,-4.16666666666667));
#7584=CARTESIAN_POINT('',(22.6242259560379,15.9423024972989,-4.16666666666667));
#7585=CARTESIAN_POINT('',(19.6242259560379,0.,-4.16666666666667));
#7586=CARTESIAN_POINT('Origin',(19.6242259560379,3.,-4.16666666666667));
#7587=CARTESIAN_POINT('',(16.1913824502517,0.,-4.16666666666667));
#7588=CARTESIAN_POINT('',(0.,0.,-4.16666666666667));
#7589=CARTESIAN_POINT('',(16.4206075251727,1.3,-4.16666666666667));
#7590=CARTESIAN_POINT('',(16.8978718393901,4.00670042837365,-4.16666666666667));
#7591=CARTESIAN_POINT('',(14.3014321659133,1.3,-4.16666666666667));
#7592=CARTESIAN_POINT('',(12.8067725719661,1.3,-4.16666666666667));
#7593=CARTESIAN_POINT('',(14.5306572408343,0.,-4.16666666666667));
#7594=CARTESIAN_POINT('',(13.8166909082252,4.04910428194507,-4.16666666666667));
#7595=CARTESIAN_POINT('',(6.63219990202286,0.,-4.16666666666667));
#7596=CARTESIAN_POINT('',(0.,0.,-4.16666666666667));
#7597=CARTESIAN_POINT('',(6.86142497694386,1.3,-4.16666666666667));
#7598=CARTESIAN_POINT('',(7.48281160288949,4.82405867467901,-4.16666666666667));
#7599=CARTESIAN_POINT('',(4.74224961768444,1.3,-4.16666666666667));
#7600=CARTESIAN_POINT('',(8.02718129785171,1.3,-4.16666666666667));
#7601=CARTESIAN_POINT('',(4.97147469260545,5.85469173142172E-17,-4.16666666666667));
#7602=CARTESIAN_POINT('',(4.40163067172455,3.23174603563971,-4.16666666666667));
#7603=CARTESIAN_POINT('',(0.,0.,-4.16666666666667));
#7604=CARTESIAN_POINT('',(0.,0.,-4.16666666666667));
#7605=CARTESIAN_POINT('',(0.,0.178571428571428,-4.16666666666667));
#7606=CARTESIAN_POINT('',(2.77555756156289E-16,0.178571428571428,-4.16666666666667));
#7607=CARTESIAN_POINT('',(1.42857142857143,1.60714285714286,-4.16666666666667));
#7608=CARTESIAN_POINT('Origin',(1.42857142857143,0.178571428571428,-4.16666666666667));
#7609=CARTESIAN_POINT('',(1.97802197802033,3.20377409107002,-4.16666666666667));
#7610=CARTESIAN_POINT('Origin',(1.42857142857143,2.5,-4.16666666666667));
#7611=CARTESIAN_POINT('',(1.42857142857143,4.32981263677857,-4.16666666666667));
#7612=CARTESIAN_POINT('Origin',(2.85714285714286,4.32981263677857,-4.16666666666667));
#7613=CARTESIAN_POINT('',(1.42857142859118,5.83981761045909,-4.16666666666667));
#7614=CARTESIAN_POINT('',(1.42857142859118,5.83981761045909,-4.16666666666667));
#7615=CARTESIAN_POINT('',(1.07575499966428,5.82785351695714,-4.16666666666667));
#7616=CARTESIAN_POINT('Origin',(1.37305406190746,2.26881183695441,-4.16666666666667));
#7617=CARTESIAN_POINT('',(1.04801407025,5.82567866014286,-4.16666666666667));
#7618=CARTESIAN_POINT('Ctrl Pts',(1.07575499966429,5.82785351695714,-4.16666666666667));
#7619=CARTESIAN_POINT('Ctrl Pts',(1.07020910456429,5.82739025219286,-4.16666666666667));
#7620=CARTESIAN_POINT('Ctrl Pts',(1.06466201423571,5.82694129640714,-4.16666666666667));
#7621=CARTESIAN_POINT('Ctrl Pts',(1.05911367387857,5.82650646411428,-4.16666666666667));
#7622=CARTESIAN_POINT('Ctrl Pts',(1.05356437917857,5.82608564602143,-4.16666666666667));
#7623=CARTESIAN_POINT('Ctrl Pts',(1.04801407025,5.82567866014286,-4.16666666666667));
#7624=CARTESIAN_POINT('',(0.830393926099999,6.18080245952143,-4.16666666666667));
#7625=CARTESIAN_POINT('Origin',(6.29645034005577,9.28616534045032,-4.16666666666667));
#7626=CARTESIAN_POINT('',(0.84492585612141,6.20453244428568,-4.16666666666667));
#7627=CARTESIAN_POINT('Ctrl Pts',(0.8303939261,6.18080245952143,-4.16666666666667));
#7628=CARTESIAN_POINT('Ctrl Pts',(0.833276340700001,6.18556305326428,-4.16666666666667));
#7629=CARTESIAN_POINT('Ctrl Pts',(0.836170619435714,6.19031646362143,-4.16666666666667));
#7630=CARTESIAN_POINT('Ctrl Pts',(0.839076951671429,6.19506266136429,-4.16666666666667));
#7631=CARTESIAN_POINT('Ctrl Pts',(0.841995300514287,6.19980133337143,-4.16666666666667));
#7632=CARTESIAN_POINT('Ctrl Pts',(0.844925856121429,6.20453244428571,-4.16666666666667));
#7633=CARTESIAN_POINT('',(1.26975973683459,7.20389574740671,-4.16666666666667));
#7634=CARTESIAN_POINT('Origin',(-2.19122547328973,8.08519522514314,-4.16666666666667));
#7635=CARTESIAN_POINT('',(0.26270025019286,7.61014939848572,-4.16666666666667));
#7636=CARTESIAN_POINT('Origin',(-0.554353520614139,4.13343684079855,-4.16666666666667));
#7637=CARTESIAN_POINT('',(0.235644990785713,7.61665340536429,-4.16666666666667));
#7638=CARTESIAN_POINT('Ctrl Pts',(0.262700250192857,7.61014939848571,-4.16666666666667));
#7639=CARTESIAN_POINT('Ctrl Pts',(0.257282633835715,7.61142258334286,-4.16666666666667));
#7640=CARTESIAN_POINT('Ctrl Pts',(0.251868302464286,7.6127097462,-4.16666666666667));
#7641=CARTESIAN_POINT('Ctrl Pts',(0.246457146642858,7.61401072757857,-4.16666666666667));
#7642=CARTESIAN_POINT('Ctrl Pts',(0.241049413814286,7.61532533215714,-4.16666666666667));
#7643=CARTESIAN_POINT('Ctrl Pts',(0.235644990785715,7.61665340536429,-4.16666666666667));
#7644=CARTESIAN_POINT('',(0.191601177160106,7.78571432040975,-4.16666666666667));
#7645=CARTESIAN_POINT('Origin',(6.29655369577123,9.28591581020076,-4.16666666666667));
#7646=CARTESIAN_POINT('',(0.138415419656228,8.0216443048142,-4.16666666666667));
#7647=CARTESIAN_POINT('Origin',(6.29595567572695,9.28578036815274,-4.16666666666667));
#7648=CARTESIAN_POINT('',(0.159568879042831,8.03972247501426,-4.16666666666667));
#7649=CARTESIAN_POINT('Ctrl Pts',(0.138415419656227,8.0216443048142,-4.16666666666667));
#7650=CARTESIAN_POINT('Ctrl Pts',(0.145435839998153,8.0277061991841,-4.16666666666667));
#7651=CARTESIAN_POINT('Ctrl Pts',(0.152487094405141,8.03373238390621,-4.16666666666667));
#7652=CARTESIAN_POINT('Ctrl Pts',(0.159568818016542,8.03972254716115,-4.16666666666667));
#7653=CARTESIAN_POINT('',(0.872430153413033,8.85889256795246,-4.16666666666667));
#7654=CARTESIAN_POINT('Origin',(-2.1468258674457,10.7665614261302,-4.16666666666667));
#7655=CARTESIAN_POINT('',(0.0401989489999988,9.55646124551571,-4.16666666666667));
#7656=CARTESIAN_POINT('Origin',(-1.81122862859891,6.50239461294042,-4.16666666666667));
#7657=CARTESIAN_POINT('',(0.0164777169000008,9.57100745858429,-4.16666666666667));
#7658=CARTESIAN_POINT('Ctrl Pts',(0.0401989489999999,9.55646124551571,-4.16666666666667));
#7659=CARTESIAN_POINT('Ctrl Pts',(0.0354399254214288,9.55934625179929,-4.16666666666667));
#7660=CARTESIAN_POINT('Ctrl Pts',(0.0306883454857154,9.562243536825,-4.16666666666667));
#7661=CARTESIAN_POINT('Ctrl Pts',(0.0259440558357138,9.56515298275071,-4.16666666666667));
#7662=CARTESIAN_POINT('Ctrl Pts',(0.0212072314428569,9.56807432734643,-4.16666666666667));
#7663=CARTESIAN_POINT('Ctrl Pts',(0.0164777168999997,9.57100745858429,-4.16666666666667));
#7664=CARTESIAN_POINT('',(0.0491559701940636,9.9862222823853,-4.16666666666667));
#7665=CARTESIAN_POINT('Origin',(6.29657488892862,9.28564655479774,-4.16666666666667));
#7666=CARTESIAN_POINT('',(0.0748605316630568,9.99687895298905,-4.16666666666667));
#7667=CARTESIAN_POINT('Ctrl Pts',(0.0491559701940647,9.9862222823853,-4.16666666666667));
#7668=CARTESIAN_POINT('Ctrl Pts',(0.0577060150870309,9.98981805733255,-4.16666666666667));
#7669=CARTESIAN_POINT('Ctrl Pts',(0.0662743500302167,9.99337034213703,-4.16666666666667));
#7670=CARTESIAN_POINT('Ctrl Pts',(0.0748605316630591,9.99687895298905,-4.16666666666667));
#7671=CARTESIAN_POINT('',(1.00596940772781,10.5556696720497,-4.16666666666667));
#7672=CARTESIAN_POINT('Origin',(-1.27601160837077,13.302971990888,-4.16666666666667));
#7673=CARTESIAN_POINT('',(0.430031073686035,11.4762704937376,-4.16666666666667));
#7674=CARTESIAN_POINT('Origin',(-2.27453967986227,9.14380310693333,-4.16666666666667));
#7675=CARTESIAN_POINT('',(0.411965939511392,11.4974350883882,-4.16666666666667));
#7676=CARTESIAN_POINT('Ctrl Pts',(0.430030845622987,11.4762702970522,-4.16666666666667));
#7677=CARTESIAN_POINT('Ctrl Pts',(0.423973586291813,11.4832947172301,-4.16666666666667));
#7678=CARTESIAN_POINT('Ctrl Pts',(0.417951848267862,11.4903497679438,-4.16666666666667));
#7679=CARTESIAN_POINT('Ctrl Pts',(0.411965939511393,11.4974350883882,-4.16666666666667));
#7680=CARTESIAN_POINT('',(0.571353145857141,11.8822299552429,-4.16666666666667));
#7681=CARTESIAN_POINT('Origin',(6.29651183798971,9.28538392869459,-4.16666666666667));
#7682=CARTESIAN_POINT('',(0.59909276095711,11.8844215119714,-4.16666666666667));
#7683=CARTESIAN_POINT('Ctrl Pts',(0.571353145857143,11.8822299552429,-4.16666666666667));
#7684=CARTESIAN_POINT('Ctrl Pts',(0.576898787885716,11.8826962396357,-4.16666666666667));
#7685=CARTESIAN_POINT('Ctrl Pts',(0.582445592007144,11.8831487034643,-4.16666666666667));
#7686=CARTESIAN_POINT('Ctrl Pts',(0.587993645864286,11.8835871763286,-4.16666666666667));
#7687=CARTESIAN_POINT('Ctrl Pts',(0.593542674457144,11.8840115040429,-4.16666666666667));
#7688=CARTESIAN_POINT('Ctrl Pts',(0.599092760957144,11.8844215119714,-4.16666666666667));
#7689=CARTESIAN_POINT('',(1.65730574629956,12.1281346944428,-4.16666666666667));
#7690=CARTESIAN_POINT('Origin',(0.335975936212674,15.4461453819443,-4.16666666666667));
#7691=CARTESIAN_POINT('',(1.39403713981429,13.1816528377786,-4.16666666666667));
#7692=CARTESIAN_POINT('Origin',(-1.89893456049148,11.7991028558606,-4.16666666666667));
#7693=CARTESIAN_POINT('',(1.38339639565902,13.2073639969234,-4.16666666666667));
#7694=CARTESIAN_POINT('Ctrl Pts',(1.39403686212743,13.1816527212113,-4.16666666666667));
#7695=CARTESIAN_POINT('Ctrl Pts',(1.39044673137978,13.190205137869,-4.16666666666667));
#7696=CARTESIAN_POINT('Ctrl Pts',(1.38689984875943,13.1987757092101,-4.16666666666667));
#7697=CARTESIAN_POINT('Ctrl Pts',(1.38339639565902,13.2073639969234,-4.16666666666667));
#7698=CARTESIAN_POINT('',(1.65389079007143,13.5240723070357,-4.16666666666667));
#7699=CARTESIAN_POINT('Origin',(6.29637071400858,9.28515364295702,-4.16666666666667));
#7700=CARTESIAN_POINT('',(1.68094996004194,13.5175845888574,-4.16666666666667));
#7701=CARTESIAN_POINT('Ctrl Pts',(1.65389079007143,13.5240723070357,-4.16666666666667));
#7702=CARTESIAN_POINT('Ctrl Pts',(1.65930909886429,13.5228020722214,-4.16666666666667));
#7703=CARTESIAN_POINT('Ctrl Pts',(1.66472424207857,13.52151833415,-4.16666666666667));
#7704=CARTESIAN_POINT('Ctrl Pts',(1.67013625041429,13.5202209037,-4.16666666666667));
#7705=CARTESIAN_POINT('Ctrl Pts',(1.67554481469286,13.5189097192,-4.16666666666667));
#7706=CARTESIAN_POINT('Ctrl Pts',(1.68094996004286,13.5175845888571,-4.16666666666667));
#7707=CARTESIAN_POINT('',(2.7626818305536,13.4223638024869,-4.16666666666667));
#7708=CARTESIAN_POINT('Origin',(2.53134419443704,16.9862928552332,-4.16666666666667));
#7709=CARTESIAN_POINT('',(2.83785351695714,14.5056735717643,-4.16666666666667));
#7710=CARTESIAN_POINT('Origin',(-0.72118011673917,14.2083746197505,-4.16666666666667));
#7711=CARTESIAN_POINT('',(2.83567866014286,14.5334145011786,-4.16666666666667));
#7712=CARTESIAN_POINT('Ctrl Pts',(2.83785351695714,14.5056735717643,-4.16666666666667));
#7713=CARTESIAN_POINT('Ctrl Pts',(2.83739025219286,14.5112194668643,-4.16666666666667));
#7714=CARTESIAN_POINT('Ctrl Pts',(2.83694129640714,14.5167665571929,-4.16666666666667));
#7715=CARTESIAN_POINT('Ctrl Pts',(2.83650646411429,14.52231489755,-4.16666666666667));
#7716=CARTESIAN_POINT('Ctrl Pts',(2.83608564602143,14.52786419225,-4.16666666666667));
#7717=CARTESIAN_POINT('Ctrl Pts',(2.83567866014286,14.5334145011786,-4.16666666666667));
#7718=CARTESIAN_POINT('',(3.19080245952143,14.7510346453286,-4.16666666666667));
#7719=CARTESIAN_POINT('Origin',(6.29616534045032,9.28497823137281,-4.16666666666667));
#7720=CARTESIAN_POINT('',(3.21453244428572,14.7365027153071,-4.16666666666667));
#7721=CARTESIAN_POINT('Ctrl Pts',(3.19080245952143,14.7510346453286,-4.16666666666667));
#7722=CARTESIAN_POINT('Ctrl Pts',(3.19556305326429,14.7481522307286,-4.16666666666667));
#7723=CARTESIAN_POINT('Ctrl Pts',(3.20031646362143,14.7452579519929,-4.16666666666667));
#7724=CARTESIAN_POINT('Ctrl Pts',(3.20506266136429,14.7423516197571,-4.16666666666667));
#7725=CARTESIAN_POINT('Ctrl Pts',(3.20980133337143,14.7394332709143,-4.16666666666667));
#7726=CARTESIAN_POINT('Ctrl Pts',(3.21453244428572,14.7365027153071,-4.16666666666667));
#7727=CARTESIAN_POINT('',(4.21389574740538,14.3116688345947,-4.16666666666667));
#7728=CARTESIAN_POINT('Origin',(5.09519522514314,17.7726540447183,-4.16666666666667));
#7729=CARTESIAN_POINT('',(4.62014939848571,15.3187283212357,-4.16666666666667));
#7730=CARTESIAN_POINT('Origin',(1.14343684090542,16.135782092005,-4.16666666666667));
#7731=CARTESIAN_POINT('',(4.62665340594041,15.3457835808015,-4.16666666666667));
#7732=CARTESIAN_POINT('Ctrl Pts',(4.62014939848572,15.3187283212357,-4.16666666666667));
#7733=CARTESIAN_POINT('Ctrl Pts',(4.62142258334286,15.3241459375929,-4.16666666666667));
#7734=CARTESIAN_POINT('Ctrl Pts',(4.6227097462,15.3295602689643,-4.16666666666667));
#7735=CARTESIAN_POINT('Ctrl Pts',(4.62401072757857,15.3349714247857,-4.16666666666667));
#7736=CARTESIAN_POINT('Ctrl Pts',(4.62532533215714,15.3403791576143,-4.16666666666667));
#7737=CARTESIAN_POINT('Ctrl Pts',(4.62665340536429,15.3457835806429,-4.16666666666667));
#7738=CARTESIAN_POINT('',(5.03164453171429,15.4430133476929,-4.16666666666667));
#7739=CARTESIAN_POINT('Origin',(6.29591581020076,9.28487487565734,-4.16666666666667));
#7740=CARTESIAN_POINT('',(5.04972247501426,15.4218596923857,-4.16666666666667));
#7741=CARTESIAN_POINT('Ctrl Pts',(5.03164453171429,15.4430133476929,-4.16666666666667));
#7742=CARTESIAN_POINT('Ctrl Pts',(5.03528141032143,15.4388009041357,-4.16666666666667));
#7743=CARTESIAN_POINT('Ctrl Pts',(5.0389077909,15.4345793969071,-4.16666666666667));
#7744=CARTESIAN_POINT('Ctrl Pts',(5.04252358713572,15.4303486549357,-4.16666666666667));
#7745=CARTESIAN_POINT('Ctrl Pts',(5.04612851264286,15.4261088100714,-4.16666666666667));
#7746=CARTESIAN_POINT('Ctrl Pts',(5.04972247501429,15.4218596923857,-4.16666666666667));
#7747=CARTESIAN_POINT('',(5.86889256808648,14.7089984179357,-4.16666666666667));
#7748=CARTESIAN_POINT('Origin',(7.77656142613016,17.7282544388743,-4.16666666666667));
#7749=CARTESIAN_POINT('',(6.56646124551572,15.5412296224286,-4.16666666666667));
#7750=CARTESIAN_POINT('Origin',(3.5123946129946,17.3926571999805,-4.16666666666667));
#7751=CARTESIAN_POINT('Ctrl Pts',(6.56646124551572,15.5412296224286,-4.16666666666667));
#7752=CARTESIAN_POINT('Ctrl Pts',(6.56934625179929,15.5459886460071,-4.16666666666667));
#7753=CARTESIAN_POINT('Ctrl Pts',(6.572243536825,15.5507402259429,-4.16666666666667));
#7754=CARTESIAN_POINT('Ctrl Pts',(6.57515298275071,15.5554845155929,-4.16666666666667));
#7755=CARTESIAN_POINT('Ctrl Pts',(6.57807432734643,15.5602213399857,-4.16666666666667));
#7756=CARTESIAN_POINT('Ctrl Pts',(6.58100745858429,15.5649508545286,-4.16666666666667));
#7757=CARTESIAN_POINT('',(5.39571428571429,5.,-4.16666666666667));
#7758=CARTESIAN_POINT('Origin',(6.29571428571428,5.,-4.16666666666667));
#7759=CARTESIAN_POINT('',(9.68214285714286,9.285,-4.16666666666667));
#7760=CARTESIAN_POINT('Origin',(10.5821428571429,9.285,-4.16666666666667));
#7761=CARTESIAN_POINT('',(13.9671428571429,5.,-4.16666666666667));
#7762=CARTESIAN_POINT('Origin',(14.8671428571429,5.,-4.16666666666667));
#7763=CARTESIAN_POINT('',(17.6164068114646,9.28526323531962,-4.16666666666667));
#7764=CARTESIAN_POINT('Origin',(14.8664068114646,9.28526323531962,-4.16666666666667));
#7765=CARTESIAN_POINT('',(13.3314285714286,5.,-4.16666666666667));
#7766=CARTESIAN_POINT('Origin',(10.5814285714286,5.,-4.16666666666667));
#7767=CARTESIAN_POINT('',(9.04616534045032,9.28497823137281,-4.16666666666667));
#7768=CARTESIAN_POINT('Origin',(6.29616534045032,9.28497823137281,-4.16666666666667));
#7769=CARTESIAN_POINT('Origin',(19.6242259560379,6.4743574256516,4.26515003347655E-24));
#7770=CARTESIAN_POINT('',(22.6242259560379,12.8303694527712,4.16666666666667));
#7771=CARTESIAN_POINT('Ctrl Pts',(21.4242259560382,15.5649508545144,4.16666666666667));
#7772=CARTESIAN_POINT('Ctrl Pts',(21.5221365586146,15.484171802512,4.16666666666667));
#7773=CARTESIAN_POINT('Ctrl Pts',(21.6129288898859,15.3985541837149,4.16666666666667));
#7774=CARTESIAN_POINT('Ctrl Pts',(21.9704227414828,15.0218660173167,4.16666666666667));
#7775=CARTESIAN_POINT('Ctrl Pts',(22.2235910971649,14.6118855671282,4.16666666666667));
#7776=CARTESIAN_POINT('Ctrl Pts',(22.5327187835423,13.8165200791003,4.16666666666667));
#7777=CARTESIAN_POINT('Ctrl Pts',(22.6242259560379,13.2821553967276,4.16666666666667));
#7778=CARTESIAN_POINT('Ctrl Pts',(22.6242259560379,12.8303694527712,4.16666666666667));
#7779=CARTESIAN_POINT('Origin',(22.6242259560379,6.4743574256516,4.26515003347655E-24));
#7780=CARTESIAN_POINT('Origin',(19.6242259560379,3.,0.));
#7781=CARTESIAN_POINT('',(22.6242259560379,3.,4.16666666666667));
#7782=CARTESIAN_POINT('',(22.6242259560379,3.,0.));
#7783=CARTESIAN_POINT('',(19.6242259560379,0.,4.16666666666667));
#7784=CARTESIAN_POINT('Origin',(19.6242259560379,3.,4.16666666666667));
#7785=CARTESIAN_POINT('',(19.6242259560379,0.,0.));
#7786=CARTESIAN_POINT('Origin',(0.,0.,0.));
#7787=CARTESIAN_POINT('',(16.1913824502517,0.,4.16666666666667));
#7788=CARTESIAN_POINT('',(0.,0.,4.16666666666667));
#7789=CARTESIAN_POINT('',(16.1913824502517,0.,2.08333333333333));
#7790=CARTESIAN_POINT('Origin',(11.312112978019,7.78247542726429,4.16666666666667));
#7791=CARTESIAN_POINT('',(6.56646124551572,15.5412296224286,4.16666666666667));
#7792=CARTESIAN_POINT('Ctrl Pts',(6.58100745858429,15.5649508545286,4.16666666666667));
#7793=CARTESIAN_POINT('Ctrl Pts',(6.57807432734643,15.5602213399857,4.16666666666667));
#7794=CARTESIAN_POINT('Ctrl Pts',(6.57515298275071,15.5554845155929,4.16666666666667));
#7795=CARTESIAN_POINT('Ctrl Pts',(6.572243536825,15.5507402259429,4.16666666666667));
#7796=CARTESIAN_POINT('Ctrl Pts',(6.56934625179929,15.5459886460071,4.16666666666667));
#7797=CARTESIAN_POINT('Ctrl Pts',(6.56646124551572,15.5412296224286,4.16666666666667));
#7798=CARTESIAN_POINT('',(5.86889256808648,14.7089984179357,4.16666666666667));
#7799=CARTESIAN_POINT('Origin',(3.5123946129946,17.3926571999805,4.16666666666667));
#7800=CARTESIAN_POINT('',(5.04972247501426,15.4218596923857,4.16666666666667));
#7801=CARTESIAN_POINT('Origin',(7.77656142613016,17.7282544388743,4.16666666666667));
#7802=CARTESIAN_POINT('',(5.03164453171429,15.4430133476929,4.16666666666667));
#7803=CARTESIAN_POINT('Ctrl Pts',(5.04972247501429,15.4218596923857,4.16666666666667));
#7804=CARTESIAN_POINT('Ctrl Pts',(5.04612851264286,15.4261088100714,4.16666666666667));
#7805=CARTESIAN_POINT('Ctrl Pts',(5.04252358713572,15.4303486549357,4.16666666666667));
#7806=CARTESIAN_POINT('Ctrl Pts',(5.0389077909,15.4345793969071,4.16666666666667));
#7807=CARTESIAN_POINT('Ctrl Pts',(5.03528141032143,15.4388009041357,4.16666666666667));
#7808=CARTESIAN_POINT('Ctrl Pts',(5.03164453171429,15.4430133476929,4.16666666666667));
#7809=CARTESIAN_POINT('',(4.62665340594041,15.3457835808015,4.16666666666667));
#7810=CARTESIAN_POINT('Origin',(6.29591581020076,9.28487487565734,4.16666666666667));
#7811=CARTESIAN_POINT('',(4.62014939848571,15.3187283212357,4.16666666666667));
#7812=CARTESIAN_POINT('Ctrl Pts',(4.62665340536429,15.3457835806429,4.16666666666667));
#7813=CARTESIAN_POINT('Ctrl Pts',(4.62532533215714,15.3403791576143,4.16666666666667));
#7814=CARTESIAN_POINT('Ctrl Pts',(4.62401072757857,15.3349714247857,4.16666666666667));
#7815=CARTESIAN_POINT('Ctrl Pts',(4.6227097462,15.3295602689643,4.16666666666667));
#7816=CARTESIAN_POINT('Ctrl Pts',(4.62142258334286,15.3241459375929,4.16666666666667));
#7817=CARTESIAN_POINT('Ctrl Pts',(4.62014939848572,15.3187283212357,4.16666666666667));
#7818=CARTESIAN_POINT('',(4.21389574740538,14.3116688345947,4.16666666666667));
#7819=CARTESIAN_POINT('Origin',(1.14343684090542,16.135782092005,4.16666666666667));
#7820=CARTESIAN_POINT('',(3.21453244428572,14.7365027153071,4.16666666666667));
#7821=CARTESIAN_POINT('Origin',(5.09519522514314,17.7726540447183,4.16666666666667));
#7822=CARTESIAN_POINT('',(3.19080245952143,14.7510346453286,4.16666666666667));
#7823=CARTESIAN_POINT('Ctrl Pts',(3.21453244428572,14.7365027153071,4.16666666666667));
#7824=CARTESIAN_POINT('Ctrl Pts',(3.20980133337143,14.7394332709143,4.16666666666667));
#7825=CARTESIAN_POINT('Ctrl Pts',(3.20506266136429,14.7423516197571,4.16666666666667));
#7826=CARTESIAN_POINT('Ctrl Pts',(3.20031646362143,14.7452579519929,4.16666666666667));
#7827=CARTESIAN_POINT('Ctrl Pts',(3.19556305326429,14.7481522307286,4.16666666666667));
#7828=CARTESIAN_POINT('Ctrl Pts',(3.19080245952143,14.7510346453286,4.16666666666667));
#7829=CARTESIAN_POINT('',(2.83567866014286,14.5334145011786,4.16666666666667));
#7830=CARTESIAN_POINT('Origin',(6.29616534045032,9.28497823137281,4.16666666666667));
#7831=CARTESIAN_POINT('',(2.83785351695714,14.5056735717643,4.16666666666667));
#7832=CARTESIAN_POINT('Ctrl Pts',(2.83567866014286,14.5334145011786,4.16666666666667));
#7833=CARTESIAN_POINT('Ctrl Pts',(2.83608564602143,14.52786419225,4.16666666666667));
#7834=CARTESIAN_POINT('Ctrl Pts',(2.83650646411429,14.52231489755,4.16666666666667));
#7835=CARTESIAN_POINT('Ctrl Pts',(2.83694129640714,14.5167665571929,4.16666666666667));
#7836=CARTESIAN_POINT('Ctrl Pts',(2.83739025219286,14.5112194668643,4.16666666666667));
#7837=CARTESIAN_POINT('Ctrl Pts',(2.83785351695714,14.5056735717643,4.16666666666667));
#7838=CARTESIAN_POINT('',(2.7626818305536,13.4223638024869,4.16666666666667));
#7839=CARTESIAN_POINT('Origin',(-0.72118011673917,14.2083746197505,4.16666666666667));
#7840=CARTESIAN_POINT('',(1.68094996004194,13.5175845888574,4.16666666666667));
#7841=CARTESIAN_POINT('Origin',(2.53134419443704,16.9862928552332,4.16666666666667));
#7842=CARTESIAN_POINT('',(1.65389079007143,13.5240723070357,4.16666666666667));
#7843=CARTESIAN_POINT('Ctrl Pts',(1.68094996004286,13.5175845888571,4.16666666666667));
#7844=CARTESIAN_POINT('Ctrl Pts',(1.67554481469286,13.5189097192,4.16666666666667));
#7845=CARTESIAN_POINT('Ctrl Pts',(1.67013625041429,13.5202209037,4.16666666666667));
#7846=CARTESIAN_POINT('Ctrl Pts',(1.66472424207857,13.52151833415,4.16666666666667));
#7847=CARTESIAN_POINT('Ctrl Pts',(1.65930909886429,13.5228020722214,4.16666666666667));
#7848=CARTESIAN_POINT('Ctrl Pts',(1.65389079007143,13.5240723070357,4.16666666666667));
#7849=CARTESIAN_POINT('',(1.38339639565902,13.2073639969234,4.16666666666667));
#7850=CARTESIAN_POINT('Origin',(6.29637071400858,9.28515364295702,4.16666666666667));
#7851=CARTESIAN_POINT('',(1.39403713981429,13.1816528377786,4.16666666666667));
#7852=CARTESIAN_POINT('Ctrl Pts',(1.38339639565902,13.2073639969234,4.16666666666667));
#7853=CARTESIAN_POINT('Ctrl Pts',(1.38689984875943,13.1987757092101,4.16666666666667));
#7854=CARTESIAN_POINT('Ctrl Pts',(1.39044673137978,13.190205137869,4.16666666666667));
#7855=CARTESIAN_POINT('Ctrl Pts',(1.39403686212743,13.1816527212113,4.16666666666667));
#7856=CARTESIAN_POINT('',(1.65730574629956,12.1281346944428,4.16666666666667));
#7857=CARTESIAN_POINT('Origin',(-1.89893456049148,11.7991028558606,4.16666666666667));
#7858=CARTESIAN_POINT('',(0.59909276095711,11.8844215119714,4.16666666666667));
#7859=CARTESIAN_POINT('Origin',(0.335975936212674,15.4461453819443,4.16666666666667));
#7860=CARTESIAN_POINT('',(0.571353145857141,11.8822299552429,4.16666666666667));
#7861=CARTESIAN_POINT('Ctrl Pts',(0.599092760957144,11.8844215119714,4.16666666666667));
#7862=CARTESIAN_POINT('Ctrl Pts',(0.593542674457144,11.8840115040429,4.16666666666667));
#7863=CARTESIAN_POINT('Ctrl Pts',(0.587993645864286,11.8835871763286,4.16666666666667));
#7864=CARTESIAN_POINT('Ctrl Pts',(0.582445592007144,11.8831487034643,4.16666666666667));
#7865=CARTESIAN_POINT('Ctrl Pts',(0.576898787885716,11.8826962396357,4.16666666666667));
#7866=CARTESIAN_POINT('Ctrl Pts',(0.571353145857143,11.8822299552429,4.16666666666667));
#7867=CARTESIAN_POINT('',(0.411965939511392,11.4974350883882,4.16666666666667));
#7868=CARTESIAN_POINT('Origin',(6.29651183798971,9.28538392869459,4.16666666666667));
#7869=CARTESIAN_POINT('',(0.430031073686035,11.4762704937376,4.16666666666667));
#7870=CARTESIAN_POINT('Ctrl Pts',(0.411965939511393,11.4974350883882,4.16666666666667));
#7871=CARTESIAN_POINT('Ctrl Pts',(0.417951848267862,11.4903497679438,4.16666666666667));
#7872=CARTESIAN_POINT('Ctrl Pts',(0.423973586291813,11.4832947172301,4.16666666666667));
#7873=CARTESIAN_POINT('Ctrl Pts',(0.430030845622987,11.4762702970522,4.16666666666667));
#7874=CARTESIAN_POINT('',(1.00596940772781,10.5556696720497,4.16666666666667));
#7875=CARTESIAN_POINT('Origin',(-2.27453967986227,9.14380310693333,4.16666666666667));
#7876=CARTESIAN_POINT('',(0.0748605316630568,9.99687895298905,4.16666666666667));
#7877=CARTESIAN_POINT('Origin',(-1.27601160837077,13.302971990888,4.16666666666667));
#7878=CARTESIAN_POINT('',(0.0491559701940636,9.9862222823853,4.16666666666667));
#7879=CARTESIAN_POINT('Ctrl Pts',(0.0748605316630591,9.99687895298905,4.16666666666667));
#7880=CARTESIAN_POINT('Ctrl Pts',(0.0662743500302167,9.99337034213703,4.16666666666667));
#7881=CARTESIAN_POINT('Ctrl Pts',(0.0577060150870309,9.98981805733255,4.16666666666667));
#7882=CARTESIAN_POINT('Ctrl Pts',(0.0491559701940647,9.9862222823853,4.16666666666667));
#7883=CARTESIAN_POINT('',(0.0164777169000008,9.57100745858429,4.16666666666667));
#7884=CARTESIAN_POINT('Origin',(6.29657488892862,9.28564655479774,4.16666666666667));
#7885=CARTESIAN_POINT('',(0.0401989489999988,9.55646124551571,4.16666666666667));
#7886=CARTESIAN_POINT('Ctrl Pts',(0.0164777168999997,9.57100745858429,4.16666666666667));
#7887=CARTESIAN_POINT('Ctrl Pts',(0.0212072314428569,9.56807432734643,4.16666666666667));
#7888=CARTESIAN_POINT('Ctrl Pts',(0.0259440558357138,9.56515298275071,4.16666666666667));
#7889=CARTESIAN_POINT('Ctrl Pts',(0.0306883454857154,9.562243536825,4.16666666666667));
#7890=CARTESIAN_POINT('Ctrl Pts',(0.0354399254214288,9.55934625179929,4.16666666666667));
#7891=CARTESIAN_POINT('Ctrl Pts',(0.0401989489999999,9.55646124551571,4.16666666666667));
#7892=CARTESIAN_POINT('',(0.872430153413033,8.85889256795246,4.16666666666667));
#7893=CARTESIAN_POINT('Origin',(-1.81122862859891,6.50239461294042,4.16666666666667));
#7894=CARTESIAN_POINT('',(0.159568879042831,8.03972247501426,4.16666666666667));
#7895=CARTESIAN_POINT('Origin',(-2.1468258674457,10.7665614261302,4.16666666666667));
#7896=CARTESIAN_POINT('',(0.138415419656228,8.0216443048142,4.16666666666667));
#7897=CARTESIAN_POINT('Ctrl Pts',(0.159568818016542,8.03972254716115,4.16666666666667));
#7898=CARTESIAN_POINT('Ctrl Pts',(0.152487094405141,8.03373238390621,4.16666666666667));
#7899=CARTESIAN_POINT('Ctrl Pts',(0.145435839998153,8.0277061991841,4.16666666666667));
#7900=CARTESIAN_POINT('Ctrl Pts',(0.138415419656227,8.0216443048142,4.16666666666667));
#7901=CARTESIAN_POINT('',(0.191601177160106,7.78571432040975,4.16666666666667));
#7902=CARTESIAN_POINT('Origin',(6.29595567572695,9.28578036815274,4.16666666666667));
#7903=CARTESIAN_POINT('',(0.235644990785713,7.61665340536429,4.16666666666667));
#7904=CARTESIAN_POINT('Origin',(6.29655369577123,9.28591581020076,4.16666666666667));
#7905=CARTESIAN_POINT('',(0.26270025019286,7.61014939848572,4.16666666666667));
#7906=CARTESIAN_POINT('Ctrl Pts',(0.235644990785715,7.61665340536429,4.16666666666667));
#7907=CARTESIAN_POINT('Ctrl Pts',(0.241049413814286,7.61532533215714,4.16666666666667));
#7908=CARTESIAN_POINT('Ctrl Pts',(0.246457146642858,7.61401072757857,4.16666666666667));
#7909=CARTESIAN_POINT('Ctrl Pts',(0.251868302464286,7.6127097462,4.16666666666667));
#7910=CARTESIAN_POINT('Ctrl Pts',(0.257282633835715,7.61142258334286,4.16666666666667));
#7911=CARTESIAN_POINT('Ctrl Pts',(0.262700250192857,7.61014939848571,4.16666666666667));
#7912=CARTESIAN_POINT('',(1.26975973683459,7.20389574740671,4.16666666666667));
#7913=CARTESIAN_POINT('Origin',(-0.554353520614139,4.13343684079855,4.16666666666667));
#7914=CARTESIAN_POINT('',(0.84492585612141,6.20453244428568,4.16666666666667));
#7915=CARTESIAN_POINT('Origin',(-2.19122547328973,8.08519522514314,4.16666666666667));
#7916=CARTESIAN_POINT('',(0.830393926099999,6.18080245952143,4.16666666666667));
#7917=CARTESIAN_POINT('Ctrl Pts',(0.844925856121429,6.20453244428571,4.16666666666667));
#7918=CARTESIAN_POINT('Ctrl Pts',(0.841995300514287,6.19980133337143,4.16666666666667));
#7919=CARTESIAN_POINT('Ctrl Pts',(0.839076951671429,6.19506266136429,4.16666666666667));
#7920=CARTESIAN_POINT('Ctrl Pts',(0.836170619435714,6.19031646362143,4.16666666666667));
#7921=CARTESIAN_POINT('Ctrl Pts',(0.833276340700001,6.18556305326428,4.16666666666667));
#7922=CARTESIAN_POINT('Ctrl Pts',(0.8303939261,6.18080245952143,4.16666666666667));
#7923=CARTESIAN_POINT('',(1.04801407025,5.82567866014286,4.16666666666667));
#7924=CARTESIAN_POINT('Origin',(6.29645034005577,9.28616534045032,4.16666666666667));
#7925=CARTESIAN_POINT('',(1.07575499966428,5.82785351695714,4.16666666666667));
#7926=CARTESIAN_POINT('Ctrl Pts',(1.04801407025,5.82567866014286,4.16666666666667));
#7927=CARTESIAN_POINT('Ctrl Pts',(1.05356437917857,5.82608564602143,4.16666666666667));
#7928=CARTESIAN_POINT('Ctrl Pts',(1.05911367387857,5.82650646411428,4.16666666666667));
#7929=CARTESIAN_POINT('Ctrl Pts',(1.06466201423571,5.82694129640714,4.16666666666667));
#7930=CARTESIAN_POINT('Ctrl Pts',(1.07020910456429,5.82739025219286,4.16666666666667));
#7931=CARTESIAN_POINT('Ctrl Pts',(1.07575499966429,5.82785351695714,4.16666666666667));
#7932=CARTESIAN_POINT('',(1.42857142859118,5.83981761045909,4.16666666666667));
#7933=CARTESIAN_POINT('Origin',(1.37305406190746,2.26881183695441,4.16666666666667));
#7934=CARTESIAN_POINT('',(1.42857142857143,4.32981263677857,4.16666666666667));
#7935=CARTESIAN_POINT('',(1.42857142859118,5.83981761045909,4.16666666666667));
#7936=CARTESIAN_POINT('',(1.97802197802033,3.20377409107002,4.16666666666667));
#7937=CARTESIAN_POINT('Origin',(2.85714285714286,4.32981263677857,4.16666666666667));
#7938=CARTESIAN_POINT('',(1.42857142857143,1.60714285714286,4.16666666666667));
#7939=CARTESIAN_POINT('Origin',(1.42857142857143,2.5,4.16666666666667));
#7940=CARTESIAN_POINT('',(0.,0.178571428571428,4.16666666666667));
#7941=CARTESIAN_POINT('Origin',(1.42857142857143,0.178571428571428,4.16666666666667));
#7942=CARTESIAN_POINT('',(0.,0.,4.16666666666667));
#7943=CARTESIAN_POINT('',(2.77555756156289E-16,0.178571428571428,4.16666666666667));
#7944=CARTESIAN_POINT('',(4.97147469260545,5.85469173142172E-17,4.16666666666667));
#7945=CARTESIAN_POINT('',(0.,0.,4.16666666666667));
#7946=CARTESIAN_POINT('',(4.74224961768444,1.3,4.16666666666667));
#7947=CARTESIAN_POINT('',(4.40163067172455,3.23174603563971,4.16666666666667));
#7948=CARTESIAN_POINT('',(6.86142497694386,1.3,4.16666666666667));
#7949=CARTESIAN_POINT('',(8.02718129785171,1.3,4.16666666666667));
#7950=CARTESIAN_POINT('',(6.63219990202286,0.,4.16666666666667));
#7951=CARTESIAN_POINT('',(7.48281160288949,4.82405867467901,4.16666666666667));
#7952=CARTESIAN_POINT('',(14.5306572408343,6.07153216591882E-17,4.16666666666667));
#7953=CARTESIAN_POINT('',(0.,0.,4.16666666666667));
#7954=CARTESIAN_POINT('',(14.3014321659133,1.3,4.16666666666667));
#7955=CARTESIAN_POINT('',(13.8166909082252,4.04910428194507,4.16666666666667));
#7956=CARTESIAN_POINT('',(16.4206075251727,1.3,4.16666666666667));
#7957=CARTESIAN_POINT('',(12.8067725719661,1.3,4.16666666666667));
#7958=CARTESIAN_POINT('',(16.8978718393901,4.00670042837365,4.16666666666667));
#7959=CARTESIAN_POINT('',(22.6242259560379,15.5649508545147,4.16666666666667));
#7960=CARTESIAN_POINT('',(15.6617006576487,14.2649508545147,4.16666666666667));
#7961=CARTESIAN_POINT('',(16.0313861809487,12.1683600672474,4.16666666666667));
#7962=CARTESIAN_POINT('',(13.5425252983893,14.2649508545147,4.16666666666667));
#7963=CARTESIAN_POINT('',(13.4869068178338,14.2649508545147,4.16666666666667));
#7964=CARTESIAN_POINT('',(12.9546134243038,10.9307369314767,4.16666666666667));
#7965=CARTESIAN_POINT('',(11.4814285714286,5.,4.16666666666667));
#7966=CARTESIAN_POINT('Origin',(10.5814285714286,5.,4.16666666666667));
#7967=CARTESIAN_POINT('',(15.7662823116142,9.285782011981,4.16666666666667));
#7968=CARTESIAN_POINT('Origin',(14.8662823116142,9.285782011981,4.16666666666667));
#7969=CARTESIAN_POINT('',(7.19616534045032,9.28497823137281,4.16666666666667));
#7970=CARTESIAN_POINT('Origin',(6.29616534045032,9.28497823137281,4.16666666666667));
#7971=CARTESIAN_POINT('',(7.83214285714286,9.285,4.16666666666667));
#7972=CARTESIAN_POINT('Origin',(10.5821428571429,9.285,4.16666666666667));
#7973=CARTESIAN_POINT('',(3.54571428571428,5.,4.16666666666667));
#7974=CARTESIAN_POINT('Origin',(6.29571428571428,5.,4.16666666666667));
#7975=CARTESIAN_POINT('',(12.1171428571429,5.,4.16666666666667));
#7976=CARTESIAN_POINT('Origin',(14.8671428571429,5.,4.16666666666667));
#7977=CARTESIAN_POINT('Origin',(6.86142497694386,1.3,4.16666666666667));
#7978=CARTESIAN_POINT('',(6.63219990202286,1.73472347597681E-17,2.08333333333333));
#7979=CARTESIAN_POINT('',(6.86142497694386,1.3,4.16666666666667));
#7980=CARTESIAN_POINT('Origin',(4.74224961768444,1.3,4.16666666666667));
#7981=CARTESIAN_POINT('',(4.74224961768444,1.3,4.16666666666667));
#7982=CARTESIAN_POINT('Origin',(4.97147469260545,5.85469173142172E-17,4.16666666666667));
#7983=CARTESIAN_POINT('',(4.97147469260545,0.,2.08333333333333));
#7984=CARTESIAN_POINT('Origin',(16.4206075251727,1.3,4.16666666666667));
#7985=CARTESIAN_POINT('',(16.4206075251727,1.3,4.16666666666667));
#7986=CARTESIAN_POINT('Origin',(14.3014321659133,1.3,4.16666666666667));
#7987=CARTESIAN_POINT('',(14.3014321659133,1.3,4.16666666666667));
#7988=CARTESIAN_POINT('Origin',(14.5306572408343,1.20346441145891E-16,4.16666666666667));
#7989=CARTESIAN_POINT('',(14.5306572408343,0.,2.08333333333333));
#7990=CARTESIAN_POINT('Origin',(0.,0.,0.));
#7991=CARTESIAN_POINT('Origin',(13.5425252983893,14.2649508545147,4.16666666666667));
#7992=CARTESIAN_POINT('',(13.5425252983893,14.2649508545147,4.16666666666667));
#7993=CARTESIAN_POINT('Origin',(15.6617006576487,14.2649508545147,4.16666666666667));
#7994=CARTESIAN_POINT('',(15.6617006576487,14.2649508545147,4.16666666666667));
#7995=CARTESIAN_POINT('Origin',(15.4236592336923,15.6149508545147,4.16666666666667));
#7996=CARTESIAN_POINT('Origin',(6.29571428571428,5.,-0.641666666666666));
#7997=CARTESIAN_POINT('',(5.39571428571429,5.,3.66666666666667));
#7998=CARTESIAN_POINT('Origin',(6.29571428571428,5.,3.66666666666667));
#7999=CARTESIAN_POINT('',(5.39571428571429,5.,-0.641666666666666));
#8000=CARTESIAN_POINT('Origin',(10.5821428571429,9.285,-0.641666666666666));
#8001=CARTESIAN_POINT('',(9.68214285714286,9.285,3.66666666666667));
#8002=CARTESIAN_POINT('Origin',(10.5821428571429,9.285,3.66666666666667));
#8003=CARTESIAN_POINT('',(9.68214285714286,9.285,-0.641666666666666));
#8004=CARTESIAN_POINT('Origin',(14.8671428571429,5.,-0.641666666666666));
#8005=CARTESIAN_POINT('',(13.9671428571429,5.,3.66666666666667));
#8006=CARTESIAN_POINT('Origin',(14.8671428571429,5.,3.66666666666667));
#8007=CARTESIAN_POINT('',(13.9671428571429,5.,-0.641666666666666));
#8008=CARTESIAN_POINT('Origin',(10.5814285714286,5.,0.641666666666666));
#8009=CARTESIAN_POINT('',(11.4814285714286,5.,-3.66666666666667));
#8010=CARTESIAN_POINT('Origin',(10.5814285714286,5.,-3.66666666666667));
#8011=CARTESIAN_POINT('',(11.4814285714286,5.,0.641666666666666));
#8012=CARTESIAN_POINT('Origin',(14.8662823116142,9.285782011981,0.641666666666666));
#8013=CARTESIAN_POINT('',(15.7662823116142,9.285782011981,-3.66666666666667));
#8014=CARTESIAN_POINT('Origin',(14.8662823116142,9.285782011981,-3.66666666666667));
#8015=CARTESIAN_POINT('',(15.7662823116142,9.285782011981,0.641666666666666));
#8016=CARTESIAN_POINT('Origin',(6.29616534045032,9.28497823137281,0.641666666666666));
#8017=CARTESIAN_POINT('',(7.19616534045032,9.28497823137281,2.05));
#8018=CARTESIAN_POINT('Origin',(6.29616534045032,9.28497823137281,2.05));
#8019=CARTESIAN_POINT('',(7.19616534045032,9.28497823137281,0.641666666666666));
#8020=CARTESIAN_POINT('Origin',(6.29616534045032,9.28497823137281,0.641666666666666));
#8021=CARTESIAN_POINT('',(7.19616534045032,9.28497823137281,-3.66666666666667));
#8022=CARTESIAN_POINT('Origin',(6.29616534045032,9.28497823137281,-3.66666666666667));
#8023=CARTESIAN_POINT('',(7.19616534045032,9.28497823137281,-2.05));
#8024=CARTESIAN_POINT('',(7.19616534045032,9.28497823137281,0.641666666666666));
#8025=CARTESIAN_POINT('Origin',(6.29616534045032,9.28497823137281,-2.05));
#8026=CARTESIAN_POINT('Origin',(6.29616534045032,9.28497823137281,-3.66666666666667));
#8027=CARTESIAN_POINT('',(7.54616534045032,9.2849782313728,-3.66666666666667));
#8028=CARTESIAN_POINT('Origin',(6.29616534045032,9.28497823137281,-3.66666666666667));
#8029=CARTESIAN_POINT('Origin',(6.29616534045032,9.2849782313728,-3.36666666666667));
#8030=CARTESIAN_POINT('',(8.29616534045032,9.2849782313728,-3.36666666666667));
#8031=CARTESIAN_POINT('',(8.29616534045032,9.2849782313728,-3.36666666666667));
#8032=CARTESIAN_POINT('Origin',(6.29616534045032,9.2849782313728,-3.36666666666667));
#8033=CARTESIAN_POINT('Origin',(10.5814285714286,5.,-3.66666666666667));
#8034=CARTESIAN_POINT('',(11.8314285714286,5.,-3.66666666666667));
#8035=CARTESIAN_POINT('Origin',(10.5814285714286,5.,-3.66666666666667));
#8036=CARTESIAN_POINT('Origin',(10.5814285714286,5.,-3.36666666666667));
#8037=CARTESIAN_POINT('',(12.5814285714286,5.,-3.36666666666667));
#8038=CARTESIAN_POINT('',(12.5814285714286,5.,-3.36666666666667));
#8039=CARTESIAN_POINT('Origin',(10.5814285714286,5.,-3.36666666666667));
#8040=CARTESIAN_POINT('Origin',(14.8662823116142,9.285782011981,-3.66666666666667));
#8041=CARTESIAN_POINT('',(15.157983997485,8.07029440346327,-3.66666666666667));
#8042=CARTESIAN_POINT('Origin',(14.8662823116142,9.285782011981,-3.66666666666667));
#8043=CARTESIAN_POINT('Origin',(14.8661206049464,9.28645582520226,-3.36666636582956));
#8044=CARTESIAN_POINT('',(15.3331295089203,7.34048306143099,-3.36666666666667));
#8045=CARTESIAN_POINT('',(15.3328432742558,7.3416757685858,-3.367156946891));
#8046=CARTESIAN_POINT('Origin',(14.866406811527,9.28526323505951,-3.36666666666667));
#8047=CARTESIAN_POINT('Origin',(10.5821428571429,9.285,3.66666666666667));
#8048=CARTESIAN_POINT('',(9.33214285714286,9.285,3.66666666666667));
#8049=CARTESIAN_POINT('Origin',(10.5821428571429,9.285,3.66666666666667));
#8050=CARTESIAN_POINT('Origin',(10.5821428571429,9.285,3.36666666666667));
#8051=CARTESIAN_POINT('',(8.58214285714286,9.285,3.36666666666667));
#8052=CARTESIAN_POINT('',(8.58214285714286,9.285,3.36666666666667));
#8053=CARTESIAN_POINT('Origin',(10.5821428571429,9.285,3.36666666666667));
#8054=CARTESIAN_POINT('Origin',(14.8671428571429,5.,3.66666666666667));
#8055=CARTESIAN_POINT('',(13.6171428571429,5.,3.66666666666667));
#8056=CARTESIAN_POINT('Origin',(14.8671428571429,5.,3.66666666666667));
#8057=CARTESIAN_POINT('Origin',(14.8671428571429,5.,3.36666666666667));
#8058=CARTESIAN_POINT('',(12.8671428571429,5.,3.36666666666667));
#8059=CARTESIAN_POINT('',(12.8671428571429,5.,3.36666666666667));
#8060=CARTESIAN_POINT('Origin',(14.8671428571429,5.,3.36666666666667));
#8061=CARTESIAN_POINT('Origin',(6.29571428571428,5.,3.66666666666667));
#8062=CARTESIAN_POINT('',(5.04571428571429,5.,3.66666666666667));
#8063=CARTESIAN_POINT('Origin',(6.29571428571428,5.,3.66666666666667));
#8064=CARTESIAN_POINT('Origin',(6.29571428571428,5.,3.36666666666667));
#8065=CARTESIAN_POINT('',(4.29571428571428,5.,3.36666666666667));
#8066=CARTESIAN_POINT('',(4.29571428571428,5.,3.36666666666667));
#8067=CARTESIAN_POINT('Origin',(6.29571428571428,5.,3.36666666666667));
#8068=CARTESIAN_POINT('Origin',(14.8664068114646,9.28526323531962,-4.16666666666667));
#8069=CARTESIAN_POINT('',(17.6164068114646,9.28526323531962,-3.36666666666667));
#8070=CARTESIAN_POINT('',(17.6164068114646,9.28526323531962,-4.16666666666667));
#8071=CARTESIAN_POINT('Origin',(14.8664068114646,9.28526323531962,-3.36666666666667));
#8072=CARTESIAN_POINT('Origin',(14.8664068114646,9.28526323531962,-3.36666666666667));
#8073=CARTESIAN_POINT('Origin',(10.5814285714286,5.,-4.16666666666667));
#8074=CARTESIAN_POINT('',(13.3314285714286,5.,-3.36666666666667));
#8075=CARTESIAN_POINT('',(13.3314285714286,5.,-4.16666666666667));
#8076=CARTESIAN_POINT('Origin',(10.5814285714286,5.,-3.36666666666667));
#8077=CARTESIAN_POINT('Origin',(10.5814285714286,5.,-3.36666666666667));
#8078=CARTESIAN_POINT('Origin',(6.29616534045032,9.28497823137281,-4.16666666666667));
#8079=CARTESIAN_POINT('',(9.04616534045032,9.28497823137281,-3.36666666666667));
#8080=CARTESIAN_POINT('',(9.04616534045032,9.28497823137281,-4.16666666666667));
#8081=CARTESIAN_POINT('Origin',(6.29616534045032,9.28497823137281,-3.36666666666667));
#8082=CARTESIAN_POINT('Origin',(6.29616534045032,9.28497823137281,-3.36666666666667));
#8083=CARTESIAN_POINT('Origin',(10.5821428571429,9.285,4.16666666666667));
#8084=CARTESIAN_POINT('',(7.83214285714286,9.285,3.36666666666667));
#8085=CARTESIAN_POINT('',(7.83214285714286,9.285,4.16666666666667));
#8086=CARTESIAN_POINT('Origin',(10.5821428571429,9.285,3.36666666666667));
#8087=CARTESIAN_POINT('Origin',(10.5821428571429,9.285,3.36666666666667));
#8088=CARTESIAN_POINT('Origin',(6.29571428571428,5.,4.16666666666667));
#8089=CARTESIAN_POINT('',(3.54571428571428,5.,3.36666666666667));
#8090=CARTESIAN_POINT('',(3.54571428571428,5.,4.16666666666667));
#8091=CARTESIAN_POINT('Origin',(6.29571428571428,5.,3.36666666666667));
#8092=CARTESIAN_POINT('Origin',(6.29571428571428,5.,3.36666666666667));
#8093=CARTESIAN_POINT('Origin',(14.8671428571429,5.,4.16666666666667));
#8094=CARTESIAN_POINT('',(12.1171428571429,5.,3.36666666666667));
#8095=CARTESIAN_POINT('',(12.1171428571429,5.,4.16666666666667));
#8096=CARTESIAN_POINT('Origin',(14.8671428571429,5.,3.36666666666667));
#8097=CARTESIAN_POINT('Origin',(14.8671428571429,5.,3.36666666666667));
#8098=CARTESIAN_POINT('Origin',(3.90609600130717,11.5065086956067,-2.05));
#8099=CARTESIAN_POINT('',(0.138415419656227,8.0216443048142,-2.05));
#8100=CARTESIAN_POINT('',(0.159568879042831,8.03972247501426,-2.05));
#8101=CARTESIAN_POINT('Ctrl Pts',(0.138415419656227,8.0216443048142,-2.05));
#8102=CARTESIAN_POINT('Ctrl Pts',(0.141925629827189,8.02467525199915,-2.05));
#8103=CARTESIAN_POINT('Ctrl Pts',(0.145443548514354,8.0276972717721,-2.05));
#8104=CARTESIAN_POINT('Ctrl Pts',(0.152494711706206,8.03372337853938,-2.05));
#8105=CARTESIAN_POINT('Ctrl Pts',(0.156027956210803,8.03672746553364,-2.05));
#8106=CARTESIAN_POINT('Ctrl Pts',(0.159568818016542,8.03972254716115,-2.05));
#8107=CARTESIAN_POINT('',(0.191601035360225,7.78571428556425,-2.05));
#8108=CARTESIAN_POINT('Origin',(6.29595567572695,9.28578036815274,-2.05));
#8109=CARTESIAN_POINT('',(6.29571428571429,7.78571428571428,-2.05));
#8110=CARTESIAN_POINT('',(0.191601035360225,7.78571428556425,-2.05));
#8111=CARTESIAN_POINT('',(7.59475239137256,10.0357142857462,-2.05));
#8112=CARTESIAN_POINT('Origin',(6.29571428571434,9.28571428571429,-2.05));
#8113=CARTESIAN_POINT('',(4.59738718850956,15.2273031056492,-2.05));
#8114=CARTESIAN_POINT('',(7.59475239137256,10.0357142857462,-2.05));
#8115=CARTESIAN_POINT('',(4.21389574740538,14.3116688345947,-2.05));
#8116=CARTESIAN_POINT('Origin',(1.14343684090542,16.135782092005,-2.05));
#8117=CARTESIAN_POINT('',(3.21453244428572,14.7365027153071,-2.05));
#8118=CARTESIAN_POINT('Origin',(5.09519522514314,17.7726540447183,-2.05));
#8119=CARTESIAN_POINT('',(3.19080245952143,14.7510346453286,-2.05));
#8120=CARTESIAN_POINT('Ctrl Pts',(3.19080245952143,14.7510346453286,-2.05));
#8121=CARTESIAN_POINT('Ctrl Pts',(3.19873678242619,14.7462306209952,-2.05));
#8122=CARTESIAN_POINT('Ctrl Pts',(3.20664725942857,14.7413869746524,-2.05));
#8123=CARTESIAN_POINT('Ctrl Pts',(3.21453244428572,14.7365027153071,-2.05));
#8124=CARTESIAN_POINT('',(2.83567866014286,14.5334145011786,-2.05));
#8125=CARTESIAN_POINT('Origin',(6.29616534045032,9.28497823137281,-2.05));
#8126=CARTESIAN_POINT('',(2.83785351695714,14.5056735717643,-2.05));
#8127=CARTESIAN_POINT('Ctrl Pts',(2.83785351695714,14.5056735717643,-2.05));
#8128=CARTESIAN_POINT('Ctrl Pts',(2.83708140901667,14.5149167302643,-2.05));
#8129=CARTESIAN_POINT('Ctrl Pts',(2.83635696994048,14.5241639862976,-2.05));
#8130=CARTESIAN_POINT('Ctrl Pts',(2.83567866014286,14.5334145011786,-2.05));
#8131=CARTESIAN_POINT('',(2.7626818305536,13.4223638024869,-2.05));
#8132=CARTESIAN_POINT('Origin',(-0.72118011673917,14.2083746197505,-2.05));
#8133=CARTESIAN_POINT('',(1.68094996004194,13.5175845888574,-2.05));
#8134=CARTESIAN_POINT('Origin',(2.53134419443704,16.9862928552332,-2.05));
#8135=CARTESIAN_POINT('',(1.65389079007143,13.5240723070357,-2.05));
#8136=CARTESIAN_POINT('Ctrl Pts',(1.65389079007143,13.5240723070357,-2.05));
#8137=CARTESIAN_POINT('Ctrl Pts',(1.66292130472619,13.5219552490119,-2.05));
#8138=CARTESIAN_POINT('Ctrl Pts',(1.67194138445952,13.5197931394286,-2.05));
#8139=CARTESIAN_POINT('Ctrl Pts',(1.68094996004286,13.5175845888571,-2.05));
#8140=CARTESIAN_POINT('',(1.38339639565902,13.2073639969234,-2.05));
#8141=CARTESIAN_POINT('Origin',(6.29637071400858,9.28515364295702,-2.05));
#8142=CARTESIAN_POINT('',(1.39403713981429,13.1816528377786,-2.05));
#8143=CARTESIAN_POINT('Ctrl Pts',(1.39403686212743,13.1816527212113,-2.05));
#8144=CARTESIAN_POINT('Ctrl Pts',(1.39224179675358,13.1859289295402,-2.05));
#8145=CARTESIAN_POINT('Ctrl Pts',(1.39045754341158,13.1902096765399,-2.05));
#8146=CARTESIAN_POINT('Ctrl Pts',(1.38691070613914,13.1987801383038,-2.05));
#8147=CARTESIAN_POINT('Ctrl Pts',(1.38514812220914,13.203069853067,-2.05));
#8148=CARTESIAN_POINT('Ctrl Pts',(1.38339639565902,13.2073639969234,-2.05));
#8149=CARTESIAN_POINT('',(1.65730574629956,12.1281346944428,-2.05));
#8150=CARTESIAN_POINT('Origin',(-1.89893456049148,11.7991028558606,-2.05));
#8151=CARTESIAN_POINT('',(0.599092760957109,11.8844215119714,-2.05));
#8152=CARTESIAN_POINT('Origin',(0.335975936212674,15.4461453819443,-2.05));
#8153=CARTESIAN_POINT('',(0.571353145857143,11.8822299552429,-2.05));
#8154=CARTESIAN_POINT('Ctrl Pts',(0.571353145857143,11.8822299552429,-2.05));
#8155=CARTESIAN_POINT('Ctrl Pts',(0.580595882571431,11.8830070958976,-2.05));
#8156=CARTESIAN_POINT('Ctrl Pts',(0.589842616790477,11.8837381654238,-2.05));
#8157=CARTESIAN_POINT('Ctrl Pts',(0.599092760957144,11.8844215119714,-2.05));
#8158=CARTESIAN_POINT('',(0.411965939511393,11.4974350883882,-2.05));
#8159=CARTESIAN_POINT('Origin',(6.29651183798971,9.28538392869459,-2.05));
#8160=CARTESIAN_POINT('',(0.430031073686034,11.4762704937376,-2.05));
#8161=CARTESIAN_POINT('Ctrl Pts',(0.430030845622987,11.4762702970522,-2.05));
#8162=CARTESIAN_POINT('Ctrl Pts',(0.427002215957516,11.479782507141,-2.05));
#8163=CARTESIAN_POINT('Ctrl Pts',(0.423982466618734,11.4833023748639,-2.05));
#8164=CARTESIAN_POINT('Ctrl Pts',(0.417960805585381,11.4903573353757,-2.05));
#8165=CARTESIAN_POINT('Ctrl Pts',(0.414958893889805,11.4938924281658,-2.05));
#8166=CARTESIAN_POINT('Ctrl Pts',(0.411965939511393,11.4974350883882,-2.05));
#8167=CARTESIAN_POINT('',(1.00596940772781,10.5556696720497,-2.05));
#8168=CARTESIAN_POINT('Origin',(-2.27453967986227,9.14380310693333,-2.05));
#8169=CARTESIAN_POINT('',(0.0748605316630591,9.99687895298905,-2.05));
#8170=CARTESIAN_POINT('Origin',(-1.27601160837077,13.302971990888,-2.05));
#8171=CARTESIAN_POINT('',(0.0491559701940647,9.9862222823853,-2.05));
#8172=CARTESIAN_POINT('Ctrl Pts',(0.0491559701940647,9.9862222823853,-2.05));
#8173=CARTESIAN_POINT('Ctrl Pts',(0.053430992641023,9.98802016985912,-2.05));
#8174=CARTESIAN_POINT('Ctrl Pts',(0.0577105876006207,9.98980718479728,-2.05));
#8175=CARTESIAN_POINT('Ctrl Pts',(0.0662788117035162,9.99335942364928,-2.05));
#8176=CARTESIAN_POINT('Ctrl Pts',(0.0705674408469651,9.99512464756317,-2.05));
#8177=CARTESIAN_POINT('Ctrl Pts',(0.0748605316630591,9.99687895298905,-2.05));
#8178=CARTESIAN_POINT('',(0.0164777168999997,9.57100745858429,-2.05));
#8179=CARTESIAN_POINT('Origin',(6.29657488892862,9.28564655479774,-2.05));
#8180=CARTESIAN_POINT('',(0.0401989489999999,9.55646124551571,-2.05));
#8181=CARTESIAN_POINT('Ctrl Pts',(0.0401989489999999,9.55646124551571,-2.05));
#8182=CARTESIAN_POINT('Ctrl Pts',(0.0322672430357148,9.56126958932167,-2.05));
#8183=CARTESIAN_POINT('Ctrl Pts',(0.024360241138095,9.56611890652119,-2.05));
#8184=CARTESIAN_POINT('Ctrl Pts',(0.0164777168999997,9.57100745858429,-2.05));
#8185=CARTESIAN_POINT('',(0.872430153413031,8.85889256795246,-2.05));
#8186=CARTESIAN_POINT('Origin',(-1.81122862859891,6.50239461294042,-2.05));
#8187=CARTESIAN_POINT('Origin',(-2.1468258674457,10.7665614261302,-2.05));
#8188=CARTESIAN_POINT('Origin',(7.59475239137256,10.0357142857462,0.));
#8189=CARTESIAN_POINT('',(4.59738718850956,15.2273031056492,2.05));
#8190=CARTESIAN_POINT('',(4.59738718850956,15.2273031056492,0.));
#8191=CARTESIAN_POINT('',(7.59475239137256,10.0357142857462,2.05));
#8192=CARTESIAN_POINT('',(7.59475239137256,10.0357142857462,0.));
#8193=CARTESIAN_POINT('',(7.59475239137256,10.0357142857462,2.05));
#8194=CARTESIAN_POINT('Origin',(6.29571428571434,9.28571428571429,0.));
#8195=CARTESIAN_POINT('',(6.29571428571429,7.78571428571428,2.05));
#8196=CARTESIAN_POINT('',(6.29571428571429,7.78571428571428,0.));
#8197=CARTESIAN_POINT('Origin',(6.29571428571434,9.28571428571429,2.05));
#8198=CARTESIAN_POINT('Origin',(0.191601035360225,7.78571428556425,0.));
#8199=CARTESIAN_POINT('',(0.191601035360225,7.78571428556425,2.05));
#8200=CARTESIAN_POINT('',(0.191601177160105,7.78571432040975,0.));
#8201=CARTESIAN_POINT('',(0.191601035360225,7.78571428556425,2.05));
#8202=CARTESIAN_POINT('Origin',(3.90609600130717,11.5065086956067,2.05));
#8203=CARTESIAN_POINT('',(0.159568879042831,8.03972247501426,2.05));
#8204=CARTESIAN_POINT('',(0.138415419656227,8.0216443048142,2.05));
#8205=CARTESIAN_POINT('Ctrl Pts',(0.159568818016542,8.03972254716115,2.05));
#8206=CARTESIAN_POINT('Ctrl Pts',(0.156027956210803,8.03672746553364,2.05));
#8207=CARTESIAN_POINT('Ctrl Pts',(0.152494711706206,8.03372337853938,2.05));
#8208=CARTESIAN_POINT('Ctrl Pts',(0.145443548514354,8.0276972717721,2.05));
#8209=CARTESIAN_POINT('Ctrl Pts',(0.141925629827189,8.02467525199915,2.05));
#8210=CARTESIAN_POINT('Ctrl Pts',(0.138415419656227,8.0216443048142,2.05));
#8211=CARTESIAN_POINT('',(0.872430153413031,8.85889256795246,2.05));
#8212=CARTESIAN_POINT('Origin',(-2.1468258674457,10.7665614261302,2.05));
#8213=CARTESIAN_POINT('',(0.0401989489999999,9.55646124551571,2.05));
#8214=CARTESIAN_POINT('Origin',(-1.81122862859891,6.50239461294042,2.05));
#8215=CARTESIAN_POINT('',(0.0164777168999997,9.57100745858429,2.05));
#8216=CARTESIAN_POINT('Ctrl Pts',(0.0164777168999997,9.57100745858429,2.05));
#8217=CARTESIAN_POINT('Ctrl Pts',(0.024360241138095,9.56611890652119,2.05));
#8218=CARTESIAN_POINT('Ctrl Pts',(0.0322672430357148,9.56126958932167,2.05));
#8219=CARTESIAN_POINT('Ctrl Pts',(0.0401989489999999,9.55646124551571,2.05));
#8220=CARTESIAN_POINT('',(0.0491559701940647,9.9862222823853,2.05));
#8221=CARTESIAN_POINT('Origin',(6.29657488892862,9.28564655479774,2.05));
#8222=CARTESIAN_POINT('',(0.0748605316630591,9.99687895298905,2.05));
#8223=CARTESIAN_POINT('Ctrl Pts',(0.0748605316630591,9.99687895298905,2.05));
#8224=CARTESIAN_POINT('Ctrl Pts',(0.0705674408469651,9.99512464756317,2.05));
#8225=CARTESIAN_POINT('Ctrl Pts',(0.0662788117035162,9.99335942364928,2.05));
#8226=CARTESIAN_POINT('Ctrl Pts',(0.05771058759976,9.98980718479693,2.05));
#8227=CARTESIAN_POINT('Ctrl Pts',(0.0534309926406287,9.98802016985896,2.05));
#8228=CARTESIAN_POINT('Ctrl Pts',(0.0491559701940647,9.9862222823853,2.05));
#8229=CARTESIAN_POINT('',(1.00596940772781,10.5556696720497,2.05));
#8230=CARTESIAN_POINT('Origin',(-1.27601160837077,13.302971990888,2.05));
#8231=CARTESIAN_POINT('',(0.430031073686034,11.4762704937376,2.05));
#8232=CARTESIAN_POINT('Origin',(-2.27453967986227,9.14380310693333,2.05));
#8233=CARTESIAN_POINT('',(0.411965939511393,11.4974350883882,2.05));
#8234=CARTESIAN_POINT('Ctrl Pts',(0.411965939511393,11.4974350883882,2.05));
#8235=CARTESIAN_POINT('Ctrl Pts',(0.414958893889391,11.4938924281663,2.05));
#8236=CARTESIAN_POINT('Ctrl Pts',(0.417960805584402,11.4903573353768,2.05));
#8237=CARTESIAN_POINT('Ctrl Pts',(0.423982466619716,11.4833023748627,2.05));
#8238=CARTESIAN_POINT('Ctrl Pts',(0.427002215957938,11.4797825071405,2.05));
#8239=CARTESIAN_POINT('Ctrl Pts',(0.430030845622987,11.4762702970522,2.05));
#8240=CARTESIAN_POINT('',(0.571353145857143,11.8822299552429,2.05));
#8241=CARTESIAN_POINT('Origin',(6.29651183798971,9.28538392869459,2.05));
#8242=CARTESIAN_POINT('',(0.599092760957109,11.8844215119714,2.05));
#8243=CARTESIAN_POINT('Ctrl Pts',(0.599092760957144,11.8844215119714,2.05));
#8244=CARTESIAN_POINT('Ctrl Pts',(0.589842616790477,11.8837381654238,2.05));
#8245=CARTESIAN_POINT('Ctrl Pts',(0.580595882571431,11.8830070958976,2.05));
#8246=CARTESIAN_POINT('Ctrl Pts',(0.571353145857143,11.8822299552429,2.05));
#8247=CARTESIAN_POINT('',(1.65730574629956,12.1281346944428,2.05));
#8248=CARTESIAN_POINT('Origin',(0.335975936212674,15.4461453819443,2.05));
#8249=CARTESIAN_POINT('',(1.39403713981429,13.1816528377786,2.05));
#8250=CARTESIAN_POINT('Origin',(-1.89893456049148,11.7991028558606,2.05));
#8251=CARTESIAN_POINT('',(1.38339639565902,13.2073639969234,2.05));
#8252=CARTESIAN_POINT('Ctrl Pts',(1.38339639565902,13.2073639969234,2.05));
#8253=CARTESIAN_POINT('Ctrl Pts',(1.38514812220914,13.203069853067,2.05));
#8254=CARTESIAN_POINT('Ctrl Pts',(1.38691070613914,13.1987801383038,2.05));
#8255=CARTESIAN_POINT('Ctrl Pts',(1.39045754341158,13.1902096765399,2.05));
#8256=CARTESIAN_POINT('Ctrl Pts',(1.39224179675358,13.1859289295402,2.05));
#8257=CARTESIAN_POINT('Ctrl Pts',(1.39403686212743,13.1816527212113,2.05));
#8258=CARTESIAN_POINT('',(1.65389079007143,13.5240723070357,2.05));
#8259=CARTESIAN_POINT('Origin',(6.29637071400858,9.28515364295702,2.05));
#8260=CARTESIAN_POINT('',(1.68094996004194,13.5175845888574,2.05));
#8261=CARTESIAN_POINT('Ctrl Pts',(1.68094996004286,13.5175845888571,2.05));
#8262=CARTESIAN_POINT('Ctrl Pts',(1.67194138445952,13.5197931394286,2.05));
#8263=CARTESIAN_POINT('Ctrl Pts',(1.66292130472619,13.5219552490119,2.05));
#8264=CARTESIAN_POINT('Ctrl Pts',(1.65389079007143,13.5240723070357,2.05));
#8265=CARTESIAN_POINT('',(2.7626818305536,13.4223638024869,2.05));
#8266=CARTESIAN_POINT('Origin',(2.53134419443704,16.9862928552332,2.05));
#8267=CARTESIAN_POINT('',(2.83785351695714,14.5056735717643,2.05));
#8268=CARTESIAN_POINT('Origin',(-0.72118011673917,14.2083746197505,2.05));
#8269=CARTESIAN_POINT('',(2.83567866014286,14.5334145011786,2.05));
#8270=CARTESIAN_POINT('Ctrl Pts',(2.83567866014286,14.5334145011786,2.05));
#8271=CARTESIAN_POINT('Ctrl Pts',(2.83635696994048,14.5241639862976,2.05));
#8272=CARTESIAN_POINT('Ctrl Pts',(2.83708140901667,14.5149167302643,2.05));
#8273=CARTESIAN_POINT('Ctrl Pts',(2.83785351695714,14.5056735717643,2.05));
#8274=CARTESIAN_POINT('',(3.19080245952143,14.7510346453286,2.05));
#8275=CARTESIAN_POINT('Origin',(6.29616534045032,9.28497823137281,2.05));
#8276=CARTESIAN_POINT('',(3.21453244428572,14.7365027153071,2.05));
#8277=CARTESIAN_POINT('Ctrl Pts',(3.21453244428572,14.7365027153071,2.05));
#8278=CARTESIAN_POINT('Ctrl Pts',(3.20664725942857,14.7413869746524,2.05));
#8279=CARTESIAN_POINT('Ctrl Pts',(3.19873678242619,14.7462306209952,2.05));
#8280=CARTESIAN_POINT('Ctrl Pts',(3.19080245952143,14.7510346453286,2.05));
#8281=CARTESIAN_POINT('',(4.21389574740538,14.3116688345947,2.05));
#8282=CARTESIAN_POINT('Origin',(5.09519522514314,17.7726540447183,2.05));
#8283=CARTESIAN_POINT('Origin',(1.14343684090542,16.135782092005,2.05));
#8284=CARTESIAN_POINT('Origin',(6.29595567572695,9.28578036815274,2.05));
#8285=CARTESIAN_POINT('Origin',(5.09519522514314,17.7726540447183,0.));
#8286=CARTESIAN_POINT('',(4.21389574740538,14.3116688345947,0.));
#8287=CARTESIAN_POINT('',(3.21453244428572,14.7365027153071,0.));
#8288=CARTESIAN_POINT('Origin',(5.09519522514314,17.7726540447183,0.));
#8289=CARTESIAN_POINT('',(3.21453244428572,14.7365027153071,0.));
#8290=CARTESIAN_POINT('',(4.21389574740538,14.3116688345947,0.));
#8291=CARTESIAN_POINT('Ctrl Pts',(3.21453244428572,14.7365027153071,-4.16666666666667));
#8292=CARTESIAN_POINT('Ctrl Pts',(3.21453244428572,14.7365027153071,4.16666666666667));
#8293=CARTESIAN_POINT('Ctrl Pts',(3.20980133337143,14.7394332709143,-4.16666666666667));
#8294=CARTESIAN_POINT('Ctrl Pts',(3.20980133337143,14.7394332709143,4.16666666666667));
#8295=CARTESIAN_POINT('Ctrl Pts',(3.20506266136429,14.7423516197571,-4.16666666666667));
#8296=CARTESIAN_POINT('Ctrl Pts',(3.20506266136429,14.7423516197571,4.16666666666667));
#8297=CARTESIAN_POINT('Ctrl Pts',(3.20031646362143,14.7452579519929,-4.16666666666667));
#8298=CARTESIAN_POINT('Ctrl Pts',(3.20031646362143,14.7452579519929,4.16666666666667));
#8299=CARTESIAN_POINT('Ctrl Pts',(3.19556305326429,14.7481522307286,-4.16666666666667));
#8300=CARTESIAN_POINT('Ctrl Pts',(3.19556305326429,14.7481522307286,4.16666666666667));
#8301=CARTESIAN_POINT('Ctrl Pts',(3.19080245952143,14.7510346453286,-4.16666666666667));
#8302=CARTESIAN_POINT('Ctrl Pts',(3.19080245952143,14.7510346453286,4.16666666666667));
#8303=CARTESIAN_POINT('',(3.19080245952143,14.7510346453286,0.));
#8304=CARTESIAN_POINT('Ctrl Pts',(3.21453244428572,14.7365027153071,-4.16666666666667));
#8305=CARTESIAN_POINT('Ctrl Pts',(3.21453244428572,14.7365027153071,4.16666666666667));
#8306=CARTESIAN_POINT('Ctrl Pts',(3.20980133337143,14.7394332709143,-4.16666666666667));
#8307=CARTESIAN_POINT('Ctrl Pts',(3.20980133337143,14.7394332709143,4.16666666666667));
#8308=CARTESIAN_POINT('Ctrl Pts',(3.20506266136429,14.7423516197571,-4.16666666666667));
#8309=CARTESIAN_POINT('Ctrl Pts',(3.20506266136429,14.7423516197571,4.16666666666667));
#8310=CARTESIAN_POINT('Ctrl Pts',(3.20031646362143,14.7452579519929,-4.16666666666667));
#8311=CARTESIAN_POINT('Ctrl Pts',(3.20031646362143,14.7452579519929,4.16666666666667));
#8312=CARTESIAN_POINT('Ctrl Pts',(3.19556305326429,14.7481522307286,-4.16666666666667));
#8313=CARTESIAN_POINT('Ctrl Pts',(3.19556305326429,14.7481522307286,4.16666666666667));
#8314=CARTESIAN_POINT('Ctrl Pts',(3.19080245952143,14.7510346453286,-4.16666666666667));
#8315=CARTESIAN_POINT('Ctrl Pts',(3.19080245952143,14.7510346453286,4.16666666666667));
#8316=CARTESIAN_POINT('',(3.19080245952143,14.7510346453286,0.));
#8317=CARTESIAN_POINT('Origin',(6.29616534045032,9.28497823137281,0.));
#8318=CARTESIAN_POINT('',(2.83567866014286,14.5334145011786,0.));
#8319=CARTESIAN_POINT('Origin',(6.29616534045032,9.28497823137281,0.));
#8320=CARTESIAN_POINT('',(2.83567866014286,14.5334145011786,0.));
#8321=CARTESIAN_POINT('Ctrl Pts',(2.83567866014286,14.5334145011786,-4.16666666666667));
#8322=CARTESIAN_POINT('Ctrl Pts',(2.83567866014286,14.5334145011786,4.16666666666667));
#8323=CARTESIAN_POINT('Ctrl Pts',(2.83608564602143,14.52786419225,-4.16666666666667));
#8324=CARTESIAN_POINT('Ctrl Pts',(2.83608564602143,14.52786419225,4.16666666666667));
#8325=CARTESIAN_POINT('Ctrl Pts',(2.83650646411429,14.52231489755,-4.16666666666667));
#8326=CARTESIAN_POINT('Ctrl Pts',(2.83650646411429,14.52231489755,4.16666666666667));
#8327=CARTESIAN_POINT('Ctrl Pts',(2.83694129640714,14.5167665571929,-4.16666666666667));
#8328=CARTESIAN_POINT('Ctrl Pts',(2.83694129640714,14.5167665571929,4.16666666666667));
#8329=CARTESIAN_POINT('Ctrl Pts',(2.83739025219286,14.5112194668643,-4.16666666666667));
#8330=CARTESIAN_POINT('Ctrl Pts',(2.83739025219286,14.5112194668643,4.16666666666667));
#8331=CARTESIAN_POINT('Ctrl Pts',(2.83785351695714,14.5056735717643,-4.16666666666667));
#8332=CARTESIAN_POINT('Ctrl Pts',(2.83785351695714,14.5056735717643,4.16666666666667));
#8333=CARTESIAN_POINT('',(2.83785351695714,14.5056735717643,0.));
#8334=CARTESIAN_POINT('Ctrl Pts',(2.83567866014286,14.5334145011786,-4.16666666666667));
#8335=CARTESIAN_POINT('Ctrl Pts',(2.83567866014286,14.5334145011786,4.16666666666667));
#8336=CARTESIAN_POINT('Ctrl Pts',(2.83608564602143,14.52786419225,-4.16666666666667));
#8337=CARTESIAN_POINT('Ctrl Pts',(2.83608564602143,14.52786419225,4.16666666666667));
#8338=CARTESIAN_POINT('Ctrl Pts',(2.83650646411429,14.52231489755,-4.16666666666667));
#8339=CARTESIAN_POINT('Ctrl Pts',(2.83650646411429,14.52231489755,4.16666666666667));
#8340=CARTESIAN_POINT('Ctrl Pts',(2.83694129640714,14.5167665571929,-4.16666666666667));
#8341=CARTESIAN_POINT('Ctrl Pts',(2.83694129640714,14.5167665571929,4.16666666666667));
#8342=CARTESIAN_POINT('Ctrl Pts',(2.83739025219286,14.5112194668643,-4.16666666666667));
#8343=CARTESIAN_POINT('Ctrl Pts',(2.83739025219286,14.5112194668643,4.16666666666667));
#8344=CARTESIAN_POINT('Ctrl Pts',(2.83785351695714,14.5056735717643,-4.16666666666667));
#8345=CARTESIAN_POINT('Ctrl Pts',(2.83785351695714,14.5056735717643,4.16666666666667));
#8346=CARTESIAN_POINT('',(2.83785351695714,14.5056735717643,0.));
#8347=CARTESIAN_POINT('Origin',(-0.72118011673917,14.2083746197505,0.));
#8348=CARTESIAN_POINT('',(2.7626818305536,13.4223638024869,0.));
#8349=CARTESIAN_POINT('Origin',(-0.72118011673917,14.2083746197505,0.));
#8350=CARTESIAN_POINT('',(2.7626818305536,13.4223638024869,0.));
#8351=CARTESIAN_POINT('Origin',(2.53134419443704,16.9862928552332,0.));
#8352=CARTESIAN_POINT('',(1.68094996004194,13.5175845888574,0.));
#8353=CARTESIAN_POINT('Origin',(2.53134419443704,16.9862928552332,0.));
#8354=CARTESIAN_POINT('',(1.68094996004194,13.5175845888574,0.));
#8355=CARTESIAN_POINT('Ctrl Pts',(1.68094996004286,13.5175845888571,-4.16666666666667));
#8356=CARTESIAN_POINT('Ctrl Pts',(1.68094996004286,13.5175845888571,4.16666666666667));
#8357=CARTESIAN_POINT('Ctrl Pts',(1.67554481469286,13.5189097192,-4.16666666666667));
#8358=CARTESIAN_POINT('Ctrl Pts',(1.67554481469286,13.5189097192,4.16666666666667));
#8359=CARTESIAN_POINT('Ctrl Pts',(1.67013625041429,13.5202209037,-4.16666666666667));
#8360=CARTESIAN_POINT('Ctrl Pts',(1.67013625041429,13.5202209037,4.16666666666667));
#8361=CARTESIAN_POINT('Ctrl Pts',(1.66472424207857,13.52151833415,-4.16666666666667));
#8362=CARTESIAN_POINT('Ctrl Pts',(1.66472424207857,13.52151833415,4.16666666666667));
#8363=CARTESIAN_POINT('Ctrl Pts',(1.65930909886429,13.5228020722214,-4.16666666666667));
#8364=CARTESIAN_POINT('Ctrl Pts',(1.65930909886429,13.5228020722214,4.16666666666667));
#8365=CARTESIAN_POINT('Ctrl Pts',(1.65389079007143,13.5240723070357,-4.16666666666667));
#8366=CARTESIAN_POINT('Ctrl Pts',(1.65389079007143,13.5240723070357,4.16666666666667));
#8367=CARTESIAN_POINT('',(1.65389079007143,13.5240723070357,0.));
#8368=CARTESIAN_POINT('Ctrl Pts',(1.68094996004286,13.5175845888571,-4.16666666666667));
#8369=CARTESIAN_POINT('Ctrl Pts',(1.68094996004286,13.5175845888571,4.16666666666667));
#8370=CARTESIAN_POINT('Ctrl Pts',(1.67554481469286,13.5189097192,-4.16666666666667));
#8371=CARTESIAN_POINT('Ctrl Pts',(1.67554481469286,13.5189097192,4.16666666666667));
#8372=CARTESIAN_POINT('Ctrl Pts',(1.67013625041429,13.5202209037,-4.16666666666667));
#8373=CARTESIAN_POINT('Ctrl Pts',(1.67013625041429,13.5202209037,4.16666666666667));
#8374=CARTESIAN_POINT('Ctrl Pts',(1.66472424207857,13.52151833415,-4.16666666666667));
#8375=CARTESIAN_POINT('Ctrl Pts',(1.66472424207857,13.52151833415,4.16666666666667));
#8376=CARTESIAN_POINT('Ctrl Pts',(1.65930909886429,13.5228020722214,-4.16666666666667));
#8377=CARTESIAN_POINT('Ctrl Pts',(1.65930909886429,13.5228020722214,4.16666666666667));
#8378=CARTESIAN_POINT('Ctrl Pts',(1.65389079007143,13.5240723070357,-4.16666666666667));
#8379=CARTESIAN_POINT('Ctrl Pts',(1.65389079007143,13.5240723070357,4.16666666666667));
#8380=CARTESIAN_POINT('',(1.65389079007143,13.5240723070357,0.));
#8381=CARTESIAN_POINT('Origin',(6.29637071400858,9.28515364295702,0.));
#8382=CARTESIAN_POINT('',(1.38339639565902,13.2073639969234,0.));
#8383=CARTESIAN_POINT('Origin',(6.29637071400858,9.28515364295702,0.));
#8384=CARTESIAN_POINT('',(1.38339639565902,13.2073639969234,0.));
#8385=CARTESIAN_POINT('Ctrl Pts',(1.38339639565902,13.2073639969234,-4.16666666666667));
#8386=CARTESIAN_POINT('Ctrl Pts',(1.38339639565902,13.2073639969234,4.16666666666667));
#8387=CARTESIAN_POINT('Ctrl Pts',(1.38689984875943,13.1987757092101,-4.16666666666667));
#8388=CARTESIAN_POINT('Ctrl Pts',(1.38689984875943,13.1987757092101,4.16666666666667));
#8389=CARTESIAN_POINT('Ctrl Pts',(1.39044673137978,13.190205137869,-4.16666666666667));
#8390=CARTESIAN_POINT('Ctrl Pts',(1.39044673137978,13.190205137869,4.16666666666667));
#8391=CARTESIAN_POINT('Ctrl Pts',(1.39403686212743,13.1816527212113,-4.16666666666667));
#8392=CARTESIAN_POINT('Ctrl Pts',(1.39403686212743,13.1816527212113,4.16666666666667));
#8393=CARTESIAN_POINT('',(1.39403713981429,13.1816528377786,0.));
#8394=CARTESIAN_POINT('Ctrl Pts',(1.38339639565902,13.2073639969234,-4.16666666666667));
#8395=CARTESIAN_POINT('Ctrl Pts',(1.38339639565902,13.2073639969234,4.16666666666667));
#8396=CARTESIAN_POINT('Ctrl Pts',(1.38689984875943,13.1987757092101,-4.16666666666667));
#8397=CARTESIAN_POINT('Ctrl Pts',(1.38689984875943,13.1987757092101,4.16666666666667));
#8398=CARTESIAN_POINT('Ctrl Pts',(1.39044673137978,13.190205137869,-4.16666666666667));
#8399=CARTESIAN_POINT('Ctrl Pts',(1.39044673137978,13.190205137869,4.16666666666667));
#8400=CARTESIAN_POINT('Ctrl Pts',(1.39403686212743,13.1816527212113,-4.16666666666667));
#8401=CARTESIAN_POINT('Ctrl Pts',(1.39403686212743,13.1816527212113,4.16666666666667));
#8402=CARTESIAN_POINT('',(1.39403713981429,13.1816528377786,0.));
#8403=CARTESIAN_POINT('Origin',(-1.89893456049148,11.7991028558606,0.));
#8404=CARTESIAN_POINT('',(1.65730574629956,12.1281346944428,0.));
#8405=CARTESIAN_POINT('Origin',(-1.89893456049148,11.7991028558606,0.));
#8406=CARTESIAN_POINT('',(1.65730574629956,12.1281346944428,0.));
#8407=CARTESIAN_POINT('Origin',(0.335975936212674,15.4461453819443,0.));
#8408=CARTESIAN_POINT('',(0.599092760957109,11.8844215119714,0.));
#8409=CARTESIAN_POINT('Origin',(0.335975936212674,15.4461453819443,0.));
#8410=CARTESIAN_POINT('',(0.599092760957109,11.8844215119714,0.));
#8411=CARTESIAN_POINT('Ctrl Pts',(0.599092760957144,11.8844215119714,-4.16666666666667));
#8412=CARTESIAN_POINT('Ctrl Pts',(0.599092760957144,11.8844215119714,4.16666666666667));
#8413=CARTESIAN_POINT('Ctrl Pts',(0.593542674457144,11.8840115040429,-4.16666666666667));
#8414=CARTESIAN_POINT('Ctrl Pts',(0.593542674457144,11.8840115040429,4.16666666666667));
#8415=CARTESIAN_POINT('Ctrl Pts',(0.587993645864286,11.8835871763286,-4.16666666666667));
#8416=CARTESIAN_POINT('Ctrl Pts',(0.587993645864286,11.8835871763286,4.16666666666667));
#8417=CARTESIAN_POINT('Ctrl Pts',(0.582445592007144,11.8831487034643,-4.16666666666667));
#8418=CARTESIAN_POINT('Ctrl Pts',(0.582445592007144,11.8831487034643,4.16666666666667));
#8419=CARTESIAN_POINT('Ctrl Pts',(0.576898787885716,11.8826962396357,-4.16666666666667));
#8420=CARTESIAN_POINT('Ctrl Pts',(0.576898787885716,11.8826962396357,4.16666666666667));
#8421=CARTESIAN_POINT('Ctrl Pts',(0.571353145857143,11.8822299552429,-4.16666666666667));
#8422=CARTESIAN_POINT('Ctrl Pts',(0.571353145857143,11.8822299552429,4.16666666666667));
#8423=CARTESIAN_POINT('',(0.571353145857143,11.8822299552429,0.));
#8424=CARTESIAN_POINT('Ctrl Pts',(0.599092760957144,11.8844215119714,-4.16666666666667));
#8425=CARTESIAN_POINT('Ctrl Pts',(0.599092760957144,11.8844215119714,4.16666666666667));
#8426=CARTESIAN_POINT('Ctrl Pts',(0.593542674457144,11.8840115040429,-4.16666666666667));
#8427=CARTESIAN_POINT('Ctrl Pts',(0.593542674457144,11.8840115040429,4.16666666666667));
#8428=CARTESIAN_POINT('Ctrl Pts',(0.587993645864286,11.8835871763286,-4.16666666666667));
#8429=CARTESIAN_POINT('Ctrl Pts',(0.587993645864286,11.8835871763286,4.16666666666667));
#8430=CARTESIAN_POINT('Ctrl Pts',(0.582445592007144,11.8831487034643,-4.16666666666667));
#8431=CARTESIAN_POINT('Ctrl Pts',(0.582445592007144,11.8831487034643,4.16666666666667));
#8432=CARTESIAN_POINT('Ctrl Pts',(0.576898787885716,11.8826962396357,-4.16666666666667));
#8433=CARTESIAN_POINT('Ctrl Pts',(0.576898787885716,11.8826962396357,4.16666666666667));
#8434=CARTESIAN_POINT('Ctrl Pts',(0.571353145857143,11.8822299552429,-4.16666666666667));
#8435=CARTESIAN_POINT('Ctrl Pts',(0.571353145857143,11.8822299552429,4.16666666666667));
#8436=CARTESIAN_POINT('',(0.571353145857143,11.8822299552429,0.));
#8437=CARTESIAN_POINT('Origin',(6.29651183798971,9.28538392869459,0.));
#8438=CARTESIAN_POINT('',(0.411965939511393,11.4974350883882,0.));
#8439=CARTESIAN_POINT('Origin',(6.29651183798971,9.28538392869459,0.));
#8440=CARTESIAN_POINT('',(0.411965939511393,11.4974350883882,0.));
#8441=CARTESIAN_POINT('Ctrl Pts',(0.411965939511393,11.4974350883882,-4.16666666666667));
#8442=CARTESIAN_POINT('Ctrl Pts',(0.411965939511393,11.4974350883882,4.16666666666667));
#8443=CARTESIAN_POINT('Ctrl Pts',(0.417951848267862,11.4903497679438,-4.16666666666667));
#8444=CARTESIAN_POINT('Ctrl Pts',(0.417951848267862,11.4903497679438,4.16666666666667));
#8445=CARTESIAN_POINT('Ctrl Pts',(0.423973586291813,11.4832947172301,-4.16666666666667));
#8446=CARTESIAN_POINT('Ctrl Pts',(0.423973586291813,11.4832947172301,4.16666666666667));
#8447=CARTESIAN_POINT('Ctrl Pts',(0.430030845622987,11.4762702970522,-4.16666666666667));
#8448=CARTESIAN_POINT('Ctrl Pts',(0.430030845622987,11.4762702970522,4.16666666666667));
#8449=CARTESIAN_POINT('',(0.430031073686034,11.4762704937376,0.));
#8450=CARTESIAN_POINT('Ctrl Pts',(0.411965939511393,11.4974350883882,-4.16666666666667));
#8451=CARTESIAN_POINT('Ctrl Pts',(0.411965939511393,11.4974350883882,4.16666666666667));
#8452=CARTESIAN_POINT('Ctrl Pts',(0.417951848267862,11.4903497679438,-4.16666666666667));
#8453=CARTESIAN_POINT('Ctrl Pts',(0.417951848267862,11.4903497679438,4.16666666666667));
#8454=CARTESIAN_POINT('Ctrl Pts',(0.423973586291813,11.4832947172301,-4.16666666666667));
#8455=CARTESIAN_POINT('Ctrl Pts',(0.423973586291813,11.4832947172301,4.16666666666667));
#8456=CARTESIAN_POINT('Ctrl Pts',(0.430030845622987,11.4762702970522,-4.16666666666667));
#8457=CARTESIAN_POINT('Ctrl Pts',(0.430030845622987,11.4762702970522,4.16666666666667));
#8458=CARTESIAN_POINT('',(0.430031073686034,11.4762704937376,0.));
#8459=CARTESIAN_POINT('Origin',(-2.27453967986227,9.14380310693333,0.));
#8460=CARTESIAN_POINT('',(1.00596940772781,10.5556696720497,0.));
#8461=CARTESIAN_POINT('Origin',(-2.27453967986227,9.14380310693333,0.));
#8462=CARTESIAN_POINT('',(1.00596940772781,10.5556696720497,0.));
#8463=CARTESIAN_POINT('Origin',(-1.27601160837077,13.302971990888,0.));
#8464=CARTESIAN_POINT('',(0.0748605316630591,9.99687895298905,0.));
#8465=CARTESIAN_POINT('Origin',(-1.27601160837077,13.302971990888,0.));
#8466=CARTESIAN_POINT('',(0.0748605316630591,9.99687895298905,0.));
#8467=CARTESIAN_POINT('Ctrl Pts',(0.0748605316630591,9.99687895298905,-4.16666666666667));
#8468=CARTESIAN_POINT('Ctrl Pts',(0.0748605316630591,9.99687895298905,4.16666666666667));
#8469=CARTESIAN_POINT('Ctrl Pts',(0.0662743500302167,9.99337034213703,-4.16666666666667));
#8470=CARTESIAN_POINT('Ctrl Pts',(0.0662743500302167,9.99337034213703,4.16666666666667));
#8471=CARTESIAN_POINT('Ctrl Pts',(0.0577060150870309,9.98981805733255,-4.16666666666667));
#8472=CARTESIAN_POINT('Ctrl Pts',(0.0577060150870309,9.98981805733255,4.16666666666667));
#8473=CARTESIAN_POINT('Ctrl Pts',(0.0491559701940647,9.9862222823853,-4.16666666666667));
#8474=CARTESIAN_POINT('Ctrl Pts',(0.0491559701940647,9.9862222823853,4.16666666666667));
#8475=CARTESIAN_POINT('',(0.0491559701940647,9.9862222823853,0.));
#8476=CARTESIAN_POINT('Ctrl Pts',(0.0748605316630591,9.99687895298905,-4.16666666666667));
#8477=CARTESIAN_POINT('Ctrl Pts',(0.0748605316630591,9.99687895298905,4.16666666666667));
#8478=CARTESIAN_POINT('Ctrl Pts',(0.0662743500302167,9.99337034213703,-4.16666666666667));
#8479=CARTESIAN_POINT('Ctrl Pts',(0.0662743500302167,9.99337034213703,4.16666666666667));
#8480=CARTESIAN_POINT('Ctrl Pts',(0.0577060150870309,9.98981805733255,-4.16666666666667));
#8481=CARTESIAN_POINT('Ctrl Pts',(0.0577060150870309,9.98981805733255,4.16666666666667));
#8482=CARTESIAN_POINT('Ctrl Pts',(0.0491559701940647,9.9862222823853,-4.16666666666667));
#8483=CARTESIAN_POINT('Ctrl Pts',(0.0491559701940647,9.9862222823853,4.16666666666667));
#8484=CARTESIAN_POINT('',(0.0491559701940647,9.9862222823853,0.));
#8485=CARTESIAN_POINT('Origin',(6.29657488892862,9.28564655479774,0.));
#8486=CARTESIAN_POINT('',(0.0164777168999997,9.57100745858429,0.));
#8487=CARTESIAN_POINT('Origin',(6.29657488892862,9.28564655479774,0.));
#8488=CARTESIAN_POINT('',(0.0164777168999997,9.57100745858429,0.));
#8489=CARTESIAN_POINT('Ctrl Pts',(0.0164777168999997,9.57100745858429,-4.16666666666667));
#8490=CARTESIAN_POINT('Ctrl Pts',(0.0164777168999997,9.57100745858429,4.16666666666667));
#8491=CARTESIAN_POINT('Ctrl Pts',(0.0212072314428569,9.56807432734643,-4.16666666666667));
#8492=CARTESIAN_POINT('Ctrl Pts',(0.0212072314428569,9.56807432734643,4.16666666666667));
#8493=CARTESIAN_POINT('Ctrl Pts',(0.0259440558357138,9.56515298275071,-4.16666666666667));
#8494=CARTESIAN_POINT('Ctrl Pts',(0.0259440558357138,9.56515298275071,4.16666666666667));
#8495=CARTESIAN_POINT('Ctrl Pts',(0.0306883454857154,9.562243536825,-4.16666666666667));
#8496=CARTESIAN_POINT('Ctrl Pts',(0.0306883454857154,9.562243536825,4.16666666666667));
#8497=CARTESIAN_POINT('Ctrl Pts',(0.0354399254214288,9.55934625179929,-4.16666666666667));
#8498=CARTESIAN_POINT('Ctrl Pts',(0.0354399254214288,9.55934625179929,4.16666666666667));
#8499=CARTESIAN_POINT('Ctrl Pts',(0.0401989489999999,9.55646124551571,-4.16666666666667));
#8500=CARTESIAN_POINT('Ctrl Pts',(0.0401989489999999,9.55646124551571,4.16666666666667));
#8501=CARTESIAN_POINT('',(0.0401989489999999,9.55646124551571,0.));
#8502=CARTESIAN_POINT('Ctrl Pts',(0.0164777168999997,9.57100745858429,-4.16666666666667));
#8503=CARTESIAN_POINT('Ctrl Pts',(0.0164777168999997,9.57100745858429,4.16666666666667));
#8504=CARTESIAN_POINT('Ctrl Pts',(0.0212072314428569,9.56807432734643,-4.16666666666667));
#8505=CARTESIAN_POINT('Ctrl Pts',(0.0212072314428569,9.56807432734643,4.16666666666667));
#8506=CARTESIAN_POINT('Ctrl Pts',(0.0259440558357138,9.56515298275071,-4.16666666666667));
#8507=CARTESIAN_POINT('Ctrl Pts',(0.0259440558357138,9.56515298275071,4.16666666666667));
#8508=CARTESIAN_POINT('Ctrl Pts',(0.0306883454857154,9.562243536825,-4.16666666666667));
#8509=CARTESIAN_POINT('Ctrl Pts',(0.0306883454857154,9.562243536825,4.16666666666667));
#8510=CARTESIAN_POINT('Ctrl Pts',(0.0354399254214288,9.55934625179929,-4.16666666666667));
#8511=CARTESIAN_POINT('Ctrl Pts',(0.0354399254214288,9.55934625179929,4.16666666666667));
#8512=CARTESIAN_POINT('Ctrl Pts',(0.0401989489999999,9.55646124551571,-4.16666666666667));
#8513=CARTESIAN_POINT('Ctrl Pts',(0.0401989489999999,9.55646124551571,4.16666666666667));
#8514=CARTESIAN_POINT('',(0.0401989489999999,9.55646124551571,0.));
#8515=CARTESIAN_POINT('Origin',(-1.81122862859891,6.50239461294042,0.));
#8516=CARTESIAN_POINT('',(0.872430153413031,8.85889256795246,0.));
#8517=CARTESIAN_POINT('Origin',(-1.81122862859891,6.50239461294042,0.));
#8518=CARTESIAN_POINT('',(0.872430153413031,8.85889256795246,0.));
#8519=CARTESIAN_POINT('Origin',(-2.1468258674457,10.7665614261302,0.));
#8520=CARTESIAN_POINT('',(0.159568879042831,8.03972247501426,0.));
#8521=CARTESIAN_POINT('Origin',(-2.1468258674457,10.7665614261302,0.));
#8522=CARTESIAN_POINT('',(0.159568879042831,8.03972247501426,0.));
#8523=CARTESIAN_POINT('Ctrl Pts',(0.159568818016542,8.03972254716115,-4.16666666666667));
#8524=CARTESIAN_POINT('Ctrl Pts',(0.159568818016542,8.03972254716115,4.16666666666667));
#8525=CARTESIAN_POINT('Ctrl Pts',(0.152487094405141,8.03373238390621,-4.16666666666667));
#8526=CARTESIAN_POINT('Ctrl Pts',(0.152487094405141,8.03373238390621,4.16666666666667));
#8527=CARTESIAN_POINT('Ctrl Pts',(0.145435839998153,8.0277061991841,-4.16666666666667));
#8528=CARTESIAN_POINT('Ctrl Pts',(0.145435839998153,8.0277061991841,4.16666666666667));
#8529=CARTESIAN_POINT('Ctrl Pts',(0.138415419656227,8.0216443048142,-4.16666666666667));
#8530=CARTESIAN_POINT('Ctrl Pts',(0.138415419656227,8.0216443048142,4.16666666666667));
#8531=CARTESIAN_POINT('',(0.138415419656227,8.0216443048142,0.));
#8532=CARTESIAN_POINT('Ctrl Pts',(0.159568818016542,8.03972254716115,-4.16666666666667));
#8533=CARTESIAN_POINT('Ctrl Pts',(0.159568818016542,8.03972254716115,4.16666666666667));
#8534=CARTESIAN_POINT('Ctrl Pts',(0.152487094405141,8.03373238390621,-4.16666666666667));
#8535=CARTESIAN_POINT('Ctrl Pts',(0.152487094405141,8.03373238390621,4.16666666666667));
#8536=CARTESIAN_POINT('Ctrl Pts',(0.145435839998153,8.0277061991841,-4.16666666666667));
#8537=CARTESIAN_POINT('Ctrl Pts',(0.145435839998153,8.0277061991841,4.16666666666667));
#8538=CARTESIAN_POINT('Ctrl Pts',(0.138415419656227,8.0216443048142,-4.16666666666667));
#8539=CARTESIAN_POINT('Ctrl Pts',(0.138415419656227,8.0216443048142,4.16666666666667));
#8540=CARTESIAN_POINT('',(0.138415419656227,8.0216443048142,0.));
#8541=CARTESIAN_POINT('Origin',(6.29595567572695,9.28578036815274,0.));
#8542=CARTESIAN_POINT('',(0.191601177160105,7.78571432040975,0.));
#8543=CARTESIAN_POINT('Origin',(6.29595567572695,9.28578036815274,0.));
#8544=CARTESIAN_POINT('',(0.191601177160105,7.78571432040975,0.));
#8545=CARTESIAN_POINT('Origin',(0.,0.,0.));
#8546=CARTESIAN_POINT('',(0.,0.,0.));
#8547=CARTESIAN_POINT('Origin',(2.77555756156289E-16,0.178571428571428,
0.));
#8548=CARTESIAN_POINT('',(2.77555756156289E-16,0.178571428571428,0.));
#8549=CARTESIAN_POINT('Origin',(1.42857142857143,0.178571428571428,0.));
#8550=CARTESIAN_POINT('',(1.42857142857143,1.60714285714286,0.));
#8551=CARTESIAN_POINT('Origin',(1.42857142857143,2.5,0.));
#8552=CARTESIAN_POINT('',(1.97802197802033,3.20377409107002,0.));
#8553=CARTESIAN_POINT('Origin',(2.85714285714286,4.32981263677857,0.));
#8554=CARTESIAN_POINT('',(1.42857142857143,4.32981263677857,0.));
#8555=CARTESIAN_POINT('Origin',(1.42857142859118,5.83981761045909,0.));
#8556=CARTESIAN_POINT('',(1.42857142859118,5.83981761045909,0.));
#8557=CARTESIAN_POINT('Origin',(1.37305406190746,2.26881183695441,0.));
#8558=CARTESIAN_POINT('',(1.07575499966429,5.82785351695714,0.));
#8559=CARTESIAN_POINT('Ctrl Pts',(1.04801407025,5.82567866014286,-4.16666666666667));
#8560=CARTESIAN_POINT('Ctrl Pts',(1.04801407025,5.82567866014286,4.16666666666667));
#8561=CARTESIAN_POINT('Ctrl Pts',(1.05356437917857,5.82608564602143,-4.16666666666667));
#8562=CARTESIAN_POINT('Ctrl Pts',(1.05356437917857,5.82608564602143,4.16666666666667));
#8563=CARTESIAN_POINT('Ctrl Pts',(1.05911367387857,5.82650646411428,-4.16666666666667));
#8564=CARTESIAN_POINT('Ctrl Pts',(1.05911367387857,5.82650646411428,4.16666666666667));
#8565=CARTESIAN_POINT('Ctrl Pts',(1.06466201423571,5.82694129640714,-4.16666666666667));
#8566=CARTESIAN_POINT('Ctrl Pts',(1.06466201423571,5.82694129640714,4.16666666666667));
#8567=CARTESIAN_POINT('Ctrl Pts',(1.07020910456429,5.82739025219286,-4.16666666666667));
#8568=CARTESIAN_POINT('Ctrl Pts',(1.07020910456429,5.82739025219286,4.16666666666667));
#8569=CARTESIAN_POINT('Ctrl Pts',(1.07575499966429,5.82785351695714,-4.16666666666667));
#8570=CARTESIAN_POINT('Ctrl Pts',(1.07575499966429,5.82785351695714,4.16666666666667));
#8571=CARTESIAN_POINT('',(1.04801407025,5.82567866014286,0.));
#8572=CARTESIAN_POINT('Origin',(6.29645034005577,9.28616534045032,0.));
#8573=CARTESIAN_POINT('',(0.8303939261,6.18080245952143,0.));
#8574=CARTESIAN_POINT('Ctrl Pts',(0.844925856121429,6.20453244428571,-4.16666666666667));
#8575=CARTESIAN_POINT('Ctrl Pts',(0.844925856121429,6.20453244428571,4.16666666666667));
#8576=CARTESIAN_POINT('Ctrl Pts',(0.841995300514287,6.19980133337143,-4.16666666666667));
#8577=CARTESIAN_POINT('Ctrl Pts',(0.841995300514287,6.19980133337143,4.16666666666667));
#8578=CARTESIAN_POINT('Ctrl Pts',(0.839076951671429,6.19506266136429,-4.16666666666667));
#8579=CARTESIAN_POINT('Ctrl Pts',(0.839076951671429,6.19506266136429,4.16666666666667));
#8580=CARTESIAN_POINT('Ctrl Pts',(0.836170619435714,6.19031646362143,-4.16666666666667));
#8581=CARTESIAN_POINT('Ctrl Pts',(0.836170619435714,6.19031646362143,4.16666666666667));
#8582=CARTESIAN_POINT('Ctrl Pts',(0.833276340700001,6.18556305326428,-4.16666666666667));
#8583=CARTESIAN_POINT('Ctrl Pts',(0.833276340700001,6.18556305326428,4.16666666666667));
#8584=CARTESIAN_POINT('Ctrl Pts',(0.8303939261,6.18080245952143,-4.16666666666667));
#8585=CARTESIAN_POINT('Ctrl Pts',(0.8303939261,6.18080245952143,4.16666666666667));
#8586=CARTESIAN_POINT('',(0.844925856121411,6.20453244428568,0.));
#8587=CARTESIAN_POINT('Origin',(-2.19122547328973,8.08519522514314,0.));
#8588=CARTESIAN_POINT('',(1.26975973683459,7.20389574740671,0.));
#8589=CARTESIAN_POINT('Origin',(-0.554353520614139,4.13343684079855,0.));
#8590=CARTESIAN_POINT('',(0.262700250192859,7.61014939848572,0.));
#8591=CARTESIAN_POINT('Ctrl Pts',(0.235644990785715,7.61665340536429,-4.16666666666667));
#8592=CARTESIAN_POINT('Ctrl Pts',(0.235644990785715,7.61665340536429,4.16666666666667));
#8593=CARTESIAN_POINT('Ctrl Pts',(0.241049413814286,7.61532533215714,-4.16666666666667));
#8594=CARTESIAN_POINT('Ctrl Pts',(0.241049413814286,7.61532533215714,4.16666666666667));
#8595=CARTESIAN_POINT('Ctrl Pts',(0.246457146642858,7.61401072757857,-4.16666666666667));
#8596=CARTESIAN_POINT('Ctrl Pts',(0.246457146642858,7.61401072757857,4.16666666666667));
#8597=CARTESIAN_POINT('Ctrl Pts',(0.251868302464286,7.6127097462,-4.16666666666667));
#8598=CARTESIAN_POINT('Ctrl Pts',(0.251868302464286,7.6127097462,4.16666666666667));
#8599=CARTESIAN_POINT('Ctrl Pts',(0.257282633835715,7.61142258334286,-4.16666666666667));
#8600=CARTESIAN_POINT('Ctrl Pts',(0.257282633835715,7.61142258334286,4.16666666666667));
#8601=CARTESIAN_POINT('Ctrl Pts',(0.262700250192857,7.61014939848571,-4.16666666666667));
#8602=CARTESIAN_POINT('Ctrl Pts',(0.262700250192857,7.61014939848571,4.16666666666667));
#8603=CARTESIAN_POINT('',(0.235644990785715,7.61665340536429,0.));
#8604=CARTESIAN_POINT('Origin',(6.29655369577123,9.28591581020076,0.));
#8605=CARTESIAN_POINT('Origin',(1.14343684090542,16.135782092005,0.));
#8606=CARTESIAN_POINT('',(4.62014939848571,15.3187283212357,0.));
#8607=CARTESIAN_POINT('Ctrl Pts',(4.62665340536429,15.3457835806429,-4.16666666666667));
#8608=CARTESIAN_POINT('Ctrl Pts',(4.62665340536429,15.3457835806429,4.16666666666667));
#8609=CARTESIAN_POINT('Ctrl Pts',(4.62532533215714,15.3403791576143,-4.16666666666667));
#8610=CARTESIAN_POINT('Ctrl Pts',(4.62532533215714,15.3403791576143,4.16666666666667));
#8611=CARTESIAN_POINT('Ctrl Pts',(4.62401072757857,15.3349714247857,-4.16666666666667));
#8612=CARTESIAN_POINT('Ctrl Pts',(4.62401072757857,15.3349714247857,4.16666666666667));
#8613=CARTESIAN_POINT('Ctrl Pts',(4.6227097462,15.3295602689643,-4.16666666666667));
#8614=CARTESIAN_POINT('Ctrl Pts',(4.6227097462,15.3295602689643,4.16666666666667));
#8615=CARTESIAN_POINT('Ctrl Pts',(4.62142258334286,15.3241459375929,-4.16666666666667));
#8616=CARTESIAN_POINT('Ctrl Pts',(4.62142258334286,15.3241459375929,4.16666666666667));
#8617=CARTESIAN_POINT('Ctrl Pts',(4.62014939848572,15.3187283212357,-4.16666666666667));
#8618=CARTESIAN_POINT('Ctrl Pts',(4.62014939848572,15.3187283212357,4.16666666666667));
#8619=CARTESIAN_POINT('',(4.62665340594041,15.3457835808015,0.));
#8620=CARTESIAN_POINT('Origin',(6.29591581020076,9.28487487565734,0.));
#8621=CARTESIAN_POINT('',(5.03164453171429,15.4430133476929,0.));
#8622=CARTESIAN_POINT('Ctrl Pts',(5.04972247501429,15.4218596923857,-4.16666666666667));
#8623=CARTESIAN_POINT('Ctrl Pts',(5.04972247501429,15.4218596923857,4.16666666666667));
#8624=CARTESIAN_POINT('Ctrl Pts',(5.04612851264286,15.4261088100714,-4.16666666666667));
#8625=CARTESIAN_POINT('Ctrl Pts',(5.04612851264286,15.4261088100714,4.16666666666667));
#8626=CARTESIAN_POINT('Ctrl Pts',(5.04252358713572,15.4303486549357,-4.16666666666667));
#8627=CARTESIAN_POINT('Ctrl Pts',(5.04252358713572,15.4303486549357,4.16666666666667));
#8628=CARTESIAN_POINT('Ctrl Pts',(5.0389077909,15.4345793969071,-4.16666666666667));
#8629=CARTESIAN_POINT('Ctrl Pts',(5.0389077909,15.4345793969071,4.16666666666667));
#8630=CARTESIAN_POINT('Ctrl Pts',(5.03528141032143,15.4388009041357,-4.16666666666667));
#8631=CARTESIAN_POINT('Ctrl Pts',(5.03528141032143,15.4388009041357,4.16666666666667));
#8632=CARTESIAN_POINT('Ctrl Pts',(5.03164453171429,15.4430133476929,-4.16666666666667));
#8633=CARTESIAN_POINT('Ctrl Pts',(5.03164453171429,15.4430133476929,4.16666666666667));
#8634=CARTESIAN_POINT('',(5.04972247501426,15.4218596923857,0.));
#8635=CARTESIAN_POINT('Origin',(7.77656142613016,17.7282544388743,0.));
#8636=CARTESIAN_POINT('',(5.86889256808648,14.7089984179357,0.));
#8637=CARTESIAN_POINT('Origin',(3.5123946129946,17.3926571999805,0.));
#8638=CARTESIAN_POINT('',(6.56646124551572,15.5412296224286,0.));
#8639=CARTESIAN_POINT('Ctrl Pts',(6.58100745858429,15.5649508545286,-4.16666666666667));
#8640=CARTESIAN_POINT('Ctrl Pts',(6.58100745858429,15.5649508545286,4.16666666666667));
#8641=CARTESIAN_POINT('Ctrl Pts',(6.57807432734643,15.5602213399857,-4.16666666666667));
#8642=CARTESIAN_POINT('Ctrl Pts',(6.57807432734643,15.5602213399857,4.16666666666667));
#8643=CARTESIAN_POINT('Ctrl Pts',(6.57515298275071,15.5554845155929,-4.16666666666667));
#8644=CARTESIAN_POINT('Ctrl Pts',(6.57515298275071,15.5554845155929,4.16666666666667));
#8645=CARTESIAN_POINT('Ctrl Pts',(6.572243536825,15.5507402259429,-4.16666666666667));
#8646=CARTESIAN_POINT('Ctrl Pts',(6.572243536825,15.5507402259429,4.16666666666667));
#8647=CARTESIAN_POINT('Ctrl Pts',(6.56934625179929,15.5459886460071,-4.16666666666667));
#8648=CARTESIAN_POINT('Ctrl Pts',(6.56934625179929,15.5459886460071,4.16666666666667));
#8649=CARTESIAN_POINT('Ctrl Pts',(6.56646124551572,15.5412296224286,-4.16666666666667));
#8650=CARTESIAN_POINT('Ctrl Pts',(6.56646124551572,15.5412296224286,4.16666666666667));
#8651=CARTESIAN_POINT('Origin',(22.6242259560379,0.,0.));
#8652=CARTESIAN_POINT('',(0.,0.,0.));
#8653=CARTESIAN_POINT('Origin',(7.08,6.4743574256516,4.26515003347655E-24));
#8654=CARTESIAN_POINT('',(7.08,16.2210947714966,4.16666666666667));
#8655=CARTESIAN_POINT('',(6.58,15.6748405047561,4.16666666666667));
#8656=CARTESIAN_POINT('Ctrl Pts',(7.08,16.2210947714966,4.16666666666667));
#8657=CARTESIAN_POINT('Ctrl Pts',(7.01999665433333,16.2210947714966,4.16666666666667));
#8658=CARTESIAN_POINT('Ctrl Pts',(6.94954895241218,16.2062051965749,4.16666666666667));
#8659=CARTESIAN_POINT('Ctrl Pts',(6.83705116482638,16.1573022894906,4.16666666666667));
#8660=CARTESIAN_POINT('Ctrl Pts',(6.77578883790052,16.1136965202837,4.16666666666667));
#8661=CARTESIAN_POINT('Ctrl Pts',(6.68705524322152,16.0202577847353,4.16666666666667));
#8662=CARTESIAN_POINT('Ctrl Pts',(6.6449280933499,15.95291578828,4.16666666666667));
#8663=CARTESIAN_POINT('Ctrl Pts',(6.59521768228655,15.8265522580409,4.16666666666667));
#8664=CARTESIAN_POINT('Ctrl Pts',(6.58,15.7444359183611,4.16666666666667));
#8665=CARTESIAN_POINT('Ctrl Pts',(6.58,15.6748405047561,4.16666666666667));
#8666=CARTESIAN_POINT('',(6.58,14.2965216130209,6.38934640051991));
#8667=CARTESIAN_POINT('Origin',(6.58,6.4743574256516,4.26515003347655E-24));
#8668=CARTESIAN_POINT('',(7.08,14.6837574638808,6.70565067777337));
#8669=CARTESIAN_POINT('Origin',(7.08,14.2965216130209,6.38934640051991));
#8670=CARTESIAN_POINT('Origin',(7.08,6.4743574256516,4.26515003347655E-24));
#8671=CARTESIAN_POINT('Ctrl Pts',(6.98978540671013,14.2481300775529,7.20614035087793));
#8672=CARTESIAN_POINT('Ctrl Pts',(7.05309610102544,14.3937664494295,7.04903210850543));
#8673=CARTESIAN_POINT('Ctrl Pts',(7.08,14.5418670518577,6.87936016695806));
#8674=CARTESIAN_POINT('Ctrl Pts',(7.08,14.6837574638808,6.70565067777337));
#8675=CARTESIAN_POINT('Ctrl Pts',(6.88938076370609,14.2693009724129,7.18330181104029));
#8676=CARTESIAN_POINT('Ctrl Pts',(6.94088036645076,14.4080554124201,7.03289701270301));
#8677=CARTESIAN_POINT('Ctrl Pts',(6.95791154065018,14.5487280621162,6.87051087863651));
#8678=CARTESIAN_POINT('Ctrl Pts',(6.94910030610043,14.6837574638808,6.70565067777337));
#8679=CARTESIAN_POINT('Ctrl Pts',(6.68888408769371,14.2612808694596,7.0910724188735));
#8680=CARTESIAN_POINT('Ctrl Pts',(6.71707908978442,14.3766322753043,6.9470783524894));
#8681=CARTESIAN_POINT('Ctrl Pts',(6.71398939136565,14.4924323548691,6.79281309492412));
#8682=CARTESIAN_POINT('Ctrl Pts',(6.68834835426313,14.5998447295761,6.63710858199977));
#8683=CARTESIAN_POINT('Ctrl Pts',(6.56545672153639,14.155973501122,6.94125405090706));
#8684=CARTESIAN_POINT('Ctrl Pts',(6.59090042423867,14.23915664267,6.79352063521059));
#8685=CARTESIAN_POINT('Ctrl Pts',(6.59401581357157,14.3218636860593,6.63424534841729));
#8686=CARTESIAN_POINT('Ctrl Pts',(6.58,14.3978997217099,6.47215466666312));
#8687=CARTESIAN_POINT('Ctrl Pts',(6.53489270335507,14.0889821506666,6.86622807017614));
#8688=CARTESIAN_POINT('Ctrl Pts',(6.56654805051271,14.1583655165134,6.71653059395331));
#8689=CARTESIAN_POINT('Ctrl Pts',(6.58,14.2289228789911,6.55486204587512));
#8690=CARTESIAN_POINT('Ctrl Pts',(6.58,14.2965216130209,6.38934640051991));
#8691=CARTESIAN_POINT('',(6.53489270335507,14.0889821506666,6.86622807017614));
#8692=CARTESIAN_POINT('Ctrl Pts',(6.58,14.2965216130209,6.38934640051991));
#8693=CARTESIAN_POINT('Ctrl Pts',(6.58,14.2289228789911,6.55486204587512));
#8694=CARTESIAN_POINT('Ctrl Pts',(6.56654805051271,14.1583655165134,6.71653059395331));
#8695=CARTESIAN_POINT('Ctrl Pts',(6.53489270335507,14.0889821506666,6.86622807017614));
#8696=CARTESIAN_POINT('',(6.98978540671013,14.2481300775533,7.20614035087756));
#8697=CARTESIAN_POINT('Origin',(6.98978540671013,13.8814426883123,6.86622807017614));
#8698=CARTESIAN_POINT('Ctrl Pts',(6.98978540671013,14.2481300775529,7.20614035087793));
#8699=CARTESIAN_POINT('Ctrl Pts',(7.05309610102544,14.3937664494295,7.04903210850543));
#8700=CARTESIAN_POINT('Ctrl Pts',(7.08,14.5418670518577,6.87936016695806));
#8701=CARTESIAN_POINT('Ctrl Pts',(7.08,14.6837574638808,6.70565067777337));
#8702=CARTESIAN_POINT('Ctrl Pts',(6.5348927033551,14.0889821506667,6.86622807017596));
#8703=CARTESIAN_POINT('Ctrl Pts',(6.50808142270813,14.0302161897474,6.99301805694082));
#8704=CARTESIAN_POINT('Ctrl Pts',(6.43610089494495,13.9248763393152,7.17191228765641));
#8705=CARTESIAN_POINT('Ctrl Pts',(6.26082846430758,13.8187737992486,7.30767739348722));
#8706=CARTESIAN_POINT('Ctrl Pts',(6.14033686221213,13.7965216130209,7.33258636048792));
#8707=CARTESIAN_POINT('Ctrl Pts',(6.07999999999984,13.7965216130209,7.33258636048789));
#8708=CARTESIAN_POINT('Ctrl Pts',(6.56545672153642,14.1559735011221,6.9412540509069));
#8709=CARTESIAN_POINT('Ctrl Pts',(6.54263519281827,14.0827883481162,7.07114679851622));
#8710=CARTESIAN_POINT('Ctrl Pts',(6.47021703297903,13.9520825483707,7.25430606791838));
#8711=CARTESIAN_POINT('Ctrl Pts',(6.27909620794674,13.823127931651,7.39412250015402));
#8712=CARTESIAN_POINT('Ctrl Pts',(6.14638867241028,13.7965216130209,7.41990993594788));
#8713=CARTESIAN_POINT('Ctrl Pts',(6.07999999999983,13.7965216130209,7.41990993594786));
#8714=CARTESIAN_POINT('Ctrl Pts',(6.6889403423914,14.2612098572019,7.09103038332864));
#8715=CARTESIAN_POINT('Ctrl Pts',(6.66289308140538,14.1545532252364,7.22722375748011));
#8716=CARTESIAN_POINT('Ctrl Pts',(6.57408731270668,13.9677303596662,7.41895191984269));
#8717=CARTESIAN_POINT('Ctrl Pts',(6.33233505831577,13.7867677296447,7.56690033861607));
#8718=CARTESIAN_POINT('Ctrl Pts',(6.16421236406229,13.7496527242084,7.59440880739825));
#8719=CARTESIAN_POINT('Ctrl Pts',(6.07999999999978,13.7496527242085,7.59440880739823));
#8720=CARTESIAN_POINT('Ctrl Pts',(6.88938076370615,14.269300972413,7.18330181104019));
#8721=CARTESIAN_POINT('Ctrl Pts',(6.84502242751754,14.136626197049,7.32945542624496));
#8722=CARTESIAN_POINT('Ctrl Pts',(6.71945234456203,13.9022876457223,7.53534231205887));
#8723=CARTESIAN_POINT('Ctrl Pts',(6.40521577554379,13.6701171371249,7.69296867588999));
#8724=CARTESIAN_POINT('Ctrl Pts',(6.18850726656113,13.6218791279326,7.72216035130557));
#8725=CARTESIAN_POINT('Ctrl Pts',(6.07999999999972,13.6218791279326,7.72216035130554));
#8726=CARTESIAN_POINT('Ctrl Pts',(6.98978540671021,14.248130077553,7.20614035087782));
#8727=CARTESIAN_POINT('Ctrl Pts',(6.93616284541628,14.1070917713468,7.3582883349956));
#8728=CARTESIAN_POINT('Ctrl Pts',(6.79220178988989,13.8542761303095,7.57296141185436));
#8729=CARTESIAN_POINT('Ctrl Pts',(6.44165692861517,13.5996300341495,7.73587953885131));
#8730=CARTESIAN_POINT('Ctrl Pts',(6.20067372442426,13.5462247872031,7.76577029925217));
#8731=CARTESIAN_POINT('Ctrl Pts',(6.07999999999969,13.5462247872032,7.76577029925214));
#8732=CARTESIAN_POINT('',(6.07999999999984,13.7965216130209,7.33258636048789));
#8733=CARTESIAN_POINT('',(6.07999999999969,13.5462247872032,7.76577029925214));
#8734=CARTESIAN_POINT('Origin',(6.07999999999969,13.2965216130209,7.33258636048789));
#8735=CARTESIAN_POINT('Ctrl Pts',(6.07999999999969,13.5462247872032,7.76577029925214));
#8736=CARTESIAN_POINT('Ctrl Pts',(6.20067372442426,13.5462247872031,7.76577029925217));
#8737=CARTESIAN_POINT('Ctrl Pts',(6.44165692861517,13.5996300341495,7.73587953885131));
#8738=CARTESIAN_POINT('Ctrl Pts',(6.79220178988989,13.8542761303095,7.57296141185436));
#8739=CARTESIAN_POINT('Ctrl Pts',(6.93616284541628,14.1070917713468,7.3582883349956));
#8740=CARTESIAN_POINT('Ctrl Pts',(6.98978540671021,14.248130077553,7.20614035087782));
#8741=CARTESIAN_POINT('Ctrl Pts',(6.5348927033551,14.0889821506667,6.86622807017596));
#8742=CARTESIAN_POINT('Ctrl Pts',(6.50808142270813,14.0302161897474,6.99301805694082));
#8743=CARTESIAN_POINT('Ctrl Pts',(6.43610089494495,13.9248763393152,7.17191228765641));
#8744=CARTESIAN_POINT('Ctrl Pts',(6.26082846430758,13.8187737992486,7.30767739348722));
#8745=CARTESIAN_POINT('Ctrl Pts',(6.14033686221213,13.7965216130209,7.33258636048792));
#8746=CARTESIAN_POINT('Ctrl Pts',(6.07999999999984,13.7965216130209,7.33258636048789));
#8747=CARTESIAN_POINT('Origin',(6.58,13.2965216130208,7.33258636048798));
#8748=CARTESIAN_POINT('',(5.08214285714286,13.7965216130212,7.33258636048771));
#8749=CARTESIAN_POINT('',(5.0821428571427,13.546224787203,7.76577029925225));
#8750=CARTESIAN_POINT('Origin',(5.0821428571427,13.2965216130212,7.33258636048771));
#8751=CARTESIAN_POINT('',(6.58,13.546224787203,7.76577029925225));
#8752=CARTESIAN_POINT('',(6.58000000000016,13.7965216130208,7.33258636048798));
#8753=CARTESIAN_POINT('Ctrl Pts',(5.08214285714266,13.7965216130212,7.33258636048771));
#8754=CARTESIAN_POINT('Ctrl Pts',(4.65363441821158,13.7965216130212,7.33258636048773));
#8755=CARTESIAN_POINT('Ctrl Pts',(3.66950661112214,13.535606755332,7.46932502756455));
#8756=CARTESIAN_POINT('Ctrl Pts',(2.98001033796177,12.7653556767895,7.66666666666667));
#8757=CARTESIAN_POINT('Ctrl Pts',(2.76533214393701,12.2358767743817,7.66666666666667));
#8758=CARTESIAN_POINT('Ctrl Pts',(5.08214285714267,13.7965216130212,7.41990993594767));
#8759=CARTESIAN_POINT('Ctrl Pts',(4.66223013956417,13.7965216130212,7.41990993594769));
#8760=CARTESIAN_POINT('Ctrl Pts',(3.69868274636844,13.5497029197097,7.56622950529833));
#8761=CARTESIAN_POINT('Ctrl Pts',(2.98799803339904,12.7845960696038,7.79220899717741));
#8762=CARTESIAN_POINT('Ctrl Pts',(2.76533214393701,12.2358767743817,7.79756636056624));
#8763=CARTESIAN_POINT('Ctrl Pts',(5.08214285714268,13.7496970107691,7.59443439649418));
#8764=CARTESIAN_POINT('Ctrl Pts',(4.68754744795778,13.7496970107691,7.5944343964942));
#8765=CARTESIAN_POINT('Ctrl Pts',(3.78278592694584,13.5178306450815,7.76023242957031));
#8766=CARTESIAN_POINT('Ctrl Pts',(3.08550857022241,12.7620006388922,8.04273810156628));
#8767=CARTESIAN_POINT('Ctrl Pts',(2.86573199632325,12.1951694697231,8.05832823852712));
#8768=CARTESIAN_POINT('Ctrl Pts',(5.08214285714269,13.621879127933,7.72216035130532));
#8769=CARTESIAN_POINT('Ctrl Pts',(4.7220541835468,13.621879127933,7.72216035130534));
#8770=CARTESIAN_POINT('Ctrl Pts',(3.89573440579947,13.3797501482628,7.89121554804976));
#8771=CARTESIAN_POINT('Ctrl Pts',(3.29535496575879,12.631429789106,8.15814484080117));
#8772=CARTESIAN_POINT('Ctrl Pts',(3.10738636130542,12.0971902633437,8.16666666666667));
#8773=CARTESIAN_POINT('Ctrl Pts',(5.0821428571427,13.5462247872035,7.76577029925192));
#8774=CARTESIAN_POINT('Ctrl Pts',(4.73933610599785,13.5462247872035,7.76577029925194));
#8775=CARTESIAN_POINT('Ctrl Pts',(3.95203386032628,13.2957465238219,7.92985669974413));
#8776=CARTESIAN_POINT('Ctrl Pts',(3.40043684179799,12.5563054884211,8.16666666666667));
#8777=CARTESIAN_POINT('Ctrl Pts',(3.22869428657818,12.0480057421096,8.16666666666667));
#8778=CARTESIAN_POINT('',(2.76533214393701,12.2358767743817,7.66666666666667));
#8779=CARTESIAN_POINT('',(3.22869428657818,12.0480057421096,8.16666666666667));
#8780=CARTESIAN_POINT('Origin',(3.22869428657818,12.0480057421096,7.66666666666667));
#8781=CARTESIAN_POINT('Ctrl Pts',(3.22869428657818,12.0480057421096,8.16666666666667));
#8782=CARTESIAN_POINT('Ctrl Pts',(3.40043684179799,12.5563054884211,8.16666666666667));
#8783=CARTESIAN_POINT('Ctrl Pts',(3.95203386032628,13.2957465238219,7.92985669974413));
#8784=CARTESIAN_POINT('Ctrl Pts',(4.73933610599785,13.5462247872035,7.76577029925194));
#8785=CARTESIAN_POINT('Ctrl Pts',(5.0821428571427,13.5462247872035,7.76577029925192));
#8786=CARTESIAN_POINT('Ctrl Pts',(5.08214285714266,13.7965216130212,7.33258636048771));
#8787=CARTESIAN_POINT('Ctrl Pts',(4.65363441821158,13.7965216130212,7.33258636048773));
#8788=CARTESIAN_POINT('Ctrl Pts',(3.66950661112214,13.535606755332,7.46932502756455));
#8789=CARTESIAN_POINT('Ctrl Pts',(2.98001033796177,12.7653556767895,7.66666666666667));
#8790=CARTESIAN_POINT('Ctrl Pts',(2.76533214393701,12.2358767743817,7.66666666666667));
#8791=CARTESIAN_POINT('Origin',(5.08214285714286,11.2965216130212,7.66666666666667));
#8792=CARTESIAN_POINT('',(2.58214285714286,11.2965216130212,7.66666666666667));
#8793=CARTESIAN_POINT('',(3.08214285714286,11.2965216130212,8.16666666666667));
#8794=CARTESIAN_POINT('Origin',(3.08214285714286,11.2965216130212,7.66666666666667));
#8795=CARTESIAN_POINT('Origin',(5.08214285714286,11.2965216130212,8.16666666666667));
#8796=CARTESIAN_POINT('Origin',(5.08214285714286,11.2965216130212,7.66666666666667));
#8797=CARTESIAN_POINT('Origin',(3.08214285714286,5.96076080651062,7.66666666666667));
#8798=CARTESIAN_POINT('',(2.58214285714286,3.,7.66666666666667));
#8799=CARTESIAN_POINT('',(3.08214285714286,3.,8.16666666666667));
#8800=CARTESIAN_POINT('Origin',(3.08214285714286,3.,7.66666666666667));
#8801=CARTESIAN_POINT('',(3.08214285714286,5.96076080651062,8.16666666666667));
#8802=CARTESIAN_POINT('',(2.58214285714286,5.96076080651062,7.66666666666667));
#8803=CARTESIAN_POINT('Origin',(3.08214285714286,3.,5.16666666666667));
#8804=CARTESIAN_POINT('',(2.58214285714286,0.5,5.16666666666667));
#8805=CARTESIAN_POINT('',(3.08214285714286,0.,5.16666666666667));
#8806=CARTESIAN_POINT('Origin',(3.08214285714286,0.5,5.16666666666667));
#8807=CARTESIAN_POINT('Origin',(3.08214285714286,3.,5.16666666666667));
#8808=CARTESIAN_POINT('Origin',(2.58214285714286,3.,5.16666666666667));
#8809=CARTESIAN_POINT('Origin',(3.08214285714286,0.5,6.16666666666667));
#8810=CARTESIAN_POINT('',(2.58214285714286,0.5,4.16666666666667));
#8811=CARTESIAN_POINT('',(3.08214285714286,0.,4.16666666666667));
#8812=CARTESIAN_POINT('Origin',(3.08214285714286,0.5,4.16666666666667));
#8813=CARTESIAN_POINT('',(3.08214285714286,0.,6.16666666666667));
#8814=CARTESIAN_POINT('',(2.58214285714286,0.5,6.16666666666667));
#8815=CARTESIAN_POINT('Origin',(3.8021944401713,0.625,4.16666666666667));
#8816=CARTESIAN_POINT('',(2.58214285714286,1.25,4.16666666666667));
#8817=CARTESIAN_POINT('',(2.58214285714286,0.,4.16666666666667));
#8818=CARTESIAN_POINT('',(4.80183729731415,1.25,4.16666666666667));
#8819=CARTESIAN_POINT('',(22.6242259560379,1.25,4.16666666666667));
#8820=CARTESIAN_POINT('',(5.02224602319973,0.,4.16666666666667));
#8821=CARTESIAN_POINT('',(4.95041084743549,0.407397526320822,4.16666666666667));
#8822=CARTESIAN_POINT('',(2.58214285714286,0.,4.16666666666667));
#8823=CARTESIAN_POINT('Origin',(2.58214285714286,11.2965216130212,6.16666666666667));
#8824=CARTESIAN_POINT('',(2.58214285714286,11.2965216130212,6.16666666666667));
#8825=CARTESIAN_POINT('',(2.58214285714286,11.2965216130212,6.16666666666667));
#8826=CARTESIAN_POINT('',(2.58214285714286,2.75,6.16666666666667));
#8827=CARTESIAN_POINT('',(2.58214285714286,0.,6.16666666666667));
#8828=CARTESIAN_POINT('',(2.58214285714286,1.25,4.66666666666667));
#8829=CARTESIAN_POINT('Origin',(2.58214285714286,2.75,4.66666666666667));
#8830=CARTESIAN_POINT('',(2.58214285714286,1.25,6.16666666666667));
#8831=CARTESIAN_POINT('Origin',(5.08214285714286,11.2965216130212,6.16666666666667));
#8832=CARTESIAN_POINT('',(5.08214285714286,13.7965216130212,6.16666666666667));
#8833=CARTESIAN_POINT('',(5.08214285714286,13.7965216130212,6.16666666666667));
#8834=CARTESIAN_POINT('Origin',(5.08214285714286,11.2965216130212,6.16666666666667));
#8835=CARTESIAN_POINT('Origin',(22.6242259560379,13.7965216130158,6.16666666666667));
#8836=CARTESIAN_POINT('',(6.07999999999984,13.7965216130209,6.16666666666667));
#8837=CARTESIAN_POINT('',(6.07999999999984,13.7965216130209,6.04114703919743));
#8838=CARTESIAN_POINT('',(5.08214285714286,13.7965216130212,6.16666666666667));
#8839=CARTESIAN_POINT('Origin',(6.08,14.2965216130209,6.04114703919743));
#8840=CARTESIAN_POINT('',(6.58,14.2965216130209,6.16666666666667));
#8841=CARTESIAN_POINT('',(6.58,14.2965216130209,6.04114703919743));
#8842=CARTESIAN_POINT('Origin',(6.08,14.2965216130209,6.16666666666667));
#8843=CARTESIAN_POINT('Origin',(6.58,14.2727142277048,5.9156274117282));
#8844=CARTESIAN_POINT('',(6.58,15.0118564088954,4.16666666666667));
#8845=CARTESIAN_POINT('',(6.58,13.4223638024869,4.16666666666667));
#8846=CARTESIAN_POINT('',(6.58,13.7008518885445,6.16666666666667));
#8847=CARTESIAN_POINT('Origin',(6.58,6.4743574256516,4.26515003347655E-24));
#8848=CARTESIAN_POINT('',(6.58,7.44885711385239,6.16666666666667));
#8849=CARTESIAN_POINT('Origin',(19.6242259560379,3.,6.16666666666667));
#8850=CARTESIAN_POINT('',(19.6242259560379,0.,4.16666666666667));
#8851=CARTESIAN_POINT('',(22.6242259560379,3.,4.16666666666667));
#8852=CARTESIAN_POINT('Origin',(19.6242259560379,3.,4.16666666666667));
#8853=CARTESIAN_POINT('',(22.6242259560379,3.,5.16666666666667));
#8854=CARTESIAN_POINT('',(22.6242259560379,3.,6.16666666666667));
#8855=CARTESIAN_POINT('',(19.6242259560379,0.,5.16666666666667));
#8856=CARTESIAN_POINT('Origin',(19.6242259560379,3.,5.16666666666667));
#8857=CARTESIAN_POINT('',(19.6242259560379,0.,6.16666666666667));
#8858=CARTESIAN_POINT('Origin',(19.6242259560379,0.3125,5.16666666666667));
#8859=CARTESIAN_POINT('',(19.6242259560379,3.,8.16666666666667));
#8860=CARTESIAN_POINT('Origin',(19.6242259560379,3.,5.16666666666667));
#8861=CARTESIAN_POINT('',(22.6242259560379,12.0480057421096,5.16666666666667));
#8862=CARTESIAN_POINT('',(22.6242259560379,0.3125,5.16666666666667));
#8863=CARTESIAN_POINT('',(19.6242259560379,12.0480057421096,8.16666666666667));
#8864=CARTESIAN_POINT('Origin',(19.6242259560379,12.0480057421096,5.16666666666667));
#8865=CARTESIAN_POINT('',(19.6242259560379,0.3125,8.16666666666667));
#8866=CARTESIAN_POINT('Origin',(19.6242259560379,6.4743574256516,4.26515003347655E-24));
#8867=CARTESIAN_POINT('',(22.6242259560379,12.8303694527712,4.16666666666667));
#8868=CARTESIAN_POINT('',(19.6242259560379,16.2210947714966,4.16666666666667));
#8869=CARTESIAN_POINT('Ctrl Pts',(22.6242259560379,12.8303694527712,4.16666666666667));
#8870=CARTESIAN_POINT('Ctrl Pts',(22.6242259560379,13.2821553967276,4.16666666666667));
#8871=CARTESIAN_POINT('Ctrl Pts',(22.5327187835423,13.8165200791003,4.16666666666667));
#8872=CARTESIAN_POINT('Ctrl Pts',(22.2235910971649,14.6118855671282,4.16666666666667));
#8873=CARTESIAN_POINT('Ctrl Pts',(21.9704227414828,15.0218660173167,4.16666666666667));
#8874=CARTESIAN_POINT('Ctrl Pts',(21.4371285608178,15.5837934635321,4.16666666666667));
#8875=CARTESIAN_POINT('Ctrl Pts',(21.0719825312234,15.8430017037187,4.16666666666667));
#8876=CARTESIAN_POINT('Ctrl Pts',(20.4014476629755,16.1330874565687,4.16666666666667));
#8877=CARTESIAN_POINT('Ctrl Pts',(19.9816567209668,16.2210947714966,4.16666666666667));
#8878=CARTESIAN_POINT('Ctrl Pts',(19.6242259560379,16.2210947714966,4.16666666666667));
#8879=CARTESIAN_POINT('',(19.6242259560379,14.2481300775536,7.2061403508772));
#8880=CARTESIAN_POINT('Origin',(19.6242259560379,6.4743574256516,4.26515003347655E-24));
#8881=CARTESIAN_POINT('Origin',(19.6242259560379,12.0480057421096,5.16666666666667));
#8882=CARTESIAN_POINT('Origin',(22.6242259560379,6.4743574256516,4.26515003347655E-24));
#8883=CARTESIAN_POINT('Origin',(19.6242259560379,12.0480057421096,5.16666666666667));
#8884=CARTESIAN_POINT('Origin',(19.6242259560379,12.0480057421096,5.16666666666667));
#8885=CARTESIAN_POINT('Origin',(19.6242259560379,3.,5.16666666666667));
#8886=CARTESIAN_POINT('Origin',(19.6242259560379,3.,5.16666666666667));
#8887=CARTESIAN_POINT('Origin',(2.58214285714286,0.,6.16666666666667));
#8888=CARTESIAN_POINT('',(5.02224602319973,0.,0.));
#8889=CARTESIAN_POINT('',(5.02224602319973,0.,6.16666666666667));
#8890=CARTESIAN_POINT('',(6.58142857142857,0.,0.));
#8891=CARTESIAN_POINT('',(2.58214285714286,0.,0.));
#8892=CARTESIAN_POINT('',(6.58142857142857,0.,4.16666666666667));
#8893=CARTESIAN_POINT('',(6.58142857142857,0.,6.16666666666667));
#8894=CARTESIAN_POINT('',(14.5814285714286,0.,4.16666666666667));
#8895=CARTESIAN_POINT('',(6.58142857142857,0.,4.16666666666667));
#8896=CARTESIAN_POINT('',(14.5814285714286,0.,0.));
#8897=CARTESIAN_POINT('',(14.5814285714286,0.,6.16666666666667));
#8898=CARTESIAN_POINT('',(16.1406111196574,0.,0.));
#8899=CARTESIAN_POINT('',(2.58214285714286,0.,0.));
#8900=CARTESIAN_POINT('',(16.1406111196574,0.,4.16666666666667));
#8901=CARTESIAN_POINT('',(16.1406111196574,0.,6.16666666666667));
#8902=CARTESIAN_POINT('',(16.1406111196574,0.,4.16666666666667));
#8903=CARTESIAN_POINT('',(8.97158135134293,0.,5.16666666666667));
#8904=CARTESIAN_POINT('Origin',(8.97158135134293,3.,5.16666666666667));
#8905=CARTESIAN_POINT('',(14.8671428571429,3.,8.16666666666667));
#8906=CARTESIAN_POINT('',(8.97158135134293,3.,8.16666666666667));
#8907=CARTESIAN_POINT('',(6.29571428571428,3.,8.16666666666667));
#8908=CARTESIAN_POINT('',(8.97158135134293,3.,8.16666666666667));
#8909=CARTESIAN_POINT('',(8.97158135134293,3.,8.16666666666667));
#8910=CARTESIAN_POINT('Origin',(15.361019845543,0.625,8.16666666666667));
#8911=CARTESIAN_POINT('',(8.29571428571428,5.,8.16666666666667));
#8912=CARTESIAN_POINT('Origin',(6.29571428571428,5.,8.16666666666667));
#8913=CARTESIAN_POINT('Origin',(6.29571428571428,5.,8.16666666666667));
#8914=CARTESIAN_POINT('',(16.8671428571429,5.,8.16666666666667));
#8915=CARTESIAN_POINT('Origin',(14.8671428571429,5.,8.16666666666667));
#8916=CARTESIAN_POINT('Origin',(14.8671428571429,5.,8.16666666666667));
#8917=CARTESIAN_POINT('',(6.58,12.0480057421096,8.16666666666667));
#8918=CARTESIAN_POINT('',(12.5821428571429,9.285,8.16666666666667));
#8919=CARTESIAN_POINT('Origin',(10.5821428571429,9.285,8.16666666666667));
#8920=CARTESIAN_POINT('Origin',(6.58,12.0480057421096,5.16666666666667));
#8921=CARTESIAN_POINT('',(6.58,14.2481300775536,7.2061403508772));
#8922=CARTESIAN_POINT('Origin',(6.58,6.4743574256516,4.26515003347655E-24));
#8923=CARTESIAN_POINT('',(6.58,16.2210947714966,4.16666666666667));
#8924=CARTESIAN_POINT('Origin',(7.58,6.4743574256516,4.26515003347655E-24));
#8925=CARTESIAN_POINT('',(7.58,13.8830610159492,4.16666666666667));
#8926=CARTESIAN_POINT('Ctrl Pts',(6.58,15.0118564088954,4.16666666666667));
#8927=CARTESIAN_POINT('Ctrl Pts',(6.58,14.8689432568019,4.16666666666667));
#8928=CARTESIAN_POINT('Ctrl Pts',(6.61110760379161,14.7002923735969,4.16666666666667));
#8929=CARTESIAN_POINT('Ctrl Pts',(6.71171098558569,14.4392733367572,4.16666666666667));
#8930=CARTESIAN_POINT('Ctrl Pts',(6.79709369997879,14.2990338170648,4.16666666666667));
#8931=CARTESIAN_POINT('Ctrl Pts',(6.97613145559035,14.1050517542071,4.16666666666667));
#8932=CARTESIAN_POINT('Ctrl Pts',(7.09878749039281,14.0142903520125,4.16666666666667));
#8933=CARTESIAN_POINT('Ctrl Pts',(7.32281920651648,13.913708856409,4.16666666666667));
#8934=CARTESIAN_POINT('Ctrl Pts',(7.46157951320571,13.8830610159492,4.16666666666667));
#8935=CARTESIAN_POINT('Ctrl Pts',(7.58,13.8830610159492,4.16666666666667));
#8936=CARTESIAN_POINT('',(7.58,12.9401682608716,5.51754385964912));
#8937=CARTESIAN_POINT('Origin',(7.58,6.4743574256516,4.26515003347655E-24));
#8938=CARTESIAN_POINT('Origin',(7.58,13.7008518885445,6.16666666666667));
#8939=CARTESIAN_POINT('Origin',(7.58,6.4743574256516,4.26515003347655E-24));
#8940=CARTESIAN_POINT('',(6.74377539375382,12.9630857903946,6.16666666666667));
#8941=CARTESIAN_POINT('Ctrl Pts',(6.58,13.7008518885445,6.16666666666667));
#8942=CARTESIAN_POINT('Ctrl Pts',(6.58,13.5209768149239,6.16666666666667));
#8943=CARTESIAN_POINT('Ctrl Pts',(6.6149428172646,13.3079738568222,6.16666666666667));
#8944=CARTESIAN_POINT('Ctrl Pts',(6.69221295992212,13.0811469343829,6.16666666666667));
#8945=CARTESIAN_POINT('Ctrl Pts',(6.71591188193527,13.0217013974888,6.16666666666667));
#8946=CARTESIAN_POINT('Ctrl Pts',(6.74377539375351,12.9630857903953,6.16666666666667));
#8947=CARTESIAN_POINT('',(7.58,12.6357265215427,5.85555555555556));
#8948=CARTESIAN_POINT('Origin',(7.58,6.4743574256516,4.26515003347655E-24));
#8949=CARTESIAN_POINT('Origin',(7.58,13.3605934740005,6.54444444444444));
#8950=CARTESIAN_POINT('Origin',(7.58,11.910859569085,5.16666666666667));
#8951=CARTESIAN_POINT('',(7.58,11.910859569085,6.16666666666667));
#8952=CARTESIAN_POINT('Ctrl Pts',(6.74377539375383,12.9630857903946,6.16666666666667));
#8953=CARTESIAN_POINT('Ctrl Pts',(6.75879954148594,12.9314799559929,6.16666666666667));
#8954=CARTESIAN_POINT('Ctrl Pts',(6.77442310565876,12.9007760708223,6.16666666666667));
#8955=CARTESIAN_POINT('Ctrl Pts',(6.97608728381128,12.526082841289,6.16666666666667));
#8956=CARTESIAN_POINT('Ctrl Pts',(7.30290177791904,12.1879577911659,6.16666666666667));
#8957=CARTESIAN_POINT('Ctrl Pts',(7.58,11.910859569085,6.16666666666667));
#8958=CARTESIAN_POINT('Origin',(7.58,11.910859569085,5.16666666666667));
#8959=CARTESIAN_POINT('Origin',(6.58,11.910859569085,5.16666666666667));
#8960=CARTESIAN_POINT('',(19.6242259560379,12.6357265215427,5.85555555555555));
#8961=CARTESIAN_POINT('',(6.58,12.6357265215427,5.85555555555556));
#8962=CARTESIAN_POINT('',(20.3172564157234,11.910859569085,6.16666666666667));
#8963=CARTESIAN_POINT('Ctrl Pts',(20.3172564157234,11.910859569085,6.16666666666667));
#8964=CARTESIAN_POINT('Ctrl Pts',(20.2208301417726,12.0510337157556,6.16666666666667));
#8965=CARTESIAN_POINT('Ctrl Pts',(20.1119872996074,12.1835600746075,6.13732568345144));
#8966=CARTESIAN_POINT('Ctrl Pts',(19.8794810189216,12.4283444506421,6.03331084407184));
#8967=CARTESIAN_POINT('Ctrl Pts',(19.7537458100192,12.5402755804923,5.95506219078751));
#8968=CARTESIAN_POINT('Ctrl Pts',(19.6271842635217,12.6335542671656,5.85783585941258));
#8969=CARTESIAN_POINT('Ctrl Pts',(19.6257051091987,12.6346417428227,5.8566969881691));
#8970=CARTESIAN_POINT('Ctrl Pts',(19.6242259560379,12.6357265215427,5.85555555555556));
#8971=CARTESIAN_POINT('',(11.3990648383901,11.910859569085,6.16666666666667));
#8972=CARTESIAN_POINT('',(6.58,11.910859569085,6.16666666666667));
#8973=CARTESIAN_POINT('',(9.76522087589559,11.910859569085,6.16666666666667));
#8974=CARTESIAN_POINT('Ctrl Pts',(11.3990648383901,11.910859569085,6.16666666666667));
#8975=CARTESIAN_POINT('Ctrl Pts',(11.1332305212829,11.9935623531834,6.16666666666667));
#8976=CARTESIAN_POINT('Ctrl Pts',(10.8521929807996,12.035,6.15893132562224));
#8977=CARTESIAN_POINT('Ctrl Pts',(10.5821428571429,12.035,6.15893132562224));
#8978=CARTESIAN_POINT('Ctrl Pts',(10.3120927334861,12.035,6.15893132562224));
#8979=CARTESIAN_POINT('Ctrl Pts',(10.0310551930028,11.9935623531833,6.16666666666667));
#8980=CARTESIAN_POINT('Ctrl Pts',(9.76522087589559,11.910859569085,6.16666666666667));
#8981=CARTESIAN_POINT('',(6.58,11.910859569085,6.16666666666667));
#8982=CARTESIAN_POINT('Origin',(6.58,6.4743574256516,4.26515003347655E-24));
#8983=CARTESIAN_POINT('',(19.6242259560379,13.8830610159492,4.16666666666667));
#8984=CARTESIAN_POINT('',(6.58,13.8830610159492,4.16666666666667));
#8985=CARTESIAN_POINT('Origin',(19.6242259560379,6.4743574256516,4.26515003347655E-24));
#8986=CARTESIAN_POINT('Origin',(19.6242259560379,6.4743574256516,4.26515003347655E-24));
#8987=CARTESIAN_POINT('',(20.6242259560379,12.7104530702748,4.16666666666667));
#8988=CARTESIAN_POINT('Ctrl Pts',(19.6242259560379,13.8830610159492,4.16666666666667));
#8989=CARTESIAN_POINT('Ctrl Pts',(19.7417204438871,13.8830610159492,4.16666666666667));
#8990=CARTESIAN_POINT('Ctrl Pts',(19.879453607349,13.852916191938,4.16666666666667));
#8991=CARTESIAN_POINT('Ctrl Pts',(20.1019006832603,13.753401046344,4.16666666666667));
#8992=CARTESIAN_POINT('Ctrl Pts',(20.2235946304632,13.6632684604511,4.16666666666667));
#8993=CARTESIAN_POINT('Ctrl Pts',(20.4030840735334,13.4677220265451,4.16666666666667));
#8994=CARTESIAN_POINT('Ctrl Pts',(20.4885880261848,13.3241752940485,4.16666666666667));
#8995=CARTESIAN_POINT('Ctrl Pts',(20.5926976392298,13.0489049134328,4.16666666666667));
#8996=CARTESIAN_POINT('Ctrl Pts',(20.6242259560379,12.8655177591216,4.16666666666667));
#8997=CARTESIAN_POINT('Ctrl Pts',(20.6242259560379,12.7104530702748,4.16666666666667));
#8998=CARTESIAN_POINT('',(20.6242259560379,10.7431069172735,6.16666666666667));
#8999=CARTESIAN_POINT('Origin',(20.6242259560379,6.4743574256516,4.26515003347655E-24));
#9000=CARTESIAN_POINT('Ctrl Pts',(20.3172564157234,11.910859569085,6.16666666666667));
#9001=CARTESIAN_POINT('Ctrl Pts',(20.4025078247519,11.7869302392103,6.16666666666667));
#9002=CARTESIAN_POINT('Ctrl Pts',(20.4714863689343,11.634194411172,6.16666666666667));
#9003=CARTESIAN_POINT('Ctrl Pts',(20.5888787671383,11.2690395106116,6.16666666666667));
#9004=CARTESIAN_POINT('Ctrl Pts',(20.6242259560379,10.9831566934898,6.16666666666667));
#9005=CARTESIAN_POINT('Ctrl Pts',(20.6242259560379,10.7431069172735,6.16666666666667));
#9006=CARTESIAN_POINT('Origin',(22.6242259560379,0.,6.16666666666667));
#9007=CARTESIAN_POINT('',(22.6242259560379,14.077887621827,4.16666666666667));
#9008=CARTESIAN_POINT('Origin',(14.861019845543,2.75,4.66666666666667));
#9009=CARTESIAN_POINT('',(16.4482816872271,2.75,6.16666666666667));
#9010=CARTESIAN_POINT('',(13.2860040270587,2.75,6.16666666666667));
#9011=CARTESIAN_POINT('Ctrl Pts',(13.2860040270587,2.75,6.16666666666667));
#9012=CARTESIAN_POINT('Ctrl Pts',(13.458106759121,2.6290585278101,6.16666666666667));
#9013=CARTESIAN_POINT('Ctrl Pts',(13.647957169078,2.52568941963568,6.1520277735838));
#9014=CARTESIAN_POINT('Ctrl Pts',(14.1756506366341,2.31499509604638,6.10843065232022));
#9015=CARTESIAN_POINT('Ctrl Pts',(14.531537958843,2.25,6.08088022903976));
#9016=CARTESIAN_POINT('Ctrl Pts',(14.8671428571429,2.25,6.08088022903976));
#9017=CARTESIAN_POINT('Ctrl Pts',(15.2027477554427,2.25,6.08088022903976));
#9018=CARTESIAN_POINT('Ctrl Pts',(15.5586350776516,2.31499509604638,6.10843065232022));
#9019=CARTESIAN_POINT('Ctrl Pts',(16.0863285452077,2.52568941963568,6.15202777358381));
#9020=CARTESIAN_POINT('Ctrl Pts',(16.2761789551648,2.6290585278101,6.16666666666667));
#9021=CARTESIAN_POINT('Ctrl Pts',(16.4482816872271,2.75,6.16666666666667));
#9022=CARTESIAN_POINT('',(20.6242259560379,2.75,6.16666666666667));
#9023=CARTESIAN_POINT('',(14.861019845543,2.75,6.16666666666667));
#9024=CARTESIAN_POINT('',(20.6242259560379,1.25,4.66666666666667));
#9025=CARTESIAN_POINT('Origin',(20.6242259560379,2.75,4.66666666666667));
#9026=CARTESIAN_POINT('',(14.861019845543,1.25,4.66666666666667));
#9027=CARTESIAN_POINT('',(4.71457545563009,2.75,6.16666666666667));
#9028=CARTESIAN_POINT('',(14.861019845543,2.75,6.16666666666667));
#9029=CARTESIAN_POINT('',(7.87685311579848,2.75,6.16666666666667));
#9030=CARTESIAN_POINT('Ctrl Pts',(4.71457545563009,2.75,6.16666666666667));
#9031=CARTESIAN_POINT('Ctrl Pts',(4.88667818769239,2.6290585278101,6.16666666666667));
#9032=CARTESIAN_POINT('Ctrl Pts',(5.07652859764941,2.52568941963568,6.1520277735838));
#9033=CARTESIAN_POINT('Ctrl Pts',(5.60422206520554,2.31499509604638,6.10843065232022));
#9034=CARTESIAN_POINT('Ctrl Pts',(5.96010938741441,2.25,6.08088022903976));
#9035=CARTESIAN_POINT('Ctrl Pts',(6.29571428571428,2.25,6.08088022903976));
#9036=CARTESIAN_POINT('Ctrl Pts',(6.63131918401416,2.25,6.08088022903976));
#9037=CARTESIAN_POINT('Ctrl Pts',(6.98720650622302,2.31499509604638,6.10843065232022));
#9038=CARTESIAN_POINT('Ctrl Pts',(7.51489997377916,2.52568941963568,6.1520277735838));
#9039=CARTESIAN_POINT('Ctrl Pts',(7.70475038373618,2.6290585278101,6.16666666666667));
#9040=CARTESIAN_POINT('Ctrl Pts',(7.87685311579848,2.75,6.16666666666667));
#9041=CARTESIAN_POINT('',(14.861019845543,2.75,6.16666666666667));
#9042=CARTESIAN_POINT('Origin',(15.361019845543,0.625,6.16666666666667));
#9043=CARTESIAN_POINT('',(20.6242259560379,4.36777369287414,6.16666666666667));
#9044=CARTESIAN_POINT('',(17.6171428571429,5.,6.16666666666667));
#9045=CARTESIAN_POINT('Origin',(14.8671428571429,5.,6.16666666666667));
#9046=CARTESIAN_POINT('Origin',(14.8671428571429,5.,6.16666666666667));
#9047=CARTESIAN_POINT('',(9.04571428571428,5.,6.16666666666667));
#9048=CARTESIAN_POINT('Origin',(6.29571428571428,5.,6.16666666666667));
#9049=CARTESIAN_POINT('Origin',(6.29571428571428,5.,6.16666666666667));
#9050=CARTESIAN_POINT('',(13.3321428571429,9.285,6.16666666666667));
#9051=CARTESIAN_POINT('Origin',(10.5821428571429,9.285,6.16666666666667));
#9052=CARTESIAN_POINT('Origin',(10.5821428571429,9.285,6.16666666666667));
#9053=CARTESIAN_POINT('Origin',(14.361019845543,1.25,6.16666666666667));
#9054=CARTESIAN_POINT('',(20.6242259560379,1.25,4.16666666666667));
#9055=CARTESIAN_POINT('',(20.6242259560379,1.25,6.16666666666667));
#9056=CARTESIAN_POINT('',(16.361019845543,1.25,4.16666666666667));
#9057=CARTESIAN_POINT('',(22.6242259560379,1.25,4.16666666666667));
#9058=CARTESIAN_POINT('',(16.361019845543,1.25,0.));
#9059=CARTESIAN_POINT('',(16.361019845543,1.25,6.16666666666667));
#9060=CARTESIAN_POINT('',(14.361019845543,1.25,0.));
#9061=CARTESIAN_POINT('',(16.361019845543,1.25,0.));
#9062=CARTESIAN_POINT('',(14.361019845543,1.25,4.16666666666667));
#9063=CARTESIAN_POINT('',(14.361019845543,1.25,6.16666666666667));
#9064=CARTESIAN_POINT('',(6.80183729731415,1.25,4.16666666666667));
#9065=CARTESIAN_POINT('',(22.6242259560379,1.25,4.16666666666667));
#9066=CARTESIAN_POINT('',(6.80183729731415,1.25,0.));
#9067=CARTESIAN_POINT('',(6.80183729731415,1.25,6.16666666666667));
#9068=CARTESIAN_POINT('',(4.80183729731415,1.25,0.));
#9069=CARTESIAN_POINT('',(6.80183729731415,1.25,0.));
#9070=CARTESIAN_POINT('',(4.80183729731415,1.25,6.16666666666667));
#9071=CARTESIAN_POINT('Origin',(20.6242259560379,8.11054738574828,6.16666666666667));
#9072=CARTESIAN_POINT('',(20.6242259560379,13.8830610159492,4.16666666666667));
#9073=CARTESIAN_POINT('Origin',(13.8225217039045,15.5649508545147,4.16666666666667));
#9074=CARTESIAN_POINT('',(15.3817042521334,15.5649508545147,4.16666666666667));
#9075=CARTESIAN_POINT('',(13.8225217039045,15.5649508545147,4.16666666666667));
#9076=CARTESIAN_POINT('',(10.2012608519523,15.5649508545147,4.16666666666667));
#9077=CARTESIAN_POINT('',(15.3817042521334,15.5649508545147,0.));
#9078=CARTESIAN_POINT('',(15.3817042521334,15.5649508545147,4.16666666666667));
#9079=CARTESIAN_POINT('',(13.8225217039045,15.5649508545147,0.));
#9080=CARTESIAN_POINT('',(15.3817042521334,15.5649508545147,0.));
#9081=CARTESIAN_POINT('',(13.8225217039045,15.5649508545147,4.16666666666667));
#9082=CARTESIAN_POINT('Origin',(13.602112978019,14.3149508545147,4.16666666666667));
#9083=CARTESIAN_POINT('',(13.602112978019,14.3149508545147,4.16666666666667));
#9084=CARTESIAN_POINT('',(13.4593129143348,13.5050914495025,4.16666666666667));
#9085=CARTESIAN_POINT('',(13.602112978019,14.3149508545147,0.));
#9086=CARTESIAN_POINT('',(13.8225217039045,15.5649508545147,0.));
#9087=CARTESIAN_POINT('',(13.602112978019,14.3149508545147,4.16666666666667));
#9088=CARTESIAN_POINT('Origin',(15.602112978019,14.3149508545147,4.16666666666667));
#9089=CARTESIAN_POINT('',(15.602112978019,14.3149508545147,4.16666666666667));
#9090=CARTESIAN_POINT('',(11.0910564890095,14.3149508545147,4.16666666666667));
#9091=CARTESIAN_POINT('',(15.602112978019,14.3149508545147,0.));
#9092=CARTESIAN_POINT('',(13.602112978019,14.3149508545147,0.));
#9093=CARTESIAN_POINT('',(15.602112978019,14.3149508545147,4.16666666666667));
#9094=CARTESIAN_POINT('Origin',(15.3817042521334,15.5649508545147,4.16666666666667));
#9095=CARTESIAN_POINT('',(15.3928123740285,15.5019535647608,4.16666666666667));
#9096=CARTESIAN_POINT('',(15.602112978019,14.3149508545147,0.));
#9097=CARTESIAN_POINT('Origin',(14.602112978019,14.9399508545147,0.));
#9098=CARTESIAN_POINT('Origin',(10.5821428571429,9.285,6.16666666666667));
#9099=CARTESIAN_POINT('',(13.3321428571429,9.285,6.66666666666667));
#9100=CARTESIAN_POINT('',(13.3321428571429,9.285,6.16666666666667));
#9101=CARTESIAN_POINT('Origin',(10.5821428571429,9.285,6.66666666666667));
#9102=CARTESIAN_POINT('Origin',(10.5821428571429,9.285,6.66666666666667));
#9103=CARTESIAN_POINT('',(12.5821428571429,9.285,6.66666666666667));
#9104=CARTESIAN_POINT('Origin',(10.5821428571429,9.285,6.66666666666667));
#9105=CARTESIAN_POINT('Origin',(14.8671428571429,5.,6.16666666666667));
#9106=CARTESIAN_POINT('',(17.6171428571429,5.,6.66666666666667));
#9107=CARTESIAN_POINT('',(17.6171428571429,5.,6.16666666666667));
#9108=CARTESIAN_POINT('Origin',(14.8671428571429,5.,6.66666666666667));
#9109=CARTESIAN_POINT('Origin',(14.8671428571429,5.,6.66666666666667));
#9110=CARTESIAN_POINT('',(16.8671428571429,5.,6.66666666666667));
#9111=CARTESIAN_POINT('Origin',(14.8671428571429,5.,6.66666666666667));
#9112=CARTESIAN_POINT('Origin',(6.29571428571428,5.,6.16666666666667));
#9113=CARTESIAN_POINT('',(9.04571428571428,5.,6.66666666666667));
#9114=CARTESIAN_POINT('',(9.04571428571428,5.,6.16666666666667));
#9115=CARTESIAN_POINT('Origin',(6.29571428571428,5.,6.66666666666667));
#9116=CARTESIAN_POINT('Origin',(6.29571428571428,5.,6.66666666666667));
#9117=CARTESIAN_POINT('',(8.29571428571428,5.,6.66666666666667));
#9118=CARTESIAN_POINT('Origin',(6.29571428571428,5.,6.66666666666667));
#9119=CARTESIAN_POINT('Origin',(14.8671428571429,5.,6.16666666666667));
#9120=CARTESIAN_POINT('',(16.8671428571429,5.,6.16666666666667));
#9121=CARTESIAN_POINT('Origin',(10.5821428571429,9.285,6.16666666666667));
#9122=CARTESIAN_POINT('',(12.5821428571429,9.285,6.16666666666667));
#9123=CARTESIAN_POINT('Origin',(6.29571428571428,5.,6.16666666666667));
#9124=CARTESIAN_POINT('',(8.29571428571428,5.,6.16666666666667));
#9125=CARTESIAN_POINT('Origin',(19.3824185378477,0.625,4.16666666666667));
#9126=CARTESIAN_POINT('',(16.3531323573218,1.20526783144871,4.16666666666667));
#9127=CARTESIAN_POINT('Origin',(10.5814285714286,0.625,4.16666666666667));
#9128=CARTESIAN_POINT('',(6.80538096098009,1.27009711532347,4.16666666666667));
#9129=CARTESIAN_POINT('',(14.4676805448198,0.645097115323464,4.16666666666667));
#9130=CARTESIAN_POINT('Origin',(14.5814285714286,0.,6.16666666666667));
#9131=CARTESIAN_POINT('',(14.361019845543,1.25,0.));
#9132=CARTESIAN_POINT('Origin',(5.02224602319973,1.38777878078145E-16,6.16666666666667));
#9133=CARTESIAN_POINT('',(4.80183729731415,1.25,0.));
#9134=CARTESIAN_POINT('Origin',(6.80183729731415,1.25,6.16666666666667));
#9135=CARTESIAN_POINT('',(6.58142857142857,0.,0.));
#9136=CARTESIAN_POINT('Origin',(5.80183729731415,0.625,0.));
#9137=CARTESIAN_POINT('Origin',(16.361019845543,1.25,6.16666666666667));
#9138=CARTESIAN_POINT('',(16.1406111196574,0.,0.));
#9139=CARTESIAN_POINT('Origin',(15.361019845543,0.625,0.));
#9140=CARTESIAN_POINT('',(0.,0.,0.));
#9141=CARTESIAN_POINT('Origin',(7.58,6.4743574256516,4.26515003347655E-24));
#9142=CARTESIAN_POINT('',(6.58,15.1229925138542,-4.16666666666667));
#9143=CARTESIAN_POINT('',(7.58,16.2210947714966,-4.16666666666667));
#9144=CARTESIAN_POINT('Ctrl Pts',(6.58,15.1229925138542,-4.16666666666667));
#9145=CARTESIAN_POINT('Ctrl Pts',(6.58,15.2637663624746,-4.16666666666667));
#9146=CARTESIAN_POINT('Ctrl Pts',(6.61048421459826,15.4299216836537,-4.16666666666667));
#9147=CARTESIAN_POINT('Ctrl Pts',(6.71038303709367,15.6844739156752,-4.16666666666667));
#9148=CARTESIAN_POINT('Ctrl Pts',(6.79465811673217,15.8195560036476,-4.16666666666667));
#9149=CARTESIAN_POINT('Ctrl Pts',(6.97218279147377,16.0066013372394,-4.16666666666667));
#9150=CARTESIAN_POINT('Ctrl Pts',(7.09458237808765,16.0937211983122,-4.16666666666667));
#9151=CARTESIAN_POINT('Ctrl Pts',(7.31936354421638,16.1913812336516,-4.16666666666667));
#9152=CARTESIAN_POINT('Ctrl Pts',(7.46011884256976,16.2210947714966,-4.16666666666667));
#9153=CARTESIAN_POINT('Ctrl Pts',(7.58,16.2210947714966,-4.16666666666667));
#9154=CARTESIAN_POINT('',(7.58,15.1113303825386,-6.14513613697884));
#9155=CARTESIAN_POINT('Origin',(7.58,6.4743574256516,4.26515003347655E-24));
#9156=CARTESIAN_POINT('',(6.58,14.2965216130209,-5.56540631273555));
#9157=CARTESIAN_POINT('Origin',(7.58,14.2965216130209,-5.56540631273555));
#9158=CARTESIAN_POINT('Origin',(6.58,6.4743574256516,4.26515003347655E-24));
#9159=CARTESIAN_POINT('Ctrl Pts',(7.58,15.1113303825386,-6.14513613697884));
#9160=CARTESIAN_POINT('Ctrl Pts',(7.58,14.840982669973,-6.52510914820864));
#9161=CARTESIAN_POINT('Ctrl Pts',(7.52210683907053,14.5409261915814,-6.89028049900307));
#9162=CARTESIAN_POINT('Ctrl Pts',(7.36017242212725,14.2481300775536,-7.20614035087719));
#9163=CARTESIAN_POINT('Ctrl Pts',(7.28080069965812,15.1113303825386,-6.14513613697884));
#9164=CARTESIAN_POINT('Ctrl Pts',(7.30668315863374,14.8565354584237,-6.50144902722224));
#9165=CARTESIAN_POINT('Ctrl Pts',(7.27712521333662,14.577988908759,-6.84578448910234));
#9166=CARTESIAN_POINT('Ctrl Pts',(7.15283451629026,14.3066469216242,-7.1430140974375));
#9167=CARTESIAN_POINT('Ctrl Pts',(6.76275498404644,14.9067387419725,-5.99957084575448));
#9168=CARTESIAN_POINT('Ctrl Pts',(6.82983793020786,14.7245965436363,-6.3338486236489));
#9169=CARTESIAN_POINT('Ctrl Pts',(6.85091748081707,14.5146246729315,-6.65765634016368));
#9170=CARTESIAN_POINT('Ctrl Pts',(6.79121319798439,14.3078502223831,-6.93942220542593));
#9171=CARTESIAN_POINT('Ctrl Pts',(6.58,14.479364273335,-5.69549738108624));
#9172=CARTESIAN_POINT('Ctrl Pts',(6.61012708825084,14.3768237829345,-6.03673191433286));
#9173=CARTESIAN_POINT('Ctrl Pts',(6.61283875054421,14.2551845997632,-6.36537369406119));
#9174=CARTESIAN_POINT('Ctrl Pts',(6.56616042276903,14.1332620407368,-6.65018392885033));
#9175=CARTESIAN_POINT('Ctrl Pts',(6.58,14.2965216130209,-5.56540631273556));
#9176=CARTESIAN_POINT('Ctrl Pts',(6.58,14.2149072092275,-5.90953281347199));
#9177=CARTESIAN_POINT('Ctrl Pts',(6.56070227969023,14.1243241214113,-6.24025403683288));
#9178=CARTESIAN_POINT('Ctrl Pts',(6.50672414070908,14.0359328417047,-6.52631578947368));
#9179=CARTESIAN_POINT('',(7.36017242212725,14.2481300775536,-7.20614035087719));
#9180=CARTESIAN_POINT('',(6.50672414070908,14.0359328417047,-6.52631578947368));
#9181=CARTESIAN_POINT('Origin',(7.36017242212725,13.5147552990723,-6.52631578947368));
#9182=CARTESIAN_POINT('Ctrl Pts',(6.50672414070908,14.0359328417047,-6.52631578947368));
#9183=CARTESIAN_POINT('Ctrl Pts',(6.56070227969023,14.1243241214113,-6.24025403683288));
#9184=CARTESIAN_POINT('Ctrl Pts',(6.58,14.2149072092275,-5.90953281347199));
#9185=CARTESIAN_POINT('Ctrl Pts',(6.58,14.2965216130209,-5.56540631273556));
#9186=CARTESIAN_POINT('Ctrl Pts',(7.58,15.1113303825386,-6.14513613697884));
#9187=CARTESIAN_POINT('Ctrl Pts',(7.58,14.840982669973,-6.52510914820864));
#9188=CARTESIAN_POINT('Ctrl Pts',(7.52210683907053,14.5409261915814,-6.89028049900307));
#9189=CARTESIAN_POINT('Ctrl Pts',(7.36017242212725,14.2481300775536,-7.20614035087719));
#9190=CARTESIAN_POINT('Ctrl Pts',(6.07999999999985,13.7965216130209,-7.02131595723184));
#9191=CARTESIAN_POINT('Ctrl Pts',(6.15859836629639,13.7965216130209,-7.02131595723187));
#9192=CARTESIAN_POINT('Ctrl Pts',(6.34343539179745,13.8412422961973,-6.97794237988755));
#9193=CARTESIAN_POINT('Ctrl Pts',(6.46654237715177,13.970133657651,-6.73926247352712));
#9194=CARTESIAN_POINT('Ctrl Pts',(6.50672414070908,14.0359328417047,-6.52631578947368));
#9195=CARTESIAN_POINT('Ctrl Pts',(6.07999999999982,13.7965216130209,-7.21918260765301));
#9196=CARTESIAN_POINT('Ctrl Pts',(6.17105230862595,13.7965216130209,-7.21918260765304));
#9197=CARTESIAN_POINT('Ctrl Pts',(6.38778928180982,13.8526416829539,-7.1666553230076));
#9198=CARTESIAN_POINT('Ctrl Pts',(6.53620152841305,14.0446068348133,-6.90334068862499));
#9199=CARTESIAN_POINT('Ctrl Pts',(6.57606646977902,14.1494835739089,-6.67082861874644));
#9200=CARTESIAN_POINT('Ctrl Pts',(6.07999999999973,13.675506220181,-7.61443902970172));
#9201=CARTESIAN_POINT('Ctrl Pts',(6.21529897927226,13.6755062201809,-7.61443902970177));
#9202=CARTESIAN_POINT('Ctrl Pts',(6.53744565596088,13.7764894405834,-7.5437774068821));
#9203=CARTESIAN_POINT('Ctrl Pts',(6.75839021903415,14.1209634751378,-7.23118616658105));
#9204=CARTESIAN_POINT('Ctrl Pts',(6.81633440899379,14.314186566955,-6.95951654317215));
#9205=CARTESIAN_POINT('Ctrl Pts',(6.0799999999996,13.3542661698916,-7.87458743843229));
#9206=CARTESIAN_POINT('Ctrl Pts',(6.28223474031183,13.3542661698915,-7.87458743843233));
#9207=CARTESIAN_POINT('Ctrl Pts',(6.75923176139177,13.5235012346731,-7.80330808453842));
#9208=CARTESIAN_POINT('Ctrl Pts',(7.07916587028306,14.0309819925929,-7.45632490140729));
#9209=CARTESIAN_POINT('Ctrl Pts',(7.17875175451988,14.2993323161154,-7.15090487911746));
#9210=CARTESIAN_POINT('Ctrl Pts',(6.07999999999953,13.1707795484766,-7.94864060251443));
#9211=CARTESIAN_POINT('Ctrl Pts',(6.31579509888916,13.1707795484765,-7.94864060251448));
#9212=CARTESIAN_POINT('Ctrl Pts',(6.87030617539235,13.3720226227705,-7.88358023649795));
#9213=CARTESIAN_POINT('Ctrl Pts',(7.2396271314552,13.9520337493116,-7.52556037695755));
#9214=CARTESIAN_POINT('Ctrl Pts',(7.36017242212725,14.2481300775536,-7.20614035087719));
#9215=CARTESIAN_POINT('',(6.07999999999953,13.1707795484766,-7.94864060251443));
#9216=CARTESIAN_POINT('Ctrl Pts',(7.36017242212725,14.2481300775536,-7.20614035087719));
#9217=CARTESIAN_POINT('Ctrl Pts',(7.2396271314552,13.9520337493116,-7.52556037695755));
#9218=CARTESIAN_POINT('Ctrl Pts',(6.87030617539235,13.3720226227705,-7.88358023649795));
#9219=CARTESIAN_POINT('Ctrl Pts',(6.31579509888916,13.1707795484765,-7.94864060251448));
#9220=CARTESIAN_POINT('Ctrl Pts',(6.07999999999953,13.1707795484766,-7.94864060251443));
#9221=CARTESIAN_POINT('',(6.07999999999985,13.7965216130209,-7.02131595723184));
#9222=CARTESIAN_POINT('Origin',(6.07999999999953,12.7965216130209,-7.02131595723184));
#9223=CARTESIAN_POINT('Ctrl Pts',(6.07999999999985,13.7965216130209,-7.02131595723184));
#9224=CARTESIAN_POINT('Ctrl Pts',(6.15859836629639,13.7965216130209,-7.02131595723187));
#9225=CARTESIAN_POINT('Ctrl Pts',(6.34343539179745,13.8412422961973,-6.97794237988755));
#9226=CARTESIAN_POINT('Ctrl Pts',(6.46654237715177,13.970133657651,-6.73926247352712));
#9227=CARTESIAN_POINT('Ctrl Pts',(6.50672414070908,14.0359328417047,-6.52631578947368));
#9228=CARTESIAN_POINT('Origin',(6.58,12.7965216130208,-7.02131595723191));
#9229=CARTESIAN_POINT('',(5.08214285714255,13.1707795484763,-7.94864060251453));
#9230=CARTESIAN_POINT('',(5.08214285714286,13.7965216130212,-7.02131595723172));
#9231=CARTESIAN_POINT('Origin',(5.08214285714255,12.7965216130212,-7.02131595723172));
#9232=CARTESIAN_POINT('',(6.58000000000031,13.7965216130208,-7.02131595723191));
#9233=CARTESIAN_POINT('',(6.58,13.1707795484763,-7.94864060251453));
#9234=CARTESIAN_POINT('Ctrl Pts',(2.91850933679917,12.5489951615025,-7.16666666666667));
#9235=CARTESIAN_POINT('Ctrl Pts',(3.10664504253756,12.8739974098954,-7.16666666666663));
#9236=CARTESIAN_POINT('Ctrl Pts',(3.71451173981519,13.5263006167474,-7.09712888671905));
#9237=CARTESIAN_POINT('Ctrl Pts',(4.5814384551305,13.7965216130211,-7.02131595723174));
#9238=CARTESIAN_POINT('Ctrl Pts',(5.08214285714234,13.7965216130212,-7.02131595723172));
#9239=CARTESIAN_POINT('Ctrl Pts',(2.91850933679919,12.5489951615025,-7.46586596700853));
#9240=CARTESIAN_POINT('Ctrl Pts',(3.1199207048863,12.8961656722043,-7.45636015533637));
#9241=CARTESIAN_POINT('Ctrl Pts',(3.76182470117363,13.5531252690135,-7.34528771696719));
#9242=CARTESIAN_POINT('Ctrl Pts',(4.59952789513854,13.7965216130211,-7.24744927199876));
#9243=CARTESIAN_POINT('Ctrl Pts',(5.08214285714236,13.7965216130212,-7.24744927199873));
#9244=CARTESIAN_POINT('Ctrl Pts',(3.13580160841532,12.4232100782481,-7.98393360493228));
#9245=CARTESIAN_POINT('Ctrl Pts',(3.32506873430234,12.7834341063413,-7.95929615246983));
#9246=CARTESIAN_POINT('Ctrl Pts',(3.92280809992733,13.4361788850308,-7.77906273812535));
#9247=CARTESIAN_POINT('Ctrl Pts',(4.659613376893,13.6569155241318,-7.64181865708601));
#9248=CARTESIAN_POINT('Ctrl Pts',(5.08214285714242,13.6569155241319,-7.64181865708597));
#9249=CARTESIAN_POINT('Ctrl Pts',(3.58975545429173,12.1604275049308,-8.16666666666664));
#9250=CARTESIAN_POINT('Ctrl Pts',(3.72547626290646,12.4786555601115,-8.1556019364023));
#9251=CARTESIAN_POINT('Ctrl Pts',(4.15993667731898,13.0926647836841,-8.01367481368617));
#9252=CARTESIAN_POINT('Ctrl Pts',(4.74511891119539,13.3280537954041,-7.88516646187243));
#9253=CARTESIAN_POINT('Ctrl Pts',(5.08214285714251,13.3280537954042,-7.88516646187239));
#9254=CARTESIAN_POINT('Ctrl Pts',(3.78396274493665,12.0480057421101,-8.16666666666666));
#9255=CARTESIAN_POINT('Ctrl Pts',(3.8968441683796,12.3405077656637,-8.16666666666661));
#9256=CARTESIAN_POINT('Ctrl Pts',(4.26156418674629,12.9275806518306,-8.06235999674524));
#9257=CARTESIAN_POINT('Ctrl Pts',(4.78172021593537,13.1707795484769,-7.94864060251428));
#9258=CARTESIAN_POINT('Ctrl Pts',(5.08214285714255,13.170779548477,-7.94864060251425));
#9259=CARTESIAN_POINT('',(3.78396274493665,12.0480057421099,-8.16666666666667));
#9260=CARTESIAN_POINT('Ctrl Pts',(5.08214285714255,13.170779548477,-7.94864060251425));
#9261=CARTESIAN_POINT('Ctrl Pts',(4.78172021593537,13.1707795484769,-7.94864060251428));
#9262=CARTESIAN_POINT('Ctrl Pts',(4.26156418674629,12.9275806518306,-8.06235999674524));
#9263=CARTESIAN_POINT('Ctrl Pts',(3.8968441683796,12.3405077656637,-8.16666666666661));
#9264=CARTESIAN_POINT('Ctrl Pts',(3.78396274493665,12.0480057421101,-8.16666666666666));
#9265=CARTESIAN_POINT('',(2.91850933679917,12.5489951615025,-7.16666666666667));
#9266=CARTESIAN_POINT('Origin',(3.78396274493665,12.04800574211,-7.16666666666667));
#9267=CARTESIAN_POINT('Ctrl Pts',(2.91850933679917,12.5489951615025,-7.16666666666667));
#9268=CARTESIAN_POINT('Ctrl Pts',(3.10664504253756,12.8739974098954,-7.16666666666663));
#9269=CARTESIAN_POINT('Ctrl Pts',(3.71451173981519,13.5263006167474,-7.09712888671905));
#9270=CARTESIAN_POINT('Ctrl Pts',(4.5814384551305,13.7965216130211,-7.02131595723174));
#9271=CARTESIAN_POINT('Ctrl Pts',(5.08214285714234,13.7965216130212,-7.02131595723172));
#9272=CARTESIAN_POINT('Origin',(5.08214285714286,11.2965216130212,-7.16666666666667));
#9273=CARTESIAN_POINT('',(3.58214285714286,11.2965216130212,-8.16666666666667));
#9274=CARTESIAN_POINT('',(2.58214285714286,11.2965216130212,-7.16666666666667));
#9275=CARTESIAN_POINT('Origin',(3.58214285714286,11.2965216130212,-7.16666666666667));
#9276=CARTESIAN_POINT('Origin',(5.08214285714286,11.2965216130212,-7.16666666666667));
#9277=CARTESIAN_POINT('Origin',(5.08214285714286,11.2965216130212,-8.16666666666667));
#9278=CARTESIAN_POINT('Origin',(3.58214285714286,5.96076080651062,-7.16666666666667));
#9279=CARTESIAN_POINT('',(3.58214285714286,3.,-8.16666666666667));
#9280=CARTESIAN_POINT('',(2.58214285714286,3.,-7.16666666666667));
#9281=CARTESIAN_POINT('Origin',(3.58214285714286,3.,-7.16666666666667));
#9282=CARTESIAN_POINT('',(2.58214285714286,5.96076080651062,-7.16666666666667));
#9283=CARTESIAN_POINT('',(3.58214285714286,5.96076080651062,-8.16666666666667));
#9284=CARTESIAN_POINT('Origin',(3.58214285714286,3.,-5.16666666666667));
#9285=CARTESIAN_POINT('',(3.58214285714286,0.,-5.16666666666667));
#9286=CARTESIAN_POINT('',(2.58214285714286,1.,-5.16666666666667));
#9287=CARTESIAN_POINT('Origin',(3.58214285714286,1.,-5.16666666666667));
#9288=CARTESIAN_POINT('Origin',(2.58214285714286,3.,-5.16666666666667));
#9289=CARTESIAN_POINT('Origin',(3.58214285714286,3.,-5.16666666666667));
#9290=CARTESIAN_POINT('Origin',(3.58214285714286,1.,-6.16666666666667));
#9291=CARTESIAN_POINT('',(3.58214285714286,0.,-4.16666666666667));
#9292=CARTESIAN_POINT('',(2.58214285714286,1.,-4.16666666666667));
#9293=CARTESIAN_POINT('Origin',(3.58214285714286,1.,-4.16666666666667));
#9294=CARTESIAN_POINT('',(2.58214285714286,1.,-6.16666666666667));
#9295=CARTESIAN_POINT('',(3.58214285714286,0.,-6.16666666666667));
#9296=CARTESIAN_POINT('Origin',(8.97158135134293,3.,-5.16666666666667));
#9297=CARTESIAN_POINT('',(10.5814285714286,3.,-8.16666666666667));
#9298=CARTESIAN_POINT('',(8.97158135134293,3.,-8.16666666666667));
#9299=CARTESIAN_POINT('',(19.6242259560379,3.,-8.16666666666667));
#9300=CARTESIAN_POINT('',(8.97158135134293,3.,-8.16666666666667));
#9301=CARTESIAN_POINT('',(19.6242259560379,0.,-5.16666666666667));
#9302=CARTESIAN_POINT('Origin',(19.6242259560379,3.,-5.16666666666667));
#9303=CARTESIAN_POINT('',(8.97158135134293,0.,-5.16666666666667));
#9304=CARTESIAN_POINT('Origin',(15.361019845543,0.625,-8.16666666666667));
#9305=CARTESIAN_POINT('',(19.6242259560379,12.0480057421096,-8.16666666666667));
#9306=CARTESIAN_POINT('',(6.58,12.0480057421096,-8.16666666666667));
#9307=CARTESIAN_POINT('',(19.6242259560379,0.3125,-8.16666666666667));
#9308=CARTESIAN_POINT('',(8.58142857142857,5.,-8.16666666666667));
#9309=CARTESIAN_POINT('Origin',(10.5814285714286,5.,-8.16666666666667));
#9310=CARTESIAN_POINT('Origin',(10.5814285714286,5.,-8.16666666666667));
#9311=CARTESIAN_POINT('',(4.29616534045032,9.28497823137281,-8.16666666666667));
#9312=CARTESIAN_POINT('Origin',(6.29616534045032,9.28497823137281,-8.16666666666667));
#9313=CARTESIAN_POINT('',(12.8664068114646,9.28526323531962,-8.16666666666667));
#9314=CARTESIAN_POINT('Origin',(14.8664068114646,9.28526323531962,-8.16666666666667));
#9315=CARTESIAN_POINT('Origin',(6.58,12.0480057421096,-5.16666666666667));
#9316=CARTESIAN_POINT('',(19.6242259560379,14.2481300775536,-7.2061403508772));
#9317=CARTESIAN_POINT('',(6.58,14.2481300775536,-7.2061403508772));
#9318=CARTESIAN_POINT('Origin',(19.6242259560379,12.0480057421096,-5.16666666666667));
#9319=CARTESIAN_POINT('Origin',(6.58,6.4743574256516,4.26515003347655E-24));
#9320=CARTESIAN_POINT('',(19.6242259560379,16.2210947714966,-4.16666666666667));
#9321=CARTESIAN_POINT('',(6.58,16.2210947714966,-4.16666666666667));
#9322=CARTESIAN_POINT('Origin',(19.6242259560379,6.4743574256516,4.26515003347655E-24));
#9323=CARTESIAN_POINT('Origin',(6.58,16.2210947714966,-4.16666666666667));
#9324=CARTESIAN_POINT('',(6.58,13.8830610159492,-4.16666666666667));
#9325=CARTESIAN_POINT('',(6.58,15.5649508545147,-4.16666666666667));
#9326=CARTESIAN_POINT('',(19.6242259560379,13.8830610159492,-4.16666666666667));
#9327=CARTESIAN_POINT('',(6.58,13.8830610159492,-4.16666666666667));
#9328=CARTESIAN_POINT('',(20.6242259560379,12.7104530702748,-4.16666666666667));
#9329=CARTESIAN_POINT('Ctrl Pts',(20.6242259560379,12.7104530702748,-4.16666666666667));
#9330=CARTESIAN_POINT('Ctrl Pts',(20.6242259560379,12.8655177591216,-4.16666666666667));
#9331=CARTESIAN_POINT('Ctrl Pts',(20.5926976392298,13.0489049134328,-4.16666666666667));
#9332=CARTESIAN_POINT('Ctrl Pts',(20.4885880261848,13.3241752940485,-4.16666666666667));
#9333=CARTESIAN_POINT('Ctrl Pts',(20.4030840735334,13.4677220265451,-4.16666666666667));
#9334=CARTESIAN_POINT('Ctrl Pts',(20.2235946304632,13.6632684604511,-4.16666666666667));
#9335=CARTESIAN_POINT('Ctrl Pts',(20.1019006832603,13.753401046344,-4.16666666666667));
#9336=CARTESIAN_POINT('Ctrl Pts',(19.879453607349,13.852916191938,-4.16666666666667));
#9337=CARTESIAN_POINT('Ctrl Pts',(19.7417204438871,13.8830610159492,-4.16666666666667));
#9338=CARTESIAN_POINT('Ctrl Pts',(19.6242259560379,13.8830610159492,-4.16666666666667));
#9339=CARTESIAN_POINT('',(20.6242259560379,1.25,-4.16666666666667));
#9340=CARTESIAN_POINT('',(20.6242259560379,13.8830610159492,-4.16666666666667));
#9341=CARTESIAN_POINT('',(16.361019845543,1.25,-4.16666666666667));
#9342=CARTESIAN_POINT('',(22.6242259560379,1.25,-4.16666666666667));
#9343=CARTESIAN_POINT('',(16.1406111196574,0.,-4.16666666666667));
#9344=CARTESIAN_POINT('',(16.3531323573218,1.20526783144871,-4.16666666666667));
#9345=CARTESIAN_POINT('',(19.6242259560379,0.,-4.16666666666667));
#9346=CARTESIAN_POINT('',(16.1406111196574,0.,-4.16666666666667));
#9347=CARTESIAN_POINT('',(22.6242259560379,3.,-4.16666666666667));
#9348=CARTESIAN_POINT('Origin',(19.6242259560379,3.,-4.16666666666667));
#9349=CARTESIAN_POINT('',(22.6242259560379,12.8303694527712,-4.16666666666667));
#9350=CARTESIAN_POINT('',(22.6242259560379,0.,-4.16666666666667));
#9351=CARTESIAN_POINT('Ctrl Pts',(19.6242259560379,16.2210947714966,-4.16666666666667));
#9352=CARTESIAN_POINT('Ctrl Pts',(19.9816567209668,16.2210947714966,-4.16666666666667));
#9353=CARTESIAN_POINT('Ctrl Pts',(20.4014476629755,16.1330874565687,-4.16666666666667));
#9354=CARTESIAN_POINT('Ctrl Pts',(21.0719825312234,15.8430017037187,-4.16666666666667));
#9355=CARTESIAN_POINT('Ctrl Pts',(21.4371285608178,15.5837934635321,-4.16666666666667));
#9356=CARTESIAN_POINT('Ctrl Pts',(21.9704227414828,15.0218660173167,-4.16666666666667));
#9357=CARTESIAN_POINT('Ctrl Pts',(22.2235910971649,14.6118855671282,-4.16666666666667));
#9358=CARTESIAN_POINT('Ctrl Pts',(22.5327187835423,13.8165200791003,-4.16666666666667));
#9359=CARTESIAN_POINT('Ctrl Pts',(22.6242259560379,13.2821553967276,-4.16666666666667));
#9360=CARTESIAN_POINT('Ctrl Pts',(22.6242259560379,12.8303694527712,-4.16666666666667));
#9361=CARTESIAN_POINT('',(13.8225217039045,15.5649508545147,-4.16666666666667));
#9362=CARTESIAN_POINT('',(15.3817042521334,15.5649508545147,-4.16666666666667));
#9363=CARTESIAN_POINT('',(10.9808521260667,15.5649508545147,-4.16666666666667));
#9364=CARTESIAN_POINT('',(15.602112978019,14.3149508545147,-4.16666666666667));
#9365=CARTESIAN_POINT('',(15.3031030769282,16.0107202704567,-4.16666666666667));
#9366=CARTESIAN_POINT('',(13.602112978019,14.3149508545147,-4.16666666666667));
#9367=CARTESIAN_POINT('',(10.0910564890095,14.3149508545147,-4.16666666666667));
#9368=CARTESIAN_POINT('',(13.7694309373207,15.2638581551983,-4.16666666666667));
#9369=CARTESIAN_POINT('Origin',(6.58,14.2727142277048,-5.9156274117282));
#9370=CARTESIAN_POINT('',(6.58,14.2965216130209,-5.16666666666667));
#9371=CARTESIAN_POINT('',(6.58,14.2965216130209,-6.04114703919743));
#9372=CARTESIAN_POINT('',(6.58,13.2238430027571,-5.16666666666667));
#9373=CARTESIAN_POINT('',(6.58,7.44885711385239,-5.16666666666667));
#9374=CARTESIAN_POINT('Origin',(6.58,6.4743574256516,4.26515003347655E-24));
#9375=CARTESIAN_POINT('Origin',(19.6242259560379,6.4743574256516,4.26515003347655E-24));
#9376=CARTESIAN_POINT('',(22.6242259560379,12.0480057421096,-5.16666666666667));
#9377=CARTESIAN_POINT('Origin',(22.6242259560379,6.4743574256516,4.26515003347655E-24));
#9378=CARTESIAN_POINT('Origin',(19.6242259560379,12.0480057421096,-5.16666666666667));
#9379=CARTESIAN_POINT('Origin',(19.6242259560379,0.3125,-5.16666666666667));
#9380=CARTESIAN_POINT('',(22.6242259560379,3.,-5.16666666666667));
#9381=CARTESIAN_POINT('Origin',(19.6242259560379,3.,-5.16666666666667));
#9382=CARTESIAN_POINT('Origin',(19.6242259560379,12.0480057421096,-5.16666666666667));
#9383=CARTESIAN_POINT('',(22.6242259560379,0.3125,-5.16666666666667));
#9384=CARTESIAN_POINT('Origin',(19.6242259560379,3.,-6.16666666666667));
#9385=CARTESIAN_POINT('',(19.6242259560379,0.,-6.16666666666667));
#9386=CARTESIAN_POINT('Origin',(19.6242259560379,3.,-5.16666666666667));
#9387=CARTESIAN_POINT('',(22.6242259560379,3.,-6.16666666666667));
#9388=CARTESIAN_POINT('Origin',(19.6242259560379,3.,-5.16666666666667));
#9389=CARTESIAN_POINT('Origin',(19.6242259560379,12.0480057421096,-5.16666666666667));
#9390=CARTESIAN_POINT('Origin',(2.58214285714286,0.,-6.16666666666667));
#9391=CARTESIAN_POINT('',(16.1406111196574,0.,0.));
#9392=CARTESIAN_POINT('',(16.1406111196574,0.,-6.16666666666667));
#9393=CARTESIAN_POINT('',(14.5814285714286,0.,0.));
#9394=CARTESIAN_POINT('',(2.58214285714286,0.,0.));
#9395=CARTESIAN_POINT('',(14.5814285714286,0.,-4.16666666666667));
#9396=CARTESIAN_POINT('',(14.5814285714286,0.,-6.16666666666667));
#9397=CARTESIAN_POINT('',(6.58142857142857,0.,-4.16666666666667));
#9398=CARTESIAN_POINT('',(6.58142857142857,0.,-4.16666666666667));
#9399=CARTESIAN_POINT('',(6.58142857142857,0.,0.));
#9400=CARTESIAN_POINT('',(6.58142857142857,0.,-6.16666666666667));
#9401=CARTESIAN_POINT('',(5.02224602319973,0.,0.));
#9402=CARTESIAN_POINT('',(2.58214285714286,0.,0.));
#9403=CARTESIAN_POINT('',(5.02224602319973,0.,-4.16666666666667));
#9404=CARTESIAN_POINT('',(5.02224602319973,0.,-6.16666666666667));
#9405=CARTESIAN_POINT('',(2.58214285714286,0.,-4.16666666666667));
#9406=CARTESIAN_POINT('Origin',(6.58,11.910859569085,-5.16666666666667));
#9407=CARTESIAN_POINT('',(15.6841744386779,11.910859569085,-6.16666666666667));
#9408=CARTESIAN_POINT('',(14.0486391842513,11.910859569085,-6.16666666666667));
#9409=CARTESIAN_POINT('Ctrl Pts',(14.0486391842513,11.910859569085,-6.16666666666667));
#9410=CARTESIAN_POINT('Ctrl Pts',(14.31472372296,11.9937341980063,-6.16666666666667));
#9411=CARTESIAN_POINT('Ctrl Pts',(14.5960682898325,12.0352632353196,-6.15889835726487));
#9412=CARTESIAN_POINT('Ctrl Pts',(14.8664068114646,12.0352632353196,-6.15889835726487));
#9413=CARTESIAN_POINT('Ctrl Pts',(15.1367453330967,12.0352632353196,-6.15889835726487));
#9414=CARTESIAN_POINT('Ctrl Pts',(15.4180898999692,11.9937341980063,-6.16666666666667));
#9415=CARTESIAN_POINT('Ctrl Pts',(15.6841744386779,11.910859569085,-6.16666666666667));
#9416=CARTESIAN_POINT('',(20.3172564157234,11.910859569085,-6.16666666666667));
#9417=CARTESIAN_POINT('',(6.58,11.910859569085,-6.16666666666667));
#9418=CARTESIAN_POINT('',(19.6242259560379,12.6357265215427,-5.85555555555556));
#9419=CARTESIAN_POINT('Ctrl Pts',(20.3172564157234,11.910859569085,-6.16666666666667));
#9420=CARTESIAN_POINT('Ctrl Pts',(20.2208301417726,12.0510337157556,-6.16666666666667));
#9421=CARTESIAN_POINT('Ctrl Pts',(20.1119872996075,12.1835600746075,-6.13732568345147));
#9422=CARTESIAN_POINT('Ctrl Pts',(19.8794810189218,12.428344450642,-6.03331084407194));
#9423=CARTESIAN_POINT('Ctrl Pts',(19.7537458100164,12.540275580491,-5.95506219078878));
#9424=CARTESIAN_POINT('Ctrl Pts',(19.627184263522,12.6335542671656,-5.85783585941263));
#9425=CARTESIAN_POINT('Ctrl Pts',(19.6257051091986,12.6346417428227,-5.85669698816905));
#9426=CARTESIAN_POINT('Ctrl Pts',(19.6242259560379,12.6357265215427,-5.85555555555556));
#9427=CARTESIAN_POINT('',(6.30486695245778,12.6357265215427,-5.85555555555556));
#9428=CARTESIAN_POINT('',(6.58,12.6357265215427,-5.85555555555556));
#9429=CARTESIAN_POINT('',(5.61959210079379,11.9504516698787,-6.16588259205754));
#9430=CARTESIAN_POINT('Origin',(5.58,11.910859569085,-5.16666666666667));
#9431=CARTESIAN_POINT('',(7.11301734678625,11.910859569085,-6.16666666666667));
#9432=CARTESIAN_POINT('Ctrl Pts',(5.61959210079379,11.9504516698787,-6.16588259205754));
#9433=CARTESIAN_POINT('Ctrl Pts',(5.84271925640817,12.0070877107218,-6.16363849267857));
#9434=CARTESIAN_POINT('Ctrl Pts',(6.07321716965596,12.0349782313728,-6.15893404881317));
#9435=CARTESIAN_POINT('Ctrl Pts',(6.29616534045032,12.0349782313728,-6.15893404881317));
#9436=CARTESIAN_POINT('Ctrl Pts',(6.56619160184464,12.0349782313728,-6.15893404881317));
#9437=CARTESIAN_POINT('Ctrl Pts',(6.84720373861579,11.9935481414995,-6.16666666666667));
#9438=CARTESIAN_POINT('Ctrl Pts',(7.11301734678625,11.910859569085,-6.16666666666667));
#9439=CARTESIAN_POINT('',(6.58,11.910859569085,-6.16666666666667));
#9440=CARTESIAN_POINT('Origin',(5.58,7.44885711385239,-5.16666666666667));
#9441=CARTESIAN_POINT('',(5.58,11.940087872261,-6.16666666666667));
#9442=CARTESIAN_POINT('Ctrl Pts',(5.58,11.940087872261,-6.16666666666667));
#9443=CARTESIAN_POINT('Ctrl Pts',(5.59308650342011,11.9436177077273,-6.16666666666667));
#9444=CARTESIAN_POINT('Ctrl Pts',(5.60629172608181,11.9470756551425,-6.16640959504339));
#9445=CARTESIAN_POINT('Ctrl Pts',(5.61959210079406,11.9504516698788,-6.16588259205753));
#9446=CARTESIAN_POINT('Ctrl Pts',(6.30486695245778,12.6357265215427,-5.85555555555556));
#9447=CARTESIAN_POINT('Ctrl Pts',(6.38384209290139,12.7147016619863,-5.77245584194918));
#9448=CARTESIAN_POINT('Ctrl Pts',(6.44853438588013,12.8036946729591,-5.67526073958229));
#9449=CARTESIAN_POINT('Ctrl Pts',(6.55185897239331,13.0065721135786,-5.44146462789436));
#9450=CARTESIAN_POINT('Ctrl Pts',(6.58,13.121278836645,-5.30065157503478));
#9451=CARTESIAN_POINT('Ctrl Pts',(6.58,13.2238430027571,-5.16666666666667));
#9452=CARTESIAN_POINT('',(6.07999999999988,13.7965216130158,-6.03269207045118));
#9453=CARTESIAN_POINT('Ctrl Pts',(6.58,14.2965216130209,-5.16666666666667));
#9454=CARTESIAN_POINT('Ctrl Pts',(6.58,14.2325042311215,-5.25720091637641));
#9455=CARTESIAN_POINT('Ctrl Pts',(6.56707435105955,14.1627181502918,-5.35575759723581));
#9456=CARTESIAN_POINT('Ctrl Pts',(6.50981639897846,14.0311868133707,-5.548127970708));
#9457=CARTESIAN_POINT('Ctrl Pts',(6.46542544991474,13.9695456989904,-5.6419953912414));
#9458=CARTESIAN_POINT('Ctrl Pts',(6.37199932200098,13.8875287117771,-5.78094882478059));
#9459=CARTESIAN_POINT('Ctrl Pts',(6.32346271859031,13.8555560075023,-5.83996432984503));
#9460=CARTESIAN_POINT('Ctrl Pts',(6.21024502106693,13.8099407100989,-5.94696008973159));
#9461=CARTESIAN_POINT('Ctrl Pts',(6.14544362460412,13.7965216130209,-5.99490817616917));
#9462=CARTESIAN_POINT('Ctrl Pts',(6.08,13.7965216130209,-6.03269207045111));
#9463=CARTESIAN_POINT('',(5.58,13.7965216130211,-6.16666666666667));
#9464=CARTESIAN_POINT('Origin',(5.58,13.7965216130158,-5.16666666666667));
#9465=CARTESIAN_POINT('',(5.58,7.44885711385239,-6.16666666666667));
#9466=CARTESIAN_POINT('Origin',(19.6242259560379,6.4743574256516,4.26515003347655E-24));
#9467=CARTESIAN_POINT('',(20.6242259560379,10.7431069172735,-6.16666666666667));
#9468=CARTESIAN_POINT('Origin',(20.6242259560379,6.4743574256516,4.26515003347655E-24));
#9469=CARTESIAN_POINT('Origin',(19.6242259560379,6.4743574256516,4.26515003347655E-24));
#9470=CARTESIAN_POINT('Ctrl Pts',(20.6242259560379,10.7431069172735,-6.16666666666667));
#9471=CARTESIAN_POINT('Ctrl Pts',(20.6242259560379,10.9831566934898,-6.16666666666667));
#9472=CARTESIAN_POINT('Ctrl Pts',(20.5888787671383,11.2690395106116,-6.16666666666667));
#9473=CARTESIAN_POINT('Ctrl Pts',(20.4714863689343,11.634194411172,-6.16666666666667));
#9474=CARTESIAN_POINT('Ctrl Pts',(20.4025078247519,11.7869302392103,-6.16666666666667));
#9475=CARTESIAN_POINT('Ctrl Pts',(20.3172564157234,11.910859569085,-6.16666666666667));
#9476=CARTESIAN_POINT('Origin',(6.58,6.4743574256516,4.26515003347655E-24));
#9477=CARTESIAN_POINT('Origin',(5.08214285714286,11.2965216130212,-6.16666666666667));
#9478=CARTESIAN_POINT('',(2.58214285714286,11.2965216130212,-6.16666666666667));
#9479=CARTESIAN_POINT('',(2.58214285714286,11.2965216130212,-6.16666666666667));
#9480=CARTESIAN_POINT('',(5.08214285714286,13.7965216130212,-6.16666666666667));
#9481=CARTESIAN_POINT('Origin',(5.08214285714286,11.2965216130212,-6.16666666666667));
#9482=CARTESIAN_POINT('',(5.08214285714286,13.7965216130212,-6.16666666666667));
#9483=CARTESIAN_POINT('Origin',(22.6242259560379,0.,-6.16666666666667));
#9484=CARTESIAN_POINT('Origin',(6.08,14.2965216130209,-6.04114703919743));
#9485=CARTESIAN_POINT('',(6.07999999999984,13.7965216130209,-6.04114703919743));
#9486=CARTESIAN_POINT('Origin',(14.861019845543,2.75,-4.66666666666667));
#9487=CARTESIAN_POINT('',(9.00028974134438,2.75,-6.16666666666667));
#9488=CARTESIAN_POINT('',(12.1625674015128,2.75,-6.16666666666667));
#9489=CARTESIAN_POINT('Ctrl Pts',(12.1625674015128,2.75,-6.16666666666667));
#9490=CARTESIAN_POINT('Ctrl Pts',(11.9904646694505,2.6290585278101,-6.16666666666667));
#9491=CARTESIAN_POINT('Ctrl Pts',(11.8006142594934,2.52568941963568,-6.1520277735838));
#9492=CARTESIAN_POINT('Ctrl Pts',(11.2729207919373,2.31499509604638,-6.10843065232022));
#9493=CARTESIAN_POINT('Ctrl Pts',(10.9170334697284,2.25,-6.08088022903976));
#9494=CARTESIAN_POINT('Ctrl Pts',(10.2458236731287,2.25,-6.08088022903976));
#9495=CARTESIAN_POINT('Ctrl Pts',(9.88993635091983,2.31499509604638,-6.10843065232022));
#9496=CARTESIAN_POINT('Ctrl Pts',(9.3622428833637,2.52568941963568,-6.15202777358381));
#9497=CARTESIAN_POINT('Ctrl Pts',(9.17239247340668,2.6290585278101,-6.16666666666667));
#9498=CARTESIAN_POINT('Ctrl Pts',(9.00028974134438,2.75,-6.16666666666667));
#9499=CARTESIAN_POINT('',(2.58214285714286,2.75,-6.16666666666667));
#9500=CARTESIAN_POINT('',(14.861019845543,2.75,-6.16666666666667));
#9501=CARTESIAN_POINT('',(2.58214285714286,1.25,-4.66666666666667));
#9502=CARTESIAN_POINT('Origin',(2.58214285714286,2.75,-4.66666666666667));
#9503=CARTESIAN_POINT('',(20.6242259560379,1.25,-4.66666666666667));
#9504=CARTESIAN_POINT('',(14.861019845543,1.25,-4.66666666666667));
#9505=CARTESIAN_POINT('',(20.6242259560379,2.75,-6.16666666666667));
#9506=CARTESIAN_POINT('Origin',(20.6242259560379,2.75,-4.66666666666667));
#9507=CARTESIAN_POINT('',(14.861019845543,2.75,-6.16666666666667));
#9508=CARTESIAN_POINT('Origin',(15.361019845543,0.625,-6.16666666666667));
#9509=CARTESIAN_POINT('',(5.08214285714286,13.7965216130212,-6.16666666666667));
#9510=CARTESIAN_POINT('',(2.58214285714286,0.,-6.16666666666667));
#9511=CARTESIAN_POINT('',(7.83142857142857,5.,-6.16666666666667));
#9512=CARTESIAN_POINT('Origin',(10.5814285714286,5.,-6.16666666666667));
#9513=CARTESIAN_POINT('Origin',(10.5814285714286,5.,-6.16666666666667));
#9514=CARTESIAN_POINT('',(20.6242259560379,4.36777369287414,-6.16666666666667));
#9515=CARTESIAN_POINT('',(12.1164068114646,9.28526323531962,-6.16666666666667));
#9516=CARTESIAN_POINT('Origin',(14.8664068114646,9.28526323531962,-6.16666666666667));
#9517=CARTESIAN_POINT('Origin',(14.8664068114646,9.28526323531962,-6.16666666666667));
#9518=CARTESIAN_POINT('',(3.54616534045032,9.28497823137281,-6.16666666666667));
#9519=CARTESIAN_POINT('Origin',(6.29616534045032,9.28497823137281,-6.16666666666667));
#9520=CARTESIAN_POINT('Origin',(6.29616534045032,9.28497823137281,-6.16666666666667));
#9521=CARTESIAN_POINT('Origin',(20.6242259560379,8.11054738574828,-6.16666666666667));
#9522=CARTESIAN_POINT('',(20.6242259560379,1.25,-6.16666666666667));
#9523=CARTESIAN_POINT('Origin',(15.3817042521334,15.5649508545147,-4.16666666666667));
#9524=CARTESIAN_POINT('',(13.8225217039045,15.5649508545147,0.));
#9525=CARTESIAN_POINT('',(13.8225217039045,15.5649508545147,-4.16666666666667));
#9526=CARTESIAN_POINT('',(15.3817042521334,15.5649508545147,0.));
#9527=CARTESIAN_POINT('',(6.58,15.5649508545147,0.));
#9528=CARTESIAN_POINT('',(15.3817042521334,15.5649508545147,-4.16666666666667));
#9529=CARTESIAN_POINT('Origin',(15.602112978019,14.3149508545147,-4.16666666666667));
#9530=CARTESIAN_POINT('',(15.602112978019,14.3149508545147,0.));
#9531=CARTESIAN_POINT('',(15.602112978019,14.3149508545147,0.));
#9532=CARTESIAN_POINT('',(15.602112978019,14.3149508545147,-4.16666666666667));
#9533=CARTESIAN_POINT('Origin',(13.602112978019,14.3149508545147,-4.16666666666667));
#9534=CARTESIAN_POINT('',(13.602112978019,14.3149508545147,0.));
#9535=CARTESIAN_POINT('',(13.602112978019,14.3149508545147,0.));
#9536=CARTESIAN_POINT('',(13.602112978019,14.3149508545147,-4.16666666666667));
#9537=CARTESIAN_POINT('Origin',(13.8225217039045,15.5649508545147,-4.16666666666667));
#9538=CARTESIAN_POINT('',(13.8225217039045,15.5649508545147,0.));
#9539=CARTESIAN_POINT('Origin',(14.602112978019,14.9399508545147,0.));
#9540=CARTESIAN_POINT('Origin',(6.29616534045032,9.28497823137281,-6.16666666666667));
#9541=CARTESIAN_POINT('',(3.54616534045032,9.28497823137281,-6.66666666666667));
#9542=CARTESIAN_POINT('',(3.54616534045032,9.28497823137281,-6.16666666666667));
#9543=CARTESIAN_POINT('Origin',(6.29616534045032,9.28497823137281,-6.66666666666667));
#9544=CARTESIAN_POINT('Origin',(6.29616534045032,9.28497823137281,-6.66666666666667));
#9545=CARTESIAN_POINT('',(4.29616534045032,9.28497823137281,-6.66666666666667));
#9546=CARTESIAN_POINT('Origin',(6.29616534045032,9.28497823137281,-6.66666666666667));
#9547=CARTESIAN_POINT('Origin',(14.8664068114646,9.28526323531962,-6.16666666666667));
#9548=CARTESIAN_POINT('',(12.1164068114646,9.28526323531962,-6.66666666666667));
#9549=CARTESIAN_POINT('',(12.1164068114646,9.28526323531962,-6.16666666666667));
#9550=CARTESIAN_POINT('Origin',(14.8664068114646,9.28526323531962,-6.66666666666667));
#9551=CARTESIAN_POINT('Origin',(14.8664068114646,9.28526323531962,-6.66666666666667));
#9552=CARTESIAN_POINT('',(12.8664068114646,9.28526323531962,-6.66666666666667));
#9553=CARTESIAN_POINT('Origin',(14.8664068114646,9.28526323531962,-6.66666666666667));
#9554=CARTESIAN_POINT('Origin',(10.5814285714286,5.,-6.16666666666667));
#9555=CARTESIAN_POINT('',(7.83142857142857,5.,-6.66666666666667));
#9556=CARTESIAN_POINT('',(7.83142857142857,5.,-6.16666666666667));
#9557=CARTESIAN_POINT('Origin',(10.5814285714286,5.,-6.66666666666667));
#9558=CARTESIAN_POINT('Origin',(10.5814285714286,5.,-6.66666666666667));
#9559=CARTESIAN_POINT('',(8.58142857142857,5.,-6.66666666666667));
#9560=CARTESIAN_POINT('Origin',(10.5814285714286,5.,-6.66666666666667));
#9561=CARTESIAN_POINT('Origin',(6.29616534045032,9.28497823137281,-6.16666666666667));
#9562=CARTESIAN_POINT('',(4.29616534045032,9.28497823137281,-6.16666666666667));
#9563=CARTESIAN_POINT('Origin',(10.5814285714286,5.,-6.16666666666667));
#9564=CARTESIAN_POINT('',(8.58142857142857,5.,-6.16666666666667));
#9565=CARTESIAN_POINT('Origin',(14.8664068114646,9.28526323531962,-6.16666666666667));
#9566=CARTESIAN_POINT('',(12.8664068114646,9.28526323531962,-6.16666666666667));
#9567=CARTESIAN_POINT('Origin',(10.5814285714286,0.625,-4.16666666666667));
#9568=CARTESIAN_POINT('',(14.361019845543,1.25,-4.16666666666667));
#9569=CARTESIAN_POINT('',(14.4676805448198,0.645097115323464,-4.16666666666667));
#9570=CARTESIAN_POINT('',(6.80183729731415,1.25,-4.16666666666667));
#9571=CARTESIAN_POINT('',(22.6242259560379,1.25,-4.16666666666667));
#9572=CARTESIAN_POINT('',(6.80538096098009,1.27009711532347,-4.16666666666667));
#9573=CARTESIAN_POINT('Origin',(14.5814285714286,0.,-6.16666666666667));
#9574=CARTESIAN_POINT('',(14.361019845543,1.25,0.));
#9575=CARTESIAN_POINT('',(14.361019845543,1.25,0.));
#9576=CARTESIAN_POINT('',(14.361019845543,1.25,-6.16666666666667));
#9577=CARTESIAN_POINT('Origin',(3.8021944401713,0.625,-4.16666666666667));
#9578=CARTESIAN_POINT('',(4.80183729731415,1.25,-4.16666666666667));
#9579=CARTESIAN_POINT('',(4.95041084743549,0.407397526320822,-4.16666666666667));
#9580=CARTESIAN_POINT('',(2.58214285714286,1.25,-4.16666666666667));
#9581=CARTESIAN_POINT('',(22.6242259560379,1.25,-4.16666666666667));
#9582=CARTESIAN_POINT('',(2.58214285714286,0.,-4.16666666666667));
#9583=CARTESIAN_POINT('Origin',(5.02224602319973,1.38777878078145E-16,-6.16666666666667));
#9584=CARTESIAN_POINT('',(4.80183729731415,1.25,0.));
#9585=CARTESIAN_POINT('',(4.80183729731415,1.25,0.));
#9586=CARTESIAN_POINT('',(4.80183729731415,1.25,-6.16666666666667));
#9587=CARTESIAN_POINT('Origin',(6.80183729731415,1.25,-6.16666666666667));
#9588=CARTESIAN_POINT('',(6.80183729731415,1.25,0.));
#9589=CARTESIAN_POINT('',(6.80183729731415,1.25,-6.16666666666667));
#9590=CARTESIAN_POINT('',(6.58142857142857,0.,0.));
#9591=CARTESIAN_POINT('Origin',(5.80183729731415,0.625,0.));
#9592=CARTESIAN_POINT('',(6.80183729731415,1.25,0.));
#9593=CARTESIAN_POINT('Origin',(16.361019845543,1.25,-6.16666666666667));
#9594=CARTESIAN_POINT('',(16.361019845543,1.25,0.));
#9595=CARTESIAN_POINT('',(16.361019845543,1.25,-6.16666666666667));
#9596=CARTESIAN_POINT('',(16.1406111196574,0.,0.));
#9597=CARTESIAN_POINT('Origin',(14.361019845543,1.25,-6.16666666666667));
#9598=CARTESIAN_POINT('',(2.58214285714286,1.25,-6.16666666666667));
#9599=CARTESIAN_POINT('',(16.361019845543,1.25,0.));
#9600=CARTESIAN_POINT('Origin',(15.361019845543,0.625,0.));
#9601=CARTESIAN_POINT('Origin',(2.58214285714286,11.2965216130212,-6.16666666666667));
#9602=CARTESIAN_POINT('Origin',(22.6242259560379,13.7965216130158,-6.16666666666667));
#9603=CARTESIAN_POINT('',(0.,0.,0.));
#9604=CARTESIAN_POINT('Origin',(-3.70428571428572,2.5357142857143,4.91666666666708));
#9605=CARTESIAN_POINT('',(-3.70428571428572,2.5357142857143,5.16666666666708));
#9606=CARTESIAN_POINT('Origin',(-3.70428571428572,2.5357142857143,4.91666666666708));
#9607=CARTESIAN_POINT('Origin',(14.8671428571429,2.53571428571556,4.91666666666708));
#9608=CARTESIAN_POINT('',(21.8671428571429,2.53571428571555,5.16666666666708));
#9609=CARTESIAN_POINT('Origin',(21.8671428571429,2.53571428571556,4.91666666666708));
#9610=CARTESIAN_POINT('',(14.8671428571428,2.53571428571556,5.16666666666708));
#9611=CARTESIAN_POINT('',(14.8671428571429,2.53571428571556,5.16666666666708));
#9612=CARTESIAN_POINT('',(14.8671428571427,2.78571428571556,4.91666666666708));
#9613=CARTESIAN_POINT('Origin',(14.8671428571429,2.53571428571556,4.91666666666708));
#9614=CARTESIAN_POINT('Origin',(14.8671428571429,2.53571428571556,4.91666666666708));
#9615=CARTESIAN_POINT('Origin',(14.8671428571423,5.0000000000001,4.91666666666708));
#9616=CARTESIAN_POINT('',(12.6865305425654,5.38469618922018,4.91666666666708));
#9617=CARTESIAN_POINT('Origin',(14.8671428571423,5.0000000000001,4.91666666666708));
#9618=CARTESIAN_POINT('',(12.4403323780163,5.42812962993854,5.16666666666708));
#9619=CARTESIAN_POINT('Origin',(12.4403323780163,5.42812962993854,4.91666666666708));
#9620=CARTESIAN_POINT('Origin',(12.4403323780163,5.42812962993854,4.91666666666708));
#9621=CARTESIAN_POINT('Origin',(13.0441245026347,8.85066559281577,4.91666666666708));
#9622=CARTESIAN_POINT('',(13.0441245026347,8.85066559281577,5.16666666666708));
#9623=CARTESIAN_POINT('',(13.0441245026347,8.85066559281577,5.16666666666708));
#9624=CARTESIAN_POINT('',(12.7979263380856,8.89409903353413,4.91666666666708));
#9625=CARTESIAN_POINT('Origin',(13.0441245026347,8.85066559281577,4.91666666666708));
#9626=CARTESIAN_POINT('Origin',(13.0441245026347,8.85066559281577,4.91666666666708));
#9627=CARTESIAN_POINT('Origin',(10.5821428571428,9.28499999999999,4.91666666666708));
#9628=CARTESIAN_POINT('',(8.36620135429086,8.89499582573946,4.91666666666708));
#9629=CARTESIAN_POINT('Origin',(10.5821428571428,9.28499999999999,4.91666666666708));
#9630=CARTESIAN_POINT('',(8.11998563175183,8.85166202859936,5.16666666666708));
#9631=CARTESIAN_POINT('Origin',(8.11998563175183,8.85166202859936,4.91666666666708));
#9632=CARTESIAN_POINT('Origin',(8.11998563175183,8.85166202859936,4.91666666666708));
#9633=CARTESIAN_POINT('Origin',(8.72269783645574,5.42714742895184,4.91666666666708));
#9634=CARTESIAN_POINT('',(8.72269783645574,5.42714742895184,5.16666666666708));
#9635=CARTESIAN_POINT('',(8.72269783645574,5.42714742895184,5.16666666666708));
#9636=CARTESIAN_POINT('',(8.4764821139167,5.38381363181174,4.91666666666708));
#9637=CARTESIAN_POINT('Origin',(8.72269783645574,5.42714742895184,4.91666666666708));
#9638=CARTESIAN_POINT('Origin',(8.72269783645574,5.42714742895184,4.91666666666708));
#9639=CARTESIAN_POINT('Origin',(6.29571428571428,4.99999999999951,4.91666666666708));
#9640=CARTESIAN_POINT('',(6.29571428571428,2.7857142857143,4.91666666666708));
#9641=CARTESIAN_POINT('Origin',(6.29571428571428,4.99999999999951,4.91666666666708));
#9642=CARTESIAN_POINT('',(6.29571428571428,2.5357142857143,5.16666666666708));
#9643=CARTESIAN_POINT('Origin',(6.29571428571428,2.5357142857143,4.91666666666708));
#9644=CARTESIAN_POINT('Origin',(6.29571428571428,2.5357142857143,4.91666666666708));
#9645=CARTESIAN_POINT('Origin',(0.,2.5357142857143,4.91666666666708));
#9646=CARTESIAN_POINT('',(0.,2.5357142857143,5.16666666666708));
#9647=CARTESIAN_POINT('Origin',(21.8671428571428,2.53571428571556,4.91666666666708));
#9648=CARTESIAN_POINT('',(0.,0.,0.));
#9649=CARTESIAN_POINT('Origin',(-3.70383465954968,11.7492639456585,-4.91666666666708));
#9650=CARTESIAN_POINT('',(-3.70383465954968,11.7492639456585,-4.66666666666708));
#9651=CARTESIAN_POINT('Origin',(-3.70383465954968,11.7492639456585,-4.91666666666708));
#9652=CARTESIAN_POINT('Origin',(14.8602451300172,11.7500677262667,-4.91666666666708));
#9653=CARTESIAN_POINT('',(21.8602451300172,11.7500677262667,-4.66666666666708));
#9654=CARTESIAN_POINT('Origin',(21.8602451300172,11.7500677262667,-4.91666666666708));
#9655=CARTESIAN_POINT('',(14.8602451300172,11.7500677262667,-4.66666666666708));
#9656=CARTESIAN_POINT('',(14.8602451300172,11.7500677262667,-4.66666666666708));
#9657=CARTESIAN_POINT('',(14.8602451300172,11.5000677262667,-4.91666666666708));
#9658=CARTESIAN_POINT('Origin',(14.8602451300172,11.7500677262667,-4.91666666666708));
#9659=CARTESIAN_POINT('Origin',(14.8602451300172,11.7500677262667,-4.91666666666708));
#9660=CARTESIAN_POINT('Origin',(14.8602451300172,9.29085358367801,-4.91666666666708));
#9661=CARTESIAN_POINT('',(12.6846273580024,8.90703795358034,-4.91666666666708));
#9662=CARTESIAN_POINT('Origin',(14.8602451300172,9.29085358367801,-4.91666666666708));
#9663=CARTESIAN_POINT('',(12.4384292043158,8.8636044512889,-4.66666666666708));
#9664=CARTESIAN_POINT('Origin',(12.4384292043158,8.8636044512889,-4.91666666666708));
#9665=CARTESIAN_POINT('Origin',(12.4384292043158,8.8636044512889,-4.91666666666708));
#9666=CARTESIAN_POINT('Origin',(13.0434101082948,5.43433502291445,-4.91666666666708));
#9667=CARTESIAN_POINT('',(13.0434101082948,5.43433502291445,-4.66666666666708));
#9668=CARTESIAN_POINT('',(13.0434101082948,5.43433502291445,-4.66666666666708));
#9669=CARTESIAN_POINT('',(12.7972119546081,5.390901520623,-4.91666666666708));
#9670=CARTESIAN_POINT('Origin',(13.0434101082948,5.43433502291445,-4.91666666666708));
#9671=CARTESIAN_POINT('Origin',(13.0434101082948,5.43433502291445,-4.91666666666708));
#9672=CARTESIAN_POINT('Origin',(10.5814285714286,5.,-4.91666666666708));
#9673=CARTESIAN_POINT('',(8.36561636563889,5.39073810752666,-4.91666666666708));
#9674=CARTESIAN_POINT('Origin',(10.5814285714286,5.,-4.91666666666708));
#9675=CARTESIAN_POINT('',(8.11941500944004,5.4341534528074,-4.66666666666708));
#9676=CARTESIAN_POINT('Origin',(8.11941500944004,5.4341534528074,-4.91666666666708));
#9677=CARTESIAN_POINT('Origin',(8.11941500944004,5.4341534528074,-4.91666666666708));
#9678=CARTESIAN_POINT('Origin',(8.7230072801247,8.85702697074838,-4.91666666666708));
#9679=CARTESIAN_POINT('',(8.7230072801247,8.85702697074838,-4.66666666666708));
#9680=CARTESIAN_POINT('',(8.7230072801247,8.85702697074838,-4.66666666666708));
#9681=CARTESIAN_POINT('',(8.47680592392585,8.90044231602912,-4.91666666666708));
#9682=CARTESIAN_POINT('Origin',(8.7230072801247,8.85702697074838,-4.91666666666708));
#9683=CARTESIAN_POINT('Origin',(8.7230072801247,8.85702697074838,-4.91666666666708));
#9684=CARTESIAN_POINT('Origin',(6.29616534045032,9.28497823137281,-4.91666666666708));
#9685=CARTESIAN_POINT('',(6.29616534045032,11.4992639456585,-4.91666666666708));
#9686=CARTESIAN_POINT('Origin',(6.29616534045032,9.28497823137281,-4.91666666666708));
#9687=CARTESIAN_POINT('',(6.29616534045032,11.7492639456585,-4.66666666666708));
#9688=CARTESIAN_POINT('Origin',(6.29616534045032,11.7492639456585,-4.91666666666708));
#9689=CARTESIAN_POINT('Origin',(6.29616534045032,11.7492639456585,-4.91666666666708));
#9690=CARTESIAN_POINT('Origin',(0.,11.7492639456585,-4.91666666666708));
#9691=CARTESIAN_POINT('',(0.,11.7492639456585,-4.66666666666708));
#9692=CARTESIAN_POINT('Origin',(21.8602451300172,11.7500677262667,-4.91666666666708));
#9693=CARTESIAN_POINT('',(0.,0.,0.));
#9694=CARTESIAN_POINT('Origin',(7.58,6.4743574256516,4.26515003347655E-24));
#9695=CARTESIAN_POINT('',(6.66348486100883,15.5649508545147,4.16666666666667));
#9696=CARTESIAN_POINT('',(7.58,16.2210947714966,4.16666666666667));
#9697=CARTESIAN_POINT('Ctrl Pts',(6.66348486100883,15.5649508545147,4.16666666666667));
#9698=CARTESIAN_POINT('Ctrl Pts',(6.71207398281302,15.6874199377278,4.16666666666667));
#9699=CARTESIAN_POINT('Ctrl Pts',(6.79563941069005,15.8205899244587,4.16666666666667));
#9700=CARTESIAN_POINT('Ctrl Pts',(6.97218279147377,16.0066013372394,4.16666666666667));
#9701=CARTESIAN_POINT('Ctrl Pts',(7.09458237808765,16.0937211983122,4.16666666666667));
#9702=CARTESIAN_POINT('Ctrl Pts',(7.31936354421638,16.1913812336516,4.16666666666667));
#9703=CARTESIAN_POINT('Ctrl Pts',(7.46011884256976,16.2210947714966,4.16666666666667));
#9704=CARTESIAN_POINT('Ctrl Pts',(7.58,16.2210947714966,4.16666666666667));
#9705=CARTESIAN_POINT('',(7.58,16.2210947714966,-4.16666666666667));
#9706=CARTESIAN_POINT('Origin',(7.58,6.4743574256516,4.26515003347655E-24));
#9707=CARTESIAN_POINT('',(6.66348486100883,15.5649508545147,-4.16666666666667));
#9708=CARTESIAN_POINT('Ctrl Pts',(7.58,16.2210947714966,-4.16666666666667));
#9709=CARTESIAN_POINT('Ctrl Pts',(7.46011884256976,16.2210947714966,-4.16666666666667));
#9710=CARTESIAN_POINT('Ctrl Pts',(7.31936354421638,16.1913812336516,-4.16666666666667));
#9711=CARTESIAN_POINT('Ctrl Pts',(7.09458237808765,16.0937211983122,-4.16666666666667));
#9712=CARTESIAN_POINT('Ctrl Pts',(6.97218279147377,16.0066013372394,-4.16666666666667));
#9713=CARTESIAN_POINT('Ctrl Pts',(6.79563941069005,15.8205899244587,-4.16666666666667));
#9714=CARTESIAN_POINT('Ctrl Pts',(6.71207398281302,15.6874199377278,-4.16666666666667));
#9715=CARTESIAN_POINT('Ctrl Pts',(6.66348486100883,15.5649508545147,-4.16666666666667));
#9716=CARTESIAN_POINT('',(6.58,15.5649508545147,-3.08562977544473));
#9717=CARTESIAN_POINT('Ctrl Pts',(6.66348486100883,15.5649508545147,-4.16666666666667));
#9718=CARTESIAN_POINT('Ctrl Pts',(6.59935640350155,15.5649508545147,-3.81401845379319));
#9719=CARTESIAN_POINT('Ctrl Pts',(6.58,15.5649508545147,-3.42334747931411));
#9720=CARTESIAN_POINT('Ctrl Pts',(6.58,15.5649508545147,-3.08562977544473));
#9721=CARTESIAN_POINT('',(6.58,15.5649508545147,3.08562977544473));
#9722=CARTESIAN_POINT('Origin',(6.58,6.4743574256516,4.26515003347655E-24));
#9723=CARTESIAN_POINT('Ctrl Pts',(6.58,15.5649508545147,3.08562977544473));
#9724=CARTESIAN_POINT('Ctrl Pts',(6.58,15.5649508545147,3.42334747931411));
#9725=CARTESIAN_POINT('Ctrl Pts',(6.59935640350155,15.5649508545147,3.81401845379319));
#9726=CARTESIAN_POINT('Ctrl Pts',(6.66348486100883,15.5649508545147,4.16666666666667));
#9727=CARTESIAN_POINT('Origin',(6.58,16.3196541400831,5.55111512312578E-16));
#9728=CARTESIAN_POINT('',(6.58,15.5649508545147,-4.16666666666667));
#9729=CARTESIAN_POINT('Origin',(6.58,15.5649508545147,4.16666666666667));
#9730=CARTESIAN_POINT('',(21.4242259560379,15.5649508545147,-4.16666666666667));
#9731=CARTESIAN_POINT('',(8.94605648900948,15.5649508545147,-4.16666666666667));
#9732=CARTESIAN_POINT('',(21.4242259560382,15.5649508545146,4.16666666666667));
#9733=CARTESIAN_POINT('Ctrl Pts',(21.4242259560379,15.5649508545147,-4.16666666666667));
#9734=CARTESIAN_POINT('Ctrl Pts',(21.4669649649502,15.5649508545147,-4.08973645062466));
#9735=CARTESIAN_POINT('Ctrl Pts',(21.5062182503284,15.5649508545147,-4.01299810126895));
#9736=CARTESIAN_POINT('Ctrl Pts',(22.0905144334501,15.5649508545147,-2.79134741489287));
#9737=CARTESIAN_POINT('Ctrl Pts',(22.2277103961355,15.5649508545147,-1.27160344551916));
#9738=CARTESIAN_POINT('Ctrl Pts',(22.2277103961355,15.5649508545147,4.26515003347655E-24));
#9739=CARTESIAN_POINT('Ctrl Pts',(22.2277103961355,15.5649508545147,1.27160344551916));
#9740=CARTESIAN_POINT('Ctrl Pts',(22.0905144334501,15.5649508545147,2.79134741489287));
#9741=CARTESIAN_POINT('Ctrl Pts',(21.5062182503284,15.5649508545147,4.01299810126895));
#9742=CARTESIAN_POINT('Ctrl Pts',(21.4669649649502,15.5649508545147,4.08973645062452));
#9743=CARTESIAN_POINT('Ctrl Pts',(21.424225956038,15.5649508545147,4.16666666666653));
#9744=CARTESIAN_POINT('',(6.58,15.5649508545147,4.16666666666667));
#9745=CARTESIAN_POINT('Origin',(11.312112978019,7.78247542726429,4.16666666666667));
#9746=CARTESIAN_POINT('',(19.6242259560379,16.2210947714966,4.16666666666667));
#9747=CARTESIAN_POINT('Ctrl Pts',(19.6242259560379,16.2210947714966,4.16666666666667));
#9748=CARTESIAN_POINT('Ctrl Pts',(19.9816567209668,16.2210947714966,4.16666666666667));
#9749=CARTESIAN_POINT('Ctrl Pts',(20.4014476629755,16.1330874565687,4.16666666666667));
#9750=CARTESIAN_POINT('Ctrl Pts',(20.9638829368039,15.8897675822955,4.16666666666667));
#9751=CARTESIAN_POINT('Ctrl Pts',(21.2119310923842,15.7401001987091,4.16666666666667));
#9752=CARTESIAN_POINT('Ctrl Pts',(21.4242259560382,15.5649508545144,4.16666666666667));
#9753=CARTESIAN_POINT('',(6.58,16.2210947714966,4.16666666666667));
#9754=CARTESIAN_POINT('Origin',(19.6242259560379,6.4743574256516,4.26515003347655E-24));
#9755=CARTESIAN_POINT('',(19.6242259560379,16.2210947714966,-4.16666666666667));
#9756=CARTESIAN_POINT('Ctrl Pts',(21.4242259560362,15.5649508545161,-4.16666666666667));
#9757=CARTESIAN_POINT('Ctrl Pts',(21.2119310923826,15.7401001987101,-4.16666666666667));
#9758=CARTESIAN_POINT('Ctrl Pts',(20.9638829368031,15.8897675822958,-4.16666666666667));
#9759=CARTESIAN_POINT('Ctrl Pts',(20.4014476629755,16.1330874565687,-4.16666666666667));
#9760=CARTESIAN_POINT('Ctrl Pts',(19.9816567209668,16.2210947714966,-4.16666666666667));
#9761=CARTESIAN_POINT('Ctrl Pts',(19.6242259560379,16.2210947714966,-4.16666666666667));
#9762=CARTESIAN_POINT('Origin',(19.6242259560379,6.4743574256516,4.26515003347655E-24));
#9763=CARTESIAN_POINT('Origin',(6.58,6.4743574256516,4.26515003347655E-24));
#9764=CARTESIAN_POINT('',(6.58,16.2210947714966,-4.16666666666667));
#9765=CARTESIAN_POINT('Origin',(11.312112978019,7.78247542726429,-4.16666666666667));
#9766=CARTESIAN_POINT('',(11.45901113332,5.47942553860285,-6.29449946085666));
#9767=CARTESIAN_POINT('',(7.17374790234174,9.76440376997566,-6.29449946085666));
#9768=CARTESIAN_POINT('',(7.17329684760571,4.52057446139715,6.29449946085666));
#9769=CARTESIAN_POINT('',(15.7438648735056,9.76520755058384,-6.29449946085666));
#9770=CARTESIAN_POINT('',(11.4597254190343,8.80557446139714,6.29449946085666));
#9771=CARTESIAN_POINT('',(15.7447254190343,4.52057446139714,6.29449946085666));
#9772=CARTESIAN_POINT('',(14.8662823116142,9.28578201198098,-6.16666666666749));
#9773=CARTESIAN_POINT('',(6.29616534045032,9.28497823137281,-6.16666666666749));
#9774=CARTESIAN_POINT('',(10.5814285714286,4.99999999999999,-6.1666666666675));
#9775=CARTESIAN_POINT('',(14.8671428571428,4.99999999999999,6.16666666666749));
#9776=CARTESIAN_POINT('',(10.5821428571428,9.28499999999999,6.1666666666675));
#9777=CARTESIAN_POINT('',(6.29571428571428,5.,6.16666666666749));
#9778=CARTESIAN_POINT('',(0.,0.,0.));
#9779=CARTESIAN_POINT('',(0.,0.,0.));
#9780=CARTESIAN_POINT('',(0.,0.,0.));
#9781=CARTESIAN_POINT('',(0.,0.,0.));
#9782=CARTESIAN_POINT('',(0.,0.,0.));
#9783=CARTESIAN_POINT('',(0.,0.,0.));
#9784=CARTESIAN_POINT('Origin',(0.,0.,0.));
#9785=UNCERTAINTY_MEASURE_WITH_UNIT(LENGTH_MEASURE(0.01),#9807,
'DISTANCE_ACCURACY_VALUE',
'Maximum model space distance between geometric entities at asserted c
onnectivities');
#9786=UNCERTAINTY_MEASURE_WITH_UNIT(LENGTH_MEASURE(0.01),#9807,
'DISTANCE_ACCURACY_VALUE',
'Maximum model space distance between geometric entities at asserted c
onnectivities');
#9787=UNCERTAINTY_MEASURE_WITH_UNIT(LENGTH_MEASURE(0.01),#9807,
'DISTANCE_ACCURACY_VALUE',
'Maximum model space distance between geometric entities at asserted c
onnectivities');
#9788=UNCERTAINTY_MEASURE_WITH_UNIT(LENGTH_MEASURE(0.01),#9807,
'DISTANCE_ACCURACY_VALUE',
'Maximum model space distance between geometric entities at asserted c
onnectivities');
#9789=UNCERTAINTY_MEASURE_WITH_UNIT(LENGTH_MEASURE(0.01),#9807,
'DISTANCE_ACCURACY_VALUE',
'Maximum model space distance between geometric entities at asserted c
onnectivities');
#9790=UNCERTAINTY_MEASURE_WITH_UNIT(LENGTH_MEASURE(0.01),#9807,
'DISTANCE_ACCURACY_VALUE',
'Maximum model space distance between geometric entities at asserted c
onnectivities');
#9791=UNCERTAINTY_MEASURE_WITH_UNIT(LENGTH_MEASURE(0.01),#9807,
'DISTANCE_ACCURACY_VALUE',
'Maximum model space distance between geometric entities at asserted c
onnectivities');
#9792=UNCERTAINTY_MEASURE_WITH_UNIT(LENGTH_MEASURE(0.01),#9807,
'DISTANCE_ACCURACY_VALUE',
'Maximum model space distance between geometric entities at asserted c
onnectivities');
#9793=UNCERTAINTY_MEASURE_WITH_UNIT(LENGTH_MEASURE(0.01),#9807,
'DISTANCE_ACCURACY_VALUE',
'Maximum model space distance between geometric entities at asserted c
onnectivities');
#9794=UNCERTAINTY_MEASURE_WITH_UNIT(LENGTH_MEASURE(0.01),#9807,
'DISTANCE_ACCURACY_VALUE',
'Maximum model space distance between geometric entities at asserted c
onnectivities');
#9795=UNCERTAINTY_MEASURE_WITH_UNIT(LENGTH_MEASURE(0.01),#9807,
'DISTANCE_ACCURACY_VALUE',
'Maximum model space distance between geometric entities at asserted c
onnectivities');
#9796=(
GEOMETRIC_REPRESENTATION_CONTEXT(3)
GLOBAL_UNCERTAINTY_ASSIGNED_CONTEXT((#9785))
GLOBAL_UNIT_ASSIGNED_CONTEXT((#9807,#9809,#9810))
REPRESENTATION_CONTEXT('','3D')
);
#9797=(
GEOMETRIC_REPRESENTATION_CONTEXT(3)
GLOBAL_UNCERTAINTY_ASSIGNED_CONTEXT((#9786))
GLOBAL_UNIT_ASSIGNED_CONTEXT((#9807,#9809,#9810))
REPRESENTATION_CONTEXT('','3D')
);
#9798=(
GEOMETRIC_REPRESENTATION_CONTEXT(3)
GLOBAL_UNCERTAINTY_ASSIGNED_CONTEXT((#9787))
GLOBAL_UNIT_ASSIGNED_CONTEXT((#9807,#9809,#9810))
REPRESENTATION_CONTEXT('','3D')
);
#9799=(
GEOMETRIC_REPRESENTATION_CONTEXT(3)
GLOBAL_UNCERTAINTY_ASSIGNED_CONTEXT((#9788))
GLOBAL_UNIT_ASSIGNED_CONTEXT((#9807,#9809,#9810))
REPRESENTATION_CONTEXT('','3D')
);
#9800=(
GEOMETRIC_REPRESENTATION_CONTEXT(3)
GLOBAL_UNCERTAINTY_ASSIGNED_CONTEXT((#9789))
GLOBAL_UNIT_ASSIGNED_CONTEXT((#9807,#9809,#9810))
REPRESENTATION_CONTEXT('','3D')
);
#9801=(
GEOMETRIC_REPRESENTATION_CONTEXT(3)
GLOBAL_UNCERTAINTY_ASSIGNED_CONTEXT((#9790))
GLOBAL_UNIT_ASSIGNED_CONTEXT((#9807,#9809,#9810))
REPRESENTATION_CONTEXT('','3D')
);
#9802=(
GEOMETRIC_REPRESENTATION_CONTEXT(3)
GLOBAL_UNCERTAINTY_ASSIGNED_CONTEXT((#9791))
GLOBAL_UNIT_ASSIGNED_CONTEXT((#9807,#9809,#9810))
REPRESENTATION_CONTEXT('','3D')
);
#9803=(
GEOMETRIC_REPRESENTATION_CONTEXT(3)
GLOBAL_UNCERTAINTY_ASSIGNED_CONTEXT((#9792))
GLOBAL_UNIT_ASSIGNED_CONTEXT((#9807,#9809,#9810))
REPRESENTATION_CONTEXT('','3D')
);
#9804=(
GEOMETRIC_REPRESENTATION_CONTEXT(3)
GLOBAL_UNCERTAINTY_ASSIGNED_CONTEXT((#9793))
GLOBAL_UNIT_ASSIGNED_CONTEXT((#9807,#9809,#9810))
REPRESENTATION_CONTEXT('','3D')
);
#9805=(
GEOMETRIC_REPRESENTATION_CONTEXT(3)
GLOBAL_UNCERTAINTY_ASSIGNED_CONTEXT((#9794))
GLOBAL_UNIT_ASSIGNED_CONTEXT((#9807,#9809,#9810))
REPRESENTATION_CONTEXT('','3D')
);
#9806=(
GEOMETRIC_REPRESENTATION_CONTEXT(3)
GLOBAL_UNCERTAINTY_ASSIGNED_CONTEXT((#9795))
GLOBAL_UNIT_ASSIGNED_CONTEXT((#9807,#9809,#9810))
REPRESENTATION_CONTEXT('','3D')
);
#9807=(
LENGTH_UNIT()
NAMED_UNIT(*)
SI_UNIT(.MILLI.,.METRE.)
);
#9808=(
LENGTH_UNIT()
NAMED_UNIT(*)
SI_UNIT($,.METRE.)
);
#9809=(
NAMED_UNIT(*)
PLANE_ANGLE_UNIT()
SI_UNIT($,.RADIAN.)
);
#9810=(
NAMED_UNIT(*)
SI_UNIT($,.STERADIAN.)
SOLID_ANGLE_UNIT()
);
#9811=SHAPE_DEFINITION_REPRESENTATION(#9821,#9849);
#9812=SHAPE_DEFINITION_REPRESENTATION(#9822,#9850);
#9813=SHAPE_DEFINITION_REPRESENTATION(#9823,#9851);
#9814=SHAPE_DEFINITION_REPRESENTATION(#9824,#9852);
#9815=SHAPE_DEFINITION_REPRESENTATION(#9825,#9853);
#9816=SHAPE_DEFINITION_REPRESENTATION(#9826,#9854);
#9817=SHAPE_DEFINITION_REPRESENTATION(#9827,#9855);
#9818=SHAPE_DEFINITION_REPRESENTATION(#9828,#9856);
#9819=SHAPE_DEFINITION_REPRESENTATION(#9829,#9857);
#9820=SHAPE_DEFINITION_REPRESENTATION(#9830,#9858);
#9821=PRODUCT_DEFINITION_SHAPE('',$,#9860);
#9822=PRODUCT_DEFINITION_SHAPE('',$,#9861);
#9823=PRODUCT_DEFINITION_SHAPE('',$,#9862);
#9824=PRODUCT_DEFINITION_SHAPE('',$,#9863);
#9825=PRODUCT_DEFINITION_SHAPE('',$,#9864);
#9826=PRODUCT_DEFINITION_SHAPE('',$,#9865);
#9827=PRODUCT_DEFINITION_SHAPE('',$,#9866);
#9828=PRODUCT_DEFINITION_SHAPE('',$,#9867);
#9829=PRODUCT_DEFINITION_SHAPE('',$,#9868);
#9830=PRODUCT_DEFINITION_SHAPE('',$,#9869);
#9831=PRODUCT_DEFINITION_SHAPE($,$,#68);
#9832=PRODUCT_DEFINITION_SHAPE($,$,#69);
#9833=PRODUCT_DEFINITION_SHAPE($,$,#70);
#9834=PRODUCT_DEFINITION_SHAPE($,$,#71);
#9835=PRODUCT_DEFINITION_SHAPE($,$,#72);
#9836=PRODUCT_DEFINITION_SHAPE($,$,#73);
#9837=PRODUCT_DEFINITION_SHAPE($,$,#74);
#9838=PRODUCT_DEFINITION_SHAPE($,$,#75);
#9839=PRODUCT_DEFINITION_SHAPE($,$,#76);
#9840=PRODUCT_DEFINITION_SHAPE($,$,#77);
#9841=PRODUCT_DEFINITION_SHAPE($,$,#78);
#9842=PRODUCT_DEFINITION_SHAPE($,$,#79);
#9843=PRODUCT_DEFINITION_SHAPE($,$,#80);
#9844=PRODUCT_DEFINITION_SHAPE($,$,#81);
#9845=PRODUCT_DEFINITION_SHAPE($,$,#82);
#9846=PRODUCT_DEFINITION_SHAPE($,$,#83);
#9847=PRODUCT_DEFINITION_SHAPE($,$,#84);
#9848=PRODUCT_DEFINITION_SHAPE($,$,#85);
#9849=SHAPE_REPRESENTATION('',(#5304,#5859,#5860,#5861,#5862,#5863,#5864,
#5865,#5866,#5867,#5868,#5869,#5870,#5871,#5872,#5873,#5874,#5875,#5876),
#9796);
#9850=SHAPE_REPRESENTATION('',(#5305),#9797);
#9851=SHAPE_REPRESENTATION('',(#5326),#9798);
#9852=SHAPE_REPRESENTATION('',(#5343),#9799);
#9853=SHAPE_REPRESENTATION('',(#5360),#9800);
#9854=SHAPE_REPRESENTATION('',(#5583),#9801);
#9855=SHAPE_REPRESENTATION('',(#5692),#9802);
#9856=SHAPE_REPRESENTATION('',(#5794),#9803);
#9857=SHAPE_REPRESENTATION('',(#5821),#9804);
#9858=SHAPE_REPRESENTATION('',(#5848),#9805);
#9859=PRODUCT_DEFINITION_CONTEXT('part definition',#9891,'design');
#9860=PRODUCT_DEFINITION('Phalanx - Distal','Phalanx - Distal v2',#9870,
#9859);
#9861=PRODUCT_DEFINITION('small bearing (ID is off)',
'small bearing (ID is off) v1',#9871,#9859);
#9862=PRODUCT_DEFINITION('M2_10mm','M2_10mm v2',#9872,#9859);
#9863=PRODUCT_DEFINITION('M2_5mm','M2_5mm v2',#9873,#9859);
#9864=PRODUCT_DEFINITION('Middle Gear','Middle Gear',#9874,#9859);
#9865=PRODUCT_DEFINITION('Pyramid Side Cover','Pyramid Side Cover',#9875,
#9859);
#9866=PRODUCT_DEFINITION('V Side Cover','V Side Cover',#9876,#9859);
#9867=PRODUCT_DEFINITION('Cable- Pyr Side','Cable- Pyr Side',#9877,#9859);
#9868=PRODUCT_DEFINITION('Cable- V Side','Cable- V Side',#9878,#9859);
#9869=PRODUCT_DEFINITION('Pad','Pad',#9879,#9859);
#9870=PRODUCT_DEFINITION_FORMATION('',$,#9893);
#9871=PRODUCT_DEFINITION_FORMATION('',$,#9894);
#9872=PRODUCT_DEFINITION_FORMATION('',$,#9895);
#9873=PRODUCT_DEFINITION_FORMATION('',$,#9896);
#9874=PRODUCT_DEFINITION_FORMATION('',$,#9897);
#9875=PRODUCT_DEFINITION_FORMATION('',$,#9898);
#9876=PRODUCT_DEFINITION_FORMATION('',$,#9899);
#9877=PRODUCT_DEFINITION_FORMATION('',$,#9900);
#9878=PRODUCT_DEFINITION_FORMATION('',$,#9901);
#9879=PRODUCT_DEFINITION_FORMATION('',$,#9902);
#9880=PRODUCT_RELATED_PRODUCT_CATEGORY('Phalanx - Distal v2',
'Phalanx - Distal v2',(#9893));
#9881=PRODUCT_RELATED_PRODUCT_CATEGORY('small bearing (ID is off) v1',
'small bearing (ID is off) v1',(#9894));
#9882=PRODUCT_RELATED_PRODUCT_CATEGORY('M2_10mm v2','M2_10mm v2',(#9895));
#9883=PRODUCT_RELATED_PRODUCT_CATEGORY('M2_5mm v2','M2_5mm v2',(#9896));
#9884=PRODUCT_RELATED_PRODUCT_CATEGORY('Middle Gear','Middle Gear',(#9897));
#9885=PRODUCT_RELATED_PRODUCT_CATEGORY('Pyramid Side Cover',
'Pyramid Side Cover',(#9898));
#9886=PRODUCT_RELATED_PRODUCT_CATEGORY('V Side Cover','V Side Cover',(#9899));
#9887=PRODUCT_RELATED_PRODUCT_CATEGORY('Cable- Pyr Side',
'Cable- Pyr Side',(#9900));
#9888=PRODUCT_RELATED_PRODUCT_CATEGORY('Cable- V Side','Cable- V Side',
(#9901));
#9889=PRODUCT_RELATED_PRODUCT_CATEGORY('Pad','Pad',(#9902));
#9890=APPLICATION_PROTOCOL_DEFINITION('international standard',
'automotive_design',2009,#9891);
#9891=APPLICATION_CONTEXT(
'Core Data for Automotive Mechanical Design Process');
#9892=PRODUCT_CONTEXT('part definition',#9891,'mechanical');
#9893=PRODUCT('Phalanx - Distal','Phalanx - Distal v2',$,(#9892));
#9894=PRODUCT('small bearing (ID is off)',
'small bearing (ID is off) v1',$,(#9892));
#9895=PRODUCT('M2_10mm','M2_10mm v2',$,(#9892));
#9896=PRODUCT('M2_5mm','M2_5mm v2',$,(#9892));
#9897=PRODUCT('Middle Gear','Middle Gear',$,(#9892));
#9898=PRODUCT('Pyramid Side Cover','Pyramid Side Cover',$,(#9892));
#9899=PRODUCT('V Side Cover','V Side Cover',$,(#9892));
#9900=PRODUCT('Cable- Pyr Side','Cable- Pyr Side',$,(#9892));
#9901=PRODUCT('Cable- V Side','Cable- V Side',$,(#9892));
#9902=PRODUCT('Pad','Pad',$,(#9892));
#9903=PRESENTATION_STYLE_ASSIGNMENT((#9911));
#9904=PRESENTATION_STYLE_ASSIGNMENT((#9912));
#9905=PRESENTATION_STYLE_ASSIGNMENT((#9913));
#9906=PRESENTATION_STYLE_ASSIGNMENT((#9914));
#9907=PRESENTATION_STYLE_ASSIGNMENT((#9915));
#9908=PRESENTATION_STYLE_ASSIGNMENT((#9916));
#9909=PRESENTATION_STYLE_ASSIGNMENT((#9917));
#9910=PRESENTATION_STYLE_ASSIGNMENT((NULL_STYLE(.NULL.)));
#9911=SURFACE_STYLE_USAGE(.BOTH.,#9918);
#9912=SURFACE_STYLE_USAGE(.BOTH.,#9919);
#9913=SURFACE_STYLE_USAGE(.BOTH.,#9920);
#9914=SURFACE_STYLE_USAGE(.BOTH.,#9921);
#9915=SURFACE_STYLE_USAGE(.BOTH.,#9922);
#9916=SURFACE_STYLE_USAGE(.BOTH.,#9923);
#9917=SURFACE_STYLE_USAGE(.BOTH.,#9924);
#9918=SURFACE_SIDE_STYLE('',(#9925));
#9919=SURFACE_SIDE_STYLE('',(#9926));
#9920=SURFACE_SIDE_STYLE('',(#9927));
#9921=SURFACE_SIDE_STYLE('',(#9928));
#9922=SURFACE_SIDE_STYLE('',(#9929));
#9923=SURFACE_SIDE_STYLE('',(#9930));
#9924=SURFACE_SIDE_STYLE('',(#9931));
#9925=SURFACE_STYLE_FILL_AREA(#9932);
#9926=SURFACE_STYLE_FILL_AREA(#9933);
#9927=SURFACE_STYLE_FILL_AREA(#9934);
#9928=SURFACE_STYLE_FILL_AREA(#9935);
#9929=SURFACE_STYLE_FILL_AREA(#9936);
#9930=SURFACE_STYLE_FILL_AREA(#9937);
#9931=SURFACE_STYLE_FILL_AREA(#9938);
#9932=FILL_AREA_STYLE('Steel - Satin',(#9939));
#9933=FILL_AREA_STYLE('Rubber - Soft',(#9940));
#9934=FILL_AREA_STYLE('Opaque(210,210,255)',(#9941));
#9935=FILL_AREA_STYLE('Opaque(57,57,57)',(#9942));
#9936=FILL_AREA_STYLE('ABS (White)',(#9943));
#9937=FILL_AREA_STYLE('Powder Coat (Blue)',(#9944));
#9938=FILL_AREA_STYLE('Powder Coat (Red)',(#9945));
#9939=FILL_AREA_STYLE_COLOUR('Steel - Satin',#9946);
#9940=FILL_AREA_STYLE_COLOUR('Rubber - Soft',#9947);
#9941=FILL_AREA_STYLE_COLOUR('Opaque(210,210,255)',#9948);
#9942=FILL_AREA_STYLE_COLOUR('Opaque(57,57,57)',#9949);
#9943=FILL_AREA_STYLE_COLOUR('ABS (White)',#9950);
#9944=FILL_AREA_STYLE_COLOUR('Powder Coat (Blue)',#9951);
#9945=FILL_AREA_STYLE_COLOUR('Powder Coat (Red)',#9952);
#9946=COLOUR_RGB('Steel - Satin',0.627450980392157,0.627450980392157,0.627450980392157);
#9947=COLOUR_RGB('Rubber - Soft',0.152941176470588,0.152941176470588,0.152941176470588);
#9948=COLOUR_RGB('Opaque(210,210,255)',0.823529411764706,0.823529411764706,
1.);
#9949=COLOUR_RGB('Opaque(57,57,57)',0.223529411764706,0.223529411764706,
0.223529411764706);
#9950=COLOUR_RGB('ABS (White)',0.964705882352941,0.964705882352941,0.952941176470588);
#9951=COLOUR_RGB('Powder Coat (Blue)',0.188235294117647,0.231372549019608,
0.588235294117647);
#9952=COLOUR_RGB('Powder Coat (Red)',0.768627450980392,0.207843137254902,
0.152941176470588);
ENDSEC;
END-ISO-10303-21;
