ISO-10303-21;
HEADER;
/* Generated by software containing ST-Developer
 * from STEP Tools, Inc. (www.steptools.com) 
 */

FILE_DESCRIPTION(
/* description */ (''),
/* implementation_level */ '2;1');

FILE_NAME(
/* name */ 'Phalanx - Intermediate.step',
/* time_stamp */ '2026-03-10T17:19:32Z',
/* author */ (''),
/* organization */ (''),
/* preprocessor_version */ 'ST-DEVELOPER v20.1',
/* originating_system */ 'Autodesk Translation Framework v14.21.0.0',
/* authorisation */ '');

FILE_SCHEMA (('AUTOMOTIVE_DESIGN { 1 0 10303 214 3 1 1 }'));
ENDSEC;

DATA;
#10=MECHANICAL_DESIGN_GEOMETRIC_PRESENTATION_REPRESENTATION('',(#297,#298,
#299,#300,#301,#302,#303,#304,#305,#306,#307,#308,#309,#310,#311,#312),
#15256);
#11=CONTEXT_DEPENDENT_OVER_RIDING_STYLED_ITEM('',(#15363),#15307,#312,(#46));
#12=MAPPED_ITEM('',#13,#9329);
#13=REPRESENTATION_MAP(#9329,#15302);
#14=ITEM_DEFINED_TRANSFORMATION($,$,#8508,#9310);
#15=ITEM_DEFINED_TRANSFORMATION($,$,#8508,#9311);
#16=ITEM_DEFINED_TRANSFORMATION($,$,#8508,#9312);
#17=ITEM_DEFINED_TRANSFORMATION($,$,#8508,#9313);
#18=ITEM_DEFINED_TRANSFORMATION($,$,#8508,#9314);
#19=ITEM_DEFINED_TRANSFORMATION($,$,#8508,#9315);
#20=ITEM_DEFINED_TRANSFORMATION($,$,#8529,#9316);
#21=ITEM_DEFINED_TRANSFORMATION($,$,#8529,#9317);
#22=ITEM_DEFINED_TRANSFORMATION($,$,#8546,#9318);
#23=ITEM_DEFINED_TRANSFORMATION($,$,#8546,#9319);
#24=ITEM_DEFINED_TRANSFORMATION($,$,#8546,#9320);
#25=ITEM_DEFINED_TRANSFORMATION($,$,#8546,#9321);
#26=ITEM_DEFINED_TRANSFORMATION($,$,#8563,#9322);
#27=ITEM_DEFINED_TRANSFORMATION($,$,#8912,#9323);
#28=ITEM_DEFINED_TRANSFORMATION($,$,#9121,#9324);
#29=ITEM_DEFINED_TRANSFORMATION($,$,#9200,#9325);
#30=ITEM_DEFINED_TRANSFORMATION($,$,#9227,#9326);
#31=ITEM_DEFINED_TRANSFORMATION($,$,#9254,#9327);
#32=ITEM_DEFINED_TRANSFORMATION($,$,#9297,#9328);
#33=(
REPRESENTATION_RELATIONSHIP($,$,#15303,#15302)
REPRESENTATION_RELATIONSHIP_WITH_TRANSFORMATION(#14)
SHAPE_REPRESENTATION_RELATIONSHIP()
);
#34=(
REPRESENTATION_RELATIONSHIP($,$,#15303,#15302)
REPRESENTATION_RELATIONSHIP_WITH_TRANSFORMATION(#15)
SHAPE_REPRESENTATION_RELATIONSHIP()
);
#35=(
REPRESENTATION_RELATIONSHIP($,$,#15303,#15302)
REPRESENTATION_RELATIONSHIP_WITH_TRANSFORMATION(#16)
SHAPE_REPRESENTATION_RELATIONSHIP()
);
#36=(
REPRESENTATION_RELATIONSHIP($,$,#15303,#15302)
REPRESENTATION_RELATIONSHIP_WITH_TRANSFORMATION(#17)
SHAPE_REPRESENTATION_RELATIONSHIP()
);
#37=(
REPRESENTATION_RELATIONSHIP($,$,#15303,#15302)
REPRESENTATION_RELATIONSHIP_WITH_TRANSFORMATION(#18)
SHAPE_REPRESENTATION_RELATIONSHIP()
);
#38=(
REPRESENTATION_RELATIONSHIP($,$,#15303,#15302)
REPRESENTATION_RELATIONSHIP_WITH_TRANSFORMATION(#19)
SHAPE_REPRESENTATION_RELATIONSHIP()
);
#39=(
REPRESENTATION_RELATIONSHIP($,$,#15304,#15302)
REPRESENTATION_RELATIONSHIP_WITH_TRANSFORMATION(#20)
SHAPE_REPRESENTATION_RELATIONSHIP()
);
#40=(
REPRESENTATION_RELATIONSHIP($,$,#15304,#15302)
REPRESENTATION_RELATIONSHIP_WITH_TRANSFORMATION(#21)
SHAPE_REPRESENTATION_RELATIONSHIP()
);
#41=(
REPRESENTATION_RELATIONSHIP($,$,#15305,#15302)
REPRESENTATION_RELATIONSHIP_WITH_TRANSFORMATION(#22)
SHAPE_REPRESENTATION_RELATIONSHIP()
);
#42=(
REPRESENTATION_RELATIONSHIP($,$,#15305,#15302)
REPRESENTATION_RELATIONSHIP_WITH_TRANSFORMATION(#23)
SHAPE_REPRESENTATION_RELATIONSHIP()
);
#43=(
REPRESENTATION_RELATIONSHIP($,$,#15305,#15302)
REPRESENTATION_RELATIONSHIP_WITH_TRANSFORMATION(#24)
SHAPE_REPRESENTATION_RELATIONSHIP()
);
#44=(
REPRESENTATION_RELATIONSHIP($,$,#15305,#15302)
REPRESENTATION_RELATIONSHIP_WITH_TRANSFORMATION(#25)
SHAPE_REPRESENTATION_RELATIONSHIP()
);
#45=(
REPRESENTATION_RELATIONSHIP($,$,#15306,#15302)
REPRESENTATION_RELATIONSHIP_WITH_TRANSFORMATION(#26)
SHAPE_REPRESENTATION_RELATIONSHIP()
);
#46=(
REPRESENTATION_RELATIONSHIP($,$,#15307,#15302)
REPRESENTATION_RELATIONSHIP_WITH_TRANSFORMATION(#27)
SHAPE_REPRESENTATION_RELATIONSHIP()
);
#47=(
REPRESENTATION_RELATIONSHIP($,$,#15308,#15302)
REPRESENTATION_RELATIONSHIP_WITH_TRANSFORMATION(#28)
SHAPE_REPRESENTATION_RELATIONSHIP()
);
#48=(
REPRESENTATION_RELATIONSHIP($,$,#15309,#15302)
REPRESENTATION_RELATIONSHIP_WITH_TRANSFORMATION(#29)
SHAPE_REPRESENTATION_RELATIONSHIP()
);
#49=(
REPRESENTATION_RELATIONSHIP($,$,#15310,#15302)
REPRESENTATION_RELATIONSHIP_WITH_TRANSFORMATION(#30)
SHAPE_REPRESENTATION_RELATIONSHIP()
);
#50=(
REPRESENTATION_RELATIONSHIP($,$,#15311,#15302)
REPRESENTATION_RELATIONSHIP_WITH_TRANSFORMATION(#31)
SHAPE_REPRESENTATION_RELATIONSHIP()
);
#51=(
REPRESENTATION_RELATIONSHIP($,$,#15312,#15302)
REPRESENTATION_RELATIONSHIP_WITH_TRANSFORMATION(#32)
SHAPE_REPRESENTATION_RELATIONSHIP()
);
#52=CONTEXT_DEPENDENT_SHAPE_REPRESENTATION(#33,#15283);
#53=CONTEXT_DEPENDENT_SHAPE_REPRESENTATION(#34,#15284);
#54=CONTEXT_DEPENDENT_SHAPE_REPRESENTATION(#35,#15285);
#55=CONTEXT_DEPENDENT_SHAPE_REPRESENTATION(#36,#15286);
#56=CONTEXT_DEPENDENT_SHAPE_REPRESENTATION(#37,#15287);
#57=CONTEXT_DEPENDENT_SHAPE_REPRESENTATION(#38,#15288);
#58=CONTEXT_DEPENDENT_SHAPE_REPRESENTATION(#39,#15289);
#59=CONTEXT_DEPENDENT_SHAPE_REPRESENTATION(#40,#15290);
#60=CONTEXT_DEPENDENT_SHAPE_REPRESENTATION(#41,#15291);
#61=CONTEXT_DEPENDENT_SHAPE_REPRESENTATION(#42,#15292);
#62=CONTEXT_DEPENDENT_SHAPE_REPRESENTATION(#43,#15293);
#63=CONTEXT_DEPENDENT_SHAPE_REPRESENTATION(#44,#15294);
#64=CONTEXT_DEPENDENT_SHAPE_REPRESENTATION(#45,#15295);
#65=CONTEXT_DEPENDENT_SHAPE_REPRESENTATION(#46,#15296);
#66=CONTEXT_DEPENDENT_SHAPE_REPRESENTATION(#47,#15297);
#67=CONTEXT_DEPENDENT_SHAPE_REPRESENTATION(#48,#15298);
#68=CONTEXT_DEPENDENT_SHAPE_REPRESENTATION(#49,#15299);
#69=CONTEXT_DEPENDENT_SHAPE_REPRESENTATION(#50,#15300);
#70=CONTEXT_DEPENDENT_SHAPE_REPRESENTATION(#51,#15301);
#71=NEXT_ASSEMBLY_USAGE_OCCURRENCE('small bearing (ID is off) v1:1',
'small bearing (ID is off) v1:1','small bearing (ID is off) v1:1',#15314,
#15315,'small bearing (ID is off) v1:1');
#72=NEXT_ASSEMBLY_USAGE_OCCURRENCE('small bearing (ID is off) v1:2',
'small bearing (ID is off) v1:2','small bearing (ID is off) v1:2',#15314,
#15315,'small bearing (ID is off) v1:2');
#73=NEXT_ASSEMBLY_USAGE_OCCURRENCE('small bearing (ID is off) v1:3',
'small bearing (ID is off) v1:3','small bearing (ID is off) v1:3',#15314,
#15315,'small bearing (ID is off) v1:3');
#74=NEXT_ASSEMBLY_USAGE_OCCURRENCE('small bearing (ID is off) v1:4',
'small bearing (ID is off) v1:4','small bearing (ID is off) v1:4',#15314,
#15315,'small bearing (ID is off) v1:4');
#75=NEXT_ASSEMBLY_USAGE_OCCURRENCE('small bearing (ID is off) v1:5',
'small bearing (ID is off) v1:5','small bearing (ID is off) v1:5',#15314,
#15315,'small bearing (ID is off) v1:5');
#76=NEXT_ASSEMBLY_USAGE_OCCURRENCE('small bearing (ID is off) v1:6',
'small bearing (ID is off) v1:6','small bearing (ID is off) v1:6',#15314,
#15315,'small bearing (ID is off) v1:6');
#77=NEXT_ASSEMBLY_USAGE_OCCURRENCE('M2_10mm v2:1','M2_10mm v2:1',
'M2_10mm v2:1',#15314,#15316,'M2_10mm v2:1');
#78=NEXT_ASSEMBLY_USAGE_OCCURRENCE('M2_10mm v2:2','M2_10mm v2:2',
'M2_10mm v2:2',#15314,#15316,'M2_10mm v2:2');
#79=NEXT_ASSEMBLY_USAGE_OCCURRENCE('M2_5mm v2:1','M2_5mm v2:1',
'M2_5mm v2:1',#15314,#15317,'M2_5mm v2:1');
#80=NEXT_ASSEMBLY_USAGE_OCCURRENCE('M2_5mm v2:2','M2_5mm v2:2',
'M2_5mm v2:2',#15314,#15317,'M2_5mm v2:2');
#81=NEXT_ASSEMBLY_USAGE_OCCURRENCE('M2_5mm v2:3','M2_5mm v2:3',
'M2_5mm v2:3',#15314,#15317,'M2_5mm v2:3');
#82=NEXT_ASSEMBLY_USAGE_OCCURRENCE('M2_5mm v2:4','M2_5mm v2:4',
'M2_5mm v2:4',#15314,#15317,'M2_5mm v2:4');
#83=NEXT_ASSEMBLY_USAGE_OCCURRENCE('Middle Gear:1','Middle Gear:1',
'Middle Gear:1',#15314,#15318,'Middle Gear:1');
#84=NEXT_ASSEMBLY_USAGE_OCCURRENCE('Pyramid Side Cover:1',
'Pyramid Side Cover:1','Pyramid Side Cover:1',#15314,#15319,
'Pyramid Side Cover:1');
#85=NEXT_ASSEMBLY_USAGE_OCCURRENCE('V Side Cover:1','V Side Cover:1',
'V Side Cover:1',#15314,#15320,'V Side Cover:1');
#86=NEXT_ASSEMBLY_USAGE_OCCURRENCE('Cable- Pyr Side:1',
'Cable- Pyr Side:1','Cable- Pyr Side:1',#15314,#15321,
'Cable- Pyr Side:1');
#87=NEXT_ASSEMBLY_USAGE_OCCURRENCE('Cable- V Side:1','Cable- V Side:1',
'Cable- V Side:1',#15314,#15322,'Cable- V Side:1');
#88=NEXT_ASSEMBLY_USAGE_OCCURRENCE('3D FPC PLACEHOLDER NO LINK v3:1',
'3D FPC PLACEHOLDER NO LINK v3:1','3D FPC PLACEHOLDER NO LINK v3:1',#15314,
#15323,'3D FPC PLACEHOLDER NO LINK v3:1');
#89=NEXT_ASSEMBLY_USAGE_OCCURRENCE('Pad:1','Pad:1','Pad:1',#15314,#15324,
'Pad:1');
#90=TOROIDAL_SURFACE('',#9207,2.46428571428455,0.25);
#91=TOROIDAL_SURFACE('',#9214,2.50000000000056,0.25);
#92=TOROIDAL_SURFACE('',#9221,2.46428571428521,0.25);
#93=TOROIDAL_SURFACE('',#9234,2.45921414258867,0.25);
#94=TOROIDAL_SURFACE('',#9241,2.50000000000001,0.25);
#95=TOROIDAL_SURFACE('',#9248,2.4642857142857,0.25);
#96=TOROIDAL_SURFACE('',#9298,10.1,0.5);
#97=TOROIDAL_SURFACE('',#9304,10.1,0.5);
#98=ELLIPSE('',#8944,1.41421356237309,1.);
#99=ELLIPSE('',#8945,1.41421356237309,1.);
#100=ELLIPSE('',#8993,10.2140218024969,2.);
#101=ELLIPSE('',#9019,10.2140218024969,2.);
#102=ELLIPSE('',#9123,1.41421356237309,1.);
#103=ELLIPSE('',#9124,1.41421356237309,1.);
#104=B_SPLINE_SURFACE_WITH_KNOTS('',3,1,((#13015,#13016),(#13017,#13018),
(#13019,#13020),(#13021,#13022)),.UNSPECIFIED.,.F.,.F.,.F.,(4,4),(2,2),
(-0.0550929492115498,0.),(-0.416666666666667,0.416666666666667),
 .UNSPECIFIED.);
#105=B_SPLINE_SURFACE_WITH_KNOTS('',3,1,((#13024,#13025),(#13026,#13027),
(#13028,#13029),(#13030,#13031)),.UNSPECIFIED.,.F.,.F.,.F.,(4,4),(2,2),
(-0.0550929492115498,0.),(-0.416666666666667,0.416666666666667),
 .UNSPECIFIED.);
#106=B_SPLINE_SURFACE_WITH_KNOTS('',3,1,((#13037,#13038),(#13039,#13040),
(#13041,#13042),(#13043,#13044)),.UNSPECIFIED.,.F.,.F.,.F.,(4,4),(2,2),
(-0.0550929492222,-6.90331537077353E-14),(-0.416666666666667,0.416666666666667),
 .UNSPECIFIED.);
#107=B_SPLINE_SURFACE_WITH_KNOTS('',3,1,((#13046,#13047),(#13048,#13049),
(#13050,#13051),(#13052,#13053)),.UNSPECIFIED.,.F.,.F.,.F.,(4,4),(2,2),
(-0.0550929492222,-6.90331537077353E-14),(-0.416666666666667,0.416666666666667),
 .UNSPECIFIED.);
#108=B_SPLINE_SURFACE_WITH_KNOTS('',3,1,((#13063,#13064),(#13065,#13066),
(#13067,#13068),(#13069,#13070)),.UNSPECIFIED.,.F.,.F.,.F.,(4,4),(2,2),
(-0.0550929492098461,0.),(-0.416666666666667,0.416666666666667),
 .UNSPECIFIED.);
#109=B_SPLINE_SURFACE_WITH_KNOTS('',3,1,((#13072,#13073),(#13074,#13075),
(#13076,#13077),(#13078,#13079)),.UNSPECIFIED.,.F.,.F.,.F.,(4,4),(2,2),
(-0.0550929492098461,0.),(-0.416666666666667,0.416666666666667),
 .UNSPECIFIED.);
#110=B_SPLINE_SURFACE_WITH_KNOTS('',5,1,((#13085,#13086),(#13087,#13088),
(#13089,#13090),(#13091,#13092),(#13093,#13094),(#13095,#13096)),
 .UNSPECIFIED.,.F.,.F.,.F.,(6,6),(2,2),(-0.0389567232517,0.),(-0.416666666666667,
0.416666666666667),.UNSPECIFIED.);
#111=B_SPLINE_SURFACE_WITH_KNOTS('',5,1,((#13098,#13099),(#13100,#13101),
(#13102,#13103),(#13104,#13105),(#13106,#13107),(#13108,#13109)),
 .UNSPECIFIED.,.F.,.F.,.F.,(6,6),(2,2),(-0.0389567232517,0.),(-0.416666666666667,
0.416666666666667),.UNSPECIFIED.);
#112=B_SPLINE_SURFACE_WITH_KNOTS('',3,1,((#13119,#13120),(#13121,#13122),
(#13123,#13124),(#13125,#13126)),.UNSPECIFIED.,.F.,.F.,.F.,(4,4),(2,2),
(-0.0550929492131724,0.),(-0.416666666666667,0.416666666666667),
 .UNSPECIFIED.);
#113=B_SPLINE_SURFACE_WITH_KNOTS('',3,1,((#13128,#13129),(#13130,#13131),
(#13132,#13133),(#13134,#13135)),.UNSPECIFIED.,.F.,.F.,.F.,(4,4),(2,2),
(-0.0550929492131724,0.),(-0.416666666666667,0.416666666666667),
 .UNSPECIFIED.);
#114=B_SPLINE_SURFACE_WITH_KNOTS('',3,1,((#13141,#13142),(#13143,#13144),
(#13145,#13146),(#13147,#13148)),.UNSPECIFIED.,.F.,.F.,.F.,(4,4),(2,2),
(-0.055092949214,-6.46837884090573E-13),(-0.416666666666667,0.416666666666667),
 .UNSPECIFIED.);
#115=B_SPLINE_SURFACE_WITH_KNOTS('',3,1,((#13150,#13151),(#13152,#13153),
(#13154,#13155),(#13156,#13157)),.UNSPECIFIED.,.F.,.F.,.F.,(4,4),(2,2),
(-0.055092949214,-6.46837884090573E-13),(-0.416666666666667,0.416666666666667),
 .UNSPECIFIED.);
#116=B_SPLINE_SURFACE_WITH_KNOTS('',5,1,((#13167,#13168),(#13169,#13170),
(#13171,#13172),(#13173,#13174),(#13175,#13176),(#13177,#13178)),
 .UNSPECIFIED.,.F.,.F.,.F.,(6,6),(2,2),(-0.0389567232553,0.),(-0.416666666666667,
0.416666666666667),.UNSPECIFIED.);
#117=B_SPLINE_SURFACE_WITH_KNOTS('',5,1,((#13180,#13181),(#13182,#13183),
(#13184,#13185),(#13186,#13187),(#13188,#13189),(#13190,#13191)),
 .UNSPECIFIED.,.F.,.F.,.F.,(6,6),(2,2),(-0.0389567232553,0.),(-0.416666666666667,
0.416666666666667),.UNSPECIFIED.);
#118=B_SPLINE_SURFACE_WITH_KNOTS('',3,1,((#13197,#13198),(#13199,#13200),
(#13201,#13202),(#13203,#13204)),.UNSPECIFIED.,.F.,.F.,.F.,(4,4),(2,2),
(-0.0550929492265,-7.05062279891748E-14),(-0.416666666666667,0.416666666666667),
 .UNSPECIFIED.);
#119=B_SPLINE_SURFACE_WITH_KNOTS('',3,1,((#13206,#13207),(#13208,#13209),
(#13210,#13211),(#13212,#13213)),.UNSPECIFIED.,.F.,.F.,.F.,(4,4),(2,2),
(-0.0550929492265,-7.05062279891748E-14),(-0.416666666666667,0.416666666666667),
 .UNSPECIFIED.);
#120=B_SPLINE_SURFACE_WITH_KNOTS('',5,1,((#13223,#13224),(#13225,#13226),
(#13227,#13228),(#13229,#13230),(#13231,#13232),(#13233,#13234)),
 .UNSPECIFIED.,.F.,.F.,.F.,(6,6),(2,2),(-0.0389567232586,0.),(-0.416666666666667,
0.416666666666667),.UNSPECIFIED.);
#121=B_SPLINE_SURFACE_WITH_KNOTS('',5,1,((#13236,#13237),(#13238,#13239),
(#13240,#13241),(#13242,#13243),(#13244,#13245),(#13246,#13247)),
 .UNSPECIFIED.,.F.,.F.,.F.,(6,6),(2,2),(-0.0389567232586,0.),(-0.416666666666667,
0.416666666666667),.UNSPECIFIED.);
#122=B_SPLINE_SURFACE_WITH_KNOTS('',5,1,((#13253,#13254),(#13255,#13256),
(#13257,#13258),(#13259,#13260),(#13261,#13262),(#13263,#13264)),
 .UNSPECIFIED.,.F.,.F.,.F.,(6,6),(2,2),(-0.0389567232523,0.),(-0.416666666666667,
0.416666666666667),.UNSPECIFIED.);
#123=B_SPLINE_SURFACE_WITH_KNOTS('',5,1,((#13266,#13267),(#13268,#13269),
(#13270,#13271),(#13272,#13273),(#13274,#13275),(#13276,#13277)),
 .UNSPECIFIED.,.F.,.F.,.F.,(6,6),(2,2),(-0.0389567232523,0.),(-0.416666666666667,
0.416666666666667),.UNSPECIFIED.);
#124=B_SPLINE_SURFACE_WITH_KNOTS('',5,1,((#13287,#13288),(#13289,#13290),
(#13291,#13292),(#13293,#13294),(#13295,#13296),(#13297,#13298)),
 .UNSPECIFIED.,.F.,.F.,.F.,(6,6),(2,2),(0.,0.0389567232585),(-0.416666666666667,
0.416666666666667),.UNSPECIFIED.);
#125=B_SPLINE_SURFACE_WITH_KNOTS('',5,1,((#13300,#13301),(#13302,#13303),
(#13304,#13305),(#13306,#13307),(#13308,#13309),(#13310,#13311)),
 .UNSPECIFIED.,.F.,.F.,.F.,(6,6),(2,2),(0.,0.0389567232585),(-0.416666666666667,
0.416666666666667),.UNSPECIFIED.);
#126=B_SPLINE_SURFACE_WITH_KNOTS('',5,1,((#13317,#13318),(#13319,#13320),
(#13321,#13322),(#13323,#13324),(#13325,#13326),(#13327,#13328)),
 .UNSPECIFIED.,.F.,.F.,.F.,(6,6),(2,2),(0.,0.0389567232553),(-0.416666666666667,
0.416666666666667),.UNSPECIFIED.);
#127=B_SPLINE_SURFACE_WITH_KNOTS('',5,1,((#13330,#13331),(#13332,#13333),
(#13334,#13335),(#13336,#13337),(#13338,#13339),(#13340,#13341)),
 .UNSPECIFIED.,.F.,.F.,.F.,(6,6),(2,2),(0.,0.0389567232553),(-0.416666666666667,
0.416666666666667),.UNSPECIFIED.);
#128=B_SPLINE_SURFACE_WITH_KNOTS('',5,1,((#13351,#13352),(#13353,#13354),
(#13355,#13356),(#13357,#13358),(#13359,#13360),(#13361,#13362)),
 .UNSPECIFIED.,.F.,.F.,.F.,(6,6),(2,2),(0.,0.0389567232497),(-0.416666666666667,
0.416666666666667),.UNSPECIFIED.);
#129=B_SPLINE_SURFACE_WITH_KNOTS('',5,1,((#13364,#13365),(#13366,#13367),
(#13368,#13369),(#13370,#13371),(#13372,#13373),(#13374,#13375)),
 .UNSPECIFIED.,.F.,.F.,.F.,(6,6),(2,2),(0.,0.0389567232497),(-0.416666666666667,
0.416666666666667),.UNSPECIFIED.);
#130=B_SPLINE_SURFACE_WITH_KNOTS('',3,1,((#13381,#13382),(#13383,#13384),
(#13385,#13386),(#13387,#13388)),.UNSPECIFIED.,.F.,.F.,.F.,(4,4),(2,2),
(0.,0.0550929492251),(-0.416666666666667,0.416666666666667),
 .UNSPECIFIED.);
#131=B_SPLINE_SURFACE_WITH_KNOTS('',3,1,((#13390,#13391),(#13392,#13393),
(#13394,#13395),(#13396,#13397)),.UNSPECIFIED.,.F.,.F.,.F.,(4,4),(2,2),
(0.,0.0550929492251),(-0.416666666666667,0.416666666666667),
 .UNSPECIFIED.);
#132=B_SPLINE_SURFACE_WITH_KNOTS('',5,1,((#13407,#13408),(#13409,#13410),
(#13411,#13412),(#13413,#13414),(#13415,#13416),(#13417,#13418)),
 .UNSPECIFIED.,.F.,.F.,.F.,(6,6),(2,2),(0.,0.0389567232517),(-0.416666666666667,
0.416666666666667),.UNSPECIFIED.);
#133=B_SPLINE_SURFACE_WITH_KNOTS('',5,1,((#13420,#13421),(#13422,#13423),
(#13424,#13425),(#13426,#13427),(#13428,#13429),(#13430,#13431)),
 .UNSPECIFIED.,.F.,.F.,.F.,(6,6),(2,2),(0.,0.0389567232517),(-0.416666666666667,
0.416666666666667),.UNSPECIFIED.);
#134=B_SPLINE_SURFACE_WITH_KNOTS('',3,1,((#13437,#13438),(#13439,#13440),
(#13441,#13442),(#13443,#13444)),.UNSPECIFIED.,.F.,.F.,.F.,(4,4),(2,2),
(0.,0.0550929492145612),(-0.416666666666667,0.416666666666667),
 .UNSPECIFIED.);
#135=B_SPLINE_SURFACE_WITH_KNOTS('',3,1,((#13446,#13447),(#13448,#13449),
(#13450,#13451),(#13452,#13453)),.UNSPECIFIED.,.F.,.F.,.F.,(4,4),(2,2),
(0.,0.0550929492145612),(-0.416666666666667,0.416666666666667),
 .UNSPECIFIED.);
#136=B_SPLINE_SURFACE_WITH_KNOTS('',3,1,((#13463,#13464),(#13465,#13466),
(#13467,#13468),(#13469,#13470)),.UNSPECIFIED.,.F.,.F.,.F.,(4,4),(2,2),
(6.75397683223831E-14,0.0550929492222),(-0.416666666666667,0.416666666666667),
 .UNSPECIFIED.);
#137=B_SPLINE_SURFACE_WITH_KNOTS('',3,1,((#13472,#13473),(#13474,#13475),
(#13476,#13477),(#13478,#13479)),.UNSPECIFIED.,.F.,.F.,.F.,(4,4),(2,2),
(6.75397683223831E-14,0.0550929492222),(-0.416666666666667,0.416666666666667),
 .UNSPECIFIED.);
#138=B_SPLINE_SURFACE_WITH_KNOTS('',5,1,((#13485,#13486),(#13487,#13488),
(#13489,#13490),(#13491,#13492),(#13493,#13494),(#13495,#13496)),
 .UNSPECIFIED.,.F.,.F.,.F.,(6,6),(2,2),(0.,0.0389567232564),(-0.416666666666667,
0.416666666666667),.UNSPECIFIED.);
#139=B_SPLINE_SURFACE_WITH_KNOTS('',5,1,((#13498,#13499),(#13500,#13501),
(#13502,#13503),(#13504,#13505),(#13506,#13507),(#13508,#13509)),
 .UNSPECIFIED.,.F.,.F.,.F.,(6,6),(2,2),(0.,0.0389567232564),(-0.416666666666667,
0.416666666666667),.UNSPECIFIED.);
#140=B_SPLINE_SURFACE_WITH_KNOTS('',3,1,((#13519,#13520),(#13521,#13522),
(#13523,#13524),(#13525,#13526)),.UNSPECIFIED.,.F.,.F.,.F.,(4,4),(2,2),
(0.,0.0550929492177),(-0.416666666666667,0.416666666666667),
 .UNSPECIFIED.);
#141=B_SPLINE_SURFACE_WITH_KNOTS('',3,1,((#13528,#13529),(#13530,#13531),
(#13532,#13533),(#13534,#13535)),.UNSPECIFIED.,.F.,.F.,.F.,(4,4),(2,2),
(0.,0.0550929492177),(-0.416666666666667,0.416666666666667),
 .UNSPECIFIED.);
#142=B_SPLINE_SURFACE_WITH_KNOTS('',5,1,((#13546,#13547),(#13548,#13549),
(#13550,#13551),(#13552,#13553),(#13554,#13555),(#13556,#13557)),
 .UNSPECIFIED.,.F.,.F.,.F.,(6,6),(2,2),(0.,0.0389567232564),(-0.416666666666667,
0.416666666666667),.UNSPECIFIED.);
#143=B_SPLINE_SURFACE_WITH_KNOTS('',5,1,((#13562,#13563),(#13564,#13565),
(#13566,#13567),(#13568,#13569),(#13570,#13571),(#13572,#13573)),
 .UNSPECIFIED.,.F.,.F.,.F.,(6,6),(2,2),(-0.0389567232564,0.),(-0.416666666666667,
0.416666666666667),.UNSPECIFIED.);
#144=B_SPLINE_SURFACE_WITH_KNOTS('',5,1,((#13586,#13587),(#13588,#13589),
(#13590,#13591),(#13592,#13593),(#13594,#13595),(#13596,#13597)),
 .UNSPECIFIED.,.F.,.F.,.F.,(6,6),(2,2),(-1.66760569084,0.),(-0.416666666666667,
0.416666666666667),.UNSPECIFIED.);
#145=B_SPLINE_SURFACE_WITH_KNOTS('',5,1,((#13616,#13617),(#13618,#13619),
(#13620,#13621),(#13622,#13623),(#13624,#13625),(#13626,#13627)),
 .UNSPECIFIED.,.F.,.F.,.F.,(6,6),(2,2),(0.,0.0389567232553),(-0.416666666666667,
0.416666666666667),.UNSPECIFIED.);
#146=B_SPLINE_SURFACE_WITH_KNOTS('',5,1,((#13631,#13632),(#13633,#13634),
(#13635,#13636),(#13637,#13638),(#13639,#13640),(#13641,#13642)),
 .UNSPECIFIED.,.F.,.F.,.F.,(6,6),(2,2),(0.,0.0389567232585),(-0.416666666666667,
0.416666666666667),.UNSPECIFIED.);
#147=B_SPLINE_SURFACE_WITH_KNOTS('',5,1,((#13648,#13649),(#13650,#13651),
(#13652,#13653),(#13654,#13655),(#13656,#13657),(#13658,#13659)),
 .UNSPECIFIED.,.F.,.F.,.F.,(6,6),(2,2),(0.,0.0389567232586),(-0.416666666666667,
0.416666666666667),.UNSPECIFIED.);
#148=B_SPLINE_SURFACE_WITH_KNOTS('',5,1,((#13664,#13665),(#13666,#13667),
(#13668,#13669),(#13670,#13671),(#13672,#13673),(#13674,#13675)),
 .UNSPECIFIED.,.F.,.F.,.F.,(6,6),(2,2),(0.,0.0389567232586),(-0.416666666666667,
0.416666666666667),.UNSPECIFIED.);
#149=B_SPLINE_SURFACE_WITH_KNOTS('',5,1,((#13679,#13680),(#13681,#13682),
(#13683,#13684),(#13685,#13686),(#13687,#13688),(#13689,#13690)),
 .UNSPECIFIED.,.F.,.F.,.F.,(6,6),(2,2),(0.,0.0389567232523),(-0.416666666666667,
0.416666666666667),.UNSPECIFIED.);
#150=B_SPLINE_CURVE_WITH_KNOTS('',3,(#11861,#11862,#11863,#11864),
 .UNSPECIFIED.,.F.,.F.,(4,4),(-0.00278247893206672,0.),.UNSPECIFIED.);
#151=B_SPLINE_CURVE_WITH_KNOTS('',3,(#11868,#11869,#11870,#11871),
 .UNSPECIFIED.,.F.,.F.,(4,4),(-0.00278282280345843,0.),.UNSPECIFIED.);
#152=B_SPLINE_CURVE_WITH_KNOTS('',3,(#11877,#11878,#11879,#11880),
 .UNSPECIFIED.,.F.,.F.,(4,4),(-0.00278247883166239,0.),.UNSPECIFIED.);
#153=B_SPLINE_CURVE_WITH_KNOTS('',3,(#11884,#11885,#11886,#11887,#11888,
#11889),.UNSPECIFIED.,.F.,.F.,(4,2,4),(-0.00278261715844971,-0.00139130857933951,
0.),.UNSPECIFIED.);
#154=B_SPLINE_CURVE_WITH_KNOTS('',3,(#11895,#11896,#11897,#11898),
 .UNSPECIFIED.,.F.,.F.,(4,4),(-0.00278247885882979,0.),.UNSPECIFIED.);
#155=B_SPLINE_CURVE_WITH_KNOTS('',3,(#11902,#11903,#11904,#11905,#11906,
#11907),.UNSPECIFIED.,.F.,.F.,(4,2,4),(-0.002782617158805,-0.00139130857922618,
0.),.UNSPECIFIED.);
#156=B_SPLINE_CURVE_WITH_KNOTS('',3,(#11913,#11914,#11915,#11916,#11917,
#11918),.UNSPECIFIED.,.F.,.F.,(4,2,4),(-0.00278261708796296,-0.00139130854429329,
0.),.UNSPECIFIED.);
#157=B_SPLINE_CURVE_WITH_KNOTS('',3,(#11922,#11923,#11924,#11925),
 .UNSPECIFIED.,.F.,.F.,(4,4),(-0.00278282272992994,0.),.UNSPECIFIED.);
#158=B_SPLINE_CURVE_WITH_KNOTS('',3,(#11931,#11932,#11933,#11934,#11935,
#11936),.UNSPECIFIED.,.F.,.F.,(4,2,4),(-0.00278261708864495,-0.00139130854430223,
0.),.UNSPECIFIED.);
#159=B_SPLINE_CURVE_WITH_KNOTS('',5,(#12032,#12033,#12034,#12035,#12036,
#12037),.UNSPECIFIED.,.F.,.F.,(6,6),(-0.0389567232553,0.),.UNSPECIFIED.);
#160=B_SPLINE_CURVE_WITH_KNOTS('',5,(#12041,#12042,#12043,#12044,#12045,
#12046),.UNSPECIFIED.,.F.,.F.,(6,6),(-0.0389567232585,0.),.UNSPECIFIED.);
#161=B_SPLINE_CURVE_WITH_KNOTS('',5,(#12052,#12053,#12054,#12055,#12056,
#12057),.UNSPECIFIED.,.F.,.F.,(6,6),(-0.0389567232586,0.),.UNSPECIFIED.);
#162=B_SPLINE_CURVE_WITH_KNOTS('',3,(#12063,#12064,#12065,#12066),
 .UNSPECIFIED.,.F.,.F.,(4,4),(-0.0550929492177,0.),.UNSPECIFIED.);
#163=B_SPLINE_CURVE_WITH_KNOTS('',5,(#12072,#12073,#12074,#12075,#12076,
#12077),.UNSPECIFIED.,.F.,.F.,(6,6),(-0.0389567232564,0.),.UNSPECIFIED.);
#164=B_SPLINE_CURVE_WITH_KNOTS('',3,(#12081,#12082,#12083,#12084),
 .UNSPECIFIED.,.F.,.F.,(4,4),(-0.0550929492222,-6.75397683223831E-14),
 .UNSPECIFIED.);
#165=B_SPLINE_CURVE_WITH_KNOTS('',3,(#12090,#12091,#12092,#12093),
 .UNSPECIFIED.,.F.,.F.,(4,4),(-0.0550929492145612,0.),.UNSPECIFIED.);
#166=B_SPLINE_CURVE_WITH_KNOTS('',5,(#12097,#12098,#12099,#12100,#12101,
#12102),.UNSPECIFIED.,.F.,.F.,(6,6),(-0.0389567232517,0.),.UNSPECIFIED.);
#167=B_SPLINE_CURVE_WITH_KNOTS('',3,(#12108,#12109,#12110,#12111),
 .UNSPECIFIED.,.F.,.F.,(4,4),(-0.0550929492251,0.),.UNSPECIFIED.);
#168=B_SPLINE_CURVE_WITH_KNOTS('',5,(#12115,#12116,#12117,#12118,#12119,
#12120),.UNSPECIFIED.,.F.,.F.,(6,6),(-0.0389567232497,0.),.UNSPECIFIED.);
#169=B_SPLINE_CURVE_WITH_KNOTS('',5,(#12126,#12127,#12128,#12129,#12130,
#12131),.UNSPECIFIED.,.F.,.F.,(6,6),(-0.0389567232553,0.),.UNSPECIFIED.);
#170=B_SPLINE_CURVE_WITH_KNOTS('',5,(#12135,#12136,#12137,#12138,#12139,
#12140),.UNSPECIFIED.,.F.,.F.,(6,6),(-0.0389567232585,0.),.UNSPECIFIED.);
#171=B_SPLINE_CURVE_WITH_KNOTS('',5,(#12146,#12147,#12148,#12149,#12150,
#12151),.UNSPECIFIED.,.F.,.F.,(6,6),(-0.0389567232586,0.),.UNSPECIFIED.);
#172=B_SPLINE_CURVE_WITH_KNOTS('',5,(#12155,#12156,#12157,#12158,#12159,
#12160),.UNSPECIFIED.,.F.,.F.,(6,6),(-0.0389567232523,0.),.UNSPECIFIED.);
#173=B_SPLINE_CURVE_WITH_KNOTS('',5,(#12166,#12167,#12168,#12169,#12170,
#12171),.UNSPECIFIED.,.F.,.F.,(6,6),(-0.0389567232564,0.),.UNSPECIFIED.);
#174=B_SPLINE_CURVE_WITH_KNOTS('',5,(#12185,#12186,#12187,#12188,#12189,
#12190),.UNSPECIFIED.,.F.,.F.,(6,6),(0.,0.0389567232564),.UNSPECIFIED.);
#175=B_SPLINE_CURVE_WITH_KNOTS('',5,(#12196,#12197,#12198,#12199,#12200,
#12201),.UNSPECIFIED.,.F.,.F.,(6,6),(0.,0.0389567232523),.UNSPECIFIED.);
#176=B_SPLINE_CURVE_WITH_KNOTS('',5,(#12205,#12206,#12207,#12208,#12209,
#12210),.UNSPECIFIED.,.F.,.F.,(6,6),(0.,0.0389567232586),.UNSPECIFIED.);
#177=B_SPLINE_CURVE_WITH_KNOTS('',3,(#12216,#12217,#12218,#12219),
 .UNSPECIFIED.,.F.,.F.,(4,4),(7.05062279891748E-14,0.0550929492265),
 .UNSPECIFIED.);
#178=B_SPLINE_CURVE_WITH_KNOTS('',5,(#12223,#12224,#12225,#12226,#12227,
#12228),.UNSPECIFIED.,.F.,.F.,(6,6),(0.,0.0389567232553),.UNSPECIFIED.);
#179=B_SPLINE_CURVE_WITH_KNOTS('',3,(#12234,#12235,#12236,#12237),
 .UNSPECIFIED.,.F.,.F.,(4,4),(6.46837884090573E-13,0.055092949214),
 .UNSPECIFIED.);
#180=B_SPLINE_CURVE_WITH_KNOTS('',3,(#12241,#12242,#12243,#12244),
 .UNSPECIFIED.,.F.,.F.,(4,4),(0.,0.0550929492131724),.UNSPECIFIED.);
#181=B_SPLINE_CURVE_WITH_KNOTS('',5,(#12250,#12251,#12252,#12253,#12254,
#12255),.UNSPECIFIED.,.F.,.F.,(6,6),(0.,0.0389567232517),.UNSPECIFIED.);
#182=B_SPLINE_CURVE_WITH_KNOTS('',3,(#12259,#12260,#12261,#12262),
 .UNSPECIFIED.,.F.,.F.,(4,4),(0.,0.0550929492098461),.UNSPECIFIED.);
#183=B_SPLINE_CURVE_WITH_KNOTS('',3,(#12268,#12269,#12270,#12271),
 .UNSPECIFIED.,.F.,.F.,(4,4),(6.90331537077353E-14,0.0550929492222),
 .UNSPECIFIED.);
#184=B_SPLINE_CURVE_WITH_KNOTS('',3,(#12275,#12276,#12277,#12278),
 .UNSPECIFIED.,.F.,.F.,(4,4),(0.,0.0550929492115498),.UNSPECIFIED.);
#185=B_SPLINE_CURVE_WITH_KNOTS('',5,(#12294,#12295,#12296,#12297,#12298,
#12299),.UNSPECIFIED.,.F.,.F.,(6,6),(0.,1.66760569084),.UNSPECIFIED.);
#186=B_SPLINE_CURVE_WITH_KNOTS('',5,(#12335,#12336,#12337,#12338,#12339,
#12340),.UNSPECIFIED.,.F.,.F.,(6,6),(-1.66760569084,0.),.UNSPECIFIED.);
#187=B_SPLINE_CURVE_WITH_KNOTS('',3,(#12356,#12357,#12358,#12359),
 .UNSPECIFIED.,.F.,.F.,(4,4),(-0.0550929492115498,0.),.UNSPECIFIED.);
#188=B_SPLINE_CURVE_WITH_KNOTS('',3,(#12363,#12364,#12365,#12366),
 .UNSPECIFIED.,.F.,.F.,(4,4),(-0.0550929492222,-6.90331537077353E-14),
 .UNSPECIFIED.);
#189=B_SPLINE_CURVE_WITH_KNOTS('',3,(#12372,#12373,#12374,#12375),
 .UNSPECIFIED.,.F.,.F.,(4,4),(-0.0550929492098461,0.),.UNSPECIFIED.);
#190=B_SPLINE_CURVE_WITH_KNOTS('',5,(#12379,#12380,#12381,#12382,#12383,
#12384),.UNSPECIFIED.,.F.,.F.,(6,6),(-0.0389567232517,0.),.UNSPECIFIED.);
#191=B_SPLINE_CURVE_WITH_KNOTS('',3,(#12390,#12391,#12392,#12393),
 .UNSPECIFIED.,.F.,.F.,(4,4),(-0.0550929492131724,0.),.UNSPECIFIED.);
#192=B_SPLINE_CURVE_WITH_KNOTS('',3,(#12397,#12398,#12399,#12400),
 .UNSPECIFIED.,.F.,.F.,(4,4),(-0.055092949214,-6.46837884090573E-13),
 .UNSPECIFIED.);
#193=B_SPLINE_CURVE_WITH_KNOTS('',5,(#12406,#12407,#12408,#12409,#12410,
#12411),.UNSPECIFIED.,.F.,.F.,(6,6),(-0.0389567232553,0.),.UNSPECIFIED.);
#194=B_SPLINE_CURVE_WITH_KNOTS('',3,(#12415,#12416,#12417,#12418),
 .UNSPECIFIED.,.F.,.F.,(4,4),(-0.0550929492265,-7.05062279891748E-14),
 .UNSPECIFIED.);
#195=B_SPLINE_CURVE_WITH_KNOTS('',5,(#12424,#12425,#12426,#12427,#12428,
#12429),.UNSPECIFIED.,.F.,.F.,(6,6),(-0.0389567232586,0.),.UNSPECIFIED.);
#196=B_SPLINE_CURVE_WITH_KNOTS('',5,(#12433,#12434,#12435,#12436,#12437,
#12438),.UNSPECIFIED.,.F.,.F.,(6,6),(-0.0389567232523,0.),.UNSPECIFIED.);
#197=B_SPLINE_CURVE_WITH_KNOTS('',5,(#12444,#12445,#12446,#12447,#12448,
#12449),.UNSPECIFIED.,.F.,.F.,(6,6),(-0.0389567232564,0.),.UNSPECIFIED.);
#198=B_SPLINE_CURVE_WITH_KNOTS('',5,(#12456,#12457,#12458,#12459,#12460,
#12461),.UNSPECIFIED.,.F.,.F.,(6,6),(0.,0.0389567232564),.UNSPECIFIED.);
#199=B_SPLINE_CURVE_WITH_KNOTS('',5,(#12467,#12468,#12469,#12470,#12471,
#12472),.UNSPECIFIED.,.F.,.F.,(6,6),(0.,0.0389567232523),.UNSPECIFIED.);
#200=B_SPLINE_CURVE_WITH_KNOTS('',5,(#12476,#12477,#12478,#12479,#12480,
#12481),.UNSPECIFIED.,.F.,.F.,(6,6),(0.,0.0389567232586),.UNSPECIFIED.);
#201=B_SPLINE_CURVE_WITH_KNOTS('',5,(#12487,#12488,#12489,#12490,#12491,
#12492),.UNSPECIFIED.,.F.,.F.,(6,6),(0.,0.0389567232585),.UNSPECIFIED.);
#202=B_SPLINE_CURVE_WITH_KNOTS('',5,(#12496,#12497,#12498,#12499,#12500,
#12501),.UNSPECIFIED.,.F.,.F.,(6,6),(0.,0.0389567232553),.UNSPECIFIED.);
#203=B_SPLINE_CURVE_WITH_KNOTS('',5,(#12507,#12508,#12509,#12510,#12511,
#12512),.UNSPECIFIED.,.F.,.F.,(6,6),(0.,0.0389567232497),.UNSPECIFIED.);
#204=B_SPLINE_CURVE_WITH_KNOTS('',3,(#12516,#12517,#12518,#12519),
 .UNSPECIFIED.,.F.,.F.,(4,4),(0.,0.0550929492251),.UNSPECIFIED.);
#205=B_SPLINE_CURVE_WITH_KNOTS('',5,(#12525,#12526,#12527,#12528,#12529,
#12530),.UNSPECIFIED.,.F.,.F.,(6,6),(0.,0.0389567232517),.UNSPECIFIED.);
#206=B_SPLINE_CURVE_WITH_KNOTS('',3,(#12534,#12535,#12536,#12537),
 .UNSPECIFIED.,.F.,.F.,(4,4),(0.,0.0550929492145612),.UNSPECIFIED.);
#207=B_SPLINE_CURVE_WITH_KNOTS('',3,(#12543,#12544,#12545,#12546),
 .UNSPECIFIED.,.F.,.F.,(4,4),(6.75397683223831E-14,0.0550929492222),
 .UNSPECIFIED.);
#208=B_SPLINE_CURVE_WITH_KNOTS('',5,(#12550,#12551,#12552,#12553,#12554,
#12555),.UNSPECIFIED.,.F.,.F.,(6,6),(0.,0.0389567232564),.UNSPECIFIED.);
#209=B_SPLINE_CURVE_WITH_KNOTS('',3,(#12561,#12562,#12563,#12564),
 .UNSPECIFIED.,.F.,.F.,(4,4),(0.,0.0550929492177),.UNSPECIFIED.);
#210=B_SPLINE_CURVE_WITH_KNOTS('',5,(#12570,#12571,#12572,#12573,#12574,
#12575),.UNSPECIFIED.,.F.,.F.,(6,6),(0.,0.0389567232586),.UNSPECIFIED.);
#211=B_SPLINE_CURVE_WITH_KNOTS('',5,(#12581,#12582,#12583,#12584,#12585,
#12586),.UNSPECIFIED.,.F.,.F.,(6,6),(0.,0.0389567232585),.UNSPECIFIED.);
#212=B_SPLINE_CURVE_WITH_KNOTS('',5,(#12590,#12591,#12592,#12593,#12594,
#12595),.UNSPECIFIED.,.F.,.F.,(6,6),(0.,0.0389567232553),.UNSPECIFIED.);
#213=B_SPLINE_CURVE_WITH_KNOTS('',3,(#12628,#12629,#12630,#12631),
 .UNSPECIFIED.,.F.,.F.,(4,4),(-0.00278247924175536,0.),.UNSPECIFIED.);
#214=B_SPLINE_CURVE_WITH_KNOTS('',3,(#12635,#12636,#12637,#12638),
 .UNSPECIFIED.,.F.,.F.,(4,4),(-0.00278282131847756,0.),.UNSPECIFIED.);
#215=B_SPLINE_CURVE_WITH_KNOTS('',3,(#12644,#12645,#12646,#12647,#12648,
#12649),.UNSPECIFIED.,.F.,.F.,(4,2,4),(-0.00278261709065543,-0.0013913085455363,
0.),.UNSPECIFIED.);
#216=B_SPLINE_CURVE_WITH_KNOTS('',3,(#12653,#12654,#12655,#12656),
 .UNSPECIFIED.,.F.,.F.,(4,4),(-0.00278282249140792,0.),.UNSPECIFIED.);
#217=B_SPLINE_CURVE_WITH_KNOTS('',3,(#12662,#12663,#12664,#12665,#12666,
#12667),.UNSPECIFIED.,.F.,.F.,(4,2,4),(-0.00278261708442765,-0.00139130854180935,
0.),.UNSPECIFIED.);
#218=B_SPLINE_CURVE_WITH_KNOTS('',3,(#12671,#12672,#12673,#12674,#12675,
#12676),.UNSPECIFIED.,.F.,.F.,(4,2,4),(-0.00278261716165916,-0.00139130858061902,
0.),.UNSPECIFIED.);
#219=B_SPLINE_CURVE_WITH_KNOTS('',3,(#12682,#12683,#12684,#12685),
 .UNSPECIFIED.,.F.,.F.,(4,4),(-0.00278247877234911,0.),.UNSPECIFIED.);
#220=B_SPLINE_CURVE_WITH_KNOTS('',3,(#12689,#12690,#12691,#12692,#12693,
#12694),.UNSPECIFIED.,.F.,.F.,(4,2,4),(-0.00278261716107578,-0.00139130858067731,
0.),.UNSPECIFIED.);
#221=B_SPLINE_CURVE_WITH_KNOTS('',3,(#12700,#12701,#12702,#12703,#12704,
#12705),.UNSPECIFIED.,.F.,.F.,(4,2,4),(-0.00278261708617515,-0.00139130854315302,
0.),.UNSPECIFIED.);
#222=B_SPLINE_CURVE_WITH_KNOTS('',3,(#12709,#12710,#12711,#12712,#12713,
#12714),.UNSPECIFIED.,.F.,.F.,(4,2,4),(-0.00278261715829548,-0.00139130857909013,
0.),.UNSPECIFIED.);
#223=B_SPLINE_CURVE_WITH_KNOTS('',3,(#12830,#12831,#12832,#12833,#12834,
#12835),.UNSPECIFIED.,.F.,.F.,(4,2,4),(-0.00278261715738556,-0.00139130857889115,
0.),.UNSPECIFIED.);
#224=B_SPLINE_CURVE_WITH_KNOTS('',3,(#12839,#12840,#12841,#12842,#12843,
#12844),.UNSPECIFIED.,.F.,.F.,(4,2,4),(-0.00278261708703366,-0.00139130854332246,
0.),.UNSPECIFIED.);
#225=B_SPLINE_CURVE_WITH_KNOTS('',3,(#12850,#12851,#12852,#12853,#12854,
#12855),.UNSPECIFIED.,.F.,.F.,(4,2,4),(-0.00278261716193268,-0.00139130858082695,
0.),.UNSPECIFIED.);
#226=B_SPLINE_CURVE_WITH_KNOTS('',3,(#12859,#12860,#12861,#12862),
 .UNSPECIFIED.,.F.,.F.,(4,4),(-0.0027828229872672,0.),.UNSPECIFIED.);
#227=B_SPLINE_CURVE_WITH_KNOTS('',3,(#12868,#12869,#12870,#12871,#12872,
#12873),.UNSPECIFIED.,.F.,.F.,(4,2,4),(-0.00278261716049282,-0.00139130858045697,
0.),.UNSPECIFIED.);
#228=B_SPLINE_CURVE_WITH_KNOTS('',3,(#12877,#12878,#12879,#12880,#12881,
#12882),.UNSPECIFIED.,.F.,.F.,(4,2,4),(-0.00278261708327658,-0.00139130854161845,
0.),.UNSPECIFIED.);
#229=B_SPLINE_CURVE_WITH_KNOTS('',3,(#12888,#12889,#12890,#12891),
 .UNSPECIFIED.,.F.,.F.,(4,4),(-0.00278247885959274,4.33680868994202E-19),
 .UNSPECIFIED.);
#230=B_SPLINE_CURVE_WITH_KNOTS('',3,(#12895,#12896,#12897,#12898,#12899,
#12900),.UNSPECIFIED.,.F.,.F.,(4,2,4),(-0.00278261709181069,-0.00139130854569676,
0.),.UNSPECIFIED.);
#231=B_SPLINE_CURVE_WITH_KNOTS('',3,(#12906,#12907,#12908,#12909),
 .UNSPECIFIED.,.F.,.F.,(4,4),(-0.00278247938940827,0.),.UNSPECIFIED.);
#232=B_SPLINE_CURVE_WITH_KNOTS('',3,(#12913,#12914,#12915,#12916),
 .UNSPECIFIED.,.F.,.F.,(4,4),(-0.00278282326929806,0.),.UNSPECIFIED.);
#233=B_SPLINE_CURVE_WITH_KNOTS('',3,(#12926,#12927,#12928,#12929,#12930,
#12931),.UNSPECIFIED.,.F.,.F.,(4,2,4),(-0.00278261708853255,-0.00139130854428652,
0.),.UNSPECIFIED.);
#234=B_SPLINE_CURVE_WITH_KNOTS('',3,(#12937,#12938,#12939,#12940),
 .UNSPECIFIED.,.F.,.F.,(4,4),(-0.00278247897734002,0.),.UNSPECIFIED.);
#235=B_SPLINE_CURVE_WITH_KNOTS('',3,(#12944,#12945,#12946,#12947,#12948,
#12949),.UNSPECIFIED.,.F.,.F.,(4,2,4),(-0.0027826170891953,-0.0013913085444256,
0.),.UNSPECIFIED.);
#236=B_SPLINE_CURVE_WITH_KNOTS('',3,(#12955,#12956,#12957,#12958,#12959,
#12960),.UNSPECIFIED.,.F.,.F.,(4,2,4),(-0.00278261715743897,-0.00139130857889661,
0.),.UNSPECIFIED.);
#237=B_SPLINE_CURVE_WITH_KNOTS('',3,(#12964,#12965,#12966,#12967),
 .UNSPECIFIED.,.F.,.F.,(4,4),(-0.00278282302412541,0.),.UNSPECIFIED.);
#238=B_SPLINE_CURVE_WITH_KNOTS('',3,(#12973,#12974,#12975,#12976,#12977,
#12978),.UNSPECIFIED.,.F.,.F.,(4,2,4),(-0.00278261715908556,-0.00139130857942802,
0.),.UNSPECIFIED.);
#239=B_SPLINE_CURVE_WITH_KNOTS('',3,(#12982,#12983,#12984,#12985),
 .UNSPECIFIED.,.F.,.F.,(4,4),(-0.00278282285980624,0.),.UNSPECIFIED.);
#240=B_SPLINE_CURVE_WITH_KNOTS('',3,(#12991,#12992,#12993,#12994),
 .UNSPECIFIED.,.F.,.F.,(4,4),(-0.00278247891840297,0.),.UNSPECIFIED.);
#241=B_SPLINE_CURVE_WITH_KNOTS('',3,(#12998,#12999,#13000,#13001),
 .UNSPECIFIED.,.F.,.F.,(4,4),(-0.00278282286884683,0.),.UNSPECIFIED.);
#242=B_SPLINE_CURVE_WITH_KNOTS('',3,(#13904,#13905,#13906,#13907,#13908,
#13909,#13910),.UNSPECIFIED.,.F.,.F.,(4,3,4),(-0.0810150370970239,0.,0.0810150370970237),
 .UNSPECIFIED.);
#243=B_SPLINE_CURVE_WITH_KNOTS('',3,(#14044,#14045,#14046,#14047,#14048,
#14049,#14050,#14051,#14052,#14053,#14054),.UNSPECIFIED.,.F.,.F.,(4,2,3,
2,4),(1.53246431363037,1.5936448711778,1.69432634066776,1.79500781015772,
1.85618836770515),.UNSPECIFIED.);
#244=B_SPLINE_CURVE_WITH_KNOTS('',3,(#14058,#14059,#14060,#14061,#14062,
#14063,#14064,#14065),.UNSPECIFIED.,.F.,.F.,(4,2,2,4),(0.0443797826766919,
0.0566383834943907,0.0593287223848343,0.0595854821479535),.UNSPECIFIED.);
#245=B_SPLINE_CURVE_WITH_KNOTS('',3,(#14079,#14080,#14081,#14082,#14083,
#14084,#14085,#14086),.UNSPECIFIED.,.F.,.F.,(4,2,2,4),(0.00102218357612011,
0.00170452431576142,0.0060877313976813,0.0161841956703276),
 .UNSPECIFIED.);
#246=B_SPLINE_CURVE_WITH_KNOTS('',3,(#14302,#14303,#14304,#14305,#14306,
#14307,#14308,#14309,#14310,#14311),.UNSPECIFIED.,.F.,.F.,(4,2,2,2,4),(0.267222722206038,
0.289893058775198,0.312563395344359,0.345827802749548,0.379092210154738),
 .UNSPECIFIED.);
#247=B_SPLINE_CURVE_WITH_KNOTS('',3,(#14314,#14315,#14316,#14317,#14318,
#14319),.UNSPECIFIED.,.F.,.F.,(4,2,4),(0.166594254429652,0.217214633188237,
0.258033078996258),.UNSPECIFIED.);
#248=B_SPLINE_CURVE_WITH_KNOTS('',3,(#14322,#14323,#14324,#14325,#14326,
#14327),.UNSPECIFIED.,.F.,.F.,(4,2,4),(0.0855558018159384,0.12637424762396,
0.176994626382545),.UNSPECIFIED.);
#249=B_SPLINE_CURVE_WITH_KNOTS('',3,(#14331,#14332,#14333,#14334,#14335,
#14336,#14337,#14338,#14339,#14340),.UNSPECIFIED.,.F.,.F.,(4,2,2,2,4),(0.,
0.0332644074051894,0.0665288148103788,0.0891991513795392,0.1118694879487),
 .UNSPECIFIED.);
#250=B_SPLINE_CURVE_WITH_KNOTS('',3,(#14343,#14344,#14345,#14346),
 .UNSPECIFIED.,.F.,.F.,(4,4),(0.145351028691605,0.152173870019285),
 .UNSPECIFIED.);
#251=B_SPLINE_CURVE_WITH_KNOTS('',3,(#14359,#14360,#14361,#14362,#14363,
#14364,#14365,#14366,#14367,#14368),.UNSPECIFIED.,.F.,.F.,(4,2,2,2,4),(1.57790258273744,
1.6750853758507,1.77226816896397,1.86791167632136,1.88711670709644),
 .UNSPECIFIED.);
#252=B_SPLINE_CURVE_WITH_KNOTS('',3,(#14370,#14371,#14372,#14373,#14374,
#14375,#14376,#14377,#14378,#14379),.UNSPECIFIED.,.F.,.F.,(4,2,2,2,4),(1.26868845837845,
1.28789348915352,1.38353699651092,1.48071978962418,1.57790258273744),
 .UNSPECIFIED.);
#253=B_SPLINE_CURVE_WITH_KNOTS('',3,(#14383,#14384,#14385,#14386,#14387,
#14388,#14389,#14390,#14391,#14392),.UNSPECIFIED.,.F.,.F.,(4,2,2,2,4),(0.199412541792797,
0.217746874319693,0.23608120684659,0.262627258357841,0.282099348394741),
 .UNSPECIFIED.);
#254=B_SPLINE_CURVE_WITH_KNOTS('',3,(#14396,#14397,#14398,#14399,#14400,
#14401,#14402,#14403,#14404,#14405),.UNSPECIFIED.,.F.,.F.,(4,2,2,2,4),(-0.0826868066019445,
-0.0632147165650444,-0.0366686650537932,-0.0183343325268966,0.),
 .UNSPECIFIED.);
#255=B_SPLINE_CURVE_WITH_KNOTS('',3,(#14413,#14414,#14415,#14416),
 .UNSPECIFIED.,.F.,.F.,(4,4),(0.274798065743692,0.281811655669588),
 .UNSPECIFIED.);
#256=B_SPLINE_CURVE_WITH_KNOTS('',3,(#14423,#14424,#14425,#14426,#14427,
#14428,#14429,#14430,#14431,#14432,#14433),.UNSPECIFIED.,.F.,.F.,(4,2,3,
2,4),(1.53246431363037,1.5936448711778,1.69432634066776,1.79500781015772,
1.85618836770515),.UNSPECIFIED.);
#257=B_SPLINE_CURVE_WITH_KNOTS('',3,(#14496,#14497,#14498,#14499),
 .UNSPECIFIED.,.F.,.F.,(4,4),(-0.0925233117650866,-0.0855097218391904),
 .UNSPECIFIED.);
#258=B_SPLINE_CURVE_WITH_KNOTS('',3,(#14567,#14568,#14569,#14570,#14571,
#14572,#14573),.UNSPECIFIED.,.F.,.F.,(4,3,4),(-0.0811015564896261,0.,0.0811015564896262),
 .UNSPECIFIED.);
#259=B_SPLINE_CURVE_WITH_KNOTS('',3,(#14583,#14584,#14585,#14586,#14587,
#14588,#14589),.UNSPECIFIED.,.F.,.F.,(4,3,4),(1.15042226622498,1.21730671746329,
1.29831459588159),.UNSPECIFIED.);
#260=B_SPLINE_CURVE_WITH_KNOTS('',3,(#14593,#14594,#14595,#14596),
 .UNSPECIFIED.,.F.,.F.,(4,4),(0.470772567442902,0.474838827139047),
 .UNSPECIFIED.);
#261=B_SPLINE_CURVE_WITH_KNOTS('',3,(#14598,#14599,#14600,#14601,#14602,
#14603),.UNSPECIFIED.,.F.,.F.,(4,2,4),(0.429144682628135,0.469963128436157,
0.520583507194742),.UNSPECIFIED.);
#262=B_SPLINE_CURVE_WITH_KNOTS('',3,(#14607,#14608,#14609,#14610,#14611,
#14612,#14613,#14614,#14615,#14616),.UNSPECIFIED.,.F.,.F.,(4,2,2,2,4),(0.,
0.0332644074051894,0.0665288148103787,0.0891991513795393,0.1118694879487),
 .UNSPECIFIED.);
#263=B_SPLINE_CURVE_WITH_KNOTS('',3,(#14624,#14625,#14626,#14627),
 .UNSPECIFIED.,.F.,.F.,(4,4),(0.152991387003673,0.159814228331654),
 .UNSPECIFIED.);
#264=B_SPLINE_CURVE_WITH_KNOTS('',3,(#14631,#14632,#14633,#14634,#14635,
#14636,#14637,#14638,#14639,#14640),.UNSPECIFIED.,.F.,.F.,(4,2,2,2,4),(0.267222722206038,
0.289893058775198,0.312563395344358,0.345827802749548,0.379092210154737),
 .UNSPECIFIED.);
#265=B_SPLINE_CURVE_WITH_KNOTS('',3,(#14643,#14644,#14645,#14646,#14647,
#14648),.UNSPECIFIED.,.F.,.F.,(4,2,4),(0.510183135241849,0.560803514000434,
0.601621959808455),.UNSPECIFIED.);
#266=B_SPLINE_CURVE_WITH_KNOTS('',3,(#14670,#14671,#14672,#14673,#14674,
#14675,#14676,#14677,#14678,#14679),.UNSPECIFIED.,.F.,.F.,(4,2,2,2,4),(1.57790258273744,
1.6750853758507,1.77226816896396,1.86791167632136,1.88711670709644),
 .UNSPECIFIED.);
#267=B_SPLINE_CURVE_WITH_KNOTS('',3,(#14683,#14684,#14685,#14686,#14687,
#14688,#14689,#14690,#14691,#14692),.UNSPECIFIED.,.F.,.F.,(4,2,2,2,4),(1.26868845837844,
1.28789348915352,1.38353699651091,1.48071978962418,1.57790258273744),
 .UNSPECIFIED.);
#268=B_SPLINE_CURVE_WITH_KNOTS('',3,(#14696,#14697,#14698,#14699,#14700,
#14701,#14702,#14703,#14704,#14705),.UNSPECIFIED.,.F.,.F.,(4,2,2,2,4),(0.199412541792796,
0.217746874319693,0.236081206846589,0.26262725835784,0.282099348394742),
 .UNSPECIFIED.);
#269=B_SPLINE_CURVE_WITH_KNOTS('',3,(#14709,#14710,#14711,#14712,#14713,
#14714,#14715,#14716,#14717,#14718),.UNSPECIFIED.,.F.,.F.,(4,2,2,2,4),(-0.0826868066019458,
-0.0632147165650443,-0.0366686650537934,-0.0183343325268967,0.),
 .UNSPECIFIED.);
#270=B_SPLINE_CURVE_WITH_KNOTS('',3,(#14721,#14722,#14723,#14724),
 .UNSPECIFIED.,.F.,.F.,(4,4),(0.096765032139415,0.10377862206531),
 .UNSPECIFIED.);
#271=B_SPLINE_CURVE_WITH_KNOTS('',3,(#14726,#14727,#14728,#14729),
 .UNSPECIFIED.,.F.,.F.,(4,4),(0.0855097218391919,0.0925233117650866),
 .UNSPECIFIED.);
#272=B_SPLINE_CURVE_WITH_KNOTS('',3,(#14745,#14746,#14747,#14748,#14749,
#14750,#14751,#14752,#14753,#14754),.UNSPECIFIED.,.F.,.F.,(4,2,2,2,4),(0.685301143296489,
0.746481700843916,0.847163170333879,0.947844639823842,1.00902519737127),
 .UNSPECIFIED.);
#273=B_SPLINE_CURVE_WITH_KNOTS('',3,(#15142,#15143,#15144,#15145,#15146,
#15147,#15148,#15149,#15150,#15151),.UNSPECIFIED.,.F.,.F.,(4,2,2,2,4),(-0.0775371022372778,
-0.0566584781557778,-0.0368001655970355,-0.0180010037000015,0.),
 .UNSPECIFIED.);
#274=B_SPLINE_CURVE_WITH_KNOTS('',3,(#15155,#15156,#15157,#15158,#15159,
#15160,#15161,#15162,#15163,#15164),.UNSPECIFIED.,.F.,.F.,(4,2,2,2,4),(0.,
0.0180010037000015,0.0368001655970355,0.0566584781557777,0.0775371022372779),
 .UNSPECIFIED.);
#275=B_SPLINE_CURVE_WITH_KNOTS('',3,(#15179,#15180,#15181,#15182,#15183,
#15184,#15185,#15186,#15187,#15188),.UNSPECIFIED.,.F.,.F.,(4,2,2,2,4),(0.,
0.0180010037000015,0.0368001655970355,0.0566584781557778,0.0775371022372778),
 .UNSPECIFIED.);
#276=B_SPLINE_CURVE_WITH_KNOTS('',3,(#15191,#15192,#15193,#15194,#15195,
#15196,#15197,#15198,#15199,#15200),.UNSPECIFIED.,.F.,.F.,(4,2,2,2,4),(-0.0775371022372778,
-0.0566584781557778,-0.0368001655970355,-0.0180010037000015,0.),
 .UNSPECIFIED.);
#277=SHAPE_REPRESENTATION_RELATIONSHIP('SRR','None',#15303,#287);
#278=SHAPE_REPRESENTATION_RELATIONSHIP('SRR','None',#15304,#288);
#279=SHAPE_REPRESENTATION_RELATIONSHIP('SRR','None',#15305,#289);
#280=SHAPE_REPRESENTATION_RELATIONSHIP('SRR','None',#15306,#290);
#281=SHAPE_REPRESENTATION_RELATIONSHIP('SRR','None',#15307,#291);
#282=SHAPE_REPRESENTATION_RELATIONSHIP('SRR','None',#15308,#292);
#283=SHAPE_REPRESENTATION_RELATIONSHIP('SRR','None',#15309,#293);
#284=SHAPE_REPRESENTATION_RELATIONSHIP('SRR','None',#15310,#294);
#285=SHAPE_REPRESENTATION_RELATIONSHIP('SRR','None',#15311,#295);
#286=SHAPE_REPRESENTATION_RELATIONSHIP('SRR','None',#15312,#296);
#287=ADVANCED_BREP_SHAPE_REPRESENTATION('',(#313),#15246);
#288=ADVANCED_BREP_SHAPE_REPRESENTATION('',(#314),#15247);
#289=ADVANCED_BREP_SHAPE_REPRESENTATION('',(#315),#15248);
#290=ADVANCED_BREP_SHAPE_REPRESENTATION('',(#316),#15249);
#291=ADVANCED_BREP_SHAPE_REPRESENTATION('',(#317),#15250);
#292=ADVANCED_BREP_SHAPE_REPRESENTATION('',(#318),#15251);
#293=ADVANCED_BREP_SHAPE_REPRESENTATION('',(#319),#15252);
#294=ADVANCED_BREP_SHAPE_REPRESENTATION('',(#320),#15253);
#295=ADVANCED_BREP_SHAPE_REPRESENTATION('',(#321,#322,#323,#324,#325),#15254);
#296=ADVANCED_BREP_SHAPE_REPRESENTATION('',(#326),#15255);
#297=STYLED_ITEM('',(#15368),#313);
#298=STYLED_ITEM('',(#15369),#314);
#299=STYLED_ITEM('',(#15369),#315);
#300=STYLED_ITEM('',(#15363),#316);
#301=STYLED_ITEM('',(#15363),#317);
#302=STYLED_ITEM('',(#15363),#318);
#303=STYLED_ITEM('',(#15370),#319);
#304=STYLED_ITEM('',(#15371),#8347);
#305=STYLED_ITEM('',(#15371),#320);
#306=STYLED_ITEM('',(#15372),#321);
#307=STYLED_ITEM('',(#15373),#322);
#308=STYLED_ITEM('',(#15373),#323);
#309=STYLED_ITEM('',(#15373),#324);
#310=STYLED_ITEM('',(#15369),#325);
#311=STYLED_ITEM('',(#15374),#326);
#312=STYLED_ITEM('',(#15375),#12);
#313=MANIFOLD_SOLID_BREP('Body1',#8393);
#314=MANIFOLD_SOLID_BREP('Body1',#8394);
#315=MANIFOLD_SOLID_BREP('Body1',#8395);
#316=MANIFOLD_SOLID_BREP('Middle Gear',#8396);
#317=MANIFOLD_SOLID_BREP('Pyramid Side Cover',#8397);
#318=MANIFOLD_SOLID_BREP('V Side Cover',#8398);
#319=MANIFOLD_SOLID_BREP('Cable- Pyr Side',#8399);
#320=MANIFOLD_SOLID_BREP('Cable- V Side',#8400);
#321=MANIFOLD_SOLID_BREP('FPC',#8401);
#322=MANIFOLD_SOLID_BREP('Solder Pad',#8402);
#323=MANIFOLD_SOLID_BREP('Solder Pad (1)',#8403);
#324=MANIFOLD_SOLID_BREP('Solder Pad (2)',#8404);
#325=MANIFOLD_SOLID_BREP('Stiffener',#8405);
#326=MANIFOLD_SOLID_BREP('Skin',#8406);
#327=CONICAL_SURFACE('',#8524,0.714285714285714,0.708626272127227);
#328=CONICAL_SURFACE('',#8528,0.714285714285714,0.708626272127227);
#329=CONICAL_SURFACE('',#8754,2.,1.19028994968253);
#330=CONICAL_SURFACE('',#8758,2.,1.19028994968253);
#331=CONICAL_SURFACE('',#8762,1.99999993983255,1.19028987447325);
#332=CONICAL_SURFACE('',#8766,2.,1.19028994968253);
#333=CONICAL_SURFACE('',#8770,2.,1.19028994968253);
#334=CONICAL_SURFACE('',#8774,2.,1.19028994968253);
#335=FACE_BOUND('',#1049,.T.);
#336=FACE_BOUND('',#1051,.T.);
#337=FACE_BOUND('',#1058,.T.);
#338=FACE_BOUND('',#1062,.T.);
#339=FACE_BOUND('',#1072,.T.);
#340=FACE_BOUND('',#1076,.T.);
#341=FACE_BOUND('',#1089,.T.);
#342=FACE_BOUND('',#1103,.T.);
#343=FACE_BOUND('',#1104,.T.);
#344=FACE_BOUND('',#1105,.T.);
#345=FACE_BOUND('',#1106,.T.);
#346=FACE_BOUND('',#1107,.T.);
#347=FACE_BOUND('',#1108,.T.);
#348=FACE_BOUND('',#1113,.T.);
#349=FACE_BOUND('',#1114,.T.);
#350=FACE_BOUND('',#1115,.T.);
#351=FACE_BOUND('',#1116,.T.);
#352=FACE_BOUND('',#1117,.T.);
#353=FACE_BOUND('',#1118,.T.);
#354=FACE_BOUND('',#1122,.T.);
#355=FACE_BOUND('',#1132,.T.);
#356=FACE_BOUND('',#1135,.T.);
#357=FACE_BOUND('',#1138,.T.);
#358=FACE_BOUND('',#1141,.T.);
#359=FACE_BOUND('',#1144,.T.);
#360=FACE_BOUND('',#1147,.T.);
#361=FACE_BOUND('',#1151,.T.);
#362=FACE_BOUND('',#1154,.T.);
#363=FACE_BOUND('',#1157,.T.);
#364=FACE_BOUND('',#1160,.T.);
#365=FACE_BOUND('',#1163,.T.);
#366=FACE_BOUND('',#1166,.T.);
#367=FACE_BOUND('',#1168,.T.);
#368=FACE_BOUND('',#1171,.T.);
#369=FACE_BOUND('',#1315,.T.);
#370=FACE_BOUND('',#1331,.T.);
#371=FACE_BOUND('',#1415,.T.);
#372=FACE_BOUND('',#1419,.T.);
#373=FACE_BOUND('',#1457,.T.);
#374=FACE_BOUND('',#1458,.T.);
#375=FACE_BOUND('',#1461,.T.);
#376=FACE_BOUND('',#1464,.T.);
#377=FACE_BOUND('',#1467,.T.);
#378=FACE_BOUND('',#1470,.T.);
#379=PLANE('',#8517);
#380=PLANE('',#8519);
#381=PLANE('',#8530);
#382=PLANE('',#8532);
#383=PLANE('',#8538);
#384=PLANE('',#8539);
#385=PLANE('',#8540);
#386=PLANE('',#8541);
#387=PLANE('',#8542);
#388=PLANE('',#8543);
#389=PLANE('',#8544);
#390=PLANE('',#8545);
#391=PLANE('',#8547);
#392=PLANE('',#8549);
#393=PLANE('',#8555);
#394=PLANE('',#8556);
#395=PLANE('',#8557);
#396=PLANE('',#8558);
#397=PLANE('',#8559);
#398=PLANE('',#8560);
#399=PLANE('',#8561);
#400=PLANE('',#8562);
#401=PLANE('',#8570);
#402=PLANE('',#8571);
#403=PLANE('',#8572);
#404=PLANE('',#8589);
#405=PLANE('',#8590);
#406=PLANE('',#8591);
#407=PLANE('',#8595);
#408=PLANE('',#8596);
#409=PLANE('',#8597);
#410=PLANE('',#8598);
#411=PLANE('',#8599);
#412=PLANE('',#8600);
#413=PLANE('',#8601);
#414=PLANE('',#8602);
#415=PLANE('',#8603);
#416=PLANE('',#8658);
#417=PLANE('',#8659);
#418=PLANE('',#8660);
#419=PLANE('',#8661);
#420=PLANE('',#8716);
#421=PLANE('',#8717);
#422=PLANE('',#8718);
#423=PLANE('',#8752);
#424=PLANE('',#8756);
#425=PLANE('',#8760);
#426=PLANE('',#8764);
#427=PLANE('',#8768);
#428=PLANE('',#8772);
#429=PLANE('',#8778);
#430=PLANE('',#8781);
#431=PLANE('',#8784);
#432=PLANE('',#8787);
#433=PLANE('',#8790);
#434=PLANE('',#8793);
#435=PLANE('',#8794);
#436=PLANE('',#8811);
#437=PLANE('',#8812);
#438=PLANE('',#8889);
#439=PLANE('',#8893);
#440=PLANE('',#8894);
#441=PLANE('',#8898);
#442=PLANE('',#8899);
#443=PLANE('',#8900);
#444=PLANE('',#8904);
#445=PLANE('',#8916);
#446=PLANE('',#8920);
#447=PLANE('',#8925);
#448=PLANE('',#8928);
#449=PLANE('',#8929);
#450=PLANE('',#8930);
#451=PLANE('',#8931);
#452=PLANE('',#8932);
#453=PLANE('',#8933);
#454=PLANE('',#8941);
#455=PLANE('',#8946);
#456=PLANE('',#8948);
#457=PLANE('',#8974);
#458=PLANE('',#8977);
#459=PLANE('',#8979);
#460=PLANE('',#8982);
#461=PLANE('',#8992);
#462=PLANE('',#8996);
#463=PLANE('',#8998);
#464=PLANE('',#8999);
#465=PLANE('',#9000);
#466=PLANE('',#9004);
#467=PLANE('',#9005);
#468=PLANE('',#9006);
#469=PLANE('',#9010);
#470=PLANE('',#9011);
#471=PLANE('',#9013);
#472=PLANE('',#9017);
#473=PLANE('',#9018);
#474=PLANE('',#9020);
#475=PLANE('',#9024);
#476=PLANE('',#9025);
#477=PLANE('',#9026);
#478=PLANE('',#9030);
#479=PLANE('',#9031);
#480=PLANE('',#9035);
#481=PLANE('',#9036);
#482=PLANE('',#9037);
#483=PLANE('',#9042);
#484=PLANE('',#9043);
#485=PLANE('',#9044);
#486=PLANE('',#9045);
#487=PLANE('',#9046);
#488=PLANE('',#9047);
#489=PLANE('',#9048);
#490=PLANE('',#9049);
#491=PLANE('',#9050);
#492=PLANE('',#9051);
#493=PLANE('',#9052);
#494=PLANE('',#9053);
#495=PLANE('',#9054);
#496=PLANE('',#9055);
#497=PLANE('',#9056);
#498=PLANE('',#9057);
#499=PLANE('',#9058);
#500=PLANE('',#9059);
#501=PLANE('',#9060);
#502=PLANE('',#9061);
#503=PLANE('',#9062);
#504=PLANE('',#9063);
#505=PLANE('',#9064);
#506=PLANE('',#9065);
#507=PLANE('',#9066);
#508=PLANE('',#9067);
#509=PLANE('',#9073);
#510=PLANE('',#9076);
#511=PLANE('',#9080);
#512=PLANE('',#9085);
#513=PLANE('',#9089);
#514=PLANE('',#9090);
#515=PLANE('',#9091);
#516=PLANE('',#9092);
#517=PLANE('',#9093);
#518=PLANE('',#9094);
#519=PLANE('',#9096);
#520=PLANE('',#9099);
#521=PLANE('',#9102);
#522=PLANE('',#9106);
#523=PLANE('',#9109);
#524=PLANE('',#9110);
#525=PLANE('',#9111);
#526=PLANE('',#9112);
#527=PLANE('',#9113);
#528=PLANE('',#9114);
#529=PLANE('',#9115);
#530=PLANE('',#9116);
#531=PLANE('',#9117);
#532=PLANE('',#9118);
#533=PLANE('',#9120);
#534=PLANE('',#9129);
#535=PLANE('',#9134);
#536=PLANE('',#9139);
#537=PLANE('',#9146);
#538=PLANE('',#9157);
#539=PLANE('',#9158);
#540=PLANE('',#9159);
#541=PLANE('',#9160);
#542=PLANE('',#9161);
#543=PLANE('',#9162);
#544=PLANE('',#9163);
#545=PLANE('',#9165);
#546=PLANE('',#9166);
#547=PLANE('',#9173);
#548=PLANE('',#9176);
#549=PLANE('',#9180);
#550=PLANE('',#9184);
#551=PLANE('',#9189);
#552=PLANE('',#9190);
#553=PLANE('',#9191);
#554=PLANE('',#9192);
#555=PLANE('',#9193);
#556=PLANE('',#9194);
#557=PLANE('',#9195);
#558=PLANE('',#9196);
#559=PLANE('',#9197);
#560=PLANE('',#9198);
#561=PLANE('',#9199);
#562=PLANE('',#9201);
#563=PLANE('',#9226);
#564=PLANE('',#9228);
#565=PLANE('',#9253);
#566=PLANE('',#9255);
#567=PLANE('',#9256);
#568=PLANE('',#9257);
#569=PLANE('',#9263);
#570=PLANE('',#9266);
#571=PLANE('',#9267);
#572=PLANE('',#9268);
#573=PLANE('',#9271);
#574=PLANE('',#9272);
#575=PLANE('',#9273);
#576=PLANE('',#9274);
#577=PLANE('',#9275);
#578=PLANE('',#9279);
#579=PLANE('',#9280);
#580=PLANE('',#9284);
#581=PLANE('',#9285);
#582=PLANE('',#9289);
#583=PLANE('',#9290);
#584=PLANE('',#9291);
#585=PLANE('',#9292);
#586=PLANE('',#9293);
#587=PLANE('',#9294);
#588=PLANE('',#9295);
#589=PLANE('',#9296);
#590=PLANE('',#9303);
#591=PLANE('',#9306);
#592=PLANE('',#9307);
#593=PLANE('',#9308);
#594=PLANE('',#9309);
#595=FACE_OUTER_BOUND('',#1046,.T.);
#596=FACE_OUTER_BOUND('',#1047,.T.);
#597=FACE_OUTER_BOUND('',#1048,.T.);
#598=FACE_OUTER_BOUND('',#1050,.T.);
#599=FACE_OUTER_BOUND('',#1052,.T.);
#600=FACE_OUTER_BOUND('',#1053,.T.);
#601=FACE_OUTER_BOUND('',#1054,.T.);
#602=FACE_OUTER_BOUND('',#1055,.T.);
#603=FACE_OUTER_BOUND('',#1056,.T.);
#604=FACE_OUTER_BOUND('',#1057,.T.);
#605=FACE_OUTER_BOUND('',#1059,.T.);
#606=FACE_OUTER_BOUND('',#1060,.T.);
#607=FACE_OUTER_BOUND('',#1061,.T.);
#608=FACE_OUTER_BOUND('',#1063,.T.);
#609=FACE_OUTER_BOUND('',#1064,.T.);
#610=FACE_OUTER_BOUND('',#1065,.T.);
#611=FACE_OUTER_BOUND('',#1066,.T.);
#612=FACE_OUTER_BOUND('',#1067,.T.);
#613=FACE_OUTER_BOUND('',#1068,.T.);
#614=FACE_OUTER_BOUND('',#1069,.T.);
#615=FACE_OUTER_BOUND('',#1070,.T.);
#616=FACE_OUTER_BOUND('',#1071,.T.);
#617=FACE_OUTER_BOUND('',#1073,.T.);
#618=FACE_OUTER_BOUND('',#1074,.T.);
#619=FACE_OUTER_BOUND('',#1075,.T.);
#620=FACE_OUTER_BOUND('',#1077,.T.);
#621=FACE_OUTER_BOUND('',#1078,.T.);
#622=FACE_OUTER_BOUND('',#1079,.T.);
#623=FACE_OUTER_BOUND('',#1080,.T.);
#624=FACE_OUTER_BOUND('',#1081,.T.);
#625=FACE_OUTER_BOUND('',#1082,.T.);
#626=FACE_OUTER_BOUND('',#1083,.T.);
#627=FACE_OUTER_BOUND('',#1084,.T.);
#628=FACE_OUTER_BOUND('',#1085,.T.);
#629=FACE_OUTER_BOUND('',#1086,.T.);
#630=FACE_OUTER_BOUND('',#1087,.T.);
#631=FACE_OUTER_BOUND('',#1088,.T.);
#632=FACE_OUTER_BOUND('',#1090,.T.);
#633=FACE_OUTER_BOUND('',#1091,.T.);
#634=FACE_OUTER_BOUND('',#1092,.T.);
#635=FACE_OUTER_BOUND('',#1093,.T.);
#636=FACE_OUTER_BOUND('',#1094,.T.);
#637=FACE_OUTER_BOUND('',#1095,.T.);
#638=FACE_OUTER_BOUND('',#1096,.T.);
#639=FACE_OUTER_BOUND('',#1097,.T.);
#640=FACE_OUTER_BOUND('',#1098,.T.);
#641=FACE_OUTER_BOUND('',#1099,.T.);
#642=FACE_OUTER_BOUND('',#1100,.T.);
#643=FACE_OUTER_BOUND('',#1101,.T.);
#644=FACE_OUTER_BOUND('',#1102,.T.);
#645=FACE_OUTER_BOUND('',#1109,.T.);
#646=FACE_OUTER_BOUND('',#1110,.T.);
#647=FACE_OUTER_BOUND('',#1111,.T.);
#648=FACE_OUTER_BOUND('',#1112,.T.);
#649=FACE_OUTER_BOUND('',#1119,.T.);
#650=FACE_OUTER_BOUND('',#1120,.T.);
#651=FACE_OUTER_BOUND('',#1121,.T.);
#652=FACE_OUTER_BOUND('',#1123,.T.);
#653=FACE_OUTER_BOUND('',#1124,.T.);
#654=FACE_OUTER_BOUND('',#1125,.T.);
#655=FACE_OUTER_BOUND('',#1126,.T.);
#656=FACE_OUTER_BOUND('',#1127,.T.);
#657=FACE_OUTER_BOUND('',#1128,.T.);
#658=FACE_OUTER_BOUND('',#1129,.T.);
#659=FACE_OUTER_BOUND('',#1130,.T.);
#660=FACE_OUTER_BOUND('',#1131,.T.);
#661=FACE_OUTER_BOUND('',#1133,.T.);
#662=FACE_OUTER_BOUND('',#1134,.T.);
#663=FACE_OUTER_BOUND('',#1136,.T.);
#664=FACE_OUTER_BOUND('',#1137,.T.);
#665=FACE_OUTER_BOUND('',#1139,.T.);
#666=FACE_OUTER_BOUND('',#1140,.T.);
#667=FACE_OUTER_BOUND('',#1142,.T.);
#668=FACE_OUTER_BOUND('',#1143,.T.);
#669=FACE_OUTER_BOUND('',#1145,.T.);
#670=FACE_OUTER_BOUND('',#1146,.T.);
#671=FACE_OUTER_BOUND('',#1148,.T.);
#672=FACE_OUTER_BOUND('',#1149,.T.);
#673=FACE_OUTER_BOUND('',#1150,.T.);
#674=FACE_OUTER_BOUND('',#1152,.T.);
#675=FACE_OUTER_BOUND('',#1153,.T.);
#676=FACE_OUTER_BOUND('',#1155,.T.);
#677=FACE_OUTER_BOUND('',#1156,.T.);
#678=FACE_OUTER_BOUND('',#1158,.T.);
#679=FACE_OUTER_BOUND('',#1159,.T.);
#680=FACE_OUTER_BOUND('',#1161,.T.);
#681=FACE_OUTER_BOUND('',#1162,.T.);
#682=FACE_OUTER_BOUND('',#1164,.T.);
#683=FACE_OUTER_BOUND('',#1165,.T.);
#684=FACE_OUTER_BOUND('',#1167,.T.);
#685=FACE_OUTER_BOUND('',#1169,.T.);
#686=FACE_OUTER_BOUND('',#1170,.T.);
#687=FACE_OUTER_BOUND('',#1172,.T.);
#688=FACE_OUTER_BOUND('',#1173,.T.);
#689=FACE_OUTER_BOUND('',#1174,.T.);
#690=FACE_OUTER_BOUND('',#1175,.T.);
#691=FACE_OUTER_BOUND('',#1176,.T.);
#692=FACE_OUTER_BOUND('',#1177,.T.);
#693=FACE_OUTER_BOUND('',#1178,.T.);
#694=FACE_OUTER_BOUND('',#1179,.T.);
#695=FACE_OUTER_BOUND('',#1180,.T.);
#696=FACE_OUTER_BOUND('',#1181,.T.);
#697=FACE_OUTER_BOUND('',#1182,.T.);
#698=FACE_OUTER_BOUND('',#1183,.T.);
#699=FACE_OUTER_BOUND('',#1184,.T.);
#700=FACE_OUTER_BOUND('',#1185,.T.);
#701=FACE_OUTER_BOUND('',#1186,.T.);
#702=FACE_OUTER_BOUND('',#1187,.T.);
#703=FACE_OUTER_BOUND('',#1188,.T.);
#704=FACE_OUTER_BOUND('',#1189,.T.);
#705=FACE_OUTER_BOUND('',#1190,.T.);
#706=FACE_OUTER_BOUND('',#1191,.T.);
#707=FACE_OUTER_BOUND('',#1192,.T.);
#708=FACE_OUTER_BOUND('',#1193,.T.);
#709=FACE_OUTER_BOUND('',#1194,.T.);
#710=FACE_OUTER_BOUND('',#1195,.T.);
#711=FACE_OUTER_BOUND('',#1196,.T.);
#712=FACE_OUTER_BOUND('',#1197,.T.);
#713=FACE_OUTER_BOUND('',#1198,.T.);
#714=FACE_OUTER_BOUND('',#1199,.T.);
#715=FACE_OUTER_BOUND('',#1200,.T.);
#716=FACE_OUTER_BOUND('',#1201,.T.);
#717=FACE_OUTER_BOUND('',#1202,.T.);
#718=FACE_OUTER_BOUND('',#1203,.T.);
#719=FACE_OUTER_BOUND('',#1204,.T.);
#720=FACE_OUTER_BOUND('',#1205,.T.);
#721=FACE_OUTER_BOUND('',#1206,.T.);
#722=FACE_OUTER_BOUND('',#1207,.T.);
#723=FACE_OUTER_BOUND('',#1208,.T.);
#724=FACE_OUTER_BOUND('',#1209,.T.);
#725=FACE_OUTER_BOUND('',#1210,.T.);
#726=FACE_OUTER_BOUND('',#1211,.T.);
#727=FACE_OUTER_BOUND('',#1212,.T.);
#728=FACE_OUTER_BOUND('',#1213,.T.);
#729=FACE_OUTER_BOUND('',#1214,.T.);
#730=FACE_OUTER_BOUND('',#1215,.T.);
#731=FACE_OUTER_BOUND('',#1216,.T.);
#732=FACE_OUTER_BOUND('',#1217,.T.);
#733=FACE_OUTER_BOUND('',#1218,.T.);
#734=FACE_OUTER_BOUND('',#1219,.T.);
#735=FACE_OUTER_BOUND('',#1220,.T.);
#736=FACE_OUTER_BOUND('',#1221,.T.);
#737=FACE_OUTER_BOUND('',#1222,.T.);
#738=FACE_OUTER_BOUND('',#1223,.T.);
#739=FACE_OUTER_BOUND('',#1224,.T.);
#740=FACE_OUTER_BOUND('',#1225,.T.);
#741=FACE_OUTER_BOUND('',#1226,.T.);
#742=FACE_OUTER_BOUND('',#1227,.T.);
#743=FACE_OUTER_BOUND('',#1228,.T.);
#744=FACE_OUTER_BOUND('',#1229,.T.);
#745=FACE_OUTER_BOUND('',#1230,.T.);
#746=FACE_OUTER_BOUND('',#1231,.T.);
#747=FACE_OUTER_BOUND('',#1232,.T.);
#748=FACE_OUTER_BOUND('',#1233,.T.);
#749=FACE_OUTER_BOUND('',#1234,.T.);
#750=FACE_OUTER_BOUND('',#1235,.T.);
#751=FACE_OUTER_BOUND('',#1236,.T.);
#752=FACE_OUTER_BOUND('',#1237,.T.);
#753=FACE_OUTER_BOUND('',#1238,.T.);
#754=FACE_OUTER_BOUND('',#1239,.T.);
#755=FACE_OUTER_BOUND('',#1240,.T.);
#756=FACE_OUTER_BOUND('',#1241,.T.);
#757=FACE_OUTER_BOUND('',#1242,.T.);
#758=FACE_OUTER_BOUND('',#1243,.T.);
#759=FACE_OUTER_BOUND('',#1244,.T.);
#760=FACE_OUTER_BOUND('',#1245,.T.);
#761=FACE_OUTER_BOUND('',#1246,.T.);
#762=FACE_OUTER_BOUND('',#1247,.T.);
#763=FACE_OUTER_BOUND('',#1248,.T.);
#764=FACE_OUTER_BOUND('',#1249,.T.);
#765=FACE_OUTER_BOUND('',#1250,.T.);
#766=FACE_OUTER_BOUND('',#1251,.T.);
#767=FACE_OUTER_BOUND('',#1252,.T.);
#768=FACE_OUTER_BOUND('',#1253,.T.);
#769=FACE_OUTER_BOUND('',#1254,.T.);
#770=FACE_OUTER_BOUND('',#1255,.T.);
#771=FACE_OUTER_BOUND('',#1256,.T.);
#772=FACE_OUTER_BOUND('',#1257,.T.);
#773=FACE_OUTER_BOUND('',#1258,.T.);
#774=FACE_OUTER_BOUND('',#1259,.T.);
#775=FACE_OUTER_BOUND('',#1260,.T.);
#776=FACE_OUTER_BOUND('',#1261,.T.);
#777=FACE_OUTER_BOUND('',#1262,.T.);
#778=FACE_OUTER_BOUND('',#1263,.T.);
#779=FACE_OUTER_BOUND('',#1264,.T.);
#780=FACE_OUTER_BOUND('',#1265,.T.);
#781=FACE_OUTER_BOUND('',#1266,.T.);
#782=FACE_OUTER_BOUND('',#1267,.T.);
#783=FACE_OUTER_BOUND('',#1268,.T.);
#784=FACE_OUTER_BOUND('',#1269,.T.);
#785=FACE_OUTER_BOUND('',#1270,.T.);
#786=FACE_OUTER_BOUND('',#1271,.T.);
#787=FACE_OUTER_BOUND('',#1272,.T.);
#788=FACE_OUTER_BOUND('',#1273,.T.);
#789=FACE_OUTER_BOUND('',#1274,.T.);
#790=FACE_OUTER_BOUND('',#1275,.T.);
#791=FACE_OUTER_BOUND('',#1276,.T.);
#792=FACE_OUTER_BOUND('',#1277,.T.);
#793=FACE_OUTER_BOUND('',#1278,.T.);
#794=FACE_OUTER_BOUND('',#1279,.T.);
#795=FACE_OUTER_BOUND('',#1280,.T.);
#796=FACE_OUTER_BOUND('',#1281,.T.);
#797=FACE_OUTER_BOUND('',#1282,.T.);
#798=FACE_OUTER_BOUND('',#1283,.T.);
#799=FACE_OUTER_BOUND('',#1284,.T.);
#800=FACE_OUTER_BOUND('',#1285,.T.);
#801=FACE_OUTER_BOUND('',#1286,.T.);
#802=FACE_OUTER_BOUND('',#1287,.T.);
#803=FACE_OUTER_BOUND('',#1288,.T.);
#804=FACE_OUTER_BOUND('',#1289,.T.);
#805=FACE_OUTER_BOUND('',#1290,.T.);
#806=FACE_OUTER_BOUND('',#1291,.T.);
#807=FACE_OUTER_BOUND('',#1292,.T.);
#808=FACE_OUTER_BOUND('',#1293,.T.);
#809=FACE_OUTER_BOUND('',#1294,.T.);
#810=FACE_OUTER_BOUND('',#1295,.T.);
#811=FACE_OUTER_BOUND('',#1296,.T.);
#812=FACE_OUTER_BOUND('',#1297,.T.);
#813=FACE_OUTER_BOUND('',#1298,.T.);
#814=FACE_OUTER_BOUND('',#1299,.T.);
#815=FACE_OUTER_BOUND('',#1300,.T.);
#816=FACE_OUTER_BOUND('',#1301,.T.);
#817=FACE_OUTER_BOUND('',#1302,.T.);
#818=FACE_OUTER_BOUND('',#1303,.T.);
#819=FACE_OUTER_BOUND('',#1304,.T.);
#820=FACE_OUTER_BOUND('',#1305,.T.);
#821=FACE_OUTER_BOUND('',#1306,.T.);
#822=FACE_OUTER_BOUND('',#1307,.T.);
#823=FACE_OUTER_BOUND('',#1308,.T.);
#824=FACE_OUTER_BOUND('',#1309,.T.);
#825=FACE_OUTER_BOUND('',#1310,.T.);
#826=FACE_OUTER_BOUND('',#1311,.T.);
#827=FACE_OUTER_BOUND('',#1312,.T.);
#828=FACE_OUTER_BOUND('',#1313,.T.);
#829=FACE_OUTER_BOUND('',#1314,.T.);
#830=FACE_OUTER_BOUND('',#1316,.T.);
#831=FACE_OUTER_BOUND('',#1317,.T.);
#832=FACE_OUTER_BOUND('',#1318,.T.);
#833=FACE_OUTER_BOUND('',#1319,.T.);
#834=FACE_OUTER_BOUND('',#1320,.T.);
#835=FACE_OUTER_BOUND('',#1321,.T.);
#836=FACE_OUTER_BOUND('',#1322,.T.);
#837=FACE_OUTER_BOUND('',#1323,.T.);
#838=FACE_OUTER_BOUND('',#1324,.T.);
#839=FACE_OUTER_BOUND('',#1325,.T.);
#840=FACE_OUTER_BOUND('',#1326,.T.);
#841=FACE_OUTER_BOUND('',#1327,.T.);
#842=FACE_OUTER_BOUND('',#1328,.T.);
#843=FACE_OUTER_BOUND('',#1329,.T.);
#844=FACE_OUTER_BOUND('',#1330,.T.);
#845=FACE_OUTER_BOUND('',#1332,.T.);
#846=FACE_OUTER_BOUND('',#1333,.T.);
#847=FACE_OUTER_BOUND('',#1334,.T.);
#848=FACE_OUTER_BOUND('',#1335,.T.);
#849=FACE_OUTER_BOUND('',#1336,.T.);
#850=FACE_OUTER_BOUND('',#1337,.T.);
#851=FACE_OUTER_BOUND('',#1338,.T.);
#852=FACE_OUTER_BOUND('',#1339,.T.);
#853=FACE_OUTER_BOUND('',#1340,.T.);
#854=FACE_OUTER_BOUND('',#1341,.T.);
#855=FACE_OUTER_BOUND('',#1342,.T.);
#856=FACE_OUTER_BOUND('',#1343,.T.);
#857=FACE_OUTER_BOUND('',#1344,.T.);
#858=FACE_OUTER_BOUND('',#1345,.T.);
#859=FACE_OUTER_BOUND('',#1346,.T.);
#860=FACE_OUTER_BOUND('',#1347,.T.);
#861=FACE_OUTER_BOUND('',#1348,.T.);
#862=FACE_OUTER_BOUND('',#1349,.T.);
#863=FACE_OUTER_BOUND('',#1350,.T.);
#864=FACE_OUTER_BOUND('',#1351,.T.);
#865=FACE_OUTER_BOUND('',#1352,.T.);
#866=FACE_OUTER_BOUND('',#1353,.T.);
#867=FACE_OUTER_BOUND('',#1354,.T.);
#868=FACE_OUTER_BOUND('',#1355,.T.);
#869=FACE_OUTER_BOUND('',#1356,.T.);
#870=FACE_OUTER_BOUND('',#1357,.T.);
#871=FACE_OUTER_BOUND('',#1358,.T.);
#872=FACE_OUTER_BOUND('',#1359,.T.);
#873=FACE_OUTER_BOUND('',#1360,.T.);
#874=FACE_OUTER_BOUND('',#1361,.T.);
#875=FACE_OUTER_BOUND('',#1362,.T.);
#876=FACE_OUTER_BOUND('',#1363,.T.);
#877=FACE_OUTER_BOUND('',#1364,.T.);
#878=FACE_OUTER_BOUND('',#1365,.T.);
#879=FACE_OUTER_BOUND('',#1366,.T.);
#880=FACE_OUTER_BOUND('',#1367,.T.);
#881=FACE_OUTER_BOUND('',#1368,.T.);
#882=FACE_OUTER_BOUND('',#1369,.T.);
#883=FACE_OUTER_BOUND('',#1370,.T.);
#884=FACE_OUTER_BOUND('',#1371,.T.);
#885=FACE_OUTER_BOUND('',#1372,.T.);
#886=FACE_OUTER_BOUND('',#1373,.T.);
#887=FACE_OUTER_BOUND('',#1374,.T.);
#888=FACE_OUTER_BOUND('',#1375,.T.);
#889=FACE_OUTER_BOUND('',#1376,.T.);
#890=FACE_OUTER_BOUND('',#1377,.T.);
#891=FACE_OUTER_BOUND('',#1378,.T.);
#892=FACE_OUTER_BOUND('',#1379,.T.);
#893=FACE_OUTER_BOUND('',#1380,.T.);
#894=FACE_OUTER_BOUND('',#1381,.T.);
#895=FACE_OUTER_BOUND('',#1382,.T.);
#896=FACE_OUTER_BOUND('',#1383,.T.);
#897=FACE_OUTER_BOUND('',#1384,.T.);
#898=FACE_OUTER_BOUND('',#1385,.T.);
#899=FACE_OUTER_BOUND('',#1386,.T.);
#900=FACE_OUTER_BOUND('',#1387,.T.);
#901=FACE_OUTER_BOUND('',#1388,.T.);
#902=FACE_OUTER_BOUND('',#1389,.T.);
#903=FACE_OUTER_BOUND('',#1390,.T.);
#904=FACE_OUTER_BOUND('',#1391,.T.);
#905=FACE_OUTER_BOUND('',#1392,.T.);
#906=FACE_OUTER_BOUND('',#1393,.T.);
#907=FACE_OUTER_BOUND('',#1394,.T.);
#908=FACE_OUTER_BOUND('',#1395,.T.);
#909=FACE_OUTER_BOUND('',#1396,.T.);
#910=FACE_OUTER_BOUND('',#1397,.T.);
#911=FACE_OUTER_BOUND('',#1398,.T.);
#912=FACE_OUTER_BOUND('',#1399,.T.);
#913=FACE_OUTER_BOUND('',#1400,.T.);
#914=FACE_OUTER_BOUND('',#1401,.T.);
#915=FACE_OUTER_BOUND('',#1402,.T.);
#916=FACE_OUTER_BOUND('',#1403,.T.);
#917=FACE_OUTER_BOUND('',#1404,.T.);
#918=FACE_OUTER_BOUND('',#1405,.T.);
#919=FACE_OUTER_BOUND('',#1406,.T.);
#920=FACE_OUTER_BOUND('',#1407,.T.);
#921=FACE_OUTER_BOUND('',#1408,.T.);
#922=FACE_OUTER_BOUND('',#1409,.T.);
#923=FACE_OUTER_BOUND('',#1410,.T.);
#924=FACE_OUTER_BOUND('',#1411,.T.);
#925=FACE_OUTER_BOUND('',#1412,.T.);
#926=FACE_OUTER_BOUND('',#1413,.T.);
#927=FACE_OUTER_BOUND('',#1414,.T.);
#928=FACE_OUTER_BOUND('',#1416,.T.);
#929=FACE_OUTER_BOUND('',#1417,.T.);
#930=FACE_OUTER_BOUND('',#1418,.T.);
#931=FACE_OUTER_BOUND('',#1420,.T.);
#932=FACE_OUTER_BOUND('',#1421,.T.);
#933=FACE_OUTER_BOUND('',#1422,.T.);
#934=FACE_OUTER_BOUND('',#1423,.T.);
#935=FACE_OUTER_BOUND('',#1424,.T.);
#936=FACE_OUTER_BOUND('',#1425,.T.);
#937=FACE_OUTER_BOUND('',#1426,.T.);
#938=FACE_OUTER_BOUND('',#1427,.T.);
#939=FACE_OUTER_BOUND('',#1428,.T.);
#940=FACE_OUTER_BOUND('',#1429,.T.);
#941=FACE_OUTER_BOUND('',#1430,.T.);
#942=FACE_OUTER_BOUND('',#1431,.T.);
#943=FACE_OUTER_BOUND('',#1432,.T.);
#944=FACE_OUTER_BOUND('',#1433,.T.);
#945=FACE_OUTER_BOUND('',#1434,.T.);
#946=FACE_OUTER_BOUND('',#1435,.T.);
#947=FACE_OUTER_BOUND('',#1436,.T.);
#948=FACE_OUTER_BOUND('',#1437,.T.);
#949=FACE_OUTER_BOUND('',#1438,.T.);
#950=FACE_OUTER_BOUND('',#1439,.T.);
#951=FACE_OUTER_BOUND('',#1440,.T.);
#952=FACE_OUTER_BOUND('',#1441,.T.);
#953=FACE_OUTER_BOUND('',#1442,.T.);
#954=FACE_OUTER_BOUND('',#1443,.T.);
#955=FACE_OUTER_BOUND('',#1444,.T.);
#956=FACE_OUTER_BOUND('',#1445,.T.);
#957=FACE_OUTER_BOUND('',#1446,.T.);
#958=FACE_OUTER_BOUND('',#1447,.T.);
#959=FACE_OUTER_BOUND('',#1448,.T.);
#960=FACE_OUTER_BOUND('',#1449,.T.);
#961=FACE_OUTER_BOUND('',#1450,.T.);
#962=FACE_OUTER_BOUND('',#1451,.T.);
#963=FACE_OUTER_BOUND('',#1452,.T.);
#964=FACE_OUTER_BOUND('',#1453,.T.);
#965=FACE_OUTER_BOUND('',#1454,.T.);
#966=FACE_OUTER_BOUND('',#1455,.T.);
#967=FACE_OUTER_BOUND('',#1456,.T.);
#968=FACE_OUTER_BOUND('',#1459,.T.);
#969=FACE_OUTER_BOUND('',#1460,.T.);
#970=FACE_OUTER_BOUND('',#1462,.T.);
#971=FACE_OUTER_BOUND('',#1463,.T.);
#972=FACE_OUTER_BOUND('',#1465,.T.);
#973=FACE_OUTER_BOUND('',#1466,.T.);
#974=FACE_OUTER_BOUND('',#1468,.T.);
#975=FACE_OUTER_BOUND('',#1469,.T.);
#976=FACE_OUTER_BOUND('',#1471,.T.);
#977=FACE_OUTER_BOUND('',#1472,.T.);
#978=FACE_OUTER_BOUND('',#1473,.T.);
#979=FACE_OUTER_BOUND('',#1474,.T.);
#980=FACE_OUTER_BOUND('',#1475,.T.);
#981=FACE_OUTER_BOUND('',#1476,.T.);
#982=FACE_OUTER_BOUND('',#1477,.T.);
#983=FACE_OUTER_BOUND('',#1478,.T.);
#984=FACE_OUTER_BOUND('',#1479,.T.);
#985=FACE_OUTER_BOUND('',#1480,.T.);
#986=FACE_OUTER_BOUND('',#1481,.T.);
#987=FACE_OUTER_BOUND('',#1482,.T.);
#988=FACE_OUTER_BOUND('',#1483,.T.);
#989=FACE_OUTER_BOUND('',#1484,.T.);
#990=FACE_OUTER_BOUND('',#1485,.T.);
#991=FACE_OUTER_BOUND('',#1486,.T.);
#992=FACE_OUTER_BOUND('',#1487,.T.);
#993=FACE_OUTER_BOUND('',#1488,.T.);
#994=FACE_OUTER_BOUND('',#1489,.T.);
#995=FACE_OUTER_BOUND('',#1490,.T.);
#996=FACE_OUTER_BOUND('',#1491,.T.);
#997=FACE_OUTER_BOUND('',#1492,.T.);
#998=FACE_OUTER_BOUND('',#1493,.T.);
#999=FACE_OUTER_BOUND('',#1494,.T.);
#1000=FACE_OUTER_BOUND('',#1495,.T.);
#1001=FACE_OUTER_BOUND('',#1496,.T.);
#1002=FACE_OUTER_BOUND('',#1497,.T.);
#1003=FACE_OUTER_BOUND('',#1498,.T.);
#1004=FACE_OUTER_BOUND('',#1499,.T.);
#1005=FACE_OUTER_BOUND('',#1500,.T.);
#1006=FACE_OUTER_BOUND('',#1501,.T.);
#1007=FACE_OUTER_BOUND('',#1502,.T.);
#1008=FACE_OUTER_BOUND('',#1503,.T.);
#1009=FACE_OUTER_BOUND('',#1504,.T.);
#1010=FACE_OUTER_BOUND('',#1505,.T.);
#1011=FACE_OUTER_BOUND('',#1506,.T.);
#1012=FACE_OUTER_BOUND('',#1507,.T.);
#1013=FACE_OUTER_BOUND('',#1508,.T.);
#1014=FACE_OUTER_BOUND('',#1509,.T.);
#1015=FACE_OUTER_BOUND('',#1510,.T.);
#1016=FACE_OUTER_BOUND('',#1511,.T.);
#1017=FACE_OUTER_BOUND('',#1512,.T.);
#1018=FACE_OUTER_BOUND('',#1513,.T.);
#1019=FACE_OUTER_BOUND('',#1514,.T.);
#1020=FACE_OUTER_BOUND('',#1515,.T.);
#1021=FACE_OUTER_BOUND('',#1516,.T.);
#1022=FACE_OUTER_BOUND('',#1517,.T.);
#1023=FACE_OUTER_BOUND('',#1518,.T.);
#1024=FACE_OUTER_BOUND('',#1519,.T.);
#1025=FACE_OUTER_BOUND('',#1520,.T.);
#1026=FACE_OUTER_BOUND('',#1521,.T.);
#1027=FACE_OUTER_BOUND('',#1522,.T.);
#1028=FACE_OUTER_BOUND('',#1523,.T.);
#1029=FACE_OUTER_BOUND('',#1524,.T.);
#1030=FACE_OUTER_BOUND('',#1525,.T.);
#1031=FACE_OUTER_BOUND('',#1526,.T.);
#1032=FACE_OUTER_BOUND('',#1527,.T.);
#1033=FACE_OUTER_BOUND('',#1528,.T.);
#1034=FACE_OUTER_BOUND('',#1529,.T.);
#1035=FACE_OUTER_BOUND('',#1530,.T.);
#1036=FACE_OUTER_BOUND('',#1531,.T.);
#1037=FACE_OUTER_BOUND('',#1532,.T.);
#1038=FACE_OUTER_BOUND('',#1533,.T.);
#1039=FACE_OUTER_BOUND('',#1534,.T.);
#1040=FACE_OUTER_BOUND('',#1535,.T.);
#1041=FACE_OUTER_BOUND('',#1536,.T.);
#1042=FACE_OUTER_BOUND('',#1537,.T.);
#1043=FACE_OUTER_BOUND('',#1538,.T.);
#1044=FACE_OUTER_BOUND('',#1539,.T.);
#1045=FACE_OUTER_BOUND('',#1540,.T.);
#1046=EDGE_LOOP('',(#5341,#5342,#5343,#5344));
#1047=EDGE_LOOP('',(#5345,#5346,#5347,#5348,#5349,#5350));
#1048=EDGE_LOOP('',(#5351));
#1049=EDGE_LOOP('',(#5352));
#1050=EDGE_LOOP('',(#5353));
#1051=EDGE_LOOP('',(#5354));
#1052=EDGE_LOOP('',(#5355,#5356,#5357,#5358,#5359));
#1053=EDGE_LOOP('',(#5360,#5361,#5362,#5363,#5364,#5365));
#1054=EDGE_LOOP('',(#5366,#5367,#5368,#5369,#5370));
#1055=EDGE_LOOP('',(#5371,#5372,#5373,#5374,#5375,#5376));
#1056=EDGE_LOOP('',(#5377));
#1057=EDGE_LOOP('',(#5378));
#1058=EDGE_LOOP('',(#5379));
#1059=EDGE_LOOP('',(#5380,#5381,#5382,#5383));
#1060=EDGE_LOOP('',(#5384,#5385,#5386,#5387));
#1061=EDGE_LOOP('',(#5388));
#1062=EDGE_LOOP('',(#5389,#5390,#5391,#5392,#5393,#5394));
#1063=EDGE_LOOP('',(#5395,#5396,#5397,#5398));
#1064=EDGE_LOOP('',(#5399,#5400,#5401,#5402));
#1065=EDGE_LOOP('',(#5403,#5404,#5405,#5406));
#1066=EDGE_LOOP('',(#5407,#5408,#5409,#5410,#5411,#5412));
#1067=EDGE_LOOP('',(#5413,#5414,#5415,#5416));
#1068=EDGE_LOOP('',(#5417,#5418,#5419,#5420));
#1069=EDGE_LOOP('',(#5421,#5422,#5423,#5424));
#1070=EDGE_LOOP('',(#5425));
#1071=EDGE_LOOP('',(#5426));
#1072=EDGE_LOOP('',(#5427));
#1073=EDGE_LOOP('',(#5428,#5429,#5430,#5431));
#1074=EDGE_LOOP('',(#5432,#5433,#5434,#5435));
#1075=EDGE_LOOP('',(#5436));
#1076=EDGE_LOOP('',(#5437,#5438,#5439,#5440,#5441,#5442));
#1077=EDGE_LOOP('',(#5443,#5444,#5445,#5446));
#1078=EDGE_LOOP('',(#5447,#5448,#5449,#5450));
#1079=EDGE_LOOP('',(#5451,#5452,#5453,#5454));
#1080=EDGE_LOOP('',(#5455,#5456,#5457,#5458,#5459,#5460));
#1081=EDGE_LOOP('',(#5461,#5462,#5463,#5464));
#1082=EDGE_LOOP('',(#5465,#5466,#5467,#5468));
#1083=EDGE_LOOP('',(#5469,#5470,#5471,#5472));
#1084=EDGE_LOOP('',(#5473,#5474,#5475,#5476));
#1085=EDGE_LOOP('',(#5477,#5478,#5479,#5480));
#1086=EDGE_LOOP('',(#5481,#5482,#5483,#5484));
#1087=EDGE_LOOP('',(#5485,#5486,#5487,#5488));
#1088=EDGE_LOOP('',(#5489,#5490,#5491,#5492,#5493,#5494,#5495,#5496,#5497,
#5498,#5499,#5500,#5501,#5502,#5503,#5504,#5505,#5506,#5507,#5508,#5509,
#5510,#5511,#5512,#5513,#5514,#5515));
#1089=EDGE_LOOP('',(#5516));
#1090=EDGE_LOOP('',(#5517,#5518,#5519,#5520));
#1091=EDGE_LOOP('',(#5521,#5522,#5523,#5524));
#1092=EDGE_LOOP('',(#5525,#5526,#5527,#5528));
#1093=EDGE_LOOP('',(#5529,#5530,#5531,#5532));
#1094=EDGE_LOOP('',(#5533,#5534,#5535,#5536));
#1095=EDGE_LOOP('',(#5537,#5538,#5539,#5540));
#1096=EDGE_LOOP('',(#5541,#5542,#5543,#5544));
#1097=EDGE_LOOP('',(#5545,#5546,#5547,#5548));
#1098=EDGE_LOOP('',(#5549,#5550,#5551,#5552));
#1099=EDGE_LOOP('',(#5553,#5554,#5555,#5556));
#1100=EDGE_LOOP('',(#5557,#5558,#5559,#5560));
#1101=EDGE_LOOP('',(#5561,#5562,#5563,#5564));
#1102=EDGE_LOOP('',(#5565,#5566,#5567,#5568,#5569,#5570,#5571,#5572,#5573,
#5574,#5575,#5576,#5577,#5578,#5579,#5580,#5581,#5582,#5583,#5584,#5585,
#5586,#5587,#5588,#5589,#5590,#5591,#5592,#5593,#5594,#5595,#5596,#5597,
#5598,#5599,#5600,#5601,#5602,#5603,#5604,#5605,#5606,#5607,#5608,#5609,
#5610,#5611,#5612,#5613,#5614,#5615,#5616,#5617,#5618,#5619,#5620,#5621,
#5622,#5623,#5624,#5625,#5626,#5627,#5628,#5629,#5630,#5631,#5632,#5633,
#5634,#5635,#5636,#5637,#5638,#5639,#5640,#5641,#5642,#5643,#5644,#5645,
#5646,#5647,#5648,#5649,#5650,#5651,#5652,#5653,#5654,#5655,#5656,#5657,
#5658));
#1103=EDGE_LOOP('',(#5659));
#1104=EDGE_LOOP('',(#5660));
#1105=EDGE_LOOP('',(#5661));
#1106=EDGE_LOOP('',(#5662));
#1107=EDGE_LOOP('',(#5663));
#1108=EDGE_LOOP('',(#5664));
#1109=EDGE_LOOP('',(#5665,#5666,#5667,#5668));
#1110=EDGE_LOOP('',(#5669,#5670,#5671,#5672));
#1111=EDGE_LOOP('',(#5673,#5674,#5675,#5676));
#1112=EDGE_LOOP('',(#5677,#5678,#5679,#5680,#5681,#5682,#5683,#5684,#5685,
#5686,#5687,#5688,#5689,#5690,#5691,#5692,#5693,#5694,#5695,#5696,#5697,
#5698,#5699,#5700,#5701,#5702,#5703,#5704,#5705,#5706,#5707,#5708,#5709,
#5710,#5711,#5712,#5713,#5714,#5715,#5716,#5717,#5718,#5719,#5720,#5721,
#5722,#5723,#5724,#5725,#5726,#5727,#5728,#5729,#5730,#5731,#5732,#5733,
#5734,#5735,#5736,#5737,#5738,#5739,#5740,#5741,#5742,#5743,#5744,#5745,
#5746,#5747,#5748,#5749,#5750,#5751,#5752,#5753,#5754,#5755,#5756,#5757,
#5758,#5759,#5760,#5761,#5762,#5763,#5764,#5765,#5766,#5767,#5768,#5769,
#5770));
#1113=EDGE_LOOP('',(#5771));
#1114=EDGE_LOOP('',(#5772));
#1115=EDGE_LOOP('',(#5773));
#1116=EDGE_LOOP('',(#5774));
#1117=EDGE_LOOP('',(#5775));
#1118=EDGE_LOOP('',(#5776));
#1119=EDGE_LOOP('',(#5777,#5778,#5779,#5780));
#1120=EDGE_LOOP('',(#5781,#5782,#5783,#5784,#5785,#5786));
#1121=EDGE_LOOP('',(#5787,#5788,#5789,#5790,#5791,#5792,#5793,#5794,#5795,
#5796,#5797,#5798,#5799,#5800,#5801,#5802,#5803,#5804,#5805,#5806,#5807,
#5808,#5809,#5810,#5811,#5812,#5813,#5814,#5815));
#1122=EDGE_LOOP('',(#5816));
#1123=EDGE_LOOP('',(#5817,#5818,#5819,#5820));
#1124=EDGE_LOOP('',(#5821,#5822,#5823,#5824));
#1125=EDGE_LOOP('',(#5825,#5826,#5827,#5828));
#1126=EDGE_LOOP('',(#5829,#5830,#5831,#5832));
#1127=EDGE_LOOP('',(#5833,#5834,#5835,#5836));
#1128=EDGE_LOOP('',(#5837,#5838,#5839,#5840));
#1129=EDGE_LOOP('',(#5841,#5842,#5843,#5844));
#1130=EDGE_LOOP('',(#5845,#5846,#5847,#5848));
#1131=EDGE_LOOP('',(#5849));
#1132=EDGE_LOOP('',(#5850));
#1133=EDGE_LOOP('',(#5851,#5852,#5853,#5854));
#1134=EDGE_LOOP('',(#5855));
#1135=EDGE_LOOP('',(#5856));
#1136=EDGE_LOOP('',(#5857,#5858,#5859,#5860));
#1137=EDGE_LOOP('',(#5861));
#1138=EDGE_LOOP('',(#5862));
#1139=EDGE_LOOP('',(#5863,#5864,#5865,#5866));
#1140=EDGE_LOOP('',(#5867));
#1141=EDGE_LOOP('',(#5868));
#1142=EDGE_LOOP('',(#5869,#5870,#5871,#5872));
#1143=EDGE_LOOP('',(#5873));
#1144=EDGE_LOOP('',(#5874));
#1145=EDGE_LOOP('',(#5875,#5876,#5877,#5878));
#1146=EDGE_LOOP('',(#5879));
#1147=EDGE_LOOP('',(#5880));
#1148=EDGE_LOOP('',(#5881,#5882,#5883,#5884));
#1149=EDGE_LOOP('',(#5885,#5886,#5887,#5888));
#1150=EDGE_LOOP('',(#5889));
#1151=EDGE_LOOP('',(#5890));
#1152=EDGE_LOOP('',(#5891,#5892,#5893,#5894));
#1153=EDGE_LOOP('',(#5895));
#1154=EDGE_LOOP('',(#5896));
#1155=EDGE_LOOP('',(#5897,#5898,#5899,#5900));
#1156=EDGE_LOOP('',(#5901));
#1157=EDGE_LOOP('',(#5902));
#1158=EDGE_LOOP('',(#5903,#5904,#5905,#5906));
#1159=EDGE_LOOP('',(#5907));
#1160=EDGE_LOOP('',(#5908));
#1161=EDGE_LOOP('',(#5909,#5910,#5911,#5912));
#1162=EDGE_LOOP('',(#5913));
#1163=EDGE_LOOP('',(#5914));
#1164=EDGE_LOOP('',(#5915,#5916,#5917,#5918));
#1165=EDGE_LOOP('',(#5919));
#1166=EDGE_LOOP('',(#5920));
#1167=EDGE_LOOP('',(#5921,#5922,#5923,#5924,#5925,#5926,#5927,#5928,#5929,
#5930,#5931,#5932,#5933,#5934,#5935,#5936,#5937,#5938,#5939,#5940,#5941,
#5942,#5943,#5944,#5945,#5946,#5947,#5948,#5949));
#1168=EDGE_LOOP('',(#5950));
#1169=EDGE_LOOP('',(#5951,#5952,#5953,#5954));
#1170=EDGE_LOOP('',(#5955,#5956,#5957,#5958,#5959,#5960,#5961,#5962,#5963,
#5964,#5965,#5966,#5967,#5968,#5969,#5970,#5971,#5972,#5973,#5974,#5975,
#5976,#5977,#5978,#5979,#5980,#5981));
#1171=EDGE_LOOP('',(#5982));
#1172=EDGE_LOOP('',(#5983,#5984,#5985,#5986));
#1173=EDGE_LOOP('',(#5987,#5988,#5989,#5990));
#1174=EDGE_LOOP('',(#5991,#5992,#5993,#5994));
#1175=EDGE_LOOP('',(#5995,#5996,#5997,#5998));
#1176=EDGE_LOOP('',(#5999,#6000,#6001,#6002));
#1177=EDGE_LOOP('',(#6003,#6004,#6005,#6006));
#1178=EDGE_LOOP('',(#6007,#6008,#6009,#6010));
#1179=EDGE_LOOP('',(#6011,#6012,#6013,#6014));
#1180=EDGE_LOOP('',(#6015,#6016,#6017,#6018));
#1181=EDGE_LOOP('',(#6019,#6020,#6021,#6022));
#1182=EDGE_LOOP('',(#6023,#6024,#6025,#6026));
#1183=EDGE_LOOP('',(#6027,#6028,#6029,#6030));
#1184=EDGE_LOOP('',(#6031,#6032,#6033,#6034));
#1185=EDGE_LOOP('',(#6035,#6036,#6037,#6038));
#1186=EDGE_LOOP('',(#6039,#6040,#6041,#6042));
#1187=EDGE_LOOP('',(#6043,#6044,#6045,#6046));
#1188=EDGE_LOOP('',(#6047,#6048,#6049,#6050));
#1189=EDGE_LOOP('',(#6051,#6052,#6053,#6054));
#1190=EDGE_LOOP('',(#6055,#6056,#6057,#6058));
#1191=EDGE_LOOP('',(#6059,#6060,#6061,#6062));
#1192=EDGE_LOOP('',(#6063,#6064,#6065,#6066));
#1193=EDGE_LOOP('',(#6067,#6068,#6069,#6070));
#1194=EDGE_LOOP('',(#6071,#6072,#6073,#6074));
#1195=EDGE_LOOP('',(#6075,#6076,#6077,#6078));
#1196=EDGE_LOOP('',(#6079,#6080,#6081,#6082));
#1197=EDGE_LOOP('',(#6083,#6084,#6085,#6086));
#1198=EDGE_LOOP('',(#6087,#6088,#6089,#6090));
#1199=EDGE_LOOP('',(#6091,#6092,#6093,#6094));
#1200=EDGE_LOOP('',(#6095,#6096,#6097,#6098));
#1201=EDGE_LOOP('',(#6099,#6100,#6101,#6102));
#1202=EDGE_LOOP('',(#6103,#6104,#6105,#6106));
#1203=EDGE_LOOP('',(#6107,#6108,#6109,#6110));
#1204=EDGE_LOOP('',(#6111,#6112,#6113,#6114));
#1205=EDGE_LOOP('',(#6115,#6116,#6117,#6118));
#1206=EDGE_LOOP('',(#6119,#6120,#6121,#6122));
#1207=EDGE_LOOP('',(#6123,#6124,#6125,#6126));
#1208=EDGE_LOOP('',(#6127,#6128,#6129,#6130));
#1209=EDGE_LOOP('',(#6131,#6132,#6133,#6134));
#1210=EDGE_LOOP('',(#6135,#6136,#6137,#6138));
#1211=EDGE_LOOP('',(#6139,#6140,#6141,#6142));
#1212=EDGE_LOOP('',(#6143,#6144,#6145,#6146));
#1213=EDGE_LOOP('',(#6147,#6148,#6149,#6150));
#1214=EDGE_LOOP('',(#6151,#6152,#6153,#6154));
#1215=EDGE_LOOP('',(#6155,#6156,#6157,#6158));
#1216=EDGE_LOOP('',(#6159,#6160,#6161,#6162));
#1217=EDGE_LOOP('',(#6163,#6164,#6165,#6166));
#1218=EDGE_LOOP('',(#6167,#6168,#6169,#6170));
#1219=EDGE_LOOP('',(#6171,#6172,#6173,#6174));
#1220=EDGE_LOOP('',(#6175,#6176,#6177,#6178));
#1221=EDGE_LOOP('',(#6179,#6180,#6181,#6182));
#1222=EDGE_LOOP('',(#6183,#6184,#6185,#6186,#6187,#6188,#6189,#6190,#6191));
#1223=EDGE_LOOP('',(#6192,#6193,#6194,#6195));
#1224=EDGE_LOOP('',(#6196,#6197,#6198,#6199));
#1225=EDGE_LOOP('',(#6200,#6201,#6202,#6203));
#1226=EDGE_LOOP('',(#6204,#6205,#6206,#6207));
#1227=EDGE_LOOP('',(#6208,#6209,#6210,#6211));
#1228=EDGE_LOOP('',(#6212,#6213,#6214,#6215));
#1229=EDGE_LOOP('',(#6216,#6217,#6218,#6219));
#1230=EDGE_LOOP('',(#6220,#6221,#6222,#6223));
#1231=EDGE_LOOP('',(#6224,#6225,#6226,#6227));
#1232=EDGE_LOOP('',(#6228,#6229,#6230,#6231));
#1233=EDGE_LOOP('',(#6232,#6233,#6234,#6235));
#1234=EDGE_LOOP('',(#6236,#6237,#6238,#6239));
#1235=EDGE_LOOP('',(#6240,#6241,#6242,#6243));
#1236=EDGE_LOOP('',(#6244,#6245,#6246,#6247));
#1237=EDGE_LOOP('',(#6248,#6249,#6250,#6251));
#1238=EDGE_LOOP('',(#6252,#6253,#6254,#6255));
#1239=EDGE_LOOP('',(#6256,#6257,#6258,#6259));
#1240=EDGE_LOOP('',(#6260,#6261,#6262,#6263));
#1241=EDGE_LOOP('',(#6264,#6265,#6266,#6267));
#1242=EDGE_LOOP('',(#6268,#6269,#6270,#6271));
#1243=EDGE_LOOP('',(#6272,#6273,#6274,#6275));
#1244=EDGE_LOOP('',(#6276,#6277,#6278,#6279));
#1245=EDGE_LOOP('',(#6280,#6281,#6282,#6283));
#1246=EDGE_LOOP('',(#6284,#6285,#6286,#6287));
#1247=EDGE_LOOP('',(#6288,#6289,#6290,#6291));
#1248=EDGE_LOOP('',(#6292,#6293,#6294,#6295));
#1249=EDGE_LOOP('',(#6296,#6297,#6298,#6299));
#1250=EDGE_LOOP('',(#6300,#6301,#6302,#6303));
#1251=EDGE_LOOP('',(#6304,#6305,#6306,#6307));
#1252=EDGE_LOOP('',(#6308,#6309,#6310,#6311));
#1253=EDGE_LOOP('',(#6312,#6313,#6314,#6315));
#1254=EDGE_LOOP('',(#6316,#6317,#6318,#6319));
#1255=EDGE_LOOP('',(#6320,#6321,#6322,#6323));
#1256=EDGE_LOOP('',(#6324,#6325,#6326,#6327));
#1257=EDGE_LOOP('',(#6328,#6329,#6330,#6331));
#1258=EDGE_LOOP('',(#6332,#6333,#6334,#6335));
#1259=EDGE_LOOP('',(#6336,#6337,#6338,#6339));
#1260=EDGE_LOOP('',(#6340,#6341,#6342,#6343));
#1261=EDGE_LOOP('',(#6344,#6345,#6346,#6347));
#1262=EDGE_LOOP('',(#6348,#6349,#6350,#6351));
#1263=EDGE_LOOP('',(#6352,#6353,#6354,#6355));
#1264=EDGE_LOOP('',(#6356,#6357,#6358,#6359));
#1265=EDGE_LOOP('',(#6360,#6361,#6362,#6363));
#1266=EDGE_LOOP('',(#6364,#6365,#6366,#6367));
#1267=EDGE_LOOP('',(#6368,#6369,#6370,#6371));
#1268=EDGE_LOOP('',(#6372,#6373,#6374,#6375));
#1269=EDGE_LOOP('',(#6376,#6377,#6378,#6379));
#1270=EDGE_LOOP('',(#6380,#6381,#6382,#6383));
#1271=EDGE_LOOP('',(#6384,#6385,#6386,#6387));
#1272=EDGE_LOOP('',(#6388,#6389,#6390,#6391));
#1273=EDGE_LOOP('',(#6392,#6393,#6394,#6395));
#1274=EDGE_LOOP('',(#6396,#6397,#6398,#6399));
#1275=EDGE_LOOP('',(#6400,#6401,#6402,#6403));
#1276=EDGE_LOOP('',(#6404,#6405,#6406,#6407,#6408,#6409,#6410));
#1277=EDGE_LOOP('',(#6411,#6412,#6413,#6414));
#1278=EDGE_LOOP('',(#6415,#6416,#6417,#6418));
#1279=EDGE_LOOP('',(#6419,#6420,#6421,#6422));
#1280=EDGE_LOOP('',(#6423,#6424,#6425,#6426));
#1281=EDGE_LOOP('',(#6427,#6428,#6429,#6430));
#1282=EDGE_LOOP('',(#6431,#6432,#6433,#6434));
#1283=EDGE_LOOP('',(#6435,#6436,#6437,#6438));
#1284=EDGE_LOOP('',(#6439,#6440,#6441,#6442));
#1285=EDGE_LOOP('',(#6443,#6444,#6445,#6446));
#1286=EDGE_LOOP('',(#6447,#6448,#6449,#6450));
#1287=EDGE_LOOP('',(#6451,#6452,#6453,#6454));
#1288=EDGE_LOOP('',(#6455,#6456,#6457,#6458));
#1289=EDGE_LOOP('',(#6459,#6460,#6461,#6462));
#1290=EDGE_LOOP('',(#6463,#6464,#6465,#6466));
#1291=EDGE_LOOP('',(#6467,#6468,#6469,#6470));
#1292=EDGE_LOOP('',(#6471,#6472,#6473,#6474));
#1293=EDGE_LOOP('',(#6475,#6476,#6477,#6478));
#1294=EDGE_LOOP('',(#6479,#6480,#6481,#6482));
#1295=EDGE_LOOP('',(#6483,#6484,#6485,#6486));
#1296=EDGE_LOOP('',(#6487,#6488,#6489,#6490));
#1297=EDGE_LOOP('',(#6491,#6492,#6493,#6494,#6495,#6496));
#1298=EDGE_LOOP('',(#6497,#6498,#6499,#6500,#6501,#6502,#6503,#6504));
#1299=EDGE_LOOP('',(#6505,#6506,#6507,#6508));
#1300=EDGE_LOOP('',(#6509,#6510,#6511,#6512));
#1301=EDGE_LOOP('',(#6513,#6514,#6515,#6516));
#1302=EDGE_LOOP('',(#6517,#6518,#6519,#6520));
#1303=EDGE_LOOP('',(#6521,#6522,#6523,#6524,#6525,#6526,#6527,#6528));
#1304=EDGE_LOOP('',(#6529,#6530,#6531,#6532));
#1305=EDGE_LOOP('',(#6533,#6534,#6535,#6536));
#1306=EDGE_LOOP('',(#6537,#6538,#6539,#6540));
#1307=EDGE_LOOP('',(#6541,#6542,#6543,#6544));
#1308=EDGE_LOOP('',(#6545,#6546,#6547,#6548));
#1309=EDGE_LOOP('',(#6549,#6550,#6551,#6552));
#1310=EDGE_LOOP('',(#6553,#6554,#6555,#6556));
#1311=EDGE_LOOP('',(#6557,#6558,#6559,#6560));
#1312=EDGE_LOOP('',(#6561,#6562,#6563,#6564));
#1313=EDGE_LOOP('',(#6565,#6566,#6567,#6568,#6569));
#1314=EDGE_LOOP('',(#6570,#6571,#6572,#6573,#6574,#6575,#6576,#6577,#6578,
#6579,#6580,#6581,#6582,#6583,#6584,#6585,#6586,#6587,#6588,#6589,#6590,
#6591,#6592,#6593,#6594,#6595,#6596,#6597,#6598,#6599,#6600,#6601,#6602,
#6603,#6604,#6605,#6606,#6607,#6608,#6609,#6610,#6611,#6612,#6613));
#1315=EDGE_LOOP('',(#6614,#6615,#6616,#6617,#6618,#6619,#6620,#6621));
#1316=EDGE_LOOP('',(#6622,#6623,#6624,#6625,#6626,#6627,#6628,#6629,#6630,
#6631,#6632,#6633,#6634,#6635,#6636,#6637,#6638,#6639,#6640,#6641,#6642,
#6643,#6644,#6645,#6646,#6647,#6648));
#1317=EDGE_LOOP('',(#6649,#6650,#6651,#6652,#6653,#6654,#6655,#6656));
#1318=EDGE_LOOP('',(#6657,#6658,#6659,#6660,#6661,#6662,#6663));
#1319=EDGE_LOOP('',(#6664,#6665,#6666,#6667,#6668));
#1320=EDGE_LOOP('',(#6669,#6670,#6671,#6672));
#1321=EDGE_LOOP('',(#6673,#6674,#6675,#6676));
#1322=EDGE_LOOP('',(#6677,#6678,#6679,#6680));
#1323=EDGE_LOOP('',(#6681,#6682,#6683,#6684));
#1324=EDGE_LOOP('',(#6685,#6686,#6687,#6688));
#1325=EDGE_LOOP('',(#6689,#6690,#6691,#6692));
#1326=EDGE_LOOP('',(#6693,#6694,#6695,#6696));
#1327=EDGE_LOOP('',(#6697,#6698,#6699,#6700));
#1328=EDGE_LOOP('',(#6701,#6702,#6703,#6704,#6705,#6706,#6707));
#1329=EDGE_LOOP('',(#6708,#6709,#6710,#6711));
#1330=EDGE_LOOP('',(#6712,#6713));
#1331=EDGE_LOOP('',(#6714));
#1332=EDGE_LOOP('',(#6715,#6716,#6717,#6718,#6719,#6720,#6721,#6722,#6723,
#6724,#6725,#6726));
#1333=EDGE_LOOP('',(#6727,#6728,#6729,#6730,#6731,#6732));
#1334=EDGE_LOOP('',(#6733,#6734,#6735,#6736));
#1335=EDGE_LOOP('',(#6737,#6738,#6739,#6740,#6741));
#1336=EDGE_LOOP('',(#6742,#6743,#6744,#6745));
#1337=EDGE_LOOP('',(#6746,#6747,#6748));
#1338=EDGE_LOOP('',(#6749,#6750,#6751,#6752));
#1339=EDGE_LOOP('',(#6753,#6754,#6755,#6756));
#1340=EDGE_LOOP('',(#6757,#6758,#6759,#6760));
#1341=EDGE_LOOP('',(#6761,#6762,#6763,#6764));
#1342=EDGE_LOOP('',(#6765,#6766,#6767,#6768));
#1343=EDGE_LOOP('',(#6769,#6770,#6771,#6772));
#1344=EDGE_LOOP('',(#6773,#6774,#6775,#6776));
#1345=EDGE_LOOP('',(#6777,#6778,#6779,#6780));
#1346=EDGE_LOOP('',(#6781,#6782,#6783,#6784));
#1347=EDGE_LOOP('',(#6785,#6786,#6787));
#1348=EDGE_LOOP('',(#6788,#6789,#6790,#6791));
#1349=EDGE_LOOP('',(#6792,#6793,#6794,#6795));
#1350=EDGE_LOOP('',(#6796,#6797,#6798,#6799));
#1351=EDGE_LOOP('',(#6800,#6801,#6802,#6803,#6804));
#1352=EDGE_LOOP('',(#6805,#6806,#6807,#6808));
#1353=EDGE_LOOP('',(#6809,#6810,#6811,#6812));
#1354=EDGE_LOOP('',(#6813,#6814,#6815,#6816));
#1355=EDGE_LOOP('',(#6817,#6818,#6819,#6820));
#1356=EDGE_LOOP('',(#6821,#6822,#6823,#6824));
#1357=EDGE_LOOP('',(#6825,#6826,#6827,#6828));
#1358=EDGE_LOOP('',(#6829,#6830,#6831,#6832));
#1359=EDGE_LOOP('',(#6833,#6834,#6835,#6836));
#1360=EDGE_LOOP('',(#6837,#6838,#6839,#6840));
#1361=EDGE_LOOP('',(#6841,#6842,#6843,#6844));
#1362=EDGE_LOOP('',(#6845,#6846,#6847,#6848));
#1363=EDGE_LOOP('',(#6849,#6850,#6851,#6852,#6853,#6854,#6855,#6856));
#1364=EDGE_LOOP('',(#6857,#6858,#6859,#6860,#6861,#6862,#6863,#6864,#6865,
#6866,#6867,#6868,#6869,#6870,#6871,#6872,#6873,#6874,#6875,#6876));
#1365=EDGE_LOOP('',(#6877,#6878,#6879,#6880,#6881));
#1366=EDGE_LOOP('',(#6882,#6883,#6884,#6885,#6886,#6887,#6888));
#1367=EDGE_LOOP('',(#6889,#6890,#6891,#6892,#6893,#6894,#6895));
#1368=EDGE_LOOP('',(#6896,#6897,#6898,#6899,#6900,#6901,#6902));
#1369=EDGE_LOOP('',(#6903,#6904,#6905,#6906,#6907,#6908,#6909));
#1370=EDGE_LOOP('',(#6910,#6911,#6912,#6913,#6914,#6915,#6916));
#1371=EDGE_LOOP('',(#6917,#6918,#6919,#6920,#6921,#6922,#6923,#6924));
#1372=EDGE_LOOP('',(#6925,#6926,#6927,#6928));
#1373=EDGE_LOOP('',(#6929,#6930,#6931,#6932,#6933,#6934,#6935,#6936));
#1374=EDGE_LOOP('',(#6937,#6938,#6939,#6940,#6941,#6942,#6943,#6944));
#1375=EDGE_LOOP('',(#6945,#6946,#6947,#6948));
#1376=EDGE_LOOP('',(#6949,#6950,#6951,#6952,#6953));
#1377=EDGE_LOOP('',(#6954,#6955,#6956,#6957,#6958,#6959,#6960,#6961));
#1378=EDGE_LOOP('',(#6962,#6963,#6964,#6965,#6966,#6967));
#1379=EDGE_LOOP('',(#6968,#6969,#6970,#6971));
#1380=EDGE_LOOP('',(#6972,#6973,#6974,#6975,#6976,#6977,#6978,#6979));
#1381=EDGE_LOOP('',(#6980,#6981,#6982,#6983));
#1382=EDGE_LOOP('',(#6984,#6985,#6986,#6987,#6988,#6989,#6990,#6991));
#1383=EDGE_LOOP('',(#6992,#6993,#6994,#6995));
#1384=EDGE_LOOP('',(#6996,#6997,#6998,#6999,#7000,#7001,#7002,#7003,#7004,
#7005,#7006,#7007,#7008,#7009,#7010,#7011,#7012,#7013,#7014,#7015,#7016,
#7017));
#1385=EDGE_LOOP('',(#7018,#7019,#7020,#7021));
#1386=EDGE_LOOP('',(#7022,#7023,#7024,#7025,#7026,#7027,#7028,#7029));
#1387=EDGE_LOOP('',(#7030,#7031,#7032,#7033,#7034,#7035,#7036,#7037));
#1388=EDGE_LOOP('',(#7038,#7039,#7040,#7041));
#1389=EDGE_LOOP('',(#7042,#7043,#7044,#7045,#7046,#7047));
#1390=EDGE_LOOP('',(#7048,#7049,#7050,#7051,#7052,#7053,#7054,#7055));
#1391=EDGE_LOOP('',(#7056,#7057,#7058,#7059,#7060));
#1392=EDGE_LOOP('',(#7061,#7062,#7063,#7064,#7065,#7066));
#1393=EDGE_LOOP('',(#7067,#7068,#7069,#7070,#7071,#7072,#7073,#7074));
#1394=EDGE_LOOP('',(#7075,#7076,#7077,#7078,#7079));
#1395=EDGE_LOOP('',(#7080,#7081,#7082));
#1396=EDGE_LOOP('',(#7083,#7084,#7085,#7086,#7087,#7088,#7089,#7090));
#1397=EDGE_LOOP('',(#7091,#7092,#7093,#7094,#7095));
#1398=EDGE_LOOP('',(#7096,#7097,#7098,#7099,#7100));
#1399=EDGE_LOOP('',(#7101,#7102,#7103,#7104,#7105));
#1400=EDGE_LOOP('',(#7106,#7107,#7108,#7109,#7110,#7111,#7112,#7113));
#1401=EDGE_LOOP('',(#7114,#7115,#7116,#7117,#7118,#7119,#7120,#7121,#7122,
#7123,#7124,#7125));
#1402=EDGE_LOOP('',(#7126,#7127,#7128,#7129,#7130,#7131));
#1403=EDGE_LOOP('',(#7132,#7133,#7134,#7135,#7136,#7137,#7138,#7139));
#1404=EDGE_LOOP('',(#7140,#7141,#7142,#7143));
#1405=EDGE_LOOP('',(#7144,#7145,#7146,#7147));
#1406=EDGE_LOOP('',(#7148,#7149,#7150,#7151));
#1407=EDGE_LOOP('',(#7152,#7153,#7154,#7155));
#1408=EDGE_LOOP('',(#7156,#7157,#7158,#7159));
#1409=EDGE_LOOP('',(#7160,#7161,#7162,#7163,#7164));
#1410=EDGE_LOOP('',(#7165,#7166,#7167,#7168,#7169));
#1411=EDGE_LOOP('',(#7170,#7171,#7172,#7173));
#1412=EDGE_LOOP('',(#7174,#7175,#7176,#7177,#7178,#7179));
#1413=EDGE_LOOP('',(#7180,#7181,#7182,#7183,#7184,#7185));
#1414=EDGE_LOOP('',(#7186,#7187,#7188,#7189));
#1415=EDGE_LOOP('',(#7190,#7191,#7192,#7193));
#1416=EDGE_LOOP('',(#7194,#7195,#7196,#7197,#7198,#7199));
#1417=EDGE_LOOP('',(#7200,#7201,#7202,#7203,#7204,#7205));
#1418=EDGE_LOOP('',(#7206));
#1419=EDGE_LOOP('',(#7207));
#1420=EDGE_LOOP('',(#7208,#7209,#7210,#7211,#7212));
#1421=EDGE_LOOP('',(#7213,#7214,#7215,#7216));
#1422=EDGE_LOOP('',(#7217,#7218,#7219,#7220));
#1423=EDGE_LOOP('',(#7221,#7222,#7223,#7224));
#1424=EDGE_LOOP('',(#7225,#7226,#7227,#7228));
#1425=EDGE_LOOP('',(#7229,#7230,#7231,#7232));
#1426=EDGE_LOOP('',(#7233,#7234,#7235,#7236));
#1427=EDGE_LOOP('',(#7237,#7238,#7239,#7240));
#1428=EDGE_LOOP('',(#7241,#7242,#7243,#7244));
#1429=EDGE_LOOP('',(#7245,#7246,#7247,#7248));
#1430=EDGE_LOOP('',(#7249,#7250,#7251,#7252,#7253,#7254,#7255,#7256));
#1431=EDGE_LOOP('',(#7257,#7258,#7259,#7260,#7261,#7262));
#1432=EDGE_LOOP('',(#7263,#7264,#7265,#7266,#7267,#7268,#7269,#7270,#7271,
#7272,#7273,#7274));
#1433=EDGE_LOOP('',(#7275,#7276,#7277,#7278,#7279,#7280,#7281));
#1434=EDGE_LOOP('',(#7282,#7283,#7284,#7285,#7286,#7287,#7288));
#1435=EDGE_LOOP('',(#7289,#7290,#7291,#7292,#7293,#7294,#7295));
#1436=EDGE_LOOP('',(#7296,#7297,#7298,#7299,#7300));
#1437=EDGE_LOOP('',(#7301,#7302,#7303,#7304,#7305,#7306));
#1438=EDGE_LOOP('',(#7307,#7308,#7309,#7310,#7311));
#1439=EDGE_LOOP('',(#7312,#7313,#7314,#7315,#7316,#7317,#7318,#7319));
#1440=EDGE_LOOP('',(#7320,#7321,#7322,#7323,#7324,#7325));
#1441=EDGE_LOOP('',(#7326,#7327,#7328,#7329,#7330));
#1442=EDGE_LOOP('',(#7331,#7332,#7333,#7334,#7335));
#1443=EDGE_LOOP('',(#7336,#7337,#7338,#7339,#7340));
#1444=EDGE_LOOP('',(#7341,#7342,#7343,#7344,#7345,#7346));
#1445=EDGE_LOOP('',(#7347,#7348,#7349,#7350,#7351,#7352,#7353,#7354,#7355,
#7356,#7357,#7358,#7359,#7360,#7361,#7362,#7363));
#1446=EDGE_LOOP('',(#7364,#7365,#7366,#7367,#7368));
#1447=EDGE_LOOP('',(#7369,#7370,#7371,#7372,#7373,#7374,#7375,#7376,#7377,
#7378,#7379,#7380));
#1448=EDGE_LOOP('',(#7381,#7382,#7383,#7384,#7385,#7386,#7387,#7388));
#1449=EDGE_LOOP('',(#7389,#7390,#7391,#7392));
#1450=EDGE_LOOP('',(#7393,#7394,#7395,#7396));
#1451=EDGE_LOOP('',(#7397,#7398,#7399,#7400));
#1452=EDGE_LOOP('',(#7401,#7402,#7403,#7404));
#1453=EDGE_LOOP('',(#7405,#7406,#7407,#7408));
#1454=EDGE_LOOP('',(#7409,#7410,#7411,#7412,#7413));
#1455=EDGE_LOOP('',(#7414,#7415,#7416,#7417));
#1456=EDGE_LOOP('',(#7418,#7419,#7420,#7421,#7422,#7423,#7424,#7425,#7426));
#1457=EDGE_LOOP('',(#7427));
#1458=EDGE_LOOP('',(#7428));
#1459=EDGE_LOOP('',(#7429,#7430,#7431,#7432,#7433,#7434));
#1460=EDGE_LOOP('',(#7435,#7436,#7437,#7438));
#1461=EDGE_LOOP('',(#7439,#7440,#7441,#7442));
#1462=EDGE_LOOP('',(#7443,#7444,#7445,#7446,#7447,#7448,#7449));
#1463=EDGE_LOOP('',(#7450));
#1464=EDGE_LOOP('',(#7451));
#1465=EDGE_LOOP('',(#7452,#7453,#7454,#7455,#7456,#7457));
#1466=EDGE_LOOP('',(#7458));
#1467=EDGE_LOOP('',(#7459));
#1468=EDGE_LOOP('',(#7460,#7461,#7462,#7463,#7464,#7465));
#1469=EDGE_LOOP('',(#7466));
#1470=EDGE_LOOP('',(#7467));
#1471=EDGE_LOOP('',(#7468,#7469,#7470,#7471));
#1472=EDGE_LOOP('',(#7472,#7473,#7474,#7475,#7476));
#1473=EDGE_LOOP('',(#7477,#7478,#7479,#7480));
#1474=EDGE_LOOP('',(#7481,#7482,#7483,#7484));
#1475=EDGE_LOOP('',(#7485,#7486,#7487,#7488));
#1476=EDGE_LOOP('',(#7489,#7490,#7491,#7492));
#1477=EDGE_LOOP('',(#7493,#7494,#7495,#7496));
#1478=EDGE_LOOP('',(#7497,#7498,#7499,#7500));
#1479=EDGE_LOOP('',(#7501,#7502,#7503,#7504));
#1480=EDGE_LOOP('',(#7505,#7506,#7507,#7508));
#1481=EDGE_LOOP('',(#7509,#7510,#7511,#7512));
#1482=EDGE_LOOP('',(#7513,#7514,#7515,#7516,#7517,#7518,#7519,#7520,#7521,
#7522,#7523,#7524));
#1483=EDGE_LOOP('',(#7525,#7526,#7527,#7528));
#1484=EDGE_LOOP('',(#7529,#7530,#7531,#7532,#7533,#7534,#7535,#7536));
#1485=EDGE_LOOP('',(#7537));
#1486=EDGE_LOOP('',(#7538,#7539,#7540,#7541,#7542));
#1487=EDGE_LOOP('',(#7543,#7544,#7545,#7546,#7547,#7548));
#1488=EDGE_LOOP('',(#7549,#7550,#7551,#7552,#7553,#7554));
#1489=EDGE_LOOP('',(#7555,#7556,#7557,#7558,#7559,#7560));
#1490=EDGE_LOOP('',(#7561,#7562,#7563,#7564,#7565,#7566));
#1491=EDGE_LOOP('',(#7567,#7568,#7569,#7570,#7571,#7572));
#1492=EDGE_LOOP('',(#7573,#7574,#7575,#7576,#7577));
#1493=EDGE_LOOP('',(#7578));
#1494=EDGE_LOOP('',(#7579));
#1495=EDGE_LOOP('',(#7580,#7581,#7582,#7583,#7584));
#1496=EDGE_LOOP('',(#7585,#7586,#7587,#7588,#7589,#7590));
#1497=EDGE_LOOP('',(#7591,#7592,#7593,#7594,#7595,#7596));
#1498=EDGE_LOOP('',(#7597,#7598,#7599,#7600,#7601,#7602));
#1499=EDGE_LOOP('',(#7603,#7604,#7605,#7606,#7607,#7608));
#1500=EDGE_LOOP('',(#7609,#7610,#7611,#7612,#7613,#7614));
#1501=EDGE_LOOP('',(#7615,#7616,#7617,#7618,#7619));
#1502=EDGE_LOOP('',(#7620));
#1503=EDGE_LOOP('',(#7621,#7622,#7623,#7624));
#1504=EDGE_LOOP('',(#7625,#7626,#7627,#7628));
#1505=EDGE_LOOP('',(#7629,#7630,#7631,#7632,#7633,#7634,#7635,#7636));
#1506=EDGE_LOOP('',(#7637,#7638,#7639,#7640));
#1507=EDGE_LOOP('',(#7641,#7642,#7643,#7644));
#1508=EDGE_LOOP('',(#7645,#7646,#7647,#7648));
#1509=EDGE_LOOP('',(#7649,#7650,#7651,#7652,#7653,#7654,#7655));
#1510=EDGE_LOOP('',(#7656,#7657,#7658,#7659));
#1511=EDGE_LOOP('',(#7660,#7661,#7662,#7663,#7664,#7665,#7666));
#1512=EDGE_LOOP('',(#7667,#7668,#7669,#7670));
#1513=EDGE_LOOP('',(#7671,#7672,#7673,#7674));
#1514=EDGE_LOOP('',(#7675,#7676,#7677,#7678));
#1515=EDGE_LOOP('',(#7679,#7680,#7681,#7682));
#1516=EDGE_LOOP('',(#7683,#7684,#7685,#7686));
#1517=EDGE_LOOP('',(#7687,#7688,#7689,#7690));
#1518=EDGE_LOOP('',(#7691,#7692,#7693,#7694));
#1519=EDGE_LOOP('',(#7695));
#1520=EDGE_LOOP('',(#7696));
#1521=EDGE_LOOP('',(#7697,#7698,#7699,#7700));
#1522=EDGE_LOOP('',(#7701));
#1523=EDGE_LOOP('',(#7702));
#1524=EDGE_LOOP('',(#7703,#7704,#7705,#7706));
#1525=EDGE_LOOP('',(#7707));
#1526=EDGE_LOOP('',(#7708));
#1527=EDGE_LOOP('',(#7709,#7710,#7711,#7712));
#1528=EDGE_LOOP('',(#7713,#7714,#7715,#7716));
#1529=EDGE_LOOP('',(#7717,#7718,#7719,#7720));
#1530=EDGE_LOOP('',(#7721,#7722,#7723,#7724));
#1531=EDGE_LOOP('',(#7725,#7726,#7727,#7728));
#1532=EDGE_LOOP('',(#7729,#7730,#7731,#7732));
#1533=EDGE_LOOP('',(#7733,#7734,#7735,#7736));
#1534=EDGE_LOOP('',(#7737,#7738,#7739,#7740));
#1535=EDGE_LOOP('',(#7741,#7742,#7743,#7744,#7745,#7746));
#1536=EDGE_LOOP('',(#7747,#7748,#7749,#7750));
#1537=EDGE_LOOP('',(#7751,#7752,#7753,#7754));
#1538=EDGE_LOOP('',(#7755,#7756,#7757,#7758,#7759,#7760));
#1539=EDGE_LOOP('',(#7761,#7762,#7763,#7764));
#1540=EDGE_LOOP('',(#7765,#7766,#7767,#7768));
#1541=LINE('',#11682,#2241);
#1542=LINE('',#11690,#2242);
#1543=LINE('',#11702,#2243);
#1544=LINE('',#11707,#2244);
#1545=LINE('',#11712,#2245);
#1546=LINE('',#11715,#2246);
#1547=LINE('',#11728,#2247);
#1548=LINE('',#11730,#2248);
#1549=LINE('',#11734,#2249);
#1550=LINE('',#11736,#2250);
#1551=LINE('',#11738,#2251);
#1552=LINE('',#11740,#2252);
#1553=LINE('',#11742,#2253);
#1554=LINE('',#11743,#2254);
#1555=LINE('',#11746,#2255);
#1556=LINE('',#11748,#2256);
#1557=LINE('',#11749,#2257);
#1558=LINE('',#11752,#2258);
#1559=LINE('',#11753,#2259);
#1560=LINE('',#11756,#2260);
#1561=LINE('',#11757,#2261);
#1562=LINE('',#11760,#2262);
#1563=LINE('',#11762,#2263);
#1564=LINE('',#11763,#2264);
#1565=LINE('',#11765,#2265);
#1566=LINE('',#11767,#2266);
#1567=LINE('',#11781,#2267);
#1568=LINE('',#11783,#2268);
#1569=LINE('',#11787,#2269);
#1570=LINE('',#11789,#2270);
#1571=LINE('',#11791,#2271);
#1572=LINE('',#11793,#2272);
#1573=LINE('',#11795,#2273);
#1574=LINE('',#11796,#2274);
#1575=LINE('',#11799,#2275);
#1576=LINE('',#11801,#2276);
#1577=LINE('',#11802,#2277);
#1578=LINE('',#11805,#2278);
#1579=LINE('',#11806,#2279);
#1580=LINE('',#11809,#2280);
#1581=LINE('',#11810,#2281);
#1582=LINE('',#11813,#2282);
#1583=LINE('',#11815,#2283);
#1584=LINE('',#11816,#2284);
#1585=LINE('',#11818,#2285);
#1586=LINE('',#11820,#2286);
#1587=LINE('',#11828,#2287);
#1588=LINE('',#11831,#2288);
#1589=LINE('',#11835,#2289);
#1590=LINE('',#11839,#2290);
#1591=LINE('',#11843,#2291);
#1592=LINE('',#11845,#2292);
#1593=LINE('',#11846,#2293);
#1594=LINE('',#11849,#2294);
#1595=LINE('',#11851,#2295);
#1596=LINE('',#11852,#2296);
#1597=LINE('',#11855,#2297);
#1598=LINE('',#11939,#2298);
#1599=LINE('',#11944,#2299);
#1600=LINE('',#11945,#2300);
#1601=LINE('',#11949,#2301);
#1602=LINE('',#11950,#2302);
#1603=LINE('',#11952,#2303);
#1604=LINE('',#11953,#2304);
#1605=LINE('',#11957,#2305);
#1606=LINE('',#11959,#2306);
#1607=LINE('',#11960,#2307);
#1608=LINE('',#11961,#2308);
#1609=LINE('',#11968,#2309);
#1610=LINE('',#11970,#2310);
#1611=LINE('',#11972,#2311);
#1612=LINE('',#11973,#2312);
#1613=LINE('',#11976,#2313);
#1614=LINE('',#11978,#2314);
#1615=LINE('',#11979,#2315);
#1616=LINE('',#11982,#2316);
#1617=LINE('',#11984,#2317);
#1618=LINE('',#11985,#2318);
#1619=LINE('',#11989,#2319);
#1620=LINE('',#11991,#2320);
#1621=LINE('',#11993,#2321);
#1622=LINE('',#11994,#2322);
#1623=LINE('',#11997,#2323);
#1624=LINE('',#11999,#2324);
#1625=LINE('',#12000,#2325);
#1626=LINE('',#12003,#2326);
#1627=LINE('',#12005,#2327);
#1628=LINE('',#12006,#2328);
#1629=LINE('',#12008,#2329);
#1630=LINE('',#12009,#2330);
#1631=LINE('',#12012,#2331);
#1632=LINE('',#12014,#2332);
#1633=LINE('',#12015,#2333);
#1634=LINE('',#12018,#2334);
#1635=LINE('',#12020,#2335);
#1636=LINE('',#12028,#2336);
#1637=LINE('',#12173,#2337);
#1638=LINE('',#12175,#2338);
#1639=LINE('',#12177,#2339);
#1640=LINE('',#12179,#2340);
#1641=LINE('',#12181,#2341);
#1642=LINE('',#12286,#2342);
#1643=LINE('',#12288,#2343);
#1644=LINE('',#12302,#2344);
#1645=LINE('',#12317,#2345);
#1646=LINE('',#12319,#2346);
#1647=LINE('',#12320,#2347);
#1648=LINE('',#12323,#2348);
#1649=LINE('',#12324,#2349);
#1650=LINE('',#12327,#2350);
#1651=LINE('',#12328,#2351);
#1652=LINE('',#12331,#2352);
#1653=LINE('',#12346,#2353);
#1654=LINE('',#12348,#2354);
#1655=LINE('',#12452,#2355);
#1656=LINE('',#12454,#2356);
#1657=LINE('',#12599,#2357);
#1658=LINE('',#12607,#2358);
#1659=LINE('',#12608,#2359);
#1660=LINE('',#12622,#2360);
#1661=LINE('',#12723,#2361);
#1662=LINE('',#12727,#2362);
#1663=LINE('',#12731,#2363);
#1664=LINE('',#12735,#2364);
#1665=LINE('',#12737,#2365);
#1666=LINE('',#12742,#2366);
#1667=LINE('',#12747,#2367);
#1668=LINE('',#12751,#2368);
#1669=LINE('',#12757,#2369);
#1670=LINE('',#12764,#2370);
#1671=LINE('',#12771,#2371);
#1672=LINE('',#12778,#2372);
#1673=LINE('',#12785,#2373);
#1674=LINE('',#12792,#2374);
#1675=LINE('',#12796,#2375);
#1676=LINE('',#12801,#2376);
#1677=LINE('',#12806,#2377);
#1678=LINE('',#12811,#2378);
#1679=LINE('',#12816,#2379);
#1680=LINE('',#12821,#2380);
#1681=LINE('',#12920,#2381);
#1682=LINE('',#12921,#2382);
#1683=LINE('',#13006,#2383);
#1684=LINE('',#13007,#2384);
#1685=LINE('',#13009,#2385);
#1686=LINE('',#13010,#2386);
#1687=LINE('',#13012,#2387);
#1688=LINE('',#13014,#2388);
#1689=LINE('',#13023,#2389);
#1690=LINE('',#13032,#2390);
#1691=LINE('',#13034,#2391);
#1692=LINE('',#13036,#2392);
#1693=LINE('',#13045,#2393);
#1694=LINE('',#13054,#2394);
#1695=LINE('',#13056,#2395);
#1696=LINE('',#13058,#2396);
#1697=LINE('',#13060,#2397);
#1698=LINE('',#13062,#2398);
#1699=LINE('',#13071,#2399);
#1700=LINE('',#13080,#2400);
#1701=LINE('',#13082,#2401);
#1702=LINE('',#13084,#2402);
#1703=LINE('',#13097,#2403);
#1704=LINE('',#13110,#2404);
#1705=LINE('',#13112,#2405);
#1706=LINE('',#13114,#2406);
#1707=LINE('',#13116,#2407);
#1708=LINE('',#13118,#2408);
#1709=LINE('',#13127,#2409);
#1710=LINE('',#13136,#2410);
#1711=LINE('',#13138,#2411);
#1712=LINE('',#13140,#2412);
#1713=LINE('',#13149,#2413);
#1714=LINE('',#13158,#2414);
#1715=LINE('',#13160,#2415);
#1716=LINE('',#13162,#2416);
#1717=LINE('',#13164,#2417);
#1718=LINE('',#13166,#2418);
#1719=LINE('',#13179,#2419);
#1720=LINE('',#13192,#2420);
#1721=LINE('',#13194,#2421);
#1722=LINE('',#13196,#2422);
#1723=LINE('',#13205,#2423);
#1724=LINE('',#13214,#2424);
#1725=LINE('',#13216,#2425);
#1726=LINE('',#13218,#2426);
#1727=LINE('',#13220,#2427);
#1728=LINE('',#13222,#2428);
#1729=LINE('',#13235,#2429);
#1730=LINE('',#13248,#2430);
#1731=LINE('',#13250,#2431);
#1732=LINE('',#13252,#2432);
#1733=LINE('',#13265,#2433);
#1734=LINE('',#13278,#2434);
#1735=LINE('',#13280,#2435);
#1736=LINE('',#13282,#2436);
#1737=LINE('',#13283,#2437);
#1738=LINE('',#13285,#2438);
#1739=LINE('',#13286,#2439);
#1740=LINE('',#13299,#2440);
#1741=LINE('',#13312,#2441);
#1742=LINE('',#13314,#2442);
#1743=LINE('',#13316,#2443);
#1744=LINE('',#13329,#2444);
#1745=LINE('',#13342,#2445);
#1746=LINE('',#13344,#2446);
#1747=LINE('',#13346,#2447);
#1748=LINE('',#13348,#2448);
#1749=LINE('',#13350,#2449);
#1750=LINE('',#13363,#2450);
#1751=LINE('',#13376,#2451);
#1752=LINE('',#13378,#2452);
#1753=LINE('',#13380,#2453);
#1754=LINE('',#13389,#2454);
#1755=LINE('',#13398,#2455);
#1756=LINE('',#13400,#2456);
#1757=LINE('',#13402,#2457);
#1758=LINE('',#13404,#2458);
#1759=LINE('',#13406,#2459);
#1760=LINE('',#13419,#2460);
#1761=LINE('',#13432,#2461);
#1762=LINE('',#13434,#2462);
#1763=LINE('',#13436,#2463);
#1764=LINE('',#13445,#2464);
#1765=LINE('',#13454,#2465);
#1766=LINE('',#13456,#2466);
#1767=LINE('',#13458,#2467);
#1768=LINE('',#13460,#2468);
#1769=LINE('',#13462,#2469);
#1770=LINE('',#13471,#2470);
#1771=LINE('',#13480,#2471);
#1772=LINE('',#13482,#2472);
#1773=LINE('',#13484,#2473);
#1774=LINE('',#13497,#2474);
#1775=LINE('',#13510,#2475);
#1776=LINE('',#13512,#2476);
#1777=LINE('',#13514,#2477);
#1778=LINE('',#13516,#2478);
#1779=LINE('',#13518,#2479);
#1780=LINE('',#13527,#2480);
#1781=LINE('',#13536,#2481);
#1782=LINE('',#13538,#2482);
#1783=LINE('',#13540,#2483);
#1784=LINE('',#13542,#2484);
#1785=LINE('',#13543,#2485);
#1786=LINE('',#13545,#2486);
#1787=LINE('',#13559,#2487);
#1788=LINE('',#13561,#2488);
#1789=LINE('',#13574,#2489);
#1790=LINE('',#13577,#2490);
#1791=LINE('',#13579,#2491);
#1792=LINE('',#13581,#2492);
#1793=LINE('',#13583,#2493);
#1794=LINE('',#13585,#2494);
#1795=LINE('',#13598,#2495);
#1796=LINE('',#13600,#2496);
#1797=LINE('',#13603,#2497);
#1798=LINE('',#13605,#2498);
#1799=LINE('',#13607,#2499);
#1800=LINE('',#13609,#2500);
#1801=LINE('',#13611,#2501);
#1802=LINE('',#13613,#2502);
#1803=LINE('',#13615,#2503);
#1804=LINE('',#13628,#2504);
#1805=LINE('',#13630,#2505);
#1806=LINE('',#13643,#2506);
#1807=LINE('',#13645,#2507);
#1808=LINE('',#13647,#2508);
#1809=LINE('',#13660,#2509);
#1810=LINE('',#13663,#2510);
#1811=LINE('',#13676,#2511);
#1812=LINE('',#13678,#2512);
#1813=LINE('',#13697,#2513);
#1814=LINE('',#13700,#2514);
#1815=LINE('',#13703,#2515);
#1816=LINE('',#13707,#2516);
#1817=LINE('',#13711,#2517);
#1818=LINE('',#13714,#2518);
#1819=LINE('',#13717,#2519);
#1820=LINE('',#13718,#2520);
#1821=LINE('',#13722,#2521);
#1822=LINE('',#13725,#2522);
#1823=LINE('',#13728,#2523);
#1824=LINE('',#13731,#2524);
#1825=LINE('',#13732,#2525);
#1826=LINE('',#13736,#2526);
#1827=LINE('',#13738,#2527);
#1828=LINE('',#13740,#2528);
#1829=LINE('',#13744,#2529);
#1830=LINE('',#13746,#2530);
#1831=LINE('',#13748,#2531);
#1832=LINE('',#13749,#2532);
#1833=LINE('',#13753,#2533);
#1834=LINE('',#13755,#2534);
#1835=LINE('',#13757,#2535);
#1836=LINE('',#13758,#2536);
#1837=LINE('',#13761,#2537);
#1838=LINE('',#13763,#2538);
#1839=LINE('',#13765,#2539);
#1840=LINE('',#13766,#2540);
#1841=LINE('',#13769,#2541);
#1842=LINE('',#13771,#2542);
#1843=LINE('',#13773,#2543);
#1844=LINE('',#13777,#2544);
#1845=LINE('',#13779,#2545);
#1846=LINE('',#13781,#2546);
#1847=LINE('',#13783,#2547);
#1848=LINE('',#13785,#2548);
#1849=LINE('',#13787,#2549);
#1850=LINE('',#13789,#2550);
#1851=LINE('',#13791,#2551);
#1852=LINE('',#13793,#2552);
#1853=LINE('',#13795,#2553);
#1854=LINE('',#13797,#2554);
#1855=LINE('',#13799,#2555);
#1856=LINE('',#13801,#2556);
#1857=LINE('',#13803,#2557);
#1858=LINE('',#13805,#2558);
#1859=LINE('',#13807,#2559);
#1860=LINE('',#13809,#2560);
#1861=LINE('',#13811,#2561);
#1862=LINE('',#13813,#2562);
#1863=LINE('',#13815,#2563);
#1864=LINE('',#13817,#2564);
#1865=LINE('',#13819,#2565);
#1866=LINE('',#13821,#2566);
#1867=LINE('',#13823,#2567);
#1868=LINE('',#13824,#2568);
#1869=LINE('',#13828,#2569);
#1870=LINE('',#13830,#2570);
#1871=LINE('',#13834,#2571);
#1872=LINE('',#13838,#2572);
#1873=LINE('',#13840,#2573);
#1874=LINE('',#13844,#2574);
#1875=LINE('',#13851,#2575);
#1876=LINE('',#13853,#2576);
#1877=LINE('',#13855,#2577);
#1878=LINE('',#13857,#2578);
#1879=LINE('',#13859,#2579);
#1880=LINE('',#13861,#2580);
#1881=LINE('',#13863,#2581);
#1882=LINE('',#13865,#2582);
#1883=LINE('',#13867,#2583);
#1884=LINE('',#13869,#2584);
#1885=LINE('',#13871,#2585);
#1886=LINE('',#13873,#2586);
#1887=LINE('',#13875,#2587);
#1888=LINE('',#13877,#2588);
#1889=LINE('',#13879,#2589);
#1890=LINE('',#13881,#2590);
#1891=LINE('',#13883,#2591);
#1892=LINE('',#13884,#2592);
#1893=LINE('',#13886,#2593);
#1894=LINE('',#13888,#2594);
#1895=LINE('',#13890,#2595);
#1896=LINE('',#13892,#2596);
#1897=LINE('',#13894,#2597);
#1898=LINE('',#13896,#2598);
#1899=LINE('',#13897,#2599);
#1900=LINE('',#13900,#2600);
#1901=LINE('',#13902,#2601);
#1902=LINE('',#13912,#2602);
#1903=LINE('',#13916,#2603);
#1904=LINE('',#13922,#2604);
#1905=LINE('',#13923,#2605);
#1906=LINE('',#13924,#2606);
#1907=LINE('',#13930,#2607);
#1908=LINE('',#13932,#2608);
#1909=LINE('',#13934,#2609);
#1910=LINE('',#13935,#2610);
#1911=LINE('',#13939,#2611);
#1912=LINE('',#13943,#2612);
#1913=LINE('',#13948,#2613);
#1914=LINE('',#13952,#2614);
#1915=LINE('',#13957,#2615);
#1916=LINE('',#13961,#2616);
#1917=LINE('',#13966,#2617);
#1918=LINE('',#13970,#2618);
#1919=LINE('',#13976,#2619);
#1920=LINE('',#13982,#2620);
#1921=LINE('',#13988,#2621);
#1922=LINE('',#13994,#2622);
#1923=LINE('',#14001,#2623);
#1924=LINE('',#14003,#2624);
#1925=LINE('',#14006,#2625);
#1926=LINE('',#14007,#2626);
#1927=LINE('',#14013,#2627);
#1928=LINE('',#14015,#2628);
#1929=LINE('',#14016,#2629);
#1930=LINE('',#14025,#2630);
#1931=LINE('',#14031,#2631);
#1932=LINE('',#14033,#2632);
#1933=LINE('',#14037,#2633);
#1934=LINE('',#14038,#2634);
#1935=LINE('',#14043,#2635);
#1936=LINE('',#14067,#2636);
#1937=LINE('',#14070,#2637);
#1938=LINE('',#14074,#2638);
#1939=LINE('',#14075,#2639);
#1940=LINE('',#14088,#2640);
#1941=LINE('',#14091,#2641);
#1942=LINE('',#14095,#2642);
#1943=LINE('',#14098,#2643);
#1944=LINE('',#14100,#2644);
#1945=LINE('',#14101,#2645);
#1946=LINE('',#14104,#2646);
#1947=LINE('',#14106,#2647);
#1948=LINE('',#14107,#2648);
#1949=LINE('',#14110,#2649);
#1950=LINE('',#14112,#2650);
#1951=LINE('',#14113,#2651);
#1952=LINE('',#14118,#2652);
#1953=LINE('',#14122,#2653);
#1954=LINE('',#14124,#2654);
#1955=LINE('',#14125,#2655);
#1956=LINE('',#14127,#2656);
#1957=LINE('',#14128,#2657);
#1958=LINE('',#14131,#2658);
#1959=LINE('',#14133,#2659);
#1960=LINE('',#14134,#2660);
#1961=LINE('',#14139,#2661);
#1962=LINE('',#14140,#2662);
#1963=LINE('',#14144,#2663);
#1964=LINE('',#14147,#2664);
#1965=LINE('',#14149,#2665);
#1966=LINE('',#14150,#2666);
#1967=LINE('',#14155,#2667);
#1968=LINE('',#14158,#2668);
#1969=LINE('',#14159,#2669);
#1970=LINE('',#14163,#2670);
#1971=LINE('',#14164,#2671);
#1972=LINE('',#14167,#2672);
#1973=LINE('',#14169,#2673);
#1974=LINE('',#14170,#2674);
#1975=LINE('',#14175,#2675);
#1976=LINE('',#14179,#2676);
#1977=LINE('',#14181,#2677);
#1978=LINE('',#14182,#2678);
#1979=LINE('',#14184,#2679);
#1980=LINE('',#14185,#2680);
#1981=LINE('',#14188,#2681);
#1982=LINE('',#14190,#2682);
#1983=LINE('',#14191,#2683);
#1984=LINE('',#14196,#2684);
#1985=LINE('',#14199,#2685);
#1986=LINE('',#14200,#2686);
#1987=LINE('',#14203,#2687);
#1988=LINE('',#14205,#2688);
#1989=LINE('',#14206,#2689);
#1990=LINE('',#14211,#2690);
#1991=LINE('',#14215,#2691);
#1992=LINE('',#14217,#2692);
#1993=LINE('',#14218,#2693);
#1994=LINE('',#14220,#2694);
#1995=LINE('',#14221,#2695);
#1996=LINE('',#14225,#2696);
#1997=LINE('',#14226,#2697);
#1998=LINE('',#14229,#2698);
#1999=LINE('',#14232,#2699);
#2000=LINE('',#14233,#2700);
#2001=LINE('',#14234,#2701);
#2002=LINE('',#14235,#2702);
#2003=LINE('',#14237,#2703);
#2004=LINE('',#14241,#2704);
#2005=LINE('',#14243,#2705);
#2006=LINE('',#14244,#2706);
#2007=LINE('',#14246,#2707);
#2008=LINE('',#14248,#2708);
#2009=LINE('',#14250,#2709);
#2010=LINE('',#14252,#2710);
#2011=LINE('',#14254,#2711);
#2012=LINE('',#14257,#2712);
#2013=LINE('',#14258,#2713);
#2014=LINE('',#14261,#2714);
#2015=LINE('',#14262,#2715);
#2016=LINE('',#14264,#2716);
#2017=LINE('',#14267,#2717);
#2018=LINE('',#14268,#2718);
#2019=LINE('',#14271,#2719);
#2020=LINE('',#14272,#2720);
#2021=LINE('',#14274,#2721);
#2022=LINE('',#14276,#2722);
#2023=LINE('',#14278,#2723);
#2024=LINE('',#14280,#2724);
#2025=LINE('',#14282,#2725);
#2026=LINE('',#14284,#2726);
#2027=LINE('',#14286,#2727);
#2028=LINE('',#14290,#2728);
#2029=LINE('',#14294,#2729);
#2030=LINE('',#14313,#2730);
#2031=LINE('',#14329,#2731);
#2032=LINE('',#14349,#2732);
#2033=LINE('',#14353,#2733);
#2034=LINE('',#14381,#2734);
#2035=LINE('',#14394,#2735);
#2036=LINE('',#14406,#2736);
#2037=LINE('',#14408,#2737);
#2038=LINE('',#14409,#2738);
#2039=LINE('',#14411,#2739);
#2040=LINE('',#14421,#2740);
#2041=LINE('',#14436,#2741);
#2042=LINE('',#14438,#2742);
#2043=LINE('',#14440,#2743);
#2044=LINE('',#14442,#2744);
#2045=LINE('',#14444,#2745);
#2046=LINE('',#14446,#2746);
#2047=LINE('',#14448,#2747);
#2048=LINE('',#14450,#2748);
#2049=LINE('',#14452,#2749);
#2050=LINE('',#14454,#2750);
#2051=LINE('',#14455,#2751);
#2052=LINE('',#14461,#2752);
#2053=LINE('',#14464,#2753);
#2054=LINE('',#14465,#2754);
#2055=LINE('',#14466,#2755);
#2056=LINE('',#14470,#2756);
#2057=LINE('',#14472,#2757);
#2058=LINE('',#14474,#2758);
#2059=LINE('',#14475,#2759);
#2060=LINE('',#14478,#2760);
#2061=LINE('',#14480,#2761);
#2062=LINE('',#14481,#2762);
#2063=LINE('',#14484,#2763);
#2064=LINE('',#14486,#2764);
#2065=LINE('',#14487,#2765);
#2066=LINE('',#14489,#2766);
#2067=LINE('',#14490,#2767);
#2068=LINE('',#14493,#2768);
#2069=LINE('',#14495,#2769);
#2070=LINE('',#14504,#2770);
#2071=LINE('',#14507,#2771);
#2072=LINE('',#14509,#2772);
#2073=LINE('',#14511,#2773);
#2074=LINE('',#14516,#2774);
#2075=LINE('',#14522,#2775);
#2076=LINE('',#14525,#2776);
#2077=LINE('',#14526,#2777);
#2078=LINE('',#14530,#2778);
#2079=LINE('',#14531,#2779);
#2080=LINE('',#14532,#2780);
#2081=LINE('',#14535,#2781);
#2082=LINE('',#14536,#2782);
#2083=LINE('',#14539,#2783);
#2084=LINE('',#14541,#2784);
#2085=LINE('',#14542,#2785);
#2086=LINE('',#14545,#2786);
#2087=LINE('',#14546,#2787);
#2088=LINE('',#14549,#2788);
#2089=LINE('',#14550,#2789);
#2090=LINE('',#14552,#2790);
#2091=LINE('',#14555,#2791);
#2092=LINE('',#14556,#2792);
#2093=LINE('',#14558,#2793);
#2094=LINE('',#14560,#2794);
#2095=LINE('',#14575,#2795);
#2096=LINE('',#14579,#2796);
#2097=LINE('',#14590,#2797);
#2098=LINE('',#14605,#2798);
#2099=LINE('',#14619,#2799);
#2100=LINE('',#14622,#2800);
#2101=LINE('',#14642,#2801);
#2102=LINE('',#14651,#2802);
#2103=LINE('',#14655,#2803);
#2104=LINE('',#14660,#2804);
#2105=LINE('',#14663,#2805);
#2106=LINE('',#14666,#2806);
#2107=LINE('',#14681,#2807);
#2108=LINE('',#14694,#2808);
#2109=LINE('',#14707,#2809);
#2110=LINE('',#14719,#2810);
#2111=LINE('',#14725,#2811);
#2112=LINE('',#14731,#2812);
#2113=LINE('',#14734,#2813);
#2114=LINE('',#14735,#2814);
#2115=LINE('',#14740,#2815);
#2116=LINE('',#14756,#2816);
#2117=LINE('',#14760,#2817);
#2118=LINE('',#14763,#2818);
#2119=LINE('',#14765,#2819);
#2120=LINE('',#14770,#2820);
#2121=LINE('',#14783,#2821);
#2122=LINE('',#14787,#2822);
#2123=LINE('',#14788,#2823);
#2124=LINE('',#14791,#2824);
#2125=LINE('',#14793,#2825);
#2126=LINE('',#14795,#2826);
#2127=LINE('',#14797,#2827);
#2128=LINE('',#14799,#2828);
#2129=LINE('',#14801,#2829);
#2130=LINE('',#14803,#2830);
#2131=LINE('',#14805,#2831);
#2132=LINE('',#14807,#2832);
#2133=LINE('',#14809,#2833);
#2134=LINE('',#14810,#2834);
#2135=LINE('',#14813,#2835);
#2136=LINE('',#14814,#2836);
#2137=LINE('',#14816,#2837);
#2138=LINE('',#14817,#2838);
#2139=LINE('',#14821,#2839);
#2140=LINE('',#14823,#2840);
#2141=LINE('',#14825,#2841);
#2142=LINE('',#14826,#2842);
#2143=LINE('',#14829,#2843);
#2144=LINE('',#14831,#2844);
#2145=LINE('',#14832,#2845);
#2146=LINE('',#14835,#2846);
#2147=LINE('',#14837,#2847);
#2148=LINE('',#14838,#2848);
#2149=LINE('',#14840,#2849);
#2150=LINE('',#14841,#2850);
#2151=LINE('',#14844,#2851);
#2152=LINE('',#14846,#2852);
#2153=LINE('',#14852,#2853);
#2154=LINE('',#14861,#2854);
#2155=LINE('',#14868,#2855);
#2156=LINE('',#14875,#2856);
#2157=LINE('',#14881,#2857);
#2158=LINE('',#14883,#2858);
#2159=LINE('',#14885,#2859);
#2160=LINE('',#14888,#2860);
#2161=LINE('',#14889,#2861);
#2162=LINE('',#14892,#2862);
#2163=LINE('',#14894,#2863);
#2164=LINE('',#14895,#2864);
#2165=LINE('',#14898,#2865);
#2166=LINE('',#14899,#2866);
#2167=LINE('',#14902,#2867);
#2168=LINE('',#14904,#2868);
#2169=LINE('',#14905,#2869);
#2170=LINE('',#14908,#2870);
#2171=LINE('',#14909,#2871);
#2172=LINE('',#14912,#2872);
#2173=LINE('',#14913,#2873);
#2174=LINE('',#14915,#2874);
#2175=LINE('',#14918,#2875);
#2176=LINE('',#14919,#2876);
#2177=LINE('',#14921,#2877);
#2178=LINE('',#14922,#2878);
#2179=LINE('',#14933,#2879);
#2180=LINE('',#14945,#2880);
#2181=LINE('',#14957,#2881);
#2182=LINE('',#14968,#2882);
#2183=LINE('',#14978,#2883);
#2184=LINE('',#14990,#2884);
#2185=LINE('',#15002,#2885);
#2186=LINE('',#15013,#2886);
#2187=LINE('',#15019,#2887);
#2188=LINE('',#15021,#2888);
#2189=LINE('',#15023,#2889);
#2190=LINE('',#15024,#2890);
#2191=LINE('',#15028,#2891);
#2192=LINE('',#15030,#2892);
#2193=LINE('',#15032,#2893);
#2194=LINE('',#15033,#2894);
#2195=LINE('',#15038,#2895);
#2196=LINE('',#15040,#2896);
#2197=LINE('',#15044,#2897);
#2198=LINE('',#15046,#2898);
#2199=LINE('',#15047,#2899);
#2200=LINE('',#15053,#2900);
#2201=LINE('',#15054,#2901);
#2202=LINE('',#15057,#2902);
#2203=LINE('',#15061,#2903);
#2204=LINE('',#15063,#2904);
#2205=LINE('',#15064,#2905);
#2206=LINE('',#15067,#2906);
#2207=LINE('',#15068,#2907);
#2208=LINE('',#15071,#2908);
#2209=LINE('',#15073,#2909);
#2210=LINE('',#15074,#2910);
#2211=LINE('',#15077,#2911);
#2212=LINE('',#15080,#2912);
#2213=LINE('',#15082,#2913);
#2214=LINE('',#15084,#2914);
#2215=LINE('',#15086,#2915);
#2216=LINE('',#15092,#2916);
#2217=LINE('',#15100,#2917);
#2218=LINE('',#15108,#2918);
#2219=LINE('',#15115,#2919);
#2220=LINE('',#15117,#2920);
#2221=LINE('',#15119,#2921);
#2222=LINE('',#15120,#2922);
#2223=LINE('',#15123,#2923);
#2224=LINE('',#15125,#2924);
#2225=LINE('',#15126,#2925);
#2226=LINE('',#15129,#2926);
#2227=LINE('',#15131,#2927);
#2228=LINE('',#15132,#2928);
#2229=LINE('',#15134,#2929);
#2230=LINE('',#15135,#2930);
#2231=LINE('',#15168,#2931);
#2232=LINE('',#15171,#2932);
#2233=LINE('',#15174,#2933);
#2234=LINE('',#15176,#2934);
#2235=LINE('',#15178,#2935);
#2236=LINE('',#15204,#2936);
#2237=LINE('',#15206,#2937);
#2238=LINE('',#15207,#2938);
#2239=LINE('',#15209,#2939);
#2240=LINE('',#15210,#2940);
#2241=VECTOR('',#9338,1.);
#2242=VECTOR('',#9347,2.21428571428571);
#2243=VECTOR('',#9362,2.5);
#2244=VECTOR('',#9369,0.714285714285715);
#2245=VECTOR('',#9374,2.5);
#2246=VECTOR('',#9379,0.714285714285715);
#2247=VECTOR('',#9396,1.895);
#2248=VECTOR('',#9399,1.);
#2249=VECTOR('',#9402,0.99999999999962);
#2250=VECTOR('',#9403,1.);
#2251=VECTOR('',#9404,0.99999999999962);
#2252=VECTOR('',#9405,0.99999999999962);
#2253=VECTOR('',#9406,1.);
#2254=VECTOR('',#9407,0.99999999999962);
#2255=VECTOR('',#9410,1.);
#2256=VECTOR('',#9411,1.);
#2257=VECTOR('',#9412,1.);
#2258=VECTOR('',#9415,1.);
#2259=VECTOR('',#9416,0.99999999999962);
#2260=VECTOR('',#9419,1.);
#2261=VECTOR('',#9420,0.99999999999962);
#2262=VECTOR('',#9423,0.99999999999962);
#2263=VECTOR('',#9424,1.);
#2264=VECTOR('',#9425,0.99999999999962);
#2265=VECTOR('',#9428,1.);
#2266=VECTOR('',#9431,1.);
#2267=VECTOR('',#9450,1.895);
#2268=VECTOR('',#9453,1.);
#2269=VECTOR('',#9456,0.99999999999962);
#2270=VECTOR('',#9457,1.);
#2271=VECTOR('',#9458,0.99999999999962);
#2272=VECTOR('',#9459,0.99999999999962);
#2273=VECTOR('',#9460,1.);
#2274=VECTOR('',#9461,0.99999999999962);
#2275=VECTOR('',#9464,1.);
#2276=VECTOR('',#9465,1.);
#2277=VECTOR('',#9466,1.);
#2278=VECTOR('',#9469,1.);
#2279=VECTOR('',#9470,0.99999999999962);
#2280=VECTOR('',#9473,1.);
#2281=VECTOR('',#9474,0.99999999999962);
#2282=VECTOR('',#9477,0.99999999999962);
#2283=VECTOR('',#9478,1.);
#2284=VECTOR('',#9479,0.99999999999962);
#2285=VECTOR('',#9482,1.);
#2286=VECTOR('',#9485,1.);
#2287=VECTOR('',#9494,10.);
#2288=VECTOR('',#9497,10.);
#2289=VECTOR('',#9500,10.);
#2290=VECTOR('',#9503,10.);
#2291=VECTOR('',#9508,10.);
#2292=VECTOR('',#9509,10.);
#2293=VECTOR('',#9510,10.);
#2294=VECTOR('',#9513,10.);
#2295=VECTOR('',#9514,10.);
#2296=VECTOR('',#9515,10.);
#2297=VECTOR('',#9518,10.);
#2298=VECTOR('',#9549,10.);
#2299=VECTOR('',#9554,10.);
#2300=VECTOR('',#9555,10.);
#2301=VECTOR('',#9558,10.);
#2302=VECTOR('',#9559,10.);
#2303=VECTOR('',#9560,10.);
#2304=VECTOR('',#9561,10.);
#2305=VECTOR('',#9564,10.);
#2306=VECTOR('',#9565,10.);
#2307=VECTOR('',#9566,10.);
#2308=VECTOR('',#9567,10.);
#2309=VECTOR('',#9576,10.);
#2310=VECTOR('',#9577,10.);
#2311=VECTOR('',#9578,10.);
#2312=VECTOR('',#9579,10.);
#2313=VECTOR('',#9582,10.);
#2314=VECTOR('',#9583,10.);
#2315=VECTOR('',#9584,10.);
#2316=VECTOR('',#9587,10.);
#2317=VECTOR('',#9588,10.);
#2318=VECTOR('',#9589,10.);
#2319=VECTOR('',#9592,10.);
#2320=VECTOR('',#9593,10.);
#2321=VECTOR('',#9594,10.);
#2322=VECTOR('',#9595,10.);
#2323=VECTOR('',#9598,10.);
#2324=VECTOR('',#9599,10.);
#2325=VECTOR('',#9600,10.);
#2326=VECTOR('',#9603,10.);
#2327=VECTOR('',#9604,10.);
#2328=VECTOR('',#9605,10.);
#2329=VECTOR('',#9608,10.);
#2330=VECTOR('',#9609,10.);
#2331=VECTOR('',#9612,10.);
#2332=VECTOR('',#9613,10.);
#2333=VECTOR('',#9614,10.);
#2334=VECTOR('',#9617,10.);
#2335=VECTOR('',#9618,10.);
#2336=VECTOR('',#9625,10.);
#2337=VECTOR('',#9672,10.);
#2338=VECTOR('',#9673,10.);
#2339=VECTOR('',#9674,10.);
#2340=VECTOR('',#9675,10.);
#2341=VECTOR('',#9676,10.);
#2342=VECTOR('',#9715,10.);
#2343=VECTOR('',#9716,10.);
#2344=VECTOR('',#9723,10.);
#2345=VECTOR('',#9738,10.);
#2346=VECTOR('',#9739,10.);
#2347=VECTOR('',#9740,10.);
#2348=VECTOR('',#9743,10.);
#2349=VECTOR('',#9744,10.);
#2350=VECTOR('',#9747,10.);
#2351=VECTOR('',#9748,10.);
#2352=VECTOR('',#9751,10.);
#2353=VECTOR('',#9758,10.);
#2354=VECTOR('',#9759,10.);
#2355=VECTOR('',#9798,10.);
#2356=VECTOR('',#9799,10.);
#2357=VECTOR('',#9846,10.);
#2358=VECTOR('',#9853,10.);
#2359=VECTOR('',#9854,10.);
#2360=VECTOR('',#9869,10.);
#2361=VECTOR('',#9912,0.9);
#2362=VECTOR('',#9917,0.9);
#2363=VECTOR('',#9922,0.9);
#2364=VECTOR('',#9927,0.9);
#2365=VECTOR('',#9930,0.9);
#2366=VECTOR('',#9935,0.9);
#2367=VECTOR('',#9942,0.9);
#2368=VECTOR('',#9947,0.9);
#2369=VECTOR('',#9954,2.);
#2370=VECTOR('',#9963,2.);
#2371=VECTOR('',#9972,1.99999993983255);
#2372=VECTOR('',#9981,2.);
#2373=VECTOR('',#9990,2.);
#2374=VECTOR('',#9999,2.);
#2375=VECTOR('',#10004,2.75);
#2376=VECTOR('',#10011,2.75);
#2377=VECTOR('',#10018,2.75);
#2378=VECTOR('',#10025,2.75);
#2379=VECTOR('',#10032,2.75);
#2380=VECTOR('',#10039,2.75);
#2381=VECTOR('',#10080,10.);
#2382=VECTOR('',#10081,10.);
#2383=VECTOR('',#10116,10.);
#2384=VECTOR('',#10117,10.);
#2385=VECTOR('',#10120,10.);
#2386=VECTOR('',#10121,10.);
#2387=VECTOR('',#10124,10.);
#2388=VECTOR('',#10127,10.);
#2389=VECTOR('',#10128,10.);
#2390=VECTOR('',#10129,10.);
#2391=VECTOR('',#10132,10.);
#2392=VECTOR('',#10135,10.);
#2393=VECTOR('',#10136,10.);
#2394=VECTOR('',#10137,10.);
#2395=VECTOR('',#10140,10.);
#2396=VECTOR('',#10143,10.);
#2397=VECTOR('',#10146,10.);
#2398=VECTOR('',#10149,10.);
#2399=VECTOR('',#10150,10.);
#2400=VECTOR('',#10151,10.);
#2401=VECTOR('',#10154,10.);
#2402=VECTOR('',#10157,10.);
#2403=VECTOR('',#10158,10.);
#2404=VECTOR('',#10159,10.);
#2405=VECTOR('',#10162,10.);
#2406=VECTOR('',#10165,10.);
#2407=VECTOR('',#10168,10.);
#2408=VECTOR('',#10171,10.);
#2409=VECTOR('',#10172,10.);
#2410=VECTOR('',#10173,10.);
#2411=VECTOR('',#10176,10.);
#2412=VECTOR('',#10179,10.);
#2413=VECTOR('',#10180,10.);
#2414=VECTOR('',#10181,10.);
#2415=VECTOR('',#10184,10.);
#2416=VECTOR('',#10187,10.);
#2417=VECTOR('',#10190,10.);
#2418=VECTOR('',#10193,10.);
#2419=VECTOR('',#10194,10.);
#2420=VECTOR('',#10195,10.);
#2421=VECTOR('',#10198,10.);
#2422=VECTOR('',#10201,10.);
#2423=VECTOR('',#10202,10.);
#2424=VECTOR('',#10203,10.);
#2425=VECTOR('',#10206,10.);
#2426=VECTOR('',#10209,10.);
#2427=VECTOR('',#10212,10.);
#2428=VECTOR('',#10215,10.);
#2429=VECTOR('',#10216,10.);
#2430=VECTOR('',#10217,10.);
#2431=VECTOR('',#10220,10.);
#2432=VECTOR('',#10223,10.);
#2433=VECTOR('',#10224,10.);
#2434=VECTOR('',#10225,10.);
#2435=VECTOR('',#10228,10.);
#2436=VECTOR('',#10231,10.);
#2437=VECTOR('',#10232,10.);
#2438=VECTOR('',#10235,10.);
#2439=VECTOR('',#10236,10.);
#2440=VECTOR('',#10237,10.);
#2441=VECTOR('',#10238,10.);
#2442=VECTOR('',#10241,10.);
#2443=VECTOR('',#10244,10.);
#2444=VECTOR('',#10245,10.);
#2445=VECTOR('',#10246,10.);
#2446=VECTOR('',#10249,10.);
#2447=VECTOR('',#10252,10.);
#2448=VECTOR('',#10255,10.);
#2449=VECTOR('',#10258,10.);
#2450=VECTOR('',#10259,10.);
#2451=VECTOR('',#10260,10.);
#2452=VECTOR('',#10263,10.);
#2453=VECTOR('',#10266,10.);
#2454=VECTOR('',#10267,10.);
#2455=VECTOR('',#10268,10.);
#2456=VECTOR('',#10271,10.);
#2457=VECTOR('',#10274,10.);
#2458=VECTOR('',#10277,10.);
#2459=VECTOR('',#10280,10.);
#2460=VECTOR('',#10281,10.);
#2461=VECTOR('',#10282,10.);
#2462=VECTOR('',#10285,10.);
#2463=VECTOR('',#10288,10.);
#2464=VECTOR('',#10289,10.);
#2465=VECTOR('',#10290,10.);
#2466=VECTOR('',#10293,10.);
#2467=VECTOR('',#10296,10.);
#2468=VECTOR('',#10299,10.);
#2469=VECTOR('',#10302,10.);
#2470=VECTOR('',#10303,10.);
#2471=VECTOR('',#10304,10.);
#2472=VECTOR('',#10307,10.);
#2473=VECTOR('',#10310,10.);
#2474=VECTOR('',#10311,10.);
#2475=VECTOR('',#10312,10.);
#2476=VECTOR('',#10315,10.);
#2477=VECTOR('',#10318,10.);
#2478=VECTOR('',#10321,10.);
#2479=VECTOR('',#10324,10.);
#2480=VECTOR('',#10325,10.);
#2481=VECTOR('',#10326,10.);
#2482=VECTOR('',#10329,10.);
#2483=VECTOR('',#10332,10.);
#2484=VECTOR('',#10335,10.);
#2485=VECTOR('',#10336,10.);
#2486=VECTOR('',#10339,10.);
#2487=VECTOR('',#10342,10.);
#2488=VECTOR('',#10345,10.);
#2489=VECTOR('',#10346,10.);
#2490=VECTOR('',#10351,10.);
#2491=VECTOR('',#10354,10.);
#2492=VECTOR('',#10357,10.);
#2493=VECTOR('',#10360,10.);
#2494=VECTOR('',#10363,10.);
#2495=VECTOR('',#10364,10.);
#2496=VECTOR('',#10367,10.);
#2497=VECTOR('',#10372,10.);
#2498=VECTOR('',#10375,10.);
#2499=VECTOR('',#10378,10.);
#2500=VECTOR('',#10381,10.);
#2501=VECTOR('',#10384,10.);
#2502=VECTOR('',#10387,10.);
#2503=VECTOR('',#10390,10.);
#2504=VECTOR('',#10391,10.);
#2505=VECTOR('',#10394,10.);
#2506=VECTOR('',#10395,10.);
#2507=VECTOR('',#10398,10.);
#2508=VECTOR('',#10401,10.);
#2509=VECTOR('',#10402,10.);
#2510=VECTOR('',#10407,10.);
#2511=VECTOR('',#10408,10.);
#2512=VECTOR('',#10411,10.);
#2513=VECTOR('',#10418,10.);
#2514=VECTOR('',#10421,10.);
#2515=VECTOR('',#10424,10.);
#2516=VECTOR('',#10427,10.);
#2517=VECTOR('',#10430,10.);
#2518=VECTOR('',#10433,10.);
#2519=VECTOR('',#10436,10.);
#2520=VECTOR('',#10437,10.);
#2521=VECTOR('',#10442,10.);
#2522=VECTOR('',#10445,10.);
#2523=VECTOR('',#10448,10.);
#2524=VECTOR('',#10451,10.);
#2525=VECTOR('',#10452,10.);
#2526=VECTOR('',#10457,10.);
#2527=VECTOR('',#10460,10.);
#2528=VECTOR('',#10463,10.);
#2529=VECTOR('',#10466,10.);
#2530=VECTOR('',#10467,10.);
#2531=VECTOR('',#10468,10.);
#2532=VECTOR('',#10469,10.);
#2533=VECTOR('',#10472,10.);
#2534=VECTOR('',#10473,10.);
#2535=VECTOR('',#10474,10.);
#2536=VECTOR('',#10475,10.);
#2537=VECTOR('',#10478,10.);
#2538=VECTOR('',#10479,10.);
#2539=VECTOR('',#10480,10.);
#2540=VECTOR('',#10481,10.);
#2541=VECTOR('',#10484,10.);
#2542=VECTOR('',#10485,10.);
#2543=VECTOR('',#10486,10.);
#2544=VECTOR('',#10489,10.);
#2545=VECTOR('',#10490,10.);
#2546=VECTOR('',#10491,10.);
#2547=VECTOR('',#10492,10.);
#2548=VECTOR('',#10493,10.);
#2549=VECTOR('',#10494,10.);
#2550=VECTOR('',#10495,10.);
#2551=VECTOR('',#10496,10.);
#2552=VECTOR('',#10497,10.);
#2553=VECTOR('',#10498,10.);
#2554=VECTOR('',#10499,10.);
#2555=VECTOR('',#10500,10.);
#2556=VECTOR('',#10501,10.);
#2557=VECTOR('',#10502,10.);
#2558=VECTOR('',#10503,10.);
#2559=VECTOR('',#10504,10.);
#2560=VECTOR('',#10505,10.);
#2561=VECTOR('',#10506,10.);
#2562=VECTOR('',#10507,10.);
#2563=VECTOR('',#10508,10.);
#2564=VECTOR('',#10509,10.);
#2565=VECTOR('',#10510,10.);
#2566=VECTOR('',#10511,10.);
#2567=VECTOR('',#10512,10.);
#2568=VECTOR('',#10513,10.);
#2569=VECTOR('',#10516,10.);
#2570=VECTOR('',#10517,10.);
#2571=VECTOR('',#10520,10.);
#2572=VECTOR('',#10523,10.);
#2573=VECTOR('',#10524,10.);
#2574=VECTOR('',#10529,10.);
#2575=VECTOR('',#10536,10.);
#2576=VECTOR('',#10537,10.);
#2577=VECTOR('',#10538,10.);
#2578=VECTOR('',#10539,10.);
#2579=VECTOR('',#10540,10.);
#2580=VECTOR('',#10541,10.);
#2581=VECTOR('',#10542,10.);
#2582=VECTOR('',#10543,10.);
#2583=VECTOR('',#10544,10.);
#2584=VECTOR('',#10545,10.);
#2585=VECTOR('',#10546,10.);
#2586=VECTOR('',#10547,10.);
#2587=VECTOR('',#10548,10.);
#2588=VECTOR('',#10549,10.);
#2589=VECTOR('',#10550,10.);
#2590=VECTOR('',#10551,10.);
#2591=VECTOR('',#10552,10.);
#2592=VECTOR('',#10553,10.);
#2593=VECTOR('',#10554,10.);
#2594=VECTOR('',#10555,10.);
#2595=VECTOR('',#10556,10.);
#2596=VECTOR('',#10557,10.);
#2597=VECTOR('',#10558,10.);
#2598=VECTOR('',#10559,10.);
#2599=VECTOR('',#10560,10.);
#2600=VECTOR('',#10563,10.);
#2601=VECTOR('',#10564,10.);
#2602=VECTOR('',#10565,10.);
#2603=VECTOR('',#10568,10.);
#2604=VECTOR('',#10575,10.);
#2605=VECTOR('',#10576,10.);
#2606=VECTOR('',#10577,10.);
#2607=VECTOR('',#10582,10.);
#2608=VECTOR('',#10583,10.);
#2609=VECTOR('',#10584,10.);
#2610=VECTOR('',#10585,10.);
#2611=VECTOR('',#10588,10.);
#2612=VECTOR('',#10591,10.);
#2613=VECTOR('',#10596,10.);
#2614=VECTOR('',#10599,10.);
#2615=VECTOR('',#10604,10.);
#2616=VECTOR('',#10607,10.);
#2617=VECTOR('',#10612,10.);
#2618=VECTOR('',#10615,10.);
#2619=VECTOR('',#10622,10.);
#2620=VECTOR('',#10629,10.);
#2621=VECTOR('',#10636,10.);
#2622=VECTOR('',#10643,10.);
#2623=VECTOR('',#10650,10.);
#2624=VECTOR('',#10651,10.);
#2625=VECTOR('',#10654,10.);
#2626=VECTOR('',#10655,10.);
#2627=VECTOR('',#10660,10.);
#2628=VECTOR('',#10661,10.);
#2629=VECTOR('',#10662,10.);
#2630=VECTOR('',#10673,10.);
#2631=VECTOR('',#10678,10.);
#2632=VECTOR('',#10679,10.);
#2633=VECTOR('',#10682,10.);
#2634=VECTOR('',#10683,10.);
#2635=VECTOR('',#10690,10.);
#2636=VECTOR('',#10693,10.);
#2637=VECTOR('',#10696,10.);
#2638=VECTOR('',#10701,10.);
#2639=VECTOR('',#10702,10.);
#2640=VECTOR('',#10705,10.);
#2641=VECTOR('',#10708,10.);
#2642=VECTOR('',#10713,10.);
#2643=VECTOR('',#10716,10.);
#2644=VECTOR('',#10717,10.);
#2645=VECTOR('',#10718,10.);
#2646=VECTOR('',#10721,10.);
#2647=VECTOR('',#10722,10.);
#2648=VECTOR('',#10723,10.);
#2649=VECTOR('',#10726,10.);
#2650=VECTOR('',#10727,10.);
#2651=VECTOR('',#10728,10.);
#2652=VECTOR('',#10733,10.);
#2653=VECTOR('',#10738,10.);
#2654=VECTOR('',#10739,10.);
#2655=VECTOR('',#10740,10.);
#2656=VECTOR('',#10743,10.);
#2657=VECTOR('',#10744,10.);
#2658=VECTOR('',#10747,10.);
#2659=VECTOR('',#10748,10.);
#2660=VECTOR('',#10749,10.);
#2661=VECTOR('',#10758,10.);
#2662=VECTOR('',#10759,10.);
#2663=VECTOR('',#10764,10.);
#2664=VECTOR('',#10767,10.);
#2665=VECTOR('',#10768,10.);
#2666=VECTOR('',#10769,10.);
#2667=VECTOR('',#10774,10.);
#2668=VECTOR('',#10779,10.);
#2669=VECTOR('',#10780,10.);
#2670=VECTOR('',#10785,10.);
#2671=VECTOR('',#10786,10.);
#2672=VECTOR('',#10789,10.);
#2673=VECTOR('',#10790,10.);
#2674=VECTOR('',#10791,10.);
#2675=VECTOR('',#10796,10.);
#2676=VECTOR('',#10801,10.);
#2677=VECTOR('',#10802,10.);
#2678=VECTOR('',#10803,10.);
#2679=VECTOR('',#10806,10.);
#2680=VECTOR('',#10807,10.);
#2681=VECTOR('',#10810,10.);
#2682=VECTOR('',#10811,10.);
#2683=VECTOR('',#10812,10.);
#2684=VECTOR('',#10817,10.);
#2685=VECTOR('',#10822,10.);
#2686=VECTOR('',#10823,10.);
#2687=VECTOR('',#10826,10.);
#2688=VECTOR('',#10827,10.);
#2689=VECTOR('',#10828,10.);
#2690=VECTOR('',#10833,10.);
#2691=VECTOR('',#10838,10.);
#2692=VECTOR('',#10839,10.);
#2693=VECTOR('',#10840,10.);
#2694=VECTOR('',#10843,10.);
#2695=VECTOR('',#10844,10.);
#2696=VECTOR('',#10849,10.);
#2697=VECTOR('',#10850,10.);
#2698=VECTOR('',#10853,2.);
#2699=VECTOR('',#10856,10.);
#2700=VECTOR('',#10857,10.);
#2701=VECTOR('',#10858,10.);
#2702=VECTOR('',#10859,10.);
#2703=VECTOR('',#10860,10.);
#2704=VECTOR('',#10865,10.);
#2705=VECTOR('',#10866,10.);
#2706=VECTOR('',#10867,10.);
#2707=VECTOR('',#10870,10.);
#2708=VECTOR('',#10873,10.);
#2709=VECTOR('',#10876,10.);
#2710=VECTOR('',#10879,10.);
#2711=VECTOR('',#10882,10.);
#2712=VECTOR('',#10885,10.);
#2713=VECTOR('',#10886,10.);
#2714=VECTOR('',#10889,10.);
#2715=VECTOR('',#10890,10.);
#2716=VECTOR('',#10893,10.);
#2717=VECTOR('',#10896,10.);
#2718=VECTOR('',#10897,10.);
#2719=VECTOR('',#10900,10.);
#2720=VECTOR('',#10901,10.);
#2721=VECTOR('',#10904,10.);
#2722=VECTOR('',#10907,10.);
#2723=VECTOR('',#10910,10.);
#2724=VECTOR('',#10913,10.);
#2725=VECTOR('',#10916,10.);
#2726=VECTOR('',#10919,10.);
#2727=VECTOR('',#10922,10.);
#2728=VECTOR('',#10929,10.);
#2729=VECTOR('',#10936,10.);
#2730=VECTOR('',#10947,10.);
#2731=VECTOR('',#10950,10.);
#2732=VECTOR('',#10955,10.);
#2733=VECTOR('',#10958,10.);
#2734=VECTOR('',#10967,10.);
#2735=VECTOR('',#10968,10.);
#2736=VECTOR('',#10969,10.);
#2737=VECTOR('',#10972,10.);
#2738=VECTOR('',#10973,10.);
#2739=VECTOR('',#10976,10.);
#2740=VECTOR('',#10983,10.);
#2741=VECTOR('',#10988,10.);
#2742=VECTOR('',#10989,10.);
#2743=VECTOR('',#10990,10.);
#2744=VECTOR('',#10991,10.);
#2745=VECTOR('',#10992,10.);
#2746=VECTOR('',#10993,10.);
#2747=VECTOR('',#10994,10.);
#2748=VECTOR('',#10995,10.);
#2749=VECTOR('',#10996,10.);
#2750=VECTOR('',#10997,10.);
#2751=VECTOR('',#10998,10.);
#2752=VECTOR('',#11005,10.);
#2753=VECTOR('',#11008,10.);
#2754=VECTOR('',#11009,10.);
#2755=VECTOR('',#11010,10.);
#2756=VECTOR('',#11013,10.);
#2757=VECTOR('',#11014,10.);
#2758=VECTOR('',#11015,10.);
#2759=VECTOR('',#11016,10.);
#2760=VECTOR('',#11019,10.);
#2761=VECTOR('',#11020,10.);
#2762=VECTOR('',#11021,10.);
#2763=VECTOR('',#11024,10.);
#2764=VECTOR('',#11025,10.);
#2765=VECTOR('',#11026,10.);
#2766=VECTOR('',#11029,10.);
#2767=VECTOR('',#11030,10.);
#2768=VECTOR('',#11035,10.);
#2769=VECTOR('',#11036,10.);
#2770=VECTOR('',#11041,10.);
#2771=VECTOR('',#11046,10.);
#2772=VECTOR('',#11049,10.);
#2773=VECTOR('',#11052,10.);
#2774=VECTOR('',#11059,2.75);
#2775=VECTOR('',#11068,2.);
#2776=VECTOR('',#11071,10.);
#2777=VECTOR('',#11072,10.);
#2778=VECTOR('',#11075,10.);
#2779=VECTOR('',#11076,10.);
#2780=VECTOR('',#11077,10.);
#2781=VECTOR('',#11080,10.);
#2782=VECTOR('',#11081,10.);
#2783=VECTOR('',#11084,10.);
#2784=VECTOR('',#11085,10.);
#2785=VECTOR('',#11086,10.);
#2786=VECTOR('',#11089,10.);
#2787=VECTOR('',#11090,10.);
#2788=VECTOR('',#11093,10.);
#2789=VECTOR('',#11094,10.);
#2790=VECTOR('',#11097,10.);
#2791=VECTOR('',#11100,10.);
#2792=VECTOR('',#11101,10.);
#2793=VECTOR('',#11104,10.);
#2794=VECTOR('',#11107,10.);
#2795=VECTOR('',#11116,10.);
#2796=VECTOR('',#11119,10.);
#2797=VECTOR('',#11122,10.);
#2798=VECTOR('',#11125,10.);
#2799=VECTOR('',#11128,10.);
#2800=VECTOR('',#11131,10.);
#2801=VECTOR('',#11134,10.);
#2802=VECTOR('',#11137,10.);
#2803=VECTOR('',#11140,10.);
#2804=VECTOR('',#11147,10.);
#2805=VECTOR('',#11150,10.);
#2806=VECTOR('',#11153,10.);
#2807=VECTOR('',#11156,10.);
#2808=VECTOR('',#11157,10.);
#2809=VECTOR('',#11158,10.);
#2810=VECTOR('',#11159,10.);
#2811=VECTOR('',#11162,10.);
#2812=VECTOR('',#11165,10.);
#2813=VECTOR('',#11168,10.);
#2814=VECTOR('',#11169,10.);
#2815=VECTOR('',#11174,10.);
#2816=VECTOR('',#11179,10.);
#2817=VECTOR('',#11182,10.);
#2818=VECTOR('',#11185,10.);
#2819=VECTOR('',#11188,10.);
#2820=VECTOR('',#11193,10.);
#2821=VECTOR('',#11208,10.);
#2822=VECTOR('',#11211,10.);
#2823=VECTOR('',#11212,10.);
#2824=VECTOR('',#11215,10.);
#2825=VECTOR('',#11216,10.);
#2826=VECTOR('',#11217,10.);
#2827=VECTOR('',#11218,10.);
#2828=VECTOR('',#11219,10.);
#2829=VECTOR('',#11220,10.);
#2830=VECTOR('',#11221,10.);
#2831=VECTOR('',#11222,10.);
#2832=VECTOR('',#11223,10.);
#2833=VECTOR('',#11224,10.);
#2834=VECTOR('',#11225,10.);
#2835=VECTOR('',#11228,10.);
#2836=VECTOR('',#11229,10.);
#2837=VECTOR('',#11230,10.);
#2838=VECTOR('',#11231,10.);
#2839=VECTOR('',#11234,10.);
#2840=VECTOR('',#11235,10.);
#2841=VECTOR('',#11236,10.);
#2842=VECTOR('',#11237,10.);
#2843=VECTOR('',#11240,10.);
#2844=VECTOR('',#11241,10.);
#2845=VECTOR('',#11242,10.);
#2846=VECTOR('',#11245,10.);
#2847=VECTOR('',#11246,10.);
#2848=VECTOR('',#11247,10.);
#2849=VECTOR('',#11250,10.);
#2850=VECTOR('',#11251,10.);
#2851=VECTOR('',#11256,10.);
#2852=VECTOR('',#11259,10.);
#2853=VECTOR('',#11268,10.);
#2854=VECTOR('',#11279,2.75);
#2855=VECTOR('',#11288,2.75);
#2856=VECTOR('',#11297,2.75);
#2857=VECTOR('',#11306,2.);
#2858=VECTOR('',#11309,2.);
#2859=VECTOR('',#11312,2.);
#2860=VECTOR('',#11315,10.);
#2861=VECTOR('',#11316,10.);
#2862=VECTOR('',#11319,10.);
#2863=VECTOR('',#11320,10.);
#2864=VECTOR('',#11321,10.);
#2865=VECTOR('',#11324,10.);
#2866=VECTOR('',#11325,10.);
#2867=VECTOR('',#11328,10.);
#2868=VECTOR('',#11329,10.);
#2869=VECTOR('',#11330,10.);
#2870=VECTOR('',#11333,10.);
#2871=VECTOR('',#11334,10.);
#2872=VECTOR('',#11337,10.);
#2873=VECTOR('',#11338,10.);
#2874=VECTOR('',#11341,10.);
#2875=VECTOR('',#11344,10.);
#2876=VECTOR('',#11345,10.);
#2877=VECTOR('',#11348,10.);
#2878=VECTOR('',#11349,10.);
#2879=VECTOR('',#11364,0.25);
#2880=VECTOR('',#11379,0.25);
#2881=VECTOR('',#11394,0.25);
#2882=VECTOR('',#11409,0.25);
#2883=VECTOR('',#11422,0.25);
#2884=VECTOR('',#11437,0.25);
#2885=VECTOR('',#11452,0.25);
#2886=VECTOR('',#11467,0.25);
#2887=VECTOR('',#11474,10.);
#2888=VECTOR('',#11475,10.);
#2889=VECTOR('',#11476,10.);
#2890=VECTOR('',#11477,10.);
#2891=VECTOR('',#11480,10.);
#2892=VECTOR('',#11481,10.);
#2893=VECTOR('',#11482,10.);
#2894=VECTOR('',#11483,10.);
#2895=VECTOR('',#11488,10.);
#2896=VECTOR('',#11489,10.);
#2897=VECTOR('',#11492,10.);
#2898=VECTOR('',#11493,10.);
#2899=VECTOR('',#11494,10.);
#2900=VECTOR('',#11503,10.);
#2901=VECTOR('',#11504,10.);
#2902=VECTOR('',#11507,10.);
#2903=VECTOR('',#11512,10.);
#2904=VECTOR('',#11513,10.);
#2905=VECTOR('',#11514,10.);
#2906=VECTOR('',#11517,10.);
#2907=VECTOR('',#11518,10.);
#2908=VECTOR('',#11521,10.);
#2909=VECTOR('',#11522,10.);
#2910=VECTOR('',#11523,10.);
#2911=VECTOR('',#11526,10.);
#2912=VECTOR('',#11531,10.);
#2913=VECTOR('',#11534,10.);
#2914=VECTOR('',#11537,10.);
#2915=VECTOR('',#11540,10.);
#2916=VECTOR('',#11547,0.75);
#2917=VECTOR('',#11558,0.75);
#2918=VECTOR('',#11569,0.75);
#2919=VECTOR('',#11578,10.);
#2920=VECTOR('',#11579,10.);
#2921=VECTOR('',#11580,10.);
#2922=VECTOR('',#11581,10.);
#2923=VECTOR('',#11584,10.);
#2924=VECTOR('',#11585,10.);
#2925=VECTOR('',#11586,10.);
#2926=VECTOR('',#11589,10.);
#2927=VECTOR('',#11590,10.);
#2928=VECTOR('',#11591,10.);
#2929=VECTOR('',#11594,10.);
#2930=VECTOR('',#11595,10.);
#2931=VECTOR('',#11610,10.);
#2932=VECTOR('',#11613,10.);
#2933=VECTOR('',#11616,10.);
#2934=VECTOR('',#11617,10.);
#2935=VECTOR('',#11618,10.);
#2936=VECTOR('',#11625,10.);
#2937=VECTOR('',#11626,10.);
#2938=VECTOR('',#11627,10.);
#2939=VECTOR('',#11630,10.);
#2940=VECTOR('',#11631,10.);
#2941=CIRCLE('',#8510,1.);
#2942=CIRCLE('',#8511,1.);
#2943=CIRCLE('',#8513,2.21428571428571);
#2944=CIRCLE('',#8514,2.21428571428571);
#2945=CIRCLE('',#8515,2.21428571428571);
#2946=CIRCLE('',#8516,2.21428571428571);
#2947=CIRCLE('',#8518,2.5);
#2948=CIRCLE('',#8520,2.5);
#2949=CIRCLE('',#8522,2.5);
#2950=CIRCLE('',#8523,2.5);
#2951=CIRCLE('',#8526,2.5);
#2952=CIRCLE('',#8527,2.5);
#2953=CIRCLE('',#8531,1.);
#2954=CIRCLE('',#8533,1.895);
#2955=CIRCLE('',#8534,1.);
#2956=CIRCLE('',#8536,1.895);
#2957=CIRCLE('',#8548,1.);
#2958=CIRCLE('',#8550,1.895);
#2959=CIRCLE('',#8551,1.);
#2960=CIRCLE('',#8553,1.895);
#2961=CIRCLE('',#8565,1.60086327519196);
#2962=CIRCLE('',#8566,1.60086327519196);
#2963=CIRCLE('',#8568,1.6);
#2964=CIRCLE('',#8569,1.6);
#2965=CIRCLE('',#8573,3.57142927584528);
#2966=CIRCLE('',#8574,3.57142932036846);
#2967=CIRCLE('',#8575,6.28657707681994);
#2968=CIRCLE('',#8576,3.57142927588522);
#2969=CIRCLE('',#8577,3.57142932047053);
#2970=CIRCLE('',#8578,6.28657707220982);
#2971=CIRCLE('',#8579,3.57142927572647);
#2972=CIRCLE('',#8580,3.57142932022997);
#2973=CIRCLE('',#8581,6.28657707625546);
#2974=CIRCLE('',#8582,3.57142927571785);
#2975=CIRCLE('',#8583,3.57142932016238);
#2976=CIRCLE('',#8584,6.28657692995538);
#2977=CIRCLE('',#8585,3.57142927569672);
#2978=CIRCLE('',#8586,3.57142932058759);
#2979=CIRCLE('',#8587,6.2859638872463);
#2980=CIRCLE('',#8588,0.9);
#2981=CIRCLE('',#8593,3.1);
#2982=CIRCLE('',#8594,3.1);
#2983=CIRCLE('',#8604,1.42857142857143);
#2984=CIRCLE('',#8605,0.892857142857143);
#2985=CIRCLE('',#8606,1.42857142857143);
#2986=CIRCLE('',#8607,3.57143730344064);
#2987=CIRCLE('',#8608,6.28657707681994);
#2988=CIRCLE('',#8609,3.57142932036846);
#2989=CIRCLE('',#8610,3.57142927595796);
#2990=CIRCLE('',#8611,6.28657707392264);
#2991=CIRCLE('',#8612,6.2859638872463);
#2992=CIRCLE('',#8613,3.57142932058759);
#2993=CIRCLE('',#8614,3.57142927569672);
#2994=CIRCLE('',#8615,6.28657692995538);
#2995=CIRCLE('',#8616,3.57142932016238);
#2996=CIRCLE('',#8617,3.57142927571785);
#2997=CIRCLE('',#8618,6.28657707625546);
#2998=CIRCLE('',#8619,3.57142932022997);
#2999=CIRCLE('',#8620,3.57142927572647);
#3000=CIRCLE('',#8621,6.28657707220982);
#3001=CIRCLE('',#8622,3.57142932047053);
#3002=CIRCLE('',#8623,3.57142927588522);
#3003=CIRCLE('',#8624,6.28657707681994);
#3004=CIRCLE('',#8625,3.57142932036846);
#3005=CIRCLE('',#8626,3.57142927584528);
#3006=CIRCLE('',#8627,6.28657707392264);
#3007=CIRCLE('',#8628,3.57142932058759);
#3008=CIRCLE('',#8629,3.57142927562606);
#3009=CIRCLE('',#8630,6.28657707423281);
#3010=CIRCLE('',#8631,3.57142927765373);
#3011=CIRCLE('',#8632,3.57142932084247);
#3012=CIRCLE('',#8633,6.28657706612527);
#3013=CIRCLE('',#8634,3.57142607394881);
#3014=CIRCLE('',#8635,3.57142932023274);
#3015=CIRCLE('',#8636,6.28657708703644);
#3016=CIRCLE('',#8637,3.57142927578658);
#3017=CIRCLE('',#8638,3.57142932084407);
#3018=CIRCLE('',#8639,6.28657702171792);
#3019=CIRCLE('',#8640,3.57142927701031);
#3020=CIRCLE('',#8641,3.57142932042618);
#3021=CIRCLE('',#8642,6.28657700906105);
#3022=CIRCLE('',#8643,3.57142927573746);
#3023=CIRCLE('',#8644,3.57142931938633);
#3024=CIRCLE('',#8645,6.28657701837621);
#3025=CIRCLE('',#8646,3.57142927621382);
#3026=CIRCLE('',#8647,3.57142321054486);
#3027=CIRCLE('',#8648,3.5714286705484);
#3028=CIRCLE('',#8649,1.42857142857143);
#3029=CIRCLE('',#8650,0.714285714285713);
#3030=CIRCLE('',#8651,0.857142857142855);
#3031=CIRCLE('',#8652,2.75);
#3032=CIRCLE('',#8653,2.75);
#3033=CIRCLE('',#8654,2.75);
#3034=CIRCLE('',#8655,0.9);
#3035=CIRCLE('',#8656,0.9);
#3036=CIRCLE('',#8657,0.9);
#3037=CIRCLE('',#8662,0.857142857142855);
#3038=CIRCLE('',#8663,0.714285714285713);
#3039=CIRCLE('',#8664,1.42857142857143);
#3040=CIRCLE('',#8665,3.5714286705484);
#3041=CIRCLE('',#8666,3.57142321054486);
#3042=CIRCLE('',#8667,3.57142927621382);
#3043=CIRCLE('',#8668,6.28657701837621);
#3044=CIRCLE('',#8669,3.57142931938633);
#3045=CIRCLE('',#8670,3.57142927573746);
#3046=CIRCLE('',#8671,6.28657700906105);
#3047=CIRCLE('',#8672,3.57142932042618);
#3048=CIRCLE('',#8673,3.57142927701031);
#3049=CIRCLE('',#8674,6.28657702171792);
#3050=CIRCLE('',#8675,3.57142932084407);
#3051=CIRCLE('',#8676,3.57142927578658);
#3052=CIRCLE('',#8677,6.28657708703644);
#3053=CIRCLE('',#8678,3.57142932023274);
#3054=CIRCLE('',#8679,3.57142607394881);
#3055=CIRCLE('',#8680,6.28657706612527);
#3056=CIRCLE('',#8681,3.57142932084247);
#3057=CIRCLE('',#8682,3.57142927765373);
#3058=CIRCLE('',#8683,6.28657707423281);
#3059=CIRCLE('',#8684,3.57142927562606);
#3060=CIRCLE('',#8685,3.57142932058759);
#3061=CIRCLE('',#8686,6.28657707392264);
#3062=CIRCLE('',#8687,3.57142927584528);
#3063=CIRCLE('',#8688,3.57142932036846);
#3064=CIRCLE('',#8689,6.28657707681994);
#3065=CIRCLE('',#8690,3.57142927588522);
#3066=CIRCLE('',#8691,3.57142932047053);
#3067=CIRCLE('',#8692,6.28657707220982);
#3068=CIRCLE('',#8693,3.57142927572647);
#3069=CIRCLE('',#8694,3.57142932022997);
#3070=CIRCLE('',#8695,6.28657707625546);
#3071=CIRCLE('',#8696,3.57142927571785);
#3072=CIRCLE('',#8697,3.57142932016238);
#3073=CIRCLE('',#8698,6.28657692995538);
#3074=CIRCLE('',#8699,3.57142927569672);
#3075=CIRCLE('',#8700,3.57142932058759);
#3076=CIRCLE('',#8701,6.2859638872463);
#3077=CIRCLE('',#8702,6.28657707392264);
#3078=CIRCLE('',#8703,3.57142927595796);
#3079=CIRCLE('',#8704,3.57142932036846);
#3080=CIRCLE('',#8705,6.28657707681994);
#3081=CIRCLE('',#8706,3.57143730344064);
#3082=CIRCLE('',#8707,1.42857142857143);
#3083=CIRCLE('',#8708,0.892857142857143);
#3084=CIRCLE('',#8709,1.42857142857143);
#3085=CIRCLE('',#8710,0.9);
#3086=CIRCLE('',#8711,0.9);
#3087=CIRCLE('',#8712,0.9);
#3088=CIRCLE('',#8713,2.75);
#3089=CIRCLE('',#8714,2.75);
#3090=CIRCLE('',#8715,2.75);
#3091=CIRCLE('',#8719,3.57142932084247);
#3092=CIRCLE('',#8720,6.28657706612527);
#3093=CIRCLE('',#8721,3.57142607394881);
#3094=CIRCLE('',#8722,3.57142932023274);
#3095=CIRCLE('',#8723,6.28657708703644);
#3096=CIRCLE('',#8724,3.57142927578658);
#3097=CIRCLE('',#8725,3.57142932084407);
#3098=CIRCLE('',#8726,6.28657702171792);
#3099=CIRCLE('',#8727,3.57142927701031);
#3100=CIRCLE('',#8728,3.57142932042618);
#3101=CIRCLE('',#8729,6.28657700906105);
#3102=CIRCLE('',#8730,3.57142927573746);
#3103=CIRCLE('',#8731,3.57142931938633);
#3104=CIRCLE('',#8732,6.28657701837621);
#3105=CIRCLE('',#8733,3.57142927621382);
#3106=CIRCLE('',#8734,3.57142321054486);
#3107=CIRCLE('',#8735,0.9);
#3108=CIRCLE('',#8737,0.9);
#3109=CIRCLE('',#8739,0.9);
#3110=CIRCLE('',#8741,0.9);
#3111=CIRCLE('',#8743,0.9);
#3112=CIRCLE('',#8746,0.9);
#3113=CIRCLE('',#8747,0.9);
#3114=CIRCLE('',#8749,0.9);
#3115=CIRCLE('',#8751,0.9);
#3116=CIRCLE('',#8753,1.25);
#3117=CIRCLE('',#8755,2.);
#3118=CIRCLE('',#8757,1.25);
#3119=CIRCLE('',#8759,2.);
#3120=CIRCLE('',#8761,1.25);
#3121=CIRCLE('',#8763,2.00000000000016);
#3122=CIRCLE('',#8765,1.25);
#3123=CIRCLE('',#8767,2.);
#3124=CIRCLE('',#8769,1.25);
#3125=CIRCLE('',#8771,2.);
#3126=CIRCLE('',#8773,1.25);
#3127=CIRCLE('',#8775,2.);
#3128=CIRCLE('',#8777,2.75);
#3129=CIRCLE('',#8780,2.75);
#3130=CIRCLE('',#8783,2.75);
#3131=CIRCLE('',#8786,2.75);
#3132=CIRCLE('',#8789,2.75);
#3133=CIRCLE('',#8792,2.75);
#3134=CIRCLE('',#8795,3.57142321054486);
#3135=CIRCLE('',#8796,3.57142927621382);
#3136=CIRCLE('',#8797,6.28657701837621);
#3137=CIRCLE('',#8798,3.57142931938633);
#3138=CIRCLE('',#8799,3.57142927573746);
#3139=CIRCLE('',#8800,6.28657700906105);
#3140=CIRCLE('',#8801,3.57142932042618);
#3141=CIRCLE('',#8802,3.57142927701031);
#3142=CIRCLE('',#8803,6.28657702171792);
#3143=CIRCLE('',#8804,3.57142932084407);
#3144=CIRCLE('',#8805,3.57142927578658);
#3145=CIRCLE('',#8806,6.28657708703644);
#3146=CIRCLE('',#8807,3.57142932023274);
#3147=CIRCLE('',#8808,3.57142607394881);
#3148=CIRCLE('',#8809,6.28657706612527);
#3149=CIRCLE('',#8810,3.57142932084247);
#3150=CIRCLE('',#8813,6.2859638872463);
#3151=CIRCLE('',#8814,3.57142932058759);
#3152=CIRCLE('',#8815,3.57142927569672);
#3153=CIRCLE('',#8816,6.28657692995538);
#3154=CIRCLE('',#8817,3.57142932016238);
#3155=CIRCLE('',#8818,3.57142927571785);
#3156=CIRCLE('',#8819,6.28657707625546);
#3157=CIRCLE('',#8820,3.57142932022997);
#3158=CIRCLE('',#8821,3.57142927572647);
#3159=CIRCLE('',#8822,6.28657707220982);
#3160=CIRCLE('',#8823,3.57142932047053);
#3161=CIRCLE('',#8824,3.57142927588522);
#3162=CIRCLE('',#8825,6.28657707681994);
#3163=CIRCLE('',#8826,3.57142932036846);
#3164=CIRCLE('',#8827,3.57142927584528);
#3165=CIRCLE('',#8914,0.5);
#3166=CIRCLE('',#8915,0.5);
#3167=CIRCLE('',#8917,0.5);
#3168=CIRCLE('',#8918,0.5);
#3169=CIRCLE('',#8919,0.5);
#3170=CIRCLE('',#8922,0.5);
#3171=CIRCLE('',#8924,0.5);
#3172=CIRCLE('',#8927,0.5);
#3173=CIRCLE('',#8934,2.);
#3174=CIRCLE('',#8935,2.);
#3175=CIRCLE('',#8936,2.5);
#3176=CIRCLE('',#8937,2.5);
#3177=CIRCLE('',#8938,2.);
#3178=CIRCLE('',#8939,2.);
#3179=CIRCLE('',#8940,2.);
#3180=CIRCLE('',#8942,1.);
#3181=CIRCLE('',#8947,1.);
#3182=CIRCLE('',#8949,2.);
#3183=CIRCLE('',#8951,0.199999999999649);
#3184=CIRCLE('',#8952,0.199999999999649);
#3185=CIRCLE('',#8954,0.199999999999649);
#3186=CIRCLE('',#8955,0.199999999999649);
#3187=CIRCLE('',#8957,0.199999999999649);
#3188=CIRCLE('',#8958,0.199999999999649);
#3189=CIRCLE('',#8960,0.199999999999649);
#3190=CIRCLE('',#8961,0.199999999999649);
#3191=CIRCLE('',#8963,0.199999999999649);
#3192=CIRCLE('',#8964,0.199999999999649);
#3193=CIRCLE('',#8966,0.199999999999649);
#3194=CIRCLE('',#8967,0.199999999999649);
#3195=CIRCLE('',#8969,0.199999999999649);
#3196=CIRCLE('',#8970,0.199999999999649);
#3197=CIRCLE('',#8972,0.199999999999649);
#3198=CIRCLE('',#8973,0.199999999999649);
#3199=CIRCLE('',#8975,2.5);
#3200=CIRCLE('',#8976,2.75);
#3201=CIRCLE('',#8978,2.);
#3202=CIRCLE('',#8980,2.75);
#3203=CIRCLE('',#8981,2.);
#3204=CIRCLE('',#8983,2.75);
#3205=CIRCLE('',#8984,2.75);
#3206=CIRCLE('',#8985,2.75);
#3207=CIRCLE('',#8986,2.5);
#3208=CIRCLE('',#8987,2.75);
#3209=CIRCLE('',#8989,2.75);
#3210=CIRCLE('',#8991,0.0499999999998969);
#3211=CIRCLE('',#8995,0.0499999999998969);
#3212=CIRCLE('',#8997,2.);
#3213=CIRCLE('',#9002,0.0499999999998969);
#3214=CIRCLE('',#9003,0.0499999999998969);
#3215=CIRCLE('',#9008,0.0499999999998969);
#3216=CIRCLE('',#9009,0.0499999999998969);
#3217=CIRCLE('',#9012,2.);
#3218=CIRCLE('',#9015,0.0499999999998969);
#3219=CIRCLE('',#9016,0.0499999999998969);
#3220=CIRCLE('',#9022,0.0499999999998969);
#3221=CIRCLE('',#9023,0.0499999999998969);
#3222=CIRCLE('',#9028,0.0499999999998969);
#3223=CIRCLE('',#9029,0.0499999999998969);
#3224=CIRCLE('',#9033,0.0499999999998969);
#3225=CIRCLE('',#9034,0.0499999999998969);
#3226=CIRCLE('',#9038,2.);
#3227=CIRCLE('',#9040,2.);
#3228=CIRCLE('',#9041,2.);
#3229=CIRCLE('',#9070,1.);
#3230=CIRCLE('',#9072,1.);
#3231=CIRCLE('',#9074,10.6);
#3232=CIRCLE('',#9075,8.5);
#3233=CIRCLE('',#9077,2.75);
#3234=CIRCLE('',#9083,1.5);
#3235=CIRCLE('',#9084,1.5);
#3236=CIRCLE('',#9087,3.);
#3237=CIRCLE('',#9088,3.);
#3238=CIRCLE('',#9097,8.5);
#3239=CIRCLE('',#9098,10.6);
#3240=CIRCLE('',#9105,2.75);
#3241=CIRCLE('',#9107,2.);
#3242=CIRCLE('',#9126,1.);
#3243=CIRCLE('',#9128,1.);
#3244=CIRCLE('',#9130,8.5);
#3245=CIRCLE('',#9131,10.6);
#3246=CIRCLE('',#9133,8.5);
#3247=CIRCLE('',#9135,10.6);
#3248=CIRCLE('',#9141,2.5);
#3249=CIRCLE('',#9142,2.5);
#3250=CIRCLE('',#9144,1.5);
#3251=CIRCLE('',#9145,1.5);
#3252=CIRCLE('',#9147,2.75);
#3253=CIRCLE('',#9148,2.75);
#3254=CIRCLE('',#9149,2.5);
#3255=CIRCLE('',#9150,2.75);
#3256=CIRCLE('',#9151,2.75);
#3257=CIRCLE('',#9152,2.75);
#3258=CIRCLE('',#9153,2.75);
#3259=CIRCLE('',#9155,3.);
#3260=CIRCLE('',#9156,3.);
#3261=CIRCLE('',#9167,2.5);
#3262=CIRCLE('',#9168,2.);
#3263=CIRCLE('',#9169,2.);
#3264=CIRCLE('',#9170,2.);
#3265=CIRCLE('',#9171,2.);
#3266=CIRCLE('',#9175,2.75);
#3267=CIRCLE('',#9177,2.);
#3268=CIRCLE('',#9179,2.75);
#3269=CIRCLE('',#9181,2.);
#3270=CIRCLE('',#9183,2.75);
#3271=CIRCLE('',#9185,2.);
#3272=CIRCLE('',#9202,0.25);
#3273=CIRCLE('',#9204,0.25);
#3274=CIRCLE('',#9205,0.25);
#3275=CIRCLE('',#9206,0.25);
#3276=CIRCLE('',#9208,2.21428571428455);
#3277=CIRCLE('',#9209,0.25);
#3278=CIRCLE('',#9210,0.25);
#3279=CIRCLE('',#9212,0.25);
#3280=CIRCLE('',#9213,0.25);
#3281=CIRCLE('',#9215,2.25000000000056);
#3282=CIRCLE('',#9216,0.25);
#3283=CIRCLE('',#9217,0.25);
#3284=CIRCLE('',#9219,0.25);
#3285=CIRCLE('',#9220,0.25);
#3286=CIRCLE('',#9222,2.21428571428521);
#3287=CIRCLE('',#9223,0.25);
#3288=CIRCLE('',#9224,0.25);
#3289=CIRCLE('',#9229,0.25);
#3290=CIRCLE('',#9231,0.25);
#3291=CIRCLE('',#9232,0.25);
#3292=CIRCLE('',#9233,0.25);
#3293=CIRCLE('',#9235,2.20921414258867);
#3294=CIRCLE('',#9236,0.25);
#3295=CIRCLE('',#9237,0.25);
#3296=CIRCLE('',#9239,0.25);
#3297=CIRCLE('',#9240,0.25);
#3298=CIRCLE('',#9242,2.25000000000001);
#3299=CIRCLE('',#9243,0.25);
#3300=CIRCLE('',#9244,0.25);
#3301=CIRCLE('',#9246,0.25);
#3302=CIRCLE('',#9247,0.25);
#3303=CIRCLE('',#9249,2.2142857142857);
#3304=CIRCLE('',#9250,0.25);
#3305=CIRCLE('',#9251,0.25);
#3306=CIRCLE('',#9258,3.1);
#3307=CIRCLE('',#9259,3.);
#3308=CIRCLE('',#9261,2.);
#3309=CIRCLE('',#9262,2.);
#3310=CIRCLE('',#9265,3.1);
#3311=CIRCLE('',#9270,3.);
#3312=CIRCLE('',#9277,0.75);
#3313=CIRCLE('',#9278,0.75);
#3314=CIRCLE('',#9282,0.75);
#3315=CIRCLE('',#9283,0.75);
#3316=CIRCLE('',#9287,0.75);
#3317=CIRCLE('',#9288,0.75);
#3318=CIRCLE('',#9299,10.6);
#3319=CIRCLE('',#9300,10.1);
#3320=CIRCLE('',#9302,10.6);
#3321=CIRCLE('',#9305,10.1);
#3322=VERTEX_POINT('',#11679);
#3323=VERTEX_POINT('',#11681);
#3324=VERTEX_POINT('',#11685);
#3325=VERTEX_POINT('',#11686);
#3326=VERTEX_POINT('',#11689);
#3327=VERTEX_POINT('',#11691);
#3328=VERTEX_POINT('',#11695);
#3329=VERTEX_POINT('',#11698);
#3330=VERTEX_POINT('',#11701);
#3331=VERTEX_POINT('',#11703);
#3332=VERTEX_POINT('',#11709);
#3333=VERTEX_POINT('',#11710);
#3334=VERTEX_POINT('',#11718);
#3335=VERTEX_POINT('',#11721);
#3336=VERTEX_POINT('',#11723);
#3337=VERTEX_POINT('',#11726);
#3338=VERTEX_POINT('',#11732);
#3339=VERTEX_POINT('',#11733);
#3340=VERTEX_POINT('',#11735);
#3341=VERTEX_POINT('',#11737);
#3342=VERTEX_POINT('',#11739);
#3343=VERTEX_POINT('',#11741);
#3344=VERTEX_POINT('',#11745);
#3345=VERTEX_POINT('',#11747);
#3346=VERTEX_POINT('',#11751);
#3347=VERTEX_POINT('',#11755);
#3348=VERTEX_POINT('',#11759);
#3349=VERTEX_POINT('',#11761);
#3350=VERTEX_POINT('',#11771);
#3351=VERTEX_POINT('',#11774);
#3352=VERTEX_POINT('',#11776);
#3353=VERTEX_POINT('',#11779);
#3354=VERTEX_POINT('',#11785);
#3355=VERTEX_POINT('',#11786);
#3356=VERTEX_POINT('',#11788);
#3357=VERTEX_POINT('',#11790);
#3358=VERTEX_POINT('',#11792);
#3359=VERTEX_POINT('',#11794);
#3360=VERTEX_POINT('',#11798);
#3361=VERTEX_POINT('',#11800);
#3362=VERTEX_POINT('',#11804);
#3363=VERTEX_POINT('',#11808);
#3364=VERTEX_POINT('',#11812);
#3365=VERTEX_POINT('',#11814);
#3366=VERTEX_POINT('',#11824);
#3367=VERTEX_POINT('',#11825);
#3368=VERTEX_POINT('',#11827);
#3369=VERTEX_POINT('',#11829);
#3370=VERTEX_POINT('',#11833);
#3371=VERTEX_POINT('',#11834);
#3372=VERTEX_POINT('',#11836);
#3373=VERTEX_POINT('',#11838);
#3374=VERTEX_POINT('',#11842);
#3375=VERTEX_POINT('',#11844);
#3376=VERTEX_POINT('',#11848);
#3377=VERTEX_POINT('',#11850);
#3378=VERTEX_POINT('',#11854);
#3379=VERTEX_POINT('',#11856);
#3380=VERTEX_POINT('',#11858);
#3381=VERTEX_POINT('',#11860);
#3382=VERTEX_POINT('',#11865);
#3383=VERTEX_POINT('',#11867);
#3384=VERTEX_POINT('',#11872);
#3385=VERTEX_POINT('',#11874);
#3386=VERTEX_POINT('',#11876);
#3387=VERTEX_POINT('',#11881);
#3388=VERTEX_POINT('',#11883);
#3389=VERTEX_POINT('',#11890);
#3390=VERTEX_POINT('',#11892);
#3391=VERTEX_POINT('',#11894);
#3392=VERTEX_POINT('',#11899);
#3393=VERTEX_POINT('',#11901);
#3394=VERTEX_POINT('',#11908);
#3395=VERTEX_POINT('',#11910);
#3396=VERTEX_POINT('',#11912);
#3397=VERTEX_POINT('',#11919);
#3398=VERTEX_POINT('',#11921);
#3399=VERTEX_POINT('',#11926);
#3400=VERTEX_POINT('',#11928);
#3401=VERTEX_POINT('',#11930);
#3402=VERTEX_POINT('',#11937);
#3403=VERTEX_POINT('',#11940);
#3404=VERTEX_POINT('',#11943);
#3405=VERTEX_POINT('',#11947);
#3406=VERTEX_POINT('',#11948);
#3407=VERTEX_POINT('',#11951);
#3408=VERTEX_POINT('',#11955);
#3409=VERTEX_POINT('',#11956);
#3410=VERTEX_POINT('',#11958);
#3411=VERTEX_POINT('',#11966);
#3412=VERTEX_POINT('',#11967);
#3413=VERTEX_POINT('',#11969);
#3414=VERTEX_POINT('',#11971);
#3415=VERTEX_POINT('',#11975);
#3416=VERTEX_POINT('',#11977);
#3417=VERTEX_POINT('',#11981);
#3418=VERTEX_POINT('',#11983);
#3419=VERTEX_POINT('',#11987);
#3420=VERTEX_POINT('',#11988);
#3421=VERTEX_POINT('',#11990);
#3422=VERTEX_POINT('',#11992);
#3423=VERTEX_POINT('',#11996);
#3424=VERTEX_POINT('',#11998);
#3425=VERTEX_POINT('',#12002);
#3426=VERTEX_POINT('',#12004);
#3427=VERTEX_POINT('',#12011);
#3428=VERTEX_POINT('',#12013);
#3429=VERTEX_POINT('',#12017);
#3430=VERTEX_POINT('',#12019);
#3431=VERTEX_POINT('',#12021);
#3432=VERTEX_POINT('',#12023);
#3433=VERTEX_POINT('',#12025);
#3434=VERTEX_POINT('',#12027);
#3435=VERTEX_POINT('',#12029);
#3436=VERTEX_POINT('',#12031);
#3437=VERTEX_POINT('',#12038);
#3438=VERTEX_POINT('',#12040);
#3439=VERTEX_POINT('',#12047);
#3440=VERTEX_POINT('',#12049);
#3441=VERTEX_POINT('',#12051);
#3442=VERTEX_POINT('',#12058);
#3443=VERTEX_POINT('',#12060);
#3444=VERTEX_POINT('',#12062);
#3445=VERTEX_POINT('',#12067);
#3446=VERTEX_POINT('',#12069);
#3447=VERTEX_POINT('',#12071);
#3448=VERTEX_POINT('',#12078);
#3449=VERTEX_POINT('',#12080);
#3450=VERTEX_POINT('',#12085);
#3451=VERTEX_POINT('',#12087);
#3452=VERTEX_POINT('',#12089);
#3453=VERTEX_POINT('',#12094);
#3454=VERTEX_POINT('',#12096);
#3455=VERTEX_POINT('',#12103);
#3456=VERTEX_POINT('',#12105);
#3457=VERTEX_POINT('',#12107);
#3458=VERTEX_POINT('',#12112);
#3459=VERTEX_POINT('',#12114);
#3460=VERTEX_POINT('',#12121);
#3461=VERTEX_POINT('',#12123);
#3462=VERTEX_POINT('',#12125);
#3463=VERTEX_POINT('',#12132);
#3464=VERTEX_POINT('',#12134);
#3465=VERTEX_POINT('',#12141);
#3466=VERTEX_POINT('',#12143);
#3467=VERTEX_POINT('',#12145);
#3468=VERTEX_POINT('',#12152);
#3469=VERTEX_POINT('',#12154);
#3470=VERTEX_POINT('',#12161);
#3471=VERTEX_POINT('',#12163);
#3472=VERTEX_POINT('',#12165);
#3473=VERTEX_POINT('',#12172);
#3474=VERTEX_POINT('',#12174);
#3475=VERTEX_POINT('',#12176);
#3476=VERTEX_POINT('',#12178);
#3477=VERTEX_POINT('',#12180);
#3478=VERTEX_POINT('',#12182);
#3479=VERTEX_POINT('',#12184);
#3480=VERTEX_POINT('',#12191);
#3481=VERTEX_POINT('',#12193);
#3482=VERTEX_POINT('',#12195);
#3483=VERTEX_POINT('',#12202);
#3484=VERTEX_POINT('',#12204);
#3485=VERTEX_POINT('',#12211);
#3486=VERTEX_POINT('',#12213);
#3487=VERTEX_POINT('',#12215);
#3488=VERTEX_POINT('',#12220);
#3489=VERTEX_POINT('',#12222);
#3490=VERTEX_POINT('',#12229);
#3491=VERTEX_POINT('',#12231);
#3492=VERTEX_POINT('',#12233);
#3493=VERTEX_POINT('',#12238);
#3494=VERTEX_POINT('',#12240);
#3495=VERTEX_POINT('',#12245);
#3496=VERTEX_POINT('',#12247);
#3497=VERTEX_POINT('',#12249);
#3498=VERTEX_POINT('',#12256);
#3499=VERTEX_POINT('',#12258);
#3500=VERTEX_POINT('',#12263);
#3501=VERTEX_POINT('',#12265);
#3502=VERTEX_POINT('',#12267);
#3503=VERTEX_POINT('',#12272);
#3504=VERTEX_POINT('',#12274);
#3505=VERTEX_POINT('',#12279);
#3506=VERTEX_POINT('',#12281);
#3507=VERTEX_POINT('',#12283);
#3508=VERTEX_POINT('',#12285);
#3509=VERTEX_POINT('',#12287);
#3510=VERTEX_POINT('',#12289);
#3511=VERTEX_POINT('',#12291);
#3512=VERTEX_POINT('',#12293);
#3513=VERTEX_POINT('',#12300);
#3514=VERTEX_POINT('',#12303);
#3515=VERTEX_POINT('',#12305);
#3516=VERTEX_POINT('',#12307);
#3517=VERTEX_POINT('',#12309);
#3518=VERTEX_POINT('',#12311);
#3519=VERTEX_POINT('',#12313);
#3520=VERTEX_POINT('',#12316);
#3521=VERTEX_POINT('',#12318);
#3522=VERTEX_POINT('',#12322);
#3523=VERTEX_POINT('',#12326);
#3524=VERTEX_POINT('',#12330);
#3525=VERTEX_POINT('',#12332);
#3526=VERTEX_POINT('',#12334);
#3527=VERTEX_POINT('',#12341);
#3528=VERTEX_POINT('',#12343);
#3529=VERTEX_POINT('',#12345);
#3530=VERTEX_POINT('',#12347);
#3531=VERTEX_POINT('',#12349);
#3532=VERTEX_POINT('',#12351);
#3533=VERTEX_POINT('',#12353);
#3534=VERTEX_POINT('',#12355);
#3535=VERTEX_POINT('',#12360);
#3536=VERTEX_POINT('',#12362);
#3537=VERTEX_POINT('',#12367);
#3538=VERTEX_POINT('',#12369);
#3539=VERTEX_POINT('',#12371);
#3540=VERTEX_POINT('',#12376);
#3541=VERTEX_POINT('',#12378);
#3542=VERTEX_POINT('',#12385);
#3543=VERTEX_POINT('',#12387);
#3544=VERTEX_POINT('',#12389);
#3545=VERTEX_POINT('',#12394);
#3546=VERTEX_POINT('',#12396);
#3547=VERTEX_POINT('',#12401);
#3548=VERTEX_POINT('',#12403);
#3549=VERTEX_POINT('',#12405);
#3550=VERTEX_POINT('',#12412);
#3551=VERTEX_POINT('',#12414);
#3552=VERTEX_POINT('',#12419);
#3553=VERTEX_POINT('',#12421);
#3554=VERTEX_POINT('',#12423);
#3555=VERTEX_POINT('',#12430);
#3556=VERTEX_POINT('',#12432);
#3557=VERTEX_POINT('',#12439);
#3558=VERTEX_POINT('',#12441);
#3559=VERTEX_POINT('',#12443);
#3560=VERTEX_POINT('',#12450);
#3561=VERTEX_POINT('',#12453);
#3562=VERTEX_POINT('',#12455);
#3563=VERTEX_POINT('',#12462);
#3564=VERTEX_POINT('',#12464);
#3565=VERTEX_POINT('',#12466);
#3566=VERTEX_POINT('',#12473);
#3567=VERTEX_POINT('',#12475);
#3568=VERTEX_POINT('',#12482);
#3569=VERTEX_POINT('',#12484);
#3570=VERTEX_POINT('',#12486);
#3571=VERTEX_POINT('',#12493);
#3572=VERTEX_POINT('',#12495);
#3573=VERTEX_POINT('',#12502);
#3574=VERTEX_POINT('',#12504);
#3575=VERTEX_POINT('',#12506);
#3576=VERTEX_POINT('',#12513);
#3577=VERTEX_POINT('',#12515);
#3578=VERTEX_POINT('',#12520);
#3579=VERTEX_POINT('',#12522);
#3580=VERTEX_POINT('',#12524);
#3581=VERTEX_POINT('',#12531);
#3582=VERTEX_POINT('',#12533);
#3583=VERTEX_POINT('',#12538);
#3584=VERTEX_POINT('',#12540);
#3585=VERTEX_POINT('',#12542);
#3586=VERTEX_POINT('',#12547);
#3587=VERTEX_POINT('',#12549);
#3588=VERTEX_POINT('',#12556);
#3589=VERTEX_POINT('',#12558);
#3590=VERTEX_POINT('',#12560);
#3591=VERTEX_POINT('',#12565);
#3592=VERTEX_POINT('',#12567);
#3593=VERTEX_POINT('',#12569);
#3594=VERTEX_POINT('',#12576);
#3595=VERTEX_POINT('',#12578);
#3596=VERTEX_POINT('',#12580);
#3597=VERTEX_POINT('',#12587);
#3598=VERTEX_POINT('',#12589);
#3599=VERTEX_POINT('',#12596);
#3600=VERTEX_POINT('',#12598);
#3601=VERTEX_POINT('',#12600);
#3602=VERTEX_POINT('',#12602);
#3603=VERTEX_POINT('',#12604);
#3604=VERTEX_POINT('',#12606);
#3605=VERTEX_POINT('',#12609);
#3606=VERTEX_POINT('',#12611);
#3607=VERTEX_POINT('',#12613);
#3608=VERTEX_POINT('',#12615);
#3609=VERTEX_POINT('',#12617);
#3610=VERTEX_POINT('',#12619);
#3611=VERTEX_POINT('',#12625);
#3612=VERTEX_POINT('',#12627);
#3613=VERTEX_POINT('',#12632);
#3614=VERTEX_POINT('',#12634);
#3615=VERTEX_POINT('',#12639);
#3616=VERTEX_POINT('',#12641);
#3617=VERTEX_POINT('',#12643);
#3618=VERTEX_POINT('',#12650);
#3619=VERTEX_POINT('',#12652);
#3620=VERTEX_POINT('',#12657);
#3621=VERTEX_POINT('',#12659);
#3622=VERTEX_POINT('',#12661);
#3623=VERTEX_POINT('',#12668);
#3624=VERTEX_POINT('',#12670);
#3625=VERTEX_POINT('',#12677);
#3626=VERTEX_POINT('',#12679);
#3627=VERTEX_POINT('',#12681);
#3628=VERTEX_POINT('',#12686);
#3629=VERTEX_POINT('',#12688);
#3630=VERTEX_POINT('',#12695);
#3631=VERTEX_POINT('',#12697);
#3632=VERTEX_POINT('',#12699);
#3633=VERTEX_POINT('',#12706);
#3634=VERTEX_POINT('',#12708);
#3635=VERTEX_POINT('',#12715);
#3636=VERTEX_POINT('',#12718);
#3637=VERTEX_POINT('',#12721);
#3638=VERTEX_POINT('',#12725);
#3639=VERTEX_POINT('',#12729);
#3640=VERTEX_POINT('',#12733);
#3641=VERTEX_POINT('',#12739);
#3642=VERTEX_POINT('',#12741);
#3643=VERTEX_POINT('',#12745);
#3644=VERTEX_POINT('',#12749);
#3645=VERTEX_POINT('',#12753);
#3646=VERTEX_POINT('',#12756);
#3647=VERTEX_POINT('',#12760);
#3648=VERTEX_POINT('',#12763);
#3649=VERTEX_POINT('',#12767);
#3650=VERTEX_POINT('',#12770);
#3651=VERTEX_POINT('',#12774);
#3652=VERTEX_POINT('',#12777);
#3653=VERTEX_POINT('',#12781);
#3654=VERTEX_POINT('',#12784);
#3655=VERTEX_POINT('',#12788);
#3656=VERTEX_POINT('',#12791);
#3657=VERTEX_POINT('',#12795);
#3658=VERTEX_POINT('',#12800);
#3659=VERTEX_POINT('',#12805);
#3660=VERTEX_POINT('',#12810);
#3661=VERTEX_POINT('',#12815);
#3662=VERTEX_POINT('',#12820);
#3663=VERTEX_POINT('',#12825);
#3664=VERTEX_POINT('',#12827);
#3665=VERTEX_POINT('',#12829);
#3666=VERTEX_POINT('',#12836);
#3667=VERTEX_POINT('',#12838);
#3668=VERTEX_POINT('',#12845);
#3669=VERTEX_POINT('',#12847);
#3670=VERTEX_POINT('',#12849);
#3671=VERTEX_POINT('',#12856);
#3672=VERTEX_POINT('',#12858);
#3673=VERTEX_POINT('',#12863);
#3674=VERTEX_POINT('',#12865);
#3675=VERTEX_POINT('',#12867);
#3676=VERTEX_POINT('',#12874);
#3677=VERTEX_POINT('',#12876);
#3678=VERTEX_POINT('',#12883);
#3679=VERTEX_POINT('',#12885);
#3680=VERTEX_POINT('',#12887);
#3681=VERTEX_POINT('',#12892);
#3682=VERTEX_POINT('',#12894);
#3683=VERTEX_POINT('',#12901);
#3684=VERTEX_POINT('',#12903);
#3685=VERTEX_POINT('',#12905);
#3686=VERTEX_POINT('',#12910);
#3687=VERTEX_POINT('',#12912);
#3688=VERTEX_POINT('',#12919);
#3689=VERTEX_POINT('',#12923);
#3690=VERTEX_POINT('',#12925);
#3691=VERTEX_POINT('',#12932);
#3692=VERTEX_POINT('',#12934);
#3693=VERTEX_POINT('',#12936);
#3694=VERTEX_POINT('',#12941);
#3695=VERTEX_POINT('',#12943);
#3696=VERTEX_POINT('',#12950);
#3697=VERTEX_POINT('',#12952);
#3698=VERTEX_POINT('',#12954);
#3699=VERTEX_POINT('',#12961);
#3700=VERTEX_POINT('',#12963);
#3701=VERTEX_POINT('',#12968);
#3702=VERTEX_POINT('',#12970);
#3703=VERTEX_POINT('',#12972);
#3704=VERTEX_POINT('',#12979);
#3705=VERTEX_POINT('',#12981);
#3706=VERTEX_POINT('',#12986);
#3707=VERTEX_POINT('',#12988);
#3708=VERTEX_POINT('',#12990);
#3709=VERTEX_POINT('',#12995);
#3710=VERTEX_POINT('',#12997);
#3711=VERTEX_POINT('',#13002);
#3712=VERTEX_POINT('',#13693);
#3713=VERTEX_POINT('',#13694);
#3714=VERTEX_POINT('',#13696);
#3715=VERTEX_POINT('',#13698);
#3716=VERTEX_POINT('',#13702);
#3717=VERTEX_POINT('',#13704);
#3718=VERTEX_POINT('',#13706);
#3719=VERTEX_POINT('',#13708);
#3720=VERTEX_POINT('',#13710);
#3721=VERTEX_POINT('',#13712);
#3722=VERTEX_POINT('',#13716);
#3723=VERTEX_POINT('',#13720);
#3724=VERTEX_POINT('',#13724);
#3725=VERTEX_POINT('',#13726);
#3726=VERTEX_POINT('',#13730);
#3727=VERTEX_POINT('',#13734);
#3728=VERTEX_POINT('',#13742);
#3729=VERTEX_POINT('',#13743);
#3730=VERTEX_POINT('',#13745);
#3731=VERTEX_POINT('',#13747);
#3732=VERTEX_POINT('',#13751);
#3733=VERTEX_POINT('',#13752);
#3734=VERTEX_POINT('',#13754);
#3735=VERTEX_POINT('',#13756);
#3736=VERTEX_POINT('',#13760);
#3737=VERTEX_POINT('',#13762);
#3738=VERTEX_POINT('',#13764);
#3739=VERTEX_POINT('',#13768);
#3740=VERTEX_POINT('',#13770);
#3741=VERTEX_POINT('',#13772);
#3742=VERTEX_POINT('',#13774);
#3743=VERTEX_POINT('',#13776);
#3744=VERTEX_POINT('',#13778);
#3745=VERTEX_POINT('',#13780);
#3746=VERTEX_POINT('',#13782);
#3747=VERTEX_POINT('',#13784);
#3748=VERTEX_POINT('',#13786);
#3749=VERTEX_POINT('',#13788);
#3750=VERTEX_POINT('',#13790);
#3751=VERTEX_POINT('',#13792);
#3752=VERTEX_POINT('',#13794);
#3753=VERTEX_POINT('',#13796);
#3754=VERTEX_POINT('',#13798);
#3755=VERTEX_POINT('',#13800);
#3756=VERTEX_POINT('',#13802);
#3757=VERTEX_POINT('',#13804);
#3758=VERTEX_POINT('',#13806);
#3759=VERTEX_POINT('',#13808);
#3760=VERTEX_POINT('',#13810);
#3761=VERTEX_POINT('',#13812);
#3762=VERTEX_POINT('',#13814);
#3763=VERTEX_POINT('',#13816);
#3764=VERTEX_POINT('',#13818);
#3765=VERTEX_POINT('',#13820);
#3766=VERTEX_POINT('',#13822);
#3767=VERTEX_POINT('',#13825);
#3768=VERTEX_POINT('',#13827);
#3769=VERTEX_POINT('',#13829);
#3770=VERTEX_POINT('',#13831);
#3771=VERTEX_POINT('',#13833);
#3772=VERTEX_POINT('',#13835);
#3773=VERTEX_POINT('',#13837);
#3774=VERTEX_POINT('',#13839);
#3775=VERTEX_POINT('',#13841);
#3776=VERTEX_POINT('',#13847);
#3777=VERTEX_POINT('',#13848);
#3778=VERTEX_POINT('',#13850);
#3779=VERTEX_POINT('',#13852);
#3780=VERTEX_POINT('',#13854);
#3781=VERTEX_POINT('',#13856);
#3782=VERTEX_POINT('',#13858);
#3783=VERTEX_POINT('',#13860);
#3784=VERTEX_POINT('',#13862);
#3785=VERTEX_POINT('',#13864);
#3786=VERTEX_POINT('',#13866);
#3787=VERTEX_POINT('',#13868);
#3788=VERTEX_POINT('',#13870);
#3789=VERTEX_POINT('',#13872);
#3790=VERTEX_POINT('',#13874);
#3791=VERTEX_POINT('',#13876);
#3792=VERTEX_POINT('',#13878);
#3793=VERTEX_POINT('',#13880);
#3794=VERTEX_POINT('',#13882);
#3795=VERTEX_POINT('',#13885);
#3796=VERTEX_POINT('',#13887);
#3797=VERTEX_POINT('',#13889);
#3798=VERTEX_POINT('',#13891);
#3799=VERTEX_POINT('',#13893);
#3800=VERTEX_POINT('',#13895);
#3801=VERTEX_POINT('',#13899);
#3802=VERTEX_POINT('',#13901);
#3803=VERTEX_POINT('',#13903);
#3804=VERTEX_POINT('',#13911);
#3805=VERTEX_POINT('',#13913);
#3806=VERTEX_POINT('',#13915);
#3807=VERTEX_POINT('',#13919);
#3808=VERTEX_POINT('',#13921);
#3809=VERTEX_POINT('',#13926);
#3810=VERTEX_POINT('',#13927);
#3811=VERTEX_POINT('',#13929);
#3812=VERTEX_POINT('',#13931);
#3813=VERTEX_POINT('',#13933);
#3814=VERTEX_POINT('',#13937);
#3815=VERTEX_POINT('',#13938);
#3816=VERTEX_POINT('',#13940);
#3817=VERTEX_POINT('',#13942);
#3818=VERTEX_POINT('',#13946);
#3819=VERTEX_POINT('',#13947);
#3820=VERTEX_POINT('',#13949);
#3821=VERTEX_POINT('',#13951);
#3822=VERTEX_POINT('',#13955);
#3823=VERTEX_POINT('',#13956);
#3824=VERTEX_POINT('',#13958);
#3825=VERTEX_POINT('',#13960);
#3826=VERTEX_POINT('',#13964);
#3827=VERTEX_POINT('',#13965);
#3828=VERTEX_POINT('',#13967);
#3829=VERTEX_POINT('',#13969);
#3830=VERTEX_POINT('',#13973);
#3831=VERTEX_POINT('',#13975);
#3832=VERTEX_POINT('',#13979);
#3833=VERTEX_POINT('',#13981);
#3834=VERTEX_POINT('',#13985);
#3835=VERTEX_POINT('',#13987);
#3836=VERTEX_POINT('',#13991);
#3837=VERTEX_POINT('',#13993);
#3838=VERTEX_POINT('',#13997);
#3839=VERTEX_POINT('',#13998);
#3840=VERTEX_POINT('',#14000);
#3841=VERTEX_POINT('',#14002);
#3842=VERTEX_POINT('',#14004);
#3843=VERTEX_POINT('',#14009);
#3844=VERTEX_POINT('',#14010);
#3845=VERTEX_POINT('',#14012);
#3846=VERTEX_POINT('',#14014);
#3847=VERTEX_POINT('',#14019);
#3848=VERTEX_POINT('',#14022);
#3849=VERTEX_POINT('',#14024);
#3850=VERTEX_POINT('',#14026);
#3851=VERTEX_POINT('',#14028);
#3852=VERTEX_POINT('',#14030);
#3853=VERTEX_POINT('',#14032);
#3854=VERTEX_POINT('',#14034);
#3855=VERTEX_POINT('',#14036);
#3856=VERTEX_POINT('',#14041);
#3857=VERTEX_POINT('',#14056);
#3858=VERTEX_POINT('',#14057);
#3859=VERTEX_POINT('',#14066);
#3860=VERTEX_POINT('',#14068);
#3861=VERTEX_POINT('',#14072);
#3862=VERTEX_POINT('',#14077);
#3863=VERTEX_POINT('',#14078);
#3864=VERTEX_POINT('',#14087);
#3865=VERTEX_POINT('',#14089);
#3866=VERTEX_POINT('',#14093);
#3867=VERTEX_POINT('',#14097);
#3868=VERTEX_POINT('',#14099);
#3869=VERTEX_POINT('',#14103);
#3870=VERTEX_POINT('',#14105);
#3871=VERTEX_POINT('',#14109);
#3872=VERTEX_POINT('',#14111);
#3873=VERTEX_POINT('',#14115);
#3874=VERTEX_POINT('',#14117);
#3875=VERTEX_POINT('',#14121);
#3876=VERTEX_POINT('',#14123);
#3877=VERTEX_POINT('',#14130);
#3878=VERTEX_POINT('',#14132);
#3879=VERTEX_POINT('',#14142);
#3880=VERTEX_POINT('',#14146);
#3881=VERTEX_POINT('',#14148);
#3882=VERTEX_POINT('',#14152);
#3883=VERTEX_POINT('',#14154);
#3884=VERTEX_POINT('',#14161);
#3885=VERTEX_POINT('',#14166);
#3886=VERTEX_POINT('',#14168);
#3887=VERTEX_POINT('',#14172);
#3888=VERTEX_POINT('',#14174);
#3889=VERTEX_POINT('',#14178);
#3890=VERTEX_POINT('',#14180);
#3891=VERTEX_POINT('',#14187);
#3892=VERTEX_POINT('',#14189);
#3893=VERTEX_POINT('',#14193);
#3894=VERTEX_POINT('',#14195);
#3895=VERTEX_POINT('',#14202);
#3896=VERTEX_POINT('',#14204);
#3897=VERTEX_POINT('',#14208);
#3898=VERTEX_POINT('',#14210);
#3899=VERTEX_POINT('',#14214);
#3900=VERTEX_POINT('',#14216);
#3901=VERTEX_POINT('',#14224);
#3902=VERTEX_POINT('',#14228);
#3903=VERTEX_POINT('',#14230);
#3904=VERTEX_POINT('',#14236);
#3905=VERTEX_POINT('',#14240);
#3906=VERTEX_POINT('',#14242);
#3907=VERTEX_POINT('',#14256);
#3908=VERTEX_POINT('',#14260);
#3909=VERTEX_POINT('',#14266);
#3910=VERTEX_POINT('',#14270);
#3911=VERTEX_POINT('',#14299);
#3912=VERTEX_POINT('',#14301);
#3913=VERTEX_POINT('',#14312);
#3914=VERTEX_POINT('',#14321);
#3915=VERTEX_POINT('',#14328);
#3916=VERTEX_POINT('',#14330);
#3917=VERTEX_POINT('',#14341);
#3918=VERTEX_POINT('',#14348);
#3919=VERTEX_POINT('',#14350);
#3920=VERTEX_POINT('',#14352);
#3921=VERTEX_POINT('',#14358);
#3922=VERTEX_POINT('',#14369);
#3923=VERTEX_POINT('',#14380);
#3924=VERTEX_POINT('',#14382);
#3925=VERTEX_POINT('',#14393);
#3926=VERTEX_POINT('',#14395);
#3927=VERTEX_POINT('',#14418);
#3928=VERTEX_POINT('',#14420);
#3929=VERTEX_POINT('',#14435);
#3930=VERTEX_POINT('',#14437);
#3931=VERTEX_POINT('',#14439);
#3932=VERTEX_POINT('',#14441);
#3933=VERTEX_POINT('',#14443);
#3934=VERTEX_POINT('',#14445);
#3935=VERTEX_POINT('',#14447);
#3936=VERTEX_POINT('',#14449);
#3937=VERTEX_POINT('',#14451);
#3938=VERTEX_POINT('',#14453);
#3939=VERTEX_POINT('',#14457);
#3940=VERTEX_POINT('',#14459);
#3941=VERTEX_POINT('',#14463);
#3942=VERTEX_POINT('',#14468);
#3943=VERTEX_POINT('',#14469);
#3944=VERTEX_POINT('',#14471);
#3945=VERTEX_POINT('',#14473);
#3946=VERTEX_POINT('',#14477);
#3947=VERTEX_POINT('',#14479);
#3948=VERTEX_POINT('',#14483);
#3949=VERTEX_POINT('',#14485);
#3950=VERTEX_POINT('',#14494);
#3951=VERTEX_POINT('',#14501);
#3952=VERTEX_POINT('',#14503);
#3953=VERTEX_POINT('',#14515);
#3954=VERTEX_POINT('',#14519);
#3955=VERTEX_POINT('',#14524);
#3956=VERTEX_POINT('',#14528);
#3957=VERTEX_POINT('',#14529);
#3958=VERTEX_POINT('',#14534);
#3959=VERTEX_POINT('',#14538);
#3960=VERTEX_POINT('',#14540);
#3961=VERTEX_POINT('',#14544);
#3962=VERTEX_POINT('',#14548);
#3963=VERTEX_POINT('',#14554);
#3964=VERTEX_POINT('',#14565);
#3965=VERTEX_POINT('',#14566);
#3966=VERTEX_POINT('',#14574);
#3967=VERTEX_POINT('',#14576);
#3968=VERTEX_POINT('',#14578);
#3969=VERTEX_POINT('',#14580);
#3970=VERTEX_POINT('',#14582);
#3971=VERTEX_POINT('',#14592);
#3972=VERTEX_POINT('',#14597);
#3973=VERTEX_POINT('',#14604);
#3974=VERTEX_POINT('',#14606);
#3975=VERTEX_POINT('',#14617);
#3976=VERTEX_POINT('',#14621);
#3977=VERTEX_POINT('',#14623);
#3978=VERTEX_POINT('',#14628);
#3979=VERTEX_POINT('',#14630);
#3980=VERTEX_POINT('',#14641);
#3981=VERTEX_POINT('',#14650);
#3982=VERTEX_POINT('',#14652);
#3983=VERTEX_POINT('',#14654);
#3984=VERTEX_POINT('',#14658);
#3985=VERTEX_POINT('',#14662);
#3986=VERTEX_POINT('',#14664);
#3987=VERTEX_POINT('',#14668);
#3988=VERTEX_POINT('',#14669);
#3989=VERTEX_POINT('',#14680);
#3990=VERTEX_POINT('',#14682);
#3991=VERTEX_POINT('',#14693);
#3992=VERTEX_POINT('',#14695);
#3993=VERTEX_POINT('',#14706);
#3994=VERTEX_POINT('',#14708);
#3995=VERTEX_POINT('',#14733);
#3996=VERTEX_POINT('',#14737);
#3997=VERTEX_POINT('',#14739);
#3998=VERTEX_POINT('',#14743);
#3999=VERTEX_POINT('',#14744);
#4000=VERTEX_POINT('',#14755);
#4001=VERTEX_POINT('',#14757);
#4002=VERTEX_POINT('',#14759);
#4003=VERTEX_POINT('',#14761);
#4004=VERTEX_POINT('',#14766);
#4005=VERTEX_POINT('',#14769);
#4006=VERTEX_POINT('',#14772);
#4007=VERTEX_POINT('',#14775);
#4008=VERTEX_POINT('',#14779);
#4009=VERTEX_POINT('',#14780);
#4010=VERTEX_POINT('',#14782);
#4011=VERTEX_POINT('',#14784);
#4012=VERTEX_POINT('',#14786);
#4013=VERTEX_POINT('',#14790);
#4014=VERTEX_POINT('',#14792);
#4015=VERTEX_POINT('',#14794);
#4016=VERTEX_POINT('',#14796);
#4017=VERTEX_POINT('',#14798);
#4018=VERTEX_POINT('',#14800);
#4019=VERTEX_POINT('',#14802);
#4020=VERTEX_POINT('',#14804);
#4021=VERTEX_POINT('',#14806);
#4022=VERTEX_POINT('',#14808);
#4023=VERTEX_POINT('',#14812);
#4024=VERTEX_POINT('',#14815);
#4025=VERTEX_POINT('',#14819);
#4026=VERTEX_POINT('',#14820);
#4027=VERTEX_POINT('',#14822);
#4028=VERTEX_POINT('',#14824);
#4029=VERTEX_POINT('',#14828);
#4030=VERTEX_POINT('',#14830);
#4031=VERTEX_POINT('',#14834);
#4032=VERTEX_POINT('',#14836);
#4033=VERTEX_POINT('',#14849);
#4034=VERTEX_POINT('',#14853);
#4035=VERTEX_POINT('',#14855);
#4036=VERTEX_POINT('',#14860);
#4037=VERTEX_POINT('',#14864);
#4038=VERTEX_POINT('',#14867);
#4039=VERTEX_POINT('',#14871);
#4040=VERTEX_POINT('',#14874);
#4041=VERTEX_POINT('',#14878);
#4042=VERTEX_POINT('',#14887);
#4043=VERTEX_POINT('',#14891);
#4044=VERTEX_POINT('',#14893);
#4045=VERTEX_POINT('',#14897);
#4046=VERTEX_POINT('',#14901);
#4047=VERTEX_POINT('',#14903);
#4048=VERTEX_POINT('',#14907);
#4049=VERTEX_POINT('',#14911);
#4050=VERTEX_POINT('',#14917);
#4051=VERTEX_POINT('',#14927);
#4052=VERTEX_POINT('',#14930);
#4053=VERTEX_POINT('',#14932);
#4054=VERTEX_POINT('',#14934);
#4055=VERTEX_POINT('',#14938);
#4056=VERTEX_POINT('',#14940);
#4057=VERTEX_POINT('',#14944);
#4058=VERTEX_POINT('',#14946);
#4059=VERTEX_POINT('',#14950);
#4060=VERTEX_POINT('',#14952);
#4061=VERTEX_POINT('',#14956);
#4062=VERTEX_POINT('',#14958);
#4063=VERTEX_POINT('',#14962);
#4064=VERTEX_POINT('',#14964);
#4065=VERTEX_POINT('',#14972);
#4066=VERTEX_POINT('',#14975);
#4067=VERTEX_POINT('',#14977);
#4068=VERTEX_POINT('',#14979);
#4069=VERTEX_POINT('',#14983);
#4070=VERTEX_POINT('',#14985);
#4071=VERTEX_POINT('',#14989);
#4072=VERTEX_POINT('',#14991);
#4073=VERTEX_POINT('',#14995);
#4074=VERTEX_POINT('',#14997);
#4075=VERTEX_POINT('',#15001);
#4076=VERTEX_POINT('',#15003);
#4077=VERTEX_POINT('',#15007);
#4078=VERTEX_POINT('',#15009);
#4079=VERTEX_POINT('',#15017);
#4080=VERTEX_POINT('',#15018);
#4081=VERTEX_POINT('',#15020);
#4082=VERTEX_POINT('',#15022);
#4083=VERTEX_POINT('',#15026);
#4084=VERTEX_POINT('',#15027);
#4085=VERTEX_POINT('',#15029);
#4086=VERTEX_POINT('',#15031);
#4087=VERTEX_POINT('',#15035);
#4088=VERTEX_POINT('',#15036);
#4089=VERTEX_POINT('',#15039);
#4090=VERTEX_POINT('',#15041);
#4091=VERTEX_POINT('',#15043);
#4092=VERTEX_POINT('',#15045);
#4093=VERTEX_POINT('',#15052);
#4094=VERTEX_POINT('',#15056);
#4095=VERTEX_POINT('',#15060);
#4096=VERTEX_POINT('',#15062);
#4097=VERTEX_POINT('',#15066);
#4098=VERTEX_POINT('',#15070);
#4099=VERTEX_POINT('',#15072);
#4100=VERTEX_POINT('',#15076);
#4101=VERTEX_POINT('',#15089);
#4102=VERTEX_POINT('',#15091);
#4103=VERTEX_POINT('',#15097);
#4104=VERTEX_POINT('',#15099);
#4105=VERTEX_POINT('',#15105);
#4106=VERTEX_POINT('',#15107);
#4107=VERTEX_POINT('',#15113);
#4108=VERTEX_POINT('',#15114);
#4109=VERTEX_POINT('',#15116);
#4110=VERTEX_POINT('',#15118);
#4111=VERTEX_POINT('',#15122);
#4112=VERTEX_POINT('',#15124);
#4113=VERTEX_POINT('',#15128);
#4114=VERTEX_POINT('',#15130);
#4115=VERTEX_POINT('',#15140);
#4116=VERTEX_POINT('',#15141);
#4117=VERTEX_POINT('',#15152);
#4118=VERTEX_POINT('',#15154);
#4119=VERTEX_POINT('',#15167);
#4120=VERTEX_POINT('',#15169);
#4121=VERTEX_POINT('',#15173);
#4122=VERTEX_POINT('',#15175);
#4123=VERTEX_POINT('',#15177);
#4124=VERTEX_POINT('',#15190);
#4125=VERTEX_POINT('',#15203);
#4126=VERTEX_POINT('',#15205);
#4127=EDGE_CURVE('',#3322,#3322,#2941,.T.);
#4128=EDGE_CURVE('',#3322,#3323,#1541,.T.);
#4129=EDGE_CURVE('',#3323,#3323,#2942,.T.);
#4130=EDGE_CURVE('',#3324,#3325,#2943,.T.);
#4131=EDGE_CURVE('',#3325,#3324,#2944,.T.);
#4132=EDGE_CURVE('',#3324,#3326,#1542,.T.);
#4133=EDGE_CURVE('',#3327,#3326,#2945,.T.);
#4134=EDGE_CURVE('',#3326,#3327,#2946,.T.);
#4135=EDGE_CURVE('',#3328,#3328,#2947,.T.);
#4136=EDGE_CURVE('',#3329,#3329,#2948,.T.);
#4137=EDGE_CURVE('',#3328,#3330,#1543,.T.);
#4138=EDGE_CURVE('',#3331,#3330,#2949,.T.);
#4139=EDGE_CURVE('',#3330,#3331,#2950,.T.);
#4140=EDGE_CURVE('',#3331,#3325,#1544,.T.);
#4141=EDGE_CURVE('',#3332,#3333,#2951,.T.);
#4142=EDGE_CURVE('',#3333,#3329,#1545,.T.);
#4143=EDGE_CURVE('',#3333,#3332,#2952,.T.);
#4144=EDGE_CURVE('',#3327,#3332,#1546,.T.);
#4145=EDGE_CURVE('',#3334,#3334,#2953,.T.);
#4146=EDGE_CURVE('',#3335,#3335,#2954,.T.);
#4147=EDGE_CURVE('',#3336,#3336,#2955,.T.);
#4148=EDGE_CURVE('',#3337,#3337,#2956,.T.);
#4149=EDGE_CURVE('',#3337,#3335,#1547,.T.);
#4150=EDGE_CURVE('',#3336,#3334,#1548,.T.);
#4151=EDGE_CURVE('',#3338,#3339,#1549,.T.);
#4152=EDGE_CURVE('',#3340,#3338,#1550,.T.);
#4153=EDGE_CURVE('',#3341,#3340,#1551,.T.);
#4154=EDGE_CURVE('',#3342,#3341,#1552,.T.);
#4155=EDGE_CURVE('',#3343,#3342,#1553,.T.);
#4156=EDGE_CURVE('',#3339,#3343,#1554,.T.);
#4157=EDGE_CURVE('',#3343,#3344,#1555,.T.);
#4158=EDGE_CURVE('',#3342,#3345,#1556,.T.);
#4159=EDGE_CURVE('',#3344,#3345,#1557,.T.);
#4160=EDGE_CURVE('',#3339,#3346,#1558,.T.);
#4161=EDGE_CURVE('',#3346,#3344,#1559,.T.);
#4162=EDGE_CURVE('',#3341,#3347,#1560,.T.);
#4163=EDGE_CURVE('',#3345,#3347,#1561,.T.);
#4164=EDGE_CURVE('',#3347,#3348,#1562,.T.);
#4165=EDGE_CURVE('',#3348,#3349,#1563,.T.);
#4166=EDGE_CURVE('',#3349,#3346,#1564,.T.);
#4167=EDGE_CURVE('',#3338,#3349,#1565,.T.);
#4168=EDGE_CURVE('',#3340,#3348,#1566,.T.);
#4169=EDGE_CURVE('',#3350,#3350,#2957,.T.);
#4170=EDGE_CURVE('',#3351,#3351,#2958,.T.);
#4171=EDGE_CURVE('',#3352,#3352,#2959,.T.);
#4172=EDGE_CURVE('',#3353,#3353,#2960,.T.);
#4173=EDGE_CURVE('',#3353,#3351,#1567,.T.);
#4174=EDGE_CURVE('',#3352,#3350,#1568,.T.);
#4175=EDGE_CURVE('',#3354,#3355,#1569,.T.);
#4176=EDGE_CURVE('',#3356,#3354,#1570,.T.);
#4177=EDGE_CURVE('',#3357,#3356,#1571,.T.);
#4178=EDGE_CURVE('',#3358,#3357,#1572,.T.);
#4179=EDGE_CURVE('',#3359,#3358,#1573,.T.);
#4180=EDGE_CURVE('',#3355,#3359,#1574,.T.);
#4181=EDGE_CURVE('',#3359,#3360,#1575,.T.);
#4182=EDGE_CURVE('',#3358,#3361,#1576,.T.);
#4183=EDGE_CURVE('',#3360,#3361,#1577,.T.);
#4184=EDGE_CURVE('',#3355,#3362,#1578,.T.);
#4185=EDGE_CURVE('',#3362,#3360,#1579,.T.);
#4186=EDGE_CURVE('',#3357,#3363,#1580,.T.);
#4187=EDGE_CURVE('',#3361,#3363,#1581,.T.);
#4188=EDGE_CURVE('',#3363,#3364,#1582,.T.);
#4189=EDGE_CURVE('',#3364,#3365,#1583,.T.);
#4190=EDGE_CURVE('',#3365,#3362,#1584,.T.);
#4191=EDGE_CURVE('',#3354,#3365,#1585,.T.);
#4192=EDGE_CURVE('',#3356,#3364,#1586,.T.);
#4193=EDGE_CURVE('',#3366,#3367,#2961,.T.);
#4194=EDGE_CURVE('',#3368,#3366,#1587,.T.);
#4195=EDGE_CURVE('',#3369,#3368,#2962,.T.);
#4196=EDGE_CURVE('',#3367,#3369,#1588,.T.);
#4197=EDGE_CURVE('',#3370,#3371,#1589,.T.);
#4198=EDGE_CURVE('',#3372,#3370,#2963,.T.);
#4199=EDGE_CURVE('',#3373,#3372,#1590,.T.);
#4200=EDGE_CURVE('',#3373,#3371,#2964,.T.);
#4201=EDGE_CURVE('',#3369,#3374,#1591,.T.);
#4202=EDGE_CURVE('',#3375,#3374,#1592,.T.);
#4203=EDGE_CURVE('',#3375,#3367,#1593,.T.);
#4204=EDGE_CURVE('',#3366,#3376,#1594,.T.);
#4205=EDGE_CURVE('',#3377,#3376,#1595,.T.);
#4206=EDGE_CURVE('',#3377,#3368,#1596,.T.);
#4207=EDGE_CURVE('',#3378,#3370,#1597,.T.);
#4208=EDGE_CURVE('',#3379,#3378,#2965,.T.);
#4209=EDGE_CURVE('',#3380,#3379,#2966,.T.);
#4210=EDGE_CURVE('',#3381,#3380,#150,.T.);
#4211=EDGE_CURVE('',#3382,#3381,#2967,.T.);
#4212=EDGE_CURVE('',#3383,#3382,#151,.T.);
#4213=EDGE_CURVE('',#3384,#3383,#2968,.T.);
#4214=EDGE_CURVE('',#3385,#3384,#2969,.T.);
#4215=EDGE_CURVE('',#3386,#3385,#152,.T.);
#4216=EDGE_CURVE('',#3387,#3386,#2970,.T.);
#4217=EDGE_CURVE('',#3388,#3387,#153,.T.);
#4218=EDGE_CURVE('',#3389,#3388,#2971,.T.);
#4219=EDGE_CURVE('',#3390,#3389,#2972,.T.);
#4220=EDGE_CURVE('',#3391,#3390,#154,.T.);
#4221=EDGE_CURVE('',#3392,#3391,#2973,.T.);
#4222=EDGE_CURVE('',#3393,#3392,#155,.T.);
#4223=EDGE_CURVE('',#3394,#3393,#2974,.T.);
#4224=EDGE_CURVE('',#3395,#3394,#2975,.T.);
#4225=EDGE_CURVE('',#3396,#3395,#156,.T.);
#4226=EDGE_CURVE('',#3397,#3396,#2976,.T.);
#4227=EDGE_CURVE('',#3398,#3397,#157,.T.);
#4228=EDGE_CURVE('',#3399,#3398,#2977,.T.);
#4229=EDGE_CURVE('',#3400,#3399,#2978,.T.);
#4230=EDGE_CURVE('',#3401,#3400,#158,.T.);
#4231=EDGE_CURVE('',#3402,#3401,#2979,.T.);
#4232=EDGE_CURVE('',#3372,#3402,#1598,.T.);
#4233=EDGE_CURVE('',#3403,#3403,#2980,.T.);
#4234=EDGE_CURVE('',#3402,#3404,#1599,.T.);
#4235=EDGE_CURVE('',#3404,#3373,#1600,.T.);
#4236=EDGE_CURVE('',#3405,#3406,#1601,.T.);
#4237=EDGE_CURVE('',#3376,#3406,#1602,.T.);
#4238=EDGE_CURVE('',#3407,#3376,#1603,.T.);
#4239=EDGE_CURVE('',#3407,#3405,#1604,.T.);
#4240=EDGE_CURVE('',#3408,#3409,#1605,.T.);
#4241=EDGE_CURVE('',#3410,#3409,#1606,.T.);
#4242=EDGE_CURVE('',#3410,#3375,#1607,.T.);
#4243=EDGE_CURVE('',#3408,#3375,#1608,.T.);
#4244=EDGE_CURVE('',#3407,#3410,#2981,.T.);
#4245=EDGE_CURVE('',#3405,#3409,#2982,.T.);
#4246=EDGE_CURVE('',#3411,#3412,#1609,.T.);
#4247=EDGE_CURVE('',#3413,#3411,#1610,.T.);
#4248=EDGE_CURVE('',#3414,#3413,#1611,.T.);
#4249=EDGE_CURVE('',#3414,#3412,#1612,.T.);
#4250=EDGE_CURVE('',#3412,#3415,#1613,.T.);
#4251=EDGE_CURVE('',#3416,#3414,#1614,.T.);
#4252=EDGE_CURVE('',#3416,#3415,#1615,.T.);
#4253=EDGE_CURVE('',#3415,#3417,#1616,.T.);
#4254=EDGE_CURVE('',#3418,#3416,#1617,.T.);
#4255=EDGE_CURVE('',#3417,#3418,#1618,.T.);
#4256=EDGE_CURVE('',#3419,#3420,#1619,.T.);
#4257=EDGE_CURVE('',#3421,#3419,#1620,.T.);
#4258=EDGE_CURVE('',#3422,#3421,#1621,.T.);
#4259=EDGE_CURVE('',#3422,#3420,#1622,.T.);
#4260=EDGE_CURVE('',#3420,#3423,#1623,.T.);
#4261=EDGE_CURVE('',#3424,#3422,#1624,.T.);
#4262=EDGE_CURVE('',#3424,#3423,#1625,.T.);
#4263=EDGE_CURVE('',#3423,#3425,#1626,.T.);
#4264=EDGE_CURVE('',#3426,#3424,#1627,.T.);
#4265=EDGE_CURVE('',#3425,#3426,#1628,.T.);
#4266=EDGE_CURVE('',#3425,#3411,#1629,.T.);
#4267=EDGE_CURVE('',#3413,#3426,#1630,.T.);
#4268=EDGE_CURVE('',#3427,#3419,#1631,.T.);
#4269=EDGE_CURVE('',#3427,#3428,#1632,.T.);
#4270=EDGE_CURVE('',#3421,#3428,#1633,.T.);
#4271=EDGE_CURVE('',#3417,#3429,#1634,.T.);
#4272=EDGE_CURVE('',#3429,#3430,#1635,.T.);
#4273=EDGE_CURVE('',#3430,#3431,#2983,.T.);
#4274=EDGE_CURVE('',#3431,#3432,#2984,.T.);
#4275=EDGE_CURVE('',#3432,#3433,#2985,.T.);
#4276=EDGE_CURVE('',#3433,#3434,#1636,.T.);
#4277=EDGE_CURVE('',#3434,#3435,#2986,.T.);
#4278=EDGE_CURVE('',#3435,#3436,#159,.T.);
#4279=EDGE_CURVE('',#3436,#3437,#2987,.T.);
#4280=EDGE_CURVE('',#3437,#3438,#160,.T.);
#4281=EDGE_CURVE('',#3438,#3439,#2988,.T.);
#4282=EDGE_CURVE('',#3439,#3440,#2989,.T.);
#4283=EDGE_CURVE('',#3440,#3441,#161,.T.);
#4284=EDGE_CURVE('',#3441,#3442,#2990,.T.);
#4285=EDGE_CURVE('',#3442,#3443,#2991,.T.);
#4286=EDGE_CURVE('',#3443,#3444,#162,.T.);
#4287=EDGE_CURVE('',#3444,#3445,#2992,.T.);
#4288=EDGE_CURVE('',#3445,#3446,#2993,.T.);
#4289=EDGE_CURVE('',#3446,#3447,#163,.T.);
#4290=EDGE_CURVE('',#3447,#3448,#2994,.T.);
#4291=EDGE_CURVE('',#3448,#3449,#164,.T.);
#4292=EDGE_CURVE('',#3449,#3450,#2995,.T.);
#4293=EDGE_CURVE('',#3450,#3451,#2996,.T.);
#4294=EDGE_CURVE('',#3451,#3452,#165,.T.);
#4295=EDGE_CURVE('',#3452,#3453,#2997,.T.);
#4296=EDGE_CURVE('',#3453,#3454,#166,.T.);
#4297=EDGE_CURVE('',#3454,#3455,#2998,.T.);
#4298=EDGE_CURVE('',#3455,#3456,#2999,.T.);
#4299=EDGE_CURVE('',#3456,#3457,#167,.T.);
#4300=EDGE_CURVE('',#3457,#3458,#3000,.T.);
#4301=EDGE_CURVE('',#3458,#3459,#168,.T.);
#4302=EDGE_CURVE('',#3459,#3460,#3001,.T.);
#4303=EDGE_CURVE('',#3460,#3461,#3002,.T.);
#4304=EDGE_CURVE('',#3461,#3462,#169,.T.);
#4305=EDGE_CURVE('',#3462,#3463,#3003,.T.);
#4306=EDGE_CURVE('',#3463,#3464,#170,.T.);
#4307=EDGE_CURVE('',#3464,#3465,#3004,.T.);
#4308=EDGE_CURVE('',#3465,#3466,#3005,.T.);
#4309=EDGE_CURVE('',#3466,#3467,#171,.T.);
#4310=EDGE_CURVE('',#3467,#3468,#3006,.T.);
#4311=EDGE_CURVE('',#3468,#3469,#172,.T.);
#4312=EDGE_CURVE('',#3469,#3470,#3007,.T.);
#4313=EDGE_CURVE('',#3470,#3471,#3008,.T.);
#4314=EDGE_CURVE('',#3471,#3472,#173,.T.);
#4315=EDGE_CURVE('',#3472,#3473,#1637,.T.);
#4316=EDGE_CURVE('',#3473,#3474,#1638,.T.);
#4317=EDGE_CURVE('',#3474,#3475,#1639,.T.);
#4318=EDGE_CURVE('',#3475,#3476,#1640,.T.);
#4319=EDGE_CURVE('',#3476,#3477,#1641,.T.);
#4320=EDGE_CURVE('',#3477,#3478,#3009,.T.);
#4321=EDGE_CURVE('',#3478,#3479,#174,.T.);
#4322=EDGE_CURVE('',#3479,#3480,#3010,.T.);
#4323=EDGE_CURVE('',#3480,#3481,#3011,.T.);
#4324=EDGE_CURVE('',#3481,#3482,#175,.T.);
#4325=EDGE_CURVE('',#3482,#3483,#3012,.T.);
#4326=EDGE_CURVE('',#3483,#3484,#176,.T.);
#4327=EDGE_CURVE('',#3484,#3485,#3013,.T.);
#4328=EDGE_CURVE('',#3485,#3486,#3014,.T.);
#4329=EDGE_CURVE('',#3486,#3487,#177,.T.);
#4330=EDGE_CURVE('',#3487,#3488,#3015,.T.);
#4331=EDGE_CURVE('',#3488,#3489,#178,.T.);
#4332=EDGE_CURVE('',#3489,#3490,#3016,.T.);
#4333=EDGE_CURVE('',#3490,#3491,#3017,.T.);
#4334=EDGE_CURVE('',#3491,#3492,#179,.T.);
#4335=EDGE_CURVE('',#3492,#3493,#3018,.T.);
#4336=EDGE_CURVE('',#3493,#3494,#180,.T.);
#4337=EDGE_CURVE('',#3494,#3495,#3019,.T.);
#4338=EDGE_CURVE('',#3495,#3496,#3020,.T.);
#4339=EDGE_CURVE('',#3496,#3497,#181,.T.);
#4340=EDGE_CURVE('',#3497,#3498,#3021,.T.);
#4341=EDGE_CURVE('',#3498,#3499,#182,.T.);
#4342=EDGE_CURVE('',#3499,#3500,#3022,.T.);
#4343=EDGE_CURVE('',#3500,#3501,#3023,.T.);
#4344=EDGE_CURVE('',#3501,#3502,#183,.T.);
#4345=EDGE_CURVE('',#3502,#3503,#3024,.T.);
#4346=EDGE_CURVE('',#3503,#3504,#184,.T.);
#4347=EDGE_CURVE('',#3504,#3505,#3025,.T.);
#4348=EDGE_CURVE('',#3505,#3506,#3026,.T.);
#4349=EDGE_CURVE('',#3506,#3507,#3027,.T.);
#4350=EDGE_CURVE('',#3507,#3508,#1642,.T.);
#4351=EDGE_CURVE('',#3508,#3509,#1643,.T.);
#4352=EDGE_CURVE('',#3509,#3510,#3028,.T.);
#4353=EDGE_CURVE('',#3510,#3511,#3029,.T.);
#4354=EDGE_CURVE('',#3511,#3512,#185,.T.);
#4355=EDGE_CURVE('',#3512,#3513,#3030,.T.);
#4356=EDGE_CURVE('',#3513,#3427,#1644,.T.);
#4357=EDGE_CURVE('',#3514,#3514,#3031,.T.);
#4358=EDGE_CURVE('',#3515,#3515,#3032,.T.);
#4359=EDGE_CURVE('',#3516,#3516,#3033,.T.);
#4360=EDGE_CURVE('',#3517,#3517,#3034,.T.);
#4361=EDGE_CURVE('',#3518,#3518,#3035,.T.);
#4362=EDGE_CURVE('',#3519,#3519,#3036,.T.);
#4363=EDGE_CURVE('',#3520,#3473,#1645,.T.);
#4364=EDGE_CURVE('',#3521,#3520,#1646,.T.);
#4365=EDGE_CURVE('',#3521,#3474,#1647,.T.);
#4366=EDGE_CURVE('',#3522,#3521,#1648,.T.);
#4367=EDGE_CURVE('',#3522,#3475,#1649,.T.);
#4368=EDGE_CURVE('',#3523,#3522,#1650,.T.);
#4369=EDGE_CURVE('',#3476,#3523,#1651,.T.);
#4370=EDGE_CURVE('',#3428,#3524,#1652,.T.);
#4371=EDGE_CURVE('',#3524,#3525,#3037,.T.);
#4372=EDGE_CURVE('',#3525,#3526,#186,.T.);
#4373=EDGE_CURVE('',#3526,#3527,#3038,.T.);
#4374=EDGE_CURVE('',#3527,#3528,#3039,.T.);
#4375=EDGE_CURVE('',#3528,#3529,#1653,.T.);
#4376=EDGE_CURVE('',#3529,#3530,#1654,.T.);
#4377=EDGE_CURVE('',#3530,#3531,#3040,.T.);
#4378=EDGE_CURVE('',#3531,#3532,#3041,.T.);
#4379=EDGE_CURVE('',#3532,#3533,#3042,.T.);
#4380=EDGE_CURVE('',#3533,#3534,#187,.T.);
#4381=EDGE_CURVE('',#3534,#3535,#3043,.T.);
#4382=EDGE_CURVE('',#3535,#3536,#188,.T.);
#4383=EDGE_CURVE('',#3536,#3537,#3044,.T.);
#4384=EDGE_CURVE('',#3537,#3538,#3045,.T.);
#4385=EDGE_CURVE('',#3538,#3539,#189,.T.);
#4386=EDGE_CURVE('',#3539,#3540,#3046,.T.);
#4387=EDGE_CURVE('',#3540,#3541,#190,.T.);
#4388=EDGE_CURVE('',#3541,#3542,#3047,.T.);
#4389=EDGE_CURVE('',#3542,#3543,#3048,.T.);
#4390=EDGE_CURVE('',#3543,#3544,#191,.T.);
#4391=EDGE_CURVE('',#3544,#3545,#3049,.T.);
#4392=EDGE_CURVE('',#3545,#3546,#192,.T.);
#4393=EDGE_CURVE('',#3546,#3547,#3050,.T.);
#4394=EDGE_CURVE('',#3547,#3548,#3051,.T.);
#4395=EDGE_CURVE('',#3548,#3549,#193,.T.);
#4396=EDGE_CURVE('',#3549,#3550,#3052,.T.);
#4397=EDGE_CURVE('',#3550,#3551,#194,.T.);
#4398=EDGE_CURVE('',#3551,#3552,#3053,.T.);
#4399=EDGE_CURVE('',#3552,#3553,#3054,.T.);
#4400=EDGE_CURVE('',#3553,#3554,#195,.T.);
#4401=EDGE_CURVE('',#3554,#3555,#3055,.T.);
#4402=EDGE_CURVE('',#3555,#3556,#196,.T.);
#4403=EDGE_CURVE('',#3556,#3557,#3056,.T.);
#4404=EDGE_CURVE('',#3557,#3558,#3057,.T.);
#4405=EDGE_CURVE('',#3558,#3559,#197,.T.);
#4406=EDGE_CURVE('',#3559,#3560,#3058,.T.);
#4407=EDGE_CURVE('',#3560,#3523,#1655,.T.);
#4408=EDGE_CURVE('',#3520,#3561,#1656,.T.);
#4409=EDGE_CURVE('',#3561,#3562,#198,.T.);
#4410=EDGE_CURVE('',#3562,#3563,#3059,.T.);
#4411=EDGE_CURVE('',#3563,#3564,#3060,.T.);
#4412=EDGE_CURVE('',#3564,#3565,#199,.T.);
#4413=EDGE_CURVE('',#3565,#3566,#3061,.T.);
#4414=EDGE_CURVE('',#3566,#3567,#200,.T.);
#4415=EDGE_CURVE('',#3567,#3568,#3062,.T.);
#4416=EDGE_CURVE('',#3568,#3569,#3063,.T.);
#4417=EDGE_CURVE('',#3569,#3570,#201,.T.);
#4418=EDGE_CURVE('',#3570,#3571,#3064,.T.);
#4419=EDGE_CURVE('',#3571,#3572,#202,.T.);
#4420=EDGE_CURVE('',#3572,#3573,#3065,.T.);
#4421=EDGE_CURVE('',#3573,#3574,#3066,.T.);
#4422=EDGE_CURVE('',#3574,#3575,#203,.T.);
#4423=EDGE_CURVE('',#3575,#3576,#3067,.T.);
#4424=EDGE_CURVE('',#3576,#3577,#204,.T.);
#4425=EDGE_CURVE('',#3577,#3578,#3068,.T.);
#4426=EDGE_CURVE('',#3578,#3579,#3069,.T.);
#4427=EDGE_CURVE('',#3579,#3580,#205,.T.);
#4428=EDGE_CURVE('',#3580,#3581,#3070,.T.);
#4429=EDGE_CURVE('',#3581,#3582,#206,.T.);
#4430=EDGE_CURVE('',#3582,#3583,#3071,.T.);
#4431=EDGE_CURVE('',#3583,#3584,#3072,.T.);
#4432=EDGE_CURVE('',#3584,#3585,#207,.T.);
#4433=EDGE_CURVE('',#3585,#3586,#3073,.T.);
#4434=EDGE_CURVE('',#3586,#3587,#208,.T.);
#4435=EDGE_CURVE('',#3587,#3588,#3074,.T.);
#4436=EDGE_CURVE('',#3588,#3589,#3075,.T.);
#4437=EDGE_CURVE('',#3589,#3590,#209,.T.);
#4438=EDGE_CURVE('',#3590,#3591,#3076,.T.);
#4439=EDGE_CURVE('',#3591,#3592,#3077,.T.);
#4440=EDGE_CURVE('',#3592,#3593,#210,.T.);
#4441=EDGE_CURVE('',#3593,#3594,#3078,.T.);
#4442=EDGE_CURVE('',#3594,#3595,#3079,.T.);
#4443=EDGE_CURVE('',#3595,#3596,#211,.T.);
#4444=EDGE_CURVE('',#3596,#3597,#3080,.T.);
#4445=EDGE_CURVE('',#3597,#3598,#212,.T.);
#4446=EDGE_CURVE('',#3598,#3599,#3081,.T.);
#4447=EDGE_CURVE('',#3599,#3600,#1657,.T.);
#4448=EDGE_CURVE('',#3600,#3601,#3082,.T.);
#4449=EDGE_CURVE('',#3601,#3602,#3083,.T.);
#4450=EDGE_CURVE('',#3602,#3603,#3084,.T.);
#4451=EDGE_CURVE('',#3603,#3604,#1658,.T.);
#4452=EDGE_CURVE('',#3604,#3418,#1659,.T.);
#4453=EDGE_CURVE('',#3605,#3605,#3085,.T.);
#4454=EDGE_CURVE('',#3606,#3606,#3086,.T.);
#4455=EDGE_CURVE('',#3607,#3607,#3087,.T.);
#4456=EDGE_CURVE('',#3608,#3608,#3088,.T.);
#4457=EDGE_CURVE('',#3609,#3609,#3089,.T.);
#4458=EDGE_CURVE('',#3610,#3610,#3090,.T.);
#4459=EDGE_CURVE('',#3472,#3561,#1660,.T.);
#4460=EDGE_CURVE('',#3611,#3408,#3091,.T.);
#4461=EDGE_CURVE('',#3612,#3611,#213,.T.);
#4462=EDGE_CURVE('',#3613,#3612,#3092,.T.);
#4463=EDGE_CURVE('',#3614,#3613,#214,.T.);
#4464=EDGE_CURVE('',#3615,#3614,#3093,.T.);
#4465=EDGE_CURVE('',#3616,#3615,#3094,.T.);
#4466=EDGE_CURVE('',#3617,#3616,#215,.T.);
#4467=EDGE_CURVE('',#3618,#3617,#3095,.T.);
#4468=EDGE_CURVE('',#3619,#3618,#216,.T.);
#4469=EDGE_CURVE('',#3620,#3619,#3096,.T.);
#4470=EDGE_CURVE('',#3621,#3620,#3097,.T.);
#4471=EDGE_CURVE('',#3622,#3621,#217,.T.);
#4472=EDGE_CURVE('',#3623,#3622,#3098,.T.);
#4473=EDGE_CURVE('',#3624,#3623,#218,.T.);
#4474=EDGE_CURVE('',#3625,#3624,#3099,.T.);
#4475=EDGE_CURVE('',#3626,#3625,#3100,.T.);
#4476=EDGE_CURVE('',#3627,#3626,#219,.T.);
#4477=EDGE_CURVE('',#3628,#3627,#3101,.T.);
#4478=EDGE_CURVE('',#3629,#3628,#220,.T.);
#4479=EDGE_CURVE('',#3630,#3629,#3102,.T.);
#4480=EDGE_CURVE('',#3631,#3630,#3103,.T.);
#4481=EDGE_CURVE('',#3632,#3631,#221,.T.);
#4482=EDGE_CURVE('',#3633,#3632,#3104,.T.);
#4483=EDGE_CURVE('',#3634,#3633,#222,.T.);
#4484=EDGE_CURVE('',#3635,#3634,#3105,.T.);
#4485=EDGE_CURVE('',#3406,#3635,#3106,.T.);
#4486=EDGE_CURVE('',#3636,#3636,#3107,.T.);
#4487=EDGE_CURVE('',#3637,#3637,#3108,.T.);
#4488=EDGE_CURVE('',#3637,#3519,#1661,.T.);
#4489=EDGE_CURVE('',#3638,#3638,#3109,.T.);
#4490=EDGE_CURVE('',#3638,#3518,#1662,.T.);
#4491=EDGE_CURVE('',#3639,#3639,#3110,.T.);
#4492=EDGE_CURVE('',#3639,#3517,#1663,.T.);
#4493=EDGE_CURVE('',#3640,#3640,#3111,.T.);
#4494=EDGE_CURVE('',#3640,#3605,#1664,.T.);
#4495=EDGE_CURVE('',#3636,#3606,#1665,.T.);
#4496=EDGE_CURVE('',#3641,#3641,#3112,.T.);
#4497=EDGE_CURVE('',#3641,#3642,#1666,.T.);
#4498=EDGE_CURVE('',#3642,#3642,#3113,.T.);
#4499=EDGE_CURVE('',#3643,#3643,#3114,.T.);
#4500=EDGE_CURVE('',#3643,#3607,#1667,.T.);
#4501=EDGE_CURVE('',#3644,#3644,#3115,.T.);
#4502=EDGE_CURVE('',#3644,#3403,#1668,.T.);
#4503=EDGE_CURVE('',#3645,#3645,#3116,.T.);
#4504=EDGE_CURVE('',#3645,#3646,#1669,.T.);
#4505=EDGE_CURVE('',#3646,#3646,#3117,.T.);
#4506=EDGE_CURVE('',#3647,#3647,#3118,.T.);
#4507=EDGE_CURVE('',#3647,#3648,#1670,.T.);
#4508=EDGE_CURVE('',#3648,#3648,#3119,.T.);
#4509=EDGE_CURVE('',#3649,#3649,#3120,.T.);
#4510=EDGE_CURVE('',#3649,#3650,#1671,.T.);
#4511=EDGE_CURVE('',#3650,#3650,#3121,.T.);
#4512=EDGE_CURVE('',#3651,#3651,#3122,.T.);
#4513=EDGE_CURVE('',#3651,#3652,#1672,.T.);
#4514=EDGE_CURVE('',#3652,#3652,#3123,.T.);
#4515=EDGE_CURVE('',#3653,#3653,#3124,.T.);
#4516=EDGE_CURVE('',#3653,#3654,#1673,.T.);
#4517=EDGE_CURVE('',#3654,#3654,#3125,.T.);
#4518=EDGE_CURVE('',#3655,#3655,#3126,.T.);
#4519=EDGE_CURVE('',#3655,#3656,#1674,.T.);
#4520=EDGE_CURVE('',#3656,#3656,#3127,.T.);
#4521=EDGE_CURVE('',#3516,#3657,#1675,.T.);
#4522=EDGE_CURVE('',#3657,#3657,#3128,.T.);
#4523=EDGE_CURVE('',#3515,#3658,#1676,.T.);
#4524=EDGE_CURVE('',#3658,#3658,#3129,.T.);
#4525=EDGE_CURVE('',#3514,#3659,#1677,.T.);
#4526=EDGE_CURVE('',#3659,#3659,#3130,.T.);
#4527=EDGE_CURVE('',#3608,#3660,#1678,.T.);
#4528=EDGE_CURVE('',#3660,#3660,#3131,.T.);
#4529=EDGE_CURVE('',#3609,#3661,#1679,.T.);
#4530=EDGE_CURVE('',#3661,#3661,#3132,.T.);
#4531=EDGE_CURVE('',#3610,#3662,#1680,.T.);
#4532=EDGE_CURVE('',#3662,#3662,#3133,.T.);
#4533=EDGE_CURVE('',#3663,#3377,#3134,.T.);
#4534=EDGE_CURVE('',#3664,#3663,#3135,.T.);
#4535=EDGE_CURVE('',#3665,#3664,#223,.T.);
#4536=EDGE_CURVE('',#3666,#3665,#3136,.T.);
#4537=EDGE_CURVE('',#3667,#3666,#224,.T.);
#4538=EDGE_CURVE('',#3668,#3667,#3137,.T.);
#4539=EDGE_CURVE('',#3669,#3668,#3138,.T.);
#4540=EDGE_CURVE('',#3670,#3669,#225,.T.);
#4541=EDGE_CURVE('',#3671,#3670,#3139,.T.);
#4542=EDGE_CURVE('',#3672,#3671,#226,.T.);
#4543=EDGE_CURVE('',#3673,#3672,#3140,.T.);
#4544=EDGE_CURVE('',#3674,#3673,#3141,.T.);
#4545=EDGE_CURVE('',#3675,#3674,#227,.T.);
#4546=EDGE_CURVE('',#3676,#3675,#3142,.T.);
#4547=EDGE_CURVE('',#3677,#3676,#228,.T.);
#4548=EDGE_CURVE('',#3678,#3677,#3143,.T.);
#4549=EDGE_CURVE('',#3679,#3678,#3144,.T.);
#4550=EDGE_CURVE('',#3680,#3679,#229,.T.);
#4551=EDGE_CURVE('',#3681,#3680,#3145,.T.);
#4552=EDGE_CURVE('',#3682,#3681,#230,.T.);
#4553=EDGE_CURVE('',#3683,#3682,#3146,.T.);
#4554=EDGE_CURVE('',#3684,#3683,#3147,.T.);
#4555=EDGE_CURVE('',#3685,#3684,#231,.T.);
#4556=EDGE_CURVE('',#3686,#3685,#3148,.T.);
#4557=EDGE_CURVE('',#3687,#3686,#232,.T.);
#4558=EDGE_CURVE('',#3374,#3687,#3149,.T.);
#4559=EDGE_CURVE('',#3371,#3688,#1681,.T.);
#4560=EDGE_CURVE('',#3378,#3688,#1682,.T.);
#4561=EDGE_CURVE('',#3689,#3404,#3150,.T.);
#4562=EDGE_CURVE('',#3690,#3689,#233,.T.);
#4563=EDGE_CURVE('',#3691,#3690,#3151,.T.);
#4564=EDGE_CURVE('',#3692,#3691,#3152,.T.);
#4565=EDGE_CURVE('',#3693,#3692,#234,.T.);
#4566=EDGE_CURVE('',#3694,#3693,#3153,.T.);
#4567=EDGE_CURVE('',#3695,#3694,#235,.T.);
#4568=EDGE_CURVE('',#3696,#3695,#3154,.T.);
#4569=EDGE_CURVE('',#3697,#3696,#3155,.T.);
#4570=EDGE_CURVE('',#3698,#3697,#236,.T.);
#4571=EDGE_CURVE('',#3699,#3698,#3156,.T.);
#4572=EDGE_CURVE('',#3700,#3699,#237,.T.);
#4573=EDGE_CURVE('',#3701,#3700,#3157,.T.);
#4574=EDGE_CURVE('',#3702,#3701,#3158,.T.);
#4575=EDGE_CURVE('',#3703,#3702,#238,.T.);
#4576=EDGE_CURVE('',#3704,#3703,#3159,.T.);
#4577=EDGE_CURVE('',#3705,#3704,#239,.T.);
#4578=EDGE_CURVE('',#3706,#3705,#3160,.T.);
#4579=EDGE_CURVE('',#3707,#3706,#3161,.T.);
#4580=EDGE_CURVE('',#3708,#3707,#240,.T.);
#4581=EDGE_CURVE('',#3709,#3708,#3162,.T.);
#4582=EDGE_CURVE('',#3710,#3709,#241,.T.);
#4583=EDGE_CURVE('',#3711,#3710,#3163,.T.);
#4584=EDGE_CURVE('',#3688,#3711,#3164,.T.);
#4585=EDGE_CURVE('',#3506,#3377,#1683,.T.);
#4586=EDGE_CURVE('',#3505,#3663,#1684,.T.);
#4587=EDGE_CURVE('',#3635,#3532,#1685,.T.);
#4588=EDGE_CURVE('',#3406,#3531,#1686,.T.);
#4589=EDGE_CURVE('',#3504,#3664,#1687,.T.);
#4590=EDGE_CURVE('',#3634,#3533,#1688,.T.);
#4591=EDGE_CURVE('',#3503,#3665,#1689,.T.);
#4592=EDGE_CURVE('',#3633,#3534,#1690,.T.);
#4593=EDGE_CURVE('',#3502,#3666,#1691,.T.);
#4594=EDGE_CURVE('',#3632,#3535,#1692,.T.);
#4595=EDGE_CURVE('',#3501,#3667,#1693,.T.);
#4596=EDGE_CURVE('',#3631,#3536,#1694,.T.);
#4597=EDGE_CURVE('',#3500,#3668,#1695,.T.);
#4598=EDGE_CURVE('',#3630,#3537,#1696,.T.);
#4599=EDGE_CURVE('',#3499,#3669,#1697,.T.);
#4600=EDGE_CURVE('',#3629,#3538,#1698,.T.);
#4601=EDGE_CURVE('',#3498,#3670,#1699,.T.);
#4602=EDGE_CURVE('',#3628,#3539,#1700,.T.);
#4603=EDGE_CURVE('',#3497,#3671,#1701,.T.);
#4604=EDGE_CURVE('',#3627,#3540,#1702,.T.);
#4605=EDGE_CURVE('',#3496,#3672,#1703,.T.);
#4606=EDGE_CURVE('',#3626,#3541,#1704,.T.);
#4607=EDGE_CURVE('',#3495,#3673,#1705,.T.);
#4608=EDGE_CURVE('',#3625,#3542,#1706,.T.);
#4609=EDGE_CURVE('',#3494,#3674,#1707,.T.);
#4610=EDGE_CURVE('',#3624,#3543,#1708,.T.);
#4611=EDGE_CURVE('',#3493,#3675,#1709,.T.);
#4612=EDGE_CURVE('',#3623,#3544,#1710,.T.);
#4613=EDGE_CURVE('',#3492,#3676,#1711,.T.);
#4614=EDGE_CURVE('',#3622,#3545,#1712,.T.);
#4615=EDGE_CURVE('',#3491,#3677,#1713,.T.);
#4616=EDGE_CURVE('',#3621,#3546,#1714,.T.);
#4617=EDGE_CURVE('',#3490,#3678,#1715,.T.);
#4618=EDGE_CURVE('',#3620,#3547,#1716,.T.);
#4619=EDGE_CURVE('',#3489,#3679,#1717,.T.);
#4620=EDGE_CURVE('',#3619,#3548,#1718,.T.);
#4621=EDGE_CURVE('',#3488,#3680,#1719,.T.);
#4622=EDGE_CURVE('',#3618,#3549,#1720,.T.);
#4623=EDGE_CURVE('',#3487,#3681,#1721,.T.);
#4624=EDGE_CURVE('',#3617,#3550,#1722,.T.);
#4625=EDGE_CURVE('',#3486,#3682,#1723,.T.);
#4626=EDGE_CURVE('',#3616,#3551,#1724,.T.);
#4627=EDGE_CURVE('',#3485,#3683,#1725,.T.);
#4628=EDGE_CURVE('',#3615,#3552,#1726,.T.);
#4629=EDGE_CURVE('',#3484,#3684,#1727,.T.);
#4630=EDGE_CURVE('',#3614,#3553,#1728,.T.);
#4631=EDGE_CURVE('',#3483,#3685,#1729,.T.);
#4632=EDGE_CURVE('',#3613,#3554,#1730,.T.);
#4633=EDGE_CURVE('',#3482,#3686,#1731,.T.);
#4634=EDGE_CURVE('',#3612,#3555,#1732,.T.);
#4635=EDGE_CURVE('',#3481,#3687,#1733,.T.);
#4636=EDGE_CURVE('',#3611,#3556,#1734,.T.);
#4637=EDGE_CURVE('',#3480,#3557,#1735,.T.);
#4638=EDGE_CURVE('',#3465,#3379,#1736,.T.);
#4639=EDGE_CURVE('',#3464,#3380,#1737,.T.);
#4640=EDGE_CURVE('',#3710,#3569,#1738,.T.);
#4641=EDGE_CURVE('',#3711,#3568,#1739,.T.);
#4642=EDGE_CURVE('',#3463,#3381,#1740,.T.);
#4643=EDGE_CURVE('',#3709,#3570,#1741,.T.);
#4644=EDGE_CURVE('',#3462,#3382,#1742,.T.);
#4645=EDGE_CURVE('',#3708,#3571,#1743,.T.);
#4646=EDGE_CURVE('',#3461,#3383,#1744,.T.);
#4647=EDGE_CURVE('',#3707,#3572,#1745,.T.);
#4648=EDGE_CURVE('',#3460,#3384,#1746,.T.);
#4649=EDGE_CURVE('',#3706,#3573,#1747,.T.);
#4650=EDGE_CURVE('',#3459,#3385,#1748,.T.);
#4651=EDGE_CURVE('',#3705,#3574,#1749,.T.);
#4652=EDGE_CURVE('',#3458,#3386,#1750,.T.);
#4653=EDGE_CURVE('',#3704,#3575,#1751,.T.);
#4654=EDGE_CURVE('',#3457,#3387,#1752,.T.);
#4655=EDGE_CURVE('',#3703,#3576,#1753,.T.);
#4656=EDGE_CURVE('',#3456,#3388,#1754,.T.);
#4657=EDGE_CURVE('',#3702,#3577,#1755,.T.);
#4658=EDGE_CURVE('',#3455,#3389,#1756,.T.);
#4659=EDGE_CURVE('',#3701,#3578,#1757,.T.);
#4660=EDGE_CURVE('',#3454,#3390,#1758,.T.);
#4661=EDGE_CURVE('',#3700,#3579,#1759,.T.);
#4662=EDGE_CURVE('',#3453,#3391,#1760,.T.);
#4663=EDGE_CURVE('',#3699,#3580,#1761,.T.);
#4664=EDGE_CURVE('',#3452,#3392,#1762,.T.);
#4665=EDGE_CURVE('',#3698,#3581,#1763,.T.);
#4666=EDGE_CURVE('',#3451,#3393,#1764,.T.);
#4667=EDGE_CURVE('',#3697,#3582,#1765,.T.);
#4668=EDGE_CURVE('',#3450,#3394,#1766,.T.);
#4669=EDGE_CURVE('',#3696,#3583,#1767,.T.);
#4670=EDGE_CURVE('',#3449,#3395,#1768,.T.);
#4671=EDGE_CURVE('',#3695,#3584,#1769,.T.);
#4672=EDGE_CURVE('',#3448,#3396,#1770,.T.);
#4673=EDGE_CURVE('',#3694,#3585,#1771,.T.);
#4674=EDGE_CURVE('',#3447,#3397,#1772,.T.);
#4675=EDGE_CURVE('',#3693,#3586,#1773,.T.);
#4676=EDGE_CURVE('',#3446,#3398,#1774,.T.);
#4677=EDGE_CURVE('',#3692,#3587,#1775,.T.);
#4678=EDGE_CURVE('',#3445,#3399,#1776,.T.);
#4679=EDGE_CURVE('',#3691,#3588,#1777,.T.);
#4680=EDGE_CURVE('',#3444,#3400,#1778,.T.);
#4681=EDGE_CURVE('',#3690,#3589,#1779,.T.);
#4682=EDGE_CURVE('',#3443,#3401,#1780,.T.);
#4683=EDGE_CURVE('',#3689,#3590,#1781,.T.);
#4684=EDGE_CURVE('',#3442,#3402,#1782,.T.);
#4685=EDGE_CURVE('',#3404,#3591,#1783,.T.);
#4686=EDGE_CURVE('',#3564,#3469,#1784,.T.);
#4687=EDGE_CURVE('',#3470,#3563,#1785,.T.);
#4688=EDGE_CURVE('',#3471,#3562,#1786,.T.);
#4689=EDGE_CURVE('',#3477,#3560,#1787,.T.);
#4690=EDGE_CURVE('',#3478,#3559,#1788,.T.);
#4691=EDGE_CURVE('',#3479,#3558,#1789,.T.);
#4692=EDGE_CURVE('',#3507,#3530,#1790,.T.);
#4693=EDGE_CURVE('',#3508,#3529,#1791,.T.);
#4694=EDGE_CURVE('',#3509,#3528,#1792,.T.);
#4695=EDGE_CURVE('',#3510,#3527,#1793,.T.);
#4696=EDGE_CURVE('',#3511,#3526,#1794,.T.);
#4697=EDGE_CURVE('',#3512,#3525,#1795,.T.);
#4698=EDGE_CURVE('',#3513,#3524,#1796,.T.);
#4699=EDGE_CURVE('',#3429,#3604,#1797,.T.);
#4700=EDGE_CURVE('',#3430,#3603,#1798,.T.);
#4701=EDGE_CURVE('',#3431,#3602,#1799,.T.);
#4702=EDGE_CURVE('',#3432,#3601,#1800,.T.);
#4703=EDGE_CURVE('',#3433,#3600,#1801,.T.);
#4704=EDGE_CURVE('',#3434,#3599,#1802,.T.);
#4705=EDGE_CURVE('',#3435,#3598,#1803,.T.);
#4706=EDGE_CURVE('',#3436,#3597,#1804,.T.);
#4707=EDGE_CURVE('',#3437,#3596,#1805,.T.);
#4708=EDGE_CURVE('',#3438,#3595,#1806,.T.);
#4709=EDGE_CURVE('',#3439,#3594,#1807,.T.);
#4710=EDGE_CURVE('',#3440,#3593,#1808,.T.);
#4711=EDGE_CURVE('',#3441,#3592,#1809,.T.);
#4712=EDGE_CURVE('',#3466,#3567,#1810,.T.);
#4713=EDGE_CURVE('',#3467,#3566,#1811,.T.);
#4714=EDGE_CURVE('',#3468,#3565,#1812,.T.);
#4715=EDGE_CURVE('',#3712,#3713,#3165,.T.);
#4716=EDGE_CURVE('',#3712,#3714,#1813,.T.);
#4717=EDGE_CURVE('',#3714,#3715,#3166,.T.);
#4718=EDGE_CURVE('',#3715,#3713,#1814,.T.);
#4719=EDGE_CURVE('',#3716,#3713,#1815,.T.);
#4720=EDGE_CURVE('',#3716,#3717,#3167,.T.);
#4721=EDGE_CURVE('',#3718,#3717,#1816,.T.);
#4722=EDGE_CURVE('',#3718,#3719,#3168,.T.);
#4723=EDGE_CURVE('',#3720,#3719,#1817,.T.);
#4724=EDGE_CURVE('',#3720,#3721,#3169,.T.);
#4725=EDGE_CURVE('',#3712,#3721,#1818,.T.);
#4726=EDGE_CURVE('',#3722,#3715,#1819,.T.);
#4727=EDGE_CURVE('',#3716,#3722,#1820,.T.);
#4728=EDGE_CURVE('',#3722,#3723,#3170,.T.);
#4729=EDGE_CURVE('',#3723,#3717,#1821,.T.);
#4730=EDGE_CURVE('',#3718,#3724,#1822,.T.);
#4731=EDGE_CURVE('',#3724,#3725,#3171,.T.);
#4732=EDGE_CURVE('',#3725,#3719,#1823,.T.);
#4733=EDGE_CURVE('',#3726,#3725,#1824,.T.);
#4734=EDGE_CURVE('',#3720,#3726,#1825,.T.);
#4735=EDGE_CURVE('',#3726,#3727,#3172,.T.);
#4736=EDGE_CURVE('',#3727,#3721,#1826,.T.);
#4737=EDGE_CURVE('',#3714,#3727,#1827,.T.);
#4738=EDGE_CURVE('',#3724,#3723,#1828,.T.);
#4739=EDGE_CURVE('',#3728,#3729,#1829,.T.);
#4740=EDGE_CURVE('',#3730,#3728,#1830,.T.);
#4741=EDGE_CURVE('',#3731,#3730,#1831,.T.);
#4742=EDGE_CURVE('',#3731,#3729,#1832,.T.);
#4743=EDGE_CURVE('',#3732,#3733,#1833,.T.);
#4744=EDGE_CURVE('',#3734,#3732,#1834,.T.);
#4745=EDGE_CURVE('',#3735,#3734,#1835,.T.);
#4746=EDGE_CURVE('',#3733,#3735,#1836,.T.);
#4747=EDGE_CURVE('',#3736,#3728,#1837,.T.);
#4748=EDGE_CURVE('',#3737,#3736,#1838,.F.);
#4749=EDGE_CURVE('',#3738,#3737,#1839,.F.);
#4750=EDGE_CURVE('',#3730,#3738,#1840,.T.);
#4751=EDGE_CURVE('',#3738,#3739,#1841,.T.);
#4752=EDGE_CURVE('',#3739,#3740,#1842,.T.);
#4753=EDGE_CURVE('',#3740,#3741,#1843,.T.);
#4754=EDGE_CURVE('',#3741,#3742,#3173,.T.);
#4755=EDGE_CURVE('',#3742,#3743,#1844,.T.);
#4756=EDGE_CURVE('',#3743,#3744,#1845,.T.);
#4757=EDGE_CURVE('',#3744,#3745,#1846,.T.);
#4758=EDGE_CURVE('',#3745,#3746,#1847,.T.);
#4759=EDGE_CURVE('',#3746,#3747,#1848,.T.);
#4760=EDGE_CURVE('',#3747,#3748,#1849,.T.);
#4761=EDGE_CURVE('',#3748,#3749,#1850,.T.);
#4762=EDGE_CURVE('',#3749,#3750,#1851,.T.);
#4763=EDGE_CURVE('',#3750,#3751,#1852,.T.);
#4764=EDGE_CURVE('',#3751,#3752,#1853,.T.);
#4765=EDGE_CURVE('',#3752,#3753,#1854,.T.);
#4766=EDGE_CURVE('',#3753,#3754,#1855,.T.);
#4767=EDGE_CURVE('',#3754,#3755,#1856,.T.);
#4768=EDGE_CURVE('',#3755,#3756,#1857,.T.);
#4769=EDGE_CURVE('',#3756,#3757,#1858,.T.);
#4770=EDGE_CURVE('',#3757,#3758,#1859,.T.);
#4771=EDGE_CURVE('',#3758,#3759,#1860,.T.);
#4772=EDGE_CURVE('',#3759,#3760,#1861,.T.);
#4773=EDGE_CURVE('',#3760,#3761,#1862,.T.);
#4774=EDGE_CURVE('',#3761,#3762,#1863,.T.);
#4775=EDGE_CURVE('',#3762,#3763,#1864,.T.);
#4776=EDGE_CURVE('',#3763,#3764,#1865,.T.);
#4777=EDGE_CURVE('',#3764,#3765,#1866,.T.);
#4778=EDGE_CURVE('',#3765,#3766,#1867,.T.);
#4779=EDGE_CURVE('',#3766,#3735,#1868,.T.);
#4780=EDGE_CURVE('',#3734,#3767,#3174,.T.);
#4781=EDGE_CURVE('',#3768,#3767,#1869,.T.);
#4782=EDGE_CURVE('',#3768,#3769,#1870,.T.);
#4783=EDGE_CURVE('',#3769,#3770,#3175,.T.);
#4784=EDGE_CURVE('',#3771,#3770,#1871,.T.);
#4785=EDGE_CURVE('',#3771,#3772,#3176,.T.);
#4786=EDGE_CURVE('',#3772,#3773,#1872,.T.);
#4787=EDGE_CURVE('',#3774,#3773,#1873,.T.);
#4788=EDGE_CURVE('',#3774,#3775,#3177,.T.);
#4789=EDGE_CURVE('',#3775,#3774,#3178,.T.);
#4790=EDGE_CURVE('',#3767,#3774,#1874,.T.);
#4791=EDGE_CURVE('',#3767,#3731,#3179,.T.);
#4792=EDGE_CURVE('',#3776,#3777,#3180,.T.);
#4793=EDGE_CURVE('',#3778,#3777,#1875,.T.);
#4794=EDGE_CURVE('',#3778,#3779,#1876,.T.);
#4795=EDGE_CURVE('',#3780,#3779,#1877,.T.);
#4796=EDGE_CURVE('',#3780,#3781,#1878,.T.);
#4797=EDGE_CURVE('',#3782,#3781,#1879,.T.);
#4798=EDGE_CURVE('',#3782,#3783,#1880,.T.);
#4799=EDGE_CURVE('',#3784,#3783,#1881,.T.);
#4800=EDGE_CURVE('',#3784,#3785,#1882,.T.);
#4801=EDGE_CURVE('',#3786,#3785,#1883,.T.);
#4802=EDGE_CURVE('',#3786,#3787,#1884,.T.);
#4803=EDGE_CURVE('',#3788,#3787,#1885,.T.);
#4804=EDGE_CURVE('',#3788,#3789,#1886,.T.);
#4805=EDGE_CURVE('',#3790,#3789,#1887,.T.);
#4806=EDGE_CURVE('',#3790,#3791,#1888,.T.);
#4807=EDGE_CURVE('',#3792,#3791,#1889,.T.);
#4808=EDGE_CURVE('',#3792,#3793,#1890,.T.);
#4809=EDGE_CURVE('',#3794,#3793,#1891,.T.);
#4810=EDGE_CURVE('',#3794,#3737,#1892,.T.);
#4811=EDGE_CURVE('',#3795,#3736,#1893,.F.);
#4812=EDGE_CURVE('',#3796,#3795,#1894,.F.);
#4813=EDGE_CURVE('',#3797,#3796,#1895,.F.);
#4814=EDGE_CURVE('',#3798,#3797,#1896,.F.);
#4815=EDGE_CURVE('',#3799,#3798,#1897,.T.);
#4816=EDGE_CURVE('',#3800,#3799,#1898,.F.);
#4817=EDGE_CURVE('',#3776,#3800,#1899,.F.);
#4818=EDGE_CURVE('',#3777,#3801,#1900,.T.);
#4819=EDGE_CURVE('',#3776,#3802,#1901,.T.);
#4820=EDGE_CURVE('',#3803,#3802,#242,.F.);
#4821=EDGE_CURVE('',#3803,#3804,#1902,.T.);
#4822=EDGE_CURVE('',#3804,#3805,#98,.T.);
#4823=EDGE_CURVE('',#3805,#3806,#1903,.T.);
#4824=EDGE_CURVE('',#3806,#3801,#99,.T.);
#4825=EDGE_CURVE('',#3807,#3801,#3181,.T.);
#4826=EDGE_CURVE('',#3808,#3807,#1904,.F.);
#4827=EDGE_CURVE('',#3808,#3749,#1905,.F.);
#4828=EDGE_CURVE('',#3748,#3778,#1906,.T.);
#4829=EDGE_CURVE('',#3809,#3810,#3182,.T.);
#4830=EDGE_CURVE('',#3811,#3809,#1907,.F.);
#4831=EDGE_CURVE('',#3812,#3811,#1908,.F.);
#4832=EDGE_CURVE('',#3812,#3813,#1909,.T.);
#4833=EDGE_CURVE('',#3810,#3813,#1910,.F.);
#4834=EDGE_CURVE('',#3814,#3815,#1911,.T.);
#4835=EDGE_CURVE('',#3814,#3816,#3183,.T.);
#4836=EDGE_CURVE('',#3816,#3817,#1912,.T.);
#4837=EDGE_CURVE('',#3817,#3815,#3184,.T.);
#4838=EDGE_CURVE('',#3818,#3819,#1913,.T.);
#4839=EDGE_CURVE('',#3818,#3820,#3185,.T.);
#4840=EDGE_CURVE('',#3820,#3821,#1914,.T.);
#4841=EDGE_CURVE('',#3821,#3819,#3186,.T.);
#4842=EDGE_CURVE('',#3822,#3823,#1915,.T.);
#4843=EDGE_CURVE('',#3822,#3824,#3187,.T.);
#4844=EDGE_CURVE('',#3824,#3825,#1916,.T.);
#4845=EDGE_CURVE('',#3825,#3823,#3188,.T.);
#4846=EDGE_CURVE('',#3826,#3827,#1917,.T.);
#4847=EDGE_CURVE('',#3826,#3828,#3189,.T.);
#4848=EDGE_CURVE('',#3828,#3829,#1918,.T.);
#4849=EDGE_CURVE('',#3829,#3827,#3190,.T.);
#4850=EDGE_CURVE('',#3830,#3792,#3191,.F.);
#4851=EDGE_CURVE('',#3831,#3830,#1919,.T.);
#4852=EDGE_CURVE('',#3793,#3831,#3192,.F.);
#4853=EDGE_CURVE('',#3832,#3788,#3193,.F.);
#4854=EDGE_CURVE('',#3833,#3832,#1920,.T.);
#4855=EDGE_CURVE('',#3789,#3833,#3194,.F.);
#4856=EDGE_CURVE('',#3834,#3784,#3195,.F.);
#4857=EDGE_CURVE('',#3835,#3834,#1921,.T.);
#4858=EDGE_CURVE('',#3785,#3835,#3196,.F.);
#4859=EDGE_CURVE('',#3836,#3780,#3197,.F.);
#4860=EDGE_CURVE('',#3837,#3836,#1922,.T.);
#4861=EDGE_CURVE('',#3781,#3837,#3198,.F.);
#4862=EDGE_CURVE('',#3838,#3839,#3199,.T.);
#4863=EDGE_CURVE('',#3840,#3838,#1923,.T.);
#4864=EDGE_CURVE('',#3841,#3840,#1924,.T.);
#4865=EDGE_CURVE('',#3841,#3842,#3200,.T.);
#4866=EDGE_CURVE('',#3842,#3808,#1925,.F.);
#4867=EDGE_CURVE('',#3839,#3807,#1926,.T.);
#4868=EDGE_CURVE('',#3843,#3844,#3201,.T.);
#4869=EDGE_CURVE('',#3844,#3845,#1927,.T.);
#4870=EDGE_CURVE('',#3845,#3846,#1928,.T.);
#4871=EDGE_CURVE('',#3846,#3843,#1929,.T.);
#4872=EDGE_CURVE('',#3799,#3798,#3202,.T.);
#4873=EDGE_CURVE('',#3847,#3847,#3203,.T.);
#4874=EDGE_CURVE('',#3796,#3848,#3204,.T.);
#4875=EDGE_CURVE('',#3849,#3848,#1930,.T.);
#4876=EDGE_CURVE('',#3849,#3850,#3205,.T.);
#4877=EDGE_CURVE('',#3850,#3851,#3206,.T.);
#4878=EDGE_CURVE('',#3852,#3851,#1931,.T.);
#4879=EDGE_CURVE('',#3852,#3853,#1932,.T.);
#4880=EDGE_CURVE('',#3854,#3853,#3207,.T.);
#4881=EDGE_CURVE('',#3854,#3855,#1933,.T.);
#4882=EDGE_CURVE('',#3804,#3855,#1934,.T.);
#4883=EDGE_CURVE('',#3803,#3797,#3208,.T.);
#4884=EDGE_CURVE('',#3795,#3856,#3209,.T.);
#4885=EDGE_CURVE('',#3856,#3842,#1935,.F.);
#4886=EDGE_CURVE('',#3841,#3848,#243,.F.);
#4887=EDGE_CURVE('',#3857,#3858,#244,.T.);
#4888=EDGE_CURVE('',#3859,#3857,#1936,.T.);
#4889=EDGE_CURVE('',#3860,#3859,#3210,.F.);
#4890=EDGE_CURVE('',#3860,#3858,#1937,.T.);
#4891=EDGE_CURVE('',#3858,#3861,#100,.T.);
#4892=EDGE_CURVE('',#3833,#3860,#1938,.F.);
#4893=EDGE_CURVE('',#3861,#3832,#1939,.F.);
#4894=EDGE_CURVE('',#3862,#3863,#245,.T.);
#4895=EDGE_CURVE('',#3862,#3864,#1940,.T.);
#4896=EDGE_CURVE('',#3865,#3864,#3211,.F.);
#4897=EDGE_CURVE('',#3863,#3865,#1941,.T.);
#4898=EDGE_CURVE('',#3863,#3866,#3212,.T.);
#4899=EDGE_CURVE('',#3866,#3865,#1942,.F.);
#4900=EDGE_CURVE('',#3867,#3745,#1943,.T.);
#4901=EDGE_CURVE('',#3867,#3868,#1944,.F.);
#4902=EDGE_CURVE('',#3746,#3868,#1945,.F.);
#4903=EDGE_CURVE('',#3751,#3869,#1946,.T.);
#4904=EDGE_CURVE('',#3870,#3869,#1947,.T.);
#4905=EDGE_CURVE('',#3870,#3752,#1948,.F.);
#4906=EDGE_CURVE('',#3816,#3871,#1949,.T.);
#4907=EDGE_CURVE('',#3871,#3872,#1950,.T.);
#4908=EDGE_CURVE('',#3872,#3817,#1951,.T.);
#4909=EDGE_CURVE('',#3871,#3873,#3213,.T.);
#4910=EDGE_CURVE('',#3873,#3874,#1952,.T.);
#4911=EDGE_CURVE('',#3874,#3872,#3214,.T.);
#4912=EDGE_CURVE('',#3873,#3875,#1953,.T.);
#4913=EDGE_CURVE('',#3875,#3876,#1954,.T.);
#4914=EDGE_CURVE('',#3876,#3874,#1955,.T.);
#4915=EDGE_CURVE('',#3763,#3876,#1956,.F.);
#4916=EDGE_CURVE('',#3875,#3764,#1957,.T.);
#4917=EDGE_CURVE('',#3877,#3830,#1958,.F.);
#4918=EDGE_CURVE('',#3878,#3877,#1959,.T.);
#4919=EDGE_CURVE('',#3831,#3878,#1960,.F.);
#4920=EDGE_CURVE('',#3813,#3877,#3215,.F.);
#4921=EDGE_CURVE('',#3878,#3812,#3216,.F.);
#4922=EDGE_CURVE('',#3809,#3741,#1961,.T.);
#4923=EDGE_CURVE('',#3811,#3740,#1962,.F.);
#4924=EDGE_CURVE('',#3879,#3857,#3217,.T.);
#4925=EDGE_CURVE('',#3859,#3879,#1963,.F.);
#4926=EDGE_CURVE('',#3880,#3836,#1964,.F.);
#4927=EDGE_CURVE('',#3881,#3880,#1965,.T.);
#4928=EDGE_CURVE('',#3837,#3881,#1966,.F.);
#4929=EDGE_CURVE('',#3882,#3880,#3218,.F.);
#4930=EDGE_CURVE('',#3883,#3882,#1967,.T.);
#4931=EDGE_CURVE('',#3881,#3883,#3219,.F.);
#4932=EDGE_CURVE('',#3868,#3882,#1968,.F.);
#4933=EDGE_CURVE('',#3883,#3867,#1969,.F.);
#4934=EDGE_CURVE('',#3884,#3862,#101,.T.);
#4935=EDGE_CURVE('',#3835,#3884,#1970,.F.);
#4936=EDGE_CURVE('',#3864,#3834,#1971,.F.);
#4937=EDGE_CURVE('',#3820,#3885,#1972,.T.);
#4938=EDGE_CURVE('',#3885,#3886,#1973,.T.);
#4939=EDGE_CURVE('',#3886,#3821,#1974,.T.);
#4940=EDGE_CURVE('',#3885,#3887,#3220,.T.);
#4941=EDGE_CURVE('',#3887,#3888,#1975,.T.);
#4942=EDGE_CURVE('',#3888,#3886,#3221,.T.);
#4943=EDGE_CURVE('',#3887,#3889,#1976,.T.);
#4944=EDGE_CURVE('',#3889,#3890,#1977,.T.);
#4945=EDGE_CURVE('',#3890,#3888,#1978,.T.);
#4946=EDGE_CURVE('',#3759,#3890,#1979,.T.);
#4947=EDGE_CURVE('',#3889,#3760,#1980,.F.);
#4948=EDGE_CURVE('',#3828,#3891,#1981,.T.);
#4949=EDGE_CURVE('',#3891,#3892,#1982,.T.);
#4950=EDGE_CURVE('',#3892,#3829,#1983,.T.);
#4951=EDGE_CURVE('',#3891,#3893,#3222,.T.);
#4952=EDGE_CURVE('',#3893,#3894,#1984,.T.);
#4953=EDGE_CURVE('',#3894,#3892,#3223,.T.);
#4954=EDGE_CURVE('',#3893,#3870,#1985,.T.);
#4955=EDGE_CURVE('',#3869,#3894,#1986,.T.);
#4956=EDGE_CURVE('',#3824,#3895,#1987,.T.);
#4957=EDGE_CURVE('',#3895,#3896,#1988,.T.);
#4958=EDGE_CURVE('',#3896,#3825,#1989,.T.);
#4959=EDGE_CURVE('',#3895,#3897,#3224,.T.);
#4960=EDGE_CURVE('',#3897,#3898,#1990,.T.);
#4961=EDGE_CURVE('',#3898,#3896,#3225,.T.);
#4962=EDGE_CURVE('',#3897,#3899,#1991,.T.);
#4963=EDGE_CURVE('',#3899,#3900,#1992,.T.);
#4964=EDGE_CURVE('',#3900,#3898,#1993,.T.);
#4965=EDGE_CURVE('',#3755,#3900,#1994,.T.);
#4966=EDGE_CURVE('',#3899,#3756,#1995,.F.);
#4967=EDGE_CURVE('',#3732,#3729,#3226,.T.);
#4968=EDGE_CURVE('',#3733,#3901,#1996,.T.);
#4969=EDGE_CURVE('',#3901,#3856,#1997,.F.);
#4970=EDGE_CURVE('',#3847,#3902,#1998,.T.);
#4971=EDGE_CURVE('',#3903,#3902,#3227,.T.);
#4972=EDGE_CURVE('',#3903,#3884,#1999,.F.);
#4973=EDGE_CURVE('',#3866,#3742,#2000,.F.);
#4974=EDGE_CURVE('',#3844,#3810,#2001,.T.);
#4975=EDGE_CURVE('',#3843,#3879,#2002,.F.);
#4976=EDGE_CURVE('',#3861,#3904,#2003,.F.);
#4977=EDGE_CURVE('',#3902,#3904,#3228,.T.);
#4978=EDGE_CURVE('',#3904,#3905,#2004,.T.);
#4979=EDGE_CURVE('',#3905,#3906,#2005,.T.);
#4980=EDGE_CURVE('',#3906,#3903,#2006,.T.);
#4981=EDGE_CURVE('',#3750,#3827,#2007,.F.);
#4982=EDGE_CURVE('',#3753,#3826,#2008,.T.);
#4983=EDGE_CURVE('',#3754,#3823,#2009,.F.);
#4984=EDGE_CURVE('',#3757,#3822,#2010,.T.);
#4985=EDGE_CURVE('',#3758,#3819,#2011,.F.);
#4986=EDGE_CURVE('',#3907,#3818,#2012,.T.);
#4987=EDGE_CURVE('',#3761,#3907,#2013,.T.);
#4988=EDGE_CURVE('',#3908,#3907,#2014,.T.);
#4989=EDGE_CURVE('',#3762,#3908,#2015,.F.);
#4990=EDGE_CURVE('',#3908,#3815,#2016,.F.);
#4991=EDGE_CURVE('',#3814,#3909,#2017,.F.);
#4992=EDGE_CURVE('',#3765,#3909,#2018,.T.);
#4993=EDGE_CURVE('',#3910,#3909,#2019,.T.);
#4994=EDGE_CURVE('',#3766,#3910,#2020,.T.);
#4995=EDGE_CURVE('',#3901,#3910,#2021,.F.);
#4996=EDGE_CURVE('',#3845,#3791,#2022,.F.);
#4997=EDGE_CURVE('',#3905,#3787,#2023,.F.);
#4998=EDGE_CURVE('',#3906,#3786,#2024,.T.);
#4999=EDGE_CURVE('',#3743,#3783,#2025,.F.);
#5000=EDGE_CURVE('',#3744,#3782,#2026,.T.);
#5001=EDGE_CURVE('',#3747,#3779,#2027,.F.);
#5002=EDGE_CURVE('',#3739,#3794,#2028,.T.);
#5003=EDGE_CURVE('',#3846,#3790,#2029,.T.);
#5004=EDGE_CURVE('',#3911,#3855,#3229,.F.);
#5005=EDGE_CURVE('',#3912,#3911,#246,.F.);
#5006=EDGE_CURVE('',#3912,#3913,#2030,.T.);
#5007=EDGE_CURVE('',#3913,#3805,#247,.T.);
#5008=EDGE_CURVE('',#3806,#3914,#248,.T.);
#5009=EDGE_CURVE('',#3914,#3915,#2031,.T.);
#5010=EDGE_CURVE('',#3915,#3916,#249,.T.);
#5011=EDGE_CURVE('',#3916,#3917,#3230,.T.);
#5012=EDGE_CURVE('',#3917,#3839,#250,.T.);
#5013=EDGE_CURVE('',#3912,#3918,#2032,.T.);
#5014=EDGE_CURVE('',#3919,#3918,#3231,.T.);
#5015=EDGE_CURVE('',#3920,#3919,#2033,.T.);
#5016=EDGE_CURVE('',#3920,#3913,#3232,.T.);
#5017=EDGE_CURVE('',#3800,#3802,#3233,.T.);
#5018=EDGE_CURVE('',#3921,#3771,#251,.T.);
#5019=EDGE_CURVE('',#3770,#3922,#252,.T.);
#5020=EDGE_CURVE('',#3922,#3923,#2034,.T.);
#5021=EDGE_CURVE('',#3923,#3924,#253,.T.);
#5022=EDGE_CURVE('',#3924,#3925,#2035,.T.);
#5023=EDGE_CURVE('',#3925,#3926,#254,.T.);
#5024=EDGE_CURVE('',#3926,#3921,#2036,.T.);
#5025=EDGE_CURVE('',#3854,#3921,#2037,.T.);
#5026=EDGE_CURVE('',#3853,#3772,#2038,.T.);
#5027=EDGE_CURVE('',#3911,#3926,#2039,.T.);
#5028=EDGE_CURVE('',#3925,#3918,#255,.T.);
#5029=EDGE_CURVE('',#3840,#3927,#3234,.T.);
#5030=EDGE_CURVE('',#3927,#3928,#2040,.T.);
#5031=EDGE_CURVE('',#3928,#3852,#3235,.T.);
#5032=EDGE_CURVE('',#3849,#3851,#256,.F.);
#5033=EDGE_CURVE('',#3927,#3929,#2041,.T.);
#5034=EDGE_CURVE('',#3930,#3929,#2042,.T.);
#5035=EDGE_CURVE('',#3930,#3931,#2043,.T.);
#5036=EDGE_CURVE('',#3932,#3931,#2044,.T.);
#5037=EDGE_CURVE('',#3933,#3932,#2045,.T.);
#5038=EDGE_CURVE('',#3934,#3933,#2046,.T.);
#5039=EDGE_CURVE('',#3934,#3935,#2047,.T.);
#5040=EDGE_CURVE('',#3936,#3935,#2048,.T.);
#5041=EDGE_CURVE('',#3937,#3936,#2049,.T.);
#5042=EDGE_CURVE('',#3938,#3937,#2050,.T.);
#5043=EDGE_CURVE('',#3928,#3938,#2051,.T.);
#5044=EDGE_CURVE('',#3939,#3768,#3236,.T.);
#5045=EDGE_CURVE('',#3773,#3940,#3237,.T.);
#5046=EDGE_CURVE('',#3940,#3939,#2052,.T.);
#5047=EDGE_CURVE('',#3941,#3939,#2053,.T.);
#5048=EDGE_CURVE('',#3929,#3941,#2054,.T.);
#5049=EDGE_CURVE('',#3838,#3769,#2055,.T.);
#5050=EDGE_CURVE('',#3942,#3943,#2056,.T.);
#5051=EDGE_CURVE('',#3942,#3944,#2057,.T.);
#5052=EDGE_CURVE('',#3945,#3944,#2058,.T.);
#5053=EDGE_CURVE('',#3943,#3945,#2059,.T.);
#5054=EDGE_CURVE('',#3943,#3946,#2060,.T.);
#5055=EDGE_CURVE('',#3947,#3945,#2061,.T.);
#5056=EDGE_CURVE('',#3946,#3947,#2062,.T.);
#5057=EDGE_CURVE('',#3946,#3948,#2063,.T.);
#5058=EDGE_CURVE('',#3949,#3947,#2064,.T.);
#5059=EDGE_CURVE('',#3948,#3949,#2065,.T.);
#5060=EDGE_CURVE('',#3948,#3942,#2066,.T.);
#5061=EDGE_CURVE('',#3944,#3949,#2067,.T.);
#5062=EDGE_CURVE('',#3923,#3916,#2068,.T.);
#5063=EDGE_CURVE('',#3950,#3915,#2069,.T.);
#5064=EDGE_CURVE('',#3950,#3924,#257,.T.);
#5065=EDGE_CURVE('',#3914,#3951,#3238,.T.);
#5066=EDGE_CURVE('',#3951,#3952,#2070,.T.);
#5067=EDGE_CURVE('',#3952,#3950,#3239,.T.);
#5068=EDGE_CURVE('',#3917,#3922,#2071,.T.);
#5069=EDGE_CURVE('',#3920,#3951,#2072,.T.);
#5070=EDGE_CURVE('',#3919,#3952,#2073,.T.);
#5071=EDGE_CURVE('',#3850,#3953,#2074,.T.);
#5072=EDGE_CURVE('',#3953,#3953,#3240,.T.);
#5073=EDGE_CURVE('',#3954,#3954,#3241,.T.);
#5074=EDGE_CURVE('',#3954,#3775,#2075,.T.);
#5075=EDGE_CURVE('',#3941,#3955,#2076,.T.);
#5076=EDGE_CURVE('',#3930,#3955,#2077,.T.);
#5077=EDGE_CURVE('',#3956,#3957,#2078,.T.);
#5078=EDGE_CURVE('',#3934,#3957,#2079,.T.);
#5079=EDGE_CURVE('',#3956,#3933,#2080,.T.);
#5080=EDGE_CURVE('',#3958,#3932,#2081,.T.);
#5081=EDGE_CURVE('',#3956,#3958,#2082,.T.);
#5082=EDGE_CURVE('',#3959,#3938,#2083,.T.);
#5083=EDGE_CURVE('',#3960,#3937,#2084,.T.);
#5084=EDGE_CURVE('',#3960,#3959,#2085,.T.);
#5085=EDGE_CURVE('',#3961,#3936,#2086,.T.);
#5086=EDGE_CURVE('',#3960,#3961,#2087,.T.);
#5087=EDGE_CURVE('',#3957,#3962,#2088,.T.);
#5088=EDGE_CURVE('',#3935,#3962,#2089,.T.);
#5089=EDGE_CURVE('',#3962,#3961,#2090,.T.);
#5090=EDGE_CURVE('',#3955,#3963,#2091,.T.);
#5091=EDGE_CURVE('',#3931,#3963,#2092,.T.);
#5092=EDGE_CURVE('',#3963,#3958,#2093,.T.);
#5093=EDGE_CURVE('',#3940,#3959,#2094,.T.);
#5094=EDGE_CURVE('',#3964,#3965,#258,.F.);
#5095=EDGE_CURVE('',#3964,#3966,#2095,.T.);
#5096=EDGE_CURVE('',#3966,#3967,#102,.T.);
#5097=EDGE_CURVE('',#3967,#3968,#2096,.T.);
#5098=EDGE_CURVE('',#3968,#3969,#103,.T.);
#5099=EDGE_CURVE('',#3970,#3969,#259,.F.);
#5100=EDGE_CURVE('',#3970,#3965,#2097,.T.);
#5101=EDGE_CURVE('',#3969,#3971,#260,.F.);
#5102=EDGE_CURVE('',#3968,#3972,#261,.T.);
#5103=EDGE_CURVE('',#3972,#3973,#2098,.T.);
#5104=EDGE_CURVE('',#3973,#3974,#262,.T.);
#5105=EDGE_CURVE('',#3974,#3975,#3242,.T.);
#5106=EDGE_CURVE('',#3975,#3971,#2099,.T.);
#5107=EDGE_CURVE('',#3966,#3976,#2100,.T.);
#5108=EDGE_CURVE('',#3977,#3976,#263,.F.);
#5109=EDGE_CURVE('',#3978,#3977,#3243,.F.);
#5110=EDGE_CURVE('',#3979,#3978,#264,.F.);
#5111=EDGE_CURVE('',#3979,#3980,#2101,.T.);
#5112=EDGE_CURVE('',#3980,#3967,#265,.T.);
#5113=EDGE_CURVE('',#3981,#3973,#2102,.T.);
#5114=EDGE_CURVE('',#3972,#3982,#3244,.T.);
#5115=EDGE_CURVE('',#3982,#3983,#2103,.T.);
#5116=EDGE_CURVE('',#3981,#3983,#3245,.T.);
#5117=EDGE_CURVE('',#3984,#3980,#3246,.T.);
#5118=EDGE_CURVE('',#3982,#3984,#2104,.T.);
#5119=EDGE_CURVE('',#3979,#3985,#2105,.T.);
#5120=EDGE_CURVE('',#3985,#3986,#3247,.T.);
#5121=EDGE_CURVE('',#3986,#3984,#2106,.T.);
#5122=EDGE_CURVE('',#3987,#3988,#266,.T.);
#5123=EDGE_CURVE('',#3988,#3989,#2107,.T.);
#5124=EDGE_CURVE('',#3989,#3990,#267,.T.);
#5125=EDGE_CURVE('',#3990,#3991,#2108,.T.);
#5126=EDGE_CURVE('',#3991,#3992,#268,.T.);
#5127=EDGE_CURVE('',#3992,#3993,#2109,.T.);
#5128=EDGE_CURVE('',#3993,#3994,#269,.T.);
#5129=EDGE_CURVE('',#3994,#3987,#2110,.T.);
#5130=EDGE_CURVE('',#3981,#3992,#270,.T.);
#5131=EDGE_CURVE('',#3983,#3986,#2111,.T.);
#5132=EDGE_CURVE('',#3993,#3985,#271,.T.);
#5133=EDGE_CURVE('',#3991,#3974,#2112,.T.);
#5134=EDGE_CURVE('',#3995,#3990,#2113,.T.);
#5135=EDGE_CURVE('',#3995,#3975,#2114,.T.);
#5136=EDGE_CURVE('',#3989,#3996,#3248,.T.);
#5137=EDGE_CURVE('',#3997,#3996,#2115,.T.);
#5138=EDGE_CURVE('',#3995,#3997,#3249,.T.);
#5139=EDGE_CURVE('',#3998,#3999,#272,.F.);
#5140=EDGE_CURVE('',#3998,#4000,#2116,.T.);
#5141=EDGE_CURVE('',#4000,#4001,#3250,.T.);
#5142=EDGE_CURVE('',#4001,#4002,#2117,.T.);
#5143=EDGE_CURVE('',#4002,#4003,#3251,.T.);
#5144=EDGE_CURVE('',#4003,#3999,#2118,.T.);
#5145=EDGE_CURVE('',#4000,#3997,#2119,.T.);
#5146=EDGE_CURVE('',#3998,#4004,#3252,.T.);
#5147=EDGE_CURVE('',#4004,#3999,#3253,.T.);
#5148=EDGE_CURVE('',#4003,#4005,#2120,.T.);
#5149=EDGE_CURVE('',#4005,#3976,#3254,.T.);
#5150=EDGE_CURVE('',#3964,#4006,#3255,.T.);
#5151=EDGE_CURVE('',#4006,#3965,#3256,.T.);
#5152=EDGE_CURVE('',#3970,#4007,#3257,.T.);
#5153=EDGE_CURVE('',#4007,#3971,#3258,.T.);
#5154=EDGE_CURVE('',#4008,#4009,#3259,.T.);
#5155=EDGE_CURVE('',#4009,#4010,#2121,.T.);
#5156=EDGE_CURVE('',#4010,#4011,#3260,.T.);
#5157=EDGE_CURVE('',#4011,#4012,#2122,.T.);
#5158=EDGE_CURVE('',#4012,#4008,#2123,.T.);
#5159=EDGE_CURVE('',#4013,#4009,#2124,.T.);
#5160=EDGE_CURVE('',#4013,#4014,#2125,.T.);
#5161=EDGE_CURVE('',#4014,#4015,#2126,.T.);
#5162=EDGE_CURVE('',#4015,#4016,#2127,.T.);
#5163=EDGE_CURVE('',#4017,#4016,#2128,.T.);
#5164=EDGE_CURVE('',#4017,#4018,#2129,.T.);
#5165=EDGE_CURVE('',#4018,#4019,#2130,.T.);
#5166=EDGE_CURVE('',#4019,#4020,#2131,.T.);
#5167=EDGE_CURVE('',#4021,#4020,#2132,.T.);
#5168=EDGE_CURVE('',#4021,#4022,#2133,.T.);
#5169=EDGE_CURVE('',#4010,#4022,#2134,.T.);
#5170=EDGE_CURVE('',#4008,#4023,#2135,.T.);
#5171=EDGE_CURVE('',#4005,#4023,#2136,.T.);
#5172=EDGE_CURVE('',#4002,#4024,#2137,.T.);
#5173=EDGE_CURVE('',#4024,#4013,#2138,.T.);
#5174=EDGE_CURVE('',#4025,#4026,#2139,.T.);
#5175=EDGE_CURVE('',#4025,#4027,#2140,.T.);
#5176=EDGE_CURVE('',#4028,#4027,#2141,.T.);
#5177=EDGE_CURVE('',#4026,#4028,#2142,.T.);
#5178=EDGE_CURVE('',#4026,#4029,#2143,.T.);
#5179=EDGE_CURVE('',#4030,#4028,#2144,.T.);
#5180=EDGE_CURVE('',#4029,#4030,#2145,.T.);
#5181=EDGE_CURVE('',#4029,#4031,#2146,.T.);
#5182=EDGE_CURVE('',#4032,#4030,#2147,.T.);
#5183=EDGE_CURVE('',#4031,#4032,#2148,.T.);
#5184=EDGE_CURVE('',#4031,#4025,#2149,.T.);
#5185=EDGE_CURVE('',#4027,#4032,#2150,.T.);
#5186=EDGE_CURVE('',#3978,#3994,#2151,.T.);
#5187=EDGE_CURVE('',#3977,#3987,#2152,.T.);
#5188=EDGE_CURVE('',#4023,#3988,#3261,.T.);
#5189=EDGE_CURVE('',#4012,#4033,#3262,.T.);
#5190=EDGE_CURVE('',#4033,#4012,#3263,.T.);
#5191=EDGE_CURVE('',#3996,#4011,#2153,.T.);
#5192=EDGE_CURVE('',#4034,#4034,#3264,.T.);
#5193=EDGE_CURVE('',#4035,#4035,#3265,.T.);
#5194=EDGE_CURVE('',#4007,#4036,#2154,.T.);
#5195=EDGE_CURVE('',#4036,#4036,#3266,.T.);
#5196=EDGE_CURVE('',#4037,#4037,#3267,.T.);
#5197=EDGE_CURVE('',#4006,#4038,#2155,.T.);
#5198=EDGE_CURVE('',#4038,#4038,#3268,.T.);
#5199=EDGE_CURVE('',#4039,#4039,#3269,.T.);
#5200=EDGE_CURVE('',#4004,#4040,#2156,.T.);
#5201=EDGE_CURVE('',#4040,#4040,#3270,.T.);
#5202=EDGE_CURVE('',#4041,#4041,#3271,.T.);
#5203=EDGE_CURVE('',#4037,#4035,#2157,.T.);
#5204=EDGE_CURVE('',#4041,#4033,#2158,.T.);
#5205=EDGE_CURVE('',#4039,#4034,#2159,.T.);
#5206=EDGE_CURVE('',#4042,#4024,#2160,.T.);
#5207=EDGE_CURVE('',#4042,#4014,#2161,.T.);
#5208=EDGE_CURVE('',#4017,#4043,#2162,.T.);
#5209=EDGE_CURVE('',#4044,#4043,#2163,.T.);
#5210=EDGE_CURVE('',#4044,#4018,#2164,.T.);
#5211=EDGE_CURVE('',#4016,#4045,#2165,.T.);
#5212=EDGE_CURVE('',#4043,#4045,#2166,.T.);
#5213=EDGE_CURVE('',#4022,#4046,#2167,.T.);
#5214=EDGE_CURVE('',#4021,#4047,#2168,.T.);
#5215=EDGE_CURVE('',#4046,#4047,#2169,.T.);
#5216=EDGE_CURVE('',#4020,#4048,#2170,.T.);
#5217=EDGE_CURVE('',#4047,#4048,#2171,.T.);
#5218=EDGE_CURVE('',#4044,#4049,#2172,.T.);
#5219=EDGE_CURVE('',#4049,#4019,#2173,.T.);
#5220=EDGE_CURVE('',#4048,#4049,#2174,.T.);
#5221=EDGE_CURVE('',#4042,#4050,#2175,.T.);
#5222=EDGE_CURVE('',#4050,#4015,#2176,.T.);
#5223=EDGE_CURVE('',#4001,#4046,#2177,.T.);
#5224=EDGE_CURVE('',#4045,#4050,#2178,.T.);
#5225=EDGE_CURVE('',#4051,#4051,#3272,.T.);
#5226=EDGE_CURVE('',#4052,#4052,#3273,.T.);
#5227=EDGE_CURVE('',#4052,#4053,#2179,.T.);
#5228=EDGE_CURVE('',#4053,#4054,#3274,.T.);
#5229=EDGE_CURVE('',#4054,#4053,#3275,.T.);
#5230=EDGE_CURVE('',#4054,#4055,#3276,.T.);
#5231=EDGE_CURVE('',#4055,#4056,#3277,.T.);
#5232=EDGE_CURVE('',#4056,#4055,#3278,.T.);
#5233=EDGE_CURVE('',#4056,#4057,#2180,.T.);
#5234=EDGE_CURVE('',#4057,#4058,#3279,.T.);
#5235=EDGE_CURVE('',#4058,#4057,#3280,.T.);
#5236=EDGE_CURVE('',#4058,#4059,#3281,.T.);
#5237=EDGE_CURVE('',#4059,#4060,#3282,.T.);
#5238=EDGE_CURVE('',#4060,#4059,#3283,.T.);
#5239=EDGE_CURVE('',#4060,#4061,#2181,.T.);
#5240=EDGE_CURVE('',#4061,#4062,#3284,.T.);
#5241=EDGE_CURVE('',#4062,#4061,#3285,.T.);
#5242=EDGE_CURVE('',#4062,#4063,#3286,.T.);
#5243=EDGE_CURVE('',#4063,#4064,#3287,.T.);
#5244=EDGE_CURVE('',#4064,#4063,#3288,.T.);
#5245=EDGE_CURVE('',#4064,#4051,#2182,.T.);
#5246=EDGE_CURVE('',#4065,#4065,#3289,.T.);
#5247=EDGE_CURVE('',#4066,#4066,#3290,.T.);
#5248=EDGE_CURVE('',#4066,#4067,#2183,.T.);
#5249=EDGE_CURVE('',#4067,#4068,#3291,.T.);
#5250=EDGE_CURVE('',#4068,#4067,#3292,.T.);
#5251=EDGE_CURVE('',#4068,#4069,#3293,.T.);
#5252=EDGE_CURVE('',#4069,#4070,#3294,.T.);
#5253=EDGE_CURVE('',#4070,#4069,#3295,.T.);
#5254=EDGE_CURVE('',#4070,#4071,#2184,.T.);
#5255=EDGE_CURVE('',#4071,#4072,#3296,.T.);
#5256=EDGE_CURVE('',#4072,#4071,#3297,.T.);
#5257=EDGE_CURVE('',#4072,#4073,#3298,.T.);
#5258=EDGE_CURVE('',#4073,#4074,#3299,.T.);
#5259=EDGE_CURVE('',#4074,#4073,#3300,.T.);
#5260=EDGE_CURVE('',#4074,#4075,#2185,.T.);
#5261=EDGE_CURVE('',#4075,#4076,#3301,.T.);
#5262=EDGE_CURVE('',#4076,#4075,#3302,.T.);
#5263=EDGE_CURVE('',#4076,#4077,#3303,.T.);
#5264=EDGE_CURVE('',#4077,#4078,#3304,.T.);
#5265=EDGE_CURVE('',#4078,#4077,#3305,.T.);
#5266=EDGE_CURVE('',#4078,#4065,#2186,.T.);
#5267=EDGE_CURVE('',#4079,#4080,#2187,.T.);
#5268=EDGE_CURVE('',#4080,#4081,#2188,.T.);
#5269=EDGE_CURVE('',#4081,#4082,#2189,.T.);
#5270=EDGE_CURVE('',#4082,#4079,#2190,.T.);
#5271=EDGE_CURVE('',#4083,#4084,#2191,.T.);
#5272=EDGE_CURVE('',#4085,#4083,#2192,.T.);
#5273=EDGE_CURVE('',#4085,#4086,#2193,.T.);
#5274=EDGE_CURVE('',#4084,#4086,#2194,.T.);
#5275=EDGE_CURVE('',#4087,#4088,#3306,.T.);
#5276=EDGE_CURVE('',#4080,#4087,#2195,.T.);
#5277=EDGE_CURVE('',#4089,#4079,#2196,.T.);
#5278=EDGE_CURVE('',#4090,#4089,#3307,.T.);
#5279=EDGE_CURVE('',#4091,#4090,#2197,.T.);
#5280=EDGE_CURVE('',#4092,#4091,#2198,.T.);
#5281=EDGE_CURVE('',#4088,#4092,#2199,.T.);
#5282=EDGE_CURVE('',#4086,#4091,#3308,.T.);
#5283=EDGE_CURVE('',#4092,#4085,#3309,.T.);
#5284=EDGE_CURVE('',#4087,#4093,#2200,.T.);
#5285=EDGE_CURVE('',#4093,#4081,#2201,.T.);
#5286=EDGE_CURVE('',#4088,#4094,#2202,.T.);
#5287=EDGE_CURVE('',#4093,#4094,#3310,.T.);
#5288=EDGE_CURVE('',#4083,#4095,#2203,.T.);
#5289=EDGE_CURVE('',#4095,#4096,#2204,.T.);
#5290=EDGE_CURVE('',#4094,#4096,#2205,.T.);
#5291=EDGE_CURVE('',#4084,#4097,#2206,.T.);
#5292=EDGE_CURVE('',#4097,#4095,#2207,.T.);
#5293=EDGE_CURVE('',#4090,#4098,#2208,.T.);
#5294=EDGE_CURVE('',#4098,#4099,#2209,.T.);
#5295=EDGE_CURVE('',#4097,#4099,#2210,.T.);
#5296=EDGE_CURVE('',#4089,#4100,#2211,.T.);
#5297=EDGE_CURVE('',#4100,#4098,#3311,.T.);
#5298=EDGE_CURVE('',#4082,#4100,#2212,.T.);
#5299=EDGE_CURVE('',#4099,#4096,#2213,.T.);
#5300=EDGE_CURVE('',#4098,#4094,#2214,.T.);
#5301=EDGE_CURVE('',#4100,#4093,#2215,.T.);
#5302=EDGE_CURVE('',#4101,#4101,#3312,.T.);
#5303=EDGE_CURVE('',#4101,#4102,#2216,.T.);
#5304=EDGE_CURVE('',#4102,#4102,#3313,.T.);
#5305=EDGE_CURVE('',#4103,#4103,#3314,.T.);
#5306=EDGE_CURVE('',#4103,#4104,#2217,.T.);
#5307=EDGE_CURVE('',#4104,#4104,#3315,.T.);
#5308=EDGE_CURVE('',#4105,#4105,#3316,.T.);
#5309=EDGE_CURVE('',#4105,#4106,#2218,.T.);
#5310=EDGE_CURVE('',#4106,#4106,#3317,.T.);
#5311=EDGE_CURVE('',#4107,#4108,#2219,.T.);
#5312=EDGE_CURVE('',#4107,#4109,#2220,.T.);
#5313=EDGE_CURVE('',#4110,#4109,#2221,.T.);
#5314=EDGE_CURVE('',#4108,#4110,#2222,.T.);
#5315=EDGE_CURVE('',#4108,#4111,#2223,.T.);
#5316=EDGE_CURVE('',#4112,#4110,#2224,.T.);
#5317=EDGE_CURVE('',#4111,#4112,#2225,.T.);
#5318=EDGE_CURVE('',#4111,#4113,#2226,.T.);
#5319=EDGE_CURVE('',#4114,#4112,#2227,.T.);
#5320=EDGE_CURVE('',#4113,#4114,#2228,.T.);
#5321=EDGE_CURVE('',#4113,#4107,#2229,.T.);
#5322=EDGE_CURVE('',#4109,#4114,#2230,.T.);
#5323=EDGE_CURVE('',#4115,#4116,#273,.T.);
#5324=EDGE_CURVE('',#4116,#4117,#3318,.T.);
#5325=EDGE_CURVE('',#4117,#4118,#274,.T.);
#5326=EDGE_CURVE('',#4118,#4115,#3319,.T.);
#5327=EDGE_CURVE('',#4119,#4116,#2231,.T.);
#5328=EDGE_CURVE('',#4120,#4119,#3320,.T.);
#5329=EDGE_CURVE('',#4120,#4117,#2232,.T.);
#5330=EDGE_CURVE('',#4115,#4121,#2233,.T.);
#5331=EDGE_CURVE('',#4122,#4121,#2234,.T.);
#5332=EDGE_CURVE('',#4122,#4123,#2235,.T.);
#5333=EDGE_CURVE('',#4119,#4123,#275,.T.);
#5334=EDGE_CURVE('',#4124,#4120,#276,.T.);
#5335=EDGE_CURVE('',#4123,#4124,#3321,.T.);
#5336=EDGE_CURVE('',#4121,#4125,#2236,.T.);
#5337=EDGE_CURVE('',#4126,#4125,#2237,.T.);
#5338=EDGE_CURVE('',#4122,#4126,#2238,.T.);
#5339=EDGE_CURVE('',#4126,#4124,#2239,.T.);
#5340=EDGE_CURVE('',#4125,#4118,#2240,.T.);
#5341=ORIENTED_EDGE('',*,*,#4127,.F.);
#5342=ORIENTED_EDGE('',*,*,#4128,.T.);
#5343=ORIENTED_EDGE('',*,*,#4129,.F.);
#5344=ORIENTED_EDGE('',*,*,#4128,.F.);
#5345=ORIENTED_EDGE('',*,*,#4130,.T.);
#5346=ORIENTED_EDGE('',*,*,#4131,.T.);
#5347=ORIENTED_EDGE('',*,*,#4132,.T.);
#5348=ORIENTED_EDGE('',*,*,#4133,.F.);
#5349=ORIENTED_EDGE('',*,*,#4134,.F.);
#5350=ORIENTED_EDGE('',*,*,#4132,.F.);
#5351=ORIENTED_EDGE('',*,*,#4135,.F.);
#5352=ORIENTED_EDGE('',*,*,#4127,.T.);
#5353=ORIENTED_EDGE('',*,*,#4136,.T.);
#5354=ORIENTED_EDGE('',*,*,#4129,.T.);
#5355=ORIENTED_EDGE('',*,*,#4135,.T.);
#5356=ORIENTED_EDGE('',*,*,#4137,.T.);
#5357=ORIENTED_EDGE('',*,*,#4138,.F.);
#5358=ORIENTED_EDGE('',*,*,#4139,.F.);
#5359=ORIENTED_EDGE('',*,*,#4137,.F.);
#5360=ORIENTED_EDGE('',*,*,#4139,.T.);
#5361=ORIENTED_EDGE('',*,*,#4140,.T.);
#5362=ORIENTED_EDGE('',*,*,#4130,.F.);
#5363=ORIENTED_EDGE('',*,*,#4131,.F.);
#5364=ORIENTED_EDGE('',*,*,#4140,.F.);
#5365=ORIENTED_EDGE('',*,*,#4138,.T.);
#5366=ORIENTED_EDGE('',*,*,#4141,.T.);
#5367=ORIENTED_EDGE('',*,*,#4142,.T.);
#5368=ORIENTED_EDGE('',*,*,#4136,.F.);
#5369=ORIENTED_EDGE('',*,*,#4142,.F.);
#5370=ORIENTED_EDGE('',*,*,#4143,.T.);
#5371=ORIENTED_EDGE('',*,*,#4134,.T.);
#5372=ORIENTED_EDGE('',*,*,#4144,.T.);
#5373=ORIENTED_EDGE('',*,*,#4143,.F.);
#5374=ORIENTED_EDGE('',*,*,#4141,.F.);
#5375=ORIENTED_EDGE('',*,*,#4144,.F.);
#5376=ORIENTED_EDGE('',*,*,#4133,.T.);
#5377=ORIENTED_EDGE('',*,*,#4145,.F.);
#5378=ORIENTED_EDGE('',*,*,#4146,.F.);
#5379=ORIENTED_EDGE('',*,*,#4147,.T.);
#5380=ORIENTED_EDGE('',*,*,#4148,.F.);
#5381=ORIENTED_EDGE('',*,*,#4149,.T.);
#5382=ORIENTED_EDGE('',*,*,#4146,.T.);
#5383=ORIENTED_EDGE('',*,*,#4149,.F.);
#5384=ORIENTED_EDGE('',*,*,#4147,.F.);
#5385=ORIENTED_EDGE('',*,*,#4150,.T.);
#5386=ORIENTED_EDGE('',*,*,#4145,.T.);
#5387=ORIENTED_EDGE('',*,*,#4150,.F.);
#5388=ORIENTED_EDGE('',*,*,#4148,.T.);
#5389=ORIENTED_EDGE('',*,*,#4151,.F.);
#5390=ORIENTED_EDGE('',*,*,#4152,.F.);
#5391=ORIENTED_EDGE('',*,*,#4153,.F.);
#5392=ORIENTED_EDGE('',*,*,#4154,.F.);
#5393=ORIENTED_EDGE('',*,*,#4155,.F.);
#5394=ORIENTED_EDGE('',*,*,#4156,.F.);
#5395=ORIENTED_EDGE('',*,*,#4157,.F.);
#5396=ORIENTED_EDGE('',*,*,#4155,.T.);
#5397=ORIENTED_EDGE('',*,*,#4158,.T.);
#5398=ORIENTED_EDGE('',*,*,#4159,.F.);
#5399=ORIENTED_EDGE('',*,*,#4160,.F.);
#5400=ORIENTED_EDGE('',*,*,#4156,.T.);
#5401=ORIENTED_EDGE('',*,*,#4157,.T.);
#5402=ORIENTED_EDGE('',*,*,#4161,.F.);
#5403=ORIENTED_EDGE('',*,*,#4158,.F.);
#5404=ORIENTED_EDGE('',*,*,#4154,.T.);
#5405=ORIENTED_EDGE('',*,*,#4162,.T.);
#5406=ORIENTED_EDGE('',*,*,#4163,.F.);
#5407=ORIENTED_EDGE('',*,*,#4159,.T.);
#5408=ORIENTED_EDGE('',*,*,#4163,.T.);
#5409=ORIENTED_EDGE('',*,*,#4164,.T.);
#5410=ORIENTED_EDGE('',*,*,#4165,.T.);
#5411=ORIENTED_EDGE('',*,*,#4166,.T.);
#5412=ORIENTED_EDGE('',*,*,#4161,.T.);
#5413=ORIENTED_EDGE('',*,*,#4167,.F.);
#5414=ORIENTED_EDGE('',*,*,#4151,.T.);
#5415=ORIENTED_EDGE('',*,*,#4160,.T.);
#5416=ORIENTED_EDGE('',*,*,#4166,.F.);
#5417=ORIENTED_EDGE('',*,*,#4162,.F.);
#5418=ORIENTED_EDGE('',*,*,#4153,.T.);
#5419=ORIENTED_EDGE('',*,*,#4168,.T.);
#5420=ORIENTED_EDGE('',*,*,#4164,.F.);
#5421=ORIENTED_EDGE('',*,*,#4168,.F.);
#5422=ORIENTED_EDGE('',*,*,#4152,.T.);
#5423=ORIENTED_EDGE('',*,*,#4167,.T.);
#5424=ORIENTED_EDGE('',*,*,#4165,.F.);
#5425=ORIENTED_EDGE('',*,*,#4169,.F.);
#5426=ORIENTED_EDGE('',*,*,#4170,.F.);
#5427=ORIENTED_EDGE('',*,*,#4171,.T.);
#5428=ORIENTED_EDGE('',*,*,#4172,.F.);
#5429=ORIENTED_EDGE('',*,*,#4173,.T.);
#5430=ORIENTED_EDGE('',*,*,#4170,.T.);
#5431=ORIENTED_EDGE('',*,*,#4173,.F.);
#5432=ORIENTED_EDGE('',*,*,#4171,.F.);
#5433=ORIENTED_EDGE('',*,*,#4174,.T.);
#5434=ORIENTED_EDGE('',*,*,#4169,.T.);
#5435=ORIENTED_EDGE('',*,*,#4174,.F.);
#5436=ORIENTED_EDGE('',*,*,#4172,.T.);
#5437=ORIENTED_EDGE('',*,*,#4175,.F.);
#5438=ORIENTED_EDGE('',*,*,#4176,.F.);
#5439=ORIENTED_EDGE('',*,*,#4177,.F.);
#5440=ORIENTED_EDGE('',*,*,#4178,.F.);
#5441=ORIENTED_EDGE('',*,*,#4179,.F.);
#5442=ORIENTED_EDGE('',*,*,#4180,.F.);
#5443=ORIENTED_EDGE('',*,*,#4181,.F.);
#5444=ORIENTED_EDGE('',*,*,#4179,.T.);
#5445=ORIENTED_EDGE('',*,*,#4182,.T.);
#5446=ORIENTED_EDGE('',*,*,#4183,.F.);
#5447=ORIENTED_EDGE('',*,*,#4184,.F.);
#5448=ORIENTED_EDGE('',*,*,#4180,.T.);
#5449=ORIENTED_EDGE('',*,*,#4181,.T.);
#5450=ORIENTED_EDGE('',*,*,#4185,.F.);
#5451=ORIENTED_EDGE('',*,*,#4182,.F.);
#5452=ORIENTED_EDGE('',*,*,#4178,.T.);
#5453=ORIENTED_EDGE('',*,*,#4186,.T.);
#5454=ORIENTED_EDGE('',*,*,#4187,.F.);
#5455=ORIENTED_EDGE('',*,*,#4183,.T.);
#5456=ORIENTED_EDGE('',*,*,#4187,.T.);
#5457=ORIENTED_EDGE('',*,*,#4188,.T.);
#5458=ORIENTED_EDGE('',*,*,#4189,.T.);
#5459=ORIENTED_EDGE('',*,*,#4190,.T.);
#5460=ORIENTED_EDGE('',*,*,#4185,.T.);
#5461=ORIENTED_EDGE('',*,*,#4191,.F.);
#5462=ORIENTED_EDGE('',*,*,#4175,.T.);
#5463=ORIENTED_EDGE('',*,*,#4184,.T.);
#5464=ORIENTED_EDGE('',*,*,#4190,.F.);
#5465=ORIENTED_EDGE('',*,*,#4186,.F.);
#5466=ORIENTED_EDGE('',*,*,#4177,.T.);
#5467=ORIENTED_EDGE('',*,*,#4192,.T.);
#5468=ORIENTED_EDGE('',*,*,#4188,.F.);
#5469=ORIENTED_EDGE('',*,*,#4192,.F.);
#5470=ORIENTED_EDGE('',*,*,#4176,.T.);
#5471=ORIENTED_EDGE('',*,*,#4191,.T.);
#5472=ORIENTED_EDGE('',*,*,#4189,.F.);
#5473=ORIENTED_EDGE('',*,*,#4193,.F.);
#5474=ORIENTED_EDGE('',*,*,#4194,.F.);
#5475=ORIENTED_EDGE('',*,*,#4195,.F.);
#5476=ORIENTED_EDGE('',*,*,#4196,.F.);
#5477=ORIENTED_EDGE('',*,*,#4197,.F.);
#5478=ORIENTED_EDGE('',*,*,#4198,.F.);
#5479=ORIENTED_EDGE('',*,*,#4199,.F.);
#5480=ORIENTED_EDGE('',*,*,#4200,.T.);
#5481=ORIENTED_EDGE('',*,*,#4196,.T.);
#5482=ORIENTED_EDGE('',*,*,#4201,.T.);
#5483=ORIENTED_EDGE('',*,*,#4202,.F.);
#5484=ORIENTED_EDGE('',*,*,#4203,.T.);
#5485=ORIENTED_EDGE('',*,*,#4194,.T.);
#5486=ORIENTED_EDGE('',*,*,#4204,.T.);
#5487=ORIENTED_EDGE('',*,*,#4205,.F.);
#5488=ORIENTED_EDGE('',*,*,#4206,.T.);
#5489=ORIENTED_EDGE('',*,*,#4207,.F.);
#5490=ORIENTED_EDGE('',*,*,#4208,.F.);
#5491=ORIENTED_EDGE('',*,*,#4209,.F.);
#5492=ORIENTED_EDGE('',*,*,#4210,.F.);
#5493=ORIENTED_EDGE('',*,*,#4211,.F.);
#5494=ORIENTED_EDGE('',*,*,#4212,.F.);
#5495=ORIENTED_EDGE('',*,*,#4213,.F.);
#5496=ORIENTED_EDGE('',*,*,#4214,.F.);
#5497=ORIENTED_EDGE('',*,*,#4215,.F.);
#5498=ORIENTED_EDGE('',*,*,#4216,.F.);
#5499=ORIENTED_EDGE('',*,*,#4217,.F.);
#5500=ORIENTED_EDGE('',*,*,#4218,.F.);
#5501=ORIENTED_EDGE('',*,*,#4219,.F.);
#5502=ORIENTED_EDGE('',*,*,#4220,.F.);
#5503=ORIENTED_EDGE('',*,*,#4221,.F.);
#5504=ORIENTED_EDGE('',*,*,#4222,.F.);
#5505=ORIENTED_EDGE('',*,*,#4223,.F.);
#5506=ORIENTED_EDGE('',*,*,#4224,.F.);
#5507=ORIENTED_EDGE('',*,*,#4225,.F.);
#5508=ORIENTED_EDGE('',*,*,#4226,.F.);
#5509=ORIENTED_EDGE('',*,*,#4227,.F.);
#5510=ORIENTED_EDGE('',*,*,#4228,.F.);
#5511=ORIENTED_EDGE('',*,*,#4229,.F.);
#5512=ORIENTED_EDGE('',*,*,#4230,.F.);
#5513=ORIENTED_EDGE('',*,*,#4231,.F.);
#5514=ORIENTED_EDGE('',*,*,#4232,.F.);
#5515=ORIENTED_EDGE('',*,*,#4198,.T.);
#5516=ORIENTED_EDGE('',*,*,#4233,.T.);
#5517=ORIENTED_EDGE('',*,*,#4199,.T.);
#5518=ORIENTED_EDGE('',*,*,#4232,.T.);
#5519=ORIENTED_EDGE('',*,*,#4234,.T.);
#5520=ORIENTED_EDGE('',*,*,#4235,.T.);
#5521=ORIENTED_EDGE('',*,*,#4236,.T.);
#5522=ORIENTED_EDGE('',*,*,#4237,.F.);
#5523=ORIENTED_EDGE('',*,*,#4238,.F.);
#5524=ORIENTED_EDGE('',*,*,#4239,.T.);
#5525=ORIENTED_EDGE('',*,*,#4240,.T.);
#5526=ORIENTED_EDGE('',*,*,#4241,.F.);
#5527=ORIENTED_EDGE('',*,*,#4242,.T.);
#5528=ORIENTED_EDGE('',*,*,#4243,.F.);
#5529=ORIENTED_EDGE('',*,*,#4239,.F.);
#5530=ORIENTED_EDGE('',*,*,#4244,.T.);
#5531=ORIENTED_EDGE('',*,*,#4241,.T.);
#5532=ORIENTED_EDGE('',*,*,#4245,.F.);
#5533=ORIENTED_EDGE('',*,*,#4246,.F.);
#5534=ORIENTED_EDGE('',*,*,#4247,.F.);
#5535=ORIENTED_EDGE('',*,*,#4248,.F.);
#5536=ORIENTED_EDGE('',*,*,#4249,.T.);
#5537=ORIENTED_EDGE('',*,*,#4250,.F.);
#5538=ORIENTED_EDGE('',*,*,#4249,.F.);
#5539=ORIENTED_EDGE('',*,*,#4251,.F.);
#5540=ORIENTED_EDGE('',*,*,#4252,.T.);
#5541=ORIENTED_EDGE('',*,*,#4253,.F.);
#5542=ORIENTED_EDGE('',*,*,#4252,.F.);
#5543=ORIENTED_EDGE('',*,*,#4254,.F.);
#5544=ORIENTED_EDGE('',*,*,#4255,.F.);
#5545=ORIENTED_EDGE('',*,*,#4256,.F.);
#5546=ORIENTED_EDGE('',*,*,#4257,.F.);
#5547=ORIENTED_EDGE('',*,*,#4258,.F.);
#5548=ORIENTED_EDGE('',*,*,#4259,.T.);
#5549=ORIENTED_EDGE('',*,*,#4260,.F.);
#5550=ORIENTED_EDGE('',*,*,#4259,.F.);
#5551=ORIENTED_EDGE('',*,*,#4261,.F.);
#5552=ORIENTED_EDGE('',*,*,#4262,.T.);
#5553=ORIENTED_EDGE('',*,*,#4263,.F.);
#5554=ORIENTED_EDGE('',*,*,#4262,.F.);
#5555=ORIENTED_EDGE('',*,*,#4264,.F.);
#5556=ORIENTED_EDGE('',*,*,#4265,.F.);
#5557=ORIENTED_EDGE('',*,*,#4247,.T.);
#5558=ORIENTED_EDGE('',*,*,#4266,.F.);
#5559=ORIENTED_EDGE('',*,*,#4265,.T.);
#5560=ORIENTED_EDGE('',*,*,#4267,.F.);
#5561=ORIENTED_EDGE('',*,*,#4257,.T.);
#5562=ORIENTED_EDGE('',*,*,#4268,.F.);
#5563=ORIENTED_EDGE('',*,*,#4269,.T.);
#5564=ORIENTED_EDGE('',*,*,#4270,.F.);
#5565=ORIENTED_EDGE('',*,*,#4246,.T.);
#5566=ORIENTED_EDGE('',*,*,#4250,.T.);
#5567=ORIENTED_EDGE('',*,*,#4253,.T.);
#5568=ORIENTED_EDGE('',*,*,#4271,.T.);
#5569=ORIENTED_EDGE('',*,*,#4272,.T.);
#5570=ORIENTED_EDGE('',*,*,#4273,.T.);
#5571=ORIENTED_EDGE('',*,*,#4274,.T.);
#5572=ORIENTED_EDGE('',*,*,#4275,.T.);
#5573=ORIENTED_EDGE('',*,*,#4276,.T.);
#5574=ORIENTED_EDGE('',*,*,#4277,.T.);
#5575=ORIENTED_EDGE('',*,*,#4278,.T.);
#5576=ORIENTED_EDGE('',*,*,#4279,.T.);
#5577=ORIENTED_EDGE('',*,*,#4280,.T.);
#5578=ORIENTED_EDGE('',*,*,#4281,.T.);
#5579=ORIENTED_EDGE('',*,*,#4282,.T.);
#5580=ORIENTED_EDGE('',*,*,#4283,.T.);
#5581=ORIENTED_EDGE('',*,*,#4284,.T.);
#5582=ORIENTED_EDGE('',*,*,#4285,.T.);
#5583=ORIENTED_EDGE('',*,*,#4286,.T.);
#5584=ORIENTED_EDGE('',*,*,#4287,.T.);
#5585=ORIENTED_EDGE('',*,*,#4288,.T.);
#5586=ORIENTED_EDGE('',*,*,#4289,.T.);
#5587=ORIENTED_EDGE('',*,*,#4290,.T.);
#5588=ORIENTED_EDGE('',*,*,#4291,.T.);
#5589=ORIENTED_EDGE('',*,*,#4292,.T.);
#5590=ORIENTED_EDGE('',*,*,#4293,.T.);
#5591=ORIENTED_EDGE('',*,*,#4294,.T.);
#5592=ORIENTED_EDGE('',*,*,#4295,.T.);
#5593=ORIENTED_EDGE('',*,*,#4296,.T.);
#5594=ORIENTED_EDGE('',*,*,#4297,.T.);
#5595=ORIENTED_EDGE('',*,*,#4298,.T.);
#5596=ORIENTED_EDGE('',*,*,#4299,.T.);
#5597=ORIENTED_EDGE('',*,*,#4300,.T.);
#5598=ORIENTED_EDGE('',*,*,#4301,.T.);
#5599=ORIENTED_EDGE('',*,*,#4302,.T.);
#5600=ORIENTED_EDGE('',*,*,#4303,.T.);
#5601=ORIENTED_EDGE('',*,*,#4304,.T.);
#5602=ORIENTED_EDGE('',*,*,#4305,.T.);
#5603=ORIENTED_EDGE('',*,*,#4306,.T.);
#5604=ORIENTED_EDGE('',*,*,#4307,.T.);
#5605=ORIENTED_EDGE('',*,*,#4308,.T.);
#5606=ORIENTED_EDGE('',*,*,#4309,.T.);
#5607=ORIENTED_EDGE('',*,*,#4310,.T.);
#5608=ORIENTED_EDGE('',*,*,#4311,.T.);
#5609=ORIENTED_EDGE('',*,*,#4312,.T.);
#5610=ORIENTED_EDGE('',*,*,#4313,.T.);
#5611=ORIENTED_EDGE('',*,*,#4314,.T.);
#5612=ORIENTED_EDGE('',*,*,#4315,.T.);
#5613=ORIENTED_EDGE('',*,*,#4316,.T.);
#5614=ORIENTED_EDGE('',*,*,#4317,.T.);
#5615=ORIENTED_EDGE('',*,*,#4318,.T.);
#5616=ORIENTED_EDGE('',*,*,#4319,.T.);
#5617=ORIENTED_EDGE('',*,*,#4320,.T.);
#5618=ORIENTED_EDGE('',*,*,#4321,.T.);
#5619=ORIENTED_EDGE('',*,*,#4322,.T.);
#5620=ORIENTED_EDGE('',*,*,#4323,.T.);
#5621=ORIENTED_EDGE('',*,*,#4324,.T.);
#5622=ORIENTED_EDGE('',*,*,#4325,.T.);
#5623=ORIENTED_EDGE('',*,*,#4326,.T.);
#5624=ORIENTED_EDGE('',*,*,#4327,.T.);
#5625=ORIENTED_EDGE('',*,*,#4328,.T.);
#5626=ORIENTED_EDGE('',*,*,#4329,.T.);
#5627=ORIENTED_EDGE('',*,*,#4330,.T.);
#5628=ORIENTED_EDGE('',*,*,#4331,.T.);
#5629=ORIENTED_EDGE('',*,*,#4332,.T.);
#5630=ORIENTED_EDGE('',*,*,#4333,.T.);
#5631=ORIENTED_EDGE('',*,*,#4334,.T.);
#5632=ORIENTED_EDGE('',*,*,#4335,.T.);
#5633=ORIENTED_EDGE('',*,*,#4336,.T.);
#5634=ORIENTED_EDGE('',*,*,#4337,.T.);
#5635=ORIENTED_EDGE('',*,*,#4338,.T.);
#5636=ORIENTED_EDGE('',*,*,#4339,.T.);
#5637=ORIENTED_EDGE('',*,*,#4340,.T.);
#5638=ORIENTED_EDGE('',*,*,#4341,.T.);
#5639=ORIENTED_EDGE('',*,*,#4342,.T.);
#5640=ORIENTED_EDGE('',*,*,#4343,.T.);
#5641=ORIENTED_EDGE('',*,*,#4344,.T.);
#5642=ORIENTED_EDGE('',*,*,#4345,.T.);
#5643=ORIENTED_EDGE('',*,*,#4346,.T.);
#5644=ORIENTED_EDGE('',*,*,#4347,.T.);
#5645=ORIENTED_EDGE('',*,*,#4348,.T.);
#5646=ORIENTED_EDGE('',*,*,#4349,.T.);
#5647=ORIENTED_EDGE('',*,*,#4350,.T.);
#5648=ORIENTED_EDGE('',*,*,#4351,.T.);
#5649=ORIENTED_EDGE('',*,*,#4352,.T.);
#5650=ORIENTED_EDGE('',*,*,#4353,.T.);
#5651=ORIENTED_EDGE('',*,*,#4354,.T.);
#5652=ORIENTED_EDGE('',*,*,#4355,.T.);
#5653=ORIENTED_EDGE('',*,*,#4356,.T.);
#5654=ORIENTED_EDGE('',*,*,#4268,.T.);
#5655=ORIENTED_EDGE('',*,*,#4256,.T.);
#5656=ORIENTED_EDGE('',*,*,#4260,.T.);
#5657=ORIENTED_EDGE('',*,*,#4263,.T.);
#5658=ORIENTED_EDGE('',*,*,#4266,.T.);
#5659=ORIENTED_EDGE('',*,*,#4357,.T.);
#5660=ORIENTED_EDGE('',*,*,#4358,.T.);
#5661=ORIENTED_EDGE('',*,*,#4359,.T.);
#5662=ORIENTED_EDGE('',*,*,#4360,.T.);
#5663=ORIENTED_EDGE('',*,*,#4361,.T.);
#5664=ORIENTED_EDGE('',*,*,#4362,.T.);
#5665=ORIENTED_EDGE('',*,*,#4316,.F.);
#5666=ORIENTED_EDGE('',*,*,#4363,.F.);
#5667=ORIENTED_EDGE('',*,*,#4364,.F.);
#5668=ORIENTED_EDGE('',*,*,#4365,.T.);
#5669=ORIENTED_EDGE('',*,*,#4317,.F.);
#5670=ORIENTED_EDGE('',*,*,#4365,.F.);
#5671=ORIENTED_EDGE('',*,*,#4366,.F.);
#5672=ORIENTED_EDGE('',*,*,#4367,.T.);
#5673=ORIENTED_EDGE('',*,*,#4318,.F.);
#5674=ORIENTED_EDGE('',*,*,#4367,.F.);
#5675=ORIENTED_EDGE('',*,*,#4368,.F.);
#5676=ORIENTED_EDGE('',*,*,#4369,.F.);
#5677=ORIENTED_EDGE('',*,*,#4248,.T.);
#5678=ORIENTED_EDGE('',*,*,#4267,.T.);
#5679=ORIENTED_EDGE('',*,*,#4264,.T.);
#5680=ORIENTED_EDGE('',*,*,#4261,.T.);
#5681=ORIENTED_EDGE('',*,*,#4258,.T.);
#5682=ORIENTED_EDGE('',*,*,#4270,.T.);
#5683=ORIENTED_EDGE('',*,*,#4370,.T.);
#5684=ORIENTED_EDGE('',*,*,#4371,.T.);
#5685=ORIENTED_EDGE('',*,*,#4372,.T.);
#5686=ORIENTED_EDGE('',*,*,#4373,.T.);
#5687=ORIENTED_EDGE('',*,*,#4374,.T.);
#5688=ORIENTED_EDGE('',*,*,#4375,.T.);
#5689=ORIENTED_EDGE('',*,*,#4376,.T.);
#5690=ORIENTED_EDGE('',*,*,#4377,.T.);
#5691=ORIENTED_EDGE('',*,*,#4378,.T.);
#5692=ORIENTED_EDGE('',*,*,#4379,.T.);
#5693=ORIENTED_EDGE('',*,*,#4380,.T.);
#5694=ORIENTED_EDGE('',*,*,#4381,.T.);
#5695=ORIENTED_EDGE('',*,*,#4382,.T.);
#5696=ORIENTED_EDGE('',*,*,#4383,.T.);
#5697=ORIENTED_EDGE('',*,*,#4384,.T.);
#5698=ORIENTED_EDGE('',*,*,#4385,.T.);
#5699=ORIENTED_EDGE('',*,*,#4386,.T.);
#5700=ORIENTED_EDGE('',*,*,#4387,.T.);
#5701=ORIENTED_EDGE('',*,*,#4388,.T.);
#5702=ORIENTED_EDGE('',*,*,#4389,.T.);
#5703=ORIENTED_EDGE('',*,*,#4390,.T.);
#5704=ORIENTED_EDGE('',*,*,#4391,.T.);
#5705=ORIENTED_EDGE('',*,*,#4392,.T.);
#5706=ORIENTED_EDGE('',*,*,#4393,.T.);
#5707=ORIENTED_EDGE('',*,*,#4394,.T.);
#5708=ORIENTED_EDGE('',*,*,#4395,.T.);
#5709=ORIENTED_EDGE('',*,*,#4396,.T.);
#5710=ORIENTED_EDGE('',*,*,#4397,.T.);
#5711=ORIENTED_EDGE('',*,*,#4398,.T.);
#5712=ORIENTED_EDGE('',*,*,#4399,.T.);
#5713=ORIENTED_EDGE('',*,*,#4400,.T.);
#5714=ORIENTED_EDGE('',*,*,#4401,.T.);
#5715=ORIENTED_EDGE('',*,*,#4402,.T.);
#5716=ORIENTED_EDGE('',*,*,#4403,.T.);
#5717=ORIENTED_EDGE('',*,*,#4404,.T.);
#5718=ORIENTED_EDGE('',*,*,#4405,.T.);
#5719=ORIENTED_EDGE('',*,*,#4406,.T.);
#5720=ORIENTED_EDGE('',*,*,#4407,.T.);
#5721=ORIENTED_EDGE('',*,*,#4368,.T.);
#5722=ORIENTED_EDGE('',*,*,#4366,.T.);
#5723=ORIENTED_EDGE('',*,*,#4364,.T.);
#5724=ORIENTED_EDGE('',*,*,#4408,.T.);
#5725=ORIENTED_EDGE('',*,*,#4409,.T.);
#5726=ORIENTED_EDGE('',*,*,#4410,.T.);
#5727=ORIENTED_EDGE('',*,*,#4411,.T.);
#5728=ORIENTED_EDGE('',*,*,#4412,.T.);
#5729=ORIENTED_EDGE('',*,*,#4413,.T.);
#5730=ORIENTED_EDGE('',*,*,#4414,.T.);
#5731=ORIENTED_EDGE('',*,*,#4415,.T.);
#5732=ORIENTED_EDGE('',*,*,#4416,.T.);
#5733=ORIENTED_EDGE('',*,*,#4417,.T.);
#5734=ORIENTED_EDGE('',*,*,#4418,.T.);
#5735=ORIENTED_EDGE('',*,*,#4419,.T.);
#5736=ORIENTED_EDGE('',*,*,#4420,.T.);
#5737=ORIENTED_EDGE('',*,*,#4421,.T.);
#5738=ORIENTED_EDGE('',*,*,#4422,.T.);
#5739=ORIENTED_EDGE('',*,*,#4423,.T.);
#5740=ORIENTED_EDGE('',*,*,#4424,.T.);
#5741=ORIENTED_EDGE('',*,*,#4425,.T.);
#5742=ORIENTED_EDGE('',*,*,#4426,.T.);
#5743=ORIENTED_EDGE('',*,*,#4427,.T.);
#5744=ORIENTED_EDGE('',*,*,#4428,.T.);
#5745=ORIENTED_EDGE('',*,*,#4429,.T.);
#5746=ORIENTED_EDGE('',*,*,#4430,.T.);
#5747=ORIENTED_EDGE('',*,*,#4431,.T.);
#5748=ORIENTED_EDGE('',*,*,#4432,.T.);
#5749=ORIENTED_EDGE('',*,*,#4433,.T.);
#5750=ORIENTED_EDGE('',*,*,#4434,.T.);
#5751=ORIENTED_EDGE('',*,*,#4435,.T.);
#5752=ORIENTED_EDGE('',*,*,#4436,.T.);
#5753=ORIENTED_EDGE('',*,*,#4437,.T.);
#5754=ORIENTED_EDGE('',*,*,#4438,.T.);
#5755=ORIENTED_EDGE('',*,*,#4439,.T.);
#5756=ORIENTED_EDGE('',*,*,#4440,.T.);
#5757=ORIENTED_EDGE('',*,*,#4441,.T.);
#5758=ORIENTED_EDGE('',*,*,#4442,.T.);
#5759=ORIENTED_EDGE('',*,*,#4443,.T.);
#5760=ORIENTED_EDGE('',*,*,#4444,.T.);
#5761=ORIENTED_EDGE('',*,*,#4445,.T.);
#5762=ORIENTED_EDGE('',*,*,#4446,.T.);
#5763=ORIENTED_EDGE('',*,*,#4447,.T.);
#5764=ORIENTED_EDGE('',*,*,#4448,.T.);
#5765=ORIENTED_EDGE('',*,*,#4449,.T.);
#5766=ORIENTED_EDGE('',*,*,#4450,.T.);
#5767=ORIENTED_EDGE('',*,*,#4451,.T.);
#5768=ORIENTED_EDGE('',*,*,#4452,.T.);
#5769=ORIENTED_EDGE('',*,*,#4254,.T.);
#5770=ORIENTED_EDGE('',*,*,#4251,.T.);
#5771=ORIENTED_EDGE('',*,*,#4453,.T.);
#5772=ORIENTED_EDGE('',*,*,#4454,.T.);
#5773=ORIENTED_EDGE('',*,*,#4455,.T.);
#5774=ORIENTED_EDGE('',*,*,#4456,.T.);
#5775=ORIENTED_EDGE('',*,*,#4457,.T.);
#5776=ORIENTED_EDGE('',*,*,#4458,.T.);
#5777=ORIENTED_EDGE('',*,*,#4363,.T.);
#5778=ORIENTED_EDGE('',*,*,#4315,.F.);
#5779=ORIENTED_EDGE('',*,*,#4459,.T.);
#5780=ORIENTED_EDGE('',*,*,#4408,.F.);
#5781=ORIENTED_EDGE('',*,*,#4193,.T.);
#5782=ORIENTED_EDGE('',*,*,#4203,.F.);
#5783=ORIENTED_EDGE('',*,*,#4242,.F.);
#5784=ORIENTED_EDGE('',*,*,#4244,.F.);
#5785=ORIENTED_EDGE('',*,*,#4238,.T.);
#5786=ORIENTED_EDGE('',*,*,#4204,.F.);
#5787=ORIENTED_EDGE('',*,*,#4245,.T.);
#5788=ORIENTED_EDGE('',*,*,#4240,.F.);
#5789=ORIENTED_EDGE('',*,*,#4460,.F.);
#5790=ORIENTED_EDGE('',*,*,#4461,.F.);
#5791=ORIENTED_EDGE('',*,*,#4462,.F.);
#5792=ORIENTED_EDGE('',*,*,#4463,.F.);
#5793=ORIENTED_EDGE('',*,*,#4464,.F.);
#5794=ORIENTED_EDGE('',*,*,#4465,.F.);
#5795=ORIENTED_EDGE('',*,*,#4466,.F.);
#5796=ORIENTED_EDGE('',*,*,#4467,.F.);
#5797=ORIENTED_EDGE('',*,*,#4468,.F.);
#5798=ORIENTED_EDGE('',*,*,#4469,.F.);
#5799=ORIENTED_EDGE('',*,*,#4470,.F.);
#5800=ORIENTED_EDGE('',*,*,#4471,.F.);
#5801=ORIENTED_EDGE('',*,*,#4472,.F.);
#5802=ORIENTED_EDGE('',*,*,#4473,.F.);
#5803=ORIENTED_EDGE('',*,*,#4474,.F.);
#5804=ORIENTED_EDGE('',*,*,#4475,.F.);
#5805=ORIENTED_EDGE('',*,*,#4476,.F.);
#5806=ORIENTED_EDGE('',*,*,#4477,.F.);
#5807=ORIENTED_EDGE('',*,*,#4478,.F.);
#5808=ORIENTED_EDGE('',*,*,#4479,.F.);
#5809=ORIENTED_EDGE('',*,*,#4480,.F.);
#5810=ORIENTED_EDGE('',*,*,#4481,.F.);
#5811=ORIENTED_EDGE('',*,*,#4482,.F.);
#5812=ORIENTED_EDGE('',*,*,#4483,.F.);
#5813=ORIENTED_EDGE('',*,*,#4484,.F.);
#5814=ORIENTED_EDGE('',*,*,#4485,.F.);
#5815=ORIENTED_EDGE('',*,*,#4236,.F.);
#5816=ORIENTED_EDGE('',*,*,#4486,.T.);
#5817=ORIENTED_EDGE('',*,*,#4487,.F.);
#5818=ORIENTED_EDGE('',*,*,#4488,.T.);
#5819=ORIENTED_EDGE('',*,*,#4362,.F.);
#5820=ORIENTED_EDGE('',*,*,#4488,.F.);
#5821=ORIENTED_EDGE('',*,*,#4489,.F.);
#5822=ORIENTED_EDGE('',*,*,#4490,.T.);
#5823=ORIENTED_EDGE('',*,*,#4361,.F.);
#5824=ORIENTED_EDGE('',*,*,#4490,.F.);
#5825=ORIENTED_EDGE('',*,*,#4491,.F.);
#5826=ORIENTED_EDGE('',*,*,#4492,.T.);
#5827=ORIENTED_EDGE('',*,*,#4360,.F.);
#5828=ORIENTED_EDGE('',*,*,#4492,.F.);
#5829=ORIENTED_EDGE('',*,*,#4493,.F.);
#5830=ORIENTED_EDGE('',*,*,#4494,.T.);
#5831=ORIENTED_EDGE('',*,*,#4453,.F.);
#5832=ORIENTED_EDGE('',*,*,#4494,.F.);
#5833=ORIENTED_EDGE('',*,*,#4486,.F.);
#5834=ORIENTED_EDGE('',*,*,#4495,.T.);
#5835=ORIENTED_EDGE('',*,*,#4454,.F.);
#5836=ORIENTED_EDGE('',*,*,#4495,.F.);
#5837=ORIENTED_EDGE('',*,*,#4496,.F.);
#5838=ORIENTED_EDGE('',*,*,#4497,.T.);
#5839=ORIENTED_EDGE('',*,*,#4498,.F.);
#5840=ORIENTED_EDGE('',*,*,#4497,.F.);
#5841=ORIENTED_EDGE('',*,*,#4499,.F.);
#5842=ORIENTED_EDGE('',*,*,#4500,.T.);
#5843=ORIENTED_EDGE('',*,*,#4455,.F.);
#5844=ORIENTED_EDGE('',*,*,#4500,.F.);
#5845=ORIENTED_EDGE('',*,*,#4501,.F.);
#5846=ORIENTED_EDGE('',*,*,#4502,.T.);
#5847=ORIENTED_EDGE('',*,*,#4233,.F.);
#5848=ORIENTED_EDGE('',*,*,#4502,.F.);
#5849=ORIENTED_EDGE('',*,*,#4503,.F.);
#5850=ORIENTED_EDGE('',*,*,#4501,.T.);
#5851=ORIENTED_EDGE('',*,*,#4503,.T.);
#5852=ORIENTED_EDGE('',*,*,#4504,.T.);
#5853=ORIENTED_EDGE('',*,*,#4505,.F.);
#5854=ORIENTED_EDGE('',*,*,#4504,.F.);
#5855=ORIENTED_EDGE('',*,*,#4506,.F.);
#5856=ORIENTED_EDGE('',*,*,#4493,.T.);
#5857=ORIENTED_EDGE('',*,*,#4506,.T.);
#5858=ORIENTED_EDGE('',*,*,#4507,.T.);
#5859=ORIENTED_EDGE('',*,*,#4508,.F.);
#5860=ORIENTED_EDGE('',*,*,#4507,.F.);
#5861=ORIENTED_EDGE('',*,*,#4509,.F.);
#5862=ORIENTED_EDGE('',*,*,#4496,.T.);
#5863=ORIENTED_EDGE('',*,*,#4509,.T.);
#5864=ORIENTED_EDGE('',*,*,#4510,.T.);
#5865=ORIENTED_EDGE('',*,*,#4511,.F.);
#5866=ORIENTED_EDGE('',*,*,#4510,.F.);
#5867=ORIENTED_EDGE('',*,*,#4512,.F.);
#5868=ORIENTED_EDGE('',*,*,#4489,.T.);
#5869=ORIENTED_EDGE('',*,*,#4512,.T.);
#5870=ORIENTED_EDGE('',*,*,#4513,.T.);
#5871=ORIENTED_EDGE('',*,*,#4514,.F.);
#5872=ORIENTED_EDGE('',*,*,#4513,.F.);
#5873=ORIENTED_EDGE('',*,*,#4515,.F.);
#5874=ORIENTED_EDGE('',*,*,#4491,.T.);
#5875=ORIENTED_EDGE('',*,*,#4515,.T.);
#5876=ORIENTED_EDGE('',*,*,#4516,.T.);
#5877=ORIENTED_EDGE('',*,*,#4517,.F.);
#5878=ORIENTED_EDGE('',*,*,#4516,.F.);
#5879=ORIENTED_EDGE('',*,*,#4518,.F.);
#5880=ORIENTED_EDGE('',*,*,#4487,.T.);
#5881=ORIENTED_EDGE('',*,*,#4518,.T.);
#5882=ORIENTED_EDGE('',*,*,#4519,.T.);
#5883=ORIENTED_EDGE('',*,*,#4520,.F.);
#5884=ORIENTED_EDGE('',*,*,#4519,.F.);
#5885=ORIENTED_EDGE('',*,*,#4359,.F.);
#5886=ORIENTED_EDGE('',*,*,#4521,.T.);
#5887=ORIENTED_EDGE('',*,*,#4522,.T.);
#5888=ORIENTED_EDGE('',*,*,#4521,.F.);
#5889=ORIENTED_EDGE('',*,*,#4522,.F.);
#5890=ORIENTED_EDGE('',*,*,#4511,.T.);
#5891=ORIENTED_EDGE('',*,*,#4358,.F.);
#5892=ORIENTED_EDGE('',*,*,#4523,.T.);
#5893=ORIENTED_EDGE('',*,*,#4524,.T.);
#5894=ORIENTED_EDGE('',*,*,#4523,.F.);
#5895=ORIENTED_EDGE('',*,*,#4524,.F.);
#5896=ORIENTED_EDGE('',*,*,#4508,.T.);
#5897=ORIENTED_EDGE('',*,*,#4357,.F.);
#5898=ORIENTED_EDGE('',*,*,#4525,.T.);
#5899=ORIENTED_EDGE('',*,*,#4526,.T.);
#5900=ORIENTED_EDGE('',*,*,#4525,.F.);
#5901=ORIENTED_EDGE('',*,*,#4526,.F.);
#5902=ORIENTED_EDGE('',*,*,#4505,.T.);
#5903=ORIENTED_EDGE('',*,*,#4456,.F.);
#5904=ORIENTED_EDGE('',*,*,#4527,.T.);
#5905=ORIENTED_EDGE('',*,*,#4528,.T.);
#5906=ORIENTED_EDGE('',*,*,#4527,.F.);
#5907=ORIENTED_EDGE('',*,*,#4528,.F.);
#5908=ORIENTED_EDGE('',*,*,#4514,.T.);
#5909=ORIENTED_EDGE('',*,*,#4457,.F.);
#5910=ORIENTED_EDGE('',*,*,#4529,.T.);
#5911=ORIENTED_EDGE('',*,*,#4530,.T.);
#5912=ORIENTED_EDGE('',*,*,#4529,.F.);
#5913=ORIENTED_EDGE('',*,*,#4530,.F.);
#5914=ORIENTED_EDGE('',*,*,#4520,.T.);
#5915=ORIENTED_EDGE('',*,*,#4458,.F.);
#5916=ORIENTED_EDGE('',*,*,#4531,.T.);
#5917=ORIENTED_EDGE('',*,*,#4532,.T.);
#5918=ORIENTED_EDGE('',*,*,#4531,.F.);
#5919=ORIENTED_EDGE('',*,*,#4532,.F.);
#5920=ORIENTED_EDGE('',*,*,#4517,.T.);
#5921=ORIENTED_EDGE('',*,*,#4206,.F.);
#5922=ORIENTED_EDGE('',*,*,#4533,.F.);
#5923=ORIENTED_EDGE('',*,*,#4534,.F.);
#5924=ORIENTED_EDGE('',*,*,#4535,.F.);
#5925=ORIENTED_EDGE('',*,*,#4536,.F.);
#5926=ORIENTED_EDGE('',*,*,#4537,.F.);
#5927=ORIENTED_EDGE('',*,*,#4538,.F.);
#5928=ORIENTED_EDGE('',*,*,#4539,.F.);
#5929=ORIENTED_EDGE('',*,*,#4540,.F.);
#5930=ORIENTED_EDGE('',*,*,#4541,.F.);
#5931=ORIENTED_EDGE('',*,*,#4542,.F.);
#5932=ORIENTED_EDGE('',*,*,#4543,.F.);
#5933=ORIENTED_EDGE('',*,*,#4544,.F.);
#5934=ORIENTED_EDGE('',*,*,#4545,.F.);
#5935=ORIENTED_EDGE('',*,*,#4546,.F.);
#5936=ORIENTED_EDGE('',*,*,#4547,.F.);
#5937=ORIENTED_EDGE('',*,*,#4548,.F.);
#5938=ORIENTED_EDGE('',*,*,#4549,.F.);
#5939=ORIENTED_EDGE('',*,*,#4550,.F.);
#5940=ORIENTED_EDGE('',*,*,#4551,.F.);
#5941=ORIENTED_EDGE('',*,*,#4552,.F.);
#5942=ORIENTED_EDGE('',*,*,#4553,.F.);
#5943=ORIENTED_EDGE('',*,*,#4554,.F.);
#5944=ORIENTED_EDGE('',*,*,#4555,.F.);
#5945=ORIENTED_EDGE('',*,*,#4556,.F.);
#5946=ORIENTED_EDGE('',*,*,#4557,.F.);
#5947=ORIENTED_EDGE('',*,*,#4558,.F.);
#5948=ORIENTED_EDGE('',*,*,#4201,.F.);
#5949=ORIENTED_EDGE('',*,*,#4195,.T.);
#5950=ORIENTED_EDGE('',*,*,#4498,.T.);
#5951=ORIENTED_EDGE('',*,*,#4197,.T.);
#5952=ORIENTED_EDGE('',*,*,#4559,.T.);
#5953=ORIENTED_EDGE('',*,*,#4560,.F.);
#5954=ORIENTED_EDGE('',*,*,#4207,.T.);
#5955=ORIENTED_EDGE('',*,*,#4200,.F.);
#5956=ORIENTED_EDGE('',*,*,#4235,.F.);
#5957=ORIENTED_EDGE('',*,*,#4561,.F.);
#5958=ORIENTED_EDGE('',*,*,#4562,.F.);
#5959=ORIENTED_EDGE('',*,*,#4563,.F.);
#5960=ORIENTED_EDGE('',*,*,#4564,.F.);
#5961=ORIENTED_EDGE('',*,*,#4565,.F.);
#5962=ORIENTED_EDGE('',*,*,#4566,.F.);
#5963=ORIENTED_EDGE('',*,*,#4567,.F.);
#5964=ORIENTED_EDGE('',*,*,#4568,.F.);
#5965=ORIENTED_EDGE('',*,*,#4569,.F.);
#5966=ORIENTED_EDGE('',*,*,#4570,.F.);
#5967=ORIENTED_EDGE('',*,*,#4571,.F.);
#5968=ORIENTED_EDGE('',*,*,#4572,.F.);
#5969=ORIENTED_EDGE('',*,*,#4573,.F.);
#5970=ORIENTED_EDGE('',*,*,#4574,.F.);
#5971=ORIENTED_EDGE('',*,*,#4575,.F.);
#5972=ORIENTED_EDGE('',*,*,#4576,.F.);
#5973=ORIENTED_EDGE('',*,*,#4577,.F.);
#5974=ORIENTED_EDGE('',*,*,#4578,.F.);
#5975=ORIENTED_EDGE('',*,*,#4579,.F.);
#5976=ORIENTED_EDGE('',*,*,#4580,.F.);
#5977=ORIENTED_EDGE('',*,*,#4581,.F.);
#5978=ORIENTED_EDGE('',*,*,#4582,.F.);
#5979=ORIENTED_EDGE('',*,*,#4583,.F.);
#5980=ORIENTED_EDGE('',*,*,#4584,.F.);
#5981=ORIENTED_EDGE('',*,*,#4559,.F.);
#5982=ORIENTED_EDGE('',*,*,#4499,.T.);
#5983=ORIENTED_EDGE('',*,*,#4533,.T.);
#5984=ORIENTED_EDGE('',*,*,#4585,.F.);
#5985=ORIENTED_EDGE('',*,*,#4348,.F.);
#5986=ORIENTED_EDGE('',*,*,#4586,.T.);
#5987=ORIENTED_EDGE('',*,*,#4485,.T.);
#5988=ORIENTED_EDGE('',*,*,#4587,.T.);
#5989=ORIENTED_EDGE('',*,*,#4378,.F.);
#5990=ORIENTED_EDGE('',*,*,#4588,.F.);
#5991=ORIENTED_EDGE('',*,*,#4534,.T.);
#5992=ORIENTED_EDGE('',*,*,#4586,.F.);
#5993=ORIENTED_EDGE('',*,*,#4347,.F.);
#5994=ORIENTED_EDGE('',*,*,#4589,.T.);
#5995=ORIENTED_EDGE('',*,*,#4484,.T.);
#5996=ORIENTED_EDGE('',*,*,#4590,.T.);
#5997=ORIENTED_EDGE('',*,*,#4379,.F.);
#5998=ORIENTED_EDGE('',*,*,#4587,.F.);
#5999=ORIENTED_EDGE('',*,*,#4535,.T.);
#6000=ORIENTED_EDGE('',*,*,#4589,.F.);
#6001=ORIENTED_EDGE('',*,*,#4346,.F.);
#6002=ORIENTED_EDGE('',*,*,#4591,.T.);
#6003=ORIENTED_EDGE('',*,*,#4483,.T.);
#6004=ORIENTED_EDGE('',*,*,#4592,.T.);
#6005=ORIENTED_EDGE('',*,*,#4380,.F.);
#6006=ORIENTED_EDGE('',*,*,#4590,.F.);
#6007=ORIENTED_EDGE('',*,*,#4536,.T.);
#6008=ORIENTED_EDGE('',*,*,#4591,.F.);
#6009=ORIENTED_EDGE('',*,*,#4345,.F.);
#6010=ORIENTED_EDGE('',*,*,#4593,.T.);
#6011=ORIENTED_EDGE('',*,*,#4482,.T.);
#6012=ORIENTED_EDGE('',*,*,#4594,.T.);
#6013=ORIENTED_EDGE('',*,*,#4381,.F.);
#6014=ORIENTED_EDGE('',*,*,#4592,.F.);
#6015=ORIENTED_EDGE('',*,*,#4537,.T.);
#6016=ORIENTED_EDGE('',*,*,#4593,.F.);
#6017=ORIENTED_EDGE('',*,*,#4344,.F.);
#6018=ORIENTED_EDGE('',*,*,#4595,.T.);
#6019=ORIENTED_EDGE('',*,*,#4481,.T.);
#6020=ORIENTED_EDGE('',*,*,#4596,.T.);
#6021=ORIENTED_EDGE('',*,*,#4382,.F.);
#6022=ORIENTED_EDGE('',*,*,#4594,.F.);
#6023=ORIENTED_EDGE('',*,*,#4538,.T.);
#6024=ORIENTED_EDGE('',*,*,#4595,.F.);
#6025=ORIENTED_EDGE('',*,*,#4343,.F.);
#6026=ORIENTED_EDGE('',*,*,#4597,.T.);
#6027=ORIENTED_EDGE('',*,*,#4480,.T.);
#6028=ORIENTED_EDGE('',*,*,#4598,.T.);
#6029=ORIENTED_EDGE('',*,*,#4383,.F.);
#6030=ORIENTED_EDGE('',*,*,#4596,.F.);
#6031=ORIENTED_EDGE('',*,*,#4539,.T.);
#6032=ORIENTED_EDGE('',*,*,#4597,.F.);
#6033=ORIENTED_EDGE('',*,*,#4342,.F.);
#6034=ORIENTED_EDGE('',*,*,#4599,.T.);
#6035=ORIENTED_EDGE('',*,*,#4479,.T.);
#6036=ORIENTED_EDGE('',*,*,#4600,.T.);
#6037=ORIENTED_EDGE('',*,*,#4384,.F.);
#6038=ORIENTED_EDGE('',*,*,#4598,.F.);
#6039=ORIENTED_EDGE('',*,*,#4540,.T.);
#6040=ORIENTED_EDGE('',*,*,#4599,.F.);
#6041=ORIENTED_EDGE('',*,*,#4341,.F.);
#6042=ORIENTED_EDGE('',*,*,#4601,.T.);
#6043=ORIENTED_EDGE('',*,*,#4478,.T.);
#6044=ORIENTED_EDGE('',*,*,#4602,.T.);
#6045=ORIENTED_EDGE('',*,*,#4385,.F.);
#6046=ORIENTED_EDGE('',*,*,#4600,.F.);
#6047=ORIENTED_EDGE('',*,*,#4541,.T.);
#6048=ORIENTED_EDGE('',*,*,#4601,.F.);
#6049=ORIENTED_EDGE('',*,*,#4340,.F.);
#6050=ORIENTED_EDGE('',*,*,#4603,.T.);
#6051=ORIENTED_EDGE('',*,*,#4477,.T.);
#6052=ORIENTED_EDGE('',*,*,#4604,.T.);
#6053=ORIENTED_EDGE('',*,*,#4386,.F.);
#6054=ORIENTED_EDGE('',*,*,#4602,.F.);
#6055=ORIENTED_EDGE('',*,*,#4542,.T.);
#6056=ORIENTED_EDGE('',*,*,#4603,.F.);
#6057=ORIENTED_EDGE('',*,*,#4339,.F.);
#6058=ORIENTED_EDGE('',*,*,#4605,.T.);
#6059=ORIENTED_EDGE('',*,*,#4476,.T.);
#6060=ORIENTED_EDGE('',*,*,#4606,.T.);
#6061=ORIENTED_EDGE('',*,*,#4387,.F.);
#6062=ORIENTED_EDGE('',*,*,#4604,.F.);
#6063=ORIENTED_EDGE('',*,*,#4543,.T.);
#6064=ORIENTED_EDGE('',*,*,#4605,.F.);
#6065=ORIENTED_EDGE('',*,*,#4338,.F.);
#6066=ORIENTED_EDGE('',*,*,#4607,.T.);
#6067=ORIENTED_EDGE('',*,*,#4475,.T.);
#6068=ORIENTED_EDGE('',*,*,#4608,.T.);
#6069=ORIENTED_EDGE('',*,*,#4388,.F.);
#6070=ORIENTED_EDGE('',*,*,#4606,.F.);
#6071=ORIENTED_EDGE('',*,*,#4544,.T.);
#6072=ORIENTED_EDGE('',*,*,#4607,.F.);
#6073=ORIENTED_EDGE('',*,*,#4337,.F.);
#6074=ORIENTED_EDGE('',*,*,#4609,.T.);
#6075=ORIENTED_EDGE('',*,*,#4474,.T.);
#6076=ORIENTED_EDGE('',*,*,#4610,.T.);
#6077=ORIENTED_EDGE('',*,*,#4389,.F.);
#6078=ORIENTED_EDGE('',*,*,#4608,.F.);
#6079=ORIENTED_EDGE('',*,*,#4545,.T.);
#6080=ORIENTED_EDGE('',*,*,#4609,.F.);
#6081=ORIENTED_EDGE('',*,*,#4336,.F.);
#6082=ORIENTED_EDGE('',*,*,#4611,.T.);
#6083=ORIENTED_EDGE('',*,*,#4473,.T.);
#6084=ORIENTED_EDGE('',*,*,#4612,.T.);
#6085=ORIENTED_EDGE('',*,*,#4390,.F.);
#6086=ORIENTED_EDGE('',*,*,#4610,.F.);
#6087=ORIENTED_EDGE('',*,*,#4546,.T.);
#6088=ORIENTED_EDGE('',*,*,#4611,.F.);
#6089=ORIENTED_EDGE('',*,*,#4335,.F.);
#6090=ORIENTED_EDGE('',*,*,#4613,.T.);
#6091=ORIENTED_EDGE('',*,*,#4472,.T.);
#6092=ORIENTED_EDGE('',*,*,#4614,.T.);
#6093=ORIENTED_EDGE('',*,*,#4391,.F.);
#6094=ORIENTED_EDGE('',*,*,#4612,.F.);
#6095=ORIENTED_EDGE('',*,*,#4547,.T.);
#6096=ORIENTED_EDGE('',*,*,#4613,.F.);
#6097=ORIENTED_EDGE('',*,*,#4334,.F.);
#6098=ORIENTED_EDGE('',*,*,#4615,.T.);
#6099=ORIENTED_EDGE('',*,*,#4471,.T.);
#6100=ORIENTED_EDGE('',*,*,#4616,.T.);
#6101=ORIENTED_EDGE('',*,*,#4392,.F.);
#6102=ORIENTED_EDGE('',*,*,#4614,.F.);
#6103=ORIENTED_EDGE('',*,*,#4548,.T.);
#6104=ORIENTED_EDGE('',*,*,#4615,.F.);
#6105=ORIENTED_EDGE('',*,*,#4333,.F.);
#6106=ORIENTED_EDGE('',*,*,#4617,.T.);
#6107=ORIENTED_EDGE('',*,*,#4470,.T.);
#6108=ORIENTED_EDGE('',*,*,#4618,.T.);
#6109=ORIENTED_EDGE('',*,*,#4393,.F.);
#6110=ORIENTED_EDGE('',*,*,#4616,.F.);
#6111=ORIENTED_EDGE('',*,*,#4549,.T.);
#6112=ORIENTED_EDGE('',*,*,#4617,.F.);
#6113=ORIENTED_EDGE('',*,*,#4332,.F.);
#6114=ORIENTED_EDGE('',*,*,#4619,.T.);
#6115=ORIENTED_EDGE('',*,*,#4469,.T.);
#6116=ORIENTED_EDGE('',*,*,#4620,.T.);
#6117=ORIENTED_EDGE('',*,*,#4394,.F.);
#6118=ORIENTED_EDGE('',*,*,#4618,.F.);
#6119=ORIENTED_EDGE('',*,*,#4550,.T.);
#6120=ORIENTED_EDGE('',*,*,#4619,.F.);
#6121=ORIENTED_EDGE('',*,*,#4331,.F.);
#6122=ORIENTED_EDGE('',*,*,#4621,.T.);
#6123=ORIENTED_EDGE('',*,*,#4468,.T.);
#6124=ORIENTED_EDGE('',*,*,#4622,.T.);
#6125=ORIENTED_EDGE('',*,*,#4395,.F.);
#6126=ORIENTED_EDGE('',*,*,#4620,.F.);
#6127=ORIENTED_EDGE('',*,*,#4551,.T.);
#6128=ORIENTED_EDGE('',*,*,#4621,.F.);
#6129=ORIENTED_EDGE('',*,*,#4330,.F.);
#6130=ORIENTED_EDGE('',*,*,#4623,.T.);
#6131=ORIENTED_EDGE('',*,*,#4467,.T.);
#6132=ORIENTED_EDGE('',*,*,#4624,.T.);
#6133=ORIENTED_EDGE('',*,*,#4396,.F.);
#6134=ORIENTED_EDGE('',*,*,#4622,.F.);
#6135=ORIENTED_EDGE('',*,*,#4552,.T.);
#6136=ORIENTED_EDGE('',*,*,#4623,.F.);
#6137=ORIENTED_EDGE('',*,*,#4329,.F.);
#6138=ORIENTED_EDGE('',*,*,#4625,.T.);
#6139=ORIENTED_EDGE('',*,*,#4466,.T.);
#6140=ORIENTED_EDGE('',*,*,#4626,.T.);
#6141=ORIENTED_EDGE('',*,*,#4397,.F.);
#6142=ORIENTED_EDGE('',*,*,#4624,.F.);
#6143=ORIENTED_EDGE('',*,*,#4553,.T.);
#6144=ORIENTED_EDGE('',*,*,#4625,.F.);
#6145=ORIENTED_EDGE('',*,*,#4328,.F.);
#6146=ORIENTED_EDGE('',*,*,#4627,.T.);
#6147=ORIENTED_EDGE('',*,*,#4465,.T.);
#6148=ORIENTED_EDGE('',*,*,#4628,.T.);
#6149=ORIENTED_EDGE('',*,*,#4398,.F.);
#6150=ORIENTED_EDGE('',*,*,#4626,.F.);
#6151=ORIENTED_EDGE('',*,*,#4554,.T.);
#6152=ORIENTED_EDGE('',*,*,#4627,.F.);
#6153=ORIENTED_EDGE('',*,*,#4327,.F.);
#6154=ORIENTED_EDGE('',*,*,#4629,.T.);
#6155=ORIENTED_EDGE('',*,*,#4464,.T.);
#6156=ORIENTED_EDGE('',*,*,#4630,.T.);
#6157=ORIENTED_EDGE('',*,*,#4399,.F.);
#6158=ORIENTED_EDGE('',*,*,#4628,.F.);
#6159=ORIENTED_EDGE('',*,*,#4555,.T.);
#6160=ORIENTED_EDGE('',*,*,#4629,.F.);
#6161=ORIENTED_EDGE('',*,*,#4326,.F.);
#6162=ORIENTED_EDGE('',*,*,#4631,.T.);
#6163=ORIENTED_EDGE('',*,*,#4463,.T.);
#6164=ORIENTED_EDGE('',*,*,#4632,.T.);
#6165=ORIENTED_EDGE('',*,*,#4400,.F.);
#6166=ORIENTED_EDGE('',*,*,#4630,.F.);
#6167=ORIENTED_EDGE('',*,*,#4556,.T.);
#6168=ORIENTED_EDGE('',*,*,#4631,.F.);
#6169=ORIENTED_EDGE('',*,*,#4325,.F.);
#6170=ORIENTED_EDGE('',*,*,#4633,.T.);
#6171=ORIENTED_EDGE('',*,*,#4462,.T.);
#6172=ORIENTED_EDGE('',*,*,#4634,.T.);
#6173=ORIENTED_EDGE('',*,*,#4401,.F.);
#6174=ORIENTED_EDGE('',*,*,#4632,.F.);
#6175=ORIENTED_EDGE('',*,*,#4557,.T.);
#6176=ORIENTED_EDGE('',*,*,#4633,.F.);
#6177=ORIENTED_EDGE('',*,*,#4324,.F.);
#6178=ORIENTED_EDGE('',*,*,#4635,.T.);
#6179=ORIENTED_EDGE('',*,*,#4461,.T.);
#6180=ORIENTED_EDGE('',*,*,#4636,.T.);
#6181=ORIENTED_EDGE('',*,*,#4402,.F.);
#6182=ORIENTED_EDGE('',*,*,#4634,.F.);
#6183=ORIENTED_EDGE('',*,*,#4460,.T.);
#6184=ORIENTED_EDGE('',*,*,#4243,.T.);
#6185=ORIENTED_EDGE('',*,*,#4202,.T.);
#6186=ORIENTED_EDGE('',*,*,#4558,.T.);
#6187=ORIENTED_EDGE('',*,*,#4635,.F.);
#6188=ORIENTED_EDGE('',*,*,#4323,.F.);
#6189=ORIENTED_EDGE('',*,*,#4637,.T.);
#6190=ORIENTED_EDGE('',*,*,#4403,.F.);
#6191=ORIENTED_EDGE('',*,*,#4636,.F.);
#6192=ORIENTED_EDGE('',*,*,#4209,.T.);
#6193=ORIENTED_EDGE('',*,*,#4638,.F.);
#6194=ORIENTED_EDGE('',*,*,#4307,.F.);
#6195=ORIENTED_EDGE('',*,*,#4639,.T.);
#6196=ORIENTED_EDGE('',*,*,#4583,.T.);
#6197=ORIENTED_EDGE('',*,*,#4640,.T.);
#6198=ORIENTED_EDGE('',*,*,#4416,.F.);
#6199=ORIENTED_EDGE('',*,*,#4641,.F.);
#6200=ORIENTED_EDGE('',*,*,#4210,.T.);
#6201=ORIENTED_EDGE('',*,*,#4639,.F.);
#6202=ORIENTED_EDGE('',*,*,#4306,.F.);
#6203=ORIENTED_EDGE('',*,*,#4642,.T.);
#6204=ORIENTED_EDGE('',*,*,#4582,.T.);
#6205=ORIENTED_EDGE('',*,*,#4643,.T.);
#6206=ORIENTED_EDGE('',*,*,#4417,.F.);
#6207=ORIENTED_EDGE('',*,*,#4640,.F.);
#6208=ORIENTED_EDGE('',*,*,#4211,.T.);
#6209=ORIENTED_EDGE('',*,*,#4642,.F.);
#6210=ORIENTED_EDGE('',*,*,#4305,.F.);
#6211=ORIENTED_EDGE('',*,*,#4644,.T.);
#6212=ORIENTED_EDGE('',*,*,#4581,.T.);
#6213=ORIENTED_EDGE('',*,*,#4645,.T.);
#6214=ORIENTED_EDGE('',*,*,#4418,.F.);
#6215=ORIENTED_EDGE('',*,*,#4643,.F.);
#6216=ORIENTED_EDGE('',*,*,#4212,.T.);
#6217=ORIENTED_EDGE('',*,*,#4644,.F.);
#6218=ORIENTED_EDGE('',*,*,#4304,.F.);
#6219=ORIENTED_EDGE('',*,*,#4646,.T.);
#6220=ORIENTED_EDGE('',*,*,#4580,.T.);
#6221=ORIENTED_EDGE('',*,*,#4647,.T.);
#6222=ORIENTED_EDGE('',*,*,#4419,.F.);
#6223=ORIENTED_EDGE('',*,*,#4645,.F.);
#6224=ORIENTED_EDGE('',*,*,#4213,.T.);
#6225=ORIENTED_EDGE('',*,*,#4646,.F.);
#6226=ORIENTED_EDGE('',*,*,#4303,.F.);
#6227=ORIENTED_EDGE('',*,*,#4648,.T.);
#6228=ORIENTED_EDGE('',*,*,#4579,.T.);
#6229=ORIENTED_EDGE('',*,*,#4649,.T.);
#6230=ORIENTED_EDGE('',*,*,#4420,.F.);
#6231=ORIENTED_EDGE('',*,*,#4647,.F.);
#6232=ORIENTED_EDGE('',*,*,#4214,.T.);
#6233=ORIENTED_EDGE('',*,*,#4648,.F.);
#6234=ORIENTED_EDGE('',*,*,#4302,.F.);
#6235=ORIENTED_EDGE('',*,*,#4650,.T.);
#6236=ORIENTED_EDGE('',*,*,#4578,.T.);
#6237=ORIENTED_EDGE('',*,*,#4651,.T.);
#6238=ORIENTED_EDGE('',*,*,#4421,.F.);
#6239=ORIENTED_EDGE('',*,*,#4649,.F.);
#6240=ORIENTED_EDGE('',*,*,#4215,.T.);
#6241=ORIENTED_EDGE('',*,*,#4650,.F.);
#6242=ORIENTED_EDGE('',*,*,#4301,.F.);
#6243=ORIENTED_EDGE('',*,*,#4652,.T.);
#6244=ORIENTED_EDGE('',*,*,#4577,.T.);
#6245=ORIENTED_EDGE('',*,*,#4653,.T.);
#6246=ORIENTED_EDGE('',*,*,#4422,.F.);
#6247=ORIENTED_EDGE('',*,*,#4651,.F.);
#6248=ORIENTED_EDGE('',*,*,#4216,.T.);
#6249=ORIENTED_EDGE('',*,*,#4652,.F.);
#6250=ORIENTED_EDGE('',*,*,#4300,.F.);
#6251=ORIENTED_EDGE('',*,*,#4654,.T.);
#6252=ORIENTED_EDGE('',*,*,#4576,.T.);
#6253=ORIENTED_EDGE('',*,*,#4655,.T.);
#6254=ORIENTED_EDGE('',*,*,#4423,.F.);
#6255=ORIENTED_EDGE('',*,*,#4653,.F.);
#6256=ORIENTED_EDGE('',*,*,#4217,.T.);
#6257=ORIENTED_EDGE('',*,*,#4654,.F.);
#6258=ORIENTED_EDGE('',*,*,#4299,.F.);
#6259=ORIENTED_EDGE('',*,*,#4656,.T.);
#6260=ORIENTED_EDGE('',*,*,#4575,.T.);
#6261=ORIENTED_EDGE('',*,*,#4657,.T.);
#6262=ORIENTED_EDGE('',*,*,#4424,.F.);
#6263=ORIENTED_EDGE('',*,*,#4655,.F.);
#6264=ORIENTED_EDGE('',*,*,#4218,.T.);
#6265=ORIENTED_EDGE('',*,*,#4656,.F.);
#6266=ORIENTED_EDGE('',*,*,#4298,.F.);
#6267=ORIENTED_EDGE('',*,*,#4658,.T.);
#6268=ORIENTED_EDGE('',*,*,#4574,.T.);
#6269=ORIENTED_EDGE('',*,*,#4659,.T.);
#6270=ORIENTED_EDGE('',*,*,#4425,.F.);
#6271=ORIENTED_EDGE('',*,*,#4657,.F.);
#6272=ORIENTED_EDGE('',*,*,#4219,.T.);
#6273=ORIENTED_EDGE('',*,*,#4658,.F.);
#6274=ORIENTED_EDGE('',*,*,#4297,.F.);
#6275=ORIENTED_EDGE('',*,*,#4660,.T.);
#6276=ORIENTED_EDGE('',*,*,#4573,.T.);
#6277=ORIENTED_EDGE('',*,*,#4661,.T.);
#6278=ORIENTED_EDGE('',*,*,#4426,.F.);
#6279=ORIENTED_EDGE('',*,*,#4659,.F.);
#6280=ORIENTED_EDGE('',*,*,#4220,.T.);
#6281=ORIENTED_EDGE('',*,*,#4660,.F.);
#6282=ORIENTED_EDGE('',*,*,#4296,.F.);
#6283=ORIENTED_EDGE('',*,*,#4662,.T.);
#6284=ORIENTED_EDGE('',*,*,#4572,.T.);
#6285=ORIENTED_EDGE('',*,*,#4663,.T.);
#6286=ORIENTED_EDGE('',*,*,#4427,.F.);
#6287=ORIENTED_EDGE('',*,*,#4661,.F.);
#6288=ORIENTED_EDGE('',*,*,#4221,.T.);
#6289=ORIENTED_EDGE('',*,*,#4662,.F.);
#6290=ORIENTED_EDGE('',*,*,#4295,.F.);
#6291=ORIENTED_EDGE('',*,*,#4664,.T.);
#6292=ORIENTED_EDGE('',*,*,#4571,.T.);
#6293=ORIENTED_EDGE('',*,*,#4665,.T.);
#6294=ORIENTED_EDGE('',*,*,#4428,.F.);
#6295=ORIENTED_EDGE('',*,*,#4663,.F.);
#6296=ORIENTED_EDGE('',*,*,#4222,.T.);
#6297=ORIENTED_EDGE('',*,*,#4664,.F.);
#6298=ORIENTED_EDGE('',*,*,#4294,.F.);
#6299=ORIENTED_EDGE('',*,*,#4666,.T.);
#6300=ORIENTED_EDGE('',*,*,#4570,.T.);
#6301=ORIENTED_EDGE('',*,*,#4667,.T.);
#6302=ORIENTED_EDGE('',*,*,#4429,.F.);
#6303=ORIENTED_EDGE('',*,*,#4665,.F.);
#6304=ORIENTED_EDGE('',*,*,#4223,.T.);
#6305=ORIENTED_EDGE('',*,*,#4666,.F.);
#6306=ORIENTED_EDGE('',*,*,#4293,.F.);
#6307=ORIENTED_EDGE('',*,*,#4668,.T.);
#6308=ORIENTED_EDGE('',*,*,#4569,.T.);
#6309=ORIENTED_EDGE('',*,*,#4669,.T.);
#6310=ORIENTED_EDGE('',*,*,#4430,.F.);
#6311=ORIENTED_EDGE('',*,*,#4667,.F.);
#6312=ORIENTED_EDGE('',*,*,#4224,.T.);
#6313=ORIENTED_EDGE('',*,*,#4668,.F.);
#6314=ORIENTED_EDGE('',*,*,#4292,.F.);
#6315=ORIENTED_EDGE('',*,*,#4670,.T.);
#6316=ORIENTED_EDGE('',*,*,#4568,.T.);
#6317=ORIENTED_EDGE('',*,*,#4671,.T.);
#6318=ORIENTED_EDGE('',*,*,#4431,.F.);
#6319=ORIENTED_EDGE('',*,*,#4669,.F.);
#6320=ORIENTED_EDGE('',*,*,#4225,.T.);
#6321=ORIENTED_EDGE('',*,*,#4670,.F.);
#6322=ORIENTED_EDGE('',*,*,#4291,.F.);
#6323=ORIENTED_EDGE('',*,*,#4672,.T.);
#6324=ORIENTED_EDGE('',*,*,#4567,.T.);
#6325=ORIENTED_EDGE('',*,*,#4673,.T.);
#6326=ORIENTED_EDGE('',*,*,#4432,.F.);
#6327=ORIENTED_EDGE('',*,*,#4671,.F.);
#6328=ORIENTED_EDGE('',*,*,#4226,.T.);
#6329=ORIENTED_EDGE('',*,*,#4672,.F.);
#6330=ORIENTED_EDGE('',*,*,#4290,.F.);
#6331=ORIENTED_EDGE('',*,*,#4674,.T.);
#6332=ORIENTED_EDGE('',*,*,#4566,.T.);
#6333=ORIENTED_EDGE('',*,*,#4675,.T.);
#6334=ORIENTED_EDGE('',*,*,#4433,.F.);
#6335=ORIENTED_EDGE('',*,*,#4673,.F.);
#6336=ORIENTED_EDGE('',*,*,#4227,.T.);
#6337=ORIENTED_EDGE('',*,*,#4674,.F.);
#6338=ORIENTED_EDGE('',*,*,#4289,.F.);
#6339=ORIENTED_EDGE('',*,*,#4676,.T.);
#6340=ORIENTED_EDGE('',*,*,#4565,.T.);
#6341=ORIENTED_EDGE('',*,*,#4677,.T.);
#6342=ORIENTED_EDGE('',*,*,#4434,.F.);
#6343=ORIENTED_EDGE('',*,*,#4675,.F.);
#6344=ORIENTED_EDGE('',*,*,#4228,.T.);
#6345=ORIENTED_EDGE('',*,*,#4676,.F.);
#6346=ORIENTED_EDGE('',*,*,#4288,.F.);
#6347=ORIENTED_EDGE('',*,*,#4678,.T.);
#6348=ORIENTED_EDGE('',*,*,#4564,.T.);
#6349=ORIENTED_EDGE('',*,*,#4679,.T.);
#6350=ORIENTED_EDGE('',*,*,#4435,.F.);
#6351=ORIENTED_EDGE('',*,*,#4677,.F.);
#6352=ORIENTED_EDGE('',*,*,#4229,.T.);
#6353=ORIENTED_EDGE('',*,*,#4678,.F.);
#6354=ORIENTED_EDGE('',*,*,#4287,.F.);
#6355=ORIENTED_EDGE('',*,*,#4680,.T.);
#6356=ORIENTED_EDGE('',*,*,#4563,.T.);
#6357=ORIENTED_EDGE('',*,*,#4681,.T.);
#6358=ORIENTED_EDGE('',*,*,#4436,.F.);
#6359=ORIENTED_EDGE('',*,*,#4679,.F.);
#6360=ORIENTED_EDGE('',*,*,#4230,.T.);
#6361=ORIENTED_EDGE('',*,*,#4680,.F.);
#6362=ORIENTED_EDGE('',*,*,#4286,.F.);
#6363=ORIENTED_EDGE('',*,*,#4682,.T.);
#6364=ORIENTED_EDGE('',*,*,#4562,.T.);
#6365=ORIENTED_EDGE('',*,*,#4683,.T.);
#6366=ORIENTED_EDGE('',*,*,#4437,.F.);
#6367=ORIENTED_EDGE('',*,*,#4681,.F.);
#6368=ORIENTED_EDGE('',*,*,#4231,.T.);
#6369=ORIENTED_EDGE('',*,*,#4682,.F.);
#6370=ORIENTED_EDGE('',*,*,#4285,.F.);
#6371=ORIENTED_EDGE('',*,*,#4684,.T.);
#6372=ORIENTED_EDGE('',*,*,#4561,.T.);
#6373=ORIENTED_EDGE('',*,*,#4685,.T.);
#6374=ORIENTED_EDGE('',*,*,#4438,.F.);
#6375=ORIENTED_EDGE('',*,*,#4683,.F.);
#6376=ORIENTED_EDGE('',*,*,#4686,.F.);
#6377=ORIENTED_EDGE('',*,*,#4411,.F.);
#6378=ORIENTED_EDGE('',*,*,#4687,.F.);
#6379=ORIENTED_EDGE('',*,*,#4312,.F.);
#6380=ORIENTED_EDGE('',*,*,#4687,.T.);
#6381=ORIENTED_EDGE('',*,*,#4410,.F.);
#6382=ORIENTED_EDGE('',*,*,#4688,.F.);
#6383=ORIENTED_EDGE('',*,*,#4313,.F.);
#6384=ORIENTED_EDGE('',*,*,#4688,.T.);
#6385=ORIENTED_EDGE('',*,*,#4409,.F.);
#6386=ORIENTED_EDGE('',*,*,#4459,.F.);
#6387=ORIENTED_EDGE('',*,*,#4314,.F.);
#6388=ORIENTED_EDGE('',*,*,#4369,.T.);
#6389=ORIENTED_EDGE('',*,*,#4407,.F.);
#6390=ORIENTED_EDGE('',*,*,#4689,.F.);
#6391=ORIENTED_EDGE('',*,*,#4319,.F.);
#6392=ORIENTED_EDGE('',*,*,#4689,.T.);
#6393=ORIENTED_EDGE('',*,*,#4406,.F.);
#6394=ORIENTED_EDGE('',*,*,#4690,.F.);
#6395=ORIENTED_EDGE('',*,*,#4320,.F.);
#6396=ORIENTED_EDGE('',*,*,#4690,.T.);
#6397=ORIENTED_EDGE('',*,*,#4405,.F.);
#6398=ORIENTED_EDGE('',*,*,#4691,.F.);
#6399=ORIENTED_EDGE('',*,*,#4321,.F.);
#6400=ORIENTED_EDGE('',*,*,#4691,.T.);
#6401=ORIENTED_EDGE('',*,*,#4404,.F.);
#6402=ORIENTED_EDGE('',*,*,#4637,.F.);
#6403=ORIENTED_EDGE('',*,*,#4322,.F.);
#6404=ORIENTED_EDGE('',*,*,#4585,.T.);
#6405=ORIENTED_EDGE('',*,*,#4205,.T.);
#6406=ORIENTED_EDGE('',*,*,#4237,.T.);
#6407=ORIENTED_EDGE('',*,*,#4588,.T.);
#6408=ORIENTED_EDGE('',*,*,#4377,.F.);
#6409=ORIENTED_EDGE('',*,*,#4692,.F.);
#6410=ORIENTED_EDGE('',*,*,#4349,.F.);
#6411=ORIENTED_EDGE('',*,*,#4692,.T.);
#6412=ORIENTED_EDGE('',*,*,#4376,.F.);
#6413=ORIENTED_EDGE('',*,*,#4693,.F.);
#6414=ORIENTED_EDGE('',*,*,#4350,.F.);
#6415=ORIENTED_EDGE('',*,*,#4693,.T.);
#6416=ORIENTED_EDGE('',*,*,#4375,.F.);
#6417=ORIENTED_EDGE('',*,*,#4694,.F.);
#6418=ORIENTED_EDGE('',*,*,#4351,.F.);
#6419=ORIENTED_EDGE('',*,*,#4694,.T.);
#6420=ORIENTED_EDGE('',*,*,#4374,.F.);
#6421=ORIENTED_EDGE('',*,*,#4695,.F.);
#6422=ORIENTED_EDGE('',*,*,#4352,.F.);
#6423=ORIENTED_EDGE('',*,*,#4695,.T.);
#6424=ORIENTED_EDGE('',*,*,#4373,.F.);
#6425=ORIENTED_EDGE('',*,*,#4696,.F.);
#6426=ORIENTED_EDGE('',*,*,#4353,.F.);
#6427=ORIENTED_EDGE('',*,*,#4696,.T.);
#6428=ORIENTED_EDGE('',*,*,#4372,.F.);
#6429=ORIENTED_EDGE('',*,*,#4697,.F.);
#6430=ORIENTED_EDGE('',*,*,#4354,.F.);
#6431=ORIENTED_EDGE('',*,*,#4697,.T.);
#6432=ORIENTED_EDGE('',*,*,#4371,.F.);
#6433=ORIENTED_EDGE('',*,*,#4698,.F.);
#6434=ORIENTED_EDGE('',*,*,#4355,.F.);
#6435=ORIENTED_EDGE('',*,*,#4698,.T.);
#6436=ORIENTED_EDGE('',*,*,#4370,.F.);
#6437=ORIENTED_EDGE('',*,*,#4269,.F.);
#6438=ORIENTED_EDGE('',*,*,#4356,.F.);
#6439=ORIENTED_EDGE('',*,*,#4255,.T.);
#6440=ORIENTED_EDGE('',*,*,#4452,.F.);
#6441=ORIENTED_EDGE('',*,*,#4699,.F.);
#6442=ORIENTED_EDGE('',*,*,#4271,.F.);
#6443=ORIENTED_EDGE('',*,*,#4699,.T.);
#6444=ORIENTED_EDGE('',*,*,#4451,.F.);
#6445=ORIENTED_EDGE('',*,*,#4700,.F.);
#6446=ORIENTED_EDGE('',*,*,#4272,.F.);
#6447=ORIENTED_EDGE('',*,*,#4700,.T.);
#6448=ORIENTED_EDGE('',*,*,#4450,.F.);
#6449=ORIENTED_EDGE('',*,*,#4701,.F.);
#6450=ORIENTED_EDGE('',*,*,#4273,.F.);
#6451=ORIENTED_EDGE('',*,*,#4701,.T.);
#6452=ORIENTED_EDGE('',*,*,#4449,.F.);
#6453=ORIENTED_EDGE('',*,*,#4702,.F.);
#6454=ORIENTED_EDGE('',*,*,#4274,.F.);
#6455=ORIENTED_EDGE('',*,*,#4702,.T.);
#6456=ORIENTED_EDGE('',*,*,#4448,.F.);
#6457=ORIENTED_EDGE('',*,*,#4703,.F.);
#6458=ORIENTED_EDGE('',*,*,#4275,.F.);
#6459=ORIENTED_EDGE('',*,*,#4703,.T.);
#6460=ORIENTED_EDGE('',*,*,#4447,.F.);
#6461=ORIENTED_EDGE('',*,*,#4704,.F.);
#6462=ORIENTED_EDGE('',*,*,#4276,.F.);
#6463=ORIENTED_EDGE('',*,*,#4704,.T.);
#6464=ORIENTED_EDGE('',*,*,#4446,.F.);
#6465=ORIENTED_EDGE('',*,*,#4705,.F.);
#6466=ORIENTED_EDGE('',*,*,#4277,.F.);
#6467=ORIENTED_EDGE('',*,*,#4705,.T.);
#6468=ORIENTED_EDGE('',*,*,#4445,.F.);
#6469=ORIENTED_EDGE('',*,*,#4706,.F.);
#6470=ORIENTED_EDGE('',*,*,#4278,.F.);
#6471=ORIENTED_EDGE('',*,*,#4706,.T.);
#6472=ORIENTED_EDGE('',*,*,#4444,.F.);
#6473=ORIENTED_EDGE('',*,*,#4707,.F.);
#6474=ORIENTED_EDGE('',*,*,#4279,.F.);
#6475=ORIENTED_EDGE('',*,*,#4707,.T.);
#6476=ORIENTED_EDGE('',*,*,#4443,.F.);
#6477=ORIENTED_EDGE('',*,*,#4708,.F.);
#6478=ORIENTED_EDGE('',*,*,#4280,.F.);
#6479=ORIENTED_EDGE('',*,*,#4708,.T.);
#6480=ORIENTED_EDGE('',*,*,#4442,.F.);
#6481=ORIENTED_EDGE('',*,*,#4709,.F.);
#6482=ORIENTED_EDGE('',*,*,#4281,.F.);
#6483=ORIENTED_EDGE('',*,*,#4709,.T.);
#6484=ORIENTED_EDGE('',*,*,#4441,.F.);
#6485=ORIENTED_EDGE('',*,*,#4710,.F.);
#6486=ORIENTED_EDGE('',*,*,#4282,.F.);
#6487=ORIENTED_EDGE('',*,*,#4710,.T.);
#6488=ORIENTED_EDGE('',*,*,#4440,.F.);
#6489=ORIENTED_EDGE('',*,*,#4711,.F.);
#6490=ORIENTED_EDGE('',*,*,#4283,.F.);
#6491=ORIENTED_EDGE('',*,*,#4711,.T.);
#6492=ORIENTED_EDGE('',*,*,#4439,.F.);
#6493=ORIENTED_EDGE('',*,*,#4685,.F.);
#6494=ORIENTED_EDGE('',*,*,#4234,.F.);
#6495=ORIENTED_EDGE('',*,*,#4684,.F.);
#6496=ORIENTED_EDGE('',*,*,#4284,.F.);
#6497=ORIENTED_EDGE('',*,*,#4584,.T.);
#6498=ORIENTED_EDGE('',*,*,#4641,.T.);
#6499=ORIENTED_EDGE('',*,*,#4415,.F.);
#6500=ORIENTED_EDGE('',*,*,#4712,.F.);
#6501=ORIENTED_EDGE('',*,*,#4308,.F.);
#6502=ORIENTED_EDGE('',*,*,#4638,.T.);
#6503=ORIENTED_EDGE('',*,*,#4208,.T.);
#6504=ORIENTED_EDGE('',*,*,#4560,.T.);
#6505=ORIENTED_EDGE('',*,*,#4712,.T.);
#6506=ORIENTED_EDGE('',*,*,#4414,.F.);
#6507=ORIENTED_EDGE('',*,*,#4713,.F.);
#6508=ORIENTED_EDGE('',*,*,#4309,.F.);
#6509=ORIENTED_EDGE('',*,*,#4713,.T.);
#6510=ORIENTED_EDGE('',*,*,#4413,.F.);
#6511=ORIENTED_EDGE('',*,*,#4714,.F.);
#6512=ORIENTED_EDGE('',*,*,#4310,.F.);
#6513=ORIENTED_EDGE('',*,*,#4714,.T.);
#6514=ORIENTED_EDGE('',*,*,#4412,.F.);
#6515=ORIENTED_EDGE('',*,*,#4686,.T.);
#6516=ORIENTED_EDGE('',*,*,#4311,.F.);
#6517=ORIENTED_EDGE('',*,*,#4715,.F.);
#6518=ORIENTED_EDGE('',*,*,#4716,.T.);
#6519=ORIENTED_EDGE('',*,*,#4717,.T.);
#6520=ORIENTED_EDGE('',*,*,#4718,.T.);
#6521=ORIENTED_EDGE('',*,*,#4715,.T.);
#6522=ORIENTED_EDGE('',*,*,#4719,.F.);
#6523=ORIENTED_EDGE('',*,*,#4720,.T.);
#6524=ORIENTED_EDGE('',*,*,#4721,.F.);
#6525=ORIENTED_EDGE('',*,*,#4722,.T.);
#6526=ORIENTED_EDGE('',*,*,#4723,.F.);
#6527=ORIENTED_EDGE('',*,*,#4724,.T.);
#6528=ORIENTED_EDGE('',*,*,#4725,.F.);
#6529=ORIENTED_EDGE('',*,*,#4718,.F.);
#6530=ORIENTED_EDGE('',*,*,#4726,.F.);
#6531=ORIENTED_EDGE('',*,*,#4727,.F.);
#6532=ORIENTED_EDGE('',*,*,#4719,.T.);
#6533=ORIENTED_EDGE('',*,*,#4720,.F.);
#6534=ORIENTED_EDGE('',*,*,#4727,.T.);
#6535=ORIENTED_EDGE('',*,*,#4728,.T.);
#6536=ORIENTED_EDGE('',*,*,#4729,.T.);
#6537=ORIENTED_EDGE('',*,*,#4722,.F.);
#6538=ORIENTED_EDGE('',*,*,#4730,.T.);
#6539=ORIENTED_EDGE('',*,*,#4731,.T.);
#6540=ORIENTED_EDGE('',*,*,#4732,.T.);
#6541=ORIENTED_EDGE('',*,*,#4732,.F.);
#6542=ORIENTED_EDGE('',*,*,#4733,.F.);
#6543=ORIENTED_EDGE('',*,*,#4734,.F.);
#6544=ORIENTED_EDGE('',*,*,#4723,.T.);
#6545=ORIENTED_EDGE('',*,*,#4724,.F.);
#6546=ORIENTED_EDGE('',*,*,#4734,.T.);
#6547=ORIENTED_EDGE('',*,*,#4735,.T.);
#6548=ORIENTED_EDGE('',*,*,#4736,.T.);
#6549=ORIENTED_EDGE('',*,*,#4716,.F.);
#6550=ORIENTED_EDGE('',*,*,#4725,.T.);
#6551=ORIENTED_EDGE('',*,*,#4736,.F.);
#6552=ORIENTED_EDGE('',*,*,#4737,.F.);
#6553=ORIENTED_EDGE('',*,*,#4729,.F.);
#6554=ORIENTED_EDGE('',*,*,#4738,.F.);
#6555=ORIENTED_EDGE('',*,*,#4730,.F.);
#6556=ORIENTED_EDGE('',*,*,#4721,.T.);
#6557=ORIENTED_EDGE('',*,*,#4739,.F.);
#6558=ORIENTED_EDGE('',*,*,#4740,.F.);
#6559=ORIENTED_EDGE('',*,*,#4741,.F.);
#6560=ORIENTED_EDGE('',*,*,#4742,.T.);
#6561=ORIENTED_EDGE('',*,*,#4743,.F.);
#6562=ORIENTED_EDGE('',*,*,#4744,.F.);
#6563=ORIENTED_EDGE('',*,*,#4745,.F.);
#6564=ORIENTED_EDGE('',*,*,#4746,.F.);
#6565=ORIENTED_EDGE('',*,*,#4740,.T.);
#6566=ORIENTED_EDGE('',*,*,#4747,.F.);
#6567=ORIENTED_EDGE('',*,*,#4748,.F.);
#6568=ORIENTED_EDGE('',*,*,#4749,.F.);
#6569=ORIENTED_EDGE('',*,*,#4750,.F.);
#6570=ORIENTED_EDGE('',*,*,#4741,.T.);
#6571=ORIENTED_EDGE('',*,*,#4750,.T.);
#6572=ORIENTED_EDGE('',*,*,#4751,.T.);
#6573=ORIENTED_EDGE('',*,*,#4752,.T.);
#6574=ORIENTED_EDGE('',*,*,#4753,.T.);
#6575=ORIENTED_EDGE('',*,*,#4754,.T.);
#6576=ORIENTED_EDGE('',*,*,#4755,.T.);
#6577=ORIENTED_EDGE('',*,*,#4756,.T.);
#6578=ORIENTED_EDGE('',*,*,#4757,.T.);
#6579=ORIENTED_EDGE('',*,*,#4758,.T.);
#6580=ORIENTED_EDGE('',*,*,#4759,.T.);
#6581=ORIENTED_EDGE('',*,*,#4760,.T.);
#6582=ORIENTED_EDGE('',*,*,#4761,.T.);
#6583=ORIENTED_EDGE('',*,*,#4762,.T.);
#6584=ORIENTED_EDGE('',*,*,#4763,.T.);
#6585=ORIENTED_EDGE('',*,*,#4764,.T.);
#6586=ORIENTED_EDGE('',*,*,#4765,.T.);
#6587=ORIENTED_EDGE('',*,*,#4766,.T.);
#6588=ORIENTED_EDGE('',*,*,#4767,.T.);
#6589=ORIENTED_EDGE('',*,*,#4768,.T.);
#6590=ORIENTED_EDGE('',*,*,#4769,.T.);
#6591=ORIENTED_EDGE('',*,*,#4770,.T.);
#6592=ORIENTED_EDGE('',*,*,#4771,.T.);
#6593=ORIENTED_EDGE('',*,*,#4772,.T.);
#6594=ORIENTED_EDGE('',*,*,#4773,.T.);
#6595=ORIENTED_EDGE('',*,*,#4774,.T.);
#6596=ORIENTED_EDGE('',*,*,#4775,.T.);
#6597=ORIENTED_EDGE('',*,*,#4776,.T.);
#6598=ORIENTED_EDGE('',*,*,#4777,.T.);
#6599=ORIENTED_EDGE('',*,*,#4778,.T.);
#6600=ORIENTED_EDGE('',*,*,#4779,.T.);
#6601=ORIENTED_EDGE('',*,*,#4745,.T.);
#6602=ORIENTED_EDGE('',*,*,#4780,.T.);
#6603=ORIENTED_EDGE('',*,*,#4781,.F.);
#6604=ORIENTED_EDGE('',*,*,#4782,.T.);
#6605=ORIENTED_EDGE('',*,*,#4783,.T.);
#6606=ORIENTED_EDGE('',*,*,#4784,.F.);
#6607=ORIENTED_EDGE('',*,*,#4785,.T.);
#6608=ORIENTED_EDGE('',*,*,#4786,.T.);
#6609=ORIENTED_EDGE('',*,*,#4787,.F.);
#6610=ORIENTED_EDGE('',*,*,#4788,.T.);
#6611=ORIENTED_EDGE('',*,*,#4789,.T.);
#6612=ORIENTED_EDGE('',*,*,#4790,.F.);
#6613=ORIENTED_EDGE('',*,*,#4791,.T.);
#6614=ORIENTED_EDGE('',*,*,#4733,.T.);
#6615=ORIENTED_EDGE('',*,*,#4731,.F.);
#6616=ORIENTED_EDGE('',*,*,#4738,.T.);
#6617=ORIENTED_EDGE('',*,*,#4728,.F.);
#6618=ORIENTED_EDGE('',*,*,#4726,.T.);
#6619=ORIENTED_EDGE('',*,*,#4717,.F.);
#6620=ORIENTED_EDGE('',*,*,#4737,.T.);
#6621=ORIENTED_EDGE('',*,*,#4735,.F.);
#6622=ORIENTED_EDGE('',*,*,#4792,.T.);
#6623=ORIENTED_EDGE('',*,*,#4793,.F.);
#6624=ORIENTED_EDGE('',*,*,#4794,.T.);
#6625=ORIENTED_EDGE('',*,*,#4795,.F.);
#6626=ORIENTED_EDGE('',*,*,#4796,.T.);
#6627=ORIENTED_EDGE('',*,*,#4797,.F.);
#6628=ORIENTED_EDGE('',*,*,#4798,.T.);
#6629=ORIENTED_EDGE('',*,*,#4799,.F.);
#6630=ORIENTED_EDGE('',*,*,#4800,.T.);
#6631=ORIENTED_EDGE('',*,*,#4801,.F.);
#6632=ORIENTED_EDGE('',*,*,#4802,.T.);
#6633=ORIENTED_EDGE('',*,*,#4803,.F.);
#6634=ORIENTED_EDGE('',*,*,#4804,.T.);
#6635=ORIENTED_EDGE('',*,*,#4805,.F.);
#6636=ORIENTED_EDGE('',*,*,#4806,.T.);
#6637=ORIENTED_EDGE('',*,*,#4807,.F.);
#6638=ORIENTED_EDGE('',*,*,#4808,.T.);
#6639=ORIENTED_EDGE('',*,*,#4809,.F.);
#6640=ORIENTED_EDGE('',*,*,#4810,.T.);
#6641=ORIENTED_EDGE('',*,*,#4748,.T.);
#6642=ORIENTED_EDGE('',*,*,#4811,.F.);
#6643=ORIENTED_EDGE('',*,*,#4812,.F.);
#6644=ORIENTED_EDGE('',*,*,#4813,.F.);
#6645=ORIENTED_EDGE('',*,*,#4814,.F.);
#6646=ORIENTED_EDGE('',*,*,#4815,.F.);
#6647=ORIENTED_EDGE('',*,*,#4816,.F.);
#6648=ORIENTED_EDGE('',*,*,#4817,.F.);
#6649=ORIENTED_EDGE('',*,*,#4818,.F.);
#6650=ORIENTED_EDGE('',*,*,#4792,.F.);
#6651=ORIENTED_EDGE('',*,*,#4819,.T.);
#6652=ORIENTED_EDGE('',*,*,#4820,.F.);
#6653=ORIENTED_EDGE('',*,*,#4821,.T.);
#6654=ORIENTED_EDGE('',*,*,#4822,.T.);
#6655=ORIENTED_EDGE('',*,*,#4823,.T.);
#6656=ORIENTED_EDGE('',*,*,#4824,.T.);
#6657=ORIENTED_EDGE('',*,*,#4818,.T.);
#6658=ORIENTED_EDGE('',*,*,#4825,.F.);
#6659=ORIENTED_EDGE('',*,*,#4826,.F.);
#6660=ORIENTED_EDGE('',*,*,#4827,.T.);
#6661=ORIENTED_EDGE('',*,*,#4761,.F.);
#6662=ORIENTED_EDGE('',*,*,#4828,.T.);
#6663=ORIENTED_EDGE('',*,*,#4793,.T.);
#6664=ORIENTED_EDGE('',*,*,#4829,.F.);
#6665=ORIENTED_EDGE('',*,*,#4830,.F.);
#6666=ORIENTED_EDGE('',*,*,#4831,.F.);
#6667=ORIENTED_EDGE('',*,*,#4832,.T.);
#6668=ORIENTED_EDGE('',*,*,#4833,.F.);
#6669=ORIENTED_EDGE('',*,*,#4834,.F.);
#6670=ORIENTED_EDGE('',*,*,#4835,.T.);
#6671=ORIENTED_EDGE('',*,*,#4836,.T.);
#6672=ORIENTED_EDGE('',*,*,#4837,.T.);
#6673=ORIENTED_EDGE('',*,*,#4838,.F.);
#6674=ORIENTED_EDGE('',*,*,#4839,.T.);
#6675=ORIENTED_EDGE('',*,*,#4840,.T.);
#6676=ORIENTED_EDGE('',*,*,#4841,.T.);
#6677=ORIENTED_EDGE('',*,*,#4842,.F.);
#6678=ORIENTED_EDGE('',*,*,#4843,.T.);
#6679=ORIENTED_EDGE('',*,*,#4844,.T.);
#6680=ORIENTED_EDGE('',*,*,#4845,.T.);
#6681=ORIENTED_EDGE('',*,*,#4846,.F.);
#6682=ORIENTED_EDGE('',*,*,#4847,.T.);
#6683=ORIENTED_EDGE('',*,*,#4848,.T.);
#6684=ORIENTED_EDGE('',*,*,#4849,.T.);
#6685=ORIENTED_EDGE('',*,*,#4808,.F.);
#6686=ORIENTED_EDGE('',*,*,#4850,.F.);
#6687=ORIENTED_EDGE('',*,*,#4851,.F.);
#6688=ORIENTED_EDGE('',*,*,#4852,.F.);
#6689=ORIENTED_EDGE('',*,*,#4804,.F.);
#6690=ORIENTED_EDGE('',*,*,#4853,.F.);
#6691=ORIENTED_EDGE('',*,*,#4854,.F.);
#6692=ORIENTED_EDGE('',*,*,#4855,.F.);
#6693=ORIENTED_EDGE('',*,*,#4800,.F.);
#6694=ORIENTED_EDGE('',*,*,#4856,.F.);
#6695=ORIENTED_EDGE('',*,*,#4857,.F.);
#6696=ORIENTED_EDGE('',*,*,#4858,.F.);
#6697=ORIENTED_EDGE('',*,*,#4796,.F.);
#6698=ORIENTED_EDGE('',*,*,#4859,.F.);
#6699=ORIENTED_EDGE('',*,*,#4860,.F.);
#6700=ORIENTED_EDGE('',*,*,#4861,.F.);
#6701=ORIENTED_EDGE('',*,*,#4862,.F.);
#6702=ORIENTED_EDGE('',*,*,#4863,.F.);
#6703=ORIENTED_EDGE('',*,*,#4864,.F.);
#6704=ORIENTED_EDGE('',*,*,#4865,.T.);
#6705=ORIENTED_EDGE('',*,*,#4866,.T.);
#6706=ORIENTED_EDGE('',*,*,#4826,.T.);
#6707=ORIENTED_EDGE('',*,*,#4867,.F.);
#6708=ORIENTED_EDGE('',*,*,#4868,.T.);
#6709=ORIENTED_EDGE('',*,*,#4869,.T.);
#6710=ORIENTED_EDGE('',*,*,#4870,.T.);
#6711=ORIENTED_EDGE('',*,*,#4871,.T.);
#6712=ORIENTED_EDGE('',*,*,#4815,.T.);
#6713=ORIENTED_EDGE('',*,*,#4872,.F.);
#6714=ORIENTED_EDGE('',*,*,#4873,.F.);
#6715=ORIENTED_EDGE('',*,*,#4813,.T.);
#6716=ORIENTED_EDGE('',*,*,#4874,.T.);
#6717=ORIENTED_EDGE('',*,*,#4875,.F.);
#6718=ORIENTED_EDGE('',*,*,#4876,.T.);
#6719=ORIENTED_EDGE('',*,*,#4877,.T.);
#6720=ORIENTED_EDGE('',*,*,#4878,.F.);
#6721=ORIENTED_EDGE('',*,*,#4879,.T.);
#6722=ORIENTED_EDGE('',*,*,#4880,.F.);
#6723=ORIENTED_EDGE('',*,*,#4881,.T.);
#6724=ORIENTED_EDGE('',*,*,#4882,.F.);
#6725=ORIENTED_EDGE('',*,*,#4821,.F.);
#6726=ORIENTED_EDGE('',*,*,#4883,.T.);
#6727=ORIENTED_EDGE('',*,*,#4812,.T.);
#6728=ORIENTED_EDGE('',*,*,#4884,.T.);
#6729=ORIENTED_EDGE('',*,*,#4885,.T.);
#6730=ORIENTED_EDGE('',*,*,#4865,.F.);
#6731=ORIENTED_EDGE('',*,*,#4886,.T.);
#6732=ORIENTED_EDGE('',*,*,#4874,.F.);
#6733=ORIENTED_EDGE('',*,*,#4887,.F.);
#6734=ORIENTED_EDGE('',*,*,#4888,.F.);
#6735=ORIENTED_EDGE('',*,*,#4889,.F.);
#6736=ORIENTED_EDGE('',*,*,#4890,.T.);
#6737=ORIENTED_EDGE('',*,*,#4891,.F.);
#6738=ORIENTED_EDGE('',*,*,#4890,.F.);
#6739=ORIENTED_EDGE('',*,*,#4892,.F.);
#6740=ORIENTED_EDGE('',*,*,#4854,.T.);
#6741=ORIENTED_EDGE('',*,*,#4893,.F.);
#6742=ORIENTED_EDGE('',*,*,#4894,.F.);
#6743=ORIENTED_EDGE('',*,*,#4895,.T.);
#6744=ORIENTED_EDGE('',*,*,#4896,.F.);
#6745=ORIENTED_EDGE('',*,*,#4897,.F.);
#6746=ORIENTED_EDGE('',*,*,#4898,.F.);
#6747=ORIENTED_EDGE('',*,*,#4897,.T.);
#6748=ORIENTED_EDGE('',*,*,#4899,.F.);
#6749=ORIENTED_EDGE('',*,*,#4758,.F.);
#6750=ORIENTED_EDGE('',*,*,#4900,.F.);
#6751=ORIENTED_EDGE('',*,*,#4901,.T.);
#6752=ORIENTED_EDGE('',*,*,#4902,.F.);
#6753=ORIENTED_EDGE('',*,*,#4764,.F.);
#6754=ORIENTED_EDGE('',*,*,#4903,.T.);
#6755=ORIENTED_EDGE('',*,*,#4904,.F.);
#6756=ORIENTED_EDGE('',*,*,#4905,.T.);
#6757=ORIENTED_EDGE('',*,*,#4836,.F.);
#6758=ORIENTED_EDGE('',*,*,#4906,.T.);
#6759=ORIENTED_EDGE('',*,*,#4907,.T.);
#6760=ORIENTED_EDGE('',*,*,#4908,.T.);
#6761=ORIENTED_EDGE('',*,*,#4907,.F.);
#6762=ORIENTED_EDGE('',*,*,#4909,.T.);
#6763=ORIENTED_EDGE('',*,*,#4910,.T.);
#6764=ORIENTED_EDGE('',*,*,#4911,.T.);
#6765=ORIENTED_EDGE('',*,*,#4910,.F.);
#6766=ORIENTED_EDGE('',*,*,#4912,.T.);
#6767=ORIENTED_EDGE('',*,*,#4913,.T.);
#6768=ORIENTED_EDGE('',*,*,#4914,.T.);
#6769=ORIENTED_EDGE('',*,*,#4776,.F.);
#6770=ORIENTED_EDGE('',*,*,#4915,.T.);
#6771=ORIENTED_EDGE('',*,*,#4913,.F.);
#6772=ORIENTED_EDGE('',*,*,#4916,.T.);
#6773=ORIENTED_EDGE('',*,*,#4851,.T.);
#6774=ORIENTED_EDGE('',*,*,#4917,.F.);
#6775=ORIENTED_EDGE('',*,*,#4918,.F.);
#6776=ORIENTED_EDGE('',*,*,#4919,.F.);
#6777=ORIENTED_EDGE('',*,*,#4918,.T.);
#6778=ORIENTED_EDGE('',*,*,#4920,.F.);
#6779=ORIENTED_EDGE('',*,*,#4832,.F.);
#6780=ORIENTED_EDGE('',*,*,#4921,.F.);
#6781=ORIENTED_EDGE('',*,*,#4922,.T.);
#6782=ORIENTED_EDGE('',*,*,#4753,.F.);
#6783=ORIENTED_EDGE('',*,*,#4923,.F.);
#6784=ORIENTED_EDGE('',*,*,#4830,.T.);
#6785=ORIENTED_EDGE('',*,*,#4924,.F.);
#6786=ORIENTED_EDGE('',*,*,#4925,.F.);
#6787=ORIENTED_EDGE('',*,*,#4888,.T.);
#6788=ORIENTED_EDGE('',*,*,#4860,.T.);
#6789=ORIENTED_EDGE('',*,*,#4926,.F.);
#6790=ORIENTED_EDGE('',*,*,#4927,.F.);
#6791=ORIENTED_EDGE('',*,*,#4928,.F.);
#6792=ORIENTED_EDGE('',*,*,#4927,.T.);
#6793=ORIENTED_EDGE('',*,*,#4929,.F.);
#6794=ORIENTED_EDGE('',*,*,#4930,.F.);
#6795=ORIENTED_EDGE('',*,*,#4931,.F.);
#6796=ORIENTED_EDGE('',*,*,#4930,.T.);
#6797=ORIENTED_EDGE('',*,*,#4932,.F.);
#6798=ORIENTED_EDGE('',*,*,#4901,.F.);
#6799=ORIENTED_EDGE('',*,*,#4933,.F.);
#6800=ORIENTED_EDGE('',*,*,#4934,.F.);
#6801=ORIENTED_EDGE('',*,*,#4935,.F.);
#6802=ORIENTED_EDGE('',*,*,#4857,.T.);
#6803=ORIENTED_EDGE('',*,*,#4936,.F.);
#6804=ORIENTED_EDGE('',*,*,#4895,.F.);
#6805=ORIENTED_EDGE('',*,*,#4840,.F.);
#6806=ORIENTED_EDGE('',*,*,#4937,.T.);
#6807=ORIENTED_EDGE('',*,*,#4938,.T.);
#6808=ORIENTED_EDGE('',*,*,#4939,.T.);
#6809=ORIENTED_EDGE('',*,*,#4938,.F.);
#6810=ORIENTED_EDGE('',*,*,#4940,.T.);
#6811=ORIENTED_EDGE('',*,*,#4941,.T.);
#6812=ORIENTED_EDGE('',*,*,#4942,.T.);
#6813=ORIENTED_EDGE('',*,*,#4941,.F.);
#6814=ORIENTED_EDGE('',*,*,#4943,.T.);
#6815=ORIENTED_EDGE('',*,*,#4944,.T.);
#6816=ORIENTED_EDGE('',*,*,#4945,.T.);
#6817=ORIENTED_EDGE('',*,*,#4772,.F.);
#6818=ORIENTED_EDGE('',*,*,#4946,.T.);
#6819=ORIENTED_EDGE('',*,*,#4944,.F.);
#6820=ORIENTED_EDGE('',*,*,#4947,.T.);
#6821=ORIENTED_EDGE('',*,*,#4848,.F.);
#6822=ORIENTED_EDGE('',*,*,#4948,.T.);
#6823=ORIENTED_EDGE('',*,*,#4949,.T.);
#6824=ORIENTED_EDGE('',*,*,#4950,.T.);
#6825=ORIENTED_EDGE('',*,*,#4949,.F.);
#6826=ORIENTED_EDGE('',*,*,#4951,.T.);
#6827=ORIENTED_EDGE('',*,*,#4952,.T.);
#6828=ORIENTED_EDGE('',*,*,#4953,.T.);
#6829=ORIENTED_EDGE('',*,*,#4952,.F.);
#6830=ORIENTED_EDGE('',*,*,#4954,.T.);
#6831=ORIENTED_EDGE('',*,*,#4904,.T.);
#6832=ORIENTED_EDGE('',*,*,#4955,.T.);
#6833=ORIENTED_EDGE('',*,*,#4844,.F.);
#6834=ORIENTED_EDGE('',*,*,#4956,.T.);
#6835=ORIENTED_EDGE('',*,*,#4957,.T.);
#6836=ORIENTED_EDGE('',*,*,#4958,.T.);
#6837=ORIENTED_EDGE('',*,*,#4957,.F.);
#6838=ORIENTED_EDGE('',*,*,#4959,.T.);
#6839=ORIENTED_EDGE('',*,*,#4960,.T.);
#6840=ORIENTED_EDGE('',*,*,#4961,.T.);
#6841=ORIENTED_EDGE('',*,*,#4960,.F.);
#6842=ORIENTED_EDGE('',*,*,#4962,.T.);
#6843=ORIENTED_EDGE('',*,*,#4963,.T.);
#6844=ORIENTED_EDGE('',*,*,#4964,.T.);
#6845=ORIENTED_EDGE('',*,*,#4768,.F.);
#6846=ORIENTED_EDGE('',*,*,#4965,.T.);
#6847=ORIENTED_EDGE('',*,*,#4963,.F.);
#6848=ORIENTED_EDGE('',*,*,#4966,.T.);
#6849=ORIENTED_EDGE('',*,*,#4739,.T.);
#6850=ORIENTED_EDGE('',*,*,#4967,.F.);
#6851=ORIENTED_EDGE('',*,*,#4743,.T.);
#6852=ORIENTED_EDGE('',*,*,#4968,.T.);
#6853=ORIENTED_EDGE('',*,*,#4969,.T.);
#6854=ORIENTED_EDGE('',*,*,#4884,.F.);
#6855=ORIENTED_EDGE('',*,*,#4811,.T.);
#6856=ORIENTED_EDGE('',*,*,#4747,.T.);
#6857=ORIENTED_EDGE('',*,*,#4873,.T.);
#6858=ORIENTED_EDGE('',*,*,#4970,.T.);
#6859=ORIENTED_EDGE('',*,*,#4971,.F.);
#6860=ORIENTED_EDGE('',*,*,#4972,.T.);
#6861=ORIENTED_EDGE('',*,*,#4934,.T.);
#6862=ORIENTED_EDGE('',*,*,#4894,.T.);
#6863=ORIENTED_EDGE('',*,*,#4898,.T.);
#6864=ORIENTED_EDGE('',*,*,#4973,.T.);
#6865=ORIENTED_EDGE('',*,*,#4754,.F.);
#6866=ORIENTED_EDGE('',*,*,#4922,.F.);
#6867=ORIENTED_EDGE('',*,*,#4829,.T.);
#6868=ORIENTED_EDGE('',*,*,#4974,.F.);
#6869=ORIENTED_EDGE('',*,*,#4868,.F.);
#6870=ORIENTED_EDGE('',*,*,#4975,.T.);
#6871=ORIENTED_EDGE('',*,*,#4924,.T.);
#6872=ORIENTED_EDGE('',*,*,#4887,.T.);
#6873=ORIENTED_EDGE('',*,*,#4891,.T.);
#6874=ORIENTED_EDGE('',*,*,#4976,.T.);
#6875=ORIENTED_EDGE('',*,*,#4977,.F.);
#6876=ORIENTED_EDGE('',*,*,#4970,.F.);
#6877=ORIENTED_EDGE('',*,*,#4978,.T.);
#6878=ORIENTED_EDGE('',*,*,#4979,.T.);
#6879=ORIENTED_EDGE('',*,*,#4980,.T.);
#6880=ORIENTED_EDGE('',*,*,#4971,.T.);
#6881=ORIENTED_EDGE('',*,*,#4977,.T.);
#6882=ORIENTED_EDGE('',*,*,#4981,.T.);
#6883=ORIENTED_EDGE('',*,*,#4849,.F.);
#6884=ORIENTED_EDGE('',*,*,#4950,.F.);
#6885=ORIENTED_EDGE('',*,*,#4953,.F.);
#6886=ORIENTED_EDGE('',*,*,#4955,.F.);
#6887=ORIENTED_EDGE('',*,*,#4903,.F.);
#6888=ORIENTED_EDGE('',*,*,#4763,.F.);
#6889=ORIENTED_EDGE('',*,*,#4847,.F.);
#6890=ORIENTED_EDGE('',*,*,#4982,.F.);
#6891=ORIENTED_EDGE('',*,*,#4765,.F.);
#6892=ORIENTED_EDGE('',*,*,#4905,.F.);
#6893=ORIENTED_EDGE('',*,*,#4954,.F.);
#6894=ORIENTED_EDGE('',*,*,#4951,.F.);
#6895=ORIENTED_EDGE('',*,*,#4948,.F.);
#6896=ORIENTED_EDGE('',*,*,#4983,.T.);
#6897=ORIENTED_EDGE('',*,*,#4845,.F.);
#6898=ORIENTED_EDGE('',*,*,#4958,.F.);
#6899=ORIENTED_EDGE('',*,*,#4961,.F.);
#6900=ORIENTED_EDGE('',*,*,#4964,.F.);
#6901=ORIENTED_EDGE('',*,*,#4965,.F.);
#6902=ORIENTED_EDGE('',*,*,#4767,.F.);
#6903=ORIENTED_EDGE('',*,*,#4843,.F.);
#6904=ORIENTED_EDGE('',*,*,#4984,.F.);
#6905=ORIENTED_EDGE('',*,*,#4769,.F.);
#6906=ORIENTED_EDGE('',*,*,#4966,.F.);
#6907=ORIENTED_EDGE('',*,*,#4962,.F.);
#6908=ORIENTED_EDGE('',*,*,#4959,.F.);
#6909=ORIENTED_EDGE('',*,*,#4956,.F.);
#6910=ORIENTED_EDGE('',*,*,#4985,.T.);
#6911=ORIENTED_EDGE('',*,*,#4841,.F.);
#6912=ORIENTED_EDGE('',*,*,#4939,.F.);
#6913=ORIENTED_EDGE('',*,*,#4942,.F.);
#6914=ORIENTED_EDGE('',*,*,#4945,.F.);
#6915=ORIENTED_EDGE('',*,*,#4946,.F.);
#6916=ORIENTED_EDGE('',*,*,#4771,.F.);
#6917=ORIENTED_EDGE('',*,*,#4839,.F.);
#6918=ORIENTED_EDGE('',*,*,#4986,.F.);
#6919=ORIENTED_EDGE('',*,*,#4987,.F.);
#6920=ORIENTED_EDGE('',*,*,#4773,.F.);
#6921=ORIENTED_EDGE('',*,*,#4947,.F.);
#6922=ORIENTED_EDGE('',*,*,#4943,.F.);
#6923=ORIENTED_EDGE('',*,*,#4940,.F.);
#6924=ORIENTED_EDGE('',*,*,#4937,.F.);
#6925=ORIENTED_EDGE('',*,*,#4774,.F.);
#6926=ORIENTED_EDGE('',*,*,#4987,.T.);
#6927=ORIENTED_EDGE('',*,*,#4988,.F.);
#6928=ORIENTED_EDGE('',*,*,#4989,.F.);
#6929=ORIENTED_EDGE('',*,*,#4990,.T.);
#6930=ORIENTED_EDGE('',*,*,#4837,.F.);
#6931=ORIENTED_EDGE('',*,*,#4908,.F.);
#6932=ORIENTED_EDGE('',*,*,#4911,.F.);
#6933=ORIENTED_EDGE('',*,*,#4914,.F.);
#6934=ORIENTED_EDGE('',*,*,#4915,.F.);
#6935=ORIENTED_EDGE('',*,*,#4775,.F.);
#6936=ORIENTED_EDGE('',*,*,#4989,.T.);
#6937=ORIENTED_EDGE('',*,*,#4835,.F.);
#6938=ORIENTED_EDGE('',*,*,#4991,.T.);
#6939=ORIENTED_EDGE('',*,*,#4992,.F.);
#6940=ORIENTED_EDGE('',*,*,#4777,.F.);
#6941=ORIENTED_EDGE('',*,*,#4916,.F.);
#6942=ORIENTED_EDGE('',*,*,#4912,.F.);
#6943=ORIENTED_EDGE('',*,*,#4909,.F.);
#6944=ORIENTED_EDGE('',*,*,#4906,.F.);
#6945=ORIENTED_EDGE('',*,*,#4778,.F.);
#6946=ORIENTED_EDGE('',*,*,#4992,.T.);
#6947=ORIENTED_EDGE('',*,*,#4993,.F.);
#6948=ORIENTED_EDGE('',*,*,#4994,.F.);
#6949=ORIENTED_EDGE('',*,*,#4746,.T.);
#6950=ORIENTED_EDGE('',*,*,#4779,.F.);
#6951=ORIENTED_EDGE('',*,*,#4994,.T.);
#6952=ORIENTED_EDGE('',*,*,#4995,.F.);
#6953=ORIENTED_EDGE('',*,*,#4968,.F.);
#6954=ORIENTED_EDGE('',*,*,#4974,.T.);
#6955=ORIENTED_EDGE('',*,*,#4833,.T.);
#6956=ORIENTED_EDGE('',*,*,#4920,.T.);
#6957=ORIENTED_EDGE('',*,*,#4917,.T.);
#6958=ORIENTED_EDGE('',*,*,#4850,.T.);
#6959=ORIENTED_EDGE('',*,*,#4807,.T.);
#6960=ORIENTED_EDGE('',*,*,#4996,.F.);
#6961=ORIENTED_EDGE('',*,*,#4869,.F.);
#6962=ORIENTED_EDGE('',*,*,#4853,.T.);
#6963=ORIENTED_EDGE('',*,*,#4803,.T.);
#6964=ORIENTED_EDGE('',*,*,#4997,.F.);
#6965=ORIENTED_EDGE('',*,*,#4978,.F.);
#6966=ORIENTED_EDGE('',*,*,#4976,.F.);
#6967=ORIENTED_EDGE('',*,*,#4893,.T.);
#6968=ORIENTED_EDGE('',*,*,#4979,.F.);
#6969=ORIENTED_EDGE('',*,*,#4997,.T.);
#6970=ORIENTED_EDGE('',*,*,#4802,.F.);
#6971=ORIENTED_EDGE('',*,*,#4998,.F.);
#6972=ORIENTED_EDGE('',*,*,#4856,.T.);
#6973=ORIENTED_EDGE('',*,*,#4799,.T.);
#6974=ORIENTED_EDGE('',*,*,#4999,.F.);
#6975=ORIENTED_EDGE('',*,*,#4755,.F.);
#6976=ORIENTED_EDGE('',*,*,#4973,.F.);
#6977=ORIENTED_EDGE('',*,*,#4899,.T.);
#6978=ORIENTED_EDGE('',*,*,#4896,.T.);
#6979=ORIENTED_EDGE('',*,*,#4936,.T.);
#6980=ORIENTED_EDGE('',*,*,#4756,.F.);
#6981=ORIENTED_EDGE('',*,*,#4999,.T.);
#6982=ORIENTED_EDGE('',*,*,#4798,.F.);
#6983=ORIENTED_EDGE('',*,*,#5000,.F.);
#6984=ORIENTED_EDGE('',*,*,#4859,.T.);
#6985=ORIENTED_EDGE('',*,*,#4795,.T.);
#6986=ORIENTED_EDGE('',*,*,#5001,.F.);
#6987=ORIENTED_EDGE('',*,*,#4759,.F.);
#6988=ORIENTED_EDGE('',*,*,#4902,.T.);
#6989=ORIENTED_EDGE('',*,*,#4932,.T.);
#6990=ORIENTED_EDGE('',*,*,#4929,.T.);
#6991=ORIENTED_EDGE('',*,*,#4926,.T.);
#6992=ORIENTED_EDGE('',*,*,#4760,.F.);
#6993=ORIENTED_EDGE('',*,*,#5001,.T.);
#6994=ORIENTED_EDGE('',*,*,#4794,.F.);
#6995=ORIENTED_EDGE('',*,*,#4828,.F.);
#6996=ORIENTED_EDGE('',*,*,#4762,.F.);
#6997=ORIENTED_EDGE('',*,*,#4827,.F.);
#6998=ORIENTED_EDGE('',*,*,#4866,.F.);
#6999=ORIENTED_EDGE('',*,*,#4885,.F.);
#7000=ORIENTED_EDGE('',*,*,#4969,.F.);
#7001=ORIENTED_EDGE('',*,*,#4995,.T.);
#7002=ORIENTED_EDGE('',*,*,#4993,.T.);
#7003=ORIENTED_EDGE('',*,*,#4991,.F.);
#7004=ORIENTED_EDGE('',*,*,#4834,.T.);
#7005=ORIENTED_EDGE('',*,*,#4990,.F.);
#7006=ORIENTED_EDGE('',*,*,#4988,.T.);
#7007=ORIENTED_EDGE('',*,*,#4986,.T.);
#7008=ORIENTED_EDGE('',*,*,#4838,.T.);
#7009=ORIENTED_EDGE('',*,*,#4985,.F.);
#7010=ORIENTED_EDGE('',*,*,#4770,.F.);
#7011=ORIENTED_EDGE('',*,*,#4984,.T.);
#7012=ORIENTED_EDGE('',*,*,#4842,.T.);
#7013=ORIENTED_EDGE('',*,*,#4983,.F.);
#7014=ORIENTED_EDGE('',*,*,#4766,.F.);
#7015=ORIENTED_EDGE('',*,*,#4982,.T.);
#7016=ORIENTED_EDGE('',*,*,#4846,.T.);
#7017=ORIENTED_EDGE('',*,*,#4981,.F.);
#7018=ORIENTED_EDGE('',*,*,#4751,.F.);
#7019=ORIENTED_EDGE('',*,*,#4749,.T.);
#7020=ORIENTED_EDGE('',*,*,#4810,.F.);
#7021=ORIENTED_EDGE('',*,*,#5002,.F.);
#7022=ORIENTED_EDGE('',*,*,#4797,.T.);
#7023=ORIENTED_EDGE('',*,*,#4861,.T.);
#7024=ORIENTED_EDGE('',*,*,#4928,.T.);
#7025=ORIENTED_EDGE('',*,*,#4931,.T.);
#7026=ORIENTED_EDGE('',*,*,#4933,.T.);
#7027=ORIENTED_EDGE('',*,*,#4900,.T.);
#7028=ORIENTED_EDGE('',*,*,#4757,.F.);
#7029=ORIENTED_EDGE('',*,*,#5000,.T.);
#7030=ORIENTED_EDGE('',*,*,#4809,.T.);
#7031=ORIENTED_EDGE('',*,*,#4852,.T.);
#7032=ORIENTED_EDGE('',*,*,#4919,.T.);
#7033=ORIENTED_EDGE('',*,*,#4921,.T.);
#7034=ORIENTED_EDGE('',*,*,#4831,.T.);
#7035=ORIENTED_EDGE('',*,*,#4923,.T.);
#7036=ORIENTED_EDGE('',*,*,#4752,.F.);
#7037=ORIENTED_EDGE('',*,*,#5002,.T.);
#7038=ORIENTED_EDGE('',*,*,#4870,.F.);
#7039=ORIENTED_EDGE('',*,*,#4996,.T.);
#7040=ORIENTED_EDGE('',*,*,#4806,.F.);
#7041=ORIENTED_EDGE('',*,*,#5003,.F.);
#7042=ORIENTED_EDGE('',*,*,#4801,.T.);
#7043=ORIENTED_EDGE('',*,*,#4858,.T.);
#7044=ORIENTED_EDGE('',*,*,#4935,.T.);
#7045=ORIENTED_EDGE('',*,*,#4972,.F.);
#7046=ORIENTED_EDGE('',*,*,#4980,.F.);
#7047=ORIENTED_EDGE('',*,*,#4998,.T.);
#7048=ORIENTED_EDGE('',*,*,#4805,.T.);
#7049=ORIENTED_EDGE('',*,*,#4855,.T.);
#7050=ORIENTED_EDGE('',*,*,#4892,.T.);
#7051=ORIENTED_EDGE('',*,*,#4889,.T.);
#7052=ORIENTED_EDGE('',*,*,#4925,.T.);
#7053=ORIENTED_EDGE('',*,*,#4975,.F.);
#7054=ORIENTED_EDGE('',*,*,#4871,.F.);
#7055=ORIENTED_EDGE('',*,*,#5003,.T.);
#7056=ORIENTED_EDGE('',*,*,#4742,.F.);
#7057=ORIENTED_EDGE('',*,*,#4791,.F.);
#7058=ORIENTED_EDGE('',*,*,#4780,.F.);
#7059=ORIENTED_EDGE('',*,*,#4744,.T.);
#7060=ORIENTED_EDGE('',*,*,#4967,.T.);
#7061=ORIENTED_EDGE('',*,*,#4882,.T.);
#7062=ORIENTED_EDGE('',*,*,#5004,.F.);
#7063=ORIENTED_EDGE('',*,*,#5005,.F.);
#7064=ORIENTED_EDGE('',*,*,#5006,.T.);
#7065=ORIENTED_EDGE('',*,*,#5007,.T.);
#7066=ORIENTED_EDGE('',*,*,#4822,.F.);
#7067=ORIENTED_EDGE('',*,*,#4825,.T.);
#7068=ORIENTED_EDGE('',*,*,#4824,.F.);
#7069=ORIENTED_EDGE('',*,*,#5008,.T.);
#7070=ORIENTED_EDGE('',*,*,#5009,.T.);
#7071=ORIENTED_EDGE('',*,*,#5010,.T.);
#7072=ORIENTED_EDGE('',*,*,#5011,.T.);
#7073=ORIENTED_EDGE('',*,*,#5012,.T.);
#7074=ORIENTED_EDGE('',*,*,#4867,.T.);
#7075=ORIENTED_EDGE('',*,*,#5006,.F.);
#7076=ORIENTED_EDGE('',*,*,#5013,.T.);
#7077=ORIENTED_EDGE('',*,*,#5014,.F.);
#7078=ORIENTED_EDGE('',*,*,#5015,.F.);
#7079=ORIENTED_EDGE('',*,*,#5016,.T.);
#7080=ORIENTED_EDGE('',*,*,#4819,.F.);
#7081=ORIENTED_EDGE('',*,*,#4817,.T.);
#7082=ORIENTED_EDGE('',*,*,#5017,.T.);
#7083=ORIENTED_EDGE('',*,*,#5018,.T.);
#7084=ORIENTED_EDGE('',*,*,#4784,.T.);
#7085=ORIENTED_EDGE('',*,*,#5019,.T.);
#7086=ORIENTED_EDGE('',*,*,#5020,.T.);
#7087=ORIENTED_EDGE('',*,*,#5021,.T.);
#7088=ORIENTED_EDGE('',*,*,#5022,.T.);
#7089=ORIENTED_EDGE('',*,*,#5023,.T.);
#7090=ORIENTED_EDGE('',*,*,#5024,.T.);
#7091=ORIENTED_EDGE('',*,*,#5018,.F.);
#7092=ORIENTED_EDGE('',*,*,#5025,.F.);
#7093=ORIENTED_EDGE('',*,*,#4880,.T.);
#7094=ORIENTED_EDGE('',*,*,#5026,.T.);
#7095=ORIENTED_EDGE('',*,*,#4785,.F.);
#7096=ORIENTED_EDGE('',*,*,#5024,.F.);
#7097=ORIENTED_EDGE('',*,*,#5027,.F.);
#7098=ORIENTED_EDGE('',*,*,#5004,.T.);
#7099=ORIENTED_EDGE('',*,*,#4881,.F.);
#7100=ORIENTED_EDGE('',*,*,#5025,.T.);
#7101=ORIENTED_EDGE('',*,*,#5023,.F.);
#7102=ORIENTED_EDGE('',*,*,#5028,.T.);
#7103=ORIENTED_EDGE('',*,*,#5013,.F.);
#7104=ORIENTED_EDGE('',*,*,#5005,.T.);
#7105=ORIENTED_EDGE('',*,*,#5027,.T.);
#7106=ORIENTED_EDGE('',*,*,#4886,.F.);
#7107=ORIENTED_EDGE('',*,*,#4864,.T.);
#7108=ORIENTED_EDGE('',*,*,#5029,.T.);
#7109=ORIENTED_EDGE('',*,*,#5030,.T.);
#7110=ORIENTED_EDGE('',*,*,#5031,.T.);
#7111=ORIENTED_EDGE('',*,*,#4878,.T.);
#7112=ORIENTED_EDGE('',*,*,#5032,.F.);
#7113=ORIENTED_EDGE('',*,*,#4875,.T.);
#7114=ORIENTED_EDGE('',*,*,#5030,.F.);
#7115=ORIENTED_EDGE('',*,*,#5033,.T.);
#7116=ORIENTED_EDGE('',*,*,#5034,.F.);
#7117=ORIENTED_EDGE('',*,*,#5035,.T.);
#7118=ORIENTED_EDGE('',*,*,#5036,.F.);
#7119=ORIENTED_EDGE('',*,*,#5037,.F.);
#7120=ORIENTED_EDGE('',*,*,#5038,.F.);
#7121=ORIENTED_EDGE('',*,*,#5039,.T.);
#7122=ORIENTED_EDGE('',*,*,#5040,.F.);
#7123=ORIENTED_EDGE('',*,*,#5041,.F.);
#7124=ORIENTED_EDGE('',*,*,#5042,.F.);
#7125=ORIENTED_EDGE('',*,*,#5043,.F.);
#7126=ORIENTED_EDGE('',*,*,#5044,.T.);
#7127=ORIENTED_EDGE('',*,*,#4781,.T.);
#7128=ORIENTED_EDGE('',*,*,#4790,.T.);
#7129=ORIENTED_EDGE('',*,*,#4787,.T.);
#7130=ORIENTED_EDGE('',*,*,#5045,.T.);
#7131=ORIENTED_EDGE('',*,*,#5046,.T.);
#7132=ORIENTED_EDGE('',*,*,#5044,.F.);
#7133=ORIENTED_EDGE('',*,*,#5047,.F.);
#7134=ORIENTED_EDGE('',*,*,#5048,.F.);
#7135=ORIENTED_EDGE('',*,*,#5033,.F.);
#7136=ORIENTED_EDGE('',*,*,#5029,.F.);
#7137=ORIENTED_EDGE('',*,*,#4863,.T.);
#7138=ORIENTED_EDGE('',*,*,#5049,.T.);
#7139=ORIENTED_EDGE('',*,*,#4782,.F.);
#7140=ORIENTED_EDGE('',*,*,#5050,.F.);
#7141=ORIENTED_EDGE('',*,*,#5051,.T.);
#7142=ORIENTED_EDGE('',*,*,#5052,.F.);
#7143=ORIENTED_EDGE('',*,*,#5053,.F.);
#7144=ORIENTED_EDGE('',*,*,#5054,.F.);
#7145=ORIENTED_EDGE('',*,*,#5053,.T.);
#7146=ORIENTED_EDGE('',*,*,#5055,.F.);
#7147=ORIENTED_EDGE('',*,*,#5056,.F.);
#7148=ORIENTED_EDGE('',*,*,#5057,.F.);
#7149=ORIENTED_EDGE('',*,*,#5056,.T.);
#7150=ORIENTED_EDGE('',*,*,#5058,.F.);
#7151=ORIENTED_EDGE('',*,*,#5059,.F.);
#7152=ORIENTED_EDGE('',*,*,#5060,.F.);
#7153=ORIENTED_EDGE('',*,*,#5059,.T.);
#7154=ORIENTED_EDGE('',*,*,#5061,.F.);
#7155=ORIENTED_EDGE('',*,*,#5051,.F.);
#7156=ORIENTED_EDGE('',*,*,#5061,.T.);
#7157=ORIENTED_EDGE('',*,*,#5058,.T.);
#7158=ORIENTED_EDGE('',*,*,#5055,.T.);
#7159=ORIENTED_EDGE('',*,*,#5052,.T.);
#7160=ORIENTED_EDGE('',*,*,#5021,.F.);
#7161=ORIENTED_EDGE('',*,*,#5062,.T.);
#7162=ORIENTED_EDGE('',*,*,#5010,.F.);
#7163=ORIENTED_EDGE('',*,*,#5063,.F.);
#7164=ORIENTED_EDGE('',*,*,#5064,.T.);
#7165=ORIENTED_EDGE('',*,*,#5009,.F.);
#7166=ORIENTED_EDGE('',*,*,#5065,.T.);
#7167=ORIENTED_EDGE('',*,*,#5066,.T.);
#7168=ORIENTED_EDGE('',*,*,#5067,.T.);
#7169=ORIENTED_EDGE('',*,*,#5063,.T.);
#7170=ORIENTED_EDGE('',*,*,#5020,.F.);
#7171=ORIENTED_EDGE('',*,*,#5068,.F.);
#7172=ORIENTED_EDGE('',*,*,#5011,.F.);
#7173=ORIENTED_EDGE('',*,*,#5062,.F.);
#7174=ORIENTED_EDGE('',*,*,#4823,.F.);
#7175=ORIENTED_EDGE('',*,*,#5007,.F.);
#7176=ORIENTED_EDGE('',*,*,#5016,.F.);
#7177=ORIENTED_EDGE('',*,*,#5069,.T.);
#7178=ORIENTED_EDGE('',*,*,#5065,.F.);
#7179=ORIENTED_EDGE('',*,*,#5008,.F.);
#7180=ORIENTED_EDGE('',*,*,#5022,.F.);
#7181=ORIENTED_EDGE('',*,*,#5064,.F.);
#7182=ORIENTED_EDGE('',*,*,#5067,.F.);
#7183=ORIENTED_EDGE('',*,*,#5070,.F.);
#7184=ORIENTED_EDGE('',*,*,#5014,.T.);
#7185=ORIENTED_EDGE('',*,*,#5028,.F.);
#7186=ORIENTED_EDGE('',*,*,#5015,.T.);
#7187=ORIENTED_EDGE('',*,*,#5070,.T.);
#7188=ORIENTED_EDGE('',*,*,#5066,.F.);
#7189=ORIENTED_EDGE('',*,*,#5069,.F.);
#7190=ORIENTED_EDGE('',*,*,#5050,.T.);
#7191=ORIENTED_EDGE('',*,*,#5054,.T.);
#7192=ORIENTED_EDGE('',*,*,#5057,.T.);
#7193=ORIENTED_EDGE('',*,*,#5060,.T.);
#7194=ORIENTED_EDGE('',*,*,#4816,.T.);
#7195=ORIENTED_EDGE('',*,*,#4872,.T.);
#7196=ORIENTED_EDGE('',*,*,#4814,.T.);
#7197=ORIENTED_EDGE('',*,*,#4883,.F.);
#7198=ORIENTED_EDGE('',*,*,#4820,.T.);
#7199=ORIENTED_EDGE('',*,*,#5017,.F.);
#7200=ORIENTED_EDGE('',*,*,#4876,.F.);
#7201=ORIENTED_EDGE('',*,*,#5032,.T.);
#7202=ORIENTED_EDGE('',*,*,#4877,.F.);
#7203=ORIENTED_EDGE('',*,*,#5071,.T.);
#7204=ORIENTED_EDGE('',*,*,#5072,.T.);
#7205=ORIENTED_EDGE('',*,*,#5071,.F.);
#7206=ORIENTED_EDGE('',*,*,#5072,.F.);
#7207=ORIENTED_EDGE('',*,*,#5073,.F.);
#7208=ORIENTED_EDGE('',*,*,#5073,.T.);
#7209=ORIENTED_EDGE('',*,*,#5074,.T.);
#7210=ORIENTED_EDGE('',*,*,#4788,.F.);
#7211=ORIENTED_EDGE('',*,*,#4789,.F.);
#7212=ORIENTED_EDGE('',*,*,#5074,.F.);
#7213=ORIENTED_EDGE('',*,*,#5048,.T.);
#7214=ORIENTED_EDGE('',*,*,#5075,.T.);
#7215=ORIENTED_EDGE('',*,*,#5076,.F.);
#7216=ORIENTED_EDGE('',*,*,#5034,.T.);
#7217=ORIENTED_EDGE('',*,*,#5077,.T.);
#7218=ORIENTED_EDGE('',*,*,#5078,.F.);
#7219=ORIENTED_EDGE('',*,*,#5038,.T.);
#7220=ORIENTED_EDGE('',*,*,#5079,.F.);
#7221=ORIENTED_EDGE('',*,*,#5079,.T.);
#7222=ORIENTED_EDGE('',*,*,#5037,.T.);
#7223=ORIENTED_EDGE('',*,*,#5080,.F.);
#7224=ORIENTED_EDGE('',*,*,#5081,.F.);
#7225=ORIENTED_EDGE('',*,*,#5082,.T.);
#7226=ORIENTED_EDGE('',*,*,#5042,.T.);
#7227=ORIENTED_EDGE('',*,*,#5083,.F.);
#7228=ORIENTED_EDGE('',*,*,#5084,.T.);
#7229=ORIENTED_EDGE('',*,*,#5083,.T.);
#7230=ORIENTED_EDGE('',*,*,#5041,.T.);
#7231=ORIENTED_EDGE('',*,*,#5085,.F.);
#7232=ORIENTED_EDGE('',*,*,#5086,.F.);
#7233=ORIENTED_EDGE('',*,*,#5078,.T.);
#7234=ORIENTED_EDGE('',*,*,#5087,.T.);
#7235=ORIENTED_EDGE('',*,*,#5088,.F.);
#7236=ORIENTED_EDGE('',*,*,#5039,.F.);
#7237=ORIENTED_EDGE('',*,*,#5040,.T.);
#7238=ORIENTED_EDGE('',*,*,#5088,.T.);
#7239=ORIENTED_EDGE('',*,*,#5089,.T.);
#7240=ORIENTED_EDGE('',*,*,#5085,.T.);
#7241=ORIENTED_EDGE('',*,*,#5076,.T.);
#7242=ORIENTED_EDGE('',*,*,#5090,.T.);
#7243=ORIENTED_EDGE('',*,*,#5091,.F.);
#7244=ORIENTED_EDGE('',*,*,#5035,.F.);
#7245=ORIENTED_EDGE('',*,*,#5036,.T.);
#7246=ORIENTED_EDGE('',*,*,#5091,.T.);
#7247=ORIENTED_EDGE('',*,*,#5092,.T.);
#7248=ORIENTED_EDGE('',*,*,#5080,.T.);
#7249=ORIENTED_EDGE('',*,*,#5045,.F.);
#7250=ORIENTED_EDGE('',*,*,#4786,.F.);
#7251=ORIENTED_EDGE('',*,*,#5026,.F.);
#7252=ORIENTED_EDGE('',*,*,#4879,.F.);
#7253=ORIENTED_EDGE('',*,*,#5031,.F.);
#7254=ORIENTED_EDGE('',*,*,#5043,.T.);
#7255=ORIENTED_EDGE('',*,*,#5082,.F.);
#7256=ORIENTED_EDGE('',*,*,#5093,.F.);
#7257=ORIENTED_EDGE('',*,*,#5019,.F.);
#7258=ORIENTED_EDGE('',*,*,#4783,.F.);
#7259=ORIENTED_EDGE('',*,*,#5049,.F.);
#7260=ORIENTED_EDGE('',*,*,#4862,.T.);
#7261=ORIENTED_EDGE('',*,*,#5012,.F.);
#7262=ORIENTED_EDGE('',*,*,#5068,.T.);
#7263=ORIENTED_EDGE('',*,*,#5046,.F.);
#7264=ORIENTED_EDGE('',*,*,#5093,.T.);
#7265=ORIENTED_EDGE('',*,*,#5084,.F.);
#7266=ORIENTED_EDGE('',*,*,#5086,.T.);
#7267=ORIENTED_EDGE('',*,*,#5089,.F.);
#7268=ORIENTED_EDGE('',*,*,#5087,.F.);
#7269=ORIENTED_EDGE('',*,*,#5077,.F.);
#7270=ORIENTED_EDGE('',*,*,#5081,.T.);
#7271=ORIENTED_EDGE('',*,*,#5092,.F.);
#7272=ORIENTED_EDGE('',*,*,#5090,.F.);
#7273=ORIENTED_EDGE('',*,*,#5075,.F.);
#7274=ORIENTED_EDGE('',*,*,#5047,.T.);
#7275=ORIENTED_EDGE('',*,*,#5094,.F.);
#7276=ORIENTED_EDGE('',*,*,#5095,.T.);
#7277=ORIENTED_EDGE('',*,*,#5096,.T.);
#7278=ORIENTED_EDGE('',*,*,#5097,.T.);
#7279=ORIENTED_EDGE('',*,*,#5098,.T.);
#7280=ORIENTED_EDGE('',*,*,#5099,.F.);
#7281=ORIENTED_EDGE('',*,*,#5100,.T.);
#7282=ORIENTED_EDGE('',*,*,#5101,.F.);
#7283=ORIENTED_EDGE('',*,*,#5098,.F.);
#7284=ORIENTED_EDGE('',*,*,#5102,.T.);
#7285=ORIENTED_EDGE('',*,*,#5103,.T.);
#7286=ORIENTED_EDGE('',*,*,#5104,.T.);
#7287=ORIENTED_EDGE('',*,*,#5105,.T.);
#7288=ORIENTED_EDGE('',*,*,#5106,.T.);
#7289=ORIENTED_EDGE('',*,*,#5107,.T.);
#7290=ORIENTED_EDGE('',*,*,#5108,.F.);
#7291=ORIENTED_EDGE('',*,*,#5109,.F.);
#7292=ORIENTED_EDGE('',*,*,#5110,.F.);
#7293=ORIENTED_EDGE('',*,*,#5111,.T.);
#7294=ORIENTED_EDGE('',*,*,#5112,.T.);
#7295=ORIENTED_EDGE('',*,*,#5096,.F.);
#7296=ORIENTED_EDGE('',*,*,#5113,.T.);
#7297=ORIENTED_EDGE('',*,*,#5103,.F.);
#7298=ORIENTED_EDGE('',*,*,#5114,.T.);
#7299=ORIENTED_EDGE('',*,*,#5115,.T.);
#7300=ORIENTED_EDGE('',*,*,#5116,.F.);
#7301=ORIENTED_EDGE('',*,*,#5097,.F.);
#7302=ORIENTED_EDGE('',*,*,#5112,.F.);
#7303=ORIENTED_EDGE('',*,*,#5117,.F.);
#7304=ORIENTED_EDGE('',*,*,#5118,.F.);
#7305=ORIENTED_EDGE('',*,*,#5114,.F.);
#7306=ORIENTED_EDGE('',*,*,#5102,.F.);
#7307=ORIENTED_EDGE('',*,*,#5111,.F.);
#7308=ORIENTED_EDGE('',*,*,#5119,.T.);
#7309=ORIENTED_EDGE('',*,*,#5120,.T.);
#7310=ORIENTED_EDGE('',*,*,#5121,.T.);
#7311=ORIENTED_EDGE('',*,*,#5117,.T.);
#7312=ORIENTED_EDGE('',*,*,#5122,.T.);
#7313=ORIENTED_EDGE('',*,*,#5123,.T.);
#7314=ORIENTED_EDGE('',*,*,#5124,.T.);
#7315=ORIENTED_EDGE('',*,*,#5125,.T.);
#7316=ORIENTED_EDGE('',*,*,#5126,.T.);
#7317=ORIENTED_EDGE('',*,*,#5127,.T.);
#7318=ORIENTED_EDGE('',*,*,#5128,.T.);
#7319=ORIENTED_EDGE('',*,*,#5129,.T.);
#7320=ORIENTED_EDGE('',*,*,#5127,.F.);
#7321=ORIENTED_EDGE('',*,*,#5130,.F.);
#7322=ORIENTED_EDGE('',*,*,#5116,.T.);
#7323=ORIENTED_EDGE('',*,*,#5131,.T.);
#7324=ORIENTED_EDGE('',*,*,#5120,.F.);
#7325=ORIENTED_EDGE('',*,*,#5132,.F.);
#7326=ORIENTED_EDGE('',*,*,#5126,.F.);
#7327=ORIENTED_EDGE('',*,*,#5133,.T.);
#7328=ORIENTED_EDGE('',*,*,#5104,.F.);
#7329=ORIENTED_EDGE('',*,*,#5113,.F.);
#7330=ORIENTED_EDGE('',*,*,#5130,.T.);
#7331=ORIENTED_EDGE('',*,*,#5125,.F.);
#7332=ORIENTED_EDGE('',*,*,#5134,.F.);
#7333=ORIENTED_EDGE('',*,*,#5135,.T.);
#7334=ORIENTED_EDGE('',*,*,#5105,.F.);
#7335=ORIENTED_EDGE('',*,*,#5133,.F.);
#7336=ORIENTED_EDGE('',*,*,#5124,.F.);
#7337=ORIENTED_EDGE('',*,*,#5136,.T.);
#7338=ORIENTED_EDGE('',*,*,#5137,.F.);
#7339=ORIENTED_EDGE('',*,*,#5138,.F.);
#7340=ORIENTED_EDGE('',*,*,#5134,.T.);
#7341=ORIENTED_EDGE('',*,*,#5139,.F.);
#7342=ORIENTED_EDGE('',*,*,#5140,.T.);
#7343=ORIENTED_EDGE('',*,*,#5141,.T.);
#7344=ORIENTED_EDGE('',*,*,#5142,.T.);
#7345=ORIENTED_EDGE('',*,*,#5143,.T.);
#7346=ORIENTED_EDGE('',*,*,#5144,.T.);
#7347=ORIENTED_EDGE('',*,*,#5106,.F.);
#7348=ORIENTED_EDGE('',*,*,#5135,.F.);
#7349=ORIENTED_EDGE('',*,*,#5138,.T.);
#7350=ORIENTED_EDGE('',*,*,#5145,.F.);
#7351=ORIENTED_EDGE('',*,*,#5140,.F.);
#7352=ORIENTED_EDGE('',*,*,#5146,.T.);
#7353=ORIENTED_EDGE('',*,*,#5147,.T.);
#7354=ORIENTED_EDGE('',*,*,#5144,.F.);
#7355=ORIENTED_EDGE('',*,*,#5148,.T.);
#7356=ORIENTED_EDGE('',*,*,#5149,.T.);
#7357=ORIENTED_EDGE('',*,*,#5107,.F.);
#7358=ORIENTED_EDGE('',*,*,#5095,.F.);
#7359=ORIENTED_EDGE('',*,*,#5150,.T.);
#7360=ORIENTED_EDGE('',*,*,#5151,.T.);
#7361=ORIENTED_EDGE('',*,*,#5100,.F.);
#7362=ORIENTED_EDGE('',*,*,#5152,.T.);
#7363=ORIENTED_EDGE('',*,*,#5153,.T.);
#7364=ORIENTED_EDGE('',*,*,#5154,.T.);
#7365=ORIENTED_EDGE('',*,*,#5155,.T.);
#7366=ORIENTED_EDGE('',*,*,#5156,.T.);
#7367=ORIENTED_EDGE('',*,*,#5157,.T.);
#7368=ORIENTED_EDGE('',*,*,#5158,.T.);
#7369=ORIENTED_EDGE('',*,*,#5155,.F.);
#7370=ORIENTED_EDGE('',*,*,#5159,.F.);
#7371=ORIENTED_EDGE('',*,*,#5160,.T.);
#7372=ORIENTED_EDGE('',*,*,#5161,.T.);
#7373=ORIENTED_EDGE('',*,*,#5162,.T.);
#7374=ORIENTED_EDGE('',*,*,#5163,.F.);
#7375=ORIENTED_EDGE('',*,*,#5164,.T.);
#7376=ORIENTED_EDGE('',*,*,#5165,.T.);
#7377=ORIENTED_EDGE('',*,*,#5166,.T.);
#7378=ORIENTED_EDGE('',*,*,#5167,.F.);
#7379=ORIENTED_EDGE('',*,*,#5168,.T.);
#7380=ORIENTED_EDGE('',*,*,#5169,.F.);
#7381=ORIENTED_EDGE('',*,*,#5154,.F.);
#7382=ORIENTED_EDGE('',*,*,#5170,.T.);
#7383=ORIENTED_EDGE('',*,*,#5171,.F.);
#7384=ORIENTED_EDGE('',*,*,#5148,.F.);
#7385=ORIENTED_EDGE('',*,*,#5143,.F.);
#7386=ORIENTED_EDGE('',*,*,#5172,.T.);
#7387=ORIENTED_EDGE('',*,*,#5173,.T.);
#7388=ORIENTED_EDGE('',*,*,#5159,.T.);
#7389=ORIENTED_EDGE('',*,*,#5174,.F.);
#7390=ORIENTED_EDGE('',*,*,#5175,.T.);
#7391=ORIENTED_EDGE('',*,*,#5176,.F.);
#7392=ORIENTED_EDGE('',*,*,#5177,.F.);
#7393=ORIENTED_EDGE('',*,*,#5178,.F.);
#7394=ORIENTED_EDGE('',*,*,#5177,.T.);
#7395=ORIENTED_EDGE('',*,*,#5179,.F.);
#7396=ORIENTED_EDGE('',*,*,#5180,.F.);
#7397=ORIENTED_EDGE('',*,*,#5181,.F.);
#7398=ORIENTED_EDGE('',*,*,#5180,.T.);
#7399=ORIENTED_EDGE('',*,*,#5182,.F.);
#7400=ORIENTED_EDGE('',*,*,#5183,.F.);
#7401=ORIENTED_EDGE('',*,*,#5184,.F.);
#7402=ORIENTED_EDGE('',*,*,#5183,.T.);
#7403=ORIENTED_EDGE('',*,*,#5185,.F.);
#7404=ORIENTED_EDGE('',*,*,#5175,.F.);
#7405=ORIENTED_EDGE('',*,*,#5185,.T.);
#7406=ORIENTED_EDGE('',*,*,#5182,.T.);
#7407=ORIENTED_EDGE('',*,*,#5179,.T.);
#7408=ORIENTED_EDGE('',*,*,#5176,.T.);
#7409=ORIENTED_EDGE('',*,*,#5128,.F.);
#7410=ORIENTED_EDGE('',*,*,#5132,.T.);
#7411=ORIENTED_EDGE('',*,*,#5119,.F.);
#7412=ORIENTED_EDGE('',*,*,#5110,.T.);
#7413=ORIENTED_EDGE('',*,*,#5186,.T.);
#7414=ORIENTED_EDGE('',*,*,#5129,.F.);
#7415=ORIENTED_EDGE('',*,*,#5186,.F.);
#7416=ORIENTED_EDGE('',*,*,#5109,.T.);
#7417=ORIENTED_EDGE('',*,*,#5187,.T.);
#7418=ORIENTED_EDGE('',*,*,#5123,.F.);
#7419=ORIENTED_EDGE('',*,*,#5188,.F.);
#7420=ORIENTED_EDGE('',*,*,#5170,.F.);
#7421=ORIENTED_EDGE('',*,*,#5158,.F.);
#7422=ORIENTED_EDGE('',*,*,#5189,.T.);
#7423=ORIENTED_EDGE('',*,*,#5190,.T.);
#7424=ORIENTED_EDGE('',*,*,#5157,.F.);
#7425=ORIENTED_EDGE('',*,*,#5191,.F.);
#7426=ORIENTED_EDGE('',*,*,#5136,.F.);
#7427=ORIENTED_EDGE('',*,*,#5192,.T.);
#7428=ORIENTED_EDGE('',*,*,#5193,.T.);
#7429=ORIENTED_EDGE('',*,*,#5122,.F.);
#7430=ORIENTED_EDGE('',*,*,#5187,.F.);
#7431=ORIENTED_EDGE('',*,*,#5108,.T.);
#7432=ORIENTED_EDGE('',*,*,#5149,.F.);
#7433=ORIENTED_EDGE('',*,*,#5171,.T.);
#7434=ORIENTED_EDGE('',*,*,#5188,.T.);
#7435=ORIENTED_EDGE('',*,*,#5115,.F.);
#7436=ORIENTED_EDGE('',*,*,#5118,.T.);
#7437=ORIENTED_EDGE('',*,*,#5121,.F.);
#7438=ORIENTED_EDGE('',*,*,#5131,.F.);
#7439=ORIENTED_EDGE('',*,*,#5174,.T.);
#7440=ORIENTED_EDGE('',*,*,#5178,.T.);
#7441=ORIENTED_EDGE('',*,*,#5181,.T.);
#7442=ORIENTED_EDGE('',*,*,#5184,.T.);
#7443=ORIENTED_EDGE('',*,*,#5152,.F.);
#7444=ORIENTED_EDGE('',*,*,#5099,.T.);
#7445=ORIENTED_EDGE('',*,*,#5101,.T.);
#7446=ORIENTED_EDGE('',*,*,#5153,.F.);
#7447=ORIENTED_EDGE('',*,*,#5194,.T.);
#7448=ORIENTED_EDGE('',*,*,#5195,.T.);
#7449=ORIENTED_EDGE('',*,*,#5194,.F.);
#7450=ORIENTED_EDGE('',*,*,#5195,.F.);
#7451=ORIENTED_EDGE('',*,*,#5196,.F.);
#7452=ORIENTED_EDGE('',*,*,#5150,.F.);
#7453=ORIENTED_EDGE('',*,*,#5094,.T.);
#7454=ORIENTED_EDGE('',*,*,#5151,.F.);
#7455=ORIENTED_EDGE('',*,*,#5197,.T.);
#7456=ORIENTED_EDGE('',*,*,#5198,.T.);
#7457=ORIENTED_EDGE('',*,*,#5197,.F.);
#7458=ORIENTED_EDGE('',*,*,#5198,.F.);
#7459=ORIENTED_EDGE('',*,*,#5199,.F.);
#7460=ORIENTED_EDGE('',*,*,#5146,.F.);
#7461=ORIENTED_EDGE('',*,*,#5139,.T.);
#7462=ORIENTED_EDGE('',*,*,#5147,.F.);
#7463=ORIENTED_EDGE('',*,*,#5200,.T.);
#7464=ORIENTED_EDGE('',*,*,#5201,.T.);
#7465=ORIENTED_EDGE('',*,*,#5200,.F.);
#7466=ORIENTED_EDGE('',*,*,#5201,.F.);
#7467=ORIENTED_EDGE('',*,*,#5202,.F.);
#7468=ORIENTED_EDGE('',*,*,#5196,.T.);
#7469=ORIENTED_EDGE('',*,*,#5203,.T.);
#7470=ORIENTED_EDGE('',*,*,#5193,.F.);
#7471=ORIENTED_EDGE('',*,*,#5203,.F.);
#7472=ORIENTED_EDGE('',*,*,#5202,.T.);
#7473=ORIENTED_EDGE('',*,*,#5204,.T.);
#7474=ORIENTED_EDGE('',*,*,#5189,.F.);
#7475=ORIENTED_EDGE('',*,*,#5190,.F.);
#7476=ORIENTED_EDGE('',*,*,#5204,.F.);
#7477=ORIENTED_EDGE('',*,*,#5199,.T.);
#7478=ORIENTED_EDGE('',*,*,#5205,.T.);
#7479=ORIENTED_EDGE('',*,*,#5192,.F.);
#7480=ORIENTED_EDGE('',*,*,#5205,.F.);
#7481=ORIENTED_EDGE('',*,*,#5173,.F.);
#7482=ORIENTED_EDGE('',*,*,#5206,.F.);
#7483=ORIENTED_EDGE('',*,*,#5207,.T.);
#7484=ORIENTED_EDGE('',*,*,#5160,.F.);
#7485=ORIENTED_EDGE('',*,*,#5164,.F.);
#7486=ORIENTED_EDGE('',*,*,#5208,.T.);
#7487=ORIENTED_EDGE('',*,*,#5209,.F.);
#7488=ORIENTED_EDGE('',*,*,#5210,.T.);
#7489=ORIENTED_EDGE('',*,*,#5208,.F.);
#7490=ORIENTED_EDGE('',*,*,#5163,.T.);
#7491=ORIENTED_EDGE('',*,*,#5211,.T.);
#7492=ORIENTED_EDGE('',*,*,#5212,.F.);
#7493=ORIENTED_EDGE('',*,*,#5213,.F.);
#7494=ORIENTED_EDGE('',*,*,#5168,.F.);
#7495=ORIENTED_EDGE('',*,*,#5214,.T.);
#7496=ORIENTED_EDGE('',*,*,#5215,.F.);
#7497=ORIENTED_EDGE('',*,*,#5214,.F.);
#7498=ORIENTED_EDGE('',*,*,#5167,.T.);
#7499=ORIENTED_EDGE('',*,*,#5216,.T.);
#7500=ORIENTED_EDGE('',*,*,#5217,.F.);
#7501=ORIENTED_EDGE('',*,*,#5210,.F.);
#7502=ORIENTED_EDGE('',*,*,#5218,.T.);
#7503=ORIENTED_EDGE('',*,*,#5219,.T.);
#7504=ORIENTED_EDGE('',*,*,#5165,.F.);
#7505=ORIENTED_EDGE('',*,*,#5220,.F.);
#7506=ORIENTED_EDGE('',*,*,#5216,.F.);
#7507=ORIENTED_EDGE('',*,*,#5166,.F.);
#7508=ORIENTED_EDGE('',*,*,#5219,.F.);
#7509=ORIENTED_EDGE('',*,*,#5207,.F.);
#7510=ORIENTED_EDGE('',*,*,#5221,.T.);
#7511=ORIENTED_EDGE('',*,*,#5222,.T.);
#7512=ORIENTED_EDGE('',*,*,#5161,.F.);
#7513=ORIENTED_EDGE('',*,*,#5142,.F.);
#7514=ORIENTED_EDGE('',*,*,#5223,.T.);
#7515=ORIENTED_EDGE('',*,*,#5215,.T.);
#7516=ORIENTED_EDGE('',*,*,#5217,.T.);
#7517=ORIENTED_EDGE('',*,*,#5220,.T.);
#7518=ORIENTED_EDGE('',*,*,#5218,.F.);
#7519=ORIENTED_EDGE('',*,*,#5209,.T.);
#7520=ORIENTED_EDGE('',*,*,#5212,.T.);
#7521=ORIENTED_EDGE('',*,*,#5224,.T.);
#7522=ORIENTED_EDGE('',*,*,#5221,.F.);
#7523=ORIENTED_EDGE('',*,*,#5206,.T.);
#7524=ORIENTED_EDGE('',*,*,#5172,.F.);
#7525=ORIENTED_EDGE('',*,*,#5224,.F.);
#7526=ORIENTED_EDGE('',*,*,#5211,.F.);
#7527=ORIENTED_EDGE('',*,*,#5162,.F.);
#7528=ORIENTED_EDGE('',*,*,#5222,.F.);
#7529=ORIENTED_EDGE('',*,*,#5156,.F.);
#7530=ORIENTED_EDGE('',*,*,#5169,.T.);
#7531=ORIENTED_EDGE('',*,*,#5213,.T.);
#7532=ORIENTED_EDGE('',*,*,#5223,.F.);
#7533=ORIENTED_EDGE('',*,*,#5141,.F.);
#7534=ORIENTED_EDGE('',*,*,#5145,.T.);
#7535=ORIENTED_EDGE('',*,*,#5137,.T.);
#7536=ORIENTED_EDGE('',*,*,#5191,.T.);
#7537=ORIENTED_EDGE('',*,*,#5225,.T.);
#7538=ORIENTED_EDGE('',*,*,#5226,.F.);
#7539=ORIENTED_EDGE('',*,*,#5227,.T.);
#7540=ORIENTED_EDGE('',*,*,#5228,.T.);
#7541=ORIENTED_EDGE('',*,*,#5229,.T.);
#7542=ORIENTED_EDGE('',*,*,#5227,.F.);
#7543=ORIENTED_EDGE('',*,*,#5228,.F.);
#7544=ORIENTED_EDGE('',*,*,#5229,.F.);
#7545=ORIENTED_EDGE('',*,*,#5230,.T.);
#7546=ORIENTED_EDGE('',*,*,#5231,.T.);
#7547=ORIENTED_EDGE('',*,*,#5232,.T.);
#7548=ORIENTED_EDGE('',*,*,#5230,.F.);
#7549=ORIENTED_EDGE('',*,*,#5232,.F.);
#7550=ORIENTED_EDGE('',*,*,#5233,.T.);
#7551=ORIENTED_EDGE('',*,*,#5234,.T.);
#7552=ORIENTED_EDGE('',*,*,#5235,.T.);
#7553=ORIENTED_EDGE('',*,*,#5233,.F.);
#7554=ORIENTED_EDGE('',*,*,#5231,.F.);
#7555=ORIENTED_EDGE('',*,*,#5234,.F.);
#7556=ORIENTED_EDGE('',*,*,#5235,.F.);
#7557=ORIENTED_EDGE('',*,*,#5236,.T.);
#7558=ORIENTED_EDGE('',*,*,#5237,.T.);
#7559=ORIENTED_EDGE('',*,*,#5238,.T.);
#7560=ORIENTED_EDGE('',*,*,#5236,.F.);
#7561=ORIENTED_EDGE('',*,*,#5238,.F.);
#7562=ORIENTED_EDGE('',*,*,#5239,.T.);
#7563=ORIENTED_EDGE('',*,*,#5240,.T.);
#7564=ORIENTED_EDGE('',*,*,#5241,.T.);
#7565=ORIENTED_EDGE('',*,*,#5239,.F.);
#7566=ORIENTED_EDGE('',*,*,#5237,.F.);
#7567=ORIENTED_EDGE('',*,*,#5240,.F.);
#7568=ORIENTED_EDGE('',*,*,#5241,.F.);
#7569=ORIENTED_EDGE('',*,*,#5242,.T.);
#7570=ORIENTED_EDGE('',*,*,#5243,.T.);
#7571=ORIENTED_EDGE('',*,*,#5244,.T.);
#7572=ORIENTED_EDGE('',*,*,#5242,.F.);
#7573=ORIENTED_EDGE('',*,*,#5244,.F.);
#7574=ORIENTED_EDGE('',*,*,#5245,.T.);
#7575=ORIENTED_EDGE('',*,*,#5225,.F.);
#7576=ORIENTED_EDGE('',*,*,#5245,.F.);
#7577=ORIENTED_EDGE('',*,*,#5243,.F.);
#7578=ORIENTED_EDGE('',*,*,#5226,.T.);
#7579=ORIENTED_EDGE('',*,*,#5246,.T.);
#7580=ORIENTED_EDGE('',*,*,#5247,.F.);
#7581=ORIENTED_EDGE('',*,*,#5248,.T.);
#7582=ORIENTED_EDGE('',*,*,#5249,.T.);
#7583=ORIENTED_EDGE('',*,*,#5250,.T.);
#7584=ORIENTED_EDGE('',*,*,#5248,.F.);
#7585=ORIENTED_EDGE('',*,*,#5249,.F.);
#7586=ORIENTED_EDGE('',*,*,#5250,.F.);
#7587=ORIENTED_EDGE('',*,*,#5251,.T.);
#7588=ORIENTED_EDGE('',*,*,#5252,.T.);
#7589=ORIENTED_EDGE('',*,*,#5253,.T.);
#7590=ORIENTED_EDGE('',*,*,#5251,.F.);
#7591=ORIENTED_EDGE('',*,*,#5253,.F.);
#7592=ORIENTED_EDGE('',*,*,#5254,.T.);
#7593=ORIENTED_EDGE('',*,*,#5255,.T.);
#7594=ORIENTED_EDGE('',*,*,#5256,.T.);
#7595=ORIENTED_EDGE('',*,*,#5254,.F.);
#7596=ORIENTED_EDGE('',*,*,#5252,.F.);
#7597=ORIENTED_EDGE('',*,*,#5255,.F.);
#7598=ORIENTED_EDGE('',*,*,#5256,.F.);
#7599=ORIENTED_EDGE('',*,*,#5257,.T.);
#7600=ORIENTED_EDGE('',*,*,#5258,.T.);
#7601=ORIENTED_EDGE('',*,*,#5259,.T.);
#7602=ORIENTED_EDGE('',*,*,#5257,.F.);
#7603=ORIENTED_EDGE('',*,*,#5259,.F.);
#7604=ORIENTED_EDGE('',*,*,#5260,.T.);
#7605=ORIENTED_EDGE('',*,*,#5261,.T.);
#7606=ORIENTED_EDGE('',*,*,#5262,.T.);
#7607=ORIENTED_EDGE('',*,*,#5260,.F.);
#7608=ORIENTED_EDGE('',*,*,#5258,.F.);
#7609=ORIENTED_EDGE('',*,*,#5261,.F.);
#7610=ORIENTED_EDGE('',*,*,#5262,.F.);
#7611=ORIENTED_EDGE('',*,*,#5263,.T.);
#7612=ORIENTED_EDGE('',*,*,#5264,.T.);
#7613=ORIENTED_EDGE('',*,*,#5265,.T.);
#7614=ORIENTED_EDGE('',*,*,#5263,.F.);
#7615=ORIENTED_EDGE('',*,*,#5265,.F.);
#7616=ORIENTED_EDGE('',*,*,#5266,.T.);
#7617=ORIENTED_EDGE('',*,*,#5246,.F.);
#7618=ORIENTED_EDGE('',*,*,#5266,.F.);
#7619=ORIENTED_EDGE('',*,*,#5264,.F.);
#7620=ORIENTED_EDGE('',*,*,#5247,.T.);
#7621=ORIENTED_EDGE('',*,*,#5267,.T.);
#7622=ORIENTED_EDGE('',*,*,#5268,.T.);
#7623=ORIENTED_EDGE('',*,*,#5269,.T.);
#7624=ORIENTED_EDGE('',*,*,#5270,.T.);
#7625=ORIENTED_EDGE('',*,*,#5271,.F.);
#7626=ORIENTED_EDGE('',*,*,#5272,.F.);
#7627=ORIENTED_EDGE('',*,*,#5273,.T.);
#7628=ORIENTED_EDGE('',*,*,#5274,.F.);
#7629=ORIENTED_EDGE('',*,*,#5275,.F.);
#7630=ORIENTED_EDGE('',*,*,#5276,.F.);
#7631=ORIENTED_EDGE('',*,*,#5267,.F.);
#7632=ORIENTED_EDGE('',*,*,#5277,.F.);
#7633=ORIENTED_EDGE('',*,*,#5278,.F.);
#7634=ORIENTED_EDGE('',*,*,#5279,.F.);
#7635=ORIENTED_EDGE('',*,*,#5280,.F.);
#7636=ORIENTED_EDGE('',*,*,#5281,.F.);
#7637=ORIENTED_EDGE('',*,*,#5282,.F.);
#7638=ORIENTED_EDGE('',*,*,#5273,.F.);
#7639=ORIENTED_EDGE('',*,*,#5283,.F.);
#7640=ORIENTED_EDGE('',*,*,#5280,.T.);
#7641=ORIENTED_EDGE('',*,*,#5276,.T.);
#7642=ORIENTED_EDGE('',*,*,#5284,.T.);
#7643=ORIENTED_EDGE('',*,*,#5285,.T.);
#7644=ORIENTED_EDGE('',*,*,#5268,.F.);
#7645=ORIENTED_EDGE('',*,*,#5275,.T.);
#7646=ORIENTED_EDGE('',*,*,#5286,.T.);
#7647=ORIENTED_EDGE('',*,*,#5287,.F.);
#7648=ORIENTED_EDGE('',*,*,#5284,.F.);
#7649=ORIENTED_EDGE('',*,*,#5281,.T.);
#7650=ORIENTED_EDGE('',*,*,#5283,.T.);
#7651=ORIENTED_EDGE('',*,*,#5272,.T.);
#7652=ORIENTED_EDGE('',*,*,#5288,.T.);
#7653=ORIENTED_EDGE('',*,*,#5289,.T.);
#7654=ORIENTED_EDGE('',*,*,#5290,.F.);
#7655=ORIENTED_EDGE('',*,*,#5286,.F.);
#7656=ORIENTED_EDGE('',*,*,#5271,.T.);
#7657=ORIENTED_EDGE('',*,*,#5291,.T.);
#7658=ORIENTED_EDGE('',*,*,#5292,.T.);
#7659=ORIENTED_EDGE('',*,*,#5288,.F.);
#7660=ORIENTED_EDGE('',*,*,#5279,.T.);
#7661=ORIENTED_EDGE('',*,*,#5293,.T.);
#7662=ORIENTED_EDGE('',*,*,#5294,.T.);
#7663=ORIENTED_EDGE('',*,*,#5295,.F.);
#7664=ORIENTED_EDGE('',*,*,#5291,.F.);
#7665=ORIENTED_EDGE('',*,*,#5274,.T.);
#7666=ORIENTED_EDGE('',*,*,#5282,.T.);
#7667=ORIENTED_EDGE('',*,*,#5278,.T.);
#7668=ORIENTED_EDGE('',*,*,#5296,.T.);
#7669=ORIENTED_EDGE('',*,*,#5297,.T.);
#7670=ORIENTED_EDGE('',*,*,#5293,.F.);
#7671=ORIENTED_EDGE('',*,*,#5277,.T.);
#7672=ORIENTED_EDGE('',*,*,#5270,.F.);
#7673=ORIENTED_EDGE('',*,*,#5298,.T.);
#7674=ORIENTED_EDGE('',*,*,#5296,.F.);
#7675=ORIENTED_EDGE('',*,*,#5295,.T.);
#7676=ORIENTED_EDGE('',*,*,#5299,.T.);
#7677=ORIENTED_EDGE('',*,*,#5289,.F.);
#7678=ORIENTED_EDGE('',*,*,#5292,.F.);
#7679=ORIENTED_EDGE('',*,*,#5294,.F.);
#7680=ORIENTED_EDGE('',*,*,#5300,.T.);
#7681=ORIENTED_EDGE('',*,*,#5290,.T.);
#7682=ORIENTED_EDGE('',*,*,#5299,.F.);
#7683=ORIENTED_EDGE('',*,*,#5297,.F.);
#7684=ORIENTED_EDGE('',*,*,#5301,.T.);
#7685=ORIENTED_EDGE('',*,*,#5287,.T.);
#7686=ORIENTED_EDGE('',*,*,#5300,.F.);
#7687=ORIENTED_EDGE('',*,*,#5298,.F.);
#7688=ORIENTED_EDGE('',*,*,#5269,.F.);
#7689=ORIENTED_EDGE('',*,*,#5285,.F.);
#7690=ORIENTED_EDGE('',*,*,#5301,.F.);
#7691=ORIENTED_EDGE('',*,*,#5302,.F.);
#7692=ORIENTED_EDGE('',*,*,#5303,.T.);
#7693=ORIENTED_EDGE('',*,*,#5304,.T.);
#7694=ORIENTED_EDGE('',*,*,#5303,.F.);
#7695=ORIENTED_EDGE('',*,*,#5302,.T.);
#7696=ORIENTED_EDGE('',*,*,#5304,.F.);
#7697=ORIENTED_EDGE('',*,*,#5305,.F.);
#7698=ORIENTED_EDGE('',*,*,#5306,.T.);
#7699=ORIENTED_EDGE('',*,*,#5307,.T.);
#7700=ORIENTED_EDGE('',*,*,#5306,.F.);
#7701=ORIENTED_EDGE('',*,*,#5305,.T.);
#7702=ORIENTED_EDGE('',*,*,#5307,.F.);
#7703=ORIENTED_EDGE('',*,*,#5308,.F.);
#7704=ORIENTED_EDGE('',*,*,#5309,.T.);
#7705=ORIENTED_EDGE('',*,*,#5310,.T.);
#7706=ORIENTED_EDGE('',*,*,#5309,.F.);
#7707=ORIENTED_EDGE('',*,*,#5308,.T.);
#7708=ORIENTED_EDGE('',*,*,#5310,.F.);
#7709=ORIENTED_EDGE('',*,*,#5311,.F.);
#7710=ORIENTED_EDGE('',*,*,#5312,.T.);
#7711=ORIENTED_EDGE('',*,*,#5313,.F.);
#7712=ORIENTED_EDGE('',*,*,#5314,.F.);
#7713=ORIENTED_EDGE('',*,*,#5315,.F.);
#7714=ORIENTED_EDGE('',*,*,#5314,.T.);
#7715=ORIENTED_EDGE('',*,*,#5316,.F.);
#7716=ORIENTED_EDGE('',*,*,#5317,.F.);
#7717=ORIENTED_EDGE('',*,*,#5318,.F.);
#7718=ORIENTED_EDGE('',*,*,#5317,.T.);
#7719=ORIENTED_EDGE('',*,*,#5319,.F.);
#7720=ORIENTED_EDGE('',*,*,#5320,.F.);
#7721=ORIENTED_EDGE('',*,*,#5321,.F.);
#7722=ORIENTED_EDGE('',*,*,#5320,.T.);
#7723=ORIENTED_EDGE('',*,*,#5322,.F.);
#7724=ORIENTED_EDGE('',*,*,#5312,.F.);
#7725=ORIENTED_EDGE('',*,*,#5322,.T.);
#7726=ORIENTED_EDGE('',*,*,#5319,.T.);
#7727=ORIENTED_EDGE('',*,*,#5316,.T.);
#7728=ORIENTED_EDGE('',*,*,#5313,.T.);
#7729=ORIENTED_EDGE('',*,*,#5321,.T.);
#7730=ORIENTED_EDGE('',*,*,#5311,.T.);
#7731=ORIENTED_EDGE('',*,*,#5315,.T.);
#7732=ORIENTED_EDGE('',*,*,#5318,.T.);
#7733=ORIENTED_EDGE('',*,*,#5323,.T.);
#7734=ORIENTED_EDGE('',*,*,#5324,.T.);
#7735=ORIENTED_EDGE('',*,*,#5325,.T.);
#7736=ORIENTED_EDGE('',*,*,#5326,.T.);
#7737=ORIENTED_EDGE('',*,*,#5324,.F.);
#7738=ORIENTED_EDGE('',*,*,#5327,.F.);
#7739=ORIENTED_EDGE('',*,*,#5328,.F.);
#7740=ORIENTED_EDGE('',*,*,#5329,.T.);
#7741=ORIENTED_EDGE('',*,*,#5323,.F.);
#7742=ORIENTED_EDGE('',*,*,#5330,.T.);
#7743=ORIENTED_EDGE('',*,*,#5331,.F.);
#7744=ORIENTED_EDGE('',*,*,#5332,.T.);
#7745=ORIENTED_EDGE('',*,*,#5333,.F.);
#7746=ORIENTED_EDGE('',*,*,#5327,.T.);
#7747=ORIENTED_EDGE('',*,*,#5334,.T.);
#7748=ORIENTED_EDGE('',*,*,#5328,.T.);
#7749=ORIENTED_EDGE('',*,*,#5333,.T.);
#7750=ORIENTED_EDGE('',*,*,#5335,.T.);
#7751=ORIENTED_EDGE('',*,*,#5336,.T.);
#7752=ORIENTED_EDGE('',*,*,#5337,.F.);
#7753=ORIENTED_EDGE('',*,*,#5338,.F.);
#7754=ORIENTED_EDGE('',*,*,#5331,.T.);
#7755=ORIENTED_EDGE('',*,*,#5325,.F.);
#7756=ORIENTED_EDGE('',*,*,#5329,.F.);
#7757=ORIENTED_EDGE('',*,*,#5334,.F.);
#7758=ORIENTED_EDGE('',*,*,#5339,.F.);
#7759=ORIENTED_EDGE('',*,*,#5337,.T.);
#7760=ORIENTED_EDGE('',*,*,#5340,.T.);
#7761=ORIENTED_EDGE('',*,*,#5335,.F.);
#7762=ORIENTED_EDGE('',*,*,#5332,.F.);
#7763=ORIENTED_EDGE('',*,*,#5338,.T.);
#7764=ORIENTED_EDGE('',*,*,#5339,.T.);
#7765=ORIENTED_EDGE('',*,*,#5326,.F.);
#7766=ORIENTED_EDGE('',*,*,#5340,.F.);
#7767=ORIENTED_EDGE('',*,*,#5336,.F.);
#7768=ORIENTED_EDGE('',*,*,#5330,.F.);
#7769=CYLINDRICAL_SURFACE('',#8509,1.);
#7770=CYLINDRICAL_SURFACE('',#8512,2.21428571428571);
#7771=CYLINDRICAL_SURFACE('',#8521,2.5);
#7772=CYLINDRICAL_SURFACE('',#8525,2.5);
#7773=CYLINDRICAL_SURFACE('',#8535,1.895);
#7774=CYLINDRICAL_SURFACE('',#8537,1.);
#7775=CYLINDRICAL_SURFACE('',#8552,1.895);
#7776=CYLINDRICAL_SURFACE('',#8554,1.);
#7777=CYLINDRICAL_SURFACE('',#8564,1.60086327519196);
#7778=CYLINDRICAL_SURFACE('',#8567,1.6);
#7779=CYLINDRICAL_SURFACE('',#8592,3.1);
#7780=CYLINDRICAL_SURFACE('',#8736,0.9);
#7781=CYLINDRICAL_SURFACE('',#8738,0.9);
#7782=CYLINDRICAL_SURFACE('',#8740,0.9);
#7783=CYLINDRICAL_SURFACE('',#8742,0.9);
#7784=CYLINDRICAL_SURFACE('',#8744,0.9);
#7785=CYLINDRICAL_SURFACE('',#8745,0.9);
#7786=CYLINDRICAL_SURFACE('',#8748,0.9);
#7787=CYLINDRICAL_SURFACE('',#8750,0.9);
#7788=CYLINDRICAL_SURFACE('',#8776,2.75);
#7789=CYLINDRICAL_SURFACE('',#8779,2.75);
#7790=CYLINDRICAL_SURFACE('',#8782,2.75);
#7791=CYLINDRICAL_SURFACE('',#8785,2.75);
#7792=CYLINDRICAL_SURFACE('',#8788,2.75);
#7793=CYLINDRICAL_SURFACE('',#8791,2.75);
#7794=CYLINDRICAL_SURFACE('',#8828,3.57142321054486);
#7795=CYLINDRICAL_SURFACE('',#8829,3.57142321054486);
#7796=CYLINDRICAL_SURFACE('',#8830,3.57142927621382);
#7797=CYLINDRICAL_SURFACE('',#8831,3.57142927621382);
#7798=CYLINDRICAL_SURFACE('',#8832,6.28657701837621);
#7799=CYLINDRICAL_SURFACE('',#8833,6.28657701837621);
#7800=CYLINDRICAL_SURFACE('',#8834,3.57142931938633);
#7801=CYLINDRICAL_SURFACE('',#8835,3.57142931938633);
#7802=CYLINDRICAL_SURFACE('',#8836,3.57142927573746);
#7803=CYLINDRICAL_SURFACE('',#8837,3.57142927573746);
#7804=CYLINDRICAL_SURFACE('',#8838,6.28657700906105);
#7805=CYLINDRICAL_SURFACE('',#8839,6.28657700906105);
#7806=CYLINDRICAL_SURFACE('',#8840,3.57142932042618);
#7807=CYLINDRICAL_SURFACE('',#8841,3.57142932042618);
#7808=CYLINDRICAL_SURFACE('',#8842,3.57142927701031);
#7809=CYLINDRICAL_SURFACE('',#8843,3.57142927701031);
#7810=CYLINDRICAL_SURFACE('',#8844,6.28657702171792);
#7811=CYLINDRICAL_SURFACE('',#8845,6.28657702171792);
#7812=CYLINDRICAL_SURFACE('',#8846,3.57142932084407);
#7813=CYLINDRICAL_SURFACE('',#8847,3.57142932084407);
#7814=CYLINDRICAL_SURFACE('',#8848,3.57142927578658);
#7815=CYLINDRICAL_SURFACE('',#8849,3.57142927578658);
#7816=CYLINDRICAL_SURFACE('',#8850,6.28657708703644);
#7817=CYLINDRICAL_SURFACE('',#8851,6.28657708703644);
#7818=CYLINDRICAL_SURFACE('',#8852,3.57142932023274);
#7819=CYLINDRICAL_SURFACE('',#8853,3.57142932023274);
#7820=CYLINDRICAL_SURFACE('',#8854,3.57142607394881);
#7821=CYLINDRICAL_SURFACE('',#8855,3.57142607394881);
#7822=CYLINDRICAL_SURFACE('',#8856,6.28657706612527);
#7823=CYLINDRICAL_SURFACE('',#8857,6.28657706612527);
#7824=CYLINDRICAL_SURFACE('',#8858,3.57142932084247);
#7825=CYLINDRICAL_SURFACE('',#8859,3.57142932036846);
#7826=CYLINDRICAL_SURFACE('',#8860,3.57142932036846);
#7827=CYLINDRICAL_SURFACE('',#8861,6.28657707681994);
#7828=CYLINDRICAL_SURFACE('',#8862,6.28657707681994);
#7829=CYLINDRICAL_SURFACE('',#8863,3.57142927588522);
#7830=CYLINDRICAL_SURFACE('',#8864,3.57142927588522);
#7831=CYLINDRICAL_SURFACE('',#8865,3.57142932047053);
#7832=CYLINDRICAL_SURFACE('',#8866,3.57142932047053);
#7833=CYLINDRICAL_SURFACE('',#8867,6.28657707220982);
#7834=CYLINDRICAL_SURFACE('',#8868,6.28657707220982);
#7835=CYLINDRICAL_SURFACE('',#8869,3.57142927572647);
#7836=CYLINDRICAL_SURFACE('',#8870,3.57142927572647);
#7837=CYLINDRICAL_SURFACE('',#8871,3.57142932022997);
#7838=CYLINDRICAL_SURFACE('',#8872,3.57142932022997);
#7839=CYLINDRICAL_SURFACE('',#8873,6.28657707625546);
#7840=CYLINDRICAL_SURFACE('',#8874,6.28657707625546);
#7841=CYLINDRICAL_SURFACE('',#8875,3.57142927571785);
#7842=CYLINDRICAL_SURFACE('',#8876,3.57142927571785);
#7843=CYLINDRICAL_SURFACE('',#8877,3.57142932016238);
#7844=CYLINDRICAL_SURFACE('',#8878,3.57142932016238);
#7845=CYLINDRICAL_SURFACE('',#8879,6.28657692995538);
#7846=CYLINDRICAL_SURFACE('',#8880,6.28657692995538);
#7847=CYLINDRICAL_SURFACE('',#8881,3.57142927569672);
#7848=CYLINDRICAL_SURFACE('',#8882,3.57142927569672);
#7849=CYLINDRICAL_SURFACE('',#8883,3.57142932058759);
#7850=CYLINDRICAL_SURFACE('',#8884,3.57142932058759);
#7851=CYLINDRICAL_SURFACE('',#8885,6.2859638872463);
#7852=CYLINDRICAL_SURFACE('',#8886,6.2859638872463);
#7853=CYLINDRICAL_SURFACE('',#8887,3.57142932058759);
#7854=CYLINDRICAL_SURFACE('',#8888,3.57142927562606);
#7855=CYLINDRICAL_SURFACE('',#8890,6.28657707423281);
#7856=CYLINDRICAL_SURFACE('',#8891,3.57142927765373);
#7857=CYLINDRICAL_SURFACE('',#8892,3.5714286705484);
#7858=CYLINDRICAL_SURFACE('',#8895,1.42857142857143);
#7859=CYLINDRICAL_SURFACE('',#8896,0.714285714285713);
#7860=CYLINDRICAL_SURFACE('',#8897,0.857142857142855);
#7861=CYLINDRICAL_SURFACE('',#8901,1.42857142857143);
#7862=CYLINDRICAL_SURFACE('',#8902,0.892857142857143);
#7863=CYLINDRICAL_SURFACE('',#8903,1.42857142857143);
#7864=CYLINDRICAL_SURFACE('',#8905,3.57143730344064);
#7865=CYLINDRICAL_SURFACE('',#8906,6.28657707681994);
#7866=CYLINDRICAL_SURFACE('',#8907,3.57142932036846);
#7867=CYLINDRICAL_SURFACE('',#8908,3.57142927595796);
#7868=CYLINDRICAL_SURFACE('',#8909,6.28657707392264);
#7869=CYLINDRICAL_SURFACE('',#8910,3.57142927584528);
#7870=CYLINDRICAL_SURFACE('',#8911,6.28657707392264);
#7871=CYLINDRICAL_SURFACE('',#8913,0.5);
#7872=CYLINDRICAL_SURFACE('',#8921,0.5);
#7873=CYLINDRICAL_SURFACE('',#8923,0.5);
#7874=CYLINDRICAL_SURFACE('',#8926,0.5);
#7875=CYLINDRICAL_SURFACE('',#8943,1.);
#7876=CYLINDRICAL_SURFACE('',#8950,0.199999999999649);
#7877=CYLINDRICAL_SURFACE('',#8953,0.199999999999649);
#7878=CYLINDRICAL_SURFACE('',#8956,0.199999999999649);
#7879=CYLINDRICAL_SURFACE('',#8959,0.199999999999649);
#7880=CYLINDRICAL_SURFACE('',#8962,0.199999999999649);
#7881=CYLINDRICAL_SURFACE('',#8965,0.199999999999649);
#7882=CYLINDRICAL_SURFACE('',#8968,0.199999999999649);
#7883=CYLINDRICAL_SURFACE('',#8971,0.199999999999649);
#7884=CYLINDRICAL_SURFACE('',#8988,2.75);
#7885=CYLINDRICAL_SURFACE('',#8990,0.0499999999998969);
#7886=CYLINDRICAL_SURFACE('',#8994,0.0499999999998969);
#7887=CYLINDRICAL_SURFACE('',#9001,0.0499999999998969);
#7888=CYLINDRICAL_SURFACE('',#9007,0.0499999999998969);
#7889=CYLINDRICAL_SURFACE('',#9014,0.0499999999998969);
#7890=CYLINDRICAL_SURFACE('',#9021,0.0499999999998969);
#7891=CYLINDRICAL_SURFACE('',#9027,0.0499999999998969);
#7892=CYLINDRICAL_SURFACE('',#9032,0.0499999999998969);
#7893=CYLINDRICAL_SURFACE('',#9039,2.);
#7894=CYLINDRICAL_SURFACE('',#9068,2.);
#7895=CYLINDRICAL_SURFACE('',#9069,1.);
#7896=CYLINDRICAL_SURFACE('',#9071,1.);
#7897=CYLINDRICAL_SURFACE('',#9078,3.);
#7898=CYLINDRICAL_SURFACE('',#9079,2.5);
#7899=CYLINDRICAL_SURFACE('',#9081,0.5);
#7900=CYLINDRICAL_SURFACE('',#9082,1.5);
#7901=CYLINDRICAL_SURFACE('',#9086,3.);
#7902=CYLINDRICAL_SURFACE('',#9095,0.5);
#7903=CYLINDRICAL_SURFACE('',#9100,8.5);
#7904=CYLINDRICAL_SURFACE('',#9101,10.6);
#7905=CYLINDRICAL_SURFACE('',#9103,2.75);
#7906=CYLINDRICAL_SURFACE('',#9104,2.75);
#7907=CYLINDRICAL_SURFACE('',#9108,2.);
#7908=CYLINDRICAL_SURFACE('',#9119,2.5);
#7909=CYLINDRICAL_SURFACE('',#9122,1.);
#7910=CYLINDRICAL_SURFACE('',#9125,1.);
#7911=CYLINDRICAL_SURFACE('',#9127,1.);
#7912=CYLINDRICAL_SURFACE('',#9132,8.5);
#7913=CYLINDRICAL_SURFACE('',#9136,3.);
#7914=CYLINDRICAL_SURFACE('',#9137,10.6);
#7915=CYLINDRICAL_SURFACE('',#9138,0.5);
#7916=CYLINDRICAL_SURFACE('',#9140,2.5);
#7917=CYLINDRICAL_SURFACE('',#9143,1.5);
#7918=CYLINDRICAL_SURFACE('',#9154,3.);
#7919=CYLINDRICAL_SURFACE('',#9164,0.5);
#7920=CYLINDRICAL_SURFACE('',#9172,2.5);
#7921=CYLINDRICAL_SURFACE('',#9174,2.75);
#7922=CYLINDRICAL_SURFACE('',#9178,2.75);
#7923=CYLINDRICAL_SURFACE('',#9182,2.75);
#7924=CYLINDRICAL_SURFACE('',#9186,2.);
#7925=CYLINDRICAL_SURFACE('',#9187,2.);
#7926=CYLINDRICAL_SURFACE('',#9188,2.);
#7927=CYLINDRICAL_SURFACE('',#9203,0.25);
#7928=CYLINDRICAL_SURFACE('',#9211,0.25);
#7929=CYLINDRICAL_SURFACE('',#9218,0.25);
#7930=CYLINDRICAL_SURFACE('',#9225,0.25);
#7931=CYLINDRICAL_SURFACE('',#9230,0.25);
#7932=CYLINDRICAL_SURFACE('',#9238,0.25);
#7933=CYLINDRICAL_SURFACE('',#9245,0.25);
#7934=CYLINDRICAL_SURFACE('',#9252,0.25);
#7935=CYLINDRICAL_SURFACE('',#9260,2.);
#7936=CYLINDRICAL_SURFACE('',#9264,3.1);
#7937=CYLINDRICAL_SURFACE('',#9269,3.);
#7938=CYLINDRICAL_SURFACE('',#9276,0.75);
#7939=CYLINDRICAL_SURFACE('',#9281,0.75);
#7940=CYLINDRICAL_SURFACE('',#9286,0.75);
#7941=CYLINDRICAL_SURFACE('',#9301,10.6);
#7942=ADVANCED_FACE('',(#595),#7769,.F.);
#7943=ADVANCED_FACE('',(#596),#7770,.T.);
#7944=ADVANCED_FACE('',(#597,#335),#379,.F.);
#7945=ADVANCED_FACE('',(#598,#336),#380,.T.);
#7946=ADVANCED_FACE('',(#599),#7771,.T.);
#7947=ADVANCED_FACE('',(#600),#327,.T.);
#7948=ADVANCED_FACE('',(#601),#7772,.T.);
#7949=ADVANCED_FACE('',(#602),#328,.T.);
#7950=ADVANCED_FACE('',(#603),#381,.F.);
#7951=ADVANCED_FACE('',(#604,#337),#382,.F.);
#7952=ADVANCED_FACE('',(#605),#7773,.T.);
#7953=ADVANCED_FACE('',(#606),#7774,.T.);
#7954=ADVANCED_FACE('',(#607,#338),#383,.T.);
#7955=ADVANCED_FACE('',(#608),#384,.T.);
#7956=ADVANCED_FACE('',(#609),#385,.T.);
#7957=ADVANCED_FACE('',(#610),#386,.T.);
#7958=ADVANCED_FACE('',(#611),#387,.T.);
#7959=ADVANCED_FACE('',(#612),#388,.T.);
#7960=ADVANCED_FACE('',(#613),#389,.T.);
#7961=ADVANCED_FACE('',(#614),#390,.T.);
#7962=ADVANCED_FACE('',(#615),#391,.F.);
#7963=ADVANCED_FACE('',(#616,#339),#392,.F.);
#7964=ADVANCED_FACE('',(#617),#7775,.T.);
#7965=ADVANCED_FACE('',(#618),#7776,.T.);
#7966=ADVANCED_FACE('',(#619,#340),#393,.T.);
#7967=ADVANCED_FACE('',(#620),#394,.T.);
#7968=ADVANCED_FACE('',(#621),#395,.T.);
#7969=ADVANCED_FACE('',(#622),#396,.T.);
#7970=ADVANCED_FACE('',(#623),#397,.T.);
#7971=ADVANCED_FACE('',(#624),#398,.T.);
#7972=ADVANCED_FACE('',(#625),#399,.T.);
#7973=ADVANCED_FACE('',(#626),#400,.T.);
#7974=ADVANCED_FACE('',(#627),#7777,.F.);
#7975=ADVANCED_FACE('',(#628),#7778,.F.);
#7976=ADVANCED_FACE('',(#629),#401,.F.);
#7977=ADVANCED_FACE('',(#630),#402,.F.);
#7978=ADVANCED_FACE('',(#631,#341),#403,.T.);
#7979=ADVANCED_FACE('',(#632),#404,.F.);
#7980=ADVANCED_FACE('',(#633),#405,.F.);
#7981=ADVANCED_FACE('',(#634),#406,.F.);
#7982=ADVANCED_FACE('',(#635),#7779,.F.);
#7983=ADVANCED_FACE('',(#636),#407,.F.);
#7984=ADVANCED_FACE('',(#637),#408,.F.);
#7985=ADVANCED_FACE('',(#638),#409,.F.);
#7986=ADVANCED_FACE('',(#639),#410,.F.);
#7987=ADVANCED_FACE('',(#640),#411,.F.);
#7988=ADVANCED_FACE('',(#641),#412,.F.);
#7989=ADVANCED_FACE('',(#642),#413,.T.);
#7990=ADVANCED_FACE('',(#643),#414,.T.);
#7991=ADVANCED_FACE('',(#644,#342,#343,#344,#345,#346,#347),#415,.F.);
#7992=ADVANCED_FACE('',(#645),#416,.F.);
#7993=ADVANCED_FACE('',(#646),#417,.F.);
#7994=ADVANCED_FACE('',(#647),#418,.F.);
#7995=ADVANCED_FACE('',(#648,#348,#349,#350,#351,#352,#353),#419,.T.);
#7996=ADVANCED_FACE('',(#649),#420,.T.);
#7997=ADVANCED_FACE('',(#650),#421,.F.);
#7998=ADVANCED_FACE('',(#651,#354),#422,.F.);
#7999=ADVANCED_FACE('',(#652),#7780,.F.);
#8000=ADVANCED_FACE('',(#653),#7781,.F.);
#8001=ADVANCED_FACE('',(#654),#7782,.F.);
#8002=ADVANCED_FACE('',(#655),#7783,.F.);
#8003=ADVANCED_FACE('',(#656),#7784,.F.);
#8004=ADVANCED_FACE('',(#657),#7785,.F.);
#8005=ADVANCED_FACE('',(#658),#7786,.F.);
#8006=ADVANCED_FACE('',(#659),#7787,.F.);
#8007=ADVANCED_FACE('',(#660,#355),#423,.F.);
#8008=ADVANCED_FACE('',(#661),#329,.T.);
#8009=ADVANCED_FACE('',(#662,#356),#424,.F.);
#8010=ADVANCED_FACE('',(#663),#330,.T.);
#8011=ADVANCED_FACE('',(#664,#357),#425,.F.);
#8012=ADVANCED_FACE('',(#665),#331,.T.);
#8013=ADVANCED_FACE('',(#666,#358),#426,.F.);
#8014=ADVANCED_FACE('',(#667),#332,.T.);
#8015=ADVANCED_FACE('',(#668,#359),#427,.F.);
#8016=ADVANCED_FACE('',(#669),#333,.T.);
#8017=ADVANCED_FACE('',(#670,#360),#428,.F.);
#8018=ADVANCED_FACE('',(#671),#334,.T.);
#8019=ADVANCED_FACE('',(#672),#7788,.F.);
#8020=ADVANCED_FACE('',(#673,#361),#429,.T.);
#8021=ADVANCED_FACE('',(#674),#7789,.F.);
#8022=ADVANCED_FACE('',(#675,#362),#430,.T.);
#8023=ADVANCED_FACE('',(#676),#7790,.F.);
#8024=ADVANCED_FACE('',(#677,#363),#431,.T.);
#8025=ADVANCED_FACE('',(#678),#7791,.F.);
#8026=ADVANCED_FACE('',(#679,#364),#432,.T.);
#8027=ADVANCED_FACE('',(#680),#7792,.F.);
#8028=ADVANCED_FACE('',(#681,#365),#433,.T.);
#8029=ADVANCED_FACE('',(#682),#7793,.F.);
#8030=ADVANCED_FACE('',(#683,#366),#434,.T.);
#8031=ADVANCED_FACE('',(#684,#367),#435,.T.);
#8032=ADVANCED_FACE('',(#685),#436,.F.);
#8033=ADVANCED_FACE('',(#686,#368),#437,.F.);
#8034=ADVANCED_FACE('',(#687),#7794,.F.);
#8035=ADVANCED_FACE('',(#688),#7795,.F.);
#8036=ADVANCED_FACE('',(#689),#7796,.F.);
#8037=ADVANCED_FACE('',(#690),#7797,.F.);
#8038=ADVANCED_FACE('',(#691),#104,.T.);
#8039=ADVANCED_FACE('',(#692),#105,.T.);
#8040=ADVANCED_FACE('',(#693),#7798,.T.);
#8041=ADVANCED_FACE('',(#694),#7799,.T.);
#8042=ADVANCED_FACE('',(#695),#106,.T.);
#8043=ADVANCED_FACE('',(#696),#107,.T.);
#8044=ADVANCED_FACE('',(#697),#7800,.F.);
#8045=ADVANCED_FACE('',(#698),#7801,.F.);
#8046=ADVANCED_FACE('',(#699),#7802,.F.);
#8047=ADVANCED_FACE('',(#700),#7803,.F.);
#8048=ADVANCED_FACE('',(#701),#108,.T.);
#8049=ADVANCED_FACE('',(#702),#109,.T.);
#8050=ADVANCED_FACE('',(#703),#7804,.T.);
#8051=ADVANCED_FACE('',(#704),#7805,.T.);
#8052=ADVANCED_FACE('',(#705),#110,.T.);
#8053=ADVANCED_FACE('',(#706),#111,.T.);
#8054=ADVANCED_FACE('',(#707),#7806,.F.);
#8055=ADVANCED_FACE('',(#708),#7807,.F.);
#8056=ADVANCED_FACE('',(#709),#7808,.F.);
#8057=ADVANCED_FACE('',(#710),#7809,.F.);
#8058=ADVANCED_FACE('',(#711),#112,.T.);
#8059=ADVANCED_FACE('',(#712),#113,.T.);
#8060=ADVANCED_FACE('',(#713),#7810,.T.);
#8061=ADVANCED_FACE('',(#714),#7811,.T.);
#8062=ADVANCED_FACE('',(#715),#114,.T.);
#8063=ADVANCED_FACE('',(#716),#115,.T.);
#8064=ADVANCED_FACE('',(#717),#7812,.F.);
#8065=ADVANCED_FACE('',(#718),#7813,.F.);
#8066=ADVANCED_FACE('',(#719),#7814,.F.);
#8067=ADVANCED_FACE('',(#720),#7815,.F.);
#8068=ADVANCED_FACE('',(#721),#116,.T.);
#8069=ADVANCED_FACE('',(#722),#117,.T.);
#8070=ADVANCED_FACE('',(#723),#7816,.T.);
#8071=ADVANCED_FACE('',(#724),#7817,.T.);
#8072=ADVANCED_FACE('',(#725),#118,.T.);
#8073=ADVANCED_FACE('',(#726),#119,.T.);
#8074=ADVANCED_FACE('',(#727),#7818,.F.);
#8075=ADVANCED_FACE('',(#728),#7819,.F.);
#8076=ADVANCED_FACE('',(#729),#7820,.F.);
#8077=ADVANCED_FACE('',(#730),#7821,.F.);
#8078=ADVANCED_FACE('',(#731),#120,.T.);
#8079=ADVANCED_FACE('',(#732),#121,.T.);
#8080=ADVANCED_FACE('',(#733),#7822,.T.);
#8081=ADVANCED_FACE('',(#734),#7823,.T.);
#8082=ADVANCED_FACE('',(#735),#122,.T.);
#8083=ADVANCED_FACE('',(#736),#123,.T.);
#8084=ADVANCED_FACE('',(#737),#7824,.F.);
#8085=ADVANCED_FACE('',(#738),#7825,.F.);
#8086=ADVANCED_FACE('',(#739),#7826,.F.);
#8087=ADVANCED_FACE('',(#740),#124,.T.);
#8088=ADVANCED_FACE('',(#741),#125,.T.);
#8089=ADVANCED_FACE('',(#742),#7827,.T.);
#8090=ADVANCED_FACE('',(#743),#7828,.T.);
#8091=ADVANCED_FACE('',(#744),#126,.T.);
#8092=ADVANCED_FACE('',(#745),#127,.T.);
#8093=ADVANCED_FACE('',(#746),#7829,.F.);
#8094=ADVANCED_FACE('',(#747),#7830,.F.);
#8095=ADVANCED_FACE('',(#748),#7831,.F.);
#8096=ADVANCED_FACE('',(#749),#7832,.F.);
#8097=ADVANCED_FACE('',(#750),#128,.T.);
#8098=ADVANCED_FACE('',(#751),#129,.T.);
#8099=ADVANCED_FACE('',(#752),#7833,.T.);
#8100=ADVANCED_FACE('',(#753),#7834,.T.);
#8101=ADVANCED_FACE('',(#754),#130,.T.);
#8102=ADVANCED_FACE('',(#755),#131,.T.);
#8103=ADVANCED_FACE('',(#756),#7835,.F.);
#8104=ADVANCED_FACE('',(#757),#7836,.F.);
#8105=ADVANCED_FACE('',(#758),#7837,.F.);
#8106=ADVANCED_FACE('',(#759),#7838,.F.);
#8107=ADVANCED_FACE('',(#760),#132,.T.);
#8108=ADVANCED_FACE('',(#761),#133,.T.);
#8109=ADVANCED_FACE('',(#762),#7839,.T.);
#8110=ADVANCED_FACE('',(#763),#7840,.T.);
#8111=ADVANCED_FACE('',(#764),#134,.T.);
#8112=ADVANCED_FACE('',(#765),#135,.T.);
#8113=ADVANCED_FACE('',(#766),#7841,.F.);
#8114=ADVANCED_FACE('',(#767),#7842,.F.);
#8115=ADVANCED_FACE('',(#768),#7843,.F.);
#8116=ADVANCED_FACE('',(#769),#7844,.F.);
#8117=ADVANCED_FACE('',(#770),#136,.T.);
#8118=ADVANCED_FACE('',(#771),#137,.T.);
#8119=ADVANCED_FACE('',(#772),#7845,.T.);
#8120=ADVANCED_FACE('',(#773),#7846,.T.);
#8121=ADVANCED_FACE('',(#774),#138,.T.);
#8122=ADVANCED_FACE('',(#775),#139,.T.);
#8123=ADVANCED_FACE('',(#776),#7847,.F.);
#8124=ADVANCED_FACE('',(#777),#7848,.F.);
#8125=ADVANCED_FACE('',(#778),#7849,.F.);
#8126=ADVANCED_FACE('',(#779),#7850,.F.);
#8127=ADVANCED_FACE('',(#780),#140,.T.);
#8128=ADVANCED_FACE('',(#781),#141,.T.);
#8129=ADVANCED_FACE('',(#782),#7851,.T.);
#8130=ADVANCED_FACE('',(#783),#7852,.T.);
#8131=ADVANCED_FACE('',(#784),#7853,.F.);
#8132=ADVANCED_FACE('',(#785),#7854,.F.);
#8133=ADVANCED_FACE('',(#786),#142,.T.);
#8134=ADVANCED_FACE('',(#787),#438,.T.);
#8135=ADVANCED_FACE('',(#788),#7855,.T.);
#8136=ADVANCED_FACE('',(#789),#143,.T.);
#8137=ADVANCED_FACE('',(#790),#7856,.F.);
#8138=ADVANCED_FACE('',(#791),#7857,.F.);
#8139=ADVANCED_FACE('',(#792),#439,.T.);
#8140=ADVANCED_FACE('',(#793),#440,.T.);
#8141=ADVANCED_FACE('',(#794),#7858,.F.);
#8142=ADVANCED_FACE('',(#795),#7859,.T.);
#8143=ADVANCED_FACE('',(#796),#144,.T.);
#8144=ADVANCED_FACE('',(#797),#7860,.F.);
#8145=ADVANCED_FACE('',(#798),#441,.T.);
#8146=ADVANCED_FACE('',(#799),#442,.T.);
#8147=ADVANCED_FACE('',(#800),#443,.T.);
#8148=ADVANCED_FACE('',(#801),#7861,.T.);
#8149=ADVANCED_FACE('',(#802),#7862,.F.);
#8150=ADVANCED_FACE('',(#803),#7863,.T.);
#8151=ADVANCED_FACE('',(#804),#444,.T.);
#8152=ADVANCED_FACE('',(#805),#7864,.F.);
#8153=ADVANCED_FACE('',(#806),#145,.T.);
#8154=ADVANCED_FACE('',(#807),#7865,.T.);
#8155=ADVANCED_FACE('',(#808),#146,.T.);
#8156=ADVANCED_FACE('',(#809),#7866,.F.);
#8157=ADVANCED_FACE('',(#810),#7867,.F.);
#8158=ADVANCED_FACE('',(#811),#147,.T.);
#8159=ADVANCED_FACE('',(#812),#7868,.T.);
#8160=ADVANCED_FACE('',(#813),#7869,.F.);
#8161=ADVANCED_FACE('',(#814),#148,.T.);
#8162=ADVANCED_FACE('',(#815),#7870,.T.);
#8163=ADVANCED_FACE('',(#816),#149,.T.);
#8164=ADVANCED_FACE('',(#817),#7871,.F.);
#8165=ADVANCED_FACE('',(#818),#445,.F.);
#8166=ADVANCED_FACE('',(#819),#446,.F.);
#8167=ADVANCED_FACE('',(#820),#7872,.F.);
#8168=ADVANCED_FACE('',(#821),#7873,.F.);
#8169=ADVANCED_FACE('',(#822),#447,.F.);
#8170=ADVANCED_FACE('',(#823),#7874,.F.);
#8171=ADVANCED_FACE('',(#824),#448,.F.);
#8172=ADVANCED_FACE('',(#825),#449,.F.);
#8173=ADVANCED_FACE('',(#826),#450,.F.);
#8174=ADVANCED_FACE('',(#827),#451,.F.);
#8175=ADVANCED_FACE('',(#828),#452,.F.);
#8176=ADVANCED_FACE('',(#829,#369),#453,.T.);
#8177=ADVANCED_FACE('',(#830),#454,.F.);
#8178=ADVANCED_FACE('',(#831),#7875,.F.);
#8179=ADVANCED_FACE('',(#832),#455,.F.);
#8180=ADVANCED_FACE('',(#833),#456,.T.);
#8181=ADVANCED_FACE('',(#834),#7876,.F.);
#8182=ADVANCED_FACE('',(#835),#7877,.F.);
#8183=ADVANCED_FACE('',(#836),#7878,.F.);
#8184=ADVANCED_FACE('',(#837),#7879,.F.);
#8185=ADVANCED_FACE('',(#838),#7880,.F.);
#8186=ADVANCED_FACE('',(#839),#7881,.F.);
#8187=ADVANCED_FACE('',(#840),#7882,.F.);
#8188=ADVANCED_FACE('',(#841),#7883,.F.);
#8189=ADVANCED_FACE('',(#842),#457,.F.);
#8190=ADVANCED_FACE('',(#843),#458,.T.);
#8191=ADVANCED_FACE('',(#844,#370),#459,.T.);
#8192=ADVANCED_FACE('',(#845),#460,.F.);
#8193=ADVANCED_FACE('',(#846),#7884,.F.);
#8194=ADVANCED_FACE('',(#847),#7885,.T.);
#8195=ADVANCED_FACE('',(#848),#461,.T.);
#8196=ADVANCED_FACE('',(#849),#7886,.T.);
#8197=ADVANCED_FACE('',(#850),#462,.T.);
#8198=ADVANCED_FACE('',(#851),#463,.T.);
#8199=ADVANCED_FACE('',(#852),#464,.F.);
#8200=ADVANCED_FACE('',(#853),#465,.F.);
#8201=ADVANCED_FACE('',(#854),#7887,.T.);
#8202=ADVANCED_FACE('',(#855),#466,.F.);
#8203=ADVANCED_FACE('',(#856),#467,.F.);
#8204=ADVANCED_FACE('',(#857),#468,.T.);
#8205=ADVANCED_FACE('',(#858),#7888,.T.);
#8206=ADVANCED_FACE('',(#859),#469,.T.);
#8207=ADVANCED_FACE('',(#860),#470,.T.);
#8208=ADVANCED_FACE('',(#861),#471,.T.);
#8209=ADVANCED_FACE('',(#862),#7889,.T.);
#8210=ADVANCED_FACE('',(#863),#472,.T.);
#8211=ADVANCED_FACE('',(#864),#473,.T.);
#8212=ADVANCED_FACE('',(#865),#474,.F.);
#8213=ADVANCED_FACE('',(#866),#7890,.T.);
#8214=ADVANCED_FACE('',(#867),#475,.F.);
#8215=ADVANCED_FACE('',(#868),#476,.F.);
#8216=ADVANCED_FACE('',(#869),#477,.F.);
#8217=ADVANCED_FACE('',(#870),#7891,.T.);
#8218=ADVANCED_FACE('',(#871),#478,.F.);
#8219=ADVANCED_FACE('',(#872),#479,.F.);
#8220=ADVANCED_FACE('',(#873),#7892,.T.);
#8221=ADVANCED_FACE('',(#874),#480,.F.);
#8222=ADVANCED_FACE('',(#875),#481,.F.);
#8223=ADVANCED_FACE('',(#876),#482,.T.);
#8224=ADVANCED_FACE('',(#877),#7893,.F.);
#8225=ADVANCED_FACE('',(#878),#483,.T.);
#8226=ADVANCED_FACE('',(#879),#484,.F.);
#8227=ADVANCED_FACE('',(#880),#485,.F.);
#8228=ADVANCED_FACE('',(#881),#486,.F.);
#8229=ADVANCED_FACE('',(#882),#487,.F.);
#8230=ADVANCED_FACE('',(#883),#488,.F.);
#8231=ADVANCED_FACE('',(#884),#489,.F.);
#8232=ADVANCED_FACE('',(#885),#490,.F.);
#8233=ADVANCED_FACE('',(#886),#491,.F.);
#8234=ADVANCED_FACE('',(#887),#492,.F.);
#8235=ADVANCED_FACE('',(#888),#493,.F.);
#8236=ADVANCED_FACE('',(#889),#494,.F.);
#8237=ADVANCED_FACE('',(#890),#495,.F.);
#8238=ADVANCED_FACE('',(#891),#496,.F.);
#8239=ADVANCED_FACE('',(#892),#497,.F.);
#8240=ADVANCED_FACE('',(#893),#498,.F.);
#8241=ADVANCED_FACE('',(#894),#499,.F.);
#8242=ADVANCED_FACE('',(#895),#500,.F.);
#8243=ADVANCED_FACE('',(#896),#501,.F.);
#8244=ADVANCED_FACE('',(#897),#502,.F.);
#8245=ADVANCED_FACE('',(#898),#503,.F.);
#8246=ADVANCED_FACE('',(#899),#504,.F.);
#8247=ADVANCED_FACE('',(#900),#505,.F.);
#8248=ADVANCED_FACE('',(#901),#506,.F.);
#8249=ADVANCED_FACE('',(#902),#507,.F.);
#8250=ADVANCED_FACE('',(#903),#508,.F.);
#8251=ADVANCED_FACE('',(#904),#7894,.F.);
#8252=ADVANCED_FACE('',(#905),#7895,.F.);
#8253=ADVANCED_FACE('',(#906),#7896,.F.);
#8254=ADVANCED_FACE('',(#907),#509,.F.);
#8255=ADVANCED_FACE('',(#908),#510,.F.);
#8256=ADVANCED_FACE('',(#909),#7897,.T.);
#8257=ADVANCED_FACE('',(#910),#7898,.T.);
#8258=ADVANCED_FACE('',(#911),#511,.T.);
#8259=ADVANCED_FACE('',(#912),#7899,.F.);
#8260=ADVANCED_FACE('',(#913),#7900,.F.);
#8261=ADVANCED_FACE('',(#914),#512,.T.);
#8262=ADVANCED_FACE('',(#915),#7901,.T.);
#8263=ADVANCED_FACE('',(#916),#513,.T.);
#8264=ADVANCED_FACE('',(#917),#514,.T.);
#8265=ADVANCED_FACE('',(#918),#515,.T.);
#8266=ADVANCED_FACE('',(#919),#516,.T.);
#8267=ADVANCED_FACE('',(#920),#517,.T.);
#8268=ADVANCED_FACE('',(#921),#518,.T.);
#8269=ADVANCED_FACE('',(#922),#7902,.F.);
#8270=ADVANCED_FACE('',(#923),#519,.T.);
#8271=ADVANCED_FACE('',(#924),#520,.T.);
#8272=ADVANCED_FACE('',(#925),#7903,.F.);
#8273=ADVANCED_FACE('',(#926),#7904,.T.);
#8274=ADVANCED_FACE('',(#927,#371),#521,.T.);
#8275=ADVANCED_FACE('',(#928),#7905,.F.);
#8276=ADVANCED_FACE('',(#929),#7906,.F.);
#8277=ADVANCED_FACE('',(#930,#372),#522,.T.);
#8278=ADVANCED_FACE('',(#931),#7907,.F.);
#8279=ADVANCED_FACE('',(#932),#523,.T.);
#8280=ADVANCED_FACE('',(#933),#524,.T.);
#8281=ADVANCED_FACE('',(#934),#525,.T.);
#8282=ADVANCED_FACE('',(#935),#526,.T.);
#8283=ADVANCED_FACE('',(#936),#527,.T.);
#8284=ADVANCED_FACE('',(#937),#528,.T.);
#8285=ADVANCED_FACE('',(#938),#529,.T.);
#8286=ADVANCED_FACE('',(#939),#530,.T.);
#8287=ADVANCED_FACE('',(#940),#531,.T.);
#8288=ADVANCED_FACE('',(#941),#532,.T.);
#8289=ADVANCED_FACE('',(#942),#7908,.T.);
#8290=ADVANCED_FACE('',(#943),#533,.T.);
#8291=ADVANCED_FACE('',(#944),#7909,.F.);
#8292=ADVANCED_FACE('',(#945),#7910,.F.);
#8293=ADVANCED_FACE('',(#946),#7911,.F.);
#8294=ADVANCED_FACE('',(#947),#534,.F.);
#8295=ADVANCED_FACE('',(#948),#7912,.F.);
#8296=ADVANCED_FACE('',(#949),#535,.T.);
#8297=ADVANCED_FACE('',(#950),#7913,.T.);
#8298=ADVANCED_FACE('',(#951),#7914,.T.);
#8299=ADVANCED_FACE('',(#952),#7915,.F.);
#8300=ADVANCED_FACE('',(#953),#536,.F.);
#8301=ADVANCED_FACE('',(#954),#7916,.T.);
#8302=ADVANCED_FACE('',(#955),#7917,.F.);
#8303=ADVANCED_FACE('',(#956),#537,.T.);
#8304=ADVANCED_FACE('',(#957),#7918,.T.);
#8305=ADVANCED_FACE('',(#958),#538,.F.);
#8306=ADVANCED_FACE('',(#959),#539,.F.);
#8307=ADVANCED_FACE('',(#960),#540,.T.);
#8308=ADVANCED_FACE('',(#961),#541,.T.);
#8309=ADVANCED_FACE('',(#962),#542,.T.);
#8310=ADVANCED_FACE('',(#963),#543,.T.);
#8311=ADVANCED_FACE('',(#964),#544,.T.);
#8312=ADVANCED_FACE('',(#965),#7919,.F.);
#8313=ADVANCED_FACE('',(#966),#545,.F.);
#8314=ADVANCED_FACE('',(#967,#373,#374),#546,.F.);
#8315=ADVANCED_FACE('',(#968),#7920,.T.);
#8316=ADVANCED_FACE('',(#969,#375),#547,.T.);
#8317=ADVANCED_FACE('',(#970),#7921,.F.);
#8318=ADVANCED_FACE('',(#971,#376),#548,.T.);
#8319=ADVANCED_FACE('',(#972),#7922,.F.);
#8320=ADVANCED_FACE('',(#973,#377),#549,.T.);
#8321=ADVANCED_FACE('',(#974),#7923,.F.);
#8322=ADVANCED_FACE('',(#975,#378),#550,.T.);
#8323=ADVANCED_FACE('',(#976),#7924,.F.);
#8324=ADVANCED_FACE('',(#977),#7925,.F.);
#8325=ADVANCED_FACE('',(#978),#7926,.F.);
#8326=ADVANCED_FACE('',(#979),#551,.F.);
#8327=ADVANCED_FACE('',(#980),#552,.F.);
#8328=ADVANCED_FACE('',(#981),#553,.F.);
#8329=ADVANCED_FACE('',(#982),#554,.F.);
#8330=ADVANCED_FACE('',(#983),#555,.F.);
#8331=ADVANCED_FACE('',(#984),#556,.F.);
#8332=ADVANCED_FACE('',(#985),#557,.F.);
#8333=ADVANCED_FACE('',(#986),#558,.F.);
#8334=ADVANCED_FACE('',(#987),#559,.F.);
#8335=ADVANCED_FACE('',(#988),#560,.F.);
#8336=ADVANCED_FACE('',(#989),#561,.F.);
#8337=ADVANCED_FACE('',(#990),#562,.F.);
#8338=ADVANCED_FACE('',(#991),#7927,.T.);
#8339=ADVANCED_FACE('',(#992),#90,.T.);
#8340=ADVANCED_FACE('',(#993),#7928,.T.);
#8341=ADVANCED_FACE('',(#994),#91,.T.);
#8342=ADVANCED_FACE('',(#995),#7929,.T.);
#8343=ADVANCED_FACE('',(#996),#92,.T.);
#8344=ADVANCED_FACE('',(#997),#7930,.T.);
#8345=ADVANCED_FACE('',(#998),#563,.T.);
#8346=ADVANCED_FACE('',(#999),#564,.F.);
#8347=ADVANCED_FACE('',(#1000),#7931,.T.);
#8348=ADVANCED_FACE('',(#1001),#93,.T.);
#8349=ADVANCED_FACE('',(#1002),#7932,.T.);
#8350=ADVANCED_FACE('',(#1003),#94,.T.);
#8351=ADVANCED_FACE('',(#1004),#7933,.T.);
#8352=ADVANCED_FACE('',(#1005),#95,.T.);
#8353=ADVANCED_FACE('',(#1006),#7934,.T.);
#8354=ADVANCED_FACE('',(#1007),#565,.T.);
#8355=ADVANCED_FACE('',(#1008),#566,.T.);
#8356=ADVANCED_FACE('',(#1009),#567,.F.);
#8357=ADVANCED_FACE('',(#1010),#568,.F.);
#8358=ADVANCED_FACE('',(#1011),#7935,.F.);
#8359=ADVANCED_FACE('',(#1012),#569,.T.);
#8360=ADVANCED_FACE('',(#1013),#7936,.T.);
#8361=ADVANCED_FACE('',(#1014),#570,.T.);
#8362=ADVANCED_FACE('',(#1015),#571,.F.);
#8363=ADVANCED_FACE('',(#1016),#572,.F.);
#8364=ADVANCED_FACE('',(#1017),#7937,.F.);
#8365=ADVANCED_FACE('',(#1018),#573,.F.);
#8366=ADVANCED_FACE('',(#1019),#574,.F.);
#8367=ADVANCED_FACE('',(#1020),#575,.F.);
#8368=ADVANCED_FACE('',(#1021),#576,.F.);
#8369=ADVANCED_FACE('',(#1022),#577,.F.);
#8370=ADVANCED_FACE('',(#1023),#7938,.T.);
#8371=ADVANCED_FACE('',(#1024),#578,.T.);
#8372=ADVANCED_FACE('',(#1025),#579,.F.);
#8373=ADVANCED_FACE('',(#1026),#7939,.T.);
#8374=ADVANCED_FACE('',(#1027),#580,.T.);
#8375=ADVANCED_FACE('',(#1028),#581,.F.);
#8376=ADVANCED_FACE('',(#1029),#7940,.T.);
#8377=ADVANCED_FACE('',(#1030),#582,.T.);
#8378=ADVANCED_FACE('',(#1031),#583,.F.);
#8379=ADVANCED_FACE('',(#1032),#584,.T.);
#8380=ADVANCED_FACE('',(#1033),#585,.T.);
#8381=ADVANCED_FACE('',(#1034),#586,.T.);
#8382=ADVANCED_FACE('',(#1035),#587,.T.);
#8383=ADVANCED_FACE('',(#1036),#588,.T.);
#8384=ADVANCED_FACE('',(#1037),#589,.F.);
#8385=ADVANCED_FACE('',(#1038),#96,.T.);
#8386=ADVANCED_FACE('',(#1039),#7941,.T.);
#8387=ADVANCED_FACE('',(#1040),#590,.T.);
#8388=ADVANCED_FACE('',(#1041),#97,.T.);
#8389=ADVANCED_FACE('',(#1042),#591,.T.);
#8390=ADVANCED_FACE('',(#1043),#592,.T.);
#8391=ADVANCED_FACE('',(#1044),#593,.F.);
#8392=ADVANCED_FACE('',(#1045),#594,.T.);
#8393=CLOSED_SHELL('',(#7942,#7943,#7944,#7945,#7946,#7947,#7948,#7949));
#8394=CLOSED_SHELL('',(#7950,#7951,#7952,#7953,#7954,#7955,#7956,#7957,
#7958,#7959,#7960,#7961));
#8395=CLOSED_SHELL('',(#7962,#7963,#7964,#7965,#7966,#7967,#7968,#7969,
#7970,#7971,#7972,#7973));
#8396=CLOSED_SHELL('',(#7974,#7975,#7976,#7977,#7978,#7979,#7980,#7981,
#7982,#7983,#7984,#7985,#7986,#7987,#7988,#7989,#7990,#7991,#7992,#7993,
#7994,#7995,#7996,#7997,#7998,#7999,#8000,#8001,#8002,#8003,#8004,#8005,
#8006,#8007,#8008,#8009,#8010,#8011,#8012,#8013,#8014,#8015,#8016,#8017,
#8018,#8019,#8020,#8021,#8022,#8023,#8024,#8025,#8026,#8027,#8028,#8029,
#8030,#8031,#8032,#8033,#8034,#8035,#8036,#8037,#8038,#8039,#8040,#8041,
#8042,#8043,#8044,#8045,#8046,#8047,#8048,#8049,#8050,#8051,#8052,#8053,
#8054,#8055,#8056,#8057,#8058,#8059,#8060,#8061,#8062,#8063,#8064,#8065,
#8066,#8067,#8068,#8069,#8070,#8071,#8072,#8073,#8074,#8075,#8076,#8077,
#8078,#8079,#8080,#8081,#8082,#8083,#8084,#8085,#8086,#8087,#8088,#8089,
#8090,#8091,#8092,#8093,#8094,#8095,#8096,#8097,#8098,#8099,#8100,#8101,
#8102,#8103,#8104,#8105,#8106,#8107,#8108,#8109,#8110,#8111,#8112,#8113,
#8114,#8115,#8116,#8117,#8118,#8119,#8120,#8121,#8122,#8123,#8124,#8125,
#8126,#8127,#8128,#8129,#8130,#8131,#8132,#8133,#8134,#8135,#8136,#8137,
#8138,#8139,#8140,#8141,#8142,#8143,#8144,#8145,#8146,#8147,#8148,#8149,
#8150,#8151,#8152,#8153,#8154,#8155,#8156,#8157,#8158,#8159,#8160,#8161,
#8162,#8163));
#8397=CLOSED_SHELL('',(#8164,#8165,#8166,#8167,#8168,#8169,#8170,#8171,
#8172,#8173,#8174,#8175,#8176,#8177,#8178,#8179,#8180,#8181,#8182,#8183,
#8184,#8185,#8186,#8187,#8188,#8189,#8190,#8191,#8192,#8193,#8194,#8195,
#8196,#8197,#8198,#8199,#8200,#8201,#8202,#8203,#8204,#8205,#8206,#8207,
#8208,#8209,#8210,#8211,#8212,#8213,#8214,#8215,#8216,#8217,#8218,#8219,
#8220,#8221,#8222,#8223,#8224,#8225,#8226,#8227,#8228,#8229,#8230,#8231,
#8232,#8233,#8234,#8235,#8236,#8237,#8238,#8239,#8240,#8241,#8242,#8243,
#8244,#8245,#8246,#8247,#8248,#8249,#8250,#8251,#8252,#8253,#8254,#8255,
#8256,#8257,#8258,#8259,#8260,#8261,#8262,#8263,#8264,#8265,#8266,#8267,
#8268,#8269,#8270,#8271,#8272,#8273,#8274,#8275,#8276,#8277,#8278,#8279,
#8280,#8281,#8282,#8283,#8284,#8285,#8286,#8287,#8288,#8289,#8290));
#8398=CLOSED_SHELL('',(#8291,#8292,#8293,#8294,#8295,#8296,#8297,#8298,
#8299,#8300,#8301,#8302,#8303,#8304,#8305,#8306,#8307,#8308,#8309,#8310,
#8311,#8312,#8313,#8314,#8315,#8316,#8317,#8318,#8319,#8320,#8321,#8322,
#8323,#8324,#8325,#8326,#8327,#8328,#8329,#8330,#8331,#8332,#8333,#8334,
#8335,#8336));
#8399=CLOSED_SHELL('',(#8337,#8338,#8339,#8340,#8341,#8342,#8343,#8344,
#8345));
#8400=CLOSED_SHELL('',(#8346,#8347,#8348,#8349,#8350,#8351,#8352,#8353,
#8354));
#8401=CLOSED_SHELL('',(#8355,#8356,#8357,#8358,#8359,#8360,#8361,#8362,
#8363,#8364,#8365,#8366,#8367,#8368,#8369));
#8402=CLOSED_SHELL('',(#8370,#8371,#8372));
#8403=CLOSED_SHELL('',(#8373,#8374,#8375));
#8404=CLOSED_SHELL('',(#8376,#8377,#8378));
#8405=CLOSED_SHELL('',(#8379,#8380,#8381,#8382,#8383,#8384));
#8406=CLOSED_SHELL('',(#8385,#8386,#8387,#8388,#8389,#8390,#8391,#8392));
#8407=DERIVED_UNIT_ELEMENT(#8425,1.);
#8408=DERIVED_UNIT_ELEMENT(#15258,-3.);
#8409=DERIVED_UNIT_ELEMENT(#8425,1.);
#8410=DERIVED_UNIT_ELEMENT(#15258,-3.);
#8411=DERIVED_UNIT_ELEMENT(#8425,1.);
#8412=DERIVED_UNIT_ELEMENT(#15258,-3.);
#8413=DERIVED_UNIT_ELEMENT(#8425,1.);
#8414=DERIVED_UNIT_ELEMENT(#15258,-3.);
#8415=DERIVED_UNIT_ELEMENT(#8425,1.);
#8416=DERIVED_UNIT_ELEMENT(#15258,-3.);
#8417=DERIVED_UNIT_ELEMENT(#8425,1.);
#8418=DERIVED_UNIT_ELEMENT(#15258,-3.);
#8419=DERIVED_UNIT_ELEMENT(#8425,1.);
#8420=DERIVED_UNIT_ELEMENT(#15258,-3.);
#8421=DERIVED_UNIT_ELEMENT(#8425,1.);
#8422=DERIVED_UNIT_ELEMENT(#15258,-3.);
#8423=DERIVED_UNIT_ELEMENT(#8425,1.);
#8424=DERIVED_UNIT_ELEMENT(#15258,-3.);
#8425=(
MASS_UNIT()
NAMED_UNIT(*)
SI_UNIT(.KILO.,.GRAM.)
);
#8426=DERIVED_UNIT((#8407,#8408));
#8427=DERIVED_UNIT((#8409,#8410));
#8428=DERIVED_UNIT((#8411,#8412));
#8429=DERIVED_UNIT((#8413,#8414));
#8430=DERIVED_UNIT((#8415,#8416));
#8431=DERIVED_UNIT((#8417,#8418));
#8432=DERIVED_UNIT((#8419,#8420));
#8433=DERIVED_UNIT((#8421,#8422));
#8434=DERIVED_UNIT((#8423,#8424));
#8435=MEASURE_REPRESENTATION_ITEM('density measure',
POSITIVE_RATIO_MEASURE(7850.),#8426);
#8436=MEASURE_REPRESENTATION_ITEM('density measure',
POSITIVE_RATIO_MEASURE(7850.),#8427);
#8437=MEASURE_REPRESENTATION_ITEM('density measure',
POSITIVE_RATIO_MEASURE(7850.),#8428);
#8438=MEASURE_REPRESENTATION_ITEM('density measure',
POSITIVE_RATIO_MEASURE(7850.),#8429);
#8439=MEASURE_REPRESENTATION_ITEM('density measure',
POSITIVE_RATIO_MEASURE(7850.),#8430);
#8440=MEASURE_REPRESENTATION_ITEM('density measure',
POSITIVE_RATIO_MEASURE(7850.),#8431);
#8441=MEASURE_REPRESENTATION_ITEM('density measure',
POSITIVE_RATIO_MEASURE(7850.),#8432);
#8442=MEASURE_REPRESENTATION_ITEM('density measure',
POSITIVE_RATIO_MEASURE(7850.),#8433);
#8443=MEASURE_REPRESENTATION_ITEM('density measure',
POSITIVE_RATIO_MEASURE(7850.),#8434);
#8444=PROPERTY_DEFINITION_REPRESENTATION(#8489,#8462);
#8445=PROPERTY_DEFINITION_REPRESENTATION(#8490,#8463);
#8446=PROPERTY_DEFINITION_REPRESENTATION(#8491,#8464);
#8447=PROPERTY_DEFINITION_REPRESENTATION(#8492,#8465);
#8448=PROPERTY_DEFINITION_REPRESENTATION(#8493,#8466);
#8449=PROPERTY_DEFINITION_REPRESENTATION(#8494,#8467);
#8450=PROPERTY_DEFINITION_REPRESENTATION(#8495,#8468);
#8451=PROPERTY_DEFINITION_REPRESENTATION(#8496,#8469);
#8452=PROPERTY_DEFINITION_REPRESENTATION(#8497,#8470);
#8453=PROPERTY_DEFINITION_REPRESENTATION(#8498,#8471);
#8454=PROPERTY_DEFINITION_REPRESENTATION(#8499,#8472);
#8455=PROPERTY_DEFINITION_REPRESENTATION(#8500,#8473);
#8456=PROPERTY_DEFINITION_REPRESENTATION(#8501,#8474);
#8457=PROPERTY_DEFINITION_REPRESENTATION(#8502,#8475);
#8458=PROPERTY_DEFINITION_REPRESENTATION(#8503,#8476);
#8459=PROPERTY_DEFINITION_REPRESENTATION(#8504,#8477);
#8460=PROPERTY_DEFINITION_REPRESENTATION(#8505,#8478);
#8461=PROPERTY_DEFINITION_REPRESENTATION(#8506,#8479);
#8462=REPRESENTATION('material name',(#8480),#15246);
#8463=REPRESENTATION('density',(#8435),#15246);
#8464=REPRESENTATION('material name',(#8481),#15247);
#8465=REPRESENTATION('density',(#8436),#15247);
#8466=REPRESENTATION('material name',(#8482),#15248);
#8467=REPRESENTATION('density',(#8437),#15248);
#8468=REPRESENTATION('material name',(#8483),#15249);
#8469=REPRESENTATION('density',(#8438),#15249);
#8470=REPRESENTATION('material name',(#8484),#15250);
#8471=REPRESENTATION('density',(#8439),#15250);
#8472=REPRESENTATION('material name',(#8485),#15251);
#8473=REPRESENTATION('density',(#8440),#15251);
#8474=REPRESENTATION('material name',(#8486),#15252);
#8475=REPRESENTATION('density',(#8441),#15252);
#8476=REPRESENTATION('material name',(#8487),#15253);
#8477=REPRESENTATION('density',(#8442),#15253);
#8478=REPRESENTATION('material name',(#8488),#15255);
#8479=REPRESENTATION('density',(#8443),#15255);
#8480=DESCRIPTIVE_REPRESENTATION_ITEM('Steel','Steel');
#8481=DESCRIPTIVE_REPRESENTATION_ITEM('Steel','Steel');
#8482=DESCRIPTIVE_REPRESENTATION_ITEM('Steel','Steel');
#8483=DESCRIPTIVE_REPRESENTATION_ITEM('Steel','Steel');
#8484=DESCRIPTIVE_REPRESENTATION_ITEM('Steel','Steel');
#8485=DESCRIPTIVE_REPRESENTATION_ITEM('Steel','Steel');
#8486=DESCRIPTIVE_REPRESENTATION_ITEM('Steel','Steel');
#8487=DESCRIPTIVE_REPRESENTATION_ITEM('Steel','Steel');
#8488=DESCRIPTIVE_REPRESENTATION_ITEM('Steel','Steel');
#8489=PROPERTY_DEFINITION('material property','material name',#15315);
#8490=PROPERTY_DEFINITION('material property','density of part',#15315);
#8491=PROPERTY_DEFINITION('material property','material name',#15316);
#8492=PROPERTY_DEFINITION('material property','density of part',#15316);
#8493=PROPERTY_DEFINITION('material property','material name',#15317);
#8494=PROPERTY_DEFINITION('material property','density of part',#15317);
#8495=PROPERTY_DEFINITION('material property','material name',#15318);
#8496=PROPERTY_DEFINITION('material property','density of part',#15318);
#8497=PROPERTY_DEFINITION('material property','material name',#15319);
#8498=PROPERTY_DEFINITION('material property','density of part',#15319);
#8499=PROPERTY_DEFINITION('material property','material name',#15320);
#8500=PROPERTY_DEFINITION('material property','density of part',#15320);
#8501=PROPERTY_DEFINITION('material property','material name',#15321);
#8502=PROPERTY_DEFINITION('material property','density of part',#15321);
#8503=PROPERTY_DEFINITION('material property','material name',#15322);
#8504=PROPERTY_DEFINITION('material property','density of part',#15322);
#8505=PROPERTY_DEFINITION('material property','material name',#15324);
#8506=PROPERTY_DEFINITION('material property','density of part',#15324);
#8507=AXIS2_PLACEMENT_3D('',#11676,#9330,#9331);
#8508=AXIS2_PLACEMENT_3D('',#11677,#9332,#9333);
#8509=AXIS2_PLACEMENT_3D('',#11678,#9334,#9335);
#8510=AXIS2_PLACEMENT_3D('',#11680,#9336,#9337);
#8511=AXIS2_PLACEMENT_3D('',#11683,#9339,#9340);
#8512=AXIS2_PLACEMENT_3D('',#11684,#9341,#9342);
#8513=AXIS2_PLACEMENT_3D('',#11687,#9343,#9344);
#8514=AXIS2_PLACEMENT_3D('',#11688,#9345,#9346);
#8515=AXIS2_PLACEMENT_3D('',#11692,#9348,#9349);
#8516=AXIS2_PLACEMENT_3D('',#11693,#9350,#9351);
#8517=AXIS2_PLACEMENT_3D('',#11694,#9352,#9353);
#8518=AXIS2_PLACEMENT_3D('',#11696,#9354,#9355);
#8519=AXIS2_PLACEMENT_3D('',#11697,#9356,#9357);
#8520=AXIS2_PLACEMENT_3D('',#11699,#9358,#9359);
#8521=AXIS2_PLACEMENT_3D('',#11700,#9360,#9361);
#8522=AXIS2_PLACEMENT_3D('',#11704,#9363,#9364);
#8523=AXIS2_PLACEMENT_3D('',#11705,#9365,#9366);
#8524=AXIS2_PLACEMENT_3D('',#11706,#9367,#9368);
#8525=AXIS2_PLACEMENT_3D('',#11708,#9370,#9371);
#8526=AXIS2_PLACEMENT_3D('',#11711,#9372,#9373);
#8527=AXIS2_PLACEMENT_3D('',#11713,#9375,#9376);
#8528=AXIS2_PLACEMENT_3D('',#11714,#9377,#9378);
#8529=AXIS2_PLACEMENT_3D('',#11716,#9380,#9381);
#8530=AXIS2_PLACEMENT_3D('',#11717,#9382,#9383);
#8531=AXIS2_PLACEMENT_3D('',#11719,#9384,#9385);
#8532=AXIS2_PLACEMENT_3D('',#11720,#9386,#9387);
#8533=AXIS2_PLACEMENT_3D('',#11722,#9388,#9389);
#8534=AXIS2_PLACEMENT_3D('',#11724,#9390,#9391);
#8535=AXIS2_PLACEMENT_3D('',#11725,#9392,#9393);
#8536=AXIS2_PLACEMENT_3D('',#11727,#9394,#9395);
#8537=AXIS2_PLACEMENT_3D('',#11729,#9397,#9398);
#8538=AXIS2_PLACEMENT_3D('',#11731,#9400,#9401);
#8539=AXIS2_PLACEMENT_3D('',#11744,#9408,#9409);
#8540=AXIS2_PLACEMENT_3D('',#11750,#9413,#9414);
#8541=AXIS2_PLACEMENT_3D('',#11754,#9417,#9418);
#8542=AXIS2_PLACEMENT_3D('',#11758,#9421,#9422);
#8543=AXIS2_PLACEMENT_3D('',#11764,#9426,#9427);
#8544=AXIS2_PLACEMENT_3D('',#11766,#9429,#9430);
#8545=AXIS2_PLACEMENT_3D('',#11768,#9432,#9433);
#8546=AXIS2_PLACEMENT_3D('',#11769,#9434,#9435);
#8547=AXIS2_PLACEMENT_3D('',#11770,#9436,#9437);
#8548=AXIS2_PLACEMENT_3D('',#11772,#9438,#9439);
#8549=AXIS2_PLACEMENT_3D('',#11773,#9440,#9441);
#8550=AXIS2_PLACEMENT_3D('',#11775,#9442,#9443);
#8551=AXIS2_PLACEMENT_3D('',#11777,#9444,#9445);
#8552=AXIS2_PLACEMENT_3D('',#11778,#9446,#9447);
#8553=AXIS2_PLACEMENT_3D('',#11780,#9448,#9449);
#8554=AXIS2_PLACEMENT_3D('',#11782,#9451,#9452);
#8555=AXIS2_PLACEMENT_3D('',#11784,#9454,#9455);
#8556=AXIS2_PLACEMENT_3D('',#11797,#9462,#9463);
#8557=AXIS2_PLACEMENT_3D('',#11803,#9467,#9468);
#8558=AXIS2_PLACEMENT_3D('',#11807,#9471,#9472);
#8559=AXIS2_PLACEMENT_3D('',#11811,#9475,#9476);
#8560=AXIS2_PLACEMENT_3D('',#11817,#9480,#9481);
#8561=AXIS2_PLACEMENT_3D('',#11819,#9483,#9484);
#8562=AXIS2_PLACEMENT_3D('',#11821,#9486,#9487);
#8563=AXIS2_PLACEMENT_3D('',#11822,#9488,#9489);
#8564=AXIS2_PLACEMENT_3D('',#11823,#9490,#9491);
#8565=AXIS2_PLACEMENT_3D('',#11826,#9492,#9493);
#8566=AXIS2_PLACEMENT_3D('',#11830,#9495,#9496);
#8567=AXIS2_PLACEMENT_3D('',#11832,#9498,#9499);
#8568=AXIS2_PLACEMENT_3D('',#11837,#9501,#9502);
#8569=AXIS2_PLACEMENT_3D('',#11840,#9504,#9505);
#8570=AXIS2_PLACEMENT_3D('',#11841,#9506,#9507);
#8571=AXIS2_PLACEMENT_3D('',#11847,#9511,#9512);
#8572=AXIS2_PLACEMENT_3D('',#11853,#9516,#9517);
#8573=AXIS2_PLACEMENT_3D('',#11857,#9519,#9520);
#8574=AXIS2_PLACEMENT_3D('',#11859,#9521,#9522);
#8575=AXIS2_PLACEMENT_3D('',#11866,#9523,#9524);
#8576=AXIS2_PLACEMENT_3D('',#11873,#9525,#9526);
#8577=AXIS2_PLACEMENT_3D('',#11875,#9527,#9528);
#8578=AXIS2_PLACEMENT_3D('',#11882,#9529,#9530);
#8579=AXIS2_PLACEMENT_3D('',#11891,#9531,#9532);
#8580=AXIS2_PLACEMENT_3D('',#11893,#9533,#9534);
#8581=AXIS2_PLACEMENT_3D('',#11900,#9535,#9536);
#8582=AXIS2_PLACEMENT_3D('',#11909,#9537,#9538);
#8583=AXIS2_PLACEMENT_3D('',#11911,#9539,#9540);
#8584=AXIS2_PLACEMENT_3D('',#11920,#9541,#9542);
#8585=AXIS2_PLACEMENT_3D('',#11927,#9543,#9544);
#8586=AXIS2_PLACEMENT_3D('',#11929,#9545,#9546);
#8587=AXIS2_PLACEMENT_3D('',#11938,#9547,#9548);
#8588=AXIS2_PLACEMENT_3D('',#11941,#9550,#9551);
#8589=AXIS2_PLACEMENT_3D('',#11942,#9552,#9553);
#8590=AXIS2_PLACEMENT_3D('',#11946,#9556,#9557);
#8591=AXIS2_PLACEMENT_3D('',#11954,#9562,#9563);
#8592=AXIS2_PLACEMENT_3D('',#11962,#9568,#9569);
#8593=AXIS2_PLACEMENT_3D('',#11963,#9570,#9571);
#8594=AXIS2_PLACEMENT_3D('',#11964,#9572,#9573);
#8595=AXIS2_PLACEMENT_3D('',#11965,#9574,#9575);
#8596=AXIS2_PLACEMENT_3D('',#11974,#9580,#9581);
#8597=AXIS2_PLACEMENT_3D('',#11980,#9585,#9586);
#8598=AXIS2_PLACEMENT_3D('',#11986,#9590,#9591);
#8599=AXIS2_PLACEMENT_3D('',#11995,#9596,#9597);
#8600=AXIS2_PLACEMENT_3D('',#12001,#9601,#9602);
#8601=AXIS2_PLACEMENT_3D('',#12007,#9606,#9607);
#8602=AXIS2_PLACEMENT_3D('',#12010,#9610,#9611);
#8603=AXIS2_PLACEMENT_3D('',#12016,#9615,#9616);
#8604=AXIS2_PLACEMENT_3D('',#12022,#9619,#9620);
#8605=AXIS2_PLACEMENT_3D('',#12024,#9621,#9622);
#8606=AXIS2_PLACEMENT_3D('',#12026,#9623,#9624);
#8607=AXIS2_PLACEMENT_3D('',#12030,#9626,#9627);
#8608=AXIS2_PLACEMENT_3D('',#12039,#9628,#9629);
#8609=AXIS2_PLACEMENT_3D('',#12048,#9630,#9631);
#8610=AXIS2_PLACEMENT_3D('',#12050,#9632,#9633);
#8611=AXIS2_PLACEMENT_3D('',#12059,#9634,#9635);
#8612=AXIS2_PLACEMENT_3D('',#12061,#9636,#9637);
#8613=AXIS2_PLACEMENT_3D('',#12068,#9638,#9639);
#8614=AXIS2_PLACEMENT_3D('',#12070,#9640,#9641);
#8615=AXIS2_PLACEMENT_3D('',#12079,#9642,#9643);
#8616=AXIS2_PLACEMENT_3D('',#12086,#9644,#9645);
#8617=AXIS2_PLACEMENT_3D('',#12088,#9646,#9647);
#8618=AXIS2_PLACEMENT_3D('',#12095,#9648,#9649);
#8619=AXIS2_PLACEMENT_3D('',#12104,#9650,#9651);
#8620=AXIS2_PLACEMENT_3D('',#12106,#9652,#9653);
#8621=AXIS2_PLACEMENT_3D('',#12113,#9654,#9655);
#8622=AXIS2_PLACEMENT_3D('',#12122,#9656,#9657);
#8623=AXIS2_PLACEMENT_3D('',#12124,#9658,#9659);
#8624=AXIS2_PLACEMENT_3D('',#12133,#9660,#9661);
#8625=AXIS2_PLACEMENT_3D('',#12142,#9662,#9663);
#8626=AXIS2_PLACEMENT_3D('',#12144,#9664,#9665);
#8627=AXIS2_PLACEMENT_3D('',#12153,#9666,#9667);
#8628=AXIS2_PLACEMENT_3D('',#12162,#9668,#9669);
#8629=AXIS2_PLACEMENT_3D('',#12164,#9670,#9671);
#8630=AXIS2_PLACEMENT_3D('',#12183,#9677,#9678);
#8631=AXIS2_PLACEMENT_3D('',#12192,#9679,#9680);
#8632=AXIS2_PLACEMENT_3D('',#12194,#9681,#9682);
#8633=AXIS2_PLACEMENT_3D('',#12203,#9683,#9684);
#8634=AXIS2_PLACEMENT_3D('',#12212,#9685,#9686);
#8635=AXIS2_PLACEMENT_3D('',#12214,#9687,#9688);
#8636=AXIS2_PLACEMENT_3D('',#12221,#9689,#9690);
#8637=AXIS2_PLACEMENT_3D('',#12230,#9691,#9692);
#8638=AXIS2_PLACEMENT_3D('',#12232,#9693,#9694);
#8639=AXIS2_PLACEMENT_3D('',#12239,#9695,#9696);
#8640=AXIS2_PLACEMENT_3D('',#12246,#9697,#9698);
#8641=AXIS2_PLACEMENT_3D('',#12248,#9699,#9700);
#8642=AXIS2_PLACEMENT_3D('',#12257,#9701,#9702);
#8643=AXIS2_PLACEMENT_3D('',#12264,#9703,#9704);
#8644=AXIS2_PLACEMENT_3D('',#12266,#9705,#9706);
#8645=AXIS2_PLACEMENT_3D('',#12273,#9707,#9708);
#8646=AXIS2_PLACEMENT_3D('',#12280,#9709,#9710);
#8647=AXIS2_PLACEMENT_3D('',#12282,#9711,#9712);
#8648=AXIS2_PLACEMENT_3D('',#12284,#9713,#9714);
#8649=AXIS2_PLACEMENT_3D('',#12290,#9717,#9718);
#8650=AXIS2_PLACEMENT_3D('',#12292,#9719,#9720);
#8651=AXIS2_PLACEMENT_3D('',#12301,#9721,#9722);
#8652=AXIS2_PLACEMENT_3D('',#12304,#9724,#9725);
#8653=AXIS2_PLACEMENT_3D('',#12306,#9726,#9727);
#8654=AXIS2_PLACEMENT_3D('',#12308,#9728,#9729);
#8655=AXIS2_PLACEMENT_3D('',#12310,#9730,#9731);
#8656=AXIS2_PLACEMENT_3D('',#12312,#9732,#9733);
#8657=AXIS2_PLACEMENT_3D('',#12314,#9734,#9735);
#8658=AXIS2_PLACEMENT_3D('',#12315,#9736,#9737);
#8659=AXIS2_PLACEMENT_3D('',#12321,#9741,#9742);
#8660=AXIS2_PLACEMENT_3D('',#12325,#9745,#9746);
#8661=AXIS2_PLACEMENT_3D('',#12329,#9749,#9750);
#8662=AXIS2_PLACEMENT_3D('',#12333,#9752,#9753);
#8663=AXIS2_PLACEMENT_3D('',#12342,#9754,#9755);
#8664=AXIS2_PLACEMENT_3D('',#12344,#9756,#9757);
#8665=AXIS2_PLACEMENT_3D('',#12350,#9760,#9761);
#8666=AXIS2_PLACEMENT_3D('',#12352,#9762,#9763);
#8667=AXIS2_PLACEMENT_3D('',#12354,#9764,#9765);
#8668=AXIS2_PLACEMENT_3D('',#12361,#9766,#9767);
#8669=AXIS2_PLACEMENT_3D('',#12368,#9768,#9769);
#8670=AXIS2_PLACEMENT_3D('',#12370,#9770,#9771);
#8671=AXIS2_PLACEMENT_3D('',#12377,#9772,#9773);
#8672=AXIS2_PLACEMENT_3D('',#12386,#9774,#9775);
#8673=AXIS2_PLACEMENT_3D('',#12388,#9776,#9777);
#8674=AXIS2_PLACEMENT_3D('',#12395,#9778,#9779);
#8675=AXIS2_PLACEMENT_3D('',#12402,#9780,#9781);
#8676=AXIS2_PLACEMENT_3D('',#12404,#9782,#9783);
#8677=AXIS2_PLACEMENT_3D('',#12413,#9784,#9785);
#8678=AXIS2_PLACEMENT_3D('',#12420,#9786,#9787);
#8679=AXIS2_PLACEMENT_3D('',#12422,#9788,#9789);
#8680=AXIS2_PLACEMENT_3D('',#12431,#9790,#9791);
#8681=AXIS2_PLACEMENT_3D('',#12440,#9792,#9793);
#8682=AXIS2_PLACEMENT_3D('',#12442,#9794,#9795);
#8683=AXIS2_PLACEMENT_3D('',#12451,#9796,#9797);
#8684=AXIS2_PLACEMENT_3D('',#12463,#9800,#9801);
#8685=AXIS2_PLACEMENT_3D('',#12465,#9802,#9803);
#8686=AXIS2_PLACEMENT_3D('',#12474,#9804,#9805);
#8687=AXIS2_PLACEMENT_3D('',#12483,#9806,#9807);
#8688=AXIS2_PLACEMENT_3D('',#12485,#9808,#9809);
#8689=AXIS2_PLACEMENT_3D('',#12494,#9810,#9811);
#8690=AXIS2_PLACEMENT_3D('',#12503,#9812,#9813);
#8691=AXIS2_PLACEMENT_3D('',#12505,#9814,#9815);
#8692=AXIS2_PLACEMENT_3D('',#12514,#9816,#9817);
#8693=AXIS2_PLACEMENT_3D('',#12521,#9818,#9819);
#8694=AXIS2_PLACEMENT_3D('',#12523,#9820,#9821);
#8695=AXIS2_PLACEMENT_3D('',#12532,#9822,#9823);
#8696=AXIS2_PLACEMENT_3D('',#12539,#9824,#9825);
#8697=AXIS2_PLACEMENT_3D('',#12541,#9826,#9827);
#8698=AXIS2_PLACEMENT_3D('',#12548,#9828,#9829);
#8699=AXIS2_PLACEMENT_3D('',#12557,#9830,#9831);
#8700=AXIS2_PLACEMENT_3D('',#12559,#9832,#9833);
#8701=AXIS2_PLACEMENT_3D('',#12566,#9834,#9835);
#8702=AXIS2_PLACEMENT_3D('',#12568,#9836,#9837);
#8703=AXIS2_PLACEMENT_3D('',#12577,#9838,#9839);
#8704=AXIS2_PLACEMENT_3D('',#12579,#9840,#9841);
#8705=AXIS2_PLACEMENT_3D('',#12588,#9842,#9843);
#8706=AXIS2_PLACEMENT_3D('',#12597,#9844,#9845);
#8707=AXIS2_PLACEMENT_3D('',#12601,#9847,#9848);
#8708=AXIS2_PLACEMENT_3D('',#12603,#9849,#9850);
#8709=AXIS2_PLACEMENT_3D('',#12605,#9851,#9852);
#8710=AXIS2_PLACEMENT_3D('',#12610,#9855,#9856);
#8711=AXIS2_PLACEMENT_3D('',#12612,#9857,#9858);
#8712=AXIS2_PLACEMENT_3D('',#12614,#9859,#9860);
#8713=AXIS2_PLACEMENT_3D('',#12616,#9861,#9862);
#8714=AXIS2_PLACEMENT_3D('',#12618,#9863,#9864);
#8715=AXIS2_PLACEMENT_3D('',#12620,#9865,#9866);
#8716=AXIS2_PLACEMENT_3D('',#12621,#9867,#9868);
#8717=AXIS2_PLACEMENT_3D('',#12623,#9870,#9871);
#8718=AXIS2_PLACEMENT_3D('',#12624,#9872,#9873);
#8719=AXIS2_PLACEMENT_3D('',#12626,#9874,#9875);
#8720=AXIS2_PLACEMENT_3D('',#12633,#9876,#9877);
#8721=AXIS2_PLACEMENT_3D('',#12640,#9878,#9879);
#8722=AXIS2_PLACEMENT_3D('',#12642,#9880,#9881);
#8723=AXIS2_PLACEMENT_3D('',#12651,#9882,#9883);
#8724=AXIS2_PLACEMENT_3D('',#12658,#9884,#9885);
#8725=AXIS2_PLACEMENT_3D('',#12660,#9886,#9887);
#8726=AXIS2_PLACEMENT_3D('',#12669,#9888,#9889);
#8727=AXIS2_PLACEMENT_3D('',#12678,#9890,#9891);
#8728=AXIS2_PLACEMENT_3D('',#12680,#9892,#9893);
#8729=AXIS2_PLACEMENT_3D('',#12687,#9894,#9895);
#8730=AXIS2_PLACEMENT_3D('',#12696,#9896,#9897);
#8731=AXIS2_PLACEMENT_3D('',#12698,#9898,#9899);
#8732=AXIS2_PLACEMENT_3D('',#12707,#9900,#9901);
#8733=AXIS2_PLACEMENT_3D('',#12716,#9902,#9903);
#8734=AXIS2_PLACEMENT_3D('',#12717,#9904,#9905);
#8735=AXIS2_PLACEMENT_3D('',#12719,#9906,#9907);
#8736=AXIS2_PLACEMENT_3D('',#12720,#9908,#9909);
#8737=AXIS2_PLACEMENT_3D('',#12722,#9910,#9911);
#8738=AXIS2_PLACEMENT_3D('',#12724,#9913,#9914);
#8739=AXIS2_PLACEMENT_3D('',#12726,#9915,#9916);
#8740=AXIS2_PLACEMENT_3D('',#12728,#9918,#9919);
#8741=AXIS2_PLACEMENT_3D('',#12730,#9920,#9921);
#8742=AXIS2_PLACEMENT_3D('',#12732,#9923,#9924);
#8743=AXIS2_PLACEMENT_3D('',#12734,#9925,#9926);
#8744=AXIS2_PLACEMENT_3D('',#12736,#9928,#9929);
#8745=AXIS2_PLACEMENT_3D('',#12738,#9931,#9932);
#8746=AXIS2_PLACEMENT_3D('',#12740,#9933,#9934);
#8747=AXIS2_PLACEMENT_3D('',#12743,#9936,#9937);
#8748=AXIS2_PLACEMENT_3D('',#12744,#9938,#9939);
#8749=AXIS2_PLACEMENT_3D('',#12746,#9940,#9941);
#8750=AXIS2_PLACEMENT_3D('',#12748,#9943,#9944);
#8751=AXIS2_PLACEMENT_3D('',#12750,#9945,#9946);
#8752=AXIS2_PLACEMENT_3D('',#12752,#9948,#9949);
#8753=AXIS2_PLACEMENT_3D('',#12754,#9950,#9951);
#8754=AXIS2_PLACEMENT_3D('',#12755,#9952,#9953);
#8755=AXIS2_PLACEMENT_3D('',#12758,#9955,#9956);
#8756=AXIS2_PLACEMENT_3D('',#12759,#9957,#9958);
#8757=AXIS2_PLACEMENT_3D('',#12761,#9959,#9960);
#8758=AXIS2_PLACEMENT_3D('',#12762,#9961,#9962);
#8759=AXIS2_PLACEMENT_3D('',#12765,#9964,#9965);
#8760=AXIS2_PLACEMENT_3D('',#12766,#9966,#9967);
#8761=AXIS2_PLACEMENT_3D('',#12768,#9968,#9969);
#8762=AXIS2_PLACEMENT_3D('',#12769,#9970,#9971);
#8763=AXIS2_PLACEMENT_3D('',#12772,#9973,#9974);
#8764=AXIS2_PLACEMENT_3D('',#12773,#9975,#9976);
#8765=AXIS2_PLACEMENT_3D('',#12775,#9977,#9978);
#8766=AXIS2_PLACEMENT_3D('',#12776,#9979,#9980);
#8767=AXIS2_PLACEMENT_3D('',#12779,#9982,#9983);
#8768=AXIS2_PLACEMENT_3D('',#12780,#9984,#9985);
#8769=AXIS2_PLACEMENT_3D('',#12782,#9986,#9987);
#8770=AXIS2_PLACEMENT_3D('',#12783,#9988,#9989);
#8771=AXIS2_PLACEMENT_3D('',#12786,#9991,#9992);
#8772=AXIS2_PLACEMENT_3D('',#12787,#9993,#9994);
#8773=AXIS2_PLACEMENT_3D('',#12789,#9995,#9996);
#8774=AXIS2_PLACEMENT_3D('',#12790,#9997,#9998);
#8775=AXIS2_PLACEMENT_3D('',#12793,#10000,#10001);
#8776=AXIS2_PLACEMENT_3D('',#12794,#10002,#10003);
#8777=AXIS2_PLACEMENT_3D('',#12797,#10005,#10006);
#8778=AXIS2_PLACEMENT_3D('',#12798,#10007,#10008);
#8779=AXIS2_PLACEMENT_3D('',#12799,#10009,#10010);
#8780=AXIS2_PLACEMENT_3D('',#12802,#10012,#10013);
#8781=AXIS2_PLACEMENT_3D('',#12803,#10014,#10015);
#8782=AXIS2_PLACEMENT_3D('',#12804,#10016,#10017);
#8783=AXIS2_PLACEMENT_3D('',#12807,#10019,#10020);
#8784=AXIS2_PLACEMENT_3D('',#12808,#10021,#10022);
#8785=AXIS2_PLACEMENT_3D('',#12809,#10023,#10024);
#8786=AXIS2_PLACEMENT_3D('',#12812,#10026,#10027);
#8787=AXIS2_PLACEMENT_3D('',#12813,#10028,#10029);
#8788=AXIS2_PLACEMENT_3D('',#12814,#10030,#10031);
#8789=AXIS2_PLACEMENT_3D('',#12817,#10033,#10034);
#8790=AXIS2_PLACEMENT_3D('',#12818,#10035,#10036);
#8791=AXIS2_PLACEMENT_3D('',#12819,#10037,#10038);
#8792=AXIS2_PLACEMENT_3D('',#12822,#10040,#10041);
#8793=AXIS2_PLACEMENT_3D('',#12823,#10042,#10043);
#8794=AXIS2_PLACEMENT_3D('',#12824,#10044,#10045);
#8795=AXIS2_PLACEMENT_3D('',#12826,#10046,#10047);
#8796=AXIS2_PLACEMENT_3D('',#12828,#10048,#10049);
#8797=AXIS2_PLACEMENT_3D('',#12837,#10050,#10051);
#8798=AXIS2_PLACEMENT_3D('',#12846,#10052,#10053);
#8799=AXIS2_PLACEMENT_3D('',#12848,#10054,#10055);
#8800=AXIS2_PLACEMENT_3D('',#12857,#10056,#10057);
#8801=AXIS2_PLACEMENT_3D('',#12864,#10058,#10059);
#8802=AXIS2_PLACEMENT_3D('',#12866,#10060,#10061);
#8803=AXIS2_PLACEMENT_3D('',#12875,#10062,#10063);
#8804=AXIS2_PLACEMENT_3D('',#12884,#10064,#10065);
#8805=AXIS2_PLACEMENT_3D('',#12886,#10066,#10067);
#8806=AXIS2_PLACEMENT_3D('',#12893,#10068,#10069);
#8807=AXIS2_PLACEMENT_3D('',#12902,#10070,#10071);
#8808=AXIS2_PLACEMENT_3D('',#12904,#10072,#10073);
#8809=AXIS2_PLACEMENT_3D('',#12911,#10074,#10075);
#8810=AXIS2_PLACEMENT_3D('',#12917,#10076,#10077);
#8811=AXIS2_PLACEMENT_3D('',#12918,#10078,#10079);
#8812=AXIS2_PLACEMENT_3D('',#12922,#10082,#10083);
#8813=AXIS2_PLACEMENT_3D('',#12924,#10084,#10085);
#8814=AXIS2_PLACEMENT_3D('',#12933,#10086,#10087);
#8815=AXIS2_PLACEMENT_3D('',#12935,#10088,#10089);
#8816=AXIS2_PLACEMENT_3D('',#12942,#10090,#10091);
#8817=AXIS2_PLACEMENT_3D('',#12951,#10092,#10093);
#8818=AXIS2_PLACEMENT_3D('',#12953,#10094,#10095);
#8819=AXIS2_PLACEMENT_3D('',#12962,#10096,#10097);
#8820=AXIS2_PLACEMENT_3D('',#12969,#10098,#10099);
#8821=AXIS2_PLACEMENT_3D('',#12971,#10100,#10101);
#8822=AXIS2_PLACEMENT_3D('',#12980,#10102,#10103);
#8823=AXIS2_PLACEMENT_3D('',#12987,#10104,#10105);
#8824=AXIS2_PLACEMENT_3D('',#12989,#10106,#10107);
#8825=AXIS2_PLACEMENT_3D('',#12996,#10108,#10109);
#8826=AXIS2_PLACEMENT_3D('',#13003,#10110,#10111);
#8827=AXIS2_PLACEMENT_3D('',#13004,#10112,#10113);
#8828=AXIS2_PLACEMENT_3D('',#13005,#10114,#10115);
#8829=AXIS2_PLACEMENT_3D('',#13008,#10118,#10119);
#8830=AXIS2_PLACEMENT_3D('',#13011,#10122,#10123);
#8831=AXIS2_PLACEMENT_3D('',#13013,#10125,#10126);
#8832=AXIS2_PLACEMENT_3D('',#13033,#10130,#10131);
#8833=AXIS2_PLACEMENT_3D('',#13035,#10133,#10134);
#8834=AXIS2_PLACEMENT_3D('',#13055,#10138,#10139);
#8835=AXIS2_PLACEMENT_3D('',#13057,#10141,#10142);
#8836=AXIS2_PLACEMENT_3D('',#13059,#10144,#10145);
#8837=AXIS2_PLACEMENT_3D('',#13061,#10147,#10148);
#8838=AXIS2_PLACEMENT_3D('',#13081,#10152,#10153);
#8839=AXIS2_PLACEMENT_3D('',#13083,#10155,#10156);
#8840=AXIS2_PLACEMENT_3D('',#13111,#10160,#10161);
#8841=AXIS2_PLACEMENT_3D('',#13113,#10163,#10164);
#8842=AXIS2_PLACEMENT_3D('',#13115,#10166,#10167);
#8843=AXIS2_PLACEMENT_3D('',#13117,#10169,#10170);
#8844=AXIS2_PLACEMENT_3D('',#13137,#10174,#10175);
#8845=AXIS2_PLACEMENT_3D('',#13139,#10177,#10178);
#8846=AXIS2_PLACEMENT_3D('',#13159,#10182,#10183);
#8847=AXIS2_PLACEMENT_3D('',#13161,#10185,#10186);
#8848=AXIS2_PLACEMENT_3D('',#13163,#10188,#10189);
#8849=AXIS2_PLACEMENT_3D('',#13165,#10191,#10192);
#8850=AXIS2_PLACEMENT_3D('',#13193,#10196,#10197);
#8851=AXIS2_PLACEMENT_3D('',#13195,#10199,#10200);
#8852=AXIS2_PLACEMENT_3D('',#13215,#10204,#10205);
#8853=AXIS2_PLACEMENT_3D('',#13217,#10207,#10208);
#8854=AXIS2_PLACEMENT_3D('',#13219,#10210,#10211);
#8855=AXIS2_PLACEMENT_3D('',#13221,#10213,#10214);
#8856=AXIS2_PLACEMENT_3D('',#13249,#10218,#10219);
#8857=AXIS2_PLACEMENT_3D('',#13251,#10221,#10222);
#8858=AXIS2_PLACEMENT_3D('',#13279,#10226,#10227);
#8859=AXIS2_PLACEMENT_3D('',#13281,#10229,#10230);
#8860=AXIS2_PLACEMENT_3D('',#13284,#10233,#10234);
#8861=AXIS2_PLACEMENT_3D('',#13313,#10239,#10240);
#8862=AXIS2_PLACEMENT_3D('',#13315,#10242,#10243);
#8863=AXIS2_PLACEMENT_3D('',#13343,#10247,#10248);
#8864=AXIS2_PLACEMENT_3D('',#13345,#10250,#10251);
#8865=AXIS2_PLACEMENT_3D('',#13347,#10253,#10254);
#8866=AXIS2_PLACEMENT_3D('',#13349,#10256,#10257);
#8867=AXIS2_PLACEMENT_3D('',#13377,#10261,#10262);
#8868=AXIS2_PLACEMENT_3D('',#13379,#10264,#10265);
#8869=AXIS2_PLACEMENT_3D('',#13399,#10269,#10270);
#8870=AXIS2_PLACEMENT_3D('',#13401,#10272,#10273);
#8871=AXIS2_PLACEMENT_3D('',#13403,#10275,#10276);
#8872=AXIS2_PLACEMENT_3D('',#13405,#10278,#10279);
#8873=AXIS2_PLACEMENT_3D('',#13433,#10283,#10284);
#8874=AXIS2_PLACEMENT_3D('',#13435,#10286,#10287);
#8875=AXIS2_PLACEMENT_3D('',#13455,#10291,#10292);
#8876=AXIS2_PLACEMENT_3D('',#13457,#10294,#10295);
#8877=AXIS2_PLACEMENT_3D('',#13459,#10297,#10298);
#8878=AXIS2_PLACEMENT_3D('',#13461,#10300,#10301);
#8879=AXIS2_PLACEMENT_3D('',#13481,#10305,#10306);
#8880=AXIS2_PLACEMENT_3D('',#13483,#10308,#10309);
#8881=AXIS2_PLACEMENT_3D('',#13511,#10313,#10314);
#8882=AXIS2_PLACEMENT_3D('',#13513,#10316,#10317);
#8883=AXIS2_PLACEMENT_3D('',#13515,#10319,#10320);
#8884=AXIS2_PLACEMENT_3D('',#13517,#10322,#10323);
#8885=AXIS2_PLACEMENT_3D('',#13537,#10327,#10328);
#8886=AXIS2_PLACEMENT_3D('',#13539,#10330,#10331);
#8887=AXIS2_PLACEMENT_3D('',#13541,#10333,#10334);
#8888=AXIS2_PLACEMENT_3D('',#13544,#10337,#10338);
#8889=AXIS2_PLACEMENT_3D('',#13558,#10340,#10341);
#8890=AXIS2_PLACEMENT_3D('',#13560,#10343,#10344);
#8891=AXIS2_PLACEMENT_3D('',#13575,#10347,#10348);
#8892=AXIS2_PLACEMENT_3D('',#13576,#10349,#10350);
#8893=AXIS2_PLACEMENT_3D('',#13578,#10352,#10353);
#8894=AXIS2_PLACEMENT_3D('',#13580,#10355,#10356);
#8895=AXIS2_PLACEMENT_3D('',#13582,#10358,#10359);
#8896=AXIS2_PLACEMENT_3D('',#13584,#10361,#10362);
#8897=AXIS2_PLACEMENT_3D('',#13599,#10365,#10366);
#8898=AXIS2_PLACEMENT_3D('',#13601,#10368,#10369);
#8899=AXIS2_PLACEMENT_3D('',#13602,#10370,#10371);
#8900=AXIS2_PLACEMENT_3D('',#13604,#10373,#10374);
#8901=AXIS2_PLACEMENT_3D('',#13606,#10376,#10377);
#8902=AXIS2_PLACEMENT_3D('',#13608,#10379,#10380);
#8903=AXIS2_PLACEMENT_3D('',#13610,#10382,#10383);
#8904=AXIS2_PLACEMENT_3D('',#13612,#10385,#10386);
#8905=AXIS2_PLACEMENT_3D('',#13614,#10388,#10389);
#8906=AXIS2_PLACEMENT_3D('',#13629,#10392,#10393);
#8907=AXIS2_PLACEMENT_3D('',#13644,#10396,#10397);
#8908=AXIS2_PLACEMENT_3D('',#13646,#10399,#10400);
#8909=AXIS2_PLACEMENT_3D('',#13661,#10403,#10404);
#8910=AXIS2_PLACEMENT_3D('',#13662,#10405,#10406);
#8911=AXIS2_PLACEMENT_3D('',#13677,#10409,#10410);
#8912=AXIS2_PLACEMENT_3D('',#13691,#10412,#10413);
#8913=AXIS2_PLACEMENT_3D('',#13692,#10414,#10415);
#8914=AXIS2_PLACEMENT_3D('',#13695,#10416,#10417);
#8915=AXIS2_PLACEMENT_3D('',#13699,#10419,#10420);
#8916=AXIS2_PLACEMENT_3D('',#13701,#10422,#10423);
#8917=AXIS2_PLACEMENT_3D('',#13705,#10425,#10426);
#8918=AXIS2_PLACEMENT_3D('',#13709,#10428,#10429);
#8919=AXIS2_PLACEMENT_3D('',#13713,#10431,#10432);
#8920=AXIS2_PLACEMENT_3D('',#13715,#10434,#10435);
#8921=AXIS2_PLACEMENT_3D('',#13719,#10438,#10439);
#8922=AXIS2_PLACEMENT_3D('',#13721,#10440,#10441);
#8923=AXIS2_PLACEMENT_3D('',#13723,#10443,#10444);
#8924=AXIS2_PLACEMENT_3D('',#13727,#10446,#10447);
#8925=AXIS2_PLACEMENT_3D('',#13729,#10449,#10450);
#8926=AXIS2_PLACEMENT_3D('',#13733,#10453,#10454);
#8927=AXIS2_PLACEMENT_3D('',#13735,#10455,#10456);
#8928=AXIS2_PLACEMENT_3D('',#13737,#10458,#10459);
#8929=AXIS2_PLACEMENT_3D('',#13739,#10461,#10462);
#8930=AXIS2_PLACEMENT_3D('',#13741,#10464,#10465);
#8931=AXIS2_PLACEMENT_3D('',#13750,#10470,#10471);
#8932=AXIS2_PLACEMENT_3D('',#13759,#10476,#10477);
#8933=AXIS2_PLACEMENT_3D('',#13767,#10482,#10483);
#8934=AXIS2_PLACEMENT_3D('',#13775,#10487,#10488);
#8935=AXIS2_PLACEMENT_3D('',#13826,#10514,#10515);
#8936=AXIS2_PLACEMENT_3D('',#13832,#10518,#10519);
#8937=AXIS2_PLACEMENT_3D('',#13836,#10521,#10522);
#8938=AXIS2_PLACEMENT_3D('',#13842,#10525,#10526);
#8939=AXIS2_PLACEMENT_3D('',#13843,#10527,#10528);
#8940=AXIS2_PLACEMENT_3D('',#13845,#10530,#10531);
#8941=AXIS2_PLACEMENT_3D('',#13846,#10532,#10533);
#8942=AXIS2_PLACEMENT_3D('',#13849,#10534,#10535);
#8943=AXIS2_PLACEMENT_3D('',#13898,#10561,#10562);
#8944=AXIS2_PLACEMENT_3D('',#13914,#10566,#10567);
#8945=AXIS2_PLACEMENT_3D('',#13917,#10569,#10570);
#8946=AXIS2_PLACEMENT_3D('',#13918,#10571,#10572);
#8947=AXIS2_PLACEMENT_3D('',#13920,#10573,#10574);
#8948=AXIS2_PLACEMENT_3D('',#13925,#10578,#10579);
#8949=AXIS2_PLACEMENT_3D('',#13928,#10580,#10581);
#8950=AXIS2_PLACEMENT_3D('',#13936,#10586,#10587);
#8951=AXIS2_PLACEMENT_3D('',#13941,#10589,#10590);
#8952=AXIS2_PLACEMENT_3D('',#13944,#10592,#10593);
#8953=AXIS2_PLACEMENT_3D('',#13945,#10594,#10595);
#8954=AXIS2_PLACEMENT_3D('',#13950,#10597,#10598);
#8955=AXIS2_PLACEMENT_3D('',#13953,#10600,#10601);
#8956=AXIS2_PLACEMENT_3D('',#13954,#10602,#10603);
#8957=AXIS2_PLACEMENT_3D('',#13959,#10605,#10606);
#8958=AXIS2_PLACEMENT_3D('',#13962,#10608,#10609);
#8959=AXIS2_PLACEMENT_3D('',#13963,#10610,#10611);
#8960=AXIS2_PLACEMENT_3D('',#13968,#10613,#10614);
#8961=AXIS2_PLACEMENT_3D('',#13971,#10616,#10617);
#8962=AXIS2_PLACEMENT_3D('',#13972,#10618,#10619);
#8963=AXIS2_PLACEMENT_3D('',#13974,#10620,#10621);
#8964=AXIS2_PLACEMENT_3D('',#13977,#10623,#10624);
#8965=AXIS2_PLACEMENT_3D('',#13978,#10625,#10626);
#8966=AXIS2_PLACEMENT_3D('',#13980,#10627,#10628);
#8967=AXIS2_PLACEMENT_3D('',#13983,#10630,#10631);
#8968=AXIS2_PLACEMENT_3D('',#13984,#10632,#10633);
#8969=AXIS2_PLACEMENT_3D('',#13986,#10634,#10635);
#8970=AXIS2_PLACEMENT_3D('',#13989,#10637,#10638);
#8971=AXIS2_PLACEMENT_3D('',#13990,#10639,#10640);
#8972=AXIS2_PLACEMENT_3D('',#13992,#10641,#10642);
#8973=AXIS2_PLACEMENT_3D('',#13995,#10644,#10645);
#8974=AXIS2_PLACEMENT_3D('',#13996,#10646,#10647);
#8975=AXIS2_PLACEMENT_3D('',#13999,#10648,#10649);
#8976=AXIS2_PLACEMENT_3D('',#14005,#10652,#10653);
#8977=AXIS2_PLACEMENT_3D('',#14008,#10656,#10657);
#8978=AXIS2_PLACEMENT_3D('',#14011,#10658,#10659);
#8979=AXIS2_PLACEMENT_3D('',#14017,#10663,#10664);
#8980=AXIS2_PLACEMENT_3D('',#14018,#10665,#10666);
#8981=AXIS2_PLACEMENT_3D('',#14020,#10667,#10668);
#8982=AXIS2_PLACEMENT_3D('',#14021,#10669,#10670);
#8983=AXIS2_PLACEMENT_3D('',#14023,#10671,#10672);
#8984=AXIS2_PLACEMENT_3D('',#14027,#10674,#10675);
#8985=AXIS2_PLACEMENT_3D('',#14029,#10676,#10677);
#8986=AXIS2_PLACEMENT_3D('',#14035,#10680,#10681);
#8987=AXIS2_PLACEMENT_3D('',#14039,#10684,#10685);
#8988=AXIS2_PLACEMENT_3D('',#14040,#10686,#10687);
#8989=AXIS2_PLACEMENT_3D('',#14042,#10688,#10689);
#8990=AXIS2_PLACEMENT_3D('',#14055,#10691,#10692);
#8991=AXIS2_PLACEMENT_3D('',#14069,#10694,#10695);
#8992=AXIS2_PLACEMENT_3D('',#14071,#10697,#10698);
#8993=AXIS2_PLACEMENT_3D('',#14073,#10699,#10700);
#8994=AXIS2_PLACEMENT_3D('',#14076,#10703,#10704);
#8995=AXIS2_PLACEMENT_3D('',#14090,#10706,#10707);
#8996=AXIS2_PLACEMENT_3D('',#14092,#10709,#10710);
#8997=AXIS2_PLACEMENT_3D('',#14094,#10711,#10712);
#8998=AXIS2_PLACEMENT_3D('',#14096,#10714,#10715);
#8999=AXIS2_PLACEMENT_3D('',#14102,#10719,#10720);
#9000=AXIS2_PLACEMENT_3D('',#14108,#10724,#10725);
#9001=AXIS2_PLACEMENT_3D('',#14114,#10729,#10730);
#9002=AXIS2_PLACEMENT_3D('',#14116,#10731,#10732);
#9003=AXIS2_PLACEMENT_3D('',#14119,#10734,#10735);
#9004=AXIS2_PLACEMENT_3D('',#14120,#10736,#10737);
#9005=AXIS2_PLACEMENT_3D('',#14126,#10741,#10742);
#9006=AXIS2_PLACEMENT_3D('',#14129,#10745,#10746);
#9007=AXIS2_PLACEMENT_3D('',#14135,#10750,#10751);
#9008=AXIS2_PLACEMENT_3D('',#14136,#10752,#10753);
#9009=AXIS2_PLACEMENT_3D('',#14137,#10754,#10755);
#9010=AXIS2_PLACEMENT_3D('',#14138,#10756,#10757);
#9011=AXIS2_PLACEMENT_3D('',#14141,#10760,#10761);
#9012=AXIS2_PLACEMENT_3D('',#14143,#10762,#10763);
#9013=AXIS2_PLACEMENT_3D('',#14145,#10765,#10766);
#9014=AXIS2_PLACEMENT_3D('',#14151,#10770,#10771);
#9015=AXIS2_PLACEMENT_3D('',#14153,#10772,#10773);
#9016=AXIS2_PLACEMENT_3D('',#14156,#10775,#10776);
#9017=AXIS2_PLACEMENT_3D('',#14157,#10777,#10778);
#9018=AXIS2_PLACEMENT_3D('',#14160,#10781,#10782);
#9019=AXIS2_PLACEMENT_3D('',#14162,#10783,#10784);
#9020=AXIS2_PLACEMENT_3D('',#14165,#10787,#10788);
#9021=AXIS2_PLACEMENT_3D('',#14171,#10792,#10793);
#9022=AXIS2_PLACEMENT_3D('',#14173,#10794,#10795);
#9023=AXIS2_PLACEMENT_3D('',#14176,#10797,#10798);
#9024=AXIS2_PLACEMENT_3D('',#14177,#10799,#10800);
#9025=AXIS2_PLACEMENT_3D('',#14183,#10804,#10805);
#9026=AXIS2_PLACEMENT_3D('',#14186,#10808,#10809);
#9027=AXIS2_PLACEMENT_3D('',#14192,#10813,#10814);
#9028=AXIS2_PLACEMENT_3D('',#14194,#10815,#10816);
#9029=AXIS2_PLACEMENT_3D('',#14197,#10818,#10819);
#9030=AXIS2_PLACEMENT_3D('',#14198,#10820,#10821);
#9031=AXIS2_PLACEMENT_3D('',#14201,#10824,#10825);
#9032=AXIS2_PLACEMENT_3D('',#14207,#10829,#10830);
#9033=AXIS2_PLACEMENT_3D('',#14209,#10831,#10832);
#9034=AXIS2_PLACEMENT_3D('',#14212,#10834,#10835);
#9035=AXIS2_PLACEMENT_3D('',#14213,#10836,#10837);
#9036=AXIS2_PLACEMENT_3D('',#14219,#10841,#10842);
#9037=AXIS2_PLACEMENT_3D('',#14222,#10845,#10846);
#9038=AXIS2_PLACEMENT_3D('',#14223,#10847,#10848);
#9039=AXIS2_PLACEMENT_3D('',#14227,#10851,#10852);
#9040=AXIS2_PLACEMENT_3D('',#14231,#10854,#10855);
#9041=AXIS2_PLACEMENT_3D('',#14238,#10861,#10862);
#9042=AXIS2_PLACEMENT_3D('',#14239,#10863,#10864);
#9043=AXIS2_PLACEMENT_3D('',#14245,#10868,#10869);
#9044=AXIS2_PLACEMENT_3D('',#14247,#10871,#10872);
#9045=AXIS2_PLACEMENT_3D('',#14249,#10874,#10875);
#9046=AXIS2_PLACEMENT_3D('',#14251,#10877,#10878);
#9047=AXIS2_PLACEMENT_3D('',#14253,#10880,#10881);
#9048=AXIS2_PLACEMENT_3D('',#14255,#10883,#10884);
#9049=AXIS2_PLACEMENT_3D('',#14259,#10887,#10888);
#9050=AXIS2_PLACEMENT_3D('',#14263,#10891,#10892);
#9051=AXIS2_PLACEMENT_3D('',#14265,#10894,#10895);
#9052=AXIS2_PLACEMENT_3D('',#14269,#10898,#10899);
#9053=AXIS2_PLACEMENT_3D('',#14273,#10902,#10903);
#9054=AXIS2_PLACEMENT_3D('',#14275,#10905,#10906);
#9055=AXIS2_PLACEMENT_3D('',#14277,#10908,#10909);
#9056=AXIS2_PLACEMENT_3D('',#14279,#10911,#10912);
#9057=AXIS2_PLACEMENT_3D('',#14281,#10914,#10915);
#9058=AXIS2_PLACEMENT_3D('',#14283,#10917,#10918);
#9059=AXIS2_PLACEMENT_3D('',#14285,#10920,#10921);
#9060=AXIS2_PLACEMENT_3D('',#14287,#10923,#10924);
#9061=AXIS2_PLACEMENT_3D('',#14288,#10925,#10926);
#9062=AXIS2_PLACEMENT_3D('',#14289,#10927,#10928);
#9063=AXIS2_PLACEMENT_3D('',#14291,#10930,#10931);
#9064=AXIS2_PLACEMENT_3D('',#14292,#10932,#10933);
#9065=AXIS2_PLACEMENT_3D('',#14293,#10934,#10935);
#9066=AXIS2_PLACEMENT_3D('',#14295,#10937,#10938);
#9067=AXIS2_PLACEMENT_3D('',#14296,#10939,#10940);
#9068=AXIS2_PLACEMENT_3D('',#14297,#10941,#10942);
#9069=AXIS2_PLACEMENT_3D('',#14298,#10943,#10944);
#9070=AXIS2_PLACEMENT_3D('',#14300,#10945,#10946);
#9071=AXIS2_PLACEMENT_3D('',#14320,#10948,#10949);
#9072=AXIS2_PLACEMENT_3D('',#14342,#10951,#10952);
#9073=AXIS2_PLACEMENT_3D('',#14347,#10953,#10954);
#9074=AXIS2_PLACEMENT_3D('',#14351,#10956,#10957);
#9075=AXIS2_PLACEMENT_3D('',#14354,#10959,#10960);
#9076=AXIS2_PLACEMENT_3D('',#14355,#10961,#10962);
#9077=AXIS2_PLACEMENT_3D('',#14356,#10963,#10964);
#9078=AXIS2_PLACEMENT_3D('',#14357,#10965,#10966);
#9079=AXIS2_PLACEMENT_3D('',#14407,#10970,#10971);
#9080=AXIS2_PLACEMENT_3D('',#14410,#10974,#10975);
#9081=AXIS2_PLACEMENT_3D('',#14412,#10977,#10978);
#9082=AXIS2_PLACEMENT_3D('',#14417,#10979,#10980);
#9083=AXIS2_PLACEMENT_3D('',#14419,#10981,#10982);
#9084=AXIS2_PLACEMENT_3D('',#14422,#10984,#10985);
#9085=AXIS2_PLACEMENT_3D('',#14434,#10986,#10987);
#9086=AXIS2_PLACEMENT_3D('',#14456,#10999,#11000);
#9087=AXIS2_PLACEMENT_3D('',#14458,#11001,#11002);
#9088=AXIS2_PLACEMENT_3D('',#14460,#11003,#11004);
#9089=AXIS2_PLACEMENT_3D('',#14462,#11006,#11007);
#9090=AXIS2_PLACEMENT_3D('',#14467,#11011,#11012);
#9091=AXIS2_PLACEMENT_3D('',#14476,#11017,#11018);
#9092=AXIS2_PLACEMENT_3D('',#14482,#11022,#11023);
#9093=AXIS2_PLACEMENT_3D('',#14488,#11027,#11028);
#9094=AXIS2_PLACEMENT_3D('',#14491,#11031,#11032);
#9095=AXIS2_PLACEMENT_3D('',#14492,#11033,#11034);
#9096=AXIS2_PLACEMENT_3D('',#14500,#11037,#11038);
#9097=AXIS2_PLACEMENT_3D('',#14502,#11039,#11040);
#9098=AXIS2_PLACEMENT_3D('',#14505,#11042,#11043);
#9099=AXIS2_PLACEMENT_3D('',#14506,#11044,#11045);
#9100=AXIS2_PLACEMENT_3D('',#14508,#11047,#11048);
#9101=AXIS2_PLACEMENT_3D('',#14510,#11050,#11051);
#9102=AXIS2_PLACEMENT_3D('',#14512,#11053,#11054);
#9103=AXIS2_PLACEMENT_3D('',#14513,#11055,#11056);
#9104=AXIS2_PLACEMENT_3D('',#14514,#11057,#11058);
#9105=AXIS2_PLACEMENT_3D('',#14517,#11060,#11061);
#9106=AXIS2_PLACEMENT_3D('',#14518,#11062,#11063);
#9107=AXIS2_PLACEMENT_3D('',#14520,#11064,#11065);
#9108=AXIS2_PLACEMENT_3D('',#14521,#11066,#11067);
#9109=AXIS2_PLACEMENT_3D('',#14523,#11069,#11070);
#9110=AXIS2_PLACEMENT_3D('',#14527,#11073,#11074);
#9111=AXIS2_PLACEMENT_3D('',#14533,#11078,#11079);
#9112=AXIS2_PLACEMENT_3D('',#14537,#11082,#11083);
#9113=AXIS2_PLACEMENT_3D('',#14543,#11087,#11088);
#9114=AXIS2_PLACEMENT_3D('',#14547,#11091,#11092);
#9115=AXIS2_PLACEMENT_3D('',#14551,#11095,#11096);
#9116=AXIS2_PLACEMENT_3D('',#14553,#11098,#11099);
#9117=AXIS2_PLACEMENT_3D('',#14557,#11102,#11103);
#9118=AXIS2_PLACEMENT_3D('',#14559,#11105,#11106);
#9119=AXIS2_PLACEMENT_3D('',#14561,#11108,#11109);
#9120=AXIS2_PLACEMENT_3D('',#14562,#11110,#11111);
#9121=AXIS2_PLACEMENT_3D('',#14563,#11112,#11113);
#9122=AXIS2_PLACEMENT_3D('',#14564,#11114,#11115);
#9123=AXIS2_PLACEMENT_3D('',#14577,#11117,#11118);
#9124=AXIS2_PLACEMENT_3D('',#14581,#11120,#11121);
#9125=AXIS2_PLACEMENT_3D('',#14591,#11123,#11124);
#9126=AXIS2_PLACEMENT_3D('',#14618,#11126,#11127);
#9127=AXIS2_PLACEMENT_3D('',#14620,#11129,#11130);
#9128=AXIS2_PLACEMENT_3D('',#14629,#11132,#11133);
#9129=AXIS2_PLACEMENT_3D('',#14649,#11135,#11136);
#9130=AXIS2_PLACEMENT_3D('',#14653,#11138,#11139);
#9131=AXIS2_PLACEMENT_3D('',#14656,#11141,#11142);
#9132=AXIS2_PLACEMENT_3D('',#14657,#11143,#11144);
#9133=AXIS2_PLACEMENT_3D('',#14659,#11145,#11146);
#9134=AXIS2_PLACEMENT_3D('',#14661,#11148,#11149);
#9135=AXIS2_PLACEMENT_3D('',#14665,#11151,#11152);
#9136=AXIS2_PLACEMENT_3D('',#14667,#11154,#11155);
#9137=AXIS2_PLACEMENT_3D('',#14720,#11160,#11161);
#9138=AXIS2_PLACEMENT_3D('',#14730,#11163,#11164);
#9139=AXIS2_PLACEMENT_3D('',#14732,#11166,#11167);
#9140=AXIS2_PLACEMENT_3D('',#14736,#11170,#11171);
#9141=AXIS2_PLACEMENT_3D('',#14738,#11172,#11173);
#9142=AXIS2_PLACEMENT_3D('',#14741,#11175,#11176);
#9143=AXIS2_PLACEMENT_3D('',#14742,#11177,#11178);
#9144=AXIS2_PLACEMENT_3D('',#14758,#11180,#11181);
#9145=AXIS2_PLACEMENT_3D('',#14762,#11183,#11184);
#9146=AXIS2_PLACEMENT_3D('',#14764,#11186,#11187);
#9147=AXIS2_PLACEMENT_3D('',#14767,#11189,#11190);
#9148=AXIS2_PLACEMENT_3D('',#14768,#11191,#11192);
#9149=AXIS2_PLACEMENT_3D('',#14771,#11194,#11195);
#9150=AXIS2_PLACEMENT_3D('',#14773,#11196,#11197);
#9151=AXIS2_PLACEMENT_3D('',#14774,#11198,#11199);
#9152=AXIS2_PLACEMENT_3D('',#14776,#11200,#11201);
#9153=AXIS2_PLACEMENT_3D('',#14777,#11202,#11203);
#9154=AXIS2_PLACEMENT_3D('',#14778,#11204,#11205);
#9155=AXIS2_PLACEMENT_3D('',#14781,#11206,#11207);
#9156=AXIS2_PLACEMENT_3D('',#14785,#11209,#11210);
#9157=AXIS2_PLACEMENT_3D('',#14789,#11213,#11214);
#9158=AXIS2_PLACEMENT_3D('',#14811,#11226,#11227);
#9159=AXIS2_PLACEMENT_3D('',#14818,#11232,#11233);
#9160=AXIS2_PLACEMENT_3D('',#14827,#11238,#11239);
#9161=AXIS2_PLACEMENT_3D('',#14833,#11243,#11244);
#9162=AXIS2_PLACEMENT_3D('',#14839,#11248,#11249);
#9163=AXIS2_PLACEMENT_3D('',#14842,#11252,#11253);
#9164=AXIS2_PLACEMENT_3D('',#14843,#11254,#11255);
#9165=AXIS2_PLACEMENT_3D('',#14845,#11257,#11258);
#9166=AXIS2_PLACEMENT_3D('',#14847,#11260,#11261);
#9167=AXIS2_PLACEMENT_3D('',#14848,#11262,#11263);
#9168=AXIS2_PLACEMENT_3D('',#14850,#11264,#11265);
#9169=AXIS2_PLACEMENT_3D('',#14851,#11266,#11267);
#9170=AXIS2_PLACEMENT_3D('',#14854,#11269,#11270);
#9171=AXIS2_PLACEMENT_3D('',#14856,#11271,#11272);
#9172=AXIS2_PLACEMENT_3D('',#14857,#11273,#11274);
#9173=AXIS2_PLACEMENT_3D('',#14858,#11275,#11276);
#9174=AXIS2_PLACEMENT_3D('',#14859,#11277,#11278);
#9175=AXIS2_PLACEMENT_3D('',#14862,#11280,#11281);
#9176=AXIS2_PLACEMENT_3D('',#14863,#11282,#11283);
#9177=AXIS2_PLACEMENT_3D('',#14865,#11284,#11285);
#9178=AXIS2_PLACEMENT_3D('',#14866,#11286,#11287);
#9179=AXIS2_PLACEMENT_3D('',#14869,#11289,#11290);
#9180=AXIS2_PLACEMENT_3D('',#14870,#11291,#11292);
#9181=AXIS2_PLACEMENT_3D('',#14872,#11293,#11294);
#9182=AXIS2_PLACEMENT_3D('',#14873,#11295,#11296);
#9183=AXIS2_PLACEMENT_3D('',#14876,#11298,#11299);
#9184=AXIS2_PLACEMENT_3D('',#14877,#11300,#11301);
#9185=AXIS2_PLACEMENT_3D('',#14879,#11302,#11303);
#9186=AXIS2_PLACEMENT_3D('',#14880,#11304,#11305);
#9187=AXIS2_PLACEMENT_3D('',#14882,#11307,#11308);
#9188=AXIS2_PLACEMENT_3D('',#14884,#11310,#11311);
#9189=AXIS2_PLACEMENT_3D('',#14886,#11313,#11314);
#9190=AXIS2_PLACEMENT_3D('',#14890,#11317,#11318);
#9191=AXIS2_PLACEMENT_3D('',#14896,#11322,#11323);
#9192=AXIS2_PLACEMENT_3D('',#14900,#11326,#11327);
#9193=AXIS2_PLACEMENT_3D('',#14906,#11331,#11332);
#9194=AXIS2_PLACEMENT_3D('',#14910,#11335,#11336);
#9195=AXIS2_PLACEMENT_3D('',#14914,#11339,#11340);
#9196=AXIS2_PLACEMENT_3D('',#14916,#11342,#11343);
#9197=AXIS2_PLACEMENT_3D('',#14920,#11346,#11347);
#9198=AXIS2_PLACEMENT_3D('',#14923,#11350,#11351);
#9199=AXIS2_PLACEMENT_3D('',#14924,#11352,#11353);
#9200=AXIS2_PLACEMENT_3D('',#14925,#11354,#11355);
#9201=AXIS2_PLACEMENT_3D('',#14926,#11356,#11357);
#9202=AXIS2_PLACEMENT_3D('',#14928,#11358,#11359);
#9203=AXIS2_PLACEMENT_3D('',#14929,#11360,#11361);
#9204=AXIS2_PLACEMENT_3D('',#14931,#11362,#11363);
#9205=AXIS2_PLACEMENT_3D('',#14935,#11365,#11366);
#9206=AXIS2_PLACEMENT_3D('',#14936,#11367,#11368);
#9207=AXIS2_PLACEMENT_3D('',#14937,#11369,#11370);
#9208=AXIS2_PLACEMENT_3D('',#14939,#11371,#11372);
#9209=AXIS2_PLACEMENT_3D('',#14941,#11373,#11374);
#9210=AXIS2_PLACEMENT_3D('',#14942,#11375,#11376);
#9211=AXIS2_PLACEMENT_3D('',#14943,#11377,#11378);
#9212=AXIS2_PLACEMENT_3D('',#14947,#11380,#11381);
#9213=AXIS2_PLACEMENT_3D('',#14948,#11382,#11383);
#9214=AXIS2_PLACEMENT_3D('',#14949,#11384,#11385);
#9215=AXIS2_PLACEMENT_3D('',#14951,#11386,#11387);
#9216=AXIS2_PLACEMENT_3D('',#14953,#11388,#11389);
#9217=AXIS2_PLACEMENT_3D('',#14954,#11390,#11391);
#9218=AXIS2_PLACEMENT_3D('',#14955,#11392,#11393);
#9219=AXIS2_PLACEMENT_3D('',#14959,#11395,#11396);
#9220=AXIS2_PLACEMENT_3D('',#14960,#11397,#11398);
#9221=AXIS2_PLACEMENT_3D('',#14961,#11399,#11400);
#9222=AXIS2_PLACEMENT_3D('',#14963,#11401,#11402);
#9223=AXIS2_PLACEMENT_3D('',#14965,#11403,#11404);
#9224=AXIS2_PLACEMENT_3D('',#14966,#11405,#11406);
#9225=AXIS2_PLACEMENT_3D('',#14967,#11407,#11408);
#9226=AXIS2_PLACEMENT_3D('',#14969,#11410,#11411);
#9227=AXIS2_PLACEMENT_3D('',#14970,#11412,#11413);
#9228=AXIS2_PLACEMENT_3D('',#14971,#11414,#11415);
#9229=AXIS2_PLACEMENT_3D('',#14973,#11416,#11417);
#9230=AXIS2_PLACEMENT_3D('',#14974,#11418,#11419);
#9231=AXIS2_PLACEMENT_3D('',#14976,#11420,#11421);
#9232=AXIS2_PLACEMENT_3D('',#14980,#11423,#11424);
#9233=AXIS2_PLACEMENT_3D('',#14981,#11425,#11426);
#9234=AXIS2_PLACEMENT_3D('',#14982,#11427,#11428);
#9235=AXIS2_PLACEMENT_3D('',#14984,#11429,#11430);
#9236=AXIS2_PLACEMENT_3D('',#14986,#11431,#11432);
#9237=AXIS2_PLACEMENT_3D('',#14987,#11433,#11434);
#9238=AXIS2_PLACEMENT_3D('',#14988,#11435,#11436);
#9239=AXIS2_PLACEMENT_3D('',#14992,#11438,#11439);
#9240=AXIS2_PLACEMENT_3D('',#14993,#11440,#11441);
#9241=AXIS2_PLACEMENT_3D('',#14994,#11442,#11443);
#9242=AXIS2_PLACEMENT_3D('',#14996,#11444,#11445);
#9243=AXIS2_PLACEMENT_3D('',#14998,#11446,#11447);
#9244=AXIS2_PLACEMENT_3D('',#14999,#11448,#11449);
#9245=AXIS2_PLACEMENT_3D('',#15000,#11450,#11451);
#9246=AXIS2_PLACEMENT_3D('',#15004,#11453,#11454);
#9247=AXIS2_PLACEMENT_3D('',#15005,#11455,#11456);
#9248=AXIS2_PLACEMENT_3D('',#15006,#11457,#11458);
#9249=AXIS2_PLACEMENT_3D('',#15008,#11459,#11460);
#9250=AXIS2_PLACEMENT_3D('',#15010,#11461,#11462);
#9251=AXIS2_PLACEMENT_3D('',#15011,#11463,#11464);
#9252=AXIS2_PLACEMENT_3D('',#15012,#11465,#11466);
#9253=AXIS2_PLACEMENT_3D('',#15014,#11468,#11469);
#9254=AXIS2_PLACEMENT_3D('',#15015,#11470,#11471);
#9255=AXIS2_PLACEMENT_3D('',#15016,#11472,#11473);
#9256=AXIS2_PLACEMENT_3D('',#15025,#11478,#11479);
#9257=AXIS2_PLACEMENT_3D('',#15034,#11484,#11485);
#9258=AXIS2_PLACEMENT_3D('',#15037,#11486,#11487);
#9259=AXIS2_PLACEMENT_3D('',#15042,#11490,#11491);
#9260=AXIS2_PLACEMENT_3D('',#15048,#11495,#11496);
#9261=AXIS2_PLACEMENT_3D('',#15049,#11497,#11498);
#9262=AXIS2_PLACEMENT_3D('',#15050,#11499,#11500);
#9263=AXIS2_PLACEMENT_3D('',#15051,#11501,#11502);
#9264=AXIS2_PLACEMENT_3D('',#15055,#11505,#11506);
#9265=AXIS2_PLACEMENT_3D('',#15058,#11508,#11509);
#9266=AXIS2_PLACEMENT_3D('',#15059,#11510,#11511);
#9267=AXIS2_PLACEMENT_3D('',#15065,#11515,#11516);
#9268=AXIS2_PLACEMENT_3D('',#15069,#11519,#11520);
#9269=AXIS2_PLACEMENT_3D('',#15075,#11524,#11525);
#9270=AXIS2_PLACEMENT_3D('',#15078,#11527,#11528);
#9271=AXIS2_PLACEMENT_3D('',#15079,#11529,#11530);
#9272=AXIS2_PLACEMENT_3D('',#15081,#11532,#11533);
#9273=AXIS2_PLACEMENT_3D('',#15083,#11535,#11536);
#9274=AXIS2_PLACEMENT_3D('',#15085,#11538,#11539);
#9275=AXIS2_PLACEMENT_3D('',#15087,#11541,#11542);
#9276=AXIS2_PLACEMENT_3D('',#15088,#11543,#11544);
#9277=AXIS2_PLACEMENT_3D('',#15090,#11545,#11546);
#9278=AXIS2_PLACEMENT_3D('',#15093,#11548,#11549);
#9279=AXIS2_PLACEMENT_3D('',#15094,#11550,#11551);
#9280=AXIS2_PLACEMENT_3D('',#15095,#11552,#11553);
#9281=AXIS2_PLACEMENT_3D('',#15096,#11554,#11555);
#9282=AXIS2_PLACEMENT_3D('',#15098,#11556,#11557);
#9283=AXIS2_PLACEMENT_3D('',#15101,#11559,#11560);
#9284=AXIS2_PLACEMENT_3D('',#15102,#11561,#11562);
#9285=AXIS2_PLACEMENT_3D('',#15103,#11563,#11564);
#9286=AXIS2_PLACEMENT_3D('',#15104,#11565,#11566);
#9287=AXIS2_PLACEMENT_3D('',#15106,#11567,#11568);
#9288=AXIS2_PLACEMENT_3D('',#15109,#11570,#11571);
#9289=AXIS2_PLACEMENT_3D('',#15110,#11572,#11573);
#9290=AXIS2_PLACEMENT_3D('',#15111,#11574,#11575);
#9291=AXIS2_PLACEMENT_3D('',#15112,#11576,#11577);
#9292=AXIS2_PLACEMENT_3D('',#15121,#11582,#11583);
#9293=AXIS2_PLACEMENT_3D('',#15127,#11587,#11588);
#9294=AXIS2_PLACEMENT_3D('',#15133,#11592,#11593);
#9295=AXIS2_PLACEMENT_3D('',#15136,#11596,#11597);
#9296=AXIS2_PLACEMENT_3D('',#15137,#11598,#11599);
#9297=AXIS2_PLACEMENT_3D('',#15138,#11600,#11601);
#9298=AXIS2_PLACEMENT_3D('',#15139,#11602,#11603);
#9299=AXIS2_PLACEMENT_3D('',#15153,#11604,#11605);
#9300=AXIS2_PLACEMENT_3D('',#15165,#11606,#11607);
#9301=AXIS2_PLACEMENT_3D('',#15166,#11608,#11609);
#9302=AXIS2_PLACEMENT_3D('',#15170,#11611,#11612);
#9303=AXIS2_PLACEMENT_3D('',#15172,#11614,#11615);
#9304=AXIS2_PLACEMENT_3D('',#15189,#11619,#11620);
#9305=AXIS2_PLACEMENT_3D('',#15201,#11621,#11622);
#9306=AXIS2_PLACEMENT_3D('',#15202,#11623,#11624);
#9307=AXIS2_PLACEMENT_3D('',#15208,#11628,#11629);
#9308=AXIS2_PLACEMENT_3D('',#15211,#11632,#11633);
#9309=AXIS2_PLACEMENT_3D('',#15212,#11634,#11635);
#9310=AXIS2_PLACEMENT_3D('',#15213,#11636,#11637);
#9311=AXIS2_PLACEMENT_3D('',#15214,#11638,#11639);
#9312=AXIS2_PLACEMENT_3D('',#15215,#11640,#11641);
#9313=AXIS2_PLACEMENT_3D('',#15216,#11642,#11643);
#9314=AXIS2_PLACEMENT_3D('',#15217,#11644,#11645);
#9315=AXIS2_PLACEMENT_3D('',#15218,#11646,#11647);
#9316=AXIS2_PLACEMENT_3D('',#15219,#11648,#11649);
#9317=AXIS2_PLACEMENT_3D('',#15220,#11650,#11651);
#9318=AXIS2_PLACEMENT_3D('',#15221,#11652,#11653);
#9319=AXIS2_PLACEMENT_3D('',#15222,#11654,#11655);
#9320=AXIS2_PLACEMENT_3D('',#15223,#11656,#11657);
#9321=AXIS2_PLACEMENT_3D('',#15224,#11658,#11659);
#9322=AXIS2_PLACEMENT_3D('',#15225,#11660,#11661);
#9323=AXIS2_PLACEMENT_3D('',#15226,#11662,#11663);
#9324=AXIS2_PLACEMENT_3D('',#15227,#11664,#11665);
#9325=AXIS2_PLACEMENT_3D('',#15228,#11666,#11667);
#9326=AXIS2_PLACEMENT_3D('',#15229,#11668,#11669);
#9327=AXIS2_PLACEMENT_3D('',#15230,#11670,#11671);
#9328=AXIS2_PLACEMENT_3D('',#15231,#11672,#11673);
#9329=AXIS2_PLACEMENT_3D('',#15232,#11674,#11675);
#9330=DIRECTION('axis',(0.,0.,1.));
#9331=DIRECTION('refdir',(1.,0.,0.));
#9332=DIRECTION('axis',(0.,0.,1.));
#9333=DIRECTION('refdir',(1.,0.,0.));
#9334=DIRECTION('center_axis',(-1.,0.,0.));
#9335=DIRECTION('ref_axis',(0.,1.,0.));
#9336=DIRECTION('center_axis',(-1.,0.,0.));
#9337=DIRECTION('ref_axis',(0.,1.,0.));
#9338=DIRECTION('',(-1.,0.,0.));
#9339=DIRECTION('center_axis',(1.,0.,0.));
#9340=DIRECTION('ref_axis',(0.,1.,0.));
#9341=DIRECTION('center_axis',(1.,0.,0.));
#9342=DIRECTION('ref_axis',(0.,0.479425538604203,0.877582561890372));
#9343=DIRECTION('center_axis',(-1.,0.,0.));
#9344=DIRECTION('ref_axis',(0.,1.,0.));
#9345=DIRECTION('center_axis',(-1.,0.,0.));
#9346=DIRECTION('ref_axis',(0.,1.,0.));
#9347=DIRECTION('',(-1.,0.,0.));
#9348=DIRECTION('center_axis',(-1.,0.,0.));
#9349=DIRECTION('ref_axis',(0.,1.,0.));
#9350=DIRECTION('center_axis',(-1.,0.,0.));
#9351=DIRECTION('ref_axis',(0.,1.,0.));
#9352=DIRECTION('center_axis',(-1.,0.,0.));
#9353=DIRECTION('ref_axis',(0.,0.,1.));
#9354=DIRECTION('center_axis',(-1.,0.,0.));
#9355=DIRECTION('ref_axis',(0.,1.,0.));
#9356=DIRECTION('center_axis',(-1.,0.,0.));
#9357=DIRECTION('ref_axis',(0.,0.,1.));
#9358=DIRECTION('center_axis',(-1.,0.,0.));
#9359=DIRECTION('ref_axis',(0.,1.,0.));
#9360=DIRECTION('center_axis',(1.,0.,0.));
#9361=DIRECTION('ref_axis',(0.,0.479425538604204,0.877582561890372));
#9362=DIRECTION('',(-1.,0.,0.));
#9363=DIRECTION('center_axis',(-1.,0.,0.));
#9364=DIRECTION('ref_axis',(0.,1.,0.));
#9365=DIRECTION('center_axis',(-1.,0.,0.));
#9366=DIRECTION('ref_axis',(0.,1.,0.));
#9367=DIRECTION('center_axis',(1.,3.2914847318339E-15,-1.64574236591695E-15));
#9368=DIRECTION('ref_axis',(-3.68095725045137E-15,0.520296023213257,-0.853985976599422));
#9369=DIRECTION('',(-0.759256602365587,0.338604163550457,-0.555766706622986));
#9370=DIRECTION('center_axis',(1.,0.,0.));
#9371=DIRECTION('ref_axis',(0.,0.479425538604204,0.877582561890372));
#9372=DIRECTION('center_axis',(-1.,0.,0.));
#9373=DIRECTION('ref_axis',(0.,1.,0.));
#9374=DIRECTION('',(-1.,0.,0.));
#9375=DIRECTION('center_axis',(-1.,0.,0.));
#9376=DIRECTION('ref_axis',(0.,1.,0.));
#9377=DIRECTION('center_axis',(-1.,3.2914847318339E-15,-1.64574236591695E-15));
#9378=DIRECTION('ref_axis',(3.68095725045137E-15,0.520296023213257,-0.853985976599422));
#9379=DIRECTION('',(-0.759256602365587,-0.338604163550457,0.555766706622986));
#9380=DIRECTION('axis',(0.,0.,1.));
#9381=DIRECTION('refdir',(1.,0.,0.));
#9382=DIRECTION('center_axis',(0.,0.,1.));
#9383=DIRECTION('ref_axis',(1.,0.,0.));
#9384=DIRECTION('center_axis',(0.,0.,1.));
#9385=DIRECTION('ref_axis',(1.,0.,0.));
#9386=DIRECTION('center_axis',(0.,0.,1.));
#9387=DIRECTION('ref_axis',(1.,0.,0.));
#9388=DIRECTION('center_axis',(0.,0.,1.));
#9389=DIRECTION('ref_axis',(-1.,0.,0.));
#9390=DIRECTION('center_axis',(0.,0.,1.));
#9391=DIRECTION('ref_axis',(-1.,0.,0.));
#9392=DIRECTION('center_axis',(0.,0.,1.));
#9393=DIRECTION('ref_axis',(1.,0.,0.));
#9394=DIRECTION('center_axis',(0.,0.,1.));
#9395=DIRECTION('ref_axis',(-1.,0.,0.));
#9396=DIRECTION('',(0.,0.,-1.));
#9397=DIRECTION('center_axis',(0.,0.,1.));
#9398=DIRECTION('ref_axis',(1.,0.,0.));
#9399=DIRECTION('',(0.,0.,-1.));
#9400=DIRECTION('center_axis',(0.,0.,1.));
#9401=DIRECTION('ref_axis',(1.,0.,0.));
#9402=DIRECTION('',(0.866025403784329,-0.50000000000019,0.));
#9403=DIRECTION('',(0.,-1.,0.));
#9404=DIRECTION('',(-0.866025403784329,-0.50000000000019,0.));
#9405=DIRECTION('',(-0.866025403784329,0.50000000000019,0.));
#9406=DIRECTION('',(0.,1.,0.));
#9407=DIRECTION('',(0.866025403784329,0.50000000000019,0.));
#9408=DIRECTION('center_axis',(-1.,0.,0.));
#9409=DIRECTION('ref_axis',(0.,1.,0.));
#9410=DIRECTION('',(0.,0.,-1.));
#9411=DIRECTION('',(0.,0.,-1.));
#9412=DIRECTION('',(0.,1.,0.));
#9413=DIRECTION('center_axis',(-0.50000000000019,0.866025403784329,0.));
#9414=DIRECTION('ref_axis',(0.866025403784329,0.50000000000019,0.));
#9415=DIRECTION('',(0.,0.,-1.));
#9416=DIRECTION('',(0.866025403784329,0.50000000000019,0.));
#9417=DIRECTION('center_axis',(-0.50000000000019,-0.866025403784329,0.));
#9418=DIRECTION('ref_axis',(-0.866025403784329,0.50000000000019,0.));
#9419=DIRECTION('',(0.,0.,-1.));
#9420=DIRECTION('',(-0.866025403784329,0.50000000000019,0.));
#9421=DIRECTION('center_axis',(0.,0.,1.));
#9422=DIRECTION('ref_axis',(1.,0.,0.));
#9423=DIRECTION('',(-0.866025403784329,-0.50000000000019,0.));
#9424=DIRECTION('',(0.,-1.,0.));
#9425=DIRECTION('',(0.866025403784329,-0.50000000000019,0.));
#9426=DIRECTION('center_axis',(0.50000000000019,0.866025403784329,0.));
#9427=DIRECTION('ref_axis',(0.866025403784329,-0.50000000000019,0.));
#9428=DIRECTION('',(0.,0.,-1.));
#9429=DIRECTION('center_axis',(0.50000000000019,-0.866025403784329,0.));
#9430=DIRECTION('ref_axis',(-0.866025403784329,-0.50000000000019,0.));
#9431=DIRECTION('',(0.,0.,-1.));
#9432=DIRECTION('center_axis',(1.,0.,0.));
#9433=DIRECTION('ref_axis',(0.,-1.,0.));
#9434=DIRECTION('axis',(0.,0.,1.));
#9435=DIRECTION('refdir',(1.,0.,0.));
#9436=DIRECTION('center_axis',(0.,0.,1.));
#9437=DIRECTION('ref_axis',(1.,0.,0.));
#9438=DIRECTION('center_axis',(0.,0.,1.));
#9439=DIRECTION('ref_axis',(1.,0.,0.));
#9440=DIRECTION('center_axis',(0.,0.,1.));
#9441=DIRECTION('ref_axis',(1.,0.,0.));
#9442=DIRECTION('center_axis',(0.,0.,1.));
#9443=DIRECTION('ref_axis',(-1.,0.,0.));
#9444=DIRECTION('center_axis',(0.,0.,1.));
#9445=DIRECTION('ref_axis',(-1.,0.,0.));
#9446=DIRECTION('center_axis',(0.,0.,1.));
#9447=DIRECTION('ref_axis',(1.,0.,0.));
#9448=DIRECTION('center_axis',(0.,0.,1.));
#9449=DIRECTION('ref_axis',(-1.,0.,0.));
#9450=DIRECTION('',(0.,0.,-1.));
#9451=DIRECTION('center_axis',(0.,0.,1.));
#9452=DIRECTION('ref_axis',(1.,0.,0.));
#9453=DIRECTION('',(0.,0.,-1.));
#9454=DIRECTION('center_axis',(0.,0.,1.));
#9455=DIRECTION('ref_axis',(1.,0.,0.));
#9456=DIRECTION('',(0.866025403784329,-0.50000000000019,0.));
#9457=DIRECTION('',(0.,-1.,0.));
#9458=DIRECTION('',(-0.866025403784329,-0.50000000000019,0.));
#9459=DIRECTION('',(-0.866025403784329,0.50000000000019,0.));
#9460=DIRECTION('',(0.,1.,0.));
#9461=DIRECTION('',(0.866025403784329,0.50000000000019,0.));
#9462=DIRECTION('center_axis',(-1.,0.,0.));
#9463=DIRECTION('ref_axis',(0.,1.,0.));
#9464=DIRECTION('',(0.,0.,-1.));
#9465=DIRECTION('',(0.,0.,-1.));
#9466=DIRECTION('',(0.,1.,0.));
#9467=DIRECTION('center_axis',(-0.50000000000019,0.866025403784329,0.));
#9468=DIRECTION('ref_axis',(0.866025403784329,0.50000000000019,0.));
#9469=DIRECTION('',(0.,0.,-1.));
#9470=DIRECTION('',(0.866025403784329,0.50000000000019,0.));
#9471=DIRECTION('center_axis',(-0.50000000000019,-0.866025403784329,0.));
#9472=DIRECTION('ref_axis',(-0.866025403784329,0.50000000000019,0.));
#9473=DIRECTION('',(0.,0.,-1.));
#9474=DIRECTION('',(-0.866025403784329,0.50000000000019,0.));
#9475=DIRECTION('center_axis',(0.,0.,1.));
#9476=DIRECTION('ref_axis',(1.,0.,0.));
#9477=DIRECTION('',(-0.866025403784329,-0.50000000000019,0.));
#9478=DIRECTION('',(0.,-1.,0.));
#9479=DIRECTION('',(0.866025403784329,-0.50000000000019,0.));
#9480=DIRECTION('center_axis',(0.50000000000019,0.866025403784329,0.));
#9481=DIRECTION('ref_axis',(0.866025403784329,-0.50000000000019,0.));
#9482=DIRECTION('',(0.,0.,-1.));
#9483=DIRECTION('center_axis',(0.50000000000019,-0.866025403784329,0.));
#9484=DIRECTION('ref_axis',(-0.866025403784329,-0.50000000000019,0.));
#9485=DIRECTION('',(0.,0.,-1.));
#9486=DIRECTION('center_axis',(1.,0.,0.));
#9487=DIRECTION('ref_axis',(0.,-1.,0.));
#9488=DIRECTION('axis',(0.,0.,1.));
#9489=DIRECTION('refdir',(1.,0.,0.));
#9490=DIRECTION('center_axis',(0.,0.,1.));
#9491=DIRECTION('ref_axis',(-0.86580263293145,-0.500385652081441,0.));
#9492=DIRECTION('center_axis',(0.,0.,-1.));
#9493=DIRECTION('ref_axis',(1.,0.,0.));
#9494=DIRECTION('',(0.,0.,1.));
#9495=DIRECTION('center_axis',(0.,0.,1.));
#9496=DIRECTION('ref_axis',(1.,0.,0.));
#9497=DIRECTION('',(0.,0.,-1.));
#9498=DIRECTION('center_axis',(0.,0.,1.));
#9499=DIRECTION('ref_axis',(1.,0.,0.));
#9500=DIRECTION('',(0.,0.,1.));
#9501=DIRECTION('center_axis',(0.,0.,1.));
#9502=DIRECTION('ref_axis',(1.,0.,0.));
#9503=DIRECTION('',(0.,0.,-1.));
#9504=DIRECTION('center_axis',(0.,0.,1.));
#9505=DIRECTION('ref_axis',(1.,0.,0.));
#9506=DIRECTION('center_axis',(-0.866025403784439,0.5,0.));
#9507=DIRECTION('ref_axis',(-0.5,-0.866025403784439,0.));
#9508=DIRECTION('',(0.5,0.866025403784439,0.));
#9509=DIRECTION('',(0.,0.,-1.));
#9510=DIRECTION('',(-0.5,-0.866025403784439,0.));
#9511=DIRECTION('center_axis',(0.,-1.,0.));
#9512=DIRECTION('ref_axis',(1.,0.,0.));
#9513=DIRECTION('',(1.,0.,0.));
#9514=DIRECTION('',(0.,0.,1.));
#9515=DIRECTION('',(-1.,0.,0.));
#9516=DIRECTION('center_axis',(0.,0.,1.));
#9517=DIRECTION('ref_axis',(1.,0.,0.));
#9518=DIRECTION('',(0.500000000021287,-0.866025403772148,0.));
#9519=DIRECTION('center_axis',(0.,0.,1.));
#9520=DIRECTION('ref_axis',(0.859728324250031,-0.510751611335915,0.));
#9521=DIRECTION('center_axis',(0.,0.,1.));
#9522=DIRECTION('ref_axis',(-0.526585468213446,-0.850122193961801,0.));
#9523=DIRECTION('center_axis',(0.,0.,-1.));
#9524=DIRECTION('ref_axis',(-0.493967200748891,0.869480537208456,0.));
#9525=DIRECTION('center_axis',(0.,0.,1.));
#9526=DIRECTION('ref_axis',(0.975481152830403,-0.220082985422925,0.));
#9527=DIRECTION('center_axis',(0.,0.,1.));
#9528=DIRECTION('ref_axis',(-0.238110335691332,-0.971238110885771,0.));
#9529=DIRECTION('center_axis',(0.,0.,-1.));
#9530=DIRECTION('ref_axis',(-0.738474987359895,0.674280871035063,0.));
#9531=DIRECTION('center_axis',(0.,0.,1.));
#9532=DIRECTION('ref_axis',(0.995747089591642,0.0921288964971075,0.));
#9533=DIRECTION('center_axis',(0.,0.,1.));
#9534=DIRECTION('ref_axis',(0.0736726954819011,-0.997282474497788,0.));
#9535=DIRECTION('center_axis',(0.,0.,-1.));
#9536=DIRECTION('ref_axis',(-0.910695696988528,0.41307789518029,0.));
#9537=DIRECTION('center_axis',(0.,0.,1.));
#9538=DIRECTION('ref_axis',(0.918542363387752,0.395322560274572,0.));
#9539=DIRECTION('center_axis',(0.,0.,1.));
#9540=DIRECTION('ref_axis',(0.37824412992064,-0.925705881033807,0.));
#9541=DIRECTION('center_axis',(0.,0.,-1.));
#9542=DIRECTION('ref_axis',(-0.993771171234024,0.111439935499609,0.));
#9543=DIRECTION('center_axis',(0.,0.,1.));
#9544=DIRECTION('ref_axis',(0.751424310808558,0.659819297327597,0.));
#9545=DIRECTION('center_axis',(0.,0.,1.));
#9546=DIRECTION('ref_axis',(0.645790393552874,-0.763514746154142,0.));
#9547=DIRECTION('center_axis',(0.,0.,-1.));
#9548=DIRECTION('ref_axis',(-0.979569779038003,-0.201104569802472,0.));
#9549=DIRECTION('',(-1.,-2.45794161075142E-11,0.));
#9550=DIRECTION('center_axis',(0.,0.,-1.));
#9551=DIRECTION('ref_axis',(-1.,0.,0.));
#9552=DIRECTION('center_axis',(2.45794161075142E-11,-1.,0.));
#9553=DIRECTION('ref_axis',(1.,2.45794161075142E-11,0.));
#9554=DIRECTION('',(0.,0.,1.));
#9555=DIRECTION('',(1.,2.45794161075142E-11,0.));
#9556=DIRECTION('center_axis',(0.31015721186041,-0.950685281221381,0.));
#9557=DIRECTION('ref_axis',(0.950685281221381,0.31015721186041,0.));
#9558=DIRECTION('',(0.950685281221381,0.31015721186041,0.));
#9559=DIRECTION('',(0.,0.,1.));
#9560=DIRECTION('',(0.950685281221381,0.31015721186041,0.));
#9561=DIRECTION('',(0.,0.,1.));
#9562=DIRECTION('center_axis',(-0.662170602022064,0.749353116906667,0.));
#9563=DIRECTION('ref_axis',(-0.749353116906667,-0.662170602022064,0.));
#9564=DIRECTION('',(-0.749353116906667,-0.662170602022064,0.));
#9565=DIRECTION('',(0.,0.,1.));
#9566=DIRECTION('',(0.749353116906667,0.662170602022064,0.));
#9567=DIRECTION('',(0.,0.,-1.));
#9568=DIRECTION('center_axis',(0.,0.,-1.));
#9569=DIRECTION('ref_axis',(-1.,0.,0.));
#9570=DIRECTION('center_axis',(0.,0.,-1.));
#9571=DIRECTION('ref_axis',(-1.,0.,0.));
#9572=DIRECTION('center_axis',(0.,0.,-1.));
#9573=DIRECTION('ref_axis',(-1.,0.,0.));
#9574=DIRECTION('center_axis',(0.984807753012208,-0.173648177666931,0.));
#9575=DIRECTION('ref_axis',(-0.173648177666931,-0.984807753012208,0.));
#9576=DIRECTION('',(0.173648177666931,0.984807753012208,0.));
#9577=DIRECTION('',(0.,0.,-1.));
#9578=DIRECTION('',(-0.173648177666931,-0.984807753012208,0.));
#9579=DIRECTION('',(0.,0.,-1.));
#9580=DIRECTION('center_axis',(0.,1.,0.));
#9581=DIRECTION('ref_axis',(1.,0.,0.));
#9582=DIRECTION('',(-1.,0.,0.));
#9583=DIRECTION('',(1.,0.,0.));
#9584=DIRECTION('',(0.,0.,-1.));
#9585=DIRECTION('center_axis',(-0.984807753012208,-0.173648177666929,0.));
#9586=DIRECTION('ref_axis',(-0.173648177666929,0.984807753012208,0.));
#9587=DIRECTION('',(0.173648177666929,-0.984807753012208,0.));
#9588=DIRECTION('',(-0.173648177666929,0.984807753012208,0.));
#9589=DIRECTION('',(0.,0.,1.));
#9590=DIRECTION('center_axis',(0.984807753012208,-0.173648177666931,0.));
#9591=DIRECTION('ref_axis',(-0.173648177666931,-0.984807753012208,0.));
#9592=DIRECTION('',(0.173648177666931,0.984807753012208,0.));
#9593=DIRECTION('',(0.,0.,-1.));
#9594=DIRECTION('',(-0.173648177666931,-0.984807753012208,0.));
#9595=DIRECTION('',(0.,0.,-1.));
#9596=DIRECTION('center_axis',(0.,1.,0.));
#9597=DIRECTION('ref_axis',(1.,0.,0.));
#9598=DIRECTION('',(-1.,0.,0.));
#9599=DIRECTION('',(1.,0.,0.));
#9600=DIRECTION('',(0.,0.,-1.));
#9601=DIRECTION('center_axis',(-0.984807753012208,-0.173648177666929,0.));
#9602=DIRECTION('ref_axis',(-0.173648177666929,0.984807753012208,0.));
#9603=DIRECTION('',(0.173648177666929,-0.984807753012208,0.));
#9604=DIRECTION('',(-0.173648177666929,0.984807753012208,0.));
#9605=DIRECTION('',(0.,0.,1.));
#9606=DIRECTION('center_axis',(0.,-1.,0.));
#9607=DIRECTION('ref_axis',(1.,0.,0.));
#9608=DIRECTION('',(-1.,0.,0.));
#9609=DIRECTION('',(1.,0.,0.));
#9610=DIRECTION('center_axis',(0.,-1.,0.));
#9611=DIRECTION('ref_axis',(1.,0.,0.));
#9612=DIRECTION('',(-1.,0.,0.));
#9613=DIRECTION('',(0.,0.,1.));
#9614=DIRECTION('',(1.,0.,0.));
#9615=DIRECTION('center_axis',(0.,0.,1.));
#9616=DIRECTION('ref_axis',(1.,0.,0.));
#9617=DIRECTION('',(-1.,0.,0.));
#9618=DIRECTION('',(1.55431223447522E-15,1.,0.));
#9619=DIRECTION('center_axis',(0.,0.,-1.));
#9620=DIRECTION('ref_axis',(1.94289029309402E-16,1.,0.));
#9621=DIRECTION('center_axis',(0.,0.,1.));
#9622=DIRECTION('ref_axis',(0.,-1.,0.));
#9623=DIRECTION('center_axis',(0.,0.,-1.));
#9624=DIRECTION('ref_axis',(-1.,0.,0.));
#9625=DIRECTION('',(1.30774283341356E-11,1.,0.));
#9626=DIRECTION('center_axis',(0.,0.,1.));
#9627=DIRECTION('ref_axis',(0.0155448246649129,0.999879171913355,0.));
#9628=DIRECTION('center_axis',(0.,0.,-1.));
#9629=DIRECTION('ref_axis',(-0.869480537208456,-0.493967200748891,0.));
#9630=DIRECTION('center_axis',(0.,0.,1.));
#9631=DIRECTION('ref_axis',(0.850122193961801,-0.526585468213446,0.));
#9632=DIRECTION('center_axis',(0.,0.,1.));
#9633=DIRECTION('ref_axis',(0.510751611330579,0.859728324253201,0.));
#9634=DIRECTION('center_axis',(0.,0.,-1.));
#9635=DIRECTION('ref_axis',(-0.979569390404852,-0.201106462804822,0.));
#9636=DIRECTION('center_axis',(0.,0.,-1.));
#9637=DIRECTION('ref_axis',(-0.979569779038003,-0.201104569802472,0.));
#9638=DIRECTION('center_axis',(0.,0.,1.));
#9639=DIRECTION('ref_axis',(0.645790393552874,-0.763514746154142,0.));
#9640=DIRECTION('center_axis',(0.,0.,1.));
#9641=DIRECTION('ref_axis',(0.751424310808558,0.659819297327597,0.));
#9642=DIRECTION('center_axis',(0.,0.,-1.));
#9643=DIRECTION('ref_axis',(-0.993771171234024,0.111439935499609,0.));
#9644=DIRECTION('center_axis',(0.,0.,1.));
#9645=DIRECTION('ref_axis',(0.37824412992064,-0.925705881033807,0.));
#9646=DIRECTION('center_axis',(0.,0.,1.));
#9647=DIRECTION('ref_axis',(0.918542363387752,0.395322560274572,0.));
#9648=DIRECTION('center_axis',(0.,0.,-1.));
#9649=DIRECTION('ref_axis',(-0.910695696988528,0.41307789518029,0.));
#9650=DIRECTION('center_axis',(0.,0.,1.));
#9651=DIRECTION('ref_axis',(0.0736726954819011,-0.997282474497788,0.));
#9652=DIRECTION('center_axis',(0.,0.,1.));
#9653=DIRECTION('ref_axis',(0.995747089591642,0.0921288964971075,0.));
#9654=DIRECTION('center_axis',(0.,0.,-1.));
#9655=DIRECTION('ref_axis',(-0.738474987359895,0.674280871035063,0.));
#9656=DIRECTION('center_axis',(0.,0.,1.));
#9657=DIRECTION('ref_axis',(-0.238110335691332,-0.971238110885771,0.));
#9658=DIRECTION('center_axis',(0.,0.,1.));
#9659=DIRECTION('ref_axis',(0.975481152830403,-0.220082985422925,0.));
#9660=DIRECTION('center_axis',(0.,0.,-1.));
#9661=DIRECTION('ref_axis',(-0.493967200748891,0.869480537208456,0.));
#9662=DIRECTION('center_axis',(0.,0.,1.));
#9663=DIRECTION('ref_axis',(-0.526585468213446,-0.850122193961801,0.));
#9664=DIRECTION('center_axis',(0.,0.,1.));
#9665=DIRECTION('ref_axis',(0.859728324250031,-0.510751611335915,0.));
#9666=DIRECTION('center_axis',(0.,0.,-1.));
#9667=DIRECTION('ref_axis',(-0.201106462804822,0.979569390404852,0.));
#9668=DIRECTION('center_axis',(0.,0.,1.));
#9669=DIRECTION('ref_axis',(-0.763514746154142,-0.645790393552874,0.));
#9670=DIRECTION('center_axis',(0.,0.,1.));
#9671=DIRECTION('ref_axis',(0.659819297325662,-0.751424310810257,0.));
#9672=DIRECTION('',(1.,-1.43100346389554E-12,0.));
#9673=DIRECTION('',(-0.173648177666928,-0.984807753012208,0.));
#9674=DIRECTION('',(1.,0.,0.));
#9675=DIRECTION('',(-0.173648177666924,0.984807753012209,0.));
#9676=DIRECTION('',(1.,-1.43100346389554E-12,0.));
#9677=DIRECTION('center_axis',(0.,0.,-1.));
#9678=DIRECTION('ref_axis',(0.11143997687322,0.993771166594451,0.));
#9679=DIRECTION('center_axis',(0.,0.,1.));
#9680=DIRECTION('ref_axis',(-0.925705881802233,-0.378244128040015,0.));
#9681=DIRECTION('center_axis',(0.,0.,1.));
#9682=DIRECTION('ref_axis',(0.395322561832723,-0.918542362717155,0.));
#9683=DIRECTION('center_axis',(0.,0.,-1.));
#9684=DIRECTION('ref_axis',(0.413077895230789,0.910695696965623,0.));
#9685=DIRECTION('center_axis',(0.,0.,1.));
#9686=DIRECTION('ref_axis',(-0.988422831656031,-0.151724440552846,0.));
#9687=DIRECTION('center_axis',(0.,0.,1.));
#9688=DIRECTION('ref_axis',(0.0921288984628178,-0.99574708940977,0.));
#9689=DIRECTION('center_axis',(0.,0.,-1.));
#9690=DIRECTION('ref_axis',(0.674280871056417,0.738474987340397,0.));
#9691=DIRECTION('center_axis',(0.,0.,1.));
#9692=DIRECTION('ref_axis',(-0.971238110379463,0.238110337756532,0.));
#9693=DIRECTION('center_axis',(0.,0.,1.));
#9694=DIRECTION('ref_axis',(-0.220082983647706,-0.975481153230919,0.));
#9695=DIRECTION('center_axis',(0.,0.,-1.));
#9696=DIRECTION('ref_axis',(0.869480530781482,0.493967212061644,0.));
#9697=DIRECTION('center_axis',(0.,0.,1.));
#9698=DIRECTION('ref_axis',(-0.850122192876755,0.52658546996515,0.));
#9699=DIRECTION('center_axis',(0.,0.,1.));
#9700=DIRECTION('ref_axis',(-0.510751609779664,-0.859728325174576,0.));
#9701=DIRECTION('center_axis',(0.,0.,-1.));
#9702=DIRECTION('ref_axis',(0.979569387816347,0.201106475413168,0.));
#9703=DIRECTION('center_axis',(0.,0.,1.));
#9704=DIRECTION('ref_axis',(-0.645790391951076,0.763514747508963,0.));
#9705=DIRECTION('center_axis',(0.,0.,1.));
#9706=DIRECTION('ref_axis',(-0.751424309637044,-0.659819298661756,0.));
#9707=DIRECTION('center_axis',(0.,0.,-1.));
#9708=DIRECTION('ref_axis',(0.99377116656349,-0.111439977149319,0.));
#9709=DIRECTION('center_axis',(0.,0.,1.));
#9710=DIRECTION('ref_axis',(-0.378244128004083,0.925705881816914,0.));
#9711=DIRECTION('center_axis',(0.,0.,1.));
#9712=DIRECTION('ref_axis',(-0.918542411269917,-0.395322449019084,0.));
#9713=DIRECTION('center_axis',(0.,0.,1.));
#9714=DIRECTION('ref_axis',(-0.918542369991222,-0.395322544931235,0.));
#9715=DIRECTION('',(1.,7.48146307621629E-10,0.));
#9716=DIRECTION('',(0.,-1.,0.));
#9717=DIRECTION('center_axis',(0.,0.,1.));
#9718=DIRECTION('ref_axis',(-1.,-7.77156117237608E-16,0.));
#9719=DIRECTION('center_axis',(0.,0.,-1.));
#9720=DIRECTION('ref_axis',(-1.24344978758018E-14,-1.,0.));
#9721=DIRECTION('center_axis',(0.,0.,1.));
#9722=DIRECTION('ref_axis',(-0.0926437830043968,0.995699316797312,0.));
#9723=DIRECTION('',(0.,-1.,0.));
#9724=DIRECTION('center_axis',(0.,0.,1.));
#9725=DIRECTION('ref_axis',(-1.,0.,0.));
#9726=DIRECTION('center_axis',(0.,0.,1.));
#9727=DIRECTION('ref_axis',(-1.,0.,0.));
#9728=DIRECTION('center_axis',(0.,0.,1.));
#9729=DIRECTION('ref_axis',(-1.,0.,0.));
#9730=DIRECTION('center_axis',(0.,0.,1.));
#9731=DIRECTION('ref_axis',(1.,0.,0.));
#9732=DIRECTION('center_axis',(0.,0.,1.));
#9733=DIRECTION('ref_axis',(1.,0.,0.));
#9734=DIRECTION('center_axis',(0.,0.,1.));
#9735=DIRECTION('ref_axis',(1.,0.,0.));
#9736=DIRECTION('center_axis',(-0.984807753012208,0.173648177666928,0.));
#9737=DIRECTION('ref_axis',(0.173648177666928,0.984807753012208,0.));
#9738=DIRECTION('',(0.,0.,-1.));
#9739=DIRECTION('',(0.173648177666928,0.984807753012208,0.));
#9740=DIRECTION('',(0.,0.,-1.));
#9741=DIRECTION('center_axis',(0.,-1.,0.));
#9742=DIRECTION('ref_axis',(-1.,0.,0.));
#9743=DIRECTION('',(-1.,0.,0.));
#9744=DIRECTION('',(0.,0.,-1.));
#9745=DIRECTION('center_axis',(0.984807753012209,0.173648177666924,0.));
#9746=DIRECTION('ref_axis',(0.173648177666924,-0.984807753012209,0.));
#9747=DIRECTION('',(0.173648177666924,-0.984807753012209,0.));
#9748=DIRECTION('',(0.,0.,1.));
#9749=DIRECTION('center_axis',(0.,0.,1.));
#9750=DIRECTION('ref_axis',(1.,0.,0.));
#9751=DIRECTION('',(0.,1.,0.));
#9752=DIRECTION('center_axis',(0.,0.,-1.));
#9753=DIRECTION('ref_axis',(-0.0926437830043968,0.995699316797312,0.));
#9754=DIRECTION('center_axis',(0.,0.,1.));
#9755=DIRECTION('ref_axis',(-1.24344978758018E-14,-1.,0.));
#9756=DIRECTION('center_axis',(0.,0.,-1.));
#9757=DIRECTION('ref_axis',(-1.,-7.77156117237608E-16,0.));
#9758=DIRECTION('',(0.,1.,0.));
#9759=DIRECTION('',(-1.,-7.48146307621629E-10,0.));
#9760=DIRECTION('center_axis',(0.,0.,-1.));
#9761=DIRECTION('ref_axis',(-0.918542369991222,-0.395322544931235,0.));
#9762=DIRECTION('center_axis',(0.,0.,-1.));
#9763=DIRECTION('ref_axis',(-0.918542411269917,-0.395322449019084,0.));
#9764=DIRECTION('center_axis',(0.,0.,-1.));
#9765=DIRECTION('ref_axis',(-0.378244128004083,0.925705881816914,0.));
#9766=DIRECTION('center_axis',(0.,0.,1.));
#9767=DIRECTION('ref_axis',(0.99377116656349,-0.111439977149319,0.));
#9768=DIRECTION('center_axis',(0.,0.,-1.));
#9769=DIRECTION('ref_axis',(-0.751424309637044,-0.659819298661756,0.));
#9770=DIRECTION('center_axis',(0.,0.,-1.));
#9771=DIRECTION('ref_axis',(-0.645790391951076,0.763514747508963,0.));
#9772=DIRECTION('center_axis',(0.,0.,1.));
#9773=DIRECTION('ref_axis',(0.979569387816347,0.201106475413168,0.));
#9774=DIRECTION('center_axis',(0.,0.,-1.));
#9775=DIRECTION('ref_axis',(-0.510751609779664,-0.859728325174576,0.));
#9776=DIRECTION('center_axis',(0.,0.,-1.));
#9777=DIRECTION('ref_axis',(-0.850122192876755,0.52658546996515,0.));
#9778=DIRECTION('center_axis',(0.,0.,1.));
#9779=DIRECTION('ref_axis',(0.869480530781482,0.493967212061644,0.));
#9780=DIRECTION('center_axis',(0.,0.,-1.));
#9781=DIRECTION('ref_axis',(-0.220082983647706,-0.975481153230919,0.));
#9782=DIRECTION('center_axis',(0.,0.,-1.));
#9783=DIRECTION('ref_axis',(-0.971238110379463,0.238110337756532,0.));
#9784=DIRECTION('center_axis',(0.,0.,1.));
#9785=DIRECTION('ref_axis',(0.674280871056417,0.738474987340397,0.));
#9786=DIRECTION('center_axis',(0.,0.,-1.));
#9787=DIRECTION('ref_axis',(0.0921288984628178,-0.99574708940977,0.));
#9788=DIRECTION('center_axis',(0.,0.,-1.));
#9789=DIRECTION('ref_axis',(-0.988422831656031,-0.151724440552846,0.));
#9790=DIRECTION('center_axis',(0.,0.,1.));
#9791=DIRECTION('ref_axis',(0.413077895230789,0.910695696965623,0.));
#9792=DIRECTION('center_axis',(0.,0.,-1.));
#9793=DIRECTION('ref_axis',(0.395322561832723,-0.918542362717155,0.));
#9794=DIRECTION('center_axis',(0.,0.,-1.));
#9795=DIRECTION('ref_axis',(-0.925705881802233,-0.378244128040015,0.));
#9796=DIRECTION('center_axis',(0.,0.,1.));
#9797=DIRECTION('ref_axis',(0.11143997687322,0.993771166594451,0.));
#9798=DIRECTION('',(-1.,1.43100346389554E-12,0.));
#9799=DIRECTION('',(-1.,1.43100346389554E-12,0.));
#9800=DIRECTION('center_axis',(0.,0.,-1.));
#9801=DIRECTION('ref_axis',(0.659819297325662,-0.751424310810257,0.));
#9802=DIRECTION('center_axis',(0.,0.,-1.));
#9803=DIRECTION('ref_axis',(-0.763514746154142,-0.645790393552874,0.));
#9804=DIRECTION('center_axis',(0.,0.,1.));
#9805=DIRECTION('ref_axis',(-0.201106462804822,0.979569390404852,0.));
#9806=DIRECTION('center_axis',(0.,0.,-1.));
#9807=DIRECTION('ref_axis',(0.859728324250031,-0.510751611335915,0.));
#9808=DIRECTION('center_axis',(0.,0.,-1.));
#9809=DIRECTION('ref_axis',(-0.526585468213446,-0.850122193961801,0.));
#9810=DIRECTION('center_axis',(0.,0.,1.));
#9811=DIRECTION('ref_axis',(-0.493967200748891,0.869480537208456,0.));
#9812=DIRECTION('center_axis',(0.,0.,-1.));
#9813=DIRECTION('ref_axis',(0.975481152830403,-0.220082985422925,0.));
#9814=DIRECTION('center_axis',(0.,0.,-1.));
#9815=DIRECTION('ref_axis',(-0.238110335691332,-0.971238110885771,0.));
#9816=DIRECTION('center_axis',(0.,0.,1.));
#9817=DIRECTION('ref_axis',(-0.738474987359895,0.674280871035063,0.));
#9818=DIRECTION('center_axis',(0.,0.,-1.));
#9819=DIRECTION('ref_axis',(0.995747089591642,0.0921288964971075,0.));
#9820=DIRECTION('center_axis',(0.,0.,-1.));
#9821=DIRECTION('ref_axis',(0.0736726954819011,-0.997282474497788,0.));
#9822=DIRECTION('center_axis',(0.,0.,1.));
#9823=DIRECTION('ref_axis',(-0.910695696988528,0.41307789518029,0.));
#9824=DIRECTION('center_axis',(0.,0.,-1.));
#9825=DIRECTION('ref_axis',(0.918542363387752,0.395322560274572,0.));
#9826=DIRECTION('center_axis',(0.,0.,-1.));
#9827=DIRECTION('ref_axis',(0.37824412992064,-0.925705881033807,0.));
#9828=DIRECTION('center_axis',(0.,0.,1.));
#9829=DIRECTION('ref_axis',(-0.993771171234024,0.111439935499609,0.));
#9830=DIRECTION('center_axis',(0.,0.,-1.));
#9831=DIRECTION('ref_axis',(0.751424310808558,0.659819297327597,0.));
#9832=DIRECTION('center_axis',(0.,0.,-1.));
#9833=DIRECTION('ref_axis',(0.645790393552874,-0.763514746154142,0.));
#9834=DIRECTION('center_axis',(0.,0.,1.));
#9835=DIRECTION('ref_axis',(-0.979569779038003,-0.201104569802472,0.));
#9836=DIRECTION('center_axis',(0.,0.,1.));
#9837=DIRECTION('ref_axis',(-0.979569390404852,-0.201106462804822,0.));
#9838=DIRECTION('center_axis',(0.,0.,-1.));
#9839=DIRECTION('ref_axis',(0.510751611330579,0.859728324253201,0.));
#9840=DIRECTION('center_axis',(0.,0.,-1.));
#9841=DIRECTION('ref_axis',(0.850122193961801,-0.526585468213446,0.));
#9842=DIRECTION('center_axis',(0.,0.,1.));
#9843=DIRECTION('ref_axis',(-0.869480537208456,-0.493967200748891,0.));
#9844=DIRECTION('center_axis',(0.,0.,-1.));
#9845=DIRECTION('ref_axis',(0.0155448246649129,0.999879171913355,0.));
#9846=DIRECTION('',(-1.30774283341356E-11,-1.,0.));
#9847=DIRECTION('center_axis',(0.,0.,1.));
#9848=DIRECTION('ref_axis',(-1.,0.,0.));
#9849=DIRECTION('center_axis',(0.,0.,-1.));
#9850=DIRECTION('ref_axis',(0.,-1.,0.));
#9851=DIRECTION('center_axis',(0.,0.,1.));
#9852=DIRECTION('ref_axis',(1.94289029309402E-16,1.,0.));
#9853=DIRECTION('',(-1.55431223447522E-15,-1.,0.));
#9854=DIRECTION('',(1.,0.,0.));
#9855=DIRECTION('center_axis',(0.,0.,-1.));
#9856=DIRECTION('ref_axis',(-1.,0.,0.));
#9857=DIRECTION('center_axis',(0.,0.,-1.));
#9858=DIRECTION('ref_axis',(-1.,0.,0.));
#9859=DIRECTION('center_axis',(0.,0.,-1.));
#9860=DIRECTION('ref_axis',(-1.,0.,0.));
#9861=DIRECTION('center_axis',(0.,0.,-1.));
#9862=DIRECTION('ref_axis',(1.,0.,0.));
#9863=DIRECTION('center_axis',(0.,0.,-1.));
#9864=DIRECTION('ref_axis',(1.,0.,0.));
#9865=DIRECTION('center_axis',(0.,0.,-1.));
#9866=DIRECTION('ref_axis',(1.,0.,0.));
#9867=DIRECTION('center_axis',(1.43100346389554E-12,1.,0.));
#9868=DIRECTION('ref_axis',(-1.,1.43100346389554E-12,0.));
#9869=DIRECTION('',(0.,0.,1.));
#9870=DIRECTION('center_axis',(0.,0.,-1.));
#9871=DIRECTION('ref_axis',(-1.,0.,0.));
#9872=DIRECTION('center_axis',(0.,0.,1.));
#9873=DIRECTION('ref_axis',(1.,0.,0.));
#9874=DIRECTION('center_axis',(0.,0.,-1.));
#9875=DIRECTION('ref_axis',(0.395322561832723,-0.918542362717155,0.));
#9876=DIRECTION('center_axis',(0.,0.,1.));
#9877=DIRECTION('ref_axis',(0.413077895230789,0.910695696965623,0.));
#9878=DIRECTION('center_axis',(0.,0.,-1.));
#9879=DIRECTION('ref_axis',(-0.988422831656031,-0.151724440552846,0.));
#9880=DIRECTION('center_axis',(0.,0.,-1.));
#9881=DIRECTION('ref_axis',(0.0921288984628178,-0.99574708940977,0.));
#9882=DIRECTION('center_axis',(0.,0.,1.));
#9883=DIRECTION('ref_axis',(0.674280871056417,0.738474987340397,0.));
#9884=DIRECTION('center_axis',(0.,0.,-1.));
#9885=DIRECTION('ref_axis',(-0.971238110379463,0.238110337756532,0.));
#9886=DIRECTION('center_axis',(0.,0.,-1.));
#9887=DIRECTION('ref_axis',(-0.220082983647706,-0.975481153230919,0.));
#9888=DIRECTION('center_axis',(0.,0.,1.));
#9889=DIRECTION('ref_axis',(0.869480530781482,0.493967212061644,0.));
#9890=DIRECTION('center_axis',(0.,0.,-1.));
#9891=DIRECTION('ref_axis',(-0.850122192876755,0.52658546996515,0.));
#9892=DIRECTION('center_axis',(0.,0.,-1.));
#9893=DIRECTION('ref_axis',(-0.510751609779664,-0.859728325174576,0.));
#9894=DIRECTION('center_axis',(0.,0.,1.));
#9895=DIRECTION('ref_axis',(0.979569387816347,0.201106475413168,0.));
#9896=DIRECTION('center_axis',(0.,0.,-1.));
#9897=DIRECTION('ref_axis',(-0.645790391951076,0.763514747508963,0.));
#9898=DIRECTION('center_axis',(0.,0.,-1.));
#9899=DIRECTION('ref_axis',(-0.751424309637044,-0.659819298661756,0.));
#9900=DIRECTION('center_axis',(0.,0.,1.));
#9901=DIRECTION('ref_axis',(0.99377116656349,-0.111439977149319,0.));
#9902=DIRECTION('center_axis',(0.,0.,-1.));
#9903=DIRECTION('ref_axis',(-0.378244128004083,0.925705881816914,0.));
#9904=DIRECTION('center_axis',(0.,0.,-1.));
#9905=DIRECTION('ref_axis',(-0.918542411269917,-0.395322449019084,0.));
#9906=DIRECTION('center_axis',(0.,0.,1.));
#9907=DIRECTION('ref_axis',(-1.,0.,0.));
#9908=DIRECTION('center_axis',(0.,0.,-1.));
#9909=DIRECTION('ref_axis',(1.,0.,0.));
#9910=DIRECTION('center_axis',(0.,0.,-1.));
#9911=DIRECTION('ref_axis',(1.,0.,0.));
#9912=DIRECTION('',(0.,0.,-1.));
#9913=DIRECTION('center_axis',(0.,0.,-1.));
#9914=DIRECTION('ref_axis',(1.,0.,0.));
#9915=DIRECTION('center_axis',(0.,0.,-1.));
#9916=DIRECTION('ref_axis',(1.,0.,0.));
#9917=DIRECTION('',(0.,0.,-1.));
#9918=DIRECTION('center_axis',(0.,0.,-1.));
#9919=DIRECTION('ref_axis',(1.,0.,0.));
#9920=DIRECTION('center_axis',(0.,0.,-1.));
#9921=DIRECTION('ref_axis',(1.,0.,0.));
#9922=DIRECTION('',(0.,0.,-1.));
#9923=DIRECTION('center_axis',(0.,0.,1.));
#9924=DIRECTION('ref_axis',(-1.,0.,0.));
#9925=DIRECTION('center_axis',(0.,0.,1.));
#9926=DIRECTION('ref_axis',(-1.,0.,0.));
#9927=DIRECTION('',(0.,0.,1.));
#9928=DIRECTION('center_axis',(0.,0.,1.));
#9929=DIRECTION('ref_axis',(-1.,0.,0.));
#9930=DIRECTION('',(0.,0.,1.));
#9931=DIRECTION('center_axis',(0.,0.,1.));
#9932=DIRECTION('ref_axis',(-1.,0.,0.));
#9933=DIRECTION('center_axis',(0.,0.,1.));
#9934=DIRECTION('ref_axis',(-1.,0.,0.));
#9935=DIRECTION('',(0.,0.,1.));
#9936=DIRECTION('center_axis',(0.,0.,-1.));
#9937=DIRECTION('ref_axis',(-1.,0.,0.));
#9938=DIRECTION('center_axis',(0.,0.,1.));
#9939=DIRECTION('ref_axis',(-1.,0.,0.));
#9940=DIRECTION('center_axis',(0.,0.,1.));
#9941=DIRECTION('ref_axis',(-1.,0.,0.));
#9942=DIRECTION('',(0.,0.,1.));
#9943=DIRECTION('center_axis',(0.,0.,1.));
#9944=DIRECTION('ref_axis',(-1.,0.,0.));
#9945=DIRECTION('center_axis',(0.,0.,1.));
#9946=DIRECTION('ref_axis',(-1.,0.,0.));
#9947=DIRECTION('',(0.,0.,1.));
#9948=DIRECTION('center_axis',(0.,0.,1.));
#9949=DIRECTION('ref_axis',(1.,0.,0.));
#9950=DIRECTION('center_axis',(0.,0.,1.));
#9951=DIRECTION('ref_axis',(-1.,0.,0.));
#9952=DIRECTION('center_axis',(0.,0.,1.));
#9953=DIRECTION('ref_axis',(-1.,0.,0.));
#9954=DIRECTION('',(0.928476690885259,-1.13705600757556E-16,0.371390676354104));
#9955=DIRECTION('center_axis',(0.,0.,1.));
#9956=DIRECTION('ref_axis',(-1.,0.,0.));
#9957=DIRECTION('center_axis',(0.,0.,1.));
#9958=DIRECTION('ref_axis',(1.,0.,0.));
#9959=DIRECTION('center_axis',(0.,0.,1.));
#9960=DIRECTION('ref_axis',(-1.,0.,0.));
#9961=DIRECTION('center_axis',(0.,0.,1.));
#9962=DIRECTION('ref_axis',(-1.,0.,0.));
#9963=DIRECTION('',(0.928476690885259,-1.13705600757556E-16,0.371390676354104));
#9964=DIRECTION('center_axis',(0.,0.,1.));
#9965=DIRECTION('ref_axis',(-1.,0.,0.));
#9966=DIRECTION('center_axis',(0.,0.,1.));
#9967=DIRECTION('ref_axis',(1.,0.,0.));
#9968=DIRECTION('center_axis',(0.,0.,1.));
#9969=DIRECTION('ref_axis',(-1.,0.,0.));
#9970=DIRECTION('center_axis',(5.72413303311615E-5,-0.000238518087747503,
0.999999969916275));
#9971=DIRECTION('ref_axis',(-0.233361341675083,0.972390057561346,0.000245290538098816));
#9972=DIRECTION('',(0.216691818681154,-0.902930059144047,0.371162988471079));
#9973=DIRECTION('center_axis',(0.,0.,1.));
#9974=DIRECTION('ref_axis',(-0.233361349732809,0.972390086565511,0.));
#9975=DIRECTION('center_axis',(0.,0.,-1.));
#9976=DIRECTION('ref_axis',(-1.,0.,0.));
#9977=DIRECTION('center_axis',(0.,0.,-1.));
#9978=DIRECTION('ref_axis',(1.,0.,0.));
#9979=DIRECTION('center_axis',(0.,0.,-1.));
#9980=DIRECTION('ref_axis',(1.,0.,0.));
#9981=DIRECTION('',(-0.928476690885259,-1.13705600757556E-16,-0.371390676354104));
#9982=DIRECTION('center_axis',(0.,0.,-1.));
#9983=DIRECTION('ref_axis',(1.,0.,0.));
#9984=DIRECTION('center_axis',(0.,0.,-1.));
#9985=DIRECTION('ref_axis',(-1.,0.,0.));
#9986=DIRECTION('center_axis',(0.,0.,-1.));
#9987=DIRECTION('ref_axis',(1.,0.,0.));
#9988=DIRECTION('center_axis',(0.,0.,-1.));
#9989=DIRECTION('ref_axis',(1.,0.,0.));
#9990=DIRECTION('',(-0.928476690885259,-1.13705600757556E-16,-0.371390676354104));
#9991=DIRECTION('center_axis',(0.,0.,-1.));
#9992=DIRECTION('ref_axis',(1.,0.,0.));
#9993=DIRECTION('center_axis',(0.,0.,-1.));
#9994=DIRECTION('ref_axis',(-1.,0.,0.));
#9995=DIRECTION('center_axis',(0.,0.,-1.));
#9996=DIRECTION('ref_axis',(1.,0.,0.));
#9997=DIRECTION('center_axis',(0.,0.,-1.));
#9998=DIRECTION('ref_axis',(1.,0.,0.));
#9999=DIRECTION('',(-0.928476690885259,-1.13705600757556E-16,-0.371390676354104));
#10000=DIRECTION('center_axis',(0.,0.,-1.));
#10001=DIRECTION('ref_axis',(1.,0.,0.));
#10002=DIRECTION('center_axis',(0.,0.,1.));
#10003=DIRECTION('ref_axis',(-1.,0.,0.));
#10004=DIRECTION('',(0.,0.,1.));
#10005=DIRECTION('center_axis',(0.,0.,1.));
#10006=DIRECTION('ref_axis',(-1.,0.,0.));
#10007=DIRECTION('center_axis',(0.,0.,-1.));
#10008=DIRECTION('ref_axis',(-1.,0.,0.));
#10009=DIRECTION('center_axis',(0.,0.,1.));
#10010=DIRECTION('ref_axis',(-1.,0.,0.));
#10011=DIRECTION('',(0.,0.,1.));
#10012=DIRECTION('center_axis',(0.,0.,1.));
#10013=DIRECTION('ref_axis',(-1.,0.,0.));
#10014=DIRECTION('center_axis',(0.,0.,-1.));
#10015=DIRECTION('ref_axis',(-1.,0.,0.));
#10016=DIRECTION('center_axis',(0.,0.,1.));
#10017=DIRECTION('ref_axis',(-1.,0.,0.));
#10018=DIRECTION('',(0.,0.,1.));
#10019=DIRECTION('center_axis',(0.,0.,1.));
#10020=DIRECTION('ref_axis',(-1.,0.,0.));
#10021=DIRECTION('center_axis',(0.,0.,-1.));
#10022=DIRECTION('ref_axis',(-1.,0.,0.));
#10023=DIRECTION('center_axis',(0.,0.,-1.));
#10024=DIRECTION('ref_axis',(1.,0.,0.));
#10025=DIRECTION('',(0.,0.,-1.));
#10026=DIRECTION('center_axis',(0.,0.,-1.));
#10027=DIRECTION('ref_axis',(1.,0.,0.));
#10028=DIRECTION('center_axis',(0.,0.,1.));
#10029=DIRECTION('ref_axis',(1.,0.,0.));
#10030=DIRECTION('center_axis',(0.,0.,-1.));
#10031=DIRECTION('ref_axis',(1.,0.,0.));
#10032=DIRECTION('',(0.,0.,-1.));
#10033=DIRECTION('center_axis',(0.,0.,-1.));
#10034=DIRECTION('ref_axis',(1.,0.,0.));
#10035=DIRECTION('center_axis',(0.,0.,1.));
#10036=DIRECTION('ref_axis',(1.,0.,0.));
#10037=DIRECTION('center_axis',(0.,0.,-1.));
#10038=DIRECTION('ref_axis',(1.,0.,0.));
#10039=DIRECTION('',(0.,0.,-1.));
#10040=DIRECTION('center_axis',(0.,0.,-1.));
#10041=DIRECTION('ref_axis',(1.,0.,0.));
#10042=DIRECTION('center_axis',(0.,0.,1.));
#10043=DIRECTION('ref_axis',(1.,0.,0.));
#10044=DIRECTION('center_axis',(0.,0.,1.));
#10045=DIRECTION('ref_axis',(1.,0.,0.));
#10046=DIRECTION('center_axis',(0.,0.,1.));
#10047=DIRECTION('ref_axis',(-0.918542411269917,-0.395322449019084,0.));
#10048=DIRECTION('center_axis',(0.,0.,1.));
#10049=DIRECTION('ref_axis',(-0.378244128004083,0.925705881816914,0.));
#10050=DIRECTION('center_axis',(0.,0.,-1.));
#10051=DIRECTION('ref_axis',(0.99377116656349,-0.111439977149319,0.));
#10052=DIRECTION('center_axis',(0.,0.,1.));
#10053=DIRECTION('ref_axis',(-0.751424309637044,-0.659819298661756,0.));
#10054=DIRECTION('center_axis',(0.,0.,1.));
#10055=DIRECTION('ref_axis',(-0.645790391951076,0.763514747508963,0.));
#10056=DIRECTION('center_axis',(0.,0.,-1.));
#10057=DIRECTION('ref_axis',(0.979569387816347,0.201106475413168,0.));
#10058=DIRECTION('center_axis',(0.,0.,1.));
#10059=DIRECTION('ref_axis',(-0.510751609779664,-0.859728325174576,0.));
#10060=DIRECTION('center_axis',(0.,0.,1.));
#10061=DIRECTION('ref_axis',(-0.850122192876755,0.52658546996515,0.));
#10062=DIRECTION('center_axis',(0.,0.,-1.));
#10063=DIRECTION('ref_axis',(0.869480530781482,0.493967212061644,0.));
#10064=DIRECTION('center_axis',(0.,0.,1.));
#10065=DIRECTION('ref_axis',(-0.220082983647706,-0.975481153230919,0.));
#10066=DIRECTION('center_axis',(0.,0.,1.));
#10067=DIRECTION('ref_axis',(-0.971238110379463,0.238110337756532,0.));
#10068=DIRECTION('center_axis',(0.,0.,-1.));
#10069=DIRECTION('ref_axis',(0.674280871056417,0.738474987340397,0.));
#10070=DIRECTION('center_axis',(0.,0.,1.));
#10071=DIRECTION('ref_axis',(0.0921288984628178,-0.99574708940977,0.));
#10072=DIRECTION('center_axis',(0.,0.,1.));
#10073=DIRECTION('ref_axis',(-0.988422831656031,-0.151724440552846,0.));
#10074=DIRECTION('center_axis',(0.,0.,-1.));
#10075=DIRECTION('ref_axis',(0.413077895230789,0.910695696965623,0.));
#10076=DIRECTION('center_axis',(0.,0.,1.));
#10077=DIRECTION('ref_axis',(0.395322561832723,-0.918542362717155,0.));
#10078=DIRECTION('center_axis',(0.866025403772149,0.500000000021287,0.));
#10079=DIRECTION('ref_axis',(-0.500000000021287,0.866025403772148,0.));
#10080=DIRECTION('',(-0.500000000021287,0.866025403772148,0.));
#10081=DIRECTION('',(0.,0.,1.));
#10082=DIRECTION('center_axis',(0.,0.,1.));
#10083=DIRECTION('ref_axis',(1.,0.,0.));
#10084=DIRECTION('center_axis',(0.,0.,1.));
#10085=DIRECTION('ref_axis',(-0.979569779038003,-0.201104569802472,0.));
#10086=DIRECTION('center_axis',(0.,0.,-1.));
#10087=DIRECTION('ref_axis',(0.645790393552874,-0.763514746154142,0.));
#10088=DIRECTION('center_axis',(0.,0.,-1.));
#10089=DIRECTION('ref_axis',(0.751424310808558,0.659819297327597,0.));
#10090=DIRECTION('center_axis',(0.,0.,1.));
#10091=DIRECTION('ref_axis',(-0.993771171234024,0.111439935499609,0.));
#10092=DIRECTION('center_axis',(0.,0.,-1.));
#10093=DIRECTION('ref_axis',(0.37824412992064,-0.925705881033807,0.));
#10094=DIRECTION('center_axis',(0.,0.,-1.));
#10095=DIRECTION('ref_axis',(0.918542363387752,0.395322560274572,0.));
#10096=DIRECTION('center_axis',(0.,0.,1.));
#10097=DIRECTION('ref_axis',(-0.910695696988528,0.41307789518029,0.));
#10098=DIRECTION('center_axis',(0.,0.,-1.));
#10099=DIRECTION('ref_axis',(0.0736726954819011,-0.997282474497788,0.));
#10100=DIRECTION('center_axis',(0.,0.,-1.));
#10101=DIRECTION('ref_axis',(0.995747089591642,0.0921288964971075,0.));
#10102=DIRECTION('center_axis',(0.,0.,1.));
#10103=DIRECTION('ref_axis',(-0.738474987359895,0.674280871035063,0.));
#10104=DIRECTION('center_axis',(0.,0.,-1.));
#10105=DIRECTION('ref_axis',(-0.238110335691332,-0.971238110885771,0.));
#10106=DIRECTION('center_axis',(0.,0.,-1.));
#10107=DIRECTION('ref_axis',(0.975481152830403,-0.220082985422925,0.));
#10108=DIRECTION('center_axis',(0.,0.,1.));
#10109=DIRECTION('ref_axis',(-0.493967200748891,0.869480537208456,0.));
#10110=DIRECTION('center_axis',(0.,0.,-1.));
#10111=DIRECTION('ref_axis',(-0.526585468213446,-0.850122193961801,0.));
#10112=DIRECTION('center_axis',(0.,0.,-1.));
#10113=DIRECTION('ref_axis',(0.859728324250031,-0.510751611335915,0.));
#10114=DIRECTION('center_axis',(0.,0.,1.));
#10115=DIRECTION('ref_axis',(-0.918542411269917,-0.395322449019084,0.));
#10116=DIRECTION('',(0.,0.,1.));
#10117=DIRECTION('',(0.,0.,1.));
#10118=DIRECTION('center_axis',(0.,0.,1.));
#10119=DIRECTION('ref_axis',(-0.918542411269917,-0.395322449019084,0.));
#10120=DIRECTION('',(0.,0.,1.));
#10121=DIRECTION('',(0.,0.,1.));
#10122=DIRECTION('center_axis',(0.,0.,1.));
#10123=DIRECTION('ref_axis',(-0.378244128004083,0.925705881816914,0.));
#10124=DIRECTION('',(0.,0.,1.));
#10125=DIRECTION('center_axis',(0.,0.,1.));
#10126=DIRECTION('ref_axis',(-0.378244128004083,0.925705881816914,0.));
#10127=DIRECTION('',(0.,0.,1.));
#10128=DIRECTION('',(0.,0.,1.));
#10129=DIRECTION('',(0.,0.,1.));
#10130=DIRECTION('center_axis',(0.,0.,1.));
#10131=DIRECTION('ref_axis',(0.99377116656349,-0.111439977149319,0.));
#10132=DIRECTION('',(0.,0.,1.));
#10133=DIRECTION('center_axis',(0.,0.,1.));
#10134=DIRECTION('ref_axis',(0.99377116656349,-0.111439977149319,0.));
#10135=DIRECTION('',(0.,0.,1.));
#10136=DIRECTION('',(0.,0.,1.));
#10137=DIRECTION('',(0.,0.,1.));
#10138=DIRECTION('center_axis',(0.,0.,1.));
#10139=DIRECTION('ref_axis',(-0.751424309637044,-0.659819298661756,0.));
#10140=DIRECTION('',(0.,0.,1.));
#10141=DIRECTION('center_axis',(0.,0.,1.));
#10142=DIRECTION('ref_axis',(-0.751424309637044,-0.659819298661756,0.));
#10143=DIRECTION('',(0.,0.,1.));
#10144=DIRECTION('center_axis',(0.,0.,1.));
#10145=DIRECTION('ref_axis',(-0.645790391951076,0.763514747508963,0.));
#10146=DIRECTION('',(0.,0.,1.));
#10147=DIRECTION('center_axis',(0.,0.,1.));
#10148=DIRECTION('ref_axis',(-0.645790391951076,0.763514747508963,0.));
#10149=DIRECTION('',(0.,0.,1.));
#10150=DIRECTION('',(0.,0.,1.));
#10151=DIRECTION('',(0.,0.,1.));
#10152=DIRECTION('center_axis',(0.,0.,1.));
#10153=DIRECTION('ref_axis',(0.979569387816347,0.201106475413168,0.));
#10154=DIRECTION('',(0.,0.,1.));
#10155=DIRECTION('center_axis',(0.,0.,1.));
#10156=DIRECTION('ref_axis',(0.979569387816347,0.201106475413168,0.));
#10157=DIRECTION('',(0.,0.,1.));
#10158=DIRECTION('',(0.,0.,1.));
#10159=DIRECTION('',(0.,0.,1.));
#10160=DIRECTION('center_axis',(0.,0.,1.));
#10161=DIRECTION('ref_axis',(-0.510751609779664,-0.859728325174576,0.));
#10162=DIRECTION('',(0.,0.,1.));
#10163=DIRECTION('center_axis',(0.,0.,1.));
#10164=DIRECTION('ref_axis',(-0.510751609779664,-0.859728325174576,0.));
#10165=DIRECTION('',(0.,0.,1.));
#10166=DIRECTION('center_axis',(0.,0.,1.));
#10167=DIRECTION('ref_axis',(-0.850122192876755,0.52658546996515,0.));
#10168=DIRECTION('',(0.,0.,1.));
#10169=DIRECTION('center_axis',(0.,0.,1.));
#10170=DIRECTION('ref_axis',(-0.850122192876755,0.52658546996515,0.));
#10171=DIRECTION('',(0.,0.,1.));
#10172=DIRECTION('',(0.,0.,1.));
#10173=DIRECTION('',(0.,0.,1.));
#10174=DIRECTION('center_axis',(0.,0.,1.));
#10175=DIRECTION('ref_axis',(0.869480530781482,0.493967212061644,0.));
#10176=DIRECTION('',(0.,0.,1.));
#10177=DIRECTION('center_axis',(0.,0.,1.));
#10178=DIRECTION('ref_axis',(0.869480530781482,0.493967212061644,0.));
#10179=DIRECTION('',(0.,0.,1.));
#10180=DIRECTION('',(0.,0.,1.));
#10181=DIRECTION('',(0.,0.,1.));
#10182=DIRECTION('center_axis',(0.,0.,1.));
#10183=DIRECTION('ref_axis',(-0.220082983647706,-0.975481153230919,0.));
#10184=DIRECTION('',(0.,0.,1.));
#10185=DIRECTION('center_axis',(0.,0.,1.));
#10186=DIRECTION('ref_axis',(-0.220082983647706,-0.975481153230919,0.));
#10187=DIRECTION('',(0.,0.,1.));
#10188=DIRECTION('center_axis',(0.,0.,1.));
#10189=DIRECTION('ref_axis',(-0.971238110379463,0.238110337756532,0.));
#10190=DIRECTION('',(0.,0.,1.));
#10191=DIRECTION('center_axis',(0.,0.,1.));
#10192=DIRECTION('ref_axis',(-0.971238110379463,0.238110337756532,0.));
#10193=DIRECTION('',(0.,0.,1.));
#10194=DIRECTION('',(0.,0.,1.));
#10195=DIRECTION('',(0.,0.,1.));
#10196=DIRECTION('center_axis',(0.,0.,1.));
#10197=DIRECTION('ref_axis',(0.674280871056417,0.738474987340397,0.));
#10198=DIRECTION('',(0.,0.,1.));
#10199=DIRECTION('center_axis',(0.,0.,1.));
#10200=DIRECTION('ref_axis',(0.674280871056417,0.738474987340397,0.));
#10201=DIRECTION('',(0.,0.,1.));
#10202=DIRECTION('',(0.,0.,1.));
#10203=DIRECTION('',(0.,0.,1.));
#10204=DIRECTION('center_axis',(0.,0.,1.));
#10205=DIRECTION('ref_axis',(0.0921288984628178,-0.99574708940977,0.));
#10206=DIRECTION('',(0.,0.,1.));
#10207=DIRECTION('center_axis',(0.,0.,1.));
#10208=DIRECTION('ref_axis',(0.0921288984628178,-0.99574708940977,0.));
#10209=DIRECTION('',(0.,0.,1.));
#10210=DIRECTION('center_axis',(0.,0.,1.));
#10211=DIRECTION('ref_axis',(-0.988422831656031,-0.151724440552846,0.));
#10212=DIRECTION('',(0.,0.,1.));
#10213=DIRECTION('center_axis',(0.,0.,1.));
#10214=DIRECTION('ref_axis',(-0.988422831656031,-0.151724440552846,0.));
#10215=DIRECTION('',(0.,0.,1.));
#10216=DIRECTION('',(0.,0.,1.));
#10217=DIRECTION('',(0.,0.,1.));
#10218=DIRECTION('center_axis',(0.,0.,1.));
#10219=DIRECTION('ref_axis',(0.413077895230789,0.910695696965623,0.));
#10220=DIRECTION('',(0.,0.,1.));
#10221=DIRECTION('center_axis',(0.,0.,1.));
#10222=DIRECTION('ref_axis',(0.413077895230789,0.910695696965623,0.));
#10223=DIRECTION('',(0.,0.,1.));
#10224=DIRECTION('',(0.,0.,1.));
#10225=DIRECTION('',(0.,0.,1.));
#10226=DIRECTION('center_axis',(0.,0.,1.));
#10227=DIRECTION('ref_axis',(0.395322561832723,-0.918542362717155,0.));
#10228=DIRECTION('',(0.,0.,1.));
#10229=DIRECTION('center_axis',(0.,0.,1.));
#10230=DIRECTION('ref_axis',(-0.526585468213446,-0.850122193961801,0.));
#10231=DIRECTION('',(0.,0.,1.));
#10232=DIRECTION('',(0.,0.,1.));
#10233=DIRECTION('center_axis',(0.,0.,1.));
#10234=DIRECTION('ref_axis',(-0.526585468213446,-0.850122193961801,0.));
#10235=DIRECTION('',(0.,0.,1.));
#10236=DIRECTION('',(0.,0.,1.));
#10237=DIRECTION('',(0.,0.,1.));
#10238=DIRECTION('',(0.,0.,1.));
#10239=DIRECTION('center_axis',(0.,0.,1.));
#10240=DIRECTION('ref_axis',(-0.493967200748891,0.869480537208456,0.));
#10241=DIRECTION('',(0.,0.,1.));
#10242=DIRECTION('center_axis',(0.,0.,1.));
#10243=DIRECTION('ref_axis',(-0.493967200748891,0.869480537208456,0.));
#10244=DIRECTION('',(0.,0.,1.));
#10245=DIRECTION('',(0.,0.,1.));
#10246=DIRECTION('',(0.,0.,1.));
#10247=DIRECTION('center_axis',(0.,0.,1.));
#10248=DIRECTION('ref_axis',(0.975481152830403,-0.220082985422925,0.));
#10249=DIRECTION('',(0.,0.,1.));
#10250=DIRECTION('center_axis',(0.,0.,1.));
#10251=DIRECTION('ref_axis',(0.975481152830403,-0.220082985422925,0.));
#10252=DIRECTION('',(0.,0.,1.));
#10253=DIRECTION('center_axis',(0.,0.,1.));
#10254=DIRECTION('ref_axis',(-0.238110335691332,-0.971238110885771,0.));
#10255=DIRECTION('',(0.,0.,1.));
#10256=DIRECTION('center_axis',(0.,0.,1.));
#10257=DIRECTION('ref_axis',(-0.238110335691332,-0.971238110885771,0.));
#10258=DIRECTION('',(0.,0.,1.));
#10259=DIRECTION('',(0.,0.,1.));
#10260=DIRECTION('',(0.,0.,1.));
#10261=DIRECTION('center_axis',(0.,0.,1.));
#10262=DIRECTION('ref_axis',(-0.738474987359895,0.674280871035063,0.));
#10263=DIRECTION('',(0.,0.,1.));
#10264=DIRECTION('center_axis',(0.,0.,1.));
#10265=DIRECTION('ref_axis',(-0.738474987359895,0.674280871035063,0.));
#10266=DIRECTION('',(0.,0.,1.));
#10267=DIRECTION('',(0.,0.,1.));
#10268=DIRECTION('',(0.,0.,1.));
#10269=DIRECTION('center_axis',(0.,0.,1.));
#10270=DIRECTION('ref_axis',(0.995747089591642,0.0921288964971075,0.));
#10271=DIRECTION('',(0.,0.,1.));
#10272=DIRECTION('center_axis',(0.,0.,1.));
#10273=DIRECTION('ref_axis',(0.995747089591642,0.0921288964971075,0.));
#10274=DIRECTION('',(0.,0.,1.));
#10275=DIRECTION('center_axis',(0.,0.,1.));
#10276=DIRECTION('ref_axis',(0.0736726954819011,-0.997282474497788,0.));
#10277=DIRECTION('',(0.,0.,1.));
#10278=DIRECTION('center_axis',(0.,0.,1.));
#10279=DIRECTION('ref_axis',(0.0736726954819011,-0.997282474497788,0.));
#10280=DIRECTION('',(0.,0.,1.));
#10281=DIRECTION('',(0.,0.,1.));
#10282=DIRECTION('',(0.,0.,1.));
#10283=DIRECTION('center_axis',(0.,0.,1.));
#10284=DIRECTION('ref_axis',(-0.910695696988528,0.41307789518029,0.));
#10285=DIRECTION('',(0.,0.,1.));
#10286=DIRECTION('center_axis',(0.,0.,1.));
#10287=DIRECTION('ref_axis',(-0.910695696988528,0.41307789518029,0.));
#10288=DIRECTION('',(0.,0.,1.));
#10289=DIRECTION('',(0.,0.,1.));
#10290=DIRECTION('',(0.,0.,1.));
#10291=DIRECTION('center_axis',(0.,0.,1.));
#10292=DIRECTION('ref_axis',(0.918542363387752,0.395322560274572,0.));
#10293=DIRECTION('',(0.,0.,1.));
#10294=DIRECTION('center_axis',(0.,0.,1.));
#10295=DIRECTION('ref_axis',(0.918542363387752,0.395322560274572,0.));
#10296=DIRECTION('',(0.,0.,1.));
#10297=DIRECTION('center_axis',(0.,0.,1.));
#10298=DIRECTION('ref_axis',(0.37824412992064,-0.925705881033807,0.));
#10299=DIRECTION('',(0.,0.,1.));
#10300=DIRECTION('center_axis',(0.,0.,1.));
#10301=DIRECTION('ref_axis',(0.37824412992064,-0.925705881033807,0.));
#10302=DIRECTION('',(0.,0.,1.));
#10303=DIRECTION('',(0.,0.,1.));
#10304=DIRECTION('',(0.,0.,1.));
#10305=DIRECTION('center_axis',(0.,0.,1.));
#10306=DIRECTION('ref_axis',(-0.993771171234024,0.111439935499609,0.));
#10307=DIRECTION('',(0.,0.,1.));
#10308=DIRECTION('center_axis',(0.,0.,1.));
#10309=DIRECTION('ref_axis',(-0.993771171234024,0.111439935499609,0.));
#10310=DIRECTION('',(0.,0.,1.));
#10311=DIRECTION('',(0.,0.,1.));
#10312=DIRECTION('',(0.,0.,1.));
#10313=DIRECTION('center_axis',(0.,0.,1.));
#10314=DIRECTION('ref_axis',(0.751424310808558,0.659819297327597,0.));
#10315=DIRECTION('',(0.,0.,1.));
#10316=DIRECTION('center_axis',(0.,0.,1.));
#10317=DIRECTION('ref_axis',(0.751424310808558,0.659819297327597,0.));
#10318=DIRECTION('',(0.,0.,1.));
#10319=DIRECTION('center_axis',(0.,0.,1.));
#10320=DIRECTION('ref_axis',(0.645790393552874,-0.763514746154142,0.));
#10321=DIRECTION('',(0.,0.,1.));
#10322=DIRECTION('center_axis',(0.,0.,1.));
#10323=DIRECTION('ref_axis',(0.645790393552874,-0.763514746154142,0.));
#10324=DIRECTION('',(0.,0.,1.));
#10325=DIRECTION('',(0.,0.,1.));
#10326=DIRECTION('',(0.,0.,1.));
#10327=DIRECTION('center_axis',(0.,0.,1.));
#10328=DIRECTION('ref_axis',(-0.979569779038003,-0.201104569802472,0.));
#10329=DIRECTION('',(0.,0.,1.));
#10330=DIRECTION('center_axis',(0.,0.,1.));
#10331=DIRECTION('ref_axis',(-0.979569779038003,-0.201104569802472,0.));
#10332=DIRECTION('',(0.,0.,1.));
#10333=DIRECTION('center_axis',(0.,0.,1.));
#10334=DIRECTION('ref_axis',(-0.763514746154142,-0.645790393552874,0.));
#10335=DIRECTION('',(0.,0.,-1.));
#10336=DIRECTION('',(0.,0.,1.));
#10337=DIRECTION('center_axis',(0.,0.,1.));
#10338=DIRECTION('ref_axis',(0.659819297325662,-0.751424310810257,0.));
#10339=DIRECTION('',(0.,0.,1.));
#10340=DIRECTION('center_axis',(1.43100346389554E-12,1.,0.));
#10341=DIRECTION('ref_axis',(-1.,1.43100346389554E-12,0.));
#10342=DIRECTION('',(0.,0.,1.));
#10343=DIRECTION('center_axis',(0.,0.,1.));
#10344=DIRECTION('ref_axis',(0.11143997687322,0.993771166594451,0.));
#10345=DIRECTION('',(0.,0.,1.));
#10346=DIRECTION('',(0.,0.,1.));
#10347=DIRECTION('center_axis',(0.,0.,1.));
#10348=DIRECTION('ref_axis',(-0.925705881802233,-0.378244128040015,0.));
#10349=DIRECTION('center_axis',(0.,0.,1.));
#10350=DIRECTION('ref_axis',(-0.918542369991222,-0.395322544931235,0.));
#10351=DIRECTION('',(0.,0.,1.));
#10352=DIRECTION('center_axis',(-7.48146307621629E-10,1.,0.));
#10353=DIRECTION('ref_axis',(-1.,-7.48146307621629E-10,0.));
#10354=DIRECTION('',(0.,0.,1.));
#10355=DIRECTION('center_axis',(1.,0.,0.));
#10356=DIRECTION('ref_axis',(0.,1.,0.));
#10357=DIRECTION('',(0.,0.,1.));
#10358=DIRECTION('center_axis',(0.,0.,1.));
#10359=DIRECTION('ref_axis',(-1.,-7.77156117237608E-16,0.));
#10360=DIRECTION('',(0.,0.,1.));
#10361=DIRECTION('center_axis',(0.,0.,1.));
#10362=DIRECTION('ref_axis',(-1.24344978758018E-14,-1.,0.));
#10363=DIRECTION('',(0.,0.,1.));
#10364=DIRECTION('',(0.,0.,1.));
#10365=DIRECTION('center_axis',(0.,0.,1.));
#10366=DIRECTION('ref_axis',(-0.0926437830043968,0.995699316797312,0.));
#10367=DIRECTION('',(0.,0.,1.));
#10368=DIRECTION('center_axis',(1.,0.,0.));
#10369=DIRECTION('ref_axis',(0.,1.,0.));
#10370=DIRECTION('center_axis',(0.,-1.,0.));
#10371=DIRECTION('ref_axis',(1.,0.,0.));
#10372=DIRECTION('',(0.,0.,1.));
#10373=DIRECTION('center_axis',(-1.,1.55431223447522E-15,0.));
#10374=DIRECTION('ref_axis',(-1.55431223447522E-15,-1.,0.));
#10375=DIRECTION('',(0.,0.,1.));
#10376=DIRECTION('center_axis',(0.,0.,1.));
#10377=DIRECTION('ref_axis',(1.94289029309402E-16,1.,0.));
#10378=DIRECTION('',(0.,0.,1.));
#10379=DIRECTION('center_axis',(0.,0.,1.));
#10380=DIRECTION('ref_axis',(0.,-1.,0.));
#10381=DIRECTION('',(0.,0.,1.));
#10382=DIRECTION('center_axis',(0.,0.,1.));
#10383=DIRECTION('ref_axis',(-1.,0.,0.));
#10384=DIRECTION('',(0.,0.,1.));
#10385=DIRECTION('center_axis',(-1.,1.30774283341356E-11,0.));
#10386=DIRECTION('ref_axis',(-1.30774283341356E-11,-1.,0.));
#10387=DIRECTION('',(0.,0.,1.));
#10388=DIRECTION('center_axis',(0.,0.,1.));
#10389=DIRECTION('ref_axis',(0.0155448246649129,0.999879171913355,0.));
#10390=DIRECTION('',(0.,0.,1.));
#10391=DIRECTION('',(0.,0.,1.));
#10392=DIRECTION('center_axis',(0.,0.,1.));
#10393=DIRECTION('ref_axis',(-0.869480537208456,-0.493967200748891,0.));
#10394=DIRECTION('',(0.,0.,1.));
#10395=DIRECTION('',(0.,0.,1.));
#10396=DIRECTION('center_axis',(0.,0.,1.));
#10397=DIRECTION('ref_axis',(0.850122193961801,-0.526585468213446,0.));
#10398=DIRECTION('',(0.,0.,1.));
#10399=DIRECTION('center_axis',(0.,0.,1.));
#10400=DIRECTION('ref_axis',(0.510751611330579,0.859728324253201,0.));
#10401=DIRECTION('',(0.,0.,1.));
#10402=DIRECTION('',(0.,0.,1.));
#10403=DIRECTION('center_axis',(0.,0.,1.));
#10404=DIRECTION('ref_axis',(-0.979569390404852,-0.201106462804822,0.));
#10405=DIRECTION('center_axis',(0.,0.,1.));
#10406=DIRECTION('ref_axis',(0.859728324250031,-0.510751611335915,0.));
#10407=DIRECTION('',(0.,0.,1.));
#10408=DIRECTION('',(0.,0.,1.));
#10409=DIRECTION('center_axis',(0.,0.,1.));
#10410=DIRECTION('ref_axis',(-0.201106462804822,0.979569390404852,0.));
#10411=DIRECTION('',(0.,0.,1.));
#10412=DIRECTION('axis',(0.,0.,1.));
#10413=DIRECTION('refdir',(1.,0.,0.));
#10414=DIRECTION('center_axis',(0.,0.,-1.));
#10415=DIRECTION('ref_axis',(-0.707106781186548,-0.707106781186547,0.));
#10416=DIRECTION('center_axis',(0.,0.,1.));
#10417=DIRECTION('ref_axis',(-0.707106781186548,-0.707106781186547,0.));
#10418=DIRECTION('',(0.,0.,1.));
#10419=DIRECTION('center_axis',(0.,0.,1.));
#10420=DIRECTION('ref_axis',(-0.707106781186548,-0.707106781186547,0.));
#10421=DIRECTION('',(0.,0.,-1.));
#10422=DIRECTION('center_axis',(0.,0.,-1.));
#10423=DIRECTION('ref_axis',(-1.,0.,0.));
#10424=DIRECTION('',(-1.,0.,0.));
#10425=DIRECTION('center_axis',(0.,0.,1.));
#10426=DIRECTION('ref_axis',(0.707106781186547,-0.707106781186548,0.));
#10427=DIRECTION('',(0.,-1.,0.));
#10428=DIRECTION('center_axis',(0.,0.,1.));
#10429=DIRECTION('ref_axis',(0.707106781186546,0.707106781186549,0.));
#10430=DIRECTION('',(1.,0.,0.));
#10431=DIRECTION('center_axis',(0.,0.,1.));
#10432=DIRECTION('ref_axis',(-0.707106781186548,0.707106781186548,0.));
#10433=DIRECTION('',(0.,1.,0.));
#10434=DIRECTION('center_axis',(0.,-1.,0.));
#10435=DIRECTION('ref_axis',(-1.,0.,0.));
#10436=DIRECTION('',(-1.,0.,0.));
#10437=DIRECTION('',(0.,0.,1.));
#10438=DIRECTION('center_axis',(0.,0.,-1.));
#10439=DIRECTION('ref_axis',(0.707106781186547,-0.707106781186548,0.));
#10440=DIRECTION('center_axis',(0.,0.,1.));
#10441=DIRECTION('ref_axis',(0.707106781186547,-0.707106781186548,0.));
#10442=DIRECTION('',(0.,0.,-1.));
#10443=DIRECTION('center_axis',(0.,0.,-1.));
#10444=DIRECTION('ref_axis',(0.707106781186546,0.707106781186549,0.));
#10445=DIRECTION('',(0.,0.,1.));
#10446=DIRECTION('center_axis',(0.,0.,1.));
#10447=DIRECTION('ref_axis',(0.707106781186546,0.707106781186549,0.));
#10448=DIRECTION('',(0.,0.,-1.));
#10449=DIRECTION('center_axis',(0.,1.,0.));
#10450=DIRECTION('ref_axis',(1.,0.,0.));
#10451=DIRECTION('',(1.,0.,0.));
#10452=DIRECTION('',(0.,0.,1.));
#10453=DIRECTION('center_axis',(0.,0.,-1.));
#10454=DIRECTION('ref_axis',(-0.707106781186548,0.707106781186548,0.));
#10455=DIRECTION('center_axis',(0.,0.,1.));
#10456=DIRECTION('ref_axis',(-0.707106781186548,0.707106781186548,0.));
#10457=DIRECTION('',(0.,0.,-1.));
#10458=DIRECTION('center_axis',(-1.,0.,0.));
#10459=DIRECTION('ref_axis',(0.,1.,0.));
#10460=DIRECTION('',(0.,1.,0.));
#10461=DIRECTION('center_axis',(1.,0.,0.));
#10462=DIRECTION('ref_axis',(0.,-1.,0.));
#10463=DIRECTION('',(0.,-1.,0.));
#10464=DIRECTION('center_axis',(-1.,-3.74939945665464E-33,0.));
#10465=DIRECTION('ref_axis',(-3.74939945665464E-33,1.,-6.12323399573676E-17));
#10466=DIRECTION('',(3.74939945665464E-33,-1.,0.));
#10467=DIRECTION('',(0.,0.,-1.));
#10468=DIRECTION('',(-3.74939945665464E-33,1.,0.));
#10469=DIRECTION('',(0.,0.,-1.));
#10470=DIRECTION('center_axis',(1.,3.74939945665464E-33,0.));
#10471=DIRECTION('ref_axis',(3.74939945665464E-33,-1.,6.12323399573676E-17));
#10472=DIRECTION('',(-3.74939945665464E-33,1.,0.));
#10473=DIRECTION('',(0.,0.,-1.));
#10474=DIRECTION('',(3.74939945665464E-33,-1.,0.));
#10475=DIRECTION('',(0.,0.,1.));
#10476=DIRECTION('center_axis',(-2.84672570416707E-16,-1.,0.));
#10477=DIRECTION('ref_axis',(-1.,2.84672570416707E-16,-1.92225153173881E-16));
#10478=DIRECTION('',(1.,-2.84672570416707E-16,0.));
#10479=DIRECTION('',(-1.94289029309402E-16,5.53087573772744E-32,1.));
#10480=DIRECTION('',(0.,0.,1.));
#10481=DIRECTION('',(-1.,2.84672570416707E-16,0.));
#10482=DIRECTION('center_axis',(0.,0.,1.));
#10483=DIRECTION('ref_axis',(1.,0.,0.));
#10484=DIRECTION('',(-9.66166771108677E-7,0.999999999999533,0.));
#10485=DIRECTION('',(-1.,4.93836510794998E-33,0.));
#10486=DIRECTION('',(5.55111512312578E-17,1.,0.));
#10487=DIRECTION('center_axis',(0.,0.,-1.));
#10488=DIRECTION('ref_axis',(-1.,0.,0.));
#10489=DIRECTION('',(1.,0.,0.));
#10490=DIRECTION('',(-3.68668899502143E-7,0.999999999999932,0.));
#10491=DIRECTION('',(-1.,4.93836510794998E-33,0.));
#10492=DIRECTION('',(5.55111512312578E-17,1.,0.));
#10493=DIRECTION('',(1.,-5.39260384428426E-33,0.));
#10494=DIRECTION('',(9.66166771108673E-7,0.999999999999533,0.));
#10495=DIRECTION('',(1.,-5.69345140833413E-16,0.));
#10496=DIRECTION('',(0.,-1.,0.));
#10497=DIRECTION('',(1.,0.,0.));
#10498=DIRECTION('',(-5.55111512312578E-17,-1.,0.));
#10499=DIRECTION('',(-1.,5.3925884509988E-33,0.));
#10500=DIRECTION('',(0.,-1.,0.));
#10501=DIRECTION('',(1.,0.,0.));
#10502=DIRECTION('',(-5.55111512312578E-17,-1.,0.));
#10503=DIRECTION('',(-1.,5.3925884509988E-33,0.));
#10504=DIRECTION('',(0.,-1.,0.));
#10505=DIRECTION('',(1.,0.,0.));
#10506=DIRECTION('',(-5.55111512312578E-17,-1.,0.));
#10507=DIRECTION('',(-1.,5.3925884509988E-33,0.));
#10508=DIRECTION('',(3.68668899502142E-7,-0.999999999999932,0.));
#10509=DIRECTION('',(1.,0.,0.));
#10510=DIRECTION('',(-5.55111512312578E-17,-1.,0.));
#10511=DIRECTION('',(-1.,5.39260384428426E-33,0.));
#10512=DIRECTION('',(-9.66166771108673E-7,-0.999999999999533,0.));
#10513=DIRECTION('',(-1.,2.84672570416707E-16,0.));
#10514=DIRECTION('center_axis',(0.,0.,-1.));
#10515=DIRECTION('ref_axis',(-1.,0.,0.));
#10516=DIRECTION('',(-1.,0.,0.));
#10517=DIRECTION('',(0.,1.,0.));
#10518=DIRECTION('center_axis',(0.,0.,1.));
#10519=DIRECTION('ref_axis',(1.,-8.88178419700125E-16,0.));
#10520=DIRECTION('',(1.,0.,0.));
#10521=DIRECTION('center_axis',(0.,0.,1.));
#10522=DIRECTION('ref_axis',(0.,1.,0.));
#10523=DIRECTION('',(-4.91400389720597E-17,-1.,0.));
#10524=DIRECTION('',(-1.,0.,0.));
#10525=DIRECTION('center_axis',(0.,0.,-1.));
#10526=DIRECTION('ref_axis',(-1.,0.,0.));
#10527=DIRECTION('center_axis',(0.,0.,-1.));
#10528=DIRECTION('ref_axis',(-1.,0.,0.));
#10529=DIRECTION('',(-1.,0.,0.));
#10530=DIRECTION('center_axis',(0.,0.,-1.));
#10531=DIRECTION('ref_axis',(-1.,0.,0.));
#10532=DIRECTION('center_axis',(-1.,5.55111512312578E-17,-1.94289029309402E-16));
#10533=DIRECTION('ref_axis',(5.55111512312578E-17,1.,-2.77555756156289E-17));
#10534=DIRECTION('center_axis',(-1.,5.55111512312578E-17,-1.94289029309402E-16));
#10535=DIRECTION('ref_axis',(0.,0.394405318873306,0.918936583472682));
#10536=DIRECTION('',(1.94289029309402E-16,-1.10617514754549E-31,-1.));
#10537=DIRECTION('',(-9.66166771105855E-7,-0.999999999996616,-2.41541692759811E-6));
#10538=DIRECTION('',(-1.94289029309402E-16,1.04772376635614E-48,1.));
#10539=DIRECTION('',(-5.55111512312578E-17,-1.,2.77555756156289E-17));
#10540=DIRECTION('',(1.94289029309402E-16,-9.59470163199024E-49,-1.));
#10541=DIRECTION('',(3.68668899501987E-7,-0.999999999999507,9.21672248921501E-7));
#10542=DIRECTION('',(-1.94289029309402E-16,0.,1.));
#10543=DIRECTION('',(-5.55111512312578E-17,-1.,2.77555756156289E-17));
#10544=DIRECTION('',(1.94289029309402E-16,-9.59470163199024E-49,-1.));
#10545=DIRECTION('',(-3.68668899501986E-7,-0.999999999999507,-9.21672248588431E-7));
#10546=DIRECTION('',(-1.94289029309402E-16,1.04772376635614E-48,1.));
#10547=DIRECTION('',(-5.55111512312578E-17,-1.,2.77555756156289E-17));
#10548=DIRECTION('',(1.94289029309402E-16,-9.59470163199024E-49,-1.));
#10549=DIRECTION('',(-3.68668899501986E-7,-0.999999999999507,-9.21672248588431E-7));
#10550=DIRECTION('',(-1.94289029309402E-16,1.04772376635614E-48,1.));
#10551=DIRECTION('',(-5.55111512312578E-17,-1.,2.77555756156289E-17));
#10552=DIRECTION('',(1.94289029309402E-16,-9.59470163199024E-49,-1.));
#10553=DIRECTION('',(9.66166771105859E-7,-0.999999999996616,2.41541692793118E-6));
#10554=DIRECTION('',(-5.55111512312578E-17,-1.,0.));
#10555=DIRECTION('',(0.,0.,-1.));
#10556=DIRECTION('',(5.55111512312578E-17,1.,0.));
#10557=DIRECTION('',(0.,0.,1.));
#10558=DIRECTION('',(-5.55111512312578E-17,-1.,0.));
#10559=DIRECTION('',(0.,0.,-1.));
#10560=DIRECTION('',(5.55111512312578E-17,1.,0.));
#10561=DIRECTION('center_axis',(1.,0.,0.));
#10562=DIRECTION('ref_axis',(0.,0.394405318873306,0.918936583472682));
#10563=DIRECTION('',(1.,0.,0.));
#10564=DIRECTION('',(-1.,0.,0.));
#10565=DIRECTION('',(-1.,0.,0.));
#10566=DIRECTION('center_axis',(-0.707106781186548,0.707106781186548,0.));
#10567=DIRECTION('ref_axis',(-0.707106781186547,-0.707106781186547,0.));
#10568=DIRECTION('',(1.,0.,0.));
#10569=DIRECTION('center_axis',(0.707106781186548,0.707106781186548,0.));
#10570=DIRECTION('ref_axis',(-0.707106781186547,0.707106781186547,0.));
#10571=DIRECTION('center_axis',(5.69345140833413E-16,1.,0.));
#10572=DIRECTION('ref_axis',(1.,-5.69345140833413E-16,1.92225153173881E-16));
#10573=DIRECTION('center_axis',(-5.69345140833413E-16,-1.,0.));
#10574=DIRECTION('ref_axis',(-0.707106781186548,0.,0.707106781186547));
#10575=DIRECTION('',(1.,-5.69345140833413E-16,0.));
#10576=DIRECTION('',(0.,0.,-1.));
#10577=DIRECTION('',(0.,0.,-1.));
#10578=DIRECTION('center_axis',(3.37514199327342E-13,2.77555756156102E-17,
1.));
#10579=DIRECTION('ref_axis',(1.,-5.55111512312672E-17,-3.37514199327342E-13));
#10580=DIRECTION('center_axis',(3.37514199327342E-13,2.77555756156102E-17,
1.));
#10581=DIRECTION('ref_axis',(-1.,0.,0.));
#10582=DIRECTION('',(-5.55111512312578E-17,-1.,2.77555756156289E-17));
#10583=DIRECTION('',(1.,-4.93836510794998E-33,-3.37514199327342E-13));
#10584=DIRECTION('',(5.55111512312578E-17,1.,-2.77555756156289E-17));
#10585=DIRECTION('',(-1.,5.39260384428426E-33,3.37514199327342E-13));
#10586=DIRECTION('center_axis',(5.55111512312578E-17,1.,-2.77555756156289E-17));
#10587=DIRECTION('ref_axis',(0.980642001774791,-5.98713650484497E-17,-0.195809255029305));
#10588=DIRECTION('',(5.55111512312578E-17,1.,-2.77555756156289E-17));
#10589=DIRECTION('center_axis',(-5.39260384428426E-33,-1.,0.));
#10590=DIRECTION('ref_axis',(0.980642001774791,-5.98713650484497E-17,-0.195809255029305));
#10591=DIRECTION('',(5.55111512312578E-17,1.,-2.77555756156289E-17));
#10592=DIRECTION('center_axis',(0.,1.,0.));
#10593=DIRECTION('ref_axis',(0.980642001774791,-5.98713650484497E-17,-0.195809255029305));
#10594=DIRECTION('center_axis',(5.55111512312578E-17,1.,-2.77555756156289E-17));
#10595=DIRECTION('ref_axis',(0.980642001774791,-5.98713650484497E-17,-0.195809255029305));
#10596=DIRECTION('',(5.55111512312578E-17,1.,-2.77555756156289E-17));
#10597=DIRECTION('center_axis',(-5.3925884509988E-33,-1.,0.));
#10598=DIRECTION('ref_axis',(0.980642001774791,-5.98713650484497E-17,-0.195809255029305));
#10599=DIRECTION('',(5.55111512312578E-17,1.,-2.77555756156289E-17));
#10600=DIRECTION('center_axis',(0.,1.,0.));
#10601=DIRECTION('ref_axis',(0.980642001774791,-5.98713650484497E-17,-0.195809255029305));
#10602=DIRECTION('center_axis',(5.55111512312578E-17,1.,-2.77555756156289E-17));
#10603=DIRECTION('ref_axis',(0.980642001774791,-5.98713650484497E-17,-0.195809255029305));
#10604=DIRECTION('',(5.55111512312578E-17,1.,-2.77555756156289E-17));
#10605=DIRECTION('center_axis',(-5.3925884509988E-33,-1.,0.));
#10606=DIRECTION('ref_axis',(0.980642001774791,-5.98713650484497E-17,-0.195809255029305));
#10607=DIRECTION('',(5.55111512312578E-17,1.,-2.77555756156289E-17));
#10608=DIRECTION('center_axis',(0.,1.,0.));
#10609=DIRECTION('ref_axis',(0.980642001774791,-5.98713650484497E-17,-0.195809255029305));
#10610=DIRECTION('center_axis',(5.55111512312578E-17,1.,-2.77555756156289E-17));
#10611=DIRECTION('ref_axis',(0.980642001774791,-5.98713650484497E-17,-0.195809255029305));
#10612=DIRECTION('',(5.55111512312578E-17,1.,-2.77555756156289E-17));
#10613=DIRECTION('center_axis',(-5.3925884509988E-33,-1.,0.));
#10614=DIRECTION('ref_axis',(0.980642001774791,-5.98713650484497E-17,-0.195809255029305));
#10615=DIRECTION('',(5.55111512312578E-17,1.,-2.77555756156289E-17));
#10616=DIRECTION('center_axis',(0.,1.,0.));
#10617=DIRECTION('ref_axis',(0.980642001774791,-5.98713650484497E-17,-0.195809255029305));
#10618=DIRECTION('center_axis',(-5.55111512312578E-17,-1.,2.77555756156289E-17));
#10619=DIRECTION('ref_axis',(-0.980642001774791,4.9001767880038E-17,-0.195809255029305));
#10620=DIRECTION('center_axis',(5.39260384428426E-33,1.,0.));
#10621=DIRECTION('ref_axis',(-0.980642001774791,4.9001767880038E-17,-0.195809255029305));
#10622=DIRECTION('',(5.55111512312578E-17,1.,-2.77555756156289E-17));
#10623=DIRECTION('center_axis',(-4.93836510794998E-33,-1.,0.));
#10624=DIRECTION('ref_axis',(-0.980642001774791,4.9001767880038E-17,-0.195809255029305));
#10625=DIRECTION('center_axis',(-5.55111512312578E-17,-1.,2.77555756156289E-17));
#10626=DIRECTION('ref_axis',(-0.980642001774791,4.9001767880038E-17,-0.195809255029305));
#10627=DIRECTION('center_axis',(5.39260384428426E-33,1.,0.));
#10628=DIRECTION('ref_axis',(-0.980642001774791,4.9001767880038E-17,-0.195809255029305));
#10629=DIRECTION('',(5.55111512312578E-17,1.,-2.77555756156289E-17));
#10630=DIRECTION('center_axis',(-4.93836510794998E-33,-1.,0.));
#10631=DIRECTION('ref_axis',(-0.980642001774791,4.9001767880038E-17,-0.195809255029305));
#10632=DIRECTION('center_axis',(-5.55111512312578E-17,-1.,2.77555756156289E-17));
#10633=DIRECTION('ref_axis',(-0.980642001774791,4.9001767880038E-17,-0.195809255029305));
#10634=DIRECTION('center_axis',(0.,1.,0.));
#10635=DIRECTION('ref_axis',(-0.980642001774791,4.9001767880038E-17,-0.195809255029305));
#10636=DIRECTION('',(5.55111512312578E-17,1.,-2.77555756156289E-17));
#10637=DIRECTION('center_axis',(-4.93836510794998E-33,-1.,0.));
#10638=DIRECTION('ref_axis',(-0.980642001774791,4.9001767880038E-17,-0.195809255029305));
#10639=DIRECTION('center_axis',(-5.55111512312578E-17,-1.,2.77555756156289E-17));
#10640=DIRECTION('ref_axis',(-0.980642001774791,4.9001767880038E-17,-0.195809255029305));
#10641=DIRECTION('center_axis',(5.39260384428426E-33,1.,0.));
#10642=DIRECTION('ref_axis',(-0.980642001774791,4.9001767880038E-17,-0.195809255029305));
#10643=DIRECTION('',(5.55111512312578E-17,1.,-2.77555756156289E-17));
#10644=DIRECTION('center_axis',(-4.93836510794998E-33,-1.,0.));
#10645=DIRECTION('ref_axis',(-0.980642001774791,4.9001767880038E-17,-0.195809255029305));
#10646=DIRECTION('center_axis',(0.,0.,1.));
#10647=DIRECTION('ref_axis',(1.,0.,0.));
#10648=DIRECTION('center_axis',(0.,0.,1.));
#10649=DIRECTION('ref_axis',(1.,-8.88178419700125E-16,0.));
#10650=DIRECTION('',(0.,1.,0.));
#10651=DIRECTION('',(1.,0.,0.));
#10652=DIRECTION('center_axis',(0.,0.,1.));
#10653=DIRECTION('ref_axis',(-1.,0.,0.));
#10654=DIRECTION('',(0.,-1.,0.));
#10655=DIRECTION('',(0.,-1.,0.));
#10656=DIRECTION('center_axis',(0.,0.,1.));
#10657=DIRECTION('ref_axis',(1.,0.,0.));
#10658=DIRECTION('center_axis',(0.,0.,-1.));
#10659=DIRECTION('ref_axis',(-1.,0.,0.));
#10660=DIRECTION('',(1.,-5.39260384428426E-33,0.));
#10661=DIRECTION('',(3.68668899502142E-7,0.999999999999932,0.));
#10662=DIRECTION('',(-1.,4.93836510794998E-33,0.));
#10663=DIRECTION('center_axis',(0.,0.,-1.));
#10664=DIRECTION('ref_axis',(-1.,0.,0.));
#10665=DIRECTION('center_axis',(0.,0.,1.));
#10666=DIRECTION('ref_axis',(-1.,0.,0.));
#10667=DIRECTION('center_axis',(0.,0.,-1.));
#10668=DIRECTION('ref_axis',(-1.,0.,0.));
#10669=DIRECTION('center_axis',(0.,0.,1.));
#10670=DIRECTION('ref_axis',(1.,0.,0.));
#10671=DIRECTION('center_axis',(0.,0.,1.));
#10672=DIRECTION('ref_axis',(-1.,0.,0.));
#10673=DIRECTION('',(1.,0.,0.));
#10674=DIRECTION('center_axis',(0.,0.,1.));
#10675=DIRECTION('ref_axis',(-1.,0.,0.));
#10676=DIRECTION('center_axis',(0.,0.,1.));
#10677=DIRECTION('ref_axis',(-1.,0.,0.));
#10678=DIRECTION('',(1.,0.,0.));
#10679=DIRECTION('',(4.91400389720597E-17,1.,0.));
#10680=DIRECTION('center_axis',(0.,0.,1.));
#10681=DIRECTION('ref_axis',(0.,1.,0.));
#10682=DIRECTION('',(1.,0.,0.));
#10683=DIRECTION('',(0.,1.,0.));
#10684=DIRECTION('center_axis',(0.,0.,1.));
#10685=DIRECTION('ref_axis',(-1.,0.,0.));
#10686=DIRECTION('center_axis',(0.,0.,1.));
#10687=DIRECTION('ref_axis',(0.000103991736296961,-0.999999994592859,0.));
#10688=DIRECTION('center_axis',(0.,0.,1.));
#10689=DIRECTION('ref_axis',(-1.,0.,0.));
#10690=DIRECTION('',(0.,0.,1.));
#10691=DIRECTION('center_axis',(-5.55111512312578E-17,-1.,2.77555756156289E-17));
#10692=DIRECTION('ref_axis',(0.980642001774791,-4.9001767880038E-17,0.195809255029304));
#10693=DIRECTION('',(5.55111512312578E-17,1.,-2.77555756156289E-17));
#10694=DIRECTION('center_axis',(4.93836510794998E-33,1.,0.));
#10695=DIRECTION('ref_axis',(0.980642001774791,-4.9001767880038E-17,0.195809255029304));
#10696=DIRECTION('',(5.55111512312578E-17,1.,-2.77555756156289E-17));
#10697=DIRECTION('center_axis',(0.980642001774791,-4.9001767880038E-17,
0.195809255029305));
#10698=DIRECTION('ref_axis',(0.195809255029305,-3.80878804005336E-17,-0.980642001774791));
#10699=DIRECTION('center_axis',(0.980642001774791,-4.9001767880038E-17,
0.195809255029305));
#10700=DIRECTION('ref_axis',(-0.195809255029305,0.,0.980642001774791));
#10701=DIRECTION('',(0.195809255029305,-9.66977592850397E-34,-0.980642001774791));
#10702=DIRECTION('',(-0.195809255029305,1.05592174141746E-33,0.980642001774791));
#10703=DIRECTION('center_axis',(-5.55111512312578E-17,-1.,2.77555756156289E-17));
#10704=DIRECTION('ref_axis',(0.980642001774791,-4.9001767880038E-17,0.195809255029304));
#10705=DIRECTION('',(5.55111512312578E-17,1.,-2.77555756156289E-17));
#10706=DIRECTION('center_axis',(0.,-1.,0.));
#10707=DIRECTION('ref_axis',(0.980642001774791,-4.9001767880038E-17,0.195809255029304));
#10708=DIRECTION('',(5.55111512312578E-17,1.,-2.77555756156289E-17));
#10709=DIRECTION('center_axis',(3.37514199327342E-13,2.77555756156102E-17,
1.));
#10710=DIRECTION('ref_axis',(1.,-5.55111512312672E-17,-3.37514199327342E-13));
#10711=DIRECTION('center_axis',(3.37514199327342E-13,2.77555756156102E-17,
1.));
#10712=DIRECTION('ref_axis',(-1.,0.,0.));
#10713=DIRECTION('',(-1.,0.,3.37514199327342E-13));
#10714=DIRECTION('center_axis',(1.,-5.55111512312578E-17,1.94289029309402E-16));
#10715=DIRECTION('ref_axis',(1.94289029309402E-16,-2.77555756156289E-17,
-1.));
#10716=DIRECTION('',(-1.94289029309402E-16,9.59470163199024E-49,1.));
#10717=DIRECTION('',(-5.55111512312578E-17,-1.,2.77555756156289E-17));
#10718=DIRECTION('',(-1.94289029309402E-16,1.04772376635614E-48,1.));
#10719=DIRECTION('center_axis',(1.,-5.55111512312578E-17,1.94289029309402E-16));
#10720=DIRECTION('ref_axis',(1.94289029309402E-16,-2.77555756156289E-17,
-1.));
#10721=DIRECTION('',(1.94289029309402E-16,0.,-1.));
#10722=DIRECTION('',(5.55111512312578E-17,1.,-2.77555756156289E-17));
#10723=DIRECTION('',(1.94289029309402E-16,-1.04772077560965E-48,-1.));
#10724=DIRECTION('center_axis',(0.980642001774791,-5.98713650484496E-17,
-0.195809255029304));
#10725=DIRECTION('ref_axis',(-0.195809255029304,-1.63486860637103E-17,-0.980642001774791));
#10726=DIRECTION('',(0.195809255029304,-1.05592174141746E-33,0.980642001774791));
#10727=DIRECTION('',(5.55111512312578E-17,1.,-2.77555756156289E-17));
#10728=DIRECTION('',(-0.195809255029304,0.,-0.980642001774791));
#10729=DIRECTION('center_axis',(5.55111512312578E-17,1.,-2.77555756156289E-17));
#10730=DIRECTION('ref_axis',(-0.980642001774791,5.98713650484496E-17,0.195809255029304));
#10731=DIRECTION('center_axis',(5.39260384428426E-33,1.,0.));
#10732=DIRECTION('ref_axis',(-0.980642001774791,5.98713650484496E-17,0.195809255029304));
#10733=DIRECTION('',(5.55111512312578E-17,1.,-2.77555756156289E-17));
#10734=DIRECTION('center_axis',(0.,-1.,0.));
#10735=DIRECTION('ref_axis',(-0.980642001774791,5.98713650484496E-17,0.195809255029304));
#10736=DIRECTION('center_axis',(3.37902777385961E-13,-2.77555756156477E-17,
-1.));
#10737=DIRECTION('ref_axis',(-1.,5.55111512312484E-17,-3.37902777385961E-13));
#10738=DIRECTION('',(1.,-5.39260384428426E-33,3.37902777385961E-13));
#10739=DIRECTION('',(5.55111512312578E-17,1.,-2.77555756156289E-17));
#10740=DIRECTION('',(-1.,0.,-3.37902777385961E-13));
#10741=DIRECTION('center_axis',(1.,-5.55111512312578E-17,1.94289029309402E-16));
#10742=DIRECTION('ref_axis',(1.94289029309402E-16,-2.77555756156289E-17,
-1.));
#10743=DIRECTION('',(-1.94289029309402E-16,0.,1.));
#10744=DIRECTION('',(-1.94289029309402E-16,1.04772376635614E-48,1.));
#10745=DIRECTION('center_axis',(0.980642001774791,-4.9001767880038E-17,
0.195809255029305));
#10746=DIRECTION('ref_axis',(0.195809255029305,-3.80878804005336E-17,-0.980642001774791));
#10747=DIRECTION('',(-0.195809255029305,1.05592174141746E-33,0.980642001774791));
#10748=DIRECTION('',(5.55111512312578E-17,1.,-2.77555756156289E-17));
#10749=DIRECTION('',(0.195809255029305,-9.66977592850397E-34,-0.980642001774791));
#10750=DIRECTION('center_axis',(-5.55111512312578E-17,-1.,2.77555756156289E-17));
#10751=DIRECTION('ref_axis',(0.980642001774791,-4.9001767880038E-17,0.195809255029304));
#10752=DIRECTION('center_axis',(-5.39260384428426E-33,-1.,0.));
#10753=DIRECTION('ref_axis',(0.980642001774791,-4.9001767880038E-17,0.195809255029304));
#10754=DIRECTION('center_axis',(4.93836510794998E-33,1.,0.));
#10755=DIRECTION('ref_axis',(0.980642001774791,-4.9001767880038E-17,0.195809255029304));
#10756=DIRECTION('center_axis',(1.,-5.55111512312578E-17,1.94289029309402E-16));
#10757=DIRECTION('ref_axis',(1.94289029309402E-16,-2.77555756156289E-17,
-1.));
#10758=DIRECTION('',(0.,0.,1.));
#10759=DIRECTION('',(1.94289029309402E-16,-9.59470163199024E-49,-1.));
#10760=DIRECTION('center_axis',(3.37514199327342E-13,2.77555756156102E-17,
1.));
#10761=DIRECTION('ref_axis',(1.,-5.55111512312672E-17,-3.37514199327342E-13));
#10762=DIRECTION('center_axis',(3.37514199327342E-13,2.77555756156102E-17,
1.));
#10763=DIRECTION('ref_axis',(-1.,0.,0.));
#10764=DIRECTION('',(1.,-4.93836510794998E-33,-3.37514199327342E-13));
#10765=DIRECTION('center_axis',(0.980642001774791,-4.9001767880038E-17,
0.195809255029305));
#10766=DIRECTION('ref_axis',(0.195809255029305,-3.80878804005336E-17,-0.980642001774791));
#10767=DIRECTION('',(-0.195809255029305,1.05592174141746E-33,0.980642001774791));
#10768=DIRECTION('',(5.55111512312578E-17,1.,-2.77555756156289E-17));
#10769=DIRECTION('',(0.195809255029305,-9.66977592850397E-34,-0.980642001774791));
#10770=DIRECTION('center_axis',(-5.55111512312578E-17,-1.,2.77555756156289E-17));
#10771=DIRECTION('ref_axis',(0.980642001774791,-4.9001767880038E-17,0.195809255029304));
#10772=DIRECTION('center_axis',(-5.39260384428426E-33,-1.,0.));
#10773=DIRECTION('ref_axis',(0.980642001774791,-4.9001767880038E-17,0.195809255029304));
#10774=DIRECTION('',(5.55111512312578E-17,1.,-2.77555756156289E-17));
#10775=DIRECTION('center_axis',(4.93836510794998E-33,1.,0.));
#10776=DIRECTION('ref_axis',(0.980642001774791,-4.9001767880038E-17,0.195809255029304));
#10777=DIRECTION('center_axis',(3.37514199327342E-13,2.77555756156102E-17,
1.));
#10778=DIRECTION('ref_axis',(1.,-5.55111512312672E-17,-3.37514199327342E-13));
#10779=DIRECTION('',(-1.,5.39260384428426E-33,3.37514199327342E-13));
#10780=DIRECTION('',(1.,-4.93836510794998E-33,-3.37514199327342E-13));
#10781=DIRECTION('center_axis',(0.980642001774791,-4.9001767880038E-17,
0.195809255029305));
#10782=DIRECTION('ref_axis',(0.195809255029305,-3.80878804005336E-17,-0.980642001774791));
#10783=DIRECTION('center_axis',(0.980642001774791,-4.9001767880038E-17,
0.195809255029305));
#10784=DIRECTION('ref_axis',(-0.195809255029305,0.,0.980642001774791));
#10785=DIRECTION('',(0.195809255029305,-9.66977592850397E-34,-0.980642001774791));
#10786=DIRECTION('',(-0.195809255029305,0.,0.980642001774791));
#10787=DIRECTION('center_axis',(0.980642001774791,-5.98713650484496E-17,
-0.195809255029304));
#10788=DIRECTION('ref_axis',(-0.195809255029304,-1.63486860637103E-17,-0.980642001774791));
#10789=DIRECTION('',(0.195809255029304,-1.0559187272697E-33,0.980642001774791));
#10790=DIRECTION('',(5.55111512312578E-17,1.,-2.77555756156289E-17));
#10791=DIRECTION('',(-0.195809255029304,0.,-0.980642001774791));
#10792=DIRECTION('center_axis',(5.55111512312578E-17,1.,-2.77555756156289E-17));
#10793=DIRECTION('ref_axis',(-0.980642001774791,5.98713650484496E-17,0.195809255029304));
#10794=DIRECTION('center_axis',(5.3925884509988E-33,1.,0.));
#10795=DIRECTION('ref_axis',(-0.980642001774791,5.98713650484496E-17,0.195809255029304));
#10796=DIRECTION('',(5.55111512312578E-17,1.,-2.77555756156289E-17));
#10797=DIRECTION('center_axis',(0.,-1.,0.));
#10798=DIRECTION('ref_axis',(-0.980642001774791,5.98713650484496E-17,0.195809255029304));
#10799=DIRECTION('center_axis',(3.37902777385961E-13,-2.77555756156477E-17,
-1.));
#10800=DIRECTION('ref_axis',(-1.,5.55111512312484E-17,-3.37902777385961E-13));
#10801=DIRECTION('',(1.,-5.3925884509988E-33,3.37902777385961E-13));
#10802=DIRECTION('',(5.55111512312578E-17,1.,-2.77555756156289E-17));
#10803=DIRECTION('',(-1.,0.,-3.37902777385961E-13));
#10804=DIRECTION('center_axis',(1.,-5.55111512312578E-17,1.94289029309402E-16));
#10805=DIRECTION('ref_axis',(1.94289029309402E-16,-2.77555756156289E-17,
-1.));
#10806=DIRECTION('',(1.94289029309402E-16,0.,-1.));
#10807=DIRECTION('',(1.94289029309402E-16,-1.04772077560965E-48,-1.));
#10808=DIRECTION('center_axis',(0.980642001774791,-5.98713650484496E-17,
-0.195809255029304));
#10809=DIRECTION('ref_axis',(-0.195809255029304,-1.63486860637103E-17,-0.980642001774791));
#10810=DIRECTION('',(0.195809255029304,-1.0559187272697E-33,0.980642001774791));
#10811=DIRECTION('',(5.55111512312578E-17,1.,-2.77555756156289E-17));
#10812=DIRECTION('',(-0.195809255029304,0.,-0.980642001774791));
#10813=DIRECTION('center_axis',(5.55111512312578E-17,1.,-2.77555756156289E-17));
#10814=DIRECTION('ref_axis',(-0.980642001774791,5.98713650484496E-17,0.195809255029304));
#10815=DIRECTION('center_axis',(5.3925884509988E-33,1.,0.));
#10816=DIRECTION('ref_axis',(-0.980642001774791,5.98713650484496E-17,0.195809255029304));
#10817=DIRECTION('',(5.55111512312578E-17,1.,-2.77555756156289E-17));
#10818=DIRECTION('center_axis',(0.,-1.,0.));
#10819=DIRECTION('ref_axis',(-0.980642001774791,5.98713650484496E-17,0.195809255029304));
#10820=DIRECTION('center_axis',(3.37902777385961E-13,-2.77555756156477E-17,
-1.));
#10821=DIRECTION('ref_axis',(-1.,5.55111512312484E-17,-3.37902777385961E-13));
#10822=DIRECTION('',(1.,-5.3925884509988E-33,3.37902777385961E-13));
#10823=DIRECTION('',(-1.,0.,-3.37902777385961E-13));
#10824=DIRECTION('center_axis',(0.980642001774791,-5.98713650484496E-17,
-0.195809255029304));
#10825=DIRECTION('ref_axis',(-0.195809255029304,-1.63486860637103E-17,-0.980642001774791));
#10826=DIRECTION('',(0.195809255029304,-1.0559187272697E-33,0.980642001774791));
#10827=DIRECTION('',(5.55111512312578E-17,1.,-2.77555756156289E-17));
#10828=DIRECTION('',(-0.195809255029304,0.,-0.980642001774791));
#10829=DIRECTION('center_axis',(5.55111512312578E-17,1.,-2.77555756156289E-17));
#10830=DIRECTION('ref_axis',(-0.980642001774791,5.98713650484496E-17,0.195809255029304));
#10831=DIRECTION('center_axis',(5.3925884509988E-33,1.,0.));
#10832=DIRECTION('ref_axis',(-0.980642001774791,5.98713650484496E-17,0.195809255029304));
#10833=DIRECTION('',(5.55111512312578E-17,1.,-2.77555756156289E-17));
#10834=DIRECTION('center_axis',(0.,-1.,0.));
#10835=DIRECTION('ref_axis',(-0.980642001774791,5.98713650484496E-17,0.195809255029304));
#10836=DIRECTION('center_axis',(3.37902777385961E-13,-2.77555756156477E-17,
-1.));
#10837=DIRECTION('ref_axis',(-1.,5.55111512312484E-17,-3.37902777385961E-13));
#10838=DIRECTION('',(1.,-5.3925884509988E-33,3.37902777385961E-13));
#10839=DIRECTION('',(5.55111512312578E-17,1.,-2.77555756156289E-17));
#10840=DIRECTION('',(-1.,0.,-3.37902777385961E-13));
#10841=DIRECTION('center_axis',(1.,-5.55111512312578E-17,1.94289029309402E-16));
#10842=DIRECTION('ref_axis',(1.94289029309402E-16,-2.77555756156289E-17,
-1.));
#10843=DIRECTION('',(1.94289029309402E-16,0.,-1.));
#10844=DIRECTION('',(1.94289029309402E-16,-1.04772077560965E-48,-1.));
#10845=DIRECTION('center_axis',(0.,0.,-1.));
#10846=DIRECTION('ref_axis',(-1.,0.,0.));
#10847=DIRECTION('center_axis',(0.,0.,-1.));
#10848=DIRECTION('ref_axis',(-1.,0.,0.));
#10849=DIRECTION('',(1.,-2.84672570416707E-16,0.));
#10850=DIRECTION('',(0.,1.,0.));
#10851=DIRECTION('center_axis',(0.,0.,1.));
#10852=DIRECTION('ref_axis',(-1.,0.,0.));
#10853=DIRECTION('',(0.,0.,1.));
#10854=DIRECTION('center_axis',(0.,0.,-1.));
#10855=DIRECTION('ref_axis',(-1.,0.,0.));
#10856=DIRECTION('',(0.,0.,1.));
#10857=DIRECTION('',(0.,0.,-1.));
#10858=DIRECTION('',(0.,0.,-1.));
#10859=DIRECTION('',(0.,0.,1.));
#10860=DIRECTION('',(0.,0.,-1.));
#10861=DIRECTION('center_axis',(0.,0.,-1.));
#10862=DIRECTION('ref_axis',(-1.,0.,0.));
#10863=DIRECTION('center_axis',(0.,0.,1.));
#10864=DIRECTION('ref_axis',(1.,0.,0.));
#10865=DIRECTION('',(1.,-5.39260384428426E-33,0.));
#10866=DIRECTION('',(3.68668899502142E-7,0.999999999999932,0.));
#10867=DIRECTION('',(-1.,4.93836510794998E-33,0.));
#10868=DIRECTION('center_axis',(0.,1.,0.));
#10869=DIRECTION('ref_axis',(1.,0.,1.94289029309402E-16));
#10870=DIRECTION('',(0.,0.,1.));
#10871=DIRECTION('center_axis',(-5.3925884509988E-33,-1.,0.));
#10872=DIRECTION('ref_axis',(-1.,5.3925884509988E-33,-5.54601557276251E-22));
#10873=DIRECTION('',(0.,0.,-1.));
#10874=DIRECTION('center_axis',(0.,1.,0.));
#10875=DIRECTION('ref_axis',(1.,0.,1.94289029309402E-16));
#10876=DIRECTION('',(0.,0.,1.));
#10877=DIRECTION('center_axis',(-5.3925884509988E-33,-1.,0.));
#10878=DIRECTION('ref_axis',(-1.,5.3925884509988E-33,-5.54601557276251E-22));
#10879=DIRECTION('',(0.,0.,-1.));
#10880=DIRECTION('center_axis',(0.,1.,0.));
#10881=DIRECTION('ref_axis',(1.,0.,1.94289029309402E-16));
#10882=DIRECTION('',(0.,0.,1.));
#10883=DIRECTION('center_axis',(-5.3925884509988E-33,-1.,0.));
#10884=DIRECTION('ref_axis',(-1.,5.3925884509988E-33,-5.54601557276251E-22));
#10885=DIRECTION('',(0.,0.,-1.));
#10886=DIRECTION('',(0.,0.,-1.));
#10887=DIRECTION('center_axis',(0.999999999999932,3.68668899502142E-7,0.));
#10888=DIRECTION('ref_axis',(3.68668899502142E-7,-0.999999999999932,5.2848540268502E-17));
#10889=DIRECTION('',(-3.68668899501986E-7,0.999999999999507,9.21672248865986E-7));
#10890=DIRECTION('',(0.,0.,1.));
#10891=DIRECTION('center_axis',(0.,1.,0.));
#10892=DIRECTION('ref_axis',(1.,0.,1.94289029309402E-16));
#10893=DIRECTION('',(0.,0.,1.));
#10894=DIRECTION('center_axis',(-5.39260384428426E-33,-1.,0.));
#10895=DIRECTION('ref_axis',(-1.,5.39260384428426E-33,0.));
#10896=DIRECTION('',(0.,0.,-1.));
#10897=DIRECTION('',(0.,0.,-1.));
#10898=DIRECTION('center_axis',(0.999999999999533,-9.66166771108673E-7,
0.));
#10899=DIRECTION('ref_axis',(-9.66166771108673E-7,-0.999999999999533,-1.87715604110324E-22));
#10900=DIRECTION('',(9.66166771105855E-7,0.999999999996616,-2.41541692765361E-6));
#10901=DIRECTION('',(0.,0.,-1.));
#10902=DIRECTION('center_axis',(-2.84672570416707E-16,-1.,0.));
#10903=DIRECTION('ref_axis',(-1.,2.84672570416707E-16,-1.92225153173881E-16));
#10904=DIRECTION('',(0.,0.,-1.));
#10905=DIRECTION('center_axis',(5.39260384428426E-33,1.,0.));
#10906=DIRECTION('ref_axis',(1.,-5.39260384428426E-33,0.));
#10907=DIRECTION('',(0.,0.,1.));
#10908=DIRECTION('center_axis',(5.39260384428426E-33,1.,0.));
#10909=DIRECTION('ref_axis',(1.,-5.39260384428426E-33,0.));
#10910=DIRECTION('',(0.,0.,1.));
#10911=DIRECTION('center_axis',(-0.999999999999932,3.68668899502142E-7,
0.));
#10912=DIRECTION('ref_axis',(3.68668899502142E-7,0.999999999999932,2.5092964652875E-17));
#10913=DIRECTION('',(0.,0.,-1.));
#10914=DIRECTION('center_axis',(0.,1.,0.));
#10915=DIRECTION('ref_axis',(1.,0.,1.94289029309402E-16));
#10916=DIRECTION('',(0.,0.,1.));
#10917=DIRECTION('center_axis',(-0.999999999999932,-3.68668899502143E-7,
0.));
#10918=DIRECTION('ref_axis',(-3.68668899502143E-7,0.999999999999932,-2.77556472439496E-17));
#10919=DIRECTION('',(0.,0.,-1.));
#10920=DIRECTION('center_axis',(5.39260384428426E-33,1.,0.));
#10921=DIRECTION('ref_axis',(1.,-5.39260384428426E-33,0.));
#10922=DIRECTION('',(0.,0.,1.));
#10923=DIRECTION('center_axis',(-0.999999999999533,9.66166771108673E-7,
0.));
#10924=DIRECTION('ref_axis',(9.66166771108673E-7,0.999999999999533,6.576087288337E-17));
#10925=DIRECTION('center_axis',(1.,0.,0.));
#10926=DIRECTION('ref_axis',(0.,-1.,0.));
#10927=DIRECTION('center_axis',(-0.999999999999533,-9.66166771108677E-7,
0.));
#10928=DIRECTION('ref_axis',(-9.66166771108677E-7,0.999999999999533,-2.77557633312201E-17));
#10929=DIRECTION('',(0.,0.,-1.));
#10930=DIRECTION('center_axis',(-4.93836510794998E-33,-1.,0.));
#10931=DIRECTION('ref_axis',(-1.,4.93836510794998E-33,-1.63656752295384E-17));
#10932=DIRECTION('center_axis',(-4.93836510794998E-33,-1.,0.));
#10933=DIRECTION('ref_axis',(-1.,4.93836510794998E-33,-1.63656752295384E-17));
#10934=DIRECTION('center_axis',(-0.999999999999932,3.68668899502142E-7,
0.));
#10935=DIRECTION('ref_axis',(3.68668899502142E-7,0.999999999999932,2.5092964652875E-17));
#10936=DIRECTION('',(0.,0.,-1.));
#10937=DIRECTION('center_axis',(-4.93836510794998E-33,-1.,0.));
#10938=DIRECTION('ref_axis',(-1.,4.93836510794998E-33,-1.63656752295384E-17));
#10939=DIRECTION('center_axis',(-4.93836510794998E-33,-1.,0.));
#10940=DIRECTION('ref_axis',(-1.,4.93836510794998E-33,-1.63656752295384E-17));
#10941=DIRECTION('center_axis',(0.,0.,1.));
#10942=DIRECTION('ref_axis',(-6.12323399573677E-17,-1.,0.));
#10943=DIRECTION('center_axis',(0.,-1.,0.));
#10944=DIRECTION('ref_axis',(0.707106781186548,0.,0.707106781186547));
#10945=DIRECTION('center_axis',(0.,1.,0.));
#10946=DIRECTION('ref_axis',(0.707106781186548,0.,0.707106781186547));
#10947=DIRECTION('',(0.,-1.,0.));
#10948=DIRECTION('center_axis',(0.,1.,0.));
#10949=DIRECTION('ref_axis',(-0.707106781186548,0.,0.707106781186547));
#10950=DIRECTION('',(0.,1.,0.));
#10951=DIRECTION('center_axis',(0.,1.,0.));
#10952=DIRECTION('ref_axis',(-0.707106781186548,0.,0.707106781186547));
#10953=DIRECTION('center_axis',(1.,0.,0.));
#10954=DIRECTION('ref_axis',(0.,0.,-1.));
#10955=DIRECTION('',(0.,0.,1.));
#10956=DIRECTION('center_axis',(1.,0.,0.));
#10957=DIRECTION('ref_axis',(0.,0.,-1.));
#10958=DIRECTION('',(0.,1.,0.));
#10959=DIRECTION('center_axis',(1.,0.,0.));
#10960=DIRECTION('ref_axis',(0.,0.,-1.));
#10961=DIRECTION('center_axis',(0.,0.,1.));
#10962=DIRECTION('ref_axis',(1.,0.,0.));
#10963=DIRECTION('center_axis',(0.,0.,1.));
#10964=DIRECTION('ref_axis',(-1.,0.,0.));
#10965=DIRECTION('center_axis',(-1.,0.,0.));
#10966=DIRECTION('ref_axis',(0.,0.400109634098263,0.91646728294127));
#10967=DIRECTION('',(-1.,0.,0.));
#10968=DIRECTION('',(-1.,0.,0.));
#10969=DIRECTION('',(-1.,0.,0.));
#10970=DIRECTION('center_axis',(0.,0.,1.));
#10971=DIRECTION('ref_axis',(0.,1.,0.));
#10972=DIRECTION('',(0.,0.,1.));
#10973=DIRECTION('',(0.,0.,1.));
#10974=DIRECTION('center_axis',(0.,1.,0.));
#10975=DIRECTION('ref_axis',(-1.,0.,0.));
#10976=DIRECTION('',(0.,0.,1.));
#10977=DIRECTION('center_axis',(0.,0.,-1.));
#10978=DIRECTION('ref_axis',(0.707106781186549,-0.707106781186546,0.));
#10979=DIRECTION('center_axis',(-1.,0.,0.));
#10980=DIRECTION('ref_axis',(0.,-0.707106781186548,0.707106781186548));
#10981=DIRECTION('center_axis',(1.,0.,0.));
#10982=DIRECTION('ref_axis',(0.,-0.707106781186548,0.707106781186548));
#10983=DIRECTION('',(-1.,0.,0.));
#10984=DIRECTION('center_axis',(-1.,4.91400389720597E-17,0.));
#10985=DIRECTION('ref_axis',(0.,-0.707106781186548,0.707106781186548));
#10986=DIRECTION('center_axis',(0.,1.,0.));
#10987=DIRECTION('ref_axis',(1.,0.,0.));
#10988=DIRECTION('',(0.,0.,-1.));
#10989=DIRECTION('',(1.,0.,0.));
#10990=DIRECTION('',(0.,0.,-1.));
#10991=DIRECTION('',(1.,0.,0.));
#10992=DIRECTION('',(0.,0.,-1.));
#10993=DIRECTION('',(1.,0.,0.));
#10994=DIRECTION('',(0.,0.,-1.));
#10995=DIRECTION('',(1.,0.,0.));
#10996=DIRECTION('',(0.,0.,-1.));
#10997=DIRECTION('',(1.,0.,0.));
#10998=DIRECTION('',(0.,0.,-1.));
#10999=DIRECTION('center_axis',(1.,0.,0.));
#11000=DIRECTION('ref_axis',(0.,-0.707106781186548,0.707106781186548));
#11001=DIRECTION('center_axis',(-1.,0.,0.));
#11002=DIRECTION('ref_axis',(0.,-0.707106781186548,0.707106781186548));
#11003=DIRECTION('center_axis',(1.,-4.91400389720597E-17,0.));
#11004=DIRECTION('ref_axis',(0.,-0.707106781186548,0.707106781186548));
#11005=DIRECTION('',(1.,0.,0.));
#11006=DIRECTION('center_axis',(1.,0.,0.));
#11007=DIRECTION('ref_axis',(0.,1.,0.));
#11008=DIRECTION('',(0.,0.,1.));
#11009=DIRECTION('',(0.,-1.,0.));
#11010=DIRECTION('',(0.,0.,1.));
#11011=DIRECTION('center_axis',(0.,1.,0.));
#11012=DIRECTION('ref_axis',(1.,0.,0.));
#11013=DIRECTION('',(-1.,0.,0.));
#11014=DIRECTION('',(0.,0.,-1.));
#11015=DIRECTION('',(1.,0.,0.));
#11016=DIRECTION('',(0.,0.,-1.));
#11017=DIRECTION('center_axis',(-0.984807753012209,0.173648177666928,0.));
#11018=DIRECTION('ref_axis',(0.173648177666928,0.984807753012208,0.));
#11019=DIRECTION('',(-0.173648177666928,-0.984807753012208,0.));
#11020=DIRECTION('',(0.173648177666928,0.984807753012208,0.));
#11021=DIRECTION('',(0.,0.,-1.));
#11022=DIRECTION('center_axis',(0.,-1.,0.));
#11023=DIRECTION('ref_axis',(-1.,0.,0.));
#11024=DIRECTION('',(1.,0.,0.));
#11025=DIRECTION('',(-1.,0.,0.));
#11026=DIRECTION('',(0.,0.,-1.));
#11027=DIRECTION('center_axis',(0.984807753012209,0.173648177666924,0.));
#11028=DIRECTION('ref_axis',(0.173648177666924,-0.984807753012209,0.));
#11029=DIRECTION('',(-0.173648177666924,0.984807753012209,0.));
#11030=DIRECTION('',(0.173648177666924,-0.984807753012209,0.));
#11031=DIRECTION('center_axis',(0.,0.,-1.));
#11032=DIRECTION('ref_axis',(-1.,0.,0.));
#11033=DIRECTION('center_axis',(0.,0.,1.));
#11034=DIRECTION('ref_axis',(-0.707106781186551,-0.707106781186544,0.));
#11035=DIRECTION('',(0.,0.,-1.));
#11036=DIRECTION('',(0.,0.,-1.));
#11037=DIRECTION('center_axis',(1.,0.,0.));
#11038=DIRECTION('ref_axis',(0.,0.,-1.));
#11039=DIRECTION('center_axis',(-1.,0.,0.));
#11040=DIRECTION('ref_axis',(0.,0.,-1.));
#11041=DIRECTION('',(0.,1.,0.));
#11042=DIRECTION('center_axis',(1.,0.,0.));
#11043=DIRECTION('ref_axis',(0.,0.,-1.));
#11044=DIRECTION('center_axis',(0.,1.,0.));
#11045=DIRECTION('ref_axis',(-1.,0.,0.));
#11046=DIRECTION('',(0.,0.,1.));
#11047=DIRECTION('center_axis',(1.,0.,0.));
#11048=DIRECTION('ref_axis',(0.,0.,-1.));
#11049=DIRECTION('',(1.,0.,0.));
#11050=DIRECTION('center_axis',(1.,0.,0.));
#11051=DIRECTION('ref_axis',(0.,0.,-1.));
#11052=DIRECTION('',(1.,0.,0.));
#11053=DIRECTION('center_axis',(0.,0.,-1.));
#11054=DIRECTION('ref_axis',(0.,1.,0.));
#11055=DIRECTION('center_axis',(0.,0.,1.));
#11056=DIRECTION('ref_axis',(-1.,0.,0.));
#11057=DIRECTION('center_axis',(0.,0.,1.));
#11058=DIRECTION('ref_axis',(-1.,0.,0.));
#11059=DIRECTION('',(0.,0.,1.));
#11060=DIRECTION('center_axis',(0.,0.,1.));
#11061=DIRECTION('ref_axis',(-1.,0.,0.));
#11062=DIRECTION('center_axis',(0.,0.,-1.));
#11063=DIRECTION('ref_axis',(-1.,0.,0.));
#11064=DIRECTION('center_axis',(0.,0.,-1.));
#11065=DIRECTION('ref_axis',(-1.,0.,0.));
#11066=DIRECTION('center_axis',(0.,0.,1.));
#11067=DIRECTION('ref_axis',(-1.,0.,0.));
#11068=DIRECTION('',(0.,0.,1.));
#11069=DIRECTION('center_axis',(0.,0.,-1.));
#11070=DIRECTION('ref_axis',(-1.,0.,0.));
#11071=DIRECTION('',(-1.,0.,0.));
#11072=DIRECTION('',(-0.17364817766693,-0.984807753012208,0.));
#11073=DIRECTION('center_axis',(0.,0.,-1.));
#11074=DIRECTION('ref_axis',(-1.,0.,0.));
#11075=DIRECTION('',(-1.,0.,0.));
#11076=DIRECTION('',(-0.17364817766693,-0.984807753012208,0.));
#11077=DIRECTION('',(-0.173648177666929,0.984807753012208,0.));
#11078=DIRECTION('center_axis',(-0.984807753012208,-0.173648177666929,0.));
#11079=DIRECTION('ref_axis',(-0.173648177666929,0.984807753012208,0.));
#11080=DIRECTION('',(-0.173648177666929,0.984807753012208,0.));
#11081=DIRECTION('',(0.,0.,-1.));
#11082=DIRECTION('center_axis',(0.,0.,-1.));
#11083=DIRECTION('ref_axis',(-1.,0.,0.));
#11084=DIRECTION('',(0.,1.,0.));
#11085=DIRECTION('',(-0.17364817766693,0.984807753012208,0.));
#11086=DIRECTION('',(-1.,0.,0.));
#11087=DIRECTION('center_axis',(-0.984807753012208,-0.17364817766693,0.));
#11088=DIRECTION('ref_axis',(-0.17364817766693,0.984807753012208,0.));
#11089=DIRECTION('',(-0.17364817766693,0.984807753012208,0.));
#11090=DIRECTION('',(0.,0.,-1.));
#11091=DIRECTION('center_axis',(0.984807753012208,-0.17364817766693,0.));
#11092=DIRECTION('ref_axis',(-0.17364817766693,-0.984807753012208,0.));
#11093=DIRECTION('',(0.,0.,-1.));
#11094=DIRECTION('',(-0.17364817766693,-0.984807753012208,0.));
#11095=DIRECTION('center_axis',(0.,0.,-1.));
#11096=DIRECTION('ref_axis',(-1.,0.,0.));
#11097=DIRECTION('',(-1.,0.,0.));
#11098=DIRECTION('center_axis',(0.984807753012208,-0.17364817766693,0.));
#11099=DIRECTION('ref_axis',(-0.17364817766693,-0.984807753012208,0.));
#11100=DIRECTION('',(0.,0.,-1.));
#11101=DIRECTION('',(-0.17364817766693,-0.984807753012208,0.));
#11102=DIRECTION('center_axis',(0.,0.,-1.));
#11103=DIRECTION('ref_axis',(-1.,0.,0.));
#11104=DIRECTION('',(-1.,0.,0.));
#11105=DIRECTION('center_axis',(-1.,4.91400389720597E-17,0.));
#11106=DIRECTION('ref_axis',(-4.91400389720597E-17,-1.,0.));
#11107=DIRECTION('',(0.,0.,-1.));
#11108=DIRECTION('center_axis',(0.,0.,1.));
#11109=DIRECTION('ref_axis',(1.,-8.88178419700125E-16,0.));
#11110=DIRECTION('center_axis',(0.,-1.,0.));
#11111=DIRECTION('ref_axis',(1.,0.,0.));
#11112=DIRECTION('axis',(0.,0.,1.));
#11113=DIRECTION('refdir',(1.,0.,0.));
#11114=DIRECTION('center_axis',(-1.,0.,0.));
#11115=DIRECTION('ref_axis',(0.,0.394405318873308,-0.918936583472681));
#11116=DIRECTION('',(1.,0.,0.));
#11117=DIRECTION('center_axis',(0.707106781186549,0.707106781186546,0.));
#11118=DIRECTION('ref_axis',(0.707106781186547,-0.707106781186549,0.));
#11119=DIRECTION('',(-1.,0.,0.));
#11120=DIRECTION('center_axis',(-0.707106781186548,0.707106781186547,0.));
#11121=DIRECTION('ref_axis',(0.707106781186547,0.707106781186548,0.));
#11122=DIRECTION('',(1.,0.,0.));
#11123=DIRECTION('center_axis',(0.,1.,0.));
#11124=DIRECTION('ref_axis',(0.707106781186548,0.,-0.707106781186548));
#11125=DIRECTION('',(0.,1.,0.));
#11126=DIRECTION('center_axis',(0.,1.,0.));
#11127=DIRECTION('ref_axis',(0.707106781186548,0.,-0.707106781186548));
#11128=DIRECTION('',(0.,-1.,0.));
#11129=DIRECTION('center_axis',(0.,-1.,0.));
#11130=DIRECTION('ref_axis',(-0.707106781186548,0.,-0.707106781186548));
#11131=DIRECTION('',(0.,1.,0.));
#11132=DIRECTION('center_axis',(0.,1.,0.));
#11133=DIRECTION('ref_axis',(-0.707106781186548,0.,-0.707106781186548));
#11134=DIRECTION('',(0.,-1.,0.));
#11135=DIRECTION('center_axis',(1.,0.,0.));
#11136=DIRECTION('ref_axis',(0.,0.,-1.));
#11137=DIRECTION('',(0.,0.,1.));
#11138=DIRECTION('center_axis',(1.,0.,0.));
#11139=DIRECTION('ref_axis',(0.,0.,-1.));
#11140=DIRECTION('',(0.,1.,0.));
#11141=DIRECTION('center_axis',(1.,0.,0.));
#11142=DIRECTION('ref_axis',(0.,0.,-1.));
#11143=DIRECTION('center_axis',(1.,0.,0.));
#11144=DIRECTION('ref_axis',(0.,0.,-1.));
#11145=DIRECTION('center_axis',(-1.,0.,0.));
#11146=DIRECTION('ref_axis',(0.,0.,-1.));
#11147=DIRECTION('',(1.,0.,0.));
#11148=DIRECTION('center_axis',(1.,0.,0.));
#11149=DIRECTION('ref_axis',(0.,0.,-1.));
#11150=DIRECTION('',(0.,0.,-1.));
#11151=DIRECTION('center_axis',(1.,0.,0.));
#11152=DIRECTION('ref_axis',(0.,0.,-1.));
#11153=DIRECTION('',(0.,-1.,0.));
#11154=DIRECTION('center_axis',(1.,0.,0.));
#11155=DIRECTION('ref_axis',(0.,0.400109634098263,-0.91646728294127));
#11156=DIRECTION('',(-1.,0.,0.));
#11157=DIRECTION('',(1.,0.,0.));
#11158=DIRECTION('',(1.,0.,0.));
#11159=DIRECTION('',(1.,0.,0.));
#11160=DIRECTION('center_axis',(1.,0.,0.));
#11161=DIRECTION('ref_axis',(0.,0.,-1.));
#11162=DIRECTION('',(1.,0.,0.));
#11163=DIRECTION('center_axis',(0.,0.,-1.));
#11164=DIRECTION('ref_axis',(0.707106781186549,-0.707106781186546,0.));
#11165=DIRECTION('',(0.,0.,1.));
#11166=DIRECTION('center_axis',(0.,-1.,0.));
#11167=DIRECTION('ref_axis',(-1.,0.,0.));
#11168=DIRECTION('',(0.,0.,-1.));
#11169=DIRECTION('',(1.,0.,0.));
#11170=DIRECTION('center_axis',(0.,0.,1.));
#11171=DIRECTION('ref_axis',(0.,1.,0.));
#11172=DIRECTION('center_axis',(0.,0.,1.));
#11173=DIRECTION('ref_axis',(0.,1.,0.));
#11174=DIRECTION('',(0.,0.,-1.));
#11175=DIRECTION('center_axis',(0.,0.,1.));
#11176=DIRECTION('ref_axis',(0.,1.,0.));
#11177=DIRECTION('center_axis',(-1.,0.,0.));
#11178=DIRECTION('ref_axis',(0.,-0.707106781186547,-0.707106781186548));
#11179=DIRECTION('',(-1.,0.,0.));
#11180=DIRECTION('center_axis',(-1.,4.91400389720597E-17,0.));
#11181=DIRECTION('ref_axis',(0.,-0.707106781186547,-0.707106781186548));
#11182=DIRECTION('',(1.,0.,0.));
#11183=DIRECTION('center_axis',(1.,0.,0.));
#11184=DIRECTION('ref_axis',(0.,-0.707106781186547,-0.707106781186548));
#11185=DIRECTION('',(-1.,0.,0.));
#11186=DIRECTION('center_axis',(0.,0.,1.));
#11187=DIRECTION('ref_axis',(1.,0.,0.));
#11188=DIRECTION('',(4.91400389720597E-17,1.,0.));
#11189=DIRECTION('center_axis',(0.,0.,-1.));
#11190=DIRECTION('ref_axis',(1.,0.,0.));
#11191=DIRECTION('center_axis',(0.,0.,-1.));
#11192=DIRECTION('ref_axis',(1.,0.,0.));
#11193=DIRECTION('',(0.,1.,0.));
#11194=DIRECTION('center_axis',(0.,0.,1.));
#11195=DIRECTION('ref_axis',(1.,-8.88178419700125E-16,0.));
#11196=DIRECTION('center_axis',(0.,0.,-1.));
#11197=DIRECTION('ref_axis',(1.,0.,0.));
#11198=DIRECTION('center_axis',(0.,0.,-1.));
#11199=DIRECTION('ref_axis',(1.,0.,0.));
#11200=DIRECTION('center_axis',(0.,0.,-1.));
#11201=DIRECTION('ref_axis',(1.,0.,0.));
#11202=DIRECTION('center_axis',(0.,0.,-1.));
#11203=DIRECTION('ref_axis',(1.,0.,0.));
#11204=DIRECTION('center_axis',(1.,0.,0.));
#11205=DIRECTION('ref_axis',(0.,-0.707106781186548,-0.707106781186548));
#11206=DIRECTION('center_axis',(-1.,0.,0.));
#11207=DIRECTION('ref_axis',(0.,-0.707106781186548,-0.707106781186548));
#11208=DIRECTION('',(-1.,0.,0.));
#11209=DIRECTION('center_axis',(1.,-4.91400389720597E-17,0.));
#11210=DIRECTION('ref_axis',(0.,-0.707106781186548,-0.707106781186548));
#11211=DIRECTION('',(1.,0.,0.));
#11212=DIRECTION('',(1.,0.,0.));
#11213=DIRECTION('center_axis',(0.,1.,0.));
#11214=DIRECTION('ref_axis',(1.,0.,0.));
#11215=DIRECTION('',(0.,0.,-1.));
#11216=DIRECTION('',(-1.,0.,0.));
#11217=DIRECTION('',(0.,0.,1.));
#11218=DIRECTION('',(-1.,0.,0.));
#11219=DIRECTION('',(0.,0.,1.));
#11220=DIRECTION('',(-1.,0.,0.));
#11221=DIRECTION('',(0.,0.,1.));
#11222=DIRECTION('',(-1.,0.,0.));
#11223=DIRECTION('',(0.,0.,1.));
#11224=DIRECTION('',(-1.,0.,0.));
#11225=DIRECTION('',(0.,0.,1.));
#11226=DIRECTION('center_axis',(-1.,0.,0.));
#11227=DIRECTION('ref_axis',(0.,1.,0.));
#11228=DIRECTION('',(0.,1.,0.));
#11229=DIRECTION('',(0.,0.,-1.));
#11230=DIRECTION('',(0.,0.,1.));
#11231=DIRECTION('',(0.,-1.,0.));
#11232=DIRECTION('center_axis',(0.,1.,0.));
#11233=DIRECTION('ref_axis',(-1.,0.,0.));
#11234=DIRECTION('',(1.,0.,0.));
#11235=DIRECTION('',(0.,0.,1.));
#11236=DIRECTION('',(-1.,0.,0.));
#11237=DIRECTION('',(0.,0.,1.));
#11238=DIRECTION('center_axis',(0.984807753012209,0.173648177666924,0.));
#11239=DIRECTION('ref_axis',(-0.173648177666924,0.984807753012209,0.));
#11240=DIRECTION('',(0.173648177666924,-0.984807753012209,0.));
#11241=DIRECTION('',(-0.173648177666924,0.984807753012209,0.));
#11242=DIRECTION('',(0.,0.,1.));
#11243=DIRECTION('center_axis',(0.,-1.,0.));
#11244=DIRECTION('ref_axis',(1.,0.,0.));
#11245=DIRECTION('',(-1.,0.,0.));
#11246=DIRECTION('',(1.,0.,0.));
#11247=DIRECTION('',(0.,0.,1.));
#11248=DIRECTION('center_axis',(-0.984807753012209,0.173648177666928,0.));
#11249=DIRECTION('ref_axis',(-0.173648177666928,-0.984807753012208,0.));
#11250=DIRECTION('',(0.173648177666928,0.984807753012208,0.));
#11251=DIRECTION('',(-0.173648177666928,-0.984807753012208,0.));
#11252=DIRECTION('center_axis',(0.,0.,1.));
#11253=DIRECTION('ref_axis',(1.,0.,0.));
#11254=DIRECTION('center_axis',(0.,0.,1.));
#11255=DIRECTION('ref_axis',(-0.707106781186551,-0.707106781186544,0.));
#11256=DIRECTION('',(0.,0.,-1.));
#11257=DIRECTION('center_axis',(0.,-1.,0.));
#11258=DIRECTION('ref_axis',(-1.,0.,0.));
#11259=DIRECTION('',(0.,0.,-1.));
#11260=DIRECTION('center_axis',(0.,0.,1.));
#11261=DIRECTION('ref_axis',(1.,0.,0.));
#11262=DIRECTION('center_axis',(0.,0.,1.));
#11263=DIRECTION('ref_axis',(1.,-8.88178419700125E-16,0.));
#11264=DIRECTION('center_axis',(0.,0.,1.));
#11265=DIRECTION('ref_axis',(1.,0.,0.));
#11266=DIRECTION('center_axis',(0.,0.,1.));
#11267=DIRECTION('ref_axis',(1.,0.,0.));
#11268=DIRECTION('',(-4.91400389720597E-17,-1.,0.));
#11269=DIRECTION('center_axis',(0.,0.,1.));
#11270=DIRECTION('ref_axis',(1.,0.,0.));
#11271=DIRECTION('center_axis',(0.,0.,1.));
#11272=DIRECTION('ref_axis',(1.,0.,0.));
#11273=DIRECTION('center_axis',(0.,0.,1.));
#11274=DIRECTION('ref_axis',(1.,-8.88178419700125E-16,0.));
#11275=DIRECTION('center_axis',(0.,0.,1.));
#11276=DIRECTION('ref_axis',(0.,-1.,0.));
#11277=DIRECTION('center_axis',(0.,0.,-1.));
#11278=DIRECTION('ref_axis',(1.,0.,0.));
#11279=DIRECTION('',(0.,0.,-1.));
#11280=DIRECTION('center_axis',(0.,0.,-1.));
#11281=DIRECTION('ref_axis',(1.,0.,0.));
#11282=DIRECTION('center_axis',(0.,0.,1.));
#11283=DIRECTION('ref_axis',(1.,0.,0.));
#11284=DIRECTION('center_axis',(0.,0.,1.));
#11285=DIRECTION('ref_axis',(1.,0.,0.));
#11286=DIRECTION('center_axis',(0.,0.,-1.));
#11287=DIRECTION('ref_axis',(1.,0.,0.));
#11288=DIRECTION('',(0.,0.,-1.));
#11289=DIRECTION('center_axis',(0.,0.,-1.));
#11290=DIRECTION('ref_axis',(1.,0.,0.));
#11291=DIRECTION('center_axis',(0.,0.,1.));
#11292=DIRECTION('ref_axis',(1.,0.,0.));
#11293=DIRECTION('center_axis',(0.,0.,1.));
#11294=DIRECTION('ref_axis',(1.,0.,0.));
#11295=DIRECTION('center_axis',(0.,0.,-1.));
#11296=DIRECTION('ref_axis',(1.,0.,0.));
#11297=DIRECTION('',(0.,0.,-1.));
#11298=DIRECTION('center_axis',(0.,0.,-1.));
#11299=DIRECTION('ref_axis',(1.,0.,0.));
#11300=DIRECTION('center_axis',(0.,0.,1.));
#11301=DIRECTION('ref_axis',(1.,0.,0.));
#11302=DIRECTION('center_axis',(0.,0.,1.));
#11303=DIRECTION('ref_axis',(1.,0.,0.));
#11304=DIRECTION('center_axis',(0.,0.,-1.));
#11305=DIRECTION('ref_axis',(1.,0.,0.));
#11306=DIRECTION('',(0.,0.,-1.));
#11307=DIRECTION('center_axis',(0.,0.,-1.));
#11308=DIRECTION('ref_axis',(1.,0.,0.));
#11309=DIRECTION('',(0.,0.,-1.));
#11310=DIRECTION('center_axis',(0.,0.,-1.));
#11311=DIRECTION('ref_axis',(1.,0.,0.));
#11312=DIRECTION('',(0.,0.,-1.));
#11313=DIRECTION('center_axis',(0.,0.,-1.));
#11314=DIRECTION('ref_axis',(-1.,0.,0.));
#11315=DIRECTION('',(1.,0.,0.));
#11316=DIRECTION('',(-0.17364817766693,-0.984807753012208,0.));
#11317=DIRECTION('center_axis',(0.,0.,-1.));
#11318=DIRECTION('ref_axis',(-1.,0.,0.));
#11319=DIRECTION('',(-0.173648177666929,0.984807753012208,0.));
#11320=DIRECTION('',(1.,0.,0.));
#11321=DIRECTION('',(-0.17364817766693,-0.984807753012208,0.));
#11322=DIRECTION('center_axis',(0.984807753012208,0.173648177666929,0.));
#11323=DIRECTION('ref_axis',(-0.173648177666929,0.984807753012208,0.));
#11324=DIRECTION('',(-0.173648177666929,0.984807753012208,0.));
#11325=DIRECTION('',(0.,0.,1.));
#11326=DIRECTION('center_axis',(0.,0.,-1.));
#11327=DIRECTION('ref_axis',(-1.,0.,0.));
#11328=DIRECTION('',(0.,1.,0.));
#11329=DIRECTION('',(-0.17364817766693,0.984807753012208,0.));
#11330=DIRECTION('',(1.,0.,0.));
#11331=DIRECTION('center_axis',(0.984807753012208,0.17364817766693,0.));
#11332=DIRECTION('ref_axis',(-0.17364817766693,0.984807753012208,0.));
#11333=DIRECTION('',(-0.17364817766693,0.984807753012208,0.));
#11334=DIRECTION('',(0.,0.,1.));
#11335=DIRECTION('center_axis',(-0.984807753012208,0.17364817766693,0.));
#11336=DIRECTION('ref_axis',(-0.17364817766693,-0.984807753012208,0.));
#11337=DIRECTION('',(0.,0.,1.));
#11338=DIRECTION('',(-0.17364817766693,-0.984807753012208,0.));
#11339=DIRECTION('center_axis',(0.,0.,-1.));
#11340=DIRECTION('ref_axis',(-1.,0.,0.));
#11341=DIRECTION('',(1.,0.,0.));
#11342=DIRECTION('center_axis',(-0.984807753012208,0.17364817766693,0.));
#11343=DIRECTION('ref_axis',(-0.17364817766693,-0.984807753012208,0.));
#11344=DIRECTION('',(0.,0.,1.));
#11345=DIRECTION('',(-0.17364817766693,-0.984807753012208,0.));
#11346=DIRECTION('center_axis',(0.,-1.,0.));
#11347=DIRECTION('ref_axis',(1.,0.,0.));
#11348=DIRECTION('',(0.,0.,1.));
#11349=DIRECTION('',(1.,0.,0.));
#11350=DIRECTION('center_axis',(0.,0.,-1.));
#11351=DIRECTION('ref_axis',(-1.,0.,0.));
#11352=DIRECTION('center_axis',(1.,-4.91400389720597E-17,0.));
#11353=DIRECTION('ref_axis',(-4.91400389720597E-17,-1.,0.));
#11354=DIRECTION('axis',(0.,0.,1.));
#11355=DIRECTION('refdir',(1.,0.,0.));
#11356=DIRECTION('center_axis',(1.,0.,0.));
#11357=DIRECTION('ref_axis',(0.,0.,-1.));
#11358=DIRECTION('center_axis',(-1.,0.,0.));
#11359=DIRECTION('ref_axis',(0.,0.,-1.));
#11360=DIRECTION('center_axis',(1.,-5.55111512312578E-17,0.));
#11361=DIRECTION('ref_axis',(0.,0.,-1.));
#11362=DIRECTION('center_axis',(1.,4.22717416626028E-13,0.));
#11363=DIRECTION('ref_axis',(0.,0.,-1.));
#11364=DIRECTION('',(-1.,5.55111512312578E-17,0.));
#11365=DIRECTION('center_axis',(1.,4.22717416626028E-13,0.));
#11366=DIRECTION('ref_axis',(0.,0.,-1.));
#11367=DIRECTION('center_axis',(1.,4.22717416626028E-13,0.));
#11368=DIRECTION('ref_axis',(0.,0.,-1.));
#11369=DIRECTION('center_axis',(0.,0.,1.));
#11370=DIRECTION('ref_axis',(-0.766072373497904,-0.642754322088376,0.));
#11371=DIRECTION('center_axis',(0.,0.,-1.));
#11372=DIRECTION('ref_axis',(-0.766072373497904,-0.642754322088376,0.));
#11373=DIRECTION('center_axis',(-0.173733762873465,-0.98479265819655,0.));
#11374=DIRECTION('ref_axis',(0.,0.,-1.));
#11375=DIRECTION('center_axis',(-0.173733762873465,-0.98479265819655,0.));
#11376=DIRECTION('ref_axis',(0.,0.,-1.));
#11377=DIRECTION('center_axis',(-0.173733762873658,-0.984792658196516,0.));
#11378=DIRECTION('ref_axis',(0.,0.,-1.));
#11379=DIRECTION('',(0.173733762873658,0.984792658196516,0.));
#11380=DIRECTION('center_axis',(-0.173733762873465,-0.98479265819655,0.));
#11381=DIRECTION('ref_axis',(0.,0.,-1.));
#11382=DIRECTION('center_axis',(-0.173733762873465,-0.98479265819655,0.));
#11383=DIRECTION('ref_axis',(0.,0.,-1.));
#11384=DIRECTION('center_axis',(0.,0.,-1.));
#11385=DIRECTION('ref_axis',(0.000202357364267243,0.999999979525748,0.));
#11386=DIRECTION('center_axis',(0.,0.,1.));
#11387=DIRECTION('ref_axis',(0.000202357364267521,0.999999979525748,0.));
#11388=DIRECTION('center_axis',(-0.173335188560401,0.984862890156153,0.));
#11389=DIRECTION('ref_axis',(0.,0.,-1.));
#11390=DIRECTION('center_axis',(-0.173335188560401,0.984862890156153,0.));
#11391=DIRECTION('ref_axis',(0.,0.,-1.));
#11392=DIRECTION('center_axis',(-0.173335188560212,0.984862890156186,0.));
#11393=DIRECTION('ref_axis',(0.,0.,-1.));
#11394=DIRECTION('',(0.173335188560212,-0.984862890156186,0.));
#11395=DIRECTION('center_axis',(-0.173335188560401,0.984862890156153,0.));
#11396=DIRECTION('ref_axis',(0.,0.,-1.));
#11397=DIRECTION('center_axis',(-0.173335188560401,0.984862890156153,0.));
#11398=DIRECTION('ref_axis',(0.,0.,-1.));
#11399=DIRECTION('center_axis',(0.,0.,1.));
#11400=DIRECTION('ref_axis',(1.,0.,0.));
#11401=DIRECTION('center_axis',(0.,0.,-1.));
#11402=DIRECTION('ref_axis',(1.,0.,0.));
#11403=DIRECTION('center_axis',(1.,0.,0.));
#11404=DIRECTION('ref_axis',(0.,0.,-1.));
#11405=DIRECTION('center_axis',(1.,0.,0.));
#11406=DIRECTION('ref_axis',(0.,0.,-1.));
#11407=DIRECTION('center_axis',(1.,0.,0.));
#11408=DIRECTION('ref_axis',(0.,0.,-1.));
#11409=DIRECTION('',(-1.,0.,0.));
#11410=DIRECTION('center_axis',(1.,4.22745172201644E-13,0.));
#11411=DIRECTION('ref_axis',(0.,0.,-1.));
#11412=DIRECTION('axis',(0.,0.,1.));
#11413=DIRECTION('refdir',(1.,0.,0.));
#11414=DIRECTION('center_axis',(1.,0.,0.));
#11415=DIRECTION('ref_axis',(0.,0.,-1.));
#11416=DIRECTION('center_axis',(-1.,0.,0.));
#11417=DIRECTION('ref_axis',(0.,0.,-1.));
#11418=DIRECTION('center_axis',(1.,0.,0.));
#11419=DIRECTION('ref_axis',(0.,0.,-1.));
#11420=DIRECTION('center_axis',(1.,4.9960036108132E-16,0.));
#11421=DIRECTION('ref_axis',(0.,0.,-1.));
#11422=DIRECTION('',(-1.,0.,0.));
#11423=DIRECTION('center_axis',(1.,4.9960036108132E-16,0.));
#11424=DIRECTION('ref_axis',(0.,0.,-1.));
#11425=DIRECTION('center_axis',(1.,4.9960036108132E-16,0.));
#11426=DIRECTION('ref_axis',(0.,0.,-1.));
#11427=DIRECTION('center_axis',(0.,0.,-1.));
#11428=DIRECTION('ref_axis',(-1.,0.,0.));
#11429=DIRECTION('center_axis',(0.,0.,1.));
#11430=DIRECTION('ref_axis',(-1.,0.,0.));
#11431=DIRECTION('center_axis',(-0.173734009165777,0.984792614746468,0.));
#11432=DIRECTION('ref_axis',(0.,0.,-1.));
#11433=DIRECTION('center_axis',(-0.173734009165777,0.984792614746468,0.));
#11434=DIRECTION('ref_axis',(0.,0.,-1.));
#11435=DIRECTION('center_axis',(-0.173734009165777,0.984792614746468,0.));
#11436=DIRECTION('ref_axis',(0.,0.,-1.));
#11437=DIRECTION('',(0.173734009165777,-0.984792614746468,0.));
#11438=DIRECTION('center_axis',(-0.173734009165777,0.984792614746468,0.));
#11439=DIRECTION('ref_axis',(0.,0.,-1.));
#11440=DIRECTION('center_axis',(-0.173734009165777,0.984792614746468,0.));
#11441=DIRECTION('ref_axis',(0.,0.,-1.));
#11442=DIRECTION('center_axis',(0.,0.,1.));
#11443=DIRECTION('ref_axis',(3.68745507024278E-5,-0.999999999320134,0.));
#11444=DIRECTION('center_axis',(0.,0.,-1.));
#11445=DIRECTION('ref_axis',(3.68745507027687E-5,-0.999999999320134,0.));
#11446=DIRECTION('center_axis',(-0.173661381122959,-0.984805424795409,0.));
#11447=DIRECTION('ref_axis',(0.,0.,-1.));
#11448=DIRECTION('center_axis',(-0.173661381122959,-0.984805424795409,0.));
#11449=DIRECTION('ref_axis',(0.,0.,-1.));
#11450=DIRECTION('center_axis',(-0.173661381122959,-0.984805424795409,0.));
#11451=DIRECTION('ref_axis',(0.,0.,-1.));
#11452=DIRECTION('',(0.173661381122959,0.984805424795409,0.));
#11453=DIRECTION('center_axis',(-0.173661381122959,-0.984805424795409,0.));
#11454=DIRECTION('ref_axis',(0.,0.,-1.));
#11455=DIRECTION('center_axis',(-0.173661381122959,-0.984805424795409,0.));
#11456=DIRECTION('ref_axis',(0.,0.,-1.));
#11457=DIRECTION('center_axis',(0.,0.,-1.));
#11458=DIRECTION('ref_axis',(0.766048752078795,0.642782474433241,0.));
#11459=DIRECTION('center_axis',(0.,0.,1.));
#11460=DIRECTION('ref_axis',(0.766048752078795,0.642782474433241,0.));
#11461=DIRECTION('center_axis',(1.,0.,0.));
#11462=DIRECTION('ref_axis',(0.,0.,-1.));
#11463=DIRECTION('center_axis',(1.,0.,0.));
#11464=DIRECTION('ref_axis',(0.,0.,-1.));
#11465=DIRECTION('center_axis',(1.,0.,0.));
#11466=DIRECTION('ref_axis',(0.,0.,-1.));
#11467=DIRECTION('',(-1.,0.,0.));
#11468=DIRECTION('center_axis',(1.,3.33066907387547E-16,0.));
#11469=DIRECTION('ref_axis',(0.,0.,-1.));
#11470=DIRECTION('axis',(0.,0.,1.));
#11471=DIRECTION('refdir',(1.,0.,0.));
#11472=DIRECTION('center_axis',(0.,0.,-1.));
#11473=DIRECTION('ref_axis',(-1.,0.,0.));
#11474=DIRECTION('',(2.81962863314234E-16,-1.,0.));
#11475=DIRECTION('',(-1.,0.,0.));
#11476=DIRECTION('',(0.,1.,0.));
#11477=DIRECTION('',(1.,0.,0.));
#11478=DIRECTION('center_axis',(0.,1.,0.));
#11479=DIRECTION('ref_axis',(1.,0.,0.));
#11480=DIRECTION('',(0.,0.,-1.));
#11481=DIRECTION('',(1.,0.,0.));
#11482=DIRECTION('',(0.,0.,-1.));
#11483=DIRECTION('',(-1.,0.,0.));
#11484=DIRECTION('center_axis',(-1.,-2.81962863314234E-16,0.));
#11485=DIRECTION('ref_axis',(-2.81962863314234E-16,1.,0.));
#11486=DIRECTION('center_axis',(-1.,-2.81962863314234E-16,0.));
#11487=DIRECTION('ref_axis',(0.,0.,1.));
#11488=DIRECTION('',(0.,0.,1.));
#11489=DIRECTION('',(0.,0.,-1.));
#11490=DIRECTION('center_axis',(1.,2.81962863314234E-16,0.));
#11491=DIRECTION('ref_axis',(0.,0.,1.));
#11492=DIRECTION('',(2.81962863314234E-16,-1.,0.));
#11493=DIRECTION('',(0.,0.,-1.));
#11494=DIRECTION('',(-2.81962863314234E-16,1.,0.));
#11495=DIRECTION('center_axis',(0.,0.,-1.));
#11496=DIRECTION('ref_axis',(0.,1.,0.));
#11497=DIRECTION('center_axis',(0.,0.,1.));
#11498=DIRECTION('ref_axis',(0.,1.,0.));
#11499=DIRECTION('center_axis',(0.,0.,-1.));
#11500=DIRECTION('ref_axis',(0.,1.,0.));
#11501=DIRECTION('center_axis',(0.,-1.,0.));
#11502=DIRECTION('ref_axis',(0.,0.,1.));
#11503=DIRECTION('',(-1.,0.,0.));
#11504=DIRECTION('',(0.,0.,-1.));
#11505=DIRECTION('center_axis',(-1.,0.,0.));
#11506=DIRECTION('ref_axis',(0.,0.,1.));
#11507=DIRECTION('',(-1.,0.,0.));
#11508=DIRECTION('center_axis',(-1.,0.,0.));
#11509=DIRECTION('ref_axis',(0.,0.,1.));
#11510=DIRECTION('center_axis',(0.,0.,1.));
#11511=DIRECTION('ref_axis',(0.,1.,0.));
#11512=DIRECTION('',(0.,1.,0.));
#11513=DIRECTION('',(-1.,0.,0.));
#11514=DIRECTION('',(0.,1.,0.));
#11515=DIRECTION('center_axis',(-1.,0.,0.));
#11516=DIRECTION('ref_axis',(0.,0.,1.));
#11517=DIRECTION('',(0.,1.,0.));
#11518=DIRECTION('',(0.,0.,1.));
#11519=DIRECTION('center_axis',(0.,0.,1.));
#11520=DIRECTION('ref_axis',(0.,1.,0.));
#11521=DIRECTION('',(-1.,0.,0.));
#11522=DIRECTION('',(0.,1.,0.));
#11523=DIRECTION('',(-1.,0.,0.));
#11524=DIRECTION('center_axis',(-1.,0.,0.));
#11525=DIRECTION('ref_axis',(0.,0.,1.));
#11526=DIRECTION('',(-1.,0.,0.));
#11527=DIRECTION('center_axis',(-1.,0.,0.));
#11528=DIRECTION('ref_axis',(0.,0.,1.));
#11529=DIRECTION('center_axis',(0.,-1.,0.));
#11530=DIRECTION('ref_axis',(0.,0.,1.));
#11531=DIRECTION('',(0.,0.,1.));
#11532=DIRECTION('center_axis',(0.,-1.,0.));
#11533=DIRECTION('ref_axis',(0.,0.,-1.));
#11534=DIRECTION('',(0.,0.,1.));
#11535=DIRECTION('center_axis',(1.,0.,0.));
#11536=DIRECTION('ref_axis',(0.,0.,-1.));
#11537=DIRECTION('',(0.,0.,1.));
#11538=DIRECTION('center_axis',(1.,0.,0.));
#11539=DIRECTION('ref_axis',(0.,0.,-1.));
#11540=DIRECTION('',(0.,-1.,0.));
#11541=DIRECTION('center_axis',(1.,0.,0.));
#11542=DIRECTION('ref_axis',(0.,0.,-1.));
#11543=DIRECTION('center_axis',(0.,-1.,0.));
#11544=DIRECTION('ref_axis',(1.,0.,0.));
#11545=DIRECTION('center_axis',(0.,-1.,0.));
#11546=DIRECTION('ref_axis',(1.,0.,0.));
#11547=DIRECTION('',(0.,1.,0.));
#11548=DIRECTION('center_axis',(0.,-1.,0.));
#11549=DIRECTION('ref_axis',(1.,0.,0.));
#11550=DIRECTION('center_axis',(0.,-1.,0.));
#11551=DIRECTION('ref_axis',(1.,0.,0.));
#11552=DIRECTION('center_axis',(0.,-1.,0.));
#11553=DIRECTION('ref_axis',(1.,0.,0.));
#11554=DIRECTION('center_axis',(0.,-1.,0.));
#11555=DIRECTION('ref_axis',(1.,0.,0.));
#11556=DIRECTION('center_axis',(0.,-1.,0.));
#11557=DIRECTION('ref_axis',(1.,0.,0.));
#11558=DIRECTION('',(0.,1.,0.));
#11559=DIRECTION('center_axis',(0.,-1.,0.));
#11560=DIRECTION('ref_axis',(1.,0.,0.));
#11561=DIRECTION('center_axis',(0.,-1.,0.));
#11562=DIRECTION('ref_axis',(1.,0.,0.));
#11563=DIRECTION('center_axis',(0.,-1.,0.));
#11564=DIRECTION('ref_axis',(1.,0.,0.));
#11565=DIRECTION('center_axis',(0.,-1.,0.));
#11566=DIRECTION('ref_axis',(1.,0.,0.));
#11567=DIRECTION('center_axis',(0.,-1.,0.));
#11568=DIRECTION('ref_axis',(1.,0.,0.));
#11569=DIRECTION('',(0.,1.,0.));
#11570=DIRECTION('center_axis',(0.,-1.,0.));
#11571=DIRECTION('ref_axis',(1.,0.,0.));
#11572=DIRECTION('center_axis',(0.,-1.,0.));
#11573=DIRECTION('ref_axis',(1.,0.,0.));
#11574=DIRECTION('center_axis',(0.,-1.,0.));
#11575=DIRECTION('ref_axis',(1.,0.,0.));
#11576=DIRECTION('center_axis',(1.,0.,0.));
#11577=DIRECTION('ref_axis',(0.,1.,0.));
#11578=DIRECTION('',(0.,-1.,0.));
#11579=DIRECTION('',(0.,0.,1.));
#11580=DIRECTION('',(0.,1.,0.));
#11581=DIRECTION('',(0.,0.,1.));
#11582=DIRECTION('center_axis',(0.,-1.,0.));
#11583=DIRECTION('ref_axis',(1.,0.,0.));
#11584=DIRECTION('',(-1.,0.,0.));
#11585=DIRECTION('',(1.,0.,0.));
#11586=DIRECTION('',(0.,0.,1.));
#11587=DIRECTION('center_axis',(-1.,0.,0.));
#11588=DIRECTION('ref_axis',(0.,-1.,0.));
#11589=DIRECTION('',(0.,1.,0.));
#11590=DIRECTION('',(0.,-1.,0.));
#11591=DIRECTION('',(0.,0.,1.));
#11592=DIRECTION('center_axis',(0.,1.,0.));
#11593=DIRECTION('ref_axis',(-1.,0.,0.));
#11594=DIRECTION('',(1.,0.,0.));
#11595=DIRECTION('',(-1.,0.,0.));
#11596=DIRECTION('center_axis',(0.,0.,1.));
#11597=DIRECTION('ref_axis',(1.,0.,0.));
#11598=DIRECTION('center_axis',(0.,0.,1.));
#11599=DIRECTION('ref_axis',(-1.,0.,0.));
#11600=DIRECTION('axis',(0.,0.,1.));
#11601=DIRECTION('refdir',(1.,0.,0.));
#11602=DIRECTION('center_axis',(-1.,0.,0.));
#11603=DIRECTION('ref_axis',(0.,0.,1.));
#11604=DIRECTION('center_axis',(1.,0.,0.));
#11605=DIRECTION('ref_axis',(0.,1.,3.82856869892695E-16));
#11606=DIRECTION('center_axis',(-1.,0.,0.));
#11607=DIRECTION('ref_axis',(0.,1.,3.82856869892695E-16));
#11608=DIRECTION('center_axis',(1.,0.,0.));
#11609=DIRECTION('ref_axis',(0.,0.,-1.));
#11610=DIRECTION('',(1.,0.,0.));
#11611=DIRECTION('center_axis',(-1.,0.,0.));
#11612=DIRECTION('ref_axis',(0.,1.,3.82856869892695E-16));
#11613=DIRECTION('',(1.,0.,0.));
#11614=DIRECTION('center_axis',(0.,0.,-1.));
#11615=DIRECTION('ref_axis',(0.,1.,0.));
#11616=DIRECTION('',(0.,-1.,0.));
#11617=DIRECTION('',(1.,0.,0.));
#11618=DIRECTION('',(0.,1.,0.));
#11619=DIRECTION('center_axis',(1.,0.,0.));
#11620=DIRECTION('ref_axis',(0.,0.,-1.));
#11621=DIRECTION('center_axis',(1.,0.,0.));
#11622=DIRECTION('ref_axis',(0.,1.,3.82856869892695E-16));
#11623=DIRECTION('center_axis',(0.,-1.,0.));
#11624=DIRECTION('ref_axis',(0.,0.,-1.));
#11625=DIRECTION('',(0.,0.,1.));
#11626=DIRECTION('',(1.,0.,0.));
#11627=DIRECTION('',(0.,0.,1.));
#11628=DIRECTION('center_axis',(0.,0.,1.));
#11629=DIRECTION('ref_axis',(0.,-1.,0.));
#11630=DIRECTION('',(0.,1.,0.));
#11631=DIRECTION('',(0.,1.,0.));
#11632=DIRECTION('center_axis',(1.,0.,0.));
#11633=DIRECTION('ref_axis',(0.,0.,-1.));
#11634=DIRECTION('center_axis',(1.,0.,0.));
#11635=DIRECTION('ref_axis',(0.,0.,-1.));
#11636=DIRECTION('',(-0.999999999999996,1.22464679914735E-16,-8.98082956259214E-16));
#11637=DIRECTION('',(-7.07756247577141E-48,7.70371977754874E-32,-1.));
#11638=DIRECTION('',(-0.999999999999996,1.22464679914734E-16,-1.21290721777789E-15));
#11639=DIRECTION('',(1.43150537728526E-47,-8.32001735975349E-32,-1.));
#11640=DIRECTION('',(-0.999999999999996,-1.22464679914735E-16,9.06192401892584E-16));
#11641=DIRECTION('',(9.8607613152627E-32,3.69778549322338E-32,1.));
#11642=DIRECTION('',(-0.999999999999996,1.22464679914734E-16,-1.22101666341126E-15));
#11643=DIRECTION('',(-4.62866566578897E-48,-4.31408307542787E-32,-1.));
#11644=DIRECTION('',(-0.999999999999996,-1.22464679914735E-16,-9.79962946248571E-17));
#11645=DIRECTION('',(-9.86076131526269E-32,-2.15704153771396E-32,1.));
#11646=DIRECTION('',(-0.999999999999996,-1.22464679914735E-16,2.16827966893821E-16));
#11647=DIRECTION('',(-1.97215226305254E-31,-8.3200173597536E-32,1.));
#11648=DIRECTION('',(-9.25733133157793E-48,-4.31408307542786E-32,-1.));
#11649=DIRECTION('',(1.,3.45126646034193E-31,-9.91189369536747E-48));
#11650=DIRECTION('',(2.86301075457051E-47,-8.32001735975348E-32,-1.));
#11651=DIRECTION('',(1.,-2.4492935982947E-16,2.45041364013251E-47));
#11652=DIRECTION('',(-1.41551249515428E-47,7.70371977754872E-32,-1.));
#11653=DIRECTION('',(1.,-2.4492935982947E-16,-1.65118982428746E-47));
#11654=DIRECTION('',(-2.0510426330843E-62,-8.32001735975359E-32,1.));
#11655=DIRECTION('',(1.,-2.46519032881566E-31,-4.81696347111656E-46));
#11656=DIRECTION('',(-1.11287034970412E-31,9.77890261431453E-32,1.));
#11657=DIRECTION('',(-0.128584613422898,0.991698541488735,-1.11287034970412E-31));
#11658=DIRECTION('',(-9.05696233641903E-48,3.69778549322337E-32,1.));
#11659=DIRECTION('',(1.,2.4492935982947E-16,-9.86076131526261E-32));
#11660=DIRECTION('',(0.,0.,1.));
#11661=DIRECTION('',(1.,0.,0.));
#11662=DIRECTION('',(0.,0.,1.));
#11663=DIRECTION('',(1.,0.,0.));
#11664=DIRECTION('',(0.,0.,1.));
#11665=DIRECTION('',(1.,0.,0.));
#11666=DIRECTION('',(0.,0.,1.));
#11667=DIRECTION('',(1.,0.,0.));
#11668=DIRECTION('',(0.,0.,1.));
#11669=DIRECTION('',(1.,0.,0.));
#11670=DIRECTION('',(0.,0.,1.));
#11671=DIRECTION('',(1.,0.,0.));
#11672=DIRECTION('',(0.,0.,1.));
#11673=DIRECTION('',(1.,0.,0.));
#11674=DIRECTION('center_axis',(0.,0.,1.));
#11675=DIRECTION('ref_axis',(1.,0.,0.));
#11676=CARTESIAN_POINT('',(0.,0.,0.));
#11677=CARTESIAN_POINT('',(0.,0.,0.));
#11678=CARTESIAN_POINT('Origin',(-1.50283279418963,0.479425538602857,0.877582561891429));
#11679=CARTESIAN_POINT('',(-0.127832794189167,-0.520574461397143,0.877582561891429));
#11680=CARTESIAN_POINT('Origin',(-0.127832794189167,0.479425538602857,0.877582561891429));
#11681=CARTESIAN_POINT('',(-2.62783279419,-0.520574461397143,0.877582561891428));
#11682=CARTESIAN_POINT('',(-1.50283279418963,-0.520574461397143,0.877582561891429));
#11683=CARTESIAN_POINT('Origin',(-2.62783279419,0.479425538602857,0.877582561891429));
#11684=CARTESIAN_POINT('Origin',(-1.37783279419,0.479425538602857,0.877582561891428));
#11685=CARTESIAN_POINT('',(-0.9611661275225,-0.58215958259,-1.06563596800857));
#11686=CARTESIAN_POINT('',(-0.961166127521868,-0.672658512797544,2.76855151007523));
#11687=CARTESIAN_POINT('Origin',(-0.9611661275225,0.479425538602857,0.877582561891428));
#11688=CARTESIAN_POINT('Origin',(-0.9611661275225,0.479425538602857,0.877582561891428));
#11689=CARTESIAN_POINT('',(-1.79449946085667,-0.58215958259,-1.06563596800857));
#11690=CARTESIAN_POINT('',(-1.37783279419,-0.582159582592165,-1.06563596800868));
#11691=CARTESIAN_POINT('',(-1.79449946085765,-0.67265851279733,2.76855151007488));
#11692=CARTESIAN_POINT('Origin',(-1.79449946085667,0.479425538602857,0.877582561891428));
#11693=CARTESIAN_POINT('Origin',(-1.79449946085667,0.479425538602857,0.877582561891428));
#11694=CARTESIAN_POINT('Origin',(-0.127832794189167,0.479425538602857,3.37758256189143));
#11695=CARTESIAN_POINT('',(-0.127832794189167,-0.719138307904286,-1.31637384283714));
#11696=CARTESIAN_POINT('Origin',(-0.127832794189167,0.479425538602857,0.877582561891428));
#11697=CARTESIAN_POINT('Origin',(-2.62783279419,0.479425538602857,3.37758256189143));
#11698=CARTESIAN_POINT('',(-2.62783279419,-0.719138307907651,-1.3163738428345));
#11699=CARTESIAN_POINT('Origin',(-2.62783279419,0.479425538602857,0.877582561891428));
#11700=CARTESIAN_POINT('Origin',(-1.37783279419,0.479425538602857,0.877582561891428));
#11701=CARTESIAN_POINT('',(-0.627832794189167,-0.719138307904286,-1.31637384283714));
#11702=CARTESIAN_POINT('',(-1.37783279419,-0.719138307907651,-1.3163738428345));
#11703=CARTESIAN_POINT('',(-0.627832794188397,-0.82131451942983,3.01254750338924));
#11704=CARTESIAN_POINT('Origin',(-0.627832794189167,0.479425538602857,0.877582561891428));
#11705=CARTESIAN_POINT('Origin',(-0.627832794189167,0.479425538602857,0.877582561891428));
#11706=CARTESIAN_POINT('Origin',(-2.71116612752259,0.479425538602852,0.877582561891431));
#11707=CARTESIAN_POINT('',(-2.71116612752258,0.107785522021953,1.48757254517673));
#11708=CARTESIAN_POINT('Origin',(-1.37783279419,0.479425538602857,0.877582561891428));
#11709=CARTESIAN_POINT('',(-2.12783279419112,-0.821314519429616,3.01254750338888));
#11710=CARTESIAN_POINT('',(-2.12783279419,-0.719138307907651,-1.3163738428345));
#11711=CARTESIAN_POINT('Origin',(-2.12783279419,0.479425538602857,0.877582561891428));
#11712=CARTESIAN_POINT('',(-1.37783279419,-0.719138307907651,-1.3163738428345));
#11713=CARTESIAN_POINT('Origin',(-2.12783279419,0.479425538602857,0.877582561891428));
#11714=CARTESIAN_POINT('Origin',(-0.0444994608574138,0.479425538602852,
0.877582561891431));
#11715=CARTESIAN_POINT('',(-0.0444994608574165,0.107785522021953,1.48757254517673));
#11716=CARTESIAN_POINT('',(0.,0.,0.));
#11717=CARTESIAN_POINT('Origin',(0.,0.,-10.));
#11718=CARTESIAN_POINT('',(-1.,-1.22464679914735E-16,-10.));
#11719=CARTESIAN_POINT('Origin',(0.,0.,-10.));
#11720=CARTESIAN_POINT('Origin',(0.,0.,0.));
#11721=CARTESIAN_POINT('',(-1.895,-2.32070568438423E-16,1.38777878078145E-16));
#11722=CARTESIAN_POINT('Origin',(0.,0.,0.));
#11723=CARTESIAN_POINT('',(-1.,-1.22464679914735E-16,0.));
#11724=CARTESIAN_POINT('Origin',(0.,0.,0.));
#11725=CARTESIAN_POINT('Origin',(0.,0.,0.98));
#11726=CARTESIAN_POINT('',(-1.895,-2.32070568438423E-16,1.96));
#11727=CARTESIAN_POINT('Origin',(0.,0.,1.96));
#11728=CARTESIAN_POINT('',(-1.895,-2.32070568438423E-16,0.98));
#11729=CARTESIAN_POINT('Origin',(0.,0.,-6.));
#11730=CARTESIAN_POINT('',(-1.,-1.22464679914735E-16,-6.));
#11731=CARTESIAN_POINT('Origin',(0.,0.,1.96));
#11732=CARTESIAN_POINT('',(-1.03923048454,-0.6,1.96));
#11733=CARTESIAN_POINT('',(-8.881784197E-16,-1.2,1.96));
#11734=CARTESIAN_POINT('',(-0.519615242271,-0.9,1.96));
#11735=CARTESIAN_POINT('',(-1.03923048454,0.6,1.96));
#11736=CARTESIAN_POINT('',(-1.03923048454,0.,1.96));
#11737=CARTESIAN_POINT('',(0.,1.2,1.96));
#11738=CARTESIAN_POINT('',(-0.519615242271,0.9,1.96));
#11739=CARTESIAN_POINT('',(1.03923048454,0.6,1.96));
#11740=CARTESIAN_POINT('',(0.519615242271,0.9,1.96));
#11741=CARTESIAN_POINT('',(1.03923048454,-0.6,1.96));
#11742=CARTESIAN_POINT('',(1.03923048454,-2.6645352591E-15,1.96));
#11743=CARTESIAN_POINT('',(0.519615242271,-0.9,1.96));
#11744=CARTESIAN_POINT('Origin',(1.03923048454,-0.6,1.96));
#11745=CARTESIAN_POINT('',(1.03923048454,-0.6,0.46));
#11746=CARTESIAN_POINT('',(1.03923048454,-0.6,1.21));
#11747=CARTESIAN_POINT('',(1.03923048454,0.6,0.46));
#11748=CARTESIAN_POINT('',(1.03923048454,0.6,1.21));
#11749=CARTESIAN_POINT('',(1.03923048454,-2.6645352591E-15,0.46));
#11750=CARTESIAN_POINT('Origin',(-8.881784197E-16,-1.2,1.96));
#11751=CARTESIAN_POINT('',(-8.881784197E-16,-1.2,0.46));
#11752=CARTESIAN_POINT('',(-8.881784197E-16,-1.2,1.21));
#11753=CARTESIAN_POINT('',(0.519615242271,-0.9,0.46));
#11754=CARTESIAN_POINT('Origin',(1.03923048454,0.6,1.96));
#11755=CARTESIAN_POINT('',(8.881784197E-16,1.2,0.46));
#11756=CARTESIAN_POINT('',(4.4408920985E-16,1.2,1.21));
#11757=CARTESIAN_POINT('',(0.519615242271,0.9,0.46));
#11758=CARTESIAN_POINT('Origin',(0.,0.,0.46));
#11759=CARTESIAN_POINT('',(-1.03923048454,0.6,0.46));
#11760=CARTESIAN_POINT('',(-0.519615242271,0.9,0.46));
#11761=CARTESIAN_POINT('',(-1.03923048454,-0.6,0.46));
#11762=CARTESIAN_POINT('',(-1.03923048454,0.,0.46));
#11763=CARTESIAN_POINT('',(-0.519615242271,-0.9,0.46));
#11764=CARTESIAN_POINT('Origin',(-1.03923048454,-0.6,1.96));
#11765=CARTESIAN_POINT('',(-1.03923048454,-0.6,1.21));
#11766=CARTESIAN_POINT('Origin',(0.,1.2,1.96));
#11767=CARTESIAN_POINT('',(-1.03923048454,0.6,1.21));
#11768=CARTESIAN_POINT('Origin',(-1.03923048454,0.6,1.96));
#11769=CARTESIAN_POINT('',(0.,0.,0.));
#11770=CARTESIAN_POINT('Origin',(0.,0.,-5.));
#11771=CARTESIAN_POINT('',(-1.,-1.22464679914735E-16,-5.));
#11772=CARTESIAN_POINT('Origin',(0.,0.,-5.));
#11773=CARTESIAN_POINT('Origin',(0.,0.,0.));
#11774=CARTESIAN_POINT('',(-1.895,-2.32070568438423E-16,1.38777878078145E-16));
#11775=CARTESIAN_POINT('Origin',(0.,0.,0.));
#11776=CARTESIAN_POINT('',(-1.,-1.22464679914735E-16,0.));
#11777=CARTESIAN_POINT('Origin',(0.,0.,0.));
#11778=CARTESIAN_POINT('Origin',(0.,0.,0.98));
#11779=CARTESIAN_POINT('',(-1.895,-2.32070568438423E-16,1.96));
#11780=CARTESIAN_POINT('Origin',(0.,0.,1.96));
#11781=CARTESIAN_POINT('',(-1.895,-2.32070568438423E-16,0.98));
#11782=CARTESIAN_POINT('Origin',(0.,0.,-6.));
#11783=CARTESIAN_POINT('',(-1.,-1.22464679914735E-16,-6.));
#11784=CARTESIAN_POINT('Origin',(0.,0.,1.96));
#11785=CARTESIAN_POINT('',(-1.03923048454,-0.6,1.96));
#11786=CARTESIAN_POINT('',(-8.881784197E-16,-1.2,1.96));
#11787=CARTESIAN_POINT('',(-0.519615242271,-0.9,1.96));
#11788=CARTESIAN_POINT('',(-1.03923048454,0.6,1.96));
#11789=CARTESIAN_POINT('',(-1.03923048454,0.,1.96));
#11790=CARTESIAN_POINT('',(0.,1.2,1.96));
#11791=CARTESIAN_POINT('',(-0.519615242271,0.9,1.96));
#11792=CARTESIAN_POINT('',(1.03923048454,0.6,1.96));
#11793=CARTESIAN_POINT('',(0.519615242271,0.9,1.96));
#11794=CARTESIAN_POINT('',(1.03923048454,-0.6,1.96));
#11795=CARTESIAN_POINT('',(1.03923048454,-2.6645352591E-15,1.96));
#11796=CARTESIAN_POINT('',(0.519615242271,-0.9,1.96));
#11797=CARTESIAN_POINT('Origin',(1.03923048454,-0.6,1.96));
#11798=CARTESIAN_POINT('',(1.03923048454,-0.6,0.46));
#11799=CARTESIAN_POINT('',(1.03923048454,-0.6,1.21));
#11800=CARTESIAN_POINT('',(1.03923048454,0.6,0.46));
#11801=CARTESIAN_POINT('',(1.03923048454,0.6,1.21));
#11802=CARTESIAN_POINT('',(1.03923048454,-2.6645352591E-15,0.46));
#11803=CARTESIAN_POINT('Origin',(-8.881784197E-16,-1.2,1.96));
#11804=CARTESIAN_POINT('',(-8.881784197E-16,-1.2,0.46));
#11805=CARTESIAN_POINT('',(-8.881784197E-16,-1.2,1.21));
#11806=CARTESIAN_POINT('',(0.519615242271,-0.9,0.46));
#11807=CARTESIAN_POINT('Origin',(1.03923048454,0.6,1.96));
#11808=CARTESIAN_POINT('',(8.881784197E-16,1.2,0.46));
#11809=CARTESIAN_POINT('',(4.4408920985E-16,1.2,1.21));
#11810=CARTESIAN_POINT('',(0.519615242271,0.9,0.46));
#11811=CARTESIAN_POINT('Origin',(0.,0.,0.46));
#11812=CARTESIAN_POINT('',(-1.03923048454,0.6,0.46));
#11813=CARTESIAN_POINT('',(-0.519615242271,0.9,0.46));
#11814=CARTESIAN_POINT('',(-1.03923048454,-0.6,0.46));
#11815=CARTESIAN_POINT('',(-1.03923048454,0.,0.46));
#11816=CARTESIAN_POINT('',(-0.519615242271,-0.9,0.46));
#11817=CARTESIAN_POINT('Origin',(-1.03923048454,-0.6,1.96));
#11818=CARTESIAN_POINT('',(-1.03923048454,-0.6,1.21));
#11819=CARTESIAN_POINT('Origin',(0.,1.2,1.96));
#11820=CARTESIAN_POINT('',(-1.03923048454,0.6,1.21));
#11821=CARTESIAN_POINT('Origin',(-1.03923048454,0.6,1.96));
#11822=CARTESIAN_POINT('',(0.,0.,0.));
#11823=CARTESIAN_POINT('Origin',(14.8665822042172,9.28505784659218,-2.05));
#11824=CARTESIAN_POINT('',(15.4275921081514,7.78571428571428,-0.0500000000000003));
#11825=CARTESIAN_POINT('',(13.847517419965,10.5196712238708,-0.0500000000000003));
#11826=CARTESIAN_POINT('Origin',(14.8665822042172,9.28505784659218,-0.0500000000000003));
#11827=CARTESIAN_POINT('',(15.4275921081532,7.78571428571494,-2.05));
#11828=CARTESIAN_POINT('',(15.4275921081514,7.78571428571428,-2.05));
#11829=CARTESIAN_POINT('',(13.847517419965,10.5196712238708,-2.05));
#11830=CARTESIAN_POINT('Origin',(14.8665822042172,9.28505784659218,-2.05));
#11831=CARTESIAN_POINT('',(13.847517419965,10.5196712238708,-2.05));
#11832=CARTESIAN_POINT('Origin',(6.29571428571434,9.28571428571428,-2.05));
#11833=CARTESIAN_POINT('',(7.31636417321921,10.517896823789,-2.05));
#11834=CARTESIAN_POINT('',(7.31636417321921,10.517896823789,2.05));
#11835=CARTESIAN_POINT('',(7.31636417321921,10.517896823789,-2.05));
#11836=CARTESIAN_POINT('',(5.7389378494682,7.7857142857006,-2.05));
#11837=CARTESIAN_POINT('Origin',(6.29571428571434,9.28571428571428,-2.05));
#11838=CARTESIAN_POINT('',(5.7389378494682,7.7857142857006,2.05));
#11839=CARTESIAN_POINT('',(5.7389378494682,7.7857142857006,-2.05));
#11840=CARTESIAN_POINT('Origin',(6.29571428571434,9.28571428571428,2.05));
#11841=CARTESIAN_POINT('Origin',(16.2070153215368,14.6064414697452,0.));
#11842=CARTESIAN_POINT('',(16.2070153215368,14.6064414697452,-2.05));
#11843=CARTESIAN_POINT('',(13.5681047514497,10.0357142857238,-2.05));
#11844=CARTESIAN_POINT('',(16.2070153215368,14.6064414697452,-0.0500000000000003));
#11845=CARTESIAN_POINT('',(16.2070153215368,14.6064414697453,0.));
#11846=CARTESIAN_POINT('',(15.6703575712588,13.6769229799882,-0.0500000000000003));
#11847=CARTESIAN_POINT('Origin',(14.8671428571429,7.78571428571428,0.));
#11848=CARTESIAN_POINT('',(20.2657671373693,7.78571428572058,-0.0500000000000003));
#11849=CARTESIAN_POINT('',(16.4570306031599,7.78571428571428,-0.0500000000000003));
#11850=CARTESIAN_POINT('',(20.2657671373693,7.78571428572058,-2.05));
#11851=CARTESIAN_POINT('',(20.2657671373693,7.78571428572058,0.));
#11852=CARTESIAN_POINT('',(14.8671428571429,7.78571428571428,-2.05));
#11853=CARTESIAN_POINT('Origin',(3.90609600130717,11.5065086956067,-2.05));
#11854=CARTESIAN_POINT('',(4.59738718850956,15.2273031056492,-2.05));
#11855=CARTESIAN_POINT('',(7.59475239137256,10.0357142857462,-2.05));
#11856=CARTESIAN_POINT('',(4.21389574740538,14.3116688345947,-2.05));
#11857=CARTESIAN_POINT('Origin',(1.14343684090542,16.135782092005,-2.05));
#11858=CARTESIAN_POINT('',(3.21453244428572,14.7365027153071,-2.05));
#11859=CARTESIAN_POINT('Origin',(5.09519522514314,17.7726540447183,-2.05));
#11860=CARTESIAN_POINT('',(3.19080245952143,14.7510346453286,-2.05));
#11861=CARTESIAN_POINT('Ctrl Pts',(3.19080245952143,14.7510346453286,-2.05));
#11862=CARTESIAN_POINT('Ctrl Pts',(3.19873678242619,14.7462306209952,-2.05));
#11863=CARTESIAN_POINT('Ctrl Pts',(3.20664725942857,14.7413869746524,-2.05));
#11864=CARTESIAN_POINT('Ctrl Pts',(3.21453244428572,14.7365027153071,-2.05));
#11865=CARTESIAN_POINT('',(2.83567866014286,14.5334145011786,-2.05));
#11866=CARTESIAN_POINT('Origin',(6.29616534045032,9.28497823137281,-2.05));
#11867=CARTESIAN_POINT('',(2.83785351695714,14.5056735717643,-2.05));
#11868=CARTESIAN_POINT('Ctrl Pts',(2.83785351695714,14.5056735717643,-2.05));
#11869=CARTESIAN_POINT('Ctrl Pts',(2.83708140901667,14.5149167302643,-2.05));
#11870=CARTESIAN_POINT('Ctrl Pts',(2.83635696994048,14.5241639862976,-2.05));
#11871=CARTESIAN_POINT('Ctrl Pts',(2.83567866014286,14.5334145011786,-2.05));
#11872=CARTESIAN_POINT('',(2.7626818305536,13.4223638024869,-2.05));
#11873=CARTESIAN_POINT('Origin',(-0.72118011673917,14.2083746197505,-2.05));
#11874=CARTESIAN_POINT('',(1.68094996004194,13.5175845888574,-2.05));
#11875=CARTESIAN_POINT('Origin',(2.53134419443704,16.9862928552332,-2.05));
#11876=CARTESIAN_POINT('',(1.65389079007143,13.5240723070357,-2.05));
#11877=CARTESIAN_POINT('Ctrl Pts',(1.65389079007143,13.5240723070357,-2.05));
#11878=CARTESIAN_POINT('Ctrl Pts',(1.66292130472619,13.5219552490119,-2.05));
#11879=CARTESIAN_POINT('Ctrl Pts',(1.67194138445952,13.5197931394286,-2.05));
#11880=CARTESIAN_POINT('Ctrl Pts',(1.68094996004286,13.5175845888571,-2.05));
#11881=CARTESIAN_POINT('',(1.38339639565902,13.2073639969234,-2.05));
#11882=CARTESIAN_POINT('Origin',(6.29637071400858,9.28515364295702,-2.05));
#11883=CARTESIAN_POINT('',(1.39403713981429,13.1816528377786,-2.05));
#11884=CARTESIAN_POINT('Ctrl Pts',(1.39403686212743,13.1816527212113,-2.05));
#11885=CARTESIAN_POINT('Ctrl Pts',(1.39224179675358,13.1859289295402,-2.05));
#11886=CARTESIAN_POINT('Ctrl Pts',(1.39045754341158,13.1902096765399,-2.05));
#11887=CARTESIAN_POINT('Ctrl Pts',(1.38691070613914,13.1987801383038,-2.05));
#11888=CARTESIAN_POINT('Ctrl Pts',(1.38514812220914,13.203069853067,-2.05));
#11889=CARTESIAN_POINT('Ctrl Pts',(1.38339639565902,13.2073639969234,-2.05));
#11890=CARTESIAN_POINT('',(1.65730574629956,12.1281346944428,-2.05));
#11891=CARTESIAN_POINT('Origin',(-1.89893456049148,11.7991028558606,-2.05));
#11892=CARTESIAN_POINT('',(0.599092760957109,11.8844215119714,-2.05));
#11893=CARTESIAN_POINT('Origin',(0.335975936212674,15.4461453819443,-2.05));
#11894=CARTESIAN_POINT('',(0.571353145857143,11.8822299552429,-2.05));
#11895=CARTESIAN_POINT('Ctrl Pts',(0.571353145857143,11.8822299552429,-2.05));
#11896=CARTESIAN_POINT('Ctrl Pts',(0.580595882571431,11.8830070958976,-2.05));
#11897=CARTESIAN_POINT('Ctrl Pts',(0.589842616790477,11.8837381654238,-2.05));
#11898=CARTESIAN_POINT('Ctrl Pts',(0.599092760957144,11.8844215119714,-2.05));
#11899=CARTESIAN_POINT('',(0.411965939511393,11.4974350883882,-2.05));
#11900=CARTESIAN_POINT('Origin',(6.29651183798971,9.28538392869459,-2.05));
#11901=CARTESIAN_POINT('',(0.430031073686034,11.4762704937376,-2.05));
#11902=CARTESIAN_POINT('Ctrl Pts',(0.430030845622987,11.4762702970522,-2.05));
#11903=CARTESIAN_POINT('Ctrl Pts',(0.427002215957516,11.479782507141,-2.05));
#11904=CARTESIAN_POINT('Ctrl Pts',(0.423982466618734,11.4833023748639,-2.05));
#11905=CARTESIAN_POINT('Ctrl Pts',(0.417960805585381,11.4903573353757,-2.05));
#11906=CARTESIAN_POINT('Ctrl Pts',(0.414958893889805,11.4938924281658,-2.05));
#11907=CARTESIAN_POINT('Ctrl Pts',(0.411965939511393,11.4974350883882,-2.05));
#11908=CARTESIAN_POINT('',(1.00596940772781,10.5556696720497,-2.05));
#11909=CARTESIAN_POINT('Origin',(-2.27453967986227,9.14380310693333,-2.05));
#11910=CARTESIAN_POINT('',(0.0748605316630591,9.99687895298905,-2.05));
#11911=CARTESIAN_POINT('Origin',(-1.27601160837077,13.302971990888,-2.05));
#11912=CARTESIAN_POINT('',(0.0491559701940647,9.9862222823853,-2.05));
#11913=CARTESIAN_POINT('Ctrl Pts',(0.0491559701940647,9.9862222823853,-2.05));
#11914=CARTESIAN_POINT('Ctrl Pts',(0.053430992641023,9.98802016985912,-2.05));
#11915=CARTESIAN_POINT('Ctrl Pts',(0.0577105876006207,9.98980718479728,
-2.05));
#11916=CARTESIAN_POINT('Ctrl Pts',(0.0662788117035162,9.99335942364928,
-2.05));
#11917=CARTESIAN_POINT('Ctrl Pts',(0.0705674408469651,9.99512464756317,
-2.05));
#11918=CARTESIAN_POINT('Ctrl Pts',(0.0748605316630591,9.99687895298905,
-2.05));
#11919=CARTESIAN_POINT('',(0.0164777168999997,9.57100745858429,-2.05));
#11920=CARTESIAN_POINT('Origin',(6.29657488892862,9.28564655479774,-2.05));
#11921=CARTESIAN_POINT('',(0.0401989489999999,9.55646124551571,-2.05));
#11922=CARTESIAN_POINT('Ctrl Pts',(0.0401989489999999,9.55646124551571,
-2.05));
#11923=CARTESIAN_POINT('Ctrl Pts',(0.0322672430357148,9.56126958932167,
-2.05));
#11924=CARTESIAN_POINT('Ctrl Pts',(0.024360241138095,9.56611890652119,-2.05));
#11925=CARTESIAN_POINT('Ctrl Pts',(0.0164777168999997,9.57100745858429,
-2.05));
#11926=CARTESIAN_POINT('',(0.872430153413031,8.85889256795246,-2.05));
#11927=CARTESIAN_POINT('Origin',(-1.81122862859891,6.50239461294042,-2.05));
#11928=CARTESIAN_POINT('',(0.159568879042831,8.03972247501426,-2.05));
#11929=CARTESIAN_POINT('Origin',(-2.1468258674457,10.7665614261302,-2.05));
#11930=CARTESIAN_POINT('',(0.138415419656227,8.0216443048142,-2.05));
#11931=CARTESIAN_POINT('Ctrl Pts',(0.138415419656227,8.0216443048142,-2.05));
#11932=CARTESIAN_POINT('Ctrl Pts',(0.141925629827189,8.02467525199915,-2.05));
#11933=CARTESIAN_POINT('Ctrl Pts',(0.145443548514354,8.0276972717721,-2.05));
#11934=CARTESIAN_POINT('Ctrl Pts',(0.152494711706206,8.03372337853938,-2.05));
#11935=CARTESIAN_POINT('Ctrl Pts',(0.156027956210803,8.03672746553364,-2.05));
#11936=CARTESIAN_POINT('Ctrl Pts',(0.159568818016542,8.03972254716115,-2.05));
#11937=CARTESIAN_POINT('',(0.191601035360225,7.78571428556425,-2.05));
#11938=CARTESIAN_POINT('Origin',(6.29595567572695,9.28578036815274,-2.05));
#11939=CARTESIAN_POINT('',(0.191601035360225,7.78571428556425,-2.05));
#11940=CARTESIAN_POINT('',(7.19616534045032,9.28497823137281,-2.05));
#11941=CARTESIAN_POINT('Origin',(6.29616534045032,9.28497823137281,-2.05));
#11942=CARTESIAN_POINT('Origin',(0.191601035360225,7.78571428556425,0.));
#11943=CARTESIAN_POINT('',(0.191601035360225,7.78571428556425,2.05));
#11944=CARTESIAN_POINT('',(0.191601177160105,7.78571432040975,0.));
#11945=CARTESIAN_POINT('',(0.191601035360225,7.78571428556425,2.05));
#11946=CARTESIAN_POINT('Origin',(15.8280695609846,6.33793347480606,-0.0500000000000003));
#11947=CARTESIAN_POINT('',(15.8280695609846,6.33793347480606,2.05));
#11948=CARTESIAN_POINT('',(20.2657671373693,7.78571428572058,2.05));
#11949=CARTESIAN_POINT('',(16.7592230503411,6.64171851889749,2.05));
#11950=CARTESIAN_POINT('',(20.2657671373693,7.78571428572058,0.));
#11951=CARTESIAN_POINT('',(15.8280695609846,6.33793347480606,-0.0500000000000003));
#11952=CARTESIAN_POINT('',(15.8280695609846,6.33793347480606,-0.0500000000000003));
#11953=CARTESIAN_POINT('',(15.8280695609846,6.33793347480606,2.05));
#11954=CARTESIAN_POINT('Origin',(16.2070153215368,14.6064414697452,-0.0500000000000003));
#11955=CARTESIAN_POINT('',(16.2070153215368,14.6064414697452,2.05));
#11956=CARTESIAN_POINT('',(12.8138533379489,11.608052509003,2.05));
#11957=CARTESIAN_POINT('',(15.2747449024477,13.7826348414311,2.05));
#11958=CARTESIAN_POINT('',(12.8138533379489,11.608052509003,-0.0500000000000003));
#11959=CARTESIAN_POINT('',(12.8138533379489,11.608052509003,2.05));
#11960=CARTESIAN_POINT('',(12.8138533379489,11.608052509003,-0.0500000000000003));
#11961=CARTESIAN_POINT('',(16.2070153215368,14.6064414697453,0.));
#11962=CARTESIAN_POINT('Origin',(14.8665822042173,9.28505784659234,2.05));
#11963=CARTESIAN_POINT('Origin',(14.8665822042173,9.28505784659234,-0.0500000000000003));
#11964=CARTESIAN_POINT('Origin',(14.8665822042173,9.28505784659234,2.05));
#11965=CARTESIAN_POINT('Origin',(6.86142497694386,1.3,4.16666666666667));
#11966=CARTESIAN_POINT('',(6.63219990202286,0.,-4.16666666666667));
#11967=CARTESIAN_POINT('',(6.86142497694386,1.3,-4.16666666666667));
#11968=CARTESIAN_POINT('',(7.4827743612604,4.82384746690499,-4.16666666666667));
#11969=CARTESIAN_POINT('',(6.63219990202286,0.,4.16666666666667));
#11970=CARTESIAN_POINT('',(6.63219990202286,1.73472347597681E-17,2.08333333333333));
#11971=CARTESIAN_POINT('',(6.86142497694386,1.3,4.16666666666667));
#11972=CARTESIAN_POINT('',(7.4827743612604,4.82384746690499,4.16666666666667));
#11973=CARTESIAN_POINT('',(6.86142497694386,1.3,4.16666666666667));
#11974=CARTESIAN_POINT('Origin',(4.74224961768444,1.3,4.16666666666667));
#11975=CARTESIAN_POINT('',(4.74224961768444,1.3,-4.16666666666667));
#11976=CARTESIAN_POINT('',(8.02594623741365,1.3,-4.16666666666667));
#11977=CARTESIAN_POINT('',(4.74224961768444,1.3,4.16666666666667));
#11978=CARTESIAN_POINT('',(8.02594623741365,1.3,4.16666666666667));
#11979=CARTESIAN_POINT('',(4.74224961768444,1.3,4.16666666666667));
#11980=CARTESIAN_POINT('Origin',(4.97147469260545,5.85469173142172E-17,
4.16666666666667));
#11981=CARTESIAN_POINT('',(4.97147469260545,5.85469173142172E-17,-4.16666666666667));
#11982=CARTESIAN_POINT('',(4.40159343009545,3.23195724341373,-4.16666666666667));
#11983=CARTESIAN_POINT('',(4.97147469260545,5.85469173142172E-17,4.16666666666667));
#11984=CARTESIAN_POINT('',(4.40159343009545,3.23195724341373,4.16666666666667));
#11985=CARTESIAN_POINT('',(4.97147469260545,0.,2.08333333333333));
#11986=CARTESIAN_POINT('Origin',(16.4206075251727,1.3,4.16666666666667));
#11987=CARTESIAN_POINT('',(16.1913824502517,0.,-4.16666666666667));
#11988=CARTESIAN_POINT('',(16.4206075251727,1.3,-4.16666666666667));
#11989=CARTESIAN_POINT('',(16.897834597761,4.00648922059963,-4.16666666666667));
#11990=CARTESIAN_POINT('',(16.1913824502517,0.,4.16666666666667));
#11991=CARTESIAN_POINT('',(16.1913824502517,0.,2.08333333333333));
#11992=CARTESIAN_POINT('',(16.4206075251727,1.3,4.16666666666667));
#11993=CARTESIAN_POINT('',(16.897834597761,4.00648922059963,4.16666666666667));
#11994=CARTESIAN_POINT('',(16.4206075251727,1.3,4.16666666666667));
#11995=CARTESIAN_POINT('Origin',(14.3014321659133,1.3,4.16666666666667));
#11996=CARTESIAN_POINT('',(14.3014321659133,1.3,-4.16666666666667));
#11997=CARTESIAN_POINT('',(12.8055375115281,1.3,-4.16666666666667));
#11998=CARTESIAN_POINT('',(14.3014321659133,1.3,4.16666666666667));
#11999=CARTESIAN_POINT('',(12.8055375115281,1.3,4.16666666666667));
#12000=CARTESIAN_POINT('',(14.3014321659133,1.3,4.16666666666667));
#12001=CARTESIAN_POINT('Origin',(14.5306572408343,1.20346441145891E-16,
4.16666666666667));
#12002=CARTESIAN_POINT('',(14.5306572408343,0.,-4.16666666666667));
#12003=CARTESIAN_POINT('',(13.8166536665961,4.04931548971909,-4.16666666666667));
#12004=CARTESIAN_POINT('',(14.5306572408343,6.07153216591882E-17,4.16666666666667));
#12005=CARTESIAN_POINT('',(13.8166536665961,4.04931548971909,4.16666666666667));
#12006=CARTESIAN_POINT('',(14.5306572408343,0.,2.08333333333333));
#12007=CARTESIAN_POINT('Origin',(0.,0.,0.));
#12008=CARTESIAN_POINT('',(0.,0.,-4.16666666666667));
#12009=CARTESIAN_POINT('',(0.,0.,4.16666666666667));
#12010=CARTESIAN_POINT('Origin',(0.,0.,0.));
#12011=CARTESIAN_POINT('',(19.8671428571429,0.,-4.16666666666667));
#12012=CARTESIAN_POINT('',(0.,0.,-4.16666666666667));
#12013=CARTESIAN_POINT('',(19.8671428571429,0.,4.16666666666667));
#12014=CARTESIAN_POINT('',(19.8671428571429,0.,0.));
#12015=CARTESIAN_POINT('',(0.,0.,4.16666666666667));
#12016=CARTESIAN_POINT('Origin',(11.3096428571429,7.78247542726429,-4.16666666666667));
#12017=CARTESIAN_POINT('',(0.,0.,-4.16666666666667));
#12018=CARTESIAN_POINT('',(0.,0.,-4.16666666666667));
#12019=CARTESIAN_POINT('',(0.,0.178571428571428,-4.16666666666667));
#12020=CARTESIAN_POINT('',(2.77555756156289E-16,0.178571428571428,-4.16666666666667));
#12021=CARTESIAN_POINT('',(1.42857142857143,1.60714285714286,-4.16666666666667));
#12022=CARTESIAN_POINT('Origin',(1.42857142857143,0.178571428571428,-4.16666666666667));
#12023=CARTESIAN_POINT('',(1.97802197802033,3.20377409107002,-4.16666666666667));
#12024=CARTESIAN_POINT('Origin',(1.42857142857143,2.5,-4.16666666666667));
#12025=CARTESIAN_POINT('',(1.42857142857143,4.32981263677857,-4.16666666666667));
#12026=CARTESIAN_POINT('Origin',(2.85714285714286,4.32981263677857,-4.16666666666667));
#12027=CARTESIAN_POINT('',(1.42857142859118,5.83981761045909,-4.16666666666667));
#12028=CARTESIAN_POINT('',(1.42857142859118,5.83981761045909,-4.16666666666667));
#12029=CARTESIAN_POINT('',(1.07575499966429,5.82785351695714,-4.16666666666667));
#12030=CARTESIAN_POINT('Origin',(1.37305406190746,2.26881183695441,-4.16666666666667));
#12031=CARTESIAN_POINT('',(1.04801407025,5.82567866014286,-4.16666666666667));
#12032=CARTESIAN_POINT('Ctrl Pts',(1.07575499966429,5.82785351695714,-4.16666666666667));
#12033=CARTESIAN_POINT('Ctrl Pts',(1.07020910456429,5.82739025219286,-4.16666666666667));
#12034=CARTESIAN_POINT('Ctrl Pts',(1.06466201423571,5.82694129640714,-4.16666666666667));
#12035=CARTESIAN_POINT('Ctrl Pts',(1.05911367387857,5.82650646411428,-4.16666666666667));
#12036=CARTESIAN_POINT('Ctrl Pts',(1.05356437917857,5.82608564602143,-4.16666666666667));
#12037=CARTESIAN_POINT('Ctrl Pts',(1.04801407025,5.82567866014286,-4.16666666666667));
#12038=CARTESIAN_POINT('',(0.8303939261,6.18080245952143,-4.16666666666667));
#12039=CARTESIAN_POINT('Origin',(6.29645034005577,9.28616534045032,-4.16666666666667));
#12040=CARTESIAN_POINT('',(0.844925856121411,6.20453244428568,-4.16666666666667));
#12041=CARTESIAN_POINT('Ctrl Pts',(0.8303939261,6.18080245952143,-4.16666666666667));
#12042=CARTESIAN_POINT('Ctrl Pts',(0.833276340700001,6.18556305326428,-4.16666666666667));
#12043=CARTESIAN_POINT('Ctrl Pts',(0.836170619435714,6.19031646362143,-4.16666666666667));
#12044=CARTESIAN_POINT('Ctrl Pts',(0.839076951671429,6.19506266136429,-4.16666666666667));
#12045=CARTESIAN_POINT('Ctrl Pts',(0.841995300514287,6.19980133337143,-4.16666666666667));
#12046=CARTESIAN_POINT('Ctrl Pts',(0.844925856121429,6.20453244428571,-4.16666666666667));
#12047=CARTESIAN_POINT('',(1.26975973683459,7.20389574740671,-4.16666666666667));
#12048=CARTESIAN_POINT('Origin',(-2.19122547328973,8.08519522514314,-4.16666666666667));
#12049=CARTESIAN_POINT('',(0.262700250192859,7.61014939848572,-4.16666666666667));
#12050=CARTESIAN_POINT('Origin',(-0.554353520614139,4.13343684079855,-4.16666666666667));
#12051=CARTESIAN_POINT('',(0.235644990785715,7.61665340536429,-4.16666666666667));
#12052=CARTESIAN_POINT('Ctrl Pts',(0.262700250192857,7.61014939848571,-4.16666666666667));
#12053=CARTESIAN_POINT('Ctrl Pts',(0.257282633835715,7.61142258334286,-4.16666666666667));
#12054=CARTESIAN_POINT('Ctrl Pts',(0.251868302464286,7.6127097462,-4.16666666666667));
#12055=CARTESIAN_POINT('Ctrl Pts',(0.246457146642858,7.61401072757857,-4.16666666666667));
#12056=CARTESIAN_POINT('Ctrl Pts',(0.241049413814286,7.61532533215714,-4.16666666666667));
#12057=CARTESIAN_POINT('Ctrl Pts',(0.235644990785715,7.61665340536429,-4.16666666666667));
#12058=CARTESIAN_POINT('',(0.191601177160105,7.78571432040975,-4.16666666666667));
#12059=CARTESIAN_POINT('Origin',(6.29655369577123,9.28591581020076,-4.16666666666667));
#12060=CARTESIAN_POINT('',(0.138415419656227,8.0216443048142,-4.16666666666667));
#12061=CARTESIAN_POINT('Origin',(6.29595567572695,9.28578036815274,-4.16666666666667));
#12062=CARTESIAN_POINT('',(0.159568879042831,8.03972247501426,-4.16666666666667));
#12063=CARTESIAN_POINT('Ctrl Pts',(0.138415419656227,8.0216443048142,-4.16666666666667));
#12064=CARTESIAN_POINT('Ctrl Pts',(0.145435839998153,8.0277061991841,-4.16666666666667));
#12065=CARTESIAN_POINT('Ctrl Pts',(0.152487094405141,8.03373238390621,-4.16666666666667));
#12066=CARTESIAN_POINT('Ctrl Pts',(0.159568818016542,8.03972254716115,-4.16666666666667));
#12067=CARTESIAN_POINT('',(0.872430153413031,8.85889256795246,-4.16666666666667));
#12068=CARTESIAN_POINT('Origin',(-2.1468258674457,10.7665614261302,-4.16666666666667));
#12069=CARTESIAN_POINT('',(0.0401989489999999,9.55646124551571,-4.16666666666667));
#12070=CARTESIAN_POINT('Origin',(-1.81122862859891,6.50239461294042,-4.16666666666667));
#12071=CARTESIAN_POINT('',(0.0164777168999997,9.57100745858429,-4.16666666666667));
#12072=CARTESIAN_POINT('Ctrl Pts',(0.0401989489999999,9.55646124551571,
-4.16666666666667));
#12073=CARTESIAN_POINT('Ctrl Pts',(0.0354399254214288,9.55934625179929,
-4.16666666666667));
#12074=CARTESIAN_POINT('Ctrl Pts',(0.0306883454857154,9.562243536825,-4.16666666666667));
#12075=CARTESIAN_POINT('Ctrl Pts',(0.0259440558357138,9.56515298275071,
-4.16666666666667));
#12076=CARTESIAN_POINT('Ctrl Pts',(0.0212072314428569,9.56807432734643,
-4.16666666666667));
#12077=CARTESIAN_POINT('Ctrl Pts',(0.0164777168999997,9.57100745858429,
-4.16666666666667));
#12078=CARTESIAN_POINT('',(0.0491559701940647,9.9862222823853,-4.16666666666667));
#12079=CARTESIAN_POINT('Origin',(6.29657488892862,9.28564655479774,-4.16666666666667));
#12080=CARTESIAN_POINT('',(0.0748605316630591,9.99687895298905,-4.16666666666667));
#12081=CARTESIAN_POINT('Ctrl Pts',(0.0491559701940647,9.9862222823853,-4.16666666666667));
#12082=CARTESIAN_POINT('Ctrl Pts',(0.0577060150870309,9.98981805733255,
-4.16666666666667));
#12083=CARTESIAN_POINT('Ctrl Pts',(0.0662743500302167,9.99337034213703,
-4.16666666666667));
#12084=CARTESIAN_POINT('Ctrl Pts',(0.0748605316630591,9.99687895298905,
-4.16666666666667));
#12085=CARTESIAN_POINT('',(1.00596940772781,10.5556696720497,-4.16666666666667));
#12086=CARTESIAN_POINT('Origin',(-1.27601160837077,13.302971990888,-4.16666666666667));
#12087=CARTESIAN_POINT('',(0.430031073686034,11.4762704937376,-4.16666666666667));
#12088=CARTESIAN_POINT('Origin',(-2.27453967986227,9.14380310693333,-4.16666666666667));
#12089=CARTESIAN_POINT('',(0.411965939511393,11.4974350883882,-4.16666666666667));
#12090=CARTESIAN_POINT('Ctrl Pts',(0.430030845622987,11.4762702970522,-4.16666666666667));
#12091=CARTESIAN_POINT('Ctrl Pts',(0.423973586291813,11.4832947172301,-4.16666666666667));
#12092=CARTESIAN_POINT('Ctrl Pts',(0.417951848267862,11.4903497679438,-4.16666666666667));
#12093=CARTESIAN_POINT('Ctrl Pts',(0.411965939511393,11.4974350883882,-4.16666666666667));
#12094=CARTESIAN_POINT('',(0.571353145857143,11.8822299552429,-4.16666666666667));
#12095=CARTESIAN_POINT('Origin',(6.29651183798971,9.28538392869459,-4.16666666666667));
#12096=CARTESIAN_POINT('',(0.599092760957109,11.8844215119714,-4.16666666666667));
#12097=CARTESIAN_POINT('Ctrl Pts',(0.571353145857143,11.8822299552429,-4.16666666666667));
#12098=CARTESIAN_POINT('Ctrl Pts',(0.576898787885716,11.8826962396357,-4.16666666666667));
#12099=CARTESIAN_POINT('Ctrl Pts',(0.582445592007144,11.8831487034643,-4.16666666666667));
#12100=CARTESIAN_POINT('Ctrl Pts',(0.587993645864286,11.8835871763286,-4.16666666666667));
#12101=CARTESIAN_POINT('Ctrl Pts',(0.593542674457144,11.8840115040429,-4.16666666666667));
#12102=CARTESIAN_POINT('Ctrl Pts',(0.599092760957144,11.8844215119714,-4.16666666666667));
#12103=CARTESIAN_POINT('',(1.65730574629956,12.1281346944428,-4.16666666666667));
#12104=CARTESIAN_POINT('Origin',(0.335975936212674,15.4461453819443,-4.16666666666667));
#12105=CARTESIAN_POINT('',(1.39403713981429,13.1816528377786,-4.16666666666667));
#12106=CARTESIAN_POINT('Origin',(-1.89893456049148,11.7991028558606,-4.16666666666667));
#12107=CARTESIAN_POINT('',(1.38339639565902,13.2073639969234,-4.16666666666667));
#12108=CARTESIAN_POINT('Ctrl Pts',(1.39403686212743,13.1816527212113,-4.16666666666667));
#12109=CARTESIAN_POINT('Ctrl Pts',(1.39044673137978,13.190205137869,-4.16666666666667));
#12110=CARTESIAN_POINT('Ctrl Pts',(1.38689984875943,13.1987757092101,-4.16666666666667));
#12111=CARTESIAN_POINT('Ctrl Pts',(1.38339639565902,13.2073639969234,-4.16666666666667));
#12112=CARTESIAN_POINT('',(1.65389079007143,13.5240723070357,-4.16666666666667));
#12113=CARTESIAN_POINT('Origin',(6.29637071400858,9.28515364295702,-4.16666666666667));
#12114=CARTESIAN_POINT('',(1.68094996004194,13.5175845888574,-4.16666666666667));
#12115=CARTESIAN_POINT('Ctrl Pts',(1.65389079007143,13.5240723070357,-4.16666666666667));
#12116=CARTESIAN_POINT('Ctrl Pts',(1.65930909886429,13.5228020722214,-4.16666666666667));
#12117=CARTESIAN_POINT('Ctrl Pts',(1.66472424207857,13.52151833415,-4.16666666666667));
#12118=CARTESIAN_POINT('Ctrl Pts',(1.67013625041429,13.5202209037,-4.16666666666667));
#12119=CARTESIAN_POINT('Ctrl Pts',(1.67554481469286,13.5189097192,-4.16666666666667));
#12120=CARTESIAN_POINT('Ctrl Pts',(1.68094996004286,13.5175845888571,-4.16666666666667));
#12121=CARTESIAN_POINT('',(2.7626818305536,13.4223638024869,-4.16666666666667));
#12122=CARTESIAN_POINT('Origin',(2.53134419443704,16.9862928552332,-4.16666666666667));
#12123=CARTESIAN_POINT('',(2.83785351695714,14.5056735717643,-4.16666666666667));
#12124=CARTESIAN_POINT('Origin',(-0.72118011673917,14.2083746197505,-4.16666666666667));
#12125=CARTESIAN_POINT('',(2.83567866014286,14.5334145011786,-4.16666666666667));
#12126=CARTESIAN_POINT('Ctrl Pts',(2.83785351695714,14.5056735717643,-4.16666666666667));
#12127=CARTESIAN_POINT('Ctrl Pts',(2.83739025219286,14.5112194668643,-4.16666666666667));
#12128=CARTESIAN_POINT('Ctrl Pts',(2.83694129640714,14.5167665571929,-4.16666666666667));
#12129=CARTESIAN_POINT('Ctrl Pts',(2.83650646411429,14.52231489755,-4.16666666666667));
#12130=CARTESIAN_POINT('Ctrl Pts',(2.83608564602143,14.52786419225,-4.16666666666667));
#12131=CARTESIAN_POINT('Ctrl Pts',(2.83567866014286,14.5334145011786,-4.16666666666667));
#12132=CARTESIAN_POINT('',(3.19080245952143,14.7510346453286,-4.16666666666667));
#12133=CARTESIAN_POINT('Origin',(6.29616534045032,9.28497823137281,-4.16666666666667));
#12134=CARTESIAN_POINT('',(3.21453244428572,14.7365027153071,-4.16666666666667));
#12135=CARTESIAN_POINT('Ctrl Pts',(3.19080245952143,14.7510346453286,-4.16666666666667));
#12136=CARTESIAN_POINT('Ctrl Pts',(3.19556305326429,14.7481522307286,-4.16666666666667));
#12137=CARTESIAN_POINT('Ctrl Pts',(3.20031646362143,14.7452579519929,-4.16666666666667));
#12138=CARTESIAN_POINT('Ctrl Pts',(3.20506266136429,14.7423516197571,-4.16666666666667));
#12139=CARTESIAN_POINT('Ctrl Pts',(3.20980133337143,14.7394332709143,-4.16666666666667));
#12140=CARTESIAN_POINT('Ctrl Pts',(3.21453244428572,14.7365027153071,-4.16666666666667));
#12141=CARTESIAN_POINT('',(4.21389574740538,14.3116688345947,-4.16666666666667));
#12142=CARTESIAN_POINT('Origin',(5.09519522514314,17.7726540447183,-4.16666666666667));
#12143=CARTESIAN_POINT('',(4.62014939848571,15.3187283212357,-4.16666666666667));
#12144=CARTESIAN_POINT('Origin',(1.14343684090542,16.135782092005,-4.16666666666667));
#12145=CARTESIAN_POINT('',(4.62665340594041,15.3457835808015,-4.16666666666667));
#12146=CARTESIAN_POINT('Ctrl Pts',(4.62014939848572,15.3187283212357,-4.16666666666667));
#12147=CARTESIAN_POINT('Ctrl Pts',(4.62142258334286,15.3241459375929,-4.16666666666667));
#12148=CARTESIAN_POINT('Ctrl Pts',(4.6227097462,15.3295602689643,-4.16666666666667));
#12149=CARTESIAN_POINT('Ctrl Pts',(4.62401072757857,15.3349714247857,-4.16666666666667));
#12150=CARTESIAN_POINT('Ctrl Pts',(4.62532533215714,15.3403791576143,-4.16666666666667));
#12151=CARTESIAN_POINT('Ctrl Pts',(4.62665340536429,15.3457835806429,-4.16666666666667));
#12152=CARTESIAN_POINT('',(5.03164453171429,15.4430133476929,-4.16666666666667));
#12153=CARTESIAN_POINT('Origin',(6.29591581020076,9.28487487565734,-4.16666666666667));
#12154=CARTESIAN_POINT('',(5.04972247501426,15.4218596923857,-4.16666666666667));
#12155=CARTESIAN_POINT('Ctrl Pts',(5.03164453171429,15.4430133476929,-4.16666666666667));
#12156=CARTESIAN_POINT('Ctrl Pts',(5.03528141032143,15.4388009041357,-4.16666666666667));
#12157=CARTESIAN_POINT('Ctrl Pts',(5.0389077909,15.4345793969071,-4.16666666666667));
#12158=CARTESIAN_POINT('Ctrl Pts',(5.04252358713572,15.4303486549357,-4.16666666666667));
#12159=CARTESIAN_POINT('Ctrl Pts',(5.04612851264286,15.4261088100714,-4.16666666666667));
#12160=CARTESIAN_POINT('Ctrl Pts',(5.04972247501429,15.4218596923857,-4.16666666666667));
#12161=CARTESIAN_POINT('',(5.86889256808648,14.7089984179357,-4.16666666666667));
#12162=CARTESIAN_POINT('Origin',(7.77656142613016,17.7282544388743,-4.16666666666667));
#12163=CARTESIAN_POINT('',(6.56646124551572,15.5412296224286,-4.16666666666667));
#12164=CARTESIAN_POINT('Origin',(3.5123946129946,17.3926571999805,-4.16666666666667));
#12165=CARTESIAN_POINT('',(6.58100745900862,15.564950854527,-4.16666666666667));
#12166=CARTESIAN_POINT('Ctrl Pts',(6.56646124551572,15.5412296224286,-4.16666666666667));
#12167=CARTESIAN_POINT('Ctrl Pts',(6.56934625179929,15.5459886460071,-4.16666666666667));
#12168=CARTESIAN_POINT('Ctrl Pts',(6.572243536825,15.5507402259429,-4.16666666666667));
#12169=CARTESIAN_POINT('Ctrl Pts',(6.57515298275071,15.5554845155929,-4.16666666666667));
#12170=CARTESIAN_POINT('Ctrl Pts',(6.57807432734643,15.5602213399857,-4.16666666666667));
#12171=CARTESIAN_POINT('Ctrl Pts',(6.58100745858429,15.5649508545286,-4.16666666666667));
#12172=CARTESIAN_POINT('',(10.0351373952926,15.564950854522,-4.16666666666667));
#12173=CARTESIAN_POINT('',(6.58100745900862,15.564950854527,-4.16666666666667));
#12174=CARTESIAN_POINT('',(9.80591232037028,14.2649508545147,-4.16666666666667));
#12175=CARTESIAN_POINT('',(9.2742995386162,11.2500249502763,-4.16666666666667));
#12176=CARTESIAN_POINT('',(11.9250876796297,14.2649508545147,-4.16666666666667));
#12177=CARTESIAN_POINT('',(11.6173652683863,14.2649508545147,-4.16666666666667));
#12178=CARTESIAN_POINT('',(11.6958626047078,15.5649508545196,-4.16666666666667));
#12179=CARTESIAN_POINT('',(12.351072295261,11.8490720484478,-4.16666666666667));
#12180=CARTESIAN_POINT('',(15.1524360303053,15.5649508545147,-4.16666666666667));
#12181=CARTESIAN_POINT('',(6.58100745900862,15.564950854527,-4.16666666666667));
#12182=CARTESIAN_POINT('',(15.5676511301429,15.53227271745,-4.16666666666667));
#12183=CARTESIAN_POINT('Origin',(14.8670751263786,9.28485368450373,-4.16666666666667));
#12184=CARTESIAN_POINT('',(15.5783074369266,15.5065680040263,-4.16666666666667));
#12185=CARTESIAN_POINT('Ctrl Pts',(15.5676511301429,15.53227271745,-4.16666666666667));
#12186=CARTESIAN_POINT('Ctrl Pts',(15.5698082905714,15.5271425882643,-4.16666666666667));
#12187=CARTESIAN_POINT('Ctrl Pts',(15.571952666,15.5220070830571,-4.16666666666667));
#12188=CARTESIAN_POINT('Ctrl Pts',(15.5740841214286,15.5168660658714,-4.16666666666667));
#12189=CARTESIAN_POINT('Ctrl Pts',(15.5762024252143,15.5117197505357,-4.16666666666667));
#12190=CARTESIAN_POINT('Ctrl Pts',(15.5783074369286,15.5065680040214,-4.16666666666667));
#12191=CARTESIAN_POINT('',(16.1370982431462,14.5754591637708,-4.16666666666667));
#12192=CARTESIAN_POINT('Origin',(18.8844005256914,16.857440157009,-4.16666666666667));
#12193=CARTESIAN_POINT('',(17.0576990651429,15.1513974977286,-4.16666666666667));
#12194=CARTESIAN_POINT('Origin',(14.7252316546263,17.8559682904148,-4.16666666666667));
#12195=CARTESIAN_POINT('',(17.0788635997143,15.16946270305,-4.16666666666667));
#12196=CARTESIAN_POINT('Ctrl Pts',(17.0576990651429,15.1513974977286,-4.16666666666667));
#12197=CARTESIAN_POINT('Ctrl Pts',(17.0619134883571,15.1550320821429,-4.16666666666667));
#12198=CARTESIAN_POINT('Ctrl Pts',(17.0661372890714,15.1586557928857,-4.16666666666667));
#12199=CARTESIAN_POINT('Ctrl Pts',(17.0703704027143,15.1622688122571,-4.16666666666667));
#12200=CARTESIAN_POINT('Ctrl Pts',(17.0746125257857,15.1658710548214,-4.16666666666667));
#12201=CARTESIAN_POINT('Ctrl Pts',(17.0788635997143,15.16946270305,-4.16666666666667));
#12202=CARTESIAN_POINT('',(17.4636585266429,15.0100754255786,-4.16666666666667));
#12203=CARTESIAN_POINT('Origin',(14.8668125039617,9.28491674281551,-4.16666666666667));
#12204=CARTESIAN_POINT('',(17.4658500834286,14.9823358104714,-4.16666666666667));
#12205=CARTESIAN_POINT('Ctrl Pts',(17.4636585266429,15.0100754255786,-4.16666666666667));
#12206=CARTESIAN_POINT('Ctrl Pts',(17.4641248110714,15.0045297835429,-4.16666666666667));
#12207=CARTESIAN_POINT('Ctrl Pts',(17.4645772748571,14.9989829794143,-4.16666666666667));
#12208=CARTESIAN_POINT('Ctrl Pts',(17.4650157477857,14.9934349255714,-4.16666666666667));
#12209=CARTESIAN_POINT('Ctrl Pts',(17.4654400755,14.9878858969714,-4.16666666666667));
#12210=CARTESIAN_POINT('Ctrl Pts',(17.4658500834286,14.9823358104714,-4.16666666666667));
#12211=CARTESIAN_POINT('',(17.7095632659706,13.9241228252973,-4.16666666666667));
#12212=CARTESIAN_POINT('Origin',(21.0275708319424,15.2454516995128,-4.16666666666667));
#12213=CARTESIAN_POINT('',(18.7630813726372,14.1873915187484,-4.16666666666667));
#12214=CARTESIAN_POINT('Origin',(17.3805314169865,17.4803631758684,-4.16666666666667));
#12215=CARTESIAN_POINT('',(18.7887926464367,14.1980319844184,-4.16666666666667));
#12216=CARTESIAN_POINT('Ctrl Pts',(18.7630813726372,14.1873915187484,-4.16666666666667));
#12217=CARTESIAN_POINT('Ctrl Pts',(18.7716336824337,14.190981903469,-4.16666666666667));
#12218=CARTESIAN_POINT('Ctrl Pts',(18.7802042548589,14.1945287865357,-4.16666666666667));
#12219=CARTESIAN_POINT('Ctrl Pts',(18.7887926464367,14.1980319844184,-4.16666666666667));
#12220=CARTESIAN_POINT('',(19.1055008784286,13.9275377813571,-4.16666666666667));
#12221=CARTESIAN_POINT('Origin',(14.8665822042183,9.28505784659347,-4.16666666666667));
#12222=CARTESIAN_POINT('',(19.0990131602886,13.9004786113973,-4.16666666666667));
#12223=CARTESIAN_POINT('Ctrl Pts',(19.1055008784286,13.9275377813571,-4.16666666666667));
#12224=CARTESIAN_POINT('Ctrl Pts',(19.1042306436429,13.9221194725643,-4.16666666666667));
#12225=CARTESIAN_POINT('Ctrl Pts',(19.1029469055714,13.9167043293429,-4.16666666666667));
#12226=CARTESIAN_POINT('Ctrl Pts',(19.1016494751429,13.9112923210214,-4.16666666666667));
#12227=CARTESIAN_POINT('Ctrl Pts',(19.1003382906429,13.9058837567357,-4.16666666666667));
#12228=CARTESIAN_POINT('Ctrl Pts',(19.0990131602857,13.9004786113857,-4.16666666666667));
#12229=CARTESIAN_POINT('',(19.0037923742148,12.8187467410165,-4.16666666666667));
#12230=CARTESIAN_POINT('Origin',(22.5677213814574,13.0500843802662,-4.16666666666667));
#12231=CARTESIAN_POINT('',(20.0871021432173,12.7435750544645,-4.16666666666667));
#12232=CARTESIAN_POINT('Origin',(19.789803195033,16.3026087335962,-4.16666666666667));
#12233=CARTESIAN_POINT('',(20.1148431102961,12.7457497715009,-4.16666666666667));
#12234=CARTESIAN_POINT('Ctrl Pts',(20.0871021353508,12.7435751486372,-4.16666666666667));
#12235=CARTESIAN_POINT('Ctrl Pts',(20.096345355179,12.7443469983623,-4.16666666666667));
#12236=CARTESIAN_POINT('Ctrl Pts',(20.1055925010494,12.7450718320884,-4.16666666666667));
#12237=CARTESIAN_POINT('Ctrl Pts',(20.1148430944771,12.7457496123097,-4.16666666666667));
#12238=CARTESIAN_POINT('',(20.332463137106,12.3906261601481,-4.16666666666667));
#12239=CARTESIAN_POINT('Origin',(14.8664068114641,9.28526323531928,-4.16666666666667));
#12240=CARTESIAN_POINT('',(20.3179315427764,12.3668959685599,-4.16666666666667));
#12241=CARTESIAN_POINT('Ctrl Pts',(20.332463137106,12.3906261601481,-4.16666666666667));
#12242=CARTESIAN_POINT('Ctrl Pts',(20.327659313134,12.3826916693108,-4.16666666666667));
#12243=CARTESIAN_POINT('Ctrl Pts',(20.322815365782,12.3747814706018,-4.16666666666667));
#12244=CARTESIAN_POINT('Ctrl Pts',(20.3179315427764,12.3668959685599,-4.16666666666667));
#12245=CARTESIAN_POINT('',(19.8930974063591,11.3675328240675,-4.16666666666667));
#12246=CARTESIAN_POINT('Origin',(23.3540825753933,10.4862333628655,-4.16666666666667));
#12247=CARTESIAN_POINT('',(20.9001568926429,10.96127917295,-4.16666666666667));
#12248=CARTESIAN_POINT('Origin',(21.717210680981,14.4379917721969,-4.16666666666667));
#12249=CARTESIAN_POINT('',(20.9272121520714,10.9547751660714,-4.16666666666667));
#12250=CARTESIAN_POINT('Ctrl Pts',(20.9001568926429,10.96127917295,-4.16666666666667));
#12251=CARTESIAN_POINT('Ctrl Pts',(20.905574509,10.9600059880857,-4.16666666666667));
#12252=CARTESIAN_POINT('Ctrl Pts',(20.9109888403571,10.9587188252286,-4.16666666666667));
#12253=CARTESIAN_POINT('Ctrl Pts',(20.9163999962143,10.9574178438571,-4.16666666666667));
#12254=CARTESIAN_POINT('Ctrl Pts',(20.9218077290714,10.9561032392714,-4.16666666666667));
#12255=CARTESIAN_POINT('Ctrl Pts',(20.9272121520714,10.9547751660714,-4.16666666666667));
#12256=CARTESIAN_POINT('',(21.0244418582903,10.5497841101933,-4.16666666666667));
#12257=CARTESIAN_POINT('Origin',(14.866303466064,9.28551276548761,-4.16666666666667));
#12258=CARTESIAN_POINT('',(21.0032882637897,10.5317060964177,-4.16666666666667));
#12259=CARTESIAN_POINT('Ctrl Pts',(21.0244418582903,10.5497841101933,-4.16666666666667));
#12260=CARTESIAN_POINT('Ctrl Pts',(21.0174212576595,10.5437224242537,-4.16666666666667));
#12261=CARTESIAN_POINT('Ctrl Pts',(21.0103700041298,10.5376962402815,-4.16666666666667));
#12262=CARTESIAN_POINT('Ctrl Pts',(21.0032884583118,10.5317058664639,-4.16666666666667));
#12263=CARTESIAN_POINT('',(20.2904269892553,9.71253600355377,-4.16666666666667));
#12264=CARTESIAN_POINT('Origin',(23.3096829755937,7.80486717470685,-4.16666666666667));
#12265=CARTESIAN_POINT('',(21.1226581938571,9.01496732591285,-4.16666666666667));
#12266=CARTESIAN_POINT('Origin',(22.9740858004551,12.0690339919991,-4.16666666666667));
#12267=CARTESIAN_POINT('',(21.1463794259147,9.00042111253899,-4.16666666666667));
#12268=CARTESIAN_POINT('Ctrl Pts',(21.1226582428462,9.01496740671855,-4.16666666666667));
#12269=CARTESIAN_POINT('Ctrl Pts',(21.1305898466613,9.01015881795287,-4.16666666666667));
#12270=CARTESIAN_POINT('Ctrl Pts',(21.1384969914026,9.00530988477919,-4.16666666666667));
#12271=CARTESIAN_POINT('Ctrl Pts',(21.1463792679226,9.00042085810097,-4.16666666666667));
#12272=CARTESIAN_POINT('',(21.113701252763,8.58520609853765,-4.16666666666667));
#12273=CARTESIAN_POINT('Origin',(14.8662823116142,9.285782011981,-4.16666666666667));
#12274=CARTESIAN_POINT('',(21.0879966893549,8.57454942715431,-4.16666666666667));
#12275=CARTESIAN_POINT('Ctrl Pts',(21.113701252763,8.58520609853765,-4.16666666666667));
#12276=CARTESIAN_POINT('Ctrl Pts',(21.1051511008418,8.58161057749763,-4.16666666666667));
#12277=CARTESIAN_POINT('Ctrl Pts',(21.0965827669734,8.57805829314685,-4.16666666666667));
#12278=CARTESIAN_POINT('Ctrl Pts',(21.0879966893549,8.57454942715431,-4.16666666666667));
#12279=CARTESIAN_POINT('',(20.156887735199,8.01575889970769,-4.16666666666667));
#12280=CARTESIAN_POINT('Origin',(22.4388687277432,5.26845661842986,-4.16666666666667));
#12281=CARTESIAN_POINT('',(20.2657671373693,7.78571428572058,-4.16666666666667));
#12282=CARTESIAN_POINT('Origin',(23.4373914226782,9.42762266978389,-4.16666666666667));
#12283=CARTESIAN_POINT('',(20.6924121729285,7.14285714261954,-4.16666666666667));
#12284=CARTESIAN_POINT('Origin',(23.4373962907199,9.42762517026861,-4.16666666666667));
#12285=CARTESIAN_POINT('',(21.01,7.14285714285714,-4.16666666666667));
#12286=CARTESIAN_POINT('',(21.01,7.14285714285714,-4.16666666666667));
#12287=CARTESIAN_POINT('',(21.01,4.57536461020714,-4.16666666666667));
#12288=CARTESIAN_POINT('',(21.01,4.57536461020714,-4.16666666666667));
#12289=CARTESIAN_POINT('',(22.0828571428575,3.19178820340134,-4.16666666666667));
#12290=CARTESIAN_POINT('Origin',(22.4385714285714,4.57536461020714,-4.16666666666667));
#12291=CARTESIAN_POINT('',(21.905,1.78571428571429,-4.16666666666667));
#12292=CARTESIAN_POINT('Origin',(21.905,2.5,-4.16666666666667));
#12293=CARTESIAN_POINT('',(20.6448767574248,1.70948676054055,-4.16666666666667));
#12294=CARTESIAN_POINT('Ctrl Pts',(21.905,1.78571428571429,-4.16666666666667));
#12295=CARTESIAN_POINT('Ctrl Pts',(21.6482245941429,1.77823061164286,-4.16666666666667));
#12296=CARTESIAN_POINT('Ctrl Pts',(21.393824567,1.76686602207143,-4.16666666666667));
#12297=CARTESIAN_POINT('Ctrl Pts',(21.1417999185,1.751620517,-4.16666666666667));
#12298=CARTESIAN_POINT('Ctrl Pts',(20.8921506486429,1.7324940965,-4.16666666666667));
#12299=CARTESIAN_POINT('Ctrl Pts',(20.6448767574286,1.7094867605,-4.16666666666667));
#12300=CARTESIAN_POINT('',(19.8671428571429,0.856030203285714,-4.16666666666667));
#12301=CARTESIAN_POINT('Origin',(20.7242857142857,0.856030203285716,-4.16666666666667));
#12302=CARTESIAN_POINT('',(19.8671428571429,0.,-4.16666666666667));
#12303=CARTESIAN_POINT('',(9.04616534045032,9.28497823137281,-4.16666666666667));
#12304=CARTESIAN_POINT('Origin',(6.29616534045032,9.28497823137281,-4.16666666666667));
#12305=CARTESIAN_POINT('',(13.3314285714286,5.,-4.16666666666667));
#12306=CARTESIAN_POINT('Origin',(10.5814285714286,5.,-4.16666666666667));
#12307=CARTESIAN_POINT('',(17.6164068114646,9.28526323531962,-4.16666666666667));
#12308=CARTESIAN_POINT('Origin',(14.8664068114646,9.28526323531962,-4.16666666666667));
#12309=CARTESIAN_POINT('',(13.9671428571429,5.,-4.16666666666667));
#12310=CARTESIAN_POINT('Origin',(14.8671428571429,5.,-4.16666666666667));
#12311=CARTESIAN_POINT('',(9.68214285714286,9.285,-4.16666666666667));
#12312=CARTESIAN_POINT('Origin',(10.5821428571429,9.285,-4.16666666666667));
#12313=CARTESIAN_POINT('',(5.39571428571429,5.,-4.16666666666667));
#12314=CARTESIAN_POINT('Origin',(6.29571428571428,5.,-4.16666666666667));
#12315=CARTESIAN_POINT('Origin',(9.80591232037028,14.2649508545147,4.16666666666667));
#12316=CARTESIAN_POINT('',(10.0351373952926,15.564950854522,4.16666666666667));
#12317=CARTESIAN_POINT('',(10.0351373952926,15.564950854522,2.08333333333333));
#12318=CARTESIAN_POINT('',(9.80591232037028,14.2649508545147,4.16666666666667));
#12319=CARTESIAN_POINT('',(9.2742995386162,11.2500249502763,4.16666666666667));
#12320=CARTESIAN_POINT('',(9.80591232037028,14.2649508545147,4.16666666666667));
#12321=CARTESIAN_POINT('Origin',(11.9250876796297,14.2649508545147,4.16666666666667));
#12322=CARTESIAN_POINT('',(11.9250876796297,14.2649508545147,4.16666666666667));
#12323=CARTESIAN_POINT('',(11.6173652683863,14.2649508545147,4.16666666666667));
#12324=CARTESIAN_POINT('',(11.9250876796297,14.2649508545147,4.16666666666667));
#12325=CARTESIAN_POINT('Origin',(11.6870462556733,15.6149508545147,4.16666666666667));
#12326=CARTESIAN_POINT('',(11.6958626047078,15.5649508545196,4.16666666666667));
#12327=CARTESIAN_POINT('',(12.351072295261,11.8490720484478,4.16666666666667));
#12328=CARTESIAN_POINT('',(11.6958626047078,15.5649508545196,2.08333333333333));
#12329=CARTESIAN_POINT('Origin',(11.3096428571429,7.78247542726429,4.16666666666667));
#12330=CARTESIAN_POINT('',(19.8671428571429,0.856030203285714,4.16666666666667));
#12331=CARTESIAN_POINT('',(19.8671428571429,0.,4.16666666666667));
#12332=CARTESIAN_POINT('',(20.6448767574248,1.70948676054055,4.16666666666667));
#12333=CARTESIAN_POINT('Origin',(20.7242857142857,0.856030203285716,4.16666666666667));
#12334=CARTESIAN_POINT('',(21.905,1.78571428571429,4.16666666666667));
#12335=CARTESIAN_POINT('Ctrl Pts',(20.6448767574286,1.7094867605,4.16666666666667));
#12336=CARTESIAN_POINT('Ctrl Pts',(20.8921506486429,1.7324940965,4.16666666666667));
#12337=CARTESIAN_POINT('Ctrl Pts',(21.1417999185,1.751620517,4.16666666666667));
#12338=CARTESIAN_POINT('Ctrl Pts',(21.393824567,1.76686602207143,4.16666666666667));
#12339=CARTESIAN_POINT('Ctrl Pts',(21.6482245941429,1.77823061164286,4.16666666666667));
#12340=CARTESIAN_POINT('Ctrl Pts',(21.905,1.78571428571429,4.16666666666667));
#12341=CARTESIAN_POINT('',(22.0828571428575,3.19178820340134,4.16666666666667));
#12342=CARTESIAN_POINT('Origin',(21.905,2.5,4.16666666666667));
#12343=CARTESIAN_POINT('',(21.01,4.57536461020714,4.16666666666667));
#12344=CARTESIAN_POINT('Origin',(22.4385714285714,4.57536461020714,4.16666666666667));
#12345=CARTESIAN_POINT('',(21.01,7.14285714285714,4.16666666666667));
#12346=CARTESIAN_POINT('',(21.01,4.57536461020714,4.16666666666667));
#12347=CARTESIAN_POINT('',(20.6924121729285,7.14285714261954,4.16666666666667));
#12348=CARTESIAN_POINT('',(21.01,7.14285714285714,4.16666666666667));
#12349=CARTESIAN_POINT('',(20.2657671373693,7.78571428572058,4.16666666666667));
#12350=CARTESIAN_POINT('Origin',(23.4373962907199,9.42762517026861,4.16666666666667));
#12351=CARTESIAN_POINT('',(20.156887735199,8.01575889970769,4.16666666666667));
#12352=CARTESIAN_POINT('Origin',(23.4373914226782,9.42762266978389,4.16666666666667));
#12353=CARTESIAN_POINT('',(21.0879966893549,8.57454942715431,4.16666666666667));
#12354=CARTESIAN_POINT('Origin',(22.4388687277432,5.26845661842986,4.16666666666667));
#12355=CARTESIAN_POINT('',(21.113701252763,8.58520609853765,4.16666666666667));
#12356=CARTESIAN_POINT('Ctrl Pts',(21.0879966893549,8.57454942715431,4.16666666666667));
#12357=CARTESIAN_POINT('Ctrl Pts',(21.0965827669734,8.57805829314685,4.16666666666667));
#12358=CARTESIAN_POINT('Ctrl Pts',(21.1051511008418,8.58161057749763,4.16666666666667));
#12359=CARTESIAN_POINT('Ctrl Pts',(21.113701252763,8.58520609853765,4.16666666666667));
#12360=CARTESIAN_POINT('',(21.1463794259147,9.00042111253899,4.16666666666667));
#12361=CARTESIAN_POINT('Origin',(14.8662823116142,9.285782011981,4.16666666666667));
#12362=CARTESIAN_POINT('',(21.1226581938571,9.01496732591285,4.16666666666667));
#12363=CARTESIAN_POINT('Ctrl Pts',(21.1463792679226,9.00042085810097,4.16666666666667));
#12364=CARTESIAN_POINT('Ctrl Pts',(21.1384969914026,9.00530988477919,4.16666666666667));
#12365=CARTESIAN_POINT('Ctrl Pts',(21.1305898466613,9.01015881795287,4.16666666666667));
#12366=CARTESIAN_POINT('Ctrl Pts',(21.1226582428462,9.01496740671855,4.16666666666667));
#12367=CARTESIAN_POINT('',(20.2904269892553,9.71253600355377,4.16666666666667));
#12368=CARTESIAN_POINT('Origin',(22.9740858004551,12.0690339919991,4.16666666666667));
#12369=CARTESIAN_POINT('',(21.0032882637897,10.5317060964177,4.16666666666667));
#12370=CARTESIAN_POINT('Origin',(23.3096829755937,7.80486717470685,4.16666666666667));
#12371=CARTESIAN_POINT('',(21.0244418582903,10.5497841101933,4.16666666666667));
#12372=CARTESIAN_POINT('Ctrl Pts',(21.0032884583118,10.5317058664639,4.16666666666667));
#12373=CARTESIAN_POINT('Ctrl Pts',(21.0103700041298,10.5376962402815,4.16666666666667));
#12374=CARTESIAN_POINT('Ctrl Pts',(21.0174212576595,10.5437224242537,4.16666666666667));
#12375=CARTESIAN_POINT('Ctrl Pts',(21.0244418582903,10.5497841101933,4.16666666666667));
#12376=CARTESIAN_POINT('',(20.9272121520714,10.9547751660714,4.16666666666667));
#12377=CARTESIAN_POINT('Origin',(14.866303466064,9.28551276548761,4.16666666666667));
#12378=CARTESIAN_POINT('',(20.9001568926429,10.96127917295,4.16666666666667));
#12379=CARTESIAN_POINT('Ctrl Pts',(20.9272121520714,10.9547751660714,4.16666666666667));
#12380=CARTESIAN_POINT('Ctrl Pts',(20.9218077290714,10.9561032392714,4.16666666666667));
#12381=CARTESIAN_POINT('Ctrl Pts',(20.9163999962143,10.9574178438571,4.16666666666667));
#12382=CARTESIAN_POINT('Ctrl Pts',(20.9109888403571,10.9587188252286,4.16666666666667));
#12383=CARTESIAN_POINT('Ctrl Pts',(20.905574509,10.9600059880857,4.16666666666667));
#12384=CARTESIAN_POINT('Ctrl Pts',(20.9001568926429,10.96127917295,4.16666666666667));
#12385=CARTESIAN_POINT('',(19.8930974063591,11.3675328240675,4.16666666666667));
#12386=CARTESIAN_POINT('Origin',(21.717210680981,14.4379917721969,4.16666666666667));
#12387=CARTESIAN_POINT('',(20.3179315427764,12.3668959685599,4.16666666666667));
#12388=CARTESIAN_POINT('Origin',(23.3540825753933,10.4862333628655,4.16666666666667));
#12389=CARTESIAN_POINT('',(20.332463137106,12.3906261601481,4.16666666666667));
#12390=CARTESIAN_POINT('Ctrl Pts',(20.3179315427764,12.3668959685599,4.16666666666667));
#12391=CARTESIAN_POINT('Ctrl Pts',(20.322815365782,12.3747814706018,4.16666666666667));
#12392=CARTESIAN_POINT('Ctrl Pts',(20.327659313134,12.3826916693108,4.16666666666667));
#12393=CARTESIAN_POINT('Ctrl Pts',(20.332463137106,12.3906261601481,4.16666666666667));
#12394=CARTESIAN_POINT('',(20.1148431102961,12.7457497715009,4.16666666666667));
#12395=CARTESIAN_POINT('Origin',(14.8664068114641,9.28526323531928,4.16666666666667));
#12396=CARTESIAN_POINT('',(20.0871021432173,12.7435750544645,4.16666666666667));
#12397=CARTESIAN_POINT('Ctrl Pts',(20.1148430944771,12.7457496123097,4.16666666666667));
#12398=CARTESIAN_POINT('Ctrl Pts',(20.1055925010494,12.7450718320884,4.16666666666667));
#12399=CARTESIAN_POINT('Ctrl Pts',(20.096345355179,12.7443469983623,4.16666666666667));
#12400=CARTESIAN_POINT('Ctrl Pts',(20.0871021353508,12.7435751486372,4.16666666666667));
#12401=CARTESIAN_POINT('',(19.0037923742148,12.8187467410165,4.16666666666667));
#12402=CARTESIAN_POINT('Origin',(19.789803195033,16.3026087335962,4.16666666666667));
#12403=CARTESIAN_POINT('',(19.0990131602886,13.9004786113973,4.16666666666667));
#12404=CARTESIAN_POINT('Origin',(22.5677213814574,13.0500843802662,4.16666666666667));
#12405=CARTESIAN_POINT('',(19.1055008784286,13.9275377813571,4.16666666666667));
#12406=CARTESIAN_POINT('Ctrl Pts',(19.0990131602857,13.9004786113857,4.16666666666667));
#12407=CARTESIAN_POINT('Ctrl Pts',(19.1003382906429,13.9058837567357,4.16666666666667));
#12408=CARTESIAN_POINT('Ctrl Pts',(19.1016494751429,13.9112923210214,4.16666666666667));
#12409=CARTESIAN_POINT('Ctrl Pts',(19.1029469055714,13.9167043293429,4.16666666666667));
#12410=CARTESIAN_POINT('Ctrl Pts',(19.1042306436429,13.9221194725643,4.16666666666667));
#12411=CARTESIAN_POINT('Ctrl Pts',(19.1055008784286,13.9275377813571,4.16666666666667));
#12412=CARTESIAN_POINT('',(18.7887926464367,14.1980319844184,4.16666666666667));
#12413=CARTESIAN_POINT('Origin',(14.8665822042183,9.28505784659347,4.16666666666667));
#12414=CARTESIAN_POINT('',(18.7630813726372,14.1873915187484,4.16666666666667));
#12415=CARTESIAN_POINT('Ctrl Pts',(18.7887926464367,14.1980319844184,4.16666666666667));
#12416=CARTESIAN_POINT('Ctrl Pts',(18.7802042548589,14.1945287865357,4.16666666666667));
#12417=CARTESIAN_POINT('Ctrl Pts',(18.7716336824337,14.190981903469,4.16666666666667));
#12418=CARTESIAN_POINT('Ctrl Pts',(18.7630813726372,14.1873915187484,4.16666666666667));
#12419=CARTESIAN_POINT('',(17.7095632659706,13.9241228252973,4.16666666666667));
#12420=CARTESIAN_POINT('Origin',(17.3805314169865,17.4803631758684,4.16666666666667));
#12421=CARTESIAN_POINT('',(17.4658500834286,14.9823358104714,4.16666666666667));
#12422=CARTESIAN_POINT('Origin',(21.0275708319424,15.2454516995128,4.16666666666667));
#12423=CARTESIAN_POINT('',(17.4636585266429,15.0100754255786,4.16666666666667));
#12424=CARTESIAN_POINT('Ctrl Pts',(17.4658500834286,14.9823358104714,4.16666666666667));
#12425=CARTESIAN_POINT('Ctrl Pts',(17.4654400755,14.9878858969714,4.16666666666667));
#12426=CARTESIAN_POINT('Ctrl Pts',(17.4650157477857,14.9934349255714,4.16666666666667));
#12427=CARTESIAN_POINT('Ctrl Pts',(17.4645772748571,14.9989829794143,4.16666666666667));
#12428=CARTESIAN_POINT('Ctrl Pts',(17.4641248110714,15.0045297835429,4.16666666666667));
#12429=CARTESIAN_POINT('Ctrl Pts',(17.4636585266429,15.0100754255786,4.16666666666667));
#12430=CARTESIAN_POINT('',(17.0788635997143,15.16946270305,4.16666666666667));
#12431=CARTESIAN_POINT('Origin',(14.8668125039617,9.28491674281551,4.16666666666667));
#12432=CARTESIAN_POINT('',(17.0576990651429,15.1513974977286,4.16666666666667));
#12433=CARTESIAN_POINT('Ctrl Pts',(17.0788635997143,15.16946270305,4.16666666666667));
#12434=CARTESIAN_POINT('Ctrl Pts',(17.0746125257857,15.1658710548214,4.16666666666667));
#12435=CARTESIAN_POINT('Ctrl Pts',(17.0703704027143,15.1622688122571,4.16666666666667));
#12436=CARTESIAN_POINT('Ctrl Pts',(17.0661372890714,15.1586557928857,4.16666666666667));
#12437=CARTESIAN_POINT('Ctrl Pts',(17.0619134883571,15.1550320821429,4.16666666666667));
#12438=CARTESIAN_POINT('Ctrl Pts',(17.0576990651429,15.1513974977286,4.16666666666667));
#12439=CARTESIAN_POINT('',(16.1370982431462,14.5754591637708,4.16666666666667));
#12440=CARTESIAN_POINT('Origin',(14.7252316546263,17.8559682904148,4.16666666666667));
#12441=CARTESIAN_POINT('',(15.5783074369266,15.5065680040263,4.16666666666667));
#12442=CARTESIAN_POINT('Origin',(18.8844005256914,16.857440157009,4.16666666666667));
#12443=CARTESIAN_POINT('',(15.5676511301429,15.53227271745,4.16666666666667));
#12444=CARTESIAN_POINT('Ctrl Pts',(15.5783074369286,15.5065680040214,4.16666666666667));
#12445=CARTESIAN_POINT('Ctrl Pts',(15.5762024252143,15.5117197505357,4.16666666666667));
#12446=CARTESIAN_POINT('Ctrl Pts',(15.5740841214286,15.5168660658714,4.16666666666667));
#12447=CARTESIAN_POINT('Ctrl Pts',(15.571952666,15.5220070830571,4.16666666666667));
#12448=CARTESIAN_POINT('Ctrl Pts',(15.5698082905714,15.5271425882643,4.16666666666667));
#12449=CARTESIAN_POINT('Ctrl Pts',(15.5676511301429,15.53227271745,4.16666666666667));
#12450=CARTESIAN_POINT('',(15.1524360303053,15.5649508545147,4.16666666666667));
#12451=CARTESIAN_POINT('Origin',(14.8670751263786,9.28485368450373,4.16666666666667));
#12452=CARTESIAN_POINT('',(6.58100745900862,15.564950854527,4.16666666666667));
#12453=CARTESIAN_POINT('',(6.58100745900862,15.564950854527,4.16666666666667));
#12454=CARTESIAN_POINT('',(6.58100745900862,15.564950854527,4.16666666666667));
#12455=CARTESIAN_POINT('',(6.56646124551572,15.5412296224286,4.16666666666667));
#12456=CARTESIAN_POINT('Ctrl Pts',(6.58100745858429,15.5649508545286,4.16666666666667));
#12457=CARTESIAN_POINT('Ctrl Pts',(6.57807432734643,15.5602213399857,4.16666666666667));
#12458=CARTESIAN_POINT('Ctrl Pts',(6.57515298275071,15.5554845155929,4.16666666666667));
#12459=CARTESIAN_POINT('Ctrl Pts',(6.572243536825,15.5507402259429,4.16666666666667));
#12460=CARTESIAN_POINT('Ctrl Pts',(6.56934625179929,15.5459886460071,4.16666666666667));
#12461=CARTESIAN_POINT('Ctrl Pts',(6.56646124551572,15.5412296224286,4.16666666666667));
#12462=CARTESIAN_POINT('',(5.86889256808648,14.7089984179357,4.16666666666667));
#12463=CARTESIAN_POINT('Origin',(3.5123946129946,17.3926571999805,4.16666666666667));
#12464=CARTESIAN_POINT('',(5.04972247501426,15.4218596923857,4.16666666666667));
#12465=CARTESIAN_POINT('Origin',(7.77656142613016,17.7282544388743,4.16666666666667));
#12466=CARTESIAN_POINT('',(5.03164453171429,15.4430133476929,4.16666666666667));
#12467=CARTESIAN_POINT('Ctrl Pts',(5.04972247501429,15.4218596923857,4.16666666666667));
#12468=CARTESIAN_POINT('Ctrl Pts',(5.04612851264286,15.4261088100714,4.16666666666667));
#12469=CARTESIAN_POINT('Ctrl Pts',(5.04252358713572,15.4303486549357,4.16666666666667));
#12470=CARTESIAN_POINT('Ctrl Pts',(5.0389077909,15.4345793969071,4.16666666666667));
#12471=CARTESIAN_POINT('Ctrl Pts',(5.03528141032143,15.4388009041357,4.16666666666667));
#12472=CARTESIAN_POINT('Ctrl Pts',(5.03164453171429,15.4430133476929,4.16666666666667));
#12473=CARTESIAN_POINT('',(4.62665340594041,15.3457835808015,4.16666666666667));
#12474=CARTESIAN_POINT('Origin',(6.29591581020076,9.28487487565734,4.16666666666667));
#12475=CARTESIAN_POINT('',(4.62014939848571,15.3187283212357,4.16666666666667));
#12476=CARTESIAN_POINT('Ctrl Pts',(4.62665340536429,15.3457835806429,4.16666666666667));
#12477=CARTESIAN_POINT('Ctrl Pts',(4.62532533215714,15.3403791576143,4.16666666666667));
#12478=CARTESIAN_POINT('Ctrl Pts',(4.62401072757857,15.3349714247857,4.16666666666667));
#12479=CARTESIAN_POINT('Ctrl Pts',(4.6227097462,15.3295602689643,4.16666666666667));
#12480=CARTESIAN_POINT('Ctrl Pts',(4.62142258334286,15.3241459375929,4.16666666666667));
#12481=CARTESIAN_POINT('Ctrl Pts',(4.62014939848572,15.3187283212357,4.16666666666667));
#12482=CARTESIAN_POINT('',(4.21389574740538,14.3116688345947,4.16666666666667));
#12483=CARTESIAN_POINT('Origin',(1.14343684090542,16.135782092005,4.16666666666667));
#12484=CARTESIAN_POINT('',(3.21453244428572,14.7365027153071,4.16666666666667));
#12485=CARTESIAN_POINT('Origin',(5.09519522514314,17.7726540447183,4.16666666666667));
#12486=CARTESIAN_POINT('',(3.19080245952143,14.7510346453286,4.16666666666667));
#12487=CARTESIAN_POINT('Ctrl Pts',(3.21453244428572,14.7365027153071,4.16666666666667));
#12488=CARTESIAN_POINT('Ctrl Pts',(3.20980133337143,14.7394332709143,4.16666666666667));
#12489=CARTESIAN_POINT('Ctrl Pts',(3.20506266136429,14.7423516197571,4.16666666666667));
#12490=CARTESIAN_POINT('Ctrl Pts',(3.20031646362143,14.7452579519929,4.16666666666667));
#12491=CARTESIAN_POINT('Ctrl Pts',(3.19556305326429,14.7481522307286,4.16666666666667));
#12492=CARTESIAN_POINT('Ctrl Pts',(3.19080245952143,14.7510346453286,4.16666666666667));
#12493=CARTESIAN_POINT('',(2.83567866014286,14.5334145011786,4.16666666666667));
#12494=CARTESIAN_POINT('Origin',(6.29616534045032,9.28497823137281,4.16666666666667));
#12495=CARTESIAN_POINT('',(2.83785351695714,14.5056735717643,4.16666666666667));
#12496=CARTESIAN_POINT('Ctrl Pts',(2.83567866014286,14.5334145011786,4.16666666666667));
#12497=CARTESIAN_POINT('Ctrl Pts',(2.83608564602143,14.52786419225,4.16666666666667));
#12498=CARTESIAN_POINT('Ctrl Pts',(2.83650646411429,14.52231489755,4.16666666666667));
#12499=CARTESIAN_POINT('Ctrl Pts',(2.83694129640714,14.5167665571929,4.16666666666667));
#12500=CARTESIAN_POINT('Ctrl Pts',(2.83739025219286,14.5112194668643,4.16666666666667));
#12501=CARTESIAN_POINT('Ctrl Pts',(2.83785351695714,14.5056735717643,4.16666666666667));
#12502=CARTESIAN_POINT('',(2.7626818305536,13.4223638024869,4.16666666666667));
#12503=CARTESIAN_POINT('Origin',(-0.72118011673917,14.2083746197505,4.16666666666667));
#12504=CARTESIAN_POINT('',(1.68094996004194,13.5175845888574,4.16666666666667));
#12505=CARTESIAN_POINT('Origin',(2.53134419443704,16.9862928552332,4.16666666666667));
#12506=CARTESIAN_POINT('',(1.65389079007143,13.5240723070357,4.16666666666667));
#12507=CARTESIAN_POINT('Ctrl Pts',(1.68094996004286,13.5175845888571,4.16666666666667));
#12508=CARTESIAN_POINT('Ctrl Pts',(1.67554481469286,13.5189097192,4.16666666666667));
#12509=CARTESIAN_POINT('Ctrl Pts',(1.67013625041429,13.5202209037,4.16666666666667));
#12510=CARTESIAN_POINT('Ctrl Pts',(1.66472424207857,13.52151833415,4.16666666666667));
#12511=CARTESIAN_POINT('Ctrl Pts',(1.65930909886429,13.5228020722214,4.16666666666667));
#12512=CARTESIAN_POINT('Ctrl Pts',(1.65389079007143,13.5240723070357,4.16666666666667));
#12513=CARTESIAN_POINT('',(1.38339639565902,13.2073639969234,4.16666666666667));
#12514=CARTESIAN_POINT('Origin',(6.29637071400858,9.28515364295702,4.16666666666667));
#12515=CARTESIAN_POINT('',(1.39403713981429,13.1816528377786,4.16666666666667));
#12516=CARTESIAN_POINT('Ctrl Pts',(1.38339639565902,13.2073639969234,4.16666666666667));
#12517=CARTESIAN_POINT('Ctrl Pts',(1.38689984875943,13.1987757092101,4.16666666666667));
#12518=CARTESIAN_POINT('Ctrl Pts',(1.39044673137978,13.190205137869,4.16666666666667));
#12519=CARTESIAN_POINT('Ctrl Pts',(1.39403686212743,13.1816527212113,4.16666666666667));
#12520=CARTESIAN_POINT('',(1.65730574629956,12.1281346944428,4.16666666666667));
#12521=CARTESIAN_POINT('Origin',(-1.89893456049148,11.7991028558606,4.16666666666667));
#12522=CARTESIAN_POINT('',(0.599092760957109,11.8844215119714,4.16666666666667));
#12523=CARTESIAN_POINT('Origin',(0.335975936212674,15.4461453819443,4.16666666666667));
#12524=CARTESIAN_POINT('',(0.571353145857143,11.8822299552429,4.16666666666667));
#12525=CARTESIAN_POINT('Ctrl Pts',(0.599092760957144,11.8844215119714,4.16666666666667));
#12526=CARTESIAN_POINT('Ctrl Pts',(0.593542674457144,11.8840115040429,4.16666666666667));
#12527=CARTESIAN_POINT('Ctrl Pts',(0.587993645864286,11.8835871763286,4.16666666666667));
#12528=CARTESIAN_POINT('Ctrl Pts',(0.582445592007144,11.8831487034643,4.16666666666667));
#12529=CARTESIAN_POINT('Ctrl Pts',(0.576898787885716,11.8826962396357,4.16666666666667));
#12530=CARTESIAN_POINT('Ctrl Pts',(0.571353145857143,11.8822299552429,4.16666666666667));
#12531=CARTESIAN_POINT('',(0.411965939511393,11.4974350883882,4.16666666666667));
#12532=CARTESIAN_POINT('Origin',(6.29651183798971,9.28538392869459,4.16666666666667));
#12533=CARTESIAN_POINT('',(0.430031073686034,11.4762704937376,4.16666666666667));
#12534=CARTESIAN_POINT('Ctrl Pts',(0.411965939511393,11.4974350883882,4.16666666666667));
#12535=CARTESIAN_POINT('Ctrl Pts',(0.417951848267862,11.4903497679438,4.16666666666667));
#12536=CARTESIAN_POINT('Ctrl Pts',(0.423973586291813,11.4832947172301,4.16666666666667));
#12537=CARTESIAN_POINT('Ctrl Pts',(0.430030845622987,11.4762702970522,4.16666666666667));
#12538=CARTESIAN_POINT('',(1.00596940772781,10.5556696720497,4.16666666666667));
#12539=CARTESIAN_POINT('Origin',(-2.27453967986227,9.14380310693333,4.16666666666667));
#12540=CARTESIAN_POINT('',(0.0748605316630591,9.99687895298905,4.16666666666667));
#12541=CARTESIAN_POINT('Origin',(-1.27601160837077,13.302971990888,4.16666666666667));
#12542=CARTESIAN_POINT('',(0.0491559701940647,9.9862222823853,4.16666666666667));
#12543=CARTESIAN_POINT('Ctrl Pts',(0.0748605316630591,9.99687895298905,
4.16666666666667));
#12544=CARTESIAN_POINT('Ctrl Pts',(0.0662743500302167,9.99337034213703,
4.16666666666667));
#12545=CARTESIAN_POINT('Ctrl Pts',(0.0577060150870309,9.98981805733255,
4.16666666666667));
#12546=CARTESIAN_POINT('Ctrl Pts',(0.0491559701940647,9.9862222823853,4.16666666666667));
#12547=CARTESIAN_POINT('',(0.0164777168999997,9.57100745858429,4.16666666666667));
#12548=CARTESIAN_POINT('Origin',(6.29657488892862,9.28564655479774,4.16666666666667));
#12549=CARTESIAN_POINT('',(0.0401989489999999,9.55646124551571,4.16666666666667));
#12550=CARTESIAN_POINT('Ctrl Pts',(0.0164777168999997,9.57100745858429,
4.16666666666667));
#12551=CARTESIAN_POINT('Ctrl Pts',(0.0212072314428569,9.56807432734643,
4.16666666666667));
#12552=CARTESIAN_POINT('Ctrl Pts',(0.0259440558357138,9.56515298275071,
4.16666666666667));
#12553=CARTESIAN_POINT('Ctrl Pts',(0.0306883454857154,9.562243536825,4.16666666666667));
#12554=CARTESIAN_POINT('Ctrl Pts',(0.0354399254214288,9.55934625179929,
4.16666666666667));
#12555=CARTESIAN_POINT('Ctrl Pts',(0.0401989489999999,9.55646124551571,
4.16666666666667));
#12556=CARTESIAN_POINT('',(0.872430153413031,8.85889256795246,4.16666666666667));
#12557=CARTESIAN_POINT('Origin',(-1.81122862859891,6.50239461294042,4.16666666666667));
#12558=CARTESIAN_POINT('',(0.159568879042831,8.03972247501426,4.16666666666667));
#12559=CARTESIAN_POINT('Origin',(-2.1468258674457,10.7665614261302,4.16666666666667));
#12560=CARTESIAN_POINT('',(0.138415419656227,8.0216443048142,4.16666666666667));
#12561=CARTESIAN_POINT('Ctrl Pts',(0.159568818016542,8.03972254716115,4.16666666666667));
#12562=CARTESIAN_POINT('Ctrl Pts',(0.152487094405141,8.03373238390621,4.16666666666667));
#12563=CARTESIAN_POINT('Ctrl Pts',(0.145435839998153,8.0277061991841,4.16666666666667));
#12564=CARTESIAN_POINT('Ctrl Pts',(0.138415419656227,8.0216443048142,4.16666666666667));
#12565=CARTESIAN_POINT('',(0.191601177160105,7.78571432040975,4.16666666666667));
#12566=CARTESIAN_POINT('Origin',(6.29595567572695,9.28578036815274,4.16666666666667));
#12567=CARTESIAN_POINT('',(0.235644990785715,7.61665340536429,4.16666666666667));
#12568=CARTESIAN_POINT('Origin',(6.29655369577123,9.28591581020076,4.16666666666667));
#12569=CARTESIAN_POINT('',(0.262700250192859,7.61014939848572,4.16666666666667));
#12570=CARTESIAN_POINT('Ctrl Pts',(0.235644990785715,7.61665340536429,4.16666666666667));
#12571=CARTESIAN_POINT('Ctrl Pts',(0.241049413814286,7.61532533215714,4.16666666666667));
#12572=CARTESIAN_POINT('Ctrl Pts',(0.246457146642858,7.61401072757857,4.16666666666667));
#12573=CARTESIAN_POINT('Ctrl Pts',(0.251868302464286,7.6127097462,4.16666666666667));
#12574=CARTESIAN_POINT('Ctrl Pts',(0.257282633835715,7.61142258334286,4.16666666666667));
#12575=CARTESIAN_POINT('Ctrl Pts',(0.262700250192857,7.61014939848571,4.16666666666667));
#12576=CARTESIAN_POINT('',(1.26975973683459,7.20389574740671,4.16666666666667));
#12577=CARTESIAN_POINT('Origin',(-0.554353520614139,4.13343684079855,4.16666666666667));
#12578=CARTESIAN_POINT('',(0.844925856121411,6.20453244428568,4.16666666666667));
#12579=CARTESIAN_POINT('Origin',(-2.19122547328973,8.08519522514314,4.16666666666667));
#12580=CARTESIAN_POINT('',(0.8303939261,6.18080245952143,4.16666666666667));
#12581=CARTESIAN_POINT('Ctrl Pts',(0.844925856121429,6.20453244428571,4.16666666666667));
#12582=CARTESIAN_POINT('Ctrl Pts',(0.841995300514287,6.19980133337143,4.16666666666667));
#12583=CARTESIAN_POINT('Ctrl Pts',(0.839076951671429,6.19506266136429,4.16666666666667));
#12584=CARTESIAN_POINT('Ctrl Pts',(0.836170619435714,6.19031646362143,4.16666666666667));
#12585=CARTESIAN_POINT('Ctrl Pts',(0.833276340700001,6.18556305326428,4.16666666666667));
#12586=CARTESIAN_POINT('Ctrl Pts',(0.8303939261,6.18080245952143,4.16666666666667));
#12587=CARTESIAN_POINT('',(1.04801407025,5.82567866014286,4.16666666666667));
#12588=CARTESIAN_POINT('Origin',(6.29645034005577,9.28616534045032,4.16666666666667));
#12589=CARTESIAN_POINT('',(1.07575499966429,5.82785351695714,4.16666666666667));
#12590=CARTESIAN_POINT('Ctrl Pts',(1.04801407025,5.82567866014286,4.16666666666667));
#12591=CARTESIAN_POINT('Ctrl Pts',(1.05356437917857,5.82608564602143,4.16666666666667));
#12592=CARTESIAN_POINT('Ctrl Pts',(1.05911367387857,5.82650646411428,4.16666666666667));
#12593=CARTESIAN_POINT('Ctrl Pts',(1.06466201423571,5.82694129640714,4.16666666666667));
#12594=CARTESIAN_POINT('Ctrl Pts',(1.07020910456429,5.82739025219286,4.16666666666667));
#12595=CARTESIAN_POINT('Ctrl Pts',(1.07575499966429,5.82785351695714,4.16666666666667));
#12596=CARTESIAN_POINT('',(1.42857142859118,5.83981761045909,4.16666666666667));
#12597=CARTESIAN_POINT('Origin',(1.37305406190746,2.26881183695441,4.16666666666667));
#12598=CARTESIAN_POINT('',(1.42857142857143,4.32981263677857,4.16666666666667));
#12599=CARTESIAN_POINT('',(1.42857142859118,5.83981761045909,4.16666666666667));
#12600=CARTESIAN_POINT('',(1.97802197802033,3.20377409107002,4.16666666666667));
#12601=CARTESIAN_POINT('Origin',(2.85714285714286,4.32981263677857,4.16666666666667));
#12602=CARTESIAN_POINT('',(1.42857142857143,1.60714285714286,4.16666666666667));
#12603=CARTESIAN_POINT('Origin',(1.42857142857143,2.5,4.16666666666667));
#12604=CARTESIAN_POINT('',(0.,0.178571428571428,4.16666666666667));
#12605=CARTESIAN_POINT('Origin',(1.42857142857143,0.178571428571428,4.16666666666667));
#12606=CARTESIAN_POINT('',(0.,0.,4.16666666666667));
#12607=CARTESIAN_POINT('',(2.77555756156289E-16,0.178571428571428,4.16666666666667));
#12608=CARTESIAN_POINT('',(0.,0.,4.16666666666667));
#12609=CARTESIAN_POINT('',(11.4814285714286,5.,4.16666666666667));
#12610=CARTESIAN_POINT('Origin',(10.5814285714286,5.,4.16666666666667));
#12611=CARTESIAN_POINT('',(15.7662823116142,9.285782011981,4.16666666666667));
#12612=CARTESIAN_POINT('Origin',(14.8662823116142,9.285782011981,4.16666666666667));
#12613=CARTESIAN_POINT('',(7.19616534045032,9.28497823137281,4.16666666666667));
#12614=CARTESIAN_POINT('Origin',(6.29616534045032,9.28497823137281,4.16666666666667));
#12615=CARTESIAN_POINT('',(7.83214285714286,9.285,4.16666666666667));
#12616=CARTESIAN_POINT('Origin',(10.5821428571429,9.285,4.16666666666667));
#12617=CARTESIAN_POINT('',(3.54571428571428,5.,4.16666666666667));
#12618=CARTESIAN_POINT('Origin',(6.29571428571428,5.,4.16666666666667));
#12619=CARTESIAN_POINT('',(12.1171428571429,5.,4.16666666666667));
#12620=CARTESIAN_POINT('Origin',(14.8671428571429,5.,4.16666666666667));
#12621=CARTESIAN_POINT('Origin',(15.1524360303053,15.5649508545147,0.));
#12622=CARTESIAN_POINT('',(6.58100745900862,15.564950854527,0.));
#12623=CARTESIAN_POINT('Origin',(14.8665822042173,9.28505784659234,-0.0500000000000003));
#12624=CARTESIAN_POINT('Origin',(17.2567611415192,11.4775884943726,2.05));
#12625=CARTESIAN_POINT('',(17.0576990651429,15.1513974977286,2.05));
#12626=CARTESIAN_POINT('Origin',(14.7252316546263,17.8559682904148,2.05));
#12627=CARTESIAN_POINT('',(17.0788635997143,15.16946270305,2.05));
#12628=CARTESIAN_POINT('Ctrl Pts',(17.0788635997143,15.16946270305,2.05));
#12629=CARTESIAN_POINT('Ctrl Pts',(17.0717784765,15.163476622669,2.05));
#12630=CARTESIAN_POINT('Ctrl Pts',(17.0647231038333,15.157455138419,2.05));
#12631=CARTESIAN_POINT('Ctrl Pts',(17.0576990651429,15.1513974977286,2.05));
#12632=CARTESIAN_POINT('',(17.4636585266429,15.0100754255786,2.05));
#12633=CARTESIAN_POINT('Origin',(14.8668125039617,9.28491674281551,2.05));
#12634=CARTESIAN_POINT('',(17.4658500834286,14.9823358104714,2.05));
#12635=CARTESIAN_POINT('Ctrl Pts',(17.4658500834286,14.9823358104714,2.05));
#12636=CARTESIAN_POINT('Ctrl Pts',(17.465166736881,14.9915859546381,2.05));
#12637=CARTESIAN_POINT('Ctrl Pts',(17.4644356673571,15.0008326888524,2.05));
#12638=CARTESIAN_POINT('Ctrl Pts',(17.4636585266429,15.0100754255786,2.05));
#12639=CARTESIAN_POINT('',(17.7095632659706,13.9241228252973,2.05));
#12640=CARTESIAN_POINT('Origin',(21.0275708319424,15.2454516995128,2.05));
#12641=CARTESIAN_POINT('',(18.7630813726372,14.1873915187484,2.05));
#12642=CARTESIAN_POINT('Origin',(17.3805314169865,17.4803631758684,2.05));
#12643=CARTESIAN_POINT('',(18.7887926464367,14.1980319844184,2.05));
#12644=CARTESIAN_POINT('Ctrl Pts',(18.7887926464367,14.1980319844184,2.05));
#12645=CARTESIAN_POINT('Ctrl Pts',(18.7844984506477,14.196280385477,2.05));
#12646=CARTESIAN_POINT('Ctrl Pts',(18.7802087096467,14.1945178652396,2.05));
#12647=CARTESIAN_POINT('Ctrl Pts',(18.7716382480899,14.1909710280552,2.05));
#12648=CARTESIAN_POINT('Ctrl Pts',(18.7673575275351,14.1891867111086,2.05));
#12649=CARTESIAN_POINT('Ctrl Pts',(18.7630813726372,14.1873915187484,2.05));
#12650=CARTESIAN_POINT('',(19.1055008784286,13.9275377813571,2.05));
#12651=CARTESIAN_POINT('Origin',(14.8665822042183,9.28505784659347,2.05));
#12652=CARTESIAN_POINT('',(19.0990131602886,13.9004786113973,2.05));
#12653=CARTESIAN_POINT('Ctrl Pts',(19.0990131602857,13.9004786113857,2.05));
#12654=CARTESIAN_POINT('Ctrl Pts',(19.101221710881,13.909487186969,2.05));
#12655=CARTESIAN_POINT('Ctrl Pts',(19.1033838204524,13.9185072667024,2.05));
#12656=CARTESIAN_POINT('Ctrl Pts',(19.1055008784286,13.9275377813571,2.05));
#12657=CARTESIAN_POINT('',(19.0037923742148,12.8187467410165,2.05));
#12658=CARTESIAN_POINT('Origin',(22.5677213814574,13.0500843802662,2.05));
#12659=CARTESIAN_POINT('',(20.0871021432173,12.7435750544645,2.05));
#12660=CARTESIAN_POINT('Origin',(19.789803195033,16.3026087335962,2.05));
#12661=CARTESIAN_POINT('',(20.1148431102961,12.7457497715009,2.05));
#12662=CARTESIAN_POINT('Ctrl Pts',(20.1148430944771,12.7457496123097,2.05));
#12663=CARTESIAN_POINT('Ctrl Pts',(20.1102177977634,12.7454107221991,2.05));
#12664=CARTESIAN_POINT('Ctrl Pts',(20.1055933629389,12.7450600687123,2.05));
#12665=CARTESIAN_POINT('Ctrl Pts',(20.096346336692,12.7443352443628,2.05));
#12666=CARTESIAN_POINT('Ctrl Pts',(20.0917237452657,12.7439610734999,2.05));
#12667=CARTESIAN_POINT('Ctrl Pts',(20.0871021353508,12.7435751486372,2.05));
#12668=CARTESIAN_POINT('',(20.332463137106,12.3906261601481,2.05));
#12669=CARTESIAN_POINT('Origin',(14.8664068114641,9.28526323531928,2.05));
#12670=CARTESIAN_POINT('',(20.3179315427764,12.3668959685599,2.05));
#12671=CARTESIAN_POINT('Ctrl Pts',(20.3179315427764,12.3668959685599,2.05));
#12672=CARTESIAN_POINT('Ctrl Pts',(20.3203734542792,12.3708387195809,2.05));
#12673=CARTESIAN_POINT('Ctrl Pts',(20.3228053968686,12.3747876447687,2.05));
#12674=CARTESIAN_POINT('Ctrl Pts',(20.3276492822882,12.3826977423415,2.05));
#12675=CARTESIAN_POINT('Ctrl Pts',(20.3300612251197,12.3866589147289,2.05));
#12676=CARTESIAN_POINT('Ctrl Pts',(20.332463137106,12.3906261601481,2.05));
#12677=CARTESIAN_POINT('',(19.8930974063591,11.3675328240675,2.05));
#12678=CARTESIAN_POINT('Origin',(23.3540825753933,10.4862333628655,2.05));
#12679=CARTESIAN_POINT('',(20.9001568926429,10.96127917295,2.05));
#12680=CARTESIAN_POINT('Origin',(21.717210680981,14.4379917721969,2.05));
#12681=CARTESIAN_POINT('',(20.9272121520714,10.9547751660714,2.05));
#12682=CARTESIAN_POINT('Ctrl Pts',(20.9272121520714,10.9547751660714,2.05));
#12683=CARTESIAN_POINT('Ctrl Pts',(20.9182047804048,10.9569886214048,2.05));
#12684=CARTESIAN_POINT('Ctrl Pts',(20.9091862532381,10.9591571981762,2.05));
#12685=CARTESIAN_POINT('Ctrl Pts',(20.9001568926429,10.96127917295,2.05));
#12686=CARTESIAN_POINT('',(21.0244418582903,10.5497841101933,2.05));
#12687=CARTESIAN_POINT('Origin',(14.866303466064,9.28551276548761,2.05));
#12688=CARTESIAN_POINT('',(21.0032882637897,10.5317060964177,2.05));
#12689=CARTESIAN_POINT('Ctrl Pts',(21.0032884583118,10.5317058664639,2.05));
#12690=CARTESIAN_POINT('Ctrl Pts',(21.0068292312207,10.5347010533726,2.05));
#12691=CARTESIAN_POINT('Ctrl Pts',(21.0103624310575,10.5377051928199,2.05));
#12692=CARTESIAN_POINT('Ctrl Pts',(21.0174135944357,10.5437312997463,2.05));
#12693=CARTESIAN_POINT('Ctrl Pts',(21.0209315579753,10.5467532672238,2.05));
#12694=CARTESIAN_POINT('Ctrl Pts',(21.0244418582903,10.5497841101933,2.05));
#12695=CARTESIAN_POINT('',(20.2904269892553,9.71253600355377,2.05));
#12696=CARTESIAN_POINT('Origin',(23.3096829755937,7.80486717470685,2.05));
#12697=CARTESIAN_POINT('',(21.1226581938571,9.01496732591285,2.05));
#12698=CARTESIAN_POINT('Origin',(22.9740858004551,12.0690339919991,2.05));
#12699=CARTESIAN_POINT('',(21.1463794259147,9.00042111253899,2.05));
#12700=CARTESIAN_POINT('Ctrl Pts',(21.1463792679226,9.00042085810097,2.05));
#12701=CARTESIAN_POINT('Ctrl Pts',(21.1424381296627,9.00286537144005,2.05));
#12702=CARTESIAN_POINT('Ctrl Pts',(21.1384907743471,9.00529986140317,2.05));
#12703=CARTESIAN_POINT('Ctrl Pts',(21.1305837318927,9.01014873185098,2.05));
#12704=CARTESIAN_POINT('Ctrl Pts',(21.1266240447535,9.01256311233582,2.05));
#12705=CARTESIAN_POINT('Ctrl Pts',(21.1226582428462,9.01496740671855,2.05));
#12706=CARTESIAN_POINT('',(21.113701252763,8.58520609853765,2.05));
#12707=CARTESIAN_POINT('Origin',(14.8662823116142,9.285782011981,2.05));
#12708=CARTESIAN_POINT('',(21.0879966893549,8.57454942715431,2.05));
#12709=CARTESIAN_POINT('Ctrl Pts',(21.0879966893549,8.57454942715431,2.05));
#12710=CARTESIAN_POINT('Ctrl Pts',(21.0922897281642,8.57630386015061,2.05));
#12711=CARTESIAN_POINT('Ctrl Pts',(21.0965783310361,8.57806914773648,2.05));
#12712=CARTESIAN_POINT('Ctrl Pts',(21.1051465553545,8.58162138666972,2.05));
#12713=CARTESIAN_POINT('Ctrl Pts',(21.1094261768022,8.58340833801755,2.05));
#12714=CARTESIAN_POINT('Ctrl Pts',(21.113701252763,8.58520609853765,2.05));
#12715=CARTESIAN_POINT('',(20.156887735199,8.01575889970769,2.05));
#12716=CARTESIAN_POINT('Origin',(22.4388687277432,5.26845661842986,2.05));
#12717=CARTESIAN_POINT('Origin',(23.4373914226782,9.42762266978389,2.05));
#12718=CARTESIAN_POINT('',(15.7662823116142,9.285782011981,2.05));
#12719=CARTESIAN_POINT('Origin',(14.8662823116142,9.285782011981,2.05));
#12720=CARTESIAN_POINT('Origin',(6.29571428571428,5.,-0.641666666666666));
#12721=CARTESIAN_POINT('',(5.39571428571429,5.,3.66666666666667));
#12722=CARTESIAN_POINT('Origin',(6.29571428571428,5.,3.66666666666667));
#12723=CARTESIAN_POINT('',(5.39571428571429,5.,-0.641666666666666));
#12724=CARTESIAN_POINT('Origin',(10.5821428571429,9.285,-0.641666666666666));
#12725=CARTESIAN_POINT('',(9.68214285714286,9.285,3.66666666666667));
#12726=CARTESIAN_POINT('Origin',(10.5821428571429,9.285,3.66666666666667));
#12727=CARTESIAN_POINT('',(9.68214285714286,9.285,-0.641666666666666));
#12728=CARTESIAN_POINT('Origin',(14.8671428571429,5.,-0.641666666666666));
#12729=CARTESIAN_POINT('',(13.9671428571429,5.,3.66666666666667));
#12730=CARTESIAN_POINT('Origin',(14.8671428571429,5.,3.66666666666667));
#12731=CARTESIAN_POINT('',(13.9671428571429,5.,-0.641666666666666));
#12732=CARTESIAN_POINT('Origin',(10.5814285714286,5.,0.641666666666666));
#12733=CARTESIAN_POINT('',(11.4814285714286,5.,-3.66666666666667));
#12734=CARTESIAN_POINT('Origin',(10.5814285714286,5.,-3.66666666666667));
#12735=CARTESIAN_POINT('',(11.4814285714286,5.,0.641666666666666));
#12736=CARTESIAN_POINT('Origin',(14.8662823116142,9.285782011981,0.641666666666666));
#12737=CARTESIAN_POINT('',(15.7662823116142,9.285782011981,0.641666666666666));
#12738=CARTESIAN_POINT('Origin',(14.8662823116142,9.285782011981,0.641666666666666));
#12739=CARTESIAN_POINT('',(15.7662823116142,9.285782011981,-3.66666666666667));
#12740=CARTESIAN_POINT('Origin',(14.8662823116142,9.285782011981,-3.66666666666667));
#12741=CARTESIAN_POINT('',(15.7662823116142,9.285782011981,-2.05));
#12742=CARTESIAN_POINT('',(15.7662823116142,9.285782011981,0.641666666666666));
#12743=CARTESIAN_POINT('Origin',(14.8662823116142,9.285782011981,-2.05));
#12744=CARTESIAN_POINT('Origin',(6.29616534045032,9.28497823137281,0.641666666666666));
#12745=CARTESIAN_POINT('',(7.19616534045032,9.28497823137281,2.05));
#12746=CARTESIAN_POINT('Origin',(6.29616534045032,9.28497823137281,2.05));
#12747=CARTESIAN_POINT('',(7.19616534045032,9.28497823137281,0.641666666666666));
#12748=CARTESIAN_POINT('Origin',(6.29616534045032,9.28497823137281,0.641666666666666));
#12749=CARTESIAN_POINT('',(7.19616534045032,9.28497823137281,-3.66666666666667));
#12750=CARTESIAN_POINT('Origin',(6.29616534045032,9.28497823137281,-3.66666666666667));
#12751=CARTESIAN_POINT('',(7.19616534045032,9.28497823137281,0.641666666666666));
#12752=CARTESIAN_POINT('Origin',(6.29616534045032,9.28497823137281,-3.66666666666667));
#12753=CARTESIAN_POINT('',(7.54616534045032,9.2849782313728,-3.66666666666667));
#12754=CARTESIAN_POINT('Origin',(6.29616534045032,9.28497823137281,-3.66666666666667));
#12755=CARTESIAN_POINT('Origin',(6.29616534045032,9.2849782313728,-3.36666666666667));
#12756=CARTESIAN_POINT('',(8.29616534045032,9.2849782313728,-3.36666666666667));
#12757=CARTESIAN_POINT('',(8.29616534045032,9.2849782313728,-3.36666666666667));
#12758=CARTESIAN_POINT('Origin',(6.29616534045032,9.2849782313728,-3.36666666666667));
#12759=CARTESIAN_POINT('Origin',(10.5814285714286,5.,-3.66666666666667));
#12760=CARTESIAN_POINT('',(11.8314285714286,5.,-3.66666666666667));
#12761=CARTESIAN_POINT('Origin',(10.5814285714286,5.,-3.66666666666667));
#12762=CARTESIAN_POINT('Origin',(10.5814285714286,5.,-3.36666666666667));
#12763=CARTESIAN_POINT('',(12.5814285714286,5.,-3.36666666666667));
#12764=CARTESIAN_POINT('',(12.5814285714286,5.,-3.36666666666667));
#12765=CARTESIAN_POINT('Origin',(10.5814285714286,5.,-3.36666666666667));
#12766=CARTESIAN_POINT('Origin',(14.8662823116142,9.285782011981,-3.66666666666667));
#12767=CARTESIAN_POINT('',(15.157983997485,8.07029440346327,-3.66666666666667));
#12768=CARTESIAN_POINT('Origin',(14.8662823116142,9.285782011981,-3.66666666666667));
#12769=CARTESIAN_POINT('Origin',(14.8661206049464,9.28645582520226,-3.36666636582956));
#12770=CARTESIAN_POINT('',(15.3331295089203,7.34048306143099,-3.36666666666667));
#12771=CARTESIAN_POINT('',(15.3328432742558,7.3416757685858,-3.367156946891));
#12772=CARTESIAN_POINT('Origin',(14.866406811527,9.28526323505951,-3.36666666666667));
#12773=CARTESIAN_POINT('Origin',(10.5821428571429,9.285,3.66666666666667));
#12774=CARTESIAN_POINT('',(9.33214285714286,9.285,3.66666666666667));
#12775=CARTESIAN_POINT('Origin',(10.5821428571429,9.285,3.66666666666667));
#12776=CARTESIAN_POINT('Origin',(10.5821428571429,9.285,3.36666666666667));
#12777=CARTESIAN_POINT('',(8.58214285714286,9.285,3.36666666666667));
#12778=CARTESIAN_POINT('',(8.58214285714286,9.285,3.36666666666667));
#12779=CARTESIAN_POINT('Origin',(10.5821428571429,9.285,3.36666666666667));
#12780=CARTESIAN_POINT('Origin',(14.8671428571429,5.,3.66666666666667));
#12781=CARTESIAN_POINT('',(13.6171428571429,5.,3.66666666666667));
#12782=CARTESIAN_POINT('Origin',(14.8671428571429,5.,3.66666666666667));
#12783=CARTESIAN_POINT('Origin',(14.8671428571429,5.,3.36666666666667));
#12784=CARTESIAN_POINT('',(12.8671428571429,5.,3.36666666666667));
#12785=CARTESIAN_POINT('',(12.8671428571429,5.,3.36666666666667));
#12786=CARTESIAN_POINT('Origin',(14.8671428571429,5.,3.36666666666667));
#12787=CARTESIAN_POINT('Origin',(6.29571428571428,5.,3.66666666666667));
#12788=CARTESIAN_POINT('',(5.04571428571429,5.,3.66666666666667));
#12789=CARTESIAN_POINT('Origin',(6.29571428571428,5.,3.66666666666667));
#12790=CARTESIAN_POINT('Origin',(6.29571428571428,5.,3.36666666666667));
#12791=CARTESIAN_POINT('',(4.29571428571428,5.,3.36666666666667));
#12792=CARTESIAN_POINT('',(4.29571428571428,5.,3.36666666666667));
#12793=CARTESIAN_POINT('Origin',(6.29571428571428,5.,3.36666666666667));
#12794=CARTESIAN_POINT('Origin',(14.8664068114646,9.28526323531962,-4.16666666666667));
#12795=CARTESIAN_POINT('',(17.6164068114646,9.28526323531962,-3.36666666666667));
#12796=CARTESIAN_POINT('',(17.6164068114646,9.28526323531962,-4.16666666666667));
#12797=CARTESIAN_POINT('Origin',(14.8664068114646,9.28526323531962,-3.36666666666667));
#12798=CARTESIAN_POINT('Origin',(14.8664068114646,9.28526323531962,-3.36666666666667));
#12799=CARTESIAN_POINT('Origin',(10.5814285714286,5.,-4.16666666666667));
#12800=CARTESIAN_POINT('',(13.3314285714286,5.,-3.36666666666667));
#12801=CARTESIAN_POINT('',(13.3314285714286,5.,-4.16666666666667));
#12802=CARTESIAN_POINT('Origin',(10.5814285714286,5.,-3.36666666666667));
#12803=CARTESIAN_POINT('Origin',(10.5814285714286,5.,-3.36666666666667));
#12804=CARTESIAN_POINT('Origin',(6.29616534045032,9.28497823137281,-4.16666666666667));
#12805=CARTESIAN_POINT('',(9.04616534045032,9.28497823137281,-3.36666666666667));
#12806=CARTESIAN_POINT('',(9.04616534045032,9.28497823137281,-4.16666666666667));
#12807=CARTESIAN_POINT('Origin',(6.29616534045032,9.28497823137281,-3.36666666666667));
#12808=CARTESIAN_POINT('Origin',(6.29616534045032,9.28497823137281,-3.36666666666667));
#12809=CARTESIAN_POINT('Origin',(10.5821428571429,9.285,4.16666666666667));
#12810=CARTESIAN_POINT('',(7.83214285714286,9.285,3.36666666666667));
#12811=CARTESIAN_POINT('',(7.83214285714286,9.285,4.16666666666667));
#12812=CARTESIAN_POINT('Origin',(10.5821428571429,9.285,3.36666666666667));
#12813=CARTESIAN_POINT('Origin',(10.5821428571429,9.285,3.36666666666667));
#12814=CARTESIAN_POINT('Origin',(6.29571428571428,5.,4.16666666666667));
#12815=CARTESIAN_POINT('',(3.54571428571428,5.,3.36666666666667));
#12816=CARTESIAN_POINT('',(3.54571428571428,5.,4.16666666666667));
#12817=CARTESIAN_POINT('Origin',(6.29571428571428,5.,3.36666666666667));
#12818=CARTESIAN_POINT('Origin',(6.29571428571428,5.,3.36666666666667));
#12819=CARTESIAN_POINT('Origin',(14.8671428571429,5.,4.16666666666667));
#12820=CARTESIAN_POINT('',(12.1171428571429,5.,3.36666666666667));
#12821=CARTESIAN_POINT('',(12.1171428571429,5.,4.16666666666667));
#12822=CARTESIAN_POINT('Origin',(14.8671428571429,5.,3.36666666666667));
#12823=CARTESIAN_POINT('Origin',(14.8671428571429,5.,3.36666666666667));
#12824=CARTESIAN_POINT('Origin',(17.2567611415192,11.4775884943726,-2.05));
#12825=CARTESIAN_POINT('',(20.156887735199,8.01575889970769,-2.05));
#12826=CARTESIAN_POINT('Origin',(23.4373914226782,9.42762266978389,-2.05));
#12827=CARTESIAN_POINT('',(21.0879966893549,8.57454942715431,-2.05));
#12828=CARTESIAN_POINT('Origin',(22.4388687277432,5.26845661842986,-2.05));
#12829=CARTESIAN_POINT('',(21.113701252763,8.58520609853765,-2.05));
#12830=CARTESIAN_POINT('Ctrl Pts',(21.113701252763,8.58520609853765,-2.05));
#12831=CARTESIAN_POINT('Ctrl Pts',(21.1094261768023,8.58340833801758,-2.05));
#12832=CARTESIAN_POINT('Ctrl Pts',(21.1051465553549,8.58162138666988,-2.05));
#12833=CARTESIAN_POINT('Ctrl Pts',(21.0965783310348,8.57806914773596,-2.05));
#12834=CARTESIAN_POINT('Ctrl Pts',(21.0922897281638,8.57630386015042,-2.05));
#12835=CARTESIAN_POINT('Ctrl Pts',(21.0879966893549,8.57454942715432,-2.05));
#12836=CARTESIAN_POINT('',(21.1463794259147,9.00042111253899,-2.05));
#12837=CARTESIAN_POINT('Origin',(14.8662823116142,9.285782011981,-2.05));
#12838=CARTESIAN_POINT('',(21.1226581938571,9.01496732591285,-2.05));
#12839=CARTESIAN_POINT('Ctrl Pts',(21.1226582428462,9.01496740671855,-2.05));
#12840=CARTESIAN_POINT('Ctrl Pts',(21.1266240447535,9.01256311233582,-2.05));
#12841=CARTESIAN_POINT('Ctrl Pts',(21.1305837318927,9.01014873185098,-2.05));
#12842=CARTESIAN_POINT('Ctrl Pts',(21.1384907743464,9.00529986140362,-2.05));
#12843=CARTESIAN_POINT('Ctrl Pts',(21.1424381296623,9.00286537144026,-2.05));
#12844=CARTESIAN_POINT('Ctrl Pts',(21.1463792679226,9.00042085810097,-2.05));
#12845=CARTESIAN_POINT('',(20.2904269892553,9.71253600355377,-2.05));
#12846=CARTESIAN_POINT('Origin',(22.9740858004551,12.0690339919991,-2.05));
#12847=CARTESIAN_POINT('',(21.0032882637897,10.5317060964177,-2.05));
#12848=CARTESIAN_POINT('Origin',(23.3096829755937,7.80486717470685,-2.05));
#12849=CARTESIAN_POINT('',(21.0244418582903,10.5497841101933,-2.05));
#12850=CARTESIAN_POINT('Ctrl Pts',(21.0244418582903,10.5497841101933,-2.05));
#12851=CARTESIAN_POINT('Ctrl Pts',(21.0209315579751,10.5467532672237,-2.05));
#12852=CARTESIAN_POINT('Ctrl Pts',(21.0174135944352,10.5437312997459,-2.05));
#12853=CARTESIAN_POINT('Ctrl Pts',(21.0103624310581,10.5377051928204,-2.05));
#12854=CARTESIAN_POINT('Ctrl Pts',(21.0068292312208,10.5347010533727,-2.05));
#12855=CARTESIAN_POINT('Ctrl Pts',(21.0032884583118,10.5317058664639,-2.05));
#12856=CARTESIAN_POINT('',(20.9272121520714,10.9547751660714,-2.05));
#12857=CARTESIAN_POINT('Origin',(14.866303466064,9.28551276548761,-2.05));
#12858=CARTESIAN_POINT('',(20.9001568926429,10.96127917295,-2.05));
#12859=CARTESIAN_POINT('Ctrl Pts',(20.9001568926429,10.96127917295,-2.05));
#12860=CARTESIAN_POINT('Ctrl Pts',(20.9091862532381,10.9591571981762,-2.05));
#12861=CARTESIAN_POINT('Ctrl Pts',(20.9182047804048,10.9569886214048,-2.05));
#12862=CARTESIAN_POINT('Ctrl Pts',(20.9272121520714,10.9547751660714,-2.05));
#12863=CARTESIAN_POINT('',(19.8930974063591,11.3675328240675,-2.05));
#12864=CARTESIAN_POINT('Origin',(21.717210680981,14.4379917721969,-2.05));
#12865=CARTESIAN_POINT('',(20.3179315427764,12.3668959685599,-2.05));
#12866=CARTESIAN_POINT('Origin',(23.3540825753933,10.4862333628655,-2.05));
#12867=CARTESIAN_POINT('',(20.332463137106,12.3906261601481,-2.05));
#12868=CARTESIAN_POINT('Ctrl Pts',(20.332463137106,12.3906261601481,-2.05));
#12869=CARTESIAN_POINT('Ctrl Pts',(20.3300612251197,12.3866589147289,-2.05));
#12870=CARTESIAN_POINT('Ctrl Pts',(20.3276492822882,12.3826977423415,-2.05));
#12871=CARTESIAN_POINT('Ctrl Pts',(20.3228053968686,12.3747876447687,-2.05));
#12872=CARTESIAN_POINT('Ctrl Pts',(20.3203734542792,12.3708387195809,-2.05));
#12873=CARTESIAN_POINT('Ctrl Pts',(20.3179315427764,12.3668959685599,-2.05));
#12874=CARTESIAN_POINT('',(20.1148431102961,12.7457497715009,-2.05));
#12875=CARTESIAN_POINT('Origin',(14.8664068114641,9.28526323531928,-2.05));
#12876=CARTESIAN_POINT('',(20.0871021432173,12.7435750544645,-2.05));
#12877=CARTESIAN_POINT('Ctrl Pts',(20.0871021353508,12.7435751486372,-2.05));
#12878=CARTESIAN_POINT('Ctrl Pts',(20.091723745265,12.7439610734998,-2.05));
#12879=CARTESIAN_POINT('Ctrl Pts',(20.0963463366899,12.7443352443626,-2.05));
#12880=CARTESIAN_POINT('Ctrl Pts',(20.1055933629382,12.7450600687122,-2.05));
#12881=CARTESIAN_POINT('Ctrl Pts',(20.110217797763,12.7454107221991,-2.05));
#12882=CARTESIAN_POINT('Ctrl Pts',(20.1148430944771,12.7457496123097,-2.05));
#12883=CARTESIAN_POINT('',(19.0037923742148,12.8187467410165,-2.05));
#12884=CARTESIAN_POINT('Origin',(19.789803195033,16.3026087335962,-2.05));
#12885=CARTESIAN_POINT('',(19.0990131602886,13.9004786113973,-2.05));
#12886=CARTESIAN_POINT('Origin',(22.5677213814574,13.0500843802662,-2.05));
#12887=CARTESIAN_POINT('',(19.1055008784286,13.9275377813571,-2.05));
#12888=CARTESIAN_POINT('Ctrl Pts',(19.1055008784286,13.9275377813571,-2.05));
#12889=CARTESIAN_POINT('Ctrl Pts',(19.1033838204524,13.9185072667024,-2.05));
#12890=CARTESIAN_POINT('Ctrl Pts',(19.101221710881,13.909487186969,-2.05));
#12891=CARTESIAN_POINT('Ctrl Pts',(19.0990131602857,13.9004786113857,-2.05));
#12892=CARTESIAN_POINT('',(18.7887926464367,14.1980319844184,-2.05));
#12893=CARTESIAN_POINT('Origin',(14.8665822042183,9.28505784659347,-2.05));
#12894=CARTESIAN_POINT('',(18.7630813726372,14.1873915187484,-2.05));
#12895=CARTESIAN_POINT('Ctrl Pts',(18.7630813726372,14.1873915187484,-2.05));
#12896=CARTESIAN_POINT('Ctrl Pts',(18.7673575275351,14.1891867111086,-2.05));
#12897=CARTESIAN_POINT('Ctrl Pts',(18.7716382480899,14.1909710280552,-2.05));
#12898=CARTESIAN_POINT('Ctrl Pts',(18.7802087096467,14.1945178652396,-2.05));
#12899=CARTESIAN_POINT('Ctrl Pts',(18.7844984506477,14.196280385477,-2.05));
#12900=CARTESIAN_POINT('Ctrl Pts',(18.7887926464367,14.1980319844184,-2.05));
#12901=CARTESIAN_POINT('',(17.7095632659706,13.9241228252973,-2.05));
#12902=CARTESIAN_POINT('Origin',(17.3805314169865,17.4803631758684,-2.05));
#12903=CARTESIAN_POINT('',(17.4658500834286,14.9823358104714,-2.05));
#12904=CARTESIAN_POINT('Origin',(21.0275708319424,15.2454516995128,-2.05));
#12905=CARTESIAN_POINT('',(17.4636585266429,15.0100754255786,-2.05));
#12906=CARTESIAN_POINT('Ctrl Pts',(17.4636585266429,15.0100754255786,-2.05));
#12907=CARTESIAN_POINT('Ctrl Pts',(17.4644356673571,15.0008326888524,-2.05));
#12908=CARTESIAN_POINT('Ctrl Pts',(17.465166736881,14.9915859546381,-2.05));
#12909=CARTESIAN_POINT('Ctrl Pts',(17.4658500834286,14.9823358104714,-2.05));
#12910=CARTESIAN_POINT('',(17.0788635997143,15.16946270305,-2.05));
#12911=CARTESIAN_POINT('Origin',(14.8668125039617,9.28491674281551,-2.05));
#12912=CARTESIAN_POINT('',(17.0576990651429,15.1513974977286,-2.05));
#12913=CARTESIAN_POINT('Ctrl Pts',(17.0576990651429,15.1513974977286,-2.05));
#12914=CARTESIAN_POINT('Ctrl Pts',(17.0647231038333,15.157455138419,-2.05));
#12915=CARTESIAN_POINT('Ctrl Pts',(17.0717784765,15.163476622669,-2.05));
#12916=CARTESIAN_POINT('Ctrl Pts',(17.0788635997143,15.16946270305,-2.05));
#12917=CARTESIAN_POINT('Origin',(14.7252316546263,17.8559682904148,-2.05));
#12918=CARTESIAN_POINT('Origin',(7.59475239137256,10.0357142857462,0.));
#12919=CARTESIAN_POINT('',(4.59738718850956,15.2273031056492,2.05));
#12920=CARTESIAN_POINT('',(7.59475239137256,10.0357142857462,2.05));
#12921=CARTESIAN_POINT('',(4.59738718850956,15.2273031056492,0.));
#12922=CARTESIAN_POINT('Origin',(3.90609600130717,11.5065086956067,2.05));
#12923=CARTESIAN_POINT('',(0.138415419656227,8.0216443048142,2.05));
#12924=CARTESIAN_POINT('Origin',(6.29595567572695,9.28578036815274,2.05));
#12925=CARTESIAN_POINT('',(0.159568879042831,8.03972247501426,2.05));
#12926=CARTESIAN_POINT('Ctrl Pts',(0.159568818016542,8.03972254716115,2.05));
#12927=CARTESIAN_POINT('Ctrl Pts',(0.156027956210803,8.03672746553364,2.05));
#12928=CARTESIAN_POINT('Ctrl Pts',(0.152494711706206,8.03372337853938,2.05));
#12929=CARTESIAN_POINT('Ctrl Pts',(0.145443548514354,8.0276972717721,2.05));
#12930=CARTESIAN_POINT('Ctrl Pts',(0.141925629827189,8.02467525199915,2.05));
#12931=CARTESIAN_POINT('Ctrl Pts',(0.138415419656227,8.0216443048142,2.05));
#12932=CARTESIAN_POINT('',(0.872430153413031,8.85889256795246,2.05));
#12933=CARTESIAN_POINT('Origin',(-2.1468258674457,10.7665614261302,2.05));
#12934=CARTESIAN_POINT('',(0.0401989489999999,9.55646124551571,2.05));
#12935=CARTESIAN_POINT('Origin',(-1.81122862859891,6.50239461294042,2.05));
#12936=CARTESIAN_POINT('',(0.0164777168999997,9.57100745858429,2.05));
#12937=CARTESIAN_POINT('Ctrl Pts',(0.0164777168999997,9.57100745858429,
2.05));
#12938=CARTESIAN_POINT('Ctrl Pts',(0.024360241138095,9.56611890652119,2.05));
#12939=CARTESIAN_POINT('Ctrl Pts',(0.0322672430357148,9.56126958932167,
2.05));
#12940=CARTESIAN_POINT('Ctrl Pts',(0.0401989489999999,9.55646124551571,
2.05));
#12941=CARTESIAN_POINT('',(0.0491559701940647,9.9862222823853,2.05));
#12942=CARTESIAN_POINT('Origin',(6.29657488892862,9.28564655479774,2.05));
#12943=CARTESIAN_POINT('',(0.0748605316630591,9.99687895298905,2.05));
#12944=CARTESIAN_POINT('Ctrl Pts',(0.0748605316630591,9.99687895298905,
2.05));
#12945=CARTESIAN_POINT('Ctrl Pts',(0.0705674408469651,9.99512464756317,
2.05));
#12946=CARTESIAN_POINT('Ctrl Pts',(0.0662788117035162,9.99335942364928,
2.05));
#12947=CARTESIAN_POINT('Ctrl Pts',(0.05771058759976,9.98980718479693,2.05));
#12948=CARTESIAN_POINT('Ctrl Pts',(0.0534309926406287,9.98802016985896,
2.05));
#12949=CARTESIAN_POINT('Ctrl Pts',(0.0491559701940647,9.9862222823853,2.05));
#12950=CARTESIAN_POINT('',(1.00596940772781,10.5556696720497,2.05));
#12951=CARTESIAN_POINT('Origin',(-1.27601160837077,13.302971990888,2.05));
#12952=CARTESIAN_POINT('',(0.430031073686034,11.4762704937376,2.05));
#12953=CARTESIAN_POINT('Origin',(-2.27453967986227,9.14380310693333,2.05));
#12954=CARTESIAN_POINT('',(0.411965939511393,11.4974350883882,2.05));
#12955=CARTESIAN_POINT('Ctrl Pts',(0.411965939511393,11.4974350883882,2.05));
#12956=CARTESIAN_POINT('Ctrl Pts',(0.414958893889391,11.4938924281663,2.05));
#12957=CARTESIAN_POINT('Ctrl Pts',(0.417960805584402,11.4903573353768,2.05));
#12958=CARTESIAN_POINT('Ctrl Pts',(0.423982466619716,11.4833023748627,2.05));
#12959=CARTESIAN_POINT('Ctrl Pts',(0.427002215957938,11.4797825071405,2.05));
#12960=CARTESIAN_POINT('Ctrl Pts',(0.430030845622987,11.4762702970522,2.05));
#12961=CARTESIAN_POINT('',(0.571353145857143,11.8822299552429,2.05));
#12962=CARTESIAN_POINT('Origin',(6.29651183798971,9.28538392869459,2.05));
#12963=CARTESIAN_POINT('',(0.599092760957109,11.8844215119714,2.05));
#12964=CARTESIAN_POINT('Ctrl Pts',(0.599092760957144,11.8844215119714,2.05));
#12965=CARTESIAN_POINT('Ctrl Pts',(0.589842616790477,11.8837381654238,2.05));
#12966=CARTESIAN_POINT('Ctrl Pts',(0.580595882571431,11.8830070958976,2.05));
#12967=CARTESIAN_POINT('Ctrl Pts',(0.571353145857143,11.8822299552429,2.05));
#12968=CARTESIAN_POINT('',(1.65730574629956,12.1281346944428,2.05));
#12969=CARTESIAN_POINT('Origin',(0.335975936212674,15.4461453819443,2.05));
#12970=CARTESIAN_POINT('',(1.39403713981429,13.1816528377786,2.05));
#12971=CARTESIAN_POINT('Origin',(-1.89893456049148,11.7991028558606,2.05));
#12972=CARTESIAN_POINT('',(1.38339639565902,13.2073639969234,2.05));
#12973=CARTESIAN_POINT('Ctrl Pts',(1.38339639565902,13.2073639969234,2.05));
#12974=CARTESIAN_POINT('Ctrl Pts',(1.38514812220914,13.203069853067,2.05));
#12975=CARTESIAN_POINT('Ctrl Pts',(1.38691070613914,13.1987801383038,2.05));
#12976=CARTESIAN_POINT('Ctrl Pts',(1.39045754341158,13.1902096765399,2.05));
#12977=CARTESIAN_POINT('Ctrl Pts',(1.39224179675358,13.1859289295402,2.05));
#12978=CARTESIAN_POINT('Ctrl Pts',(1.39403686212743,13.1816527212113,2.05));
#12979=CARTESIAN_POINT('',(1.65389079007143,13.5240723070357,2.05));
#12980=CARTESIAN_POINT('Origin',(6.29637071400858,9.28515364295702,2.05));
#12981=CARTESIAN_POINT('',(1.68094996004194,13.5175845888574,2.05));
#12982=CARTESIAN_POINT('Ctrl Pts',(1.68094996004286,13.5175845888571,2.05));
#12983=CARTESIAN_POINT('Ctrl Pts',(1.67194138445952,13.5197931394286,2.05));
#12984=CARTESIAN_POINT('Ctrl Pts',(1.66292130472619,13.5219552490119,2.05));
#12985=CARTESIAN_POINT('Ctrl Pts',(1.65389079007143,13.5240723070357,2.05));
#12986=CARTESIAN_POINT('',(2.7626818305536,13.4223638024869,2.05));
#12987=CARTESIAN_POINT('Origin',(2.53134419443704,16.9862928552332,2.05));
#12988=CARTESIAN_POINT('',(2.83785351695714,14.5056735717643,2.05));
#12989=CARTESIAN_POINT('Origin',(-0.72118011673917,14.2083746197505,2.05));
#12990=CARTESIAN_POINT('',(2.83567866014286,14.5334145011786,2.05));
#12991=CARTESIAN_POINT('Ctrl Pts',(2.83567866014286,14.5334145011786,2.05));
#12992=CARTESIAN_POINT('Ctrl Pts',(2.83635696994048,14.5241639862976,2.05));
#12993=CARTESIAN_POINT('Ctrl Pts',(2.83708140901667,14.5149167302643,2.05));
#12994=CARTESIAN_POINT('Ctrl Pts',(2.83785351695714,14.5056735717643,2.05));
#12995=CARTESIAN_POINT('',(3.19080245952143,14.7510346453286,2.05));
#12996=CARTESIAN_POINT('Origin',(6.29616534045032,9.28497823137281,2.05));
#12997=CARTESIAN_POINT('',(3.21453244428572,14.7365027153071,2.05));
#12998=CARTESIAN_POINT('Ctrl Pts',(3.21453244428572,14.7365027153071,2.05));
#12999=CARTESIAN_POINT('Ctrl Pts',(3.20664725942857,14.7413869746524,2.05));
#13000=CARTESIAN_POINT('Ctrl Pts',(3.19873678242619,14.7462306209952,2.05));
#13001=CARTESIAN_POINT('Ctrl Pts',(3.19080245952143,14.7510346453286,2.05));
#13002=CARTESIAN_POINT('',(4.21389574740538,14.3116688345947,2.05));
#13003=CARTESIAN_POINT('Origin',(5.09519522514314,17.7726540447183,2.05));
#13004=CARTESIAN_POINT('Origin',(1.14343684090542,16.135782092005,2.05));
#13005=CARTESIAN_POINT('Origin',(23.4373914226782,9.42762266978389,0.));
#13006=CARTESIAN_POINT('',(20.2657671373693,7.78571428572058,0.));
#13007=CARTESIAN_POINT('',(20.156887735199,8.01575889970769,0.));
#13008=CARTESIAN_POINT('Origin',(23.4373914226782,9.42762266978389,0.));
#13009=CARTESIAN_POINT('',(20.156887735199,8.01575889970769,0.));
#13010=CARTESIAN_POINT('',(20.2657671373693,7.78571428572058,0.));
#13011=CARTESIAN_POINT('Origin',(22.4388687277432,5.26845661842986,0.));
#13012=CARTESIAN_POINT('',(21.0879966893549,8.57454942715431,0.));
#13013=CARTESIAN_POINT('Origin',(22.4388687277432,5.26845661842986,0.));
#13014=CARTESIAN_POINT('',(21.0879966893549,8.57454942715431,0.));
#13015=CARTESIAN_POINT('Ctrl Pts',(21.0879966893549,8.57454942715431,-4.16666666666667));
#13016=CARTESIAN_POINT('Ctrl Pts',(21.0879966893549,8.57454942715431,4.16666666666667));
#13017=CARTESIAN_POINT('Ctrl Pts',(21.0965827669734,8.57805829314685,-4.16666666666667));
#13018=CARTESIAN_POINT('Ctrl Pts',(21.0965827669734,8.57805829314685,4.16666666666667));
#13019=CARTESIAN_POINT('Ctrl Pts',(21.1051511008418,8.58161057749763,-4.16666666666667));
#13020=CARTESIAN_POINT('Ctrl Pts',(21.1051511008418,8.58161057749763,4.16666666666667));
#13021=CARTESIAN_POINT('Ctrl Pts',(21.113701252763,8.58520609853765,-4.16666666666667));
#13022=CARTESIAN_POINT('Ctrl Pts',(21.113701252763,8.58520609853765,4.16666666666667));
#13023=CARTESIAN_POINT('',(21.113701252763,8.58520609853765,0.));
#13024=CARTESIAN_POINT('Ctrl Pts',(21.0879966893549,8.57454942715431,-4.16666666666667));
#13025=CARTESIAN_POINT('Ctrl Pts',(21.0879966893549,8.57454942715431,4.16666666666667));
#13026=CARTESIAN_POINT('Ctrl Pts',(21.0965827669734,8.57805829314685,-4.16666666666667));
#13027=CARTESIAN_POINT('Ctrl Pts',(21.0965827669734,8.57805829314685,4.16666666666667));
#13028=CARTESIAN_POINT('Ctrl Pts',(21.1051511008418,8.58161057749763,-4.16666666666667));
#13029=CARTESIAN_POINT('Ctrl Pts',(21.1051511008418,8.58161057749763,4.16666666666667));
#13030=CARTESIAN_POINT('Ctrl Pts',(21.113701252763,8.58520609853765,-4.16666666666667));
#13031=CARTESIAN_POINT('Ctrl Pts',(21.113701252763,8.58520609853765,4.16666666666667));
#13032=CARTESIAN_POINT('',(21.113701252763,8.58520609853765,0.));
#13033=CARTESIAN_POINT('Origin',(14.8662823116142,9.285782011981,0.));
#13034=CARTESIAN_POINT('',(21.1463794259147,9.00042111253899,0.));
#13035=CARTESIAN_POINT('Origin',(14.8662823116142,9.285782011981,0.));
#13036=CARTESIAN_POINT('',(21.1463794259147,9.00042111253899,0.));
#13037=CARTESIAN_POINT('Ctrl Pts',(21.1463792679226,9.00042085810097,-4.16666666666667));
#13038=CARTESIAN_POINT('Ctrl Pts',(21.1463792679226,9.00042085810097,4.16666666666667));
#13039=CARTESIAN_POINT('Ctrl Pts',(21.1384969914026,9.00530988477919,-4.16666666666667));
#13040=CARTESIAN_POINT('Ctrl Pts',(21.1384969914026,9.00530988477919,4.16666666666667));
#13041=CARTESIAN_POINT('Ctrl Pts',(21.1305898466613,9.01015881795287,-4.16666666666667));
#13042=CARTESIAN_POINT('Ctrl Pts',(21.1305898466613,9.01015881795287,4.16666666666667));
#13043=CARTESIAN_POINT('Ctrl Pts',(21.1226582428462,9.01496740671855,-4.16666666666667));
#13044=CARTESIAN_POINT('Ctrl Pts',(21.1226582428462,9.01496740671855,4.16666666666667));
#13045=CARTESIAN_POINT('',(21.1226581938571,9.01496732591285,0.));
#13046=CARTESIAN_POINT('Ctrl Pts',(21.1463792679226,9.00042085810097,-4.16666666666667));
#13047=CARTESIAN_POINT('Ctrl Pts',(21.1463792679226,9.00042085810097,4.16666666666667));
#13048=CARTESIAN_POINT('Ctrl Pts',(21.1384969914026,9.00530988477919,-4.16666666666667));
#13049=CARTESIAN_POINT('Ctrl Pts',(21.1384969914026,9.00530988477919,4.16666666666667));
#13050=CARTESIAN_POINT('Ctrl Pts',(21.1305898466613,9.01015881795287,-4.16666666666667));
#13051=CARTESIAN_POINT('Ctrl Pts',(21.1305898466613,9.01015881795287,4.16666666666667));
#13052=CARTESIAN_POINT('Ctrl Pts',(21.1226582428462,9.01496740671855,-4.16666666666667));
#13053=CARTESIAN_POINT('Ctrl Pts',(21.1226582428462,9.01496740671855,4.16666666666667));
#13054=CARTESIAN_POINT('',(21.1226581938571,9.01496732591285,0.));
#13055=CARTESIAN_POINT('Origin',(22.9740858004551,12.0690339919991,0.));
#13056=CARTESIAN_POINT('',(20.2904269892553,9.71253600355377,0.));
#13057=CARTESIAN_POINT('Origin',(22.9740858004551,12.0690339919991,0.));
#13058=CARTESIAN_POINT('',(20.2904269892553,9.71253600355377,0.));
#13059=CARTESIAN_POINT('Origin',(23.3096829755937,7.80486717470685,0.));
#13060=CARTESIAN_POINT('',(21.0032882637897,10.5317060964177,0.));
#13061=CARTESIAN_POINT('Origin',(23.3096829755937,7.80486717470685,0.));
#13062=CARTESIAN_POINT('',(21.0032882637897,10.5317060964177,0.));
#13063=CARTESIAN_POINT('Ctrl Pts',(21.0032884583118,10.5317058664639,-4.16666666666667));
#13064=CARTESIAN_POINT('Ctrl Pts',(21.0032884583118,10.5317058664639,4.16666666666667));
#13065=CARTESIAN_POINT('Ctrl Pts',(21.0103700041298,10.5376962402815,-4.16666666666667));
#13066=CARTESIAN_POINT('Ctrl Pts',(21.0103700041298,10.5376962402815,4.16666666666667));
#13067=CARTESIAN_POINT('Ctrl Pts',(21.0174212576595,10.5437224242537,-4.16666666666667));
#13068=CARTESIAN_POINT('Ctrl Pts',(21.0174212576595,10.5437224242537,4.16666666666667));
#13069=CARTESIAN_POINT('Ctrl Pts',(21.0244418582903,10.5497841101933,-4.16666666666667));
#13070=CARTESIAN_POINT('Ctrl Pts',(21.0244418582903,10.5497841101933,4.16666666666667));
#13071=CARTESIAN_POINT('',(21.0244418582903,10.5497841101933,0.));
#13072=CARTESIAN_POINT('Ctrl Pts',(21.0032884583118,10.5317058664639,-4.16666666666667));
#13073=CARTESIAN_POINT('Ctrl Pts',(21.0032884583118,10.5317058664639,4.16666666666667));
#13074=CARTESIAN_POINT('Ctrl Pts',(21.0103700041298,10.5376962402815,-4.16666666666667));
#13075=CARTESIAN_POINT('Ctrl Pts',(21.0103700041298,10.5376962402815,4.16666666666667));
#13076=CARTESIAN_POINT('Ctrl Pts',(21.0174212576595,10.5437224242537,-4.16666666666667));
#13077=CARTESIAN_POINT('Ctrl Pts',(21.0174212576595,10.5437224242537,4.16666666666667));
#13078=CARTESIAN_POINT('Ctrl Pts',(21.0244418582903,10.5497841101933,-4.16666666666667));
#13079=CARTESIAN_POINT('Ctrl Pts',(21.0244418582903,10.5497841101933,4.16666666666667));
#13080=CARTESIAN_POINT('',(21.0244418582903,10.5497841101933,0.));
#13081=CARTESIAN_POINT('Origin',(14.866303466064,9.28551276548761,0.));
#13082=CARTESIAN_POINT('',(20.9272121520714,10.9547751660714,0.));
#13083=CARTESIAN_POINT('Origin',(14.866303466064,9.28551276548761,0.));
#13084=CARTESIAN_POINT('',(20.9272121520714,10.9547751660714,0.));
#13085=CARTESIAN_POINT('Ctrl Pts',(20.9272121520714,10.9547751660714,-4.16666666666667));
#13086=CARTESIAN_POINT('Ctrl Pts',(20.9272121520714,10.9547751660714,4.16666666666667));
#13087=CARTESIAN_POINT('Ctrl Pts',(20.9218077290714,10.9561032392714,-4.16666666666667));
#13088=CARTESIAN_POINT('Ctrl Pts',(20.9218077290714,10.9561032392714,4.16666666666667));
#13089=CARTESIAN_POINT('Ctrl Pts',(20.9163999962143,10.9574178438571,-4.16666666666667));
#13090=CARTESIAN_POINT('Ctrl Pts',(20.9163999962143,10.9574178438571,4.16666666666667));
#13091=CARTESIAN_POINT('Ctrl Pts',(20.9109888403571,10.9587188252286,-4.16666666666667));
#13092=CARTESIAN_POINT('Ctrl Pts',(20.9109888403571,10.9587188252286,4.16666666666667));
#13093=CARTESIAN_POINT('Ctrl Pts',(20.905574509,10.9600059880857,-4.16666666666667));
#13094=CARTESIAN_POINT('Ctrl Pts',(20.905574509,10.9600059880857,4.16666666666667));
#13095=CARTESIAN_POINT('Ctrl Pts',(20.9001568926429,10.96127917295,-4.16666666666667));
#13096=CARTESIAN_POINT('Ctrl Pts',(20.9001568926429,10.96127917295,4.16666666666667));
#13097=CARTESIAN_POINT('',(20.9001568926429,10.96127917295,0.));
#13098=CARTESIAN_POINT('Ctrl Pts',(20.9272121520714,10.9547751660714,-4.16666666666667));
#13099=CARTESIAN_POINT('Ctrl Pts',(20.9272121520714,10.9547751660714,4.16666666666667));
#13100=CARTESIAN_POINT('Ctrl Pts',(20.9218077290714,10.9561032392714,-4.16666666666667));
#13101=CARTESIAN_POINT('Ctrl Pts',(20.9218077290714,10.9561032392714,4.16666666666667));
#13102=CARTESIAN_POINT('Ctrl Pts',(20.9163999962143,10.9574178438571,-4.16666666666667));
#13103=CARTESIAN_POINT('Ctrl Pts',(20.9163999962143,10.9574178438571,4.16666666666667));
#13104=CARTESIAN_POINT('Ctrl Pts',(20.9109888403571,10.9587188252286,-4.16666666666667));
#13105=CARTESIAN_POINT('Ctrl Pts',(20.9109888403571,10.9587188252286,4.16666666666667));
#13106=CARTESIAN_POINT('Ctrl Pts',(20.905574509,10.9600059880857,-4.16666666666667));
#13107=CARTESIAN_POINT('Ctrl Pts',(20.905574509,10.9600059880857,4.16666666666667));
#13108=CARTESIAN_POINT('Ctrl Pts',(20.9001568926429,10.96127917295,-4.16666666666667));
#13109=CARTESIAN_POINT('Ctrl Pts',(20.9001568926429,10.96127917295,4.16666666666667));
#13110=CARTESIAN_POINT('',(20.9001568926429,10.96127917295,0.));
#13111=CARTESIAN_POINT('Origin',(21.717210680981,14.4379917721969,0.));
#13112=CARTESIAN_POINT('',(19.8930974063591,11.3675328240675,0.));
#13113=CARTESIAN_POINT('Origin',(21.717210680981,14.4379917721969,0.));
#13114=CARTESIAN_POINT('',(19.8930974063591,11.3675328240675,0.));
#13115=CARTESIAN_POINT('Origin',(23.3540825753933,10.4862333628655,0.));
#13116=CARTESIAN_POINT('',(20.3179315427764,12.3668959685599,0.));
#13117=CARTESIAN_POINT('Origin',(23.3540825753933,10.4862333628655,0.));
#13118=CARTESIAN_POINT('',(20.3179315427764,12.3668959685599,0.));
#13119=CARTESIAN_POINT('Ctrl Pts',(20.3179315427764,12.3668959685599,-4.16666666666667));
#13120=CARTESIAN_POINT('Ctrl Pts',(20.3179315427764,12.3668959685599,4.16666666666667));
#13121=CARTESIAN_POINT('Ctrl Pts',(20.322815365782,12.3747814706018,-4.16666666666667));
#13122=CARTESIAN_POINT('Ctrl Pts',(20.322815365782,12.3747814706018,4.16666666666667));
#13123=CARTESIAN_POINT('Ctrl Pts',(20.327659313134,12.3826916693108,-4.16666666666667));
#13124=CARTESIAN_POINT('Ctrl Pts',(20.327659313134,12.3826916693108,4.16666666666667));
#13125=CARTESIAN_POINT('Ctrl Pts',(20.332463137106,12.3906261601481,-4.16666666666667));
#13126=CARTESIAN_POINT('Ctrl Pts',(20.332463137106,12.3906261601481,4.16666666666667));
#13127=CARTESIAN_POINT('',(20.332463137106,12.3906261601481,0.));
#13128=CARTESIAN_POINT('Ctrl Pts',(20.3179315427764,12.3668959685599,-4.16666666666667));
#13129=CARTESIAN_POINT('Ctrl Pts',(20.3179315427764,12.3668959685599,4.16666666666667));
#13130=CARTESIAN_POINT('Ctrl Pts',(20.322815365782,12.3747814706018,-4.16666666666667));
#13131=CARTESIAN_POINT('Ctrl Pts',(20.322815365782,12.3747814706018,4.16666666666667));
#13132=CARTESIAN_POINT('Ctrl Pts',(20.327659313134,12.3826916693108,-4.16666666666667));
#13133=CARTESIAN_POINT('Ctrl Pts',(20.327659313134,12.3826916693108,4.16666666666667));
#13134=CARTESIAN_POINT('Ctrl Pts',(20.332463137106,12.3906261601481,-4.16666666666667));
#13135=CARTESIAN_POINT('Ctrl Pts',(20.332463137106,12.3906261601481,4.16666666666667));
#13136=CARTESIAN_POINT('',(20.332463137106,12.3906261601481,0.));
#13137=CARTESIAN_POINT('Origin',(14.8664068114641,9.28526323531928,0.));
#13138=CARTESIAN_POINT('',(20.1148431102961,12.7457497715009,0.));
#13139=CARTESIAN_POINT('Origin',(14.8664068114641,9.28526323531928,0.));
#13140=CARTESIAN_POINT('',(20.1148431102961,12.7457497715009,0.));
#13141=CARTESIAN_POINT('Ctrl Pts',(20.1148430944771,12.7457496123097,-4.16666666666667));
#13142=CARTESIAN_POINT('Ctrl Pts',(20.1148430944771,12.7457496123097,4.16666666666667));
#13143=CARTESIAN_POINT('Ctrl Pts',(20.1055925010494,12.7450718320884,-4.16666666666667));
#13144=CARTESIAN_POINT('Ctrl Pts',(20.1055925010494,12.7450718320884,4.16666666666667));
#13145=CARTESIAN_POINT('Ctrl Pts',(20.096345355179,12.7443469983623,-4.16666666666667));
#13146=CARTESIAN_POINT('Ctrl Pts',(20.096345355179,12.7443469983623,4.16666666666667));
#13147=CARTESIAN_POINT('Ctrl Pts',(20.0871021353508,12.7435751486372,-4.16666666666667));
#13148=CARTESIAN_POINT('Ctrl Pts',(20.0871021353508,12.7435751486372,4.16666666666667));
#13149=CARTESIAN_POINT('',(20.0871021432173,12.7435750544645,0.));
#13150=CARTESIAN_POINT('Ctrl Pts',(20.1148430944771,12.7457496123097,-4.16666666666667));
#13151=CARTESIAN_POINT('Ctrl Pts',(20.1148430944771,12.7457496123097,4.16666666666667));
#13152=CARTESIAN_POINT('Ctrl Pts',(20.1055925010494,12.7450718320884,-4.16666666666667));
#13153=CARTESIAN_POINT('Ctrl Pts',(20.1055925010494,12.7450718320884,4.16666666666667));
#13154=CARTESIAN_POINT('Ctrl Pts',(20.096345355179,12.7443469983623,-4.16666666666667));
#13155=CARTESIAN_POINT('Ctrl Pts',(20.096345355179,12.7443469983623,4.16666666666667));
#13156=CARTESIAN_POINT('Ctrl Pts',(20.0871021353508,12.7435751486372,-4.16666666666667));
#13157=CARTESIAN_POINT('Ctrl Pts',(20.0871021353508,12.7435751486372,4.16666666666667));
#13158=CARTESIAN_POINT('',(20.0871021432173,12.7435750544645,0.));
#13159=CARTESIAN_POINT('Origin',(19.789803195033,16.3026087335962,0.));
#13160=CARTESIAN_POINT('',(19.0037923742148,12.8187467410165,0.));
#13161=CARTESIAN_POINT('Origin',(19.789803195033,16.3026087335962,0.));
#13162=CARTESIAN_POINT('',(19.0037923742148,12.8187467410165,0.));
#13163=CARTESIAN_POINT('Origin',(22.5677213814574,13.0500843802662,0.));
#13164=CARTESIAN_POINT('',(19.0990131602886,13.9004786113973,0.));
#13165=CARTESIAN_POINT('Origin',(22.5677213814574,13.0500843802662,0.));
#13166=CARTESIAN_POINT('',(19.0990131602886,13.9004786113973,0.));
#13167=CARTESIAN_POINT('Ctrl Pts',(19.0990131602857,13.9004786113857,-4.16666666666667));
#13168=CARTESIAN_POINT('Ctrl Pts',(19.0990131602857,13.9004786113857,4.16666666666667));
#13169=CARTESIAN_POINT('Ctrl Pts',(19.1003382906429,13.9058837567357,-4.16666666666667));
#13170=CARTESIAN_POINT('Ctrl Pts',(19.1003382906429,13.9058837567357,4.16666666666667));
#13171=CARTESIAN_POINT('Ctrl Pts',(19.1016494751429,13.9112923210214,-4.16666666666667));
#13172=CARTESIAN_POINT('Ctrl Pts',(19.1016494751429,13.9112923210214,4.16666666666667));
#13173=CARTESIAN_POINT('Ctrl Pts',(19.1029469055714,13.9167043293429,-4.16666666666667));
#13174=CARTESIAN_POINT('Ctrl Pts',(19.1029469055714,13.9167043293429,4.16666666666667));
#13175=CARTESIAN_POINT('Ctrl Pts',(19.1042306436429,13.9221194725643,-4.16666666666667));
#13176=CARTESIAN_POINT('Ctrl Pts',(19.1042306436429,13.9221194725643,4.16666666666667));
#13177=CARTESIAN_POINT('Ctrl Pts',(19.1055008784286,13.9275377813571,-4.16666666666667));
#13178=CARTESIAN_POINT('Ctrl Pts',(19.1055008784286,13.9275377813571,4.16666666666667));
#13179=CARTESIAN_POINT('',(19.1055008784286,13.9275377813571,0.));
#13180=CARTESIAN_POINT('Ctrl Pts',(19.0990131602857,13.9004786113857,-4.16666666666667));
#13181=CARTESIAN_POINT('Ctrl Pts',(19.0990131602857,13.9004786113857,4.16666666666667));
#13182=CARTESIAN_POINT('Ctrl Pts',(19.1003382906429,13.9058837567357,-4.16666666666667));
#13183=CARTESIAN_POINT('Ctrl Pts',(19.1003382906429,13.9058837567357,4.16666666666667));
#13184=CARTESIAN_POINT('Ctrl Pts',(19.1016494751429,13.9112923210214,-4.16666666666667));
#13185=CARTESIAN_POINT('Ctrl Pts',(19.1016494751429,13.9112923210214,4.16666666666667));
#13186=CARTESIAN_POINT('Ctrl Pts',(19.1029469055714,13.9167043293429,-4.16666666666667));
#13187=CARTESIAN_POINT('Ctrl Pts',(19.1029469055714,13.9167043293429,4.16666666666667));
#13188=CARTESIAN_POINT('Ctrl Pts',(19.1042306436429,13.9221194725643,-4.16666666666667));
#13189=CARTESIAN_POINT('Ctrl Pts',(19.1042306436429,13.9221194725643,4.16666666666667));
#13190=CARTESIAN_POINT('Ctrl Pts',(19.1055008784286,13.9275377813571,-4.16666666666667));
#13191=CARTESIAN_POINT('Ctrl Pts',(19.1055008784286,13.9275377813571,4.16666666666667));
#13192=CARTESIAN_POINT('',(19.1055008784286,13.9275377813571,0.));
#13193=CARTESIAN_POINT('Origin',(14.8665822042183,9.28505784659347,0.));
#13194=CARTESIAN_POINT('',(18.7887926464367,14.1980319844184,0.));
#13195=CARTESIAN_POINT('Origin',(14.8665822042183,9.28505784659347,0.));
#13196=CARTESIAN_POINT('',(18.7887926464367,14.1980319844184,0.));
#13197=CARTESIAN_POINT('Ctrl Pts',(18.7887926464367,14.1980319844184,-4.16666666666667));
#13198=CARTESIAN_POINT('Ctrl Pts',(18.7887926464367,14.1980319844184,4.16666666666667));
#13199=CARTESIAN_POINT('Ctrl Pts',(18.7802042548589,14.1945287865357,-4.16666666666667));
#13200=CARTESIAN_POINT('Ctrl Pts',(18.7802042548589,14.1945287865357,4.16666666666667));
#13201=CARTESIAN_POINT('Ctrl Pts',(18.7716336824337,14.190981903469,-4.16666666666667));
#13202=CARTESIAN_POINT('Ctrl Pts',(18.7716336824337,14.190981903469,4.16666666666667));
#13203=CARTESIAN_POINT('Ctrl Pts',(18.7630813726372,14.1873915187484,-4.16666666666667));
#13204=CARTESIAN_POINT('Ctrl Pts',(18.7630813726372,14.1873915187484,4.16666666666667));
#13205=CARTESIAN_POINT('',(18.7630813726372,14.1873915187484,0.));
#13206=CARTESIAN_POINT('Ctrl Pts',(18.7887926464367,14.1980319844184,-4.16666666666667));
#13207=CARTESIAN_POINT('Ctrl Pts',(18.7887926464367,14.1980319844184,4.16666666666667));
#13208=CARTESIAN_POINT('Ctrl Pts',(18.7802042548589,14.1945287865357,-4.16666666666667));
#13209=CARTESIAN_POINT('Ctrl Pts',(18.7802042548589,14.1945287865357,4.16666666666667));
#13210=CARTESIAN_POINT('Ctrl Pts',(18.7716336824337,14.190981903469,-4.16666666666667));
#13211=CARTESIAN_POINT('Ctrl Pts',(18.7716336824337,14.190981903469,4.16666666666667));
#13212=CARTESIAN_POINT('Ctrl Pts',(18.7630813726372,14.1873915187484,-4.16666666666667));
#13213=CARTESIAN_POINT('Ctrl Pts',(18.7630813726372,14.1873915187484,4.16666666666667));
#13214=CARTESIAN_POINT('',(18.7630813726372,14.1873915187484,0.));
#13215=CARTESIAN_POINT('Origin',(17.3805314169865,17.4803631758684,0.));
#13216=CARTESIAN_POINT('',(17.7095632659706,13.9241228252973,0.));
#13217=CARTESIAN_POINT('Origin',(17.3805314169865,17.4803631758684,0.));
#13218=CARTESIAN_POINT('',(17.7095632659706,13.9241228252973,0.));
#13219=CARTESIAN_POINT('Origin',(21.0275708319424,15.2454516995128,0.));
#13220=CARTESIAN_POINT('',(17.4658500834286,14.9823358104714,0.));
#13221=CARTESIAN_POINT('Origin',(21.0275708319424,15.2454516995128,0.));
#13222=CARTESIAN_POINT('',(17.4658500834286,14.9823358104714,0.));
#13223=CARTESIAN_POINT('Ctrl Pts',(17.4658500834286,14.9823358104714,-4.16666666666667));
#13224=CARTESIAN_POINT('Ctrl Pts',(17.4658500834286,14.9823358104714,4.16666666666667));
#13225=CARTESIAN_POINT('Ctrl Pts',(17.4654400755,14.9878858969714,-4.16666666666667));
#13226=CARTESIAN_POINT('Ctrl Pts',(17.4654400755,14.9878858969714,4.16666666666667));
#13227=CARTESIAN_POINT('Ctrl Pts',(17.4650157477857,14.9934349255714,-4.16666666666667));
#13228=CARTESIAN_POINT('Ctrl Pts',(17.4650157477857,14.9934349255714,4.16666666666667));
#13229=CARTESIAN_POINT('Ctrl Pts',(17.4645772748571,14.9989829794143,-4.16666666666667));
#13230=CARTESIAN_POINT('Ctrl Pts',(17.4645772748571,14.9989829794143,4.16666666666667));
#13231=CARTESIAN_POINT('Ctrl Pts',(17.4641248110714,15.0045297835429,-4.16666666666667));
#13232=CARTESIAN_POINT('Ctrl Pts',(17.4641248110714,15.0045297835429,4.16666666666667));
#13233=CARTESIAN_POINT('Ctrl Pts',(17.4636585266429,15.0100754255786,-4.16666666666667));
#13234=CARTESIAN_POINT('Ctrl Pts',(17.4636585266429,15.0100754255786,4.16666666666667));
#13235=CARTESIAN_POINT('',(17.4636585266429,15.0100754255786,0.));
#13236=CARTESIAN_POINT('Ctrl Pts',(17.4658500834286,14.9823358104714,-4.16666666666667));
#13237=CARTESIAN_POINT('Ctrl Pts',(17.4658500834286,14.9823358104714,4.16666666666667));
#13238=CARTESIAN_POINT('Ctrl Pts',(17.4654400755,14.9878858969714,-4.16666666666667));
#13239=CARTESIAN_POINT('Ctrl Pts',(17.4654400755,14.9878858969714,4.16666666666667));
#13240=CARTESIAN_POINT('Ctrl Pts',(17.4650157477857,14.9934349255714,-4.16666666666667));
#13241=CARTESIAN_POINT('Ctrl Pts',(17.4650157477857,14.9934349255714,4.16666666666667));
#13242=CARTESIAN_POINT('Ctrl Pts',(17.4645772748571,14.9989829794143,-4.16666666666667));
#13243=CARTESIAN_POINT('Ctrl Pts',(17.4645772748571,14.9989829794143,4.16666666666667));
#13244=CARTESIAN_POINT('Ctrl Pts',(17.4641248110714,15.0045297835429,-4.16666666666667));
#13245=CARTESIAN_POINT('Ctrl Pts',(17.4641248110714,15.0045297835429,4.16666666666667));
#13246=CARTESIAN_POINT('Ctrl Pts',(17.4636585266429,15.0100754255786,-4.16666666666667));
#13247=CARTESIAN_POINT('Ctrl Pts',(17.4636585266429,15.0100754255786,4.16666666666667));
#13248=CARTESIAN_POINT('',(17.4636585266429,15.0100754255786,0.));
#13249=CARTESIAN_POINT('Origin',(14.8668125039617,9.28491674281551,0.));
#13250=CARTESIAN_POINT('',(17.0788635997143,15.16946270305,0.));
#13251=CARTESIAN_POINT('Origin',(14.8668125039617,9.28491674281551,0.));
#13252=CARTESIAN_POINT('',(17.0788635997143,15.16946270305,0.));
#13253=CARTESIAN_POINT('Ctrl Pts',(17.0788635997143,15.16946270305,-4.16666666666667));
#13254=CARTESIAN_POINT('Ctrl Pts',(17.0788635997143,15.16946270305,4.16666666666667));
#13255=CARTESIAN_POINT('Ctrl Pts',(17.0746125257857,15.1658710548214,-4.16666666666667));
#13256=CARTESIAN_POINT('Ctrl Pts',(17.0746125257857,15.1658710548214,4.16666666666667));
#13257=CARTESIAN_POINT('Ctrl Pts',(17.0703704027143,15.1622688122571,-4.16666666666667));
#13258=CARTESIAN_POINT('Ctrl Pts',(17.0703704027143,15.1622688122571,4.16666666666667));
#13259=CARTESIAN_POINT('Ctrl Pts',(17.0661372890714,15.1586557928857,-4.16666666666667));
#13260=CARTESIAN_POINT('Ctrl Pts',(17.0661372890714,15.1586557928857,4.16666666666667));
#13261=CARTESIAN_POINT('Ctrl Pts',(17.0619134883571,15.1550320821429,-4.16666666666667));
#13262=CARTESIAN_POINT('Ctrl Pts',(17.0619134883571,15.1550320821429,4.16666666666667));
#13263=CARTESIAN_POINT('Ctrl Pts',(17.0576990651429,15.1513974977286,-4.16666666666667));
#13264=CARTESIAN_POINT('Ctrl Pts',(17.0576990651429,15.1513974977286,4.16666666666667));
#13265=CARTESIAN_POINT('',(17.0576990651429,15.1513974977286,0.));
#13266=CARTESIAN_POINT('Ctrl Pts',(17.0788635997143,15.16946270305,-4.16666666666667));
#13267=CARTESIAN_POINT('Ctrl Pts',(17.0788635997143,15.16946270305,4.16666666666667));
#13268=CARTESIAN_POINT('Ctrl Pts',(17.0746125257857,15.1658710548214,-4.16666666666667));
#13269=CARTESIAN_POINT('Ctrl Pts',(17.0746125257857,15.1658710548214,4.16666666666667));
#13270=CARTESIAN_POINT('Ctrl Pts',(17.0703704027143,15.1622688122571,-4.16666666666667));
#13271=CARTESIAN_POINT('Ctrl Pts',(17.0703704027143,15.1622688122571,4.16666666666667));
#13272=CARTESIAN_POINT('Ctrl Pts',(17.0661372890714,15.1586557928857,-4.16666666666667));
#13273=CARTESIAN_POINT('Ctrl Pts',(17.0661372890714,15.1586557928857,4.16666666666667));
#13274=CARTESIAN_POINT('Ctrl Pts',(17.0619134883571,15.1550320821429,-4.16666666666667));
#13275=CARTESIAN_POINT('Ctrl Pts',(17.0619134883571,15.1550320821429,4.16666666666667));
#13276=CARTESIAN_POINT('Ctrl Pts',(17.0576990651429,15.1513974977286,-4.16666666666667));
#13277=CARTESIAN_POINT('Ctrl Pts',(17.0576990651429,15.1513974977286,4.16666666666667));
#13278=CARTESIAN_POINT('',(17.0576990651429,15.1513974977286,0.));
#13279=CARTESIAN_POINT('Origin',(14.7252316546263,17.8559682904148,0.));
#13280=CARTESIAN_POINT('',(16.1370982431462,14.5754591637708,0.));
#13281=CARTESIAN_POINT('Origin',(5.09519522514314,17.7726540447183,0.));
#13282=CARTESIAN_POINT('',(4.21389574740538,14.3116688345947,0.));
#13283=CARTESIAN_POINT('',(3.21453244428572,14.7365027153071,0.));
#13284=CARTESIAN_POINT('Origin',(5.09519522514314,17.7726540447183,0.));
#13285=CARTESIAN_POINT('',(3.21453244428572,14.7365027153071,0.));
#13286=CARTESIAN_POINT('',(4.21389574740538,14.3116688345947,0.));
#13287=CARTESIAN_POINT('Ctrl Pts',(3.21453244428572,14.7365027153071,-4.16666666666667));
#13288=CARTESIAN_POINT('Ctrl Pts',(3.21453244428572,14.7365027153071,4.16666666666667));
#13289=CARTESIAN_POINT('Ctrl Pts',(3.20980133337143,14.7394332709143,-4.16666666666667));
#13290=CARTESIAN_POINT('Ctrl Pts',(3.20980133337143,14.7394332709143,4.16666666666667));
#13291=CARTESIAN_POINT('Ctrl Pts',(3.20506266136429,14.7423516197571,-4.16666666666667));
#13292=CARTESIAN_POINT('Ctrl Pts',(3.20506266136429,14.7423516197571,4.16666666666667));
#13293=CARTESIAN_POINT('Ctrl Pts',(3.20031646362143,14.7452579519929,-4.16666666666667));
#13294=CARTESIAN_POINT('Ctrl Pts',(3.20031646362143,14.7452579519929,4.16666666666667));
#13295=CARTESIAN_POINT('Ctrl Pts',(3.19556305326429,14.7481522307286,-4.16666666666667));
#13296=CARTESIAN_POINT('Ctrl Pts',(3.19556305326429,14.7481522307286,4.16666666666667));
#13297=CARTESIAN_POINT('Ctrl Pts',(3.19080245952143,14.7510346453286,-4.16666666666667));
#13298=CARTESIAN_POINT('Ctrl Pts',(3.19080245952143,14.7510346453286,4.16666666666667));
#13299=CARTESIAN_POINT('',(3.19080245952143,14.7510346453286,0.));
#13300=CARTESIAN_POINT('Ctrl Pts',(3.21453244428572,14.7365027153071,-4.16666666666667));
#13301=CARTESIAN_POINT('Ctrl Pts',(3.21453244428572,14.7365027153071,4.16666666666667));
#13302=CARTESIAN_POINT('Ctrl Pts',(3.20980133337143,14.7394332709143,-4.16666666666667));
#13303=CARTESIAN_POINT('Ctrl Pts',(3.20980133337143,14.7394332709143,4.16666666666667));
#13304=CARTESIAN_POINT('Ctrl Pts',(3.20506266136429,14.7423516197571,-4.16666666666667));
#13305=CARTESIAN_POINT('Ctrl Pts',(3.20506266136429,14.7423516197571,4.16666666666667));
#13306=CARTESIAN_POINT('Ctrl Pts',(3.20031646362143,14.7452579519929,-4.16666666666667));
#13307=CARTESIAN_POINT('Ctrl Pts',(3.20031646362143,14.7452579519929,4.16666666666667));
#13308=CARTESIAN_POINT('Ctrl Pts',(3.19556305326429,14.7481522307286,-4.16666666666667));
#13309=CARTESIAN_POINT('Ctrl Pts',(3.19556305326429,14.7481522307286,4.16666666666667));
#13310=CARTESIAN_POINT('Ctrl Pts',(3.19080245952143,14.7510346453286,-4.16666666666667));
#13311=CARTESIAN_POINT('Ctrl Pts',(3.19080245952143,14.7510346453286,4.16666666666667));
#13312=CARTESIAN_POINT('',(3.19080245952143,14.7510346453286,0.));
#13313=CARTESIAN_POINT('Origin',(6.29616534045032,9.28497823137281,0.));
#13314=CARTESIAN_POINT('',(2.83567866014286,14.5334145011786,0.));
#13315=CARTESIAN_POINT('Origin',(6.29616534045032,9.28497823137281,0.));
#13316=CARTESIAN_POINT('',(2.83567866014286,14.5334145011786,0.));
#13317=CARTESIAN_POINT('Ctrl Pts',(2.83567866014286,14.5334145011786,-4.16666666666667));
#13318=CARTESIAN_POINT('Ctrl Pts',(2.83567866014286,14.5334145011786,4.16666666666667));
#13319=CARTESIAN_POINT('Ctrl Pts',(2.83608564602143,14.52786419225,-4.16666666666667));
#13320=CARTESIAN_POINT('Ctrl Pts',(2.83608564602143,14.52786419225,4.16666666666667));
#13321=CARTESIAN_POINT('Ctrl Pts',(2.83650646411429,14.52231489755,-4.16666666666667));
#13322=CARTESIAN_POINT('Ctrl Pts',(2.83650646411429,14.52231489755,4.16666666666667));
#13323=CARTESIAN_POINT('Ctrl Pts',(2.83694129640714,14.5167665571929,-4.16666666666667));
#13324=CARTESIAN_POINT('Ctrl Pts',(2.83694129640714,14.5167665571929,4.16666666666667));
#13325=CARTESIAN_POINT('Ctrl Pts',(2.83739025219286,14.5112194668643,-4.16666666666667));
#13326=CARTESIAN_POINT('Ctrl Pts',(2.83739025219286,14.5112194668643,4.16666666666667));
#13327=CARTESIAN_POINT('Ctrl Pts',(2.83785351695714,14.5056735717643,-4.16666666666667));
#13328=CARTESIAN_POINT('Ctrl Pts',(2.83785351695714,14.5056735717643,4.16666666666667));
#13329=CARTESIAN_POINT('',(2.83785351695714,14.5056735717643,0.));
#13330=CARTESIAN_POINT('Ctrl Pts',(2.83567866014286,14.5334145011786,-4.16666666666667));
#13331=CARTESIAN_POINT('Ctrl Pts',(2.83567866014286,14.5334145011786,4.16666666666667));
#13332=CARTESIAN_POINT('Ctrl Pts',(2.83608564602143,14.52786419225,-4.16666666666667));
#13333=CARTESIAN_POINT('Ctrl Pts',(2.83608564602143,14.52786419225,4.16666666666667));
#13334=CARTESIAN_POINT('Ctrl Pts',(2.83650646411429,14.52231489755,-4.16666666666667));
#13335=CARTESIAN_POINT('Ctrl Pts',(2.83650646411429,14.52231489755,4.16666666666667));
#13336=CARTESIAN_POINT('Ctrl Pts',(2.83694129640714,14.5167665571929,-4.16666666666667));
#13337=CARTESIAN_POINT('Ctrl Pts',(2.83694129640714,14.5167665571929,4.16666666666667));
#13338=CARTESIAN_POINT('Ctrl Pts',(2.83739025219286,14.5112194668643,-4.16666666666667));
#13339=CARTESIAN_POINT('Ctrl Pts',(2.83739025219286,14.5112194668643,4.16666666666667));
#13340=CARTESIAN_POINT('Ctrl Pts',(2.83785351695714,14.5056735717643,-4.16666666666667));
#13341=CARTESIAN_POINT('Ctrl Pts',(2.83785351695714,14.5056735717643,4.16666666666667));
#13342=CARTESIAN_POINT('',(2.83785351695714,14.5056735717643,0.));
#13343=CARTESIAN_POINT('Origin',(-0.72118011673917,14.2083746197505,0.));
#13344=CARTESIAN_POINT('',(2.7626818305536,13.4223638024869,0.));
#13345=CARTESIAN_POINT('Origin',(-0.72118011673917,14.2083746197505,0.));
#13346=CARTESIAN_POINT('',(2.7626818305536,13.4223638024869,0.));
#13347=CARTESIAN_POINT('Origin',(2.53134419443704,16.9862928552332,0.));
#13348=CARTESIAN_POINT('',(1.68094996004194,13.5175845888574,0.));
#13349=CARTESIAN_POINT('Origin',(2.53134419443704,16.9862928552332,0.));
#13350=CARTESIAN_POINT('',(1.68094996004194,13.5175845888574,0.));
#13351=CARTESIAN_POINT('Ctrl Pts',(1.68094996004286,13.5175845888571,-4.16666666666667));
#13352=CARTESIAN_POINT('Ctrl Pts',(1.68094996004286,13.5175845888571,4.16666666666667));
#13353=CARTESIAN_POINT('Ctrl Pts',(1.67554481469286,13.5189097192,-4.16666666666667));
#13354=CARTESIAN_POINT('Ctrl Pts',(1.67554481469286,13.5189097192,4.16666666666667));
#13355=CARTESIAN_POINT('Ctrl Pts',(1.67013625041429,13.5202209037,-4.16666666666667));
#13356=CARTESIAN_POINT('Ctrl Pts',(1.67013625041429,13.5202209037,4.16666666666667));
#13357=CARTESIAN_POINT('Ctrl Pts',(1.66472424207857,13.52151833415,-4.16666666666667));
#13358=CARTESIAN_POINT('Ctrl Pts',(1.66472424207857,13.52151833415,4.16666666666667));
#13359=CARTESIAN_POINT('Ctrl Pts',(1.65930909886429,13.5228020722214,-4.16666666666667));
#13360=CARTESIAN_POINT('Ctrl Pts',(1.65930909886429,13.5228020722214,4.16666666666667));
#13361=CARTESIAN_POINT('Ctrl Pts',(1.65389079007143,13.5240723070357,-4.16666666666667));
#13362=CARTESIAN_POINT('Ctrl Pts',(1.65389079007143,13.5240723070357,4.16666666666667));
#13363=CARTESIAN_POINT('',(1.65389079007143,13.5240723070357,0.));
#13364=CARTESIAN_POINT('Ctrl Pts',(1.68094996004286,13.5175845888571,-4.16666666666667));
#13365=CARTESIAN_POINT('Ctrl Pts',(1.68094996004286,13.5175845888571,4.16666666666667));
#13366=CARTESIAN_POINT('Ctrl Pts',(1.67554481469286,13.5189097192,-4.16666666666667));
#13367=CARTESIAN_POINT('Ctrl Pts',(1.67554481469286,13.5189097192,4.16666666666667));
#13368=CARTESIAN_POINT('Ctrl Pts',(1.67013625041429,13.5202209037,-4.16666666666667));
#13369=CARTESIAN_POINT('Ctrl Pts',(1.67013625041429,13.5202209037,4.16666666666667));
#13370=CARTESIAN_POINT('Ctrl Pts',(1.66472424207857,13.52151833415,-4.16666666666667));
#13371=CARTESIAN_POINT('Ctrl Pts',(1.66472424207857,13.52151833415,4.16666666666667));
#13372=CARTESIAN_POINT('Ctrl Pts',(1.65930909886429,13.5228020722214,-4.16666666666667));
#13373=CARTESIAN_POINT('Ctrl Pts',(1.65930909886429,13.5228020722214,4.16666666666667));
#13374=CARTESIAN_POINT('Ctrl Pts',(1.65389079007143,13.5240723070357,-4.16666666666667));
#13375=CARTESIAN_POINT('Ctrl Pts',(1.65389079007143,13.5240723070357,4.16666666666667));
#13376=CARTESIAN_POINT('',(1.65389079007143,13.5240723070357,0.));
#13377=CARTESIAN_POINT('Origin',(6.29637071400858,9.28515364295702,0.));
#13378=CARTESIAN_POINT('',(1.38339639565902,13.2073639969234,0.));
#13379=CARTESIAN_POINT('Origin',(6.29637071400858,9.28515364295702,0.));
#13380=CARTESIAN_POINT('',(1.38339639565902,13.2073639969234,0.));
#13381=CARTESIAN_POINT('Ctrl Pts',(1.38339639565902,13.2073639969234,-4.16666666666667));
#13382=CARTESIAN_POINT('Ctrl Pts',(1.38339639565902,13.2073639969234,4.16666666666667));
#13383=CARTESIAN_POINT('Ctrl Pts',(1.38689984875943,13.1987757092101,-4.16666666666667));
#13384=CARTESIAN_POINT('Ctrl Pts',(1.38689984875943,13.1987757092101,4.16666666666667));
#13385=CARTESIAN_POINT('Ctrl Pts',(1.39044673137978,13.190205137869,-4.16666666666667));
#13386=CARTESIAN_POINT('Ctrl Pts',(1.39044673137978,13.190205137869,4.16666666666667));
#13387=CARTESIAN_POINT('Ctrl Pts',(1.39403686212743,13.1816527212113,-4.16666666666667));
#13388=CARTESIAN_POINT('Ctrl Pts',(1.39403686212743,13.1816527212113,4.16666666666667));
#13389=CARTESIAN_POINT('',(1.39403713981429,13.1816528377786,0.));
#13390=CARTESIAN_POINT('Ctrl Pts',(1.38339639565902,13.2073639969234,-4.16666666666667));
#13391=CARTESIAN_POINT('Ctrl Pts',(1.38339639565902,13.2073639969234,4.16666666666667));
#13392=CARTESIAN_POINT('Ctrl Pts',(1.38689984875943,13.1987757092101,-4.16666666666667));
#13393=CARTESIAN_POINT('Ctrl Pts',(1.38689984875943,13.1987757092101,4.16666666666667));
#13394=CARTESIAN_POINT('Ctrl Pts',(1.39044673137978,13.190205137869,-4.16666666666667));
#13395=CARTESIAN_POINT('Ctrl Pts',(1.39044673137978,13.190205137869,4.16666666666667));
#13396=CARTESIAN_POINT('Ctrl Pts',(1.39403686212743,13.1816527212113,-4.16666666666667));
#13397=CARTESIAN_POINT('Ctrl Pts',(1.39403686212743,13.1816527212113,4.16666666666667));
#13398=CARTESIAN_POINT('',(1.39403713981429,13.1816528377786,0.));
#13399=CARTESIAN_POINT('Origin',(-1.89893456049148,11.7991028558606,0.));
#13400=CARTESIAN_POINT('',(1.65730574629956,12.1281346944428,0.));
#13401=CARTESIAN_POINT('Origin',(-1.89893456049148,11.7991028558606,0.));
#13402=CARTESIAN_POINT('',(1.65730574629956,12.1281346944428,0.));
#13403=CARTESIAN_POINT('Origin',(0.335975936212674,15.4461453819443,0.));
#13404=CARTESIAN_POINT('',(0.599092760957109,11.8844215119714,0.));
#13405=CARTESIAN_POINT('Origin',(0.335975936212674,15.4461453819443,0.));
#13406=CARTESIAN_POINT('',(0.599092760957109,11.8844215119714,0.));
#13407=CARTESIAN_POINT('Ctrl Pts',(0.599092760957144,11.8844215119714,-4.16666666666667));
#13408=CARTESIAN_POINT('Ctrl Pts',(0.599092760957144,11.8844215119714,4.16666666666667));
#13409=CARTESIAN_POINT('Ctrl Pts',(0.593542674457144,11.8840115040429,-4.16666666666667));
#13410=CARTESIAN_POINT('Ctrl Pts',(0.593542674457144,11.8840115040429,4.16666666666667));
#13411=CARTESIAN_POINT('Ctrl Pts',(0.587993645864286,11.8835871763286,-4.16666666666667));
#13412=CARTESIAN_POINT('Ctrl Pts',(0.587993645864286,11.8835871763286,4.16666666666667));
#13413=CARTESIAN_POINT('Ctrl Pts',(0.582445592007144,11.8831487034643,-4.16666666666667));
#13414=CARTESIAN_POINT('Ctrl Pts',(0.582445592007144,11.8831487034643,4.16666666666667));
#13415=CARTESIAN_POINT('Ctrl Pts',(0.576898787885716,11.8826962396357,-4.16666666666667));
#13416=CARTESIAN_POINT('Ctrl Pts',(0.576898787885716,11.8826962396357,4.16666666666667));
#13417=CARTESIAN_POINT('Ctrl Pts',(0.571353145857143,11.8822299552429,-4.16666666666667));
#13418=CARTESIAN_POINT('Ctrl Pts',(0.571353145857143,11.8822299552429,4.16666666666667));
#13419=CARTESIAN_POINT('',(0.571353145857143,11.8822299552429,0.));
#13420=CARTESIAN_POINT('Ctrl Pts',(0.599092760957144,11.8844215119714,-4.16666666666667));
#13421=CARTESIAN_POINT('Ctrl Pts',(0.599092760957144,11.8844215119714,4.16666666666667));
#13422=CARTESIAN_POINT('Ctrl Pts',(0.593542674457144,11.8840115040429,-4.16666666666667));
#13423=CARTESIAN_POINT('Ctrl Pts',(0.593542674457144,11.8840115040429,4.16666666666667));
#13424=CARTESIAN_POINT('Ctrl Pts',(0.587993645864286,11.8835871763286,-4.16666666666667));
#13425=CARTESIAN_POINT('Ctrl Pts',(0.587993645864286,11.8835871763286,4.16666666666667));
#13426=CARTESIAN_POINT('Ctrl Pts',(0.582445592007144,11.8831487034643,-4.16666666666667));
#13427=CARTESIAN_POINT('Ctrl Pts',(0.582445592007144,11.8831487034643,4.16666666666667));
#13428=CARTESIAN_POINT('Ctrl Pts',(0.576898787885716,11.8826962396357,-4.16666666666667));
#13429=CARTESIAN_POINT('Ctrl Pts',(0.576898787885716,11.8826962396357,4.16666666666667));
#13430=CARTESIAN_POINT('Ctrl Pts',(0.571353145857143,11.8822299552429,-4.16666666666667));
#13431=CARTESIAN_POINT('Ctrl Pts',(0.571353145857143,11.8822299552429,4.16666666666667));
#13432=CARTESIAN_POINT('',(0.571353145857143,11.8822299552429,0.));
#13433=CARTESIAN_POINT('Origin',(6.29651183798971,9.28538392869459,0.));
#13434=CARTESIAN_POINT('',(0.411965939511393,11.4974350883882,0.));
#13435=CARTESIAN_POINT('Origin',(6.29651183798971,9.28538392869459,0.));
#13436=CARTESIAN_POINT('',(0.411965939511393,11.4974350883882,0.));
#13437=CARTESIAN_POINT('Ctrl Pts',(0.411965939511393,11.4974350883882,-4.16666666666667));
#13438=CARTESIAN_POINT('Ctrl Pts',(0.411965939511393,11.4974350883882,4.16666666666667));
#13439=CARTESIAN_POINT('Ctrl Pts',(0.417951848267862,11.4903497679438,-4.16666666666667));
#13440=CARTESIAN_POINT('Ctrl Pts',(0.417951848267862,11.4903497679438,4.16666666666667));
#13441=CARTESIAN_POINT('Ctrl Pts',(0.423973586291813,11.4832947172301,-4.16666666666667));
#13442=CARTESIAN_POINT('Ctrl Pts',(0.423973586291813,11.4832947172301,4.16666666666667));
#13443=CARTESIAN_POINT('Ctrl Pts',(0.430030845622987,11.4762702970522,-4.16666666666667));
#13444=CARTESIAN_POINT('Ctrl Pts',(0.430030845622987,11.4762702970522,4.16666666666667));
#13445=CARTESIAN_POINT('',(0.430031073686034,11.4762704937376,0.));
#13446=CARTESIAN_POINT('Ctrl Pts',(0.411965939511393,11.4974350883882,-4.16666666666667));
#13447=CARTESIAN_POINT('Ctrl Pts',(0.411965939511393,11.4974350883882,4.16666666666667));
#13448=CARTESIAN_POINT('Ctrl Pts',(0.417951848267862,11.4903497679438,-4.16666666666667));
#13449=CARTESIAN_POINT('Ctrl Pts',(0.417951848267862,11.4903497679438,4.16666666666667));
#13450=CARTESIAN_POINT('Ctrl Pts',(0.423973586291813,11.4832947172301,-4.16666666666667));
#13451=CARTESIAN_POINT('Ctrl Pts',(0.423973586291813,11.4832947172301,4.16666666666667));
#13452=CARTESIAN_POINT('Ctrl Pts',(0.430030845622987,11.4762702970522,-4.16666666666667));
#13453=CARTESIAN_POINT('Ctrl Pts',(0.430030845622987,11.4762702970522,4.16666666666667));
#13454=CARTESIAN_POINT('',(0.430031073686034,11.4762704937376,0.));
#13455=CARTESIAN_POINT('Origin',(-2.27453967986227,9.14380310693333,0.));
#13456=CARTESIAN_POINT('',(1.00596940772781,10.5556696720497,0.));
#13457=CARTESIAN_POINT('Origin',(-2.27453967986227,9.14380310693333,0.));
#13458=CARTESIAN_POINT('',(1.00596940772781,10.5556696720497,0.));
#13459=CARTESIAN_POINT('Origin',(-1.27601160837077,13.302971990888,0.));
#13460=CARTESIAN_POINT('',(0.0748605316630591,9.99687895298905,0.));
#13461=CARTESIAN_POINT('Origin',(-1.27601160837077,13.302971990888,0.));
#13462=CARTESIAN_POINT('',(0.0748605316630591,9.99687895298905,0.));
#13463=CARTESIAN_POINT('Ctrl Pts',(0.0748605316630591,9.99687895298905,
-4.16666666666667));
#13464=CARTESIAN_POINT('Ctrl Pts',(0.0748605316630591,9.99687895298905,
4.16666666666667));
#13465=CARTESIAN_POINT('Ctrl Pts',(0.0662743500302167,9.99337034213703,
-4.16666666666667));
#13466=CARTESIAN_POINT('Ctrl Pts',(0.0662743500302167,9.99337034213703,
4.16666666666667));
#13467=CARTESIAN_POINT('Ctrl Pts',(0.0577060150870309,9.98981805733255,
-4.16666666666667));
#13468=CARTESIAN_POINT('Ctrl Pts',(0.0577060150870309,9.98981805733255,
4.16666666666667));
#13469=CARTESIAN_POINT('Ctrl Pts',(0.0491559701940647,9.9862222823853,-4.16666666666667));
#13470=CARTESIAN_POINT('Ctrl Pts',(0.0491559701940647,9.9862222823853,4.16666666666667));
#13471=CARTESIAN_POINT('',(0.0491559701940647,9.9862222823853,0.));
#13472=CARTESIAN_POINT('Ctrl Pts',(0.0748605316630591,9.99687895298905,
-4.16666666666667));
#13473=CARTESIAN_POINT('Ctrl Pts',(0.0748605316630591,9.99687895298905,
4.16666666666667));
#13474=CARTESIAN_POINT('Ctrl Pts',(0.0662743500302167,9.99337034213703,
-4.16666666666667));
#13475=CARTESIAN_POINT('Ctrl Pts',(0.0662743500302167,9.99337034213703,
4.16666666666667));
#13476=CARTESIAN_POINT('Ctrl Pts',(0.0577060150870309,9.98981805733255,
-4.16666666666667));
#13477=CARTESIAN_POINT('Ctrl Pts',(0.0577060150870309,9.98981805733255,
4.16666666666667));
#13478=CARTESIAN_POINT('Ctrl Pts',(0.0491559701940647,9.9862222823853,-4.16666666666667));
#13479=CARTESIAN_POINT('Ctrl Pts',(0.0491559701940647,9.9862222823853,4.16666666666667));
#13480=CARTESIAN_POINT('',(0.0491559701940647,9.9862222823853,0.));
#13481=CARTESIAN_POINT('Origin',(6.29657488892862,9.28564655479774,0.));
#13482=CARTESIAN_POINT('',(0.0164777168999997,9.57100745858429,0.));
#13483=CARTESIAN_POINT('Origin',(6.29657488892862,9.28564655479774,0.));
#13484=CARTESIAN_POINT('',(0.0164777168999997,9.57100745858429,0.));
#13485=CARTESIAN_POINT('Ctrl Pts',(0.0164777168999997,9.57100745858429,
-4.16666666666667));
#13486=CARTESIAN_POINT('Ctrl Pts',(0.0164777168999997,9.57100745858429,
4.16666666666667));
#13487=CARTESIAN_POINT('Ctrl Pts',(0.0212072314428569,9.56807432734643,
-4.16666666666667));
#13488=CARTESIAN_POINT('Ctrl Pts',(0.0212072314428569,9.56807432734643,
4.16666666666667));
#13489=CARTESIAN_POINT('Ctrl Pts',(0.0259440558357138,9.56515298275071,
-4.16666666666667));
#13490=CARTESIAN_POINT('Ctrl Pts',(0.0259440558357138,9.56515298275071,
4.16666666666667));
#13491=CARTESIAN_POINT('Ctrl Pts',(0.0306883454857154,9.562243536825,-4.16666666666667));
#13492=CARTESIAN_POINT('Ctrl Pts',(0.0306883454857154,9.562243536825,4.16666666666667));
#13493=CARTESIAN_POINT('Ctrl Pts',(0.0354399254214288,9.55934625179929,
-4.16666666666667));
#13494=CARTESIAN_POINT('Ctrl Pts',(0.0354399254214288,9.55934625179929,
4.16666666666667));
#13495=CARTESIAN_POINT('Ctrl Pts',(0.0401989489999999,9.55646124551571,
-4.16666666666667));
#13496=CARTESIAN_POINT('Ctrl Pts',(0.0401989489999999,9.55646124551571,
4.16666666666667));
#13497=CARTESIAN_POINT('',(0.0401989489999999,9.55646124551571,0.));
#13498=CARTESIAN_POINT('Ctrl Pts',(0.0164777168999997,9.57100745858429,
-4.16666666666667));
#13499=CARTESIAN_POINT('Ctrl Pts',(0.0164777168999997,9.57100745858429,
4.16666666666667));
#13500=CARTESIAN_POINT('Ctrl Pts',(0.0212072314428569,9.56807432734643,
-4.16666666666667));
#13501=CARTESIAN_POINT('Ctrl Pts',(0.0212072314428569,9.56807432734643,
4.16666666666667));
#13502=CARTESIAN_POINT('Ctrl Pts',(0.0259440558357138,9.56515298275071,
-4.16666666666667));
#13503=CARTESIAN_POINT('Ctrl Pts',(0.0259440558357138,9.56515298275071,
4.16666666666667));
#13504=CARTESIAN_POINT('Ctrl Pts',(0.0306883454857154,9.562243536825,-4.16666666666667));
#13505=CARTESIAN_POINT('Ctrl Pts',(0.0306883454857154,9.562243536825,4.16666666666667));
#13506=CARTESIAN_POINT('Ctrl Pts',(0.0354399254214288,9.55934625179929,
-4.16666666666667));
#13507=CARTESIAN_POINT('Ctrl Pts',(0.0354399254214288,9.55934625179929,
4.16666666666667));
#13508=CARTESIAN_POINT('Ctrl Pts',(0.0401989489999999,9.55646124551571,
-4.16666666666667));
#13509=CARTESIAN_POINT('Ctrl Pts',(0.0401989489999999,9.55646124551571,
4.16666666666667));
#13510=CARTESIAN_POINT('',(0.0401989489999999,9.55646124551571,0.));
#13511=CARTESIAN_POINT('Origin',(-1.81122862859891,6.50239461294042,0.));
#13512=CARTESIAN_POINT('',(0.872430153413031,8.85889256795246,0.));
#13513=CARTESIAN_POINT('Origin',(-1.81122862859891,6.50239461294042,0.));
#13514=CARTESIAN_POINT('',(0.872430153413031,8.85889256795246,0.));
#13515=CARTESIAN_POINT('Origin',(-2.1468258674457,10.7665614261302,0.));
#13516=CARTESIAN_POINT('',(0.159568879042831,8.03972247501426,0.));
#13517=CARTESIAN_POINT('Origin',(-2.1468258674457,10.7665614261302,0.));
#13518=CARTESIAN_POINT('',(0.159568879042831,8.03972247501426,0.));
#13519=CARTESIAN_POINT('Ctrl Pts',(0.159568818016542,8.03972254716115,-4.16666666666667));
#13520=CARTESIAN_POINT('Ctrl Pts',(0.159568818016542,8.03972254716115,4.16666666666667));
#13521=CARTESIAN_POINT('Ctrl Pts',(0.152487094405141,8.03373238390621,-4.16666666666667));
#13522=CARTESIAN_POINT('Ctrl Pts',(0.152487094405141,8.03373238390621,4.16666666666667));
#13523=CARTESIAN_POINT('Ctrl Pts',(0.145435839998153,8.0277061991841,-4.16666666666667));
#13524=CARTESIAN_POINT('Ctrl Pts',(0.145435839998153,8.0277061991841,4.16666666666667));
#13525=CARTESIAN_POINT('Ctrl Pts',(0.138415419656227,8.0216443048142,-4.16666666666667));
#13526=CARTESIAN_POINT('Ctrl Pts',(0.138415419656227,8.0216443048142,4.16666666666667));
#13527=CARTESIAN_POINT('',(0.138415419656227,8.0216443048142,0.));
#13528=CARTESIAN_POINT('Ctrl Pts',(0.159568818016542,8.03972254716115,-4.16666666666667));
#13529=CARTESIAN_POINT('Ctrl Pts',(0.159568818016542,8.03972254716115,4.16666666666667));
#13530=CARTESIAN_POINT('Ctrl Pts',(0.152487094405141,8.03373238390621,-4.16666666666667));
#13531=CARTESIAN_POINT('Ctrl Pts',(0.152487094405141,8.03373238390621,4.16666666666667));
#13532=CARTESIAN_POINT('Ctrl Pts',(0.145435839998153,8.0277061991841,-4.16666666666667));
#13533=CARTESIAN_POINT('Ctrl Pts',(0.145435839998153,8.0277061991841,4.16666666666667));
#13534=CARTESIAN_POINT('Ctrl Pts',(0.138415419656227,8.0216443048142,-4.16666666666667));
#13535=CARTESIAN_POINT('Ctrl Pts',(0.138415419656227,8.0216443048142,4.16666666666667));
#13536=CARTESIAN_POINT('',(0.138415419656227,8.0216443048142,0.));
#13537=CARTESIAN_POINT('Origin',(6.29595567572695,9.28578036815274,0.));
#13538=CARTESIAN_POINT('',(0.191601177160105,7.78571432040975,0.));
#13539=CARTESIAN_POINT('Origin',(6.29595567572695,9.28578036815274,0.));
#13540=CARTESIAN_POINT('',(0.191601177160105,7.78571432040975,0.));
#13541=CARTESIAN_POINT('Origin',(7.77656142613016,17.7282544388743,0.));
#13542=CARTESIAN_POINT('',(5.04972247501426,15.4218596923857,0.));
#13543=CARTESIAN_POINT('',(5.86889256808648,14.7089984179357,0.));
#13544=CARTESIAN_POINT('Origin',(3.5123946129946,17.3926571999805,0.));
#13545=CARTESIAN_POINT('',(6.56646124551572,15.5412296224286,0.));
#13546=CARTESIAN_POINT('Ctrl Pts',(6.58100745858429,15.5649508545286,-4.16666666666667));
#13547=CARTESIAN_POINT('Ctrl Pts',(6.58100745858429,15.5649508545286,4.16666666666667));
#13548=CARTESIAN_POINT('Ctrl Pts',(6.57807432734643,15.5602213399857,-4.16666666666667));
#13549=CARTESIAN_POINT('Ctrl Pts',(6.57807432734643,15.5602213399857,4.16666666666667));
#13550=CARTESIAN_POINT('Ctrl Pts',(6.57515298275071,15.5554845155929,-4.16666666666667));
#13551=CARTESIAN_POINT('Ctrl Pts',(6.57515298275071,15.5554845155929,4.16666666666667));
#13552=CARTESIAN_POINT('Ctrl Pts',(6.572243536825,15.5507402259429,-4.16666666666667));
#13553=CARTESIAN_POINT('Ctrl Pts',(6.572243536825,15.5507402259429,4.16666666666667));
#13554=CARTESIAN_POINT('Ctrl Pts',(6.56934625179929,15.5459886460071,-4.16666666666667));
#13555=CARTESIAN_POINT('Ctrl Pts',(6.56934625179929,15.5459886460071,4.16666666666667));
#13556=CARTESIAN_POINT('Ctrl Pts',(6.56646124551572,15.5412296224286,-4.16666666666667));
#13557=CARTESIAN_POINT('Ctrl Pts',(6.56646124551572,15.5412296224286,4.16666666666667));
#13558=CARTESIAN_POINT('Origin',(15.1524360303053,15.5649508545147,0.));
#13559=CARTESIAN_POINT('',(15.1524360303053,15.5649508545147,0.));
#13560=CARTESIAN_POINT('Origin',(14.8670751263786,9.28485368450373,0.));
#13561=CARTESIAN_POINT('',(15.5676511301429,15.53227271745,0.));
#13562=CARTESIAN_POINT('Ctrl Pts',(15.5783074369286,15.5065680040214,-4.16666666666667));
#13563=CARTESIAN_POINT('Ctrl Pts',(15.5783074369286,15.5065680040214,4.16666666666667));
#13564=CARTESIAN_POINT('Ctrl Pts',(15.5762024252143,15.5117197505357,-4.16666666666667));
#13565=CARTESIAN_POINT('Ctrl Pts',(15.5762024252143,15.5117197505357,4.16666666666667));
#13566=CARTESIAN_POINT('Ctrl Pts',(15.5740841214286,15.5168660658714,-4.16666666666667));
#13567=CARTESIAN_POINT('Ctrl Pts',(15.5740841214286,15.5168660658714,4.16666666666667));
#13568=CARTESIAN_POINT('Ctrl Pts',(15.571952666,15.5220070830571,-4.16666666666667));
#13569=CARTESIAN_POINT('Ctrl Pts',(15.571952666,15.5220070830571,4.16666666666667));
#13570=CARTESIAN_POINT('Ctrl Pts',(15.5698082905714,15.5271425882643,-4.16666666666667));
#13571=CARTESIAN_POINT('Ctrl Pts',(15.5698082905714,15.5271425882643,4.16666666666667));
#13572=CARTESIAN_POINT('Ctrl Pts',(15.5676511301429,15.53227271745,-4.16666666666667));
#13573=CARTESIAN_POINT('Ctrl Pts',(15.5676511301429,15.53227271745,4.16666666666667));
#13574=CARTESIAN_POINT('',(15.5783074369266,15.5065680040263,0.));
#13575=CARTESIAN_POINT('Origin',(18.8844005256914,16.857440157009,0.));
#13576=CARTESIAN_POINT('Origin',(23.4373962907199,9.42762517026861,0.));
#13577=CARTESIAN_POINT('',(20.6924121729285,7.14285714261954,0.));
#13578=CARTESIAN_POINT('Origin',(21.01,7.14285714285714,0.));
#13579=CARTESIAN_POINT('',(21.01,7.14285714285714,0.));
#13580=CARTESIAN_POINT('Origin',(21.01,4.57536461020714,0.));
#13581=CARTESIAN_POINT('',(21.01,4.57536461020714,0.));
#13582=CARTESIAN_POINT('Origin',(22.4385714285714,4.57536461020714,0.));
#13583=CARTESIAN_POINT('',(22.0828571428575,3.19178820340134,0.));
#13584=CARTESIAN_POINT('Origin',(21.905,2.5,0.));
#13585=CARTESIAN_POINT('',(21.905,1.78571428571429,0.));
#13586=CARTESIAN_POINT('Ctrl Pts',(20.6448767574286,1.7094867605,-4.16666666666667));
#13587=CARTESIAN_POINT('Ctrl Pts',(20.6448767574286,1.7094867605,4.16666666666667));
#13588=CARTESIAN_POINT('Ctrl Pts',(20.8921506486429,1.7324940965,-4.16666666666667));
#13589=CARTESIAN_POINT('Ctrl Pts',(20.8921506486429,1.7324940965,4.16666666666667));
#13590=CARTESIAN_POINT('Ctrl Pts',(21.1417999185,1.751620517,-4.16666666666667));
#13591=CARTESIAN_POINT('Ctrl Pts',(21.1417999185,1.751620517,4.16666666666667));
#13592=CARTESIAN_POINT('Ctrl Pts',(21.393824567,1.76686602207143,-4.16666666666667));
#13593=CARTESIAN_POINT('Ctrl Pts',(21.393824567,1.76686602207143,4.16666666666667));
#13594=CARTESIAN_POINT('Ctrl Pts',(21.6482245941429,1.77823061164286,-4.16666666666667));
#13595=CARTESIAN_POINT('Ctrl Pts',(21.6482245941429,1.77823061164286,4.16666666666667));
#13596=CARTESIAN_POINT('Ctrl Pts',(21.905,1.78571428571429,-4.16666666666667));
#13597=CARTESIAN_POINT('Ctrl Pts',(21.905,1.78571428571429,4.16666666666667));
#13598=CARTESIAN_POINT('',(20.6448767574248,1.70948676054055,0.));
#13599=CARTESIAN_POINT('Origin',(20.7242857142857,0.856030203285716,0.));
#13600=CARTESIAN_POINT('',(19.8671428571429,0.856030203285714,0.));
#13601=CARTESIAN_POINT('Origin',(19.8671428571429,0.,0.));
#13602=CARTESIAN_POINT('Origin',(0.,0.,0.));
#13603=CARTESIAN_POINT('',(0.,0.,0.));
#13604=CARTESIAN_POINT('Origin',(2.77555756156289E-16,0.178571428571428,
0.));
#13605=CARTESIAN_POINT('',(2.77555756156289E-16,0.178571428571428,0.));
#13606=CARTESIAN_POINT('Origin',(1.42857142857143,0.178571428571428,0.));
#13607=CARTESIAN_POINT('',(1.42857142857143,1.60714285714286,0.));
#13608=CARTESIAN_POINT('Origin',(1.42857142857143,2.5,0.));
#13609=CARTESIAN_POINT('',(1.97802197802033,3.20377409107002,0.));
#13610=CARTESIAN_POINT('Origin',(2.85714285714286,4.32981263677857,0.));
#13611=CARTESIAN_POINT('',(1.42857142857143,4.32981263677857,0.));
#13612=CARTESIAN_POINT('Origin',(1.42857142859118,5.83981761045909,0.));
#13613=CARTESIAN_POINT('',(1.42857142859118,5.83981761045909,0.));
#13614=CARTESIAN_POINT('Origin',(1.37305406190746,2.26881183695441,0.));
#13615=CARTESIAN_POINT('',(1.07575499966429,5.82785351695714,0.));
#13616=CARTESIAN_POINT('Ctrl Pts',(1.04801407025,5.82567866014286,-4.16666666666667));
#13617=CARTESIAN_POINT('Ctrl Pts',(1.04801407025,5.82567866014286,4.16666666666667));
#13618=CARTESIAN_POINT('Ctrl Pts',(1.05356437917857,5.82608564602143,-4.16666666666667));
#13619=CARTESIAN_POINT('Ctrl Pts',(1.05356437917857,5.82608564602143,4.16666666666667));
#13620=CARTESIAN_POINT('Ctrl Pts',(1.05911367387857,5.82650646411428,-4.16666666666667));
#13621=CARTESIAN_POINT('Ctrl Pts',(1.05911367387857,5.82650646411428,4.16666666666667));
#13622=CARTESIAN_POINT('Ctrl Pts',(1.06466201423571,5.82694129640714,-4.16666666666667));
#13623=CARTESIAN_POINT('Ctrl Pts',(1.06466201423571,5.82694129640714,4.16666666666667));
#13624=CARTESIAN_POINT('Ctrl Pts',(1.07020910456429,5.82739025219286,-4.16666666666667));
#13625=CARTESIAN_POINT('Ctrl Pts',(1.07020910456429,5.82739025219286,4.16666666666667));
#13626=CARTESIAN_POINT('Ctrl Pts',(1.07575499966429,5.82785351695714,-4.16666666666667));
#13627=CARTESIAN_POINT('Ctrl Pts',(1.07575499966429,5.82785351695714,4.16666666666667));
#13628=CARTESIAN_POINT('',(1.04801407025,5.82567866014286,0.));
#13629=CARTESIAN_POINT('Origin',(6.29645034005577,9.28616534045032,0.));
#13630=CARTESIAN_POINT('',(0.8303939261,6.18080245952143,0.));
#13631=CARTESIAN_POINT('Ctrl Pts',(0.844925856121429,6.20453244428571,-4.16666666666667));
#13632=CARTESIAN_POINT('Ctrl Pts',(0.844925856121429,6.20453244428571,4.16666666666667));
#13633=CARTESIAN_POINT('Ctrl Pts',(0.841995300514287,6.19980133337143,-4.16666666666667));
#13634=CARTESIAN_POINT('Ctrl Pts',(0.841995300514287,6.19980133337143,4.16666666666667));
#13635=CARTESIAN_POINT('Ctrl Pts',(0.839076951671429,6.19506266136429,-4.16666666666667));
#13636=CARTESIAN_POINT('Ctrl Pts',(0.839076951671429,6.19506266136429,4.16666666666667));
#13637=CARTESIAN_POINT('Ctrl Pts',(0.836170619435714,6.19031646362143,-4.16666666666667));
#13638=CARTESIAN_POINT('Ctrl Pts',(0.836170619435714,6.19031646362143,4.16666666666667));
#13639=CARTESIAN_POINT('Ctrl Pts',(0.833276340700001,6.18556305326428,-4.16666666666667));
#13640=CARTESIAN_POINT('Ctrl Pts',(0.833276340700001,6.18556305326428,4.16666666666667));
#13641=CARTESIAN_POINT('Ctrl Pts',(0.8303939261,6.18080245952143,-4.16666666666667));
#13642=CARTESIAN_POINT('Ctrl Pts',(0.8303939261,6.18080245952143,4.16666666666667));
#13643=CARTESIAN_POINT('',(0.844925856121411,6.20453244428568,0.));
#13644=CARTESIAN_POINT('Origin',(-2.19122547328973,8.08519522514314,0.));
#13645=CARTESIAN_POINT('',(1.26975973683459,7.20389574740671,0.));
#13646=CARTESIAN_POINT('Origin',(-0.554353520614139,4.13343684079855,0.));
#13647=CARTESIAN_POINT('',(0.262700250192859,7.61014939848572,0.));
#13648=CARTESIAN_POINT('Ctrl Pts',(0.235644990785715,7.61665340536429,-4.16666666666667));
#13649=CARTESIAN_POINT('Ctrl Pts',(0.235644990785715,7.61665340536429,4.16666666666667));
#13650=CARTESIAN_POINT('Ctrl Pts',(0.241049413814286,7.61532533215714,-4.16666666666667));
#13651=CARTESIAN_POINT('Ctrl Pts',(0.241049413814286,7.61532533215714,4.16666666666667));
#13652=CARTESIAN_POINT('Ctrl Pts',(0.246457146642858,7.61401072757857,-4.16666666666667));
#13653=CARTESIAN_POINT('Ctrl Pts',(0.246457146642858,7.61401072757857,4.16666666666667));
#13654=CARTESIAN_POINT('Ctrl Pts',(0.251868302464286,7.6127097462,-4.16666666666667));
#13655=CARTESIAN_POINT('Ctrl Pts',(0.251868302464286,7.6127097462,4.16666666666667));
#13656=CARTESIAN_POINT('Ctrl Pts',(0.257282633835715,7.61142258334286,-4.16666666666667));
#13657=CARTESIAN_POINT('Ctrl Pts',(0.257282633835715,7.61142258334286,4.16666666666667));
#13658=CARTESIAN_POINT('Ctrl Pts',(0.262700250192857,7.61014939848571,-4.16666666666667));
#13659=CARTESIAN_POINT('Ctrl Pts',(0.262700250192857,7.61014939848571,4.16666666666667));
#13660=CARTESIAN_POINT('',(0.235644990785715,7.61665340536429,0.));
#13661=CARTESIAN_POINT('Origin',(6.29655369577123,9.28591581020076,0.));
#13662=CARTESIAN_POINT('Origin',(1.14343684090542,16.135782092005,0.));
#13663=CARTESIAN_POINT('',(4.62014939848571,15.3187283212357,0.));
#13664=CARTESIAN_POINT('Ctrl Pts',(4.62665340536429,15.3457835806429,-4.16666666666667));
#13665=CARTESIAN_POINT('Ctrl Pts',(4.62665340536429,15.3457835806429,4.16666666666667));
#13666=CARTESIAN_POINT('Ctrl Pts',(4.62532533215714,15.3403791576143,-4.16666666666667));
#13667=CARTESIAN_POINT('Ctrl Pts',(4.62532533215714,15.3403791576143,4.16666666666667));
#13668=CARTESIAN_POINT('Ctrl Pts',(4.62401072757857,15.3349714247857,-4.16666666666667));
#13669=CARTESIAN_POINT('Ctrl Pts',(4.62401072757857,15.3349714247857,4.16666666666667));
#13670=CARTESIAN_POINT('Ctrl Pts',(4.6227097462,15.3295602689643,-4.16666666666667));
#13671=CARTESIAN_POINT('Ctrl Pts',(4.6227097462,15.3295602689643,4.16666666666667));
#13672=CARTESIAN_POINT('Ctrl Pts',(4.62142258334286,15.3241459375929,-4.16666666666667));
#13673=CARTESIAN_POINT('Ctrl Pts',(4.62142258334286,15.3241459375929,4.16666666666667));
#13674=CARTESIAN_POINT('Ctrl Pts',(4.62014939848572,15.3187283212357,-4.16666666666667));
#13675=CARTESIAN_POINT('Ctrl Pts',(4.62014939848572,15.3187283212357,4.16666666666667));
#13676=CARTESIAN_POINT('',(4.62665340594041,15.3457835808015,0.));
#13677=CARTESIAN_POINT('Origin',(6.29591581020076,9.28487487565734,0.));
#13678=CARTESIAN_POINT('',(5.03164453171429,15.4430133476929,0.));
#13679=CARTESIAN_POINT('Ctrl Pts',(5.04972247501429,15.4218596923857,-4.16666666666667));
#13680=CARTESIAN_POINT('Ctrl Pts',(5.04972247501429,15.4218596923857,4.16666666666667));
#13681=CARTESIAN_POINT('Ctrl Pts',(5.04612851264286,15.4261088100714,-4.16666666666667));
#13682=CARTESIAN_POINT('Ctrl Pts',(5.04612851264286,15.4261088100714,4.16666666666667));
#13683=CARTESIAN_POINT('Ctrl Pts',(5.04252358713572,15.4303486549357,-4.16666666666667));
#13684=CARTESIAN_POINT('Ctrl Pts',(5.04252358713572,15.4303486549357,4.16666666666667));
#13685=CARTESIAN_POINT('Ctrl Pts',(5.0389077909,15.4345793969071,-4.16666666666667));
#13686=CARTESIAN_POINT('Ctrl Pts',(5.0389077909,15.4345793969071,4.16666666666667));
#13687=CARTESIAN_POINT('Ctrl Pts',(5.03528141032143,15.4388009041357,-4.16666666666667));
#13688=CARTESIAN_POINT('Ctrl Pts',(5.03528141032143,15.4388009041357,4.16666666666667));
#13689=CARTESIAN_POINT('Ctrl Pts',(5.03164453171429,15.4430133476929,-4.16666666666667));
#13690=CARTESIAN_POINT('Ctrl Pts',(5.03164453171429,15.4430133476929,4.16666666666667));
#13691=CARTESIAN_POINT('',(0.,0.,0.));
#13692=CARTESIAN_POINT('Origin',(9.33142857142857,4.25,8.16666666666667));
#13693=CARTESIAN_POINT('',(8.83142857142857,4.25,7.16666666666667));
#13694=CARTESIAN_POINT('',(9.33142857142857,3.75,7.16666666666667));
#13695=CARTESIAN_POINT('Origin',(9.33142857142857,4.25,7.16666666666667));
#13696=CARTESIAN_POINT('',(8.83142857142857,4.25,8.16666666666667));
#13697=CARTESIAN_POINT('',(8.83142857142857,4.25,8.16666666666667));
#13698=CARTESIAN_POINT('',(9.33142857142857,3.75,8.16666666666667));
#13699=CARTESIAN_POINT('Origin',(9.33142857142857,4.25,8.16666666666667));
#13700=CARTESIAN_POINT('',(9.33142857142857,3.75,8.16666666666667));
#13701=CARTESIAN_POINT('Origin',(10.5814285714286,5.,7.16666666666667));
#13702=CARTESIAN_POINT('',(11.8314285714286,3.75,7.16666666666667));
#13703=CARTESIAN_POINT('',(8.83142857142857,3.75,7.16666666666667));
#13704=CARTESIAN_POINT('',(12.3314285714286,4.25,7.16666666666667));
#13705=CARTESIAN_POINT('Origin',(11.8314285714286,4.25,7.16666666666667));
#13706=CARTESIAN_POINT('',(12.3314285714286,5.75,7.16666666666667));
#13707=CARTESIAN_POINT('',(12.3314285714286,3.75,7.16666666666667));
#13708=CARTESIAN_POINT('',(11.8314285714286,6.25,7.16666666666667));
#13709=CARTESIAN_POINT('Origin',(11.8314285714286,5.75,7.16666666666667));
#13710=CARTESIAN_POINT('',(9.33142857142857,6.25,7.16666666666667));
#13711=CARTESIAN_POINT('',(12.3314285714286,6.25,7.16666666666667));
#13712=CARTESIAN_POINT('',(8.83142857142857,5.75,7.16666666666667));
#13713=CARTESIAN_POINT('Origin',(9.33142857142857,5.75,7.16666666666667));
#13714=CARTESIAN_POINT('',(8.83142857142857,6.25,7.16666666666667));
#13715=CARTESIAN_POINT('Origin',(12.3314285714286,3.75,8.16666666666667));
#13716=CARTESIAN_POINT('',(11.8314285714286,3.75,8.16666666666667));
#13717=CARTESIAN_POINT('',(11.4567857142857,3.75,8.16666666666667));
#13718=CARTESIAN_POINT('',(11.8314285714286,3.75,8.16666666666667));
#13719=CARTESIAN_POINT('Origin',(11.8314285714286,4.25,8.16666666666667));
#13720=CARTESIAN_POINT('',(12.3314285714286,4.25,8.16666666666667));
#13721=CARTESIAN_POINT('Origin',(11.8314285714286,4.25,8.16666666666667));
#13722=CARTESIAN_POINT('',(12.3314285714286,4.25,8.16666666666667));
#13723=CARTESIAN_POINT('Origin',(11.8314285714286,5.75,8.16666666666667));
#13724=CARTESIAN_POINT('',(12.3314285714286,5.75,8.16666666666667));
#13725=CARTESIAN_POINT('',(12.3314285714286,5.75,8.16666666666667));
#13726=CARTESIAN_POINT('',(11.8314285714286,6.25,8.16666666666667));
#13727=CARTESIAN_POINT('Origin',(11.8314285714286,5.75,8.16666666666667));
#13728=CARTESIAN_POINT('',(11.8314285714286,6.25,8.16666666666667));
#13729=CARTESIAN_POINT('Origin',(8.83142857142857,6.25,8.16666666666667));
#13730=CARTESIAN_POINT('',(9.33142857142857,6.25,8.16666666666667));
#13731=CARTESIAN_POINT('',(9.70678571428572,6.25,8.16666666666667));
#13732=CARTESIAN_POINT('',(9.33142857142857,6.25,8.16666666666667));
#13733=CARTESIAN_POINT('Origin',(9.33142857142857,5.75,8.16666666666667));
#13734=CARTESIAN_POINT('',(8.83142857142857,5.75,8.16666666666667));
#13735=CARTESIAN_POINT('Origin',(9.33142857142857,5.75,8.16666666666667));
#13736=CARTESIAN_POINT('',(8.83142857142857,5.75,8.16666666666667));
#13737=CARTESIAN_POINT('Origin',(8.83142857142857,3.75,8.16666666666667));
#13738=CARTESIAN_POINT('',(8.83142857142857,5.32413040325531,8.16666666666667));
#13739=CARTESIAN_POINT('Origin',(12.3314285714286,6.25,8.16666666666667));
#13740=CARTESIAN_POINT('',(12.3314285714286,6.57413040325531,8.16666666666667));
#13741=CARTESIAN_POINT('Origin',(12.8673335254512,5.02706914050966,8.16666666666667));
#13742=CARTESIAN_POINT('',(12.8673335254512,6.83578201198052,6.66666666666667));
#13743=CARTESIAN_POINT('',(12.8673335254512,5.02706914050966,6.66666666666667));
#13744=CARTESIAN_POINT('',(12.8673335254512,5.01353457025483,6.66666666666667));
#13745=CARTESIAN_POINT('',(12.8673335254512,6.83578201198052,8.16666666666667));
#13746=CARTESIAN_POINT('',(12.8673335254512,6.83578201198098,8.29666666666667));
#13747=CARTESIAN_POINT('',(12.8673335254512,5.02706914050966,8.16666666666667));
#13748=CARTESIAN_POINT('',(12.8673335254512,5.96266497351014,8.16666666666667));
#13749=CARTESIAN_POINT('',(12.8673335254512,5.02706914050966,8.16666666666667));
#13750=CARTESIAN_POINT('Origin',(16.8669521888345,6.83578201198052,8.16666666666667));
#13751=CARTESIAN_POINT('',(16.8669521888345,5.02706914050966,6.66666666666667));
#13752=CARTESIAN_POINT('',(16.8669521888345,6.83578201198052,6.66666666666667));
#13753=CARTESIAN_POINT('',(16.8669521888345,5.91789100599026,6.66666666666667));
#13754=CARTESIAN_POINT('',(16.8669521888345,5.02706914050966,8.16666666666667));
#13755=CARTESIAN_POINT('',(16.8669521888345,5.02706914050966,8.16666666666667));
#13756=CARTESIAN_POINT('',(16.8669521888345,6.83578201198052,8.16666666666667));
#13757=CARTESIAN_POINT('',(16.8669521888345,6.86702140924557,8.16666666666667));
#13758=CARTESIAN_POINT('',(16.8669521888345,6.83578201198098,8.29666666666667));
#13759=CARTESIAN_POINT('Origin',(16.8169522371429,6.83578201198098,8.42666666666667));
#13760=CARTESIAN_POINT('',(12.8169522371428,6.83578201198098,6.66666666666667));
#13761=CARTESIAN_POINT('',(15.8420475471429,6.83578201198098,6.66666666666667));
#13762=CARTESIAN_POINT('',(12.8169523337595,6.83578201198098,7.50166690820836));
#13763=CARTESIAN_POINT('',(12.8169522371428,6.83578201198098,8.32666666666667));
#13764=CARTESIAN_POINT('',(12.8169523337595,6.83578201198098,8.16666666666667));
#13765=CARTESIAN_POINT('',(12.8169523337595,6.83578201198098,8.42666666666667));
#13766=CARTESIAN_POINT('',(13.6995475471429,6.83578201198098,8.16666666666667));
#13767=CARTESIAN_POINT('Origin',(10.5821428571429,6.89826080651062,8.16666666666667));
#13768=CARTESIAN_POINT('',(12.8169520535711,7.12578201198098,8.16666666666667));
#13769=CARTESIAN_POINT('',(12.8169522552677,6.91702244053676,8.16666666666667));
#13770=CARTESIAN_POINT('',(11.7669522371429,7.12578201198098,8.16666666666667));
#13771=CARTESIAN_POINT('',(11.7495474070487,7.12578201198098,8.16666666666667));
#13772=CARTESIAN_POINT('',(11.7669522371429,7.67371891556314,8.16666666666667));
#13773=CARTESIAN_POINT('',(11.7669522371429,7.1895214092458,8.16666666666667));
#13774=CARTESIAN_POINT('',(12.2585063625733,10.375782011981,8.16666666666667));
#13775=CARTESIAN_POINT('Origin',(10.5821428571429,9.285,8.16666666666667));
#13776=CARTESIAN_POINT('',(12.816952200276,10.375782011981,8.16666666666667));
#13777=CARTESIAN_POINT('',(11.2245475471429,10.375782011981,8.16666666666667));
#13778=CARTESIAN_POINT('',(12.8169519938214,10.935782011981,8.16666666666667));
#13779=CARTESIAN_POINT('',(12.8169528597362,8.58702180276494,8.16666666666667));
#13780=CARTESIAN_POINT('',(11.7669522371429,10.935782011981,8.16666666666667));
#13781=CARTESIAN_POINT('',(11.7495474070487,10.935782011981,8.16666666666667));
#13782=CARTESIAN_POINT('',(11.7669522371429,11.645782011981,8.16666666666667));
#13783=CARTESIAN_POINT('',(11.7669522371429,9.0945214092458,8.16666666666667));
#13784=CARTESIAN_POINT('',(12.8169520535711,11.645782011981,8.16666666666667));
#13785=CARTESIAN_POINT('',(11.2245475471429,11.645782011981,8.16666666666667));
#13786=CARTESIAN_POINT('',(12.8169523337595,11.935782011981,8.16666666666667));
#13787=CARTESIAN_POINT('',(12.8169497118132,9.22202037795716,8.16666666666667));
#13788=CARTESIAN_POINT('',(16.9169522371429,11.935782011981,8.16666666666667));
#13789=CARTESIAN_POINT('',(11.7495475471429,11.935782011981,8.16666666666667));
#13790=CARTESIAN_POINT('',(16.9169522371429,11.645782011981,8.16666666666667));
#13791=CARTESIAN_POINT('',(16.9169522371429,9.3670214092458,8.16666666666667));
#13792=CARTESIAN_POINT('',(17.9669522371429,11.645782011981,8.16666666666667));
#13793=CARTESIAN_POINT('',(13.6995475471429,11.645782011981,8.16666666666667));
#13794=CARTESIAN_POINT('',(17.9669522371429,10.935782011981,8.16666666666667));
#13795=CARTESIAN_POINT('',(17.9669522371429,9.0945214092458,8.16666666666667));
#13796=CARTESIAN_POINT('',(16.9169522371429,10.935782011981,8.16666666666667));
#13797=CARTESIAN_POINT('',(14.2245475471429,10.935782011981,8.16666666666667));
#13798=CARTESIAN_POINT('',(16.9169522371429,10.375782011981,8.16666666666667));
#13799=CARTESIAN_POINT('',(16.9169522371429,9.3670214092458,8.16666666666667));
#13800=CARTESIAN_POINT('',(17.9669522371429,10.375782011981,8.16666666666667));
#13801=CARTESIAN_POINT('',(13.6995475471429,10.375782011981,8.16666666666667));
#13802=CARTESIAN_POINT('',(17.9669522371429,9.66578201198098,8.16666666666667));
#13803=CARTESIAN_POINT('',(17.9669522371429,8.4595214092458,8.16666666666667));
#13804=CARTESIAN_POINT('',(16.9169522371429,9.66578201198098,8.16666666666667));
#13805=CARTESIAN_POINT('',(14.2245475471429,9.66578201198098,8.16666666666667));
#13806=CARTESIAN_POINT('',(16.9169522371429,9.10578201198098,8.16666666666667));
#13807=CARTESIAN_POINT('',(16.9169522371429,9.3670214092458,8.16666666666667));
#13808=CARTESIAN_POINT('',(17.9669522371429,9.10578201198098,8.16666666666667));
#13809=CARTESIAN_POINT('',(13.6995475471429,9.10578201198098,8.16666666666667));
#13810=CARTESIAN_POINT('',(17.9669522371429,8.39578201198098,8.16666666666667));
#13811=CARTESIAN_POINT('',(17.9669522371429,7.8245214092458,8.16666666666667));
#13812=CARTESIAN_POINT('',(16.9169522740097,8.39578201198098,8.16666666666667));
#13813=CARTESIAN_POINT('',(14.2245475471429,8.39578201198098,8.16666666666667));
#13814=CARTESIAN_POINT('',(16.9169524804643,7.83578201198098,8.16666666666667));
#13815=CARTESIAN_POINT('',(16.9169525316206,7.69702259540295,8.16666666666667));
#13816=CARTESIAN_POINT('',(17.9669522371429,7.83578201198098,8.16666666666667));
#13817=CARTESIAN_POINT('',(13.699547687237,7.83578201198098,8.16666666666667));
#13818=CARTESIAN_POINT('',(17.9669522371429,7.12578201198098,8.16666666666667));
#13819=CARTESIAN_POINT('',(17.9669522371429,7.1895214092458,8.16666666666667));
#13820=CARTESIAN_POINT('',(16.9169524207146,7.12578201198098,8.16666666666667));
#13821=CARTESIAN_POINT('',(14.2245475471429,7.12578201198098,8.16666666666667));
#13822=CARTESIAN_POINT('',(16.9169521405262,6.83578201198098,8.16666666666667));
#13823=CARTESIAN_POINT('',(16.9169523591082,7.06201830069632,8.16666666666667));
#13824=CARTESIAN_POINT('',(13.6995475471429,6.83578201198098,8.16666666666667));
#13825=CARTESIAN_POINT('',(14.8671428571429,3.,8.16666666666667));
#13826=CARTESIAN_POINT('Origin',(14.8671428571429,5.,8.16666666666667));
#13827=CARTESIAN_POINT('',(18.5821428571429,3.,8.16666666666667));
#13828=CARTESIAN_POINT('',(6.58214285714286,3.,8.16666666666667));
#13829=CARTESIAN_POINT('',(18.5821428571429,11.2965216130212,8.16666666666667));
#13830=CARTESIAN_POINT('',(18.5821428571429,0.,8.16666666666667));
#13831=CARTESIAN_POINT('',(18.4665236161091,12.0480057421096,8.16666666666667));
#13832=CARTESIAN_POINT('Origin',(16.0821428571429,11.2965216130212,8.16666666666667));
#13833=CARTESIAN_POINT('',(2.69776209817665,12.0480057421096,8.16666666666667));
#13834=CARTESIAN_POINT('',(6.58,12.0480057421096,8.16666666666667));
#13835=CARTESIAN_POINT('',(2.58214285714286,11.2965216130212,8.16666666666667));
#13836=CARTESIAN_POINT('Origin',(5.08214285714286,11.2965216130212,8.16666666666667));
#13837=CARTESIAN_POINT('',(2.58214285714286,3.,8.16666666666667));
#13838=CARTESIAN_POINT('',(2.58214285714286,0.,8.16666666666667));
#13839=CARTESIAN_POINT('',(6.29571428571428,3.,8.16666666666667));
#13840=CARTESIAN_POINT('',(6.58214285714286,3.,8.16666666666667));
#13841=CARTESIAN_POINT('',(8.29571428571428,5.,8.16666666666667));
#13842=CARTESIAN_POINT('Origin',(6.29571428571428,5.,8.16666666666667));
#13843=CARTESIAN_POINT('Origin',(6.29571428571428,5.,8.16666666666667));
#13844=CARTESIAN_POINT('',(6.58214285714286,3.,8.16666666666667));
#13845=CARTESIAN_POINT('Origin',(14.8671428571429,5.,8.16666666666667));
#13846=CARTESIAN_POINT('Origin',(12.8169522371429,6.93578201198098,8.22666666666667));
#13847=CARTESIAN_POINT('',(12.8169522371429,11.9108595690849,6.16666666666667));
#13848=CARTESIAN_POINT('',(12.8169522371429,11.935782011981,6.16635605434671));
#13849=CARTESIAN_POINT('Origin',(12.8169522371429,11.9108595690849,5.16666666666667));
#13850=CARTESIAN_POINT('',(12.8169523337595,11.935782011981,7.50166690820835));
#13851=CARTESIAN_POINT('',(12.8169522371429,11.935782011981,8.32666666666667));
#13852=CARTESIAN_POINT('',(12.8169520535712,11.645782011981,7.50166620773745));
#13853=CARTESIAN_POINT('',(12.8169503217188,9.853283636966,7.50166187810653));
#13854=CARTESIAN_POINT('',(12.8169522371428,11.645782011981,7.30167105689643));
#13855=CARTESIAN_POINT('',(12.8169522371429,11.645782011981,8.32666666666667));
#13856=CARTESIAN_POINT('',(12.8169522371428,10.935782011981,7.30167105689643));
#13857=CARTESIAN_POINT('',(12.8169522371429,11.290782011981,7.30167530703241));
#13858=CARTESIAN_POINT('',(12.8169519938214,10.935782011981,7.50166605836295));
#13859=CARTESIAN_POINT('',(12.8169522371429,10.935782011981,8.32666666666667));
#13860=CARTESIAN_POINT('',(12.816952200276,10.375782011981,7.50166657449941));
#13861=CARTESIAN_POINT('',(12.8169526270104,9.21828135506013,7.50166764133564));
#13862=CARTESIAN_POINT('',(12.8169522371428,10.375782011981,7.30167105689643));
#13863=CARTESIAN_POINT('',(12.8169522371429,10.375782011981,8.32666666666667));
#13864=CARTESIAN_POINT('',(12.8169522371428,9.66578201198098,7.30167105689643));
#13865=CARTESIAN_POINT('',(12.8169522371429,10.020782011981,7.30167530703241));
#13866=CARTESIAN_POINT('',(12.816952200276,9.66578201198098,7.50166657449944));
#13867=CARTESIAN_POINT('',(12.8169522371429,9.66578201198098,8.32666666666667));
#13868=CARTESIAN_POINT('',(12.8169519938214,9.10578201198098,7.50166605836298));
#13869=CARTESIAN_POINT('',(12.8169518011921,8.5832826320371,7.5016655767898));
#13870=CARTESIAN_POINT('',(12.8169522371428,9.10578201198098,7.30167105689643));
#13871=CARTESIAN_POINT('',(12.8169522371429,9.10578201198098,8.32666666666667));
#13872=CARTESIAN_POINT('',(12.8169522371428,8.39578201198098,7.30167105689643));
#13873=CARTESIAN_POINT('',(12.8169522371429,8.75078201198098,7.30167530703241));
#13874=CARTESIAN_POINT('',(12.816952200276,8.39578201198098,7.50166657449944));
#13875=CARTESIAN_POINT('',(12.8169522371429,8.39578201198098,8.32666666666667));
#13876=CARTESIAN_POINT('',(12.8169519938214,7.83578201198098,7.50166605836298));
#13877=CARTESIAN_POINT('',(12.8169520352969,7.94828263203648,7.50166616205168));
#13878=CARTESIAN_POINT('',(12.8169522371428,7.83578201198098,7.30167105689643));
#13879=CARTESIAN_POINT('',(12.8169522371429,7.83578201198098,8.32666666666667));
#13880=CARTESIAN_POINT('',(12.8169522371428,7.12578201198098,7.30167105689643));
#13881=CARTESIAN_POINT('',(12.8169522371429,7.48078201198098,7.30167530703241));
#13882=CARTESIAN_POINT('',(12.8169520535712,7.12578201198098,7.50166620773745));
#13883=CARTESIAN_POINT('',(12.8169522371429,7.12578201198098,8.32666666666667));
#13884=CARTESIAN_POINT('',(12.8169516453673,7.5482803870051,7.50166518722772));
#13885=CARTESIAN_POINT('',(12.8169522371435,6.83281707261577,6.66666666666667));
#13886=CARTESIAN_POINT('',(12.8169522371429,5.96789100599049,6.66666666666667));
#13887=CARTESIAN_POINT('',(12.8169522371435,6.83281707261577,6.16666666666667));
#13888=CARTESIAN_POINT('',(12.8169522371429,6.83281707261363,6.16666666666667));
#13889=CARTESIAN_POINT('',(12.8169522371073,7.68246231387121,6.16666666666667));
#13890=CARTESIAN_POINT('',(12.8169522371429,6.9170214092458,6.16666666666667));
#13891=CARTESIAN_POINT('',(12.8169522371073,7.68246231387121,6.66666666666667));
#13892=CARTESIAN_POINT('',(12.8169522371429,7.68246231399569,6.16666666666667));
#13893=CARTESIAN_POINT('',(12.8169522371073,10.8875376861288,6.66666666666667));
#13894=CARTESIAN_POINT('',(12.8169522371429,8.11039100599049,6.66666666666667));
#13895=CARTESIAN_POINT('',(12.8169522371073,10.8875376861288,6.16666666666667));
#13896=CARTESIAN_POINT('',(12.8169522371429,10.8875376860043,6.16666666666667));
#13897=CARTESIAN_POINT('',(12.8169522371429,6.9170214092458,6.16666666666667));
#13898=CARTESIAN_POINT('Origin',(6.58,11.9108595690849,5.16666666666667));
#13899=CARTESIAN_POINT('',(16.126077557104,11.935782011981,6.16635605434671));
#13900=CARTESIAN_POINT('',(6.58,11.935782011981,6.16635605434671));
#13901=CARTESIAN_POINT('',(11.3990648383902,11.9108595690849,6.16666666666667));
#13902=CARTESIAN_POINT('',(6.58,11.9108595690849,6.16666666666667));
#13903=CARTESIAN_POINT('',(9.76522087589556,11.9108595690849,6.16666666666667));
#13904=CARTESIAN_POINT('Ctrl Pts',(11.3990648383902,11.9108595690849,6.16666666666667));
#13905=CARTESIAN_POINT('Ctrl Pts',(11.1332305212829,11.9935623531833,6.16666666666667));
#13906=CARTESIAN_POINT('Ctrl Pts',(10.8521929807996,12.035,6.15893132562224));
#13907=CARTESIAN_POINT('Ctrl Pts',(10.5821428571429,12.035,6.15893132562224));
#13908=CARTESIAN_POINT('Ctrl Pts',(10.3120927334861,12.035,6.15893132562224));
#13909=CARTESIAN_POINT('Ctrl Pts',(10.0310551930028,11.9935623531833,6.16666666666667));
#13910=CARTESIAN_POINT('Ctrl Pts',(9.76522087589556,11.9108595690849,6.16666666666667));
#13911=CARTESIAN_POINT('',(5.58,11.9108595690849,6.16666666666667));
#13912=CARTESIAN_POINT('',(6.58,11.9108595690849,6.16666666666667));
#13913=CARTESIAN_POINT('',(6.30486695245778,12.6357265215427,5.85555555555556));
#13914=CARTESIAN_POINT('Origin',(5.58,11.9108595690849,5.16666666666667));
#13915=CARTESIAN_POINT('',(15.4261330475422,12.6357265215427,5.85555555555556));
#13916=CARTESIAN_POINT('',(6.58,12.6357265215427,5.85555555555556));
#13917=CARTESIAN_POINT('Origin',(16.151,11.9108595690849,5.16666666666667));
#13918=CARTESIAN_POINT('Origin',(12.9169522371429,11.935782011981,8.42666666666667));
#13919=CARTESIAN_POINT('',(16.151,11.935782011981,6.16666666666667));
#13920=CARTESIAN_POINT('Origin',(16.151,11.935782011981,5.16666666666667));
#13921=CARTESIAN_POINT('',(16.9169522371429,11.935782011981,6.16666666666667));
#13922=CARTESIAN_POINT('',(11.7495475471429,11.935782011981,6.16666666666667));
#13923=CARTESIAN_POINT('',(16.9169522371429,11.935782011981,8.42666666666667));
#13924=CARTESIAN_POINT('',(12.8169523337595,11.935782011981,8.42666666666667));
#13925=CARTESIAN_POINT('Origin',(11.8669522371429,7.48078201198098,8.12666666666667));
#13926=CARTESIAN_POINT('',(11.7669522371429,7.67371891556314,8.1266666666667));
#13927=CARTESIAN_POINT('',(11.9604632927463,7.83578201198098,8.12666666666663));
#13928=CARTESIAN_POINT('Origin',(10.5821428571429,9.285,8.12666666666667));
#13929=CARTESIAN_POINT('',(11.7669522371429,7.12578201198098,8.1266666666667));
#13930=CARTESIAN_POINT('',(11.7669522371429,7.48078201198098,8.1266666666667));
#13931=CARTESIAN_POINT('',(12.4490485452762,7.12578201198098,8.12666666666647));
#13932=CARTESIAN_POINT('',(12.3919520970486,7.12578201198098,8.12666666666649));
#13933=CARTESIAN_POINT('',(12.4490485452762,7.83578201198098,8.12666666666647));
#13934=CARTESIAN_POINT('',(12.4490485452762,7.48078201198098,8.12666666666647));
#13935=CARTESIAN_POINT('',(11.8669522371428,7.83578201198098,8.12666666666667));
#13936=CARTESIAN_POINT('Origin',(16.9151080556492,7.48078201198098,7.50166680433787));
#13937=CARTESIAN_POINT('',(16.9169522371429,7.12578201198098,7.30167105689643));
#13938=CARTESIAN_POINT('',(16.9169522371429,7.83578201198098,7.30167105689643));
#13939=CARTESIAN_POINT('',(16.9169522371429,7.48078201198098,7.30167530703241));
#13940=CARTESIAN_POINT('',(17.1112364560038,7.12578201198098,7.46250495333207));
#13941=CARTESIAN_POINT('Origin',(16.9151080556492,7.12578201198098,7.50166680433787));
#13942=CARTESIAN_POINT('',(17.1112364560038,7.83578201198098,7.46250495333207));
#13943=CARTESIAN_POINT('',(17.1112364560038,7.48078201198098,7.46250495333207));
#13944=CARTESIAN_POINT('Origin',(16.9151080556492,7.83578201198098,7.50166680433787));
#13945=CARTESIAN_POINT('Origin',(16.9151080556492,8.75078201198098,7.50166680433787));
#13946=CARTESIAN_POINT('',(16.9169522371429,8.39578201198098,7.30167105689643));
#13947=CARTESIAN_POINT('',(16.9169522371429,9.10578201198098,7.30167105689643));
#13948=CARTESIAN_POINT('',(16.9169522371429,8.75078201198098,7.30167530703241));
#13949=CARTESIAN_POINT('',(17.1112364560038,8.39578201198098,7.46250495333207));
#13950=CARTESIAN_POINT('Origin',(16.9151080556492,8.39578201198098,7.50166680433787));
#13951=CARTESIAN_POINT('',(17.1112364560038,9.10578201198098,7.46250495333207));
#13952=CARTESIAN_POINT('',(17.1112364560038,8.75078201198098,7.46250495333207));
#13953=CARTESIAN_POINT('Origin',(16.9151080556492,9.10578201198098,7.50166680433787));
#13954=CARTESIAN_POINT('Origin',(16.9151080556492,10.020782011981,7.50166680433787));
#13955=CARTESIAN_POINT('',(16.9169522371429,9.66578201198098,7.30167105689643));
#13956=CARTESIAN_POINT('',(16.9169522371429,10.375782011981,7.30167105689643));
#13957=CARTESIAN_POINT('',(16.9169522371429,10.020782011981,7.30167530703241));
#13958=CARTESIAN_POINT('',(17.1112364560038,9.66578201198098,7.46250495333207));
#13959=CARTESIAN_POINT('Origin',(16.9151080556492,9.66578201198098,7.50166680433787));
#13960=CARTESIAN_POINT('',(17.1112364560038,10.375782011981,7.46250495333207));
#13961=CARTESIAN_POINT('',(17.1112364560038,10.020782011981,7.46250495333207));
#13962=CARTESIAN_POINT('Origin',(16.9151080556492,10.375782011981,7.50166680433787));
#13963=CARTESIAN_POINT('Origin',(16.9151080556492,11.290782011981,7.50166680433786));
#13964=CARTESIAN_POINT('',(16.9169522371429,10.935782011981,7.30167105689643));
#13965=CARTESIAN_POINT('',(16.9169522371429,11.645782011981,7.30167105689643));
#13966=CARTESIAN_POINT('',(16.9169522371429,11.290782011981,7.30167530703241));
#13967=CARTESIAN_POINT('',(17.1112364560038,10.935782011981,7.46250495333207));
#13968=CARTESIAN_POINT('Origin',(16.9151080556492,10.935782011981,7.50166680433786));
#13969=CARTESIAN_POINT('',(17.1112364560038,11.645782011981,7.46250495333207));
#13970=CARTESIAN_POINT('',(17.1112364560038,11.290782011981,7.46250495333207));
#13971=CARTESIAN_POINT('Origin',(16.9151080556492,11.645782011981,7.50166680433786));
#13972=CARTESIAN_POINT('Origin',(12.8187964186365,7.48078201198098,7.50166680433786));
#13973=CARTESIAN_POINT('',(12.6226680182819,7.83578201198098,7.46250495333207));
#13974=CARTESIAN_POINT('Origin',(12.8187964186365,7.83578201198098,7.50166680433786));
#13975=CARTESIAN_POINT('',(12.6226680182819,7.12578201198098,7.46250495333207));
#13976=CARTESIAN_POINT('',(12.6226680182819,7.48078201198098,7.46250495333207));
#13977=CARTESIAN_POINT('Origin',(12.8187964186365,7.12578201198098,7.50166680433786));
#13978=CARTESIAN_POINT('Origin',(12.8187964186365,8.75078201198098,7.50166680433786));
#13979=CARTESIAN_POINT('',(12.6226680182819,9.10578201198098,7.46250495333207));
#13980=CARTESIAN_POINT('Origin',(12.8187964186365,9.10578201198098,7.50166680433786));
#13981=CARTESIAN_POINT('',(12.6226680182819,8.39578201198098,7.46250495333207));
#13982=CARTESIAN_POINT('',(12.6226680182819,8.75078201198098,7.46250495333207));
#13983=CARTESIAN_POINT('Origin',(12.8187964186365,8.39578201198098,7.50166680433786));
#13984=CARTESIAN_POINT('Origin',(12.8187964186365,10.020782011981,7.50166680433786));
#13985=CARTESIAN_POINT('',(12.6226680182819,10.375782011981,7.46250495333207));
#13986=CARTESIAN_POINT('Origin',(12.8187964186365,10.375782011981,7.50166680433786));
#13987=CARTESIAN_POINT('',(12.6226680182819,9.66578201198098,7.46250495333207));
#13988=CARTESIAN_POINT('',(12.6226680182819,10.020782011981,7.46250495333207));
#13989=CARTESIAN_POINT('Origin',(12.8187964186365,9.66578201198098,7.50166680433786));
#13990=CARTESIAN_POINT('Origin',(12.8187964186365,11.290782011981,7.50166680433786));
#13991=CARTESIAN_POINT('',(12.6226680182819,11.645782011981,7.46250495333207));
#13992=CARTESIAN_POINT('Origin',(12.8187964186365,11.645782011981,7.50166680433786));
#13993=CARTESIAN_POINT('',(12.6226680182819,10.935782011981,7.46250495333207));
#13994=CARTESIAN_POINT('',(12.6226680182819,11.290782011981,7.46250495333207));
#13995=CARTESIAN_POINT('Origin',(12.8187964186365,10.935782011981,7.50166680433786));
#13996=CARTESIAN_POINT('Origin',(10.5821428571429,6.89826080651062,6.16666666666667));
#13997=CARTESIAN_POINT('',(18.5821428571429,11.2965216130212,6.16666666666667));
#13998=CARTESIAN_POINT('',(16.151,13.7955731718886,6.16666666666667));
#13999=CARTESIAN_POINT('Origin',(16.0821428571429,11.2965216130212,6.16666666666667));
#14000=CARTESIAN_POINT('',(18.5821428571429,2.75,6.16666666666667));
#14001=CARTESIAN_POINT('',(18.5821428571429,0.,6.16666666666667));
#14002=CARTESIAN_POINT('',(16.4482816872271,2.75,6.16666666666667));
#14003=CARTESIAN_POINT('',(12.4715813513429,2.75,6.16666666666667));
#14004=CARTESIAN_POINT('',(16.9169522371422,6.83324343873689,6.16666666666667));
#14005=CARTESIAN_POINT('Origin',(14.8671428571429,5.,6.16666666666667));
#14006=CARTESIAN_POINT('',(16.9169522371429,9.3670214092458,6.16666666666667));
#14007=CARTESIAN_POINT('',(16.151,10.5854875171077,6.16666666666667));
#14008=CARTESIAN_POINT('Origin',(10.5821428571429,6.89826080651062,8.16666666666667));
#14009=CARTESIAN_POINT('',(12.3735923735355,8.39578201198099,8.16666666666667));
#14010=CARTESIAN_POINT('',(11.9604632927463,7.83578201198098,8.16666666666667));
#14011=CARTESIAN_POINT('Origin',(10.5821428571429,9.285,8.16666666666667));
#14012=CARTESIAN_POINT('',(12.8169519938214,7.83578201198098,8.16666666666667));
#14013=CARTESIAN_POINT('',(11.2245475471429,7.83578201198098,8.16666666666667));
#14014=CARTESIAN_POINT('',(12.816952200276,8.39578201198098,8.16666666666667));
#14015=CARTESIAN_POINT('',(12.8169518025703,7.317021015727,8.16666666666667));
#14016=CARTESIAN_POINT('',(11.7495475471429,8.39578201198098,8.16666666666667));
#14017=CARTESIAN_POINT('Origin',(10.5821428571429,9.285,6.66666666666667));
#14018=CARTESIAN_POINT('Origin',(10.5821428571429,9.285,6.66666666666667));
#14019=CARTESIAN_POINT('',(12.5821428571429,9.285,6.66666666666667));
#14020=CARTESIAN_POINT('Origin',(10.5821428571429,9.285,6.66666666666667));
#14021=CARTESIAN_POINT('Origin',(10.5821428571429,6.89826080651062,6.16666666666667));
#14022=CARTESIAN_POINT('',(13.2860040270587,2.75,6.16666666666667));
#14023=CARTESIAN_POINT('Origin',(14.8671428571429,5.,6.16666666666667));
#14024=CARTESIAN_POINT('',(7.87685311579848,2.75,6.16666666666667));
#14025=CARTESIAN_POINT('',(12.4715813513429,2.75,6.16666666666667));
#14026=CARTESIAN_POINT('',(9.04571428571428,5.,6.16666666666667));
#14027=CARTESIAN_POINT('Origin',(6.29571428571428,5.,6.16666666666667));
#14028=CARTESIAN_POINT('',(4.71457545563009,2.75,6.16666666666667));
#14029=CARTESIAN_POINT('Origin',(6.29571428571428,5.,6.16666666666667));
#14030=CARTESIAN_POINT('',(2.58214285714286,2.75,6.16666666666667));
#14031=CARTESIAN_POINT('',(12.4715813513429,2.75,6.16666666666667));
#14032=CARTESIAN_POINT('',(2.58214285714286,11.2965216130212,6.16666666666667));
#14033=CARTESIAN_POINT('',(2.58214285714286,0.,6.16666666666667));
#14034=CARTESIAN_POINT('',(5.08214285714286,13.7965216130212,6.16666666666667));
#14035=CARTESIAN_POINT('Origin',(5.08214285714286,11.2965216130212,6.16666666666667));
#14036=CARTESIAN_POINT('',(5.58,13.7965216130212,6.16666666666667));
#14037=CARTESIAN_POINT('',(5.08214285714286,13.7965216130212,6.16666666666667));
#14038=CARTESIAN_POINT('',(5.58,10.5854875171077,6.16666666666667));
#14039=CARTESIAN_POINT('Origin',(10.5821428571429,9.285,6.16666666666667));
#14040=CARTESIAN_POINT('Origin',(14.8671428571429,5.,6.16666666666667));
#14041=CARTESIAN_POINT('',(16.9169522371422,6.83324343873689,6.66666666666667));
#14042=CARTESIAN_POINT('Origin',(14.8671428571429,5.,6.66666666666667));
#14043=CARTESIAN_POINT('',(16.9169522371429,6.83324343873476,6.16666666666667));
#14044=CARTESIAN_POINT('Ctrl Pts',(13.2860040270587,2.75,6.16666666666667));
#14045=CARTESIAN_POINT('Ctrl Pts',(13.458106759121,2.6290585278101,6.16666666666667));
#14046=CARTESIAN_POINT('Ctrl Pts',(13.647957169078,2.52568941963568,6.1520277735838));
#14047=CARTESIAN_POINT('Ctrl Pts',(14.1756506366341,2.31499509604638,6.10843065232022));
#14048=CARTESIAN_POINT('Ctrl Pts',(14.531537958843,2.25,6.08088022903976));
#14049=CARTESIAN_POINT('Ctrl Pts',(14.8671428571429,2.25,6.08088022903976));
#14050=CARTESIAN_POINT('Ctrl Pts',(15.2027477554427,2.25,6.08088022903976));
#14051=CARTESIAN_POINT('Ctrl Pts',(15.5586350776516,2.31499509604638,6.10843065232022));
#14052=CARTESIAN_POINT('Ctrl Pts',(16.0863285452077,2.52568941963568,6.15202777358381));
#14053=CARTESIAN_POINT('Ctrl Pts',(16.2761789551648,2.6290585278101,6.16666666666667));
#14054=CARTESIAN_POINT('Ctrl Pts',(16.4482816872271,2.75,6.16666666666667));
#14055=CARTESIAN_POINT('Origin',(12.4490485452762,8.75078201198098,8.07666666666657));
#14056=CARTESIAN_POINT('',(12.4490485452762,8.56759972705925,8.12666666666647));
#14057=CARTESIAN_POINT('',(12.4980806453648,8.71125581339489,8.08645712941802));
#14058=CARTESIAN_POINT('Ctrl Pts',(12.4490485452762,8.56759972705925,8.12666666666647));
#14059=CARTESIAN_POINT('Ctrl Pts',(12.4637057512303,8.60574247971778,8.12666666666647));
#14060=CARTESIAN_POINT('Ctrl Pts',(12.4796211964321,8.65178386648455,8.12107542237339));
#14061=CARTESIAN_POINT('Ctrl Pts',(12.4931918868382,8.69512001427914,8.10056143867172));
#14062=CARTESIAN_POINT('Ctrl Pts',(12.4959446308269,8.70414155676049,8.09538061389985));
#14063=CARTESIAN_POINT('Ctrl Pts',(12.4977754639114,8.71023741998667,8.08789777751633));
#14064=CARTESIAN_POINT('Ctrl Pts',(12.4979328257552,8.71076219065759,8.08719743210623));
#14065=CARTESIAN_POINT('Ctrl Pts',(12.4980806453648,8.71125581339489,8.08645712941802));
#14066=CARTESIAN_POINT('',(12.4490485452762,8.39578201198098,8.12666666666647));
#14067=CARTESIAN_POINT('',(12.4490485452762,8.75078201198098,8.12666666666647));
#14068=CARTESIAN_POINT('',(12.4980806453648,8.39578201198098,8.08645712941802));
#14069=CARTESIAN_POINT('Origin',(12.4490485452762,8.39578201198098,8.07666666666657));
#14070=CARTESIAN_POINT('',(12.4980806453648,8.75078201198098,8.08645712941802));
#14071=CARTESIAN_POINT('Origin',(12.4980806453648,8.75078201198098,8.08645712941802));
#14072=CARTESIAN_POINT('',(12.5740969009828,9.10578201198098,7.70575636496478));
#14073=CARTESIAN_POINT('Origin',(10.5821428571429,9.285,17.6817598010755));
#14074=CARTESIAN_POINT('',(12.473447368468,8.39578201198098,8.20982426016364));
#14075=CARTESIAN_POINT('',(12.4533182046815,9.10578201198098,8.31063411956807));
#14076=CARTESIAN_POINT('Origin',(12.4490485452762,10.020782011981,8.07666666666657));
#14077=CARTESIAN_POINT('',(12.4980806453648,9.85874418660511,8.08645712941802));
#14078=CARTESIAN_POINT('',(12.4490485452762,10.0024002729408,8.12666666666647));
#14079=CARTESIAN_POINT('Ctrl Pts',(12.4980806453648,9.85874418660511,8.08645712941802));
#14080=CARTESIAN_POINT('Ctrl Pts',(12.4976858393936,9.86006258546103,8.08843437670308));
#14081=CARTESIAN_POINT('Ctrl Pts',(12.4972026629342,9.86167040897531,8.0902228313878));
#14082=CARTESIAN_POINT('Ctrl Pts',(12.4935978479789,9.87360530020179,8.10161020547885));
#14083=CARTESIAN_POINT('Ctrl Pts',(12.4887146674995,9.88930027417844,8.10771122256175));
#14084=CARTESIAN_POINT('Ctrl Pts',(12.4744742443732,9.93316353967342,8.12195164568803));
#14085=CARTESIAN_POINT('Ctrl Pts',(12.4611205556511,9.97098502863969,8.12666666666647));
#14086=CARTESIAN_POINT('Ctrl Pts',(12.4490485452762,10.0024002729408,8.12666666666647));
#14087=CARTESIAN_POINT('',(12.4980806453648,10.375782011981,8.08645712941802));
#14088=CARTESIAN_POINT('',(12.4980806453648,10.020782011981,8.08645712941802));
#14089=CARTESIAN_POINT('',(12.4490485452762,10.375782011981,8.12666666666647));
#14090=CARTESIAN_POINT('Origin',(12.4490485452762,10.375782011981,8.07666666666657));
#14091=CARTESIAN_POINT('',(12.4490485452762,10.020782011981,8.12666666666647));
#14092=CARTESIAN_POINT('Origin',(11.8669522371429,10.020782011981,8.12666666666667));
#14093=CARTESIAN_POINT('',(12.2585063625733,10.375782011981,8.12666666666667));
#14094=CARTESIAN_POINT('Origin',(10.5821428571429,9.285,8.12666666666667));
#14095=CARTESIAN_POINT('',(11.8669522371428,10.375782011981,8.12666666666667));
#14096=CARTESIAN_POINT('Origin',(11.7669522371429,11.290782011981,8.32666666666667));
#14097=CARTESIAN_POINT('',(11.7669522371429,10.935782011981,8.1266666666667));
#14098=CARTESIAN_POINT('',(11.7669522371429,10.935782011981,8.37666666666667));
#14099=CARTESIAN_POINT('',(11.7669522371429,11.645782011981,8.1266666666667));
#14100=CARTESIAN_POINT('',(11.7669522371429,11.290782011981,8.1266666666667));
#14101=CARTESIAN_POINT('',(11.7669522371429,11.645782011981,8.37666666666667));
#14102=CARTESIAN_POINT('Origin',(17.9669522371429,11.290782011981,8.32666666666667));
#14103=CARTESIAN_POINT('',(17.9669522371429,11.645782011981,8.1266666666667));
#14104=CARTESIAN_POINT('',(17.9669522371429,11.645782011981,8.37666666666667));
#14105=CARTESIAN_POINT('',(17.9669522371429,10.935782011981,8.1266666666667));
#14106=CARTESIAN_POINT('',(17.9669522371429,11.290782011981,8.1266666666667));
#14107=CARTESIAN_POINT('',(17.9669522371428,10.935782011981,8.37666666666667));
#14108=CARTESIAN_POINT('Origin',(17.2358238289209,7.48078201198098,8.08645712941802));
#14109=CARTESIAN_POINT('',(17.2358238289209,7.12578201198098,8.08645712941802));
#14110=CARTESIAN_POINT('',(17.2805862696042,7.12578201198098,8.31063411956807));
#14111=CARTESIAN_POINT('',(17.2358238289209,7.83578201198098,8.08645712941802));
#14112=CARTESIAN_POINT('',(17.2358238289209,7.48078201198098,8.08645712941802));
#14113=CARTESIAN_POINT('',(17.2604571111891,7.83578201198098,8.20982428706435));
#14114=CARTESIAN_POINT('Origin',(17.2848559290095,7.48078201198098,8.07666666666658));
#14115=CARTESIAN_POINT('',(17.2848559290095,7.12578201198098,8.12666666666647));
#14116=CARTESIAN_POINT('Origin',(17.2848559290095,7.12578201198098,8.07666666666658));
#14117=CARTESIAN_POINT('',(17.2848559290095,7.83578201198098,8.12666666666647));
#14118=CARTESIAN_POINT('',(17.2848559290095,7.48078201198098,8.12666666666647));
#14119=CARTESIAN_POINT('Origin',(17.2848559290095,7.83578201198098,8.07666666666658));
#14120=CARTESIAN_POINT('Origin',(17.8669522371429,7.48078201198098,8.12666666666667));
#14121=CARTESIAN_POINT('',(17.9669522371429,7.12578201198098,8.1266666666667));
#14122=CARTESIAN_POINT('',(17.8669522371429,7.12578201198098,8.12666666666667));
#14123=CARTESIAN_POINT('',(17.9669522371429,7.83578201198098,8.1266666666667));
#14124=CARTESIAN_POINT('',(17.9669522371429,7.48078201198098,8.1266666666667));
#14125=CARTESIAN_POINT('',(17.3419523772371,7.83578201198098,8.12666666666649));
#14126=CARTESIAN_POINT('Origin',(17.9669522371429,7.48078201198098,8.32666666666667));
#14127=CARTESIAN_POINT('',(17.9669522371429,7.83578201198098,8.37666666666667));
#14128=CARTESIAN_POINT('',(17.9669522371429,7.12578201198098,8.37666666666667));
#14129=CARTESIAN_POINT('Origin',(12.4980806453648,7.48078201198098,8.08645712941802));
#14130=CARTESIAN_POINT('',(12.4980806453648,7.83578201198098,8.08645712941802));
#14131=CARTESIAN_POINT('',(12.4533182046815,7.83578201198098,8.31063411956807));
#14132=CARTESIAN_POINT('',(12.4980806453648,7.12578201198098,8.08645712941802));
#14133=CARTESIAN_POINT('',(12.4980806453648,7.48078201198098,8.08645712941802));
#14134=CARTESIAN_POINT('',(12.4734473630966,7.12578201198098,8.20982428706435));
#14135=CARTESIAN_POINT('Origin',(12.4490485452762,7.48078201198098,8.07666666666657));
#14136=CARTESIAN_POINT('Origin',(12.4490485452762,7.83578201198098,8.07666666666657));
#14137=CARTESIAN_POINT('Origin',(12.4490485452762,7.12578201198098,8.07666666666657));
#14138=CARTESIAN_POINT('Origin',(11.7669522371429,7.48078201198098,8.32666666666667));
#14139=CARTESIAN_POINT('',(11.7669522371429,7.67371891556314,6.16666666666667));
#14140=CARTESIAN_POINT('',(11.7669522371429,7.12578201198098,8.37666666666667));
#14141=CARTESIAN_POINT('Origin',(11.8669522371429,8.75078201198098,8.12666666666667));
#14142=CARTESIAN_POINT('',(12.3735923735355,8.39578201198099,8.12666666666667));
#14143=CARTESIAN_POINT('Origin',(10.5821428571429,9.285,8.12666666666667));
#14144=CARTESIAN_POINT('',(12.3919522371428,8.39578201198098,8.12666666666649));
#14145=CARTESIAN_POINT('Origin',(12.4980806453648,11.290782011981,8.08645712941802));
#14146=CARTESIAN_POINT('',(12.4980806453648,11.645782011981,8.08645712941802));
#14147=CARTESIAN_POINT('',(12.4533182046815,11.645782011981,8.31063411956807));
#14148=CARTESIAN_POINT('',(12.4980806453648,10.935782011981,8.08645712941802));
#14149=CARTESIAN_POINT('',(12.4980806453648,11.290782011981,8.08645712941802));
#14150=CARTESIAN_POINT('',(12.4734473630966,10.935782011981,8.20982428706435));
#14151=CARTESIAN_POINT('Origin',(12.4490485452762,11.290782011981,8.07666666666657));
#14152=CARTESIAN_POINT('',(12.4490485452762,11.645782011981,8.12666666666647));
#14153=CARTESIAN_POINT('Origin',(12.4490485452762,11.645782011981,8.07666666666657));
#14154=CARTESIAN_POINT('',(12.4490485452762,10.935782011981,8.12666666666647));
#14155=CARTESIAN_POINT('',(12.4490485452762,11.290782011981,8.12666666666647));
#14156=CARTESIAN_POINT('Origin',(12.4490485452762,10.935782011981,8.07666666666657));
#14157=CARTESIAN_POINT('Origin',(11.8669522371429,11.290782011981,8.12666666666667));
#14158=CARTESIAN_POINT('',(11.8669522371428,11.645782011981,8.12666666666667));
#14159=CARTESIAN_POINT('',(12.3919520970486,10.935782011981,8.12666666666649));
#14160=CARTESIAN_POINT('Origin',(12.4980806453648,10.020782011981,8.08645712941802));
#14161=CARTESIAN_POINT('',(12.5455595371555,9.66578201198098,7.8486757463028));
#14162=CARTESIAN_POINT('Origin',(10.5821428571429,9.285,17.6817598010755));
#14163=CARTESIAN_POINT('',(12.473447368468,9.66578201198098,8.20982426016364));
#14164=CARTESIAN_POINT('',(12.4533182046815,10.375782011981,8.31063411956807));
#14165=CARTESIAN_POINT('Origin',(17.2358238289209,8.75078201198098,8.08645712941802));
#14166=CARTESIAN_POINT('',(17.2358238289209,8.39578201198098,8.08645712941802));
#14167=CARTESIAN_POINT('',(17.2805862696042,8.39578201198098,8.31063411956807));
#14168=CARTESIAN_POINT('',(17.2358238289209,9.10578201198098,8.08645712941802));
#14169=CARTESIAN_POINT('',(17.2358238289209,8.75078201198098,8.08645712941802));
#14170=CARTESIAN_POINT('',(17.2604571058177,9.10578201198098,8.20982426016364));
#14171=CARTESIAN_POINT('Origin',(17.2848559290095,8.75078201198098,8.07666666666658));
#14172=CARTESIAN_POINT('',(17.2848559290095,8.39578201198098,8.12666666666647));
#14173=CARTESIAN_POINT('Origin',(17.2848559290095,8.39578201198098,8.07666666666658));
#14174=CARTESIAN_POINT('',(17.2848559290095,9.10578201198098,8.12666666666647));
#14175=CARTESIAN_POINT('',(17.2848559290095,8.75078201198098,8.12666666666647));
#14176=CARTESIAN_POINT('Origin',(17.2848559290095,9.10578201198098,8.07666666666658));
#14177=CARTESIAN_POINT('Origin',(17.8669522371429,8.75078201198098,8.12666666666667));
#14178=CARTESIAN_POINT('',(17.9669522371429,8.39578201198098,8.1266666666667));
#14179=CARTESIAN_POINT('',(17.8669522371429,8.39578201198098,8.12666666666667));
#14180=CARTESIAN_POINT('',(17.9669522371429,9.10578201198098,8.1266666666667));
#14181=CARTESIAN_POINT('',(17.9669522371429,8.75078201198098,8.1266666666667));
#14182=CARTESIAN_POINT('',(17.3419522371429,9.10578201198098,8.12666666666649));
#14183=CARTESIAN_POINT('Origin',(17.9669522371429,8.75078201198098,8.32666666666667));
#14184=CARTESIAN_POINT('',(17.9669522371429,9.10578201198098,8.37666666666667));
#14185=CARTESIAN_POINT('',(17.9669522371428,8.39578201198098,8.37666666666667));
#14186=CARTESIAN_POINT('Origin',(17.2358238289209,11.290782011981,8.08645712941802));
#14187=CARTESIAN_POINT('',(17.2358238289209,10.935782011981,8.08645712941802));
#14188=CARTESIAN_POINT('',(17.2805862696042,10.935782011981,8.31063411956807));
#14189=CARTESIAN_POINT('',(17.2358238289209,11.645782011981,8.08645712941802));
#14190=CARTESIAN_POINT('',(17.2358238289209,11.290782011981,8.08645712941802));
#14191=CARTESIAN_POINT('',(17.2604571058177,11.645782011981,8.20982426016364));
#14192=CARTESIAN_POINT('Origin',(17.2848559290095,11.290782011981,8.07666666666657));
#14193=CARTESIAN_POINT('',(17.2848559290095,10.935782011981,8.12666666666647));
#14194=CARTESIAN_POINT('Origin',(17.2848559290095,10.935782011981,8.07666666666657));
#14195=CARTESIAN_POINT('',(17.2848559290095,11.645782011981,8.12666666666647));
#14196=CARTESIAN_POINT('',(17.2848559290095,11.290782011981,8.12666666666647));
#14197=CARTESIAN_POINT('Origin',(17.2848559290095,11.645782011981,8.07666666666657));
#14198=CARTESIAN_POINT('Origin',(17.8669522371429,11.290782011981,8.12666666666667));
#14199=CARTESIAN_POINT('',(17.8669522371429,10.935782011981,8.12666666666667));
#14200=CARTESIAN_POINT('',(17.3419522371429,11.645782011981,8.12666666666649));
#14201=CARTESIAN_POINT('Origin',(17.2358238289209,10.020782011981,8.08645712941802));
#14202=CARTESIAN_POINT('',(17.2358238289209,9.66578201198098,8.08645712941802));
#14203=CARTESIAN_POINT('',(17.2805862696042,9.66578201198098,8.31063411956807));
#14204=CARTESIAN_POINT('',(17.2358238289209,10.375782011981,8.08645712941802));
#14205=CARTESIAN_POINT('',(17.2358238289209,10.020782011981,8.08645712941802));
#14206=CARTESIAN_POINT('',(17.2604571058177,10.375782011981,8.20982426016364));
#14207=CARTESIAN_POINT('Origin',(17.2848559290095,10.020782011981,8.07666666666657));
#14208=CARTESIAN_POINT('',(17.2848559290095,9.66578201198098,8.12666666666647));
#14209=CARTESIAN_POINT('Origin',(17.2848559290095,9.66578201198098,8.07666666666657));
#14210=CARTESIAN_POINT('',(17.2848559290095,10.375782011981,8.12666666666647));
#14211=CARTESIAN_POINT('',(17.2848559290095,10.020782011981,8.12666666666647));
#14212=CARTESIAN_POINT('Origin',(17.2848559290095,10.375782011981,8.07666666666657));
#14213=CARTESIAN_POINT('Origin',(17.8669522371429,10.020782011981,8.12666666666667));
#14214=CARTESIAN_POINT('',(17.9669522371429,9.66578201198098,8.1266666666667));
#14215=CARTESIAN_POINT('',(17.8669522371429,9.66578201198098,8.12666666666667));
#14216=CARTESIAN_POINT('',(17.9669522371429,10.375782011981,8.1266666666667));
#14217=CARTESIAN_POINT('',(17.9669522371429,10.020782011981,8.1266666666667));
#14218=CARTESIAN_POINT('',(17.3419522371429,10.375782011981,8.12666666666649));
#14219=CARTESIAN_POINT('Origin',(17.9669522371429,10.020782011981,8.32666666666667));
#14220=CARTESIAN_POINT('',(17.9669522371429,10.375782011981,8.37666666666667));
#14221=CARTESIAN_POINT('',(17.9669522371428,9.66578201198098,8.37666666666667));
#14222=CARTESIAN_POINT('Origin',(14.8671428571429,5.,6.66666666666667));
#14223=CARTESIAN_POINT('Origin',(14.8671428571429,5.,6.66666666666667));
#14224=CARTESIAN_POINT('',(16.9169522371429,6.83578201198098,6.66666666666667));
#14225=CARTESIAN_POINT('',(15.8420475471429,6.83578201198098,6.66666666666667));
#14226=CARTESIAN_POINT('',(16.9169522371429,8.41789100599049,6.66666666666667));
#14227=CARTESIAN_POINT('Origin',(10.5821428571429,9.285,6.16666666666667));
#14228=CARTESIAN_POINT('',(12.5821428571429,9.285,8.16666666666667));
#14229=CARTESIAN_POINT('',(12.5821428571429,9.285,6.16666666666667));
#14230=CARTESIAN_POINT('',(12.5455595371555,9.66578201198098,8.16666666666667));
#14231=CARTESIAN_POINT('Origin',(10.5821428571429,9.285,8.16666666666667));
#14232=CARTESIAN_POINT('',(12.5455595371555,9.66578201198098,6.16666666666667));
#14233=CARTESIAN_POINT('',(12.2585063625732,10.375782011981,6.16666666666667));
#14234=CARTESIAN_POINT('',(11.9604632927463,7.83578201198098,6.16666666666667));
#14235=CARTESIAN_POINT('',(12.3735923735355,8.39578201198098,6.16666666666667));
#14236=CARTESIAN_POINT('',(12.5740969009828,9.10578201198098,8.16666666666667));
#14237=CARTESIAN_POINT('',(12.5740969009828,9.10578201198098,6.16666666666667));
#14238=CARTESIAN_POINT('Origin',(10.5821428571429,9.285,8.16666666666667));
#14239=CARTESIAN_POINT('Origin',(10.5821428571429,6.89826080651062,8.16666666666667));
#14240=CARTESIAN_POINT('',(12.8169519938214,9.10578201198098,8.16666666666667));
#14241=CARTESIAN_POINT('',(11.2245475471429,9.10578201198098,8.16666666666667));
#14242=CARTESIAN_POINT('',(12.816952200276,9.66578201198098,8.16666666666667));
#14243=CARTESIAN_POINT('',(12.8169515684656,7.95202101572708,8.16666666666667));
#14244=CARTESIAN_POINT('',(11.7495475471429,9.66578201198098,8.16666666666667));
#14245=CARTESIAN_POINT('Origin',(16.8169522371429,11.645782011981,8.42666666666667));
#14246=CARTESIAN_POINT('',(16.9169522371429,11.645782011981,8.42666666666667));
#14247=CARTESIAN_POINT('Origin',(17.8669522371429,10.935782011981,8.42666666666667));
#14248=CARTESIAN_POINT('',(16.9169522371429,10.935782011981,8.42666666666667));
#14249=CARTESIAN_POINT('Origin',(16.8169522371429,10.375782011981,8.42666666666667));
#14250=CARTESIAN_POINT('',(16.9169522371429,10.375782011981,8.42666666666667));
#14251=CARTESIAN_POINT('Origin',(17.8669522371429,9.66578201198098,8.42666666666667));
#14252=CARTESIAN_POINT('',(16.9169522371429,9.66578201198098,8.42666666666667));
#14253=CARTESIAN_POINT('Origin',(16.8169522371429,9.10578201198098,8.42666666666667));
#14254=CARTESIAN_POINT('',(16.9169522371429,9.10578201198098,8.42666666666667));
#14255=CARTESIAN_POINT('Origin',(17.8669522371429,8.39578201198098,8.42666666666667));
#14256=CARTESIAN_POINT('',(16.9169522740097,8.39578201198098,7.50166657449944));
#14257=CARTESIAN_POINT('',(16.9169522371429,8.39578201198098,8.42666666666667));
#14258=CARTESIAN_POINT('',(16.9169522740098,8.39578201198098,8.42666666666667));
#14259=CARTESIAN_POINT('Origin',(16.9169522371428,8.49578204884787,8.42666666666667));
#14260=CARTESIAN_POINT('',(16.9169524804643,7.83578201198098,7.50166605836298));
#14261=CARTESIAN_POINT('',(16.9169518472753,9.55328263203494,7.50166764133564));
#14262=CARTESIAN_POINT('',(16.9169524804643,7.83578201198098,8.42666666666667));
#14263=CARTESIAN_POINT('Origin',(16.8169525173312,7.83578201198098,8.42666666666667));
#14264=CARTESIAN_POINT('',(16.9169522371429,7.83578201198098,8.42666666666667));
#14265=CARTESIAN_POINT('Origin',(17.8669522371429,7.12578201198098,8.42666666666667));
#14266=CARTESIAN_POINT('',(16.9169524207145,7.12578201198098,7.50166620773745));
#14267=CARTESIAN_POINT('',(16.9169522371429,7.12578201198098,8.42666666666667));
#14268=CARTESIAN_POINT('',(16.9169524207146,7.12578201198098,8.42666666666667));
#14269=CARTESIAN_POINT('Origin',(16.9169525173312,7.22578191536431,8.42666666666667));
#14270=CARTESIAN_POINT('',(16.9169521405262,6.83578201198098,7.50166690820835));
#14271=CARTESIAN_POINT('',(16.9169541525669,8.91828038699596,7.50166187810653));
#14272=CARTESIAN_POINT('',(16.9169521405262,6.83578201198098,8.42666666666667));
#14273=CARTESIAN_POINT('Origin',(16.8169522371429,6.83578201198098,8.42666666666667));
#14274=CARTESIAN_POINT('',(16.9169522371429,6.83578201198098,8.42666666666667));
#14275=CARTESIAN_POINT('Origin',(11.8669522371429,7.83578201198098,8.42666666666667));
#14276=CARTESIAN_POINT('',(12.8169519938214,7.83578201198098,8.42666666666667));
#14277=CARTESIAN_POINT('Origin',(11.8669522371429,9.10578201198098,8.42666666666667));
#14278=CARTESIAN_POINT('',(12.8169519938214,9.10578201198098,8.42666666666667));
#14279=CARTESIAN_POINT('Origin',(12.8169519569545,9.00578204884787,8.42666666666667));
#14280=CARTESIAN_POINT('',(12.816952200276,9.66578201198098,8.42666666666667));
#14281=CARTESIAN_POINT('Origin',(11.8669522371429,10.375782011981,8.42666666666667));
#14282=CARTESIAN_POINT('',(12.816952200276,10.375782011981,8.42666666666667));
#14283=CARTESIAN_POINT('Origin',(12.8169522371429,10.2757819751141,8.42666666666667));
#14284=CARTESIAN_POINT('',(12.8169519938214,10.935782011981,8.42666666666667));
#14285=CARTESIAN_POINT('Origin',(11.8669522371429,11.645782011981,8.42666666666667));
#14286=CARTESIAN_POINT('',(12.8169520535711,11.645782011981,8.42666666666667));
#14287=CARTESIAN_POINT('Origin',(12.8169519569545,11.5457821085977,8.42666666666667));
#14288=CARTESIAN_POINT('Origin',(16.9169522371429,11.835782011981,8.42666666666667));
#14289=CARTESIAN_POINT('Origin',(12.8169522371429,6.93578191536431,8.42666666666667));
#14290=CARTESIAN_POINT('',(12.8169520535711,7.12578201198098,8.42666666666667));
#14291=CARTESIAN_POINT('Origin',(12.9169519569545,10.935782011981,8.42666666666667));
#14292=CARTESIAN_POINT('Origin',(12.9169519569545,7.12578201198098,8.42666666666667));
#14293=CARTESIAN_POINT('Origin',(12.8169519569545,7.73578204884787,8.42666666666667));
#14294=CARTESIAN_POINT('',(12.816952200276,8.39578201198098,8.42666666666667));
#14295=CARTESIAN_POINT('Origin',(12.9169522371429,9.66578201198098,8.42666666666667));
#14296=CARTESIAN_POINT('Origin',(12.9169522371429,8.39578201198098,8.42666666666667));
#14297=CARTESIAN_POINT('Origin',(14.8671428571429,5.,6.16666666666667));
#14298=CARTESIAN_POINT('Origin',(5.58,10.5854875171077,5.16666666666667));
#14299=CARTESIAN_POINT('',(6.08,13.7965216130212,6.03269207045111));
#14300=CARTESIAN_POINT('Origin',(5.58,13.7965216130212,5.16666666666667));
#14301=CARTESIAN_POINT('',(6.58,14.2965216130212,5.16666666666667));
#14302=CARTESIAN_POINT('Ctrl Pts',(6.08,13.7965216130212,6.03269207045111));
#14303=CARTESIAN_POINT('Ctrl Pts',(6.14544362460412,13.7965216130212,5.99490817616917));
#14304=CARTESIAN_POINT('Ctrl Pts',(6.21024502106692,13.8099407100992,5.9469600897316));
#14305=CARTESIAN_POINT('Ctrl Pts',(6.32346271859031,13.8555560075027,5.83996432984503));
#14306=CARTESIAN_POINT('Ctrl Pts',(6.37199932200098,13.8875287117774,5.78094882478059));
#14307=CARTESIAN_POINT('Ctrl Pts',(6.46542544991474,13.9695456989907,5.6419953912414));
#14308=CARTESIAN_POINT('Ctrl Pts',(6.50981639897846,14.031186813371,5.548127970708));
#14309=CARTESIAN_POINT('Ctrl Pts',(6.56707435105955,14.1627181502921,5.35575759723581));
#14310=CARTESIAN_POINT('Ctrl Pts',(6.58,14.2325042311218,5.25720091637641));
#14311=CARTESIAN_POINT('Ctrl Pts',(6.58,14.2965216130212,5.16666666666667));
#14312=CARTESIAN_POINT('',(6.58,13.2238430027571,5.16666666666667));
#14313=CARTESIAN_POINT('',(6.58,10.5854875171077,5.16666666666667));
#14314=CARTESIAN_POINT('Ctrl Pts',(6.58,13.2238430027571,5.16666666666667));
#14315=CARTESIAN_POINT('Ctrl Pts',(6.58,13.1212788366449,5.30065157503478));
#14316=CARTESIAN_POINT('Ctrl Pts',(6.55185897239331,13.0065721135786,5.44146462789436));
#14317=CARTESIAN_POINT('Ctrl Pts',(6.44853438588013,12.8036946729591,5.67526073958229));
#14318=CARTESIAN_POINT('Ctrl Pts',(6.38384209290139,12.7147016619863,5.77245584194918));
#14319=CARTESIAN_POINT('Ctrl Pts',(6.30486695245778,12.6357265215427,5.85555555555556));
#14320=CARTESIAN_POINT('Origin',(16.151,10.5854875171077,5.16666666666667));
#14321=CARTESIAN_POINT('',(15.151,13.2238430027571,5.16666666666667));
#14322=CARTESIAN_POINT('Ctrl Pts',(15.4261330475422,12.6357265215427,5.85555555555556));
#14323=CARTESIAN_POINT('Ctrl Pts',(15.3471579070986,12.7147016619863,5.77245584194918));
#14324=CARTESIAN_POINT('Ctrl Pts',(15.2824656141199,12.8036946729591,5.67526073958229));
#14325=CARTESIAN_POINT('Ctrl Pts',(15.1791410276067,13.0065721135786,5.44146462789436));
#14326=CARTESIAN_POINT('Ctrl Pts',(15.151,13.1212788366449,5.30065157503478));
#14327=CARTESIAN_POINT('Ctrl Pts',(15.151,13.2238430027571,5.16666666666667));
#14328=CARTESIAN_POINT('',(15.151,14.2965216130212,5.16666666666667));
#14329=CARTESIAN_POINT('',(15.151,10.5854875171077,5.16666666666667));
#14330=CARTESIAN_POINT('',(15.651,13.7965216130212,6.03269207045111));
#14331=CARTESIAN_POINT('Ctrl Pts',(15.151,14.2965216130212,5.16666666666667));
#14332=CARTESIAN_POINT('Ctrl Pts',(15.151,14.2325042311218,5.25720091637642));
#14333=CARTESIAN_POINT('Ctrl Pts',(15.1639256489404,14.1627181502921,5.35575759723581));
#14334=CARTESIAN_POINT('Ctrl Pts',(15.2211836010215,14.031186813371,5.548127970708));
#14335=CARTESIAN_POINT('Ctrl Pts',(15.2655745500853,13.9695456989907,5.6419953912414));
#14336=CARTESIAN_POINT('Ctrl Pts',(15.359000677999,13.8875287117774,5.78094882478059));
#14337=CARTESIAN_POINT('Ctrl Pts',(15.4075372814097,13.8555560075027,5.83996432984503));
#14338=CARTESIAN_POINT('Ctrl Pts',(15.5207549789331,13.8099407100992,5.9469600897316));
#14339=CARTESIAN_POINT('Ctrl Pts',(15.5855563753959,13.7965216130212,5.99490817616917));
#14340=CARTESIAN_POINT('Ctrl Pts',(15.651,13.7965216130212,6.03269207045111));
#14341=CARTESIAN_POINT('',(16.0821428571429,13.7965216130212,6.16429319692614));
#14342=CARTESIAN_POINT('Origin',(16.151,13.7965216130212,5.16666666666667));
#14343=CARTESIAN_POINT('Ctrl Pts',(16.0821428571459,13.7965216130212,6.16429319692635));
#14344=CARTESIAN_POINT('Ctrl Pts',(16.1052751500809,13.7965216130212,6.16588981003842));
#14345=CARTESIAN_POINT('Ctrl Pts',(16.1282658236589,13.7961995737019,6.16666666666667));
#14346=CARTESIAN_POINT('Ctrl Pts',(16.151,13.7955731718886,6.16666666666667));
#14347=CARTESIAN_POINT('Origin',(6.58,14.2727142277048,5.9156274117282));
#14348=CARTESIAN_POINT('',(6.58,14.2965216130212,7.15358283839866));
#14349=CARTESIAN_POINT('',(6.58,14.2965216130212,6.04114703919743));
#14350=CARTESIAN_POINT('',(6.58,16.2210947714966,4.16666666666667));
#14351=CARTESIAN_POINT('Origin',(6.58,6.47435742565159,-4.11266047560147E-15));
#14352=CARTESIAN_POINT('',(6.58,13.8830610159492,4.16666666666666));
#14353=CARTESIAN_POINT('',(6.58,13.4223638024869,4.16666666666667));
#14354=CARTESIAN_POINT('Origin',(6.58,6.47435742565159,-4.11266047560147E-15));
#14355=CARTESIAN_POINT('Origin',(10.5821428571429,6.89826080651062,6.16666666666667));
#14356=CARTESIAN_POINT('Origin',(10.5821428571429,9.285,6.16666666666667));
#14357=CARTESIAN_POINT('Origin',(6.58,12.0480057421096,5.16666666666667));
#14358=CARTESIAN_POINT('',(5.08214285714286,13.7965216130212,7.60443044709541));
#14359=CARTESIAN_POINT('Ctrl Pts',(5.08214285714286,13.7965216130212,7.60443044709541));
#14360=CARTESIAN_POINT('Ctrl Pts',(4.75820021343198,13.7965216130212,7.60443044709541));
#14361=CARTESIAN_POINT('Ctrl Pts',(4.42089039230007,13.7303461444089,7.65512520290503));
#14362=CARTESIAN_POINT('Ctrl Pts',(3.80721182739197,13.4725987590344,7.81113757945052));
#14363=CARTESIAN_POINT('Ctrl Pts',(3.52965052851833,13.2810513313372,7.91176721632591));
#14364=CARTESIAN_POINT('Ctrl Pts',(3.09061537265733,12.8390229830773,8.06985645153278));
#14365=CARTESIAN_POINT('Ctrl Pts',(2.88247365259567,12.5264687231535,8.14299841600787));
#14366=CARTESIAN_POINT('Ctrl Pts',(2.7395666351873,12.1719767123967,8.16469239694844));
#14367=CARTESIAN_POINT('Ctrl Pts',(2.71752935973585,12.110725201237,8.16666666666667));
#14368=CARTESIAN_POINT('Ctrl Pts',(2.69776209817665,12.0480057421096,8.16666666666667));
#14369=CARTESIAN_POINT('',(16.0821428571429,13.7965216130212,7.60443044709541));
#14370=CARTESIAN_POINT('Ctrl Pts',(18.4665236161091,12.0480057421096,8.16666666666667));
#14371=CARTESIAN_POINT('Ctrl Pts',(18.4467563545499,12.110725201237,8.16666666666667));
#14372=CARTESIAN_POINT('Ctrl Pts',(18.4247190790984,12.1719767123967,8.16469239694844));
#14373=CARTESIAN_POINT('Ctrl Pts',(18.28181206169,12.5264687231535,8.14299841600787));
#14374=CARTESIAN_POINT('Ctrl Pts',(18.0736703416284,12.8390229830773,8.06985645153278));
#14375=CARTESIAN_POINT('Ctrl Pts',(17.6346351857674,13.2810513313372,7.91176721632591));
#14376=CARTESIAN_POINT('Ctrl Pts',(17.3570738868937,13.4725987590344,7.81113757945052));
#14377=CARTESIAN_POINT('Ctrl Pts',(16.7433953219856,13.7303461444089,7.65512520290502));
#14378=CARTESIAN_POINT('Ctrl Pts',(16.4060855008537,13.7965216130212,7.60443044709541));
#14379=CARTESIAN_POINT('Ctrl Pts',(16.0821428571429,13.7965216130212,7.60443044709541));
#14380=CARTESIAN_POINT('',(15.651,13.7965216130212,7.60443044709541));
#14381=CARTESIAN_POINT('',(6.58,13.7965216130212,7.60443044709541));
#14382=CARTESIAN_POINT('',(15.153347250289,14.2481300775528,7.20614035087805));
#14383=CARTESIAN_POINT('Ctrl Pts',(15.651,13.7965216130212,7.60443044709541));
#14384=CARTESIAN_POINT('Ctrl Pts',(15.5898855582437,13.7965216130212,7.60443044709541));
#14385=CARTESIAN_POINT('Ctrl Pts',(15.5256928479244,13.8084949763152,7.59596316485319));
#14386=CARTESIAN_POINT('Ctrl Pts',(15.4098993739817,13.8540938767715,7.56225626784915));
#14387=CARTESIAN_POINT('Ctrl Pts',(15.3582806541563,13.8875923575786,7.53690666733536));
#14388=CARTESIAN_POINT('Ctrl Pts',(15.2598037965012,13.9754900299757,7.46650176190095));
#14389=CARTESIAN_POINT('Ctrl Pts',(15.2161373584644,14.0397299455053,7.41192190808292));
#14390=CARTESIAN_POINT('Ctrl Pts',(15.1690556758916,14.1535340562351,7.30468640592669));
#14391=CARTESIAN_POINT('Ctrl Pts',(15.1577900790923,14.202440558733,7.25542886242309));
#14392=CARTESIAN_POINT('Ctrl Pts',(15.1533472502889,14.2481300775528,7.20614035087805));
#14393=CARTESIAN_POINT('',(6.57765274971101,14.2481300775528,7.20614035087805));
#14394=CARTESIAN_POINT('',(6.58,14.2481300775536,7.2061403508772));
#14395=CARTESIAN_POINT('',(6.08,13.7965216130212,7.60443044709541));
#14396=CARTESIAN_POINT('Ctrl Pts',(6.57765274971109,14.2481300775528,7.20614035087805));
#14397=CARTESIAN_POINT('Ctrl Pts',(6.5732099209077,14.202440558733,7.25542886242309));
#14398=CARTESIAN_POINT('Ctrl Pts',(6.5619443241084,14.1535340562351,7.30468640592669));
#14399=CARTESIAN_POINT('Ctrl Pts',(6.51486264153556,14.0397299455053,7.41192190808292));
#14400=CARTESIAN_POINT('Ctrl Pts',(6.47119620349882,13.9754900299757,7.46650176190095));
#14401=CARTESIAN_POINT('Ctrl Pts',(6.37271934584371,13.8875923575786,7.53690666733537));
#14402=CARTESIAN_POINT('Ctrl Pts',(6.32110062601827,13.8540938767715,7.56225626784915));
#14403=CARTESIAN_POINT('Ctrl Pts',(6.20530715207564,13.8084949763152,7.59596316485319));
#14404=CARTESIAN_POINT('Ctrl Pts',(6.14111444175632,13.7965216130212,7.60443044709541));
#14405=CARTESIAN_POINT('Ctrl Pts',(6.08,13.7965216130212,7.60443044709541));
#14406=CARTESIAN_POINT('',(6.58,13.7965216130212,7.60443044709541));
#14407=CARTESIAN_POINT('Origin',(5.08214285714286,11.2965216130212,6.16666666666667));
#14408=CARTESIAN_POINT('',(5.08214285714286,13.7965216130212,6.16666666666667));
#14409=CARTESIAN_POINT('',(2.58214285714286,11.2965216130212,6.16666666666667));
#14410=CARTESIAN_POINT('Origin',(16.0821428571429,13.7965216130212,6.16666666666667));
#14411=CARTESIAN_POINT('',(6.08,13.7965216130212,6.04114703919743));
#14412=CARTESIAN_POINT('Origin',(6.08,14.2965216130212,6.04114703919743));
#14413=CARTESIAN_POINT('Ctrl Pts',(6.57765274971109,14.2481300775528,7.20614035087806));
#14414=CARTESIAN_POINT('Ctrl Pts',(6.57925091848565,14.2645654536462,7.18841034965997));
#14415=CARTESIAN_POINT('Ctrl Pts',(6.58,14.2807441612824,7.17083486731163));
#14416=CARTESIAN_POINT('Ctrl Pts',(6.58,14.2965216130212,7.15358283839866));
#14417=CARTESIAN_POINT('Origin',(12.4715813513429,2.75,4.66666666666667));
#14418=CARTESIAN_POINT('',(18.5821428571429,1.25,4.66666666666667));
#14419=CARTESIAN_POINT('Origin',(18.5821428571429,2.75,4.66666666666667));
#14420=CARTESIAN_POINT('',(2.58214285714286,1.25,4.66666666666667));
#14421=CARTESIAN_POINT('',(12.4715813513429,1.25,4.66666666666667));
#14422=CARTESIAN_POINT('Origin',(2.58214285714286,2.75,4.66666666666667));
#14423=CARTESIAN_POINT('Ctrl Pts',(4.71457545563009,2.75,6.16666666666667));
#14424=CARTESIAN_POINT('Ctrl Pts',(4.88667818769239,2.6290585278101,6.16666666666667));
#14425=CARTESIAN_POINT('Ctrl Pts',(5.07652859764941,2.52568941963568,6.1520277735838));
#14426=CARTESIAN_POINT('Ctrl Pts',(5.60422206520554,2.31499509604638,6.10843065232022));
#14427=CARTESIAN_POINT('Ctrl Pts',(5.96010938741441,2.25,6.08088022903976));
#14428=CARTESIAN_POINT('Ctrl Pts',(6.29571428571428,2.25,6.08088022903976));
#14429=CARTESIAN_POINT('Ctrl Pts',(6.63131918401416,2.25,6.08088022903976));
#14430=CARTESIAN_POINT('Ctrl Pts',(6.98720650622302,2.31499509604638,6.10843065232022));
#14431=CARTESIAN_POINT('Ctrl Pts',(7.51489997377916,2.52568941963568,6.1520277735838));
#14432=CARTESIAN_POINT('Ctrl Pts',(7.70475038373618,2.6290585278101,6.16666666666667));
#14433=CARTESIAN_POINT('Ctrl Pts',(7.87685311579848,2.75,6.16666666666667));
#14434=CARTESIAN_POINT('Origin',(14.361019845543,1.25,6.16666666666667));
#14435=CARTESIAN_POINT('',(18.5821428571429,1.25,4.16666666666667));
#14436=CARTESIAN_POINT('',(18.5821428571429,1.25,6.16666666666667));
#14437=CARTESIAN_POINT('',(16.361019845543,1.25,4.16666666666667));
#14438=CARTESIAN_POINT('',(18.5821428571429,1.25,4.16666666666667));
#14439=CARTESIAN_POINT('',(16.361019845543,1.25,0.));
#14440=CARTESIAN_POINT('',(16.361019845543,1.25,6.16666666666667));
#14441=CARTESIAN_POINT('',(14.361019845543,1.25,0.));
#14442=CARTESIAN_POINT('',(16.361019845543,1.25,0.));
#14443=CARTESIAN_POINT('',(14.361019845543,1.25,4.16666666666667));
#14444=CARTESIAN_POINT('',(14.361019845543,1.25,6.16666666666667));
#14445=CARTESIAN_POINT('',(6.80183729731415,1.25,4.16666666666667));
#14446=CARTESIAN_POINT('',(18.5821428571429,1.25,4.16666666666667));
#14447=CARTESIAN_POINT('',(6.80183729731415,1.25,0.));
#14448=CARTESIAN_POINT('',(6.80183729731415,1.25,6.16666666666667));
#14449=CARTESIAN_POINT('',(4.80183729731415,1.25,0.));
#14450=CARTESIAN_POINT('',(6.80183729731415,1.25,0.));
#14451=CARTESIAN_POINT('',(4.80183729731415,1.25,4.16666666666667));
#14452=CARTESIAN_POINT('',(4.80183729731415,1.25,6.16666666666667));
#14453=CARTESIAN_POINT('',(2.58214285714286,1.25,4.16666666666667));
#14454=CARTESIAN_POINT('',(18.5821428571429,1.25,4.16666666666667));
#14455=CARTESIAN_POINT('',(2.58214285714286,1.25,6.16666666666667));
#14456=CARTESIAN_POINT('Origin',(6.58214285714286,3.,5.16666666666667));
#14457=CARTESIAN_POINT('',(18.5821428571429,0.,5.16666666666667));
#14458=CARTESIAN_POINT('Origin',(18.5821428571429,3.,5.16666666666667));
#14459=CARTESIAN_POINT('',(2.58214285714286,0.,5.16666666666667));
#14460=CARTESIAN_POINT('Origin',(2.58214285714286,3.,5.16666666666667));
#14461=CARTESIAN_POINT('',(6.58214285714286,0.,5.16666666666667));
#14462=CARTESIAN_POINT('Origin',(18.5821428571429,0.,6.16666666666667));
#14463=CARTESIAN_POINT('',(18.5821428571429,0.,4.16666666666667));
#14464=CARTESIAN_POINT('',(18.5821428571429,0.,6.16666666666667));
#14465=CARTESIAN_POINT('',(18.5821428571429,0.,4.16666666666667));
#14466=CARTESIAN_POINT('',(18.5821428571429,11.2965216130212,6.16666666666667));
#14467=CARTESIAN_POINT('Origin',(10.0859087258856,15.5649508545147,4.16666666666667));
#14468=CARTESIAN_POINT('',(11.6450912741144,15.5649508545147,4.16666666666667));
#14469=CARTESIAN_POINT('',(10.0859087258856,15.5649508545147,4.16666666666667));
#14470=CARTESIAN_POINT('',(8.33295436294279,15.5649508545147,4.16666666666667));
#14471=CARTESIAN_POINT('',(11.6450912741144,15.5649508545147,0.));
#14472=CARTESIAN_POINT('',(11.6450912741144,15.5649508545147,4.16666666666667));
#14473=CARTESIAN_POINT('',(10.0859087258856,15.5649508545147,0.));
#14474=CARTESIAN_POINT('',(11.6450912741144,15.5649508545147,0.));
#14475=CARTESIAN_POINT('',(10.0859087258856,15.5649508545147,4.16666666666667));
#14476=CARTESIAN_POINT('Origin',(9.8655,14.3149508545147,4.16666666666667));
#14477=CARTESIAN_POINT('',(9.8655,14.3149508545147,4.16666666666667));
#14478=CARTESIAN_POINT('',(9.77903627027626,13.8245906760761,4.16666666666667));
#14479=CARTESIAN_POINT('',(9.8655,14.3149508545147,0.));
#14480=CARTESIAN_POINT('',(10.0859087258856,15.5649508545147,0.));
#14481=CARTESIAN_POINT('',(9.8655,14.3149508545147,4.16666666666667));
#14482=CARTESIAN_POINT('Origin',(11.8655,14.3149508545147,4.16666666666667));
#14483=CARTESIAN_POINT('',(11.8655,14.3149508545147,4.16666666666667));
#14484=CARTESIAN_POINT('',(9.22275,14.3149508545147,4.16666666666667));
#14485=CARTESIAN_POINT('',(11.8655,14.3149508545147,0.));
#14486=CARTESIAN_POINT('',(9.8655,14.3149508545147,0.));
#14487=CARTESIAN_POINT('',(11.8655,14.3149508545147,4.16666666666667));
#14488=CARTESIAN_POINT('Origin',(11.6450912741144,15.5649508545147,4.16666666666667));
#14489=CARTESIAN_POINT('',(11.71253572997,15.1824543381872,4.16666666666667));
#14490=CARTESIAN_POINT('',(11.8655,14.3149508545147,0.));
#14491=CARTESIAN_POINT('Origin',(10.8655,14.9399508545147,0.));
#14492=CARTESIAN_POINT('Origin',(15.651,14.2965216130212,6.04114703919743));
#14493=CARTESIAN_POINT('',(15.651,13.7965216130212,6.04114703919743));
#14494=CARTESIAN_POINT('',(15.151,14.2965216130212,7.15358283839866));
#14495=CARTESIAN_POINT('',(15.151,14.2965216130212,6.04114703919743));
#14496=CARTESIAN_POINT('Ctrl Pts',(15.151,14.2965216130212,7.15358283839866));
#14497=CARTESIAN_POINT('Ctrl Pts',(15.151,14.2807441612824,7.17083486731163));
#14498=CARTESIAN_POINT('Ctrl Pts',(15.1517490815144,14.2645654536462,7.18841034965997));
#14499=CARTESIAN_POINT('Ctrl Pts',(15.1533472502889,14.2481300775528,7.20614035087806));
#14500=CARTESIAN_POINT('Origin',(15.151,14.2727142277048,5.9156274117282));
#14501=CARTESIAN_POINT('',(15.151,13.8830610159492,4.16666666666666));
#14502=CARTESIAN_POINT('Origin',(15.151,6.47435742565159,-4.11266047560147E-15));
#14503=CARTESIAN_POINT('',(15.151,16.2210947714966,4.16666666666667));
#14504=CARTESIAN_POINT('',(15.151,13.4223638024869,4.16666666666667));
#14505=CARTESIAN_POINT('Origin',(15.151,6.47435742565159,-4.11266047560147E-15));
#14506=CARTESIAN_POINT('Origin',(16.0821428571429,13.7965216130212,6.16666666666667));
#14507=CARTESIAN_POINT('',(16.0821428571429,13.7965216130212,6.16666666666667));
#14508=CARTESIAN_POINT('Origin',(6.58,6.47435742565159,-4.11266047560147E-15));
#14509=CARTESIAN_POINT('',(6.58,13.8830610159492,4.16666666666666));
#14510=CARTESIAN_POINT('Origin',(6.58,6.47435742565159,-4.11266047560147E-15));
#14511=CARTESIAN_POINT('',(6.58,16.2210947714966,4.16666666666667));
#14512=CARTESIAN_POINT('Origin',(6.58,13.8830610159492,4.16666666666667));
#14513=CARTESIAN_POINT('Origin',(10.5821428571429,9.285,6.16666666666667));
#14514=CARTESIAN_POINT('Origin',(6.29571428571428,5.,6.16666666666667));
#14515=CARTESIAN_POINT('',(9.04571428571428,5.,6.66666666666667));
#14516=CARTESIAN_POINT('',(9.04571428571428,5.,6.16666666666667));
#14517=CARTESIAN_POINT('Origin',(6.29571428571428,5.,6.66666666666667));
#14518=CARTESIAN_POINT('Origin',(6.29571428571428,5.,6.66666666666667));
#14519=CARTESIAN_POINT('',(8.29571428571428,5.,6.66666666666667));
#14520=CARTESIAN_POINT('Origin',(6.29571428571428,5.,6.66666666666667));
#14521=CARTESIAN_POINT('Origin',(6.29571428571428,5.,6.16666666666667));
#14522=CARTESIAN_POINT('',(8.29571428571428,5.,6.16666666666667));
#14523=CARTESIAN_POINT('Origin',(17.3613769884001,0.625,4.16666666666667));
#14524=CARTESIAN_POINT('',(16.1406111196574,0.,4.16666666666667));
#14525=CARTESIAN_POINT('',(16.1406111196574,0.,4.16666666666667));
#14526=CARTESIAN_POINT('',(16.3226614275393,1.03245860134642,4.16666666666667));
#14527=CARTESIAN_POINT('Origin',(10.5814285714286,0.625,4.16666666666667));
#14528=CARTESIAN_POINT('',(14.5814285714286,0.,4.16666666666667));
#14529=CARTESIAN_POINT('',(6.58142857142857,0.,4.16666666666667));
#14530=CARTESIAN_POINT('',(6.58142857142857,0.,4.16666666666667));
#14531=CARTESIAN_POINT('',(6.80538096098009,1.27009711532347,4.16666666666667));
#14532=CARTESIAN_POINT('',(14.4676805448198,0.645097115323464,4.16666666666667));
#14533=CARTESIAN_POINT('Origin',(14.5814285714286,0.,6.16666666666667));
#14534=CARTESIAN_POINT('',(14.5814285714286,0.,0.));
#14535=CARTESIAN_POINT('',(14.361019845543,1.25,0.));
#14536=CARTESIAN_POINT('',(14.5814285714286,0.,6.16666666666667));
#14537=CARTESIAN_POINT('Origin',(3.8021944401713,0.625,4.16666666666667));
#14538=CARTESIAN_POINT('',(2.58214285714286,0.,4.16666666666667));
#14539=CARTESIAN_POINT('',(2.58214285714286,0.,4.16666666666667));
#14540=CARTESIAN_POINT('',(5.02224602319973,0.,4.16666666666667));
#14541=CARTESIAN_POINT('',(4.95041084743549,0.407397526320822,4.16666666666667));
#14542=CARTESIAN_POINT('',(2.58214285714286,0.,4.16666666666667));
#14543=CARTESIAN_POINT('Origin',(5.02224602319973,1.38777878078145E-16,
6.16666666666667));
#14544=CARTESIAN_POINT('',(5.02224602319973,0.,0.));
#14545=CARTESIAN_POINT('',(4.80183729731415,1.25,0.));
#14546=CARTESIAN_POINT('',(5.02224602319973,0.,6.16666666666667));
#14547=CARTESIAN_POINT('Origin',(6.80183729731415,1.25,6.16666666666667));
#14548=CARTESIAN_POINT('',(6.58142857142857,0.,0.));
#14549=CARTESIAN_POINT('',(6.58142857142857,0.,6.16666666666667));
#14550=CARTESIAN_POINT('',(6.58142857142857,0.,0.));
#14551=CARTESIAN_POINT('Origin',(5.80183729731415,0.625,0.));
#14552=CARTESIAN_POINT('',(2.58214285714286,0.,0.));
#14553=CARTESIAN_POINT('Origin',(16.361019845543,1.25,6.16666666666667));
#14554=CARTESIAN_POINT('',(16.1406111196574,0.,0.));
#14555=CARTESIAN_POINT('',(16.1406111196574,0.,6.16666666666667));
#14556=CARTESIAN_POINT('',(16.1406111196574,0.,0.));
#14557=CARTESIAN_POINT('Origin',(15.361019845543,0.625,0.));
#14558=CARTESIAN_POINT('',(2.58214285714286,0.,0.));
#14559=CARTESIAN_POINT('Origin',(2.58214285714286,11.2965216130212,6.16666666666667));
#14560=CARTESIAN_POINT('',(2.58214285714286,0.,6.16666666666667));
#14561=CARTESIAN_POINT('Origin',(16.0821428571429,11.2965216130212,6.16666666666667));
#14562=CARTESIAN_POINT('Origin',(2.58214285714286,0.,6.16666666666667));
#14563=CARTESIAN_POINT('',(0.,0.,0.));
#14564=CARTESIAN_POINT('Origin',(6.58,11.910859569085,-5.16666666666667));
#14565=CARTESIAN_POINT('',(15.6841744386779,11.910859569085,-6.16666666666667));
#14566=CARTESIAN_POINT('',(14.0486391842513,11.910859569085,-6.16666666666667));
#14567=CARTESIAN_POINT('Ctrl Pts',(14.0486391842513,11.910859569085,-6.16666666666667));
#14568=CARTESIAN_POINT('Ctrl Pts',(14.31472372296,11.9937341980063,-6.16666666666667));
#14569=CARTESIAN_POINT('Ctrl Pts',(14.5960682898325,12.0352632353196,-6.15889835726487));
#14570=CARTESIAN_POINT('Ctrl Pts',(14.8664068114646,12.0352632353196,-6.15889835726487));
#14571=CARTESIAN_POINT('Ctrl Pts',(15.1367453330967,12.0352632353196,-6.15889835726487));
#14572=CARTESIAN_POINT('Ctrl Pts',(15.4180898999692,11.9937341980063,-6.16666666666667));
#14573=CARTESIAN_POINT('Ctrl Pts',(15.6841744386779,11.910859569085,-6.16666666666667));
#14574=CARTESIAN_POINT('',(16.151,11.910859569085,-6.16666666666667));
#14575=CARTESIAN_POINT('',(6.58,11.910859569085,-6.16666666666667));
#14576=CARTESIAN_POINT('',(15.4261330475422,12.6357265215427,-5.85555555555556));
#14577=CARTESIAN_POINT('Origin',(16.151,11.910859569085,-5.16666666666667));
#14578=CARTESIAN_POINT('',(6.30486695245778,12.6357265215427,-5.85555555555556));
#14579=CARTESIAN_POINT('',(6.58,12.6357265215427,-5.85555555555556));
#14580=CARTESIAN_POINT('',(5.61959210079379,11.9504516698787,-6.16588259205754));
#14581=CARTESIAN_POINT('Origin',(5.58,11.910859569085,-5.16666666666667));
#14582=CARTESIAN_POINT('',(7.11301734678625,11.910859569085,-6.16666666666667));
#14583=CARTESIAN_POINT('Ctrl Pts',(5.61959210079379,11.9504516698787,-6.16588259205754));
#14584=CARTESIAN_POINT('Ctrl Pts',(5.84271925640817,12.0070877107218,-6.16363849267857));
#14585=CARTESIAN_POINT('Ctrl Pts',(6.07321716965596,12.0349782313728,-6.15893404881317));
#14586=CARTESIAN_POINT('Ctrl Pts',(6.29616534045032,12.0349782313728,-6.15893404881317));
#14587=CARTESIAN_POINT('Ctrl Pts',(6.56619160184464,12.0349782313728,-6.15893404881317));
#14588=CARTESIAN_POINT('Ctrl Pts',(6.84720373861579,11.9935481414995,-6.16666666666667));
#14589=CARTESIAN_POINT('Ctrl Pts',(7.11301734678625,11.910859569085,-6.16666666666667));
#14590=CARTESIAN_POINT('',(6.58,11.910859569085,-6.16666666666667));
#14591=CARTESIAN_POINT('Origin',(5.58,10.5854875171077,-5.16666666666667));
#14592=CARTESIAN_POINT('',(5.58,11.940087872261,-6.16666666666667));
#14593=CARTESIAN_POINT('Ctrl Pts',(5.58,11.940087872261,-6.16666666666667));
#14594=CARTESIAN_POINT('Ctrl Pts',(5.59308650342011,11.9436177077273,-6.16666666666667));
#14595=CARTESIAN_POINT('Ctrl Pts',(5.60629172608181,11.9470756551425,-6.16640959504339));
#14596=CARTESIAN_POINT('Ctrl Pts',(5.61959210079406,11.9504516698788,-6.16588259205753));
#14597=CARTESIAN_POINT('',(6.58,13.2238430027571,-5.16666666666667));
#14598=CARTESIAN_POINT('Ctrl Pts',(6.30486695245778,12.6357265215427,-5.85555555555556));
#14599=CARTESIAN_POINT('Ctrl Pts',(6.38384209290139,12.7147016619863,-5.77245584194918));
#14600=CARTESIAN_POINT('Ctrl Pts',(6.44853438588013,12.8036946729591,-5.67526073958229));
#14601=CARTESIAN_POINT('Ctrl Pts',(6.55185897239331,13.0065721135786,-5.44146462789436));
#14602=CARTESIAN_POINT('Ctrl Pts',(6.58,13.121278836645,-5.30065157503478));
#14603=CARTESIAN_POINT('Ctrl Pts',(6.58,13.2238430027571,-5.16666666666667));
#14604=CARTESIAN_POINT('',(6.58,14.2965216130212,-5.16666666666667));
#14605=CARTESIAN_POINT('',(6.58,10.5854875171077,-5.16666666666667));
#14606=CARTESIAN_POINT('',(6.08,13.7965216130212,-6.03269207045111));
#14607=CARTESIAN_POINT('Ctrl Pts',(6.58,14.2965216130212,-5.16666666666667));
#14608=CARTESIAN_POINT('Ctrl Pts',(6.58,14.2325042311218,-5.25720091637641));
#14609=CARTESIAN_POINT('Ctrl Pts',(6.56707435105955,14.1627181502921,-5.35575759723581));
#14610=CARTESIAN_POINT('Ctrl Pts',(6.50981639897846,14.031186813371,-5.548127970708));
#14611=CARTESIAN_POINT('Ctrl Pts',(6.46542544991474,13.9695456989907,-5.6419953912414));
#14612=CARTESIAN_POINT('Ctrl Pts',(6.37199932200098,13.8875287117774,-5.78094882478059));
#14613=CARTESIAN_POINT('Ctrl Pts',(6.32346271859031,13.8555560075027,-5.83996432984503));
#14614=CARTESIAN_POINT('Ctrl Pts',(6.21024502106692,13.8099407100992,-5.94696008973159));
#14615=CARTESIAN_POINT('Ctrl Pts',(6.14544362460412,13.7965216130212,-5.99490817616917));
#14616=CARTESIAN_POINT('Ctrl Pts',(6.08,13.7965216130212,-6.03269207045111));
#14617=CARTESIAN_POINT('',(5.58,13.7965216130212,-6.16666666666667));
#14618=CARTESIAN_POINT('Origin',(5.58,13.7965216130212,-5.16666666666667));
#14619=CARTESIAN_POINT('',(5.58,10.5854875171077,-6.16666666666667));
#14620=CARTESIAN_POINT('Origin',(16.151,10.5854875171077,-5.16666666666667));
#14621=CARTESIAN_POINT('',(16.151,13.7955731718886,-6.16666666666667));
#14622=CARTESIAN_POINT('',(16.151,10.5854875171077,-6.16666666666667));
#14623=CARTESIAN_POINT('',(16.0821428571429,13.7965216130212,-6.16429319692614));
#14624=CARTESIAN_POINT('Ctrl Pts',(16.151,13.7955731718886,-6.16666666666667));
#14625=CARTESIAN_POINT('Ctrl Pts',(16.1282658236579,13.796199573702,-6.16666666666667));
#14626=CARTESIAN_POINT('Ctrl Pts',(16.1052751500789,13.7965216130212,-6.16588981003835));
#14627=CARTESIAN_POINT('Ctrl Pts',(16.0821428571429,13.7965216130212,-6.16429319692614));
#14628=CARTESIAN_POINT('',(15.651,13.7965216130212,-6.0326920704511));
#14629=CARTESIAN_POINT('Origin',(16.151,13.7965216130212,-5.16666666666667));
#14630=CARTESIAN_POINT('',(15.151,14.2965216130212,-5.16666666666667));
#14631=CARTESIAN_POINT('Ctrl Pts',(15.651,13.7965216130212,-6.0326920704511));
#14632=CARTESIAN_POINT('Ctrl Pts',(15.5855563753959,13.7965216130212,-5.99490817616917));
#14633=CARTESIAN_POINT('Ctrl Pts',(15.5207549789331,13.8099407100992,-5.94696008973159));
#14634=CARTESIAN_POINT('Ctrl Pts',(15.4075372814097,13.8555560075026,-5.83996432984503));
#14635=CARTESIAN_POINT('Ctrl Pts',(15.359000677999,13.8875287117774,-5.78094882478059));
#14636=CARTESIAN_POINT('Ctrl Pts',(15.2655745500853,13.9695456989907,-5.6419953912414));
#14637=CARTESIAN_POINT('Ctrl Pts',(15.2211836010215,14.031186813371,-5.548127970708));
#14638=CARTESIAN_POINT('Ctrl Pts',(15.1639256489404,14.1627181502921,-5.35575759723581));
#14639=CARTESIAN_POINT('Ctrl Pts',(15.151,14.2325042311218,-5.25720091637641));
#14640=CARTESIAN_POINT('Ctrl Pts',(15.151,14.2965216130212,-5.16666666666667));
#14641=CARTESIAN_POINT('',(15.151,13.2238430027571,-5.16666666666667));
#14642=CARTESIAN_POINT('',(15.151,10.5854875171077,-5.16666666666667));
#14643=CARTESIAN_POINT('Ctrl Pts',(15.151,13.2238430027571,-5.16666666666667));
#14644=CARTESIAN_POINT('Ctrl Pts',(15.151,13.121278836645,-5.30065157503478));
#14645=CARTESIAN_POINT('Ctrl Pts',(15.1791410276067,13.0065721135786,-5.44146462789436));
#14646=CARTESIAN_POINT('Ctrl Pts',(15.2824656141199,12.8036946729591,-5.67526073958228));
#14647=CARTESIAN_POINT('Ctrl Pts',(15.3471579070986,12.7147016619863,-5.77245584194918));
#14648=CARTESIAN_POINT('Ctrl Pts',(15.4261330475422,12.6357265215427,-5.85555555555555));
#14649=CARTESIAN_POINT('Origin',(6.58,14.2727142277048,-5.91562741172821));
#14650=CARTESIAN_POINT('',(6.58,14.2965216130212,-7.15358283839867));
#14651=CARTESIAN_POINT('',(6.58,14.2965216130212,-6.04114703919744));
#14652=CARTESIAN_POINT('',(6.58,13.8830610159492,-4.16666666666667));
#14653=CARTESIAN_POINT('Origin',(6.58,6.47435742565159,-4.11266047560147E-15));
#14654=CARTESIAN_POINT('',(6.58,16.2210947714966,-4.16666666666667));
#14655=CARTESIAN_POINT('',(6.58,15.5649508545147,-4.16666666666667));
#14656=CARTESIAN_POINT('Origin',(6.58,6.47435742565159,-4.11266047560147E-15));
#14657=CARTESIAN_POINT('Origin',(6.58,6.47435742565159,-4.11266047560147E-15));
#14658=CARTESIAN_POINT('',(15.151,13.8830610159492,-4.16666666666667));
#14659=CARTESIAN_POINT('Origin',(15.151,6.47435742565159,-4.11266047560147E-15));
#14660=CARTESIAN_POINT('',(6.58,13.8830610159492,-4.16666666666667));
#14661=CARTESIAN_POINT('Origin',(15.151,14.2727142277048,-5.91562741172821));
#14662=CARTESIAN_POINT('',(15.151,14.2965216130212,-7.15358283839867));
#14663=CARTESIAN_POINT('',(15.151,14.2965216130212,-6.04114703919744));
#14664=CARTESIAN_POINT('',(15.151,16.2210947714966,-4.16666666666667));
#14665=CARTESIAN_POINT('Origin',(15.151,6.47435742565159,-4.11266047560147E-15));
#14666=CARTESIAN_POINT('',(15.151,15.5649508545147,-4.16666666666667));
#14667=CARTESIAN_POINT('Origin',(6.58,12.0480057421096,-5.16666666666667));
#14668=CARTESIAN_POINT('',(16.0821428571429,13.7965216130212,-7.60443044709542));
#14669=CARTESIAN_POINT('',(18.4665236161091,12.0480057421096,-8.16666666666667));
#14670=CARTESIAN_POINT('Ctrl Pts',(16.0821428571429,13.7965216130212,-7.60443044709542));
#14671=CARTESIAN_POINT('Ctrl Pts',(16.4060855008537,13.7965216130212,-7.60443044709542));
#14672=CARTESIAN_POINT('Ctrl Pts',(16.7433953219856,13.7303461444089,-7.65512520290503));
#14673=CARTESIAN_POINT('Ctrl Pts',(17.3570738868937,13.4725987590344,-7.81113757945053));
#14674=CARTESIAN_POINT('Ctrl Pts',(17.6346351857674,13.2810513313372,-7.91176721632592));
#14675=CARTESIAN_POINT('Ctrl Pts',(18.0736703416284,12.8390229830773,-8.06985645153279));
#14676=CARTESIAN_POINT('Ctrl Pts',(18.28181206169,12.5264687231536,-8.14299841600787));
#14677=CARTESIAN_POINT('Ctrl Pts',(18.4247190790984,12.1719767123967,-8.16469239694844));
#14678=CARTESIAN_POINT('Ctrl Pts',(18.4467563545499,12.110725201237,-8.16666666666667));
#14679=CARTESIAN_POINT('Ctrl Pts',(18.4665236161091,12.0480057421096,-8.16666666666667));
#14680=CARTESIAN_POINT('',(2.69776209817666,12.0480057421096,-8.16666666666667));
#14681=CARTESIAN_POINT('',(6.58,12.0480057421096,-8.16666666666667));
#14682=CARTESIAN_POINT('',(5.08214285714286,13.7965216130212,-7.60443044709542));
#14683=CARTESIAN_POINT('Ctrl Pts',(2.69776209817666,12.0480057421096,-8.16666666666667));
#14684=CARTESIAN_POINT('Ctrl Pts',(2.71752935973585,12.110725201237,-8.16666666666667));
#14685=CARTESIAN_POINT('Ctrl Pts',(2.73956663518731,12.1719767123967,-8.16469239694844));
#14686=CARTESIAN_POINT('Ctrl Pts',(2.88247365259567,12.5264687231535,-8.14299841600787));
#14687=CARTESIAN_POINT('Ctrl Pts',(3.09061537265734,12.8390229830773,-8.06985645153279));
#14688=CARTESIAN_POINT('Ctrl Pts',(3.52965052851833,13.2810513313372,-7.91176721632592));
#14689=CARTESIAN_POINT('Ctrl Pts',(3.80721182739197,13.4725987590344,-7.81113757945053));
#14690=CARTESIAN_POINT('Ctrl Pts',(4.42089039230007,13.7303461444089,-7.65512520290503));
#14691=CARTESIAN_POINT('Ctrl Pts',(4.75820021343198,13.7965216130212,-7.60443044709542));
#14692=CARTESIAN_POINT('Ctrl Pts',(5.08214285714286,13.7965216130212,-7.60443044709542));
#14693=CARTESIAN_POINT('',(6.08,13.7965216130212,-7.60443044709542));
#14694=CARTESIAN_POINT('',(6.58,13.7965216130212,-7.60443044709542));
#14695=CARTESIAN_POINT('',(6.57765274971101,14.2481300775528,-7.20614035087805));
#14696=CARTESIAN_POINT('Ctrl Pts',(6.08,13.7965216130212,-7.60443044709542));
#14697=CARTESIAN_POINT('Ctrl Pts',(6.14111444175632,13.7965216130212,-7.60443044709542));
#14698=CARTESIAN_POINT('Ctrl Pts',(6.20530715207564,13.8084949763152,-7.5959631648532));
#14699=CARTESIAN_POINT('Ctrl Pts',(6.32110062601827,13.8540938767715,-7.56225626784916));
#14700=CARTESIAN_POINT('Ctrl Pts',(6.37271934584371,13.8875923575786,-7.53690666733537));
#14701=CARTESIAN_POINT('Ctrl Pts',(6.47119620349882,13.9754900299757,-7.46650176190095));
#14702=CARTESIAN_POINT('Ctrl Pts',(6.51486264153556,14.0397299455053,-7.41192190808293));
#14703=CARTESIAN_POINT('Ctrl Pts',(6.5619443241084,14.1535340562351,-7.3046864059267));
#14704=CARTESIAN_POINT('Ctrl Pts',(6.5732099209077,14.202440558733,-7.25542886242309));
#14705=CARTESIAN_POINT('Ctrl Pts',(6.57765274971109,14.2481300775528,-7.20614035087805));
#14706=CARTESIAN_POINT('',(15.153347250289,14.2481300775528,-7.20614035087805));
#14707=CARTESIAN_POINT('',(6.58,14.2481300775536,-7.20614035087719));
#14708=CARTESIAN_POINT('',(15.651,13.7965216130212,-7.60443044709542));
#14709=CARTESIAN_POINT('Ctrl Pts',(15.1533472502889,14.2481300775528,-7.20614035087805));
#14710=CARTESIAN_POINT('Ctrl Pts',(15.1577900790923,14.202440558733,-7.25542886242309));
#14711=CARTESIAN_POINT('Ctrl Pts',(15.1690556758916,14.1535340562351,-7.3046864059267));
#14712=CARTESIAN_POINT('Ctrl Pts',(15.2161373584644,14.0397299455053,-7.41192190808293));
#14713=CARTESIAN_POINT('Ctrl Pts',(15.2598037965012,13.9754900299757,-7.46650176190095));
#14714=CARTESIAN_POINT('Ctrl Pts',(15.3582806541563,13.8875923575786,-7.53690666733537));
#14715=CARTESIAN_POINT('Ctrl Pts',(15.4098993739817,13.8540938767715,-7.56225626784916));
#14716=CARTESIAN_POINT('Ctrl Pts',(15.5256928479244,13.8084949763152,-7.5959631648532));
#14717=CARTESIAN_POINT('Ctrl Pts',(15.5898855582437,13.7965216130212,-7.60443044709542));
#14718=CARTESIAN_POINT('Ctrl Pts',(15.651,13.7965216130212,-7.60443044709542));
#14719=CARTESIAN_POINT('',(6.58,13.7965216130212,-7.60443044709542));
#14720=CARTESIAN_POINT('Origin',(6.58,6.47435742565159,-4.11266047560147E-15));
#14721=CARTESIAN_POINT('Ctrl Pts',(6.58,14.2965216130212,-7.15358283839867));
#14722=CARTESIAN_POINT('Ctrl Pts',(6.58,14.2807441612824,-7.17083486731163));
#14723=CARTESIAN_POINT('Ctrl Pts',(6.57925091848565,14.2645654536462,-7.18841034965998));
#14724=CARTESIAN_POINT('Ctrl Pts',(6.57765274971109,14.2481300775528,-7.20614035087805));
#14725=CARTESIAN_POINT('',(6.58,16.2210947714966,-4.16666666666667));
#14726=CARTESIAN_POINT('Ctrl Pts',(15.1533472502889,14.2481300775528,-7.20614035087805));
#14727=CARTESIAN_POINT('Ctrl Pts',(15.1517490815144,14.2645654536462,-7.18841034965998));
#14728=CARTESIAN_POINT('Ctrl Pts',(15.151,14.2807441612824,-7.17083486731163));
#14729=CARTESIAN_POINT('Ctrl Pts',(15.151,14.2965216130212,-7.15358283839867));
#14730=CARTESIAN_POINT('Origin',(6.08,14.2965216130212,-6.04114703919744));
#14731=CARTESIAN_POINT('',(6.08,13.7965216130212,-6.04114703919744));
#14732=CARTESIAN_POINT('Origin',(16.0821428571429,13.7965216130212,-6.16666666666667));
#14733=CARTESIAN_POINT('',(5.08214285714286,13.7965216130212,-6.16666666666667));
#14734=CARTESIAN_POINT('',(5.08214285714286,13.7965216130212,-6.16666666666667));
#14735=CARTESIAN_POINT('',(5.08214285714286,13.7965216130212,-6.16666666666667));
#14736=CARTESIAN_POINT('Origin',(5.08214285714286,11.2965216130212,-6.16666666666667));
#14737=CARTESIAN_POINT('',(2.58214285714286,11.2965216130212,-8.16666666666667));
#14738=CARTESIAN_POINT('Origin',(5.08214285714286,11.2965216130212,-8.16666666666667));
#14739=CARTESIAN_POINT('',(2.58214285714286,11.2965216130212,-6.16666666666667));
#14740=CARTESIAN_POINT('',(2.58214285714286,11.2965216130212,-6.16666666666667));
#14741=CARTESIAN_POINT('Origin',(5.08214285714286,11.2965216130212,-6.16666666666667));
#14742=CARTESIAN_POINT('Origin',(12.4715813513429,2.75,-4.66666666666667));
#14743=CARTESIAN_POINT('',(9.00028974134438,2.75,-6.16666666666667));
#14744=CARTESIAN_POINT('',(12.1625674015128,2.75,-6.16666666666667));
#14745=CARTESIAN_POINT('Ctrl Pts',(12.1625674015128,2.75,-6.16666666666667));
#14746=CARTESIAN_POINT('Ctrl Pts',(11.9904646694505,2.6290585278101,-6.16666666666667));
#14747=CARTESIAN_POINT('Ctrl Pts',(11.8006142594934,2.52568941963568,-6.1520277735838));
#14748=CARTESIAN_POINT('Ctrl Pts',(11.2729207919373,2.31499509604638,-6.10843065232022));
#14749=CARTESIAN_POINT('Ctrl Pts',(10.9170334697284,2.25,-6.08088022903976));
#14750=CARTESIAN_POINT('Ctrl Pts',(10.2458236731287,2.25,-6.08088022903976));
#14751=CARTESIAN_POINT('Ctrl Pts',(9.88993635091983,2.31499509604638,-6.10843065232022));
#14752=CARTESIAN_POINT('Ctrl Pts',(9.3622428833637,2.52568941963568,-6.15202777358381));
#14753=CARTESIAN_POINT('Ctrl Pts',(9.17239247340668,2.6290585278101,-6.16666666666667));
#14754=CARTESIAN_POINT('Ctrl Pts',(9.00028974134438,2.75,-6.16666666666667));
#14755=CARTESIAN_POINT('',(2.58214285714286,2.75,-6.16666666666667));
#14756=CARTESIAN_POINT('',(12.4715813513429,2.75,-6.16666666666667));
#14757=CARTESIAN_POINT('',(2.58214285714286,1.25,-4.66666666666667));
#14758=CARTESIAN_POINT('Origin',(2.58214285714286,2.75,-4.66666666666667));
#14759=CARTESIAN_POINT('',(18.5821428571429,1.25,-4.66666666666667));
#14760=CARTESIAN_POINT('',(12.4715813513429,1.25,-4.66666666666667));
#14761=CARTESIAN_POINT('',(18.5821428571429,2.75,-6.16666666666667));
#14762=CARTESIAN_POINT('Origin',(18.5821428571429,2.75,-4.66666666666667));
#14763=CARTESIAN_POINT('',(12.4715813513429,2.75,-6.16666666666667));
#14764=CARTESIAN_POINT('Origin',(10.5821428571429,6.89826080651062,-6.16666666666667));
#14765=CARTESIAN_POINT('',(2.58214285714286,0.,-6.16666666666667));
#14766=CARTESIAN_POINT('',(7.83142857142857,5.,-6.16666666666667));
#14767=CARTESIAN_POINT('Origin',(10.5814285714286,5.,-6.16666666666667));
#14768=CARTESIAN_POINT('Origin',(10.5814285714286,5.,-6.16666666666667));
#14769=CARTESIAN_POINT('',(18.5821428571429,11.2965216130212,-6.16666666666667));
#14770=CARTESIAN_POINT('',(18.5821428571429,0.,-6.16666666666667));
#14771=CARTESIAN_POINT('Origin',(16.0821428571429,11.2965216130212,-6.16666666666667));
#14772=CARTESIAN_POINT('',(12.1164068114646,9.28526323531962,-6.16666666666667));
#14773=CARTESIAN_POINT('Origin',(14.8664068114646,9.28526323531962,-6.16666666666667));
#14774=CARTESIAN_POINT('Origin',(14.8664068114646,9.28526323531962,-6.16666666666667));
#14775=CARTESIAN_POINT('',(3.54616534045032,9.28497823137281,-6.16666666666667));
#14776=CARTESIAN_POINT('Origin',(6.29616534045032,9.28497823137281,-6.16666666666667));
#14777=CARTESIAN_POINT('Origin',(6.29616534045032,9.28497823137281,-6.16666666666667));
#14778=CARTESIAN_POINT('Origin',(6.58214285714286,3.,-5.16666666666667));
#14779=CARTESIAN_POINT('',(18.5821428571429,3.,-8.16666666666667));
#14780=CARTESIAN_POINT('',(18.5821428571429,0.,-5.16666666666667));
#14781=CARTESIAN_POINT('Origin',(18.5821428571429,3.,-5.16666666666667));
#14782=CARTESIAN_POINT('',(2.58214285714286,0.,-5.16666666666667));
#14783=CARTESIAN_POINT('',(6.58214285714286,0.,-5.16666666666667));
#14784=CARTESIAN_POINT('',(2.58214285714286,3.,-8.16666666666667));
#14785=CARTESIAN_POINT('Origin',(2.58214285714286,3.,-5.16666666666667));
#14786=CARTESIAN_POINT('',(10.5814285714286,3.,-8.16666666666667));
#14787=CARTESIAN_POINT('',(6.58214285714286,3.,-8.16666666666667));
#14788=CARTESIAN_POINT('',(6.58214285714286,3.,-8.16666666666667));
#14789=CARTESIAN_POINT('Origin',(2.58214285714286,0.,-6.16666666666667));
#14790=CARTESIAN_POINT('',(18.5821428571429,0.,-4.16666666666667));
#14791=CARTESIAN_POINT('',(18.5821428571429,0.,-6.16666666666667));
#14792=CARTESIAN_POINT('',(16.1406111196574,0.,-4.16666666666667));
#14793=CARTESIAN_POINT('',(16.1406111196574,0.,-4.16666666666667));
#14794=CARTESIAN_POINT('',(16.1406111196574,0.,0.));
#14795=CARTESIAN_POINT('',(16.1406111196574,0.,-6.16666666666667));
#14796=CARTESIAN_POINT('',(14.5814285714286,0.,0.));
#14797=CARTESIAN_POINT('',(2.58214285714286,0.,0.));
#14798=CARTESIAN_POINT('',(14.5814285714286,0.,-4.16666666666667));
#14799=CARTESIAN_POINT('',(14.5814285714286,0.,-6.16666666666667));
#14800=CARTESIAN_POINT('',(6.58142857142857,0.,-4.16666666666667));
#14801=CARTESIAN_POINT('',(6.58142857142857,0.,-4.16666666666667));
#14802=CARTESIAN_POINT('',(6.58142857142857,0.,0.));
#14803=CARTESIAN_POINT('',(6.58142857142857,0.,-6.16666666666667));
#14804=CARTESIAN_POINT('',(5.02224602319973,0.,0.));
#14805=CARTESIAN_POINT('',(2.58214285714286,0.,0.));
#14806=CARTESIAN_POINT('',(5.02224602319973,0.,-4.16666666666667));
#14807=CARTESIAN_POINT('',(5.02224602319973,0.,-6.16666666666667));
#14808=CARTESIAN_POINT('',(2.58214285714286,0.,-4.16666666666667));
#14809=CARTESIAN_POINT('',(2.58214285714286,0.,-4.16666666666667));
#14810=CARTESIAN_POINT('',(2.58214285714286,0.,-6.16666666666667));
#14811=CARTESIAN_POINT('Origin',(18.5821428571429,0.,-6.16666666666667));
#14812=CARTESIAN_POINT('',(18.5821428571429,11.2965216130212,-8.16666666666667));
#14813=CARTESIAN_POINT('',(18.5821428571429,0.,-8.16666666666667));
#14814=CARTESIAN_POINT('',(18.5821428571429,11.2965216130212,-6.16666666666667));
#14815=CARTESIAN_POINT('',(18.5821428571429,1.25,-4.16666666666667));
#14816=CARTESIAN_POINT('',(18.5821428571429,1.25,-6.16666666666667));
#14817=CARTESIAN_POINT('',(18.5821428571429,0.,-4.16666666666667));
#14818=CARTESIAN_POINT('Origin',(11.6450912741144,15.5649508545147,-4.16666666666667));
#14819=CARTESIAN_POINT('',(10.0859087258856,15.5649508545147,-4.16666666666667));
#14820=CARTESIAN_POINT('',(11.6450912741144,15.5649508545147,-4.16666666666667));
#14821=CARTESIAN_POINT('',(9.11254563705721,15.5649508545147,-4.16666666666667));
#14822=CARTESIAN_POINT('',(10.0859087258856,15.5649508545147,0.));
#14823=CARTESIAN_POINT('',(10.0859087258856,15.5649508545147,-4.16666666666667));
#14824=CARTESIAN_POINT('',(11.6450912741144,15.5649508545147,0.));
#14825=CARTESIAN_POINT('',(6.58,15.5649508545147,0.));
#14826=CARTESIAN_POINT('',(11.6450912741144,15.5649508545147,-4.16666666666667));
#14827=CARTESIAN_POINT('Origin',(11.8655,14.3149508545147,-4.16666666666667));
#14828=CARTESIAN_POINT('',(11.8655,14.3149508545147,-4.16666666666667));
#14829=CARTESIAN_POINT('',(11.6228264328696,15.6912210438831,-4.16666666666667));
#14830=CARTESIAN_POINT('',(11.8655,14.3149508545147,0.));
#14831=CARTESIAN_POINT('',(11.8655,14.3149508545147,0.));
#14832=CARTESIAN_POINT('',(11.8655,14.3149508545147,-4.16666666666667));
#14833=CARTESIAN_POINT('Origin',(9.8655,14.3149508545147,-4.16666666666667));
#14834=CARTESIAN_POINT('',(9.8655,14.3149508545147,-4.16666666666667));
#14835=CARTESIAN_POINT('',(8.22275,14.3149508545147,-4.16666666666667));
#14836=CARTESIAN_POINT('',(9.8655,14.3149508545147,0.));
#14837=CARTESIAN_POINT('',(9.8655,14.3149508545147,0.));
#14838=CARTESIAN_POINT('',(9.8655,14.3149508545147,-4.16666666666667));
#14839=CARTESIAN_POINT('Origin',(10.0859087258856,15.5649508545147,-4.16666666666667));
#14840=CARTESIAN_POINT('',(10.0891542932622,15.583357381772,-4.16666666666667));
#14841=CARTESIAN_POINT('',(10.0859087258856,15.5649508545147,0.));
#14842=CARTESIAN_POINT('Origin',(10.8655,14.9399508545147,0.));
#14843=CARTESIAN_POINT('Origin',(15.651,14.2965216130212,-6.04114703919744));
#14844=CARTESIAN_POINT('',(15.651,13.7965216130212,-6.04114703919744));
#14845=CARTESIAN_POINT('Origin',(16.0821428571429,13.7965216130212,-6.16666666666667));
#14846=CARTESIAN_POINT('',(16.0821428571429,13.7965216130212,-6.16666666666667));
#14847=CARTESIAN_POINT('Origin',(10.5821428571429,6.89826080651062,-8.16666666666667));
#14848=CARTESIAN_POINT('Origin',(16.0821428571429,11.2965216130212,-8.16666666666667));
#14849=CARTESIAN_POINT('',(8.58142857142857,5.,-8.16666666666667));
#14850=CARTESIAN_POINT('Origin',(10.5814285714286,5.,-8.16666666666667));
#14851=CARTESIAN_POINT('Origin',(10.5814285714286,5.,-8.16666666666667));
#14852=CARTESIAN_POINT('',(2.58214285714286,0.,-8.16666666666667));
#14853=CARTESIAN_POINT('',(12.8664068114646,9.28526323531962,-8.16666666666667));
#14854=CARTESIAN_POINT('Origin',(14.8664068114646,9.28526323531962,-8.16666666666667));
#14855=CARTESIAN_POINT('',(4.29616534045032,9.28497823137281,-8.16666666666667));
#14856=CARTESIAN_POINT('Origin',(6.29616534045032,9.28497823137281,-8.16666666666667));
#14857=CARTESIAN_POINT('Origin',(16.0821428571429,11.2965216130212,-6.16666666666667));
#14858=CARTESIAN_POINT('Origin',(6.58,16.2210947714966,-4.16666666666667));
#14859=CARTESIAN_POINT('Origin',(6.29616534045032,9.28497823137281,-6.16666666666667));
#14860=CARTESIAN_POINT('',(3.54616534045032,9.28497823137281,-6.66666666666667));
#14861=CARTESIAN_POINT('',(3.54616534045032,9.28497823137281,-6.16666666666667));
#14862=CARTESIAN_POINT('Origin',(6.29616534045032,9.28497823137281,-6.66666666666667));
#14863=CARTESIAN_POINT('Origin',(6.29616534045032,9.28497823137281,-6.66666666666667));
#14864=CARTESIAN_POINT('',(4.29616534045032,9.28497823137281,-6.66666666666667));
#14865=CARTESIAN_POINT('Origin',(6.29616534045032,9.28497823137281,-6.66666666666667));
#14866=CARTESIAN_POINT('Origin',(14.8664068114646,9.28526323531962,-6.16666666666667));
#14867=CARTESIAN_POINT('',(12.1164068114646,9.28526323531962,-6.66666666666667));
#14868=CARTESIAN_POINT('',(12.1164068114646,9.28526323531962,-6.16666666666667));
#14869=CARTESIAN_POINT('Origin',(14.8664068114646,9.28526323531962,-6.66666666666667));
#14870=CARTESIAN_POINT('Origin',(14.8664068114646,9.28526323531962,-6.66666666666667));
#14871=CARTESIAN_POINT('',(12.8664068114646,9.28526323531962,-6.66666666666667));
#14872=CARTESIAN_POINT('Origin',(14.8664068114646,9.28526323531962,-6.66666666666667));
#14873=CARTESIAN_POINT('Origin',(10.5814285714286,5.,-6.16666666666667));
#14874=CARTESIAN_POINT('',(7.83142857142857,5.,-6.66666666666667));
#14875=CARTESIAN_POINT('',(7.83142857142857,5.,-6.16666666666667));
#14876=CARTESIAN_POINT('Origin',(10.5814285714286,5.,-6.66666666666667));
#14877=CARTESIAN_POINT('Origin',(10.5814285714286,5.,-6.66666666666667));
#14878=CARTESIAN_POINT('',(8.58142857142857,5.,-6.66666666666667));
#14879=CARTESIAN_POINT('Origin',(10.5814285714286,5.,-6.66666666666667));
#14880=CARTESIAN_POINT('Origin',(6.29616534045032,9.28497823137281,-6.16666666666667));
#14881=CARTESIAN_POINT('',(4.29616534045032,9.28497823137281,-6.16666666666667));
#14882=CARTESIAN_POINT('Origin',(10.5814285714286,5.,-6.16666666666667));
#14883=CARTESIAN_POINT('',(8.58142857142857,5.,-6.16666666666667));
#14884=CARTESIAN_POINT('Origin',(14.8664068114646,9.28526323531962,-6.16666666666667));
#14885=CARTESIAN_POINT('',(12.8664068114646,9.28526323531962,-6.16666666666667));
#14886=CARTESIAN_POINT('Origin',(17.3613769884001,0.625,-4.16666666666667));
#14887=CARTESIAN_POINT('',(16.361019845543,1.25,-4.16666666666667));
#14888=CARTESIAN_POINT('',(18.5821428571429,1.25,-4.16666666666667));
#14889=CARTESIAN_POINT('',(16.3226614275393,1.03245860134642,-4.16666666666667));
#14890=CARTESIAN_POINT('Origin',(10.5814285714286,0.625,-4.16666666666667));
#14891=CARTESIAN_POINT('',(14.361019845543,1.25,-4.16666666666667));
#14892=CARTESIAN_POINT('',(14.4676805448198,0.645097115323464,-4.16666666666667));
#14893=CARTESIAN_POINT('',(6.80183729731415,1.25,-4.16666666666667));
#14894=CARTESIAN_POINT('',(18.5821428571429,1.25,-4.16666666666667));
#14895=CARTESIAN_POINT('',(6.80538096098009,1.27009711532347,-4.16666666666667));
#14896=CARTESIAN_POINT('Origin',(14.5814285714286,0.,-6.16666666666667));
#14897=CARTESIAN_POINT('',(14.361019845543,1.25,0.));
#14898=CARTESIAN_POINT('',(14.361019845543,1.25,0.));
#14899=CARTESIAN_POINT('',(14.361019845543,1.25,-6.16666666666667));
#14900=CARTESIAN_POINT('Origin',(3.8021944401713,0.625,-4.16666666666667));
#14901=CARTESIAN_POINT('',(2.58214285714286,1.25,-4.16666666666667));
#14902=CARTESIAN_POINT('',(2.58214285714286,0.,-4.16666666666667));
#14903=CARTESIAN_POINT('',(4.80183729731415,1.25,-4.16666666666667));
#14904=CARTESIAN_POINT('',(4.95041084743549,0.407397526320822,-4.16666666666667));
#14905=CARTESIAN_POINT('',(18.5821428571429,1.25,-4.16666666666667));
#14906=CARTESIAN_POINT('Origin',(5.02224602319973,1.38777878078145E-16,
-6.16666666666667));
#14907=CARTESIAN_POINT('',(4.80183729731415,1.25,0.));
#14908=CARTESIAN_POINT('',(4.80183729731415,1.25,0.));
#14909=CARTESIAN_POINT('',(4.80183729731415,1.25,-6.16666666666667));
#14910=CARTESIAN_POINT('Origin',(6.80183729731415,1.25,-6.16666666666667));
#14911=CARTESIAN_POINT('',(6.80183729731415,1.25,0.));
#14912=CARTESIAN_POINT('',(6.80183729731415,1.25,-6.16666666666667));
#14913=CARTESIAN_POINT('',(6.58142857142857,0.,0.));
#14914=CARTESIAN_POINT('Origin',(5.80183729731415,0.625,0.));
#14915=CARTESIAN_POINT('',(6.80183729731415,1.25,0.));
#14916=CARTESIAN_POINT('Origin',(16.361019845543,1.25,-6.16666666666667));
#14917=CARTESIAN_POINT('',(16.361019845543,1.25,0.));
#14918=CARTESIAN_POINT('',(16.361019845543,1.25,-6.16666666666667));
#14919=CARTESIAN_POINT('',(16.1406111196574,0.,0.));
#14920=CARTESIAN_POINT('Origin',(14.361019845543,1.25,-6.16666666666667));
#14921=CARTESIAN_POINT('',(2.58214285714286,1.25,-6.16666666666667));
#14922=CARTESIAN_POINT('',(16.361019845543,1.25,0.));
#14923=CARTESIAN_POINT('Origin',(15.361019845543,0.625,0.));
#14924=CARTESIAN_POINT('Origin',(2.58214285714286,11.2965216130212,-6.16666666666667));
#14925=CARTESIAN_POINT('',(0.,0.,0.));
#14926=CARTESIAN_POINT('Origin',(-3.70428571428572,2.5357142857143,4.91666666666708));
#14927=CARTESIAN_POINT('',(-3.70428571428572,2.5357142857143,5.16666666666708));
#14928=CARTESIAN_POINT('Origin',(-3.70428571428572,2.5357142857143,4.91666666666708));
#14929=CARTESIAN_POINT('Origin',(14.8671428571429,2.53571428571556,4.91666666666708));
#14930=CARTESIAN_POINT('',(24.8671428571429,2.53571428571555,5.16666666666708));
#14931=CARTESIAN_POINT('Origin',(24.8671428571429,2.53571428571556,4.91666666666708));
#14932=CARTESIAN_POINT('',(14.8671428571428,2.53571428571556,5.16666666666708));
#14933=CARTESIAN_POINT('',(14.8671428571429,2.53571428571556,5.16666666666708));
#14934=CARTESIAN_POINT('',(14.8671428571427,2.78571428571556,4.91666666666708));
#14935=CARTESIAN_POINT('Origin',(14.8671428571429,2.53571428571556,4.91666666666708));
#14936=CARTESIAN_POINT('Origin',(14.8671428571429,2.53571428571556,4.91666666666708));
#14937=CARTESIAN_POINT('Origin',(14.8671428571423,5.0000000000001,4.91666666666708));
#14938=CARTESIAN_POINT('',(12.6865305425654,5.38469618922018,4.91666666666708));
#14939=CARTESIAN_POINT('Origin',(14.8671428571423,5.0000000000001,4.91666666666708));
#14940=CARTESIAN_POINT('',(12.4403323780163,5.42812962993854,5.16666666666708));
#14941=CARTESIAN_POINT('Origin',(12.4403323780163,5.42812962993854,4.91666666666708));
#14942=CARTESIAN_POINT('Origin',(12.4403323780163,5.42812962993854,4.91666666666708));
#14943=CARTESIAN_POINT('Origin',(13.0441245026347,8.85066559281577,4.91666666666708));
#14944=CARTESIAN_POINT('',(13.0441245026347,8.85066559281577,5.16666666666708));
#14945=CARTESIAN_POINT('',(13.0441245026347,8.85066559281577,5.16666666666708));
#14946=CARTESIAN_POINT('',(12.7979263380856,8.89409903353413,4.91666666666708));
#14947=CARTESIAN_POINT('Origin',(13.0441245026347,8.85066559281577,4.91666666666708));
#14948=CARTESIAN_POINT('Origin',(13.0441245026347,8.85066559281577,4.91666666666708));
#14949=CARTESIAN_POINT('Origin',(10.5821428571428,9.28499999999999,4.91666666666708));
#14950=CARTESIAN_POINT('',(8.36620135429086,8.89499582573946,4.91666666666708));
#14951=CARTESIAN_POINT('Origin',(10.5821428571428,9.28499999999999,4.91666666666708));
#14952=CARTESIAN_POINT('',(8.11998563175183,8.85166202859936,5.16666666666708));
#14953=CARTESIAN_POINT('Origin',(8.11998563175183,8.85166202859936,4.91666666666708));
#14954=CARTESIAN_POINT('Origin',(8.11998563175183,8.85166202859936,4.91666666666708));
#14955=CARTESIAN_POINT('Origin',(8.72269783645574,5.42714742895184,4.91666666666708));
#14956=CARTESIAN_POINT('',(8.72269783645574,5.42714742895184,5.16666666666708));
#14957=CARTESIAN_POINT('',(8.72269783645574,5.42714742895184,5.16666666666708));
#14958=CARTESIAN_POINT('',(8.4764821139167,5.38381363181174,4.91666666666708));
#14959=CARTESIAN_POINT('Origin',(8.72269783645574,5.42714742895184,4.91666666666708));
#14960=CARTESIAN_POINT('Origin',(8.72269783645574,5.42714742895184,4.91666666666708));
#14961=CARTESIAN_POINT('Origin',(6.29571428571428,4.99999999999951,4.91666666666708));
#14962=CARTESIAN_POINT('',(6.29571428571428,2.7857142857143,4.91666666666708));
#14963=CARTESIAN_POINT('Origin',(6.29571428571428,4.99999999999951,4.91666666666708));
#14964=CARTESIAN_POINT('',(6.29571428571428,2.5357142857143,5.16666666666708));
#14965=CARTESIAN_POINT('Origin',(6.29571428571428,2.5357142857143,4.91666666666708));
#14966=CARTESIAN_POINT('Origin',(6.29571428571428,2.5357142857143,4.91666666666708));
#14967=CARTESIAN_POINT('Origin',(0.,2.5357142857143,4.91666666666708));
#14968=CARTESIAN_POINT('',(0.,2.5357142857143,5.16666666666708));
#14969=CARTESIAN_POINT('Origin',(24.8671428571428,2.53571428571556,4.91666666666708));
#14970=CARTESIAN_POINT('',(0.,0.,0.));
#14971=CARTESIAN_POINT('Origin',(-3.70383465954968,11.7492639456585,-4.91666666666708));
#14972=CARTESIAN_POINT('',(-3.70383465954968,11.7492639456585,-4.66666666666708));
#14973=CARTESIAN_POINT('Origin',(-3.70383465954968,11.7492639456585,-4.91666666666708));
#14974=CARTESIAN_POINT('Origin',(14.8602451300172,11.7500677262667,-4.91666666666708));
#14975=CARTESIAN_POINT('',(24.8602451300172,11.7500677262667,-4.66666666666708));
#14976=CARTESIAN_POINT('Origin',(24.8602451300172,11.7500677262667,-4.91666666666708));
#14977=CARTESIAN_POINT('',(14.8602451300172,11.7500677262667,-4.66666666666708));
#14978=CARTESIAN_POINT('',(14.8602451300172,11.7500677262667,-4.66666666666708));
#14979=CARTESIAN_POINT('',(14.8602451300172,11.5000677262667,-4.91666666666708));
#14980=CARTESIAN_POINT('Origin',(14.8602451300172,11.7500677262667,-4.91666666666708));
#14981=CARTESIAN_POINT('Origin',(14.8602451300172,11.7500677262667,-4.91666666666708));
#14982=CARTESIAN_POINT('Origin',(14.8602451300172,9.29085358367801,-4.91666666666708));
#14983=CARTESIAN_POINT('',(12.6846273580024,8.90703795358034,-4.91666666666708));
#14984=CARTESIAN_POINT('Origin',(14.8602451300172,9.29085358367801,-4.91666666666708));
#14985=CARTESIAN_POINT('',(12.4384292043158,8.8636044512889,-4.66666666666708));
#14986=CARTESIAN_POINT('Origin',(12.4384292043158,8.8636044512889,-4.91666666666708));
#14987=CARTESIAN_POINT('Origin',(12.4384292043158,8.8636044512889,-4.91666666666708));
#14988=CARTESIAN_POINT('Origin',(13.0434101082948,5.43433502291445,-4.91666666666708));
#14989=CARTESIAN_POINT('',(13.0434101082948,5.43433502291445,-4.66666666666708));
#14990=CARTESIAN_POINT('',(13.0434101082948,5.43433502291445,-4.66666666666708));
#14991=CARTESIAN_POINT('',(12.7972119546081,5.390901520623,-4.91666666666708));
#14992=CARTESIAN_POINT('Origin',(13.0434101082948,5.43433502291445,-4.91666666666708));
#14993=CARTESIAN_POINT('Origin',(13.0434101082948,5.43433502291445,-4.91666666666708));
#14994=CARTESIAN_POINT('Origin',(10.5814285714286,5.,-4.91666666666708));
#14995=CARTESIAN_POINT('',(8.36561636563889,5.39073810752666,-4.91666666666708));
#14996=CARTESIAN_POINT('Origin',(10.5814285714286,5.,-4.91666666666708));
#14997=CARTESIAN_POINT('',(8.11941500944004,5.4341534528074,-4.66666666666708));
#14998=CARTESIAN_POINT('Origin',(8.11941500944004,5.4341534528074,-4.91666666666708));
#14999=CARTESIAN_POINT('Origin',(8.11941500944004,5.4341534528074,-4.91666666666708));
#15000=CARTESIAN_POINT('Origin',(8.7230072801247,8.85702697074838,-4.91666666666708));
#15001=CARTESIAN_POINT('',(8.7230072801247,8.85702697074838,-4.66666666666708));
#15002=CARTESIAN_POINT('',(8.7230072801247,8.85702697074838,-4.66666666666708));
#15003=CARTESIAN_POINT('',(8.47680592392585,8.90044231602912,-4.91666666666708));
#15004=CARTESIAN_POINT('Origin',(8.7230072801247,8.85702697074838,-4.91666666666708));
#15005=CARTESIAN_POINT('Origin',(8.7230072801247,8.85702697074838,-4.91666666666708));
#15006=CARTESIAN_POINT('Origin',(6.29616534045032,9.28497823137281,-4.91666666666708));
#15007=CARTESIAN_POINT('',(6.29616534045032,11.4992639456585,-4.91666666666708));
#15008=CARTESIAN_POINT('Origin',(6.29616534045032,9.28497823137281,-4.91666666666708));
#15009=CARTESIAN_POINT('',(6.29616534045032,11.7492639456585,-4.66666666666708));
#15010=CARTESIAN_POINT('Origin',(6.29616534045032,11.7492639456585,-4.91666666666708));
#15011=CARTESIAN_POINT('Origin',(6.29616534045032,11.7492639456585,-4.91666666666708));
#15012=CARTESIAN_POINT('Origin',(0.,11.7492639456585,-4.91666666666708));
#15013=CARTESIAN_POINT('',(0.,11.7492639456585,-4.66666666666708));
#15014=CARTESIAN_POINT('Origin',(24.8602451300172,11.7500677262667,-4.91666666666708));
#15015=CARTESIAN_POINT('',(0.,0.,0.));
#15016=CARTESIAN_POINT('Origin',(13.5821428571429,0.,-3.99133333333333));
#15017=CARTESIAN_POINT('',(13.5810823116142,0.,-3.99133333333333));
#15018=CARTESIAN_POINT('',(13.5810823116142,-0.1,-3.99133333333333));
#15019=CARTESIAN_POINT('',(13.5810823116142,-0.13845449400951,-3.99133333333333));
#15020=CARTESIAN_POINT('',(8.58214285714286,-0.1,-3.99133333333333));
#15021=CARTESIAN_POINT('',(18.5821428571429,-0.1,-3.99133333333333));
#15022=CARTESIAN_POINT('',(8.58214285714286,0.,-3.99133333333333));
#15023=CARTESIAN_POINT('',(8.58214285714286,0.,-3.99133333333333));
#15024=CARTESIAN_POINT('',(18.5821428571429,0.,-3.99133333333333));
#15025=CARTESIAN_POINT('Origin',(15.5810823116142,6.72309101198098,8.26666666666667));
#15026=CARTESIAN_POINT('',(18.5821428571429,6.72309101198098,8.26666666666667));
#15027=CARTESIAN_POINT('',(18.5821428571429,6.72309101198098,8.16666666666667));
#15028=CARTESIAN_POINT('',(18.5821428571429,6.72309101198098,8.21666666666667));
#15029=CARTESIAN_POINT('',(15.5810823116142,6.72309101198098,8.26666666666667));
#15030=CARTESIAN_POINT('',(17.0816125843785,6.72309101198098,8.26666666666667));
#15031=CARTESIAN_POINT('',(15.5810823116142,6.72309101198098,8.16666666666667));
#15032=CARTESIAN_POINT('',(15.5810823116142,6.72309101198098,8.26666666666667));
#15033=CARTESIAN_POINT('',(17.0816125843785,6.72309101198098,8.16666666666667));
#15034=CARTESIAN_POINT('Origin',(13.5810823116142,-0.27690898801902,8.26666666666667));
#15035=CARTESIAN_POINT('',(13.5810823116142,-0.1,5.16666666666667));
#15036=CARTESIAN_POINT('',(13.5810823116142,3.,8.26666666666667));
#15037=CARTESIAN_POINT('Origin',(13.5810823116142,3.,5.16666666666667));
#15038=CARTESIAN_POINT('',(13.5810823116142,-0.1,6.21666666666667));
#15039=CARTESIAN_POINT('',(13.5810823116142,0.,5.16666666666667));
#15040=CARTESIAN_POINT('',(13.5810823116142,0.,4.16666666666667));
#15041=CARTESIAN_POINT('',(13.5810823116142,3.,8.16666666666667));
#15042=CARTESIAN_POINT('Origin',(13.5810823116142,3.,5.16666666666667));
#15043=CARTESIAN_POINT('',(13.5810823116142,4.72309106557077,8.16666666666667));
#15044=CARTESIAN_POINT('',(13.5810823116142,1.36154550599049,8.16666666666667));
#15045=CARTESIAN_POINT('',(13.5810823116142,4.72309106557077,8.26666666666667));
#15046=CARTESIAN_POINT('',(13.5810823116142,4.72309106557077,8.26666666666667));
#15047=CARTESIAN_POINT('',(13.5810823116142,1.36154550599049,8.26666666666667));
#15048=CARTESIAN_POINT('Origin',(15.5810823116142,4.72309101198098,8.26666666666667));
#15049=CARTESIAN_POINT('Origin',(15.5810823116142,4.72309101198098,8.16666666666667));
#15050=CARTESIAN_POINT('Origin',(15.5810823116142,4.72309101198098,8.26666666666667));
#15051=CARTESIAN_POINT('Origin',(18.5821428571429,-0.1,4.16666666666667));
#15052=CARTESIAN_POINT('',(8.58214285714286,-0.1,5.16666666666667));
#15053=CARTESIAN_POINT('',(18.5821428571429,-0.1,5.16666666666667));
#15054=CARTESIAN_POINT('',(8.58214285714286,-0.1,4.16666666666667));
#15055=CARTESIAN_POINT('Origin',(18.5821428571429,3.,5.16666666666667));
#15056=CARTESIAN_POINT('',(8.58214285714286,3.,8.26666666666667));
#15057=CARTESIAN_POINT('',(18.5821428571429,3.,8.26666666666667));
#15058=CARTESIAN_POINT('Origin',(8.58214285714286,3.,5.16666666666667));
#15059=CARTESIAN_POINT('Origin',(18.5821428571429,3.,8.26666666666667));
#15060=CARTESIAN_POINT('',(18.5821428571429,11.973091011981,8.26666666666667));
#15061=CARTESIAN_POINT('',(18.5821428571429,3.,8.26666666666667));
#15062=CARTESIAN_POINT('',(8.58214285714286,11.973091011981,8.26666666666667));
#15063=CARTESIAN_POINT('',(18.5821428571429,11.973091011981,8.26666666666667));
#15064=CARTESIAN_POINT('',(8.58214285714286,3.,8.26666666666667));
#15065=CARTESIAN_POINT('Origin',(18.5821428571429,7.4865455059905,8.16666666666667));
#15066=CARTESIAN_POINT('',(18.5821428571429,11.973091011981,8.16666666666667));
#15067=CARTESIAN_POINT('',(18.5821428571429,3.,8.16666666666667));
#15068=CARTESIAN_POINT('',(18.5821428571429,11.973091011981,8.16666666666667));
#15069=CARTESIAN_POINT('Origin',(18.5821428571429,3.,8.16666666666667));
#15070=CARTESIAN_POINT('',(8.58214285714286,3.,8.16666666666667));
#15071=CARTESIAN_POINT('',(18.5821428571429,3.,8.16666666666667));
#15072=CARTESIAN_POINT('',(8.58214285714286,11.973091011981,8.16666666666667));
#15073=CARTESIAN_POINT('',(8.58214285714286,3.,8.16666666666667));
#15074=CARTESIAN_POINT('',(18.5821428571429,11.973091011981,8.16666666666667));
#15075=CARTESIAN_POINT('Origin',(18.5821428571429,3.,5.16666666666667));
#15076=CARTESIAN_POINT('',(8.58214285714286,0.,5.16666666666667));
#15077=CARTESIAN_POINT('',(18.5821428571429,0.,5.16666666666667));
#15078=CARTESIAN_POINT('Origin',(8.58214285714286,3.,5.16666666666667));
#15079=CARTESIAN_POINT('Origin',(18.5821428571429,0.,4.16666666666667));
#15080=CARTESIAN_POINT('',(8.58214285714286,0.,4.16666666666667));
#15081=CARTESIAN_POINT('Origin',(13.5821428571429,11.973091011981,8.16666666666667));
#15082=CARTESIAN_POINT('',(8.58214285714286,11.973091011981,8.16666666666667));
#15083=CARTESIAN_POINT('Origin',(8.58214285714286,7.4865455059905,8.16666666666667));
#15084=CARTESIAN_POINT('',(8.58214285714286,3.,8.16666666666667));
#15085=CARTESIAN_POINT('Origin',(8.58214285714286,0.878679656440358,7.28798701022631));
#15086=CARTESIAN_POINT('',(8.58214285714286,0.,5.16666666666667));
#15087=CARTESIAN_POINT('Origin',(8.58214285714286,0.,4.66666666666667));
#15088=CARTESIAN_POINT('Origin',(10.5821428571429,-0.1,2.00866666666667));
#15089=CARTESIAN_POINT('',(9.83214285714286,-0.2,2.00866666666667));
#15090=CARTESIAN_POINT('Origin',(10.5821428571429,-0.2,2.00866666666667));
#15091=CARTESIAN_POINT('',(9.83214285714286,-0.1,2.00866666666667));
#15092=CARTESIAN_POINT('',(9.83214285714286,-0.1,2.00866666666667));
#15093=CARTESIAN_POINT('Origin',(10.5821428571429,-0.1,2.00866666666667));
#15094=CARTESIAN_POINT('Origin',(10.5821428571429,-0.2,2.00866666666667));
#15095=CARTESIAN_POINT('Origin',(10.5821428571429,-0.1,2.00866666666667));
#15096=CARTESIAN_POINT('Origin',(10.5821428571429,-0.1,0.00866666666666682));
#15097=CARTESIAN_POINT('',(9.83214285714286,-0.2,0.00866666666666673));
#15098=CARTESIAN_POINT('Origin',(10.5821428571429,-0.2,0.00866666666666682));
#15099=CARTESIAN_POINT('',(9.83214285714286,-0.1,0.00866666666666673));
#15100=CARTESIAN_POINT('',(9.83214285714286,-0.1,0.00866666666666673));
#15101=CARTESIAN_POINT('Origin',(10.5821428571429,-0.1,0.00866666666666682));
#15102=CARTESIAN_POINT('Origin',(10.5821428571429,-0.2,0.00866666666666682));
#15103=CARTESIAN_POINT('Origin',(10.5821428571429,-0.1,0.00866666666666682));
#15104=CARTESIAN_POINT('Origin',(10.5821428571429,-0.1,-1.99133333333333));
#15105=CARTESIAN_POINT('',(9.83214285714286,-0.2,-1.99133333333333));
#15106=CARTESIAN_POINT('Origin',(10.5821428571429,-0.2,-1.99133333333333));
#15107=CARTESIAN_POINT('',(9.83214285714286,-0.1,-1.99133333333333));
#15108=CARTESIAN_POINT('',(9.83214285714286,-0.1,-1.99133333333333));
#15109=CARTESIAN_POINT('Origin',(10.5821428571429,-0.1,-1.99133333333333));
#15110=CARTESIAN_POINT('Origin',(10.5821428571429,-0.2,-1.99133333333333));
#15111=CARTESIAN_POINT('Origin',(10.5821428571429,-0.1,-1.99133333333333));
#15112=CARTESIAN_POINT('Origin',(18.5821428571429,6.72309101198098,8.26666666666667));
#15113=CARTESIAN_POINT('',(18.5821428571429,11.973091011981,8.26666666666667));
#15114=CARTESIAN_POINT('',(18.5821428571429,6.72309101198098,8.26666666666667));
#15115=CARTESIAN_POINT('',(18.5821428571429,11.973091011981,8.26666666666667));
#15116=CARTESIAN_POINT('',(18.5821428571429,11.973091011981,8.46666666666667));
#15117=CARTESIAN_POINT('',(18.5821428571429,11.973091011981,8.26666666666667));
#15118=CARTESIAN_POINT('',(18.5821428571429,6.72309101198098,8.46666666666667));
#15119=CARTESIAN_POINT('',(18.5821428571429,11.973091011981,8.46666666666667));
#15120=CARTESIAN_POINT('',(18.5821428571429,6.72309101198098,8.26666666666667));
#15121=CARTESIAN_POINT('Origin',(8.58214285714286,6.72309101198098,8.26666666666667));
#15122=CARTESIAN_POINT('',(8.58214285714286,6.72309101198098,8.26666666666667));
#15123=CARTESIAN_POINT('',(18.5821428571429,6.72309101198098,8.26666666666667));
#15124=CARTESIAN_POINT('',(8.58214285714286,6.72309101198098,8.46666666666667));
#15125=CARTESIAN_POINT('',(18.5821428571429,6.72309101198098,8.46666666666667));
#15126=CARTESIAN_POINT('',(8.58214285714286,6.72309101198098,8.26666666666667));
#15127=CARTESIAN_POINT('Origin',(8.58214285714286,11.973091011981,8.26666666666667));
#15128=CARTESIAN_POINT('',(8.58214285714286,11.973091011981,8.26666666666667));
#15129=CARTESIAN_POINT('',(8.58214285714286,6.72309101198098,8.26666666666667));
#15130=CARTESIAN_POINT('',(8.58214285714286,11.973091011981,8.46666666666667));
#15131=CARTESIAN_POINT('',(8.58214285714286,6.72309101198098,8.46666666666667));
#15132=CARTESIAN_POINT('',(8.58214285714286,11.973091011981,8.26666666666667));
#15133=CARTESIAN_POINT('Origin',(18.5821428571429,11.973091011981,8.26666666666667));
#15134=CARTESIAN_POINT('',(8.58214285714286,11.973091011981,8.26666666666667));
#15135=CARTESIAN_POINT('',(8.58214285714286,11.973091011981,8.46666666666667));
#15136=CARTESIAN_POINT('Origin',(13.5821428571429,9.34809101198099,8.46666666666667));
#15137=CARTESIAN_POINT('Origin',(13.5821428571429,9.34809101198099,8.26666666666667));
#15138=CARTESIAN_POINT('',(0.,0.,0.));
#15139=CARTESIAN_POINT('Origin',(15.0676511301429,6.47435742565159,-4.11266047560147E-15));
#15140=CARTESIAN_POINT('',(15.5676511301429,15.6748405047561,-4.16666666666667));
#15141=CARTESIAN_POINT('',(15.0676511301429,16.2210947714966,-4.16666666666667));
#15142=CARTESIAN_POINT('Ctrl Pts',(15.5676511301429,15.6748405047561,-4.16666666666667));
#15143=CARTESIAN_POINT('Ctrl Pts',(15.5676511301429,15.7444359183611,-4.16666666666667));
#15144=CARTESIAN_POINT('Ctrl Pts',(15.5524334478563,15.8265522580409,-4.16666666666667));
#15145=CARTESIAN_POINT('Ctrl Pts',(15.502723036793,15.95291578828,-4.16666666666667));
#15146=CARTESIAN_POINT('Ctrl Pts',(15.4605958869213,16.0202577847353,-4.16666666666667));
#15147=CARTESIAN_POINT('Ctrl Pts',(15.3718622922423,16.1136965202837,-4.16666666666667));
#15148=CARTESIAN_POINT('Ctrl Pts',(15.3105999653165,16.1573022894906,-4.16666666666667));
#15149=CARTESIAN_POINT('Ctrl Pts',(15.1981021777307,16.2062051965749,-4.16666666666667));
#15150=CARTESIAN_POINT('Ctrl Pts',(15.1276544758095,16.2210947714966,-4.16666666666667));
#15151=CARTESIAN_POINT('Ctrl Pts',(15.0676511301429,16.2210947714966,-4.16666666666667));
#15152=CARTESIAN_POINT('',(15.0676511301429,16.2210947714966,4.16666666666667));
#15153=CARTESIAN_POINT('Origin',(15.0676511301429,6.47435742565159,-4.11266047560147E-15));
#15154=CARTESIAN_POINT('',(15.5676511301429,15.6748405047561,4.16666666666667));
#15155=CARTESIAN_POINT('Ctrl Pts',(15.0676511301429,16.2210947714966,4.16666666666667));
#15156=CARTESIAN_POINT('Ctrl Pts',(15.1276544758095,16.2210947714966,4.16666666666667));
#15157=CARTESIAN_POINT('Ctrl Pts',(15.1981021777307,16.2062051965749,4.16666666666667));
#15158=CARTESIAN_POINT('Ctrl Pts',(15.3105999653165,16.1573022894906,4.16666666666667));
#15159=CARTESIAN_POINT('Ctrl Pts',(15.3718622922423,16.1136965202837,4.16666666666667));
#15160=CARTESIAN_POINT('Ctrl Pts',(15.4605958869213,16.0202577847353,4.16666666666667));
#15161=CARTESIAN_POINT('Ctrl Pts',(15.502723036793,15.95291578828,4.16666666666667));
#15162=CARTESIAN_POINT('Ctrl Pts',(15.5524334478563,15.8265522580409,4.16666666666667));
#15163=CARTESIAN_POINT('Ctrl Pts',(15.5676511301429,15.7444359183611,4.16666666666667));
#15164=CARTESIAN_POINT('Ctrl Pts',(15.5676511301429,15.6748405047561,4.16666666666667));
#15165=CARTESIAN_POINT('Origin',(15.5676511301429,6.47435742565159,-4.11266047560147E-15));
#15166=CARTESIAN_POINT('Origin',(6.58,6.47435742565159,-4.11266047560147E-15));
#15167=CARTESIAN_POINT('',(7.08,16.2210947714966,-4.16666666666667));
#15168=CARTESIAN_POINT('',(6.58,16.2210947714966,-4.16666666666667));
#15169=CARTESIAN_POINT('',(7.08,16.2210947714966,4.16666666666667));
#15170=CARTESIAN_POINT('Origin',(7.08,6.47435742565159,-4.11266047560147E-15));
#15171=CARTESIAN_POINT('',(6.58,16.2210947714966,4.16666666666667));
#15172=CARTESIAN_POINT('Origin',(6.58,15.5649508545147,-4.16666666666667));
#15173=CARTESIAN_POINT('',(15.5676511301429,15.5649508545147,-4.16666666666667));
#15174=CARTESIAN_POINT('',(15.5676511301429,15.9423024972989,-4.16666666666667));
#15175=CARTESIAN_POINT('',(6.58,15.5649508545147,-4.16666666666667));
#15176=CARTESIAN_POINT('',(6.58,15.5649508545147,-4.16666666666667));
#15177=CARTESIAN_POINT('',(6.58,15.6748405047561,-4.16666666666667));
#15178=CARTESIAN_POINT('',(6.58,15.5649508545147,-4.16666666666667));
#15179=CARTESIAN_POINT('Ctrl Pts',(7.08,16.2210947714966,-4.16666666666667));
#15180=CARTESIAN_POINT('Ctrl Pts',(7.01999665433333,16.2210947714966,-4.16666666666667));
#15181=CARTESIAN_POINT('Ctrl Pts',(6.94954895241218,16.2062051965749,-4.16666666666667));
#15182=CARTESIAN_POINT('Ctrl Pts',(6.83705116482638,16.1573022894906,-4.16666666666667));
#15183=CARTESIAN_POINT('Ctrl Pts',(6.77578883790052,16.1136965202837,-4.16666666666667));
#15184=CARTESIAN_POINT('Ctrl Pts',(6.68705524322152,16.0202577847353,-4.16666666666667));
#15185=CARTESIAN_POINT('Ctrl Pts',(6.6449280933499,15.95291578828,-4.16666666666667));
#15186=CARTESIAN_POINT('Ctrl Pts',(6.59521768228655,15.8265522580409,-4.16666666666667));
#15187=CARTESIAN_POINT('Ctrl Pts',(6.58,15.7444359183611,-4.16666666666667));
#15188=CARTESIAN_POINT('Ctrl Pts',(6.58,15.6748405047561,-4.16666666666667));
#15189=CARTESIAN_POINT('Origin',(7.08,6.47435742565159,-4.11266047560147E-15));
#15190=CARTESIAN_POINT('',(6.58,15.6748405047561,4.16666666666667));
#15191=CARTESIAN_POINT('Ctrl Pts',(6.58,15.6748405047561,4.16666666666667));
#15192=CARTESIAN_POINT('Ctrl Pts',(6.58,15.7444359183611,4.16666666666667));
#15193=CARTESIAN_POINT('Ctrl Pts',(6.59521768228655,15.8265522580409,4.16666666666667));
#15194=CARTESIAN_POINT('Ctrl Pts',(6.6449280933499,15.95291578828,4.16666666666667));
#15195=CARTESIAN_POINT('Ctrl Pts',(6.68705524322152,16.0202577847353,4.16666666666667));
#15196=CARTESIAN_POINT('Ctrl Pts',(6.77578883790052,16.1136965202837,4.16666666666667));
#15197=CARTESIAN_POINT('Ctrl Pts',(6.83705116482638,16.1573022894906,4.16666666666667));
#15198=CARTESIAN_POINT('Ctrl Pts',(6.94954895241218,16.2062051965749,4.16666666666667));
#15199=CARTESIAN_POINT('Ctrl Pts',(7.01999665433333,16.2210947714966,4.16666666666667));
#15200=CARTESIAN_POINT('Ctrl Pts',(7.08,16.2210947714966,4.16666666666667));
#15201=CARTESIAN_POINT('Origin',(6.58,6.47435742565159,-4.11266047560147E-15));
#15202=CARTESIAN_POINT('Origin',(6.58,15.5649508545147,4.16666666666667));
#15203=CARTESIAN_POINT('',(15.5676511301429,15.5649508545147,4.16666666666667));
#15204=CARTESIAN_POINT('',(15.5676511301429,15.5649508545147,2.08333333333333));
#15205=CARTESIAN_POINT('',(6.58,15.5649508545147,4.16666666666667));
#15206=CARTESIAN_POINT('',(6.58,15.5649508545147,4.16666666666667));
#15207=CARTESIAN_POINT('',(6.58,15.5649508545147,-4.16666666666667));
#15208=CARTESIAN_POINT('Origin',(6.58,16.2210947714966,4.16666666666667));
#15209=CARTESIAN_POINT('',(6.58,15.5649508545147,4.16666666666667));
#15210=CARTESIAN_POINT('',(15.5676511301429,16.2703744557898,4.16666666666667));
#15211=CARTESIAN_POINT('Origin',(6.58,16.3196541400831,0.));
#15212=CARTESIAN_POINT('Origin',(15.5676511301429,16.3196541400831,0.));
#15213=CARTESIAN_POINT('',(11.45901113332,5.47942553860285,-6.29449946085666));
#15214=CARTESIAN_POINT('',(7.17374790234174,9.76440376997566,-6.29449946085666));
#15215=CARTESIAN_POINT('',(7.17329684760571,4.52057446139715,6.29449946085666));
#15216=CARTESIAN_POINT('',(15.7438648735056,9.76520755058384,-6.29449946085666));
#15217=CARTESIAN_POINT('',(11.4597254190343,8.80557446139714,6.29449946085666));
#15218=CARTESIAN_POINT('',(15.7447254190343,4.52057446139714,6.29449946085666));
#15219=CARTESIAN_POINT('',(14.8662823116142,9.28578201198098,-6.16666666666749));
#15220=CARTESIAN_POINT('',(6.29616534045032,9.28497823137281,-6.16666666666749));
#15221=CARTESIAN_POINT('',(10.5814285714286,4.99999999999999,-6.1666666666675));
#15222=CARTESIAN_POINT('',(14.8671428571428,4.99999999999999,6.16666666666749));
#15223=CARTESIAN_POINT('',(10.5821428571429,9.285,6.16666666666749));
#15224=CARTESIAN_POINT('',(6.29571428571428,5.,6.16666666666749));
#15225=CARTESIAN_POINT('',(0.,0.,0.));
#15226=CARTESIAN_POINT('',(0.,0.,0.));
#15227=CARTESIAN_POINT('',(0.,0.,0.));
#15228=CARTESIAN_POINT('',(0.,0.,0.));
#15229=CARTESIAN_POINT('',(0.,0.,0.));
#15230=CARTESIAN_POINT('',(0.,0.,0.));
#15231=CARTESIAN_POINT('',(0.,0.,0.));
#15232=CARTESIAN_POINT('Origin',(0.,0.,0.));
#15233=UNCERTAINTY_MEASURE_WITH_UNIT(LENGTH_MEASURE(0.01),#15257,
'DISTANCE_ACCURACY_VALUE',
'Maximum model space distance between geometric entities at asserted c
onnectivities');
#15234=UNCERTAINTY_MEASURE_WITH_UNIT(LENGTH_MEASURE(0.01),#15257,
'DISTANCE_ACCURACY_VALUE',
'Maximum model space distance between geometric entities at asserted c
onnectivities');
#15235=UNCERTAINTY_MEASURE_WITH_UNIT(LENGTH_MEASURE(0.01),#15257,
'DISTANCE_ACCURACY_VALUE',
'Maximum model space distance between geometric entities at asserted c
onnectivities');
#15236=UNCERTAINTY_MEASURE_WITH_UNIT(LENGTH_MEASURE(0.01),#15257,
'DISTANCE_ACCURACY_VALUE',
'Maximum model space distance between geometric entities at asserted c
onnectivities');
#15237=UNCERTAINTY_MEASURE_WITH_UNIT(LENGTH_MEASURE(0.01),#15257,
'DISTANCE_ACCURACY_VALUE',
'Maximum model space distance between geometric entities at asserted c
onnectivities');
#15238=UNCERTAINTY_MEASURE_WITH_UNIT(LENGTH_MEASURE(0.01),#15257,
'DISTANCE_ACCURACY_VALUE',
'Maximum model space distance between geometric entities at asserted c
onnectivities');
#15239=UNCERTAINTY_MEASURE_WITH_UNIT(LENGTH_MEASURE(0.01),#15257,
'DISTANCE_ACCURACY_VALUE',
'Maximum model space distance between geometric entities at asserted c
onnectivities');
#15240=UNCERTAINTY_MEASURE_WITH_UNIT(LENGTH_MEASURE(0.01),#15257,
'DISTANCE_ACCURACY_VALUE',
'Maximum model space distance between geometric entities at asserted c
onnectivities');
#15241=UNCERTAINTY_MEASURE_WITH_UNIT(LENGTH_MEASURE(0.01),#15257,
'DISTANCE_ACCURACY_VALUE',
'Maximum model space distance between geometric entities at asserted c
onnectivities');
#15242=UNCERTAINTY_MEASURE_WITH_UNIT(LENGTH_MEASURE(0.01),#15257,
'DISTANCE_ACCURACY_VALUE',
'Maximum model space distance between geometric entities at asserted c
onnectivities');
#15243=UNCERTAINTY_MEASURE_WITH_UNIT(LENGTH_MEASURE(0.01),#15257,
'DISTANCE_ACCURACY_VALUE',
'Maximum model space distance between geometric entities at asserted c
onnectivities');
#15244=UNCERTAINTY_MEASURE_WITH_UNIT(LENGTH_MEASURE(0.01),#15257,
'DISTANCE_ACCURACY_VALUE',
'Maximum model space distance between geometric entities at asserted c
onnectivities');
#15245=(
GEOMETRIC_REPRESENTATION_CONTEXT(3)
GLOBAL_UNCERTAINTY_ASSIGNED_CONTEXT((#15233))
GLOBAL_UNIT_ASSIGNED_CONTEXT((#15257,#15259,#15260))
REPRESENTATION_CONTEXT('','3D')
);
#15246=(
GEOMETRIC_REPRESENTATION_CONTEXT(3)
GLOBAL_UNCERTAINTY_ASSIGNED_CONTEXT((#15234))
GLOBAL_UNIT_ASSIGNED_CONTEXT((#15257,#15259,#15260))
REPRESENTATION_CONTEXT('','3D')
);
#15247=(
GEOMETRIC_REPRESENTATION_CONTEXT(3)
GLOBAL_UNCERTAINTY_ASSIGNED_CONTEXT((#15235))
GLOBAL_UNIT_ASSIGNED_CONTEXT((#15257,#15259,#15260))
REPRESENTATION_CONTEXT('','3D')
);
#15248=(
GEOMETRIC_REPRESENTATION_CONTEXT(3)
GLOBAL_UNCERTAINTY_ASSIGNED_CONTEXT((#15236))
GLOBAL_UNIT_ASSIGNED_CONTEXT((#15257,#15259,#15260))
REPRESENTATION_CONTEXT('','3D')
);
#15249=(
GEOMETRIC_REPRESENTATION_CONTEXT(3)
GLOBAL_UNCERTAINTY_ASSIGNED_CONTEXT((#15237))
GLOBAL_UNIT_ASSIGNED_CONTEXT((#15257,#15259,#15260))
REPRESENTATION_CONTEXT('','3D')
);
#15250=(
GEOMETRIC_REPRESENTATION_CONTEXT(3)
GLOBAL_UNCERTAINTY_ASSIGNED_CONTEXT((#15238))
GLOBAL_UNIT_ASSIGNED_CONTEXT((#15257,#15259,#15260))
REPRESENTATION_CONTEXT('','3D')
);
#15251=(
GEOMETRIC_REPRESENTATION_CONTEXT(3)
GLOBAL_UNCERTAINTY_ASSIGNED_CONTEXT((#15239))
GLOBAL_UNIT_ASSIGNED_CONTEXT((#15257,#15259,#15260))
REPRESENTATION_CONTEXT('','3D')
);
#15252=(
GEOMETRIC_REPRESENTATION_CONTEXT(3)
GLOBAL_UNCERTAINTY_ASSIGNED_CONTEXT((#15240))
GLOBAL_UNIT_ASSIGNED_CONTEXT((#15257,#15259,#15260))
REPRESENTATION_CONTEXT('','3D')
);
#15253=(
GEOMETRIC_REPRESENTATION_CONTEXT(3)
GLOBAL_UNCERTAINTY_ASSIGNED_CONTEXT((#15241))
GLOBAL_UNIT_ASSIGNED_CONTEXT((#15257,#15259,#15260))
REPRESENTATION_CONTEXT('','3D')
);
#15254=(
GEOMETRIC_REPRESENTATION_CONTEXT(3)
GLOBAL_UNCERTAINTY_ASSIGNED_CONTEXT((#15242))
GLOBAL_UNIT_ASSIGNED_CONTEXT((#15257,#15259,#15260))
REPRESENTATION_CONTEXT('','3D')
);
#15255=(
GEOMETRIC_REPRESENTATION_CONTEXT(3)
GLOBAL_UNCERTAINTY_ASSIGNED_CONTEXT((#15243))
GLOBAL_UNIT_ASSIGNED_CONTEXT((#15257,#15259,#15260))
REPRESENTATION_CONTEXT('','3D')
);
#15256=(
GEOMETRIC_REPRESENTATION_CONTEXT(3)
GLOBAL_UNCERTAINTY_ASSIGNED_CONTEXT((#15244))
GLOBAL_UNIT_ASSIGNED_CONTEXT((#15257,#15259,#15260))
REPRESENTATION_CONTEXT('','3D')
);
#15257=(
LENGTH_UNIT()
NAMED_UNIT(*)
SI_UNIT(.MILLI.,.METRE.)
);
#15258=(
LENGTH_UNIT()
NAMED_UNIT(*)
SI_UNIT($,.METRE.)
);
#15259=(
NAMED_UNIT(*)
PLANE_ANGLE_UNIT()
SI_UNIT($,.RADIAN.)
);
#15260=(
NAMED_UNIT(*)
SI_UNIT($,.STERADIAN.)
SOLID_ANGLE_UNIT()
);
#15261=SHAPE_DEFINITION_REPRESENTATION(#15272,#15302);
#15262=SHAPE_DEFINITION_REPRESENTATION(#15273,#15303);
#15263=SHAPE_DEFINITION_REPRESENTATION(#15274,#15304);
#15264=SHAPE_DEFINITION_REPRESENTATION(#15275,#15305);
#15265=SHAPE_DEFINITION_REPRESENTATION(#15276,#15306);
#15266=SHAPE_DEFINITION_REPRESENTATION(#15277,#15307);
#15267=SHAPE_DEFINITION_REPRESENTATION(#15278,#15308);
#15268=SHAPE_DEFINITION_REPRESENTATION(#15279,#15309);
#15269=SHAPE_DEFINITION_REPRESENTATION(#15280,#15310);
#15270=SHAPE_DEFINITION_REPRESENTATION(#15281,#15311);
#15271=SHAPE_DEFINITION_REPRESENTATION(#15282,#15312);
#15272=PRODUCT_DEFINITION_SHAPE('',$,#15314);
#15273=PRODUCT_DEFINITION_SHAPE('',$,#15315);
#15274=PRODUCT_DEFINITION_SHAPE('',$,#15316);
#15275=PRODUCT_DEFINITION_SHAPE('',$,#15317);
#15276=PRODUCT_DEFINITION_SHAPE('',$,#15318);
#15277=PRODUCT_DEFINITION_SHAPE('',$,#15319);
#15278=PRODUCT_DEFINITION_SHAPE('',$,#15320);
#15279=PRODUCT_DEFINITION_SHAPE('',$,#15321);
#15280=PRODUCT_DEFINITION_SHAPE('',$,#15322);
#15281=PRODUCT_DEFINITION_SHAPE('',$,#15323);
#15282=PRODUCT_DEFINITION_SHAPE('',$,#15324);
#15283=PRODUCT_DEFINITION_SHAPE($,$,#71);
#15284=PRODUCT_DEFINITION_SHAPE($,$,#72);
#15285=PRODUCT_DEFINITION_SHAPE($,$,#73);
#15286=PRODUCT_DEFINITION_SHAPE($,$,#74);
#15287=PRODUCT_DEFINITION_SHAPE($,$,#75);
#15288=PRODUCT_DEFINITION_SHAPE($,$,#76);
#15289=PRODUCT_DEFINITION_SHAPE($,$,#77);
#15290=PRODUCT_DEFINITION_SHAPE($,$,#78);
#15291=PRODUCT_DEFINITION_SHAPE($,$,#79);
#15292=PRODUCT_DEFINITION_SHAPE($,$,#80);
#15293=PRODUCT_DEFINITION_SHAPE($,$,#81);
#15294=PRODUCT_DEFINITION_SHAPE($,$,#82);
#15295=PRODUCT_DEFINITION_SHAPE($,$,#83);
#15296=PRODUCT_DEFINITION_SHAPE($,$,#84);
#15297=PRODUCT_DEFINITION_SHAPE($,$,#85);
#15298=PRODUCT_DEFINITION_SHAPE($,$,#86);
#15299=PRODUCT_DEFINITION_SHAPE($,$,#87);
#15300=PRODUCT_DEFINITION_SHAPE($,$,#88);
#15301=PRODUCT_DEFINITION_SHAPE($,$,#89);
#15302=SHAPE_REPRESENTATION('',(#8507,#9310,#9311,#9312,#9313,#9314,#9315,
#9316,#9317,#9318,#9319,#9320,#9321,#9322,#9323,#9324,#9325,#9326,#9327,
#9328),#15245);
#15303=SHAPE_REPRESENTATION('',(#8508),#15246);
#15304=SHAPE_REPRESENTATION('',(#8529),#15247);
#15305=SHAPE_REPRESENTATION('',(#8546),#15248);
#15306=SHAPE_REPRESENTATION('',(#8563),#15249);
#15307=SHAPE_REPRESENTATION('',(#8912),#15250);
#15308=SHAPE_REPRESENTATION('',(#9121),#15251);
#15309=SHAPE_REPRESENTATION('',(#9200),#15252);
#15310=SHAPE_REPRESENTATION('',(#9227),#15253);
#15311=SHAPE_REPRESENTATION('',(#9254),#15254);
#15312=SHAPE_REPRESENTATION('',(#9297),#15255);
#15313=PRODUCT_DEFINITION_CONTEXT('part definition',#15348,'design');
#15314=PRODUCT_DEFINITION('Phalanx - Intermediate',
'Phalanx - Intermediate v3',#15325,#15313);
#15315=PRODUCT_DEFINITION('small bearing (ID is off)',
'small bearing (ID is off) v1',#15326,#15313);
#15316=PRODUCT_DEFINITION('M2_10mm','M2_10mm v2',#15327,#15313);
#15317=PRODUCT_DEFINITION('M2_5mm','M2_5mm v2',#15328,#15313);
#15318=PRODUCT_DEFINITION('Middle Gear','Middle Gear',#15329,#15313);
#15319=PRODUCT_DEFINITION('Pyramid Side Cover','Pyramid Side Cover',#15330,
#15313);
#15320=PRODUCT_DEFINITION('V Side Cover','V Side Cover',#15331,#15313);
#15321=PRODUCT_DEFINITION('Cable- Pyr Side','Cable- Pyr Side',#15332,#15313);
#15322=PRODUCT_DEFINITION('Cable- V Side','Cable- V Side',#15333,#15313);
#15323=PRODUCT_DEFINITION('3D FPC PLACEHOLDER NO LINK',
'3D FPC PLACEHOLDER NO LINK v3',#15334,#15313);
#15324=PRODUCT_DEFINITION('Pad','Pad',#15335,#15313);
#15325=PRODUCT_DEFINITION_FORMATION('',$,#15350);
#15326=PRODUCT_DEFINITION_FORMATION('',$,#15351);
#15327=PRODUCT_DEFINITION_FORMATION('',$,#15352);
#15328=PRODUCT_DEFINITION_FORMATION('',$,#15353);
#15329=PRODUCT_DEFINITION_FORMATION('',$,#15354);
#15330=PRODUCT_DEFINITION_FORMATION('',$,#15355);
#15331=PRODUCT_DEFINITION_FORMATION('',$,#15356);
#15332=PRODUCT_DEFINITION_FORMATION('',$,#15357);
#15333=PRODUCT_DEFINITION_FORMATION('',$,#15358);
#15334=PRODUCT_DEFINITION_FORMATION('',$,#15359);
#15335=PRODUCT_DEFINITION_FORMATION('',$,#15360);
#15336=PRODUCT_RELATED_PRODUCT_CATEGORY('Phalanx - Intermediate v3',
'Phalanx - Intermediate v3',(#15350));
#15337=PRODUCT_RELATED_PRODUCT_CATEGORY('small bearing (ID is off) v1',
'small bearing (ID is off) v1',(#15351));
#15338=PRODUCT_RELATED_PRODUCT_CATEGORY('M2_10mm v2','M2_10mm v2',(#15352));
#15339=PRODUCT_RELATED_PRODUCT_CATEGORY('M2_5mm v2','M2_5mm v2',(#15353));
#15340=PRODUCT_RELATED_PRODUCT_CATEGORY('Middle Gear','Middle Gear',(#15354));
#15341=PRODUCT_RELATED_PRODUCT_CATEGORY('Pyramid Side Cover',
'Pyramid Side Cover',(#15355));
#15342=PRODUCT_RELATED_PRODUCT_CATEGORY('V Side Cover','V Side Cover',(#15356));
#15343=PRODUCT_RELATED_PRODUCT_CATEGORY('Cable- Pyr Side',
'Cable- Pyr Side',(#15357));
#15344=PRODUCT_RELATED_PRODUCT_CATEGORY('Cable- V Side','Cable- V Side',
(#15358));
#15345=PRODUCT_RELATED_PRODUCT_CATEGORY('3D FPC PLACEHOLDER NO LINK v3',
'3D FPC PLACEHOLDER NO LINK v3',(#15359));
#15346=PRODUCT_RELATED_PRODUCT_CATEGORY('Pad','Pad',(#15360));
#15347=APPLICATION_PROTOCOL_DEFINITION('international standard',
'automotive_design',2009,#15348);
#15348=APPLICATION_CONTEXT(
'Core Data for Automotive Mechanical Design Process');
#15349=PRODUCT_CONTEXT('part definition',#15348,'mechanical');
#15350=PRODUCT('Phalanx - Intermediate','Phalanx - Intermediate v3',$,(#15349));
#15351=PRODUCT('small bearing (ID is off)',
'small bearing (ID is off) v1',$,(#15349));
#15352=PRODUCT('M2_10mm','M2_10mm v2',$,(#15349));
#15353=PRODUCT('M2_5mm','M2_5mm v2',$,(#15349));
#15354=PRODUCT('Middle Gear','Middle Gear',$,(#15349));
#15355=PRODUCT('Pyramid Side Cover','Pyramid Side Cover',$,(#15349));
#15356=PRODUCT('V Side Cover','V Side Cover',$,(#15349));
#15357=PRODUCT('Cable- Pyr Side','Cable- Pyr Side',$,(#15349));
#15358=PRODUCT('Cable- V Side','Cable- V Side',$,(#15349));
#15359=PRODUCT('3D FPC PLACEHOLDER NO LINK',
'3D FPC PLACEHOLDER NO LINK v3',$,(#15349));
#15360=PRODUCT('Pad','Pad',$,(#15349));
#15361=PRESENTATION_STYLE_ASSIGNMENT((#15376));
#15362=PRESENTATION_STYLE_ASSIGNMENT((#15377));
#15363=PRESENTATION_STYLE_ASSIGNMENT((#15378));
#15364=PRESENTATION_STYLE_ASSIGNMENT((#15379));
#15365=PRESENTATION_STYLE_ASSIGNMENT((#15380));
#15366=PRESENTATION_STYLE_ASSIGNMENT((#15381));
#15367=PRESENTATION_STYLE_ASSIGNMENT((#15382));
#15368=PRESENTATION_STYLE_ASSIGNMENT((#15383));
#15369=PRESENTATION_STYLE_ASSIGNMENT((#15384));
#15370=PRESENTATION_STYLE_ASSIGNMENT((#15385));
#15371=PRESENTATION_STYLE_ASSIGNMENT((#15386));
#15372=PRESENTATION_STYLE_ASSIGNMENT((#15387));
#15373=PRESENTATION_STYLE_ASSIGNMENT((#15388));
#15374=PRESENTATION_STYLE_ASSIGNMENT((#15389));
#15375=PRESENTATION_STYLE_ASSIGNMENT((NULL_STYLE(.NULL.)));
#15376=SURFACE_STYLE_USAGE(.BOTH.,#15390);
#15377=SURFACE_STYLE_USAGE(.BOTH.,#15391);
#15378=SURFACE_STYLE_USAGE(.BOTH.,#15392);
#15379=SURFACE_STYLE_USAGE(.BOTH.,#15393);
#15380=SURFACE_STYLE_USAGE(.BOTH.,#15394);
#15381=SURFACE_STYLE_USAGE(.BOTH.,#15395);
#15382=SURFACE_STYLE_USAGE(.BOTH.,#15396);
#15383=SURFACE_STYLE_USAGE(.BOTH.,#15397);
#15384=SURFACE_STYLE_USAGE(.BOTH.,#15398);
#15385=SURFACE_STYLE_USAGE(.BOTH.,#15399);
#15386=SURFACE_STYLE_USAGE(.BOTH.,#15400);
#15387=SURFACE_STYLE_USAGE(.BOTH.,#15401);
#15388=SURFACE_STYLE_USAGE(.BOTH.,#15402);
#15389=SURFACE_STYLE_USAGE(.BOTH.,#15403);
#15390=SURFACE_SIDE_STYLE('',(#15404));
#15391=SURFACE_SIDE_STYLE('',(#15405));
#15392=SURFACE_SIDE_STYLE('',(#15406));
#15393=SURFACE_SIDE_STYLE('',(#15407));
#15394=SURFACE_SIDE_STYLE('',(#15408));
#15395=SURFACE_SIDE_STYLE('',(#15409));
#15396=SURFACE_SIDE_STYLE('',(#15410));
#15397=SURFACE_SIDE_STYLE('',(#15411));
#15398=SURFACE_SIDE_STYLE('',(#15412));
#15399=SURFACE_SIDE_STYLE('',(#15413));
#15400=SURFACE_SIDE_STYLE('',(#15414));
#15401=SURFACE_SIDE_STYLE('',(#15415));
#15402=SURFACE_SIDE_STYLE('',(#15416));
#15403=SURFACE_SIDE_STYLE('',(#15417));
#15404=SURFACE_STYLE_FILL_AREA(#15418);
#15405=SURFACE_STYLE_FILL_AREA(#15419);
#15406=SURFACE_STYLE_FILL_AREA(#15420);
#15407=SURFACE_STYLE_FILL_AREA(#15421);
#15408=SURFACE_STYLE_FILL_AREA(#15422);
#15409=SURFACE_STYLE_FILL_AREA(#15423);
#15410=SURFACE_STYLE_FILL_AREA(#15424);
#15411=SURFACE_STYLE_FILL_AREA(#15425);
#15412=SURFACE_STYLE_FILL_AREA(#15426);
#15413=SURFACE_STYLE_FILL_AREA(#15427);
#15414=SURFACE_STYLE_FILL_AREA(#15428);
#15415=SURFACE_STYLE_FILL_AREA(#15429);
#15416=SURFACE_STYLE_FILL_AREA(#15430);
#15417=SURFACE_STYLE_FILL_AREA(#15431);
#15418=FILL_AREA_STYLE('Opaque(255,191,0)',(#15432));
#15419=FILL_AREA_STYLE('Steel - Satin',(#15433));
#15420=FILL_AREA_STYLE('ABS (White)',(#15434));
#15421=FILL_AREA_STYLE('Opaque(119,109,69)',(#15435));
#15422=FILL_AREA_STYLE('Opaque(255,190,0)',(#15436));
#15423=FILL_AREA_STYLE('Transparent(54,155,54)',(#15437));
#15424=FILL_AREA_STYLE('Opaque(215,15,15)',(#15438));
#15425=FILL_AREA_STYLE('Opaque(210,210,255)',(#15439));
#15426=FILL_AREA_STYLE('Opaque(57,57,57)',(#15440));
#15427=FILL_AREA_STYLE('Powder Coat (Blue)',(#15441));
#15428=FILL_AREA_STYLE('Powder Coat (Red)',(#15442));
#15429=FILL_AREA_STYLE('FR4',(#15443));
#15430=FILL_AREA_STYLE('Copper - Raw',(#15444));
#15431=FILL_AREA_STYLE('Rubber - Soft',(#15445));
#15432=FILL_AREA_STYLE_COLOUR('Opaque(255,191,0)',#15446);
#15433=FILL_AREA_STYLE_COLOUR('Steel - Satin',#15447);
#15434=FILL_AREA_STYLE_COLOUR('ABS (White)',#15448);
#15435=FILL_AREA_STYLE_COLOUR('Opaque(119,109,69)',#15449);
#15436=FILL_AREA_STYLE_COLOUR('Opaque(255,190,0)',#15450);
#15437=FILL_AREA_STYLE_COLOUR('Transparent(54,155,54)',#15451);
#15438=FILL_AREA_STYLE_COLOUR('Opaque(215,15,15)',#15452);
#15439=FILL_AREA_STYLE_COLOUR('Opaque(210,210,255)',#15453);
#15440=FILL_AREA_STYLE_COLOUR('Opaque(57,57,57)',#15454);
#15441=FILL_AREA_STYLE_COLOUR('Powder Coat (Blue)',#15455);
#15442=FILL_AREA_STYLE_COLOUR('Powder Coat (Red)',#15456);
#15443=FILL_AREA_STYLE_COLOUR('FR4',#15457);
#15444=FILL_AREA_STYLE_COLOUR('Copper - Raw',#15458);
#15445=FILL_AREA_STYLE_COLOUR('Rubber - Soft',#15459);
#15446=COLOUR_RGB('Opaque(255,191,0)',1.,0.749019607843137,0.);
#15447=COLOUR_RGB('Steel - Satin',0.627450980392157,0.627450980392157,0.627450980392157);
#15448=COLOUR_RGB('ABS (White)',0.964705882352941,0.964705882352941,0.952941176470588);
#15449=COLOUR_RGB('Opaque(119,109,69)',0.470588235294118,0.431372549019608,
0.274509803921569);
#15450=COLOUR_RGB('Opaque(255,190,0)',1.,0.749019607843137,0.);
#15451=COLOUR_RGB('Transparent(54,155,54)',0.215686274509804,0.607843137254902,
0.215686274509804);
#15452=COLOUR_RGB('Opaque(215,15,15)',0.843137254901961,0.0588235294117647,
0.0588235294117647);
#15453=COLOUR_RGB('Opaque(210,210,255)',0.823529411764706,0.823529411764706,
1.);
#15454=COLOUR_RGB('Opaque(57,57,57)',0.223529411764706,0.223529411764706,
0.223529411764706);
#15455=COLOUR_RGB('Powder Coat (Blue)',0.188235294117647,0.231372549019608,
0.588235294117647);
#15456=COLOUR_RGB('Powder Coat (Red)',0.768627450980392,0.207843137254902,
0.152941176470588);
#15457=COLOUR_RGB('FR4',1.,1.,1.);
#15458=COLOUR_RGB('Copper - Raw',0.,0.,0.);
#15459=COLOUR_RGB('Rubber - Soft',0.152941176470588,0.152941176470588,0.152941176470588);
ENDSEC;
END-ISO-10303-21;
