ISO-10303-21;
HEADER;
/* Generated by software containing ST-Developer
 * from STEP Tools, Inc. (www.steptools.com) 
 */

FILE_DESCRIPTION(
/* description */ (''),
/* implementation_level */ '2;1');

FILE_NAME(
/* name */ 'Phalanx - Proximal.step',
/* time_stamp */ '2026-03-10T17:19:34Z',
/* author */ (''),
/* organization */ (''),
/* preprocessor_version */ 'ST-DEVELOPER v20.1',
/* originating_system */ 'Autodesk Translation Framework v14.21.0.0',
/* authorisation */ '');

FILE_SCHEMA (('AUTOMOTIVE_DESIGN { 1 0 10303 214 3 1 1 }'));
ENDSEC;

DATA;
#10=MECHANICAL_DESIGN_GEOMETRIC_PRESENTATION_REPRESENTATION('',(#233,#234,
#235,#236,#237,#238,#239,#240,#241,#242,#243,#244,#245,#246,#247,#248,#249,
#250,#251,#252,#253,#254,#255,#256,#257,#258,#259,#260,#261,#262,#263,#264,
#265,#266,#267,#268,#269,#270,#271,#272,#273,#274,#275,#276,#277,#278,#279,
#280,#281,#282,#283,#284,#285,#286,#287,#288,#289,#290,#291,#292,#293,#294,
#295,#296,#297,#298,#299,#300,#301,#302,#303,#304,#305,#306,#307,#308,#309,
#310,#311),#18095);
#11=CONTEXT_DEPENDENT_OVER_RIDING_STYLED_ITEM('',(#18211),#18150,#311,(#68));
#12=MAPPED_ITEM('',#13,#11506);
#13=REPRESENTATION_MAP(#11506,#18145);
#14=SPHERICAL_SURFACE('',#11340,0.04);
#15=SPHERICAL_SURFACE('',#11344,0.04);
#16=SPHERICAL_SURFACE('',#11349,0.04);
#17=SPHERICAL_SURFACE('',#11353,0.04);
#18=SPHERICAL_SURFACE('',#11357,0.04);
#19=SPHERICAL_SURFACE('',#11361,0.04);
#20=SPHERICAL_SURFACE('',#11367,0.04);
#21=SPHERICAL_SURFACE('',#11371,0.04);
#22=SPHERICAL_SURFACE('',#11389,0.04);
#23=SPHERICAL_SURFACE('',#11393,0.04);
#24=SPHERICAL_SURFACE('',#11398,0.04);
#25=SPHERICAL_SURFACE('',#11402,0.04);
#26=SPHERICAL_SURFACE('',#11406,0.04);
#27=SPHERICAL_SURFACE('',#11410,0.04);
#28=SPHERICAL_SURFACE('',#11416,0.04);
#29=SPHERICAL_SURFACE('',#11420,0.04);
#30=ITEM_DEFINED_TRANSFORMATION($,$,#11143,#11338);
#31=ITEM_DEFINED_TRANSFORMATION($,$,#11142,#11486);
#32=ITEM_DEFINED_TRANSFORMATION($,$,#11339,#11487);
#33=ITEM_DEFINED_TRANSFORMATION($,$,#11339,#11488);
#34=ITEM_DEFINED_TRANSFORMATION($,$,#10512,#11489);
#35=ITEM_DEFINED_TRANSFORMATION($,$,#10512,#11490);
#36=ITEM_DEFINED_TRANSFORMATION($,$,#10512,#11491);
#37=ITEM_DEFINED_TRANSFORMATION($,$,#10512,#11492);
#38=ITEM_DEFINED_TRANSFORMATION($,$,#10512,#11493);
#39=ITEM_DEFINED_TRANSFORMATION($,$,#10512,#11494);
#40=ITEM_DEFINED_TRANSFORMATION($,$,#10533,#11495);
#41=ITEM_DEFINED_TRANSFORMATION($,$,#10533,#11496);
#42=ITEM_DEFINED_TRANSFORMATION($,$,#10550,#11497);
#43=ITEM_DEFINED_TRANSFORMATION($,$,#10550,#11498);
#44=ITEM_DEFINED_TRANSFORMATION($,$,#10550,#11499);
#45=ITEM_DEFINED_TRANSFORMATION($,$,#10550,#11500);
#46=ITEM_DEFINED_TRANSFORMATION($,$,#10567,#11501);
#47=ITEM_DEFINED_TRANSFORMATION($,$,#10843,#11502);
#48=ITEM_DEFINED_TRANSFORMATION($,$,#11051,#11503);
#49=ITEM_DEFINED_TRANSFORMATION($,$,#11128,#11504);
#50=ITEM_DEFINED_TRANSFORMATION($,$,#11141,#11505);
#51=(
REPRESENTATION_RELATIONSHIP($,$,#18155,#18154)
REPRESENTATION_RELATIONSHIP_WITH_TRANSFORMATION(#30)
SHAPE_REPRESENTATION_RELATIONSHIP()
);
#52=(
REPRESENTATION_RELATIONSHIP($,$,#18154,#18153)
REPRESENTATION_RELATIONSHIP_WITH_TRANSFORMATION(#31)
SHAPE_REPRESENTATION_RELATIONSHIP()
);
#53=(
REPRESENTATION_RELATIONSHIP($,$,#18156,#18153)
REPRESENTATION_RELATIONSHIP_WITH_TRANSFORMATION(#32)
SHAPE_REPRESENTATION_RELATIONSHIP()
);
#54=(
REPRESENTATION_RELATIONSHIP($,$,#18156,#18153)
REPRESENTATION_RELATIONSHIP_WITH_TRANSFORMATION(#33)
SHAPE_REPRESENTATION_RELATIONSHIP()
);
#55=(
REPRESENTATION_RELATIONSHIP($,$,#18146,#18145)
REPRESENTATION_RELATIONSHIP_WITH_TRANSFORMATION(#34)
SHAPE_REPRESENTATION_RELATIONSHIP()
);
#56=(
REPRESENTATION_RELATIONSHIP($,$,#18146,#18145)
REPRESENTATION_RELATIONSHIP_WITH_TRANSFORMATION(#35)
SHAPE_REPRESENTATION_RELATIONSHIP()
);
#57=(
REPRESENTATION_RELATIONSHIP($,$,#18146,#18145)
REPRESENTATION_RELATIONSHIP_WITH_TRANSFORMATION(#36)
SHAPE_REPRESENTATION_RELATIONSHIP()
);
#58=(
REPRESENTATION_RELATIONSHIP($,$,#18146,#18145)
REPRESENTATION_RELATIONSHIP_WITH_TRANSFORMATION(#37)
SHAPE_REPRESENTATION_RELATIONSHIP()
);
#59=(
REPRESENTATION_RELATIONSHIP($,$,#18146,#18145)
REPRESENTATION_RELATIONSHIP_WITH_TRANSFORMATION(#38)
SHAPE_REPRESENTATION_RELATIONSHIP()
);
#60=(
REPRESENTATION_RELATIONSHIP($,$,#18146,#18145)
REPRESENTATION_RELATIONSHIP_WITH_TRANSFORMATION(#39)
SHAPE_REPRESENTATION_RELATIONSHIP()
);
#61=(
REPRESENTATION_RELATIONSHIP($,$,#18147,#18145)
REPRESENTATION_RELATIONSHIP_WITH_TRANSFORMATION(#40)
SHAPE_REPRESENTATION_RELATIONSHIP()
);
#62=(
REPRESENTATION_RELATIONSHIP($,$,#18147,#18145)
REPRESENTATION_RELATIONSHIP_WITH_TRANSFORMATION(#41)
SHAPE_REPRESENTATION_RELATIONSHIP()
);
#63=(
REPRESENTATION_RELATIONSHIP($,$,#18148,#18145)
REPRESENTATION_RELATIONSHIP_WITH_TRANSFORMATION(#42)
SHAPE_REPRESENTATION_RELATIONSHIP()
);
#64=(
REPRESENTATION_RELATIONSHIP($,$,#18148,#18145)
REPRESENTATION_RELATIONSHIP_WITH_TRANSFORMATION(#43)
SHAPE_REPRESENTATION_RELATIONSHIP()
);
#65=(
REPRESENTATION_RELATIONSHIP($,$,#18148,#18145)
REPRESENTATION_RELATIONSHIP_WITH_TRANSFORMATION(#44)
SHAPE_REPRESENTATION_RELATIONSHIP()
);
#66=(
REPRESENTATION_RELATIONSHIP($,$,#18148,#18145)
REPRESENTATION_RELATIONSHIP_WITH_TRANSFORMATION(#45)
SHAPE_REPRESENTATION_RELATIONSHIP()
);
#67=(
REPRESENTATION_RELATIONSHIP($,$,#18149,#18145)
REPRESENTATION_RELATIONSHIP_WITH_TRANSFORMATION(#46)
SHAPE_REPRESENTATION_RELATIONSHIP()
);
#68=(
REPRESENTATION_RELATIONSHIP($,$,#18150,#18145)
REPRESENTATION_RELATIONSHIP_WITH_TRANSFORMATION(#47)
SHAPE_REPRESENTATION_RELATIONSHIP()
);
#69=(
REPRESENTATION_RELATIONSHIP($,$,#18151,#18145)
REPRESENTATION_RELATIONSHIP_WITH_TRANSFORMATION(#48)
SHAPE_REPRESENTATION_RELATIONSHIP()
);
#70=(
REPRESENTATION_RELATIONSHIP($,$,#18152,#18145)
REPRESENTATION_RELATIONSHIP_WITH_TRANSFORMATION(#49)
SHAPE_REPRESENTATION_RELATIONSHIP()
);
#71=(
REPRESENTATION_RELATIONSHIP($,$,#18153,#18145)
REPRESENTATION_RELATIONSHIP_WITH_TRANSFORMATION(#50)
SHAPE_REPRESENTATION_RELATIONSHIP()
);
#72=CONTEXT_DEPENDENT_SHAPE_REPRESENTATION(#51,#18123);
#73=CONTEXT_DEPENDENT_SHAPE_REPRESENTATION(#52,#18125);
#74=CONTEXT_DEPENDENT_SHAPE_REPRESENTATION(#53,#18126);
#75=CONTEXT_DEPENDENT_SHAPE_REPRESENTATION(#54,#18127);
#76=CONTEXT_DEPENDENT_SHAPE_REPRESENTATION(#55,#18128);
#77=CONTEXT_DEPENDENT_SHAPE_REPRESENTATION(#56,#18129);
#78=CONTEXT_DEPENDENT_SHAPE_REPRESENTATION(#57,#18130);
#79=CONTEXT_DEPENDENT_SHAPE_REPRESENTATION(#58,#18131);
#80=CONTEXT_DEPENDENT_SHAPE_REPRESENTATION(#59,#18132);
#81=CONTEXT_DEPENDENT_SHAPE_REPRESENTATION(#60,#18133);
#82=CONTEXT_DEPENDENT_SHAPE_REPRESENTATION(#61,#18134);
#83=CONTEXT_DEPENDENT_SHAPE_REPRESENTATION(#62,#18135);
#84=CONTEXT_DEPENDENT_SHAPE_REPRESENTATION(#63,#18136);
#85=CONTEXT_DEPENDENT_SHAPE_REPRESENTATION(#64,#18137);
#86=CONTEXT_DEPENDENT_SHAPE_REPRESENTATION(#65,#18138);
#87=CONTEXT_DEPENDENT_SHAPE_REPRESENTATION(#66,#18139);
#88=CONTEXT_DEPENDENT_SHAPE_REPRESENTATION(#67,#18140);
#89=CONTEXT_DEPENDENT_SHAPE_REPRESENTATION(#68,#18141);
#90=CONTEXT_DEPENDENT_SHAPE_REPRESENTATION(#69,#18142);
#91=CONTEXT_DEPENDENT_SHAPE_REPRESENTATION(#70,#18143);
#92=CONTEXT_DEPENDENT_SHAPE_REPRESENTATION(#71,#18144);
#93=NEXT_ASSEMBLY_USAGE_OCCURRENCE('Model:1','Model:1','Model:1',#18167,
#18168,'Model:1');
#94=NEXT_ASSEMBLY_USAGE_OCCURRENCE('SOIC127P600X175-8N v6:1',
'SOIC127P600X175-8N v6:1','SOIC127P600X175-8N v6:1',#18166,#18167,
'SOIC127P600X175-8N v6:1');
#95=NEXT_ASSEMBLY_USAGE_OCCURRENCE('CAPC1608X85 v1:1',
'CAPC1608X85 v1:1','CAPC1608X85 v1:1',#18166,#18169,'CAPC1608X85 v1:1');
#96=NEXT_ASSEMBLY_USAGE_OCCURRENCE('CAPC1608X85 v1:2',
'CAPC1608X85 v1:2','CAPC1608X85 v1:2',#18166,#18169,'CAPC1608X85 v1:2');
#97=NEXT_ASSEMBLY_USAGE_OCCURRENCE('small bearing (ID is off) v1:1',
'small bearing (ID is off) v1:1','small bearing (ID is off) v1:1',#18158,
#18159,'small bearing (ID is off) v1:1');
#98=NEXT_ASSEMBLY_USAGE_OCCURRENCE('small bearing (ID is off) v1:2',
'small bearing (ID is off) v1:2','small bearing (ID is off) v1:2',#18158,
#18159,'small bearing (ID is off) v1:2');
#99=NEXT_ASSEMBLY_USAGE_OCCURRENCE('small bearing (ID is off) v1:3',
'small bearing (ID is off) v1:3','small bearing (ID is off) v1:3',#18158,
#18159,'small bearing (ID is off) v1:3');
#100=NEXT_ASSEMBLY_USAGE_OCCURRENCE('small bearing (ID is off) v1:4',
'small bearing (ID is off) v1:4','small bearing (ID is off) v1:4',#18158,
#18159,'small bearing (ID is off) v1:4');
#101=NEXT_ASSEMBLY_USAGE_OCCURRENCE('small bearing (ID is off) v1:5',
'small bearing (ID is off) v1:5','small bearing (ID is off) v1:5',#18158,
#18159,'small bearing (ID is off) v1:5');
#102=NEXT_ASSEMBLY_USAGE_OCCURRENCE('small bearing (ID is off) v1:6',
'small bearing (ID is off) v1:6','small bearing (ID is off) v1:6',#18158,
#18159,'small bearing (ID is off) v1:6');
#103=NEXT_ASSEMBLY_USAGE_OCCURRENCE('M2_10mm v2:1','M2_10mm v2:1',
'M2_10mm v2:1',#18158,#18160,'M2_10mm v2:1');
#104=NEXT_ASSEMBLY_USAGE_OCCURRENCE('M2_10mm v2:2','M2_10mm v2:2',
'M2_10mm v2:2',#18158,#18160,'M2_10mm v2:2');
#105=NEXT_ASSEMBLY_USAGE_OCCURRENCE('M2_5mm v2:1','M2_5mm v2:1',
'M2_5mm v2:1',#18158,#18161,'M2_5mm v2:1');
#106=NEXT_ASSEMBLY_USAGE_OCCURRENCE('M2_5mm v2:2','M2_5mm v2:2',
'M2_5mm v2:2',#18158,#18161,'M2_5mm v2:2');
#107=NEXT_ASSEMBLY_USAGE_OCCURRENCE('M2_5mm v2:3','M2_5mm v2:3',
'M2_5mm v2:3',#18158,#18161,'M2_5mm v2:3');
#108=NEXT_ASSEMBLY_USAGE_OCCURRENCE('M2_5mm v2:4','M2_5mm v2:4',
'M2_5mm v2:4',#18158,#18161,'M2_5mm v2:4');
#109=NEXT_ASSEMBLY_USAGE_OCCURRENCE('middle gear:1','middle gear:1',
'middle gear:1',#18158,#18162,'middle gear:1');
#110=NEXT_ASSEMBLY_USAGE_OCCURRENCE('pyramid side cover:1',
'pyramid side cover:1','pyramid side cover:1',#18158,#18163,
'pyramid side cover:1');
#111=NEXT_ASSEMBLY_USAGE_OCCURRENCE('v side cover:1','v side cover:1',
'v side cover:1',#18158,#18164,'v side cover:1');
#112=NEXT_ASSEMBLY_USAGE_OCCURRENCE('pad:1','pad:1','pad:1',#18158,#18165,
'pad:1');
#113=NEXT_ASSEMBLY_USAGE_OCCURRENCE('3D FPC PLACEHOLDER NO LINK v3:1',
'3D FPC PLACEHOLDER NO LINK v3:1','3D FPC PLACEHOLDER NO LINK v3:1',#18158,
#18166,'3D FPC PLACEHOLDER NO LINK v3:1');
#114=TOROIDAL_SURFACE('',#11129,10.1,0.5);
#115=TOROIDAL_SURFACE('',#11134,10.1,0.5);
#116=ELLIPSE('',#10883,10.2140218024969,2.);
#117=ELLIPSE('',#10930,10.2140218024969,2.);
#118=ELLIPSE('',#11022,1.41421356237309,1.);
#119=ELLIPSE('',#11093,1.41421356237309,1.);
#120=B_SPLINE_SURFACE_WITH_KNOTS('',3,1,((#15517,#15518),(#15519,#15520),
(#15521,#15522),(#15523,#15524)),.UNSPECIFIED.,.F.,.F.,.F.,(4,4),(2,2),
(-0.0550929492115498,0.),(-0.416666666666667,0.416666666666667),
 .UNSPECIFIED.);
#121=B_SPLINE_SURFACE_WITH_KNOTS('',3,1,((#15526,#15527),(#15528,#15529),
(#15530,#15531),(#15532,#15533)),.UNSPECIFIED.,.F.,.F.,.F.,(4,4),(2,2),
(-0.0550929492115498,0.),(-0.416666666666667,0.416666666666667),
 .UNSPECIFIED.);
#122=B_SPLINE_SURFACE_WITH_KNOTS('',3,1,((#15539,#15540),(#15541,#15542),
(#15543,#15544),(#15545,#15546)),.UNSPECIFIED.,.F.,.F.,.F.,(4,4),(2,2),
(-0.0550929492222,-6.90331537077353E-14),(-0.416666666666667,0.416666666666667),
 .UNSPECIFIED.);
#123=B_SPLINE_SURFACE_WITH_KNOTS('',3,1,((#15548,#15549),(#15550,#15551),
(#15552,#15553),(#15554,#15555)),.UNSPECIFIED.,.F.,.F.,.F.,(4,4),(2,2),
(-0.0550929492222,-6.90331537077353E-14),(-0.416666666666667,0.416666666666667),
 .UNSPECIFIED.);
#124=B_SPLINE_SURFACE_WITH_KNOTS('',3,1,((#15565,#15566),(#15567,#15568),
(#15569,#15570),(#15571,#15572)),.UNSPECIFIED.,.F.,.F.,.F.,(4,4),(2,2),
(-0.0550929492098461,0.),(-0.416666666666667,0.416666666666667),
 .UNSPECIFIED.);
#125=B_SPLINE_SURFACE_WITH_KNOTS('',3,1,((#15574,#15575),(#15576,#15577),
(#15578,#15579),(#15580,#15581)),.UNSPECIFIED.,.F.,.F.,.F.,(4,4),(2,2),
(-0.0550929492098461,0.),(-0.416666666666667,0.416666666666667),
 .UNSPECIFIED.);
#126=B_SPLINE_SURFACE_WITH_KNOTS('',5,1,((#15587,#15588),(#15589,#15590),
(#15591,#15592),(#15593,#15594),(#15595,#15596),(#15597,#15598)),
 .UNSPECIFIED.,.F.,.F.,.F.,(6,6),(2,2),(-0.0389567232517,0.),(-0.416666666666667,
0.416666666666667),.UNSPECIFIED.);
#127=B_SPLINE_SURFACE_WITH_KNOTS('',5,1,((#15600,#15601),(#15602,#15603),
(#15604,#15605),(#15606,#15607),(#15608,#15609),(#15610,#15611)),
 .UNSPECIFIED.,.F.,.F.,.F.,(6,6),(2,2),(-0.0389567232517,0.),(-0.416666666666667,
0.416666666666667),.UNSPECIFIED.);
#128=B_SPLINE_SURFACE_WITH_KNOTS('',3,1,((#15621,#15622),(#15623,#15624),
(#15625,#15626),(#15627,#15628)),.UNSPECIFIED.,.F.,.F.,.F.,(4,4),(2,2),
(-0.0550929492131724,0.),(-0.416666666666667,0.416666666666667),
 .UNSPECIFIED.);
#129=B_SPLINE_SURFACE_WITH_KNOTS('',3,1,((#15630,#15631),(#15632,#15633),
(#15634,#15635),(#15636,#15637)),.UNSPECIFIED.,.F.,.F.,.F.,(4,4),(2,2),
(-0.0550929492131724,0.),(-0.416666666666667,0.416666666666667),
 .UNSPECIFIED.);
#130=B_SPLINE_SURFACE_WITH_KNOTS('',3,1,((#15643,#15644),(#15645,#15646),
(#15647,#15648),(#15649,#15650)),.UNSPECIFIED.,.F.,.F.,.F.,(4,4),(2,2),
(-0.055092949214,-6.46837884090573E-13),(-0.416666666666667,0.416666666666667),
 .UNSPECIFIED.);
#131=B_SPLINE_SURFACE_WITH_KNOTS('',3,1,((#15652,#15653),(#15654,#15655),
(#15656,#15657),(#15658,#15659)),.UNSPECIFIED.,.F.,.F.,.F.,(4,4),(2,2),
(-0.055092949214,-6.46837884090573E-13),(-0.416666666666667,0.416666666666667),
 .UNSPECIFIED.);
#132=B_SPLINE_SURFACE_WITH_KNOTS('',5,1,((#15669,#15670),(#15671,#15672),
(#15673,#15674),(#15675,#15676),(#15677,#15678),(#15679,#15680)),
 .UNSPECIFIED.,.F.,.F.,.F.,(6,6),(2,2),(-0.0389567232553,0.),(-0.416666666666667,
0.416666666666667),.UNSPECIFIED.);
#133=B_SPLINE_SURFACE_WITH_KNOTS('',5,1,((#15682,#15683),(#15684,#15685),
(#15686,#15687),(#15688,#15689),(#15690,#15691),(#15692,#15693)),
 .UNSPECIFIED.,.F.,.F.,.F.,(6,6),(2,2),(-0.0389567232553,0.),(-0.416666666666667,
0.416666666666667),.UNSPECIFIED.);
#134=B_SPLINE_SURFACE_WITH_KNOTS('',3,1,((#15699,#15700),(#15701,#15702),
(#15703,#15704),(#15705,#15706)),.UNSPECIFIED.,.F.,.F.,.F.,(4,4),(2,2),
(-0.0550929492265,-7.05062279891748E-14),(-0.416666666666667,0.416666666666667),
 .UNSPECIFIED.);
#135=B_SPLINE_SURFACE_WITH_KNOTS('',3,1,((#15708,#15709),(#15710,#15711),
(#15712,#15713),(#15714,#15715)),.UNSPECIFIED.,.F.,.F.,.F.,(4,4),(2,2),
(-0.0550929492265,-7.05062279891748E-14),(-0.416666666666667,0.416666666666667),
 .UNSPECIFIED.);
#136=B_SPLINE_SURFACE_WITH_KNOTS('',5,1,((#15725,#15726),(#15727,#15728),
(#15729,#15730),(#15731,#15732),(#15733,#15734),(#15735,#15736)),
 .UNSPECIFIED.,.F.,.F.,.F.,(6,6),(2,2),(-0.0389567232586,0.),(-0.416666666666667,
0.416666666666667),.UNSPECIFIED.);
#137=B_SPLINE_SURFACE_WITH_KNOTS('',5,1,((#15738,#15739),(#15740,#15741),
(#15742,#15743),(#15744,#15745),(#15746,#15747),(#15748,#15749)),
 .UNSPECIFIED.,.F.,.F.,.F.,(6,6),(2,2),(-0.0389567232586,0.),(-0.416666666666667,
0.416666666666667),.UNSPECIFIED.);
#138=B_SPLINE_SURFACE_WITH_KNOTS('',5,1,((#15755,#15756),(#15757,#15758),
(#15759,#15760),(#15761,#15762),(#15763,#15764),(#15765,#15766)),
 .UNSPECIFIED.,.F.,.F.,.F.,(6,6),(2,2),(-0.0389567232523,0.),(-0.416666666666667,
0.416666666666667),.UNSPECIFIED.);
#139=B_SPLINE_SURFACE_WITH_KNOTS('',5,1,((#15768,#15769),(#15770,#15771),
(#15772,#15773),(#15774,#15775),(#15776,#15777),(#15778,#15779)),
 .UNSPECIFIED.,.F.,.F.,.F.,(6,6),(2,2),(-0.0389567232523,0.),(-0.416666666666667,
0.416666666666667),.UNSPECIFIED.);
#140=B_SPLINE_SURFACE_WITH_KNOTS('',5,1,((#15783,#15784),(#15785,#15786),
(#15787,#15788),(#15789,#15790),(#15791,#15792),(#15793,#15794)),
 .UNSPECIFIED.,.F.,.F.,.F.,(6,6),(2,2),(-0.0389567232564,0.),(-0.416666666666667,
0.416666666666667),.UNSPECIFIED.);
#141=B_SPLINE_SURFACE_WITH_KNOTS('',5,1,((#15808,#15809),(#15810,#15811),
(#15812,#15813),(#15814,#15815),(#15816,#15817),(#15818,#15819)),
 .UNSPECIFIED.,.F.,.F.,.F.,(6,6),(2,2),(-1.66760569084,0.),(-0.416666666666667,
0.416666666666667),.UNSPECIFIED.);
#142=B_SPLINE_CURVE_WITH_KNOTS('',5,(#14755,#14756,#14757,#14758,#14759,
#14760),.UNSPECIFIED.,.F.,.F.,(6,6),(-1.66760569084,0.),.UNSPECIFIED.);
#143=B_SPLINE_CURVE_WITH_KNOTS('',3,(#14776,#14777,#14778,#14779),
 .UNSPECIFIED.,.F.,.F.,(4,4),(-0.0550929492115498,0.),.UNSPECIFIED.);
#144=B_SPLINE_CURVE_WITH_KNOTS('',3,(#14783,#14784,#14785,#14786),
 .UNSPECIFIED.,.F.,.F.,(4,4),(-0.0550929492222,-6.90331537077353E-14),
 .UNSPECIFIED.);
#145=B_SPLINE_CURVE_WITH_KNOTS('',3,(#14792,#14793,#14794,#14795),
 .UNSPECIFIED.,.F.,.F.,(4,4),(-0.0550929492098461,0.),.UNSPECIFIED.);
#146=B_SPLINE_CURVE_WITH_KNOTS('',5,(#14799,#14800,#14801,#14802,#14803,
#14804),.UNSPECIFIED.,.F.,.F.,(6,6),(-0.0389567232517,0.),.UNSPECIFIED.);
#147=B_SPLINE_CURVE_WITH_KNOTS('',3,(#14810,#14811,#14812,#14813),
 .UNSPECIFIED.,.F.,.F.,(4,4),(-0.0550929492131724,0.),.UNSPECIFIED.);
#148=B_SPLINE_CURVE_WITH_KNOTS('',3,(#14817,#14818,#14819,#14820),
 .UNSPECIFIED.,.F.,.F.,(4,4),(-0.055092949214,-6.46837884090573E-13),
 .UNSPECIFIED.);
#149=B_SPLINE_CURVE_WITH_KNOTS('',5,(#14826,#14827,#14828,#14829,#14830,
#14831),.UNSPECIFIED.,.F.,.F.,(6,6),(-0.0389567232553,0.),.UNSPECIFIED.);
#150=B_SPLINE_CURVE_WITH_KNOTS('',3,(#14835,#14836,#14837,#14838),
 .UNSPECIFIED.,.F.,.F.,(4,4),(-0.0550929492265,-7.05062279891748E-14),
 .UNSPECIFIED.);
#151=B_SPLINE_CURVE_WITH_KNOTS('',5,(#14844,#14845,#14846,#14847,#14848,
#14849),.UNSPECIFIED.,.F.,.F.,(6,6),(-0.0389567232586,0.),.UNSPECIFIED.);
#152=B_SPLINE_CURVE_WITH_KNOTS('',5,(#14853,#14854,#14855,#14856,#14857,
#14858),.UNSPECIFIED.,.F.,.F.,(6,6),(-0.0389567232523,0.),.UNSPECIFIED.);
#153=B_SPLINE_CURVE_WITH_KNOTS('',5,(#14864,#14865,#14866,#14867,#14868,
#14869),.UNSPECIFIED.,.F.,.F.,(6,6),(-0.0389567232564,0.),.UNSPECIFIED.);
#154=B_SPLINE_CURVE_WITH_KNOTS('',3,(#14904,#14905,#14906,#14907,#14908,
#14909,#14910,#14911),.UNSPECIFIED.,.F.,.F.,(4,2,2,4),(0.25994768132379,
0.298205303064994,0.381255098054564,0.383121239341546),.UNSPECIFIED.);
#155=B_SPLINE_CURVE_WITH_KNOTS('',3,(#14916,#14917,#14918,#14919,#14920,
#14921,#14922,#14923),.UNSPECIFIED.,.F.,.F.,(4,2,2,4),(1.39087844160343,
1.49431030177249,1.59774216194155,1.74294293884296),.UNSPECIFIED.);
#156=B_SPLINE_CURVE_WITH_KNOTS('',3,(#14927,#14928,#14929,#14930,#14931,
#14932,#14933,#14934),.UNSPECIFIED.,.F.,.F.,(4,2,2,4),(0.158918374151171,
0.304119151052446,0.407551011221506,0.510982871390565),.UNSPECIFIED.);
#157=B_SPLINE_CURVE_WITH_KNOTS('',3,(#14936,#14937,#14938,#14939,#14940,
#14941,#14942,#14943),.UNSPECIFIED.,.F.,.F.,(4,2,2,4),(2.86820024005748,
2.87006638134426,2.95311617633379,2.99137379807477),.UNSPECIFIED.);
#158=B_SPLINE_CURVE_WITH_KNOTS('',3,(#14945,#14946,#14947,#14948,#14949,
#14950,#14951,#14952),.UNSPECIFIED.,.F.,.F.,(4,2,2,4),(2.81293921211986,
2.83178593646258,2.93095388865684,2.96024939909882),.UNSPECIFIED.);
#159=B_SPLINE_CURVE_WITH_KNOTS('',3,(#14956,#14957,#14958,#14959,#14960,
#14961,#14962,#14963),.UNSPECIFIED.,.F.,.F.,(4,2,2,4),(0.173795145553663,
0.203090655995515,0.302258608189813,0.321105332532715),.UNSPECIFIED.);
#160=B_SPLINE_CURVE_WITH_KNOTS('',5,(#14974,#14975,#14976,#14977,#14978,
#14979),.UNSPECIFIED.,.F.,.F.,(6,6),(0.,0.0389567232564),.UNSPECIFIED.);
#161=B_SPLINE_CURVE_WITH_KNOTS('',5,(#14985,#14986,#14987,#14988,#14989,
#14990),.UNSPECIFIED.,.F.,.F.,(6,6),(0.,0.0389567232523),.UNSPECIFIED.);
#162=B_SPLINE_CURVE_WITH_KNOTS('',5,(#14994,#14995,#14996,#14997,#14998,
#14999),.UNSPECIFIED.,.F.,.F.,(6,6),(0.,0.0389567232586),.UNSPECIFIED.);
#163=B_SPLINE_CURVE_WITH_KNOTS('',3,(#15005,#15006,#15007,#15008),
 .UNSPECIFIED.,.F.,.F.,(4,4),(7.05062279891748E-14,0.0550929492265),
 .UNSPECIFIED.);
#164=B_SPLINE_CURVE_WITH_KNOTS('',5,(#15012,#15013,#15014,#15015,#15016,
#15017),.UNSPECIFIED.,.F.,.F.,(6,6),(0.,0.0389567232553),.UNSPECIFIED.);
#165=B_SPLINE_CURVE_WITH_KNOTS('',3,(#15023,#15024,#15025,#15026),
 .UNSPECIFIED.,.F.,.F.,(4,4),(6.46837884090573E-13,0.055092949214),
 .UNSPECIFIED.);
#166=B_SPLINE_CURVE_WITH_KNOTS('',3,(#15030,#15031,#15032,#15033),
 .UNSPECIFIED.,.F.,.F.,(4,4),(0.,0.0550929492131724),.UNSPECIFIED.);
#167=B_SPLINE_CURVE_WITH_KNOTS('',5,(#15039,#15040,#15041,#15042,#15043,
#15044),.UNSPECIFIED.,.F.,.F.,(6,6),(0.,0.0389567232517),.UNSPECIFIED.);
#168=B_SPLINE_CURVE_WITH_KNOTS('',3,(#15048,#15049,#15050,#15051),
 .UNSPECIFIED.,.F.,.F.,(4,4),(0.,0.0550929492098461),.UNSPECIFIED.);
#169=B_SPLINE_CURVE_WITH_KNOTS('',3,(#15057,#15058,#15059,#15060),
 .UNSPECIFIED.,.F.,.F.,(4,4),(6.90331537077353E-14,0.0550929492222),
 .UNSPECIFIED.);
#170=B_SPLINE_CURVE_WITH_KNOTS('',3,(#15064,#15065,#15066,#15067),
 .UNSPECIFIED.,.F.,.F.,(4,4),(0.,0.0550929492115498),.UNSPECIFIED.);
#171=B_SPLINE_CURVE_WITH_KNOTS('',5,(#15083,#15084,#15085,#15086,#15087,
#15088),.UNSPECIFIED.,.F.,.F.,(6,6),(0.,1.66760569084),.UNSPECIFIED.);
#172=B_SPLINE_CURVE_WITH_KNOTS('',3,(#15217,#15218,#15219,#15220),
 .UNSPECIFIED.,.F.,.F.,(4,4),(-0.00278247924175536,0.),.UNSPECIFIED.);
#173=B_SPLINE_CURVE_WITH_KNOTS('',3,(#15224,#15225,#15226,#15227),
 .UNSPECIFIED.,.F.,.F.,(4,4),(-0.00278282131847756,0.),.UNSPECIFIED.);
#174=B_SPLINE_CURVE_WITH_KNOTS('',3,(#15233,#15234,#15235,#15236,#15237,
#15238),.UNSPECIFIED.,.F.,.F.,(4,2,4),(-0.00278261709065543,-0.0013913085455363,
0.),.UNSPECIFIED.);
#175=B_SPLINE_CURVE_WITH_KNOTS('',3,(#15242,#15243,#15244,#15245),
 .UNSPECIFIED.,.F.,.F.,(4,4),(-0.00278282249140792,0.),.UNSPECIFIED.);
#176=B_SPLINE_CURVE_WITH_KNOTS('',3,(#15251,#15252,#15253,#15254,#15255,
#15256),.UNSPECIFIED.,.F.,.F.,(4,2,4),(-0.00278261708442765,-0.00139130854180935,
0.),.UNSPECIFIED.);
#177=B_SPLINE_CURVE_WITH_KNOTS('',3,(#15260,#15261,#15262,#15263,#15264,
#15265),.UNSPECIFIED.,.F.,.F.,(4,2,4),(-0.00278261716165916,-0.00139130858061902,
0.),.UNSPECIFIED.);
#178=B_SPLINE_CURVE_WITH_KNOTS('',3,(#15271,#15272,#15273,#15274),
 .UNSPECIFIED.,.F.,.F.,(4,4),(-0.00278247877234911,0.),.UNSPECIFIED.);
#179=B_SPLINE_CURVE_WITH_KNOTS('',3,(#15278,#15279,#15280,#15281,#15282,
#15283),.UNSPECIFIED.,.F.,.F.,(4,2,4),(-0.00278261716107578,-0.00139130858067731,
0.),.UNSPECIFIED.);
#180=B_SPLINE_CURVE_WITH_KNOTS('',3,(#15289,#15290,#15291,#15292,#15293,
#15294),.UNSPECIFIED.,.F.,.F.,(4,2,4),(-0.00278261708617515,-0.00139130854315302,
0.),.UNSPECIFIED.);
#181=B_SPLINE_CURVE_WITH_KNOTS('',3,(#15298,#15299,#15300,#15301,#15302,
#15303),.UNSPECIFIED.,.F.,.F.,(4,2,4),(-0.00278261715829548,-0.00139130857909013,
0.),.UNSPECIFIED.);
#182=B_SPLINE_CURVE_WITH_KNOTS('',3,(#15414,#15415,#15416,#15417),
 .UNSPECIFIED.,.F.,.F.,(4,4),(-0.00278282326929806,0.),.UNSPECIFIED.);
#183=B_SPLINE_CURVE_WITH_KNOTS('',3,(#15426,#15427,#15428,#15429,#15430,
#15431),.UNSPECIFIED.,.F.,.F.,(4,2,4),(-0.00278261715738556,-0.00139130857889115,
0.),.UNSPECIFIED.);
#184=B_SPLINE_CURVE_WITH_KNOTS('',3,(#15435,#15436,#15437,#15438,#15439,
#15440),.UNSPECIFIED.,.F.,.F.,(4,2,4),(-0.00278261708703366,-0.00139130854332246,
0.),.UNSPECIFIED.);
#185=B_SPLINE_CURVE_WITH_KNOTS('',3,(#15446,#15447,#15448,#15449,#15450,
#15451),.UNSPECIFIED.,.F.,.F.,(4,2,4),(-0.00278261716193268,-0.00139130858082695,
0.),.UNSPECIFIED.);
#186=B_SPLINE_CURVE_WITH_KNOTS('',3,(#15455,#15456,#15457,#15458),
 .UNSPECIFIED.,.F.,.F.,(4,4),(-0.0027828229872672,0.),.UNSPECIFIED.);
#187=B_SPLINE_CURVE_WITH_KNOTS('',3,(#15464,#15465,#15466,#15467,#15468,
#15469),.UNSPECIFIED.,.F.,.F.,(4,2,4),(-0.00278261716049282,-0.00139130858045697,
0.),.UNSPECIFIED.);
#188=B_SPLINE_CURVE_WITH_KNOTS('',3,(#15473,#15474,#15475,#15476,#15477,
#15478),.UNSPECIFIED.,.F.,.F.,(4,2,4),(-0.00278261708327658,-0.00139130854161845,
0.),.UNSPECIFIED.);
#189=B_SPLINE_CURVE_WITH_KNOTS('',3,(#15484,#15485,#15486,#15487),
 .UNSPECIFIED.,.F.,.F.,(4,4),(-0.00278247885959274,4.33680868994202E-19),
 .UNSPECIFIED.);
#190=B_SPLINE_CURVE_WITH_KNOTS('',3,(#15491,#15492,#15493,#15494,#15495,
#15496),.UNSPECIFIED.,.F.,.F.,(4,2,4),(-0.00278261709181069,-0.00139130854569676,
0.),.UNSPECIFIED.);
#191=B_SPLINE_CURVE_WITH_KNOTS('',3,(#15501,#15502,#15503,#15504),
 .UNSPECIFIED.,.F.,.F.,(4,4),(-0.00278247938940827,0.),.UNSPECIFIED.);
#192=B_SPLINE_CURVE_WITH_KNOTS('',3,(#15956,#15957,#15958,#15959,#15960,
#15961,#15962,#15963,#15964,#15965,#15966),.UNSPECIFIED.,.F.,.F.,(4,2,3,
2,4),(1.53246431363037,1.5936448711778,1.69432634066776,1.79500781015772,
1.85618836770515),.UNSPECIFIED.);
#193=B_SPLINE_CURVE_WITH_KNOTS('',3,(#15970,#15971,#15972,#15973,#15974,
#15975,#15976,#15977),.UNSPECIFIED.,.F.,.F.,(4,2,2,4),(0.0444754244879694,
0.0567751355840534,0.05947062062573,0.0597254284556277),.UNSPECIFIED.);
#194=B_SPLINE_CURVE_WITH_KNOTS('',3,(#15994,#15995,#15996,#15997,#15998,
#15999,#16000,#16001),.UNSPECIFIED.,.F.,.F.,(4,2,2,4),(0.00102298529666294,
0.0017045785102365,0.00610319333527265,0.0162294212962457),
 .UNSPECIFIED.);
#195=B_SPLINE_CURVE_WITH_KNOTS('',3,(#16438,#16439,#16440,#16441,#16442,
#16443,#16444,#16445,#16446,#16447,#16448),.UNSPECIFIED.,.F.,.F.,(4,2,3,
2,4),(1.53246431363037,1.5936448711778,1.69432634066776,1.79500781015772,
1.85618836770515),.UNSPECIFIED.);
#196=B_SPLINE_CURVE_WITH_KNOTS('',3,(#16545,#16546,#16547,#16548,#16549,
#16550,#16551,#16552,#16553,#16554),.UNSPECIFIED.,.F.,.F.,(4,2,2,2,4),(0.,
0.0332644074051893,0.0665288148103787,0.0891991513795392,0.1118694879487),
 .UNSPECIFIED.);
#197=B_SPLINE_CURVE_WITH_KNOTS('',3,(#16557,#16558,#16559,#16560,#16561,
#16562),.UNSPECIFIED.,.F.,.F.,(4,2,4),(0.110037511769988,0.113678331342978,
0.151352090195187),.UNSPECIFIED.);
#198=B_SPLINE_CURVE_WITH_KNOTS('',3,(#16563,#16564,#16565,#16566,#16567,
#16568),.UNSPECIFIED.,.F.,.F.,(4,2,4),(0.0857988638526097,0.129952930971402,
0.177173381108029),.UNSPECIFIED.);
#199=B_SPLINE_CURVE_WITH_KNOTS('',3,(#16571,#16572,#16573,#16574,#16575,
#16576,#16577,#16578,#16579,#16580),.UNSPECIFIED.,.F.,.F.,(4,2,2,2,4),(1.29381441505888,
1.31317856755895,1.40781987621638,1.5037336070284,1.59964733784042),
 .UNSPECIFIED.);
#200=B_SPLINE_CURVE_WITH_KNOTS('',3,(#16584,#16585,#16586,#16587,#16588,
#16589,#16590,#16591,#16592,#16593),.UNSPECIFIED.,.F.,.F.,(4,2,2,2,4),(0.199413541053018,
0.217747867246123,0.236082193439227,0.262628360723652,0.282099218215928),
 .UNSPECIFIED.);
#201=B_SPLINE_CURVE_WITH_KNOTS('',3,(#16603,#16604,#16605,#16606),
 .UNSPECIFIED.,.F.,.F.,(4,4),(-0.0925233873571618,-0.0855084732146503),
 .UNSPECIFIED.);
#202=B_SPLINE_CURVE_WITH_KNOTS('',3,(#16675,#16676,#16677,#16678,#16679,
#16680,#16681,#16682,#16683,#16684),.UNSPECIFIED.,.F.,.F.,(4,2,2,2,4),(0.685301143296489,
0.746481700843916,0.847163170333879,0.947844639823842,1.00902519737127),
 .UNSPECIFIED.);
#203=B_SPLINE_CURVE_WITH_KNOTS('',3,(#16807,#16808,#16809,#16810,#16811,
#16812),.UNSPECIFIED.,.F.,.F.,(4,2,4),(0.465302591759684,0.502976350611892,
0.506617170184882),.UNSPECIFIED.);
#204=B_SPLINE_CURVE_WITH_KNOTS('',3,(#16816,#16817,#16818,#16819,#16820,
#16821,#16822,#16823,#16824,#16825),.UNSPECIFIED.,.F.,.F.,(4,2,2,2,4),(0.267222722206037,
0.289893058775198,0.312563395344358,0.345827802749548,0.379092210154737),
 .UNSPECIFIED.);
#205=B_SPLINE_CURVE_WITH_KNOTS('',3,(#16828,#16829,#16830,#16831,#16832,
#16833),.UNSPECIFIED.,.F.,.F.,(4,2,4),(0.510193489656002,0.557413939792629,
0.601568006911421),.UNSPECIFIED.);
#206=B_SPLINE_CURVE_WITH_KNOTS('',3,(#16855,#16856,#16857,#16858,#16859,
#16860,#16861,#16862,#16863,#16864),.UNSPECIFIED.,.F.,.F.,(4,2,2,2,4),(-0.0826856771629108,
-0.0632148196706341,-0.0366686523862094,-0.0183343261931047,0.),
 .UNSPECIFIED.);
#207=B_SPLINE_CURVE_WITH_KNOTS('',3,(#16868,#16869,#16870,#16871,#16872,
#16873,#16874,#16875,#16876,#16877),.UNSPECIFIED.,.F.,.F.,(4,2,2,2,4),(0.,
0.0959137308120219,0.191827461624044,0.286468770281476,0.305832922781539),
 .UNSPECIFIED.);
#208=B_SPLINE_CURVE_WITH_KNOTS('',3,(#16883,#16884,#16885,#16886),
 .UNSPECIFIED.,.F.,.F.,(4,4),(0.0855084732146505,0.0925233873571618),
 .UNSPECIFIED.);
#209=B_SPLINE_CURVE_WITH_KNOTS('',3,(#16974,#16975,#16976,#16977,#16978,
#16979,#16980,#16981,#16982,#16983),.UNSPECIFIED.,.F.,.F.,(4,2,2,2,4),(-0.0775371022372779,
-0.0566584781557778,-0.0368001655970355,-0.0180010037000015,0.),
 .UNSPECIFIED.);
#210=B_SPLINE_CURVE_WITH_KNOTS('',3,(#16987,#16988,#16989,#16990,#16991,
#16992,#16993,#16994,#16995,#16996),.UNSPECIFIED.,.F.,.F.,(4,2,2,2,4),(0.,
0.0180010037000015,0.0368001655970356,0.0566584781557774,0.0775371022372775),
 .UNSPECIFIED.);
#211=B_SPLINE_CURVE_WITH_KNOTS('',3,(#17008,#17009,#17010,#17011,#17012,
#17013,#17014,#17015,#17016,#17017),.UNSPECIFIED.,.F.,.F.,(4,2,2,2,4),(-0.0775371022372778,
-0.0566584781557777,-0.0368001655970356,-0.0180010037000014,0.),
 .UNSPECIFIED.);
#212=B_SPLINE_CURVE_WITH_KNOTS('',3,(#17025,#17026,#17027,#17028,#17029,
#17030,#17031,#17032,#17033,#17034),.UNSPECIFIED.,.F.,.F.,(4,2,2,2,4),(0.,
0.0180010037000014,0.0368001655970356,0.0566584781557777,0.0775371022372778),
 .UNSPECIFIED.);
#213=SHAPE_REPRESENTATION_RELATIONSHIP('SRR','None',#18146,#223);
#214=SHAPE_REPRESENTATION_RELATIONSHIP('SRR','None',#18147,#224);
#215=SHAPE_REPRESENTATION_RELATIONSHIP('SRR','None',#18148,#225);
#216=SHAPE_REPRESENTATION_RELATIONSHIP('SRR','None',#18149,#226);
#217=SHAPE_REPRESENTATION_RELATIONSHIP('SRR','None',#18150,#227);
#218=SHAPE_REPRESENTATION_RELATIONSHIP('SRR','None',#18151,#228);
#219=SHAPE_REPRESENTATION_RELATIONSHIP('SRR','None',#18152,#229);
#220=SHAPE_REPRESENTATION_RELATIONSHIP('SRR','None',#18155,#230);
#221=SHAPE_REPRESENTATION_RELATIONSHIP('SRR','None',#18156,#231);
#222=SHAPE_REPRESENTATION_RELATIONSHIP('SRR','None',#18153,#232);
#223=ADVANCED_BREP_SHAPE_REPRESENTATION('',(#312),#18084);
#224=ADVANCED_BREP_SHAPE_REPRESENTATION('',(#313),#18085);
#225=ADVANCED_BREP_SHAPE_REPRESENTATION('',(#314),#18086);
#226=ADVANCED_BREP_SHAPE_REPRESENTATION('',(#315),#18087);
#227=ADVANCED_BREP_SHAPE_REPRESENTATION('',(#316),#18088);
#228=ADVANCED_BREP_SHAPE_REPRESENTATION('',(#317),#18089);
#229=ADVANCED_BREP_SHAPE_REPRESENTATION('',(#318),#18090);
#230=ADVANCED_BREP_SHAPE_REPRESENTATION('',(#319,#320,#321,#322,#323,#324,
#325,#326,#327),#18093);
#231=ADVANCED_BREP_SHAPE_REPRESENTATION('',(#328),#18094);
#232=ADVANCED_BREP_SHAPE_REPRESENTATION('',(#329,#330,#331,#332,#333),#18091);
#233=STYLED_ITEM('',(#18216),#312);
#234=STYLED_ITEM('',(#18217),#313);
#235=STYLED_ITEM('',(#18217),#314);
#236=STYLED_ITEM('',(#18211),#315);
#237=STYLED_ITEM('',(#18211),#316);
#238=STYLED_ITEM('',(#18211),#317);
#239=STYLED_ITEM('',(#18218),#318);
#240=STYLED_ITEM('',(#18221),#319);
#241=STYLED_ITEM('',(#18222),#320);
#242=STYLED_ITEM('',(#18222),#321);
#243=STYLED_ITEM('',(#18222),#322);
#244=STYLED_ITEM('',(#18222),#323);
#245=STYLED_ITEM('',(#18222),#324);
#246=STYLED_ITEM('',(#18222),#325);
#247=STYLED_ITEM('',(#18222),#326);
#248=STYLED_ITEM('',(#18222),#327);
#249=STYLED_ITEM('',(#18223),#10303);
#250=STYLED_ITEM('',(#18223),#10304);
#251=STYLED_ITEM('',(#18223),#10305);
#252=STYLED_ITEM('',(#18223),#10306);
#253=STYLED_ITEM('',(#18223),#10307);
#254=STYLED_ITEM('',(#18223),#10308);
#255=STYLED_ITEM('',(#18223),#10309);
#256=STYLED_ITEM('',(#18223),#10310);
#257=STYLED_ITEM('',(#18223),#10311);
#258=STYLED_ITEM('',(#18223),#10312);
#259=STYLED_ITEM('',(#18223),#10313);
#260=STYLED_ITEM('',(#18223),#10314);
#261=STYLED_ITEM('',(#18223),#10315);
#262=STYLED_ITEM('',(#18223),#10316);
#263=STYLED_ITEM('',(#18223),#10317);
#264=STYLED_ITEM('',(#18223),#10318);
#265=STYLED_ITEM('',(#18223),#10319);
#266=STYLED_ITEM('',(#18223),#10320);
#267=STYLED_ITEM('',(#18223),#10321);
#268=STYLED_ITEM('',(#18223),#10322);
#269=STYLED_ITEM('',(#18223),#10323);
#270=STYLED_ITEM('',(#18223),#10324);
#271=STYLED_ITEM('',(#18223),#10325);
#272=STYLED_ITEM('',(#18223),#10326);
#273=STYLED_ITEM('',(#18223),#10327);
#274=STYLED_ITEM('',(#18223),#10328);
#275=STYLED_ITEM('',(#18223),#10329);
#276=STYLED_ITEM('',(#18223),#10330);
#277=STYLED_ITEM('',(#18223),#10331);
#278=STYLED_ITEM('',(#18223),#10332);
#279=STYLED_ITEM('',(#18223),#10333);
#280=STYLED_ITEM('',(#18223),#10334);
#281=STYLED_ITEM('',(#18223),#10335);
#282=STYLED_ITEM('',(#18223),#10336);
#283=STYLED_ITEM('',(#18223),#10337);
#284=STYLED_ITEM('',(#18223),#10338);
#285=STYLED_ITEM('',(#18223),#10339);
#286=STYLED_ITEM('',(#18223),#10340);
#287=STYLED_ITEM('',(#18223),#10341);
#288=STYLED_ITEM('',(#18223),#10342);
#289=STYLED_ITEM('',(#18223),#10343);
#290=STYLED_ITEM('',(#18223),#10344);
#291=STYLED_ITEM('',(#18223),#10345);
#292=STYLED_ITEM('',(#18223),#10346);
#293=STYLED_ITEM('',(#18223),#10347);
#294=STYLED_ITEM('',(#18223),#10348);
#295=STYLED_ITEM('',(#18223),#10349);
#296=STYLED_ITEM('',(#18223),#10350);
#297=STYLED_ITEM('',(#18223),#10351);
#298=STYLED_ITEM('',(#18223),#10352);
#299=STYLED_ITEM('',(#18224),#10353);
#300=STYLED_ITEM('',(#18224),#10354);
#301=STYLED_ITEM('',(#18224),#10355);
#302=STYLED_ITEM('',(#18224),#10356);
#303=STYLED_ITEM('',(#18224),#10357);
#304=STYLED_ITEM('',(#18224),#10358);
#305=STYLED_ITEM('',(#18221),#328);
#306=STYLED_ITEM('',(#18219),#329);
#307=STYLED_ITEM('',(#18220),#330);
#308=STYLED_ITEM('',(#18220),#331);
#309=STYLED_ITEM('',(#18220),#332);
#310=STYLED_ITEM('',(#18217),#333);
#311=STYLED_ITEM('',(#18225),#12);
#312=MANIFOLD_SOLID_BREP('Body1',#10389);
#313=MANIFOLD_SOLID_BREP('Body1',#10390);
#314=MANIFOLD_SOLID_BREP('Body1',#10391);
#315=MANIFOLD_SOLID_BREP('middle gear',#10392);
#316=MANIFOLD_SOLID_BREP('pyramid side cover',#10393);
#317=MANIFOLD_SOLID_BREP('v side cover',#10394);
#318=MANIFOLD_SOLID_BREP('skin',#10395);
#319=MANIFOLD_SOLID_BREP('Body1',#10396);
#320=MANIFOLD_SOLID_BREP('Body2',#10397);
#321=MANIFOLD_SOLID_BREP('Body3',#10398);
#322=MANIFOLD_SOLID_BREP('Body4',#10399);
#323=MANIFOLD_SOLID_BREP('Body5',#10400);
#324=MANIFOLD_SOLID_BREP('Body6',#10401);
#325=MANIFOLD_SOLID_BREP('Body7',#10402);
#326=MANIFOLD_SOLID_BREP('Body8',#10403);
#327=MANIFOLD_SOLID_BREP('Body9',#10404);
#328=MANIFOLD_SOLID_BREP('Body1',#10405);
#329=MANIFOLD_SOLID_BREP('FPC',#10406);
#330=MANIFOLD_SOLID_BREP('Solder Pad',#10407);
#331=MANIFOLD_SOLID_BREP('Solder Pad (1)',#10408);
#332=MANIFOLD_SOLID_BREP('Solder Pad (2)',#10409);
#333=MANIFOLD_SOLID_BREP('Stiffener',#10410);
#334=CONICAL_SURFACE('',#10528,0.714285714285714,0.708626272127227);
#335=CONICAL_SURFACE('',#10532,0.714285714285714,0.708626272127227);
#336=CONICAL_SURFACE('',#10571,2.,0.75315128096752);
#337=CONICAL_SURFACE('',#10683,2.,0.75315128096346);
#338=CONICAL_SURFACE('',#10686,2.,0.75315128096346);
#339=CONICAL_SURFACE('',#10745,2.,1.19028994968253);
#340=CONICAL_SURFACE('',#10749,2.,1.19028994968253);
#341=CONICAL_SURFACE('',#10753,1.99999993983255,1.19028987447325);
#342=CONICAL_SURFACE('',#10757,2.,1.19028994968253);
#343=CONICAL_SURFACE('',#10761,2.,1.19028994968253);
#344=CONICAL_SURFACE('',#10765,2.,1.19028994968253);
#345=FACE_BOUND('',#1311,.T.);
#346=FACE_BOUND('',#1313,.T.);
#347=FACE_BOUND('',#1320,.T.);
#348=FACE_BOUND('',#1324,.T.);
#349=FACE_BOUND('',#1334,.T.);
#350=FACE_BOUND('',#1338,.T.);
#351=FACE_BOUND('',#1350,.T.);
#352=FACE_BOUND('',#1352,.T.);
#353=FACE_BOUND('',#1361,.T.);
#354=FACE_BOUND('',#1362,.T.);
#355=FACE_BOUND('',#1363,.T.);
#356=FACE_BOUND('',#1364,.T.);
#357=FACE_BOUND('',#1365,.T.);
#358=FACE_BOUND('',#1366,.T.);
#359=FACE_BOUND('',#1368,.T.);
#360=FACE_BOUND('',#1369,.T.);
#361=FACE_BOUND('',#1370,.T.);
#362=FACE_BOUND('',#1373,.T.);
#363=FACE_BOUND('',#1378,.T.);
#364=FACE_BOUND('',#1379,.T.);
#365=FACE_BOUND('',#1380,.T.);
#366=FACE_BOUND('',#1381,.T.);
#367=FACE_BOUND('',#1382,.T.);
#368=FACE_BOUND('',#1383,.T.);
#369=FACE_BOUND('',#1399,.T.);
#370=FACE_BOUND('',#1402,.T.);
#371=FACE_BOUND('',#1404,.T.);
#372=FACE_BOUND('',#1406,.T.);
#373=FACE_BOUND('',#1420,.T.);
#374=FACE_BOUND('',#1429,.T.);
#375=FACE_BOUND('',#1432,.T.);
#376=FACE_BOUND('',#1435,.T.);
#377=FACE_BOUND('',#1438,.T.);
#378=FACE_BOUND('',#1441,.T.);
#379=FACE_BOUND('',#1444,.T.);
#380=FACE_BOUND('',#1448,.T.);
#381=FACE_BOUND('',#1451,.T.);
#382=FACE_BOUND('',#1454,.T.);
#383=FACE_BOUND('',#1457,.T.);
#384=FACE_BOUND('',#1460,.T.);
#385=FACE_BOUND('',#1463,.T.);
#386=FACE_BOUND('',#1465,.T.);
#387=FACE_BOUND('',#1544,.T.);
#388=FACE_BOUND('',#1621,.T.);
#389=FACE_BOUND('',#1632,.T.);
#390=FACE_BOUND('',#1669,.T.);
#391=FACE_BOUND('',#1673,.T.);
#392=FACE_BOUND('',#1676,.T.);
#393=FACE_BOUND('',#1688,.T.);
#394=FACE_BOUND('',#1689,.T.);
#395=FACE_BOUND('',#1727,.T.);
#396=FACE_BOUND('',#1900,.T.);
#397=FACE_BOUND('',#1903,.T.);
#398=PLANE('',#10521);
#399=PLANE('',#10523);
#400=PLANE('',#10534);
#401=PLANE('',#10536);
#402=PLANE('',#10542);
#403=PLANE('',#10543);
#404=PLANE('',#10544);
#405=PLANE('',#10545);
#406=PLANE('',#10546);
#407=PLANE('',#10547);
#408=PLANE('',#10548);
#409=PLANE('',#10549);
#410=PLANE('',#10551);
#411=PLANE('',#10553);
#412=PLANE('',#10559);
#413=PLANE('',#10560);
#414=PLANE('',#10561);
#415=PLANE('',#10562);
#416=PLANE('',#10563);
#417=PLANE('',#10564);
#418=PLANE('',#10565);
#419=PLANE('',#10566);
#420=PLANE('',#10577);
#421=PLANE('',#10578);
#422=PLANE('',#10589);
#423=PLANE('',#10595);
#424=PLANE('',#10596);
#425=PLANE('',#10597);
#426=PLANE('',#10598);
#427=PLANE('',#10628);
#428=PLANE('',#10635);
#429=PLANE('',#10640);
#430=PLANE('',#10641);
#431=PLANE('',#10670);
#432=PLANE('',#10671);
#433=PLANE('',#10672);
#434=PLANE('',#10673);
#435=PLANE('',#10674);
#436=PLANE('',#10675);
#437=PLANE('',#10676);
#438=PLANE('',#10677);
#439=PLANE('',#10678);
#440=PLANE('',#10691);
#441=PLANE('',#10694);
#442=PLANE('',#10695);
#443=PLANE('',#10696);
#444=PLANE('',#10697);
#445=PLANE('',#10700);
#446=PLANE('',#10701);
#447=PLANE('',#10702);
#448=PLANE('',#10703);
#449=PLANE('',#10707);
#450=PLANE('',#10708);
#451=PLANE('',#10709);
#452=PLANE('',#10710);
#453=PLANE('',#10711);
#454=PLANE('',#10743);
#455=PLANE('',#10747);
#456=PLANE('',#10751);
#457=PLANE('',#10755);
#458=PLANE('',#10759);
#459=PLANE('',#10763);
#460=PLANE('',#10769);
#461=PLANE('',#10772);
#462=PLANE('',#10775);
#463=PLANE('',#10778);
#464=PLANE('',#10781);
#465=PLANE('',#10784);
#466=PLANE('',#10785);
#467=PLANE('',#10802);
#468=PLANE('',#10836);
#469=PLANE('',#10837);
#470=PLANE('',#10841);
#471=PLANE('',#10847);
#472=PLANE('',#10851);
#473=PLANE('',#10856);
#474=PLANE('',#10859);
#475=PLANE('',#10860);
#476=PLANE('',#10861);
#477=PLANE('',#10862);
#478=PLANE('',#10863);
#479=PLANE('',#10866);
#480=PLANE('',#10868);
#481=PLANE('',#10870);
#482=PLANE('',#10873);
#483=PLANE('',#10882);
#484=PLANE('',#10886);
#485=PLANE('',#10888);
#486=PLANE('',#10889);
#487=PLANE('',#10890);
#488=PLANE('',#10894);
#489=PLANE('',#10898);
#490=PLANE('',#10899);
#491=PLANE('',#10900);
#492=PLANE('',#10904);
#493=PLANE('',#10908);
#494=PLANE('',#10909);
#495=PLANE('',#10913);
#496=PLANE('',#10915);
#497=PLANE('',#10919);
#498=PLANE('',#10923);
#499=PLANE('',#10924);
#500=PLANE('',#10925);
#501=PLANE('',#10929);
#502=PLANE('',#10931);
#503=PLANE('',#10935);
#504=PLANE('',#10939);
#505=PLANE('',#10940);
#506=PLANE('',#10941);
#507=PLANE('',#10945);
#508=PLANE('',#10949);
#509=PLANE('',#10950);
#510=PLANE('',#10954);
#511=PLANE('',#10958);
#512=PLANE('',#10959);
#513=PLANE('',#10964);
#514=PLANE('',#10965);
#515=PLANE('',#10966);
#516=PLANE('',#10967);
#517=PLANE('',#10968);
#518=PLANE('',#10969);
#519=PLANE('',#10970);
#520=PLANE('',#10971);
#521=PLANE('',#10972);
#522=PLANE('',#10973);
#523=PLANE('',#10974);
#524=PLANE('',#10975);
#525=PLANE('',#10976);
#526=PLANE('',#10977);
#527=PLANE('',#10978);
#528=PLANE('',#10979);
#529=PLANE('',#10980);
#530=PLANE('',#10981);
#531=PLANE('',#10982);
#532=PLANE('',#10983);
#533=PLANE('',#10984);
#534=PLANE('',#10985);
#535=PLANE('',#10986);
#536=PLANE('',#10987);
#537=PLANE('',#10988);
#538=PLANE('',#10989);
#539=PLANE('',#10990);
#540=PLANE('',#10999);
#541=PLANE('',#11000);
#542=PLANE('',#11006);
#543=PLANE('',#11007);
#544=PLANE('',#11014);
#545=PLANE('',#11017);
#546=PLANE('',#11026);
#547=PLANE('',#11029);
#548=PLANE('',#11032);
#549=PLANE('',#11033);
#550=PLANE('',#11034);
#551=PLANE('',#11035);
#552=PLANE('',#11036);
#553=PLANE('',#11037);
#554=PLANE('',#11039);
#555=PLANE('',#11041);
#556=PLANE('',#11042);
#557=PLANE('',#11043);
#558=PLANE('',#11044);
#559=PLANE('',#11045);
#560=PLANE('',#11046);
#561=PLANE('',#11047);
#562=PLANE('',#11048);
#563=PLANE('',#11049);
#564=PLANE('',#11050);
#565=PLANE('',#11055);
#566=PLANE('',#11066);
#567=PLANE('',#11067);
#568=PLANE('',#11071);
#569=PLANE('',#11072);
#570=PLANE('',#11077);
#571=PLANE('',#11078);
#572=PLANE('',#11082);
#573=PLANE('',#11099);
#574=PLANE('',#11105);
#575=PLANE('',#11106);
#576=PLANE('',#11109);
#577=PLANE('',#11110);
#578=PLANE('',#11111);
#579=PLANE('',#11112);
#580=PLANE('',#11113);
#581=PLANE('',#11114);
#582=PLANE('',#11115);
#583=PLANE('',#11116);
#584=PLANE('',#11117);
#585=PLANE('',#11118);
#586=PLANE('',#11119);
#587=PLANE('',#11120);
#588=PLANE('',#11121);
#589=PLANE('',#11122);
#590=PLANE('',#11123);
#591=PLANE('',#11124);
#592=PLANE('',#11125);
#593=PLANE('',#11126);
#594=PLANE('',#11132);
#595=PLANE('',#11133);
#596=PLANE('',#11137);
#597=PLANE('',#11138);
#598=PLANE('',#11139);
#599=PLANE('',#11147);
#600=PLANE('',#11148);
#601=PLANE('',#11149);
#602=PLANE('',#11150);
#603=PLANE('',#11151);
#604=PLANE('',#11152);
#605=PLANE('',#11153);
#606=PLANE('',#11154);
#607=PLANE('',#11155);
#608=PLANE('',#11156);
#609=PLANE('',#11157);
#610=PLANE('',#11158);
#611=PLANE('',#11159);
#612=PLANE('',#11160);
#613=PLANE('',#11161);
#614=PLANE('',#11162);
#615=PLANE('',#11167);
#616=PLANE('',#11170);
#617=PLANE('',#11171);
#618=PLANE('',#11172);
#619=PLANE('',#11175);
#620=PLANE('',#11178);
#621=PLANE('',#11179);
#622=PLANE('',#11180);
#623=PLANE('',#11183);
#624=PLANE('',#11184);
#625=PLANE('',#11189);
#626=PLANE('',#11192);
#627=PLANE('',#11193);
#628=PLANE('',#11194);
#629=PLANE('',#11197);
#630=PLANE('',#11200);
#631=PLANE('',#11201);
#632=PLANE('',#11202);
#633=PLANE('',#11205);
#634=PLANE('',#11206);
#635=PLANE('',#11211);
#636=PLANE('',#11214);
#637=PLANE('',#11215);
#638=PLANE('',#11216);
#639=PLANE('',#11219);
#640=PLANE('',#11222);
#641=PLANE('',#11223);
#642=PLANE('',#11224);
#643=PLANE('',#11227);
#644=PLANE('',#11228);
#645=PLANE('',#11233);
#646=PLANE('',#11236);
#647=PLANE('',#11237);
#648=PLANE('',#11238);
#649=PLANE('',#11241);
#650=PLANE('',#11244);
#651=PLANE('',#11245);
#652=PLANE('',#11246);
#653=PLANE('',#11249);
#654=PLANE('',#11250);
#655=PLANE('',#11255);
#656=PLANE('',#11258);
#657=PLANE('',#11259);
#658=PLANE('',#11260);
#659=PLANE('',#11263);
#660=PLANE('',#11266);
#661=PLANE('',#11267);
#662=PLANE('',#11268);
#663=PLANE('',#11271);
#664=PLANE('',#11272);
#665=PLANE('',#11277);
#666=PLANE('',#11280);
#667=PLANE('',#11281);
#668=PLANE('',#11282);
#669=PLANE('',#11285);
#670=PLANE('',#11288);
#671=PLANE('',#11289);
#672=PLANE('',#11290);
#673=PLANE('',#11293);
#674=PLANE('',#11294);
#675=PLANE('',#11299);
#676=PLANE('',#11302);
#677=PLANE('',#11303);
#678=PLANE('',#11304);
#679=PLANE('',#11307);
#680=PLANE('',#11310);
#681=PLANE('',#11311);
#682=PLANE('',#11312);
#683=PLANE('',#11315);
#684=PLANE('',#11316);
#685=PLANE('',#11321);
#686=PLANE('',#11324);
#687=PLANE('',#11325);
#688=PLANE('',#11326);
#689=PLANE('',#11329);
#690=PLANE('',#11332);
#691=PLANE('',#11333);
#692=PLANE('',#11334);
#693=PLANE('',#11337);
#694=PLANE('',#11384);
#695=PLANE('',#11385);
#696=PLANE('',#11386);
#697=PLANE('',#11387);
#698=PLANE('',#11388);
#699=PLANE('',#11433);
#700=PLANE('',#11434);
#701=PLANE('',#11435);
#702=PLANE('',#11436);
#703=PLANE('',#11437);
#704=PLANE('',#11438);
#705=PLANE('',#11439);
#706=PLANE('',#11440);
#707=PLANE('',#11441);
#708=PLANE('',#11442);
#709=PLANE('',#11443);
#710=PLANE('',#11444);
#711=PLANE('',#11445);
#712=PLANE('',#11446);
#713=PLANE('',#11452);
#714=PLANE('',#11455);
#715=PLANE('',#11456);
#716=PLANE('',#11457);
#717=PLANE('',#11460);
#718=PLANE('',#11461);
#719=PLANE('',#11462);
#720=PLANE('',#11463);
#721=PLANE('',#11464);
#722=PLANE('',#11468);
#723=PLANE('',#11469);
#724=PLANE('',#11473);
#725=PLANE('',#11474);
#726=PLANE('',#11478);
#727=PLANE('',#11479);
#728=PLANE('',#11480);
#729=PLANE('',#11481);
#730=PLANE('',#11482);
#731=PLANE('',#11483);
#732=PLANE('',#11484);
#733=PLANE('',#11485);
#734=FACE_OUTER_BOUND('',#1308,.T.);
#735=FACE_OUTER_BOUND('',#1309,.T.);
#736=FACE_OUTER_BOUND('',#1310,.T.);
#737=FACE_OUTER_BOUND('',#1312,.T.);
#738=FACE_OUTER_BOUND('',#1314,.T.);
#739=FACE_OUTER_BOUND('',#1315,.T.);
#740=FACE_OUTER_BOUND('',#1316,.T.);
#741=FACE_OUTER_BOUND('',#1317,.T.);
#742=FACE_OUTER_BOUND('',#1318,.T.);
#743=FACE_OUTER_BOUND('',#1319,.T.);
#744=FACE_OUTER_BOUND('',#1321,.T.);
#745=FACE_OUTER_BOUND('',#1322,.T.);
#746=FACE_OUTER_BOUND('',#1323,.T.);
#747=FACE_OUTER_BOUND('',#1325,.T.);
#748=FACE_OUTER_BOUND('',#1326,.T.);
#749=FACE_OUTER_BOUND('',#1327,.T.);
#750=FACE_OUTER_BOUND('',#1328,.T.);
#751=FACE_OUTER_BOUND('',#1329,.T.);
#752=FACE_OUTER_BOUND('',#1330,.T.);
#753=FACE_OUTER_BOUND('',#1331,.T.);
#754=FACE_OUTER_BOUND('',#1332,.T.);
#755=FACE_OUTER_BOUND('',#1333,.T.);
#756=FACE_OUTER_BOUND('',#1335,.T.);
#757=FACE_OUTER_BOUND('',#1336,.T.);
#758=FACE_OUTER_BOUND('',#1337,.T.);
#759=FACE_OUTER_BOUND('',#1339,.T.);
#760=FACE_OUTER_BOUND('',#1340,.T.);
#761=FACE_OUTER_BOUND('',#1341,.T.);
#762=FACE_OUTER_BOUND('',#1342,.T.);
#763=FACE_OUTER_BOUND('',#1343,.T.);
#764=FACE_OUTER_BOUND('',#1344,.T.);
#765=FACE_OUTER_BOUND('',#1345,.T.);
#766=FACE_OUTER_BOUND('',#1346,.T.);
#767=FACE_OUTER_BOUND('',#1347,.T.);
#768=FACE_OUTER_BOUND('',#1348,.T.);
#769=FACE_OUTER_BOUND('',#1349,.T.);
#770=FACE_OUTER_BOUND('',#1351,.T.);
#771=FACE_OUTER_BOUND('',#1353,.T.);
#772=FACE_OUTER_BOUND('',#1354,.T.);
#773=FACE_OUTER_BOUND('',#1355,.T.);
#774=FACE_OUTER_BOUND('',#1356,.T.);
#775=FACE_OUTER_BOUND('',#1357,.T.);
#776=FACE_OUTER_BOUND('',#1358,.T.);
#777=FACE_OUTER_BOUND('',#1359,.T.);
#778=FACE_OUTER_BOUND('',#1360,.T.);
#779=FACE_OUTER_BOUND('',#1367,.T.);
#780=FACE_OUTER_BOUND('',#1371,.T.);
#781=FACE_OUTER_BOUND('',#1372,.T.);
#782=FACE_OUTER_BOUND('',#1374,.T.);
#783=FACE_OUTER_BOUND('',#1375,.T.);
#784=FACE_OUTER_BOUND('',#1376,.T.);
#785=FACE_OUTER_BOUND('',#1377,.T.);
#786=FACE_OUTER_BOUND('',#1384,.T.);
#787=FACE_OUTER_BOUND('',#1385,.T.);
#788=FACE_OUTER_BOUND('',#1386,.T.);
#789=FACE_OUTER_BOUND('',#1387,.T.);
#790=FACE_OUTER_BOUND('',#1388,.T.);
#791=FACE_OUTER_BOUND('',#1389,.T.);
#792=FACE_OUTER_BOUND('',#1390,.T.);
#793=FACE_OUTER_BOUND('',#1391,.T.);
#794=FACE_OUTER_BOUND('',#1392,.T.);
#795=FACE_OUTER_BOUND('',#1393,.T.);
#796=FACE_OUTER_BOUND('',#1394,.T.);
#797=FACE_OUTER_BOUND('',#1395,.T.);
#798=FACE_OUTER_BOUND('',#1396,.T.);
#799=FACE_OUTER_BOUND('',#1397,.T.);
#800=FACE_OUTER_BOUND('',#1398,.T.);
#801=FACE_OUTER_BOUND('',#1400,.T.);
#802=FACE_OUTER_BOUND('',#1401,.T.);
#803=FACE_OUTER_BOUND('',#1403,.T.);
#804=FACE_OUTER_BOUND('',#1405,.T.);
#805=FACE_OUTER_BOUND('',#1407,.T.);
#806=FACE_OUTER_BOUND('',#1408,.T.);
#807=FACE_OUTER_BOUND('',#1409,.T.);
#808=FACE_OUTER_BOUND('',#1410,.T.);
#809=FACE_OUTER_BOUND('',#1411,.T.);
#810=FACE_OUTER_BOUND('',#1412,.T.);
#811=FACE_OUTER_BOUND('',#1413,.T.);
#812=FACE_OUTER_BOUND('',#1414,.T.);
#813=FACE_OUTER_BOUND('',#1415,.T.);
#814=FACE_OUTER_BOUND('',#1416,.T.);
#815=FACE_OUTER_BOUND('',#1417,.T.);
#816=FACE_OUTER_BOUND('',#1418,.T.);
#817=FACE_OUTER_BOUND('',#1419,.T.);
#818=FACE_OUTER_BOUND('',#1421,.T.);
#819=FACE_OUTER_BOUND('',#1422,.T.);
#820=FACE_OUTER_BOUND('',#1423,.T.);
#821=FACE_OUTER_BOUND('',#1424,.T.);
#822=FACE_OUTER_BOUND('',#1425,.T.);
#823=FACE_OUTER_BOUND('',#1426,.T.);
#824=FACE_OUTER_BOUND('',#1427,.T.);
#825=FACE_OUTER_BOUND('',#1428,.T.);
#826=FACE_OUTER_BOUND('',#1430,.T.);
#827=FACE_OUTER_BOUND('',#1431,.T.);
#828=FACE_OUTER_BOUND('',#1433,.T.);
#829=FACE_OUTER_BOUND('',#1434,.T.);
#830=FACE_OUTER_BOUND('',#1436,.T.);
#831=FACE_OUTER_BOUND('',#1437,.T.);
#832=FACE_OUTER_BOUND('',#1439,.T.);
#833=FACE_OUTER_BOUND('',#1440,.T.);
#834=FACE_OUTER_BOUND('',#1442,.T.);
#835=FACE_OUTER_BOUND('',#1443,.T.);
#836=FACE_OUTER_BOUND('',#1445,.T.);
#837=FACE_OUTER_BOUND('',#1446,.T.);
#838=FACE_OUTER_BOUND('',#1447,.T.);
#839=FACE_OUTER_BOUND('',#1449,.T.);
#840=FACE_OUTER_BOUND('',#1450,.T.);
#841=FACE_OUTER_BOUND('',#1452,.T.);
#842=FACE_OUTER_BOUND('',#1453,.T.);
#843=FACE_OUTER_BOUND('',#1455,.T.);
#844=FACE_OUTER_BOUND('',#1456,.T.);
#845=FACE_OUTER_BOUND('',#1458,.T.);
#846=FACE_OUTER_BOUND('',#1459,.T.);
#847=FACE_OUTER_BOUND('',#1461,.T.);
#848=FACE_OUTER_BOUND('',#1462,.T.);
#849=FACE_OUTER_BOUND('',#1464,.T.);
#850=FACE_OUTER_BOUND('',#1466,.T.);
#851=FACE_OUTER_BOUND('',#1467,.T.);
#852=FACE_OUTER_BOUND('',#1468,.T.);
#853=FACE_OUTER_BOUND('',#1469,.T.);
#854=FACE_OUTER_BOUND('',#1470,.T.);
#855=FACE_OUTER_BOUND('',#1471,.T.);
#856=FACE_OUTER_BOUND('',#1472,.T.);
#857=FACE_OUTER_BOUND('',#1473,.T.);
#858=FACE_OUTER_BOUND('',#1474,.T.);
#859=FACE_OUTER_BOUND('',#1475,.T.);
#860=FACE_OUTER_BOUND('',#1476,.T.);
#861=FACE_OUTER_BOUND('',#1477,.T.);
#862=FACE_OUTER_BOUND('',#1478,.T.);
#863=FACE_OUTER_BOUND('',#1479,.T.);
#864=FACE_OUTER_BOUND('',#1480,.T.);
#865=FACE_OUTER_BOUND('',#1481,.T.);
#866=FACE_OUTER_BOUND('',#1482,.T.);
#867=FACE_OUTER_BOUND('',#1483,.T.);
#868=FACE_OUTER_BOUND('',#1484,.T.);
#869=FACE_OUTER_BOUND('',#1485,.T.);
#870=FACE_OUTER_BOUND('',#1486,.T.);
#871=FACE_OUTER_BOUND('',#1487,.T.);
#872=FACE_OUTER_BOUND('',#1488,.T.);
#873=FACE_OUTER_BOUND('',#1489,.T.);
#874=FACE_OUTER_BOUND('',#1490,.T.);
#875=FACE_OUTER_BOUND('',#1491,.T.);
#876=FACE_OUTER_BOUND('',#1492,.T.);
#877=FACE_OUTER_BOUND('',#1493,.T.);
#878=FACE_OUTER_BOUND('',#1494,.T.);
#879=FACE_OUTER_BOUND('',#1495,.T.);
#880=FACE_OUTER_BOUND('',#1496,.T.);
#881=FACE_OUTER_BOUND('',#1497,.T.);
#882=FACE_OUTER_BOUND('',#1498,.T.);
#883=FACE_OUTER_BOUND('',#1499,.T.);
#884=FACE_OUTER_BOUND('',#1500,.T.);
#885=FACE_OUTER_BOUND('',#1501,.T.);
#886=FACE_OUTER_BOUND('',#1502,.T.);
#887=FACE_OUTER_BOUND('',#1503,.T.);
#888=FACE_OUTER_BOUND('',#1504,.T.);
#889=FACE_OUTER_BOUND('',#1505,.T.);
#890=FACE_OUTER_BOUND('',#1506,.T.);
#891=FACE_OUTER_BOUND('',#1507,.T.);
#892=FACE_OUTER_BOUND('',#1508,.T.);
#893=FACE_OUTER_BOUND('',#1509,.T.);
#894=FACE_OUTER_BOUND('',#1510,.T.);
#895=FACE_OUTER_BOUND('',#1511,.T.);
#896=FACE_OUTER_BOUND('',#1512,.T.);
#897=FACE_OUTER_BOUND('',#1513,.T.);
#898=FACE_OUTER_BOUND('',#1514,.T.);
#899=FACE_OUTER_BOUND('',#1515,.T.);
#900=FACE_OUTER_BOUND('',#1516,.T.);
#901=FACE_OUTER_BOUND('',#1517,.T.);
#902=FACE_OUTER_BOUND('',#1518,.T.);
#903=FACE_OUTER_BOUND('',#1519,.T.);
#904=FACE_OUTER_BOUND('',#1520,.T.);
#905=FACE_OUTER_BOUND('',#1521,.T.);
#906=FACE_OUTER_BOUND('',#1522,.T.);
#907=FACE_OUTER_BOUND('',#1523,.T.);
#908=FACE_OUTER_BOUND('',#1524,.T.);
#909=FACE_OUTER_BOUND('',#1525,.T.);
#910=FACE_OUTER_BOUND('',#1526,.T.);
#911=FACE_OUTER_BOUND('',#1527,.T.);
#912=FACE_OUTER_BOUND('',#1528,.T.);
#913=FACE_OUTER_BOUND('',#1529,.T.);
#914=FACE_OUTER_BOUND('',#1530,.T.);
#915=FACE_OUTER_BOUND('',#1531,.T.);
#916=FACE_OUTER_BOUND('',#1532,.T.);
#917=FACE_OUTER_BOUND('',#1533,.T.);
#918=FACE_OUTER_BOUND('',#1534,.T.);
#919=FACE_OUTER_BOUND('',#1535,.T.);
#920=FACE_OUTER_BOUND('',#1536,.T.);
#921=FACE_OUTER_BOUND('',#1537,.T.);
#922=FACE_OUTER_BOUND('',#1538,.T.);
#923=FACE_OUTER_BOUND('',#1539,.T.);
#924=FACE_OUTER_BOUND('',#1540,.T.);
#925=FACE_OUTER_BOUND('',#1541,.T.);
#926=FACE_OUTER_BOUND('',#1542,.T.);
#927=FACE_OUTER_BOUND('',#1543,.T.);
#928=FACE_OUTER_BOUND('',#1545,.T.);
#929=FACE_OUTER_BOUND('',#1546,.T.);
#930=FACE_OUTER_BOUND('',#1547,.T.);
#931=FACE_OUTER_BOUND('',#1548,.T.);
#932=FACE_OUTER_BOUND('',#1549,.T.);
#933=FACE_OUTER_BOUND('',#1550,.T.);
#934=FACE_OUTER_BOUND('',#1551,.T.);
#935=FACE_OUTER_BOUND('',#1552,.T.);
#936=FACE_OUTER_BOUND('',#1553,.T.);
#937=FACE_OUTER_BOUND('',#1554,.T.);
#938=FACE_OUTER_BOUND('',#1555,.T.);
#939=FACE_OUTER_BOUND('',#1556,.T.);
#940=FACE_OUTER_BOUND('',#1557,.T.);
#941=FACE_OUTER_BOUND('',#1558,.T.);
#942=FACE_OUTER_BOUND('',#1559,.T.);
#943=FACE_OUTER_BOUND('',#1560,.T.);
#944=FACE_OUTER_BOUND('',#1561,.T.);
#945=FACE_OUTER_BOUND('',#1562,.T.);
#946=FACE_OUTER_BOUND('',#1563,.T.);
#947=FACE_OUTER_BOUND('',#1564,.T.);
#948=FACE_OUTER_BOUND('',#1565,.T.);
#949=FACE_OUTER_BOUND('',#1566,.T.);
#950=FACE_OUTER_BOUND('',#1567,.T.);
#951=FACE_OUTER_BOUND('',#1568,.T.);
#952=FACE_OUTER_BOUND('',#1569,.T.);
#953=FACE_OUTER_BOUND('',#1570,.T.);
#954=FACE_OUTER_BOUND('',#1571,.T.);
#955=FACE_OUTER_BOUND('',#1572,.T.);
#956=FACE_OUTER_BOUND('',#1573,.T.);
#957=FACE_OUTER_BOUND('',#1574,.T.);
#958=FACE_OUTER_BOUND('',#1575,.T.);
#959=FACE_OUTER_BOUND('',#1576,.T.);
#960=FACE_OUTER_BOUND('',#1577,.T.);
#961=FACE_OUTER_BOUND('',#1578,.T.);
#962=FACE_OUTER_BOUND('',#1579,.T.);
#963=FACE_OUTER_BOUND('',#1580,.T.);
#964=FACE_OUTER_BOUND('',#1581,.T.);
#965=FACE_OUTER_BOUND('',#1582,.T.);
#966=FACE_OUTER_BOUND('',#1583,.T.);
#967=FACE_OUTER_BOUND('',#1584,.T.);
#968=FACE_OUTER_BOUND('',#1585,.T.);
#969=FACE_OUTER_BOUND('',#1586,.T.);
#970=FACE_OUTER_BOUND('',#1587,.T.);
#971=FACE_OUTER_BOUND('',#1588,.T.);
#972=FACE_OUTER_BOUND('',#1589,.T.);
#973=FACE_OUTER_BOUND('',#1590,.T.);
#974=FACE_OUTER_BOUND('',#1591,.T.);
#975=FACE_OUTER_BOUND('',#1592,.T.);
#976=FACE_OUTER_BOUND('',#1593,.T.);
#977=FACE_OUTER_BOUND('',#1594,.T.);
#978=FACE_OUTER_BOUND('',#1595,.T.);
#979=FACE_OUTER_BOUND('',#1596,.T.);
#980=FACE_OUTER_BOUND('',#1597,.T.);
#981=FACE_OUTER_BOUND('',#1598,.T.);
#982=FACE_OUTER_BOUND('',#1599,.T.);
#983=FACE_OUTER_BOUND('',#1600,.T.);
#984=FACE_OUTER_BOUND('',#1601,.T.);
#985=FACE_OUTER_BOUND('',#1602,.T.);
#986=FACE_OUTER_BOUND('',#1603,.T.);
#987=FACE_OUTER_BOUND('',#1604,.T.);
#988=FACE_OUTER_BOUND('',#1605,.T.);
#989=FACE_OUTER_BOUND('',#1606,.T.);
#990=FACE_OUTER_BOUND('',#1607,.T.);
#991=FACE_OUTER_BOUND('',#1608,.T.);
#992=FACE_OUTER_BOUND('',#1609,.T.);
#993=FACE_OUTER_BOUND('',#1610,.T.);
#994=FACE_OUTER_BOUND('',#1611,.T.);
#995=FACE_OUTER_BOUND('',#1612,.T.);
#996=FACE_OUTER_BOUND('',#1613,.T.);
#997=FACE_OUTER_BOUND('',#1614,.T.);
#998=FACE_OUTER_BOUND('',#1615,.T.);
#999=FACE_OUTER_BOUND('',#1616,.T.);
#1000=FACE_OUTER_BOUND('',#1617,.T.);
#1001=FACE_OUTER_BOUND('',#1618,.T.);
#1002=FACE_OUTER_BOUND('',#1619,.T.);
#1003=FACE_OUTER_BOUND('',#1620,.T.);
#1004=FACE_OUTER_BOUND('',#1622,.T.);
#1005=FACE_OUTER_BOUND('',#1623,.T.);
#1006=FACE_OUTER_BOUND('',#1624,.T.);
#1007=FACE_OUTER_BOUND('',#1625,.T.);
#1008=FACE_OUTER_BOUND('',#1626,.T.);
#1009=FACE_OUTER_BOUND('',#1627,.T.);
#1010=FACE_OUTER_BOUND('',#1628,.T.);
#1011=FACE_OUTER_BOUND('',#1629,.T.);
#1012=FACE_OUTER_BOUND('',#1630,.T.);
#1013=FACE_OUTER_BOUND('',#1631,.T.);
#1014=FACE_OUTER_BOUND('',#1633,.T.);
#1015=FACE_OUTER_BOUND('',#1634,.T.);
#1016=FACE_OUTER_BOUND('',#1635,.T.);
#1017=FACE_OUTER_BOUND('',#1636,.T.);
#1018=FACE_OUTER_BOUND('',#1637,.T.);
#1019=FACE_OUTER_BOUND('',#1638,.T.);
#1020=FACE_OUTER_BOUND('',#1639,.T.);
#1021=FACE_OUTER_BOUND('',#1640,.T.);
#1022=FACE_OUTER_BOUND('',#1641,.T.);
#1023=FACE_OUTER_BOUND('',#1642,.T.);
#1024=FACE_OUTER_BOUND('',#1643,.T.);
#1025=FACE_OUTER_BOUND('',#1644,.T.);
#1026=FACE_OUTER_BOUND('',#1645,.T.);
#1027=FACE_OUTER_BOUND('',#1646,.T.);
#1028=FACE_OUTER_BOUND('',#1647,.T.);
#1029=FACE_OUTER_BOUND('',#1648,.T.);
#1030=FACE_OUTER_BOUND('',#1649,.T.);
#1031=FACE_OUTER_BOUND('',#1650,.T.);
#1032=FACE_OUTER_BOUND('',#1651,.T.);
#1033=FACE_OUTER_BOUND('',#1652,.T.);
#1034=FACE_OUTER_BOUND('',#1653,.T.);
#1035=FACE_OUTER_BOUND('',#1654,.T.);
#1036=FACE_OUTER_BOUND('',#1655,.T.);
#1037=FACE_OUTER_BOUND('',#1656,.T.);
#1038=FACE_OUTER_BOUND('',#1657,.T.);
#1039=FACE_OUTER_BOUND('',#1658,.T.);
#1040=FACE_OUTER_BOUND('',#1659,.T.);
#1041=FACE_OUTER_BOUND('',#1660,.T.);
#1042=FACE_OUTER_BOUND('',#1661,.T.);
#1043=FACE_OUTER_BOUND('',#1662,.T.);
#1044=FACE_OUTER_BOUND('',#1663,.T.);
#1045=FACE_OUTER_BOUND('',#1664,.T.);
#1046=FACE_OUTER_BOUND('',#1665,.T.);
#1047=FACE_OUTER_BOUND('',#1666,.T.);
#1048=FACE_OUTER_BOUND('',#1667,.T.);
#1049=FACE_OUTER_BOUND('',#1668,.T.);
#1050=FACE_OUTER_BOUND('',#1670,.T.);
#1051=FACE_OUTER_BOUND('',#1671,.T.);
#1052=FACE_OUTER_BOUND('',#1672,.T.);
#1053=FACE_OUTER_BOUND('',#1674,.T.);
#1054=FACE_OUTER_BOUND('',#1675,.T.);
#1055=FACE_OUTER_BOUND('',#1677,.T.);
#1056=FACE_OUTER_BOUND('',#1678,.T.);
#1057=FACE_OUTER_BOUND('',#1679,.T.);
#1058=FACE_OUTER_BOUND('',#1680,.T.);
#1059=FACE_OUTER_BOUND('',#1681,.T.);
#1060=FACE_OUTER_BOUND('',#1682,.T.);
#1061=FACE_OUTER_BOUND('',#1683,.T.);
#1062=FACE_OUTER_BOUND('',#1684,.T.);
#1063=FACE_OUTER_BOUND('',#1685,.T.);
#1064=FACE_OUTER_BOUND('',#1686,.T.);
#1065=FACE_OUTER_BOUND('',#1687,.T.);
#1066=FACE_OUTER_BOUND('',#1690,.T.);
#1067=FACE_OUTER_BOUND('',#1691,.T.);
#1068=FACE_OUTER_BOUND('',#1692,.T.);
#1069=FACE_OUTER_BOUND('',#1693,.T.);
#1070=FACE_OUTER_BOUND('',#1694,.T.);
#1071=FACE_OUTER_BOUND('',#1695,.T.);
#1072=FACE_OUTER_BOUND('',#1696,.T.);
#1073=FACE_OUTER_BOUND('',#1697,.T.);
#1074=FACE_OUTER_BOUND('',#1698,.T.);
#1075=FACE_OUTER_BOUND('',#1699,.T.);
#1076=FACE_OUTER_BOUND('',#1700,.T.);
#1077=FACE_OUTER_BOUND('',#1701,.T.);
#1078=FACE_OUTER_BOUND('',#1702,.T.);
#1079=FACE_OUTER_BOUND('',#1703,.T.);
#1080=FACE_OUTER_BOUND('',#1704,.T.);
#1081=FACE_OUTER_BOUND('',#1705,.T.);
#1082=FACE_OUTER_BOUND('',#1706,.T.);
#1083=FACE_OUTER_BOUND('',#1707,.T.);
#1084=FACE_OUTER_BOUND('',#1708,.T.);
#1085=FACE_OUTER_BOUND('',#1709,.T.);
#1086=FACE_OUTER_BOUND('',#1710,.T.);
#1087=FACE_OUTER_BOUND('',#1711,.T.);
#1088=FACE_OUTER_BOUND('',#1712,.T.);
#1089=FACE_OUTER_BOUND('',#1713,.T.);
#1090=FACE_OUTER_BOUND('',#1714,.T.);
#1091=FACE_OUTER_BOUND('',#1715,.T.);
#1092=FACE_OUTER_BOUND('',#1716,.T.);
#1093=FACE_OUTER_BOUND('',#1717,.T.);
#1094=FACE_OUTER_BOUND('',#1718,.T.);
#1095=FACE_OUTER_BOUND('',#1719,.T.);
#1096=FACE_OUTER_BOUND('',#1720,.T.);
#1097=FACE_OUTER_BOUND('',#1721,.T.);
#1098=FACE_OUTER_BOUND('',#1722,.T.);
#1099=FACE_OUTER_BOUND('',#1723,.T.);
#1100=FACE_OUTER_BOUND('',#1724,.T.);
#1101=FACE_OUTER_BOUND('',#1725,.T.);
#1102=FACE_OUTER_BOUND('',#1726,.T.);
#1103=FACE_OUTER_BOUND('',#1728,.T.);
#1104=FACE_OUTER_BOUND('',#1729,.T.);
#1105=FACE_OUTER_BOUND('',#1730,.T.);
#1106=FACE_OUTER_BOUND('',#1731,.T.);
#1107=FACE_OUTER_BOUND('',#1732,.T.);
#1108=FACE_OUTER_BOUND('',#1733,.T.);
#1109=FACE_OUTER_BOUND('',#1734,.T.);
#1110=FACE_OUTER_BOUND('',#1735,.T.);
#1111=FACE_OUTER_BOUND('',#1736,.T.);
#1112=FACE_OUTER_BOUND('',#1737,.T.);
#1113=FACE_OUTER_BOUND('',#1738,.T.);
#1114=FACE_OUTER_BOUND('',#1739,.T.);
#1115=FACE_OUTER_BOUND('',#1740,.T.);
#1116=FACE_OUTER_BOUND('',#1741,.T.);
#1117=FACE_OUTER_BOUND('',#1742,.T.);
#1118=FACE_OUTER_BOUND('',#1743,.T.);
#1119=FACE_OUTER_BOUND('',#1744,.T.);
#1120=FACE_OUTER_BOUND('',#1745,.T.);
#1121=FACE_OUTER_BOUND('',#1746,.T.);
#1122=FACE_OUTER_BOUND('',#1747,.T.);
#1123=FACE_OUTER_BOUND('',#1748,.T.);
#1124=FACE_OUTER_BOUND('',#1749,.T.);
#1125=FACE_OUTER_BOUND('',#1750,.T.);
#1126=FACE_OUTER_BOUND('',#1751,.T.);
#1127=FACE_OUTER_BOUND('',#1752,.T.);
#1128=FACE_OUTER_BOUND('',#1753,.T.);
#1129=FACE_OUTER_BOUND('',#1754,.T.);
#1130=FACE_OUTER_BOUND('',#1755,.T.);
#1131=FACE_OUTER_BOUND('',#1756,.T.);
#1132=FACE_OUTER_BOUND('',#1757,.T.);
#1133=FACE_OUTER_BOUND('',#1758,.T.);
#1134=FACE_OUTER_BOUND('',#1759,.T.);
#1135=FACE_OUTER_BOUND('',#1760,.T.);
#1136=FACE_OUTER_BOUND('',#1761,.T.);
#1137=FACE_OUTER_BOUND('',#1762,.T.);
#1138=FACE_OUTER_BOUND('',#1763,.T.);
#1139=FACE_OUTER_BOUND('',#1764,.T.);
#1140=FACE_OUTER_BOUND('',#1765,.T.);
#1141=FACE_OUTER_BOUND('',#1766,.T.);
#1142=FACE_OUTER_BOUND('',#1767,.T.);
#1143=FACE_OUTER_BOUND('',#1768,.T.);
#1144=FACE_OUTER_BOUND('',#1769,.T.);
#1145=FACE_OUTER_BOUND('',#1770,.T.);
#1146=FACE_OUTER_BOUND('',#1771,.T.);
#1147=FACE_OUTER_BOUND('',#1772,.T.);
#1148=FACE_OUTER_BOUND('',#1773,.T.);
#1149=FACE_OUTER_BOUND('',#1774,.T.);
#1150=FACE_OUTER_BOUND('',#1775,.T.);
#1151=FACE_OUTER_BOUND('',#1776,.T.);
#1152=FACE_OUTER_BOUND('',#1777,.T.);
#1153=FACE_OUTER_BOUND('',#1778,.T.);
#1154=FACE_OUTER_BOUND('',#1779,.T.);
#1155=FACE_OUTER_BOUND('',#1780,.T.);
#1156=FACE_OUTER_BOUND('',#1781,.T.);
#1157=FACE_OUTER_BOUND('',#1782,.T.);
#1158=FACE_OUTER_BOUND('',#1783,.T.);
#1159=FACE_OUTER_BOUND('',#1784,.T.);
#1160=FACE_OUTER_BOUND('',#1785,.T.);
#1161=FACE_OUTER_BOUND('',#1786,.T.);
#1162=FACE_OUTER_BOUND('',#1787,.T.);
#1163=FACE_OUTER_BOUND('',#1788,.T.);
#1164=FACE_OUTER_BOUND('',#1789,.T.);
#1165=FACE_OUTER_BOUND('',#1790,.T.);
#1166=FACE_OUTER_BOUND('',#1791,.T.);
#1167=FACE_OUTER_BOUND('',#1792,.T.);
#1168=FACE_OUTER_BOUND('',#1793,.T.);
#1169=FACE_OUTER_BOUND('',#1794,.T.);
#1170=FACE_OUTER_BOUND('',#1795,.T.);
#1171=FACE_OUTER_BOUND('',#1796,.T.);
#1172=FACE_OUTER_BOUND('',#1797,.T.);
#1173=FACE_OUTER_BOUND('',#1798,.T.);
#1174=FACE_OUTER_BOUND('',#1799,.T.);
#1175=FACE_OUTER_BOUND('',#1800,.T.);
#1176=FACE_OUTER_BOUND('',#1801,.T.);
#1177=FACE_OUTER_BOUND('',#1802,.T.);
#1178=FACE_OUTER_BOUND('',#1803,.T.);
#1179=FACE_OUTER_BOUND('',#1804,.T.);
#1180=FACE_OUTER_BOUND('',#1805,.T.);
#1181=FACE_OUTER_BOUND('',#1806,.T.);
#1182=FACE_OUTER_BOUND('',#1807,.T.);
#1183=FACE_OUTER_BOUND('',#1808,.T.);
#1184=FACE_OUTER_BOUND('',#1809,.T.);
#1185=FACE_OUTER_BOUND('',#1810,.T.);
#1186=FACE_OUTER_BOUND('',#1811,.T.);
#1187=FACE_OUTER_BOUND('',#1812,.T.);
#1188=FACE_OUTER_BOUND('',#1813,.T.);
#1189=FACE_OUTER_BOUND('',#1814,.T.);
#1190=FACE_OUTER_BOUND('',#1815,.T.);
#1191=FACE_OUTER_BOUND('',#1816,.T.);
#1192=FACE_OUTER_BOUND('',#1817,.T.);
#1193=FACE_OUTER_BOUND('',#1818,.T.);
#1194=FACE_OUTER_BOUND('',#1819,.T.);
#1195=FACE_OUTER_BOUND('',#1820,.T.);
#1196=FACE_OUTER_BOUND('',#1821,.T.);
#1197=FACE_OUTER_BOUND('',#1822,.T.);
#1198=FACE_OUTER_BOUND('',#1823,.T.);
#1199=FACE_OUTER_BOUND('',#1824,.T.);
#1200=FACE_OUTER_BOUND('',#1825,.T.);
#1201=FACE_OUTER_BOUND('',#1826,.T.);
#1202=FACE_OUTER_BOUND('',#1827,.T.);
#1203=FACE_OUTER_BOUND('',#1828,.T.);
#1204=FACE_OUTER_BOUND('',#1829,.T.);
#1205=FACE_OUTER_BOUND('',#1830,.T.);
#1206=FACE_OUTER_BOUND('',#1831,.T.);
#1207=FACE_OUTER_BOUND('',#1832,.T.);
#1208=FACE_OUTER_BOUND('',#1833,.T.);
#1209=FACE_OUTER_BOUND('',#1834,.T.);
#1210=FACE_OUTER_BOUND('',#1835,.T.);
#1211=FACE_OUTER_BOUND('',#1836,.T.);
#1212=FACE_OUTER_BOUND('',#1837,.T.);
#1213=FACE_OUTER_BOUND('',#1838,.T.);
#1214=FACE_OUTER_BOUND('',#1839,.T.);
#1215=FACE_OUTER_BOUND('',#1840,.T.);
#1216=FACE_OUTER_BOUND('',#1841,.T.);
#1217=FACE_OUTER_BOUND('',#1842,.T.);
#1218=FACE_OUTER_BOUND('',#1843,.T.);
#1219=FACE_OUTER_BOUND('',#1844,.T.);
#1220=FACE_OUTER_BOUND('',#1845,.T.);
#1221=FACE_OUTER_BOUND('',#1846,.T.);
#1222=FACE_OUTER_BOUND('',#1847,.T.);
#1223=FACE_OUTER_BOUND('',#1848,.T.);
#1224=FACE_OUTER_BOUND('',#1849,.T.);
#1225=FACE_OUTER_BOUND('',#1850,.T.);
#1226=FACE_OUTER_BOUND('',#1851,.T.);
#1227=FACE_OUTER_BOUND('',#1852,.T.);
#1228=FACE_OUTER_BOUND('',#1853,.T.);
#1229=FACE_OUTER_BOUND('',#1854,.T.);
#1230=FACE_OUTER_BOUND('',#1855,.T.);
#1231=FACE_OUTER_BOUND('',#1856,.T.);
#1232=FACE_OUTER_BOUND('',#1857,.T.);
#1233=FACE_OUTER_BOUND('',#1858,.T.);
#1234=FACE_OUTER_BOUND('',#1859,.T.);
#1235=FACE_OUTER_BOUND('',#1860,.T.);
#1236=FACE_OUTER_BOUND('',#1861,.T.);
#1237=FACE_OUTER_BOUND('',#1862,.T.);
#1238=FACE_OUTER_BOUND('',#1863,.T.);
#1239=FACE_OUTER_BOUND('',#1864,.T.);
#1240=FACE_OUTER_BOUND('',#1865,.T.);
#1241=FACE_OUTER_BOUND('',#1866,.T.);
#1242=FACE_OUTER_BOUND('',#1867,.T.);
#1243=FACE_OUTER_BOUND('',#1868,.T.);
#1244=FACE_OUTER_BOUND('',#1869,.T.);
#1245=FACE_OUTER_BOUND('',#1870,.T.);
#1246=FACE_OUTER_BOUND('',#1871,.T.);
#1247=FACE_OUTER_BOUND('',#1872,.T.);
#1248=FACE_OUTER_BOUND('',#1873,.T.);
#1249=FACE_OUTER_BOUND('',#1874,.T.);
#1250=FACE_OUTER_BOUND('',#1875,.T.);
#1251=FACE_OUTER_BOUND('',#1876,.T.);
#1252=FACE_OUTER_BOUND('',#1877,.T.);
#1253=FACE_OUTER_BOUND('',#1878,.T.);
#1254=FACE_OUTER_BOUND('',#1879,.T.);
#1255=FACE_OUTER_BOUND('',#1880,.T.);
#1256=FACE_OUTER_BOUND('',#1881,.T.);
#1257=FACE_OUTER_BOUND('',#1882,.T.);
#1258=FACE_OUTER_BOUND('',#1883,.T.);
#1259=FACE_OUTER_BOUND('',#1884,.T.);
#1260=FACE_OUTER_BOUND('',#1885,.T.);
#1261=FACE_OUTER_BOUND('',#1886,.T.);
#1262=FACE_OUTER_BOUND('',#1887,.T.);
#1263=FACE_OUTER_BOUND('',#1888,.T.);
#1264=FACE_OUTER_BOUND('',#1889,.T.);
#1265=FACE_OUTER_BOUND('',#1890,.T.);
#1266=FACE_OUTER_BOUND('',#1891,.T.);
#1267=FACE_OUTER_BOUND('',#1892,.T.);
#1268=FACE_OUTER_BOUND('',#1893,.T.);
#1269=FACE_OUTER_BOUND('',#1894,.T.);
#1270=FACE_OUTER_BOUND('',#1895,.T.);
#1271=FACE_OUTER_BOUND('',#1896,.T.);
#1272=FACE_OUTER_BOUND('',#1897,.T.);
#1273=FACE_OUTER_BOUND('',#1898,.T.);
#1274=FACE_OUTER_BOUND('',#1899,.T.);
#1275=FACE_OUTER_BOUND('',#1901,.T.);
#1276=FACE_OUTER_BOUND('',#1902,.T.);
#1277=FACE_OUTER_BOUND('',#1904,.T.);
#1278=FACE_OUTER_BOUND('',#1905,.T.);
#1279=FACE_OUTER_BOUND('',#1906,.T.);
#1280=FACE_OUTER_BOUND('',#1907,.T.);
#1281=FACE_OUTER_BOUND('',#1908,.T.);
#1282=FACE_OUTER_BOUND('',#1909,.T.);
#1283=FACE_OUTER_BOUND('',#1910,.T.);
#1284=FACE_OUTER_BOUND('',#1911,.T.);
#1285=FACE_OUTER_BOUND('',#1912,.T.);
#1286=FACE_OUTER_BOUND('',#1913,.T.);
#1287=FACE_OUTER_BOUND('',#1914,.T.);
#1288=FACE_OUTER_BOUND('',#1915,.T.);
#1289=FACE_OUTER_BOUND('',#1916,.T.);
#1290=FACE_OUTER_BOUND('',#1917,.T.);
#1291=FACE_OUTER_BOUND('',#1918,.T.);
#1292=FACE_OUTER_BOUND('',#1919,.T.);
#1293=FACE_OUTER_BOUND('',#1920,.T.);
#1294=FACE_OUTER_BOUND('',#1921,.T.);
#1295=FACE_OUTER_BOUND('',#1922,.T.);
#1296=FACE_OUTER_BOUND('',#1923,.T.);
#1297=FACE_OUTER_BOUND('',#1924,.T.);
#1298=FACE_OUTER_BOUND('',#1925,.T.);
#1299=FACE_OUTER_BOUND('',#1926,.T.);
#1300=FACE_OUTER_BOUND('',#1927,.T.);
#1301=FACE_OUTER_BOUND('',#1928,.T.);
#1302=FACE_OUTER_BOUND('',#1929,.T.);
#1303=FACE_OUTER_BOUND('',#1930,.T.);
#1304=FACE_OUTER_BOUND('',#1931,.T.);
#1305=FACE_OUTER_BOUND('',#1932,.T.);
#1306=FACE_OUTER_BOUND('',#1933,.T.);
#1307=FACE_OUTER_BOUND('',#1934,.T.);
#1308=EDGE_LOOP('',(#6708,#6709,#6710,#6711));
#1309=EDGE_LOOP('',(#6712,#6713,#6714,#6715,#6716,#6717));
#1310=EDGE_LOOP('',(#6718));
#1311=EDGE_LOOP('',(#6719));
#1312=EDGE_LOOP('',(#6720));
#1313=EDGE_LOOP('',(#6721));
#1314=EDGE_LOOP('',(#6722,#6723,#6724,#6725,#6726));
#1315=EDGE_LOOP('',(#6727,#6728,#6729,#6730,#6731,#6732));
#1316=EDGE_LOOP('',(#6733,#6734,#6735,#6736,#6737));
#1317=EDGE_LOOP('',(#6738,#6739,#6740,#6741,#6742,#6743));
#1318=EDGE_LOOP('',(#6744));
#1319=EDGE_LOOP('',(#6745));
#1320=EDGE_LOOP('',(#6746));
#1321=EDGE_LOOP('',(#6747,#6748,#6749,#6750));
#1322=EDGE_LOOP('',(#6751,#6752,#6753,#6754));
#1323=EDGE_LOOP('',(#6755));
#1324=EDGE_LOOP('',(#6756,#6757,#6758,#6759,#6760,#6761));
#1325=EDGE_LOOP('',(#6762,#6763,#6764,#6765));
#1326=EDGE_LOOP('',(#6766,#6767,#6768,#6769));
#1327=EDGE_LOOP('',(#6770,#6771,#6772,#6773));
#1328=EDGE_LOOP('',(#6774,#6775,#6776,#6777,#6778,#6779));
#1329=EDGE_LOOP('',(#6780,#6781,#6782,#6783));
#1330=EDGE_LOOP('',(#6784,#6785,#6786,#6787));
#1331=EDGE_LOOP('',(#6788,#6789,#6790,#6791));
#1332=EDGE_LOOP('',(#6792));
#1333=EDGE_LOOP('',(#6793));
#1334=EDGE_LOOP('',(#6794));
#1335=EDGE_LOOP('',(#6795,#6796,#6797,#6798));
#1336=EDGE_LOOP('',(#6799,#6800,#6801,#6802));
#1337=EDGE_LOOP('',(#6803));
#1338=EDGE_LOOP('',(#6804,#6805,#6806,#6807,#6808,#6809));
#1339=EDGE_LOOP('',(#6810,#6811,#6812,#6813));
#1340=EDGE_LOOP('',(#6814,#6815,#6816,#6817));
#1341=EDGE_LOOP('',(#6818,#6819,#6820,#6821));
#1342=EDGE_LOOP('',(#6822,#6823,#6824,#6825,#6826,#6827));
#1343=EDGE_LOOP('',(#6828,#6829,#6830,#6831));
#1344=EDGE_LOOP('',(#6832,#6833,#6834,#6835));
#1345=EDGE_LOOP('',(#6836,#6837,#6838,#6839));
#1346=EDGE_LOOP('',(#6840,#6841,#6842,#6843));
#1347=EDGE_LOOP('',(#6844,#6845,#6846,#6847));
#1348=EDGE_LOOP('',(#6848,#6849,#6850,#6851));
#1349=EDGE_LOOP('',(#6852));
#1350=EDGE_LOOP('',(#6853));
#1351=EDGE_LOOP('',(#6854,#6855,#6856,#6857,#6858,#6859,#6860,#6861,#6862,
#6863,#6864,#6865,#6866,#6867,#6868,#6869));
#1352=EDGE_LOOP('',(#6870));
#1353=EDGE_LOOP('',(#6871,#6872,#6873,#6874));
#1354=EDGE_LOOP('',(#6875,#6876,#6877,#6878));
#1355=EDGE_LOOP('',(#6879,#6880,#6881,#6882));
#1356=EDGE_LOOP('',(#6883,#6884,#6885,#6886));
#1357=EDGE_LOOP('',(#6887,#6888,#6889,#6890));
#1358=EDGE_LOOP('',(#6891,#6892,#6893,#6894));
#1359=EDGE_LOOP('',(#6895,#6896,#6897,#6898));
#1360=EDGE_LOOP('',(#6899,#6900,#6901,#6902,#6903,#6904,#6905,#6906,#6907,
#6908,#6909,#6910,#6911,#6912,#6913,#6914,#6915,#6916,#6917,#6918,#6919,
#6920,#6921,#6922,#6923,#6924,#6925,#6926,#6927,#6928,#6929,#6930,#6931,
#6932,#6933,#6934,#6935,#6936,#6937,#6938,#6939,#6940,#6941,#6942,#6943,
#6944,#6945,#6946,#6947,#6948,#6949,#6950,#6951,#6952,#6953));
#1361=EDGE_LOOP('',(#6954));
#1362=EDGE_LOOP('',(#6955));
#1363=EDGE_LOOP('',(#6956));
#1364=EDGE_LOOP('',(#6957));
#1365=EDGE_LOOP('',(#6958));
#1366=EDGE_LOOP('',(#6959));
#1367=EDGE_LOOP('',(#6960,#6961,#6962,#6963,#6964,#6965,#6966,#6967,#6968,
#6969,#6970,#6971));
#1368=EDGE_LOOP('',(#6972));
#1369=EDGE_LOOP('',(#6973));
#1370=EDGE_LOOP('',(#6974));
#1371=EDGE_LOOP('',(#6975,#6976,#6977,#6978,#6979));
#1372=EDGE_LOOP('',(#6980));
#1373=EDGE_LOOP('',(#6981));
#1374=EDGE_LOOP('',(#6982,#6983,#6984,#6985,#6986));
#1375=EDGE_LOOP('',(#6987,#6988,#6989,#6990,#6991,#6992,#6993,#6994));
#1376=EDGE_LOOP('',(#6995,#6996,#6997,#6998));
#1377=EDGE_LOOP('',(#6999,#7000,#7001,#7002,#7003,#7004,#7005,#7006,#7007,
#7008,#7009,#7010,#7011,#7012,#7013,#7014,#7015,#7016,#7017,#7018,#7019,
#7020,#7021,#7022,#7023,#7024,#7025,#7026,#7027,#7028,#7029,#7030,#7031,
#7032,#7033,#7034,#7035,#7036,#7037,#7038,#7039,#7040,#7041,#7042,#7043,
#7044,#7045,#7046,#7047,#7048,#7049,#7050,#7051,#7052,#7053));
#1378=EDGE_LOOP('',(#7054));
#1379=EDGE_LOOP('',(#7055));
#1380=EDGE_LOOP('',(#7056));
#1381=EDGE_LOOP('',(#7057));
#1382=EDGE_LOOP('',(#7058));
#1383=EDGE_LOOP('',(#7059));
#1384=EDGE_LOOP('',(#7060,#7061,#7062,#7063));
#1385=EDGE_LOOP('',(#7064,#7065,#7066,#7067));
#1386=EDGE_LOOP('',(#7068,#7069,#7070,#7071));
#1387=EDGE_LOOP('',(#7072,#7073,#7074,#7075));
#1388=EDGE_LOOP('',(#7076,#7077,#7078,#7079));
#1389=EDGE_LOOP('',(#7080,#7081,#7082,#7083));
#1390=EDGE_LOOP('',(#7084,#7085,#7086,#7087));
#1391=EDGE_LOOP('',(#7088,#7089,#7090,#7091));
#1392=EDGE_LOOP('',(#7092,#7093,#7094,#7095));
#1393=EDGE_LOOP('',(#7096,#7097,#7098,#7099));
#1394=EDGE_LOOP('',(#7100,#7101,#7102,#7103));
#1395=EDGE_LOOP('',(#7104,#7105,#7106,#7107));
#1396=EDGE_LOOP('',(#7108,#7109,#7110,#7111));
#1397=EDGE_LOOP('',(#7112,#7113,#7114,#7115,#7116,#7117,#7118));
#1398=EDGE_LOOP('',(#7119));
#1399=EDGE_LOOP('',(#7120));
#1400=EDGE_LOOP('',(#7121,#7122,#7123,#7124,#7125,#7126,#7127));
#1401=EDGE_LOOP('',(#7128));
#1402=EDGE_LOOP('',(#7129));
#1403=EDGE_LOOP('',(#7130));
#1404=EDGE_LOOP('',(#7131));
#1405=EDGE_LOOP('',(#7132));
#1406=EDGE_LOOP('',(#7133));
#1407=EDGE_LOOP('',(#7134,#7135,#7136,#7137));
#1408=EDGE_LOOP('',(#7138,#7139,#7140,#7141));
#1409=EDGE_LOOP('',(#7142,#7143,#7144,#7145));
#1410=EDGE_LOOP('',(#7146,#7147,#7148,#7149,#7150));
#1411=EDGE_LOOP('',(#7151,#7152,#7153,#7154,#7155));
#1412=EDGE_LOOP('',(#7156,#7157,#7158,#7159));
#1413=EDGE_LOOP('',(#7160,#7161,#7162,#7163));
#1414=EDGE_LOOP('',(#7164,#7165,#7166,#7167));
#1415=EDGE_LOOP('',(#7168,#7169,#7170,#7171));
#1416=EDGE_LOOP('',(#7172,#7173,#7174,#7175));
#1417=EDGE_LOOP('',(#7176,#7177,#7178,#7179,#7180,#7181));
#1418=EDGE_LOOP('',(#7182,#7183,#7184,#7185));
#1419=EDGE_LOOP('',(#7186,#7187,#7188,#7189,#7190,#7191,#7192,#7193,#7194,
#7195,#7196,#7197,#7198,#7199,#7200,#7201,#7202,#7203,#7204,#7205,#7206,
#7207,#7208,#7209,#7210,#7211,#7212,#7213,#7214));
#1420=EDGE_LOOP('',(#7215));
#1421=EDGE_LOOP('',(#7216,#7217,#7218,#7219));
#1422=EDGE_LOOP('',(#7220,#7221,#7222,#7223));
#1423=EDGE_LOOP('',(#7224,#7225,#7226,#7227));
#1424=EDGE_LOOP('',(#7228,#7229,#7230,#7231));
#1425=EDGE_LOOP('',(#7232,#7233,#7234,#7235));
#1426=EDGE_LOOP('',(#7236,#7237,#7238,#7239));
#1427=EDGE_LOOP('',(#7240,#7241,#7242,#7243));
#1428=EDGE_LOOP('',(#7244));
#1429=EDGE_LOOP('',(#7245));
#1430=EDGE_LOOP('',(#7246,#7247,#7248,#7249));
#1431=EDGE_LOOP('',(#7250));
#1432=EDGE_LOOP('',(#7251));
#1433=EDGE_LOOP('',(#7252,#7253,#7254,#7255));
#1434=EDGE_LOOP('',(#7256));
#1435=EDGE_LOOP('',(#7257));
#1436=EDGE_LOOP('',(#7258,#7259,#7260,#7261));
#1437=EDGE_LOOP('',(#7262));
#1438=EDGE_LOOP('',(#7263));
#1439=EDGE_LOOP('',(#7264,#7265,#7266,#7267));
#1440=EDGE_LOOP('',(#7268));
#1441=EDGE_LOOP('',(#7269));
#1442=EDGE_LOOP('',(#7270,#7271,#7272,#7273));
#1443=EDGE_LOOP('',(#7274));
#1444=EDGE_LOOP('',(#7275));
#1445=EDGE_LOOP('',(#7276,#7277,#7278,#7279));
#1446=EDGE_LOOP('',(#7280,#7281,#7282,#7283));
#1447=EDGE_LOOP('',(#7284));
#1448=EDGE_LOOP('',(#7285));
#1449=EDGE_LOOP('',(#7286,#7287,#7288,#7289));
#1450=EDGE_LOOP('',(#7290));
#1451=EDGE_LOOP('',(#7291));
#1452=EDGE_LOOP('',(#7292,#7293,#7294,#7295));
#1453=EDGE_LOOP('',(#7296));
#1454=EDGE_LOOP('',(#7297));
#1455=EDGE_LOOP('',(#7298,#7299,#7300,#7301));
#1456=EDGE_LOOP('',(#7302));
#1457=EDGE_LOOP('',(#7303));
#1458=EDGE_LOOP('',(#7304,#7305,#7306,#7307));
#1459=EDGE_LOOP('',(#7308));
#1460=EDGE_LOOP('',(#7309));
#1461=EDGE_LOOP('',(#7310,#7311,#7312,#7313));
#1462=EDGE_LOOP('',(#7314));
#1463=EDGE_LOOP('',(#7315));
#1464=EDGE_LOOP('',(#7316,#7317,#7318,#7319,#7320,#7321,#7322,#7323,#7324,
#7325,#7326,#7327,#7328,#7329,#7330,#7331,#7332,#7333,#7334,#7335,#7336,
#7337,#7338,#7339,#7340,#7341,#7342,#7343,#7344));
#1465=EDGE_LOOP('',(#7345));
#1466=EDGE_LOOP('',(#7346,#7347,#7348,#7349));
#1467=EDGE_LOOP('',(#7350,#7351,#7352,#7353));
#1468=EDGE_LOOP('',(#7354,#7355,#7356,#7357));
#1469=EDGE_LOOP('',(#7358,#7359,#7360,#7361));
#1470=EDGE_LOOP('',(#7362,#7363,#7364,#7365));
#1471=EDGE_LOOP('',(#7366,#7367,#7368,#7369));
#1472=EDGE_LOOP('',(#7370,#7371,#7372,#7373));
#1473=EDGE_LOOP('',(#7374,#7375,#7376,#7377));
#1474=EDGE_LOOP('',(#7378,#7379,#7380,#7381));
#1475=EDGE_LOOP('',(#7382,#7383,#7384,#7385));
#1476=EDGE_LOOP('',(#7386,#7387,#7388,#7389));
#1477=EDGE_LOOP('',(#7390,#7391,#7392,#7393));
#1478=EDGE_LOOP('',(#7394,#7395,#7396,#7397));
#1479=EDGE_LOOP('',(#7398,#7399,#7400,#7401));
#1480=EDGE_LOOP('',(#7402,#7403,#7404,#7405));
#1481=EDGE_LOOP('',(#7406,#7407,#7408,#7409));
#1482=EDGE_LOOP('',(#7410,#7411,#7412,#7413));
#1483=EDGE_LOOP('',(#7414,#7415,#7416,#7417));
#1484=EDGE_LOOP('',(#7418,#7419,#7420,#7421));
#1485=EDGE_LOOP('',(#7422,#7423,#7424,#7425));
#1486=EDGE_LOOP('',(#7426,#7427,#7428,#7429));
#1487=EDGE_LOOP('',(#7430,#7431,#7432,#7433));
#1488=EDGE_LOOP('',(#7434,#7435,#7436,#7437));
#1489=EDGE_LOOP('',(#7438,#7439,#7440,#7441));
#1490=EDGE_LOOP('',(#7442,#7443,#7444,#7445));
#1491=EDGE_LOOP('',(#7446,#7447,#7448,#7449));
#1492=EDGE_LOOP('',(#7450,#7451,#7452,#7453));
#1493=EDGE_LOOP('',(#7454,#7455,#7456,#7457));
#1494=EDGE_LOOP('',(#7458,#7459,#7460,#7461));
#1495=EDGE_LOOP('',(#7462,#7463,#7464,#7465));
#1496=EDGE_LOOP('',(#7466,#7467,#7468,#7469));
#1497=EDGE_LOOP('',(#7470,#7471,#7472,#7473));
#1498=EDGE_LOOP('',(#7474,#7475,#7476,#7477));
#1499=EDGE_LOOP('',(#7478,#7479,#7480,#7481));
#1500=EDGE_LOOP('',(#7482,#7483,#7484,#7485));
#1501=EDGE_LOOP('',(#7486,#7487,#7488,#7489));
#1502=EDGE_LOOP('',(#7490,#7491,#7492,#7493));
#1503=EDGE_LOOP('',(#7494,#7495,#7496,#7497));
#1504=EDGE_LOOP('',(#7498,#7499,#7500,#7501));
#1505=EDGE_LOOP('',(#7502,#7503,#7504,#7505));
#1506=EDGE_LOOP('',(#7506,#7507,#7508,#7509));
#1507=EDGE_LOOP('',(#7510,#7511,#7512,#7513));
#1508=EDGE_LOOP('',(#7514,#7515,#7516,#7517));
#1509=EDGE_LOOP('',(#7518,#7519,#7520,#7521));
#1510=EDGE_LOOP('',(#7522,#7523,#7524,#7525));
#1511=EDGE_LOOP('',(#7526,#7527,#7528,#7529));
#1512=EDGE_LOOP('',(#7530,#7531,#7532,#7533));
#1513=EDGE_LOOP('',(#7534,#7535,#7536,#7537));
#1514=EDGE_LOOP('',(#7538,#7539,#7540,#7541));
#1515=EDGE_LOOP('',(#7542,#7543,#7544,#7545));
#1516=EDGE_LOOP('',(#7546,#7547,#7548,#7549));
#1517=EDGE_LOOP('',(#7550,#7551,#7552,#7553,#7554,#7555,#7556,#7557,#7558));
#1518=EDGE_LOOP('',(#7559,#7560,#7561,#7562));
#1519=EDGE_LOOP('',(#7563,#7564,#7565,#7566));
#1520=EDGE_LOOP('',(#7567,#7568,#7569,#7570,#7571,#7572,#7573));
#1521=EDGE_LOOP('',(#7574,#7575,#7576,#7577));
#1522=EDGE_LOOP('',(#7578,#7579,#7580,#7581));
#1523=EDGE_LOOP('',(#7582,#7583,#7584,#7585));
#1524=EDGE_LOOP('',(#7586,#7587,#7588,#7589));
#1525=EDGE_LOOP('',(#7590,#7591,#7592,#7593));
#1526=EDGE_LOOP('',(#7594,#7595,#7596,#7597));
#1527=EDGE_LOOP('',(#7598,#7599,#7600,#7601));
#1528=EDGE_LOOP('',(#7602,#7603,#7604,#7605));
#1529=EDGE_LOOP('',(#7606,#7607,#7608,#7609));
#1530=EDGE_LOOP('',(#7610,#7611,#7612,#7613,#7614,#7615,#7616,#7617));
#1531=EDGE_LOOP('',(#7618,#7619,#7620,#7621));
#1532=EDGE_LOOP('',(#7622,#7623,#7624,#7625));
#1533=EDGE_LOOP('',(#7626,#7627,#7628,#7629));
#1534=EDGE_LOOP('',(#7630,#7631,#7632,#7633));
#1535=EDGE_LOOP('',(#7634,#7635,#7636,#7637));
#1536=EDGE_LOOP('',(#7638,#7639,#7640,#7641));
#1537=EDGE_LOOP('',(#7642,#7643,#7644,#7645));
#1538=EDGE_LOOP('',(#7646,#7647,#7648,#7649,#7650));
#1539=EDGE_LOOP('',(#7651,#7652,#7653,#7654,#7655));
#1540=EDGE_LOOP('',(#7656,#7657,#7658,#7659,#7660,#7661));
#1541=EDGE_LOOP('',(#7662,#7663,#7664,#7665,#7666));
#1542=EDGE_LOOP('',(#7667,#7668,#7669,#7670));
#1543=EDGE_LOOP('',(#7671,#7672));
#1544=EDGE_LOOP('',(#7673));
#1545=EDGE_LOOP('',(#7674,#7675,#7676,#7677,#7678,#7679,#7680,#7681,#7682));
#1546=EDGE_LOOP('',(#7683,#7684,#7685,#7686,#7687,#7688));
#1547=EDGE_LOOP('',(#7689,#7690,#7691,#7692));
#1548=EDGE_LOOP('',(#7693,#7694,#7695,#7696,#7697));
#1549=EDGE_LOOP('',(#7698,#7699,#7700,#7701));
#1550=EDGE_LOOP('',(#7702,#7703,#7704));
#1551=EDGE_LOOP('',(#7705,#7706,#7707,#7708));
#1552=EDGE_LOOP('',(#7709,#7710,#7711,#7712));
#1553=EDGE_LOOP('',(#7713,#7714,#7715,#7716));
#1554=EDGE_LOOP('',(#7717,#7718,#7719,#7720));
#1555=EDGE_LOOP('',(#7721,#7722,#7723,#7724));
#1556=EDGE_LOOP('',(#7725,#7726,#7727,#7728));
#1557=EDGE_LOOP('',(#7729,#7730,#7731,#7732));
#1558=EDGE_LOOP('',(#7733,#7734,#7735,#7736));
#1559=EDGE_LOOP('',(#7737,#7738,#7739,#7740));
#1560=EDGE_LOOP('',(#7741,#7742,#7743,#7744));
#1561=EDGE_LOOP('',(#7745,#7746,#7747,#7748));
#1562=EDGE_LOOP('',(#7749,#7750,#7751,#7752));
#1563=EDGE_LOOP('',(#7753,#7754,#7755,#7756));
#1564=EDGE_LOOP('',(#7757,#7758,#7759,#7760));
#1565=EDGE_LOOP('',(#7761,#7762,#7763,#7764));
#1566=EDGE_LOOP('',(#7765,#7766,#7767));
#1567=EDGE_LOOP('',(#7768,#7769,#7770,#7771));
#1568=EDGE_LOOP('',(#7772,#7773,#7774,#7775));
#1569=EDGE_LOOP('',(#7776,#7777,#7778,#7779));
#1570=EDGE_LOOP('',(#7780,#7781,#7782,#7783));
#1571=EDGE_LOOP('',(#7784,#7785,#7786,#7787));
#1572=EDGE_LOOP('',(#7788,#7789,#7790,#7791,#7792,#7793,#7794,#7795,#7796,
#7797,#7798,#7799,#7800,#7801,#7802,#7803,#7804,#7805,#7806,#7807,#7808,
#7809,#7810,#7811,#7812,#7813));
#1573=EDGE_LOOP('',(#7814,#7815,#7816,#7817));
#1574=EDGE_LOOP('',(#7818,#7819,#7820,#7821));
#1575=EDGE_LOOP('',(#7822,#7823,#7824,#7825,#7826));
#1576=EDGE_LOOP('',(#7827,#7828,#7829,#7830));
#1577=EDGE_LOOP('',(#7831,#7832,#7833,#7834));
#1578=EDGE_LOOP('',(#7835,#7836,#7837,#7838));
#1579=EDGE_LOOP('',(#7839,#7840,#7841,#7842));
#1580=EDGE_LOOP('',(#7843,#7844,#7845,#7846));
#1581=EDGE_LOOP('',(#7847,#7848,#7849,#7850));
#1582=EDGE_LOOP('',(#7851,#7852,#7853,#7854));
#1583=EDGE_LOOP('',(#7855,#7856,#7857,#7858));
#1584=EDGE_LOOP('',(#7859,#7860,#7861,#7862));
#1585=EDGE_LOOP('',(#7863,#7864,#7865,#7866));
#1586=EDGE_LOOP('',(#7867,#7868,#7869,#7870));
#1587=EDGE_LOOP('',(#7871,#7872,#7873,#7874));
#1588=EDGE_LOOP('',(#7875,#7876,#7877,#7878));
#1589=EDGE_LOOP('',(#7879,#7880,#7881,#7882));
#1590=EDGE_LOOP('',(#7883,#7884,#7885,#7886));
#1591=EDGE_LOOP('',(#7887,#7888,#7889,#7890));
#1592=EDGE_LOOP('',(#7891,#7892,#7893,#7894));
#1593=EDGE_LOOP('',(#7895,#7896,#7897,#7898,#7899,#7900,#7901,#7902,#7903,
#7904,#7905,#7906,#7907,#7908,#7909,#7910,#7911,#7912,#7913,#7914));
#1594=EDGE_LOOP('',(#7915,#7916,#7917,#7918,#7919));
#1595=EDGE_LOOP('',(#7920,#7921,#7922,#7923));
#1596=EDGE_LOOP('',(#7924,#7925,#7926,#7927,#7928));
#1597=EDGE_LOOP('',(#7929,#7930,#7931,#7932,#7933,#7934,#7935,#7936,#7937,
#7938,#7939,#7940,#7941,#7942,#7943,#7944,#7945,#7946,#7947,#7948,#7949,
#7950));
#1598=EDGE_LOOP('',(#7951,#7952,#7953,#7954,#7955,#7956,#7957,#7958));
#1599=EDGE_LOOP('',(#7959,#7960,#7961,#7962,#7963,#7964,#7965,#7966));
#1600=EDGE_LOOP('',(#7967,#7968,#7969,#7970,#7971,#7972,#7973,#7974));
#1601=EDGE_LOOP('',(#7975,#7976,#7977,#7978,#7979,#7980,#7981,#7982));
#1602=EDGE_LOOP('',(#7983,#7984,#7985,#7986,#7987,#7988,#7989,#7990));
#1603=EDGE_LOOP('',(#7991,#7992,#7993,#7994,#7995,#7996,#7997,#7998,#7999));
#1604=EDGE_LOOP('',(#8000,#8001,#8002,#8003));
#1605=EDGE_LOOP('',(#8004,#8005,#8006,#8007,#8008,#8009,#8010,#8011,#8012));
#1606=EDGE_LOOP('',(#8013,#8014,#8015,#8016,#8017,#8018,#8019,#8020,#8021));
#1607=EDGE_LOOP('',(#8022,#8023,#8024,#8025));
#1608=EDGE_LOOP('',(#8026,#8027,#8028,#8029,#8030,#8031,#8032,#8033,#8034));
#1609=EDGE_LOOP('',(#8035,#8036,#8037,#8038,#8039,#8040,#8041));
#1610=EDGE_LOOP('',(#8042,#8043,#8044,#8045));
#1611=EDGE_LOOP('',(#8046,#8047,#8048,#8049,#8050,#8051,#8052,#8053,#8054));
#1612=EDGE_LOOP('',(#8055,#8056,#8057,#8058));
#1613=EDGE_LOOP('',(#8059,#8060,#8061,#8062,#8063,#8064,#8065,#8066,#8067));
#1614=EDGE_LOOP('',(#8068,#8069,#8070,#8071));
#1615=EDGE_LOOP('',(#8072,#8073,#8074,#8075,#8076,#8077,#8078,#8079,#8080));
#1616=EDGE_LOOP('',(#8081,#8082,#8083,#8084,#8085,#8086,#8087,#8088,#8089));
#1617=EDGE_LOOP('',(#8090,#8091,#8092,#8093));
#1618=EDGE_LOOP('',(#8094,#8095,#8096,#8097,#8098,#8099,#8100));
#1619=EDGE_LOOP('',(#8101,#8102,#8103,#8104,#8105,#8106,#8107,#8108,#8109));
#1620=EDGE_LOOP('',(#8110,#8111,#8112,#8113,#8114,#8115,#8116,#8117,#8118,
#8119,#8120,#8121,#8122,#8123,#8124,#8125,#8126,#8127,#8128,#8129,#8130,
#8131,#8132,#8133,#8134,#8135,#8136,#8137,#8138,#8139,#8140,#8141,#8142,
#8143,#8144,#8145,#8146,#8147,#8148,#8149,#8150));
#1621=EDGE_LOOP('',(#8151,#8152,#8153,#8154,#8155,#8156,#8157,#8158));
#1622=EDGE_LOOP('',(#8159,#8160,#8161,#8162,#8163,#8164,#8165,#8166));
#1623=EDGE_LOOP('',(#8167,#8168,#8169,#8170,#8171,#8172,#8173,#8174,#8175,
#8176,#8177,#8178));
#1624=EDGE_LOOP('',(#8179,#8180,#8181,#8182,#8183,#8184,#8185,#8186,#8187,
#8188));
#1625=EDGE_LOOP('',(#8189,#8190,#8191,#8192,#8193,#8194));
#1626=EDGE_LOOP('',(#8195,#8196,#8197,#8198,#8199,#8200,#8201,#8202,#8203,
#8204,#8205,#8206));
#1627=EDGE_LOOP('',(#8207,#8208,#8209,#8210,#8211,#8212,#8213,#8214,#8215,
#8216,#8217,#8218,#8219));
#1628=EDGE_LOOP('',(#8220,#8221,#8222,#8223,#8224,#8225));
#1629=EDGE_LOOP('',(#8226,#8227));
#1630=EDGE_LOOP('',(#8228,#8229,#8230,#8231,#8232,#8233));
#1631=EDGE_LOOP('',(#8234));
#1632=EDGE_LOOP('',(#8235));
#1633=EDGE_LOOP('',(#8236,#8237,#8238,#8239,#8240));
#1634=EDGE_LOOP('',(#8241,#8242,#8243,#8244,#8245));
#1635=EDGE_LOOP('',(#8246,#8247,#8248,#8249,#8250,#8251));
#1636=EDGE_LOOP('',(#8252,#8253,#8254,#8255,#8256,#8257,#8258));
#1637=EDGE_LOOP('',(#8259,#8260,#8261,#8262,#8263,#8264));
#1638=EDGE_LOOP('',(#8265,#8266,#8267,#8268));
#1639=EDGE_LOOP('',(#8269,#8270,#8271,#8272,#8273,#8274));
#1640=EDGE_LOOP('',(#8275,#8276,#8277,#8278,#8279));
#1641=EDGE_LOOP('',(#8280,#8281,#8282,#8283,#8284,#8285));
#1642=EDGE_LOOP('',(#8286,#8287,#8288,#8289));
#1643=EDGE_LOOP('',(#8290,#8291,#8292,#8293,#8294));
#1644=EDGE_LOOP('',(#8295,#8296,#8297,#8298));
#1645=EDGE_LOOP('',(#8299,#8300,#8301,#8302,#8303));
#1646=EDGE_LOOP('',(#8304,#8305,#8306,#8307));
#1647=EDGE_LOOP('',(#8308,#8309,#8310,#8311,#8312,#8313,#8314,#8315));
#1648=EDGE_LOOP('',(#8316,#8317,#8318,#8319,#8320));
#1649=EDGE_LOOP('',(#8321,#8322,#8323,#8324,#8325,#8326,#8327,#8328));
#1650=EDGE_LOOP('',(#8329,#8330,#8331,#8332,#8333));
#1651=EDGE_LOOP('',(#8334,#8335,#8336,#8337));
#1652=EDGE_LOOP('',(#8338,#8339,#8340,#8341));
#1653=EDGE_LOOP('',(#8342,#8343,#8344,#8345));
#1654=EDGE_LOOP('',(#8346,#8347,#8348,#8349));
#1655=EDGE_LOOP('',(#8350,#8351,#8352,#8353));
#1656=EDGE_LOOP('',(#8354,#8355,#8356,#8357));
#1657=EDGE_LOOP('',(#8358,#8359,#8360,#8361));
#1658=EDGE_LOOP('',(#8362,#8363,#8364,#8365));
#1659=EDGE_LOOP('',(#8366,#8367,#8368,#8369));
#1660=EDGE_LOOP('',(#8370,#8371,#8372,#8373,#8374,#8375,#8376,#8377));
#1661=EDGE_LOOP('',(#8378,#8379,#8380,#8381,#8382,#8383));
#1662=EDGE_LOOP('',(#8384,#8385,#8386,#8387,#8388,#8389,#8390,#8391,#8392,
#8393,#8394,#8395,#8396,#8397,#8398));
#1663=EDGE_LOOP('',(#8399,#8400,#8401,#8402,#8403));
#1664=EDGE_LOOP('',(#8404,#8405,#8406,#8407,#8408,#8409,#8410,#8411,#8412,
#8413,#8414,#8415));
#1665=EDGE_LOOP('',(#8416,#8417,#8418,#8419,#8420,#8421,#8422,#8423));
#1666=EDGE_LOOP('',(#8424,#8425,#8426,#8427,#8428,#8429));
#1667=EDGE_LOOP('',(#8430,#8431));
#1668=EDGE_LOOP('',(#8432));
#1669=EDGE_LOOP('',(#8433));
#1670=EDGE_LOOP('',(#8434,#8435,#8436,#8437,#8438,#8439));
#1671=EDGE_LOOP('',(#8440,#8441));
#1672=EDGE_LOOP('',(#8442));
#1673=EDGE_LOOP('',(#8443));
#1674=EDGE_LOOP('',(#8444,#8445,#8446,#8447,#8448,#8449));
#1675=EDGE_LOOP('',(#8450));
#1676=EDGE_LOOP('',(#8451));
#1677=EDGE_LOOP('',(#8452,#8453,#8454,#8455));
#1678=EDGE_LOOP('',(#8456,#8457,#8458,#8459,#8460));
#1679=EDGE_LOOP('',(#8461,#8462,#8463,#8464));
#1680=EDGE_LOOP('',(#8465,#8466,#8467,#8468,#8469,#8470,#8471,#8472));
#1681=EDGE_LOOP('',(#8473,#8474,#8475,#8476,#8477,#8478,#8479));
#1682=EDGE_LOOP('',(#8480,#8481,#8482,#8483,#8484));
#1683=EDGE_LOOP('',(#8485,#8486,#8487,#8488,#8489,#8490));
#1684=EDGE_LOOP('',(#8491,#8492,#8493,#8494,#8495,#8496));
#1685=EDGE_LOOP('',(#8497,#8498,#8499,#8500,#8501));
#1686=EDGE_LOOP('',(#8502,#8503,#8504,#8505,#8506,#8507,#8508,#8509,#8510,
#8511,#8512,#8513,#8514));
#1687=EDGE_LOOP('',(#8515,#8516,#8517,#8518,#8519,#8520,#8521,#8522));
#1688=EDGE_LOOP('',(#8523));
#1689=EDGE_LOOP('',(#8524));
#1690=EDGE_LOOP('',(#8525,#8526,#8527,#8528,#8529));
#1691=EDGE_LOOP('',(#8530,#8531,#8532,#8533));
#1692=EDGE_LOOP('',(#8534,#8535,#8536,#8537));
#1693=EDGE_LOOP('',(#8538,#8539,#8540,#8541,#8542));
#1694=EDGE_LOOP('',(#8543,#8544,#8545,#8546));
#1695=EDGE_LOOP('',(#8547,#8548,#8549,#8550,#8551));
#1696=EDGE_LOOP('',(#8552,#8553,#8554,#8555));
#1697=EDGE_LOOP('',(#8556,#8557,#8558,#8559,#8560,#8561,#8562,#8563));
#1698=EDGE_LOOP('',(#8564,#8565,#8566,#8567,#8568,#8569,#8570,#8571));
#1699=EDGE_LOOP('',(#8572,#8573,#8574,#8575));
#1700=EDGE_LOOP('',(#8576,#8577,#8578,#8579));
#1701=EDGE_LOOP('',(#8580,#8581,#8582,#8583));
#1702=EDGE_LOOP('',(#8584,#8585,#8586,#8587));
#1703=EDGE_LOOP('',(#8588,#8589,#8590,#8591));
#1704=EDGE_LOOP('',(#8592,#8593,#8594,#8595));
#1705=EDGE_LOOP('',(#8596,#8597,#8598,#8599));
#1706=EDGE_LOOP('',(#8600,#8601,#8602,#8603));
#1707=EDGE_LOOP('',(#8604,#8605,#8606,#8607,#8608,#8609,#8610,#8611,#8612,
#8613,#8614,#8615));
#1708=EDGE_LOOP('',(#8616,#8617,#8618,#8619));
#1709=EDGE_LOOP('',(#8620,#8621,#8622,#8623,#8624,#8625));
#1710=EDGE_LOOP('',(#8626,#8627,#8628,#8629));
#1711=EDGE_LOOP('',(#8630,#8631,#8632,#8633));
#1712=EDGE_LOOP('',(#8634,#8635,#8636,#8637,#8638,#8639));
#1713=EDGE_LOOP('',(#8640,#8641,#8642,#8643));
#1714=EDGE_LOOP('',(#8644,#8645,#8646,#8647));
#1715=EDGE_LOOP('',(#8648,#8649,#8650,#8651,#8652,#8653));
#1716=EDGE_LOOP('',(#8654,#8655,#8656,#8657));
#1717=EDGE_LOOP('',(#8658,#8659,#8660,#8661));
#1718=EDGE_LOOP('',(#8662,#8663,#8664,#8665));
#1719=EDGE_LOOP('',(#8666));
#1720=EDGE_LOOP('',(#8667,#8668,#8669,#8670));
#1721=EDGE_LOOP('',(#8671,#8672,#8673,#8674));
#1722=EDGE_LOOP('',(#8675,#8676,#8677,#8678));
#1723=EDGE_LOOP('',(#8679,#8680,#8681,#8682));
#1724=EDGE_LOOP('',(#8683,#8684,#8685,#8686));
#1725=EDGE_LOOP('',(#8687,#8688,#8689,#8690));
#1726=EDGE_LOOP('',(#8691,#8692,#8693,#8694));
#1727=EDGE_LOOP('',(#8695));
#1728=EDGE_LOOP('',(#8696,#8697,#8698,#8699));
#1729=EDGE_LOOP('',(#8700,#8701,#8702,#8703));
#1730=EDGE_LOOP('',(#8704,#8705,#8706,#8707));
#1731=EDGE_LOOP('',(#8708,#8709,#8710,#8711));
#1732=EDGE_LOOP('',(#8712,#8713,#8714,#8715));
#1733=EDGE_LOOP('',(#8716,#8717,#8718,#8719));
#1734=EDGE_LOOP('',(#8720,#8721,#8722,#8723));
#1735=EDGE_LOOP('',(#8724,#8725,#8726,#8727,#8728,#8729,#8730,#8731,#8732,
#8733,#8734,#8735));
#1736=EDGE_LOOP('',(#8736,#8737,#8738,#8739));
#1737=EDGE_LOOP('',(#8740,#8741,#8742,#8743));
#1738=EDGE_LOOP('',(#8744,#8745,#8746,#8747));
#1739=EDGE_LOOP('',(#8748,#8749,#8750,#8751));
#1740=EDGE_LOOP('',(#8752,#8753,#8754,#8755));
#1741=EDGE_LOOP('',(#8756,#8757,#8758,#8759));
#1742=EDGE_LOOP('',(#8760,#8761,#8762,#8763));
#1743=EDGE_LOOP('',(#8764,#8765,#8766,#8767));
#1744=EDGE_LOOP('',(#8768,#8769,#8770,#8771));
#1745=EDGE_LOOP('',(#8772,#8773,#8774,#8775));
#1746=EDGE_LOOP('',(#8776,#8777,#8778,#8779));
#1747=EDGE_LOOP('',(#8780,#8781,#8782,#8783));
#1748=EDGE_LOOP('',(#8784,#8785,#8786,#8787,#8788,#8789,#8790,#8791,#8792,
#8793,#8794,#8795));
#1749=EDGE_LOOP('',(#8796,#8797,#8798,#8799,#8800,#8801,#8802,#8803,#8804,
#8805,#8806,#8807));
#1750=EDGE_LOOP('',(#8808,#8809,#8810,#8811));
#1751=EDGE_LOOP('',(#8812,#8813,#8814,#8815));
#1752=EDGE_LOOP('',(#8816,#8817,#8818,#8819));
#1753=EDGE_LOOP('',(#8820,#8821,#8822,#8823));
#1754=EDGE_LOOP('',(#8824,#8825,#8826,#8827));
#1755=EDGE_LOOP('',(#8828,#8829,#8830,#8831));
#1756=EDGE_LOOP('',(#8832,#8833,#8834,#8835));
#1757=EDGE_LOOP('',(#8836,#8837,#8838,#8839));
#1758=EDGE_LOOP('',(#8840,#8841,#8842,#8843));
#1759=EDGE_LOOP('',(#8844,#8845,#8846,#8847));
#1760=EDGE_LOOP('',(#8848,#8849,#8850,#8851));
#1761=EDGE_LOOP('',(#8852,#8853,#8854,#8855));
#1762=EDGE_LOOP('',(#8856,#8857,#8858,#8859,#8860,#8861,#8862,#8863,#8864,
#8865,#8866,#8867));
#1763=EDGE_LOOP('',(#8868,#8869,#8870,#8871,#8872,#8873,#8874,#8875,#8876,
#8877,#8878,#8879));
#1764=EDGE_LOOP('',(#8880,#8881,#8882,#8883));
#1765=EDGE_LOOP('',(#8884,#8885,#8886,#8887));
#1766=EDGE_LOOP('',(#8888,#8889,#8890,#8891));
#1767=EDGE_LOOP('',(#8892,#8893,#8894,#8895));
#1768=EDGE_LOOP('',(#8896,#8897,#8898,#8899));
#1769=EDGE_LOOP('',(#8900,#8901,#8902,#8903));
#1770=EDGE_LOOP('',(#8904,#8905,#8906,#8907));
#1771=EDGE_LOOP('',(#8908,#8909,#8910,#8911));
#1772=EDGE_LOOP('',(#8912,#8913,#8914,#8915));
#1773=EDGE_LOOP('',(#8916,#8917,#8918,#8919));
#1774=EDGE_LOOP('',(#8920,#8921,#8922,#8923));
#1775=EDGE_LOOP('',(#8924,#8925,#8926,#8927));
#1776=EDGE_LOOP('',(#8928,#8929,#8930,#8931,#8932,#8933,#8934,#8935,#8936,
#8937,#8938,#8939));
#1777=EDGE_LOOP('',(#8940,#8941,#8942,#8943,#8944,#8945,#8946,#8947,#8948,
#8949,#8950,#8951));
#1778=EDGE_LOOP('',(#8952,#8953,#8954,#8955));
#1779=EDGE_LOOP('',(#8956,#8957,#8958,#8959));
#1780=EDGE_LOOP('',(#8960,#8961,#8962,#8963));
#1781=EDGE_LOOP('',(#8964,#8965,#8966,#8967));
#1782=EDGE_LOOP('',(#8968,#8969,#8970,#8971));
#1783=EDGE_LOOP('',(#8972,#8973,#8974,#8975));
#1784=EDGE_LOOP('',(#8976,#8977,#8978,#8979));
#1785=EDGE_LOOP('',(#8980,#8981,#8982,#8983));
#1786=EDGE_LOOP('',(#8984,#8985,#8986,#8987));
#1787=EDGE_LOOP('',(#8988,#8989,#8990,#8991));
#1788=EDGE_LOOP('',(#8992,#8993,#8994,#8995));
#1789=EDGE_LOOP('',(#8996,#8997,#8998,#8999));
#1790=EDGE_LOOP('',(#9000,#9001,#9002,#9003,#9004,#9005,#9006,#9007,#9008,
#9009,#9010,#9011));
#1791=EDGE_LOOP('',(#9012,#9013,#9014,#9015,#9016,#9017,#9018,#9019,#9020,
#9021,#9022,#9023));
#1792=EDGE_LOOP('',(#9024,#9025,#9026,#9027));
#1793=EDGE_LOOP('',(#9028,#9029,#9030,#9031));
#1794=EDGE_LOOP('',(#9032,#9033,#9034,#9035));
#1795=EDGE_LOOP('',(#9036,#9037,#9038,#9039));
#1796=EDGE_LOOP('',(#9040,#9041,#9042,#9043));
#1797=EDGE_LOOP('',(#9044,#9045,#9046,#9047));
#1798=EDGE_LOOP('',(#9048,#9049,#9050,#9051));
#1799=EDGE_LOOP('',(#9052,#9053,#9054,#9055));
#1800=EDGE_LOOP('',(#9056,#9057,#9058,#9059));
#1801=EDGE_LOOP('',(#9060,#9061,#9062,#9063));
#1802=EDGE_LOOP('',(#9064,#9065,#9066,#9067));
#1803=EDGE_LOOP('',(#9068,#9069,#9070,#9071));
#1804=EDGE_LOOP('',(#9072,#9073,#9074,#9075,#9076,#9077,#9078,#9079,#9080,
#9081,#9082,#9083));
#1805=EDGE_LOOP('',(#9084,#9085,#9086,#9087,#9088,#9089,#9090,#9091,#9092,
#9093,#9094,#9095));
#1806=EDGE_LOOP('',(#9096,#9097,#9098,#9099));
#1807=EDGE_LOOP('',(#9100,#9101,#9102,#9103));
#1808=EDGE_LOOP('',(#9104,#9105,#9106,#9107));
#1809=EDGE_LOOP('',(#9108,#9109,#9110,#9111));
#1810=EDGE_LOOP('',(#9112,#9113,#9114,#9115));
#1811=EDGE_LOOP('',(#9116,#9117,#9118,#9119));
#1812=EDGE_LOOP('',(#9120,#9121,#9122,#9123));
#1813=EDGE_LOOP('',(#9124,#9125,#9126,#9127));
#1814=EDGE_LOOP('',(#9128,#9129,#9130,#9131));
#1815=EDGE_LOOP('',(#9132,#9133,#9134,#9135));
#1816=EDGE_LOOP('',(#9136,#9137,#9138,#9139));
#1817=EDGE_LOOP('',(#9140,#9141,#9142,#9143));
#1818=EDGE_LOOP('',(#9144,#9145,#9146,#9147,#9148,#9149,#9150,#9151,#9152,
#9153,#9154,#9155));
#1819=EDGE_LOOP('',(#9156,#9157,#9158,#9159,#9160,#9161,#9162,#9163,#9164,
#9165,#9166,#9167));
#1820=EDGE_LOOP('',(#9168,#9169,#9170,#9171));
#1821=EDGE_LOOP('',(#9172,#9173,#9174,#9175));
#1822=EDGE_LOOP('',(#9176,#9177,#9178,#9179));
#1823=EDGE_LOOP('',(#9180,#9181,#9182,#9183));
#1824=EDGE_LOOP('',(#9184,#9185,#9186,#9187));
#1825=EDGE_LOOP('',(#9188,#9189,#9190,#9191));
#1826=EDGE_LOOP('',(#9192,#9193,#9194,#9195));
#1827=EDGE_LOOP('',(#9196,#9197,#9198,#9199));
#1828=EDGE_LOOP('',(#9200,#9201,#9202,#9203));
#1829=EDGE_LOOP('',(#9204,#9205,#9206,#9207));
#1830=EDGE_LOOP('',(#9208,#9209,#9210,#9211));
#1831=EDGE_LOOP('',(#9212,#9213,#9214,#9215));
#1832=EDGE_LOOP('',(#9216,#9217,#9218,#9219,#9220,#9221,#9222,#9223,#9224,
#9225,#9226,#9227));
#1833=EDGE_LOOP('',(#9228,#9229,#9230,#9231,#9232,#9233,#9234,#9235,#9236,
#9237,#9238,#9239));
#1834=EDGE_LOOP('',(#9240,#9241,#9242,#9243));
#1835=EDGE_LOOP('',(#9244,#9245,#9246,#9247));
#1836=EDGE_LOOP('',(#9248,#9249,#9250,#9251));
#1837=EDGE_LOOP('',(#9252,#9253,#9254,#9255));
#1838=EDGE_LOOP('',(#9256,#9257,#9258,#9259));
#1839=EDGE_LOOP('',(#9260,#9261,#9262,#9263));
#1840=EDGE_LOOP('',(#9264,#9265,#9266,#9267));
#1841=EDGE_LOOP('',(#9268,#9269,#9270,#9271));
#1842=EDGE_LOOP('',(#9272,#9273,#9274,#9275));
#1843=EDGE_LOOP('',(#9276,#9277,#9278,#9279));
#1844=EDGE_LOOP('',(#9280,#9281,#9282,#9283));
#1845=EDGE_LOOP('',(#9284,#9285,#9286,#9287));
#1846=EDGE_LOOP('',(#9288,#9289,#9290,#9291,#9292,#9293,#9294,#9295,#9296,
#9297,#9298,#9299));
#1847=EDGE_LOOP('',(#9300,#9301,#9302));
#1848=EDGE_LOOP('',(#9303,#9304,#9305));
#1849=EDGE_LOOP('',(#9306,#9307,#9308,#9309));
#1850=EDGE_LOOP('',(#9310,#9311,#9312));
#1851=EDGE_LOOP('',(#9313,#9314,#9315));
#1852=EDGE_LOOP('',(#9316,#9317,#9318));
#1853=EDGE_LOOP('',(#9319,#9320,#9321));
#1854=EDGE_LOOP('',(#9322,#9323,#9324,#9325));
#1855=EDGE_LOOP('',(#9326,#9327,#9328,#9329));
#1856=EDGE_LOOP('',(#9330,#9331,#9332));
#1857=EDGE_LOOP('',(#9333,#9334,#9335));
#1858=EDGE_LOOP('',(#9336,#9337,#9338,#9339));
#1859=EDGE_LOOP('',(#9340,#9341,#9342,#9343));
#1860=EDGE_LOOP('',(#9344,#9345,#9346,#9347));
#1861=EDGE_LOOP('',(#9348,#9349,#9350,#9351));
#1862=EDGE_LOOP('',(#9352,#9353,#9354,#9355));
#1863=EDGE_LOOP('',(#9356,#9357,#9358,#9359));
#1864=EDGE_LOOP('',(#9360,#9361,#9362,#9363));
#1865=EDGE_LOOP('',(#9364,#9365,#9366,#9367));
#1866=EDGE_LOOP('',(#9368,#9369,#9370,#9371));
#1867=EDGE_LOOP('',(#9372,#9373,#9374,#9375));
#1868=EDGE_LOOP('',(#9376,#9377,#9378,#9379));
#1869=EDGE_LOOP('',(#9380,#9381,#9382,#9383));
#1870=EDGE_LOOP('',(#9384,#9385,#9386,#9387));
#1871=EDGE_LOOP('',(#9388,#9389,#9390,#9391));
#1872=EDGE_LOOP('',(#9392,#9393,#9394));
#1873=EDGE_LOOP('',(#9395,#9396,#9397));
#1874=EDGE_LOOP('',(#9398,#9399,#9400,#9401));
#1875=EDGE_LOOP('',(#9402,#9403,#9404));
#1876=EDGE_LOOP('',(#9405,#9406,#9407));
#1877=EDGE_LOOP('',(#9408,#9409,#9410));
#1878=EDGE_LOOP('',(#9411,#9412,#9413));
#1879=EDGE_LOOP('',(#9414,#9415,#9416,#9417));
#1880=EDGE_LOOP('',(#9418,#9419,#9420,#9421));
#1881=EDGE_LOOP('',(#9422,#9423,#9424));
#1882=EDGE_LOOP('',(#9425,#9426,#9427));
#1883=EDGE_LOOP('',(#9428,#9429,#9430,#9431));
#1884=EDGE_LOOP('',(#9432,#9433,#9434,#9435));
#1885=EDGE_LOOP('',(#9436,#9437,#9438,#9439));
#1886=EDGE_LOOP('',(#9440,#9441,#9442,#9443));
#1887=EDGE_LOOP('',(#9444,#9445,#9446,#9447));
#1888=EDGE_LOOP('',(#9448,#9449,#9450,#9451));
#1889=EDGE_LOOP('',(#9452,#9453,#9454,#9455));
#1890=EDGE_LOOP('',(#9456,#9457,#9458,#9459));
#1891=EDGE_LOOP('',(#9460,#9461,#9462,#9463));
#1892=EDGE_LOOP('',(#9464,#9465,#9466,#9467));
#1893=EDGE_LOOP('',(#9468,#9469,#9470,#9471));
#1894=EDGE_LOOP('',(#9472,#9473,#9474,#9475));
#1895=EDGE_LOOP('',(#9476,#9477,#9478,#9479));
#1896=EDGE_LOOP('',(#9480,#9481,#9482,#9483));
#1897=EDGE_LOOP('',(#9484,#9485,#9486,#9487));
#1898=EDGE_LOOP('',(#9488,#9489,#9490,#9491));
#1899=EDGE_LOOP('',(#9492,#9493,#9494,#9495));
#1900=EDGE_LOOP('',(#9496,#9497,#9498,#9499));
#1901=EDGE_LOOP('',(#9500,#9501,#9502,#9503));
#1902=EDGE_LOOP('',(#9504,#9505,#9506,#9507));
#1903=EDGE_LOOP('',(#9508,#9509,#9510,#9511));
#1904=EDGE_LOOP('',(#9512,#9513,#9514,#9515));
#1905=EDGE_LOOP('',(#9516,#9517,#9518,#9519));
#1906=EDGE_LOOP('',(#9520,#9521,#9522,#9523));
#1907=EDGE_LOOP('',(#9524,#9525,#9526,#9527,#9528,#9529,#9530,#9531));
#1908=EDGE_LOOP('',(#9532,#9533,#9534,#9535));
#1909=EDGE_LOOP('',(#9536,#9537,#9538,#9539));
#1910=EDGE_LOOP('',(#9540,#9541,#9542,#9543));
#1911=EDGE_LOOP('',(#9544,#9545,#9546,#9547,#9548,#9549,#9550));
#1912=EDGE_LOOP('',(#9551,#9552,#9553,#9554));
#1913=EDGE_LOOP('',(#9555,#9556,#9557,#9558,#9559,#9560,#9561));
#1914=EDGE_LOOP('',(#9562,#9563,#9564,#9565));
#1915=EDGE_LOOP('',(#9566,#9567,#9568,#9569));
#1916=EDGE_LOOP('',(#9570,#9571,#9572,#9573));
#1917=EDGE_LOOP('',(#9574,#9575,#9576,#9577));
#1918=EDGE_LOOP('',(#9578,#9579,#9580,#9581));
#1919=EDGE_LOOP('',(#9582,#9583,#9584,#9585));
#1920=EDGE_LOOP('',(#9586,#9587,#9588,#9589));
#1921=EDGE_LOOP('',(#9590));
#1922=EDGE_LOOP('',(#9591));
#1923=EDGE_LOOP('',(#9592,#9593,#9594,#9595));
#1924=EDGE_LOOP('',(#9596));
#1925=EDGE_LOOP('',(#9597));
#1926=EDGE_LOOP('',(#9598,#9599,#9600,#9601));
#1927=EDGE_LOOP('',(#9602));
#1928=EDGE_LOOP('',(#9603));
#1929=EDGE_LOOP('',(#9604,#9605,#9606,#9607));
#1930=EDGE_LOOP('',(#9608,#9609,#9610,#9611));
#1931=EDGE_LOOP('',(#9612,#9613,#9614,#9615));
#1932=EDGE_LOOP('',(#9616,#9617,#9618,#9619));
#1933=EDGE_LOOP('',(#9620,#9621,#9622,#9623));
#1934=EDGE_LOOP('',(#9624,#9625,#9626,#9627));
#1935=LINE('',#14484,#2914);
#1936=LINE('',#14492,#2915);
#1937=LINE('',#14504,#2916);
#1938=LINE('',#14509,#2917);
#1939=LINE('',#14514,#2918);
#1940=LINE('',#14517,#2919);
#1941=LINE('',#14530,#2920);
#1942=LINE('',#14532,#2921);
#1943=LINE('',#14536,#2922);
#1944=LINE('',#14538,#2923);
#1945=LINE('',#14540,#2924);
#1946=LINE('',#14542,#2925);
#1947=LINE('',#14544,#2926);
#1948=LINE('',#14545,#2927);
#1949=LINE('',#14548,#2928);
#1950=LINE('',#14550,#2929);
#1951=LINE('',#14551,#2930);
#1952=LINE('',#14554,#2931);
#1953=LINE('',#14555,#2932);
#1954=LINE('',#14558,#2933);
#1955=LINE('',#14559,#2934);
#1956=LINE('',#14562,#2935);
#1957=LINE('',#14564,#2936);
#1958=LINE('',#14565,#2937);
#1959=LINE('',#14567,#2938);
#1960=LINE('',#14569,#2939);
#1961=LINE('',#14583,#2940);
#1962=LINE('',#14585,#2941);
#1963=LINE('',#14589,#2942);
#1964=LINE('',#14591,#2943);
#1965=LINE('',#14593,#2944);
#1966=LINE('',#14595,#2945);
#1967=LINE('',#14597,#2946);
#1968=LINE('',#14598,#2947);
#1969=LINE('',#14601,#2948);
#1970=LINE('',#14603,#2949);
#1971=LINE('',#14604,#2950);
#1972=LINE('',#14607,#2951);
#1973=LINE('',#14608,#2952);
#1974=LINE('',#14611,#2953);
#1975=LINE('',#14612,#2954);
#1976=LINE('',#14615,#2955);
#1977=LINE('',#14617,#2956);
#1978=LINE('',#14618,#2957);
#1979=LINE('',#14620,#2958);
#1980=LINE('',#14622,#2959);
#1981=LINE('',#14629,#2960);
#1982=LINE('',#14635,#2961);
#1983=LINE('',#14641,#2962);
#1984=LINE('',#14647,#2963);
#1985=LINE('',#14653,#2964);
#1986=LINE('',#14659,#2965);
#1987=LINE('',#14661,#2966);
#1988=LINE('',#14665,#2967);
#1989=LINE('',#14669,#2968);
#1990=LINE('',#14673,#2969);
#1991=LINE('',#14676,#2970);
#1992=LINE('',#14679,#2971);
#1993=LINE('',#14682,#2972);
#1994=LINE('',#14685,#2973);
#1995=LINE('',#14686,#2974);
#1996=LINE('',#14690,#2975);
#1997=LINE('',#14696,#2976);
#1998=LINE('',#14699,#2977);
#1999=LINE('',#14703,#2978);
#2000=LINE('',#14705,#2979);
#2001=LINE('',#14707,#2980);
#2002=LINE('',#14708,#2981);
#2003=LINE('',#14711,#2982);
#2004=LINE('',#14713,#2983);
#2005=LINE('',#14714,#2984);
#2006=LINE('',#14718,#2985);
#2007=LINE('',#14719,#2986);
#2008=LINE('',#14720,#2987);
#2009=LINE('',#14723,#2988);
#2010=LINE('',#14725,#2989);
#2011=LINE('',#14727,#2990);
#2012=LINE('',#14731,#2991);
#2013=LINE('',#14733,#2992);
#2014=LINE('',#14735,#2993);
#2015=LINE('',#14737,#2994);
#2016=LINE('',#14739,#2995);
#2017=LINE('',#14741,#2996);
#2018=LINE('',#14743,#2997);
#2019=LINE('',#14745,#2998);
#2020=LINE('',#14747,#2999);
#2021=LINE('',#14749,#3000);
#2022=LINE('',#14751,#3001);
#2023=LINE('',#14766,#3002);
#2024=LINE('',#14768,#3003);
#2025=LINE('',#14872,#3004);
#2026=LINE('',#14887,#3005);
#2027=LINE('',#14889,#3006);
#2028=LINE('',#14892,#3007);
#2029=LINE('',#14894,#3008);
#2030=LINE('',#14897,#3009);
#2031=LINE('',#14915,#3010);
#2032=LINE('',#14955,#3011);
#2033=LINE('',#14966,#3012);
#2034=LINE('',#14967,#3013);
#2035=LINE('',#14970,#3014);
#2036=LINE('',#15075,#3015);
#2037=LINE('',#15077,#3016);
#2038=LINE('',#15092,#3017);
#2039=LINE('',#15094,#3018);
#2040=LINE('',#15096,#3019);
#2041=LINE('',#15098,#3020);
#2042=LINE('',#15100,#3021);
#2043=LINE('',#15102,#3022);
#2044=LINE('',#15104,#3023);
#2045=LINE('',#15106,#3024);
#2046=LINE('',#15108,#3025);
#2047=LINE('',#15109,#3026);
#2048=LINE('',#15110,#3027);
#2049=LINE('',#15124,#3028);
#2050=LINE('',#15125,#3029);
#2051=LINE('',#15127,#3030);
#2052=LINE('',#15128,#3031);
#2053=LINE('',#15131,#3032);
#2054=LINE('',#15132,#3033);
#2055=LINE('',#15134,#3034);
#2056=LINE('',#15135,#3035);
#2057=LINE('',#15138,#3036);
#2058=LINE('',#15144,#3037);
#2059=LINE('',#15148,#3038);
#2060=LINE('',#15153,#3039);
#2061=LINE('',#15159,#3040);
#2062=LINE('',#15163,#3041);
#2063=LINE('',#15168,#3042);
#2064=LINE('',#15174,#3043);
#2065=LINE('',#15176,#3044);
#2066=LINE('',#15178,#3045);
#2067=LINE('',#15179,#3046);
#2068=LINE('',#15184,#3047);
#2069=LINE('',#15190,#3048);
#2070=LINE('',#15193,#3049);
#2071=LINE('',#15196,#3050);
#2072=LINE('',#15198,#3051);
#2073=LINE('',#15199,#3052);
#2074=LINE('',#15202,#3053);
#2075=LINE('',#15204,#3054);
#2076=LINE('',#15205,#3055);
#2077=LINE('',#15207,#3056);
#2078=LINE('',#15208,#3057);
#2079=LINE('',#15211,#3058);
#2080=LINE('',#15212,#3059);
#2081=LINE('',#15312,#3060);
#2082=LINE('',#15316,#3061);
#2083=LINE('',#15320,#3062);
#2084=LINE('',#15324,#3063);
#2085=LINE('',#15326,#3064);
#2086=LINE('',#15331,#3065);
#2087=LINE('',#15336,#3066);
#2088=LINE('',#15342,#3067);
#2089=LINE('',#15349,#3068);
#2090=LINE('',#15356,#3069);
#2091=LINE('',#15363,#3070);
#2092=LINE('',#15370,#3071);
#2093=LINE('',#15377,#3072);
#2094=LINE('',#15381,#3073);
#2095=LINE('',#15386,#3074);
#2096=LINE('',#15391,#3075);
#2097=LINE('',#15396,#3076);
#2098=LINE('',#15401,#3077);
#2099=LINE('',#15406,#3078);
#2100=LINE('',#15420,#3079);
#2101=LINE('',#15506,#3080);
#2102=LINE('',#15508,#3081);
#2103=LINE('',#15509,#3082);
#2104=LINE('',#15511,#3083);
#2105=LINE('',#15512,#3084);
#2106=LINE('',#15514,#3085);
#2107=LINE('',#15516,#3086);
#2108=LINE('',#15525,#3087);
#2109=LINE('',#15534,#3088);
#2110=LINE('',#15536,#3089);
#2111=LINE('',#15538,#3090);
#2112=LINE('',#15547,#3091);
#2113=LINE('',#15556,#3092);
#2114=LINE('',#15558,#3093);
#2115=LINE('',#15560,#3094);
#2116=LINE('',#15562,#3095);
#2117=LINE('',#15564,#3096);
#2118=LINE('',#15573,#3097);
#2119=LINE('',#15582,#3098);
#2120=LINE('',#15584,#3099);
#2121=LINE('',#15586,#3100);
#2122=LINE('',#15599,#3101);
#2123=LINE('',#15612,#3102);
#2124=LINE('',#15614,#3103);
#2125=LINE('',#15616,#3104);
#2126=LINE('',#15618,#3105);
#2127=LINE('',#15620,#3106);
#2128=LINE('',#15629,#3107);
#2129=LINE('',#15638,#3108);
#2130=LINE('',#15640,#3109);
#2131=LINE('',#15642,#3110);
#2132=LINE('',#15651,#3111);
#2133=LINE('',#15660,#3112);
#2134=LINE('',#15662,#3113);
#2135=LINE('',#15664,#3114);
#2136=LINE('',#15666,#3115);
#2137=LINE('',#15668,#3116);
#2138=LINE('',#15681,#3117);
#2139=LINE('',#15694,#3118);
#2140=LINE('',#15696,#3119);
#2141=LINE('',#15698,#3120);
#2142=LINE('',#15707,#3121);
#2143=LINE('',#15716,#3122);
#2144=LINE('',#15718,#3123);
#2145=LINE('',#15720,#3124);
#2146=LINE('',#15722,#3125);
#2147=LINE('',#15724,#3126);
#2148=LINE('',#15737,#3127);
#2149=LINE('',#15750,#3128);
#2150=LINE('',#15752,#3129);
#2151=LINE('',#15754,#3130);
#2152=LINE('',#15767,#3131);
#2153=LINE('',#15780,#3132);
#2154=LINE('',#15782,#3133);
#2155=LINE('',#15795,#3134);
#2156=LINE('',#15796,#3135);
#2157=LINE('',#15799,#3136);
#2158=LINE('',#15801,#3137);
#2159=LINE('',#15803,#3138);
#2160=LINE('',#15805,#3139);
#2161=LINE('',#15807,#3140);
#2162=LINE('',#15820,#3141);
#2163=LINE('',#15822,#3142);
#2164=LINE('',#15831,#3143);
#2165=LINE('',#15834,#3144);
#2166=LINE('',#15837,#3145);
#2167=LINE('',#15841,#3146);
#2168=LINE('',#15845,#3147);
#2169=LINE('',#15848,#3148);
#2170=LINE('',#15851,#3149);
#2171=LINE('',#15852,#3150);
#2172=LINE('',#15856,#3151);
#2173=LINE('',#15859,#3152);
#2174=LINE('',#15862,#3153);
#2175=LINE('',#15865,#3154);
#2176=LINE('',#15866,#3155);
#2177=LINE('',#15870,#3156);
#2178=LINE('',#15872,#3157);
#2179=LINE('',#15874,#3158);
#2180=LINE('',#15878,#3159);
#2181=LINE('',#15880,#3160);
#2182=LINE('',#15882,#3161);
#2183=LINE('',#15884,#3162);
#2184=LINE('',#15885,#3163);
#2185=LINE('',#15889,#3164);
#2186=LINE('',#15891,#3165);
#2187=LINE('',#15893,#3166);
#2188=LINE('',#15895,#3167);
#2189=LINE('',#15896,#3168);
#2190=LINE('',#15899,#3169);
#2191=LINE('',#15902,#3170);
#2192=LINE('',#15909,#3171);
#2193=LINE('',#15911,#3172);
#2194=LINE('',#15913,#3173);
#2195=LINE('',#15914,#3174);
#2196=LINE('',#15920,#3175);
#2197=LINE('',#15922,#3176);
#2198=LINE('',#15923,#3177);
#2199=LINE('',#15927,#3178);
#2200=LINE('',#15934,#3179);
#2201=LINE('',#15938,#3180);
#2202=LINE('',#15944,#3181);
#2203=LINE('',#15946,#3182);
#2204=LINE('',#15948,#3183);
#2205=LINE('',#15951,#3184);
#2206=LINE('',#15953,#3185);
#2207=LINE('',#15979,#3186);
#2208=LINE('',#15982,#3187);
#2209=LINE('',#15987,#3188);
#2210=LINE('',#15989,#3189);
#2211=LINE('',#15990,#3190);
#2212=LINE('',#16003,#3191);
#2213=LINE('',#16006,#3192);
#2214=LINE('',#16010,#3193);
#2215=LINE('',#16014,#3194);
#2216=LINE('',#16016,#3195);
#2217=LINE('',#16018,#3196);
#2218=LINE('',#16019,#3197);
#2219=LINE('',#16023,#3198);
#2220=LINE('',#16025,#3199);
#2221=LINE('',#16027,#3200);
#2222=LINE('',#16028,#3201);
#2223=LINE('',#16032,#3202);
#2224=LINE('',#16034,#3203);
#2225=LINE('',#16036,#3204);
#2226=LINE('',#16037,#3205);
#2227=LINE('',#16042,#3206);
#2228=LINE('',#16046,#3207);
#2229=LINE('',#16048,#3208);
#2230=LINE('',#16049,#3209);
#2231=LINE('',#16054,#3210);
#2232=LINE('',#16058,#3211);
#2233=LINE('',#16060,#3212);
#2234=LINE('',#16061,#3213);
#2235=LINE('',#16065,#3214);
#2236=LINE('',#16066,#3215);
#2237=LINE('',#16067,#3216);
#2238=LINE('',#16071,#3217);
#2239=LINE('',#16073,#3218);
#2240=LINE('',#16075,#3219);
#2241=LINE('',#16076,#3220);
#2242=LINE('',#16081,#3221);
#2243=LINE('',#16085,#3222);
#2244=LINE('',#16087,#3223);
#2245=LINE('',#16088,#3224);
#2246=LINE('',#16094,#3225);
#2247=LINE('',#16096,#3226);
#2248=LINE('',#16097,#3227);
#2249=LINE('',#16101,#3228);
#2250=LINE('',#16103,#3229);
#2251=LINE('',#16105,#3230);
#2252=LINE('',#16106,#3231);
#2253=LINE('',#16113,#3232);
#2254=LINE('',#16117,#3233);
#2255=LINE('',#16119,#3234);
#2256=LINE('',#16121,#3235);
#2257=LINE('',#16122,#3236);
#2258=LINE('',#16127,#3237);
#2259=LINE('',#16131,#3238);
#2260=LINE('',#16133,#3239);
#2261=LINE('',#16134,#3240);
#2262=LINE('',#16139,#3241);
#2263=LINE('',#16142,#3242);
#2264=LINE('',#16143,#3243);
#2265=LINE('',#16146,#3244);
#2266=LINE('',#16148,#3245);
#2267=LINE('',#16150,#3246);
#2268=LINE('',#16152,#3247);
#2269=LINE('',#16154,#3248);
#2270=LINE('',#16156,#3249);
#2271=LINE('',#16158,#3250);
#2272=LINE('',#16159,#3251);
#2273=LINE('',#16161,#3252);
#2274=LINE('',#16163,#3253);
#2275=LINE('',#16164,#3254);
#2276=LINE('',#16166,#3255);
#2277=LINE('',#16167,#3256);
#2278=LINE('',#16168,#3257);
#2279=LINE('',#16170,#3258);
#2280=LINE('',#16172,#3259);
#2281=LINE('',#16174,#3260);
#2282=LINE('',#16175,#3261);
#2283=LINE('',#16178,#3262);
#2284=LINE('',#16180,#3263);
#2285=LINE('',#16181,#3264);
#2286=LINE('',#16186,#3265);
#2287=LINE('',#16191,#3266);
#2288=LINE('',#16192,#3267);
#2289=LINE('',#16196,#3268);
#2290=LINE('',#16198,#3269);
#2291=LINE('',#16200,#3270);
#2292=LINE('',#16201,#3271);
#2293=LINE('',#16206,#3272);
#2294=LINE('',#16210,#3273);
#2295=LINE('',#16212,#3274);
#2296=LINE('',#16213,#3275);
#2297=LINE('',#16218,#3276);
#2298=LINE('',#16222,#3277);
#2299=LINE('',#16224,#3278);
#2300=LINE('',#16225,#3279);
#2301=LINE('',#16229,#3280);
#2302=LINE('',#16230,#3281);
#2303=LINE('',#16231,#3282);
#2304=LINE('',#16235,#3283);
#2305=LINE('',#16237,#3284);
#2306=LINE('',#16239,#3285);
#2307=LINE('',#16240,#3286);
#2308=LINE('',#16245,#3287);
#2309=LINE('',#16249,#3288);
#2310=LINE('',#16251,#3289);
#2311=LINE('',#16252,#3290);
#2312=LINE('',#16257,#3291);
#2313=LINE('',#16260,#3292);
#2314=LINE('',#16261,#3293);
#2315=LINE('',#16265,#3294);
#2316=LINE('',#16267,#3295);
#2317=LINE('',#16269,#3296);
#2318=LINE('',#16270,#3297);
#2319=LINE('',#16275,#3298);
#2320=LINE('',#16279,#3299);
#2321=LINE('',#16281,#3300);
#2322=LINE('',#16282,#3301);
#2323=LINE('',#16287,#3302);
#2324=LINE('',#16291,#3303);
#2325=LINE('',#16293,#3304);
#2326=LINE('',#16294,#3305);
#2327=LINE('',#16298,#3306);
#2328=LINE('',#16299,#3307);
#2329=LINE('',#16300,#3308);
#2330=LINE('',#16303,#3309);
#2331=LINE('',#16306,#3310);
#2332=LINE('',#16308,#3311);
#2333=LINE('',#16310,#3312);
#2334=LINE('',#16311,#3313);
#2335=LINE('',#16313,#3314);
#2336=LINE('',#16317,#3315);
#2337=LINE('',#16319,#3316);
#2338=LINE('',#16320,#3317);
#2339=LINE('',#16324,#3318);
#2340=LINE('',#16325,#3319);
#2341=LINE('',#16326,#3320);
#2342=LINE('',#16329,#3321);
#2343=LINE('',#16331,#3322);
#2344=LINE('',#16332,#3323);
#2345=LINE('',#16335,#3324);
#2346=LINE('',#16336,#3325);
#2347=LINE('',#16338,#3326);
#2348=LINE('',#16339,#3327);
#2349=LINE('',#16341,#3328);
#2350=LINE('',#16343,#3329);
#2351=LINE('',#16344,#3330);
#2352=LINE('',#16346,#3331);
#2353=LINE('',#16348,#3332);
#2354=LINE('',#16349,#3333);
#2355=LINE('',#16351,#3334);
#2356=LINE('',#16353,#3335);
#2357=LINE('',#16354,#3336);
#2358=LINE('',#16355,#3337);
#2359=LINE('',#16357,#3338);
#2360=LINE('',#16359,#3339);
#2361=LINE('',#16361,#3340);
#2362=LINE('',#16363,#3341);
#2363=LINE('',#16365,#3342);
#2364=LINE('',#16368,#3343);
#2365=LINE('',#16369,#3344);
#2366=LINE('',#16372,#3345);
#2367=LINE('',#16373,#3346);
#2368=LINE('',#16375,#3347);
#2369=LINE('',#16378,#3348);
#2370=LINE('',#16379,#3349);
#2371=LINE('',#16381,#3350);
#2372=LINE('',#16383,#3351);
#2373=LINE('',#16385,#3352);
#2374=LINE('',#16387,#3353);
#2375=LINE('',#16390,#3354);
#2376=LINE('',#16391,#3355);
#2377=LINE('',#16394,#3356);
#2378=LINE('',#16395,#3357);
#2379=LINE('',#16397,#3358);
#2380=LINE('',#16400,#3359);
#2381=LINE('',#16401,#3360);
#2382=LINE('',#16403,#3361);
#2383=LINE('',#16405,#3362);
#2384=LINE('',#16407,#3363);
#2385=LINE('',#16414,#3364);
#2386=LINE('',#16416,#3365);
#2387=LINE('',#16420,#3366);
#2388=LINE('',#16422,#3367);
#2389=LINE('',#16424,#3368);
#2390=LINE('',#16428,#3369);
#2391=LINE('',#16432,#3370);
#2392=LINE('',#16436,#3371);
#2393=LINE('',#16451,#3372);
#2394=LINE('',#16453,#3373);
#2395=LINE('',#16455,#3374);
#2396=LINE('',#16457,#3375);
#2397=LINE('',#16459,#3376);
#2398=LINE('',#16461,#3377);
#2399=LINE('',#16463,#3378);
#2400=LINE('',#16465,#3379);
#2401=LINE('',#16467,#3380);
#2402=LINE('',#16469,#3381);
#2403=LINE('',#16470,#3382);
#2404=LINE('',#16475,#3383);
#2405=LINE('',#16477,#3384);
#2406=LINE('',#16480,#3385);
#2407=LINE('',#16486,#3386);
#2408=LINE('',#16489,#3387);
#2409=LINE('',#16491,#3388);
#2410=LINE('',#16493,#3389);
#2411=LINE('',#16495,#3390);
#2412=LINE('',#16497,#3391);
#2413=LINE('',#16499,#3392);
#2414=LINE('',#16501,#3393);
#2415=LINE('',#16503,#3394);
#2416=LINE('',#16505,#3395);
#2417=LINE('',#16507,#3396);
#2418=LINE('',#16508,#3397);
#2419=LINE('',#16515,#3398);
#2420=LINE('',#16517,#3399);
#2421=LINE('',#16521,#3400);
#2422=LINE('',#16525,#3401);
#2423=LINE('',#16528,#3402);
#2424=LINE('',#16535,#3403);
#2425=LINE('',#16538,#3404);
#2426=LINE('',#16543,#3405);
#2427=LINE('',#16582,#3406);
#2428=LINE('',#16594,#3407);
#2429=LINE('',#16596,#3408);
#2430=LINE('',#16597,#3409);
#2431=LINE('',#16599,#3410);
#2432=LINE('',#16602,#3411);
#2433=LINE('',#16611,#3412);
#2434=LINE('',#16613,#3413);
#2435=LINE('',#16618,#3414);
#2436=LINE('',#16620,#3415);
#2437=LINE('',#16622,#3416);
#2438=LINE('',#16623,#3417);
#2439=LINE('',#16626,#3418);
#2440=LINE('',#16628,#3419);
#2441=LINE('',#16630,#3420);
#2442=LINE('',#16631,#3421);
#2443=LINE('',#16634,#3422);
#2444=LINE('',#16636,#3423);
#2445=LINE('',#16637,#3424);
#2446=LINE('',#16640,#3425);
#2447=LINE('',#16641,#3426);
#2448=LINE('',#16642,#3427);
#2449=LINE('',#16645,#3428);
#2450=LINE('',#16646,#3429);
#2451=LINE('',#16647,#3430);
#2452=LINE('',#16649,#3431);
#2453=LINE('',#16653,#3432);
#2454=LINE('',#16655,#3433);
#2455=LINE('',#16657,#3434);
#2456=LINE('',#16658,#3435);
#2457=LINE('',#16660,#3436);
#2458=LINE('',#16661,#3437);
#2459=LINE('',#16663,#3438);
#2460=LINE('',#16665,#3439);
#2461=LINE('',#16668,#3440);
#2462=LINE('',#16686,#3441);
#2463=LINE('',#16690,#3442);
#2464=LINE('',#16693,#3443);
#2465=LINE('',#16699,#3444);
#2466=LINE('',#16703,#3445);
#2467=LINE('',#16705,#3446);
#2468=LINE('',#16711,#3447);
#2469=LINE('',#16717,#3448);
#2470=LINE('',#16718,#3449);
#2471=LINE('',#16724,#3450);
#2472=LINE('',#16728,#3451);
#2473=LINE('',#16729,#3452);
#2474=LINE('',#16732,#3453);
#2475=LINE('',#16734,#3454);
#2476=LINE('',#16736,#3455);
#2477=LINE('',#16738,#3456);
#2478=LINE('',#16740,#3457);
#2479=LINE('',#16742,#3458);
#2480=LINE('',#16744,#3459);
#2481=LINE('',#16746,#3460);
#2482=LINE('',#16748,#3461);
#2483=LINE('',#16750,#3462);
#2484=LINE('',#16751,#3463);
#2485=LINE('',#16754,#3464);
#2486=LINE('',#16755,#3465);
#2487=LINE('',#16757,#3466);
#2488=LINE('',#16758,#3467);
#2489=LINE('',#16762,#3468);
#2490=LINE('',#16765,#3469);
#2491=LINE('',#16772,#3470);
#2492=LINE('',#16775,#3471);
#2493=LINE('',#16781,#3472);
#2494=LINE('',#16788,#3473);
#2495=LINE('',#16792,#3474);
#2496=LINE('',#16797,#3475);
#2497=LINE('',#16802,#3476);
#2498=LINE('',#16827,#3477);
#2499=LINE('',#16838,#3478);
#2500=LINE('',#16842,#3479);
#2501=LINE('',#16846,#3480);
#2502=LINE('',#16847,#3481);
#2503=LINE('',#16853,#3482);
#2504=LINE('',#16866,#3483);
#2505=LINE('',#16878,#3484);
#2506=LINE('',#16882,#3485);
#2507=LINE('',#16889,#3486);
#2508=LINE('',#16890,#3487);
#2509=LINE('',#16892,#3488);
#2510=LINE('',#16893,#3489);
#2511=LINE('',#16894,#3490);
#2512=LINE('',#16898,#3491);
#2513=LINE('',#16900,#3492);
#2514=LINE('',#16904,#3493);
#2515=LINE('',#16906,#3494);
#2516=LINE('',#16908,#3495);
#2517=LINE('',#16909,#3496);
#2518=LINE('',#16912,#3497);
#2519=LINE('',#16914,#3498);
#2520=LINE('',#16916,#3499);
#2521=LINE('',#16917,#3500);
#2522=LINE('',#16920,#3501);
#2523=LINE('',#16922,#3502);
#2524=LINE('',#16923,#3503);
#2525=LINE('',#16926,#3504);
#2526=LINE('',#16927,#3505);
#2527=LINE('',#16928,#3506);
#2528=LINE('',#16931,#3507);
#2529=LINE('',#16932,#3508);
#2530=LINE('',#16936,#3509);
#2531=LINE('',#16937,#3510);
#2532=LINE('',#16940,#3511);
#2533=LINE('',#16941,#3512);
#2534=LINE('',#16944,#3513);
#2535=LINE('',#16945,#3514);
#2536=LINE('',#16948,#3515);
#2537=LINE('',#16950,#3516);
#2538=LINE('',#16951,#3517);
#2539=LINE('',#16954,#3518);
#2540=LINE('',#16955,#3519);
#2541=LINE('',#16958,#3520);
#2542=LINE('',#16959,#3521);
#2543=LINE('',#16961,#3522);
#2544=LINE('',#16964,#3523);
#2545=LINE('',#16965,#3524);
#2546=LINE('',#16967,#3525);
#2547=LINE('',#17000,#3526);
#2548=LINE('',#17002,#3527);
#2549=LINE('',#17003,#3528);
#2550=LINE('',#17006,#3529);
#2551=LINE('',#17019,#3530);
#2552=LINE('',#17020,#3531);
#2553=LINE('',#17038,#3532);
#2554=LINE('',#17039,#3533);
#2555=LINE('',#17041,#3534);
#2556=LINE('',#17042,#3535);
#2557=LINE('',#17052,#3536);
#2558=LINE('',#17058,#3537);
#2559=LINE('',#17060,#3538);
#2560=LINE('',#17062,#3539);
#2561=LINE('',#17063,#3540);
#2562=LINE('',#17066,#3541);
#2563=LINE('',#17068,#3542);
#2564=LINE('',#17069,#3543);
#2565=LINE('',#17072,#3544);
#2566=LINE('',#17074,#3545);
#2567=LINE('',#17075,#3546);
#2568=LINE('',#17077,#3547);
#2569=LINE('',#17078,#3548);
#2570=LINE('',#17081,#3549);
#2571=LINE('',#17083,#3550);
#2572=LINE('',#17084,#3551);
#2573=LINE('',#17087,#3552);
#2574=LINE('',#17088,#3553);
#2575=LINE('',#17092,#3554);
#2576=LINE('',#17094,#3555);
#2577=LINE('',#17096,#3556);
#2578=LINE('',#17097,#3557);
#2579=LINE('',#17100,#3558);
#2580=LINE('',#17101,#3559);
#2581=LINE('',#17103,#3560);
#2582=LINE('',#17105,#3561);
#2583=LINE('',#17106,#3562);
#2584=LINE('',#17108,#3563);
#2585=LINE('',#17110,#3564);
#2586=LINE('',#17118,#3565);
#2587=LINE('',#17122,#3566);
#2588=LINE('',#17124,#3567);
#2589=LINE('',#17126,#3568);
#2590=LINE('',#17130,#3569);
#2591=LINE('',#17134,#3570);
#2592=LINE('',#17136,#3571);
#2593=LINE('',#17137,#3572);
#2594=LINE('',#17140,#3573);
#2595=LINE('',#17142,#3574);
#2596=LINE('',#17143,#3575);
#2597=LINE('',#17147,#3576);
#2598=LINE('',#17150,#3577);
#2599=LINE('',#17151,#3578);
#2600=LINE('',#17154,#3579);
#2601=LINE('',#17155,#3580);
#2602=LINE('',#17158,#3581);
#2603=LINE('',#17159,#3582);
#2604=LINE('',#17163,#3583);
#2605=LINE('',#17166,#3584);
#2606=LINE('',#17167,#3585);
#2607=LINE('',#17171,#3586);
#2608=LINE('',#17174,#3587);
#2609=LINE('',#17175,#3588);
#2610=LINE('',#17178,#3589);
#2611=LINE('',#17179,#3590);
#2612=LINE('',#17182,#3591);
#2613=LINE('',#17183,#3592);
#2614=LINE('',#17192,#3593);
#2615=LINE('',#17194,#3594);
#2616=LINE('',#17196,#3595);
#2617=LINE('',#17200,#3596);
#2618=LINE('',#17204,#3597);
#2619=LINE('',#17206,#3598);
#2620=LINE('',#17208,#3599);
#2621=LINE('',#17211,#3600);
#2622=LINE('',#17214,#3601);
#2623=LINE('',#17216,#3602);
#2624=LINE('',#17217,#3603);
#2625=LINE('',#17220,#3604);
#2626=LINE('',#17224,#3605);
#2627=LINE('',#17225,#3606);
#2628=LINE('',#17228,#3607);
#2629=LINE('',#17229,#3608);
#2630=LINE('',#17232,#3609);
#2631=LINE('',#17233,#3610);
#2632=LINE('',#17236,#3611);
#2633=LINE('',#17240,#3612);
#2634=LINE('',#17241,#3613);
#2635=LINE('',#17244,#3614);
#2636=LINE('',#17248,#3615);
#2637=LINE('',#17249,#3616);
#2638=LINE('',#17252,#3617);
#2639=LINE('',#17253,#3618);
#2640=LINE('',#17256,#3619);
#2641=LINE('',#17257,#3620);
#2642=LINE('',#17266,#3621);
#2643=LINE('',#17270,#3622);
#2644=LINE('',#17272,#3623);
#2645=LINE('',#17274,#3624);
#2646=LINE('',#17278,#3625);
#2647=LINE('',#17282,#3626);
#2648=LINE('',#17284,#3627);
#2649=LINE('',#17285,#3628);
#2650=LINE('',#17288,#3629);
#2651=LINE('',#17290,#3630);
#2652=LINE('',#17291,#3631);
#2653=LINE('',#17295,#3632);
#2654=LINE('',#17298,#3633);
#2655=LINE('',#17299,#3634);
#2656=LINE('',#17302,#3635);
#2657=LINE('',#17303,#3636);
#2658=LINE('',#17306,#3637);
#2659=LINE('',#17307,#3638);
#2660=LINE('',#17311,#3639);
#2661=LINE('',#17314,#3640);
#2662=LINE('',#17315,#3641);
#2663=LINE('',#17319,#3642);
#2664=LINE('',#17322,#3643);
#2665=LINE('',#17323,#3644);
#2666=LINE('',#17326,#3645);
#2667=LINE('',#17327,#3646);
#2668=LINE('',#17330,#3647);
#2669=LINE('',#17331,#3648);
#2670=LINE('',#17340,#3649);
#2671=LINE('',#17344,#3650);
#2672=LINE('',#17346,#3651);
#2673=LINE('',#17348,#3652);
#2674=LINE('',#17352,#3653);
#2675=LINE('',#17356,#3654);
#2676=LINE('',#17358,#3655);
#2677=LINE('',#17359,#3656);
#2678=LINE('',#17362,#3657);
#2679=LINE('',#17364,#3658);
#2680=LINE('',#17365,#3659);
#2681=LINE('',#17369,#3660);
#2682=LINE('',#17372,#3661);
#2683=LINE('',#17373,#3662);
#2684=LINE('',#17376,#3663);
#2685=LINE('',#17377,#3664);
#2686=LINE('',#17380,#3665);
#2687=LINE('',#17381,#3666);
#2688=LINE('',#17385,#3667);
#2689=LINE('',#17388,#3668);
#2690=LINE('',#17389,#3669);
#2691=LINE('',#17393,#3670);
#2692=LINE('',#17396,#3671);
#2693=LINE('',#17397,#3672);
#2694=LINE('',#17400,#3673);
#2695=LINE('',#17401,#3674);
#2696=LINE('',#17404,#3675);
#2697=LINE('',#17405,#3676);
#2698=LINE('',#17414,#3677);
#2699=LINE('',#17418,#3678);
#2700=LINE('',#17420,#3679);
#2701=LINE('',#17422,#3680);
#2702=LINE('',#17426,#3681);
#2703=LINE('',#17430,#3682);
#2704=LINE('',#17432,#3683);
#2705=LINE('',#17433,#3684);
#2706=LINE('',#17436,#3685);
#2707=LINE('',#17438,#3686);
#2708=LINE('',#17439,#3687);
#2709=LINE('',#17443,#3688);
#2710=LINE('',#17446,#3689);
#2711=LINE('',#17447,#3690);
#2712=LINE('',#17450,#3691);
#2713=LINE('',#17451,#3692);
#2714=LINE('',#17454,#3693);
#2715=LINE('',#17455,#3694);
#2716=LINE('',#17459,#3695);
#2717=LINE('',#17462,#3696);
#2718=LINE('',#17463,#3697);
#2719=LINE('',#17467,#3698);
#2720=LINE('',#17470,#3699);
#2721=LINE('',#17471,#3700);
#2722=LINE('',#17474,#3701);
#2723=LINE('',#17475,#3702);
#2724=LINE('',#17478,#3703);
#2725=LINE('',#17479,#3704);
#2726=LINE('',#17488,#3705);
#2727=LINE('',#17490,#3706);
#2728=LINE('',#17492,#3707);
#2729=LINE('',#17496,#3708);
#2730=LINE('',#17500,#3709);
#2731=LINE('',#17502,#3710);
#2732=LINE('',#17504,#3711);
#2733=LINE('',#17507,#3712);
#2734=LINE('',#17510,#3713);
#2735=LINE('',#17512,#3714);
#2736=LINE('',#17513,#3715);
#2737=LINE('',#17516,#3716);
#2738=LINE('',#17520,#3717);
#2739=LINE('',#17521,#3718);
#2740=LINE('',#17524,#3719);
#2741=LINE('',#17525,#3720);
#2742=LINE('',#17528,#3721);
#2743=LINE('',#17529,#3722);
#2744=LINE('',#17532,#3723);
#2745=LINE('',#17536,#3724);
#2746=LINE('',#17537,#3725);
#2747=LINE('',#17540,#3726);
#2748=LINE('',#17544,#3727);
#2749=LINE('',#17545,#3728);
#2750=LINE('',#17548,#3729);
#2751=LINE('',#17549,#3730);
#2752=LINE('',#17552,#3731);
#2753=LINE('',#17553,#3732);
#2754=LINE('',#17562,#3733);
#2755=LINE('',#17564,#3734);
#2756=LINE('',#17566,#3735);
#2757=LINE('',#17570,#3736);
#2758=LINE('',#17574,#3737);
#2759=LINE('',#17576,#3738);
#2760=LINE('',#17578,#3739);
#2761=LINE('',#17581,#3740);
#2762=LINE('',#17584,#3741);
#2763=LINE('',#17586,#3742);
#2764=LINE('',#17587,#3743);
#2765=LINE('',#17590,#3744);
#2766=LINE('',#17594,#3745);
#2767=LINE('',#17595,#3746);
#2768=LINE('',#17598,#3747);
#2769=LINE('',#17599,#3748);
#2770=LINE('',#17602,#3749);
#2771=LINE('',#17603,#3750);
#2772=LINE('',#17606,#3751);
#2773=LINE('',#17610,#3752);
#2774=LINE('',#17611,#3753);
#2775=LINE('',#17614,#3754);
#2776=LINE('',#17618,#3755);
#2777=LINE('',#17619,#3756);
#2778=LINE('',#17622,#3757);
#2779=LINE('',#17623,#3758);
#2780=LINE('',#17626,#3759);
#2781=LINE('',#17627,#3760);
#2782=LINE('',#17636,#3761);
#2783=LINE('',#17638,#3762);
#2784=LINE('',#17640,#3763);
#2785=LINE('',#17644,#3764);
#2786=LINE('',#17648,#3765);
#2787=LINE('',#17650,#3766);
#2788=LINE('',#17652,#3767);
#2789=LINE('',#17655,#3768);
#2790=LINE('',#17658,#3769);
#2791=LINE('',#17660,#3770);
#2792=LINE('',#17661,#3771);
#2793=LINE('',#17664,#3772);
#2794=LINE('',#17668,#3773);
#2795=LINE('',#17669,#3774);
#2796=LINE('',#17672,#3775);
#2797=LINE('',#17673,#3776);
#2798=LINE('',#17676,#3777);
#2799=LINE('',#17677,#3778);
#2800=LINE('',#17680,#3779);
#2801=LINE('',#17684,#3780);
#2802=LINE('',#17685,#3781);
#2803=LINE('',#17688,#3782);
#2804=LINE('',#17692,#3783);
#2805=LINE('',#17693,#3784);
#2806=LINE('',#17696,#3785);
#2807=LINE('',#17697,#3786);
#2808=LINE('',#17700,#3787);
#2809=LINE('',#17701,#3788);
#2810=LINE('',#17722,#3789);
#2811=LINE('',#17723,#3790);
#2812=LINE('',#17753,#3791);
#2813=LINE('',#17754,#3792);
#2814=LINE('',#17756,#3793);
#2815=LINE('',#17757,#3794);
#2816=LINE('',#17773,#3795);
#2817=LINE('',#17774,#3796);
#2818=LINE('',#17776,#3797);
#2819=LINE('',#17777,#3798);
#2820=LINE('',#17779,#3799);
#2821=LINE('',#17780,#3800);
#2822=LINE('',#17782,#3801);
#2823=LINE('',#17783,#3802);
#2824=LINE('',#17785,#3803);
#2825=LINE('',#17786,#3804);
#2826=LINE('',#17788,#3805);
#2827=LINE('',#17789,#3806);
#2828=LINE('',#17791,#3807);
#2829=LINE('',#17792,#3808);
#2830=LINE('',#17794,#3809);
#2831=LINE('',#17795,#3810);
#2832=LINE('',#17797,#3811);
#2833=LINE('',#17798,#3812);
#2834=LINE('',#17819,#3813);
#2835=LINE('',#17820,#3814);
#2836=LINE('',#17850,#3815);
#2837=LINE('',#17851,#3816);
#2838=LINE('',#17853,#3817);
#2839=LINE('',#17854,#3818);
#2840=LINE('',#17870,#3819);
#2841=LINE('',#17871,#3820);
#2842=LINE('',#17873,#3821);
#2843=LINE('',#17874,#3822);
#2844=LINE('',#17876,#3823);
#2845=LINE('',#17877,#3824);
#2846=LINE('',#17879,#3825);
#2847=LINE('',#17880,#3826);
#2848=LINE('',#17882,#3827);
#2849=LINE('',#17883,#3828);
#2850=LINE('',#17885,#3829);
#2851=LINE('',#17886,#3830);
#2852=LINE('',#17888,#3831);
#2853=LINE('',#17889,#3832);
#2854=LINE('',#17891,#3833);
#2855=LINE('',#17892,#3834);
#2856=LINE('',#17894,#3835);
#2857=LINE('',#17895,#3836);
#2858=LINE('',#17904,#3837);
#2859=LINE('',#17906,#3838);
#2860=LINE('',#17908,#3839);
#2861=LINE('',#17909,#3840);
#2862=LINE('',#17913,#3841);
#2863=LINE('',#17915,#3842);
#2864=LINE('',#17917,#3843);
#2865=LINE('',#17918,#3844);
#2866=LINE('',#17920,#3845);
#2867=LINE('',#17921,#3846);
#2868=LINE('',#17923,#3847);
#2869=LINE('',#17925,#3848);
#2870=LINE('',#17930,#3849);
#2871=LINE('',#17932,#3850);
#2872=LINE('',#17934,#3851);
#2873=LINE('',#17935,#3852);
#2874=LINE('',#17939,#3853);
#2875=LINE('',#17941,#3854);
#2876=LINE('',#17943,#3855);
#2877=LINE('',#17944,#3856);
#2878=LINE('',#17949,#3857);
#2879=LINE('',#17951,#3858);
#2880=LINE('',#17955,#3859);
#2881=LINE('',#17957,#3860);
#2882=LINE('',#17958,#3861);
#2883=LINE('',#17964,#3862);
#2884=LINE('',#17965,#3863);
#2885=LINE('',#17968,#3864);
#2886=LINE('',#17972,#3865);
#2887=LINE('',#17974,#3866);
#2888=LINE('',#17975,#3867);
#2889=LINE('',#17978,#3868);
#2890=LINE('',#17979,#3869);
#2891=LINE('',#17982,#3870);
#2892=LINE('',#17984,#3871);
#2893=LINE('',#17985,#3872);
#2894=LINE('',#17988,#3873);
#2895=LINE('',#17991,#3874);
#2896=LINE('',#17993,#3875);
#2897=LINE('',#17995,#3876);
#2898=LINE('',#17997,#3877);
#2899=LINE('',#18003,#3878);
#2900=LINE('',#18011,#3879);
#2901=LINE('',#18019,#3880);
#2902=LINE('',#18026,#3881);
#2903=LINE('',#18028,#3882);
#2904=LINE('',#18030,#3883);
#2905=LINE('',#18031,#3884);
#2906=LINE('',#18034,#3885);
#2907=LINE('',#18036,#3886);
#2908=LINE('',#18037,#3887);
#2909=LINE('',#18040,#3888);
#2910=LINE('',#18042,#3889);
#2911=LINE('',#18043,#3890);
#2912=LINE('',#18045,#3891);
#2913=LINE('',#18046,#3892);
#2914=VECTOR('',#11515,1.);
#2915=VECTOR('',#11524,2.21428571428571);
#2916=VECTOR('',#11539,2.5);
#2917=VECTOR('',#11546,0.714285714285715);
#2918=VECTOR('',#11551,2.5);
#2919=VECTOR('',#11556,0.714285714285715);
#2920=VECTOR('',#11573,1.895);
#2921=VECTOR('',#11576,1.);
#2922=VECTOR('',#11579,0.99999999999962);
#2923=VECTOR('',#11580,1.);
#2924=VECTOR('',#11581,0.99999999999962);
#2925=VECTOR('',#11582,0.99999999999962);
#2926=VECTOR('',#11583,1.);
#2927=VECTOR('',#11584,0.99999999999962);
#2928=VECTOR('',#11587,1.);
#2929=VECTOR('',#11588,1.);
#2930=VECTOR('',#11589,1.);
#2931=VECTOR('',#11592,1.);
#2932=VECTOR('',#11593,0.99999999999962);
#2933=VECTOR('',#11596,1.);
#2934=VECTOR('',#11597,0.99999999999962);
#2935=VECTOR('',#11600,0.99999999999962);
#2936=VECTOR('',#11601,1.);
#2937=VECTOR('',#11602,0.99999999999962);
#2938=VECTOR('',#11605,1.);
#2939=VECTOR('',#11608,1.);
#2940=VECTOR('',#11627,1.895);
#2941=VECTOR('',#11630,1.);
#2942=VECTOR('',#11633,0.99999999999962);
#2943=VECTOR('',#11634,1.);
#2944=VECTOR('',#11635,0.99999999999962);
#2945=VECTOR('',#11636,0.99999999999962);
#2946=VECTOR('',#11637,1.);
#2947=VECTOR('',#11638,0.99999999999962);
#2948=VECTOR('',#11641,1.);
#2949=VECTOR('',#11642,1.);
#2950=VECTOR('',#11643,1.);
#2951=VECTOR('',#11646,1.);
#2952=VECTOR('',#11647,0.99999999999962);
#2953=VECTOR('',#11650,1.);
#2954=VECTOR('',#11651,0.99999999999962);
#2955=VECTOR('',#11654,0.99999999999962);
#2956=VECTOR('',#11655,1.);
#2957=VECTOR('',#11656,0.99999999999962);
#2958=VECTOR('',#11659,1.);
#2959=VECTOR('',#11662,1.);
#2960=VECTOR('',#11671,1.05);
#2961=VECTOR('',#11678,2.);
#2962=VECTOR('',#11685,2.75);
#2963=VECTOR('',#11692,10.);
#2964=VECTOR('',#11697,10.);
#2965=VECTOR('',#11702,10.);
#2966=VECTOR('',#11703,10.);
#2967=VECTOR('',#11706,10.);
#2968=VECTOR('',#11709,10.);
#2969=VECTOR('',#11712,10.);
#2970=VECTOR('',#11715,10.);
#2971=VECTOR('',#11718,10.);
#2972=VECTOR('',#11721,10.);
#2973=VECTOR('',#11724,10.);
#2974=VECTOR('',#11725,10.);
#2975=VECTOR('',#11730,10.);
#2976=VECTOR('',#11735,10.);
#2977=VECTOR('',#11738,10.);
#2978=VECTOR('',#11741,10.);
#2979=VECTOR('',#11742,10.);
#2980=VECTOR('',#11743,10.);
#2981=VECTOR('',#11744,10.);
#2982=VECTOR('',#11747,10.);
#2983=VECTOR('',#11748,10.);
#2984=VECTOR('',#11749,10.);
#2985=VECTOR('',#11752,10.);
#2986=VECTOR('',#11753,10.);
#2987=VECTOR('',#11754,10.);
#2988=VECTOR('',#11757,10.);
#2989=VECTOR('',#11758,10.);
#2990=VECTOR('',#11759,10.);
#2991=VECTOR('',#11762,10.);
#2992=VECTOR('',#11763,10.);
#2993=VECTOR('',#11764,10.);
#2994=VECTOR('',#11765,10.);
#2995=VECTOR('',#11766,10.);
#2996=VECTOR('',#11767,10.);
#2997=VECTOR('',#11768,10.);
#2998=VECTOR('',#11769,10.);
#2999=VECTOR('',#11770,10.);
#3000=VECTOR('',#11771,10.);
#3001=VECTOR('',#11772,10.);
#3002=VECTOR('',#11779,10.);
#3003=VECTOR('',#11780,10.);
#3004=VECTOR('',#11819,10.);
#3005=VECTOR('',#11834,10.);
#3006=VECTOR('',#11835,10.);
#3007=VECTOR('',#11838,10.);
#3008=VECTOR('',#11839,10.);
#3009=VECTOR('',#11842,10.);
#3010=VECTOR('',#11851,10.);
#3011=VECTOR('',#11862,10.);
#3012=VECTOR('',#11865,10.);
#3013=VECTOR('',#11866,10.);
#3014=VECTOR('',#11869,10.);
#3015=VECTOR('',#11908,10.);
#3016=VECTOR('',#11909,10.);
#3017=VECTOR('',#11916,10.);
#3018=VECTOR('',#11917,10.);
#3019=VECTOR('',#11918,10.);
#3020=VECTOR('',#11919,10.);
#3021=VECTOR('',#11920,10.);
#3022=VECTOR('',#11921,10.);
#3023=VECTOR('',#11922,10.);
#3024=VECTOR('',#11923,10.);
#3025=VECTOR('',#11924,10.);
#3026=VECTOR('',#11925,10.);
#3027=VECTOR('',#11926,10.);
#3028=VECTOR('',#11941,10.);
#3029=VECTOR('',#11942,10.);
#3030=VECTOR('',#11945,10.);
#3031=VECTOR('',#11946,10.);
#3032=VECTOR('',#11951,10.);
#3033=VECTOR('',#11952,10.);
#3034=VECTOR('',#11955,10.);
#3035=VECTOR('',#11956,10.);
#3036=VECTOR('',#11961,10.);
#3037=VECTOR('',#11970,1.05);
#3038=VECTOR('',#11975,1.05);
#3039=VECTOR('',#11980,2.);
#3040=VECTOR('',#11987,2.);
#3041=VECTOR('',#11992,2.75);
#3042=VECTOR('',#11999,2.75);
#3043=VECTOR('',#12010,10.);
#3044=VECTOR('',#12013,10.);
#3045=VECTOR('',#12016,10.);
#3046=VECTOR('',#12017,10.);
#3047=VECTOR('',#12026,10.);
#3048=VECTOR('',#12031,10.);
#3049=VECTOR('',#12034,10.);
#3050=VECTOR('',#12037,10.);
#3051=VECTOR('',#12038,10.);
#3052=VECTOR('',#12039,10.);
#3053=VECTOR('',#12042,10.);
#3054=VECTOR('',#12043,10.);
#3055=VECTOR('',#12044,10.);
#3056=VECTOR('',#12047,10.);
#3057=VECTOR('',#12048,10.);
#3058=VECTOR('',#12051,10.);
#3059=VECTOR('',#12052,10.);
#3060=VECTOR('',#12093,0.9);
#3061=VECTOR('',#12098,0.9);
#3062=VECTOR('',#12103,0.9);
#3063=VECTOR('',#12108,0.9);
#3064=VECTOR('',#12111,0.9);
#3065=VECTOR('',#12116,0.9);
#3066=VECTOR('',#12123,0.9);
#3067=VECTOR('',#12130,2.);
#3068=VECTOR('',#12139,2.);
#3069=VECTOR('',#12148,1.99999993983255);
#3070=VECTOR('',#12157,2.);
#3071=VECTOR('',#12166,2.);
#3072=VECTOR('',#12175,2.);
#3073=VECTOR('',#12180,2.75);
#3074=VECTOR('',#12187,2.75);
#3075=VECTOR('',#12194,2.75);
#3076=VECTOR('',#12201,2.75);
#3077=VECTOR('',#12208,2.75);
#3078=VECTOR('',#12215,2.75);
#3079=VECTOR('',#12226,10.);
#3080=VECTOR('',#12257,10.);
#3081=VECTOR('',#12260,10.);
#3082=VECTOR('',#12261,10.);
#3083=VECTOR('',#12264,10.);
#3084=VECTOR('',#12265,10.);
#3085=VECTOR('',#12268,10.);
#3086=VECTOR('',#12271,10.);
#3087=VECTOR('',#12272,10.);
#3088=VECTOR('',#12273,10.);
#3089=VECTOR('',#12276,10.);
#3090=VECTOR('',#12279,10.);
#3091=VECTOR('',#12280,10.);
#3092=VECTOR('',#12281,10.);
#3093=VECTOR('',#12284,10.);
#3094=VECTOR('',#12287,10.);
#3095=VECTOR('',#12290,10.);
#3096=VECTOR('',#12293,10.);
#3097=VECTOR('',#12294,10.);
#3098=VECTOR('',#12295,10.);
#3099=VECTOR('',#12298,10.);
#3100=VECTOR('',#12301,10.);
#3101=VECTOR('',#12302,10.);
#3102=VECTOR('',#12303,10.);
#3103=VECTOR('',#12306,10.);
#3104=VECTOR('',#12309,10.);
#3105=VECTOR('',#12312,10.);
#3106=VECTOR('',#12315,10.);
#3107=VECTOR('',#12316,10.);
#3108=VECTOR('',#12317,10.);
#3109=VECTOR('',#12320,10.);
#3110=VECTOR('',#12323,10.);
#3111=VECTOR('',#12324,10.);
#3112=VECTOR('',#12325,10.);
#3113=VECTOR('',#12328,10.);
#3114=VECTOR('',#12331,10.);
#3115=VECTOR('',#12334,10.);
#3116=VECTOR('',#12337,10.);
#3117=VECTOR('',#12338,10.);
#3118=VECTOR('',#12339,10.);
#3119=VECTOR('',#12342,10.);
#3120=VECTOR('',#12345,10.);
#3121=VECTOR('',#12346,10.);
#3122=VECTOR('',#12347,10.);
#3123=VECTOR('',#12350,10.);
#3124=VECTOR('',#12353,10.);
#3125=VECTOR('',#12356,10.);
#3126=VECTOR('',#12359,10.);
#3127=VECTOR('',#12360,10.);
#3128=VECTOR('',#12361,10.);
#3129=VECTOR('',#12364,10.);
#3130=VECTOR('',#12367,10.);
#3131=VECTOR('',#12368,10.);
#3132=VECTOR('',#12369,10.);
#3133=VECTOR('',#12372,10.);
#3134=VECTOR('',#12373,10.);
#3135=VECTOR('',#12374,10.);
#3136=VECTOR('',#12379,10.);
#3137=VECTOR('',#12382,10.);
#3138=VECTOR('',#12385,10.);
#3139=VECTOR('',#12388,10.);
#3140=VECTOR('',#12391,10.);
#3141=VECTOR('',#12392,10.);
#3142=VECTOR('',#12395,10.);
#3143=VECTOR('',#12406,10.);
#3144=VECTOR('',#12409,10.);
#3145=VECTOR('',#12412,10.);
#3146=VECTOR('',#12415,10.);
#3147=VECTOR('',#12418,10.);
#3148=VECTOR('',#12421,10.);
#3149=VECTOR('',#12424,10.);
#3150=VECTOR('',#12425,10.);
#3151=VECTOR('',#12430,10.);
#3152=VECTOR('',#12433,10.);
#3153=VECTOR('',#12436,10.);
#3154=VECTOR('',#12439,10.);
#3155=VECTOR('',#12440,10.);
#3156=VECTOR('',#12445,10.);
#3157=VECTOR('',#12448,10.);
#3158=VECTOR('',#12451,10.);
#3159=VECTOR('',#12454,10.);
#3160=VECTOR('',#12455,10.);
#3161=VECTOR('',#12456,10.);
#3162=VECTOR('',#12457,10.);
#3163=VECTOR('',#12458,10.);
#3164=VECTOR('',#12461,10.);
#3165=VECTOR('',#12462,10.);
#3166=VECTOR('',#12463,10.);
#3167=VECTOR('',#12464,10.);
#3168=VECTOR('',#12465,10.);
#3169=VECTOR('',#12468,10.);
#3170=VECTOR('',#12471,10.);
#3171=VECTOR('',#12478,10.);
#3172=VECTOR('',#12479,10.);
#3173=VECTOR('',#12480,10.);
#3174=VECTOR('',#12481,10.);
#3175=VECTOR('',#12486,10.);
#3176=VECTOR('',#12487,10.);
#3177=VECTOR('',#12488,10.);
#3178=VECTOR('',#12491,10.);
#3179=VECTOR('',#12498,10.);
#3180=VECTOR('',#12501,10.);
#3181=VECTOR('',#12506,10.);
#3182=VECTOR('',#12507,10.);
#3183=VECTOR('',#12508,10.);
#3184=VECTOR('',#12513,10.);
#3185=VECTOR('',#12514,10.);
#3186=VECTOR('',#12519,10.);
#3187=VECTOR('',#12522,10.);
#3188=VECTOR('',#12527,10.);
#3189=VECTOR('',#12528,10.);
#3190=VECTOR('',#12529,10.);
#3191=VECTOR('',#12532,10.);
#3192=VECTOR('',#12535,10.);
#3193=VECTOR('',#12540,10.);
#3194=VECTOR('',#12543,10.);
#3195=VECTOR('',#12544,10.);
#3196=VECTOR('',#12545,10.);
#3197=VECTOR('',#12546,10.);
#3198=VECTOR('',#12549,10.);
#3199=VECTOR('',#12550,10.);
#3200=VECTOR('',#12551,10.);
#3201=VECTOR('',#12552,10.);
#3202=VECTOR('',#12555,10.);
#3203=VECTOR('',#12556,10.);
#3204=VECTOR('',#12557,10.);
#3205=VECTOR('',#12558,10.);
#3206=VECTOR('',#12563,10.);
#3207=VECTOR('',#12568,10.);
#3208=VECTOR('',#12569,10.);
#3209=VECTOR('',#12570,10.);
#3210=VECTOR('',#12575,10.);
#3211=VECTOR('',#12580,10.);
#3212=VECTOR('',#12581,10.);
#3213=VECTOR('',#12582,10.);
#3214=VECTOR('',#12585,10.);
#3215=VECTOR('',#12586,10.);
#3216=VECTOR('',#12587,10.);
#3217=VECTOR('',#12590,10.);
#3218=VECTOR('',#12591,10.);
#3219=VECTOR('',#12592,10.);
#3220=VECTOR('',#12593,10.);
#3221=VECTOR('',#12598,10.);
#3222=VECTOR('',#12603,10.);
#3223=VECTOR('',#12604,10.);
#3224=VECTOR('',#12605,10.);
#3225=VECTOR('',#12614,10.);
#3226=VECTOR('',#12615,10.);
#3227=VECTOR('',#12616,10.);
#3228=VECTOR('',#12619,10.);
#3229=VECTOR('',#12620,10.);
#3230=VECTOR('',#12621,10.);
#3231=VECTOR('',#12622,10.);
#3232=VECTOR('',#12633,10.);
#3233=VECTOR('',#12636,10.);
#3234=VECTOR('',#12637,10.);
#3235=VECTOR('',#12638,10.);
#3236=VECTOR('',#12639,10.);
#3237=VECTOR('',#12644,10.);
#3238=VECTOR('',#12649,10.);
#3239=VECTOR('',#12650,10.);
#3240=VECTOR('',#12651,10.);
#3241=VECTOR('',#12656,10.);
#3242=VECTOR('',#12661,10.);
#3243=VECTOR('',#12662,10.);
#3244=VECTOR('',#12665,10.);
#3245=VECTOR('',#12666,10.);
#3246=VECTOR('',#12667,10.);
#3247=VECTOR('',#12668,10.);
#3248=VECTOR('',#12669,10.);
#3249=VECTOR('',#12670,10.);
#3250=VECTOR('',#12671,10.);
#3251=VECTOR('',#12672,10.);
#3252=VECTOR('',#12673,10.);
#3253=VECTOR('',#12674,10.);
#3254=VECTOR('',#12675,10.);
#3255=VECTOR('',#12676,10.);
#3256=VECTOR('',#12677,10.);
#3257=VECTOR('',#12678,10.);
#3258=VECTOR('',#12679,10.);
#3259=VECTOR('',#12680,10.);
#3260=VECTOR('',#12681,10.);
#3261=VECTOR('',#12682,10.);
#3262=VECTOR('',#12685,10.);
#3263=VECTOR('',#12686,10.);
#3264=VECTOR('',#12687,10.);
#3265=VECTOR('',#12692,10.);
#3266=VECTOR('',#12699,10.);
#3267=VECTOR('',#12700,10.);
#3268=VECTOR('',#12703,10.);
#3269=VECTOR('',#12704,10.);
#3270=VECTOR('',#12705,10.);
#3271=VECTOR('',#12706,10.);
#3272=VECTOR('',#12711,10.);
#3273=VECTOR('',#12716,10.);
#3274=VECTOR('',#12717,10.);
#3275=VECTOR('',#12718,10.);
#3276=VECTOR('',#12723,10.);
#3277=VECTOR('',#12728,10.);
#3278=VECTOR('',#12729,10.);
#3279=VECTOR('',#12730,10.);
#3280=VECTOR('',#12733,10.);
#3281=VECTOR('',#12734,10.);
#3282=VECTOR('',#12735,10.);
#3283=VECTOR('',#12738,10.);
#3284=VECTOR('',#12739,10.);
#3285=VECTOR('',#12740,10.);
#3286=VECTOR('',#12741,10.);
#3287=VECTOR('',#12746,10.);
#3288=VECTOR('',#12751,10.);
#3289=VECTOR('',#12752,10.);
#3290=VECTOR('',#12753,10.);
#3291=VECTOR('',#12758,10.);
#3292=VECTOR('',#12763,10.);
#3293=VECTOR('',#12764,10.);
#3294=VECTOR('',#12767,10.);
#3295=VECTOR('',#12768,10.);
#3296=VECTOR('',#12769,10.);
#3297=VECTOR('',#12770,10.);
#3298=VECTOR('',#12775,10.);
#3299=VECTOR('',#12780,10.);
#3300=VECTOR('',#12781,10.);
#3301=VECTOR('',#12782,10.);
#3302=VECTOR('',#12787,10.);
#3303=VECTOR('',#12792,10.);
#3304=VECTOR('',#12793,10.);
#3305=VECTOR('',#12794,10.);
#3306=VECTOR('',#12797,10.);
#3307=VECTOR('',#12798,10.);
#3308=VECTOR('',#12799,10.);
#3309=VECTOR('',#12802,2.);
#3310=VECTOR('',#12805,10.);
#3311=VECTOR('',#12806,10.);
#3312=VECTOR('',#12809,10.);
#3313=VECTOR('',#12810,10.);
#3314=VECTOR('',#12811,10.);
#3315=VECTOR('',#12816,10.);
#3316=VECTOR('',#12817,10.);
#3317=VECTOR('',#12818,10.);
#3318=VECTOR('',#12821,10.);
#3319=VECTOR('',#12822,10.);
#3320=VECTOR('',#12823,10.);
#3321=VECTOR('',#12826,10.);
#3322=VECTOR('',#12827,10.);
#3323=VECTOR('',#12828,10.);
#3324=VECTOR('',#12831,10.);
#3325=VECTOR('',#12832,10.);
#3326=VECTOR('',#12833,10.);
#3327=VECTOR('',#12834,10.);
#3328=VECTOR('',#12835,10.);
#3329=VECTOR('',#12836,10.);
#3330=VECTOR('',#12837,10.);
#3331=VECTOR('',#12838,10.);
#3332=VECTOR('',#12839,10.);
#3333=VECTOR('',#12840,10.);
#3334=VECTOR('',#12841,10.);
#3335=VECTOR('',#12842,10.);
#3336=VECTOR('',#12843,10.);
#3337=VECTOR('',#12844,10.);
#3338=VECTOR('',#12847,10.);
#3339=VECTOR('',#12850,10.);
#3340=VECTOR('',#12853,10.);
#3341=VECTOR('',#12856,10.);
#3342=VECTOR('',#12859,10.);
#3343=VECTOR('',#12862,10.);
#3344=VECTOR('',#12863,10.);
#3345=VECTOR('',#12866,10.);
#3346=VECTOR('',#12867,10.);
#3347=VECTOR('',#12870,10.);
#3348=VECTOR('',#12873,10.);
#3349=VECTOR('',#12874,10.);
#3350=VECTOR('',#12877,10.);
#3351=VECTOR('',#12880,10.);
#3352=VECTOR('',#12883,10.);
#3353=VECTOR('',#12886,10.);
#3354=VECTOR('',#12889,10.);
#3355=VECTOR('',#12890,10.);
#3356=VECTOR('',#12893,10.);
#3357=VECTOR('',#12894,10.);
#3358=VECTOR('',#12897,10.);
#3359=VECTOR('',#12900,10.);
#3360=VECTOR('',#12901,10.);
#3361=VECTOR('',#12904,10.);
#3362=VECTOR('',#12907,10.);
#3363=VECTOR('',#12910,10.);
#3364=VECTOR('',#12919,10.);
#3365=VECTOR('',#12920,10.);
#3366=VECTOR('',#12923,10.);
#3367=VECTOR('',#12924,10.);
#3368=VECTOR('',#12925,10.);
#3369=VECTOR('',#12930,10.);
#3370=VECTOR('',#12935,10.);
#3371=VECTOR('',#12938,10.);
#3372=VECTOR('',#12943,10.);
#3373=VECTOR('',#12944,10.);
#3374=VECTOR('',#12945,10.);
#3375=VECTOR('',#12946,10.);
#3376=VECTOR('',#12947,10.);
#3377=VECTOR('',#12948,10.);
#3378=VECTOR('',#12949,10.);
#3379=VECTOR('',#12950,10.);
#3380=VECTOR('',#12951,10.);
#3381=VECTOR('',#12952,10.);
#3382=VECTOR('',#12953,10.);
#3383=VECTOR('',#12958,10.);
#3384=VECTOR('',#12959,10.);
#3385=VECTOR('',#12962,10.);
#3386=VECTOR('',#12969,10.);
#3387=VECTOR('',#12972,10.);
#3388=VECTOR('',#12973,10.);
#3389=VECTOR('',#12974,10.);
#3390=VECTOR('',#12975,10.);
#3391=VECTOR('',#12976,10.);
#3392=VECTOR('',#12977,10.);
#3393=VECTOR('',#12978,10.);
#3394=VECTOR('',#12979,10.);
#3395=VECTOR('',#12980,10.);
#3396=VECTOR('',#12981,10.);
#3397=VECTOR('',#12982,10.);
#3398=VECTOR('',#12989,10.);
#3399=VECTOR('',#12990,10.);
#3400=VECTOR('',#12995,10.);
#3401=VECTOR('',#13002,10.);
#3402=VECTOR('',#13005,2.75);
#3403=VECTOR('',#13016,2.);
#3404=VECTOR('',#13019,10.);
#3405=VECTOR('',#13024,10.);
#3406=VECTOR('',#13029,10.);
#3407=VECTOR('',#13030,10.);
#3408=VECTOR('',#13033,10.);
#3409=VECTOR('',#13034,10.);
#3410=VECTOR('',#13037,10.);
#3411=VECTOR('',#13040,10.);
#3412=VECTOR('',#13045,10.);
#3413=VECTOR('',#13046,10.);
#3414=VECTOR('',#13051,10.);
#3415=VECTOR('',#13052,10.);
#3416=VECTOR('',#13053,10.);
#3417=VECTOR('',#13054,10.);
#3418=VECTOR('',#13057,10.);
#3419=VECTOR('',#13058,10.);
#3420=VECTOR('',#13059,10.);
#3421=VECTOR('',#13060,10.);
#3422=VECTOR('',#13063,10.);
#3423=VECTOR('',#13064,10.);
#3424=VECTOR('',#13065,10.);
#3425=VECTOR('',#13068,10.);
#3426=VECTOR('',#13069,10.);
#3427=VECTOR('',#13070,10.);
#3428=VECTOR('',#13075,10.);
#3429=VECTOR('',#13076,10.);
#3430=VECTOR('',#13077,10.);
#3431=VECTOR('',#13080,10.);
#3432=VECTOR('',#13087,10.);
#3433=VECTOR('',#13090,10.);
#3434=VECTOR('',#13093,10.);
#3435=VECTOR('',#13094,10.);
#3436=VECTOR('',#13097,10.);
#3437=VECTOR('',#13098,10.);
#3438=VECTOR('',#13101,10.);
#3439=VECTOR('',#13104,10.);
#3440=VECTOR('',#13109,10.);
#3441=VECTOR('',#13118,10.);
#3442=VECTOR('',#13121,10.);
#3443=VECTOR('',#13124,10.);
#3444=VECTOR('',#13131,10.);
#3445=VECTOR('',#13134,10.);
#3446=VECTOR('',#13135,10.);
#3447=VECTOR('',#13140,10.);
#3448=VECTOR('',#13145,10.);
#3449=VECTOR('',#13146,10.);
#3450=VECTOR('',#13151,10.);
#3451=VECTOR('',#13154,10.);
#3452=VECTOR('',#13155,10.);
#3453=VECTOR('',#13158,10.);
#3454=VECTOR('',#13159,10.);
#3455=VECTOR('',#13160,10.);
#3456=VECTOR('',#13161,10.);
#3457=VECTOR('',#13162,10.);
#3458=VECTOR('',#13163,10.);
#3459=VECTOR('',#13164,10.);
#3460=VECTOR('',#13165,10.);
#3461=VECTOR('',#13166,10.);
#3462=VECTOR('',#13167,10.);
#3463=VECTOR('',#13168,10.);
#3464=VECTOR('',#13171,10.);
#3465=VECTOR('',#13172,10.);
#3466=VECTOR('',#13173,10.);
#3467=VECTOR('',#13174,10.);
#3468=VECTOR('',#13179,2.75);
#3469=VECTOR('',#13184,10.);
#3470=VECTOR('',#13193,2.75);
#3471=VECTOR('',#13198,10.);
#3472=VECTOR('',#13205,2.75);
#3473=VECTOR('',#13214,2.);
#3474=VECTOR('',#13219,2.);
#3475=VECTOR('',#13226,2.);
#3476=VECTOR('',#13231,10.);
#3477=VECTOR('',#13240,10.);
#3478=VECTOR('',#13245,10.);
#3479=VECTOR('',#13250,10.);
#3480=VECTOR('',#13253,10.);
#3481=VECTOR('',#13254,10.);
#3482=VECTOR('',#13259,10.);
#3483=VECTOR('',#13260,10.);
#3484=VECTOR('',#13261,10.);
#3485=VECTOR('',#13266,10.);
#3486=VECTOR('',#13269,10.);
#3487=VECTOR('',#13270,10.);
#3488=VECTOR('',#13271,10.);
#3489=VECTOR('',#13272,10.);
#3490=VECTOR('',#13273,10.);
#3491=VECTOR('',#13280,10.);
#3492=VECTOR('',#13283,10.);
#3493=VECTOR('',#13286,10.);
#3494=VECTOR('',#13287,10.);
#3495=VECTOR('',#13288,10.);
#3496=VECTOR('',#13289,10.);
#3497=VECTOR('',#13292,10.);
#3498=VECTOR('',#13293,10.);
#3499=VECTOR('',#13294,10.);
#3500=VECTOR('',#13295,10.);
#3501=VECTOR('',#13298,10.);
#3502=VECTOR('',#13299,10.);
#3503=VECTOR('',#13300,10.);
#3504=VECTOR('',#13303,10.);
#3505=VECTOR('',#13304,10.);
#3506=VECTOR('',#13305,10.);
#3507=VECTOR('',#13310,10.);
#3508=VECTOR('',#13311,10.);
#3509=VECTOR('',#13316,10.);
#3510=VECTOR('',#13317,10.);
#3511=VECTOR('',#13320,10.);
#3512=VECTOR('',#13321,10.);
#3513=VECTOR('',#13324,10.);
#3514=VECTOR('',#13325,10.);
#3515=VECTOR('',#13328,10.);
#3516=VECTOR('',#13329,10.);
#3517=VECTOR('',#13330,10.);
#3518=VECTOR('',#13333,10.);
#3519=VECTOR('',#13334,10.);
#3520=VECTOR('',#13337,10.);
#3521=VECTOR('',#13338,10.);
#3522=VECTOR('',#13341,10.);
#3523=VECTOR('',#13344,10.);
#3524=VECTOR('',#13345,10.);
#3525=VECTOR('',#13348,10.);
#3526=VECTOR('',#13363,10.);
#3527=VECTOR('',#13364,10.);
#3528=VECTOR('',#13365,10.);
#3529=VECTOR('',#13368,10.);
#3530=VECTOR('',#13369,10.);
#3531=VECTOR('',#13370,10.);
#3532=VECTOR('',#13379,10.);
#3533=VECTOR('',#13380,10.);
#3534=VECTOR('',#13383,10.);
#3535=VECTOR('',#13384,10.);
#3536=VECTOR('',#13399,0.195);
#3537=VECTOR('',#13406,10.);
#3538=VECTOR('',#13407,10.);
#3539=VECTOR('',#13408,10.);
#3540=VECTOR('',#13409,10.);
#3541=VECTOR('',#13412,10.);
#3542=VECTOR('',#13413,10.);
#3543=VECTOR('',#13414,10.);
#3544=VECTOR('',#13417,10.);
#3545=VECTOR('',#13418,10.);
#3546=VECTOR('',#13419,10.);
#3547=VECTOR('',#13422,10.);
#3548=VECTOR('',#13423,10.);
#3549=VECTOR('',#13426,10.);
#3550=VECTOR('',#13427,10.);
#3551=VECTOR('',#13428,10.);
#3552=VECTOR('',#13431,10.);
#3553=VECTOR('',#13432,10.);
#3554=VECTOR('',#13437,10.);
#3555=VECTOR('',#13438,10.);
#3556=VECTOR('',#13439,10.);
#3557=VECTOR('',#13440,10.);
#3558=VECTOR('',#13443,10.);
#3559=VECTOR('',#13444,10.);
#3560=VECTOR('',#13447,10.);
#3561=VECTOR('',#13448,10.);
#3562=VECTOR('',#13449,10.);
#3563=VECTOR('',#13452,10.);
#3564=VECTOR('',#13455,10.);
#3565=VECTOR('',#13464,10.);
#3566=VECTOR('',#13467,10.);
#3567=VECTOR('',#13468,10.);
#3568=VECTOR('',#13469,10.);
#3569=VECTOR('',#13472,10.);
#3570=VECTOR('',#13475,10.);
#3571=VECTOR('',#13476,10.);
#3572=VECTOR('',#13477,10.);
#3573=VECTOR('',#13480,10.);
#3574=VECTOR('',#13481,10.);
#3575=VECTOR('',#13482,10.);
#3576=VECTOR('',#13487,10.);
#3577=VECTOR('',#13490,10.);
#3578=VECTOR('',#13491,10.);
#3579=VECTOR('',#13494,10.);
#3580=VECTOR('',#13495,10.);
#3581=VECTOR('',#13498,10.);
#3582=VECTOR('',#13499,10.);
#3583=VECTOR('',#13504,10.);
#3584=VECTOR('',#13507,10.);
#3585=VECTOR('',#13508,10.);
#3586=VECTOR('',#13513,10.);
#3587=VECTOR('',#13516,10.);
#3588=VECTOR('',#13517,10.);
#3589=VECTOR('',#13520,10.);
#3590=VECTOR('',#13521,10.);
#3591=VECTOR('',#13524,10.);
#3592=VECTOR('',#13525,10.);
#3593=VECTOR('',#13536,10.);
#3594=VECTOR('',#13537,10.);
#3595=VECTOR('',#13538,10.);
#3596=VECTOR('',#13541,10.);
#3597=VECTOR('',#13544,10.);
#3598=VECTOR('',#13545,10.);
#3599=VECTOR('',#13546,10.);
#3600=VECTOR('',#13549,10.);
#3601=VECTOR('',#13552,10.);
#3602=VECTOR('',#13553,10.);
#3603=VECTOR('',#13554,10.);
#3604=VECTOR('',#13557,10.);
#3605=VECTOR('',#13562,10.);
#3606=VECTOR('',#13563,10.);
#3607=VECTOR('',#13566,10.);
#3608=VECTOR('',#13567,10.);
#3609=VECTOR('',#13570,10.);
#3610=VECTOR('',#13571,10.);
#3611=VECTOR('',#13574,10.);
#3612=VECTOR('',#13579,10.);
#3613=VECTOR('',#13580,10.);
#3614=VECTOR('',#13583,10.);
#3615=VECTOR('',#13588,10.);
#3616=VECTOR('',#13589,10.);
#3617=VECTOR('',#13592,10.);
#3618=VECTOR('',#13593,10.);
#3619=VECTOR('',#13596,10.);
#3620=VECTOR('',#13597,10.);
#3621=VECTOR('',#13608,10.);
#3622=VECTOR('',#13611,10.);
#3623=VECTOR('',#13612,10.);
#3624=VECTOR('',#13613,10.);
#3625=VECTOR('',#13616,10.);
#3626=VECTOR('',#13619,10.);
#3627=VECTOR('',#13620,10.);
#3628=VECTOR('',#13621,10.);
#3629=VECTOR('',#13624,10.);
#3630=VECTOR('',#13625,10.);
#3631=VECTOR('',#13626,10.);
#3632=VECTOR('',#13631,10.);
#3633=VECTOR('',#13634,10.);
#3634=VECTOR('',#13635,10.);
#3635=VECTOR('',#13638,10.);
#3636=VECTOR('',#13639,10.);
#3637=VECTOR('',#13642,10.);
#3638=VECTOR('',#13643,10.);
#3639=VECTOR('',#13648,10.);
#3640=VECTOR('',#13651,10.);
#3641=VECTOR('',#13652,10.);
#3642=VECTOR('',#13657,10.);
#3643=VECTOR('',#13660,10.);
#3644=VECTOR('',#13661,10.);
#3645=VECTOR('',#13664,10.);
#3646=VECTOR('',#13665,10.);
#3647=VECTOR('',#13668,10.);
#3648=VECTOR('',#13669,10.);
#3649=VECTOR('',#13680,10.);
#3650=VECTOR('',#13683,10.);
#3651=VECTOR('',#13684,10.);
#3652=VECTOR('',#13685,10.);
#3653=VECTOR('',#13688,10.);
#3654=VECTOR('',#13691,10.);
#3655=VECTOR('',#13692,10.);
#3656=VECTOR('',#13693,10.);
#3657=VECTOR('',#13696,10.);
#3658=VECTOR('',#13697,10.);
#3659=VECTOR('',#13698,10.);
#3660=VECTOR('',#13703,10.);
#3661=VECTOR('',#13706,10.);
#3662=VECTOR('',#13707,10.);
#3663=VECTOR('',#13710,10.);
#3664=VECTOR('',#13711,10.);
#3665=VECTOR('',#13714,10.);
#3666=VECTOR('',#13715,10.);
#3667=VECTOR('',#13720,10.);
#3668=VECTOR('',#13723,10.);
#3669=VECTOR('',#13724,10.);
#3670=VECTOR('',#13729,10.);
#3671=VECTOR('',#13732,10.);
#3672=VECTOR('',#13733,10.);
#3673=VECTOR('',#13736,10.);
#3674=VECTOR('',#13737,10.);
#3675=VECTOR('',#13740,10.);
#3676=VECTOR('',#13741,10.);
#3677=VECTOR('',#13752,10.);
#3678=VECTOR('',#13755,10.);
#3679=VECTOR('',#13756,10.);
#3680=VECTOR('',#13757,10.);
#3681=VECTOR('',#13760,10.);
#3682=VECTOR('',#13763,10.);
#3683=VECTOR('',#13764,10.);
#3684=VECTOR('',#13765,10.);
#3685=VECTOR('',#13768,10.);
#3686=VECTOR('',#13769,10.);
#3687=VECTOR('',#13770,10.);
#3688=VECTOR('',#13775,10.);
#3689=VECTOR('',#13778,10.);
#3690=VECTOR('',#13779,10.);
#3691=VECTOR('',#13782,10.);
#3692=VECTOR('',#13783,10.);
#3693=VECTOR('',#13786,10.);
#3694=VECTOR('',#13787,10.);
#3695=VECTOR('',#13792,10.);
#3696=VECTOR('',#13795,10.);
#3697=VECTOR('',#13796,10.);
#3698=VECTOR('',#13801,10.);
#3699=VECTOR('',#13804,10.);
#3700=VECTOR('',#13805,10.);
#3701=VECTOR('',#13808,10.);
#3702=VECTOR('',#13809,10.);
#3703=VECTOR('',#13812,10.);
#3704=VECTOR('',#13813,10.);
#3705=VECTOR('',#13824,10.);
#3706=VECTOR('',#13825,10.);
#3707=VECTOR('',#13826,10.);
#3708=VECTOR('',#13829,10.);
#3709=VECTOR('',#13832,10.);
#3710=VECTOR('',#13833,10.);
#3711=VECTOR('',#13834,10.);
#3712=VECTOR('',#13837,10.);
#3713=VECTOR('',#13840,10.);
#3714=VECTOR('',#13841,10.);
#3715=VECTOR('',#13842,10.);
#3716=VECTOR('',#13845,10.);
#3717=VECTOR('',#13850,10.);
#3718=VECTOR('',#13851,10.);
#3719=VECTOR('',#13854,10.);
#3720=VECTOR('',#13855,10.);
#3721=VECTOR('',#13858,10.);
#3722=VECTOR('',#13859,10.);
#3723=VECTOR('',#13862,10.);
#3724=VECTOR('',#13867,10.);
#3725=VECTOR('',#13868,10.);
#3726=VECTOR('',#13871,10.);
#3727=VECTOR('',#13876,10.);
#3728=VECTOR('',#13877,10.);
#3729=VECTOR('',#13880,10.);
#3730=VECTOR('',#13881,10.);
#3731=VECTOR('',#13884,10.);
#3732=VECTOR('',#13885,10.);
#3733=VECTOR('',#13896,10.);
#3734=VECTOR('',#13897,10.);
#3735=VECTOR('',#13898,10.);
#3736=VECTOR('',#13901,10.);
#3737=VECTOR('',#13904,10.);
#3738=VECTOR('',#13905,10.);
#3739=VECTOR('',#13906,10.);
#3740=VECTOR('',#13909,10.);
#3741=VECTOR('',#13912,10.);
#3742=VECTOR('',#13913,10.);
#3743=VECTOR('',#13914,10.);
#3744=VECTOR('',#13917,10.);
#3745=VECTOR('',#13922,10.);
#3746=VECTOR('',#13923,10.);
#3747=VECTOR('',#13926,10.);
#3748=VECTOR('',#13927,10.);
#3749=VECTOR('',#13930,10.);
#3750=VECTOR('',#13931,10.);
#3751=VECTOR('',#13934,10.);
#3752=VECTOR('',#13939,10.);
#3753=VECTOR('',#13940,10.);
#3754=VECTOR('',#13943,10.);
#3755=VECTOR('',#13948,10.);
#3756=VECTOR('',#13949,10.);
#3757=VECTOR('',#13952,10.);
#3758=VECTOR('',#13953,10.);
#3759=VECTOR('',#13956,10.);
#3760=VECTOR('',#13957,10.);
#3761=VECTOR('',#13968,10.);
#3762=VECTOR('',#13969,10.);
#3763=VECTOR('',#13970,10.);
#3764=VECTOR('',#13973,10.);
#3765=VECTOR('',#13976,10.);
#3766=VECTOR('',#13977,10.);
#3767=VECTOR('',#13978,10.);
#3768=VECTOR('',#13981,10.);
#3769=VECTOR('',#13984,10.);
#3770=VECTOR('',#13985,10.);
#3771=VECTOR('',#13986,10.);
#3772=VECTOR('',#13989,10.);
#3773=VECTOR('',#13994,10.);
#3774=VECTOR('',#13995,10.);
#3775=VECTOR('',#13998,10.);
#3776=VECTOR('',#13999,10.);
#3777=VECTOR('',#14002,10.);
#3778=VECTOR('',#14003,10.);
#3779=VECTOR('',#14006,10.);
#3780=VECTOR('',#14011,10.);
#3781=VECTOR('',#14012,10.);
#3782=VECTOR('',#14015,10.);
#3783=VECTOR('',#14020,10.);
#3784=VECTOR('',#14021,10.);
#3785=VECTOR('',#14024,10.);
#3786=VECTOR('',#14025,10.);
#3787=VECTOR('',#14028,10.);
#3788=VECTOR('',#14029,10.);
#3789=VECTOR('',#14058,1.);
#3790=VECTOR('',#14059,1.);
#3791=VECTOR('',#14094,1.);
#3792=VECTOR('',#14095,1.);
#3793=VECTOR('',#14098,1.);
#3794=VECTOR('',#14099,1.);
#3795=VECTOR('',#14118,1.);
#3796=VECTOR('',#14119,1.);
#3797=VECTOR('',#14122,1.);
#3798=VECTOR('',#14123,1.);
#3799=VECTOR('',#14126,1.);
#3800=VECTOR('',#14127,1.);
#3801=VECTOR('',#14130,1.);
#3802=VECTOR('',#14131,1.);
#3803=VECTOR('',#14134,1.);
#3804=VECTOR('',#14135,1.);
#3805=VECTOR('',#14138,1.);
#3806=VECTOR('',#14139,1.);
#3807=VECTOR('',#14142,1.);
#3808=VECTOR('',#14143,1.);
#3809=VECTOR('',#14146,1.);
#3810=VECTOR('',#14147,1.);
#3811=VECTOR('',#14150,1.);
#3812=VECTOR('',#14151,1.);
#3813=VECTOR('',#14180,1.);
#3814=VECTOR('',#14181,1.);
#3815=VECTOR('',#14216,1.);
#3816=VECTOR('',#14217,1.);
#3817=VECTOR('',#14220,1.);
#3818=VECTOR('',#14221,1.);
#3819=VECTOR('',#14240,1.);
#3820=VECTOR('',#14241,1.);
#3821=VECTOR('',#14244,1.);
#3822=VECTOR('',#14245,1.);
#3823=VECTOR('',#14248,1.);
#3824=VECTOR('',#14249,1.);
#3825=VECTOR('',#14252,1.);
#3826=VECTOR('',#14253,1.);
#3827=VECTOR('',#14256,1.);
#3828=VECTOR('',#14257,1.);
#3829=VECTOR('',#14260,1.);
#3830=VECTOR('',#14261,1.);
#3831=VECTOR('',#14264,1.);
#3832=VECTOR('',#14265,1.);
#3833=VECTOR('',#14268,1.);
#3834=VECTOR('',#14269,1.);
#3835=VECTOR('',#14272,1.);
#3836=VECTOR('',#14273,1.);
#3837=VECTOR('',#14286,1.);
#3838=VECTOR('',#14287,1.);
#3839=VECTOR('',#14288,1.);
#3840=VECTOR('',#14289,1.);
#3841=VECTOR('',#14292,1.);
#3842=VECTOR('',#14293,1.);
#3843=VECTOR('',#14294,1.);
#3844=VECTOR('',#14295,1.);
#3845=VECTOR('',#14298,1.);
#3846=VECTOR('',#14299,1.);
#3847=VECTOR('',#14302,1.);
#3848=VECTOR('',#14305,1.);
#3849=VECTOR('',#14310,10.);
#3850=VECTOR('',#14311,10.);
#3851=VECTOR('',#14312,10.);
#3852=VECTOR('',#14313,10.);
#3853=VECTOR('',#14316,10.);
#3854=VECTOR('',#14317,10.);
#3855=VECTOR('',#14318,10.);
#3856=VECTOR('',#14319,10.);
#3857=VECTOR('',#14324,10.);
#3858=VECTOR('',#14325,10.);
#3859=VECTOR('',#14328,10.);
#3860=VECTOR('',#14329,10.);
#3861=VECTOR('',#14330,10.);
#3862=VECTOR('',#14339,10.);
#3863=VECTOR('',#14340,10.);
#3864=VECTOR('',#14343,10.);
#3865=VECTOR('',#14348,10.);
#3866=VECTOR('',#14349,10.);
#3867=VECTOR('',#14350,10.);
#3868=VECTOR('',#14353,10.);
#3869=VECTOR('',#14354,10.);
#3870=VECTOR('',#14357,10.);
#3871=VECTOR('',#14358,10.);
#3872=VECTOR('',#14359,10.);
#3873=VECTOR('',#14362,10.);
#3874=VECTOR('',#14367,10.);
#3875=VECTOR('',#14370,10.);
#3876=VECTOR('',#14373,10.);
#3877=VECTOR('',#14376,10.);
#3878=VECTOR('',#14383,0.75);
#3879=VECTOR('',#14394,0.75);
#3880=VECTOR('',#14405,0.75);
#3881=VECTOR('',#14414,10.);
#3882=VECTOR('',#14415,10.);
#3883=VECTOR('',#14416,10.);
#3884=VECTOR('',#14417,10.);
#3885=VECTOR('',#14420,10.);
#3886=VECTOR('',#14421,10.);
#3887=VECTOR('',#14422,10.);
#3888=VECTOR('',#14425,10.);
#3889=VECTOR('',#14426,10.);
#3890=VECTOR('',#14427,10.);
#3891=VECTOR('',#14430,10.);
#3892=VECTOR('',#14431,10.);
#3893=CIRCLE('',#10514,1.);
#3894=CIRCLE('',#10515,1.);
#3895=CIRCLE('',#10517,2.21428571428571);
#3896=CIRCLE('',#10518,2.21428571428571);
#3897=CIRCLE('',#10519,2.21428571428571);
#3898=CIRCLE('',#10520,2.21428571428571);
#3899=CIRCLE('',#10522,2.5);
#3900=CIRCLE('',#10524,2.5);
#3901=CIRCLE('',#10526,2.5);
#3902=CIRCLE('',#10527,2.5);
#3903=CIRCLE('',#10530,2.5);
#3904=CIRCLE('',#10531,2.5);
#3905=CIRCLE('',#10535,1.);
#3906=CIRCLE('',#10537,1.895);
#3907=CIRCLE('',#10538,1.);
#3908=CIRCLE('',#10540,1.895);
#3909=CIRCLE('',#10552,1.);
#3910=CIRCLE('',#10554,1.895);
#3911=CIRCLE('',#10555,1.);
#3912=CIRCLE('',#10557,1.895);
#3913=CIRCLE('',#10569,1.05);
#3914=CIRCLE('',#10570,1.05);
#3915=CIRCLE('',#10572,1.25);
#3916=CIRCLE('',#10573,2.);
#3917=CIRCLE('',#10575,2.75);
#3918=CIRCLE('',#10576,2.75);
#3919=CIRCLE('',#10579,2.75);
#3920=CIRCLE('',#10580,2.75);
#3921=CIRCLE('',#10581,2.75);
#3922=CIRCLE('',#10582,2.75);
#3923=CIRCLE('',#10583,3.);
#3924=CIRCLE('',#10584,3.);
#3925=CIRCLE('',#10585,3.);
#3926=CIRCLE('',#10586,3.);
#3927=CIRCLE('',#10588,3.);
#3928=CIRCLE('',#10591,3.);
#3929=CIRCLE('',#10593,1.59949054878856);
#3930=CIRCLE('',#10594,1.59949054878856);
#3931=CIRCLE('',#10599,3.);
#3932=CIRCLE('',#10600,0.857142857142855);
#3933=CIRCLE('',#10601,0.714285714285713);
#3934=CIRCLE('',#10602,1.42857142857143);
#3935=CIRCLE('',#10603,3.5714286705484);
#3936=CIRCLE('',#10604,3.57142321054486);
#3937=CIRCLE('',#10605,3.57142927621382);
#3938=CIRCLE('',#10606,6.28657701837621);
#3939=CIRCLE('',#10607,3.57142931938633);
#3940=CIRCLE('',#10608,3.57142927573746);
#3941=CIRCLE('',#10609,6.28657700906105);
#3942=CIRCLE('',#10610,3.57142932042618);
#3943=CIRCLE('',#10611,3.57142927701031);
#3944=CIRCLE('',#10612,6.28657702171792);
#3945=CIRCLE('',#10613,3.57142932084407);
#3946=CIRCLE('',#10614,3.57142927578658);
#3947=CIRCLE('',#10615,6.28657708703644);
#3948=CIRCLE('',#10616,3.57142932023274);
#3949=CIRCLE('',#10617,3.57142607394881);
#3950=CIRCLE('',#10618,6.28657706612527);
#3951=CIRCLE('',#10619,3.57142932084247);
#3952=CIRCLE('',#10620,3.57142927765373);
#3953=CIRCLE('',#10621,6.28657707423281);
#3954=CIRCLE('',#10622,0.9);
#3955=CIRCLE('',#10623,0.9);
#3956=CIRCLE('',#10624,0.9);
#3957=CIRCLE('',#10625,2.75);
#3958=CIRCLE('',#10626,2.75);
#3959=CIRCLE('',#10627,2.75);
#3960=CIRCLE('',#10629,3.);
#3961=CIRCLE('',#10630,3.);
#3962=CIRCLE('',#10631,1.05);
#3963=CIRCLE('',#10632,1.05);
#3964=CIRCLE('',#10634,2.72727272727273);
#3965=CIRCLE('',#10637,2.72727272727273);
#3966=CIRCLE('',#10639,3.);
#3967=CIRCLE('',#10642,6.28657707423281);
#3968=CIRCLE('',#10643,3.57142927765373);
#3969=CIRCLE('',#10644,3.57142932084247);
#3970=CIRCLE('',#10645,6.28657706612527);
#3971=CIRCLE('',#10646,3.57142607394881);
#3972=CIRCLE('',#10647,3.57142932023274);
#3973=CIRCLE('',#10648,6.28657708703644);
#3974=CIRCLE('',#10649,3.57142927578658);
#3975=CIRCLE('',#10650,3.57142932084407);
#3976=CIRCLE('',#10651,6.28657702171792);
#3977=CIRCLE('',#10652,3.57142927701031);
#3978=CIRCLE('',#10653,3.57142932042618);
#3979=CIRCLE('',#10654,6.28657700906105);
#3980=CIRCLE('',#10655,3.57142927573746);
#3981=CIRCLE('',#10656,3.57142931938633);
#3982=CIRCLE('',#10657,6.28657701837621);
#3983=CIRCLE('',#10658,3.57142927621382);
#3984=CIRCLE('',#10659,3.57142321054486);
#3985=CIRCLE('',#10660,3.5714286705484);
#3986=CIRCLE('',#10661,1.42857142857143);
#3987=CIRCLE('',#10662,0.714285714285713);
#3988=CIRCLE('',#10663,0.857142857142855);
#3989=CIRCLE('',#10664,2.75);
#3990=CIRCLE('',#10665,2.75);
#3991=CIRCLE('',#10666,2.75);
#3992=CIRCLE('',#10667,0.9);
#3993=CIRCLE('',#10668,0.9);
#3994=CIRCLE('',#10669,0.9);
#3995=CIRCLE('',#10680,1.05);
#3996=CIRCLE('',#10682,1.05);
#3997=CIRCLE('',#10684,1.25);
#3998=CIRCLE('',#10685,2.);
#3999=CIRCLE('',#10687,1.25);
#4000=CIRCLE('',#10688,2.);
#4001=CIRCLE('',#10690,2.75);
#4002=CIRCLE('',#10693,2.75);
#4003=CIRCLE('',#10705,3.1);
#4004=CIRCLE('',#10706,3.1);
#4005=CIRCLE('',#10712,3.57142932084247);
#4006=CIRCLE('',#10713,6.28657706612527);
#4007=CIRCLE('',#10714,3.57142607394881);
#4008=CIRCLE('',#10715,3.57142932023274);
#4009=CIRCLE('',#10716,6.28657708703644);
#4010=CIRCLE('',#10717,3.57142927578658);
#4011=CIRCLE('',#10718,3.57142932084407);
#4012=CIRCLE('',#10719,6.28657702171792);
#4013=CIRCLE('',#10720,3.57142927701031);
#4014=CIRCLE('',#10721,3.57142932042618);
#4015=CIRCLE('',#10722,6.28657700906105);
#4016=CIRCLE('',#10723,3.57142927573746);
#4017=CIRCLE('',#10724,3.57142931938633);
#4018=CIRCLE('',#10725,6.28657701837621);
#4019=CIRCLE('',#10726,3.57142927621382);
#4020=CIRCLE('',#10727,3.57142321054486);
#4021=CIRCLE('',#10728,0.9);
#4022=CIRCLE('',#10730,0.9);
#4023=CIRCLE('',#10732,0.9);
#4024=CIRCLE('',#10734,0.9);
#4025=CIRCLE('',#10736,0.9);
#4026=CIRCLE('',#10739,0.9);
#4027=CIRCLE('',#10740,0.9);
#4028=CIRCLE('',#10742,0.9);
#4029=CIRCLE('',#10744,1.25);
#4030=CIRCLE('',#10746,2.);
#4031=CIRCLE('',#10748,1.25);
#4032=CIRCLE('',#10750,2.);
#4033=CIRCLE('',#10752,1.25);
#4034=CIRCLE('',#10754,2.00000000000016);
#4035=CIRCLE('',#10756,1.25);
#4036=CIRCLE('',#10758,2.);
#4037=CIRCLE('',#10760,1.25);
#4038=CIRCLE('',#10762,2.);
#4039=CIRCLE('',#10764,1.25);
#4040=CIRCLE('',#10766,2.);
#4041=CIRCLE('',#10768,2.75);
#4042=CIRCLE('',#10771,2.75);
#4043=CIRCLE('',#10774,2.75);
#4044=CIRCLE('',#10777,2.75);
#4045=CIRCLE('',#10780,2.75);
#4046=CIRCLE('',#10783,2.75);
#4047=CIRCLE('',#10786,6.28657706612527);
#4048=CIRCLE('',#10787,3.57142932084247);
#4049=CIRCLE('',#10788,3.57142321054486);
#4050=CIRCLE('',#10789,3.57142927621382);
#4051=CIRCLE('',#10790,6.28657701837621);
#4052=CIRCLE('',#10791,3.57142931938633);
#4053=CIRCLE('',#10792,3.57142927573746);
#4054=CIRCLE('',#10793,6.28657700906105);
#4055=CIRCLE('',#10794,3.57142932042618);
#4056=CIRCLE('',#10795,3.57142927701031);
#4057=CIRCLE('',#10796,6.28657702171792);
#4058=CIRCLE('',#10797,3.57142932084407);
#4059=CIRCLE('',#10798,3.57142927578658);
#4060=CIRCLE('',#10799,6.28657708703644);
#4061=CIRCLE('',#10800,3.57142932023274);
#4062=CIRCLE('',#10801,3.57142607394881);
#4063=CIRCLE('',#10845,0.5);
#4064=CIRCLE('',#10846,0.5);
#4065=CIRCLE('',#10848,0.5);
#4066=CIRCLE('',#10849,0.5);
#4067=CIRCLE('',#10850,0.5);
#4068=CIRCLE('',#10853,0.5);
#4069=CIRCLE('',#10855,0.5);
#4070=CIRCLE('',#10858,0.5);
#4071=CIRCLE('',#10864,2.75);
#4072=CIRCLE('',#10865,2.);
#4073=CIRCLE('',#10867,2.);
#4074=CIRCLE('',#10869,2.);
#4075=CIRCLE('',#10871,2.75);
#4076=CIRCLE('',#10872,2.);
#4077=CIRCLE('',#10874,2.75);
#4078=CIRCLE('',#10875,2.75);
#4079=CIRCLE('',#10876,2.75);
#4080=CIRCLE('',#10877,2.75);
#4081=CIRCLE('',#10879,2.75);
#4082=CIRCLE('',#10881,0.0499999999998969);
#4083=CIRCLE('',#10885,0.0499999999998969);
#4084=CIRCLE('',#10887,2.);
#4085=CIRCLE('',#10892,0.199999999999649);
#4086=CIRCLE('',#10893,0.199999999999649);
#4087=CIRCLE('',#10896,0.0499999999998969);
#4088=CIRCLE('',#10897,0.0499999999998969);
#4089=CIRCLE('',#10902,0.199999999999649);
#4090=CIRCLE('',#10903,0.199999999999649);
#4091=CIRCLE('',#10906,0.0499999999998969);
#4092=CIRCLE('',#10907,0.0499999999998969);
#4093=CIRCLE('',#10911,0.199999999999649);
#4094=CIRCLE('',#10912,0.199999999999649);
#4095=CIRCLE('',#10914,2.);
#4096=CIRCLE('',#10917,0.199999999999649);
#4097=CIRCLE('',#10918,0.199999999999649);
#4098=CIRCLE('',#10921,0.0499999999998969);
#4099=CIRCLE('',#10922,0.0499999999998969);
#4100=CIRCLE('',#10927,0.199999999999649);
#4101=CIRCLE('',#10928,0.199999999999649);
#4102=CIRCLE('',#10933,0.199999999999649);
#4103=CIRCLE('',#10934,0.199999999999649);
#4104=CIRCLE('',#10937,0.0499999999998969);
#4105=CIRCLE('',#10938,0.0499999999998969);
#4106=CIRCLE('',#10943,0.199999999999649);
#4107=CIRCLE('',#10944,0.199999999999649);
#4108=CIRCLE('',#10947,0.0499999999998969);
#4109=CIRCLE('',#10948,0.0499999999998969);
#4110=CIRCLE('',#10952,0.199999999999649);
#4111=CIRCLE('',#10953,0.199999999999649);
#4112=CIRCLE('',#10956,0.0499999999998969);
#4113=CIRCLE('',#10957,0.0499999999998969);
#4114=CIRCLE('',#10961,2.);
#4115=CIRCLE('',#10962,2.);
#4116=CIRCLE('',#10963,2.);
#4117=CIRCLE('',#10991,2.);
#4118=CIRCLE('',#10992,2.42899254112327);
#4119=CIRCLE('',#10993,2.);
#4120=CIRCLE('',#10994,2.);
#4121=CIRCLE('',#10995,2.);
#4122=CIRCLE('',#10997,1.5);
#4123=CIRCLE('',#10998,1.5);
#4124=CIRCLE('',#11001,2.75);
#4125=CIRCLE('',#11002,2.42899254112327);
#4126=CIRCLE('',#11004,3.);
#4127=CIRCLE('',#11005,3.);
#4128=CIRCLE('',#11008,3.);
#4129=CIRCLE('',#11009,10.6);
#4130=CIRCLE('',#11010,8.50000000000003);
#4131=CIRCLE('',#11011,1.);
#4132=CIRCLE('',#11013,2.75);
#4133=CIRCLE('',#11016,2.75);
#4134=CIRCLE('',#11018,2.);
#4135=CIRCLE('',#11024,1.);
#4136=CIRCLE('',#11030,8.50000000000003);
#4137=CIRCLE('',#11031,10.6);
#4138=CIRCLE('',#11053,1.5);
#4139=CIRCLE('',#11054,1.5);
#4140=CIRCLE('',#11056,2.75);
#4141=CIRCLE('',#11057,2.75);
#4142=CIRCLE('',#11058,2.42899254112327);
#4143=CIRCLE('',#11059,2.75);
#4144=CIRCLE('',#11060,2.75);
#4145=CIRCLE('',#11061,2.75);
#4146=CIRCLE('',#11062,2.75);
#4147=CIRCLE('',#11064,3.);
#4148=CIRCLE('',#11065,3.);
#4149=CIRCLE('',#11069,2.75);
#4150=CIRCLE('',#11070,2.75);
#4151=CIRCLE('',#11073,2.);
#4152=CIRCLE('',#11075,2.75);
#4153=CIRCLE('',#11076,2.75);
#4154=CIRCLE('',#11079,2.);
#4155=CIRCLE('',#11081,2.75);
#4156=CIRCLE('',#11083,2.);
#4157=CIRCLE('',#11085,2.);
#4158=CIRCLE('',#11087,2.);
#4159=CIRCLE('',#11088,2.);
#4160=CIRCLE('',#11090,2.);
#4161=CIRCLE('',#11092,1.);
#4162=CIRCLE('',#11095,1.);
#4163=CIRCLE('',#11097,8.50000000000003);
#4164=CIRCLE('',#11098,8.50000000000003);
#4165=CIRCLE('',#11100,10.6);
#4166=CIRCLE('',#11102,3.);
#4167=CIRCLE('',#11104,10.6);
#4168=CIRCLE('',#11107,2.42899254112327);
#4169=CIRCLE('',#11130,10.6);
#4170=CIRCLE('',#11131,10.1);
#4171=CIRCLE('',#11135,10.6);
#4172=CIRCLE('',#11136,10.1);
#4173=CIRCLE('',#11145,0.195);
#4174=CIRCLE('',#11146,0.195);
#4175=CIRCLE('',#11163,0.2);
#4176=CIRCLE('',#11164,0.0499999999986684);
#4177=CIRCLE('',#11165,0.199999999999649);
#4178=CIRCLE('',#11166,0.0499999999998969);
#4179=CIRCLE('',#11169,0.0499999999986684);
#4180=CIRCLE('',#11174,0.199999999999649);
#4181=CIRCLE('',#11177,0.0499999999998969);
#4182=CIRCLE('',#11182,0.2);
#4183=CIRCLE('',#11185,0.2);
#4184=CIRCLE('',#11186,0.0499999999998969);
#4185=CIRCLE('',#11187,0.199999999999649);
#4186=CIRCLE('',#11188,0.0499999999986684);
#4187=CIRCLE('',#11191,0.0499999999986684);
#4188=CIRCLE('',#11196,0.199999999999649);
#4189=CIRCLE('',#11199,0.0499999999998969);
#4190=CIRCLE('',#11204,0.2);
#4191=CIRCLE('',#11207,0.2);
#4192=CIRCLE('',#11208,0.0499999999986684);
#4193=CIRCLE('',#11209,0.199999999999649);
#4194=CIRCLE('',#11210,0.0499999999998969);
#4195=CIRCLE('',#11213,0.0499999999986684);
#4196=CIRCLE('',#11218,0.199999999999649);
#4197=CIRCLE('',#11221,0.0499999999998969);
#4198=CIRCLE('',#11226,0.2);
#4199=CIRCLE('',#11229,0.2);
#4200=CIRCLE('',#11230,0.0499999999986684);
#4201=CIRCLE('',#11231,0.199999999999649);
#4202=CIRCLE('',#11232,0.0499999999998969);
#4203=CIRCLE('',#11235,0.0499999999986684);
#4204=CIRCLE('',#11240,0.199999999999649);
#4205=CIRCLE('',#11243,0.0499999999998969);
#4206=CIRCLE('',#11248,0.2);
#4207=CIRCLE('',#11251,0.2);
#4208=CIRCLE('',#11252,0.0499999999986684);
#4209=CIRCLE('',#11253,0.199999999999649);
#4210=CIRCLE('',#11254,0.0499999999998969);
#4211=CIRCLE('',#11257,0.0499999999986684);
#4212=CIRCLE('',#11262,0.199999999999649);
#4213=CIRCLE('',#11265,0.0499999999998969);
#4214=CIRCLE('',#11270,0.2);
#4215=CIRCLE('',#11273,0.2);
#4216=CIRCLE('',#11274,0.0499999999998969);
#4217=CIRCLE('',#11275,0.199999999999649);
#4218=CIRCLE('',#11276,0.0499999999986684);
#4219=CIRCLE('',#11279,0.0499999999986684);
#4220=CIRCLE('',#11284,0.199999999999649);
#4221=CIRCLE('',#11287,0.0499999999998969);
#4222=CIRCLE('',#11292,0.2);
#4223=CIRCLE('',#11295,0.2);
#4224=CIRCLE('',#11296,0.0499999999998969);
#4225=CIRCLE('',#11297,0.199999999999649);
#4226=CIRCLE('',#11298,0.0499999999986684);
#4227=CIRCLE('',#11301,0.0499999999986684);
#4228=CIRCLE('',#11306,0.199999999999649);
#4229=CIRCLE('',#11309,0.0499999999998969);
#4230=CIRCLE('',#11314,0.2);
#4231=CIRCLE('',#11317,0.2);
#4232=CIRCLE('',#11318,0.0499999999998969);
#4233=CIRCLE('',#11319,0.199999999999649);
#4234=CIRCLE('',#11320,0.0499999999986684);
#4235=CIRCLE('',#11323,0.0499999999986684);
#4236=CIRCLE('',#11328,0.199999999999649);
#4237=CIRCLE('',#11331,0.0499999999998969);
#4238=CIRCLE('',#11336,0.2);
#4239=CIRCLE('',#11341,0.04);
#4240=CIRCLE('',#11342,0.04);
#4241=CIRCLE('',#11343,0.04);
#4242=CIRCLE('',#11345,0.04);
#4243=CIRCLE('',#11346,0.04);
#4244=CIRCLE('',#11347,0.04);
#4245=CIRCLE('',#11350,0.04);
#4246=CIRCLE('',#11351,0.04);
#4247=CIRCLE('',#11352,0.04);
#4248=CIRCLE('',#11354,0.04);
#4249=CIRCLE('',#11355,0.04);
#4250=CIRCLE('',#11356,0.04);
#4251=CIRCLE('',#11358,0.04);
#4252=CIRCLE('',#11359,0.04);
#4253=CIRCLE('',#11360,0.04);
#4254=CIRCLE('',#11362,0.04);
#4255=CIRCLE('',#11363,0.04);
#4256=CIRCLE('',#11364,0.04);
#4257=CIRCLE('',#11368,0.04);
#4258=CIRCLE('',#11369,0.04);
#4259=CIRCLE('',#11370,0.04);
#4260=CIRCLE('',#11372,0.04);
#4261=CIRCLE('',#11373,0.04);
#4262=CIRCLE('',#11374,0.04);
#4263=CIRCLE('',#11390,0.04);
#4264=CIRCLE('',#11391,0.04);
#4265=CIRCLE('',#11392,0.04);
#4266=CIRCLE('',#11394,0.04);
#4267=CIRCLE('',#11395,0.04);
#4268=CIRCLE('',#11396,0.04);
#4269=CIRCLE('',#11399,0.04);
#4270=CIRCLE('',#11400,0.04);
#4271=CIRCLE('',#11401,0.04);
#4272=CIRCLE('',#11403,0.04);
#4273=CIRCLE('',#11404,0.04);
#4274=CIRCLE('',#11405,0.04);
#4275=CIRCLE('',#11407,0.04);
#4276=CIRCLE('',#11408,0.04);
#4277=CIRCLE('',#11409,0.04);
#4278=CIRCLE('',#11411,0.04);
#4279=CIRCLE('',#11412,0.04);
#4280=CIRCLE('',#11413,0.04);
#4281=CIRCLE('',#11417,0.04);
#4282=CIRCLE('',#11418,0.04);
#4283=CIRCLE('',#11419,0.04);
#4284=CIRCLE('',#11421,0.04);
#4285=CIRCLE('',#11422,0.04);
#4286=CIRCLE('',#11423,0.04);
#4287=CIRCLE('',#11447,3.1);
#4288=CIRCLE('',#11448,3.);
#4289=CIRCLE('',#11450,2.);
#4290=CIRCLE('',#11451,2.);
#4291=CIRCLE('',#11454,3.1);
#4292=CIRCLE('',#11459,3.);
#4293=CIRCLE('',#11466,0.75);
#4294=CIRCLE('',#11467,0.75);
#4295=CIRCLE('',#11471,0.75);
#4296=CIRCLE('',#11472,0.75);
#4297=CIRCLE('',#11476,0.75);
#4298=CIRCLE('',#11477,0.75);
#4299=VERTEX_POINT('',#14481);
#4300=VERTEX_POINT('',#14483);
#4301=VERTEX_POINT('',#14487);
#4302=VERTEX_POINT('',#14488);
#4303=VERTEX_POINT('',#14491);
#4304=VERTEX_POINT('',#14493);
#4305=VERTEX_POINT('',#14497);
#4306=VERTEX_POINT('',#14500);
#4307=VERTEX_POINT('',#14503);
#4308=VERTEX_POINT('',#14505);
#4309=VERTEX_POINT('',#14511);
#4310=VERTEX_POINT('',#14512);
#4311=VERTEX_POINT('',#14520);
#4312=VERTEX_POINT('',#14523);
#4313=VERTEX_POINT('',#14525);
#4314=VERTEX_POINT('',#14528);
#4315=VERTEX_POINT('',#14534);
#4316=VERTEX_POINT('',#14535);
#4317=VERTEX_POINT('',#14537);
#4318=VERTEX_POINT('',#14539);
#4319=VERTEX_POINT('',#14541);
#4320=VERTEX_POINT('',#14543);
#4321=VERTEX_POINT('',#14547);
#4322=VERTEX_POINT('',#14549);
#4323=VERTEX_POINT('',#14553);
#4324=VERTEX_POINT('',#14557);
#4325=VERTEX_POINT('',#14561);
#4326=VERTEX_POINT('',#14563);
#4327=VERTEX_POINT('',#14573);
#4328=VERTEX_POINT('',#14576);
#4329=VERTEX_POINT('',#14578);
#4330=VERTEX_POINT('',#14581);
#4331=VERTEX_POINT('',#14587);
#4332=VERTEX_POINT('',#14588);
#4333=VERTEX_POINT('',#14590);
#4334=VERTEX_POINT('',#14592);
#4335=VERTEX_POINT('',#14594);
#4336=VERTEX_POINT('',#14596);
#4337=VERTEX_POINT('',#14600);
#4338=VERTEX_POINT('',#14602);
#4339=VERTEX_POINT('',#14606);
#4340=VERTEX_POINT('',#14610);
#4341=VERTEX_POINT('',#14614);
#4342=VERTEX_POINT('',#14616);
#4343=VERTEX_POINT('',#14626);
#4344=VERTEX_POINT('',#14628);
#4345=VERTEX_POINT('',#14632);
#4346=VERTEX_POINT('',#14634);
#4347=VERTEX_POINT('',#14638);
#4348=VERTEX_POINT('',#14640);
#4349=VERTEX_POINT('',#14645);
#4350=VERTEX_POINT('',#14646);
#4351=VERTEX_POINT('',#14648);
#4352=VERTEX_POINT('',#14650);
#4353=VERTEX_POINT('',#14652);
#4354=VERTEX_POINT('',#14654);
#4355=VERTEX_POINT('',#14656);
#4356=VERTEX_POINT('',#14658);
#4357=VERTEX_POINT('',#14660);
#4358=VERTEX_POINT('',#14662);
#4359=VERTEX_POINT('',#14664);
#4360=VERTEX_POINT('',#14666);
#4361=VERTEX_POINT('',#14668);
#4362=VERTEX_POINT('',#14670);
#4363=VERTEX_POINT('',#14672);
#4364=VERTEX_POINT('',#14674);
#4365=VERTEX_POINT('',#14678);
#4366=VERTEX_POINT('',#14680);
#4367=VERTEX_POINT('',#14684);
#4368=VERTEX_POINT('',#14688);
#4369=VERTEX_POINT('',#14692);
#4370=VERTEX_POINT('',#14693);
#4371=VERTEX_POINT('',#14695);
#4372=VERTEX_POINT('',#14697);
#4373=VERTEX_POINT('',#14701);
#4374=VERTEX_POINT('',#14702);
#4375=VERTEX_POINT('',#14704);
#4376=VERTEX_POINT('',#14706);
#4377=VERTEX_POINT('',#14710);
#4378=VERTEX_POINT('',#14712);
#4379=VERTEX_POINT('',#14716);
#4380=VERTEX_POINT('',#14717);
#4381=VERTEX_POINT('',#14722);
#4382=VERTEX_POINT('',#14724);
#4383=VERTEX_POINT('',#14726);
#4384=VERTEX_POINT('',#14728);
#4385=VERTEX_POINT('',#14730);
#4386=VERTEX_POINT('',#14732);
#4387=VERTEX_POINT('',#14734);
#4388=VERTEX_POINT('',#14736);
#4389=VERTEX_POINT('',#14738);
#4390=VERTEX_POINT('',#14740);
#4391=VERTEX_POINT('',#14742);
#4392=VERTEX_POINT('',#14744);
#4393=VERTEX_POINT('',#14746);
#4394=VERTEX_POINT('',#14748);
#4395=VERTEX_POINT('',#14750);
#4396=VERTEX_POINT('',#14752);
#4397=VERTEX_POINT('',#14754);
#4398=VERTEX_POINT('',#14761);
#4399=VERTEX_POINT('',#14763);
#4400=VERTEX_POINT('',#14765);
#4401=VERTEX_POINT('',#14767);
#4402=VERTEX_POINT('',#14769);
#4403=VERTEX_POINT('',#14771);
#4404=VERTEX_POINT('',#14773);
#4405=VERTEX_POINT('',#14775);
#4406=VERTEX_POINT('',#14780);
#4407=VERTEX_POINT('',#14782);
#4408=VERTEX_POINT('',#14787);
#4409=VERTEX_POINT('',#14789);
#4410=VERTEX_POINT('',#14791);
#4411=VERTEX_POINT('',#14796);
#4412=VERTEX_POINT('',#14798);
#4413=VERTEX_POINT('',#14805);
#4414=VERTEX_POINT('',#14807);
#4415=VERTEX_POINT('',#14809);
#4416=VERTEX_POINT('',#14814);
#4417=VERTEX_POINT('',#14816);
#4418=VERTEX_POINT('',#14821);
#4419=VERTEX_POINT('',#14823);
#4420=VERTEX_POINT('',#14825);
#4421=VERTEX_POINT('',#14832);
#4422=VERTEX_POINT('',#14834);
#4423=VERTEX_POINT('',#14839);
#4424=VERTEX_POINT('',#14841);
#4425=VERTEX_POINT('',#14843);
#4426=VERTEX_POINT('',#14850);
#4427=VERTEX_POINT('',#14852);
#4428=VERTEX_POINT('',#14859);
#4429=VERTEX_POINT('',#14861);
#4430=VERTEX_POINT('',#14863);
#4431=VERTEX_POINT('',#14870);
#4432=VERTEX_POINT('',#14873);
#4433=VERTEX_POINT('',#14875);
#4434=VERTEX_POINT('',#14877);
#4435=VERTEX_POINT('',#14879);
#4436=VERTEX_POINT('',#14881);
#4437=VERTEX_POINT('',#14883);
#4438=VERTEX_POINT('',#14886);
#4439=VERTEX_POINT('',#14888);
#4440=VERTEX_POINT('',#14890);
#4441=VERTEX_POINT('',#14893);
#4442=VERTEX_POINT('',#14895);
#4443=VERTEX_POINT('',#14898);
#4444=VERTEX_POINT('',#14900);
#4445=VERTEX_POINT('',#14903);
#4446=VERTEX_POINT('',#14912);
#4447=VERTEX_POINT('',#14914);
#4448=VERTEX_POINT('',#14926);
#4449=VERTEX_POINT('',#14953);
#4450=VERTEX_POINT('',#14965);
#4451=VERTEX_POINT('',#14969);
#4452=VERTEX_POINT('',#14971);
#4453=VERTEX_POINT('',#14973);
#4454=VERTEX_POINT('',#14980);
#4455=VERTEX_POINT('',#14982);
#4456=VERTEX_POINT('',#14984);
#4457=VERTEX_POINT('',#14991);
#4458=VERTEX_POINT('',#14993);
#4459=VERTEX_POINT('',#15000);
#4460=VERTEX_POINT('',#15002);
#4461=VERTEX_POINT('',#15004);
#4462=VERTEX_POINT('',#15009);
#4463=VERTEX_POINT('',#15011);
#4464=VERTEX_POINT('',#15018);
#4465=VERTEX_POINT('',#15020);
#4466=VERTEX_POINT('',#15022);
#4467=VERTEX_POINT('',#15027);
#4468=VERTEX_POINT('',#15029);
#4469=VERTEX_POINT('',#15034);
#4470=VERTEX_POINT('',#15036);
#4471=VERTEX_POINT('',#15038);
#4472=VERTEX_POINT('',#15045);
#4473=VERTEX_POINT('',#15047);
#4474=VERTEX_POINT('',#15052);
#4475=VERTEX_POINT('',#15054);
#4476=VERTEX_POINT('',#15056);
#4477=VERTEX_POINT('',#15061);
#4478=VERTEX_POINT('',#15063);
#4479=VERTEX_POINT('',#15068);
#4480=VERTEX_POINT('',#15070);
#4481=VERTEX_POINT('',#15072);
#4482=VERTEX_POINT('',#15074);
#4483=VERTEX_POINT('',#15076);
#4484=VERTEX_POINT('',#15078);
#4485=VERTEX_POINT('',#15080);
#4486=VERTEX_POINT('',#15082);
#4487=VERTEX_POINT('',#15089);
#4488=VERTEX_POINT('',#15091);
#4489=VERTEX_POINT('',#15093);
#4490=VERTEX_POINT('',#15095);
#4491=VERTEX_POINT('',#15097);
#4492=VERTEX_POINT('',#15099);
#4493=VERTEX_POINT('',#15101);
#4494=VERTEX_POINT('',#15103);
#4495=VERTEX_POINT('',#15105);
#4496=VERTEX_POINT('',#15107);
#4497=VERTEX_POINT('',#15111);
#4498=VERTEX_POINT('',#15113);
#4499=VERTEX_POINT('',#15115);
#4500=VERTEX_POINT('',#15117);
#4501=VERTEX_POINT('',#15119);
#4502=VERTEX_POINT('',#15121);
#4503=VERTEX_POINT('',#15142);
#4504=VERTEX_POINT('',#15146);
#4505=VERTEX_POINT('',#15150);
#4506=VERTEX_POINT('',#15152);
#4507=VERTEX_POINT('',#15156);
#4508=VERTEX_POINT('',#15158);
#4509=VERTEX_POINT('',#15162);
#4510=VERTEX_POINT('',#15167);
#4511=VERTEX_POINT('',#15186);
#4512=VERTEX_POINT('',#15187);
#4513=VERTEX_POINT('',#15189);
#4514=VERTEX_POINT('',#15191);
#4515=VERTEX_POINT('',#15195);
#4516=VERTEX_POINT('',#15197);
#4517=VERTEX_POINT('',#15201);
#4518=VERTEX_POINT('',#15203);
#4519=VERTEX_POINT('',#15210);
#4520=VERTEX_POINT('',#15214);
#4521=VERTEX_POINT('',#15216);
#4522=VERTEX_POINT('',#15221);
#4523=VERTEX_POINT('',#15223);
#4524=VERTEX_POINT('',#15228);
#4525=VERTEX_POINT('',#15230);
#4526=VERTEX_POINT('',#15232);
#4527=VERTEX_POINT('',#15239);
#4528=VERTEX_POINT('',#15241);
#4529=VERTEX_POINT('',#15246);
#4530=VERTEX_POINT('',#15248);
#4531=VERTEX_POINT('',#15250);
#4532=VERTEX_POINT('',#15257);
#4533=VERTEX_POINT('',#15259);
#4534=VERTEX_POINT('',#15266);
#4535=VERTEX_POINT('',#15268);
#4536=VERTEX_POINT('',#15270);
#4537=VERTEX_POINT('',#15275);
#4538=VERTEX_POINT('',#15277);
#4539=VERTEX_POINT('',#15284);
#4540=VERTEX_POINT('',#15286);
#4541=VERTEX_POINT('',#15288);
#4542=VERTEX_POINT('',#15295);
#4543=VERTEX_POINT('',#15297);
#4544=VERTEX_POINT('',#15304);
#4545=VERTEX_POINT('',#15307);
#4546=VERTEX_POINT('',#15310);
#4547=VERTEX_POINT('',#15314);
#4548=VERTEX_POINT('',#15318);
#4549=VERTEX_POINT('',#15322);
#4550=VERTEX_POINT('',#15328);
#4551=VERTEX_POINT('',#15330);
#4552=VERTEX_POINT('',#15334);
#4553=VERTEX_POINT('',#15338);
#4554=VERTEX_POINT('',#15341);
#4555=VERTEX_POINT('',#15345);
#4556=VERTEX_POINT('',#15348);
#4557=VERTEX_POINT('',#15352);
#4558=VERTEX_POINT('',#15355);
#4559=VERTEX_POINT('',#15359);
#4560=VERTEX_POINT('',#15362);
#4561=VERTEX_POINT('',#15366);
#4562=VERTEX_POINT('',#15369);
#4563=VERTEX_POINT('',#15373);
#4564=VERTEX_POINT('',#15376);
#4565=VERTEX_POINT('',#15380);
#4566=VERTEX_POINT('',#15385);
#4567=VERTEX_POINT('',#15390);
#4568=VERTEX_POINT('',#15395);
#4569=VERTEX_POINT('',#15400);
#4570=VERTEX_POINT('',#15405);
#4571=VERTEX_POINT('',#15410);
#4572=VERTEX_POINT('',#15411);
#4573=VERTEX_POINT('',#15413);
#4574=VERTEX_POINT('',#15419);
#4575=VERTEX_POINT('',#15421);
#4576=VERTEX_POINT('',#15423);
#4577=VERTEX_POINT('',#15425);
#4578=VERTEX_POINT('',#15432);
#4579=VERTEX_POINT('',#15434);
#4580=VERTEX_POINT('',#15441);
#4581=VERTEX_POINT('',#15443);
#4582=VERTEX_POINT('',#15445);
#4583=VERTEX_POINT('',#15452);
#4584=VERTEX_POINT('',#15454);
#4585=VERTEX_POINT('',#15459);
#4586=VERTEX_POINT('',#15461);
#4587=VERTEX_POINT('',#15463);
#4588=VERTEX_POINT('',#15470);
#4589=VERTEX_POINT('',#15472);
#4590=VERTEX_POINT('',#15479);
#4591=VERTEX_POINT('',#15481);
#4592=VERTEX_POINT('',#15483);
#4593=VERTEX_POINT('',#15488);
#4594=VERTEX_POINT('',#15490);
#4595=VERTEX_POINT('',#15497);
#4596=VERTEX_POINT('',#15499);
#4597=VERTEX_POINT('',#15827);
#4598=VERTEX_POINT('',#15828);
#4599=VERTEX_POINT('',#15830);
#4600=VERTEX_POINT('',#15832);
#4601=VERTEX_POINT('',#15836);
#4602=VERTEX_POINT('',#15838);
#4603=VERTEX_POINT('',#15840);
#4604=VERTEX_POINT('',#15842);
#4605=VERTEX_POINT('',#15844);
#4606=VERTEX_POINT('',#15846);
#4607=VERTEX_POINT('',#15850);
#4608=VERTEX_POINT('',#15854);
#4609=VERTEX_POINT('',#15858);
#4610=VERTEX_POINT('',#15860);
#4611=VERTEX_POINT('',#15864);
#4612=VERTEX_POINT('',#15868);
#4613=VERTEX_POINT('',#15876);
#4614=VERTEX_POINT('',#15877);
#4615=VERTEX_POINT('',#15879);
#4616=VERTEX_POINT('',#15881);
#4617=VERTEX_POINT('',#15883);
#4618=VERTEX_POINT('',#15887);
#4619=VERTEX_POINT('',#15888);
#4620=VERTEX_POINT('',#15890);
#4621=VERTEX_POINT('',#15892);
#4622=VERTEX_POINT('',#15894);
#4623=VERTEX_POINT('',#15898);
#4624=VERTEX_POINT('',#15900);
#4625=VERTEX_POINT('',#15905);
#4626=VERTEX_POINT('',#15906);
#4627=VERTEX_POINT('',#15908);
#4628=VERTEX_POINT('',#15910);
#4629=VERTEX_POINT('',#15912);
#4630=VERTEX_POINT('',#15916);
#4631=VERTEX_POINT('',#15917);
#4632=VERTEX_POINT('',#15919);
#4633=VERTEX_POINT('',#15921);
#4634=VERTEX_POINT('',#15925);
#4635=VERTEX_POINT('',#15926);
#4636=VERTEX_POINT('',#15929);
#4637=VERTEX_POINT('',#15932);
#4638=VERTEX_POINT('',#15933);
#4639=VERTEX_POINT('',#15935);
#4640=VERTEX_POINT('',#15937);
#4641=VERTEX_POINT('',#15939);
#4642=VERTEX_POINT('',#15941);
#4643=VERTEX_POINT('',#15943);
#4644=VERTEX_POINT('',#15945);
#4645=VERTEX_POINT('',#15947);
#4646=VERTEX_POINT('',#15952);
#4647=VERTEX_POINT('',#15954);
#4648=VERTEX_POINT('',#15968);
#4649=VERTEX_POINT('',#15969);
#4650=VERTEX_POINT('',#15978);
#4651=VERTEX_POINT('',#15980);
#4652=VERTEX_POINT('',#15984);
#4653=VERTEX_POINT('',#15986);
#4654=VERTEX_POINT('',#15988);
#4655=VERTEX_POINT('',#15992);
#4656=VERTEX_POINT('',#15993);
#4657=VERTEX_POINT('',#16002);
#4658=VERTEX_POINT('',#16004);
#4659=VERTEX_POINT('',#16008);
#4660=VERTEX_POINT('',#16012);
#4661=VERTEX_POINT('',#16013);
#4662=VERTEX_POINT('',#16015);
#4663=VERTEX_POINT('',#16017);
#4664=VERTEX_POINT('',#16021);
#4665=VERTEX_POINT('',#16022);
#4666=VERTEX_POINT('',#16024);
#4667=VERTEX_POINT('',#16026);
#4668=VERTEX_POINT('',#16030);
#4669=VERTEX_POINT('',#16031);
#4670=VERTEX_POINT('',#16033);
#4671=VERTEX_POINT('',#16035);
#4672=VERTEX_POINT('',#16039);
#4673=VERTEX_POINT('',#16041);
#4674=VERTEX_POINT('',#16045);
#4675=VERTEX_POINT('',#16047);
#4676=VERTEX_POINT('',#16051);
#4677=VERTEX_POINT('',#16053);
#4678=VERTEX_POINT('',#16057);
#4679=VERTEX_POINT('',#16059);
#4680=VERTEX_POINT('',#16063);
#4681=VERTEX_POINT('',#16064);
#4682=VERTEX_POINT('',#16069);
#4683=VERTEX_POINT('',#16070);
#4684=VERTEX_POINT('',#16072);
#4685=VERTEX_POINT('',#16074);
#4686=VERTEX_POINT('',#16078);
#4687=VERTEX_POINT('',#16080);
#4688=VERTEX_POINT('',#16084);
#4689=VERTEX_POINT('',#16086);
#4690=VERTEX_POINT('',#16093);
#4691=VERTEX_POINT('',#16095);
#4692=VERTEX_POINT('',#16099);
#4693=VERTEX_POINT('',#16100);
#4694=VERTEX_POINT('',#16102);
#4695=VERTEX_POINT('',#16104);
#4696=VERTEX_POINT('',#16111);
#4697=VERTEX_POINT('',#16115);
#4698=VERTEX_POINT('',#16116);
#4699=VERTEX_POINT('',#16118);
#4700=VERTEX_POINT('',#16120);
#4701=VERTEX_POINT('',#16124);
#4702=VERTEX_POINT('',#16126);
#4703=VERTEX_POINT('',#16130);
#4704=VERTEX_POINT('',#16132);
#4705=VERTEX_POINT('',#16136);
#4706=VERTEX_POINT('',#16138);
#4707=VERTEX_POINT('',#16145);
#4708=VERTEX_POINT('',#16147);
#4709=VERTEX_POINT('',#16149);
#4710=VERTEX_POINT('',#16151);
#4711=VERTEX_POINT('',#16153);
#4712=VERTEX_POINT('',#16155);
#4713=VERTEX_POINT('',#16157);
#4714=VERTEX_POINT('',#16160);
#4715=VERTEX_POINT('',#16162);
#4716=VERTEX_POINT('',#16165);
#4717=VERTEX_POINT('',#16169);
#4718=VERTEX_POINT('',#16171);
#4719=VERTEX_POINT('',#16173);
#4720=VERTEX_POINT('',#16177);
#4721=VERTEX_POINT('',#16179);
#4722=VERTEX_POINT('',#16183);
#4723=VERTEX_POINT('',#16185);
#4724=VERTEX_POINT('',#16189);
#4725=VERTEX_POINT('',#16194);
#4726=VERTEX_POINT('',#16195);
#4727=VERTEX_POINT('',#16197);
#4728=VERTEX_POINT('',#16199);
#4729=VERTEX_POINT('',#16203);
#4730=VERTEX_POINT('',#16205);
#4731=VERTEX_POINT('',#16209);
#4732=VERTEX_POINT('',#16211);
#4733=VERTEX_POINT('',#16215);
#4734=VERTEX_POINT('',#16217);
#4735=VERTEX_POINT('',#16221);
#4736=VERTEX_POINT('',#16223);
#4737=VERTEX_POINT('',#16227);
#4738=VERTEX_POINT('',#16228);
#4739=VERTEX_POINT('',#16233);
#4740=VERTEX_POINT('',#16234);
#4741=VERTEX_POINT('',#16236);
#4742=VERTEX_POINT('',#16238);
#4743=VERTEX_POINT('',#16242);
#4744=VERTEX_POINT('',#16244);
#4745=VERTEX_POINT('',#16248);
#4746=VERTEX_POINT('',#16250);
#4747=VERTEX_POINT('',#16254);
#4748=VERTEX_POINT('',#16256);
#4749=VERTEX_POINT('',#16263);
#4750=VERTEX_POINT('',#16264);
#4751=VERTEX_POINT('',#16266);
#4752=VERTEX_POINT('',#16268);
#4753=VERTEX_POINT('',#16272);
#4754=VERTEX_POINT('',#16274);
#4755=VERTEX_POINT('',#16278);
#4756=VERTEX_POINT('',#16280);
#4757=VERTEX_POINT('',#16284);
#4758=VERTEX_POINT('',#16286);
#4759=VERTEX_POINT('',#16290);
#4760=VERTEX_POINT('',#16292);
#4761=VERTEX_POINT('',#16296);
#4762=VERTEX_POINT('',#16297);
#4763=VERTEX_POINT('',#16302);
#4764=VERTEX_POINT('',#16304);
#4765=VERTEX_POINT('',#16307);
#4766=VERTEX_POINT('',#16312);
#4767=VERTEX_POINT('',#16316);
#4768=VERTEX_POINT('',#16318);
#4769=VERTEX_POINT('',#16322);
#4770=VERTEX_POINT('',#16323);
#4771=VERTEX_POINT('',#16328);
#4772=VERTEX_POINT('',#16330);
#4773=VERTEX_POINT('',#16334);
#4774=VERTEX_POINT('',#16337);
#4775=VERTEX_POINT('',#16340);
#4776=VERTEX_POINT('',#16342);
#4777=VERTEX_POINT('',#16345);
#4778=VERTEX_POINT('',#16347);
#4779=VERTEX_POINT('',#16350);
#4780=VERTEX_POINT('',#16352);
#4781=VERTEX_POINT('',#16367);
#4782=VERTEX_POINT('',#16371);
#4783=VERTEX_POINT('',#16377);
#4784=VERTEX_POINT('',#16389);
#4785=VERTEX_POINT('',#16393);
#4786=VERTEX_POINT('',#16399);
#4787=VERTEX_POINT('',#16411);
#4788=VERTEX_POINT('',#16413);
#4789=VERTEX_POINT('',#16415);
#4790=VERTEX_POINT('',#16417);
#4791=VERTEX_POINT('',#16419);
#4792=VERTEX_POINT('',#16421);
#4793=VERTEX_POINT('',#16423);
#4794=VERTEX_POINT('',#16425);
#4795=VERTEX_POINT('',#16431);
#4796=VERTEX_POINT('',#16433);
#4797=VERTEX_POINT('',#16435);
#4798=VERTEX_POINT('',#16450);
#4799=VERTEX_POINT('',#16452);
#4800=VERTEX_POINT('',#16454);
#4801=VERTEX_POINT('',#16456);
#4802=VERTEX_POINT('',#16458);
#4803=VERTEX_POINT('',#16460);
#4804=VERTEX_POINT('',#16462);
#4805=VERTEX_POINT('',#16464);
#4806=VERTEX_POINT('',#16466);
#4807=VERTEX_POINT('',#16468);
#4808=VERTEX_POINT('',#16472);
#4809=VERTEX_POINT('',#16474);
#4810=VERTEX_POINT('',#16476);
#4811=VERTEX_POINT('',#16478);
#4812=VERTEX_POINT('',#16482);
#4813=VERTEX_POINT('',#16484);
#4814=VERTEX_POINT('',#16488);
#4815=VERTEX_POINT('',#16490);
#4816=VERTEX_POINT('',#16492);
#4817=VERTEX_POINT('',#16494);
#4818=VERTEX_POINT('',#16496);
#4819=VERTEX_POINT('',#16498);
#4820=VERTEX_POINT('',#16500);
#4821=VERTEX_POINT('',#16502);
#4822=VERTEX_POINT('',#16504);
#4823=VERTEX_POINT('',#16506);
#4824=VERTEX_POINT('',#16510);
#4825=VERTEX_POINT('',#16512);
#4826=VERTEX_POINT('',#16514);
#4827=VERTEX_POINT('',#16516);
#4828=VERTEX_POINT('',#16518);
#4829=VERTEX_POINT('',#16527);
#4830=VERTEX_POINT('',#16531);
#4831=VERTEX_POINT('',#16537);
#4832=VERTEX_POINT('',#16541);
#4833=VERTEX_POINT('',#16542);
#4834=VERTEX_POINT('',#16544);
#4835=VERTEX_POINT('',#16555);
#4836=VERTEX_POINT('',#16570);
#4837=VERTEX_POINT('',#16581);
#4838=VERTEX_POINT('',#16583);
#4839=VERTEX_POINT('',#16601);
#4840=VERTEX_POINT('',#16608);
#4841=VERTEX_POINT('',#16610);
#4842=VERTEX_POINT('',#16612);
#4843=VERTEX_POINT('',#16616);
#4844=VERTEX_POINT('',#16617);
#4845=VERTEX_POINT('',#16619);
#4846=VERTEX_POINT('',#16621);
#4847=VERTEX_POINT('',#16625);
#4848=VERTEX_POINT('',#16627);
#4849=VERTEX_POINT('',#16629);
#4850=VERTEX_POINT('',#16633);
#4851=VERTEX_POINT('',#16635);
#4852=VERTEX_POINT('',#16639);
#4853=VERTEX_POINT('',#16673);
#4854=VERTEX_POINT('',#16674);
#4855=VERTEX_POINT('',#16685);
#4856=VERTEX_POINT('',#16687);
#4857=VERTEX_POINT('',#16689);
#4858=VERTEX_POINT('',#16691);
#4859=VERTEX_POINT('',#16695);
#4860=VERTEX_POINT('',#16698);
#4861=VERTEX_POINT('',#16700);
#4862=VERTEX_POINT('',#16702);
#4863=VERTEX_POINT('',#16704);
#4864=VERTEX_POINT('',#16706);
#4865=VERTEX_POINT('',#16708);
#4866=VERTEX_POINT('',#16710);
#4867=VERTEX_POINT('',#16712);
#4868=VERTEX_POINT('',#16714);
#4869=VERTEX_POINT('',#16716);
#4870=VERTEX_POINT('',#16720);
#4871=VERTEX_POINT('',#16721);
#4872=VERTEX_POINT('',#16723);
#4873=VERTEX_POINT('',#16725);
#4874=VERTEX_POINT('',#16727);
#4875=VERTEX_POINT('',#16731);
#4876=VERTEX_POINT('',#16733);
#4877=VERTEX_POINT('',#16735);
#4878=VERTEX_POINT('',#16737);
#4879=VERTEX_POINT('',#16739);
#4880=VERTEX_POINT('',#16741);
#4881=VERTEX_POINT('',#16743);
#4882=VERTEX_POINT('',#16745);
#4883=VERTEX_POINT('',#16747);
#4884=VERTEX_POINT('',#16749);
#4885=VERTEX_POINT('',#16753);
#4886=VERTEX_POINT('',#16756);
#4887=VERTEX_POINT('',#16761);
#4888=VERTEX_POINT('',#16767);
#4889=VERTEX_POINT('',#16771);
#4890=VERTEX_POINT('',#16777);
#4891=VERTEX_POINT('',#16780);
#4892=VERTEX_POINT('',#16784);
#4893=VERTEX_POINT('',#16787);
#4894=VERTEX_POINT('',#16791);
#4895=VERTEX_POINT('',#16796);
#4896=VERTEX_POINT('',#16800);
#4897=VERTEX_POINT('',#16801);
#4898=VERTEX_POINT('',#16806);
#4899=VERTEX_POINT('',#16813);
#4900=VERTEX_POINT('',#16815);
#4901=VERTEX_POINT('',#16826);
#4902=VERTEX_POINT('',#16835);
#4903=VERTEX_POINT('',#16837);
#4904=VERTEX_POINT('',#16841);
#4905=VERTEX_POINT('',#16843);
#4906=VERTEX_POINT('',#16845);
#4907=VERTEX_POINT('',#16849);
#4908=VERTEX_POINT('',#16850);
#4909=VERTEX_POINT('',#16852);
#4910=VERTEX_POINT('',#16854);
#4911=VERTEX_POINT('',#16865);
#4912=VERTEX_POINT('',#16867);
#4913=VERTEX_POINT('',#16880);
#4914=VERTEX_POINT('',#16888);
#4915=VERTEX_POINT('',#16891);
#4916=VERTEX_POINT('',#16902);
#4917=VERTEX_POINT('',#16903);
#4918=VERTEX_POINT('',#16905);
#4919=VERTEX_POINT('',#16907);
#4920=VERTEX_POINT('',#16911);
#4921=VERTEX_POINT('',#16913);
#4922=VERTEX_POINT('',#16915);
#4923=VERTEX_POINT('',#16919);
#4924=VERTEX_POINT('',#16921);
#4925=VERTEX_POINT('',#16925);
#4926=VERTEX_POINT('',#16935);
#4927=VERTEX_POINT('',#16939);
#4928=VERTEX_POINT('',#16943);
#4929=VERTEX_POINT('',#16947);
#4930=VERTEX_POINT('',#16949);
#4931=VERTEX_POINT('',#16953);
#4932=VERTEX_POINT('',#16957);
#4933=VERTEX_POINT('',#16963);
#4934=VERTEX_POINT('',#16972);
#4935=VERTEX_POINT('',#16973);
#4936=VERTEX_POINT('',#16984);
#4937=VERTEX_POINT('',#16986);
#4938=VERTEX_POINT('',#16999);
#4939=VERTEX_POINT('',#17001);
#4940=VERTEX_POINT('',#17005);
#4941=VERTEX_POINT('',#17007);
#4942=VERTEX_POINT('',#17018);
#4943=VERTEX_POINT('',#17022);
#4944=VERTEX_POINT('',#17024);
#4945=VERTEX_POINT('',#17037);
#4946=VERTEX_POINT('',#17049);
#4947=VERTEX_POINT('',#17051);
#4948=VERTEX_POINT('',#17056);
#4949=VERTEX_POINT('',#17057);
#4950=VERTEX_POINT('',#17059);
#4951=VERTEX_POINT('',#17061);
#4952=VERTEX_POINT('',#17065);
#4953=VERTEX_POINT('',#17067);
#4954=VERTEX_POINT('',#17071);
#4955=VERTEX_POINT('',#17073);
#4956=VERTEX_POINT('',#17080);
#4957=VERTEX_POINT('',#17082);
#4958=VERTEX_POINT('',#17086);
#4959=VERTEX_POINT('',#17091);
#4960=VERTEX_POINT('',#17093);
#4961=VERTEX_POINT('',#17095);
#4962=VERTEX_POINT('',#17099);
#4963=VERTEX_POINT('',#17104);
#4964=VERTEX_POINT('',#17114);
#4965=VERTEX_POINT('',#17115);
#4966=VERTEX_POINT('',#17117);
#4967=VERTEX_POINT('',#17119);
#4968=VERTEX_POINT('',#17121);
#4969=VERTEX_POINT('',#17123);
#4970=VERTEX_POINT('',#17125);
#4971=VERTEX_POINT('',#17127);
#4972=VERTEX_POINT('',#17129);
#4973=VERTEX_POINT('',#17131);
#4974=VERTEX_POINT('',#17133);
#4975=VERTEX_POINT('',#17135);
#4976=VERTEX_POINT('',#17139);
#4977=VERTEX_POINT('',#17141);
#4978=VERTEX_POINT('',#17145);
#4979=VERTEX_POINT('',#17149);
#4980=VERTEX_POINT('',#17153);
#4981=VERTEX_POINT('',#17157);
#4982=VERTEX_POINT('',#17161);
#4983=VERTEX_POINT('',#17165);
#4984=VERTEX_POINT('',#17169);
#4985=VERTEX_POINT('',#17173);
#4986=VERTEX_POINT('',#17177);
#4987=VERTEX_POINT('',#17181);
#4988=VERTEX_POINT('',#17188);
#4989=VERTEX_POINT('',#17189);
#4990=VERTEX_POINT('',#17191);
#4991=VERTEX_POINT('',#17193);
#4992=VERTEX_POINT('',#17195);
#4993=VERTEX_POINT('',#17197);
#4994=VERTEX_POINT('',#17199);
#4995=VERTEX_POINT('',#17201);
#4996=VERTEX_POINT('',#17203);
#4997=VERTEX_POINT('',#17205);
#4998=VERTEX_POINT('',#17207);
#4999=VERTEX_POINT('',#17209);
#5000=VERTEX_POINT('',#17213);
#5001=VERTEX_POINT('',#17215);
#5002=VERTEX_POINT('',#17219);
#5003=VERTEX_POINT('',#17223);
#5004=VERTEX_POINT('',#17227);
#5005=VERTEX_POINT('',#17231);
#5006=VERTEX_POINT('',#17235);
#5007=VERTEX_POINT('',#17239);
#5008=VERTEX_POINT('',#17243);
#5009=VERTEX_POINT('',#17247);
#5010=VERTEX_POINT('',#17251);
#5011=VERTEX_POINT('',#17255);
#5012=VERTEX_POINT('',#17262);
#5013=VERTEX_POINT('',#17263);
#5014=VERTEX_POINT('',#17265);
#5015=VERTEX_POINT('',#17267);
#5016=VERTEX_POINT('',#17269);
#5017=VERTEX_POINT('',#17271);
#5018=VERTEX_POINT('',#17273);
#5019=VERTEX_POINT('',#17275);
#5020=VERTEX_POINT('',#17277);
#5021=VERTEX_POINT('',#17279);
#5022=VERTEX_POINT('',#17281);
#5023=VERTEX_POINT('',#17283);
#5024=VERTEX_POINT('',#17287);
#5025=VERTEX_POINT('',#17289);
#5026=VERTEX_POINT('',#17293);
#5027=VERTEX_POINT('',#17297);
#5028=VERTEX_POINT('',#17301);
#5029=VERTEX_POINT('',#17305);
#5030=VERTEX_POINT('',#17309);
#5031=VERTEX_POINT('',#17313);
#5032=VERTEX_POINT('',#17317);
#5033=VERTEX_POINT('',#17321);
#5034=VERTEX_POINT('',#17325);
#5035=VERTEX_POINT('',#17329);
#5036=VERTEX_POINT('',#17336);
#5037=VERTEX_POINT('',#17337);
#5038=VERTEX_POINT('',#17339);
#5039=VERTEX_POINT('',#17341);
#5040=VERTEX_POINT('',#17343);
#5041=VERTEX_POINT('',#17345);
#5042=VERTEX_POINT('',#17347);
#5043=VERTEX_POINT('',#17349);
#5044=VERTEX_POINT('',#17351);
#5045=VERTEX_POINT('',#17353);
#5046=VERTEX_POINT('',#17355);
#5047=VERTEX_POINT('',#17357);
#5048=VERTEX_POINT('',#17361);
#5049=VERTEX_POINT('',#17363);
#5050=VERTEX_POINT('',#17367);
#5051=VERTEX_POINT('',#17371);
#5052=VERTEX_POINT('',#17375);
#5053=VERTEX_POINT('',#17379);
#5054=VERTEX_POINT('',#17383);
#5055=VERTEX_POINT('',#17387);
#5056=VERTEX_POINT('',#17391);
#5057=VERTEX_POINT('',#17395);
#5058=VERTEX_POINT('',#17399);
#5059=VERTEX_POINT('',#17403);
#5060=VERTEX_POINT('',#17410);
#5061=VERTEX_POINT('',#17411);
#5062=VERTEX_POINT('',#17413);
#5063=VERTEX_POINT('',#17415);
#5064=VERTEX_POINT('',#17417);
#5065=VERTEX_POINT('',#17419);
#5066=VERTEX_POINT('',#17421);
#5067=VERTEX_POINT('',#17423);
#5068=VERTEX_POINT('',#17425);
#5069=VERTEX_POINT('',#17427);
#5070=VERTEX_POINT('',#17429);
#5071=VERTEX_POINT('',#17431);
#5072=VERTEX_POINT('',#17435);
#5073=VERTEX_POINT('',#17437);
#5074=VERTEX_POINT('',#17441);
#5075=VERTEX_POINT('',#17445);
#5076=VERTEX_POINT('',#17449);
#5077=VERTEX_POINT('',#17453);
#5078=VERTEX_POINT('',#17457);
#5079=VERTEX_POINT('',#17461);
#5080=VERTEX_POINT('',#17465);
#5081=VERTEX_POINT('',#17469);
#5082=VERTEX_POINT('',#17473);
#5083=VERTEX_POINT('',#17477);
#5084=VERTEX_POINT('',#17484);
#5085=VERTEX_POINT('',#17485);
#5086=VERTEX_POINT('',#17487);
#5087=VERTEX_POINT('',#17489);
#5088=VERTEX_POINT('',#17491);
#5089=VERTEX_POINT('',#17493);
#5090=VERTEX_POINT('',#17495);
#5091=VERTEX_POINT('',#17497);
#5092=VERTEX_POINT('',#17499);
#5093=VERTEX_POINT('',#17501);
#5094=VERTEX_POINT('',#17503);
#5095=VERTEX_POINT('',#17505);
#5096=VERTEX_POINT('',#17509);
#5097=VERTEX_POINT('',#17511);
#5098=VERTEX_POINT('',#17515);
#5099=VERTEX_POINT('',#17519);
#5100=VERTEX_POINT('',#17523);
#5101=VERTEX_POINT('',#17527);
#5102=VERTEX_POINT('',#17531);
#5103=VERTEX_POINT('',#17535);
#5104=VERTEX_POINT('',#17539);
#5105=VERTEX_POINT('',#17543);
#5106=VERTEX_POINT('',#17547);
#5107=VERTEX_POINT('',#17551);
#5108=VERTEX_POINT('',#17558);
#5109=VERTEX_POINT('',#17559);
#5110=VERTEX_POINT('',#17561);
#5111=VERTEX_POINT('',#17563);
#5112=VERTEX_POINT('',#17565);
#5113=VERTEX_POINT('',#17567);
#5114=VERTEX_POINT('',#17569);
#5115=VERTEX_POINT('',#17571);
#5116=VERTEX_POINT('',#17573);
#5117=VERTEX_POINT('',#17575);
#5118=VERTEX_POINT('',#17577);
#5119=VERTEX_POINT('',#17579);
#5120=VERTEX_POINT('',#17583);
#5121=VERTEX_POINT('',#17585);
#5122=VERTEX_POINT('',#17589);
#5123=VERTEX_POINT('',#17593);
#5124=VERTEX_POINT('',#17597);
#5125=VERTEX_POINT('',#17601);
#5126=VERTEX_POINT('',#17605);
#5127=VERTEX_POINT('',#17609);
#5128=VERTEX_POINT('',#17613);
#5129=VERTEX_POINT('',#17617);
#5130=VERTEX_POINT('',#17621);
#5131=VERTEX_POINT('',#17625);
#5132=VERTEX_POINT('',#17632);
#5133=VERTEX_POINT('',#17633);
#5134=VERTEX_POINT('',#17635);
#5135=VERTEX_POINT('',#17637);
#5136=VERTEX_POINT('',#17639);
#5137=VERTEX_POINT('',#17641);
#5138=VERTEX_POINT('',#17643);
#5139=VERTEX_POINT('',#17645);
#5140=VERTEX_POINT('',#17647);
#5141=VERTEX_POINT('',#17649);
#5142=VERTEX_POINT('',#17651);
#5143=VERTEX_POINT('',#17653);
#5144=VERTEX_POINT('',#17657);
#5145=VERTEX_POINT('',#17659);
#5146=VERTEX_POINT('',#17663);
#5147=VERTEX_POINT('',#17667);
#5148=VERTEX_POINT('',#17671);
#5149=VERTEX_POINT('',#17675);
#5150=VERTEX_POINT('',#17679);
#5151=VERTEX_POINT('',#17683);
#5152=VERTEX_POINT('',#17687);
#5153=VERTEX_POINT('',#17691);
#5154=VERTEX_POINT('',#17695);
#5155=VERTEX_POINT('',#17699);
#5156=VERTEX_POINT('',#17708);
#5157=VERTEX_POINT('',#17709);
#5158=VERTEX_POINT('',#17711);
#5159=VERTEX_POINT('',#17715);
#5160=VERTEX_POINT('',#17716);
#5161=VERTEX_POINT('',#17718);
#5162=VERTEX_POINT('',#17725);
#5163=VERTEX_POINT('',#17726);
#5164=VERTEX_POINT('',#17728);
#5165=VERTEX_POINT('',#17732);
#5166=VERTEX_POINT('',#17733);
#5167=VERTEX_POINT('',#17735);
#5168=VERTEX_POINT('',#17739);
#5169=VERTEX_POINT('',#17740);
#5170=VERTEX_POINT('',#17742);
#5171=VERTEX_POINT('',#17746);
#5172=VERTEX_POINT('',#17747);
#5173=VERTEX_POINT('',#17749);
#5174=VERTEX_POINT('',#17759);
#5175=VERTEX_POINT('',#17760);
#5176=VERTEX_POINT('',#17762);
#5177=VERTEX_POINT('',#17766);
#5178=VERTEX_POINT('',#17767);
#5179=VERTEX_POINT('',#17769);
#5180=VERTEX_POINT('',#17805);
#5181=VERTEX_POINT('',#17806);
#5182=VERTEX_POINT('',#17808);
#5183=VERTEX_POINT('',#17812);
#5184=VERTEX_POINT('',#17813);
#5185=VERTEX_POINT('',#17815);
#5186=VERTEX_POINT('',#17822);
#5187=VERTEX_POINT('',#17823);
#5188=VERTEX_POINT('',#17825);
#5189=VERTEX_POINT('',#17829);
#5190=VERTEX_POINT('',#17830);
#5191=VERTEX_POINT('',#17832);
#5192=VERTEX_POINT('',#17836);
#5193=VERTEX_POINT('',#17837);
#5194=VERTEX_POINT('',#17839);
#5195=VERTEX_POINT('',#17843);
#5196=VERTEX_POINT('',#17844);
#5197=VERTEX_POINT('',#17846);
#5198=VERTEX_POINT('',#17856);
#5199=VERTEX_POINT('',#17857);
#5200=VERTEX_POINT('',#17859);
#5201=VERTEX_POINT('',#17863);
#5202=VERTEX_POINT('',#17864);
#5203=VERTEX_POINT('',#17866);
#5204=VERTEX_POINT('',#17902);
#5205=VERTEX_POINT('',#17903);
#5206=VERTEX_POINT('',#17905);
#5207=VERTEX_POINT('',#17907);
#5208=VERTEX_POINT('',#17911);
#5209=VERTEX_POINT('',#17912);
#5210=VERTEX_POINT('',#17914);
#5211=VERTEX_POINT('',#17916);
#5212=VERTEX_POINT('',#17928);
#5213=VERTEX_POINT('',#17929);
#5214=VERTEX_POINT('',#17931);
#5215=VERTEX_POINT('',#17933);
#5216=VERTEX_POINT('',#17937);
#5217=VERTEX_POINT('',#17938);
#5218=VERTEX_POINT('',#17940);
#5219=VERTEX_POINT('',#17942);
#5220=VERTEX_POINT('',#17946);
#5221=VERTEX_POINT('',#17947);
#5222=VERTEX_POINT('',#17950);
#5223=VERTEX_POINT('',#17952);
#5224=VERTEX_POINT('',#17954);
#5225=VERTEX_POINT('',#17956);
#5226=VERTEX_POINT('',#17963);
#5227=VERTEX_POINT('',#17967);
#5228=VERTEX_POINT('',#17971);
#5229=VERTEX_POINT('',#17973);
#5230=VERTEX_POINT('',#17977);
#5231=VERTEX_POINT('',#17981);
#5232=VERTEX_POINT('',#17983);
#5233=VERTEX_POINT('',#17987);
#5234=VERTEX_POINT('',#18000);
#5235=VERTEX_POINT('',#18002);
#5236=VERTEX_POINT('',#18008);
#5237=VERTEX_POINT('',#18010);
#5238=VERTEX_POINT('',#18016);
#5239=VERTEX_POINT('',#18018);
#5240=VERTEX_POINT('',#18024);
#5241=VERTEX_POINT('',#18025);
#5242=VERTEX_POINT('',#18027);
#5243=VERTEX_POINT('',#18029);
#5244=VERTEX_POINT('',#18033);
#5245=VERTEX_POINT('',#18035);
#5246=VERTEX_POINT('',#18039);
#5247=VERTEX_POINT('',#18041);
#5248=EDGE_CURVE('',#4299,#4299,#3893,.T.);
#5249=EDGE_CURVE('',#4299,#4300,#1935,.T.);
#5250=EDGE_CURVE('',#4300,#4300,#3894,.T.);
#5251=EDGE_CURVE('',#4301,#4302,#3895,.T.);
#5252=EDGE_CURVE('',#4302,#4301,#3896,.T.);
#5253=EDGE_CURVE('',#4301,#4303,#1936,.T.);
#5254=EDGE_CURVE('',#4304,#4303,#3897,.T.);
#5255=EDGE_CURVE('',#4303,#4304,#3898,.T.);
#5256=EDGE_CURVE('',#4305,#4305,#3899,.T.);
#5257=EDGE_CURVE('',#4306,#4306,#3900,.T.);
#5258=EDGE_CURVE('',#4305,#4307,#1937,.T.);
#5259=EDGE_CURVE('',#4308,#4307,#3901,.T.);
#5260=EDGE_CURVE('',#4307,#4308,#3902,.T.);
#5261=EDGE_CURVE('',#4308,#4302,#1938,.T.);
#5262=EDGE_CURVE('',#4309,#4310,#3903,.T.);
#5263=EDGE_CURVE('',#4310,#4306,#1939,.T.);
#5264=EDGE_CURVE('',#4310,#4309,#3904,.T.);
#5265=EDGE_CURVE('',#4304,#4309,#1940,.T.);
#5266=EDGE_CURVE('',#4311,#4311,#3905,.T.);
#5267=EDGE_CURVE('',#4312,#4312,#3906,.T.);
#5268=EDGE_CURVE('',#4313,#4313,#3907,.T.);
#5269=EDGE_CURVE('',#4314,#4314,#3908,.T.);
#5270=EDGE_CURVE('',#4314,#4312,#1941,.T.);
#5271=EDGE_CURVE('',#4313,#4311,#1942,.T.);
#5272=EDGE_CURVE('',#4315,#4316,#1943,.T.);
#5273=EDGE_CURVE('',#4317,#4315,#1944,.T.);
#5274=EDGE_CURVE('',#4318,#4317,#1945,.T.);
#5275=EDGE_CURVE('',#4319,#4318,#1946,.T.);
#5276=EDGE_CURVE('',#4320,#4319,#1947,.T.);
#5277=EDGE_CURVE('',#4316,#4320,#1948,.T.);
#5278=EDGE_CURVE('',#4320,#4321,#1949,.T.);
#5279=EDGE_CURVE('',#4319,#4322,#1950,.T.);
#5280=EDGE_CURVE('',#4321,#4322,#1951,.T.);
#5281=EDGE_CURVE('',#4316,#4323,#1952,.T.);
#5282=EDGE_CURVE('',#4323,#4321,#1953,.T.);
#5283=EDGE_CURVE('',#4318,#4324,#1954,.T.);
#5284=EDGE_CURVE('',#4322,#4324,#1955,.T.);
#5285=EDGE_CURVE('',#4324,#4325,#1956,.T.);
#5286=EDGE_CURVE('',#4325,#4326,#1957,.T.);
#5287=EDGE_CURVE('',#4326,#4323,#1958,.T.);
#5288=EDGE_CURVE('',#4315,#4326,#1959,.T.);
#5289=EDGE_CURVE('',#4317,#4325,#1960,.T.);
#5290=EDGE_CURVE('',#4327,#4327,#3909,.T.);
#5291=EDGE_CURVE('',#4328,#4328,#3910,.T.);
#5292=EDGE_CURVE('',#4329,#4329,#3911,.T.);
#5293=EDGE_CURVE('',#4330,#4330,#3912,.T.);
#5294=EDGE_CURVE('',#4330,#4328,#1961,.T.);
#5295=EDGE_CURVE('',#4329,#4327,#1962,.T.);
#5296=EDGE_CURVE('',#4331,#4332,#1963,.T.);
#5297=EDGE_CURVE('',#4333,#4331,#1964,.T.);
#5298=EDGE_CURVE('',#4334,#4333,#1965,.T.);
#5299=EDGE_CURVE('',#4335,#4334,#1966,.T.);
#5300=EDGE_CURVE('',#4336,#4335,#1967,.T.);
#5301=EDGE_CURVE('',#4332,#4336,#1968,.T.);
#5302=EDGE_CURVE('',#4336,#4337,#1969,.T.);
#5303=EDGE_CURVE('',#4335,#4338,#1970,.T.);
#5304=EDGE_CURVE('',#4337,#4338,#1971,.T.);
#5305=EDGE_CURVE('',#4332,#4339,#1972,.T.);
#5306=EDGE_CURVE('',#4339,#4337,#1973,.T.);
#5307=EDGE_CURVE('',#4334,#4340,#1974,.T.);
#5308=EDGE_CURVE('',#4338,#4340,#1975,.T.);
#5309=EDGE_CURVE('',#4340,#4341,#1976,.T.);
#5310=EDGE_CURVE('',#4341,#4342,#1977,.T.);
#5311=EDGE_CURVE('',#4342,#4339,#1978,.T.);
#5312=EDGE_CURVE('',#4331,#4342,#1979,.T.);
#5313=EDGE_CURVE('',#4333,#4341,#1980,.T.);
#5314=EDGE_CURVE('',#4343,#4343,#3913,.T.);
#5315=EDGE_CURVE('',#4343,#4344,#1981,.T.);
#5316=EDGE_CURVE('',#4344,#4344,#3914,.T.);
#5317=EDGE_CURVE('',#4345,#4345,#3915,.T.);
#5318=EDGE_CURVE('',#4345,#4346,#1982,.T.);
#5319=EDGE_CURVE('',#4346,#4346,#3916,.T.);
#5320=EDGE_CURVE('',#4347,#4347,#3917,.T.);
#5321=EDGE_CURVE('',#4347,#4348,#1983,.T.);
#5322=EDGE_CURVE('',#4348,#4348,#3918,.T.);
#5323=EDGE_CURVE('',#4349,#4350,#1984,.T.);
#5324=EDGE_CURVE('',#4349,#4351,#3919,.T.);
#5325=EDGE_CURVE('',#4351,#4352,#3920,.T.);
#5326=EDGE_CURVE('',#4353,#4352,#1985,.T.);
#5327=EDGE_CURVE('',#4353,#4354,#3921,.T.);
#5328=EDGE_CURVE('',#4354,#4355,#3922,.T.);
#5329=EDGE_CURVE('',#4356,#4355,#1986,.T.);
#5330=EDGE_CURVE('',#4356,#4357,#1987,.T.);
#5331=EDGE_CURVE('',#4358,#4357,#3923,.T.);
#5332=EDGE_CURVE('',#4358,#4359,#1988,.T.);
#5333=EDGE_CURVE('',#4359,#4360,#3924,.T.);
#5334=EDGE_CURVE('',#4360,#4361,#1989,.T.);
#5335=EDGE_CURVE('',#4361,#4362,#3925,.T.);
#5336=EDGE_CURVE('',#4362,#4363,#1990,.T.);
#5337=EDGE_CURVE('',#4364,#4363,#3926,.T.);
#5338=EDGE_CURVE('',#4364,#4350,#1991,.T.);
#5339=EDGE_CURVE('',#4359,#4365,#1992,.T.);
#5340=EDGE_CURVE('',#4366,#4365,#3927,.T.);
#5341=EDGE_CURVE('',#4360,#4366,#1993,.T.);
#5342=EDGE_CURVE('',#4367,#4366,#1994,.T.);
#5343=EDGE_CURVE('',#4361,#4367,#1995,.T.);
#5344=EDGE_CURVE('',#4368,#4367,#3928,.T.);
#5345=EDGE_CURVE('',#4362,#4368,#1996,.T.);
#5346=EDGE_CURVE('',#4369,#4370,#3929,.T.);
#5347=EDGE_CURVE('',#4371,#4369,#1997,.T.);
#5348=EDGE_CURVE('',#4372,#4371,#3930,.T.);
#5349=EDGE_CURVE('',#4370,#4372,#1998,.T.);
#5350=EDGE_CURVE('',#4373,#4374,#1999,.T.);
#5351=EDGE_CURVE('',#4375,#4373,#2000,.T.);
#5352=EDGE_CURVE('',#4376,#4375,#2001,.T.);
#5353=EDGE_CURVE('',#4374,#4376,#2002,.T.);
#5354=EDGE_CURVE('',#4377,#4375,#2003,.T.);
#5355=EDGE_CURVE('',#4378,#4377,#2004,.T.);
#5356=EDGE_CURVE('',#4376,#4378,#2005,.T.);
#5357=EDGE_CURVE('',#4379,#4380,#2006,.T.);
#5358=EDGE_CURVE('',#4378,#4379,#2007,.T.);
#5359=EDGE_CURVE('',#4380,#4377,#2008,.T.);
#5360=EDGE_CURVE('',#4381,#4373,#2009,.T.);
#5361=EDGE_CURVE('',#4382,#4381,#2010,.T.);
#5362=EDGE_CURVE('',#4383,#4382,#2011,.T.);
#5363=EDGE_CURVE('',#4383,#4384,#3931,.F.);
#5364=EDGE_CURVE('',#4384,#4385,#2012,.T.);
#5365=EDGE_CURVE('',#4385,#4386,#2013,.T.);
#5366=EDGE_CURVE('',#4386,#4387,#2014,.T.);
#5367=EDGE_CURVE('',#4387,#4388,#2015,.T.);
#5368=EDGE_CURVE('',#4388,#4389,#2016,.T.);
#5369=EDGE_CURVE('',#4389,#4390,#2017,.T.);
#5370=EDGE_CURVE('',#4390,#4391,#2018,.T.);
#5371=EDGE_CURVE('',#4391,#4392,#2019,.T.);
#5372=EDGE_CURVE('',#4392,#4393,#2020,.T.);
#5373=EDGE_CURVE('',#4393,#4394,#2021,.T.);
#5374=EDGE_CURVE('',#4394,#4395,#2022,.T.);
#5375=EDGE_CURVE('',#4395,#4396,#3932,.T.);
#5376=EDGE_CURVE('',#4396,#4397,#142,.T.);
#5377=EDGE_CURVE('',#4397,#4398,#3933,.T.);
#5378=EDGE_CURVE('',#4398,#4399,#3934,.T.);
#5379=EDGE_CURVE('',#4399,#4400,#2023,.T.);
#5380=EDGE_CURVE('',#4400,#4401,#2024,.T.);
#5381=EDGE_CURVE('',#4401,#4402,#3935,.T.);
#5382=EDGE_CURVE('',#4402,#4403,#3936,.T.);
#5383=EDGE_CURVE('',#4403,#4404,#3937,.T.);
#5384=EDGE_CURVE('',#4404,#4405,#143,.T.);
#5385=EDGE_CURVE('',#4405,#4406,#3938,.T.);
#5386=EDGE_CURVE('',#4406,#4407,#144,.T.);
#5387=EDGE_CURVE('',#4407,#4408,#3939,.T.);
#5388=EDGE_CURVE('',#4408,#4409,#3940,.T.);
#5389=EDGE_CURVE('',#4409,#4410,#145,.T.);
#5390=EDGE_CURVE('',#4410,#4411,#3941,.T.);
#5391=EDGE_CURVE('',#4411,#4412,#146,.T.);
#5392=EDGE_CURVE('',#4412,#4413,#3942,.T.);
#5393=EDGE_CURVE('',#4413,#4414,#3943,.T.);
#5394=EDGE_CURVE('',#4414,#4415,#147,.T.);
#5395=EDGE_CURVE('',#4415,#4416,#3944,.T.);
#5396=EDGE_CURVE('',#4416,#4417,#148,.T.);
#5397=EDGE_CURVE('',#4417,#4418,#3945,.T.);
#5398=EDGE_CURVE('',#4418,#4419,#3946,.T.);
#5399=EDGE_CURVE('',#4419,#4420,#149,.T.);
#5400=EDGE_CURVE('',#4420,#4421,#3947,.T.);
#5401=EDGE_CURVE('',#4421,#4422,#150,.T.);
#5402=EDGE_CURVE('',#4422,#4423,#3948,.T.);
#5403=EDGE_CURVE('',#4423,#4424,#3949,.T.);
#5404=EDGE_CURVE('',#4424,#4425,#151,.T.);
#5405=EDGE_CURVE('',#4425,#4426,#3950,.T.);
#5406=EDGE_CURVE('',#4426,#4427,#152,.T.);
#5407=EDGE_CURVE('',#4427,#4428,#3951,.T.);
#5408=EDGE_CURVE('',#4428,#4429,#3952,.T.);
#5409=EDGE_CURVE('',#4429,#4430,#153,.T.);
#5410=EDGE_CURVE('',#4430,#4431,#3953,.T.);
#5411=EDGE_CURVE('',#4380,#4431,#2025,.T.);
#5412=EDGE_CURVE('',#4432,#4432,#3954,.T.);
#5413=EDGE_CURVE('',#4433,#4433,#3955,.T.);
#5414=EDGE_CURVE('',#4434,#4434,#3956,.T.);
#5415=EDGE_CURVE('',#4435,#4435,#3957,.T.);
#5416=EDGE_CURVE('',#4436,#4436,#3958,.T.);
#5417=EDGE_CURVE('',#4437,#4437,#3959,.T.);
#5418=EDGE_CURVE('',#4438,#4374,#2026,.T.);
#5419=EDGE_CURVE('',#4438,#4439,#2027,.T.);
#5420=EDGE_CURVE('',#4440,#4439,#3960,.T.);
#5421=EDGE_CURVE('',#4440,#4368,#2028,.T.);
#5422=EDGE_CURVE('',#4365,#4441,#2029,.T.);
#5423=EDGE_CURVE('',#4442,#4441,#3961,.T.);
#5424=EDGE_CURVE('',#4442,#4381,#2030,.T.);
#5425=EDGE_CURVE('',#4443,#4443,#3962,.T.);
#5426=EDGE_CURVE('',#4444,#4444,#3963,.T.);
#5427=EDGE_CURVE('',#4349,#4445,#154,.F.);
#5428=EDGE_CURVE('',#4350,#4446,#3964,.T.);
#5429=EDGE_CURVE('',#4446,#4447,#2031,.T.);
#5430=EDGE_CURVE('',#4447,#4445,#155,.T.);
#5431=EDGE_CURVE('',#4383,#4448,#156,.F.);
#5432=EDGE_CURVE('',#4382,#4356,#3965,.T.);
#5433=EDGE_CURVE('',#4355,#4448,#157,.T.);
#5434=EDGE_CURVE('',#4445,#4352,#158,.F.);
#5435=EDGE_CURVE('',#4447,#4449,#3966,.T.);
#5436=EDGE_CURVE('',#4449,#4384,#2032,.T.);
#5437=EDGE_CURVE('',#4448,#4353,#159,.T.);
#5438=EDGE_CURVE('',#4449,#4450,#2033,.T.);
#5439=EDGE_CURVE('',#4450,#4385,#2034,.T.);
#5440=EDGE_CURVE('',#4379,#4451,#2035,.T.);
#5441=EDGE_CURVE('',#4451,#4452,#3967,.T.);
#5442=EDGE_CURVE('',#4452,#4453,#160,.T.);
#5443=EDGE_CURVE('',#4453,#4454,#3968,.T.);
#5444=EDGE_CURVE('',#4454,#4455,#3969,.T.);
#5445=EDGE_CURVE('',#4455,#4456,#161,.T.);
#5446=EDGE_CURVE('',#4456,#4457,#3970,.T.);
#5447=EDGE_CURVE('',#4457,#4458,#162,.T.);
#5448=EDGE_CURVE('',#4458,#4459,#3971,.T.);
#5449=EDGE_CURVE('',#4459,#4460,#3972,.T.);
#5450=EDGE_CURVE('',#4460,#4461,#163,.T.);
#5451=EDGE_CURVE('',#4461,#4462,#3973,.T.);
#5452=EDGE_CURVE('',#4462,#4463,#164,.T.);
#5453=EDGE_CURVE('',#4463,#4464,#3974,.T.);
#5454=EDGE_CURVE('',#4464,#4465,#3975,.T.);
#5455=EDGE_CURVE('',#4465,#4466,#165,.T.);
#5456=EDGE_CURVE('',#4466,#4467,#3976,.T.);
#5457=EDGE_CURVE('',#4467,#4468,#166,.T.);
#5458=EDGE_CURVE('',#4468,#4469,#3977,.T.);
#5459=EDGE_CURVE('',#4469,#4470,#3978,.T.);
#5460=EDGE_CURVE('',#4470,#4471,#167,.T.);
#5461=EDGE_CURVE('',#4471,#4472,#3979,.T.);
#5462=EDGE_CURVE('',#4472,#4473,#168,.T.);
#5463=EDGE_CURVE('',#4473,#4474,#3980,.T.);
#5464=EDGE_CURVE('',#4474,#4475,#3981,.T.);
#5465=EDGE_CURVE('',#4475,#4476,#169,.T.);
#5466=EDGE_CURVE('',#4476,#4477,#3982,.T.);
#5467=EDGE_CURVE('',#4477,#4478,#170,.T.);
#5468=EDGE_CURVE('',#4478,#4479,#3983,.T.);
#5469=EDGE_CURVE('',#4479,#4480,#3984,.T.);
#5470=EDGE_CURVE('',#4480,#4481,#3985,.T.);
#5471=EDGE_CURVE('',#4481,#4482,#2036,.T.);
#5472=EDGE_CURVE('',#4482,#4483,#2037,.T.);
#5473=EDGE_CURVE('',#4483,#4484,#3986,.T.);
#5474=EDGE_CURVE('',#4484,#4485,#3987,.T.);
#5475=EDGE_CURVE('',#4485,#4486,#171,.T.);
#5476=EDGE_CURVE('',#4486,#4487,#3988,.T.);
#5477=EDGE_CURVE('',#4487,#4488,#2038,.T.);
#5478=EDGE_CURVE('',#4488,#4489,#2039,.T.);
#5479=EDGE_CURVE('',#4489,#4490,#2040,.T.);
#5480=EDGE_CURVE('',#4490,#4491,#2041,.T.);
#5481=EDGE_CURVE('',#4491,#4492,#2042,.T.);
#5482=EDGE_CURVE('',#4492,#4493,#2043,.T.);
#5483=EDGE_CURVE('',#4493,#4494,#2044,.T.);
#5484=EDGE_CURVE('',#4494,#4495,#2045,.T.);
#5485=EDGE_CURVE('',#4495,#4496,#2046,.T.);
#5486=EDGE_CURVE('',#4496,#4450,#2047,.T.);
#5487=EDGE_CURVE('',#4438,#4446,#2048,.T.);
#5488=EDGE_CURVE('',#4497,#4497,#3989,.T.);
#5489=EDGE_CURVE('',#4498,#4498,#3990,.T.);
#5490=EDGE_CURVE('',#4499,#4499,#3991,.T.);
#5491=EDGE_CURVE('',#4500,#4500,#3992,.T.);
#5492=EDGE_CURVE('',#4501,#4501,#3993,.T.);
#5493=EDGE_CURVE('',#4502,#4502,#3994,.T.);
#5494=EDGE_CURVE('',#4387,#4495,#2049,.T.);
#5495=EDGE_CURVE('',#4496,#4386,#2050,.T.);
#5496=EDGE_CURVE('',#4389,#4493,#2051,.T.);
#5497=EDGE_CURVE('',#4388,#4494,#2052,.T.);
#5498=EDGE_CURVE('',#4391,#4491,#2053,.T.);
#5499=EDGE_CURVE('',#4492,#4390,#2054,.T.);
#5500=EDGE_CURVE('',#4393,#4489,#2055,.T.);
#5501=EDGE_CURVE('',#4392,#4490,#2056,.T.);
#5502=EDGE_CURVE('',#4488,#4394,#2057,.T.);
#5503=EDGE_CURVE('',#4503,#4503,#3995,.T.);
#5504=EDGE_CURVE('',#4503,#4443,#2058,.T.);
#5505=EDGE_CURVE('',#4504,#4504,#3996,.T.);
#5506=EDGE_CURVE('',#4504,#4444,#2059,.T.);
#5507=EDGE_CURVE('',#4505,#4505,#3997,.T.);
#5508=EDGE_CURVE('',#4505,#4506,#2060,.T.);
#5509=EDGE_CURVE('',#4506,#4506,#3998,.T.);
#5510=EDGE_CURVE('',#4507,#4507,#3999,.T.);
#5511=EDGE_CURVE('',#4507,#4508,#2061,.T.);
#5512=EDGE_CURVE('',#4508,#4508,#4000,.T.);
#5513=EDGE_CURVE('',#4351,#4509,#2062,.T.);
#5514=EDGE_CURVE('',#4509,#4509,#4001,.T.);
#5515=EDGE_CURVE('',#4354,#4510,#2063,.T.);
#5516=EDGE_CURVE('',#4510,#4510,#4002,.T.);
#5517=EDGE_CURVE('',#4363,#4440,#2064,.T.);
#5518=EDGE_CURVE('',#4439,#4364,#2065,.T.);
#5519=EDGE_CURVE('',#4357,#4442,#2066,.T.);
#5520=EDGE_CURVE('',#4441,#4358,#2067,.T.);
#5521=EDGE_CURVE('',#4451,#4431,#2068,.T.);
#5522=EDGE_CURVE('',#4511,#4512,#4003,.T.);
#5523=EDGE_CURVE('',#4511,#4513,#2069,.T.);
#5524=EDGE_CURVE('',#4513,#4514,#4004,.T.);
#5525=EDGE_CURVE('',#4512,#4514,#2070,.T.);
#5526=EDGE_CURVE('',#4511,#4515,#2071,.T.);
#5527=EDGE_CURVE('',#4516,#4515,#2072,.T.);
#5528=EDGE_CURVE('',#4516,#4513,#2073,.T.);
#5529=EDGE_CURVE('',#4512,#4517,#2074,.T.);
#5530=EDGE_CURVE('',#4514,#4518,#2075,.T.);
#5531=EDGE_CURVE('',#4517,#4518,#2076,.T.);
#5532=EDGE_CURVE('',#4518,#4370,#2077,.T.);
#5533=EDGE_CURVE('',#4369,#4516,#2078,.T.);
#5534=EDGE_CURVE('',#4372,#4519,#2079,.T.);
#5535=EDGE_CURVE('',#4518,#4519,#2080,.T.);
#5536=EDGE_CURVE('',#4520,#4517,#4005,.T.);
#5537=EDGE_CURVE('',#4521,#4520,#172,.T.);
#5538=EDGE_CURVE('',#4522,#4521,#4006,.T.);
#5539=EDGE_CURVE('',#4523,#4522,#173,.T.);
#5540=EDGE_CURVE('',#4524,#4523,#4007,.T.);
#5541=EDGE_CURVE('',#4525,#4524,#4008,.T.);
#5542=EDGE_CURVE('',#4526,#4525,#174,.T.);
#5543=EDGE_CURVE('',#4527,#4526,#4009,.T.);
#5544=EDGE_CURVE('',#4528,#4527,#175,.T.);
#5545=EDGE_CURVE('',#4529,#4528,#4010,.T.);
#5546=EDGE_CURVE('',#4530,#4529,#4011,.T.);
#5547=EDGE_CURVE('',#4531,#4530,#176,.T.);
#5548=EDGE_CURVE('',#4532,#4531,#4012,.T.);
#5549=EDGE_CURVE('',#4533,#4532,#177,.T.);
#5550=EDGE_CURVE('',#4534,#4533,#4013,.T.);
#5551=EDGE_CURVE('',#4535,#4534,#4014,.T.);
#5552=EDGE_CURVE('',#4536,#4535,#178,.T.);
#5553=EDGE_CURVE('',#4537,#4536,#4015,.T.);
#5554=EDGE_CURVE('',#4538,#4537,#179,.T.);
#5555=EDGE_CURVE('',#4539,#4538,#4016,.T.);
#5556=EDGE_CURVE('',#4540,#4539,#4017,.T.);
#5557=EDGE_CURVE('',#4541,#4540,#180,.T.);
#5558=EDGE_CURVE('',#4542,#4541,#4018,.T.);
#5559=EDGE_CURVE('',#4543,#4542,#181,.T.);
#5560=EDGE_CURVE('',#4544,#4543,#4019,.T.);
#5561=EDGE_CURVE('',#4515,#4544,#4020,.T.);
#5562=EDGE_CURVE('',#4545,#4545,#4021,.T.);
#5563=EDGE_CURVE('',#4546,#4546,#4022,.T.);
#5564=EDGE_CURVE('',#4546,#4502,#2081,.T.);
#5565=EDGE_CURVE('',#4547,#4547,#4023,.T.);
#5566=EDGE_CURVE('',#4547,#4501,#2082,.T.);
#5567=EDGE_CURVE('',#4548,#4548,#4024,.T.);
#5568=EDGE_CURVE('',#4548,#4500,#2083,.T.);
#5569=EDGE_CURVE('',#4549,#4549,#4025,.T.);
#5570=EDGE_CURVE('',#4549,#4432,#2084,.T.);
#5571=EDGE_CURVE('',#4545,#4433,#2085,.T.);
#5572=EDGE_CURVE('',#4550,#4550,#4026,.T.);
#5573=EDGE_CURVE('',#4550,#4551,#2086,.T.);
#5574=EDGE_CURVE('',#4551,#4551,#4027,.T.);
#5575=EDGE_CURVE('',#4552,#4552,#4028,.T.);
#5576=EDGE_CURVE('',#4552,#4434,#2087,.T.);
#5577=EDGE_CURVE('',#4553,#4553,#4029,.T.);
#5578=EDGE_CURVE('',#4553,#4554,#2088,.T.);
#5579=EDGE_CURVE('',#4554,#4554,#4030,.T.);
#5580=EDGE_CURVE('',#4555,#4555,#4031,.T.);
#5581=EDGE_CURVE('',#4555,#4556,#2089,.T.);
#5582=EDGE_CURVE('',#4556,#4556,#4032,.T.);
#5583=EDGE_CURVE('',#4557,#4557,#4033,.T.);
#5584=EDGE_CURVE('',#4557,#4558,#2090,.T.);
#5585=EDGE_CURVE('',#4558,#4558,#4034,.T.);
#5586=EDGE_CURVE('',#4559,#4559,#4035,.T.);
#5587=EDGE_CURVE('',#4559,#4560,#2091,.T.);
#5588=EDGE_CURVE('',#4560,#4560,#4036,.T.);
#5589=EDGE_CURVE('',#4561,#4561,#4037,.T.);
#5590=EDGE_CURVE('',#4561,#4562,#2092,.T.);
#5591=EDGE_CURVE('',#4562,#4562,#4038,.T.);
#5592=EDGE_CURVE('',#4563,#4563,#4039,.T.);
#5593=EDGE_CURVE('',#4563,#4564,#2093,.T.);
#5594=EDGE_CURVE('',#4564,#4564,#4040,.T.);
#5595=EDGE_CURVE('',#4499,#4565,#2094,.T.);
#5596=EDGE_CURVE('',#4565,#4565,#4041,.T.);
#5597=EDGE_CURVE('',#4498,#4566,#2095,.T.);
#5598=EDGE_CURVE('',#4566,#4566,#4042,.T.);
#5599=EDGE_CURVE('',#4497,#4567,#2096,.T.);
#5600=EDGE_CURVE('',#4567,#4567,#4043,.T.);
#5601=EDGE_CURVE('',#4435,#4568,#2097,.T.);
#5602=EDGE_CURVE('',#4568,#4568,#4044,.T.);
#5603=EDGE_CURVE('',#4436,#4569,#2098,.T.);
#5604=EDGE_CURVE('',#4569,#4569,#4045,.T.);
#5605=EDGE_CURVE('',#4437,#4570,#2099,.T.);
#5606=EDGE_CURVE('',#4570,#4570,#4046,.T.);
#5607=EDGE_CURVE('',#4571,#4572,#4047,.T.);
#5608=EDGE_CURVE('',#4573,#4571,#182,.T.);
#5609=EDGE_CURVE('',#4519,#4573,#4048,.T.);
#5610=EDGE_CURVE('',#4574,#4371,#2100,.T.);
#5611=EDGE_CURVE('',#4575,#4574,#4049,.T.);
#5612=EDGE_CURVE('',#4576,#4575,#4050,.T.);
#5613=EDGE_CURVE('',#4577,#4576,#183,.T.);
#5614=EDGE_CURVE('',#4578,#4577,#4051,.T.);
#5615=EDGE_CURVE('',#4579,#4578,#184,.T.);
#5616=EDGE_CURVE('',#4580,#4579,#4052,.T.);
#5617=EDGE_CURVE('',#4581,#4580,#4053,.T.);
#5618=EDGE_CURVE('',#4582,#4581,#185,.T.);
#5619=EDGE_CURVE('',#4583,#4582,#4054,.T.);
#5620=EDGE_CURVE('',#4584,#4583,#186,.T.);
#5621=EDGE_CURVE('',#4585,#4584,#4055,.T.);
#5622=EDGE_CURVE('',#4586,#4585,#4056,.T.);
#5623=EDGE_CURVE('',#4587,#4586,#187,.T.);
#5624=EDGE_CURVE('',#4588,#4587,#4057,.T.);
#5625=EDGE_CURVE('',#4589,#4588,#188,.T.);
#5626=EDGE_CURVE('',#4590,#4589,#4058,.T.);
#5627=EDGE_CURVE('',#4591,#4590,#4059,.T.);
#5628=EDGE_CURVE('',#4592,#4591,#189,.T.);
#5629=EDGE_CURVE('',#4593,#4592,#4060,.T.);
#5630=EDGE_CURVE('',#4594,#4593,#190,.T.);
#5631=EDGE_CURVE('',#4595,#4594,#4061,.T.);
#5632=EDGE_CURVE('',#4596,#4595,#4062,.T.);
#5633=EDGE_CURVE('',#4572,#4596,#191,.T.);
#5634=EDGE_CURVE('',#4574,#4516,#2101,.T.);
#5635=EDGE_CURVE('',#4480,#4574,#2102,.T.);
#5636=EDGE_CURVE('',#4479,#4575,#2103,.T.);
#5637=EDGE_CURVE('',#4544,#4403,#2104,.T.);
#5638=EDGE_CURVE('',#4515,#4402,#2105,.T.);
#5639=EDGE_CURVE('',#4478,#4576,#2106,.T.);
#5640=EDGE_CURVE('',#4543,#4404,#2107,.T.);
#5641=EDGE_CURVE('',#4477,#4577,#2108,.T.);
#5642=EDGE_CURVE('',#4542,#4405,#2109,.T.);
#5643=EDGE_CURVE('',#4476,#4578,#2110,.T.);
#5644=EDGE_CURVE('',#4541,#4406,#2111,.T.);
#5645=EDGE_CURVE('',#4475,#4579,#2112,.T.);
#5646=EDGE_CURVE('',#4540,#4407,#2113,.T.);
#5647=EDGE_CURVE('',#4474,#4580,#2114,.T.);
#5648=EDGE_CURVE('',#4539,#4408,#2115,.T.);
#5649=EDGE_CURVE('',#4473,#4581,#2116,.T.);
#5650=EDGE_CURVE('',#4538,#4409,#2117,.T.);
#5651=EDGE_CURVE('',#4472,#4582,#2118,.T.);
#5652=EDGE_CURVE('',#4537,#4410,#2119,.T.);
#5653=EDGE_CURVE('',#4471,#4583,#2120,.T.);
#5654=EDGE_CURVE('',#4536,#4411,#2121,.T.);
#5655=EDGE_CURVE('',#4470,#4584,#2122,.T.);
#5656=EDGE_CURVE('',#4535,#4412,#2123,.T.);
#5657=EDGE_CURVE('',#4469,#4585,#2124,.T.);
#5658=EDGE_CURVE('',#4534,#4413,#2125,.T.);
#5659=EDGE_CURVE('',#4468,#4586,#2126,.T.);
#5660=EDGE_CURVE('',#4533,#4414,#2127,.T.);
#5661=EDGE_CURVE('',#4467,#4587,#2128,.T.);
#5662=EDGE_CURVE('',#4532,#4415,#2129,.T.);
#5663=EDGE_CURVE('',#4466,#4588,#2130,.T.);
#5664=EDGE_CURVE('',#4531,#4416,#2131,.T.);
#5665=EDGE_CURVE('',#4465,#4589,#2132,.T.);
#5666=EDGE_CURVE('',#4530,#4417,#2133,.T.);
#5667=EDGE_CURVE('',#4464,#4590,#2134,.T.);
#5668=EDGE_CURVE('',#4529,#4418,#2135,.T.);
#5669=EDGE_CURVE('',#4463,#4591,#2136,.T.);
#5670=EDGE_CURVE('',#4528,#4419,#2137,.T.);
#5671=EDGE_CURVE('',#4462,#4592,#2138,.T.);
#5672=EDGE_CURVE('',#4527,#4420,#2139,.T.);
#5673=EDGE_CURVE('',#4461,#4593,#2140,.T.);
#5674=EDGE_CURVE('',#4526,#4421,#2141,.T.);
#5675=EDGE_CURVE('',#4460,#4594,#2142,.T.);
#5676=EDGE_CURVE('',#4525,#4422,#2143,.T.);
#5677=EDGE_CURVE('',#4459,#4595,#2144,.T.);
#5678=EDGE_CURVE('',#4524,#4423,#2145,.T.);
#5679=EDGE_CURVE('',#4458,#4596,#2146,.T.);
#5680=EDGE_CURVE('',#4523,#4424,#2147,.T.);
#5681=EDGE_CURVE('',#4457,#4572,#2148,.T.);
#5682=EDGE_CURVE('',#4522,#4425,#2149,.T.);
#5683=EDGE_CURVE('',#4456,#4571,#2150,.T.);
#5684=EDGE_CURVE('',#4521,#4426,#2151,.T.);
#5685=EDGE_CURVE('',#4455,#4573,#2152,.T.);
#5686=EDGE_CURVE('',#4520,#4427,#2153,.T.);
#5687=EDGE_CURVE('',#4454,#4428,#2154,.T.);
#5688=EDGE_CURVE('',#4430,#4452,#2155,.T.);
#5689=EDGE_CURVE('',#4453,#4429,#2156,.T.);
#5690=EDGE_CURVE('',#4481,#4401,#2157,.T.);
#5691=EDGE_CURVE('',#4482,#4400,#2158,.T.);
#5692=EDGE_CURVE('',#4483,#4399,#2159,.T.);
#5693=EDGE_CURVE('',#4484,#4398,#2160,.T.);
#5694=EDGE_CURVE('',#4485,#4397,#2161,.T.);
#5695=EDGE_CURVE('',#4486,#4396,#2162,.T.);
#5696=EDGE_CURVE('',#4487,#4395,#2163,.T.);
#5697=EDGE_CURVE('',#4597,#4598,#4063,.T.);
#5698=EDGE_CURVE('',#4597,#4599,#2164,.T.);
#5699=EDGE_CURVE('',#4599,#4600,#4064,.T.);
#5700=EDGE_CURVE('',#4600,#4598,#2165,.T.);
#5701=EDGE_CURVE('',#4601,#4598,#2166,.T.);
#5702=EDGE_CURVE('',#4601,#4602,#4065,.T.);
#5703=EDGE_CURVE('',#4603,#4602,#2167,.T.);
#5704=EDGE_CURVE('',#4603,#4604,#4066,.T.);
#5705=EDGE_CURVE('',#4605,#4604,#2168,.T.);
#5706=EDGE_CURVE('',#4605,#4606,#4067,.T.);
#5707=EDGE_CURVE('',#4597,#4606,#2169,.T.);
#5708=EDGE_CURVE('',#4607,#4600,#2170,.T.);
#5709=EDGE_CURVE('',#4601,#4607,#2171,.T.);
#5710=EDGE_CURVE('',#4607,#4608,#4068,.T.);
#5711=EDGE_CURVE('',#4608,#4602,#2172,.T.);
#5712=EDGE_CURVE('',#4603,#4609,#2173,.T.);
#5713=EDGE_CURVE('',#4609,#4610,#4069,.T.);
#5714=EDGE_CURVE('',#4610,#4604,#2174,.T.);
#5715=EDGE_CURVE('',#4611,#4610,#2175,.T.);
#5716=EDGE_CURVE('',#4605,#4611,#2176,.T.);
#5717=EDGE_CURVE('',#4611,#4612,#4070,.T.);
#5718=EDGE_CURVE('',#4612,#4606,#2177,.T.);
#5719=EDGE_CURVE('',#4599,#4612,#2178,.T.);
#5720=EDGE_CURVE('',#4609,#4608,#2179,.T.);
#5721=EDGE_CURVE('',#4613,#4614,#2180,.T.);
#5722=EDGE_CURVE('',#4615,#4613,#2181,.T.);
#5723=EDGE_CURVE('',#4616,#4615,#2182,.T.);
#5724=EDGE_CURVE('',#4616,#4617,#2183,.T.);
#5725=EDGE_CURVE('',#4614,#4617,#2184,.F.);
#5726=EDGE_CURVE('',#4618,#4619,#2185,.T.);
#5727=EDGE_CURVE('',#4620,#4618,#2186,.F.);
#5728=EDGE_CURVE('',#4621,#4620,#2187,.F.);
#5729=EDGE_CURVE('',#4622,#4621,#2188,.T.);
#5730=EDGE_CURVE('',#4622,#4619,#2189,.T.);
#5731=EDGE_CURVE('',#4614,#4623,#2190,.T.);
#5732=EDGE_CURVE('',#4624,#4623,#4071,.T.);
#5733=EDGE_CURVE('',#4624,#4618,#2191,.T.);
#5734=EDGE_CURVE('',#4613,#4619,#4072,.T.);
#5735=EDGE_CURVE('',#4625,#4626,#4073,.T.);
#5736=EDGE_CURVE('',#4627,#4625,#2192,.F.);
#5737=EDGE_CURVE('',#4628,#4627,#2193,.F.);
#5738=EDGE_CURVE('',#4628,#4629,#2194,.T.);
#5739=EDGE_CURVE('',#4626,#4629,#2195,.F.);
#5740=EDGE_CURVE('',#4630,#4631,#4074,.T.);
#5741=EDGE_CURVE('',#4631,#4632,#2196,.T.);
#5742=EDGE_CURVE('',#4632,#4633,#2197,.T.);
#5743=EDGE_CURVE('',#4633,#4630,#2198,.T.);
#5744=EDGE_CURVE('',#4634,#4635,#2199,.T.);
#5745=EDGE_CURVE('',#4634,#4635,#4075,.T.);
#5746=EDGE_CURVE('',#4636,#4636,#4076,.T.);
#5747=EDGE_CURVE('',#4637,#4638,#2200,.F.);
#5748=EDGE_CURVE('',#4638,#4639,#4077,.T.);
#5749=EDGE_CURVE('',#4640,#4639,#2201,.T.);
#5750=EDGE_CURVE('',#4640,#4641,#4078,.T.);
#5751=EDGE_CURVE('',#4641,#4642,#4079,.T.);
#5752=EDGE_CURVE('',#4643,#4642,#2202,.T.);
#5753=EDGE_CURVE('',#4644,#4643,#2203,.F.);
#5754=EDGE_CURVE('',#4645,#4644,#2204,.T.);
#5755=EDGE_CURVE('',#4645,#4637,#4080,.T.);
#5756=EDGE_CURVE('',#4638,#4624,#2205,.F.);
#5757=EDGE_CURVE('',#4623,#4646,#2206,.F.);
#5758=EDGE_CURVE('',#4647,#4646,#4081,.T.);
#5759=EDGE_CURVE('',#4647,#4639,#192,.F.);
#5760=EDGE_CURVE('',#4648,#4649,#193,.T.);
#5761=EDGE_CURVE('',#4650,#4648,#2207,.T.);
#5762=EDGE_CURVE('',#4651,#4650,#4082,.F.);
#5763=EDGE_CURVE('',#4651,#4649,#2208,.T.);
#5764=EDGE_CURVE('',#4649,#4652,#116,.T.);
#5765=EDGE_CURVE('',#4653,#4651,#2209,.F.);
#5766=EDGE_CURVE('',#4653,#4654,#2210,.T.);
#5767=EDGE_CURVE('',#4652,#4654,#2211,.F.);
#5768=EDGE_CURVE('',#4655,#4656,#194,.T.);
#5769=EDGE_CURVE('',#4655,#4657,#2212,.T.);
#5770=EDGE_CURVE('',#4658,#4657,#4083,.F.);
#5771=EDGE_CURVE('',#4656,#4658,#2213,.T.);
#5772=EDGE_CURVE('',#4656,#4659,#4084,.T.);
#5773=EDGE_CURVE('',#4659,#4658,#2214,.F.);
#5774=EDGE_CURVE('',#4660,#4661,#2215,.T.);
#5775=EDGE_CURVE('',#4662,#4660,#2216,.T.);
#5776=EDGE_CURVE('',#4662,#4663,#2217,.F.);
#5777=EDGE_CURVE('',#4661,#4663,#2218,.F.);
#5778=EDGE_CURVE('',#4664,#4665,#2219,.T.);
#5779=EDGE_CURVE('',#4664,#4666,#2220,.F.);
#5780=EDGE_CURVE('',#4667,#4666,#2221,.T.);
#5781=EDGE_CURVE('',#4667,#4665,#2222,.T.);
#5782=EDGE_CURVE('',#4668,#4669,#2223,.F.);
#5783=EDGE_CURVE('',#4669,#4670,#2224,.T.);
#5784=EDGE_CURVE('',#4670,#4671,#2225,.T.);
#5785=EDGE_CURVE('',#4671,#4668,#2226,.T.);
#5786=EDGE_CURVE('',#4670,#4672,#4085,.T.);
#5787=EDGE_CURVE('',#4672,#4673,#2227,.T.);
#5788=EDGE_CURVE('',#4673,#4671,#4086,.T.);
#5789=EDGE_CURVE('',#4672,#4674,#2228,.T.);
#5790=EDGE_CURVE('',#4674,#4675,#2229,.T.);
#5791=EDGE_CURVE('',#4675,#4673,#2230,.T.);
#5792=EDGE_CURVE('',#4674,#4676,#4087,.T.);
#5793=EDGE_CURVE('',#4676,#4677,#2231,.T.);
#5794=EDGE_CURVE('',#4677,#4675,#4088,.T.);
#5795=EDGE_CURVE('',#4676,#4678,#2232,.T.);
#5796=EDGE_CURVE('',#4678,#4679,#2233,.T.);
#5797=EDGE_CURVE('',#4679,#4677,#2234,.T.);
#5798=EDGE_CURVE('',#4680,#4681,#2235,.T.);
#5799=EDGE_CURVE('',#4680,#4679,#2236,.F.);
#5800=EDGE_CURVE('',#4678,#4681,#2237,.F.);
#5801=EDGE_CURVE('',#4682,#4683,#2238,.F.);
#5802=EDGE_CURVE('',#4684,#4683,#2239,.F.);
#5803=EDGE_CURVE('',#4685,#4684,#2240,.T.);
#5804=EDGE_CURVE('',#4682,#4685,#2241,.F.);
#5805=EDGE_CURVE('',#4686,#4684,#4089,.F.);
#5806=EDGE_CURVE('',#4687,#4686,#2242,.T.);
#5807=EDGE_CURVE('',#4685,#4687,#4090,.F.);
#5808=EDGE_CURVE('',#4688,#4686,#2243,.F.);
#5809=EDGE_CURVE('',#4689,#4688,#2244,.T.);
#5810=EDGE_CURVE('',#4687,#4689,#2245,.F.);
#5811=EDGE_CURVE('',#4629,#4688,#4091,.F.);
#5812=EDGE_CURVE('',#4689,#4628,#4092,.F.);
#5813=EDGE_CURVE('',#4625,#4690,#2246,.T.);
#5814=EDGE_CURVE('',#4691,#4690,#2247,.T.);
#5815=EDGE_CURVE('',#4627,#4691,#2248,.T.);
#5816=EDGE_CURVE('',#4692,#4693,#2249,.F.);
#5817=EDGE_CURVE('',#4694,#4693,#2250,.F.);
#5818=EDGE_CURVE('',#4695,#4694,#2251,.T.);
#5819=EDGE_CURVE('',#4692,#4695,#2252,.F.);
#5820=EDGE_CURVE('',#4654,#4694,#4093,.F.);
#5821=EDGE_CURVE('',#4695,#4653,#4094,.F.);
#5822=EDGE_CURVE('',#4696,#4648,#4095,.T.);
#5823=EDGE_CURVE('',#4650,#4696,#2253,.F.);
#5824=EDGE_CURVE('',#4697,#4698,#2254,.F.);
#5825=EDGE_CURVE('',#4699,#4698,#2255,.F.);
#5826=EDGE_CURVE('',#4700,#4699,#2256,.T.);
#5827=EDGE_CURVE('',#4697,#4700,#2257,.F.);
#5828=EDGE_CURVE('',#4701,#4699,#4096,.F.);
#5829=EDGE_CURVE('',#4702,#4701,#2258,.T.);
#5830=EDGE_CURVE('',#4700,#4702,#4097,.F.);
#5831=EDGE_CURVE('',#4703,#4701,#2259,.F.);
#5832=EDGE_CURVE('',#4704,#4703,#2260,.T.);
#5833=EDGE_CURVE('',#4702,#4704,#2261,.F.);
#5834=EDGE_CURVE('',#4705,#4703,#4098,.F.);
#5835=EDGE_CURVE('',#4706,#4705,#2262,.T.);
#5836=EDGE_CURVE('',#4704,#4706,#4099,.F.);
#5837=EDGE_CURVE('',#4663,#4705,#2263,.F.);
#5838=EDGE_CURVE('',#4706,#4662,#2264,.F.);
#5839=EDGE_CURVE('',#4698,#4707,#2265,.F.);
#5840=EDGE_CURVE('',#4708,#4697,#2266,.F.);
#5841=EDGE_CURVE('',#4708,#4709,#2267,.T.);
#5842=EDGE_CURVE('',#4710,#4709,#2268,.F.);
#5843=EDGE_CURVE('',#4711,#4710,#2269,.F.);
#5844=EDGE_CURVE('',#4712,#4711,#2270,.F.);
#5845=EDGE_CURVE('',#4712,#4713,#2271,.T.);
#5846=EDGE_CURVE('',#4693,#4713,#2272,.F.);
#5847=EDGE_CURVE('',#4714,#4692,#2273,.F.);
#5848=EDGE_CURVE('',#4714,#4715,#2274,.T.);
#5849=EDGE_CURVE('',#4683,#4715,#2275,.F.);
#5850=EDGE_CURVE('',#4716,#4682,#2276,.F.);
#5851=EDGE_CURVE('',#4716,#4620,#2277,.T.);
#5852=EDGE_CURVE('',#4635,#4637,#2278,.F.);
#5853=EDGE_CURVE('',#4717,#4634,#2279,.F.);
#5854=EDGE_CURVE('',#4718,#4717,#2280,.F.);
#5855=EDGE_CURVE('',#4719,#4718,#2281,.F.);
#5856=EDGE_CURVE('',#4719,#4707,#2282,.T.);
#5857=EDGE_CURVE('',#4720,#4710,#2283,.F.);
#5858=EDGE_CURVE('',#4721,#4720,#2284,.T.);
#5859=EDGE_CURVE('',#4711,#4721,#2285,.F.);
#5860=EDGE_CURVE('',#4722,#4720,#4100,.F.);
#5861=EDGE_CURVE('',#4723,#4722,#2286,.T.);
#5862=EDGE_CURVE('',#4721,#4723,#4101,.F.);
#5863=EDGE_CURVE('',#4724,#4655,#117,.T.);
#5864=EDGE_CURVE('',#4723,#4724,#2287,.F.);
#5865=EDGE_CURVE('',#4657,#4722,#2288,.F.);
#5866=EDGE_CURVE('',#4725,#4726,#2289,.T.);
#5867=EDGE_CURVE('',#4725,#4727,#2290,.T.);
#5868=EDGE_CURVE('',#4727,#4728,#2291,.T.);
#5869=EDGE_CURVE('',#4728,#4726,#2292,.T.);
#5870=EDGE_CURVE('',#4727,#4729,#4102,.T.);
#5871=EDGE_CURVE('',#4729,#4730,#2293,.T.);
#5872=EDGE_CURVE('',#4730,#4728,#4103,.T.);
#5873=EDGE_CURVE('',#4729,#4731,#2294,.T.);
#5874=EDGE_CURVE('',#4731,#4732,#2295,.T.);
#5875=EDGE_CURVE('',#4732,#4730,#2296,.T.);
#5876=EDGE_CURVE('',#4731,#4733,#4104,.T.);
#5877=EDGE_CURVE('',#4733,#4734,#2297,.T.);
#5878=EDGE_CURVE('',#4734,#4732,#4105,.T.);
#5879=EDGE_CURVE('',#4733,#4735,#2298,.T.);
#5880=EDGE_CURVE('',#4735,#4736,#2299,.T.);
#5881=EDGE_CURVE('',#4736,#4734,#2300,.T.);
#5882=EDGE_CURVE('',#4737,#4738,#2301,.T.);
#5883=EDGE_CURVE('',#4737,#4736,#2302,.F.);
#5884=EDGE_CURVE('',#4735,#4738,#2303,.F.);
#5885=EDGE_CURVE('',#4739,#4740,#2304,.T.);
#5886=EDGE_CURVE('',#4739,#4741,#2305,.T.);
#5887=EDGE_CURVE('',#4741,#4742,#2306,.T.);
#5888=EDGE_CURVE('',#4742,#4740,#2307,.T.);
#5889=EDGE_CURVE('',#4741,#4743,#4106,.T.);
#5890=EDGE_CURVE('',#4743,#4744,#2308,.T.);
#5891=EDGE_CURVE('',#4744,#4742,#4107,.T.);
#5892=EDGE_CURVE('',#4743,#4745,#2309,.T.);
#5893=EDGE_CURVE('',#4745,#4746,#2310,.T.);
#5894=EDGE_CURVE('',#4746,#4744,#2311,.T.);
#5895=EDGE_CURVE('',#4745,#4747,#4108,.T.);
#5896=EDGE_CURVE('',#4747,#4748,#2312,.T.);
#5897=EDGE_CURVE('',#4748,#4746,#4109,.T.);
#5898=EDGE_CURVE('',#4747,#4667,#2313,.T.);
#5899=EDGE_CURVE('',#4666,#4748,#2314,.T.);
#5900=EDGE_CURVE('',#4749,#4750,#2315,.T.);
#5901=EDGE_CURVE('',#4749,#4751,#2316,.T.);
#5902=EDGE_CURVE('',#4751,#4752,#2317,.T.);
#5903=EDGE_CURVE('',#4752,#4750,#2318,.T.);
#5904=EDGE_CURVE('',#4751,#4753,#4110,.T.);
#5905=EDGE_CURVE('',#4753,#4754,#2319,.T.);
#5906=EDGE_CURVE('',#4754,#4752,#4111,.T.);
#5907=EDGE_CURVE('',#4753,#4755,#2320,.T.);
#5908=EDGE_CURVE('',#4755,#4756,#2321,.T.);
#5909=EDGE_CURVE('',#4756,#4754,#2322,.T.);
#5910=EDGE_CURVE('',#4755,#4757,#4112,.T.);
#5911=EDGE_CURVE('',#4757,#4758,#2323,.T.);
#5912=EDGE_CURVE('',#4758,#4756,#4113,.T.);
#5913=EDGE_CURVE('',#4757,#4759,#2324,.T.);
#5914=EDGE_CURVE('',#4759,#4760,#2325,.T.);
#5915=EDGE_CURVE('',#4760,#4758,#2326,.T.);
#5916=EDGE_CURVE('',#4761,#4762,#2327,.T.);
#5917=EDGE_CURVE('',#4761,#4760,#2328,.F.);
#5918=EDGE_CURVE('',#4759,#4762,#2329,.F.);
#5919=EDGE_CURVE('',#4636,#4763,#2330,.T.);
#5920=EDGE_CURVE('',#4764,#4763,#4114,.T.);
#5921=EDGE_CURVE('',#4764,#4724,#2331,.F.);
#5922=EDGE_CURVE('',#4659,#4765,#2332,.F.);
#5923=EDGE_CURVE('',#4690,#4765,#4115,.T.);
#5924=EDGE_CURVE('',#4631,#4626,#2333,.T.);
#5925=EDGE_CURVE('',#4630,#4696,#2334,.F.);
#5926=EDGE_CURVE('',#4652,#4766,#2335,.F.);
#5927=EDGE_CURVE('',#4763,#4766,#4116,.T.);
#5928=EDGE_CURVE('',#4766,#4767,#2336,.T.);
#5929=EDGE_CURVE('',#4767,#4768,#2337,.T.);
#5930=EDGE_CURVE('',#4768,#4764,#2338,.T.);
#5931=EDGE_CURVE('',#4769,#4770,#2339,.T.);
#5932=EDGE_CURVE('',#4769,#4707,#2340,.T.);
#5933=EDGE_CURVE('',#4770,#4719,#2341,.F.);
#5934=EDGE_CURVE('',#4770,#4771,#2342,.T.);
#5935=EDGE_CURVE('',#4772,#4718,#2343,.F.);
#5936=EDGE_CURVE('',#4772,#4771,#2344,.T.);
#5937=EDGE_CURVE('',#4771,#4773,#2345,.T.);
#5938=EDGE_CURVE('',#4646,#4772,#2346,.F.);
#5939=EDGE_CURVE('',#4617,#4774,#2347,.T.);
#5940=EDGE_CURVE('',#4669,#4774,#2348,.F.);
#5941=EDGE_CURVE('',#4775,#4668,#2349,.F.);
#5942=EDGE_CURVE('',#4775,#4776,#2350,.T.);
#5943=EDGE_CURVE('',#4776,#4725,#2351,.F.);
#5944=EDGE_CURVE('',#4777,#4726,#2352,.F.);
#5945=EDGE_CURVE('',#4778,#4777,#2353,.T.);
#5946=EDGE_CURVE('',#4778,#4749,#2354,.F.);
#5947=EDGE_CURVE('',#4779,#4750,#2355,.F.);
#5948=EDGE_CURVE('',#4780,#4779,#2356,.T.);
#5949=EDGE_CURVE('',#4780,#4739,#2357,.F.);
#5950=EDGE_CURVE('',#4773,#4740,#2358,.F.);
#5951=EDGE_CURVE('',#4773,#4664,#2359,.T.);
#5952=EDGE_CURVE('',#4665,#4780,#2360,.T.);
#5953=EDGE_CURVE('',#4779,#4761,#2361,.T.);
#5954=EDGE_CURVE('',#4762,#4778,#2362,.T.);
#5955=EDGE_CURVE('',#4777,#4737,#2363,.T.);
#5956=EDGE_CURVE('',#4738,#4781,#2364,.T.);
#5957=EDGE_CURVE('',#4781,#4776,#2365,.F.);
#5958=EDGE_CURVE('',#4781,#4782,#2366,.T.);
#5959=EDGE_CURVE('',#4782,#4775,#2367,.F.);
#5960=EDGE_CURVE('',#4782,#4680,#2368,.T.);
#5961=EDGE_CURVE('',#4681,#4783,#2369,.T.);
#5962=EDGE_CURVE('',#4783,#4774,#2370,.T.);
#5963=EDGE_CURVE('',#4783,#4616,#2371,.T.);
#5964=EDGE_CURVE('',#4632,#4715,#2372,.T.);
#5965=EDGE_CURVE('',#4767,#4713,#2373,.T.);
#5966=EDGE_CURVE('',#4768,#4712,#2374,.F.);
#5967=EDGE_CURVE('',#4765,#4784,#2375,.T.);
#5968=EDGE_CURVE('',#4784,#4709,#2376,.T.);
#5969=EDGE_CURVE('',#4784,#4785,#2377,.T.);
#5970=EDGE_CURVE('',#4785,#4708,#2378,.F.);
#5971=EDGE_CURVE('',#4661,#4769,#2379,.T.);
#5972=EDGE_CURVE('',#4621,#4786,#2380,.T.);
#5973=EDGE_CURVE('',#4786,#4716,#2381,.F.);
#5974=EDGE_CURVE('',#4785,#4660,#2382,.T.);
#5975=EDGE_CURVE('',#4786,#4691,#2383,.T.);
#5976=EDGE_CURVE('',#4633,#4714,#2384,.F.);
#5977=EDGE_CURVE('',#4615,#4787,#4117,.T.);
#5978=EDGE_CURVE('',#4788,#4787,#2385,.T.);
#5979=EDGE_CURVE('',#4788,#4789,#2386,.T.);
#5980=EDGE_CURVE('',#4789,#4790,#4118,.T.);
#5981=EDGE_CURVE('',#4791,#4790,#2387,.T.);
#5982=EDGE_CURVE('',#4791,#4792,#2388,.F.);
#5983=EDGE_CURVE('',#4793,#4792,#2389,.T.);
#5984=EDGE_CURVE('',#4793,#4794,#4119,.T.);
#5985=EDGE_CURVE('',#4794,#4793,#4120,.T.);
#5986=EDGE_CURVE('',#4787,#4793,#2390,.T.);
#5987=EDGE_CURVE('',#4787,#4622,#4121,.T.);
#5988=EDGE_CURVE('',#4647,#4795,#2391,.T.);
#5989=EDGE_CURVE('',#4795,#4796,#4122,.T.);
#5990=EDGE_CURVE('',#4796,#4797,#2392,.T.);
#5991=EDGE_CURVE('',#4797,#4643,#4123,.F.);
#5992=EDGE_CURVE('',#4640,#4642,#195,.F.);
#5993=EDGE_CURVE('',#4796,#4798,#2393,.T.);
#5994=EDGE_CURVE('',#4799,#4798,#2394,.T.);
#5995=EDGE_CURVE('',#4799,#4800,#2395,.T.);
#5996=EDGE_CURVE('',#4801,#4800,#2396,.T.);
#5997=EDGE_CURVE('',#4802,#4801,#2397,.T.);
#5998=EDGE_CURVE('',#4803,#4802,#2398,.T.);
#5999=EDGE_CURVE('',#4803,#4804,#2399,.T.);
#6000=EDGE_CURVE('',#4805,#4804,#2400,.T.);
#6001=EDGE_CURVE('',#4806,#4805,#2401,.T.);
#6002=EDGE_CURVE('',#4807,#4806,#2402,.T.);
#6003=EDGE_CURVE('',#4797,#4807,#2403,.T.);
#6004=EDGE_CURVE('',#4717,#4808,#4124,.T.);
#6005=EDGE_CURVE('',#4809,#4808,#2404,.T.);
#6006=EDGE_CURVE('',#4810,#4809,#2405,.T.);
#6007=EDGE_CURVE('',#4811,#4810,#4125,.T.);
#6008=EDGE_CURVE('',#4795,#4811,#2406,.T.);
#6009=EDGE_CURVE('',#4812,#4788,#4126,.T.);
#6010=EDGE_CURVE('',#4792,#4813,#4127,.F.);
#6011=EDGE_CURVE('',#4813,#4812,#2407,.T.);
#6012=EDGE_CURVE('',#4814,#4813,#2408,.T.);
#6013=EDGE_CURVE('',#4815,#4814,#2409,.T.);
#6014=EDGE_CURVE('',#4815,#4816,#2410,.T.);
#6015=EDGE_CURVE('',#4817,#4816,#2411,.T.);
#6016=EDGE_CURVE('',#4818,#4817,#2412,.T.);
#6017=EDGE_CURVE('',#4819,#4818,#2413,.T.);
#6018=EDGE_CURVE('',#4819,#4820,#2414,.T.);
#6019=EDGE_CURVE('',#4821,#4820,#2415,.T.);
#6020=EDGE_CURVE('',#4822,#4821,#2416,.T.);
#6021=EDGE_CURVE('',#4823,#4822,#2417,.T.);
#6022=EDGE_CURVE('',#4823,#4812,#2418,.T.);
#6023=EDGE_CURVE('',#4824,#4791,#4128,.F.);
#6024=EDGE_CURVE('',#4824,#4825,#4129,.T.);
#6025=EDGE_CURVE('',#4826,#4825,#2419,.F.);
#6026=EDGE_CURVE('',#4826,#4827,#2420,.T.);
#6027=EDGE_CURVE('',#4827,#4828,#4130,.T.);
#6028=EDGE_CURVE('',#4644,#4828,#4131,.F.);
#6029=EDGE_CURVE('',#4814,#4807,#2421,.F.);
#6030=EDGE_CURVE('',#4645,#4808,#4132,.T.);
#6031=EDGE_CURVE('',#4808,#4645,#2422,.T.);
#6032=EDGE_CURVE('',#4641,#4829,#2423,.T.);
#6033=EDGE_CURVE('',#4829,#4829,#4133,.T.);
#6034=EDGE_CURVE('',#4830,#4830,#4134,.T.);
#6035=EDGE_CURVE('',#4830,#4794,#2424,.T.);
#6036=EDGE_CURVE('',#4828,#4831,#2425,.T.);
#6037=EDGE_CURVE('',#4831,#4809,#118,.T.);
#6038=EDGE_CURVE('',#4832,#4833,#2426,.T.);
#6039=EDGE_CURVE('',#4833,#4834,#196,.T.);
#6040=EDGE_CURVE('',#4834,#4835,#4135,.T.);
#6041=EDGE_CURVE('',#4835,#4810,#197,.T.);
#6042=EDGE_CURVE('',#4831,#4832,#198,.T.);
#6043=EDGE_CURVE('',#4790,#4836,#199,.T.);
#6044=EDGE_CURVE('',#4836,#4837,#2427,.T.);
#6045=EDGE_CURVE('',#4837,#4838,#200,.T.);
#6046=EDGE_CURVE('',#4838,#4824,#2428,.T.);
#6047=EDGE_CURVE('',#4835,#4836,#2429,.T.);
#6048=EDGE_CURVE('',#4837,#4834,#2430,.T.);
#6049=EDGE_CURVE('',#4811,#4789,#2431,.T.);
#6050=EDGE_CURVE('',#4839,#4833,#2432,.T.);
#6051=EDGE_CURVE('',#4839,#4838,#201,.T.);
#6052=EDGE_CURVE('',#4840,#4832,#4136,.T.);
#6053=EDGE_CURVE('',#4841,#4840,#2433,.T.);
#6054=EDGE_CURVE('',#4842,#4841,#2434,.T.);
#6055=EDGE_CURVE('',#4839,#4842,#4137,.T.);
#6056=EDGE_CURVE('',#4843,#4844,#2435,.T.);
#6057=EDGE_CURVE('',#4843,#4845,#2436,.T.);
#6058=EDGE_CURVE('',#4846,#4845,#2437,.T.);
#6059=EDGE_CURVE('',#4844,#4846,#2438,.T.);
#6060=EDGE_CURVE('',#4844,#4847,#2439,.T.);
#6061=EDGE_CURVE('',#4848,#4846,#2440,.T.);
#6062=EDGE_CURVE('',#4849,#4848,#2441,.T.);
#6063=EDGE_CURVE('',#4847,#4849,#2442,.T.);
#6064=EDGE_CURVE('',#4849,#4850,#2443,.T.);
#6065=EDGE_CURVE('',#4851,#4848,#2444,.T.);
#6066=EDGE_CURVE('',#4850,#4851,#2445,.T.);
#6067=EDGE_CURVE('',#4852,#4843,#2446,.T.);
#6068=EDGE_CURVE('',#4850,#4852,#2447,.T.);
#6069=EDGE_CURVE('',#4845,#4851,#2448,.T.);
#6070=EDGE_CURVE('',#4847,#4841,#2449,.T.);
#6071=EDGE_CURVE('',#4827,#4840,#2450,.T.);
#6072=EDGE_CURVE('',#4826,#4852,#2451,.T.);
#6073=EDGE_CURVE('',#4825,#4842,#2452,.T.);
#6074=EDGE_CURVE('',#4815,#4806,#2453,.T.);
#6075=EDGE_CURVE('',#4816,#4805,#2454,.T.);
#6076=EDGE_CURVE('',#4798,#4823,#2455,.T.);
#6077=EDGE_CURVE('',#4799,#4822,#2456,.T.);
#6078=EDGE_CURVE('',#4819,#4802,#2457,.T.);
#6079=EDGE_CURVE('',#4803,#4818,#2458,.T.);
#6080=EDGE_CURVE('',#4820,#4801,#2459,.T.);
#6081=EDGE_CURVE('',#4804,#4817,#2460,.T.);
#6082=EDGE_CURVE('',#4800,#4821,#2461,.T.);
#6083=EDGE_CURVE('',#4853,#4854,#202,.F.);
#6084=EDGE_CURVE('',#4853,#4855,#2462,.T.);
#6085=EDGE_CURVE('',#4855,#4856,#4138,.F.);
#6086=EDGE_CURVE('',#4856,#4857,#2463,.T.);
#6087=EDGE_CURVE('',#4857,#4858,#4139,.T.);
#6088=EDGE_CURVE('',#4858,#4854,#2464,.T.);
#6089=EDGE_CURVE('',#4853,#4859,#4140,.T.);
#6090=EDGE_CURVE('',#4859,#4854,#4141,.T.);
#6091=EDGE_CURVE('',#4858,#4860,#2465,.T.);
#6092=EDGE_CURVE('',#4860,#4861,#4142,.T.);
#6093=EDGE_CURVE('',#4862,#4861,#2466,.T.);
#6094=EDGE_CURVE('',#4863,#4862,#2467,.T.);
#6095=EDGE_CURVE('',#4863,#4864,#4143,.T.);
#6096=EDGE_CURVE('',#4864,#4865,#4144,.T.);
#6097=EDGE_CURVE('',#4866,#4865,#2468,.T.);
#6098=EDGE_CURVE('',#4866,#4867,#4145,.T.);
#6099=EDGE_CURVE('',#4867,#4868,#4146,.T.);
#6100=EDGE_CURVE('',#4869,#4868,#2469,.T.);
#6101=EDGE_CURVE('',#4869,#4855,#2470,.T.);
#6102=EDGE_CURVE('',#4870,#4871,#4147,.T.);
#6103=EDGE_CURVE('',#4871,#4872,#2471,.T.);
#6104=EDGE_CURVE('',#4872,#4873,#4148,.F.);
#6105=EDGE_CURVE('',#4873,#4874,#2472,.T.);
#6106=EDGE_CURVE('',#4874,#4870,#2473,.T.);
#6107=EDGE_CURVE('',#4875,#4871,#2474,.T.);
#6108=EDGE_CURVE('',#4875,#4876,#2475,.T.);
#6109=EDGE_CURVE('',#4876,#4877,#2476,.T.);
#6110=EDGE_CURVE('',#4877,#4878,#2477,.T.);
#6111=EDGE_CURVE('',#4879,#4878,#2478,.T.);
#6112=EDGE_CURVE('',#4879,#4880,#2479,.T.);
#6113=EDGE_CURVE('',#4880,#4881,#2480,.T.);
#6114=EDGE_CURVE('',#4881,#4882,#2481,.T.);
#6115=EDGE_CURVE('',#4883,#4882,#2482,.T.);
#6116=EDGE_CURVE('',#4883,#4884,#2483,.T.);
#6117=EDGE_CURVE('',#4884,#4872,#2484,.F.);
#6118=EDGE_CURVE('',#4870,#4885,#2485,.T.);
#6119=EDGE_CURVE('',#4860,#4885,#2486,.T.);
#6120=EDGE_CURVE('',#4857,#4886,#2487,.T.);
#6121=EDGE_CURVE('',#4886,#4875,#2488,.T.);
#6122=EDGE_CURVE('',#4866,#4868,#4149,.T.);
#6123=EDGE_CURVE('',#4867,#4887,#2489,.T.);
#6124=EDGE_CURVE('',#4887,#4887,#4150,.T.);
#6125=EDGE_CURVE('',#4868,#4866,#2490,.T.);
#6126=EDGE_CURVE('',#4888,#4888,#4151,.T.);
#6127=EDGE_CURVE('',#4863,#4865,#4152,.T.);
#6128=EDGE_CURVE('',#4864,#4889,#2491,.T.);
#6129=EDGE_CURVE('',#4889,#4889,#4153,.T.);
#6130=EDGE_CURVE('',#4865,#4863,#2492,.T.);
#6131=EDGE_CURVE('',#4890,#4890,#4154,.T.);
#6132=EDGE_CURVE('',#4859,#4891,#2493,.T.);
#6133=EDGE_CURVE('',#4891,#4891,#4155,.T.);
#6134=EDGE_CURVE('',#4892,#4892,#4156,.T.);
#6135=EDGE_CURVE('',#4890,#4893,#2494,.T.);
#6136=EDGE_CURVE('',#4893,#4893,#4157,.T.);
#6137=EDGE_CURVE('',#4892,#4894,#2495,.T.);
#6138=EDGE_CURVE('',#4874,#4894,#4158,.T.);
#6139=EDGE_CURVE('',#4894,#4874,#4159,.T.);
#6140=EDGE_CURVE('',#4888,#4895,#2496,.T.);
#6141=EDGE_CURVE('',#4895,#4895,#4160,.T.);
#6142=EDGE_CURVE('',#4896,#4897,#2497,.T.);
#6143=EDGE_CURVE('',#4897,#4869,#4161,.F.);
#6144=EDGE_CURVE('',#4862,#4896,#119,.T.);
#6145=EDGE_CURVE('',#4898,#4861,#203,.F.);
#6146=EDGE_CURVE('',#4899,#4898,#4162,.F.);
#6147=EDGE_CURVE('',#4900,#4899,#204,.F.);
#6148=EDGE_CURVE('',#4900,#4901,#2498,.T.);
#6149=EDGE_CURVE('',#4901,#4896,#205,.T.);
#6150=EDGE_CURVE('',#4902,#4901,#4163,.T.);
#6151=EDGE_CURVE('',#4903,#4902,#2499,.T.);
#6152=EDGE_CURVE('',#4903,#4897,#4164,.F.);
#6153=EDGE_CURVE('',#4904,#4900,#2500,.T.);
#6154=EDGE_CURVE('',#4904,#4905,#4165,.T.);
#6155=EDGE_CURVE('',#4905,#4906,#2501,.T.);
#6156=EDGE_CURVE('',#4906,#4902,#2502,.T.);
#6157=EDGE_CURVE('',#4907,#4908,#4166,.F.);
#6158=EDGE_CURVE('',#4908,#4909,#2503,.T.);
#6159=EDGE_CURVE('',#4909,#4910,#206,.T.);
#6160=EDGE_CURVE('',#4910,#4911,#2504,.T.);
#6161=EDGE_CURVE('',#4911,#4912,#207,.T.);
#6162=EDGE_CURVE('',#4912,#4907,#2505,.T.);
#6163=EDGE_CURVE('',#4908,#4913,#4167,.F.);
#6164=EDGE_CURVE('',#4913,#4905,#2506,.T.);
#6165=EDGE_CURVE('',#4909,#4904,#208,.T.);
#6166=EDGE_CURVE('',#4884,#4914,#2507,.T.);
#6167=EDGE_CURVE('',#4856,#4914,#2508,.F.);
#6168=EDGE_CURVE('',#4915,#4903,#2509,.F.);
#6169=EDGE_CURVE('',#4915,#4913,#2510,.T.);
#6170=EDGE_CURVE('',#4907,#4873,#2511,.T.);
#6171=EDGE_CURVE('',#4885,#4912,#4168,.T.);
#6172=EDGE_CURVE('',#4899,#4910,#2512,.F.);
#6173=EDGE_CURVE('',#4898,#4911,#2513,.T.);
#6174=EDGE_CURVE('',#4916,#4917,#2514,.T.);
#6175=EDGE_CURVE('',#4917,#4918,#2515,.T.);
#6176=EDGE_CURVE('',#4918,#4919,#2516,.T.);
#6177=EDGE_CURVE('',#4916,#4919,#2517,.T.);
#6178=EDGE_CURVE('',#4917,#4920,#2518,.T.);
#6179=EDGE_CURVE('',#4920,#4921,#2519,.T.);
#6180=EDGE_CURVE('',#4921,#4922,#2520,.T.);
#6181=EDGE_CURVE('',#4922,#4918,#2521,.T.);
#6182=EDGE_CURVE('',#4921,#4923,#2522,.T.);
#6183=EDGE_CURVE('',#4923,#4924,#2523,.T.);
#6184=EDGE_CURVE('',#4924,#4922,#2524,.T.);
#6185=EDGE_CURVE('',#4925,#4916,#2525,.T.);
#6186=EDGE_CURVE('',#4919,#4924,#2526,.T.);
#6187=EDGE_CURVE('',#4923,#4925,#2527,.T.);
#6188=EDGE_CURVE('',#4915,#4925,#2528,.T.);
#6189=EDGE_CURVE('',#4920,#4906,#2529,.T.);
#6190=EDGE_CURVE('',#4883,#4926,#2530,.T.);
#6191=EDGE_CURVE('',#4914,#4926,#2531,.T.);
#6192=EDGE_CURVE('',#4882,#4927,#2532,.T.);
#6193=EDGE_CURVE('',#4926,#4927,#2533,.T.);
#6194=EDGE_CURVE('',#4928,#4886,#2534,.T.);
#6195=EDGE_CURVE('',#4928,#4876,#2535,.T.);
#6196=EDGE_CURVE('',#4879,#4929,#2536,.T.);
#6197=EDGE_CURVE('',#4930,#4929,#2537,.T.);
#6198=EDGE_CURVE('',#4930,#4880,#2538,.T.);
#6199=EDGE_CURVE('',#4878,#4931,#2539,.T.);
#6200=EDGE_CURVE('',#4929,#4931,#2540,.T.);
#6201=EDGE_CURVE('',#4930,#4932,#2541,.T.);
#6202=EDGE_CURVE('',#4932,#4881,#2542,.T.);
#6203=EDGE_CURVE('',#4927,#4932,#2543,.T.);
#6204=EDGE_CURVE('',#4928,#4933,#2544,.T.);
#6205=EDGE_CURVE('',#4933,#4877,#2545,.T.);
#6206=EDGE_CURVE('',#4931,#4933,#2546,.T.);
#6207=EDGE_CURVE('',#4934,#4935,#209,.T.);
#6208=EDGE_CURVE('',#4935,#4936,#4169,.T.);
#6209=EDGE_CURVE('',#4936,#4937,#210,.T.);
#6210=EDGE_CURVE('',#4937,#4934,#4170,.T.);
#6211=EDGE_CURVE('',#4938,#4937,#2547,.T.);
#6212=EDGE_CURVE('',#4939,#4938,#2548,.T.);
#6213=EDGE_CURVE('',#4939,#4934,#2549,.T.);
#6214=EDGE_CURVE('',#4936,#4940,#2550,.T.);
#6215=EDGE_CURVE('',#4941,#4940,#211,.T.);
#6216=EDGE_CURVE('',#4941,#4942,#2551,.T.);
#6217=EDGE_CURVE('',#4938,#4942,#2552,.T.);
#6218=EDGE_CURVE('',#4940,#4943,#4171,.T.);
#6219=EDGE_CURVE('',#4943,#4944,#212,.T.);
#6220=EDGE_CURVE('',#4944,#4941,#4172,.T.);
#6221=EDGE_CURVE('',#4945,#4944,#2553,.T.);
#6222=EDGE_CURVE('',#4942,#4945,#2554,.T.);
#6223=EDGE_CURVE('',#4939,#4945,#2555,.T.);
#6224=EDGE_CURVE('',#4935,#4943,#2556,.T.);
#6225=EDGE_CURVE('',#4946,#4946,#4173,.T.);
#6226=EDGE_CURVE('',#4946,#4947,#2557,.T.);
#6227=EDGE_CURVE('',#4947,#4947,#4174,.T.);
#6228=EDGE_CURVE('',#4948,#4949,#2558,.T.);
#6229=EDGE_CURVE('',#4949,#4950,#2559,.T.);
#6230=EDGE_CURVE('',#4950,#4951,#2560,.T.);
#6231=EDGE_CURVE('',#4948,#4951,#2561,.T.);
#6232=EDGE_CURVE('',#4949,#4952,#2562,.T.);
#6233=EDGE_CURVE('',#4952,#4953,#2563,.T.);
#6234=EDGE_CURVE('',#4953,#4950,#2564,.T.);
#6235=EDGE_CURVE('',#4952,#4954,#2565,.T.);
#6236=EDGE_CURVE('',#4954,#4955,#2566,.T.);
#6237=EDGE_CURVE('',#4955,#4953,#2567,.T.);
#6238=EDGE_CURVE('',#4951,#4955,#2568,.T.);
#6239=EDGE_CURVE('',#4954,#4948,#2569,.T.);
#6240=EDGE_CURVE('',#4956,#4951,#2570,.T.);
#6241=EDGE_CURVE('',#4957,#4956,#2571,.T.);
#6242=EDGE_CURVE('',#4957,#4955,#2572,.T.);
#6243=EDGE_CURVE('',#4958,#4950,#2573,.T.);
#6244=EDGE_CURVE('',#4956,#4958,#2574,.T.);
#6245=EDGE_CURVE('',#4959,#4957,#2575,.T.);
#6246=EDGE_CURVE('',#4957,#4960,#2576,.T.);
#6247=EDGE_CURVE('',#4960,#4961,#2577,.T.);
#6248=EDGE_CURVE('',#4961,#4959,#2578,.T.);
#6249=EDGE_CURVE('',#4962,#4960,#2579,.T.);
#6250=EDGE_CURVE('',#4962,#4956,#2580,.T.);
#6251=EDGE_CURVE('',#4958,#4959,#2581,.T.);
#6252=EDGE_CURVE('',#4961,#4963,#2582,.T.);
#6253=EDGE_CURVE('',#4963,#4958,#2583,.T.);
#6254=EDGE_CURVE('',#4963,#4962,#2584,.T.);
#6255=EDGE_CURVE('',#4959,#4953,#2585,.T.);
#6256=EDGE_CURVE('',#4964,#4965,#4175,.T.);
#6257=EDGE_CURVE('',#4965,#4966,#2586,.T.);
#6258=EDGE_CURVE('',#4966,#4967,#4176,.T.);
#6259=EDGE_CURVE('',#4967,#4968,#2587,.T.);
#6260=EDGE_CURVE('',#4968,#4969,#2588,.T.);
#6261=EDGE_CURVE('',#4969,#4970,#2589,.T.);
#6262=EDGE_CURVE('',#4970,#4971,#4177,.T.);
#6263=EDGE_CURVE('',#4971,#4972,#2590,.T.);
#6264=EDGE_CURVE('',#4972,#4973,#4178,.T.);
#6265=EDGE_CURVE('',#4973,#4974,#2591,.T.);
#6266=EDGE_CURVE('',#4974,#4975,#2592,.T.);
#6267=EDGE_CURVE('',#4975,#4964,#2593,.T.);
#6268=EDGE_CURVE('',#4976,#4965,#2594,.T.);
#6269=EDGE_CURVE('',#4977,#4976,#2595,.T.);
#6270=EDGE_CURVE('',#4966,#4977,#2596,.T.);
#6271=EDGE_CURVE('',#4978,#4977,#4179,.T.);
#6272=EDGE_CURVE('',#4967,#4978,#2597,.T.);
#6273=EDGE_CURVE('',#4979,#4978,#2598,.T.);
#6274=EDGE_CURVE('',#4968,#4979,#2599,.T.);
#6275=EDGE_CURVE('',#4980,#4979,#2600,.T.);
#6276=EDGE_CURVE('',#4969,#4980,#2601,.T.);
#6277=EDGE_CURVE('',#4981,#4980,#2602,.T.);
#6278=EDGE_CURVE('',#4970,#4981,#2603,.T.);
#6279=EDGE_CURVE('',#4982,#4981,#4180,.T.);
#6280=EDGE_CURVE('',#4971,#4982,#2604,.T.);
#6281=EDGE_CURVE('',#4983,#4982,#2605,.T.);
#6282=EDGE_CURVE('',#4972,#4983,#2606,.T.);
#6283=EDGE_CURVE('',#4984,#4983,#4181,.T.);
#6284=EDGE_CURVE('',#4973,#4984,#2607,.T.);
#6285=EDGE_CURVE('',#4985,#4984,#2608,.T.);
#6286=EDGE_CURVE('',#4974,#4985,#2609,.T.);
#6287=EDGE_CURVE('',#4986,#4985,#2610,.T.);
#6288=EDGE_CURVE('',#4975,#4986,#2611,.T.);
#6289=EDGE_CURVE('',#4987,#4986,#2612,.T.);
#6290=EDGE_CURVE('',#4964,#4987,#2613,.T.);
#6291=EDGE_CURVE('',#4976,#4987,#4182,.T.);
#6292=EDGE_CURVE('',#4988,#4989,#4183,.T.);
#6293=EDGE_CURVE('',#4990,#4988,#2614,.T.);
#6294=EDGE_CURVE('',#4991,#4990,#2615,.T.);
#6295=EDGE_CURVE('',#4992,#4991,#2616,.T.);
#6296=EDGE_CURVE('',#4993,#4992,#4184,.T.);
#6297=EDGE_CURVE('',#4994,#4993,#2617,.T.);
#6298=EDGE_CURVE('',#4995,#4994,#4185,.T.);
#6299=EDGE_CURVE('',#4996,#4995,#2618,.T.);
#6300=EDGE_CURVE('',#4997,#4996,#2619,.T.);
#6301=EDGE_CURVE('',#4998,#4997,#2620,.T.);
#6302=EDGE_CURVE('',#4999,#4998,#4186,.T.);
#6303=EDGE_CURVE('',#4989,#4999,#2621,.T.);
#6304=EDGE_CURVE('',#5000,#4989,#2622,.T.);
#6305=EDGE_CURVE('',#4999,#5001,#2623,.T.);
#6306=EDGE_CURVE('',#5001,#5000,#2624,.T.);
#6307=EDGE_CURVE('',#4998,#5002,#2625,.T.);
#6308=EDGE_CURVE('',#5002,#5001,#4187,.T.);
#6309=EDGE_CURVE('',#4997,#5003,#2626,.T.);
#6310=EDGE_CURVE('',#5003,#5002,#2627,.T.);
#6311=EDGE_CURVE('',#4996,#5004,#2628,.T.);
#6312=EDGE_CURVE('',#5004,#5003,#2629,.T.);
#6313=EDGE_CURVE('',#4995,#5005,#2630,.T.);
#6314=EDGE_CURVE('',#5005,#5004,#2631,.T.);
#6315=EDGE_CURVE('',#4994,#5006,#2632,.T.);
#6316=EDGE_CURVE('',#5006,#5005,#4188,.T.);
#6317=EDGE_CURVE('',#4993,#5007,#2633,.T.);
#6318=EDGE_CURVE('',#5007,#5006,#2634,.T.);
#6319=EDGE_CURVE('',#4992,#5008,#2635,.T.);
#6320=EDGE_CURVE('',#5008,#5007,#4189,.T.);
#6321=EDGE_CURVE('',#4991,#5009,#2636,.T.);
#6322=EDGE_CURVE('',#5009,#5008,#2637,.T.);
#6323=EDGE_CURVE('',#4990,#5010,#2638,.T.);
#6324=EDGE_CURVE('',#5010,#5009,#2639,.T.);
#6325=EDGE_CURVE('',#4988,#5011,#2640,.T.);
#6326=EDGE_CURVE('',#5011,#5010,#2641,.T.);
#6327=EDGE_CURVE('',#5000,#5011,#4190,.T.);
#6328=EDGE_CURVE('',#5012,#5013,#4191,.T.);
#6329=EDGE_CURVE('',#5013,#5014,#2642,.T.);
#6330=EDGE_CURVE('',#5014,#5015,#4192,.T.);
#6331=EDGE_CURVE('',#5015,#5016,#2643,.T.);
#6332=EDGE_CURVE('',#5016,#5017,#2644,.T.);
#6333=EDGE_CURVE('',#5017,#5018,#2645,.T.);
#6334=EDGE_CURVE('',#5018,#5019,#4193,.T.);
#6335=EDGE_CURVE('',#5019,#5020,#2646,.T.);
#6336=EDGE_CURVE('',#5020,#5021,#4194,.T.);
#6337=EDGE_CURVE('',#5021,#5022,#2647,.T.);
#6338=EDGE_CURVE('',#5022,#5023,#2648,.T.);
#6339=EDGE_CURVE('',#5023,#5012,#2649,.T.);
#6340=EDGE_CURVE('',#5024,#5013,#2650,.T.);
#6341=EDGE_CURVE('',#5025,#5024,#2651,.T.);
#6342=EDGE_CURVE('',#5014,#5025,#2652,.T.);
#6343=EDGE_CURVE('',#5026,#5025,#4195,.T.);
#6344=EDGE_CURVE('',#5015,#5026,#2653,.T.);
#6345=EDGE_CURVE('',#5027,#5026,#2654,.T.);
#6346=EDGE_CURVE('',#5016,#5027,#2655,.T.);
#6347=EDGE_CURVE('',#5028,#5027,#2656,.T.);
#6348=EDGE_CURVE('',#5017,#5028,#2657,.T.);
#6349=EDGE_CURVE('',#5029,#5028,#2658,.T.);
#6350=EDGE_CURVE('',#5018,#5029,#2659,.T.);
#6351=EDGE_CURVE('',#5030,#5029,#4196,.T.);
#6352=EDGE_CURVE('',#5019,#5030,#2660,.T.);
#6353=EDGE_CURVE('',#5031,#5030,#2661,.T.);
#6354=EDGE_CURVE('',#5020,#5031,#2662,.T.);
#6355=EDGE_CURVE('',#5032,#5031,#4197,.T.);
#6356=EDGE_CURVE('',#5021,#5032,#2663,.T.);
#6357=EDGE_CURVE('',#5033,#5032,#2664,.T.);
#6358=EDGE_CURVE('',#5022,#5033,#2665,.T.);
#6359=EDGE_CURVE('',#5034,#5033,#2666,.T.);
#6360=EDGE_CURVE('',#5023,#5034,#2667,.T.);
#6361=EDGE_CURVE('',#5035,#5034,#2668,.T.);
#6362=EDGE_CURVE('',#5012,#5035,#2669,.T.);
#6363=EDGE_CURVE('',#5024,#5035,#4198,.T.);
#6364=EDGE_CURVE('',#5036,#5037,#4199,.T.);
#6365=EDGE_CURVE('',#5037,#5038,#2670,.T.);
#6366=EDGE_CURVE('',#5038,#5039,#4200,.T.);
#6367=EDGE_CURVE('',#5039,#5040,#2671,.T.);
#6368=EDGE_CURVE('',#5040,#5041,#2672,.T.);
#6369=EDGE_CURVE('',#5041,#5042,#2673,.T.);
#6370=EDGE_CURVE('',#5042,#5043,#4201,.T.);
#6371=EDGE_CURVE('',#5043,#5044,#2674,.T.);
#6372=EDGE_CURVE('',#5044,#5045,#4202,.T.);
#6373=EDGE_CURVE('',#5045,#5046,#2675,.T.);
#6374=EDGE_CURVE('',#5046,#5047,#2676,.T.);
#6375=EDGE_CURVE('',#5047,#5036,#2677,.T.);
#6376=EDGE_CURVE('',#5048,#5037,#2678,.T.);
#6377=EDGE_CURVE('',#5049,#5048,#2679,.T.);
#6378=EDGE_CURVE('',#5038,#5049,#2680,.T.);
#6379=EDGE_CURVE('',#5050,#5049,#4203,.T.);
#6380=EDGE_CURVE('',#5039,#5050,#2681,.T.);
#6381=EDGE_CURVE('',#5051,#5050,#2682,.T.);
#6382=EDGE_CURVE('',#5040,#5051,#2683,.T.);
#6383=EDGE_CURVE('',#5052,#5051,#2684,.T.);
#6384=EDGE_CURVE('',#5041,#5052,#2685,.T.);
#6385=EDGE_CURVE('',#5053,#5052,#2686,.T.);
#6386=EDGE_CURVE('',#5042,#5053,#2687,.T.);
#6387=EDGE_CURVE('',#5054,#5053,#4204,.T.);
#6388=EDGE_CURVE('',#5043,#5054,#2688,.T.);
#6389=EDGE_CURVE('',#5055,#5054,#2689,.T.);
#6390=EDGE_CURVE('',#5044,#5055,#2690,.T.);
#6391=EDGE_CURVE('',#5056,#5055,#4205,.T.);
#6392=EDGE_CURVE('',#5045,#5056,#2691,.T.);
#6393=EDGE_CURVE('',#5057,#5056,#2692,.T.);
#6394=EDGE_CURVE('',#5046,#5057,#2693,.T.);
#6395=EDGE_CURVE('',#5058,#5057,#2694,.T.);
#6396=EDGE_CURVE('',#5047,#5058,#2695,.T.);
#6397=EDGE_CURVE('',#5059,#5058,#2696,.T.);
#6398=EDGE_CURVE('',#5036,#5059,#2697,.T.);
#6399=EDGE_CURVE('',#5048,#5059,#4206,.T.);
#6400=EDGE_CURVE('',#5060,#5061,#4207,.T.);
#6401=EDGE_CURVE('',#5061,#5062,#2698,.T.);
#6402=EDGE_CURVE('',#5062,#5063,#4208,.T.);
#6403=EDGE_CURVE('',#5063,#5064,#2699,.T.);
#6404=EDGE_CURVE('',#5064,#5065,#2700,.T.);
#6405=EDGE_CURVE('',#5065,#5066,#2701,.T.);
#6406=EDGE_CURVE('',#5066,#5067,#4209,.T.);
#6407=EDGE_CURVE('',#5067,#5068,#2702,.T.);
#6408=EDGE_CURVE('',#5068,#5069,#4210,.T.);
#6409=EDGE_CURVE('',#5069,#5070,#2703,.T.);
#6410=EDGE_CURVE('',#5070,#5071,#2704,.T.);
#6411=EDGE_CURVE('',#5071,#5060,#2705,.T.);
#6412=EDGE_CURVE('',#5072,#5061,#2706,.T.);
#6413=EDGE_CURVE('',#5073,#5072,#2707,.T.);
#6414=EDGE_CURVE('',#5062,#5073,#2708,.T.);
#6415=EDGE_CURVE('',#5074,#5073,#4211,.T.);
#6416=EDGE_CURVE('',#5063,#5074,#2709,.T.);
#6417=EDGE_CURVE('',#5075,#5074,#2710,.T.);
#6418=EDGE_CURVE('',#5064,#5075,#2711,.T.);
#6419=EDGE_CURVE('',#5076,#5075,#2712,.T.);
#6420=EDGE_CURVE('',#5065,#5076,#2713,.T.);
#6421=EDGE_CURVE('',#5077,#5076,#2714,.T.);
#6422=EDGE_CURVE('',#5066,#5077,#2715,.T.);
#6423=EDGE_CURVE('',#5078,#5077,#4212,.T.);
#6424=EDGE_CURVE('',#5067,#5078,#2716,.T.);
#6425=EDGE_CURVE('',#5079,#5078,#2717,.T.);
#6426=EDGE_CURVE('',#5068,#5079,#2718,.T.);
#6427=EDGE_CURVE('',#5080,#5079,#4213,.T.);
#6428=EDGE_CURVE('',#5069,#5080,#2719,.T.);
#6429=EDGE_CURVE('',#5081,#5080,#2720,.T.);
#6430=EDGE_CURVE('',#5070,#5081,#2721,.T.);
#6431=EDGE_CURVE('',#5082,#5081,#2722,.T.);
#6432=EDGE_CURVE('',#5071,#5082,#2723,.T.);
#6433=EDGE_CURVE('',#5083,#5082,#2724,.T.);
#6434=EDGE_CURVE('',#5060,#5083,#2725,.T.);
#6435=EDGE_CURVE('',#5072,#5083,#4214,.T.);
#6436=EDGE_CURVE('',#5084,#5085,#4215,.T.);
#6437=EDGE_CURVE('',#5086,#5084,#2726,.T.);
#6438=EDGE_CURVE('',#5087,#5086,#2727,.T.);
#6439=EDGE_CURVE('',#5088,#5087,#2728,.T.);
#6440=EDGE_CURVE('',#5089,#5088,#4216,.T.);
#6441=EDGE_CURVE('',#5090,#5089,#2729,.T.);
#6442=EDGE_CURVE('',#5091,#5090,#4217,.T.);
#6443=EDGE_CURVE('',#5092,#5091,#2730,.T.);
#6444=EDGE_CURVE('',#5093,#5092,#2731,.T.);
#6445=EDGE_CURVE('',#5094,#5093,#2732,.T.);
#6446=EDGE_CURVE('',#5095,#5094,#4218,.T.);
#6447=EDGE_CURVE('',#5085,#5095,#2733,.T.);
#6448=EDGE_CURVE('',#5096,#5085,#2734,.T.);
#6449=EDGE_CURVE('',#5095,#5097,#2735,.T.);
#6450=EDGE_CURVE('',#5097,#5096,#2736,.T.);
#6451=EDGE_CURVE('',#5094,#5098,#2737,.T.);
#6452=EDGE_CURVE('',#5098,#5097,#4219,.T.);
#6453=EDGE_CURVE('',#5093,#5099,#2738,.T.);
#6454=EDGE_CURVE('',#5099,#5098,#2739,.T.);
#6455=EDGE_CURVE('',#5092,#5100,#2740,.T.);
#6456=EDGE_CURVE('',#5100,#5099,#2741,.T.);
#6457=EDGE_CURVE('',#5091,#5101,#2742,.T.);
#6458=EDGE_CURVE('',#5101,#5100,#2743,.T.);
#6459=EDGE_CURVE('',#5090,#5102,#2744,.T.);
#6460=EDGE_CURVE('',#5102,#5101,#4220,.T.);
#6461=EDGE_CURVE('',#5089,#5103,#2745,.T.);
#6462=EDGE_CURVE('',#5103,#5102,#2746,.T.);
#6463=EDGE_CURVE('',#5088,#5104,#2747,.T.);
#6464=EDGE_CURVE('',#5104,#5103,#4221,.T.);
#6465=EDGE_CURVE('',#5087,#5105,#2748,.T.);
#6466=EDGE_CURVE('',#5105,#5104,#2749,.T.);
#6467=EDGE_CURVE('',#5086,#5106,#2750,.T.);
#6468=EDGE_CURVE('',#5106,#5105,#2751,.T.);
#6469=EDGE_CURVE('',#5084,#5107,#2752,.T.);
#6470=EDGE_CURVE('',#5107,#5106,#2753,.T.);
#6471=EDGE_CURVE('',#5096,#5107,#4222,.T.);
#6472=EDGE_CURVE('',#5108,#5109,#4223,.T.);
#6473=EDGE_CURVE('',#5110,#5108,#2754,.T.);
#6474=EDGE_CURVE('',#5111,#5110,#2755,.T.);
#6475=EDGE_CURVE('',#5112,#5111,#2756,.T.);
#6476=EDGE_CURVE('',#5113,#5112,#4224,.T.);
#6477=EDGE_CURVE('',#5114,#5113,#2757,.T.);
#6478=EDGE_CURVE('',#5115,#5114,#4225,.T.);
#6479=EDGE_CURVE('',#5116,#5115,#2758,.T.);
#6480=EDGE_CURVE('',#5117,#5116,#2759,.T.);
#6481=EDGE_CURVE('',#5118,#5117,#2760,.T.);
#6482=EDGE_CURVE('',#5119,#5118,#4226,.T.);
#6483=EDGE_CURVE('',#5109,#5119,#2761,.T.);
#6484=EDGE_CURVE('',#5120,#5109,#2762,.T.);
#6485=EDGE_CURVE('',#5119,#5121,#2763,.T.);
#6486=EDGE_CURVE('',#5121,#5120,#2764,.T.);
#6487=EDGE_CURVE('',#5118,#5122,#2765,.T.);
#6488=EDGE_CURVE('',#5122,#5121,#4227,.T.);
#6489=EDGE_CURVE('',#5117,#5123,#2766,.T.);
#6490=EDGE_CURVE('',#5123,#5122,#2767,.T.);
#6491=EDGE_CURVE('',#5116,#5124,#2768,.T.);
#6492=EDGE_CURVE('',#5124,#5123,#2769,.T.);
#6493=EDGE_CURVE('',#5115,#5125,#2770,.T.);
#6494=EDGE_CURVE('',#5125,#5124,#2771,.T.);
#6495=EDGE_CURVE('',#5114,#5126,#2772,.T.);
#6496=EDGE_CURVE('',#5126,#5125,#4228,.T.);
#6497=EDGE_CURVE('',#5113,#5127,#2773,.T.);
#6498=EDGE_CURVE('',#5127,#5126,#2774,.T.);
#6499=EDGE_CURVE('',#5112,#5128,#2775,.T.);
#6500=EDGE_CURVE('',#5128,#5127,#4229,.T.);
#6501=EDGE_CURVE('',#5111,#5129,#2776,.T.);
#6502=EDGE_CURVE('',#5129,#5128,#2777,.T.);
#6503=EDGE_CURVE('',#5110,#5130,#2778,.T.);
#6504=EDGE_CURVE('',#5130,#5129,#2779,.T.);
#6505=EDGE_CURVE('',#5108,#5131,#2780,.T.);
#6506=EDGE_CURVE('',#5131,#5130,#2781,.T.);
#6507=EDGE_CURVE('',#5120,#5131,#4230,.T.);
#6508=EDGE_CURVE('',#5132,#5133,#4231,.T.);
#6509=EDGE_CURVE('',#5134,#5132,#2782,.T.);
#6510=EDGE_CURVE('',#5135,#5134,#2783,.T.);
#6511=EDGE_CURVE('',#5136,#5135,#2784,.T.);
#6512=EDGE_CURVE('',#5137,#5136,#4232,.T.);
#6513=EDGE_CURVE('',#5138,#5137,#2785,.T.);
#6514=EDGE_CURVE('',#5139,#5138,#4233,.T.);
#6515=EDGE_CURVE('',#5140,#5139,#2786,.T.);
#6516=EDGE_CURVE('',#5141,#5140,#2787,.T.);
#6517=EDGE_CURVE('',#5142,#5141,#2788,.T.);
#6518=EDGE_CURVE('',#5143,#5142,#4234,.T.);
#6519=EDGE_CURVE('',#5133,#5143,#2789,.T.);
#6520=EDGE_CURVE('',#5144,#5133,#2790,.T.);
#6521=EDGE_CURVE('',#5143,#5145,#2791,.T.);
#6522=EDGE_CURVE('',#5145,#5144,#2792,.T.);
#6523=EDGE_CURVE('',#5142,#5146,#2793,.T.);
#6524=EDGE_CURVE('',#5146,#5145,#4235,.T.);
#6525=EDGE_CURVE('',#5141,#5147,#2794,.T.);
#6526=EDGE_CURVE('',#5147,#5146,#2795,.T.);
#6527=EDGE_CURVE('',#5140,#5148,#2796,.T.);
#6528=EDGE_CURVE('',#5148,#5147,#2797,.T.);
#6529=EDGE_CURVE('',#5139,#5149,#2798,.T.);
#6530=EDGE_CURVE('',#5149,#5148,#2799,.T.);
#6531=EDGE_CURVE('',#5138,#5150,#2800,.T.);
#6532=EDGE_CURVE('',#5150,#5149,#4236,.T.);
#6533=EDGE_CURVE('',#5137,#5151,#2801,.T.);
#6534=EDGE_CURVE('',#5151,#5150,#2802,.T.);
#6535=EDGE_CURVE('',#5136,#5152,#2803,.T.);
#6536=EDGE_CURVE('',#5152,#5151,#4237,.T.);
#6537=EDGE_CURVE('',#5135,#5153,#2804,.T.);
#6538=EDGE_CURVE('',#5153,#5152,#2805,.T.);
#6539=EDGE_CURVE('',#5134,#5154,#2806,.T.);
#6540=EDGE_CURVE('',#5154,#5153,#2807,.T.);
#6541=EDGE_CURVE('',#5132,#5155,#2808,.T.);
#6542=EDGE_CURVE('',#5155,#5154,#2809,.T.);
#6543=EDGE_CURVE('',#5144,#5155,#4238,.T.);
#6544=EDGE_CURVE('',#5156,#5157,#4239,.F.);
#6545=EDGE_CURVE('',#5158,#5156,#4240,.F.);
#6546=EDGE_CURVE('',#5157,#5158,#4241,.F.);
#6547=EDGE_CURVE('',#5159,#5160,#4242,.F.);
#6548=EDGE_CURVE('',#5161,#5159,#4243,.F.);
#6549=EDGE_CURVE('',#5160,#5161,#4244,.F.);
#6550=EDGE_CURVE('',#5158,#5161,#2810,.T.);
#6551=EDGE_CURVE('',#5159,#5157,#2811,.T.);
#6552=EDGE_CURVE('',#5162,#5163,#4245,.F.);
#6553=EDGE_CURVE('',#5164,#5162,#4246,.F.);
#6554=EDGE_CURVE('',#5163,#5164,#4247,.F.);
#6555=EDGE_CURVE('',#5165,#5166,#4248,.F.);
#6556=EDGE_CURVE('',#5167,#5165,#4249,.F.);
#6557=EDGE_CURVE('',#5166,#5167,#4250,.F.);
#6558=EDGE_CURVE('',#5168,#5169,#4251,.F.);
#6559=EDGE_CURVE('',#5170,#5168,#4252,.F.);
#6560=EDGE_CURVE('',#5169,#5170,#4253,.F.);
#6561=EDGE_CURVE('',#5171,#5172,#4254,.F.);
#6562=EDGE_CURVE('',#5173,#5171,#4255,.F.);
#6563=EDGE_CURVE('',#5172,#5173,#4256,.F.);
#6564=EDGE_CURVE('',#5171,#5165,#2812,.T.);
#6565=EDGE_CURVE('',#5166,#5173,#2813,.T.);
#6566=EDGE_CURVE('',#5172,#5160,#2814,.T.);
#6567=EDGE_CURVE('',#5173,#5159,#2815,.T.);
#6568=EDGE_CURVE('',#5174,#5175,#4257,.F.);
#6569=EDGE_CURVE('',#5176,#5174,#4258,.F.);
#6570=EDGE_CURVE('',#5175,#5176,#4259,.F.);
#6571=EDGE_CURVE('',#5177,#5178,#4260,.F.);
#6572=EDGE_CURVE('',#5179,#5177,#4261,.F.);
#6573=EDGE_CURVE('',#5178,#5179,#4262,.F.);
#6574=EDGE_CURVE('',#5174,#5179,#2816,.T.);
#6575=EDGE_CURVE('',#5177,#5176,#2817,.T.);
#6576=EDGE_CURVE('',#5179,#5171,#2818,.T.);
#6577=EDGE_CURVE('',#5172,#5178,#2819,.T.);
#6578=EDGE_CURVE('',#5168,#5177,#2820,.T.);
#6579=EDGE_CURVE('',#5178,#5170,#2821,.T.);
#6580=EDGE_CURVE('',#5163,#5175,#2822,.T.);
#6581=EDGE_CURVE('',#5176,#5162,#2823,.T.);
#6582=EDGE_CURVE('',#5165,#5174,#2824,.T.);
#6583=EDGE_CURVE('',#5175,#5167,#2825,.T.);
#6584=EDGE_CURVE('',#5161,#5169,#2826,.T.);
#6585=EDGE_CURVE('',#5170,#5160,#2827,.T.);
#6586=EDGE_CURVE('',#5169,#5164,#2828,.T.);
#6587=EDGE_CURVE('',#5162,#5168,#2829,.T.);
#6588=EDGE_CURVE('',#5157,#5166,#2830,.T.);
#6589=EDGE_CURVE('',#5167,#5156,#2831,.T.);
#6590=EDGE_CURVE('',#5164,#5158,#2832,.T.);
#6591=EDGE_CURVE('',#5156,#5163,#2833,.T.);
#6592=EDGE_CURVE('',#5180,#5181,#4263,.F.);
#6593=EDGE_CURVE('',#5182,#5180,#4264,.F.);
#6594=EDGE_CURVE('',#5181,#5182,#4265,.F.);
#6595=EDGE_CURVE('',#5183,#5184,#4266,.F.);
#6596=EDGE_CURVE('',#5185,#5183,#4267,.F.);
#6597=EDGE_CURVE('',#5184,#5185,#4268,.F.);
#6598=EDGE_CURVE('',#5182,#5185,#2834,.T.);
#6599=EDGE_CURVE('',#5183,#5181,#2835,.T.);
#6600=EDGE_CURVE('',#5186,#5187,#4269,.F.);
#6601=EDGE_CURVE('',#5188,#5186,#4270,.F.);
#6602=EDGE_CURVE('',#5187,#5188,#4271,.F.);
#6603=EDGE_CURVE('',#5189,#5190,#4272,.F.);
#6604=EDGE_CURVE('',#5191,#5189,#4273,.F.);
#6605=EDGE_CURVE('',#5190,#5191,#4274,.F.);
#6606=EDGE_CURVE('',#5192,#5193,#4275,.F.);
#6607=EDGE_CURVE('',#5194,#5192,#4276,.F.);
#6608=EDGE_CURVE('',#5193,#5194,#4277,.F.);
#6609=EDGE_CURVE('',#5195,#5196,#4278,.F.);
#6610=EDGE_CURVE('',#5197,#5195,#4279,.F.);
#6611=EDGE_CURVE('',#5196,#5197,#4280,.F.);
#6612=EDGE_CURVE('',#5195,#5189,#2836,.T.);
#6613=EDGE_CURVE('',#5190,#5197,#2837,.T.);
#6614=EDGE_CURVE('',#5184,#5196,#2838,.T.);
#6615=EDGE_CURVE('',#5197,#5183,#2839,.T.);
#6616=EDGE_CURVE('',#5198,#5199,#4281,.F.);
#6617=EDGE_CURVE('',#5200,#5198,#4282,.F.);
#6618=EDGE_CURVE('',#5199,#5200,#4283,.F.);
#6619=EDGE_CURVE('',#5201,#5202,#4284,.F.);
#6620=EDGE_CURVE('',#5203,#5201,#4285,.F.);
#6621=EDGE_CURVE('',#5202,#5203,#4286,.F.);
#6622=EDGE_CURVE('',#5198,#5203,#2840,.T.);
#6623=EDGE_CURVE('',#5201,#5200,#2841,.T.);
#6624=EDGE_CURVE('',#5203,#5195,#2842,.T.);
#6625=EDGE_CURVE('',#5196,#5202,#2843,.T.);
#6626=EDGE_CURVE('',#5192,#5201,#2844,.T.);
#6627=EDGE_CURVE('',#5202,#5194,#2845,.T.);
#6628=EDGE_CURVE('',#5199,#5187,#2846,.T.);
#6629=EDGE_CURVE('',#5200,#5186,#2847,.T.);
#6630=EDGE_CURVE('',#5189,#5198,#2848,.T.);
#6631=EDGE_CURVE('',#5199,#5191,#2849,.T.);
#6632=EDGE_CURVE('',#5185,#5193,#2850,.T.);
#6633=EDGE_CURVE('',#5194,#5184,#2851,.T.);
#6634=EDGE_CURVE('',#5193,#5188,#2852,.T.);
#6635=EDGE_CURVE('',#5186,#5192,#2853,.T.);
#6636=EDGE_CURVE('',#5181,#5190,#2854,.T.);
#6637=EDGE_CURVE('',#5191,#5180,#2855,.T.);
#6638=EDGE_CURVE('',#5188,#5182,#2856,.T.);
#6639=EDGE_CURVE('',#5180,#5187,#2857,.T.);
#6640=EDGE_CURVE('',#5204,#5205,#2858,.T.);
#6641=EDGE_CURVE('',#5205,#5206,#2859,.T.);
#6642=EDGE_CURVE('',#5206,#5207,#2860,.T.);
#6643=EDGE_CURVE('',#5207,#5204,#2861,.T.);
#6644=EDGE_CURVE('',#5208,#5209,#2862,.T.);
#6645=EDGE_CURVE('',#5209,#5210,#2863,.T.);
#6646=EDGE_CURVE('',#5210,#5211,#2864,.T.);
#6647=EDGE_CURVE('',#5211,#5208,#2865,.T.);
#6648=EDGE_CURVE('',#5207,#5210,#2866,.T.);
#6649=EDGE_CURVE('',#5204,#5209,#2867,.T.);
#6650=EDGE_CURVE('',#5206,#5211,#2868,.T.);
#6651=EDGE_CURVE('',#5205,#5208,#2869,.T.);
#6652=EDGE_CURVE('',#5212,#5213,#2870,.T.);
#6653=EDGE_CURVE('',#5213,#5214,#2871,.T.);
#6654=EDGE_CURVE('',#5214,#5215,#2872,.T.);
#6655=EDGE_CURVE('',#5215,#5212,#2873,.T.);
#6656=EDGE_CURVE('',#5216,#5217,#2874,.T.);
#6657=EDGE_CURVE('',#5218,#5216,#2875,.T.);
#6658=EDGE_CURVE('',#5218,#5219,#2876,.T.);
#6659=EDGE_CURVE('',#5217,#5219,#2877,.T.);
#6660=EDGE_CURVE('',#5220,#5221,#4287,.T.);
#6661=EDGE_CURVE('',#5213,#5220,#2878,.T.);
#6662=EDGE_CURVE('',#5222,#5212,#2879,.T.);
#6663=EDGE_CURVE('',#5223,#5222,#4288,.T.);
#6664=EDGE_CURVE('',#5224,#5223,#2880,.T.);
#6665=EDGE_CURVE('',#5225,#5224,#2881,.T.);
#6666=EDGE_CURVE('',#5221,#5225,#2882,.T.);
#6667=EDGE_CURVE('',#5219,#5224,#4289,.T.);
#6668=EDGE_CURVE('',#5225,#5218,#4290,.T.);
#6669=EDGE_CURVE('',#5220,#5226,#2883,.T.);
#6670=EDGE_CURVE('',#5226,#5214,#2884,.T.);
#6671=EDGE_CURVE('',#5221,#5227,#2885,.T.);
#6672=EDGE_CURVE('',#5226,#5227,#4291,.T.);
#6673=EDGE_CURVE('',#5216,#5228,#2886,.T.);
#6674=EDGE_CURVE('',#5228,#5229,#2887,.T.);
#6675=EDGE_CURVE('',#5227,#5229,#2888,.T.);
#6676=EDGE_CURVE('',#5217,#5230,#2889,.T.);
#6677=EDGE_CURVE('',#5230,#5228,#2890,.T.);
#6678=EDGE_CURVE('',#5223,#5231,#2891,.T.);
#6679=EDGE_CURVE('',#5231,#5232,#2892,.T.);
#6680=EDGE_CURVE('',#5230,#5232,#2893,.T.);
#6681=EDGE_CURVE('',#5222,#5233,#2894,.T.);
#6682=EDGE_CURVE('',#5233,#5231,#4292,.T.);
#6683=EDGE_CURVE('',#5215,#5233,#2895,.T.);
#6684=EDGE_CURVE('',#5232,#5229,#2896,.T.);
#6685=EDGE_CURVE('',#5231,#5227,#2897,.T.);
#6686=EDGE_CURVE('',#5233,#5226,#2898,.T.);
#6687=EDGE_CURVE('',#5234,#5234,#4293,.T.);
#6688=EDGE_CURVE('',#5234,#5235,#2899,.T.);
#6689=EDGE_CURVE('',#5235,#5235,#4294,.T.);
#6690=EDGE_CURVE('',#5236,#5236,#4295,.T.);
#6691=EDGE_CURVE('',#5236,#5237,#2900,.T.);
#6692=EDGE_CURVE('',#5237,#5237,#4296,.T.);
#6693=EDGE_CURVE('',#5238,#5238,#4297,.T.);
#6694=EDGE_CURVE('',#5238,#5239,#2901,.T.);
#6695=EDGE_CURVE('',#5239,#5239,#4298,.T.);
#6696=EDGE_CURVE('',#5240,#5241,#2902,.T.);
#6697=EDGE_CURVE('',#5240,#5242,#2903,.T.);
#6698=EDGE_CURVE('',#5243,#5242,#2904,.T.);
#6699=EDGE_CURVE('',#5241,#5243,#2905,.T.);
#6700=EDGE_CURVE('',#5241,#5244,#2906,.T.);
#6701=EDGE_CURVE('',#5245,#5243,#2907,.T.);
#6702=EDGE_CURVE('',#5244,#5245,#2908,.T.);
#6703=EDGE_CURVE('',#5244,#5246,#2909,.T.);
#6704=EDGE_CURVE('',#5247,#5245,#2910,.T.);
#6705=EDGE_CURVE('',#5246,#5247,#2911,.T.);
#6706=EDGE_CURVE('',#5246,#5240,#2912,.T.);
#6707=EDGE_CURVE('',#5242,#5247,#2913,.T.);
#6708=ORIENTED_EDGE('',*,*,#5248,.F.);
#6709=ORIENTED_EDGE('',*,*,#5249,.T.);
#6710=ORIENTED_EDGE('',*,*,#5250,.F.);
#6711=ORIENTED_EDGE('',*,*,#5249,.F.);
#6712=ORIENTED_EDGE('',*,*,#5251,.T.);
#6713=ORIENTED_EDGE('',*,*,#5252,.T.);
#6714=ORIENTED_EDGE('',*,*,#5253,.T.);
#6715=ORIENTED_EDGE('',*,*,#5254,.F.);
#6716=ORIENTED_EDGE('',*,*,#5255,.F.);
#6717=ORIENTED_EDGE('',*,*,#5253,.F.);
#6718=ORIENTED_EDGE('',*,*,#5256,.F.);
#6719=ORIENTED_EDGE('',*,*,#5248,.T.);
#6720=ORIENTED_EDGE('',*,*,#5257,.T.);
#6721=ORIENTED_EDGE('',*,*,#5250,.T.);
#6722=ORIENTED_EDGE('',*,*,#5256,.T.);
#6723=ORIENTED_EDGE('',*,*,#5258,.T.);
#6724=ORIENTED_EDGE('',*,*,#5259,.F.);
#6725=ORIENTED_EDGE('',*,*,#5260,.F.);
#6726=ORIENTED_EDGE('',*,*,#5258,.F.);
#6727=ORIENTED_EDGE('',*,*,#5260,.T.);
#6728=ORIENTED_EDGE('',*,*,#5261,.T.);
#6729=ORIENTED_EDGE('',*,*,#5251,.F.);
#6730=ORIENTED_EDGE('',*,*,#5252,.F.);
#6731=ORIENTED_EDGE('',*,*,#5261,.F.);
#6732=ORIENTED_EDGE('',*,*,#5259,.T.);
#6733=ORIENTED_EDGE('',*,*,#5262,.T.);
#6734=ORIENTED_EDGE('',*,*,#5263,.T.);
#6735=ORIENTED_EDGE('',*,*,#5257,.F.);
#6736=ORIENTED_EDGE('',*,*,#5263,.F.);
#6737=ORIENTED_EDGE('',*,*,#5264,.T.);
#6738=ORIENTED_EDGE('',*,*,#5255,.T.);
#6739=ORIENTED_EDGE('',*,*,#5265,.T.);
#6740=ORIENTED_EDGE('',*,*,#5264,.F.);
#6741=ORIENTED_EDGE('',*,*,#5262,.F.);
#6742=ORIENTED_EDGE('',*,*,#5265,.F.);
#6743=ORIENTED_EDGE('',*,*,#5254,.T.);
#6744=ORIENTED_EDGE('',*,*,#5266,.F.);
#6745=ORIENTED_EDGE('',*,*,#5267,.F.);
#6746=ORIENTED_EDGE('',*,*,#5268,.T.);
#6747=ORIENTED_EDGE('',*,*,#5269,.F.);
#6748=ORIENTED_EDGE('',*,*,#5270,.T.);
#6749=ORIENTED_EDGE('',*,*,#5267,.T.);
#6750=ORIENTED_EDGE('',*,*,#5270,.F.);
#6751=ORIENTED_EDGE('',*,*,#5268,.F.);
#6752=ORIENTED_EDGE('',*,*,#5271,.T.);
#6753=ORIENTED_EDGE('',*,*,#5266,.T.);
#6754=ORIENTED_EDGE('',*,*,#5271,.F.);
#6755=ORIENTED_EDGE('',*,*,#5269,.T.);
#6756=ORIENTED_EDGE('',*,*,#5272,.F.);
#6757=ORIENTED_EDGE('',*,*,#5273,.F.);
#6758=ORIENTED_EDGE('',*,*,#5274,.F.);
#6759=ORIENTED_EDGE('',*,*,#5275,.F.);
#6760=ORIENTED_EDGE('',*,*,#5276,.F.);
#6761=ORIENTED_EDGE('',*,*,#5277,.F.);
#6762=ORIENTED_EDGE('',*,*,#5278,.F.);
#6763=ORIENTED_EDGE('',*,*,#5276,.T.);
#6764=ORIENTED_EDGE('',*,*,#5279,.T.);
#6765=ORIENTED_EDGE('',*,*,#5280,.F.);
#6766=ORIENTED_EDGE('',*,*,#5281,.F.);
#6767=ORIENTED_EDGE('',*,*,#5277,.T.);
#6768=ORIENTED_EDGE('',*,*,#5278,.T.);
#6769=ORIENTED_EDGE('',*,*,#5282,.F.);
#6770=ORIENTED_EDGE('',*,*,#5279,.F.);
#6771=ORIENTED_EDGE('',*,*,#5275,.T.);
#6772=ORIENTED_EDGE('',*,*,#5283,.T.);
#6773=ORIENTED_EDGE('',*,*,#5284,.F.);
#6774=ORIENTED_EDGE('',*,*,#5280,.T.);
#6775=ORIENTED_EDGE('',*,*,#5284,.T.);
#6776=ORIENTED_EDGE('',*,*,#5285,.T.);
#6777=ORIENTED_EDGE('',*,*,#5286,.T.);
#6778=ORIENTED_EDGE('',*,*,#5287,.T.);
#6779=ORIENTED_EDGE('',*,*,#5282,.T.);
#6780=ORIENTED_EDGE('',*,*,#5288,.F.);
#6781=ORIENTED_EDGE('',*,*,#5272,.T.);
#6782=ORIENTED_EDGE('',*,*,#5281,.T.);
#6783=ORIENTED_EDGE('',*,*,#5287,.F.);
#6784=ORIENTED_EDGE('',*,*,#5283,.F.);
#6785=ORIENTED_EDGE('',*,*,#5274,.T.);
#6786=ORIENTED_EDGE('',*,*,#5289,.T.);
#6787=ORIENTED_EDGE('',*,*,#5285,.F.);
#6788=ORIENTED_EDGE('',*,*,#5289,.F.);
#6789=ORIENTED_EDGE('',*,*,#5273,.T.);
#6790=ORIENTED_EDGE('',*,*,#5288,.T.);
#6791=ORIENTED_EDGE('',*,*,#5286,.F.);
#6792=ORIENTED_EDGE('',*,*,#5290,.F.);
#6793=ORIENTED_EDGE('',*,*,#5291,.F.);
#6794=ORIENTED_EDGE('',*,*,#5292,.T.);
#6795=ORIENTED_EDGE('',*,*,#5293,.F.);
#6796=ORIENTED_EDGE('',*,*,#5294,.T.);
#6797=ORIENTED_EDGE('',*,*,#5291,.T.);
#6798=ORIENTED_EDGE('',*,*,#5294,.F.);
#6799=ORIENTED_EDGE('',*,*,#5292,.F.);
#6800=ORIENTED_EDGE('',*,*,#5295,.T.);
#6801=ORIENTED_EDGE('',*,*,#5290,.T.);
#6802=ORIENTED_EDGE('',*,*,#5295,.F.);
#6803=ORIENTED_EDGE('',*,*,#5293,.T.);
#6804=ORIENTED_EDGE('',*,*,#5296,.F.);
#6805=ORIENTED_EDGE('',*,*,#5297,.F.);
#6806=ORIENTED_EDGE('',*,*,#5298,.F.);
#6807=ORIENTED_EDGE('',*,*,#5299,.F.);
#6808=ORIENTED_EDGE('',*,*,#5300,.F.);
#6809=ORIENTED_EDGE('',*,*,#5301,.F.);
#6810=ORIENTED_EDGE('',*,*,#5302,.F.);
#6811=ORIENTED_EDGE('',*,*,#5300,.T.);
#6812=ORIENTED_EDGE('',*,*,#5303,.T.);
#6813=ORIENTED_EDGE('',*,*,#5304,.F.);
#6814=ORIENTED_EDGE('',*,*,#5305,.F.);
#6815=ORIENTED_EDGE('',*,*,#5301,.T.);
#6816=ORIENTED_EDGE('',*,*,#5302,.T.);
#6817=ORIENTED_EDGE('',*,*,#5306,.F.);
#6818=ORIENTED_EDGE('',*,*,#5303,.F.);
#6819=ORIENTED_EDGE('',*,*,#5299,.T.);
#6820=ORIENTED_EDGE('',*,*,#5307,.T.);
#6821=ORIENTED_EDGE('',*,*,#5308,.F.);
#6822=ORIENTED_EDGE('',*,*,#5304,.T.);
#6823=ORIENTED_EDGE('',*,*,#5308,.T.);
#6824=ORIENTED_EDGE('',*,*,#5309,.T.);
#6825=ORIENTED_EDGE('',*,*,#5310,.T.);
#6826=ORIENTED_EDGE('',*,*,#5311,.T.);
#6827=ORIENTED_EDGE('',*,*,#5306,.T.);
#6828=ORIENTED_EDGE('',*,*,#5312,.F.);
#6829=ORIENTED_EDGE('',*,*,#5296,.T.);
#6830=ORIENTED_EDGE('',*,*,#5305,.T.);
#6831=ORIENTED_EDGE('',*,*,#5311,.F.);
#6832=ORIENTED_EDGE('',*,*,#5307,.F.);
#6833=ORIENTED_EDGE('',*,*,#5298,.T.);
#6834=ORIENTED_EDGE('',*,*,#5313,.T.);
#6835=ORIENTED_EDGE('',*,*,#5309,.F.);
#6836=ORIENTED_EDGE('',*,*,#5313,.F.);
#6837=ORIENTED_EDGE('',*,*,#5297,.T.);
#6838=ORIENTED_EDGE('',*,*,#5312,.T.);
#6839=ORIENTED_EDGE('',*,*,#5310,.F.);
#6840=ORIENTED_EDGE('',*,*,#5314,.F.);
#6841=ORIENTED_EDGE('',*,*,#5315,.T.);
#6842=ORIENTED_EDGE('',*,*,#5316,.F.);
#6843=ORIENTED_EDGE('',*,*,#5315,.F.);
#6844=ORIENTED_EDGE('',*,*,#5317,.F.);
#6845=ORIENTED_EDGE('',*,*,#5318,.T.);
#6846=ORIENTED_EDGE('',*,*,#5319,.F.);
#6847=ORIENTED_EDGE('',*,*,#5318,.F.);
#6848=ORIENTED_EDGE('',*,*,#5320,.F.);
#6849=ORIENTED_EDGE('',*,*,#5321,.T.);
#6850=ORIENTED_EDGE('',*,*,#5322,.T.);
#6851=ORIENTED_EDGE('',*,*,#5321,.F.);
#6852=ORIENTED_EDGE('',*,*,#5322,.F.);
#6853=ORIENTED_EDGE('',*,*,#5319,.T.);
#6854=ORIENTED_EDGE('',*,*,#5323,.F.);
#6855=ORIENTED_EDGE('',*,*,#5324,.T.);
#6856=ORIENTED_EDGE('',*,*,#5325,.T.);
#6857=ORIENTED_EDGE('',*,*,#5326,.F.);
#6858=ORIENTED_EDGE('',*,*,#5327,.T.);
#6859=ORIENTED_EDGE('',*,*,#5328,.T.);
#6860=ORIENTED_EDGE('',*,*,#5329,.F.);
#6861=ORIENTED_EDGE('',*,*,#5330,.T.);
#6862=ORIENTED_EDGE('',*,*,#5331,.F.);
#6863=ORIENTED_EDGE('',*,*,#5332,.T.);
#6864=ORIENTED_EDGE('',*,*,#5333,.T.);
#6865=ORIENTED_EDGE('',*,*,#5334,.T.);
#6866=ORIENTED_EDGE('',*,*,#5335,.T.);
#6867=ORIENTED_EDGE('',*,*,#5336,.T.);
#6868=ORIENTED_EDGE('',*,*,#5337,.F.);
#6869=ORIENTED_EDGE('',*,*,#5338,.T.);
#6870=ORIENTED_EDGE('',*,*,#5320,.T.);
#6871=ORIENTED_EDGE('',*,*,#5333,.F.);
#6872=ORIENTED_EDGE('',*,*,#5339,.T.);
#6873=ORIENTED_EDGE('',*,*,#5340,.F.);
#6874=ORIENTED_EDGE('',*,*,#5341,.F.);
#6875=ORIENTED_EDGE('',*,*,#5334,.F.);
#6876=ORIENTED_EDGE('',*,*,#5341,.T.);
#6877=ORIENTED_EDGE('',*,*,#5342,.F.);
#6878=ORIENTED_EDGE('',*,*,#5343,.F.);
#6879=ORIENTED_EDGE('',*,*,#5335,.F.);
#6880=ORIENTED_EDGE('',*,*,#5343,.T.);
#6881=ORIENTED_EDGE('',*,*,#5344,.F.);
#6882=ORIENTED_EDGE('',*,*,#5345,.F.);
#6883=ORIENTED_EDGE('',*,*,#5346,.F.);
#6884=ORIENTED_EDGE('',*,*,#5347,.F.);
#6885=ORIENTED_EDGE('',*,*,#5348,.F.);
#6886=ORIENTED_EDGE('',*,*,#5349,.F.);
#6887=ORIENTED_EDGE('',*,*,#5350,.F.);
#6888=ORIENTED_EDGE('',*,*,#5351,.F.);
#6889=ORIENTED_EDGE('',*,*,#5352,.F.);
#6890=ORIENTED_EDGE('',*,*,#5353,.F.);
#6891=ORIENTED_EDGE('',*,*,#5354,.F.);
#6892=ORIENTED_EDGE('',*,*,#5355,.F.);
#6893=ORIENTED_EDGE('',*,*,#5356,.F.);
#6894=ORIENTED_EDGE('',*,*,#5352,.T.);
#6895=ORIENTED_EDGE('',*,*,#5357,.F.);
#6896=ORIENTED_EDGE('',*,*,#5358,.F.);
#6897=ORIENTED_EDGE('',*,*,#5355,.T.);
#6898=ORIENTED_EDGE('',*,*,#5359,.F.);
#6899=ORIENTED_EDGE('',*,*,#5359,.T.);
#6900=ORIENTED_EDGE('',*,*,#5354,.T.);
#6901=ORIENTED_EDGE('',*,*,#5351,.T.);
#6902=ORIENTED_EDGE('',*,*,#5360,.F.);
#6903=ORIENTED_EDGE('',*,*,#5361,.F.);
#6904=ORIENTED_EDGE('',*,*,#5362,.F.);
#6905=ORIENTED_EDGE('',*,*,#5363,.T.);
#6906=ORIENTED_EDGE('',*,*,#5364,.T.);
#6907=ORIENTED_EDGE('',*,*,#5365,.T.);
#6908=ORIENTED_EDGE('',*,*,#5366,.T.);
#6909=ORIENTED_EDGE('',*,*,#5367,.T.);
#6910=ORIENTED_EDGE('',*,*,#5368,.T.);
#6911=ORIENTED_EDGE('',*,*,#5369,.T.);
#6912=ORIENTED_EDGE('',*,*,#5370,.T.);
#6913=ORIENTED_EDGE('',*,*,#5371,.T.);
#6914=ORIENTED_EDGE('',*,*,#5372,.T.);
#6915=ORIENTED_EDGE('',*,*,#5373,.T.);
#6916=ORIENTED_EDGE('',*,*,#5374,.T.);
#6917=ORIENTED_EDGE('',*,*,#5375,.T.);
#6918=ORIENTED_EDGE('',*,*,#5376,.T.);
#6919=ORIENTED_EDGE('',*,*,#5377,.T.);
#6920=ORIENTED_EDGE('',*,*,#5378,.T.);
#6921=ORIENTED_EDGE('',*,*,#5379,.T.);
#6922=ORIENTED_EDGE('',*,*,#5380,.T.);
#6923=ORIENTED_EDGE('',*,*,#5381,.T.);
#6924=ORIENTED_EDGE('',*,*,#5382,.T.);
#6925=ORIENTED_EDGE('',*,*,#5383,.T.);
#6926=ORIENTED_EDGE('',*,*,#5384,.T.);
#6927=ORIENTED_EDGE('',*,*,#5385,.T.);
#6928=ORIENTED_EDGE('',*,*,#5386,.T.);
#6929=ORIENTED_EDGE('',*,*,#5387,.T.);
#6930=ORIENTED_EDGE('',*,*,#5388,.T.);
#6931=ORIENTED_EDGE('',*,*,#5389,.T.);
#6932=ORIENTED_EDGE('',*,*,#5390,.T.);
#6933=ORIENTED_EDGE('',*,*,#5391,.T.);
#6934=ORIENTED_EDGE('',*,*,#5392,.T.);
#6935=ORIENTED_EDGE('',*,*,#5393,.T.);
#6936=ORIENTED_EDGE('',*,*,#5394,.T.);
#6937=ORIENTED_EDGE('',*,*,#5395,.T.);
#6938=ORIENTED_EDGE('',*,*,#5396,.T.);
#6939=ORIENTED_EDGE('',*,*,#5397,.T.);
#6940=ORIENTED_EDGE('',*,*,#5398,.T.);
#6941=ORIENTED_EDGE('',*,*,#5399,.T.);
#6942=ORIENTED_EDGE('',*,*,#5400,.T.);
#6943=ORIENTED_EDGE('',*,*,#5401,.T.);
#6944=ORIENTED_EDGE('',*,*,#5402,.T.);
#6945=ORIENTED_EDGE('',*,*,#5403,.T.);
#6946=ORIENTED_EDGE('',*,*,#5404,.T.);
#6947=ORIENTED_EDGE('',*,*,#5405,.T.);
#6948=ORIENTED_EDGE('',*,*,#5406,.T.);
#6949=ORIENTED_EDGE('',*,*,#5407,.T.);
#6950=ORIENTED_EDGE('',*,*,#5408,.T.);
#6951=ORIENTED_EDGE('',*,*,#5409,.T.);
#6952=ORIENTED_EDGE('',*,*,#5410,.T.);
#6953=ORIENTED_EDGE('',*,*,#5411,.F.);
#6954=ORIENTED_EDGE('',*,*,#5412,.T.);
#6955=ORIENTED_EDGE('',*,*,#5413,.T.);
#6956=ORIENTED_EDGE('',*,*,#5414,.T.);
#6957=ORIENTED_EDGE('',*,*,#5415,.T.);
#6958=ORIENTED_EDGE('',*,*,#5416,.T.);
#6959=ORIENTED_EDGE('',*,*,#5417,.T.);
#6960=ORIENTED_EDGE('',*,*,#5350,.T.);
#6961=ORIENTED_EDGE('',*,*,#5418,.F.);
#6962=ORIENTED_EDGE('',*,*,#5419,.T.);
#6963=ORIENTED_EDGE('',*,*,#5420,.F.);
#6964=ORIENTED_EDGE('',*,*,#5421,.T.);
#6965=ORIENTED_EDGE('',*,*,#5344,.T.);
#6966=ORIENTED_EDGE('',*,*,#5342,.T.);
#6967=ORIENTED_EDGE('',*,*,#5340,.T.);
#6968=ORIENTED_EDGE('',*,*,#5422,.T.);
#6969=ORIENTED_EDGE('',*,*,#5423,.F.);
#6970=ORIENTED_EDGE('',*,*,#5424,.T.);
#6971=ORIENTED_EDGE('',*,*,#5360,.T.);
#6972=ORIENTED_EDGE('',*,*,#5316,.T.);
#6973=ORIENTED_EDGE('',*,*,#5425,.T.);
#6974=ORIENTED_EDGE('',*,*,#5426,.T.);
#6975=ORIENTED_EDGE('',*,*,#5427,.F.);
#6976=ORIENTED_EDGE('',*,*,#5323,.T.);
#6977=ORIENTED_EDGE('',*,*,#5428,.T.);
#6978=ORIENTED_EDGE('',*,*,#5429,.T.);
#6979=ORIENTED_EDGE('',*,*,#5430,.T.);
#6980=ORIENTED_EDGE('',*,*,#5317,.T.);
#6981=ORIENTED_EDGE('',*,*,#5314,.T.);
#6982=ORIENTED_EDGE('',*,*,#5431,.F.);
#6983=ORIENTED_EDGE('',*,*,#5362,.T.);
#6984=ORIENTED_EDGE('',*,*,#5432,.T.);
#6985=ORIENTED_EDGE('',*,*,#5329,.T.);
#6986=ORIENTED_EDGE('',*,*,#5433,.T.);
#6987=ORIENTED_EDGE('',*,*,#5326,.T.);
#6988=ORIENTED_EDGE('',*,*,#5434,.F.);
#6989=ORIENTED_EDGE('',*,*,#5430,.F.);
#6990=ORIENTED_EDGE('',*,*,#5435,.T.);
#6991=ORIENTED_EDGE('',*,*,#5436,.T.);
#6992=ORIENTED_EDGE('',*,*,#5363,.F.);
#6993=ORIENTED_EDGE('',*,*,#5431,.T.);
#6994=ORIENTED_EDGE('',*,*,#5437,.T.);
#6995=ORIENTED_EDGE('',*,*,#5436,.F.);
#6996=ORIENTED_EDGE('',*,*,#5438,.T.);
#6997=ORIENTED_EDGE('',*,*,#5439,.T.);
#6998=ORIENTED_EDGE('',*,*,#5364,.F.);
#6999=ORIENTED_EDGE('',*,*,#5358,.T.);
#7000=ORIENTED_EDGE('',*,*,#5440,.T.);
#7001=ORIENTED_EDGE('',*,*,#5441,.T.);
#7002=ORIENTED_EDGE('',*,*,#5442,.T.);
#7003=ORIENTED_EDGE('',*,*,#5443,.T.);
#7004=ORIENTED_EDGE('',*,*,#5444,.T.);
#7005=ORIENTED_EDGE('',*,*,#5445,.T.);
#7006=ORIENTED_EDGE('',*,*,#5446,.T.);
#7007=ORIENTED_EDGE('',*,*,#5447,.T.);
#7008=ORIENTED_EDGE('',*,*,#5448,.T.);
#7009=ORIENTED_EDGE('',*,*,#5449,.T.);
#7010=ORIENTED_EDGE('',*,*,#5450,.T.);
#7011=ORIENTED_EDGE('',*,*,#5451,.T.);
#7012=ORIENTED_EDGE('',*,*,#5452,.T.);
#7013=ORIENTED_EDGE('',*,*,#5453,.T.);
#7014=ORIENTED_EDGE('',*,*,#5454,.T.);
#7015=ORIENTED_EDGE('',*,*,#5455,.T.);
#7016=ORIENTED_EDGE('',*,*,#5456,.T.);
#7017=ORIENTED_EDGE('',*,*,#5457,.T.);
#7018=ORIENTED_EDGE('',*,*,#5458,.T.);
#7019=ORIENTED_EDGE('',*,*,#5459,.T.);
#7020=ORIENTED_EDGE('',*,*,#5460,.T.);
#7021=ORIENTED_EDGE('',*,*,#5461,.T.);
#7022=ORIENTED_EDGE('',*,*,#5462,.T.);
#7023=ORIENTED_EDGE('',*,*,#5463,.T.);
#7024=ORIENTED_EDGE('',*,*,#5464,.T.);
#7025=ORIENTED_EDGE('',*,*,#5465,.T.);
#7026=ORIENTED_EDGE('',*,*,#5466,.T.);
#7027=ORIENTED_EDGE('',*,*,#5467,.T.);
#7028=ORIENTED_EDGE('',*,*,#5468,.T.);
#7029=ORIENTED_EDGE('',*,*,#5469,.T.);
#7030=ORIENTED_EDGE('',*,*,#5470,.T.);
#7031=ORIENTED_EDGE('',*,*,#5471,.T.);
#7032=ORIENTED_EDGE('',*,*,#5472,.T.);
#7033=ORIENTED_EDGE('',*,*,#5473,.T.);
#7034=ORIENTED_EDGE('',*,*,#5474,.T.);
#7035=ORIENTED_EDGE('',*,*,#5475,.T.);
#7036=ORIENTED_EDGE('',*,*,#5476,.T.);
#7037=ORIENTED_EDGE('',*,*,#5477,.T.);
#7038=ORIENTED_EDGE('',*,*,#5478,.T.);
#7039=ORIENTED_EDGE('',*,*,#5479,.T.);
#7040=ORIENTED_EDGE('',*,*,#5480,.T.);
#7041=ORIENTED_EDGE('',*,*,#5481,.T.);
#7042=ORIENTED_EDGE('',*,*,#5482,.T.);
#7043=ORIENTED_EDGE('',*,*,#5483,.T.);
#7044=ORIENTED_EDGE('',*,*,#5484,.T.);
#7045=ORIENTED_EDGE('',*,*,#5485,.T.);
#7046=ORIENTED_EDGE('',*,*,#5486,.T.);
#7047=ORIENTED_EDGE('',*,*,#5438,.F.);
#7048=ORIENTED_EDGE('',*,*,#5435,.F.);
#7049=ORIENTED_EDGE('',*,*,#5429,.F.);
#7050=ORIENTED_EDGE('',*,*,#5487,.F.);
#7051=ORIENTED_EDGE('',*,*,#5418,.T.);
#7052=ORIENTED_EDGE('',*,*,#5353,.T.);
#7053=ORIENTED_EDGE('',*,*,#5356,.T.);
#7054=ORIENTED_EDGE('',*,*,#5488,.T.);
#7055=ORIENTED_EDGE('',*,*,#5489,.T.);
#7056=ORIENTED_EDGE('',*,*,#5490,.T.);
#7057=ORIENTED_EDGE('',*,*,#5491,.T.);
#7058=ORIENTED_EDGE('',*,*,#5492,.T.);
#7059=ORIENTED_EDGE('',*,*,#5493,.T.);
#7060=ORIENTED_EDGE('',*,*,#5485,.F.);
#7061=ORIENTED_EDGE('',*,*,#5494,.F.);
#7062=ORIENTED_EDGE('',*,*,#5366,.F.);
#7063=ORIENTED_EDGE('',*,*,#5495,.F.);
#7064=ORIENTED_EDGE('',*,*,#5483,.F.);
#7065=ORIENTED_EDGE('',*,*,#5496,.F.);
#7066=ORIENTED_EDGE('',*,*,#5368,.F.);
#7067=ORIENTED_EDGE('',*,*,#5497,.T.);
#7068=ORIENTED_EDGE('',*,*,#5484,.F.);
#7069=ORIENTED_EDGE('',*,*,#5497,.F.);
#7070=ORIENTED_EDGE('',*,*,#5367,.F.);
#7071=ORIENTED_EDGE('',*,*,#5494,.T.);
#7072=ORIENTED_EDGE('',*,*,#5481,.F.);
#7073=ORIENTED_EDGE('',*,*,#5498,.F.);
#7074=ORIENTED_EDGE('',*,*,#5370,.F.);
#7075=ORIENTED_EDGE('',*,*,#5499,.F.);
#7076=ORIENTED_EDGE('',*,*,#5479,.F.);
#7077=ORIENTED_EDGE('',*,*,#5500,.F.);
#7078=ORIENTED_EDGE('',*,*,#5372,.F.);
#7079=ORIENTED_EDGE('',*,*,#5501,.T.);
#7080=ORIENTED_EDGE('',*,*,#5480,.F.);
#7081=ORIENTED_EDGE('',*,*,#5501,.F.);
#7082=ORIENTED_EDGE('',*,*,#5371,.F.);
#7083=ORIENTED_EDGE('',*,*,#5498,.T.);
#7084=ORIENTED_EDGE('',*,*,#5500,.T.);
#7085=ORIENTED_EDGE('',*,*,#5478,.F.);
#7086=ORIENTED_EDGE('',*,*,#5502,.T.);
#7087=ORIENTED_EDGE('',*,*,#5373,.F.);
#7088=ORIENTED_EDGE('',*,*,#5496,.T.);
#7089=ORIENTED_EDGE('',*,*,#5482,.F.);
#7090=ORIENTED_EDGE('',*,*,#5499,.T.);
#7091=ORIENTED_EDGE('',*,*,#5369,.F.);
#7092=ORIENTED_EDGE('',*,*,#5495,.T.);
#7093=ORIENTED_EDGE('',*,*,#5365,.F.);
#7094=ORIENTED_EDGE('',*,*,#5439,.F.);
#7095=ORIENTED_EDGE('',*,*,#5486,.F.);
#7096=ORIENTED_EDGE('',*,*,#5503,.F.);
#7097=ORIENTED_EDGE('',*,*,#5504,.T.);
#7098=ORIENTED_EDGE('',*,*,#5425,.F.);
#7099=ORIENTED_EDGE('',*,*,#5504,.F.);
#7100=ORIENTED_EDGE('',*,*,#5505,.F.);
#7101=ORIENTED_EDGE('',*,*,#5506,.T.);
#7102=ORIENTED_EDGE('',*,*,#5426,.F.);
#7103=ORIENTED_EDGE('',*,*,#5506,.F.);
#7104=ORIENTED_EDGE('',*,*,#5507,.F.);
#7105=ORIENTED_EDGE('',*,*,#5508,.T.);
#7106=ORIENTED_EDGE('',*,*,#5509,.F.);
#7107=ORIENTED_EDGE('',*,*,#5508,.F.);
#7108=ORIENTED_EDGE('',*,*,#5510,.F.);
#7109=ORIENTED_EDGE('',*,*,#5511,.T.);
#7110=ORIENTED_EDGE('',*,*,#5512,.F.);
#7111=ORIENTED_EDGE('',*,*,#5511,.F.);
#7112=ORIENTED_EDGE('',*,*,#5324,.F.);
#7113=ORIENTED_EDGE('',*,*,#5427,.T.);
#7114=ORIENTED_EDGE('',*,*,#5434,.T.);
#7115=ORIENTED_EDGE('',*,*,#5325,.F.);
#7116=ORIENTED_EDGE('',*,*,#5513,.T.);
#7117=ORIENTED_EDGE('',*,*,#5514,.T.);
#7118=ORIENTED_EDGE('',*,*,#5513,.F.);
#7119=ORIENTED_EDGE('',*,*,#5514,.F.);
#7120=ORIENTED_EDGE('',*,*,#5512,.T.);
#7121=ORIENTED_EDGE('',*,*,#5327,.F.);
#7122=ORIENTED_EDGE('',*,*,#5437,.F.);
#7123=ORIENTED_EDGE('',*,*,#5433,.F.);
#7124=ORIENTED_EDGE('',*,*,#5328,.F.);
#7125=ORIENTED_EDGE('',*,*,#5515,.T.);
#7126=ORIENTED_EDGE('',*,*,#5516,.T.);
#7127=ORIENTED_EDGE('',*,*,#5515,.F.);
#7128=ORIENTED_EDGE('',*,*,#5516,.F.);
#7129=ORIENTED_EDGE('',*,*,#5509,.T.);
#7130=ORIENTED_EDGE('',*,*,#5507,.T.);
#7131=ORIENTED_EDGE('',*,*,#5505,.T.);
#7132=ORIENTED_EDGE('',*,*,#5510,.T.);
#7133=ORIENTED_EDGE('',*,*,#5503,.T.);
#7134=ORIENTED_EDGE('',*,*,#5421,.F.);
#7135=ORIENTED_EDGE('',*,*,#5517,.F.);
#7136=ORIENTED_EDGE('',*,*,#5336,.F.);
#7137=ORIENTED_EDGE('',*,*,#5345,.T.);
#7138=ORIENTED_EDGE('',*,*,#5337,.T.);
#7139=ORIENTED_EDGE('',*,*,#5517,.T.);
#7140=ORIENTED_EDGE('',*,*,#5420,.T.);
#7141=ORIENTED_EDGE('',*,*,#5518,.T.);
#7142=ORIENTED_EDGE('',*,*,#5331,.T.);
#7143=ORIENTED_EDGE('',*,*,#5519,.T.);
#7144=ORIENTED_EDGE('',*,*,#5423,.T.);
#7145=ORIENTED_EDGE('',*,*,#5520,.T.);
#7146=ORIENTED_EDGE('',*,*,#5519,.F.);
#7147=ORIENTED_EDGE('',*,*,#5330,.F.);
#7148=ORIENTED_EDGE('',*,*,#5432,.F.);
#7149=ORIENTED_EDGE('',*,*,#5361,.T.);
#7150=ORIENTED_EDGE('',*,*,#5424,.F.);
#7151=ORIENTED_EDGE('',*,*,#5518,.F.);
#7152=ORIENTED_EDGE('',*,*,#5419,.F.);
#7153=ORIENTED_EDGE('',*,*,#5487,.T.);
#7154=ORIENTED_EDGE('',*,*,#5428,.F.);
#7155=ORIENTED_EDGE('',*,*,#5338,.F.);
#7156=ORIENTED_EDGE('',*,*,#5520,.F.);
#7157=ORIENTED_EDGE('',*,*,#5422,.F.);
#7158=ORIENTED_EDGE('',*,*,#5339,.F.);
#7159=ORIENTED_EDGE('',*,*,#5332,.F.);
#7160=ORIENTED_EDGE('',*,*,#5357,.T.);
#7161=ORIENTED_EDGE('',*,*,#5411,.T.);
#7162=ORIENTED_EDGE('',*,*,#5521,.F.);
#7163=ORIENTED_EDGE('',*,*,#5440,.F.);
#7164=ORIENTED_EDGE('',*,*,#5522,.F.);
#7165=ORIENTED_EDGE('',*,*,#5523,.T.);
#7166=ORIENTED_EDGE('',*,*,#5524,.T.);
#7167=ORIENTED_EDGE('',*,*,#5525,.F.);
#7168=ORIENTED_EDGE('',*,*,#5526,.T.);
#7169=ORIENTED_EDGE('',*,*,#5527,.F.);
#7170=ORIENTED_EDGE('',*,*,#5528,.T.);
#7171=ORIENTED_EDGE('',*,*,#5523,.F.);
#7172=ORIENTED_EDGE('',*,*,#5529,.F.);
#7173=ORIENTED_EDGE('',*,*,#5525,.T.);
#7174=ORIENTED_EDGE('',*,*,#5530,.T.);
#7175=ORIENTED_EDGE('',*,*,#5531,.F.);
#7176=ORIENTED_EDGE('',*,*,#5346,.T.);
#7177=ORIENTED_EDGE('',*,*,#5532,.F.);
#7178=ORIENTED_EDGE('',*,*,#5530,.F.);
#7179=ORIENTED_EDGE('',*,*,#5524,.F.);
#7180=ORIENTED_EDGE('',*,*,#5528,.F.);
#7181=ORIENTED_EDGE('',*,*,#5533,.F.);
#7182=ORIENTED_EDGE('',*,*,#5349,.T.);
#7183=ORIENTED_EDGE('',*,*,#5534,.T.);
#7184=ORIENTED_EDGE('',*,*,#5535,.F.);
#7185=ORIENTED_EDGE('',*,*,#5532,.T.);
#7186=ORIENTED_EDGE('',*,*,#5526,.F.);
#7187=ORIENTED_EDGE('',*,*,#5522,.T.);
#7188=ORIENTED_EDGE('',*,*,#5529,.T.);
#7189=ORIENTED_EDGE('',*,*,#5536,.F.);
#7190=ORIENTED_EDGE('',*,*,#5537,.F.);
#7191=ORIENTED_EDGE('',*,*,#5538,.F.);
#7192=ORIENTED_EDGE('',*,*,#5539,.F.);
#7193=ORIENTED_EDGE('',*,*,#5540,.F.);
#7194=ORIENTED_EDGE('',*,*,#5541,.F.);
#7195=ORIENTED_EDGE('',*,*,#5542,.F.);
#7196=ORIENTED_EDGE('',*,*,#5543,.F.);
#7197=ORIENTED_EDGE('',*,*,#5544,.F.);
#7198=ORIENTED_EDGE('',*,*,#5545,.F.);
#7199=ORIENTED_EDGE('',*,*,#5546,.F.);
#7200=ORIENTED_EDGE('',*,*,#5547,.F.);
#7201=ORIENTED_EDGE('',*,*,#5548,.F.);
#7202=ORIENTED_EDGE('',*,*,#5549,.F.);
#7203=ORIENTED_EDGE('',*,*,#5550,.F.);
#7204=ORIENTED_EDGE('',*,*,#5551,.F.);
#7205=ORIENTED_EDGE('',*,*,#5552,.F.);
#7206=ORIENTED_EDGE('',*,*,#5553,.F.);
#7207=ORIENTED_EDGE('',*,*,#5554,.F.);
#7208=ORIENTED_EDGE('',*,*,#5555,.F.);
#7209=ORIENTED_EDGE('',*,*,#5556,.F.);
#7210=ORIENTED_EDGE('',*,*,#5557,.F.);
#7211=ORIENTED_EDGE('',*,*,#5558,.F.);
#7212=ORIENTED_EDGE('',*,*,#5559,.F.);
#7213=ORIENTED_EDGE('',*,*,#5560,.F.);
#7214=ORIENTED_EDGE('',*,*,#5561,.F.);
#7215=ORIENTED_EDGE('',*,*,#5562,.T.);
#7216=ORIENTED_EDGE('',*,*,#5563,.F.);
#7217=ORIENTED_EDGE('',*,*,#5564,.T.);
#7218=ORIENTED_EDGE('',*,*,#5493,.F.);
#7219=ORIENTED_EDGE('',*,*,#5564,.F.);
#7220=ORIENTED_EDGE('',*,*,#5565,.F.);
#7221=ORIENTED_EDGE('',*,*,#5566,.T.);
#7222=ORIENTED_EDGE('',*,*,#5492,.F.);
#7223=ORIENTED_EDGE('',*,*,#5566,.F.);
#7224=ORIENTED_EDGE('',*,*,#5567,.F.);
#7225=ORIENTED_EDGE('',*,*,#5568,.T.);
#7226=ORIENTED_EDGE('',*,*,#5491,.F.);
#7227=ORIENTED_EDGE('',*,*,#5568,.F.);
#7228=ORIENTED_EDGE('',*,*,#5569,.F.);
#7229=ORIENTED_EDGE('',*,*,#5570,.T.);
#7230=ORIENTED_EDGE('',*,*,#5412,.F.);
#7231=ORIENTED_EDGE('',*,*,#5570,.F.);
#7232=ORIENTED_EDGE('',*,*,#5562,.F.);
#7233=ORIENTED_EDGE('',*,*,#5571,.T.);
#7234=ORIENTED_EDGE('',*,*,#5413,.F.);
#7235=ORIENTED_EDGE('',*,*,#5571,.F.);
#7236=ORIENTED_EDGE('',*,*,#5572,.F.);
#7237=ORIENTED_EDGE('',*,*,#5573,.T.);
#7238=ORIENTED_EDGE('',*,*,#5574,.F.);
#7239=ORIENTED_EDGE('',*,*,#5573,.F.);
#7240=ORIENTED_EDGE('',*,*,#5575,.F.);
#7241=ORIENTED_EDGE('',*,*,#5576,.T.);
#7242=ORIENTED_EDGE('',*,*,#5414,.F.);
#7243=ORIENTED_EDGE('',*,*,#5576,.F.);
#7244=ORIENTED_EDGE('',*,*,#5577,.F.);
#7245=ORIENTED_EDGE('',*,*,#5575,.T.);
#7246=ORIENTED_EDGE('',*,*,#5577,.T.);
#7247=ORIENTED_EDGE('',*,*,#5578,.T.);
#7248=ORIENTED_EDGE('',*,*,#5579,.F.);
#7249=ORIENTED_EDGE('',*,*,#5578,.F.);
#7250=ORIENTED_EDGE('',*,*,#5580,.F.);
#7251=ORIENTED_EDGE('',*,*,#5569,.T.);
#7252=ORIENTED_EDGE('',*,*,#5580,.T.);
#7253=ORIENTED_EDGE('',*,*,#5581,.T.);
#7254=ORIENTED_EDGE('',*,*,#5582,.F.);
#7255=ORIENTED_EDGE('',*,*,#5581,.F.);
#7256=ORIENTED_EDGE('',*,*,#5583,.F.);
#7257=ORIENTED_EDGE('',*,*,#5572,.T.);
#7258=ORIENTED_EDGE('',*,*,#5583,.T.);
#7259=ORIENTED_EDGE('',*,*,#5584,.T.);
#7260=ORIENTED_EDGE('',*,*,#5585,.F.);
#7261=ORIENTED_EDGE('',*,*,#5584,.F.);
#7262=ORIENTED_EDGE('',*,*,#5586,.F.);
#7263=ORIENTED_EDGE('',*,*,#5565,.T.);
#7264=ORIENTED_EDGE('',*,*,#5586,.T.);
#7265=ORIENTED_EDGE('',*,*,#5587,.T.);
#7266=ORIENTED_EDGE('',*,*,#5588,.F.);
#7267=ORIENTED_EDGE('',*,*,#5587,.F.);
#7268=ORIENTED_EDGE('',*,*,#5589,.F.);
#7269=ORIENTED_EDGE('',*,*,#5567,.T.);
#7270=ORIENTED_EDGE('',*,*,#5589,.T.);
#7271=ORIENTED_EDGE('',*,*,#5590,.T.);
#7272=ORIENTED_EDGE('',*,*,#5591,.F.);
#7273=ORIENTED_EDGE('',*,*,#5590,.F.);
#7274=ORIENTED_EDGE('',*,*,#5592,.F.);
#7275=ORIENTED_EDGE('',*,*,#5563,.T.);
#7276=ORIENTED_EDGE('',*,*,#5592,.T.);
#7277=ORIENTED_EDGE('',*,*,#5593,.T.);
#7278=ORIENTED_EDGE('',*,*,#5594,.F.);
#7279=ORIENTED_EDGE('',*,*,#5593,.F.);
#7280=ORIENTED_EDGE('',*,*,#5490,.F.);
#7281=ORIENTED_EDGE('',*,*,#5595,.T.);
#7282=ORIENTED_EDGE('',*,*,#5596,.T.);
#7283=ORIENTED_EDGE('',*,*,#5595,.F.);
#7284=ORIENTED_EDGE('',*,*,#5596,.F.);
#7285=ORIENTED_EDGE('',*,*,#5585,.T.);
#7286=ORIENTED_EDGE('',*,*,#5489,.F.);
#7287=ORIENTED_EDGE('',*,*,#5597,.T.);
#7288=ORIENTED_EDGE('',*,*,#5598,.T.);
#7289=ORIENTED_EDGE('',*,*,#5597,.F.);
#7290=ORIENTED_EDGE('',*,*,#5598,.F.);
#7291=ORIENTED_EDGE('',*,*,#5582,.T.);
#7292=ORIENTED_EDGE('',*,*,#5488,.F.);
#7293=ORIENTED_EDGE('',*,*,#5599,.T.);
#7294=ORIENTED_EDGE('',*,*,#5600,.T.);
#7295=ORIENTED_EDGE('',*,*,#5599,.F.);
#7296=ORIENTED_EDGE('',*,*,#5600,.F.);
#7297=ORIENTED_EDGE('',*,*,#5579,.T.);
#7298=ORIENTED_EDGE('',*,*,#5415,.F.);
#7299=ORIENTED_EDGE('',*,*,#5601,.T.);
#7300=ORIENTED_EDGE('',*,*,#5602,.T.);
#7301=ORIENTED_EDGE('',*,*,#5601,.F.);
#7302=ORIENTED_EDGE('',*,*,#5602,.F.);
#7303=ORIENTED_EDGE('',*,*,#5588,.T.);
#7304=ORIENTED_EDGE('',*,*,#5416,.F.);
#7305=ORIENTED_EDGE('',*,*,#5603,.T.);
#7306=ORIENTED_EDGE('',*,*,#5604,.T.);
#7307=ORIENTED_EDGE('',*,*,#5603,.F.);
#7308=ORIENTED_EDGE('',*,*,#5604,.F.);
#7309=ORIENTED_EDGE('',*,*,#5594,.T.);
#7310=ORIENTED_EDGE('',*,*,#5417,.F.);
#7311=ORIENTED_EDGE('',*,*,#5605,.T.);
#7312=ORIENTED_EDGE('',*,*,#5606,.T.);
#7313=ORIENTED_EDGE('',*,*,#5605,.F.);
#7314=ORIENTED_EDGE('',*,*,#5606,.F.);
#7315=ORIENTED_EDGE('',*,*,#5591,.T.);
#7316=ORIENTED_EDGE('',*,*,#5607,.F.);
#7317=ORIENTED_EDGE('',*,*,#5608,.F.);
#7318=ORIENTED_EDGE('',*,*,#5609,.F.);
#7319=ORIENTED_EDGE('',*,*,#5534,.F.);
#7320=ORIENTED_EDGE('',*,*,#5348,.T.);
#7321=ORIENTED_EDGE('',*,*,#5610,.F.);
#7322=ORIENTED_EDGE('',*,*,#5611,.F.);
#7323=ORIENTED_EDGE('',*,*,#5612,.F.);
#7324=ORIENTED_EDGE('',*,*,#5613,.F.);
#7325=ORIENTED_EDGE('',*,*,#5614,.F.);
#7326=ORIENTED_EDGE('',*,*,#5615,.F.);
#7327=ORIENTED_EDGE('',*,*,#5616,.F.);
#7328=ORIENTED_EDGE('',*,*,#5617,.F.);
#7329=ORIENTED_EDGE('',*,*,#5618,.F.);
#7330=ORIENTED_EDGE('',*,*,#5619,.F.);
#7331=ORIENTED_EDGE('',*,*,#5620,.F.);
#7332=ORIENTED_EDGE('',*,*,#5621,.F.);
#7333=ORIENTED_EDGE('',*,*,#5622,.F.);
#7334=ORIENTED_EDGE('',*,*,#5623,.F.);
#7335=ORIENTED_EDGE('',*,*,#5624,.F.);
#7336=ORIENTED_EDGE('',*,*,#5625,.F.);
#7337=ORIENTED_EDGE('',*,*,#5626,.F.);
#7338=ORIENTED_EDGE('',*,*,#5627,.F.);
#7339=ORIENTED_EDGE('',*,*,#5628,.F.);
#7340=ORIENTED_EDGE('',*,*,#5629,.F.);
#7341=ORIENTED_EDGE('',*,*,#5630,.F.);
#7342=ORIENTED_EDGE('',*,*,#5631,.F.);
#7343=ORIENTED_EDGE('',*,*,#5632,.F.);
#7344=ORIENTED_EDGE('',*,*,#5633,.F.);
#7345=ORIENTED_EDGE('',*,*,#5574,.T.);
#7346=ORIENTED_EDGE('',*,*,#5347,.T.);
#7347=ORIENTED_EDGE('',*,*,#5533,.T.);
#7348=ORIENTED_EDGE('',*,*,#5634,.F.);
#7349=ORIENTED_EDGE('',*,*,#5610,.T.);
#7350=ORIENTED_EDGE('',*,*,#5611,.T.);
#7351=ORIENTED_EDGE('',*,*,#5635,.F.);
#7352=ORIENTED_EDGE('',*,*,#5469,.F.);
#7353=ORIENTED_EDGE('',*,*,#5636,.T.);
#7354=ORIENTED_EDGE('',*,*,#5561,.T.);
#7355=ORIENTED_EDGE('',*,*,#5637,.T.);
#7356=ORIENTED_EDGE('',*,*,#5382,.F.);
#7357=ORIENTED_EDGE('',*,*,#5638,.F.);
#7358=ORIENTED_EDGE('',*,*,#5612,.T.);
#7359=ORIENTED_EDGE('',*,*,#5636,.F.);
#7360=ORIENTED_EDGE('',*,*,#5468,.F.);
#7361=ORIENTED_EDGE('',*,*,#5639,.T.);
#7362=ORIENTED_EDGE('',*,*,#5560,.T.);
#7363=ORIENTED_EDGE('',*,*,#5640,.T.);
#7364=ORIENTED_EDGE('',*,*,#5383,.F.);
#7365=ORIENTED_EDGE('',*,*,#5637,.F.);
#7366=ORIENTED_EDGE('',*,*,#5613,.T.);
#7367=ORIENTED_EDGE('',*,*,#5639,.F.);
#7368=ORIENTED_EDGE('',*,*,#5467,.F.);
#7369=ORIENTED_EDGE('',*,*,#5641,.T.);
#7370=ORIENTED_EDGE('',*,*,#5559,.T.);
#7371=ORIENTED_EDGE('',*,*,#5642,.T.);
#7372=ORIENTED_EDGE('',*,*,#5384,.F.);
#7373=ORIENTED_EDGE('',*,*,#5640,.F.);
#7374=ORIENTED_EDGE('',*,*,#5614,.T.);
#7375=ORIENTED_EDGE('',*,*,#5641,.F.);
#7376=ORIENTED_EDGE('',*,*,#5466,.F.);
#7377=ORIENTED_EDGE('',*,*,#5643,.T.);
#7378=ORIENTED_EDGE('',*,*,#5558,.T.);
#7379=ORIENTED_EDGE('',*,*,#5644,.T.);
#7380=ORIENTED_EDGE('',*,*,#5385,.F.);
#7381=ORIENTED_EDGE('',*,*,#5642,.F.);
#7382=ORIENTED_EDGE('',*,*,#5615,.T.);
#7383=ORIENTED_EDGE('',*,*,#5643,.F.);
#7384=ORIENTED_EDGE('',*,*,#5465,.F.);
#7385=ORIENTED_EDGE('',*,*,#5645,.T.);
#7386=ORIENTED_EDGE('',*,*,#5557,.T.);
#7387=ORIENTED_EDGE('',*,*,#5646,.T.);
#7388=ORIENTED_EDGE('',*,*,#5386,.F.);
#7389=ORIENTED_EDGE('',*,*,#5644,.F.);
#7390=ORIENTED_EDGE('',*,*,#5616,.T.);
#7391=ORIENTED_EDGE('',*,*,#5645,.F.);
#7392=ORIENTED_EDGE('',*,*,#5464,.F.);
#7393=ORIENTED_EDGE('',*,*,#5647,.T.);
#7394=ORIENTED_EDGE('',*,*,#5556,.T.);
#7395=ORIENTED_EDGE('',*,*,#5648,.T.);
#7396=ORIENTED_EDGE('',*,*,#5387,.F.);
#7397=ORIENTED_EDGE('',*,*,#5646,.F.);
#7398=ORIENTED_EDGE('',*,*,#5617,.T.);
#7399=ORIENTED_EDGE('',*,*,#5647,.F.);
#7400=ORIENTED_EDGE('',*,*,#5463,.F.);
#7401=ORIENTED_EDGE('',*,*,#5649,.T.);
#7402=ORIENTED_EDGE('',*,*,#5555,.T.);
#7403=ORIENTED_EDGE('',*,*,#5650,.T.);
#7404=ORIENTED_EDGE('',*,*,#5388,.F.);
#7405=ORIENTED_EDGE('',*,*,#5648,.F.);
#7406=ORIENTED_EDGE('',*,*,#5618,.T.);
#7407=ORIENTED_EDGE('',*,*,#5649,.F.);
#7408=ORIENTED_EDGE('',*,*,#5462,.F.);
#7409=ORIENTED_EDGE('',*,*,#5651,.T.);
#7410=ORIENTED_EDGE('',*,*,#5554,.T.);
#7411=ORIENTED_EDGE('',*,*,#5652,.T.);
#7412=ORIENTED_EDGE('',*,*,#5389,.F.);
#7413=ORIENTED_EDGE('',*,*,#5650,.F.);
#7414=ORIENTED_EDGE('',*,*,#5619,.T.);
#7415=ORIENTED_EDGE('',*,*,#5651,.F.);
#7416=ORIENTED_EDGE('',*,*,#5461,.F.);
#7417=ORIENTED_EDGE('',*,*,#5653,.T.);
#7418=ORIENTED_EDGE('',*,*,#5553,.T.);
#7419=ORIENTED_EDGE('',*,*,#5654,.T.);
#7420=ORIENTED_EDGE('',*,*,#5390,.F.);
#7421=ORIENTED_EDGE('',*,*,#5652,.F.);
#7422=ORIENTED_EDGE('',*,*,#5620,.T.);
#7423=ORIENTED_EDGE('',*,*,#5653,.F.);
#7424=ORIENTED_EDGE('',*,*,#5460,.F.);
#7425=ORIENTED_EDGE('',*,*,#5655,.T.);
#7426=ORIENTED_EDGE('',*,*,#5552,.T.);
#7427=ORIENTED_EDGE('',*,*,#5656,.T.);
#7428=ORIENTED_EDGE('',*,*,#5391,.F.);
#7429=ORIENTED_EDGE('',*,*,#5654,.F.);
#7430=ORIENTED_EDGE('',*,*,#5621,.T.);
#7431=ORIENTED_EDGE('',*,*,#5655,.F.);
#7432=ORIENTED_EDGE('',*,*,#5459,.F.);
#7433=ORIENTED_EDGE('',*,*,#5657,.T.);
#7434=ORIENTED_EDGE('',*,*,#5551,.T.);
#7435=ORIENTED_EDGE('',*,*,#5658,.T.);
#7436=ORIENTED_EDGE('',*,*,#5392,.F.);
#7437=ORIENTED_EDGE('',*,*,#5656,.F.);
#7438=ORIENTED_EDGE('',*,*,#5622,.T.);
#7439=ORIENTED_EDGE('',*,*,#5657,.F.);
#7440=ORIENTED_EDGE('',*,*,#5458,.F.);
#7441=ORIENTED_EDGE('',*,*,#5659,.T.);
#7442=ORIENTED_EDGE('',*,*,#5550,.T.);
#7443=ORIENTED_EDGE('',*,*,#5660,.T.);
#7444=ORIENTED_EDGE('',*,*,#5393,.F.);
#7445=ORIENTED_EDGE('',*,*,#5658,.F.);
#7446=ORIENTED_EDGE('',*,*,#5623,.T.);
#7447=ORIENTED_EDGE('',*,*,#5659,.F.);
#7448=ORIENTED_EDGE('',*,*,#5457,.F.);
#7449=ORIENTED_EDGE('',*,*,#5661,.T.);
#7450=ORIENTED_EDGE('',*,*,#5549,.T.);
#7451=ORIENTED_EDGE('',*,*,#5662,.T.);
#7452=ORIENTED_EDGE('',*,*,#5394,.F.);
#7453=ORIENTED_EDGE('',*,*,#5660,.F.);
#7454=ORIENTED_EDGE('',*,*,#5624,.T.);
#7455=ORIENTED_EDGE('',*,*,#5661,.F.);
#7456=ORIENTED_EDGE('',*,*,#5456,.F.);
#7457=ORIENTED_EDGE('',*,*,#5663,.T.);
#7458=ORIENTED_EDGE('',*,*,#5548,.T.);
#7459=ORIENTED_EDGE('',*,*,#5664,.T.);
#7460=ORIENTED_EDGE('',*,*,#5395,.F.);
#7461=ORIENTED_EDGE('',*,*,#5662,.F.);
#7462=ORIENTED_EDGE('',*,*,#5625,.T.);
#7463=ORIENTED_EDGE('',*,*,#5663,.F.);
#7464=ORIENTED_EDGE('',*,*,#5455,.F.);
#7465=ORIENTED_EDGE('',*,*,#5665,.T.);
#7466=ORIENTED_EDGE('',*,*,#5547,.T.);
#7467=ORIENTED_EDGE('',*,*,#5666,.T.);
#7468=ORIENTED_EDGE('',*,*,#5396,.F.);
#7469=ORIENTED_EDGE('',*,*,#5664,.F.);
#7470=ORIENTED_EDGE('',*,*,#5626,.T.);
#7471=ORIENTED_EDGE('',*,*,#5665,.F.);
#7472=ORIENTED_EDGE('',*,*,#5454,.F.);
#7473=ORIENTED_EDGE('',*,*,#5667,.T.);
#7474=ORIENTED_EDGE('',*,*,#5546,.T.);
#7475=ORIENTED_EDGE('',*,*,#5668,.T.);
#7476=ORIENTED_EDGE('',*,*,#5397,.F.);
#7477=ORIENTED_EDGE('',*,*,#5666,.F.);
#7478=ORIENTED_EDGE('',*,*,#5627,.T.);
#7479=ORIENTED_EDGE('',*,*,#5667,.F.);
#7480=ORIENTED_EDGE('',*,*,#5453,.F.);
#7481=ORIENTED_EDGE('',*,*,#5669,.T.);
#7482=ORIENTED_EDGE('',*,*,#5545,.T.);
#7483=ORIENTED_EDGE('',*,*,#5670,.T.);
#7484=ORIENTED_EDGE('',*,*,#5398,.F.);
#7485=ORIENTED_EDGE('',*,*,#5668,.F.);
#7486=ORIENTED_EDGE('',*,*,#5628,.T.);
#7487=ORIENTED_EDGE('',*,*,#5669,.F.);
#7488=ORIENTED_EDGE('',*,*,#5452,.F.);
#7489=ORIENTED_EDGE('',*,*,#5671,.T.);
#7490=ORIENTED_EDGE('',*,*,#5544,.T.);
#7491=ORIENTED_EDGE('',*,*,#5672,.T.);
#7492=ORIENTED_EDGE('',*,*,#5399,.F.);
#7493=ORIENTED_EDGE('',*,*,#5670,.F.);
#7494=ORIENTED_EDGE('',*,*,#5629,.T.);
#7495=ORIENTED_EDGE('',*,*,#5671,.F.);
#7496=ORIENTED_EDGE('',*,*,#5451,.F.);
#7497=ORIENTED_EDGE('',*,*,#5673,.T.);
#7498=ORIENTED_EDGE('',*,*,#5543,.T.);
#7499=ORIENTED_EDGE('',*,*,#5674,.T.);
#7500=ORIENTED_EDGE('',*,*,#5400,.F.);
#7501=ORIENTED_EDGE('',*,*,#5672,.F.);
#7502=ORIENTED_EDGE('',*,*,#5630,.T.);
#7503=ORIENTED_EDGE('',*,*,#5673,.F.);
#7504=ORIENTED_EDGE('',*,*,#5450,.F.);
#7505=ORIENTED_EDGE('',*,*,#5675,.T.);
#7506=ORIENTED_EDGE('',*,*,#5542,.T.);
#7507=ORIENTED_EDGE('',*,*,#5676,.T.);
#7508=ORIENTED_EDGE('',*,*,#5401,.F.);
#7509=ORIENTED_EDGE('',*,*,#5674,.F.);
#7510=ORIENTED_EDGE('',*,*,#5631,.T.);
#7511=ORIENTED_EDGE('',*,*,#5675,.F.);
#7512=ORIENTED_EDGE('',*,*,#5449,.F.);
#7513=ORIENTED_EDGE('',*,*,#5677,.T.);
#7514=ORIENTED_EDGE('',*,*,#5541,.T.);
#7515=ORIENTED_EDGE('',*,*,#5678,.T.);
#7516=ORIENTED_EDGE('',*,*,#5402,.F.);
#7517=ORIENTED_EDGE('',*,*,#5676,.F.);
#7518=ORIENTED_EDGE('',*,*,#5632,.T.);
#7519=ORIENTED_EDGE('',*,*,#5677,.F.);
#7520=ORIENTED_EDGE('',*,*,#5448,.F.);
#7521=ORIENTED_EDGE('',*,*,#5679,.T.);
#7522=ORIENTED_EDGE('',*,*,#5540,.T.);
#7523=ORIENTED_EDGE('',*,*,#5680,.T.);
#7524=ORIENTED_EDGE('',*,*,#5403,.F.);
#7525=ORIENTED_EDGE('',*,*,#5678,.F.);
#7526=ORIENTED_EDGE('',*,*,#5633,.T.);
#7527=ORIENTED_EDGE('',*,*,#5679,.F.);
#7528=ORIENTED_EDGE('',*,*,#5447,.F.);
#7529=ORIENTED_EDGE('',*,*,#5681,.T.);
#7530=ORIENTED_EDGE('',*,*,#5539,.T.);
#7531=ORIENTED_EDGE('',*,*,#5682,.T.);
#7532=ORIENTED_EDGE('',*,*,#5404,.F.);
#7533=ORIENTED_EDGE('',*,*,#5680,.F.);
#7534=ORIENTED_EDGE('',*,*,#5607,.T.);
#7535=ORIENTED_EDGE('',*,*,#5681,.F.);
#7536=ORIENTED_EDGE('',*,*,#5446,.F.);
#7537=ORIENTED_EDGE('',*,*,#5683,.T.);
#7538=ORIENTED_EDGE('',*,*,#5538,.T.);
#7539=ORIENTED_EDGE('',*,*,#5684,.T.);
#7540=ORIENTED_EDGE('',*,*,#5405,.F.);
#7541=ORIENTED_EDGE('',*,*,#5682,.F.);
#7542=ORIENTED_EDGE('',*,*,#5608,.T.);
#7543=ORIENTED_EDGE('',*,*,#5683,.F.);
#7544=ORIENTED_EDGE('',*,*,#5445,.F.);
#7545=ORIENTED_EDGE('',*,*,#5685,.T.);
#7546=ORIENTED_EDGE('',*,*,#5537,.T.);
#7547=ORIENTED_EDGE('',*,*,#5686,.T.);
#7548=ORIENTED_EDGE('',*,*,#5406,.F.);
#7549=ORIENTED_EDGE('',*,*,#5684,.F.);
#7550=ORIENTED_EDGE('',*,*,#5536,.T.);
#7551=ORIENTED_EDGE('',*,*,#5531,.T.);
#7552=ORIENTED_EDGE('',*,*,#5535,.T.);
#7553=ORIENTED_EDGE('',*,*,#5609,.T.);
#7554=ORIENTED_EDGE('',*,*,#5685,.F.);
#7555=ORIENTED_EDGE('',*,*,#5444,.F.);
#7556=ORIENTED_EDGE('',*,*,#5687,.T.);
#7557=ORIENTED_EDGE('',*,*,#5407,.F.);
#7558=ORIENTED_EDGE('',*,*,#5686,.F.);
#7559=ORIENTED_EDGE('',*,*,#5688,.F.);
#7560=ORIENTED_EDGE('',*,*,#5409,.F.);
#7561=ORIENTED_EDGE('',*,*,#5689,.F.);
#7562=ORIENTED_EDGE('',*,*,#5442,.F.);
#7563=ORIENTED_EDGE('',*,*,#5689,.T.);
#7564=ORIENTED_EDGE('',*,*,#5408,.F.);
#7565=ORIENTED_EDGE('',*,*,#5687,.F.);
#7566=ORIENTED_EDGE('',*,*,#5443,.F.);
#7567=ORIENTED_EDGE('',*,*,#5635,.T.);
#7568=ORIENTED_EDGE('',*,*,#5634,.T.);
#7569=ORIENTED_EDGE('',*,*,#5527,.T.);
#7570=ORIENTED_EDGE('',*,*,#5638,.T.);
#7571=ORIENTED_EDGE('',*,*,#5381,.F.);
#7572=ORIENTED_EDGE('',*,*,#5690,.F.);
#7573=ORIENTED_EDGE('',*,*,#5470,.F.);
#7574=ORIENTED_EDGE('',*,*,#5690,.T.);
#7575=ORIENTED_EDGE('',*,*,#5380,.F.);
#7576=ORIENTED_EDGE('',*,*,#5691,.F.);
#7577=ORIENTED_EDGE('',*,*,#5471,.F.);
#7578=ORIENTED_EDGE('',*,*,#5691,.T.);
#7579=ORIENTED_EDGE('',*,*,#5379,.F.);
#7580=ORIENTED_EDGE('',*,*,#5692,.F.);
#7581=ORIENTED_EDGE('',*,*,#5472,.F.);
#7582=ORIENTED_EDGE('',*,*,#5692,.T.);
#7583=ORIENTED_EDGE('',*,*,#5378,.F.);
#7584=ORIENTED_EDGE('',*,*,#5693,.F.);
#7585=ORIENTED_EDGE('',*,*,#5473,.F.);
#7586=ORIENTED_EDGE('',*,*,#5693,.T.);
#7587=ORIENTED_EDGE('',*,*,#5377,.F.);
#7588=ORIENTED_EDGE('',*,*,#5694,.F.);
#7589=ORIENTED_EDGE('',*,*,#5474,.F.);
#7590=ORIENTED_EDGE('',*,*,#5694,.T.);
#7591=ORIENTED_EDGE('',*,*,#5376,.F.);
#7592=ORIENTED_EDGE('',*,*,#5695,.F.);
#7593=ORIENTED_EDGE('',*,*,#5475,.F.);
#7594=ORIENTED_EDGE('',*,*,#5695,.T.);
#7595=ORIENTED_EDGE('',*,*,#5375,.F.);
#7596=ORIENTED_EDGE('',*,*,#5696,.F.);
#7597=ORIENTED_EDGE('',*,*,#5476,.F.);
#7598=ORIENTED_EDGE('',*,*,#5696,.T.);
#7599=ORIENTED_EDGE('',*,*,#5374,.F.);
#7600=ORIENTED_EDGE('',*,*,#5502,.F.);
#7601=ORIENTED_EDGE('',*,*,#5477,.F.);
#7602=ORIENTED_EDGE('',*,*,#5521,.T.);
#7603=ORIENTED_EDGE('',*,*,#5410,.F.);
#7604=ORIENTED_EDGE('',*,*,#5688,.T.);
#7605=ORIENTED_EDGE('',*,*,#5441,.F.);
#7606=ORIENTED_EDGE('',*,*,#5697,.F.);
#7607=ORIENTED_EDGE('',*,*,#5698,.T.);
#7608=ORIENTED_EDGE('',*,*,#5699,.T.);
#7609=ORIENTED_EDGE('',*,*,#5700,.T.);
#7610=ORIENTED_EDGE('',*,*,#5697,.T.);
#7611=ORIENTED_EDGE('',*,*,#5701,.F.);
#7612=ORIENTED_EDGE('',*,*,#5702,.T.);
#7613=ORIENTED_EDGE('',*,*,#5703,.F.);
#7614=ORIENTED_EDGE('',*,*,#5704,.T.);
#7615=ORIENTED_EDGE('',*,*,#5705,.F.);
#7616=ORIENTED_EDGE('',*,*,#5706,.T.);
#7617=ORIENTED_EDGE('',*,*,#5707,.F.);
#7618=ORIENTED_EDGE('',*,*,#5700,.F.);
#7619=ORIENTED_EDGE('',*,*,#5708,.F.);
#7620=ORIENTED_EDGE('',*,*,#5709,.F.);
#7621=ORIENTED_EDGE('',*,*,#5701,.T.);
#7622=ORIENTED_EDGE('',*,*,#5702,.F.);
#7623=ORIENTED_EDGE('',*,*,#5709,.T.);
#7624=ORIENTED_EDGE('',*,*,#5710,.T.);
#7625=ORIENTED_EDGE('',*,*,#5711,.T.);
#7626=ORIENTED_EDGE('',*,*,#5704,.F.);
#7627=ORIENTED_EDGE('',*,*,#5712,.T.);
#7628=ORIENTED_EDGE('',*,*,#5713,.T.);
#7629=ORIENTED_EDGE('',*,*,#5714,.T.);
#7630=ORIENTED_EDGE('',*,*,#5714,.F.);
#7631=ORIENTED_EDGE('',*,*,#5715,.F.);
#7632=ORIENTED_EDGE('',*,*,#5716,.F.);
#7633=ORIENTED_EDGE('',*,*,#5705,.T.);
#7634=ORIENTED_EDGE('',*,*,#5706,.F.);
#7635=ORIENTED_EDGE('',*,*,#5716,.T.);
#7636=ORIENTED_EDGE('',*,*,#5717,.T.);
#7637=ORIENTED_EDGE('',*,*,#5718,.T.);
#7638=ORIENTED_EDGE('',*,*,#5698,.F.);
#7639=ORIENTED_EDGE('',*,*,#5707,.T.);
#7640=ORIENTED_EDGE('',*,*,#5718,.F.);
#7641=ORIENTED_EDGE('',*,*,#5719,.F.);
#7642=ORIENTED_EDGE('',*,*,#5711,.F.);
#7643=ORIENTED_EDGE('',*,*,#5720,.F.);
#7644=ORIENTED_EDGE('',*,*,#5712,.F.);
#7645=ORIENTED_EDGE('',*,*,#5703,.T.);
#7646=ORIENTED_EDGE('',*,*,#5721,.F.);
#7647=ORIENTED_EDGE('',*,*,#5722,.F.);
#7648=ORIENTED_EDGE('',*,*,#5723,.F.);
#7649=ORIENTED_EDGE('',*,*,#5724,.T.);
#7650=ORIENTED_EDGE('',*,*,#5725,.F.);
#7651=ORIENTED_EDGE('',*,*,#5726,.F.);
#7652=ORIENTED_EDGE('',*,*,#5727,.F.);
#7653=ORIENTED_EDGE('',*,*,#5728,.F.);
#7654=ORIENTED_EDGE('',*,*,#5729,.F.);
#7655=ORIENTED_EDGE('',*,*,#5730,.T.);
#7656=ORIENTED_EDGE('',*,*,#5721,.T.);
#7657=ORIENTED_EDGE('',*,*,#5731,.T.);
#7658=ORIENTED_EDGE('',*,*,#5732,.F.);
#7659=ORIENTED_EDGE('',*,*,#5733,.T.);
#7660=ORIENTED_EDGE('',*,*,#5726,.T.);
#7661=ORIENTED_EDGE('',*,*,#5734,.F.);
#7662=ORIENTED_EDGE('',*,*,#5735,.F.);
#7663=ORIENTED_EDGE('',*,*,#5736,.F.);
#7664=ORIENTED_EDGE('',*,*,#5737,.F.);
#7665=ORIENTED_EDGE('',*,*,#5738,.T.);
#7666=ORIENTED_EDGE('',*,*,#5739,.F.);
#7667=ORIENTED_EDGE('',*,*,#5740,.T.);
#7668=ORIENTED_EDGE('',*,*,#5741,.T.);
#7669=ORIENTED_EDGE('',*,*,#5742,.T.);
#7670=ORIENTED_EDGE('',*,*,#5743,.T.);
#7671=ORIENTED_EDGE('',*,*,#5744,.T.);
#7672=ORIENTED_EDGE('',*,*,#5745,.F.);
#7673=ORIENTED_EDGE('',*,*,#5746,.F.);
#7674=ORIENTED_EDGE('',*,*,#5747,.T.);
#7675=ORIENTED_EDGE('',*,*,#5748,.T.);
#7676=ORIENTED_EDGE('',*,*,#5749,.F.);
#7677=ORIENTED_EDGE('',*,*,#5750,.T.);
#7678=ORIENTED_EDGE('',*,*,#5751,.T.);
#7679=ORIENTED_EDGE('',*,*,#5752,.F.);
#7680=ORIENTED_EDGE('',*,*,#5753,.F.);
#7681=ORIENTED_EDGE('',*,*,#5754,.F.);
#7682=ORIENTED_EDGE('',*,*,#5755,.T.);
#7683=ORIENTED_EDGE('',*,*,#5756,.T.);
#7684=ORIENTED_EDGE('',*,*,#5732,.T.);
#7685=ORIENTED_EDGE('',*,*,#5757,.T.);
#7686=ORIENTED_EDGE('',*,*,#5758,.F.);
#7687=ORIENTED_EDGE('',*,*,#5759,.T.);
#7688=ORIENTED_EDGE('',*,*,#5748,.F.);
#7689=ORIENTED_EDGE('',*,*,#5760,.F.);
#7690=ORIENTED_EDGE('',*,*,#5761,.F.);
#7691=ORIENTED_EDGE('',*,*,#5762,.F.);
#7692=ORIENTED_EDGE('',*,*,#5763,.T.);
#7693=ORIENTED_EDGE('',*,*,#5764,.F.);
#7694=ORIENTED_EDGE('',*,*,#5763,.F.);
#7695=ORIENTED_EDGE('',*,*,#5765,.F.);
#7696=ORIENTED_EDGE('',*,*,#5766,.T.);
#7697=ORIENTED_EDGE('',*,*,#5767,.F.);
#7698=ORIENTED_EDGE('',*,*,#5768,.F.);
#7699=ORIENTED_EDGE('',*,*,#5769,.T.);
#7700=ORIENTED_EDGE('',*,*,#5770,.F.);
#7701=ORIENTED_EDGE('',*,*,#5771,.F.);
#7702=ORIENTED_EDGE('',*,*,#5772,.F.);
#7703=ORIENTED_EDGE('',*,*,#5771,.T.);
#7704=ORIENTED_EDGE('',*,*,#5773,.F.);
#7705=ORIENTED_EDGE('',*,*,#5774,.F.);
#7706=ORIENTED_EDGE('',*,*,#5775,.F.);
#7707=ORIENTED_EDGE('',*,*,#5776,.T.);
#7708=ORIENTED_EDGE('',*,*,#5777,.F.);
#7709=ORIENTED_EDGE('',*,*,#5778,.F.);
#7710=ORIENTED_EDGE('',*,*,#5779,.T.);
#7711=ORIENTED_EDGE('',*,*,#5780,.F.);
#7712=ORIENTED_EDGE('',*,*,#5781,.T.);
#7713=ORIENTED_EDGE('',*,*,#5782,.T.);
#7714=ORIENTED_EDGE('',*,*,#5783,.T.);
#7715=ORIENTED_EDGE('',*,*,#5784,.T.);
#7716=ORIENTED_EDGE('',*,*,#5785,.T.);
#7717=ORIENTED_EDGE('',*,*,#5784,.F.);
#7718=ORIENTED_EDGE('',*,*,#5786,.T.);
#7719=ORIENTED_EDGE('',*,*,#5787,.T.);
#7720=ORIENTED_EDGE('',*,*,#5788,.T.);
#7721=ORIENTED_EDGE('',*,*,#5787,.F.);
#7722=ORIENTED_EDGE('',*,*,#5789,.T.);
#7723=ORIENTED_EDGE('',*,*,#5790,.T.);
#7724=ORIENTED_EDGE('',*,*,#5791,.T.);
#7725=ORIENTED_EDGE('',*,*,#5790,.F.);
#7726=ORIENTED_EDGE('',*,*,#5792,.T.);
#7727=ORIENTED_EDGE('',*,*,#5793,.T.);
#7728=ORIENTED_EDGE('',*,*,#5794,.T.);
#7729=ORIENTED_EDGE('',*,*,#5793,.F.);
#7730=ORIENTED_EDGE('',*,*,#5795,.T.);
#7731=ORIENTED_EDGE('',*,*,#5796,.T.);
#7732=ORIENTED_EDGE('',*,*,#5797,.T.);
#7733=ORIENTED_EDGE('',*,*,#5798,.F.);
#7734=ORIENTED_EDGE('',*,*,#5799,.T.);
#7735=ORIENTED_EDGE('',*,*,#5796,.F.);
#7736=ORIENTED_EDGE('',*,*,#5800,.T.);
#7737=ORIENTED_EDGE('',*,*,#5801,.T.);
#7738=ORIENTED_EDGE('',*,*,#5802,.F.);
#7739=ORIENTED_EDGE('',*,*,#5803,.F.);
#7740=ORIENTED_EDGE('',*,*,#5804,.F.);
#7741=ORIENTED_EDGE('',*,*,#5803,.T.);
#7742=ORIENTED_EDGE('',*,*,#5805,.F.);
#7743=ORIENTED_EDGE('',*,*,#5806,.F.);
#7744=ORIENTED_EDGE('',*,*,#5807,.F.);
#7745=ORIENTED_EDGE('',*,*,#5806,.T.);
#7746=ORIENTED_EDGE('',*,*,#5808,.F.);
#7747=ORIENTED_EDGE('',*,*,#5809,.F.);
#7748=ORIENTED_EDGE('',*,*,#5810,.F.);
#7749=ORIENTED_EDGE('',*,*,#5809,.T.);
#7750=ORIENTED_EDGE('',*,*,#5811,.F.);
#7751=ORIENTED_EDGE('',*,*,#5738,.F.);
#7752=ORIENTED_EDGE('',*,*,#5812,.F.);
#7753=ORIENTED_EDGE('',*,*,#5813,.T.);
#7754=ORIENTED_EDGE('',*,*,#5814,.F.);
#7755=ORIENTED_EDGE('',*,*,#5815,.F.);
#7756=ORIENTED_EDGE('',*,*,#5736,.T.);
#7757=ORIENTED_EDGE('',*,*,#5816,.T.);
#7758=ORIENTED_EDGE('',*,*,#5817,.F.);
#7759=ORIENTED_EDGE('',*,*,#5818,.F.);
#7760=ORIENTED_EDGE('',*,*,#5819,.F.);
#7761=ORIENTED_EDGE('',*,*,#5818,.T.);
#7762=ORIENTED_EDGE('',*,*,#5820,.F.);
#7763=ORIENTED_EDGE('',*,*,#5766,.F.);
#7764=ORIENTED_EDGE('',*,*,#5821,.F.);
#7765=ORIENTED_EDGE('',*,*,#5822,.F.);
#7766=ORIENTED_EDGE('',*,*,#5823,.F.);
#7767=ORIENTED_EDGE('',*,*,#5761,.T.);
#7768=ORIENTED_EDGE('',*,*,#5824,.T.);
#7769=ORIENTED_EDGE('',*,*,#5825,.F.);
#7770=ORIENTED_EDGE('',*,*,#5826,.F.);
#7771=ORIENTED_EDGE('',*,*,#5827,.F.);
#7772=ORIENTED_EDGE('',*,*,#5826,.T.);
#7773=ORIENTED_EDGE('',*,*,#5828,.F.);
#7774=ORIENTED_EDGE('',*,*,#5829,.F.);
#7775=ORIENTED_EDGE('',*,*,#5830,.F.);
#7776=ORIENTED_EDGE('',*,*,#5829,.T.);
#7777=ORIENTED_EDGE('',*,*,#5831,.F.);
#7778=ORIENTED_EDGE('',*,*,#5832,.F.);
#7779=ORIENTED_EDGE('',*,*,#5833,.F.);
#7780=ORIENTED_EDGE('',*,*,#5832,.T.);
#7781=ORIENTED_EDGE('',*,*,#5834,.F.);
#7782=ORIENTED_EDGE('',*,*,#5835,.F.);
#7783=ORIENTED_EDGE('',*,*,#5836,.F.);
#7784=ORIENTED_EDGE('',*,*,#5835,.T.);
#7785=ORIENTED_EDGE('',*,*,#5837,.F.);
#7786=ORIENTED_EDGE('',*,*,#5776,.F.);
#7787=ORIENTED_EDGE('',*,*,#5838,.F.);
#7788=ORIENTED_EDGE('',*,*,#5839,.F.);
#7789=ORIENTED_EDGE('',*,*,#5824,.F.);
#7790=ORIENTED_EDGE('',*,*,#5840,.F.);
#7791=ORIENTED_EDGE('',*,*,#5841,.T.);
#7792=ORIENTED_EDGE('',*,*,#5842,.F.);
#7793=ORIENTED_EDGE('',*,*,#5843,.F.);
#7794=ORIENTED_EDGE('',*,*,#5844,.F.);
#7795=ORIENTED_EDGE('',*,*,#5845,.T.);
#7796=ORIENTED_EDGE('',*,*,#5846,.F.);
#7797=ORIENTED_EDGE('',*,*,#5816,.F.);
#7798=ORIENTED_EDGE('',*,*,#5847,.F.);
#7799=ORIENTED_EDGE('',*,*,#5848,.T.);
#7800=ORIENTED_EDGE('',*,*,#5849,.F.);
#7801=ORIENTED_EDGE('',*,*,#5801,.F.);
#7802=ORIENTED_EDGE('',*,*,#5850,.F.);
#7803=ORIENTED_EDGE('',*,*,#5851,.T.);
#7804=ORIENTED_EDGE('',*,*,#5727,.T.);
#7805=ORIENTED_EDGE('',*,*,#5733,.F.);
#7806=ORIENTED_EDGE('',*,*,#5756,.F.);
#7807=ORIENTED_EDGE('',*,*,#5747,.F.);
#7808=ORIENTED_EDGE('',*,*,#5852,.F.);
#7809=ORIENTED_EDGE('',*,*,#5744,.F.);
#7810=ORIENTED_EDGE('',*,*,#5853,.F.);
#7811=ORIENTED_EDGE('',*,*,#5854,.F.);
#7812=ORIENTED_EDGE('',*,*,#5855,.F.);
#7813=ORIENTED_EDGE('',*,*,#5856,.T.);
#7814=ORIENTED_EDGE('',*,*,#5843,.T.);
#7815=ORIENTED_EDGE('',*,*,#5857,.F.);
#7816=ORIENTED_EDGE('',*,*,#5858,.F.);
#7817=ORIENTED_EDGE('',*,*,#5859,.F.);
#7818=ORIENTED_EDGE('',*,*,#5858,.T.);
#7819=ORIENTED_EDGE('',*,*,#5860,.F.);
#7820=ORIENTED_EDGE('',*,*,#5861,.F.);
#7821=ORIENTED_EDGE('',*,*,#5862,.F.);
#7822=ORIENTED_EDGE('',*,*,#5863,.F.);
#7823=ORIENTED_EDGE('',*,*,#5864,.F.);
#7824=ORIENTED_EDGE('',*,*,#5861,.T.);
#7825=ORIENTED_EDGE('',*,*,#5865,.F.);
#7826=ORIENTED_EDGE('',*,*,#5769,.F.);
#7827=ORIENTED_EDGE('',*,*,#5866,.F.);
#7828=ORIENTED_EDGE('',*,*,#5867,.T.);
#7829=ORIENTED_EDGE('',*,*,#5868,.T.);
#7830=ORIENTED_EDGE('',*,*,#5869,.T.);
#7831=ORIENTED_EDGE('',*,*,#5868,.F.);
#7832=ORIENTED_EDGE('',*,*,#5870,.T.);
#7833=ORIENTED_EDGE('',*,*,#5871,.T.);
#7834=ORIENTED_EDGE('',*,*,#5872,.T.);
#7835=ORIENTED_EDGE('',*,*,#5871,.F.);
#7836=ORIENTED_EDGE('',*,*,#5873,.T.);
#7837=ORIENTED_EDGE('',*,*,#5874,.T.);
#7838=ORIENTED_EDGE('',*,*,#5875,.T.);
#7839=ORIENTED_EDGE('',*,*,#5874,.F.);
#7840=ORIENTED_EDGE('',*,*,#5876,.T.);
#7841=ORIENTED_EDGE('',*,*,#5877,.T.);
#7842=ORIENTED_EDGE('',*,*,#5878,.T.);
#7843=ORIENTED_EDGE('',*,*,#5877,.F.);
#7844=ORIENTED_EDGE('',*,*,#5879,.T.);
#7845=ORIENTED_EDGE('',*,*,#5880,.T.);
#7846=ORIENTED_EDGE('',*,*,#5881,.T.);
#7847=ORIENTED_EDGE('',*,*,#5882,.F.);
#7848=ORIENTED_EDGE('',*,*,#5883,.T.);
#7849=ORIENTED_EDGE('',*,*,#5880,.F.);
#7850=ORIENTED_EDGE('',*,*,#5884,.T.);
#7851=ORIENTED_EDGE('',*,*,#5885,.F.);
#7852=ORIENTED_EDGE('',*,*,#5886,.T.);
#7853=ORIENTED_EDGE('',*,*,#5887,.T.);
#7854=ORIENTED_EDGE('',*,*,#5888,.T.);
#7855=ORIENTED_EDGE('',*,*,#5887,.F.);
#7856=ORIENTED_EDGE('',*,*,#5889,.T.);
#7857=ORIENTED_EDGE('',*,*,#5890,.T.);
#7858=ORIENTED_EDGE('',*,*,#5891,.T.);
#7859=ORIENTED_EDGE('',*,*,#5890,.F.);
#7860=ORIENTED_EDGE('',*,*,#5892,.T.);
#7861=ORIENTED_EDGE('',*,*,#5893,.T.);
#7862=ORIENTED_EDGE('',*,*,#5894,.T.);
#7863=ORIENTED_EDGE('',*,*,#5893,.F.);
#7864=ORIENTED_EDGE('',*,*,#5895,.T.);
#7865=ORIENTED_EDGE('',*,*,#5896,.T.);
#7866=ORIENTED_EDGE('',*,*,#5897,.T.);
#7867=ORIENTED_EDGE('',*,*,#5896,.F.);
#7868=ORIENTED_EDGE('',*,*,#5898,.T.);
#7869=ORIENTED_EDGE('',*,*,#5780,.T.);
#7870=ORIENTED_EDGE('',*,*,#5899,.T.);
#7871=ORIENTED_EDGE('',*,*,#5900,.F.);
#7872=ORIENTED_EDGE('',*,*,#5901,.T.);
#7873=ORIENTED_EDGE('',*,*,#5902,.T.);
#7874=ORIENTED_EDGE('',*,*,#5903,.T.);
#7875=ORIENTED_EDGE('',*,*,#5902,.F.);
#7876=ORIENTED_EDGE('',*,*,#5904,.T.);
#7877=ORIENTED_EDGE('',*,*,#5905,.T.);
#7878=ORIENTED_EDGE('',*,*,#5906,.T.);
#7879=ORIENTED_EDGE('',*,*,#5905,.F.);
#7880=ORIENTED_EDGE('',*,*,#5907,.T.);
#7881=ORIENTED_EDGE('',*,*,#5908,.T.);
#7882=ORIENTED_EDGE('',*,*,#5909,.T.);
#7883=ORIENTED_EDGE('',*,*,#5908,.F.);
#7884=ORIENTED_EDGE('',*,*,#5910,.T.);
#7885=ORIENTED_EDGE('',*,*,#5911,.T.);
#7886=ORIENTED_EDGE('',*,*,#5912,.T.);
#7887=ORIENTED_EDGE('',*,*,#5911,.F.);
#7888=ORIENTED_EDGE('',*,*,#5913,.T.);
#7889=ORIENTED_EDGE('',*,*,#5914,.T.);
#7890=ORIENTED_EDGE('',*,*,#5915,.T.);
#7891=ORIENTED_EDGE('',*,*,#5916,.F.);
#7892=ORIENTED_EDGE('',*,*,#5917,.T.);
#7893=ORIENTED_EDGE('',*,*,#5914,.F.);
#7894=ORIENTED_EDGE('',*,*,#5918,.T.);
#7895=ORIENTED_EDGE('',*,*,#5746,.T.);
#7896=ORIENTED_EDGE('',*,*,#5919,.T.);
#7897=ORIENTED_EDGE('',*,*,#5920,.F.);
#7898=ORIENTED_EDGE('',*,*,#5921,.T.);
#7899=ORIENTED_EDGE('',*,*,#5863,.T.);
#7900=ORIENTED_EDGE('',*,*,#5768,.T.);
#7901=ORIENTED_EDGE('',*,*,#5772,.T.);
#7902=ORIENTED_EDGE('',*,*,#5922,.T.);
#7903=ORIENTED_EDGE('',*,*,#5923,.F.);
#7904=ORIENTED_EDGE('',*,*,#5813,.F.);
#7905=ORIENTED_EDGE('',*,*,#5735,.T.);
#7906=ORIENTED_EDGE('',*,*,#5924,.F.);
#7907=ORIENTED_EDGE('',*,*,#5740,.F.);
#7908=ORIENTED_EDGE('',*,*,#5925,.T.);
#7909=ORIENTED_EDGE('',*,*,#5822,.T.);
#7910=ORIENTED_EDGE('',*,*,#5760,.T.);
#7911=ORIENTED_EDGE('',*,*,#5764,.T.);
#7912=ORIENTED_EDGE('',*,*,#5926,.T.);
#7913=ORIENTED_EDGE('',*,*,#5927,.F.);
#7914=ORIENTED_EDGE('',*,*,#5919,.F.);
#7915=ORIENTED_EDGE('',*,*,#5928,.T.);
#7916=ORIENTED_EDGE('',*,*,#5929,.T.);
#7917=ORIENTED_EDGE('',*,*,#5930,.T.);
#7918=ORIENTED_EDGE('',*,*,#5920,.T.);
#7919=ORIENTED_EDGE('',*,*,#5927,.T.);
#7920=ORIENTED_EDGE('',*,*,#5931,.F.);
#7921=ORIENTED_EDGE('',*,*,#5932,.T.);
#7922=ORIENTED_EDGE('',*,*,#5856,.F.);
#7923=ORIENTED_EDGE('',*,*,#5933,.F.);
#7924=ORIENTED_EDGE('',*,*,#5934,.F.);
#7925=ORIENTED_EDGE('',*,*,#5933,.T.);
#7926=ORIENTED_EDGE('',*,*,#5855,.T.);
#7927=ORIENTED_EDGE('',*,*,#5935,.F.);
#7928=ORIENTED_EDGE('',*,*,#5936,.T.);
#7929=ORIENTED_EDGE('',*,*,#5937,.F.);
#7930=ORIENTED_EDGE('',*,*,#5936,.F.);
#7931=ORIENTED_EDGE('',*,*,#5938,.F.);
#7932=ORIENTED_EDGE('',*,*,#5757,.F.);
#7933=ORIENTED_EDGE('',*,*,#5731,.F.);
#7934=ORIENTED_EDGE('',*,*,#5725,.T.);
#7935=ORIENTED_EDGE('',*,*,#5939,.T.);
#7936=ORIENTED_EDGE('',*,*,#5940,.F.);
#7937=ORIENTED_EDGE('',*,*,#5782,.F.);
#7938=ORIENTED_EDGE('',*,*,#5941,.F.);
#7939=ORIENTED_EDGE('',*,*,#5942,.T.);
#7940=ORIENTED_EDGE('',*,*,#5943,.T.);
#7941=ORIENTED_EDGE('',*,*,#5866,.T.);
#7942=ORIENTED_EDGE('',*,*,#5944,.F.);
#7943=ORIENTED_EDGE('',*,*,#5945,.F.);
#7944=ORIENTED_EDGE('',*,*,#5946,.T.);
#7945=ORIENTED_EDGE('',*,*,#5900,.T.);
#7946=ORIENTED_EDGE('',*,*,#5947,.F.);
#7947=ORIENTED_EDGE('',*,*,#5948,.F.);
#7948=ORIENTED_EDGE('',*,*,#5949,.T.);
#7949=ORIENTED_EDGE('',*,*,#5885,.T.);
#7950=ORIENTED_EDGE('',*,*,#5950,.F.);
#7951=ORIENTED_EDGE('',*,*,#5951,.F.);
#7952=ORIENTED_EDGE('',*,*,#5950,.T.);
#7953=ORIENTED_EDGE('',*,*,#5888,.F.);
#7954=ORIENTED_EDGE('',*,*,#5891,.F.);
#7955=ORIENTED_EDGE('',*,*,#5894,.F.);
#7956=ORIENTED_EDGE('',*,*,#5897,.F.);
#7957=ORIENTED_EDGE('',*,*,#5899,.F.);
#7958=ORIENTED_EDGE('',*,*,#5779,.F.);
#7959=ORIENTED_EDGE('',*,*,#5952,.F.);
#7960=ORIENTED_EDGE('',*,*,#5781,.F.);
#7961=ORIENTED_EDGE('',*,*,#5898,.F.);
#7962=ORIENTED_EDGE('',*,*,#5895,.F.);
#7963=ORIENTED_EDGE('',*,*,#5892,.F.);
#7964=ORIENTED_EDGE('',*,*,#5889,.F.);
#7965=ORIENTED_EDGE('',*,*,#5886,.F.);
#7966=ORIENTED_EDGE('',*,*,#5949,.F.);
#7967=ORIENTED_EDGE('',*,*,#5953,.F.);
#7968=ORIENTED_EDGE('',*,*,#5947,.T.);
#7969=ORIENTED_EDGE('',*,*,#5903,.F.);
#7970=ORIENTED_EDGE('',*,*,#5906,.F.);
#7971=ORIENTED_EDGE('',*,*,#5909,.F.);
#7972=ORIENTED_EDGE('',*,*,#5912,.F.);
#7973=ORIENTED_EDGE('',*,*,#5915,.F.);
#7974=ORIENTED_EDGE('',*,*,#5917,.F.);
#7975=ORIENTED_EDGE('',*,*,#5954,.F.);
#7976=ORIENTED_EDGE('',*,*,#5918,.F.);
#7977=ORIENTED_EDGE('',*,*,#5913,.F.);
#7978=ORIENTED_EDGE('',*,*,#5910,.F.);
#7979=ORIENTED_EDGE('',*,*,#5907,.F.);
#7980=ORIENTED_EDGE('',*,*,#5904,.F.);
#7981=ORIENTED_EDGE('',*,*,#5901,.F.);
#7982=ORIENTED_EDGE('',*,*,#5946,.F.);
#7983=ORIENTED_EDGE('',*,*,#5955,.F.);
#7984=ORIENTED_EDGE('',*,*,#5944,.T.);
#7985=ORIENTED_EDGE('',*,*,#5869,.F.);
#7986=ORIENTED_EDGE('',*,*,#5872,.F.);
#7987=ORIENTED_EDGE('',*,*,#5875,.F.);
#7988=ORIENTED_EDGE('',*,*,#5878,.F.);
#7989=ORIENTED_EDGE('',*,*,#5881,.F.);
#7990=ORIENTED_EDGE('',*,*,#5883,.F.);
#7991=ORIENTED_EDGE('',*,*,#5956,.F.);
#7992=ORIENTED_EDGE('',*,*,#5884,.F.);
#7993=ORIENTED_EDGE('',*,*,#5879,.F.);
#7994=ORIENTED_EDGE('',*,*,#5876,.F.);
#7995=ORIENTED_EDGE('',*,*,#5873,.F.);
#7996=ORIENTED_EDGE('',*,*,#5870,.F.);
#7997=ORIENTED_EDGE('',*,*,#5867,.F.);
#7998=ORIENTED_EDGE('',*,*,#5943,.F.);
#7999=ORIENTED_EDGE('',*,*,#5957,.F.);
#8000=ORIENTED_EDGE('',*,*,#5958,.F.);
#8001=ORIENTED_EDGE('',*,*,#5957,.T.);
#8002=ORIENTED_EDGE('',*,*,#5942,.F.);
#8003=ORIENTED_EDGE('',*,*,#5959,.F.);
#8004=ORIENTED_EDGE('',*,*,#5960,.F.);
#8005=ORIENTED_EDGE('',*,*,#5959,.T.);
#8006=ORIENTED_EDGE('',*,*,#5941,.T.);
#8007=ORIENTED_EDGE('',*,*,#5785,.F.);
#8008=ORIENTED_EDGE('',*,*,#5788,.F.);
#8009=ORIENTED_EDGE('',*,*,#5791,.F.);
#8010=ORIENTED_EDGE('',*,*,#5794,.F.);
#8011=ORIENTED_EDGE('',*,*,#5797,.F.);
#8012=ORIENTED_EDGE('',*,*,#5799,.F.);
#8013=ORIENTED_EDGE('',*,*,#5961,.F.);
#8014=ORIENTED_EDGE('',*,*,#5800,.F.);
#8015=ORIENTED_EDGE('',*,*,#5795,.F.);
#8016=ORIENTED_EDGE('',*,*,#5792,.F.);
#8017=ORIENTED_EDGE('',*,*,#5789,.F.);
#8018=ORIENTED_EDGE('',*,*,#5786,.F.);
#8019=ORIENTED_EDGE('',*,*,#5783,.F.);
#8020=ORIENTED_EDGE('',*,*,#5940,.T.);
#8021=ORIENTED_EDGE('',*,*,#5962,.F.);
#8022=ORIENTED_EDGE('',*,*,#5963,.F.);
#8023=ORIENTED_EDGE('',*,*,#5962,.T.);
#8024=ORIENTED_EDGE('',*,*,#5939,.F.);
#8025=ORIENTED_EDGE('',*,*,#5724,.F.);
#8026=ORIENTED_EDGE('',*,*,#5924,.T.);
#8027=ORIENTED_EDGE('',*,*,#5739,.T.);
#8028=ORIENTED_EDGE('',*,*,#5811,.T.);
#8029=ORIENTED_EDGE('',*,*,#5808,.T.);
#8030=ORIENTED_EDGE('',*,*,#5805,.T.);
#8031=ORIENTED_EDGE('',*,*,#5802,.T.);
#8032=ORIENTED_EDGE('',*,*,#5849,.T.);
#8033=ORIENTED_EDGE('',*,*,#5964,.F.);
#8034=ORIENTED_EDGE('',*,*,#5741,.F.);
#8035=ORIENTED_EDGE('',*,*,#5928,.F.);
#8036=ORIENTED_EDGE('',*,*,#5926,.F.);
#8037=ORIENTED_EDGE('',*,*,#5767,.T.);
#8038=ORIENTED_EDGE('',*,*,#5820,.T.);
#8039=ORIENTED_EDGE('',*,*,#5817,.T.);
#8040=ORIENTED_EDGE('',*,*,#5846,.T.);
#8041=ORIENTED_EDGE('',*,*,#5965,.F.);
#8042=ORIENTED_EDGE('',*,*,#5929,.F.);
#8043=ORIENTED_EDGE('',*,*,#5965,.T.);
#8044=ORIENTED_EDGE('',*,*,#5845,.F.);
#8045=ORIENTED_EDGE('',*,*,#5966,.F.);
#8046=ORIENTED_EDGE('',*,*,#5967,.F.);
#8047=ORIENTED_EDGE('',*,*,#5922,.F.);
#8048=ORIENTED_EDGE('',*,*,#5773,.T.);
#8049=ORIENTED_EDGE('',*,*,#5770,.T.);
#8050=ORIENTED_EDGE('',*,*,#5865,.T.);
#8051=ORIENTED_EDGE('',*,*,#5860,.T.);
#8052=ORIENTED_EDGE('',*,*,#5857,.T.);
#8053=ORIENTED_EDGE('',*,*,#5842,.T.);
#8054=ORIENTED_EDGE('',*,*,#5968,.F.);
#8055=ORIENTED_EDGE('',*,*,#5969,.F.);
#8056=ORIENTED_EDGE('',*,*,#5968,.T.);
#8057=ORIENTED_EDGE('',*,*,#5841,.F.);
#8058=ORIENTED_EDGE('',*,*,#5970,.F.);
#8059=ORIENTED_EDGE('',*,*,#5971,.F.);
#8060=ORIENTED_EDGE('',*,*,#5777,.T.);
#8061=ORIENTED_EDGE('',*,*,#5837,.T.);
#8062=ORIENTED_EDGE('',*,*,#5834,.T.);
#8063=ORIENTED_EDGE('',*,*,#5831,.T.);
#8064=ORIENTED_EDGE('',*,*,#5828,.T.);
#8065=ORIENTED_EDGE('',*,*,#5825,.T.);
#8066=ORIENTED_EDGE('',*,*,#5839,.T.);
#8067=ORIENTED_EDGE('',*,*,#5932,.F.);
#8068=ORIENTED_EDGE('',*,*,#5972,.F.);
#8069=ORIENTED_EDGE('',*,*,#5728,.T.);
#8070=ORIENTED_EDGE('',*,*,#5851,.F.);
#8071=ORIENTED_EDGE('',*,*,#5973,.F.);
#8072=ORIENTED_EDGE('',*,*,#5974,.F.);
#8073=ORIENTED_EDGE('',*,*,#5970,.T.);
#8074=ORIENTED_EDGE('',*,*,#5840,.T.);
#8075=ORIENTED_EDGE('',*,*,#5827,.T.);
#8076=ORIENTED_EDGE('',*,*,#5830,.T.);
#8077=ORIENTED_EDGE('',*,*,#5833,.T.);
#8078=ORIENTED_EDGE('',*,*,#5836,.T.);
#8079=ORIENTED_EDGE('',*,*,#5838,.T.);
#8080=ORIENTED_EDGE('',*,*,#5775,.T.);
#8081=ORIENTED_EDGE('',*,*,#5975,.F.);
#8082=ORIENTED_EDGE('',*,*,#5973,.T.);
#8083=ORIENTED_EDGE('',*,*,#5850,.T.);
#8084=ORIENTED_EDGE('',*,*,#5804,.T.);
#8085=ORIENTED_EDGE('',*,*,#5807,.T.);
#8086=ORIENTED_EDGE('',*,*,#5810,.T.);
#8087=ORIENTED_EDGE('',*,*,#5812,.T.);
#8088=ORIENTED_EDGE('',*,*,#5737,.T.);
#8089=ORIENTED_EDGE('',*,*,#5815,.T.);
#8090=ORIENTED_EDGE('',*,*,#5742,.F.);
#8091=ORIENTED_EDGE('',*,*,#5964,.T.);
#8092=ORIENTED_EDGE('',*,*,#5848,.F.);
#8093=ORIENTED_EDGE('',*,*,#5976,.F.);
#8094=ORIENTED_EDGE('',*,*,#5930,.F.);
#8095=ORIENTED_EDGE('',*,*,#5966,.T.);
#8096=ORIENTED_EDGE('',*,*,#5844,.T.);
#8097=ORIENTED_EDGE('',*,*,#5859,.T.);
#8098=ORIENTED_EDGE('',*,*,#5862,.T.);
#8099=ORIENTED_EDGE('',*,*,#5864,.T.);
#8100=ORIENTED_EDGE('',*,*,#5921,.F.);
#8101=ORIENTED_EDGE('',*,*,#5743,.F.);
#8102=ORIENTED_EDGE('',*,*,#5976,.T.);
#8103=ORIENTED_EDGE('',*,*,#5847,.T.);
#8104=ORIENTED_EDGE('',*,*,#5819,.T.);
#8105=ORIENTED_EDGE('',*,*,#5821,.T.);
#8106=ORIENTED_EDGE('',*,*,#5765,.T.);
#8107=ORIENTED_EDGE('',*,*,#5762,.T.);
#8108=ORIENTED_EDGE('',*,*,#5823,.T.);
#8109=ORIENTED_EDGE('',*,*,#5925,.F.);
#8110=ORIENTED_EDGE('',*,*,#5723,.T.);
#8111=ORIENTED_EDGE('',*,*,#5977,.T.);
#8112=ORIENTED_EDGE('',*,*,#5978,.F.);
#8113=ORIENTED_EDGE('',*,*,#5979,.T.);
#8114=ORIENTED_EDGE('',*,*,#5980,.T.);
#8115=ORIENTED_EDGE('',*,*,#5981,.F.);
#8116=ORIENTED_EDGE('',*,*,#5982,.T.);
#8117=ORIENTED_EDGE('',*,*,#5983,.F.);
#8118=ORIENTED_EDGE('',*,*,#5984,.T.);
#8119=ORIENTED_EDGE('',*,*,#5985,.T.);
#8120=ORIENTED_EDGE('',*,*,#5986,.F.);
#8121=ORIENTED_EDGE('',*,*,#5987,.T.);
#8122=ORIENTED_EDGE('',*,*,#5729,.T.);
#8123=ORIENTED_EDGE('',*,*,#5972,.T.);
#8124=ORIENTED_EDGE('',*,*,#5975,.T.);
#8125=ORIENTED_EDGE('',*,*,#5814,.T.);
#8126=ORIENTED_EDGE('',*,*,#5923,.T.);
#8127=ORIENTED_EDGE('',*,*,#5967,.T.);
#8128=ORIENTED_EDGE('',*,*,#5969,.T.);
#8129=ORIENTED_EDGE('',*,*,#5974,.T.);
#8130=ORIENTED_EDGE('',*,*,#5774,.T.);
#8131=ORIENTED_EDGE('',*,*,#5971,.T.);
#8132=ORIENTED_EDGE('',*,*,#5931,.T.);
#8133=ORIENTED_EDGE('',*,*,#5934,.T.);
#8134=ORIENTED_EDGE('',*,*,#5937,.T.);
#8135=ORIENTED_EDGE('',*,*,#5951,.T.);
#8136=ORIENTED_EDGE('',*,*,#5778,.T.);
#8137=ORIENTED_EDGE('',*,*,#5952,.T.);
#8138=ORIENTED_EDGE('',*,*,#5948,.T.);
#8139=ORIENTED_EDGE('',*,*,#5953,.T.);
#8140=ORIENTED_EDGE('',*,*,#5916,.T.);
#8141=ORIENTED_EDGE('',*,*,#5954,.T.);
#8142=ORIENTED_EDGE('',*,*,#5945,.T.);
#8143=ORIENTED_EDGE('',*,*,#5955,.T.);
#8144=ORIENTED_EDGE('',*,*,#5882,.T.);
#8145=ORIENTED_EDGE('',*,*,#5956,.T.);
#8146=ORIENTED_EDGE('',*,*,#5958,.T.);
#8147=ORIENTED_EDGE('',*,*,#5960,.T.);
#8148=ORIENTED_EDGE('',*,*,#5798,.T.);
#8149=ORIENTED_EDGE('',*,*,#5961,.T.);
#8150=ORIENTED_EDGE('',*,*,#5963,.T.);
#8151=ORIENTED_EDGE('',*,*,#5715,.T.);
#8152=ORIENTED_EDGE('',*,*,#5713,.F.);
#8153=ORIENTED_EDGE('',*,*,#5720,.T.);
#8154=ORIENTED_EDGE('',*,*,#5710,.F.);
#8155=ORIENTED_EDGE('',*,*,#5708,.T.);
#8156=ORIENTED_EDGE('',*,*,#5699,.F.);
#8157=ORIENTED_EDGE('',*,*,#5719,.T.);
#8158=ORIENTED_EDGE('',*,*,#5717,.F.);
#8159=ORIENTED_EDGE('',*,*,#5759,.F.);
#8160=ORIENTED_EDGE('',*,*,#5988,.T.);
#8161=ORIENTED_EDGE('',*,*,#5989,.T.);
#8162=ORIENTED_EDGE('',*,*,#5990,.T.);
#8163=ORIENTED_EDGE('',*,*,#5991,.T.);
#8164=ORIENTED_EDGE('',*,*,#5752,.T.);
#8165=ORIENTED_EDGE('',*,*,#5992,.F.);
#8166=ORIENTED_EDGE('',*,*,#5749,.T.);
#8167=ORIENTED_EDGE('',*,*,#5990,.F.);
#8168=ORIENTED_EDGE('',*,*,#5993,.T.);
#8169=ORIENTED_EDGE('',*,*,#5994,.F.);
#8170=ORIENTED_EDGE('',*,*,#5995,.T.);
#8171=ORIENTED_EDGE('',*,*,#5996,.F.);
#8172=ORIENTED_EDGE('',*,*,#5997,.F.);
#8173=ORIENTED_EDGE('',*,*,#5998,.F.);
#8174=ORIENTED_EDGE('',*,*,#5999,.T.);
#8175=ORIENTED_EDGE('',*,*,#6000,.F.);
#8176=ORIENTED_EDGE('',*,*,#6001,.F.);
#8177=ORIENTED_EDGE('',*,*,#6002,.F.);
#8178=ORIENTED_EDGE('',*,*,#6003,.F.);
#8179=ORIENTED_EDGE('',*,*,#5854,.T.);
#8180=ORIENTED_EDGE('',*,*,#6004,.T.);
#8181=ORIENTED_EDGE('',*,*,#6005,.F.);
#8182=ORIENTED_EDGE('',*,*,#6006,.F.);
#8183=ORIENTED_EDGE('',*,*,#6007,.F.);
#8184=ORIENTED_EDGE('',*,*,#6008,.F.);
#8185=ORIENTED_EDGE('',*,*,#5988,.F.);
#8186=ORIENTED_EDGE('',*,*,#5758,.T.);
#8187=ORIENTED_EDGE('',*,*,#5938,.T.);
#8188=ORIENTED_EDGE('',*,*,#5935,.T.);
#8189=ORIENTED_EDGE('',*,*,#6009,.T.);
#8190=ORIENTED_EDGE('',*,*,#5978,.T.);
#8191=ORIENTED_EDGE('',*,*,#5986,.T.);
#8192=ORIENTED_EDGE('',*,*,#5983,.T.);
#8193=ORIENTED_EDGE('',*,*,#6010,.T.);
#8194=ORIENTED_EDGE('',*,*,#6011,.T.);
#8195=ORIENTED_EDGE('',*,*,#6011,.F.);
#8196=ORIENTED_EDGE('',*,*,#6012,.F.);
#8197=ORIENTED_EDGE('',*,*,#6013,.F.);
#8198=ORIENTED_EDGE('',*,*,#6014,.T.);
#8199=ORIENTED_EDGE('',*,*,#6015,.F.);
#8200=ORIENTED_EDGE('',*,*,#6016,.F.);
#8201=ORIENTED_EDGE('',*,*,#6017,.F.);
#8202=ORIENTED_EDGE('',*,*,#6018,.T.);
#8203=ORIENTED_EDGE('',*,*,#6019,.F.);
#8204=ORIENTED_EDGE('',*,*,#6020,.F.);
#8205=ORIENTED_EDGE('',*,*,#6021,.F.);
#8206=ORIENTED_EDGE('',*,*,#6022,.T.);
#8207=ORIENTED_EDGE('',*,*,#6010,.F.);
#8208=ORIENTED_EDGE('',*,*,#5982,.F.);
#8209=ORIENTED_EDGE('',*,*,#6023,.F.);
#8210=ORIENTED_EDGE('',*,*,#6024,.T.);
#8211=ORIENTED_EDGE('',*,*,#6025,.F.);
#8212=ORIENTED_EDGE('',*,*,#6026,.T.);
#8213=ORIENTED_EDGE('',*,*,#6027,.T.);
#8214=ORIENTED_EDGE('',*,*,#6028,.F.);
#8215=ORIENTED_EDGE('',*,*,#5753,.T.);
#8216=ORIENTED_EDGE('',*,*,#5991,.F.);
#8217=ORIENTED_EDGE('',*,*,#6003,.T.);
#8218=ORIENTED_EDGE('',*,*,#6029,.F.);
#8219=ORIENTED_EDGE('',*,*,#6012,.T.);
#8220=ORIENTED_EDGE('',*,*,#5853,.T.);
#8221=ORIENTED_EDGE('',*,*,#5745,.T.);
#8222=ORIENTED_EDGE('',*,*,#5852,.T.);
#8223=ORIENTED_EDGE('',*,*,#5755,.F.);
#8224=ORIENTED_EDGE('',*,*,#6030,.T.);
#8225=ORIENTED_EDGE('',*,*,#6004,.F.);
#8226=ORIENTED_EDGE('',*,*,#6031,.F.);
#8227=ORIENTED_EDGE('',*,*,#6030,.F.);
#8228=ORIENTED_EDGE('',*,*,#5750,.F.);
#8229=ORIENTED_EDGE('',*,*,#5992,.T.);
#8230=ORIENTED_EDGE('',*,*,#5751,.F.);
#8231=ORIENTED_EDGE('',*,*,#6032,.T.);
#8232=ORIENTED_EDGE('',*,*,#6033,.T.);
#8233=ORIENTED_EDGE('',*,*,#6032,.F.);
#8234=ORIENTED_EDGE('',*,*,#6033,.F.);
#8235=ORIENTED_EDGE('',*,*,#6034,.F.);
#8236=ORIENTED_EDGE('',*,*,#5722,.T.);
#8237=ORIENTED_EDGE('',*,*,#5734,.T.);
#8238=ORIENTED_EDGE('',*,*,#5730,.F.);
#8239=ORIENTED_EDGE('',*,*,#5987,.F.);
#8240=ORIENTED_EDGE('',*,*,#5977,.F.);
#8241=ORIENTED_EDGE('',*,*,#6034,.T.);
#8242=ORIENTED_EDGE('',*,*,#6035,.T.);
#8243=ORIENTED_EDGE('',*,*,#5984,.F.);
#8244=ORIENTED_EDGE('',*,*,#5985,.F.);
#8245=ORIENTED_EDGE('',*,*,#6035,.F.);
#8246=ORIENTED_EDGE('',*,*,#6005,.T.);
#8247=ORIENTED_EDGE('',*,*,#6031,.T.);
#8248=ORIENTED_EDGE('',*,*,#5754,.T.);
#8249=ORIENTED_EDGE('',*,*,#6028,.T.);
#8250=ORIENTED_EDGE('',*,*,#6036,.T.);
#8251=ORIENTED_EDGE('',*,*,#6037,.T.);
#8252=ORIENTED_EDGE('',*,*,#6038,.T.);
#8253=ORIENTED_EDGE('',*,*,#6039,.T.);
#8254=ORIENTED_EDGE('',*,*,#6040,.T.);
#8255=ORIENTED_EDGE('',*,*,#6041,.T.);
#8256=ORIENTED_EDGE('',*,*,#6006,.T.);
#8257=ORIENTED_EDGE('',*,*,#6037,.F.);
#8258=ORIENTED_EDGE('',*,*,#6042,.T.);
#8259=ORIENTED_EDGE('',*,*,#6023,.T.);
#8260=ORIENTED_EDGE('',*,*,#5981,.T.);
#8261=ORIENTED_EDGE('',*,*,#6043,.T.);
#8262=ORIENTED_EDGE('',*,*,#6044,.T.);
#8263=ORIENTED_EDGE('',*,*,#6045,.T.);
#8264=ORIENTED_EDGE('',*,*,#6046,.T.);
#8265=ORIENTED_EDGE('',*,*,#6044,.F.);
#8266=ORIENTED_EDGE('',*,*,#6047,.F.);
#8267=ORIENTED_EDGE('',*,*,#6040,.F.);
#8268=ORIENTED_EDGE('',*,*,#6048,.F.);
#8269=ORIENTED_EDGE('',*,*,#6043,.F.);
#8270=ORIENTED_EDGE('',*,*,#5980,.F.);
#8271=ORIENTED_EDGE('',*,*,#6049,.F.);
#8272=ORIENTED_EDGE('',*,*,#6007,.T.);
#8273=ORIENTED_EDGE('',*,*,#6041,.F.);
#8274=ORIENTED_EDGE('',*,*,#6047,.T.);
#8275=ORIENTED_EDGE('',*,*,#6045,.F.);
#8276=ORIENTED_EDGE('',*,*,#6048,.T.);
#8277=ORIENTED_EDGE('',*,*,#6039,.F.);
#8278=ORIENTED_EDGE('',*,*,#6050,.F.);
#8279=ORIENTED_EDGE('',*,*,#6051,.T.);
#8280=ORIENTED_EDGE('',*,*,#6038,.F.);
#8281=ORIENTED_EDGE('',*,*,#6052,.F.);
#8282=ORIENTED_EDGE('',*,*,#6053,.F.);
#8283=ORIENTED_EDGE('',*,*,#6054,.F.);
#8284=ORIENTED_EDGE('',*,*,#6055,.F.);
#8285=ORIENTED_EDGE('',*,*,#6050,.T.);
#8286=ORIENTED_EDGE('',*,*,#6056,.F.);
#8287=ORIENTED_EDGE('',*,*,#6057,.T.);
#8288=ORIENTED_EDGE('',*,*,#6058,.F.);
#8289=ORIENTED_EDGE('',*,*,#6059,.F.);
#8290=ORIENTED_EDGE('',*,*,#6060,.F.);
#8291=ORIENTED_EDGE('',*,*,#6059,.T.);
#8292=ORIENTED_EDGE('',*,*,#6061,.F.);
#8293=ORIENTED_EDGE('',*,*,#6062,.F.);
#8294=ORIENTED_EDGE('',*,*,#6063,.F.);
#8295=ORIENTED_EDGE('',*,*,#6064,.F.);
#8296=ORIENTED_EDGE('',*,*,#6062,.T.);
#8297=ORIENTED_EDGE('',*,*,#6065,.F.);
#8298=ORIENTED_EDGE('',*,*,#6066,.F.);
#8299=ORIENTED_EDGE('',*,*,#6067,.F.);
#8300=ORIENTED_EDGE('',*,*,#6068,.F.);
#8301=ORIENTED_EDGE('',*,*,#6066,.T.);
#8302=ORIENTED_EDGE('',*,*,#6069,.F.);
#8303=ORIENTED_EDGE('',*,*,#6057,.F.);
#8304=ORIENTED_EDGE('',*,*,#6069,.T.);
#8305=ORIENTED_EDGE('',*,*,#6065,.T.);
#8306=ORIENTED_EDGE('',*,*,#6061,.T.);
#8307=ORIENTED_EDGE('',*,*,#6058,.T.);
#8308=ORIENTED_EDGE('',*,*,#6067,.T.);
#8309=ORIENTED_EDGE('',*,*,#6056,.T.);
#8310=ORIENTED_EDGE('',*,*,#6060,.T.);
#8311=ORIENTED_EDGE('',*,*,#6070,.T.);
#8312=ORIENTED_EDGE('',*,*,#6053,.T.);
#8313=ORIENTED_EDGE('',*,*,#6071,.F.);
#8314=ORIENTED_EDGE('',*,*,#6026,.F.);
#8315=ORIENTED_EDGE('',*,*,#6072,.T.);
#8316=ORIENTED_EDGE('',*,*,#6046,.F.);
#8317=ORIENTED_EDGE('',*,*,#6051,.F.);
#8318=ORIENTED_EDGE('',*,*,#6055,.T.);
#8319=ORIENTED_EDGE('',*,*,#6073,.F.);
#8320=ORIENTED_EDGE('',*,*,#6024,.F.);
#8321=ORIENTED_EDGE('',*,*,#6068,.T.);
#8322=ORIENTED_EDGE('',*,*,#6072,.F.);
#8323=ORIENTED_EDGE('',*,*,#6025,.T.);
#8324=ORIENTED_EDGE('',*,*,#6073,.T.);
#8325=ORIENTED_EDGE('',*,*,#6054,.T.);
#8326=ORIENTED_EDGE('',*,*,#6070,.F.);
#8327=ORIENTED_EDGE('',*,*,#6063,.T.);
#8328=ORIENTED_EDGE('',*,*,#6064,.T.);
#8329=ORIENTED_EDGE('',*,*,#6036,.F.);
#8330=ORIENTED_EDGE('',*,*,#6027,.F.);
#8331=ORIENTED_EDGE('',*,*,#6071,.T.);
#8332=ORIENTED_EDGE('',*,*,#6052,.T.);
#8333=ORIENTED_EDGE('',*,*,#6042,.F.);
#8334=ORIENTED_EDGE('',*,*,#6074,.F.);
#8335=ORIENTED_EDGE('',*,*,#6013,.T.);
#8336=ORIENTED_EDGE('',*,*,#6029,.T.);
#8337=ORIENTED_EDGE('',*,*,#6002,.T.);
#8338=ORIENTED_EDGE('',*,*,#6074,.T.);
#8339=ORIENTED_EDGE('',*,*,#6001,.T.);
#8340=ORIENTED_EDGE('',*,*,#6075,.F.);
#8341=ORIENTED_EDGE('',*,*,#6014,.F.);
#8342=ORIENTED_EDGE('',*,*,#6076,.T.);
#8343=ORIENTED_EDGE('',*,*,#6021,.T.);
#8344=ORIENTED_EDGE('',*,*,#6077,.F.);
#8345=ORIENTED_EDGE('',*,*,#5994,.T.);
#8346=ORIENTED_EDGE('',*,*,#6078,.F.);
#8347=ORIENTED_EDGE('',*,*,#6017,.T.);
#8348=ORIENTED_EDGE('',*,*,#6079,.F.);
#8349=ORIENTED_EDGE('',*,*,#5998,.T.);
#8350=ORIENTED_EDGE('',*,*,#6078,.T.);
#8351=ORIENTED_EDGE('',*,*,#5997,.T.);
#8352=ORIENTED_EDGE('',*,*,#6080,.F.);
#8353=ORIENTED_EDGE('',*,*,#6018,.F.);
#8354=ORIENTED_EDGE('',*,*,#6079,.T.);
#8355=ORIENTED_EDGE('',*,*,#6016,.T.);
#8356=ORIENTED_EDGE('',*,*,#6081,.F.);
#8357=ORIENTED_EDGE('',*,*,#5999,.F.);
#8358=ORIENTED_EDGE('',*,*,#6075,.T.);
#8359=ORIENTED_EDGE('',*,*,#6000,.T.);
#8360=ORIENTED_EDGE('',*,*,#6081,.T.);
#8361=ORIENTED_EDGE('',*,*,#6015,.T.);
#8362=ORIENTED_EDGE('',*,*,#6077,.T.);
#8363=ORIENTED_EDGE('',*,*,#6020,.T.);
#8364=ORIENTED_EDGE('',*,*,#6082,.F.);
#8365=ORIENTED_EDGE('',*,*,#5995,.F.);
#8366=ORIENTED_EDGE('',*,*,#6019,.T.);
#8367=ORIENTED_EDGE('',*,*,#6080,.T.);
#8368=ORIENTED_EDGE('',*,*,#5996,.T.);
#8369=ORIENTED_EDGE('',*,*,#6082,.T.);
#8370=ORIENTED_EDGE('',*,*,#6009,.F.);
#8371=ORIENTED_EDGE('',*,*,#6022,.F.);
#8372=ORIENTED_EDGE('',*,*,#6076,.F.);
#8373=ORIENTED_EDGE('',*,*,#5993,.F.);
#8374=ORIENTED_EDGE('',*,*,#5989,.F.);
#8375=ORIENTED_EDGE('',*,*,#6008,.T.);
#8376=ORIENTED_EDGE('',*,*,#6049,.T.);
#8377=ORIENTED_EDGE('',*,*,#5979,.F.);
#8378=ORIENTED_EDGE('',*,*,#6083,.F.);
#8379=ORIENTED_EDGE('',*,*,#6084,.T.);
#8380=ORIENTED_EDGE('',*,*,#6085,.T.);
#8381=ORIENTED_EDGE('',*,*,#6086,.T.);
#8382=ORIENTED_EDGE('',*,*,#6087,.T.);
#8383=ORIENTED_EDGE('',*,*,#6088,.T.);
#8384=ORIENTED_EDGE('',*,*,#6084,.F.);
#8385=ORIENTED_EDGE('',*,*,#6089,.T.);
#8386=ORIENTED_EDGE('',*,*,#6090,.T.);
#8387=ORIENTED_EDGE('',*,*,#6088,.F.);
#8388=ORIENTED_EDGE('',*,*,#6091,.T.);
#8389=ORIENTED_EDGE('',*,*,#6092,.T.);
#8390=ORIENTED_EDGE('',*,*,#6093,.F.);
#8391=ORIENTED_EDGE('',*,*,#6094,.F.);
#8392=ORIENTED_EDGE('',*,*,#6095,.T.);
#8393=ORIENTED_EDGE('',*,*,#6096,.T.);
#8394=ORIENTED_EDGE('',*,*,#6097,.F.);
#8395=ORIENTED_EDGE('',*,*,#6098,.T.);
#8396=ORIENTED_EDGE('',*,*,#6099,.T.);
#8397=ORIENTED_EDGE('',*,*,#6100,.F.);
#8398=ORIENTED_EDGE('',*,*,#6101,.T.);
#8399=ORIENTED_EDGE('',*,*,#6102,.T.);
#8400=ORIENTED_EDGE('',*,*,#6103,.T.);
#8401=ORIENTED_EDGE('',*,*,#6104,.T.);
#8402=ORIENTED_EDGE('',*,*,#6105,.T.);
#8403=ORIENTED_EDGE('',*,*,#6106,.T.);
#8404=ORIENTED_EDGE('',*,*,#6103,.F.);
#8405=ORIENTED_EDGE('',*,*,#6107,.F.);
#8406=ORIENTED_EDGE('',*,*,#6108,.T.);
#8407=ORIENTED_EDGE('',*,*,#6109,.T.);
#8408=ORIENTED_EDGE('',*,*,#6110,.T.);
#8409=ORIENTED_EDGE('',*,*,#6111,.F.);
#8410=ORIENTED_EDGE('',*,*,#6112,.T.);
#8411=ORIENTED_EDGE('',*,*,#6113,.T.);
#8412=ORIENTED_EDGE('',*,*,#6114,.T.);
#8413=ORIENTED_EDGE('',*,*,#6115,.F.);
#8414=ORIENTED_EDGE('',*,*,#6116,.T.);
#8415=ORIENTED_EDGE('',*,*,#6117,.T.);
#8416=ORIENTED_EDGE('',*,*,#6102,.F.);
#8417=ORIENTED_EDGE('',*,*,#6118,.T.);
#8418=ORIENTED_EDGE('',*,*,#6119,.F.);
#8419=ORIENTED_EDGE('',*,*,#6091,.F.);
#8420=ORIENTED_EDGE('',*,*,#6087,.F.);
#8421=ORIENTED_EDGE('',*,*,#6120,.T.);
#8422=ORIENTED_EDGE('',*,*,#6121,.T.);
#8423=ORIENTED_EDGE('',*,*,#6107,.T.);
#8424=ORIENTED_EDGE('',*,*,#6098,.F.);
#8425=ORIENTED_EDGE('',*,*,#6122,.T.);
#8426=ORIENTED_EDGE('',*,*,#6099,.F.);
#8427=ORIENTED_EDGE('',*,*,#6123,.T.);
#8428=ORIENTED_EDGE('',*,*,#6124,.T.);
#8429=ORIENTED_EDGE('',*,*,#6123,.F.);
#8430=ORIENTED_EDGE('',*,*,#6125,.F.);
#8431=ORIENTED_EDGE('',*,*,#6122,.F.);
#8432=ORIENTED_EDGE('',*,*,#6124,.F.);
#8433=ORIENTED_EDGE('',*,*,#6126,.F.);
#8434=ORIENTED_EDGE('',*,*,#6095,.F.);
#8435=ORIENTED_EDGE('',*,*,#6127,.T.);
#8436=ORIENTED_EDGE('',*,*,#6096,.F.);
#8437=ORIENTED_EDGE('',*,*,#6128,.T.);
#8438=ORIENTED_EDGE('',*,*,#6129,.T.);
#8439=ORIENTED_EDGE('',*,*,#6128,.F.);
#8440=ORIENTED_EDGE('',*,*,#6130,.F.);
#8441=ORIENTED_EDGE('',*,*,#6127,.F.);
#8442=ORIENTED_EDGE('',*,*,#6129,.F.);
#8443=ORIENTED_EDGE('',*,*,#6131,.F.);
#8444=ORIENTED_EDGE('',*,*,#6089,.F.);
#8445=ORIENTED_EDGE('',*,*,#6083,.T.);
#8446=ORIENTED_EDGE('',*,*,#6090,.F.);
#8447=ORIENTED_EDGE('',*,*,#6132,.T.);
#8448=ORIENTED_EDGE('',*,*,#6133,.T.);
#8449=ORIENTED_EDGE('',*,*,#6132,.F.);
#8450=ORIENTED_EDGE('',*,*,#6133,.F.);
#8451=ORIENTED_EDGE('',*,*,#6134,.F.);
#8452=ORIENTED_EDGE('',*,*,#6131,.T.);
#8453=ORIENTED_EDGE('',*,*,#6135,.T.);
#8454=ORIENTED_EDGE('',*,*,#6136,.F.);
#8455=ORIENTED_EDGE('',*,*,#6135,.F.);
#8456=ORIENTED_EDGE('',*,*,#6134,.T.);
#8457=ORIENTED_EDGE('',*,*,#6137,.T.);
#8458=ORIENTED_EDGE('',*,*,#6138,.F.);
#8459=ORIENTED_EDGE('',*,*,#6139,.F.);
#8460=ORIENTED_EDGE('',*,*,#6137,.F.);
#8461=ORIENTED_EDGE('',*,*,#6126,.T.);
#8462=ORIENTED_EDGE('',*,*,#6140,.T.);
#8463=ORIENTED_EDGE('',*,*,#6141,.F.);
#8464=ORIENTED_EDGE('',*,*,#6140,.F.);
#8465=ORIENTED_EDGE('',*,*,#6142,.T.);
#8466=ORIENTED_EDGE('',*,*,#6143,.T.);
#8467=ORIENTED_EDGE('',*,*,#6100,.T.);
#8468=ORIENTED_EDGE('',*,*,#6125,.T.);
#8469=ORIENTED_EDGE('',*,*,#6097,.T.);
#8470=ORIENTED_EDGE('',*,*,#6130,.T.);
#8471=ORIENTED_EDGE('',*,*,#6094,.T.);
#8472=ORIENTED_EDGE('',*,*,#6144,.T.);
#8473=ORIENTED_EDGE('',*,*,#6093,.T.);
#8474=ORIENTED_EDGE('',*,*,#6145,.F.);
#8475=ORIENTED_EDGE('',*,*,#6146,.F.);
#8476=ORIENTED_EDGE('',*,*,#6147,.F.);
#8477=ORIENTED_EDGE('',*,*,#6148,.T.);
#8478=ORIENTED_EDGE('',*,*,#6149,.T.);
#8479=ORIENTED_EDGE('',*,*,#6144,.F.);
#8480=ORIENTED_EDGE('',*,*,#6142,.F.);
#8481=ORIENTED_EDGE('',*,*,#6149,.F.);
#8482=ORIENTED_EDGE('',*,*,#6150,.F.);
#8483=ORIENTED_EDGE('',*,*,#6151,.F.);
#8484=ORIENTED_EDGE('',*,*,#6152,.T.);
#8485=ORIENTED_EDGE('',*,*,#6148,.F.);
#8486=ORIENTED_EDGE('',*,*,#6153,.F.);
#8487=ORIENTED_EDGE('',*,*,#6154,.T.);
#8488=ORIENTED_EDGE('',*,*,#6155,.T.);
#8489=ORIENTED_EDGE('',*,*,#6156,.T.);
#8490=ORIENTED_EDGE('',*,*,#6150,.T.);
#8491=ORIENTED_EDGE('',*,*,#6157,.T.);
#8492=ORIENTED_EDGE('',*,*,#6158,.T.);
#8493=ORIENTED_EDGE('',*,*,#6159,.T.);
#8494=ORIENTED_EDGE('',*,*,#6160,.T.);
#8495=ORIENTED_EDGE('',*,*,#6161,.T.);
#8496=ORIENTED_EDGE('',*,*,#6162,.T.);
#8497=ORIENTED_EDGE('',*,*,#6158,.F.);
#8498=ORIENTED_EDGE('',*,*,#6163,.T.);
#8499=ORIENTED_EDGE('',*,*,#6164,.T.);
#8500=ORIENTED_EDGE('',*,*,#6154,.F.);
#8501=ORIENTED_EDGE('',*,*,#6165,.F.);
#8502=ORIENTED_EDGE('',*,*,#6104,.F.);
#8503=ORIENTED_EDGE('',*,*,#6117,.F.);
#8504=ORIENTED_EDGE('',*,*,#6166,.T.);
#8505=ORIENTED_EDGE('',*,*,#6167,.F.);
#8506=ORIENTED_EDGE('',*,*,#6085,.F.);
#8507=ORIENTED_EDGE('',*,*,#6101,.F.);
#8508=ORIENTED_EDGE('',*,*,#6143,.F.);
#8509=ORIENTED_EDGE('',*,*,#6152,.F.);
#8510=ORIENTED_EDGE('',*,*,#6168,.F.);
#8511=ORIENTED_EDGE('',*,*,#6169,.T.);
#8512=ORIENTED_EDGE('',*,*,#6163,.F.);
#8513=ORIENTED_EDGE('',*,*,#6157,.F.);
#8514=ORIENTED_EDGE('',*,*,#6170,.T.);
#8515=ORIENTED_EDGE('',*,*,#6105,.F.);
#8516=ORIENTED_EDGE('',*,*,#6170,.F.);
#8517=ORIENTED_EDGE('',*,*,#6162,.F.);
#8518=ORIENTED_EDGE('',*,*,#6171,.F.);
#8519=ORIENTED_EDGE('',*,*,#6118,.F.);
#8520=ORIENTED_EDGE('',*,*,#6106,.F.);
#8521=ORIENTED_EDGE('',*,*,#6138,.T.);
#8522=ORIENTED_EDGE('',*,*,#6139,.T.);
#8523=ORIENTED_EDGE('',*,*,#6136,.T.);
#8524=ORIENTED_EDGE('',*,*,#6141,.T.);
#8525=ORIENTED_EDGE('',*,*,#6159,.F.);
#8526=ORIENTED_EDGE('',*,*,#6165,.T.);
#8527=ORIENTED_EDGE('',*,*,#6153,.T.);
#8528=ORIENTED_EDGE('',*,*,#6147,.T.);
#8529=ORIENTED_EDGE('',*,*,#6172,.T.);
#8530=ORIENTED_EDGE('',*,*,#6160,.F.);
#8531=ORIENTED_EDGE('',*,*,#6172,.F.);
#8532=ORIENTED_EDGE('',*,*,#6146,.T.);
#8533=ORIENTED_EDGE('',*,*,#6173,.T.);
#8534=ORIENTED_EDGE('',*,*,#6174,.T.);
#8535=ORIENTED_EDGE('',*,*,#6175,.T.);
#8536=ORIENTED_EDGE('',*,*,#6176,.T.);
#8537=ORIENTED_EDGE('',*,*,#6177,.F.);
#8538=ORIENTED_EDGE('',*,*,#6178,.T.);
#8539=ORIENTED_EDGE('',*,*,#6179,.T.);
#8540=ORIENTED_EDGE('',*,*,#6180,.T.);
#8541=ORIENTED_EDGE('',*,*,#6181,.T.);
#8542=ORIENTED_EDGE('',*,*,#6175,.F.);
#8543=ORIENTED_EDGE('',*,*,#6182,.T.);
#8544=ORIENTED_EDGE('',*,*,#6183,.T.);
#8545=ORIENTED_EDGE('',*,*,#6184,.T.);
#8546=ORIENTED_EDGE('',*,*,#6180,.F.);
#8547=ORIENTED_EDGE('',*,*,#6185,.T.);
#8548=ORIENTED_EDGE('',*,*,#6177,.T.);
#8549=ORIENTED_EDGE('',*,*,#6186,.T.);
#8550=ORIENTED_EDGE('',*,*,#6183,.F.);
#8551=ORIENTED_EDGE('',*,*,#6187,.T.);
#8552=ORIENTED_EDGE('',*,*,#6186,.F.);
#8553=ORIENTED_EDGE('',*,*,#6176,.F.);
#8554=ORIENTED_EDGE('',*,*,#6181,.F.);
#8555=ORIENTED_EDGE('',*,*,#6184,.F.);
#8556=ORIENTED_EDGE('',*,*,#6185,.F.);
#8557=ORIENTED_EDGE('',*,*,#6188,.F.);
#8558=ORIENTED_EDGE('',*,*,#6168,.T.);
#8559=ORIENTED_EDGE('',*,*,#6151,.T.);
#8560=ORIENTED_EDGE('',*,*,#6156,.F.);
#8561=ORIENTED_EDGE('',*,*,#6189,.F.);
#8562=ORIENTED_EDGE('',*,*,#6178,.F.);
#8563=ORIENTED_EDGE('',*,*,#6174,.F.);
#8564=ORIENTED_EDGE('',*,*,#6187,.F.);
#8565=ORIENTED_EDGE('',*,*,#6182,.F.);
#8566=ORIENTED_EDGE('',*,*,#6179,.F.);
#8567=ORIENTED_EDGE('',*,*,#6189,.T.);
#8568=ORIENTED_EDGE('',*,*,#6155,.F.);
#8569=ORIENTED_EDGE('',*,*,#6164,.F.);
#8570=ORIENTED_EDGE('',*,*,#6169,.F.);
#8571=ORIENTED_EDGE('',*,*,#6188,.T.);
#8572=ORIENTED_EDGE('',*,*,#6190,.T.);
#8573=ORIENTED_EDGE('',*,*,#6191,.F.);
#8574=ORIENTED_EDGE('',*,*,#6166,.F.);
#8575=ORIENTED_EDGE('',*,*,#6116,.F.);
#8576=ORIENTED_EDGE('',*,*,#6190,.F.);
#8577=ORIENTED_EDGE('',*,*,#6115,.T.);
#8578=ORIENTED_EDGE('',*,*,#6192,.T.);
#8579=ORIENTED_EDGE('',*,*,#6193,.F.);
#8580=ORIENTED_EDGE('',*,*,#6121,.F.);
#8581=ORIENTED_EDGE('',*,*,#6194,.F.);
#8582=ORIENTED_EDGE('',*,*,#6195,.T.);
#8583=ORIENTED_EDGE('',*,*,#6108,.F.);
#8584=ORIENTED_EDGE('',*,*,#6196,.T.);
#8585=ORIENTED_EDGE('',*,*,#6197,.F.);
#8586=ORIENTED_EDGE('',*,*,#6198,.T.);
#8587=ORIENTED_EDGE('',*,*,#6112,.F.);
#8588=ORIENTED_EDGE('',*,*,#6196,.F.);
#8589=ORIENTED_EDGE('',*,*,#6111,.T.);
#8590=ORIENTED_EDGE('',*,*,#6199,.T.);
#8591=ORIENTED_EDGE('',*,*,#6200,.F.);
#8592=ORIENTED_EDGE('',*,*,#6198,.F.);
#8593=ORIENTED_EDGE('',*,*,#6201,.T.);
#8594=ORIENTED_EDGE('',*,*,#6202,.T.);
#8595=ORIENTED_EDGE('',*,*,#6113,.F.);
#8596=ORIENTED_EDGE('',*,*,#6192,.F.);
#8597=ORIENTED_EDGE('',*,*,#6114,.F.);
#8598=ORIENTED_EDGE('',*,*,#6202,.F.);
#8599=ORIENTED_EDGE('',*,*,#6203,.F.);
#8600=ORIENTED_EDGE('',*,*,#6195,.F.);
#8601=ORIENTED_EDGE('',*,*,#6204,.T.);
#8602=ORIENTED_EDGE('',*,*,#6205,.T.);
#8603=ORIENTED_EDGE('',*,*,#6109,.F.);
#8604=ORIENTED_EDGE('',*,*,#6086,.F.);
#8605=ORIENTED_EDGE('',*,*,#6167,.T.);
#8606=ORIENTED_EDGE('',*,*,#6191,.T.);
#8607=ORIENTED_EDGE('',*,*,#6193,.T.);
#8608=ORIENTED_EDGE('',*,*,#6203,.T.);
#8609=ORIENTED_EDGE('',*,*,#6201,.F.);
#8610=ORIENTED_EDGE('',*,*,#6197,.T.);
#8611=ORIENTED_EDGE('',*,*,#6200,.T.);
#8612=ORIENTED_EDGE('',*,*,#6206,.T.);
#8613=ORIENTED_EDGE('',*,*,#6204,.F.);
#8614=ORIENTED_EDGE('',*,*,#6194,.T.);
#8615=ORIENTED_EDGE('',*,*,#6120,.F.);
#8616=ORIENTED_EDGE('',*,*,#6110,.F.);
#8617=ORIENTED_EDGE('',*,*,#6205,.F.);
#8618=ORIENTED_EDGE('',*,*,#6206,.F.);
#8619=ORIENTED_EDGE('',*,*,#6199,.F.);
#8620=ORIENTED_EDGE('',*,*,#6161,.F.);
#8621=ORIENTED_EDGE('',*,*,#6173,.F.);
#8622=ORIENTED_EDGE('',*,*,#6145,.T.);
#8623=ORIENTED_EDGE('',*,*,#6092,.F.);
#8624=ORIENTED_EDGE('',*,*,#6119,.T.);
#8625=ORIENTED_EDGE('',*,*,#6171,.T.);
#8626=ORIENTED_EDGE('',*,*,#6207,.T.);
#8627=ORIENTED_EDGE('',*,*,#6208,.T.);
#8628=ORIENTED_EDGE('',*,*,#6209,.T.);
#8629=ORIENTED_EDGE('',*,*,#6210,.T.);
#8630=ORIENTED_EDGE('',*,*,#6210,.F.);
#8631=ORIENTED_EDGE('',*,*,#6211,.F.);
#8632=ORIENTED_EDGE('',*,*,#6212,.F.);
#8633=ORIENTED_EDGE('',*,*,#6213,.T.);
#8634=ORIENTED_EDGE('',*,*,#6209,.F.);
#8635=ORIENTED_EDGE('',*,*,#6214,.T.);
#8636=ORIENTED_EDGE('',*,*,#6215,.F.);
#8637=ORIENTED_EDGE('',*,*,#6216,.T.);
#8638=ORIENTED_EDGE('',*,*,#6217,.F.);
#8639=ORIENTED_EDGE('',*,*,#6211,.T.);
#8640=ORIENTED_EDGE('',*,*,#6215,.T.);
#8641=ORIENTED_EDGE('',*,*,#6218,.T.);
#8642=ORIENTED_EDGE('',*,*,#6219,.T.);
#8643=ORIENTED_EDGE('',*,*,#6220,.T.);
#8644=ORIENTED_EDGE('',*,*,#6220,.F.);
#8645=ORIENTED_EDGE('',*,*,#6221,.F.);
#8646=ORIENTED_EDGE('',*,*,#6222,.F.);
#8647=ORIENTED_EDGE('',*,*,#6216,.F.);
#8648=ORIENTED_EDGE('',*,*,#6207,.F.);
#8649=ORIENTED_EDGE('',*,*,#6213,.F.);
#8650=ORIENTED_EDGE('',*,*,#6223,.T.);
#8651=ORIENTED_EDGE('',*,*,#6221,.T.);
#8652=ORIENTED_EDGE('',*,*,#6219,.F.);
#8653=ORIENTED_EDGE('',*,*,#6224,.F.);
#8654=ORIENTED_EDGE('',*,*,#6222,.T.);
#8655=ORIENTED_EDGE('',*,*,#6223,.F.);
#8656=ORIENTED_EDGE('',*,*,#6212,.T.);
#8657=ORIENTED_EDGE('',*,*,#6217,.T.);
#8658=ORIENTED_EDGE('',*,*,#6208,.F.);
#8659=ORIENTED_EDGE('',*,*,#6224,.T.);
#8660=ORIENTED_EDGE('',*,*,#6218,.F.);
#8661=ORIENTED_EDGE('',*,*,#6214,.F.);
#8662=ORIENTED_EDGE('',*,*,#6225,.F.);
#8663=ORIENTED_EDGE('',*,*,#6226,.T.);
#8664=ORIENTED_EDGE('',*,*,#6227,.T.);
#8665=ORIENTED_EDGE('',*,*,#6226,.F.);
#8666=ORIENTED_EDGE('',*,*,#6227,.F.);
#8667=ORIENTED_EDGE('',*,*,#6228,.T.);
#8668=ORIENTED_EDGE('',*,*,#6229,.T.);
#8669=ORIENTED_EDGE('',*,*,#6230,.T.);
#8670=ORIENTED_EDGE('',*,*,#6231,.F.);
#8671=ORIENTED_EDGE('',*,*,#6232,.T.);
#8672=ORIENTED_EDGE('',*,*,#6233,.T.);
#8673=ORIENTED_EDGE('',*,*,#6234,.T.);
#8674=ORIENTED_EDGE('',*,*,#6229,.F.);
#8675=ORIENTED_EDGE('',*,*,#6235,.T.);
#8676=ORIENTED_EDGE('',*,*,#6236,.T.);
#8677=ORIENTED_EDGE('',*,*,#6237,.T.);
#8678=ORIENTED_EDGE('',*,*,#6233,.F.);
#8679=ORIENTED_EDGE('',*,*,#6238,.T.);
#8680=ORIENTED_EDGE('',*,*,#6236,.F.);
#8681=ORIENTED_EDGE('',*,*,#6239,.T.);
#8682=ORIENTED_EDGE('',*,*,#6231,.T.);
#8683=ORIENTED_EDGE('',*,*,#6238,.F.);
#8684=ORIENTED_EDGE('',*,*,#6240,.F.);
#8685=ORIENTED_EDGE('',*,*,#6241,.F.);
#8686=ORIENTED_EDGE('',*,*,#6242,.T.);
#8687=ORIENTED_EDGE('',*,*,#6230,.F.);
#8688=ORIENTED_EDGE('',*,*,#6243,.F.);
#8689=ORIENTED_EDGE('',*,*,#6244,.F.);
#8690=ORIENTED_EDGE('',*,*,#6240,.T.);
#8691=ORIENTED_EDGE('',*,*,#6228,.F.);
#8692=ORIENTED_EDGE('',*,*,#6239,.F.);
#8693=ORIENTED_EDGE('',*,*,#6235,.F.);
#8694=ORIENTED_EDGE('',*,*,#6232,.F.);
#8695=ORIENTED_EDGE('',*,*,#6225,.T.);
#8696=ORIENTED_EDGE('',*,*,#6245,.T.);
#8697=ORIENTED_EDGE('',*,*,#6246,.T.);
#8698=ORIENTED_EDGE('',*,*,#6247,.T.);
#8699=ORIENTED_EDGE('',*,*,#6248,.T.);
#8700=ORIENTED_EDGE('',*,*,#6249,.T.);
#8701=ORIENTED_EDGE('',*,*,#6246,.F.);
#8702=ORIENTED_EDGE('',*,*,#6241,.T.);
#8703=ORIENTED_EDGE('',*,*,#6250,.F.);
#8704=ORIENTED_EDGE('',*,*,#6251,.T.);
#8705=ORIENTED_EDGE('',*,*,#6248,.F.);
#8706=ORIENTED_EDGE('',*,*,#6252,.T.);
#8707=ORIENTED_EDGE('',*,*,#6253,.T.);
#8708=ORIENTED_EDGE('',*,*,#6244,.T.);
#8709=ORIENTED_EDGE('',*,*,#6253,.F.);
#8710=ORIENTED_EDGE('',*,*,#6254,.T.);
#8711=ORIENTED_EDGE('',*,*,#6250,.T.);
#8712=ORIENTED_EDGE('',*,*,#6237,.F.);
#8713=ORIENTED_EDGE('',*,*,#6242,.F.);
#8714=ORIENTED_EDGE('',*,*,#6245,.F.);
#8715=ORIENTED_EDGE('',*,*,#6255,.T.);
#8716=ORIENTED_EDGE('',*,*,#6247,.F.);
#8717=ORIENTED_EDGE('',*,*,#6249,.F.);
#8718=ORIENTED_EDGE('',*,*,#6254,.F.);
#8719=ORIENTED_EDGE('',*,*,#6252,.F.);
#8720=ORIENTED_EDGE('',*,*,#6234,.F.);
#8721=ORIENTED_EDGE('',*,*,#6255,.F.);
#8722=ORIENTED_EDGE('',*,*,#6251,.F.);
#8723=ORIENTED_EDGE('',*,*,#6243,.T.);
#8724=ORIENTED_EDGE('',*,*,#6256,.T.);
#8725=ORIENTED_EDGE('',*,*,#6257,.T.);
#8726=ORIENTED_EDGE('',*,*,#6258,.T.);
#8727=ORIENTED_EDGE('',*,*,#6259,.T.);
#8728=ORIENTED_EDGE('',*,*,#6260,.T.);
#8729=ORIENTED_EDGE('',*,*,#6261,.T.);
#8730=ORIENTED_EDGE('',*,*,#6262,.T.);
#8731=ORIENTED_EDGE('',*,*,#6263,.T.);
#8732=ORIENTED_EDGE('',*,*,#6264,.T.);
#8733=ORIENTED_EDGE('',*,*,#6265,.T.);
#8734=ORIENTED_EDGE('',*,*,#6266,.T.);
#8735=ORIENTED_EDGE('',*,*,#6267,.T.);
#8736=ORIENTED_EDGE('',*,*,#6268,.F.);
#8737=ORIENTED_EDGE('',*,*,#6269,.F.);
#8738=ORIENTED_EDGE('',*,*,#6270,.F.);
#8739=ORIENTED_EDGE('',*,*,#6257,.F.);
#8740=ORIENTED_EDGE('',*,*,#6270,.T.);
#8741=ORIENTED_EDGE('',*,*,#6271,.F.);
#8742=ORIENTED_EDGE('',*,*,#6272,.F.);
#8743=ORIENTED_EDGE('',*,*,#6258,.F.);
#8744=ORIENTED_EDGE('',*,*,#6272,.T.);
#8745=ORIENTED_EDGE('',*,*,#6273,.F.);
#8746=ORIENTED_EDGE('',*,*,#6274,.F.);
#8747=ORIENTED_EDGE('',*,*,#6259,.F.);
#8748=ORIENTED_EDGE('',*,*,#6274,.T.);
#8749=ORIENTED_EDGE('',*,*,#6275,.F.);
#8750=ORIENTED_EDGE('',*,*,#6276,.F.);
#8751=ORIENTED_EDGE('',*,*,#6260,.F.);
#8752=ORIENTED_EDGE('',*,*,#6276,.T.);
#8753=ORIENTED_EDGE('',*,*,#6277,.F.);
#8754=ORIENTED_EDGE('',*,*,#6278,.F.);
#8755=ORIENTED_EDGE('',*,*,#6261,.F.);
#8756=ORIENTED_EDGE('',*,*,#6278,.T.);
#8757=ORIENTED_EDGE('',*,*,#6279,.F.);
#8758=ORIENTED_EDGE('',*,*,#6280,.F.);
#8759=ORIENTED_EDGE('',*,*,#6262,.F.);
#8760=ORIENTED_EDGE('',*,*,#6280,.T.);
#8761=ORIENTED_EDGE('',*,*,#6281,.F.);
#8762=ORIENTED_EDGE('',*,*,#6282,.F.);
#8763=ORIENTED_EDGE('',*,*,#6263,.F.);
#8764=ORIENTED_EDGE('',*,*,#6282,.T.);
#8765=ORIENTED_EDGE('',*,*,#6283,.F.);
#8766=ORIENTED_EDGE('',*,*,#6284,.F.);
#8767=ORIENTED_EDGE('',*,*,#6264,.F.);
#8768=ORIENTED_EDGE('',*,*,#6284,.T.);
#8769=ORIENTED_EDGE('',*,*,#6285,.F.);
#8770=ORIENTED_EDGE('',*,*,#6286,.F.);
#8771=ORIENTED_EDGE('',*,*,#6265,.F.);
#8772=ORIENTED_EDGE('',*,*,#6286,.T.);
#8773=ORIENTED_EDGE('',*,*,#6287,.F.);
#8774=ORIENTED_EDGE('',*,*,#6288,.F.);
#8775=ORIENTED_EDGE('',*,*,#6266,.F.);
#8776=ORIENTED_EDGE('',*,*,#6288,.T.);
#8777=ORIENTED_EDGE('',*,*,#6289,.F.);
#8778=ORIENTED_EDGE('',*,*,#6290,.F.);
#8779=ORIENTED_EDGE('',*,*,#6267,.F.);
#8780=ORIENTED_EDGE('',*,*,#6290,.T.);
#8781=ORIENTED_EDGE('',*,*,#6291,.F.);
#8782=ORIENTED_EDGE('',*,*,#6268,.T.);
#8783=ORIENTED_EDGE('',*,*,#6256,.F.);
#8784=ORIENTED_EDGE('',*,*,#6291,.T.);
#8785=ORIENTED_EDGE('',*,*,#6289,.T.);
#8786=ORIENTED_EDGE('',*,*,#6287,.T.);
#8787=ORIENTED_EDGE('',*,*,#6285,.T.);
#8788=ORIENTED_EDGE('',*,*,#6283,.T.);
#8789=ORIENTED_EDGE('',*,*,#6281,.T.);
#8790=ORIENTED_EDGE('',*,*,#6279,.T.);
#8791=ORIENTED_EDGE('',*,*,#6277,.T.);
#8792=ORIENTED_EDGE('',*,*,#6275,.T.);
#8793=ORIENTED_EDGE('',*,*,#6273,.T.);
#8794=ORIENTED_EDGE('',*,*,#6271,.T.);
#8795=ORIENTED_EDGE('',*,*,#6269,.T.);
#8796=ORIENTED_EDGE('',*,*,#6292,.F.);
#8797=ORIENTED_EDGE('',*,*,#6293,.F.);
#8798=ORIENTED_EDGE('',*,*,#6294,.F.);
#8799=ORIENTED_EDGE('',*,*,#6295,.F.);
#8800=ORIENTED_EDGE('',*,*,#6296,.F.);
#8801=ORIENTED_EDGE('',*,*,#6297,.F.);
#8802=ORIENTED_EDGE('',*,*,#6298,.F.);
#8803=ORIENTED_EDGE('',*,*,#6299,.F.);
#8804=ORIENTED_EDGE('',*,*,#6300,.F.);
#8805=ORIENTED_EDGE('',*,*,#6301,.F.);
#8806=ORIENTED_EDGE('',*,*,#6302,.F.);
#8807=ORIENTED_EDGE('',*,*,#6303,.F.);
#8808=ORIENTED_EDGE('',*,*,#6304,.T.);
#8809=ORIENTED_EDGE('',*,*,#6303,.T.);
#8810=ORIENTED_EDGE('',*,*,#6305,.T.);
#8811=ORIENTED_EDGE('',*,*,#6306,.T.);
#8812=ORIENTED_EDGE('',*,*,#6305,.F.);
#8813=ORIENTED_EDGE('',*,*,#6302,.T.);
#8814=ORIENTED_EDGE('',*,*,#6307,.T.);
#8815=ORIENTED_EDGE('',*,*,#6308,.T.);
#8816=ORIENTED_EDGE('',*,*,#6307,.F.);
#8817=ORIENTED_EDGE('',*,*,#6301,.T.);
#8818=ORIENTED_EDGE('',*,*,#6309,.T.);
#8819=ORIENTED_EDGE('',*,*,#6310,.T.);
#8820=ORIENTED_EDGE('',*,*,#6309,.F.);
#8821=ORIENTED_EDGE('',*,*,#6300,.T.);
#8822=ORIENTED_EDGE('',*,*,#6311,.T.);
#8823=ORIENTED_EDGE('',*,*,#6312,.T.);
#8824=ORIENTED_EDGE('',*,*,#6311,.F.);
#8825=ORIENTED_EDGE('',*,*,#6299,.T.);
#8826=ORIENTED_EDGE('',*,*,#6313,.T.);
#8827=ORIENTED_EDGE('',*,*,#6314,.T.);
#8828=ORIENTED_EDGE('',*,*,#6313,.F.);
#8829=ORIENTED_EDGE('',*,*,#6298,.T.);
#8830=ORIENTED_EDGE('',*,*,#6315,.T.);
#8831=ORIENTED_EDGE('',*,*,#6316,.T.);
#8832=ORIENTED_EDGE('',*,*,#6315,.F.);
#8833=ORIENTED_EDGE('',*,*,#6297,.T.);
#8834=ORIENTED_EDGE('',*,*,#6317,.T.);
#8835=ORIENTED_EDGE('',*,*,#6318,.T.);
#8836=ORIENTED_EDGE('',*,*,#6317,.F.);
#8837=ORIENTED_EDGE('',*,*,#6296,.T.);
#8838=ORIENTED_EDGE('',*,*,#6319,.T.);
#8839=ORIENTED_EDGE('',*,*,#6320,.T.);
#8840=ORIENTED_EDGE('',*,*,#6319,.F.);
#8841=ORIENTED_EDGE('',*,*,#6295,.T.);
#8842=ORIENTED_EDGE('',*,*,#6321,.T.);
#8843=ORIENTED_EDGE('',*,*,#6322,.T.);
#8844=ORIENTED_EDGE('',*,*,#6321,.F.);
#8845=ORIENTED_EDGE('',*,*,#6294,.T.);
#8846=ORIENTED_EDGE('',*,*,#6323,.T.);
#8847=ORIENTED_EDGE('',*,*,#6324,.T.);
#8848=ORIENTED_EDGE('',*,*,#6323,.F.);
#8849=ORIENTED_EDGE('',*,*,#6293,.T.);
#8850=ORIENTED_EDGE('',*,*,#6325,.T.);
#8851=ORIENTED_EDGE('',*,*,#6326,.T.);
#8852=ORIENTED_EDGE('',*,*,#6325,.F.);
#8853=ORIENTED_EDGE('',*,*,#6292,.T.);
#8854=ORIENTED_EDGE('',*,*,#6304,.F.);
#8855=ORIENTED_EDGE('',*,*,#6327,.T.);
#8856=ORIENTED_EDGE('',*,*,#6327,.F.);
#8857=ORIENTED_EDGE('',*,*,#6306,.F.);
#8858=ORIENTED_EDGE('',*,*,#6308,.F.);
#8859=ORIENTED_EDGE('',*,*,#6310,.F.);
#8860=ORIENTED_EDGE('',*,*,#6312,.F.);
#8861=ORIENTED_EDGE('',*,*,#6314,.F.);
#8862=ORIENTED_EDGE('',*,*,#6316,.F.);
#8863=ORIENTED_EDGE('',*,*,#6318,.F.);
#8864=ORIENTED_EDGE('',*,*,#6320,.F.);
#8865=ORIENTED_EDGE('',*,*,#6322,.F.);
#8866=ORIENTED_EDGE('',*,*,#6324,.F.);
#8867=ORIENTED_EDGE('',*,*,#6326,.F.);
#8868=ORIENTED_EDGE('',*,*,#6328,.T.);
#8869=ORIENTED_EDGE('',*,*,#6329,.T.);
#8870=ORIENTED_EDGE('',*,*,#6330,.T.);
#8871=ORIENTED_EDGE('',*,*,#6331,.T.);
#8872=ORIENTED_EDGE('',*,*,#6332,.T.);
#8873=ORIENTED_EDGE('',*,*,#6333,.T.);
#8874=ORIENTED_EDGE('',*,*,#6334,.T.);
#8875=ORIENTED_EDGE('',*,*,#6335,.T.);
#8876=ORIENTED_EDGE('',*,*,#6336,.T.);
#8877=ORIENTED_EDGE('',*,*,#6337,.T.);
#8878=ORIENTED_EDGE('',*,*,#6338,.T.);
#8879=ORIENTED_EDGE('',*,*,#6339,.T.);
#8880=ORIENTED_EDGE('',*,*,#6340,.F.);
#8881=ORIENTED_EDGE('',*,*,#6341,.F.);
#8882=ORIENTED_EDGE('',*,*,#6342,.F.);
#8883=ORIENTED_EDGE('',*,*,#6329,.F.);
#8884=ORIENTED_EDGE('',*,*,#6342,.T.);
#8885=ORIENTED_EDGE('',*,*,#6343,.F.);
#8886=ORIENTED_EDGE('',*,*,#6344,.F.);
#8887=ORIENTED_EDGE('',*,*,#6330,.F.);
#8888=ORIENTED_EDGE('',*,*,#6344,.T.);
#8889=ORIENTED_EDGE('',*,*,#6345,.F.);
#8890=ORIENTED_EDGE('',*,*,#6346,.F.);
#8891=ORIENTED_EDGE('',*,*,#6331,.F.);
#8892=ORIENTED_EDGE('',*,*,#6346,.T.);
#8893=ORIENTED_EDGE('',*,*,#6347,.F.);
#8894=ORIENTED_EDGE('',*,*,#6348,.F.);
#8895=ORIENTED_EDGE('',*,*,#6332,.F.);
#8896=ORIENTED_EDGE('',*,*,#6348,.T.);
#8897=ORIENTED_EDGE('',*,*,#6349,.F.);
#8898=ORIENTED_EDGE('',*,*,#6350,.F.);
#8899=ORIENTED_EDGE('',*,*,#6333,.F.);
#8900=ORIENTED_EDGE('',*,*,#6350,.T.);
#8901=ORIENTED_EDGE('',*,*,#6351,.F.);
#8902=ORIENTED_EDGE('',*,*,#6352,.F.);
#8903=ORIENTED_EDGE('',*,*,#6334,.F.);
#8904=ORIENTED_EDGE('',*,*,#6352,.T.);
#8905=ORIENTED_EDGE('',*,*,#6353,.F.);
#8906=ORIENTED_EDGE('',*,*,#6354,.F.);
#8907=ORIENTED_EDGE('',*,*,#6335,.F.);
#8908=ORIENTED_EDGE('',*,*,#6354,.T.);
#8909=ORIENTED_EDGE('',*,*,#6355,.F.);
#8910=ORIENTED_EDGE('',*,*,#6356,.F.);
#8911=ORIENTED_EDGE('',*,*,#6336,.F.);
#8912=ORIENTED_EDGE('',*,*,#6356,.T.);
#8913=ORIENTED_EDGE('',*,*,#6357,.F.);
#8914=ORIENTED_EDGE('',*,*,#6358,.F.);
#8915=ORIENTED_EDGE('',*,*,#6337,.F.);
#8916=ORIENTED_EDGE('',*,*,#6358,.T.);
#8917=ORIENTED_EDGE('',*,*,#6359,.F.);
#8918=ORIENTED_EDGE('',*,*,#6360,.F.);
#8919=ORIENTED_EDGE('',*,*,#6338,.F.);
#8920=ORIENTED_EDGE('',*,*,#6360,.T.);
#8921=ORIENTED_EDGE('',*,*,#6361,.F.);
#8922=ORIENTED_EDGE('',*,*,#6362,.F.);
#8923=ORIENTED_EDGE('',*,*,#6339,.F.);
#8924=ORIENTED_EDGE('',*,*,#6362,.T.);
#8925=ORIENTED_EDGE('',*,*,#6363,.F.);
#8926=ORIENTED_EDGE('',*,*,#6340,.T.);
#8927=ORIENTED_EDGE('',*,*,#6328,.F.);
#8928=ORIENTED_EDGE('',*,*,#6363,.T.);
#8929=ORIENTED_EDGE('',*,*,#6361,.T.);
#8930=ORIENTED_EDGE('',*,*,#6359,.T.);
#8931=ORIENTED_EDGE('',*,*,#6357,.T.);
#8932=ORIENTED_EDGE('',*,*,#6355,.T.);
#8933=ORIENTED_EDGE('',*,*,#6353,.T.);
#8934=ORIENTED_EDGE('',*,*,#6351,.T.);
#8935=ORIENTED_EDGE('',*,*,#6349,.T.);
#8936=ORIENTED_EDGE('',*,*,#6347,.T.);
#8937=ORIENTED_EDGE('',*,*,#6345,.T.);
#8938=ORIENTED_EDGE('',*,*,#6343,.T.);
#8939=ORIENTED_EDGE('',*,*,#6341,.T.);
#8940=ORIENTED_EDGE('',*,*,#6364,.T.);
#8941=ORIENTED_EDGE('',*,*,#6365,.T.);
#8942=ORIENTED_EDGE('',*,*,#6366,.T.);
#8943=ORIENTED_EDGE('',*,*,#6367,.T.);
#8944=ORIENTED_EDGE('',*,*,#6368,.T.);
#8945=ORIENTED_EDGE('',*,*,#6369,.T.);
#8946=ORIENTED_EDGE('',*,*,#6370,.T.);
#8947=ORIENTED_EDGE('',*,*,#6371,.T.);
#8948=ORIENTED_EDGE('',*,*,#6372,.T.);
#8949=ORIENTED_EDGE('',*,*,#6373,.T.);
#8950=ORIENTED_EDGE('',*,*,#6374,.T.);
#8951=ORIENTED_EDGE('',*,*,#6375,.T.);
#8952=ORIENTED_EDGE('',*,*,#6376,.F.);
#8953=ORIENTED_EDGE('',*,*,#6377,.F.);
#8954=ORIENTED_EDGE('',*,*,#6378,.F.);
#8955=ORIENTED_EDGE('',*,*,#6365,.F.);
#8956=ORIENTED_EDGE('',*,*,#6378,.T.);
#8957=ORIENTED_EDGE('',*,*,#6379,.F.);
#8958=ORIENTED_EDGE('',*,*,#6380,.F.);
#8959=ORIENTED_EDGE('',*,*,#6366,.F.);
#8960=ORIENTED_EDGE('',*,*,#6380,.T.);
#8961=ORIENTED_EDGE('',*,*,#6381,.F.);
#8962=ORIENTED_EDGE('',*,*,#6382,.F.);
#8963=ORIENTED_EDGE('',*,*,#6367,.F.);
#8964=ORIENTED_EDGE('',*,*,#6382,.T.);
#8965=ORIENTED_EDGE('',*,*,#6383,.F.);
#8966=ORIENTED_EDGE('',*,*,#6384,.F.);
#8967=ORIENTED_EDGE('',*,*,#6368,.F.);
#8968=ORIENTED_EDGE('',*,*,#6384,.T.);
#8969=ORIENTED_EDGE('',*,*,#6385,.F.);
#8970=ORIENTED_EDGE('',*,*,#6386,.F.);
#8971=ORIENTED_EDGE('',*,*,#6369,.F.);
#8972=ORIENTED_EDGE('',*,*,#6386,.T.);
#8973=ORIENTED_EDGE('',*,*,#6387,.F.);
#8974=ORIENTED_EDGE('',*,*,#6388,.F.);
#8975=ORIENTED_EDGE('',*,*,#6370,.F.);
#8976=ORIENTED_EDGE('',*,*,#6388,.T.);
#8977=ORIENTED_EDGE('',*,*,#6389,.F.);
#8978=ORIENTED_EDGE('',*,*,#6390,.F.);
#8979=ORIENTED_EDGE('',*,*,#6371,.F.);
#8980=ORIENTED_EDGE('',*,*,#6390,.T.);
#8981=ORIENTED_EDGE('',*,*,#6391,.F.);
#8982=ORIENTED_EDGE('',*,*,#6392,.F.);
#8983=ORIENTED_EDGE('',*,*,#6372,.F.);
#8984=ORIENTED_EDGE('',*,*,#6392,.T.);
#8985=ORIENTED_EDGE('',*,*,#6393,.F.);
#8986=ORIENTED_EDGE('',*,*,#6394,.F.);
#8987=ORIENTED_EDGE('',*,*,#6373,.F.);
#8988=ORIENTED_EDGE('',*,*,#6394,.T.);
#8989=ORIENTED_EDGE('',*,*,#6395,.F.);
#8990=ORIENTED_EDGE('',*,*,#6396,.F.);
#8991=ORIENTED_EDGE('',*,*,#6374,.F.);
#8992=ORIENTED_EDGE('',*,*,#6396,.T.);
#8993=ORIENTED_EDGE('',*,*,#6397,.F.);
#8994=ORIENTED_EDGE('',*,*,#6398,.F.);
#8995=ORIENTED_EDGE('',*,*,#6375,.F.);
#8996=ORIENTED_EDGE('',*,*,#6398,.T.);
#8997=ORIENTED_EDGE('',*,*,#6399,.F.);
#8998=ORIENTED_EDGE('',*,*,#6376,.T.);
#8999=ORIENTED_EDGE('',*,*,#6364,.F.);
#9000=ORIENTED_EDGE('',*,*,#6399,.T.);
#9001=ORIENTED_EDGE('',*,*,#6397,.T.);
#9002=ORIENTED_EDGE('',*,*,#6395,.T.);
#9003=ORIENTED_EDGE('',*,*,#6393,.T.);
#9004=ORIENTED_EDGE('',*,*,#6391,.T.);
#9005=ORIENTED_EDGE('',*,*,#6389,.T.);
#9006=ORIENTED_EDGE('',*,*,#6387,.T.);
#9007=ORIENTED_EDGE('',*,*,#6385,.T.);
#9008=ORIENTED_EDGE('',*,*,#6383,.T.);
#9009=ORIENTED_EDGE('',*,*,#6381,.T.);
#9010=ORIENTED_EDGE('',*,*,#6379,.T.);
#9011=ORIENTED_EDGE('',*,*,#6377,.T.);
#9012=ORIENTED_EDGE('',*,*,#6400,.T.);
#9013=ORIENTED_EDGE('',*,*,#6401,.T.);
#9014=ORIENTED_EDGE('',*,*,#6402,.T.);
#9015=ORIENTED_EDGE('',*,*,#6403,.T.);
#9016=ORIENTED_EDGE('',*,*,#6404,.T.);
#9017=ORIENTED_EDGE('',*,*,#6405,.T.);
#9018=ORIENTED_EDGE('',*,*,#6406,.T.);
#9019=ORIENTED_EDGE('',*,*,#6407,.T.);
#9020=ORIENTED_EDGE('',*,*,#6408,.T.);
#9021=ORIENTED_EDGE('',*,*,#6409,.T.);
#9022=ORIENTED_EDGE('',*,*,#6410,.T.);
#9023=ORIENTED_EDGE('',*,*,#6411,.T.);
#9024=ORIENTED_EDGE('',*,*,#6412,.F.);
#9025=ORIENTED_EDGE('',*,*,#6413,.F.);
#9026=ORIENTED_EDGE('',*,*,#6414,.F.);
#9027=ORIENTED_EDGE('',*,*,#6401,.F.);
#9028=ORIENTED_EDGE('',*,*,#6414,.T.);
#9029=ORIENTED_EDGE('',*,*,#6415,.F.);
#9030=ORIENTED_EDGE('',*,*,#6416,.F.);
#9031=ORIENTED_EDGE('',*,*,#6402,.F.);
#9032=ORIENTED_EDGE('',*,*,#6416,.T.);
#9033=ORIENTED_EDGE('',*,*,#6417,.F.);
#9034=ORIENTED_EDGE('',*,*,#6418,.F.);
#9035=ORIENTED_EDGE('',*,*,#6403,.F.);
#9036=ORIENTED_EDGE('',*,*,#6418,.T.);
#9037=ORIENTED_EDGE('',*,*,#6419,.F.);
#9038=ORIENTED_EDGE('',*,*,#6420,.F.);
#9039=ORIENTED_EDGE('',*,*,#6404,.F.);
#9040=ORIENTED_EDGE('',*,*,#6420,.T.);
#9041=ORIENTED_EDGE('',*,*,#6421,.F.);
#9042=ORIENTED_EDGE('',*,*,#6422,.F.);
#9043=ORIENTED_EDGE('',*,*,#6405,.F.);
#9044=ORIENTED_EDGE('',*,*,#6422,.T.);
#9045=ORIENTED_EDGE('',*,*,#6423,.F.);
#9046=ORIENTED_EDGE('',*,*,#6424,.F.);
#9047=ORIENTED_EDGE('',*,*,#6406,.F.);
#9048=ORIENTED_EDGE('',*,*,#6424,.T.);
#9049=ORIENTED_EDGE('',*,*,#6425,.F.);
#9050=ORIENTED_EDGE('',*,*,#6426,.F.);
#9051=ORIENTED_EDGE('',*,*,#6407,.F.);
#9052=ORIENTED_EDGE('',*,*,#6426,.T.);
#9053=ORIENTED_EDGE('',*,*,#6427,.F.);
#9054=ORIENTED_EDGE('',*,*,#6428,.F.);
#9055=ORIENTED_EDGE('',*,*,#6408,.F.);
#9056=ORIENTED_EDGE('',*,*,#6428,.T.);
#9057=ORIENTED_EDGE('',*,*,#6429,.F.);
#9058=ORIENTED_EDGE('',*,*,#6430,.F.);
#9059=ORIENTED_EDGE('',*,*,#6409,.F.);
#9060=ORIENTED_EDGE('',*,*,#6430,.T.);
#9061=ORIENTED_EDGE('',*,*,#6431,.F.);
#9062=ORIENTED_EDGE('',*,*,#6432,.F.);
#9063=ORIENTED_EDGE('',*,*,#6410,.F.);
#9064=ORIENTED_EDGE('',*,*,#6432,.T.);
#9065=ORIENTED_EDGE('',*,*,#6433,.F.);
#9066=ORIENTED_EDGE('',*,*,#6434,.F.);
#9067=ORIENTED_EDGE('',*,*,#6411,.F.);
#9068=ORIENTED_EDGE('',*,*,#6434,.T.);
#9069=ORIENTED_EDGE('',*,*,#6435,.F.);
#9070=ORIENTED_EDGE('',*,*,#6412,.T.);
#9071=ORIENTED_EDGE('',*,*,#6400,.F.);
#9072=ORIENTED_EDGE('',*,*,#6435,.T.);
#9073=ORIENTED_EDGE('',*,*,#6433,.T.);
#9074=ORIENTED_EDGE('',*,*,#6431,.T.);
#9075=ORIENTED_EDGE('',*,*,#6429,.T.);
#9076=ORIENTED_EDGE('',*,*,#6427,.T.);
#9077=ORIENTED_EDGE('',*,*,#6425,.T.);
#9078=ORIENTED_EDGE('',*,*,#6423,.T.);
#9079=ORIENTED_EDGE('',*,*,#6421,.T.);
#9080=ORIENTED_EDGE('',*,*,#6419,.T.);
#9081=ORIENTED_EDGE('',*,*,#6417,.T.);
#9082=ORIENTED_EDGE('',*,*,#6415,.T.);
#9083=ORIENTED_EDGE('',*,*,#6413,.T.);
#9084=ORIENTED_EDGE('',*,*,#6436,.F.);
#9085=ORIENTED_EDGE('',*,*,#6437,.F.);
#9086=ORIENTED_EDGE('',*,*,#6438,.F.);
#9087=ORIENTED_EDGE('',*,*,#6439,.F.);
#9088=ORIENTED_EDGE('',*,*,#6440,.F.);
#9089=ORIENTED_EDGE('',*,*,#6441,.F.);
#9090=ORIENTED_EDGE('',*,*,#6442,.F.);
#9091=ORIENTED_EDGE('',*,*,#6443,.F.);
#9092=ORIENTED_EDGE('',*,*,#6444,.F.);
#9093=ORIENTED_EDGE('',*,*,#6445,.F.);
#9094=ORIENTED_EDGE('',*,*,#6446,.F.);
#9095=ORIENTED_EDGE('',*,*,#6447,.F.);
#9096=ORIENTED_EDGE('',*,*,#6448,.T.);
#9097=ORIENTED_EDGE('',*,*,#6447,.T.);
#9098=ORIENTED_EDGE('',*,*,#6449,.T.);
#9099=ORIENTED_EDGE('',*,*,#6450,.T.);
#9100=ORIENTED_EDGE('',*,*,#6449,.F.);
#9101=ORIENTED_EDGE('',*,*,#6446,.T.);
#9102=ORIENTED_EDGE('',*,*,#6451,.T.);
#9103=ORIENTED_EDGE('',*,*,#6452,.T.);
#9104=ORIENTED_EDGE('',*,*,#6451,.F.);
#9105=ORIENTED_EDGE('',*,*,#6445,.T.);
#9106=ORIENTED_EDGE('',*,*,#6453,.T.);
#9107=ORIENTED_EDGE('',*,*,#6454,.T.);
#9108=ORIENTED_EDGE('',*,*,#6453,.F.);
#9109=ORIENTED_EDGE('',*,*,#6444,.T.);
#9110=ORIENTED_EDGE('',*,*,#6455,.T.);
#9111=ORIENTED_EDGE('',*,*,#6456,.T.);
#9112=ORIENTED_EDGE('',*,*,#6455,.F.);
#9113=ORIENTED_EDGE('',*,*,#6443,.T.);
#9114=ORIENTED_EDGE('',*,*,#6457,.T.);
#9115=ORIENTED_EDGE('',*,*,#6458,.T.);
#9116=ORIENTED_EDGE('',*,*,#6457,.F.);
#9117=ORIENTED_EDGE('',*,*,#6442,.T.);
#9118=ORIENTED_EDGE('',*,*,#6459,.T.);
#9119=ORIENTED_EDGE('',*,*,#6460,.T.);
#9120=ORIENTED_EDGE('',*,*,#6459,.F.);
#9121=ORIENTED_EDGE('',*,*,#6441,.T.);
#9122=ORIENTED_EDGE('',*,*,#6461,.T.);
#9123=ORIENTED_EDGE('',*,*,#6462,.T.);
#9124=ORIENTED_EDGE('',*,*,#6461,.F.);
#9125=ORIENTED_EDGE('',*,*,#6440,.T.);
#9126=ORIENTED_EDGE('',*,*,#6463,.T.);
#9127=ORIENTED_EDGE('',*,*,#6464,.T.);
#9128=ORIENTED_EDGE('',*,*,#6463,.F.);
#9129=ORIENTED_EDGE('',*,*,#6439,.T.);
#9130=ORIENTED_EDGE('',*,*,#6465,.T.);
#9131=ORIENTED_EDGE('',*,*,#6466,.T.);
#9132=ORIENTED_EDGE('',*,*,#6465,.F.);
#9133=ORIENTED_EDGE('',*,*,#6438,.T.);
#9134=ORIENTED_EDGE('',*,*,#6467,.T.);
#9135=ORIENTED_EDGE('',*,*,#6468,.T.);
#9136=ORIENTED_EDGE('',*,*,#6467,.F.);
#9137=ORIENTED_EDGE('',*,*,#6437,.T.);
#9138=ORIENTED_EDGE('',*,*,#6469,.T.);
#9139=ORIENTED_EDGE('',*,*,#6470,.T.);
#9140=ORIENTED_EDGE('',*,*,#6469,.F.);
#9141=ORIENTED_EDGE('',*,*,#6436,.T.);
#9142=ORIENTED_EDGE('',*,*,#6448,.F.);
#9143=ORIENTED_EDGE('',*,*,#6471,.T.);
#9144=ORIENTED_EDGE('',*,*,#6471,.F.);
#9145=ORIENTED_EDGE('',*,*,#6450,.F.);
#9146=ORIENTED_EDGE('',*,*,#6452,.F.);
#9147=ORIENTED_EDGE('',*,*,#6454,.F.);
#9148=ORIENTED_EDGE('',*,*,#6456,.F.);
#9149=ORIENTED_EDGE('',*,*,#6458,.F.);
#9150=ORIENTED_EDGE('',*,*,#6460,.F.);
#9151=ORIENTED_EDGE('',*,*,#6462,.F.);
#9152=ORIENTED_EDGE('',*,*,#6464,.F.);
#9153=ORIENTED_EDGE('',*,*,#6466,.F.);
#9154=ORIENTED_EDGE('',*,*,#6468,.F.);
#9155=ORIENTED_EDGE('',*,*,#6470,.F.);
#9156=ORIENTED_EDGE('',*,*,#6472,.F.);
#9157=ORIENTED_EDGE('',*,*,#6473,.F.);
#9158=ORIENTED_EDGE('',*,*,#6474,.F.);
#9159=ORIENTED_EDGE('',*,*,#6475,.F.);
#9160=ORIENTED_EDGE('',*,*,#6476,.F.);
#9161=ORIENTED_EDGE('',*,*,#6477,.F.);
#9162=ORIENTED_EDGE('',*,*,#6478,.F.);
#9163=ORIENTED_EDGE('',*,*,#6479,.F.);
#9164=ORIENTED_EDGE('',*,*,#6480,.F.);
#9165=ORIENTED_EDGE('',*,*,#6481,.F.);
#9166=ORIENTED_EDGE('',*,*,#6482,.F.);
#9167=ORIENTED_EDGE('',*,*,#6483,.F.);
#9168=ORIENTED_EDGE('',*,*,#6484,.T.);
#9169=ORIENTED_EDGE('',*,*,#6483,.T.);
#9170=ORIENTED_EDGE('',*,*,#6485,.T.);
#9171=ORIENTED_EDGE('',*,*,#6486,.T.);
#9172=ORIENTED_EDGE('',*,*,#6485,.F.);
#9173=ORIENTED_EDGE('',*,*,#6482,.T.);
#9174=ORIENTED_EDGE('',*,*,#6487,.T.);
#9175=ORIENTED_EDGE('',*,*,#6488,.T.);
#9176=ORIENTED_EDGE('',*,*,#6487,.F.);
#9177=ORIENTED_EDGE('',*,*,#6481,.T.);
#9178=ORIENTED_EDGE('',*,*,#6489,.T.);
#9179=ORIENTED_EDGE('',*,*,#6490,.T.);
#9180=ORIENTED_EDGE('',*,*,#6489,.F.);
#9181=ORIENTED_EDGE('',*,*,#6480,.T.);
#9182=ORIENTED_EDGE('',*,*,#6491,.T.);
#9183=ORIENTED_EDGE('',*,*,#6492,.T.);
#9184=ORIENTED_EDGE('',*,*,#6491,.F.);
#9185=ORIENTED_EDGE('',*,*,#6479,.T.);
#9186=ORIENTED_EDGE('',*,*,#6493,.T.);
#9187=ORIENTED_EDGE('',*,*,#6494,.T.);
#9188=ORIENTED_EDGE('',*,*,#6493,.F.);
#9189=ORIENTED_EDGE('',*,*,#6478,.T.);
#9190=ORIENTED_EDGE('',*,*,#6495,.T.);
#9191=ORIENTED_EDGE('',*,*,#6496,.T.);
#9192=ORIENTED_EDGE('',*,*,#6495,.F.);
#9193=ORIENTED_EDGE('',*,*,#6477,.T.);
#9194=ORIENTED_EDGE('',*,*,#6497,.T.);
#9195=ORIENTED_EDGE('',*,*,#6498,.T.);
#9196=ORIENTED_EDGE('',*,*,#6497,.F.);
#9197=ORIENTED_EDGE('',*,*,#6476,.T.);
#9198=ORIENTED_EDGE('',*,*,#6499,.T.);
#9199=ORIENTED_EDGE('',*,*,#6500,.T.);
#9200=ORIENTED_EDGE('',*,*,#6499,.F.);
#9201=ORIENTED_EDGE('',*,*,#6475,.T.);
#9202=ORIENTED_EDGE('',*,*,#6501,.T.);
#9203=ORIENTED_EDGE('',*,*,#6502,.T.);
#9204=ORIENTED_EDGE('',*,*,#6501,.F.);
#9205=ORIENTED_EDGE('',*,*,#6474,.T.);
#9206=ORIENTED_EDGE('',*,*,#6503,.T.);
#9207=ORIENTED_EDGE('',*,*,#6504,.T.);
#9208=ORIENTED_EDGE('',*,*,#6503,.F.);
#9209=ORIENTED_EDGE('',*,*,#6473,.T.);
#9210=ORIENTED_EDGE('',*,*,#6505,.T.);
#9211=ORIENTED_EDGE('',*,*,#6506,.T.);
#9212=ORIENTED_EDGE('',*,*,#6505,.F.);
#9213=ORIENTED_EDGE('',*,*,#6472,.T.);
#9214=ORIENTED_EDGE('',*,*,#6484,.F.);
#9215=ORIENTED_EDGE('',*,*,#6507,.T.);
#9216=ORIENTED_EDGE('',*,*,#6507,.F.);
#9217=ORIENTED_EDGE('',*,*,#6486,.F.);
#9218=ORIENTED_EDGE('',*,*,#6488,.F.);
#9219=ORIENTED_EDGE('',*,*,#6490,.F.);
#9220=ORIENTED_EDGE('',*,*,#6492,.F.);
#9221=ORIENTED_EDGE('',*,*,#6494,.F.);
#9222=ORIENTED_EDGE('',*,*,#6496,.F.);
#9223=ORIENTED_EDGE('',*,*,#6498,.F.);
#9224=ORIENTED_EDGE('',*,*,#6500,.F.);
#9225=ORIENTED_EDGE('',*,*,#6502,.F.);
#9226=ORIENTED_EDGE('',*,*,#6504,.F.);
#9227=ORIENTED_EDGE('',*,*,#6506,.F.);
#9228=ORIENTED_EDGE('',*,*,#6508,.F.);
#9229=ORIENTED_EDGE('',*,*,#6509,.F.);
#9230=ORIENTED_EDGE('',*,*,#6510,.F.);
#9231=ORIENTED_EDGE('',*,*,#6511,.F.);
#9232=ORIENTED_EDGE('',*,*,#6512,.F.);
#9233=ORIENTED_EDGE('',*,*,#6513,.F.);
#9234=ORIENTED_EDGE('',*,*,#6514,.F.);
#9235=ORIENTED_EDGE('',*,*,#6515,.F.);
#9236=ORIENTED_EDGE('',*,*,#6516,.F.);
#9237=ORIENTED_EDGE('',*,*,#6517,.F.);
#9238=ORIENTED_EDGE('',*,*,#6518,.F.);
#9239=ORIENTED_EDGE('',*,*,#6519,.F.);
#9240=ORIENTED_EDGE('',*,*,#6520,.T.);
#9241=ORIENTED_EDGE('',*,*,#6519,.T.);
#9242=ORIENTED_EDGE('',*,*,#6521,.T.);
#9243=ORIENTED_EDGE('',*,*,#6522,.T.);
#9244=ORIENTED_EDGE('',*,*,#6521,.F.);
#9245=ORIENTED_EDGE('',*,*,#6518,.T.);
#9246=ORIENTED_EDGE('',*,*,#6523,.T.);
#9247=ORIENTED_EDGE('',*,*,#6524,.T.);
#9248=ORIENTED_EDGE('',*,*,#6523,.F.);
#9249=ORIENTED_EDGE('',*,*,#6517,.T.);
#9250=ORIENTED_EDGE('',*,*,#6525,.T.);
#9251=ORIENTED_EDGE('',*,*,#6526,.T.);
#9252=ORIENTED_EDGE('',*,*,#6525,.F.);
#9253=ORIENTED_EDGE('',*,*,#6516,.T.);
#9254=ORIENTED_EDGE('',*,*,#6527,.T.);
#9255=ORIENTED_EDGE('',*,*,#6528,.T.);
#9256=ORIENTED_EDGE('',*,*,#6527,.F.);
#9257=ORIENTED_EDGE('',*,*,#6515,.T.);
#9258=ORIENTED_EDGE('',*,*,#6529,.T.);
#9259=ORIENTED_EDGE('',*,*,#6530,.T.);
#9260=ORIENTED_EDGE('',*,*,#6529,.F.);
#9261=ORIENTED_EDGE('',*,*,#6514,.T.);
#9262=ORIENTED_EDGE('',*,*,#6531,.T.);
#9263=ORIENTED_EDGE('',*,*,#6532,.T.);
#9264=ORIENTED_EDGE('',*,*,#6531,.F.);
#9265=ORIENTED_EDGE('',*,*,#6513,.T.);
#9266=ORIENTED_EDGE('',*,*,#6533,.T.);
#9267=ORIENTED_EDGE('',*,*,#6534,.T.);
#9268=ORIENTED_EDGE('',*,*,#6533,.F.);
#9269=ORIENTED_EDGE('',*,*,#6512,.T.);
#9270=ORIENTED_EDGE('',*,*,#6535,.T.);
#9271=ORIENTED_EDGE('',*,*,#6536,.T.);
#9272=ORIENTED_EDGE('',*,*,#6535,.F.);
#9273=ORIENTED_EDGE('',*,*,#6511,.T.);
#9274=ORIENTED_EDGE('',*,*,#6537,.T.);
#9275=ORIENTED_EDGE('',*,*,#6538,.T.);
#9276=ORIENTED_EDGE('',*,*,#6537,.F.);
#9277=ORIENTED_EDGE('',*,*,#6510,.T.);
#9278=ORIENTED_EDGE('',*,*,#6539,.T.);
#9279=ORIENTED_EDGE('',*,*,#6540,.T.);
#9280=ORIENTED_EDGE('',*,*,#6539,.F.);
#9281=ORIENTED_EDGE('',*,*,#6509,.T.);
#9282=ORIENTED_EDGE('',*,*,#6541,.T.);
#9283=ORIENTED_EDGE('',*,*,#6542,.T.);
#9284=ORIENTED_EDGE('',*,*,#6541,.F.);
#9285=ORIENTED_EDGE('',*,*,#6508,.T.);
#9286=ORIENTED_EDGE('',*,*,#6520,.F.);
#9287=ORIENTED_EDGE('',*,*,#6543,.T.);
#9288=ORIENTED_EDGE('',*,*,#6543,.F.);
#9289=ORIENTED_EDGE('',*,*,#6522,.F.);
#9290=ORIENTED_EDGE('',*,*,#6524,.F.);
#9291=ORIENTED_EDGE('',*,*,#6526,.F.);
#9292=ORIENTED_EDGE('',*,*,#6528,.F.);
#9293=ORIENTED_EDGE('',*,*,#6530,.F.);
#9294=ORIENTED_EDGE('',*,*,#6532,.F.);
#9295=ORIENTED_EDGE('',*,*,#6534,.F.);
#9296=ORIENTED_EDGE('',*,*,#6536,.F.);
#9297=ORIENTED_EDGE('',*,*,#6538,.F.);
#9298=ORIENTED_EDGE('',*,*,#6540,.F.);
#9299=ORIENTED_EDGE('',*,*,#6542,.F.);
#9300=ORIENTED_EDGE('',*,*,#6544,.F.);
#9301=ORIENTED_EDGE('',*,*,#6545,.F.);
#9302=ORIENTED_EDGE('',*,*,#6546,.F.);
#9303=ORIENTED_EDGE('',*,*,#6547,.F.);
#9304=ORIENTED_EDGE('',*,*,#6548,.F.);
#9305=ORIENTED_EDGE('',*,*,#6549,.F.);
#9306=ORIENTED_EDGE('',*,*,#6546,.T.);
#9307=ORIENTED_EDGE('',*,*,#6550,.T.);
#9308=ORIENTED_EDGE('',*,*,#6548,.T.);
#9309=ORIENTED_EDGE('',*,*,#6551,.T.);
#9310=ORIENTED_EDGE('',*,*,#6552,.F.);
#9311=ORIENTED_EDGE('',*,*,#6553,.F.);
#9312=ORIENTED_EDGE('',*,*,#6554,.F.);
#9313=ORIENTED_EDGE('',*,*,#6555,.F.);
#9314=ORIENTED_EDGE('',*,*,#6556,.F.);
#9315=ORIENTED_EDGE('',*,*,#6557,.F.);
#9316=ORIENTED_EDGE('',*,*,#6558,.F.);
#9317=ORIENTED_EDGE('',*,*,#6559,.F.);
#9318=ORIENTED_EDGE('',*,*,#6560,.F.);
#9319=ORIENTED_EDGE('',*,*,#6561,.F.);
#9320=ORIENTED_EDGE('',*,*,#6562,.F.);
#9321=ORIENTED_EDGE('',*,*,#6563,.F.);
#9322=ORIENTED_EDGE('',*,*,#6562,.T.);
#9323=ORIENTED_EDGE('',*,*,#6564,.T.);
#9324=ORIENTED_EDGE('',*,*,#6555,.T.);
#9325=ORIENTED_EDGE('',*,*,#6565,.T.);
#9326=ORIENTED_EDGE('',*,*,#6547,.T.);
#9327=ORIENTED_EDGE('',*,*,#6566,.F.);
#9328=ORIENTED_EDGE('',*,*,#6563,.T.);
#9329=ORIENTED_EDGE('',*,*,#6567,.T.);
#9330=ORIENTED_EDGE('',*,*,#6568,.F.);
#9331=ORIENTED_EDGE('',*,*,#6569,.F.);
#9332=ORIENTED_EDGE('',*,*,#6570,.F.);
#9333=ORIENTED_EDGE('',*,*,#6571,.F.);
#9334=ORIENTED_EDGE('',*,*,#6572,.F.);
#9335=ORIENTED_EDGE('',*,*,#6573,.F.);
#9336=ORIENTED_EDGE('',*,*,#6569,.T.);
#9337=ORIENTED_EDGE('',*,*,#6574,.T.);
#9338=ORIENTED_EDGE('',*,*,#6572,.T.);
#9339=ORIENTED_EDGE('',*,*,#6575,.T.);
#9340=ORIENTED_EDGE('',*,*,#6573,.T.);
#9341=ORIENTED_EDGE('',*,*,#6576,.T.);
#9342=ORIENTED_EDGE('',*,*,#6561,.T.);
#9343=ORIENTED_EDGE('',*,*,#6577,.T.);
#9344=ORIENTED_EDGE('',*,*,#6559,.T.);
#9345=ORIENTED_EDGE('',*,*,#6578,.T.);
#9346=ORIENTED_EDGE('',*,*,#6571,.T.);
#9347=ORIENTED_EDGE('',*,*,#6579,.T.);
#9348=ORIENTED_EDGE('',*,*,#6552,.T.);
#9349=ORIENTED_EDGE('',*,*,#6580,.T.);
#9350=ORIENTED_EDGE('',*,*,#6570,.T.);
#9351=ORIENTED_EDGE('',*,*,#6581,.T.);
#9352=ORIENTED_EDGE('',*,*,#6556,.T.);
#9353=ORIENTED_EDGE('',*,*,#6582,.T.);
#9354=ORIENTED_EDGE('',*,*,#6568,.T.);
#9355=ORIENTED_EDGE('',*,*,#6583,.T.);
#9356=ORIENTED_EDGE('',*,*,#6549,.T.);
#9357=ORIENTED_EDGE('',*,*,#6584,.T.);
#9358=ORIENTED_EDGE('',*,*,#6560,.T.);
#9359=ORIENTED_EDGE('',*,*,#6585,.T.);
#9360=ORIENTED_EDGE('',*,*,#6558,.T.);
#9361=ORIENTED_EDGE('',*,*,#6586,.T.);
#9362=ORIENTED_EDGE('',*,*,#6553,.T.);
#9363=ORIENTED_EDGE('',*,*,#6587,.T.);
#9364=ORIENTED_EDGE('',*,*,#6544,.T.);
#9365=ORIENTED_EDGE('',*,*,#6588,.T.);
#9366=ORIENTED_EDGE('',*,*,#6557,.T.);
#9367=ORIENTED_EDGE('',*,*,#6589,.T.);
#9368=ORIENTED_EDGE('',*,*,#6554,.T.);
#9369=ORIENTED_EDGE('',*,*,#6590,.T.);
#9370=ORIENTED_EDGE('',*,*,#6545,.T.);
#9371=ORIENTED_EDGE('',*,*,#6591,.T.);
#9372=ORIENTED_EDGE('',*,*,#6550,.F.);
#9373=ORIENTED_EDGE('',*,*,#6590,.F.);
#9374=ORIENTED_EDGE('',*,*,#6586,.F.);
#9375=ORIENTED_EDGE('',*,*,#6584,.F.);
#9376=ORIENTED_EDGE('',*,*,#6565,.F.);
#9377=ORIENTED_EDGE('',*,*,#6588,.F.);
#9378=ORIENTED_EDGE('',*,*,#6551,.F.);
#9379=ORIENTED_EDGE('',*,*,#6567,.F.);
#9380=ORIENTED_EDGE('',*,*,#6574,.F.);
#9381=ORIENTED_EDGE('',*,*,#6582,.F.);
#9382=ORIENTED_EDGE('',*,*,#6564,.F.);
#9383=ORIENTED_EDGE('',*,*,#6576,.F.);
#9384=ORIENTED_EDGE('',*,*,#6575,.F.);
#9385=ORIENTED_EDGE('',*,*,#6578,.F.);
#9386=ORIENTED_EDGE('',*,*,#6587,.F.);
#9387=ORIENTED_EDGE('',*,*,#6581,.F.);
#9388=ORIENTED_EDGE('',*,*,#6580,.F.);
#9389=ORIENTED_EDGE('',*,*,#6591,.F.);
#9390=ORIENTED_EDGE('',*,*,#6589,.F.);
#9391=ORIENTED_EDGE('',*,*,#6583,.F.);
#9392=ORIENTED_EDGE('',*,*,#6592,.F.);
#9393=ORIENTED_EDGE('',*,*,#6593,.F.);
#9394=ORIENTED_EDGE('',*,*,#6594,.F.);
#9395=ORIENTED_EDGE('',*,*,#6595,.F.);
#9396=ORIENTED_EDGE('',*,*,#6596,.F.);
#9397=ORIENTED_EDGE('',*,*,#6597,.F.);
#9398=ORIENTED_EDGE('',*,*,#6594,.T.);
#9399=ORIENTED_EDGE('',*,*,#6598,.T.);
#9400=ORIENTED_EDGE('',*,*,#6596,.T.);
#9401=ORIENTED_EDGE('',*,*,#6599,.T.);
#9402=ORIENTED_EDGE('',*,*,#6600,.F.);
#9403=ORIENTED_EDGE('',*,*,#6601,.F.);
#9404=ORIENTED_EDGE('',*,*,#6602,.F.);
#9405=ORIENTED_EDGE('',*,*,#6603,.F.);
#9406=ORIENTED_EDGE('',*,*,#6604,.F.);
#9407=ORIENTED_EDGE('',*,*,#6605,.F.);
#9408=ORIENTED_EDGE('',*,*,#6606,.F.);
#9409=ORIENTED_EDGE('',*,*,#6607,.F.);
#9410=ORIENTED_EDGE('',*,*,#6608,.F.);
#9411=ORIENTED_EDGE('',*,*,#6609,.F.);
#9412=ORIENTED_EDGE('',*,*,#6610,.F.);
#9413=ORIENTED_EDGE('',*,*,#6611,.F.);
#9414=ORIENTED_EDGE('',*,*,#6610,.T.);
#9415=ORIENTED_EDGE('',*,*,#6612,.T.);
#9416=ORIENTED_EDGE('',*,*,#6603,.T.);
#9417=ORIENTED_EDGE('',*,*,#6613,.T.);
#9418=ORIENTED_EDGE('',*,*,#6595,.T.);
#9419=ORIENTED_EDGE('',*,*,#6614,.T.);
#9420=ORIENTED_EDGE('',*,*,#6611,.T.);
#9421=ORIENTED_EDGE('',*,*,#6615,.T.);
#9422=ORIENTED_EDGE('',*,*,#6616,.F.);
#9423=ORIENTED_EDGE('',*,*,#6617,.F.);
#9424=ORIENTED_EDGE('',*,*,#6618,.F.);
#9425=ORIENTED_EDGE('',*,*,#6619,.F.);
#9426=ORIENTED_EDGE('',*,*,#6620,.F.);
#9427=ORIENTED_EDGE('',*,*,#6621,.F.);
#9428=ORIENTED_EDGE('',*,*,#6617,.T.);
#9429=ORIENTED_EDGE('',*,*,#6622,.T.);
#9430=ORIENTED_EDGE('',*,*,#6620,.T.);
#9431=ORIENTED_EDGE('',*,*,#6623,.T.);
#9432=ORIENTED_EDGE('',*,*,#6621,.T.);
#9433=ORIENTED_EDGE('',*,*,#6624,.T.);
#9434=ORIENTED_EDGE('',*,*,#6609,.T.);
#9435=ORIENTED_EDGE('',*,*,#6625,.T.);
#9436=ORIENTED_EDGE('',*,*,#6607,.T.);
#9437=ORIENTED_EDGE('',*,*,#6626,.T.);
#9438=ORIENTED_EDGE('',*,*,#6619,.T.);
#9439=ORIENTED_EDGE('',*,*,#6627,.T.);
#9440=ORIENTED_EDGE('',*,*,#6600,.T.);
#9441=ORIENTED_EDGE('',*,*,#6628,.F.);
#9442=ORIENTED_EDGE('',*,*,#6618,.T.);
#9443=ORIENTED_EDGE('',*,*,#6629,.T.);
#9444=ORIENTED_EDGE('',*,*,#6604,.T.);
#9445=ORIENTED_EDGE('',*,*,#6630,.T.);
#9446=ORIENTED_EDGE('',*,*,#6616,.T.);
#9447=ORIENTED_EDGE('',*,*,#6631,.T.);
#9448=ORIENTED_EDGE('',*,*,#6597,.T.);
#9449=ORIENTED_EDGE('',*,*,#6632,.T.);
#9450=ORIENTED_EDGE('',*,*,#6608,.T.);
#9451=ORIENTED_EDGE('',*,*,#6633,.T.);
#9452=ORIENTED_EDGE('',*,*,#6606,.T.);
#9453=ORIENTED_EDGE('',*,*,#6634,.T.);
#9454=ORIENTED_EDGE('',*,*,#6601,.T.);
#9455=ORIENTED_EDGE('',*,*,#6635,.T.);
#9456=ORIENTED_EDGE('',*,*,#6592,.T.);
#9457=ORIENTED_EDGE('',*,*,#6636,.T.);
#9458=ORIENTED_EDGE('',*,*,#6605,.T.);
#9459=ORIENTED_EDGE('',*,*,#6637,.T.);
#9460=ORIENTED_EDGE('',*,*,#6602,.T.);
#9461=ORIENTED_EDGE('',*,*,#6638,.T.);
#9462=ORIENTED_EDGE('',*,*,#6593,.T.);
#9463=ORIENTED_EDGE('',*,*,#6639,.T.);
#9464=ORIENTED_EDGE('',*,*,#6598,.F.);
#9465=ORIENTED_EDGE('',*,*,#6638,.F.);
#9466=ORIENTED_EDGE('',*,*,#6634,.F.);
#9467=ORIENTED_EDGE('',*,*,#6632,.F.);
#9468=ORIENTED_EDGE('',*,*,#6613,.F.);
#9469=ORIENTED_EDGE('',*,*,#6636,.F.);
#9470=ORIENTED_EDGE('',*,*,#6599,.F.);
#9471=ORIENTED_EDGE('',*,*,#6615,.F.);
#9472=ORIENTED_EDGE('',*,*,#6614,.F.);
#9473=ORIENTED_EDGE('',*,*,#6633,.F.);
#9474=ORIENTED_EDGE('',*,*,#6627,.F.);
#9475=ORIENTED_EDGE('',*,*,#6625,.F.);
#9476=ORIENTED_EDGE('',*,*,#6622,.F.);
#9477=ORIENTED_EDGE('',*,*,#6630,.F.);
#9478=ORIENTED_EDGE('',*,*,#6612,.F.);
#9479=ORIENTED_EDGE('',*,*,#6624,.F.);
#9480=ORIENTED_EDGE('',*,*,#6623,.F.);
#9481=ORIENTED_EDGE('',*,*,#6626,.F.);
#9482=ORIENTED_EDGE('',*,*,#6635,.F.);
#9483=ORIENTED_EDGE('',*,*,#6629,.F.);
#9484=ORIENTED_EDGE('',*,*,#6640,.T.);
#9485=ORIENTED_EDGE('',*,*,#6641,.T.);
#9486=ORIENTED_EDGE('',*,*,#6642,.T.);
#9487=ORIENTED_EDGE('',*,*,#6643,.T.);
#9488=ORIENTED_EDGE('',*,*,#6644,.T.);
#9489=ORIENTED_EDGE('',*,*,#6645,.T.);
#9490=ORIENTED_EDGE('',*,*,#6646,.T.);
#9491=ORIENTED_EDGE('',*,*,#6647,.T.);
#9492=ORIENTED_EDGE('',*,*,#6648,.T.);
#9493=ORIENTED_EDGE('',*,*,#6645,.F.);
#9494=ORIENTED_EDGE('',*,*,#6649,.F.);
#9495=ORIENTED_EDGE('',*,*,#6643,.F.);
#9496=ORIENTED_EDGE('',*,*,#6628,.T.);
#9497=ORIENTED_EDGE('',*,*,#6639,.F.);
#9498=ORIENTED_EDGE('',*,*,#6637,.F.);
#9499=ORIENTED_EDGE('',*,*,#6631,.F.);
#9500=ORIENTED_EDGE('',*,*,#6650,.T.);
#9501=ORIENTED_EDGE('',*,*,#6646,.F.);
#9502=ORIENTED_EDGE('',*,*,#6648,.F.);
#9503=ORIENTED_EDGE('',*,*,#6642,.F.);
#9504=ORIENTED_EDGE('',*,*,#6651,.T.);
#9505=ORIENTED_EDGE('',*,*,#6647,.F.);
#9506=ORIENTED_EDGE('',*,*,#6650,.F.);
#9507=ORIENTED_EDGE('',*,*,#6641,.F.);
#9508=ORIENTED_EDGE('',*,*,#6566,.T.);
#9509=ORIENTED_EDGE('',*,*,#6585,.F.);
#9510=ORIENTED_EDGE('',*,*,#6579,.F.);
#9511=ORIENTED_EDGE('',*,*,#6577,.F.);
#9512=ORIENTED_EDGE('',*,*,#6649,.T.);
#9513=ORIENTED_EDGE('',*,*,#6644,.F.);
#9514=ORIENTED_EDGE('',*,*,#6651,.F.);
#9515=ORIENTED_EDGE('',*,*,#6640,.F.);
#9516=ORIENTED_EDGE('',*,*,#6652,.T.);
#9517=ORIENTED_EDGE('',*,*,#6653,.T.);
#9518=ORIENTED_EDGE('',*,*,#6654,.T.);
#9519=ORIENTED_EDGE('',*,*,#6655,.T.);
#9520=ORIENTED_EDGE('',*,*,#6656,.F.);
#9521=ORIENTED_EDGE('',*,*,#6657,.F.);
#9522=ORIENTED_EDGE('',*,*,#6658,.T.);
#9523=ORIENTED_EDGE('',*,*,#6659,.F.);
#9524=ORIENTED_EDGE('',*,*,#6660,.F.);
#9525=ORIENTED_EDGE('',*,*,#6661,.F.);
#9526=ORIENTED_EDGE('',*,*,#6652,.F.);
#9527=ORIENTED_EDGE('',*,*,#6662,.F.);
#9528=ORIENTED_EDGE('',*,*,#6663,.F.);
#9529=ORIENTED_EDGE('',*,*,#6664,.F.);
#9530=ORIENTED_EDGE('',*,*,#6665,.F.);
#9531=ORIENTED_EDGE('',*,*,#6666,.F.);
#9532=ORIENTED_EDGE('',*,*,#6667,.F.);
#9533=ORIENTED_EDGE('',*,*,#6658,.F.);
#9534=ORIENTED_EDGE('',*,*,#6668,.F.);
#9535=ORIENTED_EDGE('',*,*,#6665,.T.);
#9536=ORIENTED_EDGE('',*,*,#6661,.T.);
#9537=ORIENTED_EDGE('',*,*,#6669,.T.);
#9538=ORIENTED_EDGE('',*,*,#6670,.T.);
#9539=ORIENTED_EDGE('',*,*,#6653,.F.);
#9540=ORIENTED_EDGE('',*,*,#6660,.T.);
#9541=ORIENTED_EDGE('',*,*,#6671,.T.);
#9542=ORIENTED_EDGE('',*,*,#6672,.F.);
#9543=ORIENTED_EDGE('',*,*,#6669,.F.);
#9544=ORIENTED_EDGE('',*,*,#6666,.T.);
#9545=ORIENTED_EDGE('',*,*,#6668,.T.);
#9546=ORIENTED_EDGE('',*,*,#6657,.T.);
#9547=ORIENTED_EDGE('',*,*,#6673,.T.);
#9548=ORIENTED_EDGE('',*,*,#6674,.T.);
#9549=ORIENTED_EDGE('',*,*,#6675,.F.);
#9550=ORIENTED_EDGE('',*,*,#6671,.F.);
#9551=ORIENTED_EDGE('',*,*,#6656,.T.);
#9552=ORIENTED_EDGE('',*,*,#6676,.T.);
#9553=ORIENTED_EDGE('',*,*,#6677,.T.);
#9554=ORIENTED_EDGE('',*,*,#6673,.F.);
#9555=ORIENTED_EDGE('',*,*,#6664,.T.);
#9556=ORIENTED_EDGE('',*,*,#6678,.T.);
#9557=ORIENTED_EDGE('',*,*,#6679,.T.);
#9558=ORIENTED_EDGE('',*,*,#6680,.F.);
#9559=ORIENTED_EDGE('',*,*,#6676,.F.);
#9560=ORIENTED_EDGE('',*,*,#6659,.T.);
#9561=ORIENTED_EDGE('',*,*,#6667,.T.);
#9562=ORIENTED_EDGE('',*,*,#6663,.T.);
#9563=ORIENTED_EDGE('',*,*,#6681,.T.);
#9564=ORIENTED_EDGE('',*,*,#6682,.T.);
#9565=ORIENTED_EDGE('',*,*,#6678,.F.);
#9566=ORIENTED_EDGE('',*,*,#6662,.T.);
#9567=ORIENTED_EDGE('',*,*,#6655,.F.);
#9568=ORIENTED_EDGE('',*,*,#6683,.T.);
#9569=ORIENTED_EDGE('',*,*,#6681,.F.);
#9570=ORIENTED_EDGE('',*,*,#6680,.T.);
#9571=ORIENTED_EDGE('',*,*,#6684,.T.);
#9572=ORIENTED_EDGE('',*,*,#6674,.F.);
#9573=ORIENTED_EDGE('',*,*,#6677,.F.);
#9574=ORIENTED_EDGE('',*,*,#6679,.F.);
#9575=ORIENTED_EDGE('',*,*,#6685,.T.);
#9576=ORIENTED_EDGE('',*,*,#6675,.T.);
#9577=ORIENTED_EDGE('',*,*,#6684,.F.);
#9578=ORIENTED_EDGE('',*,*,#6682,.F.);
#9579=ORIENTED_EDGE('',*,*,#6686,.T.);
#9580=ORIENTED_EDGE('',*,*,#6672,.T.);
#9581=ORIENTED_EDGE('',*,*,#6685,.F.);
#9582=ORIENTED_EDGE('',*,*,#6683,.F.);
#9583=ORIENTED_EDGE('',*,*,#6654,.F.);
#9584=ORIENTED_EDGE('',*,*,#6670,.F.);
#9585=ORIENTED_EDGE('',*,*,#6686,.F.);
#9586=ORIENTED_EDGE('',*,*,#6687,.F.);
#9587=ORIENTED_EDGE('',*,*,#6688,.T.);
#9588=ORIENTED_EDGE('',*,*,#6689,.T.);
#9589=ORIENTED_EDGE('',*,*,#6688,.F.);
#9590=ORIENTED_EDGE('',*,*,#6687,.T.);
#9591=ORIENTED_EDGE('',*,*,#6689,.F.);
#9592=ORIENTED_EDGE('',*,*,#6690,.F.);
#9593=ORIENTED_EDGE('',*,*,#6691,.T.);
#9594=ORIENTED_EDGE('',*,*,#6692,.T.);
#9595=ORIENTED_EDGE('',*,*,#6691,.F.);
#9596=ORIENTED_EDGE('',*,*,#6690,.T.);
#9597=ORIENTED_EDGE('',*,*,#6692,.F.);
#9598=ORIENTED_EDGE('',*,*,#6693,.F.);
#9599=ORIENTED_EDGE('',*,*,#6694,.T.);
#9600=ORIENTED_EDGE('',*,*,#6695,.T.);
#9601=ORIENTED_EDGE('',*,*,#6694,.F.);
#9602=ORIENTED_EDGE('',*,*,#6693,.T.);
#9603=ORIENTED_EDGE('',*,*,#6695,.F.);
#9604=ORIENTED_EDGE('',*,*,#6696,.F.);
#9605=ORIENTED_EDGE('',*,*,#6697,.T.);
#9606=ORIENTED_EDGE('',*,*,#6698,.F.);
#9607=ORIENTED_EDGE('',*,*,#6699,.F.);
#9608=ORIENTED_EDGE('',*,*,#6700,.F.);
#9609=ORIENTED_EDGE('',*,*,#6699,.T.);
#9610=ORIENTED_EDGE('',*,*,#6701,.F.);
#9611=ORIENTED_EDGE('',*,*,#6702,.F.);
#9612=ORIENTED_EDGE('',*,*,#6703,.F.);
#9613=ORIENTED_EDGE('',*,*,#6702,.T.);
#9614=ORIENTED_EDGE('',*,*,#6704,.F.);
#9615=ORIENTED_EDGE('',*,*,#6705,.F.);
#9616=ORIENTED_EDGE('',*,*,#6706,.F.);
#9617=ORIENTED_EDGE('',*,*,#6705,.T.);
#9618=ORIENTED_EDGE('',*,*,#6707,.F.);
#9619=ORIENTED_EDGE('',*,*,#6697,.F.);
#9620=ORIENTED_EDGE('',*,*,#6707,.T.);
#9621=ORIENTED_EDGE('',*,*,#6704,.T.);
#9622=ORIENTED_EDGE('',*,*,#6701,.T.);
#9623=ORIENTED_EDGE('',*,*,#6698,.T.);
#9624=ORIENTED_EDGE('',*,*,#6706,.T.);
#9625=ORIENTED_EDGE('',*,*,#6696,.T.);
#9626=ORIENTED_EDGE('',*,*,#6700,.T.);
#9627=ORIENTED_EDGE('',*,*,#6703,.T.);
#9628=CYLINDRICAL_SURFACE('',#10513,1.);
#9629=CYLINDRICAL_SURFACE('',#10516,2.21428571428571);
#9630=CYLINDRICAL_SURFACE('',#10525,2.5);
#9631=CYLINDRICAL_SURFACE('',#10529,2.5);
#9632=CYLINDRICAL_SURFACE('',#10539,1.895);
#9633=CYLINDRICAL_SURFACE('',#10541,1.);
#9634=CYLINDRICAL_SURFACE('',#10556,1.895);
#9635=CYLINDRICAL_SURFACE('',#10558,1.);
#9636=CYLINDRICAL_SURFACE('',#10568,1.05);
#9637=CYLINDRICAL_SURFACE('',#10574,2.75);
#9638=CYLINDRICAL_SURFACE('',#10587,3.);
#9639=CYLINDRICAL_SURFACE('',#10590,3.);
#9640=CYLINDRICAL_SURFACE('',#10592,1.59949054878856);
#9641=CYLINDRICAL_SURFACE('',#10633,2.72727272727273);
#9642=CYLINDRICAL_SURFACE('',#10636,2.72727272727273);
#9643=CYLINDRICAL_SURFACE('',#10638,3.);
#9644=CYLINDRICAL_SURFACE('',#10679,1.05);
#9645=CYLINDRICAL_SURFACE('',#10681,1.05);
#9646=CYLINDRICAL_SURFACE('',#10689,2.75);
#9647=CYLINDRICAL_SURFACE('',#10692,2.75);
#9648=CYLINDRICAL_SURFACE('',#10698,3.);
#9649=CYLINDRICAL_SURFACE('',#10699,3.);
#9650=CYLINDRICAL_SURFACE('',#10704,3.1);
#9651=CYLINDRICAL_SURFACE('',#10729,0.9);
#9652=CYLINDRICAL_SURFACE('',#10731,0.9);
#9653=CYLINDRICAL_SURFACE('',#10733,0.9);
#9654=CYLINDRICAL_SURFACE('',#10735,0.9);
#9655=CYLINDRICAL_SURFACE('',#10737,0.9);
#9656=CYLINDRICAL_SURFACE('',#10738,0.9);
#9657=CYLINDRICAL_SURFACE('',#10741,0.9);
#9658=CYLINDRICAL_SURFACE('',#10767,2.75);
#9659=CYLINDRICAL_SURFACE('',#10770,2.75);
#9660=CYLINDRICAL_SURFACE('',#10773,2.75);
#9661=CYLINDRICAL_SURFACE('',#10776,2.75);
#9662=CYLINDRICAL_SURFACE('',#10779,2.75);
#9663=CYLINDRICAL_SURFACE('',#10782,2.75);
#9664=CYLINDRICAL_SURFACE('',#10803,3.57142321054486);
#9665=CYLINDRICAL_SURFACE('',#10804,3.57142321054486);
#9666=CYLINDRICAL_SURFACE('',#10805,3.57142927621382);
#9667=CYLINDRICAL_SURFACE('',#10806,3.57142927621382);
#9668=CYLINDRICAL_SURFACE('',#10807,6.28657701837621);
#9669=CYLINDRICAL_SURFACE('',#10808,6.28657701837621);
#9670=CYLINDRICAL_SURFACE('',#10809,3.57142931938633);
#9671=CYLINDRICAL_SURFACE('',#10810,3.57142931938633);
#9672=CYLINDRICAL_SURFACE('',#10811,3.57142927573746);
#9673=CYLINDRICAL_SURFACE('',#10812,3.57142927573746);
#9674=CYLINDRICAL_SURFACE('',#10813,6.28657700906105);
#9675=CYLINDRICAL_SURFACE('',#10814,6.28657700906105);
#9676=CYLINDRICAL_SURFACE('',#10815,3.57142932042618);
#9677=CYLINDRICAL_SURFACE('',#10816,3.57142932042618);
#9678=CYLINDRICAL_SURFACE('',#10817,3.57142927701031);
#9679=CYLINDRICAL_SURFACE('',#10818,3.57142927701031);
#9680=CYLINDRICAL_SURFACE('',#10819,6.28657702171792);
#9681=CYLINDRICAL_SURFACE('',#10820,6.28657702171792);
#9682=CYLINDRICAL_SURFACE('',#10821,3.57142932084407);
#9683=CYLINDRICAL_SURFACE('',#10822,3.57142932084407);
#9684=CYLINDRICAL_SURFACE('',#10823,3.57142927578658);
#9685=CYLINDRICAL_SURFACE('',#10824,3.57142927578658);
#9686=CYLINDRICAL_SURFACE('',#10825,6.28657708703644);
#9687=CYLINDRICAL_SURFACE('',#10826,6.28657708703644);
#9688=CYLINDRICAL_SURFACE('',#10827,3.57142932023274);
#9689=CYLINDRICAL_SURFACE('',#10828,3.57142932023274);
#9690=CYLINDRICAL_SURFACE('',#10829,3.57142607394881);
#9691=CYLINDRICAL_SURFACE('',#10830,3.57142607394881);
#9692=CYLINDRICAL_SURFACE('',#10831,6.28657706612527);
#9693=CYLINDRICAL_SURFACE('',#10832,6.28657706612527);
#9694=CYLINDRICAL_SURFACE('',#10833,3.57142932084247);
#9695=CYLINDRICAL_SURFACE('',#10834,3.57142927765373);
#9696=CYLINDRICAL_SURFACE('',#10835,3.5714286705484);
#9697=CYLINDRICAL_SURFACE('',#10838,1.42857142857143);
#9698=CYLINDRICAL_SURFACE('',#10839,0.714285714285713);
#9699=CYLINDRICAL_SURFACE('',#10840,0.857142857142855);
#9700=CYLINDRICAL_SURFACE('',#10842,6.28657707423281);
#9701=CYLINDRICAL_SURFACE('',#10844,0.5);
#9702=CYLINDRICAL_SURFACE('',#10852,0.5);
#9703=CYLINDRICAL_SURFACE('',#10854,0.5);
#9704=CYLINDRICAL_SURFACE('',#10857,0.5);
#9705=CYLINDRICAL_SURFACE('',#10878,2.75);
#9706=CYLINDRICAL_SURFACE('',#10880,0.0499999999998969);
#9707=CYLINDRICAL_SURFACE('',#10884,0.0499999999998969);
#9708=CYLINDRICAL_SURFACE('',#10891,0.199999999999649);
#9709=CYLINDRICAL_SURFACE('',#10895,0.0499999999998969);
#9710=CYLINDRICAL_SURFACE('',#10901,0.199999999999649);
#9711=CYLINDRICAL_SURFACE('',#10905,0.0499999999998969);
#9712=CYLINDRICAL_SURFACE('',#10910,0.199999999999649);
#9713=CYLINDRICAL_SURFACE('',#10916,0.199999999999649);
#9714=CYLINDRICAL_SURFACE('',#10920,0.0499999999998969);
#9715=CYLINDRICAL_SURFACE('',#10926,0.199999999999649);
#9716=CYLINDRICAL_SURFACE('',#10932,0.199999999999649);
#9717=CYLINDRICAL_SURFACE('',#10936,0.0499999999998969);
#9718=CYLINDRICAL_SURFACE('',#10942,0.199999999999649);
#9719=CYLINDRICAL_SURFACE('',#10946,0.0499999999998969);
#9720=CYLINDRICAL_SURFACE('',#10951,0.199999999999649);
#9721=CYLINDRICAL_SURFACE('',#10955,0.0499999999998969);
#9722=CYLINDRICAL_SURFACE('',#10960,2.);
#9723=CYLINDRICAL_SURFACE('',#10996,1.5);
#9724=CYLINDRICAL_SURFACE('',#11003,3.);
#9725=CYLINDRICAL_SURFACE('',#11012,2.75);
#9726=CYLINDRICAL_SURFACE('',#11015,2.75);
#9727=CYLINDRICAL_SURFACE('',#11019,2.);
#9728=CYLINDRICAL_SURFACE('',#11020,2.);
#9729=CYLINDRICAL_SURFACE('',#11021,1.);
#9730=CYLINDRICAL_SURFACE('',#11023,1.);
#9731=CYLINDRICAL_SURFACE('',#11025,3.);
#9732=CYLINDRICAL_SURFACE('',#11027,2.42899254112327);
#9733=CYLINDRICAL_SURFACE('',#11028,0.5);
#9734=CYLINDRICAL_SURFACE('',#11038,10.6);
#9735=CYLINDRICAL_SURFACE('',#11040,8.50000000000003);
#9736=CYLINDRICAL_SURFACE('',#11052,1.5);
#9737=CYLINDRICAL_SURFACE('',#11063,3.);
#9738=CYLINDRICAL_SURFACE('',#11068,2.75);
#9739=CYLINDRICAL_SURFACE('',#11074,2.75);
#9740=CYLINDRICAL_SURFACE('',#11080,2.75);
#9741=CYLINDRICAL_SURFACE('',#11084,2.);
#9742=CYLINDRICAL_SURFACE('',#11086,2.);
#9743=CYLINDRICAL_SURFACE('',#11089,2.);
#9744=CYLINDRICAL_SURFACE('',#11091,1.);
#9745=CYLINDRICAL_SURFACE('',#11094,1.);
#9746=CYLINDRICAL_SURFACE('',#11096,8.50000000000003);
#9747=CYLINDRICAL_SURFACE('',#11101,3.);
#9748=CYLINDRICAL_SURFACE('',#11103,10.6);
#9749=CYLINDRICAL_SURFACE('',#11108,0.5);
#9750=CYLINDRICAL_SURFACE('',#11127,2.42899254112327);
#9751=CYLINDRICAL_SURFACE('',#11140,10.6);
#9752=CYLINDRICAL_SURFACE('',#11144,0.195);
#9753=CYLINDRICAL_SURFACE('',#11168,0.0499999999986684);
#9754=CYLINDRICAL_SURFACE('',#11173,0.199999999999649);
#9755=CYLINDRICAL_SURFACE('',#11176,0.0499999999998969);
#9756=CYLINDRICAL_SURFACE('',#11181,0.2);
#9757=CYLINDRICAL_SURFACE('',#11190,0.0499999999986684);
#9758=CYLINDRICAL_SURFACE('',#11195,0.199999999999649);
#9759=CYLINDRICAL_SURFACE('',#11198,0.0499999999998969);
#9760=CYLINDRICAL_SURFACE('',#11203,0.2);
#9761=CYLINDRICAL_SURFACE('',#11212,0.0499999999986684);
#9762=CYLINDRICAL_SURFACE('',#11217,0.199999999999649);
#9763=CYLINDRICAL_SURFACE('',#11220,0.0499999999998969);
#9764=CYLINDRICAL_SURFACE('',#11225,0.2);
#9765=CYLINDRICAL_SURFACE('',#11234,0.0499999999986684);
#9766=CYLINDRICAL_SURFACE('',#11239,0.199999999999649);
#9767=CYLINDRICAL_SURFACE('',#11242,0.0499999999998969);
#9768=CYLINDRICAL_SURFACE('',#11247,0.2);
#9769=CYLINDRICAL_SURFACE('',#11256,0.0499999999986684);
#9770=CYLINDRICAL_SURFACE('',#11261,0.199999999999649);
#9771=CYLINDRICAL_SURFACE('',#11264,0.0499999999998969);
#9772=CYLINDRICAL_SURFACE('',#11269,0.2);
#9773=CYLINDRICAL_SURFACE('',#11278,0.0499999999986684);
#9774=CYLINDRICAL_SURFACE('',#11283,0.199999999999649);
#9775=CYLINDRICAL_SURFACE('',#11286,0.0499999999998969);
#9776=CYLINDRICAL_SURFACE('',#11291,0.2);
#9777=CYLINDRICAL_SURFACE('',#11300,0.0499999999986684);
#9778=CYLINDRICAL_SURFACE('',#11305,0.199999999999649);
#9779=CYLINDRICAL_SURFACE('',#11308,0.0499999999998969);
#9780=CYLINDRICAL_SURFACE('',#11313,0.2);
#9781=CYLINDRICAL_SURFACE('',#11322,0.0499999999986684);
#9782=CYLINDRICAL_SURFACE('',#11327,0.199999999999649);
#9783=CYLINDRICAL_SURFACE('',#11330,0.0499999999998969);
#9784=CYLINDRICAL_SURFACE('',#11335,0.2);
#9785=CYLINDRICAL_SURFACE('',#11348,0.04);
#9786=CYLINDRICAL_SURFACE('',#11365,0.04);
#9787=CYLINDRICAL_SURFACE('',#11366,0.04);
#9788=CYLINDRICAL_SURFACE('',#11375,0.04);
#9789=CYLINDRICAL_SURFACE('',#11376,0.04);
#9790=CYLINDRICAL_SURFACE('',#11377,0.04);
#9791=CYLINDRICAL_SURFACE('',#11378,0.04);
#9792=CYLINDRICAL_SURFACE('',#11379,0.04);
#9793=CYLINDRICAL_SURFACE('',#11380,0.04);
#9794=CYLINDRICAL_SURFACE('',#11381,0.04);
#9795=CYLINDRICAL_SURFACE('',#11382,0.04);
#9796=CYLINDRICAL_SURFACE('',#11383,0.04);
#9797=CYLINDRICAL_SURFACE('',#11397,0.04);
#9798=CYLINDRICAL_SURFACE('',#11414,0.04);
#9799=CYLINDRICAL_SURFACE('',#11415,0.04);
#9800=CYLINDRICAL_SURFACE('',#11424,0.04);
#9801=CYLINDRICAL_SURFACE('',#11425,0.04);
#9802=CYLINDRICAL_SURFACE('',#11426,0.04);
#9803=CYLINDRICAL_SURFACE('',#11427,0.04);
#9804=CYLINDRICAL_SURFACE('',#11428,0.04);
#9805=CYLINDRICAL_SURFACE('',#11429,0.04);
#9806=CYLINDRICAL_SURFACE('',#11430,0.04);
#9807=CYLINDRICAL_SURFACE('',#11431,0.04);
#9808=CYLINDRICAL_SURFACE('',#11432,0.04);
#9809=CYLINDRICAL_SURFACE('',#11449,2.);
#9810=CYLINDRICAL_SURFACE('',#11453,3.1);
#9811=CYLINDRICAL_SURFACE('',#11458,3.);
#9812=CYLINDRICAL_SURFACE('',#11465,0.75);
#9813=CYLINDRICAL_SURFACE('',#11470,0.75);
#9814=CYLINDRICAL_SURFACE('',#11475,0.75);
#9815=ADVANCED_FACE('',(#734),#9628,.F.);
#9816=ADVANCED_FACE('',(#735),#9629,.T.);
#9817=ADVANCED_FACE('',(#736,#345),#398,.F.);
#9818=ADVANCED_FACE('',(#737,#346),#399,.T.);
#9819=ADVANCED_FACE('',(#738),#9630,.T.);
#9820=ADVANCED_FACE('',(#739),#334,.T.);
#9821=ADVANCED_FACE('',(#740),#9631,.T.);
#9822=ADVANCED_FACE('',(#741),#335,.T.);
#9823=ADVANCED_FACE('',(#742),#400,.F.);
#9824=ADVANCED_FACE('',(#743,#347),#401,.F.);
#9825=ADVANCED_FACE('',(#744),#9632,.T.);
#9826=ADVANCED_FACE('',(#745),#9633,.T.);
#9827=ADVANCED_FACE('',(#746,#348),#402,.T.);
#9828=ADVANCED_FACE('',(#747),#403,.T.);
#9829=ADVANCED_FACE('',(#748),#404,.T.);
#9830=ADVANCED_FACE('',(#749),#405,.T.);
#9831=ADVANCED_FACE('',(#750),#406,.T.);
#9832=ADVANCED_FACE('',(#751),#407,.T.);
#9833=ADVANCED_FACE('',(#752),#408,.T.);
#9834=ADVANCED_FACE('',(#753),#409,.T.);
#9835=ADVANCED_FACE('',(#754),#410,.F.);
#9836=ADVANCED_FACE('',(#755,#349),#411,.F.);
#9837=ADVANCED_FACE('',(#756),#9634,.T.);
#9838=ADVANCED_FACE('',(#757),#9635,.T.);
#9839=ADVANCED_FACE('',(#758,#350),#412,.T.);
#9840=ADVANCED_FACE('',(#759),#413,.T.);
#9841=ADVANCED_FACE('',(#760),#414,.T.);
#9842=ADVANCED_FACE('',(#761),#415,.T.);
#9843=ADVANCED_FACE('',(#762),#416,.T.);
#9844=ADVANCED_FACE('',(#763),#417,.T.);
#9845=ADVANCED_FACE('',(#764),#418,.T.);
#9846=ADVANCED_FACE('',(#765),#419,.T.);
#9847=ADVANCED_FACE('',(#766),#9636,.F.);
#9848=ADVANCED_FACE('',(#767),#336,.T.);
#9849=ADVANCED_FACE('',(#768),#9637,.F.);
#9850=ADVANCED_FACE('',(#769,#351),#420,.T.);
#9851=ADVANCED_FACE('',(#770,#352),#421,.T.);
#9852=ADVANCED_FACE('',(#771),#9638,.T.);
#9853=ADVANCED_FACE('',(#772),#422,.T.);
#9854=ADVANCED_FACE('',(#773),#9639,.T.);
#9855=ADVANCED_FACE('',(#774),#9640,.F.);
#9856=ADVANCED_FACE('',(#775),#423,.F.);
#9857=ADVANCED_FACE('',(#776),#424,.F.);
#9858=ADVANCED_FACE('',(#777),#425,.F.);
#9859=ADVANCED_FACE('',(#778,#353,#354,#355,#356,#357,#358),#426,.T.);
#9860=ADVANCED_FACE('',(#779,#359,#360,#361),#427,.T.);
#9861=ADVANCED_FACE('',(#780),#9641,.F.);
#9862=ADVANCED_FACE('',(#781,#362),#428,.T.);
#9863=ADVANCED_FACE('',(#782),#9642,.F.);
#9864=ADVANCED_FACE('',(#783),#9643,.F.);
#9865=ADVANCED_FACE('',(#784),#429,.T.);
#9866=ADVANCED_FACE('',(#785,#363,#364,#365,#366,#367,#368),#430,.F.);
#9867=ADVANCED_FACE('',(#786),#431,.F.);
#9868=ADVANCED_FACE('',(#787),#432,.F.);
#9869=ADVANCED_FACE('',(#788),#433,.F.);
#9870=ADVANCED_FACE('',(#789),#434,.F.);
#9871=ADVANCED_FACE('',(#790),#435,.F.);
#9872=ADVANCED_FACE('',(#791),#436,.F.);
#9873=ADVANCED_FACE('',(#792),#437,.T.);
#9874=ADVANCED_FACE('',(#793),#438,.T.);
#9875=ADVANCED_FACE('',(#794),#439,.T.);
#9876=ADVANCED_FACE('',(#795),#9644,.F.);
#9877=ADVANCED_FACE('',(#796),#9645,.F.);
#9878=ADVANCED_FACE('',(#797),#337,.T.);
#9879=ADVANCED_FACE('',(#798),#338,.T.);
#9880=ADVANCED_FACE('',(#799),#9646,.F.);
#9881=ADVANCED_FACE('',(#800,#369),#440,.T.);
#9882=ADVANCED_FACE('',(#801),#9647,.F.);
#9883=ADVANCED_FACE('',(#802,#370),#441,.T.);
#9884=ADVANCED_FACE('',(#803,#371),#442,.T.);
#9885=ADVANCED_FACE('',(#804,#372),#443,.T.);
#9886=ADVANCED_FACE('',(#805),#444,.T.);
#9887=ADVANCED_FACE('',(#806),#9648,.T.);
#9888=ADVANCED_FACE('',(#807),#9649,.T.);
#9889=ADVANCED_FACE('',(#808),#445,.T.);
#9890=ADVANCED_FACE('',(#809),#446,.T.);
#9891=ADVANCED_FACE('',(#810),#447,.T.);
#9892=ADVANCED_FACE('',(#811),#448,.T.);
#9893=ADVANCED_FACE('',(#812),#9650,.F.);
#9894=ADVANCED_FACE('',(#813),#449,.F.);
#9895=ADVANCED_FACE('',(#814),#450,.F.);
#9896=ADVANCED_FACE('',(#815),#451,.F.);
#9897=ADVANCED_FACE('',(#816),#452,.F.);
#9898=ADVANCED_FACE('',(#817,#373),#453,.F.);
#9899=ADVANCED_FACE('',(#818),#9651,.F.);
#9900=ADVANCED_FACE('',(#819),#9652,.F.);
#9901=ADVANCED_FACE('',(#820),#9653,.F.);
#9902=ADVANCED_FACE('',(#821),#9654,.F.);
#9903=ADVANCED_FACE('',(#822),#9655,.F.);
#9904=ADVANCED_FACE('',(#823),#9656,.F.);
#9905=ADVANCED_FACE('',(#824),#9657,.F.);
#9906=ADVANCED_FACE('',(#825,#374),#454,.F.);
#9907=ADVANCED_FACE('',(#826),#339,.T.);
#9908=ADVANCED_FACE('',(#827,#375),#455,.F.);
#9909=ADVANCED_FACE('',(#828),#340,.T.);
#9910=ADVANCED_FACE('',(#829,#376),#456,.F.);
#9911=ADVANCED_FACE('',(#830),#341,.T.);
#9912=ADVANCED_FACE('',(#831,#377),#457,.F.);
#9913=ADVANCED_FACE('',(#832),#342,.T.);
#9914=ADVANCED_FACE('',(#833,#378),#458,.F.);
#9915=ADVANCED_FACE('',(#834),#343,.T.);
#9916=ADVANCED_FACE('',(#835,#379),#459,.F.);
#9917=ADVANCED_FACE('',(#836),#344,.T.);
#9918=ADVANCED_FACE('',(#837),#9658,.F.);
#9919=ADVANCED_FACE('',(#838,#380),#460,.T.);
#9920=ADVANCED_FACE('',(#839),#9659,.F.);
#9921=ADVANCED_FACE('',(#840,#381),#461,.T.);
#9922=ADVANCED_FACE('',(#841),#9660,.F.);
#9923=ADVANCED_FACE('',(#842,#382),#462,.T.);
#9924=ADVANCED_FACE('',(#843),#9661,.F.);
#9925=ADVANCED_FACE('',(#844,#383),#463,.T.);
#9926=ADVANCED_FACE('',(#845),#9662,.F.);
#9927=ADVANCED_FACE('',(#846,#384),#464,.T.);
#9928=ADVANCED_FACE('',(#847),#9663,.F.);
#9929=ADVANCED_FACE('',(#848,#385),#465,.T.);
#9930=ADVANCED_FACE('',(#849,#386),#466,.T.);
#9931=ADVANCED_FACE('',(#850),#467,.F.);
#9932=ADVANCED_FACE('',(#851),#9664,.F.);
#9933=ADVANCED_FACE('',(#852),#9665,.F.);
#9934=ADVANCED_FACE('',(#853),#9666,.F.);
#9935=ADVANCED_FACE('',(#854),#9667,.F.);
#9936=ADVANCED_FACE('',(#855),#120,.T.);
#9937=ADVANCED_FACE('',(#856),#121,.T.);
#9938=ADVANCED_FACE('',(#857),#9668,.T.);
#9939=ADVANCED_FACE('',(#858),#9669,.T.);
#9940=ADVANCED_FACE('',(#859),#122,.T.);
#9941=ADVANCED_FACE('',(#860),#123,.T.);
#9942=ADVANCED_FACE('',(#861),#9670,.F.);
#9943=ADVANCED_FACE('',(#862),#9671,.F.);
#9944=ADVANCED_FACE('',(#863),#9672,.F.);
#9945=ADVANCED_FACE('',(#864),#9673,.F.);
#9946=ADVANCED_FACE('',(#865),#124,.T.);
#9947=ADVANCED_FACE('',(#866),#125,.T.);
#9948=ADVANCED_FACE('',(#867),#9674,.T.);
#9949=ADVANCED_FACE('',(#868),#9675,.T.);
#9950=ADVANCED_FACE('',(#869),#126,.T.);
#9951=ADVANCED_FACE('',(#870),#127,.T.);
#9952=ADVANCED_FACE('',(#871),#9676,.F.);
#9953=ADVANCED_FACE('',(#872),#9677,.F.);
#9954=ADVANCED_FACE('',(#873),#9678,.F.);
#9955=ADVANCED_FACE('',(#874),#9679,.F.);
#9956=ADVANCED_FACE('',(#875),#128,.T.);
#9957=ADVANCED_FACE('',(#876),#129,.T.);
#9958=ADVANCED_FACE('',(#877),#9680,.T.);
#9959=ADVANCED_FACE('',(#878),#9681,.T.);
#9960=ADVANCED_FACE('',(#879),#130,.T.);
#9961=ADVANCED_FACE('',(#880),#131,.T.);
#9962=ADVANCED_FACE('',(#881),#9682,.F.);
#9963=ADVANCED_FACE('',(#882),#9683,.F.);
#9964=ADVANCED_FACE('',(#883),#9684,.F.);
#9965=ADVANCED_FACE('',(#884),#9685,.F.);
#9966=ADVANCED_FACE('',(#885),#132,.T.);
#9967=ADVANCED_FACE('',(#886),#133,.T.);
#9968=ADVANCED_FACE('',(#887),#9686,.T.);
#9969=ADVANCED_FACE('',(#888),#9687,.T.);
#9970=ADVANCED_FACE('',(#889),#134,.T.);
#9971=ADVANCED_FACE('',(#890),#135,.T.);
#9972=ADVANCED_FACE('',(#891),#9688,.F.);
#9973=ADVANCED_FACE('',(#892),#9689,.F.);
#9974=ADVANCED_FACE('',(#893),#9690,.F.);
#9975=ADVANCED_FACE('',(#894),#9691,.F.);
#9976=ADVANCED_FACE('',(#895),#136,.T.);
#9977=ADVANCED_FACE('',(#896),#137,.T.);
#9978=ADVANCED_FACE('',(#897),#9692,.T.);
#9979=ADVANCED_FACE('',(#898),#9693,.T.);
#9980=ADVANCED_FACE('',(#899),#138,.T.);
#9981=ADVANCED_FACE('',(#900),#139,.T.);
#9982=ADVANCED_FACE('',(#901),#9694,.F.);
#9983=ADVANCED_FACE('',(#902),#140,.T.);
#9984=ADVANCED_FACE('',(#903),#9695,.F.);
#9985=ADVANCED_FACE('',(#904),#9696,.F.);
#9986=ADVANCED_FACE('',(#905),#468,.T.);
#9987=ADVANCED_FACE('',(#906),#469,.T.);
#9988=ADVANCED_FACE('',(#907),#9697,.F.);
#9989=ADVANCED_FACE('',(#908),#9698,.T.);
#9990=ADVANCED_FACE('',(#909),#141,.T.);
#9991=ADVANCED_FACE('',(#910),#9699,.F.);
#9992=ADVANCED_FACE('',(#911),#470,.T.);
#9993=ADVANCED_FACE('',(#912),#9700,.T.);
#9994=ADVANCED_FACE('',(#913),#9701,.F.);
#9995=ADVANCED_FACE('',(#914),#471,.F.);
#9996=ADVANCED_FACE('',(#915),#472,.F.);
#9997=ADVANCED_FACE('',(#916),#9702,.F.);
#9998=ADVANCED_FACE('',(#917),#9703,.F.);
#9999=ADVANCED_FACE('',(#918),#473,.F.);
#10000=ADVANCED_FACE('',(#919),#9704,.F.);
#10001=ADVANCED_FACE('',(#920),#474,.F.);
#10002=ADVANCED_FACE('',(#921),#475,.F.);
#10003=ADVANCED_FACE('',(#922),#476,.F.);
#10004=ADVANCED_FACE('',(#923),#477,.F.);
#10005=ADVANCED_FACE('',(#924),#478,.T.);
#10006=ADVANCED_FACE('',(#925),#479,.T.);
#10007=ADVANCED_FACE('',(#926),#480,.T.);
#10008=ADVANCED_FACE('',(#927,#387),#481,.T.);
#10009=ADVANCED_FACE('',(#928),#482,.F.);
#10010=ADVANCED_FACE('',(#929),#9705,.F.);
#10011=ADVANCED_FACE('',(#930),#9706,.T.);
#10012=ADVANCED_FACE('',(#931),#483,.T.);
#10013=ADVANCED_FACE('',(#932),#9707,.T.);
#10014=ADVANCED_FACE('',(#933),#484,.T.);
#10015=ADVANCED_FACE('',(#934),#485,.T.);
#10016=ADVANCED_FACE('',(#935),#486,.F.);
#10017=ADVANCED_FACE('',(#936),#487,.F.);
#10018=ADVANCED_FACE('',(#937),#9708,.F.);
#10019=ADVANCED_FACE('',(#938),#488,.F.);
#10020=ADVANCED_FACE('',(#939),#9709,.T.);
#10021=ADVANCED_FACE('',(#940),#489,.F.);
#10022=ADVANCED_FACE('',(#941),#490,.F.);
#10023=ADVANCED_FACE('',(#942),#491,.T.);
#10024=ADVANCED_FACE('',(#943),#9710,.F.);
#10025=ADVANCED_FACE('',(#944),#492,.T.);
#10026=ADVANCED_FACE('',(#945),#9711,.T.);
#10027=ADVANCED_FACE('',(#946),#493,.T.);
#10028=ADVANCED_FACE('',(#947),#494,.T.);
#10029=ADVANCED_FACE('',(#948),#9712,.F.);
#10030=ADVANCED_FACE('',(#949),#495,.T.);
#10031=ADVANCED_FACE('',(#950),#496,.T.);
#10032=ADVANCED_FACE('',(#951),#9713,.F.);
#10033=ADVANCED_FACE('',(#952),#497,.T.);
#10034=ADVANCED_FACE('',(#953),#9714,.T.);
#10035=ADVANCED_FACE('',(#954),#498,.T.);
#10036=ADVANCED_FACE('',(#955),#499,.F.);
#10037=ADVANCED_FACE('',(#956),#500,.T.);
#10038=ADVANCED_FACE('',(#957),#9715,.F.);
#10039=ADVANCED_FACE('',(#958),#501,.T.);
#10040=ADVANCED_FACE('',(#959),#502,.F.);
#10041=ADVANCED_FACE('',(#960),#9716,.F.);
#10042=ADVANCED_FACE('',(#961),#503,.F.);
#10043=ADVANCED_FACE('',(#962),#9717,.T.);
#10044=ADVANCED_FACE('',(#963),#504,.F.);
#10045=ADVANCED_FACE('',(#964),#505,.F.);
#10046=ADVANCED_FACE('',(#965),#506,.F.);
#10047=ADVANCED_FACE('',(#966),#9718,.F.);
#10048=ADVANCED_FACE('',(#967),#507,.F.);
#10049=ADVANCED_FACE('',(#968),#9719,.T.);
#10050=ADVANCED_FACE('',(#969),#508,.F.);
#10051=ADVANCED_FACE('',(#970),#509,.F.);
#10052=ADVANCED_FACE('',(#971),#9720,.F.);
#10053=ADVANCED_FACE('',(#972),#510,.F.);
#10054=ADVANCED_FACE('',(#973),#9721,.T.);
#10055=ADVANCED_FACE('',(#974),#511,.F.);
#10056=ADVANCED_FACE('',(#975),#512,.F.);
#10057=ADVANCED_FACE('',(#976),#9722,.F.);
#10058=ADVANCED_FACE('',(#977),#513,.T.);
#10059=ADVANCED_FACE('',(#978),#514,.F.);
#10060=ADVANCED_FACE('',(#979),#515,.F.);
#10061=ADVANCED_FACE('',(#980),#516,.F.);
#10062=ADVANCED_FACE('',(#981),#517,.F.);
#10063=ADVANCED_FACE('',(#982),#518,.F.);
#10064=ADVANCED_FACE('',(#983),#519,.F.);
#10065=ADVANCED_FACE('',(#984),#520,.F.);
#10066=ADVANCED_FACE('',(#985),#521,.F.);
#10067=ADVANCED_FACE('',(#986),#522,.F.);
#10068=ADVANCED_FACE('',(#987),#523,.F.);
#10069=ADVANCED_FACE('',(#988),#524,.F.);
#10070=ADVANCED_FACE('',(#989),#525,.F.);
#10071=ADVANCED_FACE('',(#990),#526,.F.);
#10072=ADVANCED_FACE('',(#991),#527,.F.);
#10073=ADVANCED_FACE('',(#992),#528,.F.);
#10074=ADVANCED_FACE('',(#993),#529,.F.);
#10075=ADVANCED_FACE('',(#994),#530,.F.);
#10076=ADVANCED_FACE('',(#995),#531,.F.);
#10077=ADVANCED_FACE('',(#996),#532,.F.);
#10078=ADVANCED_FACE('',(#997),#533,.F.);
#10079=ADVANCED_FACE('',(#998),#534,.F.);
#10080=ADVANCED_FACE('',(#999),#535,.F.);
#10081=ADVANCED_FACE('',(#1000),#536,.F.);
#10082=ADVANCED_FACE('',(#1001),#537,.F.);
#10083=ADVANCED_FACE('',(#1002),#538,.F.);
#10084=ADVANCED_FACE('',(#1003,#388),#539,.T.);
#10085=ADVANCED_FACE('',(#1004),#9723,.F.);
#10086=ADVANCED_FACE('',(#1005),#540,.T.);
#10087=ADVANCED_FACE('',(#1006),#541,.F.);
#10088=ADVANCED_FACE('',(#1007),#9724,.T.);
#10089=ADVANCED_FACE('',(#1008),#542,.T.);
#10090=ADVANCED_FACE('',(#1009),#543,.T.);
#10091=ADVANCED_FACE('',(#1010),#9725,.F.);
#10092=ADVANCED_FACE('',(#1011),#544,.F.);
#10093=ADVANCED_FACE('',(#1012),#9726,.F.);
#10094=ADVANCED_FACE('',(#1013,#389),#545,.T.);
#10095=ADVANCED_FACE('',(#1014),#9727,.F.);
#10096=ADVANCED_FACE('',(#1015),#9728,.F.);
#10097=ADVANCED_FACE('',(#1016),#9729,.F.);
#10098=ADVANCED_FACE('',(#1017),#9730,.F.);
#10099=ADVANCED_FACE('',(#1018),#9731,.T.);
#10100=ADVANCED_FACE('',(#1019),#546,.T.);
#10101=ADVANCED_FACE('',(#1020),#9732,.T.);
#10102=ADVANCED_FACE('',(#1021),#9733,.F.);
#10103=ADVANCED_FACE('',(#1022),#547,.T.);
#10104=ADVANCED_FACE('',(#1023),#548,.T.);
#10105=ADVANCED_FACE('',(#1024),#549,.T.);
#10106=ADVANCED_FACE('',(#1025),#550,.T.);
#10107=ADVANCED_FACE('',(#1026),#551,.T.);
#10108=ADVANCED_FACE('',(#1027),#552,.T.);
#10109=ADVANCED_FACE('',(#1028),#553,.T.);
#10110=ADVANCED_FACE('',(#1029),#9734,.T.);
#10111=ADVANCED_FACE('',(#1030),#554,.T.);
#10112=ADVANCED_FACE('',(#1031),#9735,.F.);
#10113=ADVANCED_FACE('',(#1032),#555,.T.);
#10114=ADVANCED_FACE('',(#1033),#556,.T.);
#10115=ADVANCED_FACE('',(#1034),#557,.T.);
#10116=ADVANCED_FACE('',(#1035),#558,.T.);
#10117=ADVANCED_FACE('',(#1036),#559,.T.);
#10118=ADVANCED_FACE('',(#1037),#560,.T.);
#10119=ADVANCED_FACE('',(#1038),#561,.T.);
#10120=ADVANCED_FACE('',(#1039),#562,.T.);
#10121=ADVANCED_FACE('',(#1040),#563,.T.);
#10122=ADVANCED_FACE('',(#1041),#564,.T.);
#10123=ADVANCED_FACE('',(#1042),#9736,.F.);
#10124=ADVANCED_FACE('',(#1043),#565,.T.);
#10125=ADVANCED_FACE('',(#1044),#9737,.T.);
#10126=ADVANCED_FACE('',(#1045),#566,.F.);
#10127=ADVANCED_FACE('',(#1046),#567,.F.);
#10128=ADVANCED_FACE('',(#1047),#9738,.F.);
#10129=ADVANCED_FACE('',(#1048),#568,.F.);
#10130=ADVANCED_FACE('',(#1049,#390),#569,.T.);
#10131=ADVANCED_FACE('',(#1050),#9739,.F.);
#10132=ADVANCED_FACE('',(#1051),#570,.F.);
#10133=ADVANCED_FACE('',(#1052,#391),#571,.T.);
#10134=ADVANCED_FACE('',(#1053),#9740,.F.);
#10135=ADVANCED_FACE('',(#1054,#392),#572,.T.);
#10136=ADVANCED_FACE('',(#1055),#9741,.F.);
#10137=ADVANCED_FACE('',(#1056),#9742,.F.);
#10138=ADVANCED_FACE('',(#1057),#9743,.F.);
#10139=ADVANCED_FACE('',(#1058),#9744,.F.);
#10140=ADVANCED_FACE('',(#1059),#9745,.F.);
#10141=ADVANCED_FACE('',(#1060),#9746,.F.);
#10142=ADVANCED_FACE('',(#1061),#573,.F.);
#10143=ADVANCED_FACE('',(#1062),#9747,.T.);
#10144=ADVANCED_FACE('',(#1063),#9748,.T.);
#10145=ADVANCED_FACE('',(#1064),#574,.F.);
#10146=ADVANCED_FACE('',(#1065,#393,#394),#575,.F.);
#10147=ADVANCED_FACE('',(#1066),#9749,.F.);
#10148=ADVANCED_FACE('',(#1067),#576,.F.);
#10149=ADVANCED_FACE('',(#1068),#577,.F.);
#10150=ADVANCED_FACE('',(#1069),#578,.F.);
#10151=ADVANCED_FACE('',(#1070),#579,.F.);
#10152=ADVANCED_FACE('',(#1071),#580,.F.);
#10153=ADVANCED_FACE('',(#1072),#581,.F.);
#10154=ADVANCED_FACE('',(#1073),#582,.F.);
#10155=ADVANCED_FACE('',(#1074),#583,.F.);
#10156=ADVANCED_FACE('',(#1075),#584,.F.);
#10157=ADVANCED_FACE('',(#1076),#585,.F.);
#10158=ADVANCED_FACE('',(#1077),#586,.F.);
#10159=ADVANCED_FACE('',(#1078),#587,.F.);
#10160=ADVANCED_FACE('',(#1079),#588,.F.);
#10161=ADVANCED_FACE('',(#1080),#589,.F.);
#10162=ADVANCED_FACE('',(#1081),#590,.F.);
#10163=ADVANCED_FACE('',(#1082),#591,.F.);
#10164=ADVANCED_FACE('',(#1083),#592,.F.);
#10165=ADVANCED_FACE('',(#1084),#593,.F.);
#10166=ADVANCED_FACE('',(#1085),#9750,.T.);
#10167=ADVANCED_FACE('',(#1086),#114,.T.);
#10168=ADVANCED_FACE('',(#1087),#594,.F.);
#10169=ADVANCED_FACE('',(#1088),#595,.T.);
#10170=ADVANCED_FACE('',(#1089),#115,.T.);
#10171=ADVANCED_FACE('',(#1090),#596,.T.);
#10172=ADVANCED_FACE('',(#1091),#597,.T.);
#10173=ADVANCED_FACE('',(#1092),#598,.T.);
#10174=ADVANCED_FACE('',(#1093),#9751,.T.);
#10175=ADVANCED_FACE('',(#1094),#9752,.F.);
#10176=ADVANCED_FACE('',(#1095),#599,.T.);
#10177=ADVANCED_FACE('',(#1096),#600,.T.);
#10178=ADVANCED_FACE('',(#1097),#601,.T.);
#10179=ADVANCED_FACE('',(#1098),#602,.T.);
#10180=ADVANCED_FACE('',(#1099),#603,.T.);
#10181=ADVANCED_FACE('',(#1100),#604,.T.);
#10182=ADVANCED_FACE('',(#1101),#605,.T.);
#10183=ADVANCED_FACE('',(#1102,#395),#606,.T.);
#10184=ADVANCED_FACE('',(#1103),#607,.T.);
#10185=ADVANCED_FACE('',(#1104),#608,.T.);
#10186=ADVANCED_FACE('',(#1105),#609,.T.);
#10187=ADVANCED_FACE('',(#1106),#610,.T.);
#10188=ADVANCED_FACE('',(#1107),#611,.T.);
#10189=ADVANCED_FACE('',(#1108),#612,.F.);
#10190=ADVANCED_FACE('',(#1109),#613,.T.);
#10191=ADVANCED_FACE('',(#1110),#614,.F.);
#10192=ADVANCED_FACE('',(#1111),#615,.T.);
#10193=ADVANCED_FACE('',(#1112),#9753,.F.);
#10194=ADVANCED_FACE('',(#1113),#616,.T.);
#10195=ADVANCED_FACE('',(#1114),#617,.T.);
#10196=ADVANCED_FACE('',(#1115),#618,.T.);
#10197=ADVANCED_FACE('',(#1116),#9754,.T.);
#10198=ADVANCED_FACE('',(#1117),#619,.T.);
#10199=ADVANCED_FACE('',(#1118),#9755,.F.);
#10200=ADVANCED_FACE('',(#1119),#620,.T.);
#10201=ADVANCED_FACE('',(#1120),#621,.T.);
#10202=ADVANCED_FACE('',(#1121),#622,.T.);
#10203=ADVANCED_FACE('',(#1122),#9756,.T.);
#10204=ADVANCED_FACE('',(#1123),#623,.T.);
#10205=ADVANCED_FACE('',(#1124),#624,.T.);
#10206=ADVANCED_FACE('',(#1125),#625,.F.);
#10207=ADVANCED_FACE('',(#1126),#9757,.F.);
#10208=ADVANCED_FACE('',(#1127),#626,.F.);
#10209=ADVANCED_FACE('',(#1128),#627,.F.);
#10210=ADVANCED_FACE('',(#1129),#628,.F.);
#10211=ADVANCED_FACE('',(#1130),#9758,.T.);
#10212=ADVANCED_FACE('',(#1131),#629,.F.);
#10213=ADVANCED_FACE('',(#1132),#9759,.F.);
#10214=ADVANCED_FACE('',(#1133),#630,.F.);
#10215=ADVANCED_FACE('',(#1134),#631,.F.);
#10216=ADVANCED_FACE('',(#1135),#632,.F.);
#10217=ADVANCED_FACE('',(#1136),#9760,.T.);
#10218=ADVANCED_FACE('',(#1137),#633,.F.);
#10219=ADVANCED_FACE('',(#1138),#634,.F.);
#10220=ADVANCED_FACE('',(#1139),#635,.T.);
#10221=ADVANCED_FACE('',(#1140),#9761,.F.);
#10222=ADVANCED_FACE('',(#1141),#636,.T.);
#10223=ADVANCED_FACE('',(#1142),#637,.T.);
#10224=ADVANCED_FACE('',(#1143),#638,.T.);
#10225=ADVANCED_FACE('',(#1144),#9762,.T.);
#10226=ADVANCED_FACE('',(#1145),#639,.T.);
#10227=ADVANCED_FACE('',(#1146),#9763,.F.);
#10228=ADVANCED_FACE('',(#1147),#640,.T.);
#10229=ADVANCED_FACE('',(#1148),#641,.T.);
#10230=ADVANCED_FACE('',(#1149),#642,.T.);
#10231=ADVANCED_FACE('',(#1150),#9764,.T.);
#10232=ADVANCED_FACE('',(#1151),#643,.T.);
#10233=ADVANCED_FACE('',(#1152),#644,.F.);
#10234=ADVANCED_FACE('',(#1153),#645,.T.);
#10235=ADVANCED_FACE('',(#1154),#9765,.F.);
#10236=ADVANCED_FACE('',(#1155),#646,.T.);
#10237=ADVANCED_FACE('',(#1156),#647,.T.);
#10238=ADVANCED_FACE('',(#1157),#648,.T.);
#10239=ADVANCED_FACE('',(#1158),#9766,.T.);
#10240=ADVANCED_FACE('',(#1159),#649,.T.);
#10241=ADVANCED_FACE('',(#1160),#9767,.F.);
#10242=ADVANCED_FACE('',(#1161),#650,.T.);
#10243=ADVANCED_FACE('',(#1162),#651,.T.);
#10244=ADVANCED_FACE('',(#1163),#652,.T.);
#10245=ADVANCED_FACE('',(#1164),#9768,.T.);
#10246=ADVANCED_FACE('',(#1165),#653,.T.);
#10247=ADVANCED_FACE('',(#1166),#654,.F.);
#10248=ADVANCED_FACE('',(#1167),#655,.T.);
#10249=ADVANCED_FACE('',(#1168),#9769,.F.);
#10250=ADVANCED_FACE('',(#1169),#656,.T.);
#10251=ADVANCED_FACE('',(#1170),#657,.T.);
#10252=ADVANCED_FACE('',(#1171),#658,.T.);
#10253=ADVANCED_FACE('',(#1172),#9770,.T.);
#10254=ADVANCED_FACE('',(#1173),#659,.T.);
#10255=ADVANCED_FACE('',(#1174),#9771,.F.);
#10256=ADVANCED_FACE('',(#1175),#660,.T.);
#10257=ADVANCED_FACE('',(#1176),#661,.T.);
#10258=ADVANCED_FACE('',(#1177),#662,.T.);
#10259=ADVANCED_FACE('',(#1178),#9772,.T.);
#10260=ADVANCED_FACE('',(#1179),#663,.T.);
#10261=ADVANCED_FACE('',(#1180),#664,.T.);
#10262=ADVANCED_FACE('',(#1181),#665,.F.);
#10263=ADVANCED_FACE('',(#1182),#9773,.F.);
#10264=ADVANCED_FACE('',(#1183),#666,.F.);
#10265=ADVANCED_FACE('',(#1184),#667,.F.);
#10266=ADVANCED_FACE('',(#1185),#668,.F.);
#10267=ADVANCED_FACE('',(#1186),#9774,.T.);
#10268=ADVANCED_FACE('',(#1187),#669,.F.);
#10269=ADVANCED_FACE('',(#1188),#9775,.F.);
#10270=ADVANCED_FACE('',(#1189),#670,.F.);
#10271=ADVANCED_FACE('',(#1190),#671,.F.);
#10272=ADVANCED_FACE('',(#1191),#672,.F.);
#10273=ADVANCED_FACE('',(#1192),#9776,.T.);
#10274=ADVANCED_FACE('',(#1193),#673,.F.);
#10275=ADVANCED_FACE('',(#1194),#674,.T.);
#10276=ADVANCED_FACE('',(#1195),#675,.F.);
#10277=ADVANCED_FACE('',(#1196),#9777,.F.);
#10278=ADVANCED_FACE('',(#1197),#676,.F.);
#10279=ADVANCED_FACE('',(#1198),#677,.F.);
#10280=ADVANCED_FACE('',(#1199),#678,.F.);
#10281=ADVANCED_FACE('',(#1200),#9778,.T.);
#10282=ADVANCED_FACE('',(#1201),#679,.F.);
#10283=ADVANCED_FACE('',(#1202),#9779,.F.);
#10284=ADVANCED_FACE('',(#1203),#680,.F.);
#10285=ADVANCED_FACE('',(#1204),#681,.F.);
#10286=ADVANCED_FACE('',(#1205),#682,.F.);
#10287=ADVANCED_FACE('',(#1206),#9780,.T.);
#10288=ADVANCED_FACE('',(#1207),#683,.F.);
#10289=ADVANCED_FACE('',(#1208),#684,.T.);
#10290=ADVANCED_FACE('',(#1209),#685,.F.);
#10291=ADVANCED_FACE('',(#1210),#9781,.F.);
#10292=ADVANCED_FACE('',(#1211),#686,.F.);
#10293=ADVANCED_FACE('',(#1212),#687,.F.);
#10294=ADVANCED_FACE('',(#1213),#688,.F.);
#10295=ADVANCED_FACE('',(#1214),#9782,.T.);
#10296=ADVANCED_FACE('',(#1215),#689,.F.);
#10297=ADVANCED_FACE('',(#1216),#9783,.F.);
#10298=ADVANCED_FACE('',(#1217),#690,.F.);
#10299=ADVANCED_FACE('',(#1218),#691,.F.);
#10300=ADVANCED_FACE('',(#1219),#692,.F.);
#10301=ADVANCED_FACE('',(#1220),#9784,.T.);
#10302=ADVANCED_FACE('',(#1221),#693,.F.);
#10303=ADVANCED_FACE('',(#1222),#14,.T.);
#10304=ADVANCED_FACE('',(#1223),#15,.T.);
#10305=ADVANCED_FACE('',(#1224),#9785,.T.);
#10306=ADVANCED_FACE('',(#1225),#16,.T.);
#10307=ADVANCED_FACE('',(#1226),#17,.T.);
#10308=ADVANCED_FACE('',(#1227),#18,.T.);
#10309=ADVANCED_FACE('',(#1228),#19,.T.);
#10310=ADVANCED_FACE('',(#1229),#9786,.T.);
#10311=ADVANCED_FACE('',(#1230),#9787,.T.);
#10312=ADVANCED_FACE('',(#1231),#20,.T.);
#10313=ADVANCED_FACE('',(#1232),#21,.T.);
#10314=ADVANCED_FACE('',(#1233),#9788,.T.);
#10315=ADVANCED_FACE('',(#1234),#9789,.T.);
#10316=ADVANCED_FACE('',(#1235),#9790,.T.);
#10317=ADVANCED_FACE('',(#1236),#9791,.T.);
#10318=ADVANCED_FACE('',(#1237),#9792,.T.);
#10319=ADVANCED_FACE('',(#1238),#9793,.T.);
#10320=ADVANCED_FACE('',(#1239),#9794,.T.);
#10321=ADVANCED_FACE('',(#1240),#9795,.T.);
#10322=ADVANCED_FACE('',(#1241),#9796,.T.);
#10323=ADVANCED_FACE('',(#1242),#694,.F.);
#10324=ADVANCED_FACE('',(#1243),#695,.F.);
#10325=ADVANCED_FACE('',(#1244),#696,.T.);
#10326=ADVANCED_FACE('',(#1245),#697,.F.);
#10327=ADVANCED_FACE('',(#1246),#698,.F.);
#10328=ADVANCED_FACE('',(#1247),#22,.T.);
#10329=ADVANCED_FACE('',(#1248),#23,.T.);
#10330=ADVANCED_FACE('',(#1249),#9797,.T.);
#10331=ADVANCED_FACE('',(#1250),#24,.T.);
#10332=ADVANCED_FACE('',(#1251),#25,.T.);
#10333=ADVANCED_FACE('',(#1252),#26,.T.);
#10334=ADVANCED_FACE('',(#1253),#27,.T.);
#10335=ADVANCED_FACE('',(#1254),#9798,.T.);
#10336=ADVANCED_FACE('',(#1255),#9799,.T.);
#10337=ADVANCED_FACE('',(#1256),#28,.T.);
#10338=ADVANCED_FACE('',(#1257),#29,.T.);
#10339=ADVANCED_FACE('',(#1258),#9800,.T.);
#10340=ADVANCED_FACE('',(#1259),#9801,.T.);
#10341=ADVANCED_FACE('',(#1260),#9802,.T.);
#10342=ADVANCED_FACE('',(#1261),#9803,.T.);
#10343=ADVANCED_FACE('',(#1262),#9804,.T.);
#10344=ADVANCED_FACE('',(#1263),#9805,.T.);
#10345=ADVANCED_FACE('',(#1264),#9806,.T.);
#10346=ADVANCED_FACE('',(#1265),#9807,.T.);
#10347=ADVANCED_FACE('',(#1266),#9808,.T.);
#10348=ADVANCED_FACE('',(#1267),#699,.F.);
#10349=ADVANCED_FACE('',(#1268),#700,.F.);
#10350=ADVANCED_FACE('',(#1269),#701,.F.);
#10351=ADVANCED_FACE('',(#1270),#702,.T.);
#10352=ADVANCED_FACE('',(#1271),#703,.F.);
#10353=ADVANCED_FACE('',(#1272),#704,.T.);
#10354=ADVANCED_FACE('',(#1273),#705,.F.);
#10355=ADVANCED_FACE('',(#1274,#396),#706,.F.);
#10356=ADVANCED_FACE('',(#1275),#707,.F.);
#10357=ADVANCED_FACE('',(#1276,#397),#708,.F.);
#10358=ADVANCED_FACE('',(#1277),#709,.F.);
#10359=ADVANCED_FACE('',(#1278),#710,.T.);
#10360=ADVANCED_FACE('',(#1279),#711,.F.);
#10361=ADVANCED_FACE('',(#1280),#712,.F.);
#10362=ADVANCED_FACE('',(#1281),#9809,.F.);
#10363=ADVANCED_FACE('',(#1282),#713,.T.);
#10364=ADVANCED_FACE('',(#1283),#9810,.T.);
#10365=ADVANCED_FACE('',(#1284),#714,.T.);
#10366=ADVANCED_FACE('',(#1285),#715,.F.);
#10367=ADVANCED_FACE('',(#1286),#716,.F.);
#10368=ADVANCED_FACE('',(#1287),#9811,.F.);
#10369=ADVANCED_FACE('',(#1288),#717,.F.);
#10370=ADVANCED_FACE('',(#1289),#718,.F.);
#10371=ADVANCED_FACE('',(#1290),#719,.F.);
#10372=ADVANCED_FACE('',(#1291),#720,.F.);
#10373=ADVANCED_FACE('',(#1292),#721,.F.);
#10374=ADVANCED_FACE('',(#1293),#9812,.T.);
#10375=ADVANCED_FACE('',(#1294),#722,.T.);
#10376=ADVANCED_FACE('',(#1295),#723,.F.);
#10377=ADVANCED_FACE('',(#1296),#9813,.T.);
#10378=ADVANCED_FACE('',(#1297),#724,.T.);
#10379=ADVANCED_FACE('',(#1298),#725,.F.);
#10380=ADVANCED_FACE('',(#1299),#9814,.T.);
#10381=ADVANCED_FACE('',(#1300),#726,.T.);
#10382=ADVANCED_FACE('',(#1301),#727,.F.);
#10383=ADVANCED_FACE('',(#1302),#728,.T.);
#10384=ADVANCED_FACE('',(#1303),#729,.T.);
#10385=ADVANCED_FACE('',(#1304),#730,.T.);
#10386=ADVANCED_FACE('',(#1305),#731,.T.);
#10387=ADVANCED_FACE('',(#1306),#732,.T.);
#10388=ADVANCED_FACE('',(#1307),#733,.F.);
#10389=CLOSED_SHELL('',(#9815,#9816,#9817,#9818,#9819,#9820,#9821,#9822));
#10390=CLOSED_SHELL('',(#9823,#9824,#9825,#9826,#9827,#9828,#9829,#9830,
#9831,#9832,#9833,#9834));
#10391=CLOSED_SHELL('',(#9835,#9836,#9837,#9838,#9839,#9840,#9841,#9842,
#9843,#9844,#9845,#9846));
#10392=CLOSED_SHELL('',(#9847,#9848,#9849,#9850,#9851,#9852,#9853,#9854,
#9855,#9856,#9857,#9858,#9859,#9860,#9861,#9862,#9863,#9864,#9865,#9866,
#9867,#9868,#9869,#9870,#9871,#9872,#9873,#9874,#9875,#9876,#9877,#9878,
#9879,#9880,#9881,#9882,#9883,#9884,#9885,#9886,#9887,#9888,#9889,#9890,
#9891,#9892,#9893,#9894,#9895,#9896,#9897,#9898,#9899,#9900,#9901,#9902,
#9903,#9904,#9905,#9906,#9907,#9908,#9909,#9910,#9911,#9912,#9913,#9914,
#9915,#9916,#9917,#9918,#9919,#9920,#9921,#9922,#9923,#9924,#9925,#9926,
#9927,#9928,#9929,#9930,#9931,#9932,#9933,#9934,#9935,#9936,#9937,#9938,
#9939,#9940,#9941,#9942,#9943,#9944,#9945,#9946,#9947,#9948,#9949,#9950,
#9951,#9952,#9953,#9954,#9955,#9956,#9957,#9958,#9959,#9960,#9961,#9962,
#9963,#9964,#9965,#9966,#9967,#9968,#9969,#9970,#9971,#9972,#9973,#9974,
#9975,#9976,#9977,#9978,#9979,#9980,#9981,#9982,#9983,#9984,#9985,#9986,
#9987,#9988,#9989,#9990,#9991,#9992,#9993));
#10393=CLOSED_SHELL('',(#9994,#9995,#9996,#9997,#9998,#9999,#10000,#10001,
#10002,#10003,#10004,#10005,#10006,#10007,#10008,#10009,#10010,#10011,#10012,
#10013,#10014,#10015,#10016,#10017,#10018,#10019,#10020,#10021,#10022,#10023,
#10024,#10025,#10026,#10027,#10028,#10029,#10030,#10031,#10032,#10033,#10034,
#10035,#10036,#10037,#10038,#10039,#10040,#10041,#10042,#10043,#10044,#10045,
#10046,#10047,#10048,#10049,#10050,#10051,#10052,#10053,#10054,#10055,#10056,
#10057,#10058,#10059,#10060,#10061,#10062,#10063,#10064,#10065,#10066,#10067,
#10068,#10069,#10070,#10071,#10072,#10073,#10074,#10075,#10076,#10077,#10078,
#10079,#10080,#10081,#10082,#10083,#10084,#10085,#10086,#10087,#10088,#10089,
#10090,#10091,#10092,#10093,#10094,#10095,#10096,#10097,#10098,#10099,#10100,
#10101,#10102,#10103,#10104,#10105,#10106,#10107,#10108,#10109,#10110,#10111,
#10112,#10113,#10114,#10115,#10116,#10117,#10118,#10119,#10120,#10121,#10122));
#10394=CLOSED_SHELL('',(#10123,#10124,#10125,#10126,#10127,#10128,#10129,
#10130,#10131,#10132,#10133,#10134,#10135,#10136,#10137,#10138,#10139,#10140,
#10141,#10142,#10143,#10144,#10145,#10146,#10147,#10148,#10149,#10150,#10151,
#10152,#10153,#10154,#10155,#10156,#10157,#10158,#10159,#10160,#10161,#10162,
#10163,#10164,#10165,#10166));
#10395=CLOSED_SHELL('',(#10167,#10168,#10169,#10170,#10171,#10172,#10173,
#10174));
#10396=CLOSED_SHELL('',(#10175,#10176,#10177,#10178,#10179,#10180,#10181,
#10182,#10183,#10184,#10185,#10186,#10187,#10188,#10189,#10190));
#10397=CLOSED_SHELL('',(#10191,#10192,#10193,#10194,#10195,#10196,#10197,
#10198,#10199,#10200,#10201,#10202,#10203,#10204));
#10398=CLOSED_SHELL('',(#10205,#10206,#10207,#10208,#10209,#10210,#10211,
#10212,#10213,#10214,#10215,#10216,#10217,#10218));
#10399=CLOSED_SHELL('',(#10219,#10220,#10221,#10222,#10223,#10224,#10225,
#10226,#10227,#10228,#10229,#10230,#10231,#10232));
#10400=CLOSED_SHELL('',(#10233,#10234,#10235,#10236,#10237,#10238,#10239,
#10240,#10241,#10242,#10243,#10244,#10245,#10246));
#10401=CLOSED_SHELL('',(#10247,#10248,#10249,#10250,#10251,#10252,#10253,
#10254,#10255,#10256,#10257,#10258,#10259,#10260));
#10402=CLOSED_SHELL('',(#10261,#10262,#10263,#10264,#10265,#10266,#10267,
#10268,#10269,#10270,#10271,#10272,#10273,#10274));
#10403=CLOSED_SHELL('',(#10275,#10276,#10277,#10278,#10279,#10280,#10281,
#10282,#10283,#10284,#10285,#10286,#10287,#10288));
#10404=CLOSED_SHELL('',(#10289,#10290,#10291,#10292,#10293,#10294,#10295,
#10296,#10297,#10298,#10299,#10300,#10301,#10302));
#10405=CLOSED_SHELL('',(#10303,#10304,#10305,#10306,#10307,#10308,#10309,
#10310,#10311,#10312,#10313,#10314,#10315,#10316,#10317,#10318,#10319,#10320,
#10321,#10322,#10323,#10324,#10325,#10326,#10327,#10328,#10329,#10330,#10331,
#10332,#10333,#10334,#10335,#10336,#10337,#10338,#10339,#10340,#10341,#10342,
#10343,#10344,#10345,#10346,#10347,#10348,#10349,#10350,#10351,#10352,#10353,
#10354,#10355,#10356,#10357,#10358));
#10406=CLOSED_SHELL('',(#10359,#10360,#10361,#10362,#10363,#10364,#10365,
#10366,#10367,#10368,#10369,#10370,#10371,#10372,#10373));
#10407=CLOSED_SHELL('',(#10374,#10375,#10376));
#10408=CLOSED_SHELL('',(#10377,#10378,#10379));
#10409=CLOSED_SHELL('',(#10380,#10381,#10382));
#10410=CLOSED_SHELL('',(#10383,#10384,#10385,#10386,#10387,#10388));
#10411=DERIVED_UNIT_ELEMENT(#10429,1.);
#10412=DERIVED_UNIT_ELEMENT(#18097,-3.);
#10413=DERIVED_UNIT_ELEMENT(#10429,1.);
#10414=DERIVED_UNIT_ELEMENT(#18097,-3.);
#10415=DERIVED_UNIT_ELEMENT(#10429,1.);
#10416=DERIVED_UNIT_ELEMENT(#18097,-3.);
#10417=DERIVED_UNIT_ELEMENT(#10429,1.);
#10418=DERIVED_UNIT_ELEMENT(#18097,-3.);
#10419=DERIVED_UNIT_ELEMENT(#10429,1.);
#10420=DERIVED_UNIT_ELEMENT(#18097,-3.);
#10421=DERIVED_UNIT_ELEMENT(#10429,1.);
#10422=DERIVED_UNIT_ELEMENT(#18097,-3.);
#10423=DERIVED_UNIT_ELEMENT(#10429,1.);
#10424=DERIVED_UNIT_ELEMENT(#18097,-3.);
#10425=DERIVED_UNIT_ELEMENT(#10429,1.);
#10426=DERIVED_UNIT_ELEMENT(#18097,-3.);
#10427=DERIVED_UNIT_ELEMENT(#10429,1.);
#10428=DERIVED_UNIT_ELEMENT(#18097,-3.);
#10429=(
MASS_UNIT()
NAMED_UNIT(*)
SI_UNIT(.KILO.,.GRAM.)
);
#10430=DERIVED_UNIT((#10411,#10412));
#10431=DERIVED_UNIT((#10413,#10414));
#10432=DERIVED_UNIT((#10415,#10416));
#10433=DERIVED_UNIT((#10417,#10418));
#10434=DERIVED_UNIT((#10419,#10420));
#10435=DERIVED_UNIT((#10421,#10422));
#10436=DERIVED_UNIT((#10423,#10424));
#10437=DERIVED_UNIT((#10425,#10426));
#10438=DERIVED_UNIT((#10427,#10428));
#10439=MEASURE_REPRESENTATION_ITEM('density measure',
POSITIVE_RATIO_MEASURE(7850.),#10430);
#10440=MEASURE_REPRESENTATION_ITEM('density measure',
POSITIVE_RATIO_MEASURE(7850.),#10431);
#10441=MEASURE_REPRESENTATION_ITEM('density measure',
POSITIVE_RATIO_MEASURE(7850.),#10432);
#10442=MEASURE_REPRESENTATION_ITEM('density measure',
POSITIVE_RATIO_MEASURE(7850.),#10433);
#10443=MEASURE_REPRESENTATION_ITEM('density measure',
POSITIVE_RATIO_MEASURE(7850.),#10434);
#10444=MEASURE_REPRESENTATION_ITEM('density measure',
POSITIVE_RATIO_MEASURE(7850.),#10435);
#10445=MEASURE_REPRESENTATION_ITEM('density measure',
POSITIVE_RATIO_MEASURE(7850.),#10436);
#10446=MEASURE_REPRESENTATION_ITEM('density measure',
POSITIVE_RATIO_MEASURE(7850.),#10437);
#10447=MEASURE_REPRESENTATION_ITEM('density measure',
POSITIVE_RATIO_MEASURE(6020.),#10438);
#10448=PROPERTY_DEFINITION_REPRESENTATION(#10493,#10466);
#10449=PROPERTY_DEFINITION_REPRESENTATION(#10494,#10467);
#10450=PROPERTY_DEFINITION_REPRESENTATION(#10495,#10468);
#10451=PROPERTY_DEFINITION_REPRESENTATION(#10496,#10469);
#10452=PROPERTY_DEFINITION_REPRESENTATION(#10497,#10470);
#10453=PROPERTY_DEFINITION_REPRESENTATION(#10498,#10471);
#10454=PROPERTY_DEFINITION_REPRESENTATION(#10499,#10472);
#10455=PROPERTY_DEFINITION_REPRESENTATION(#10500,#10473);
#10456=PROPERTY_DEFINITION_REPRESENTATION(#10501,#10474);
#10457=PROPERTY_DEFINITION_REPRESENTATION(#10502,#10475);
#10458=PROPERTY_DEFINITION_REPRESENTATION(#10503,#10476);
#10459=PROPERTY_DEFINITION_REPRESENTATION(#10504,#10477);
#10460=PROPERTY_DEFINITION_REPRESENTATION(#10505,#10478);
#10461=PROPERTY_DEFINITION_REPRESENTATION(#10506,#10479);
#10462=PROPERTY_DEFINITION_REPRESENTATION(#10507,#10480);
#10463=PROPERTY_DEFINITION_REPRESENTATION(#10508,#10481);
#10464=PROPERTY_DEFINITION_REPRESENTATION(#10509,#10482);
#10465=PROPERTY_DEFINITION_REPRESENTATION(#10510,#10483);
#10466=REPRESENTATION('material name',(#10484),#18084);
#10467=REPRESENTATION('density',(#10439),#18084);
#10468=REPRESENTATION('material name',(#10485),#18085);
#10469=REPRESENTATION('density',(#10440),#18085);
#10470=REPRESENTATION('material name',(#10486),#18086);
#10471=REPRESENTATION('density',(#10441),#18086);
#10472=REPRESENTATION('material name',(#10487),#18087);
#10473=REPRESENTATION('density',(#10442),#18087);
#10474=REPRESENTATION('material name',(#10488),#18088);
#10475=REPRESENTATION('density',(#10443),#18088);
#10476=REPRESENTATION('material name',(#10489),#18089);
#10477=REPRESENTATION('density',(#10444),#18089);
#10478=REPRESENTATION('material name',(#10490),#18090);
#10479=REPRESENTATION('density',(#10445),#18090);
#10480=REPRESENTATION('material name',(#10491),#18093);
#10481=REPRESENTATION('density',(#10446),#18093);
#10482=REPRESENTATION('material name',(#10492),#18094);
#10483=REPRESENTATION('density',(#10447),#18094);
#10484=DESCRIPTIVE_REPRESENTATION_ITEM('Steel','Steel');
#10485=DESCRIPTIVE_REPRESENTATION_ITEM('Steel','Steel');
#10486=DESCRIPTIVE_REPRESENTATION_ITEM('Steel','Steel');
#10487=DESCRIPTIVE_REPRESENTATION_ITEM('Steel','Steel');
#10488=DESCRIPTIVE_REPRESENTATION_ITEM('Steel','Steel');
#10489=DESCRIPTIVE_REPRESENTATION_ITEM('Steel','Steel');
#10490=DESCRIPTIVE_REPRESENTATION_ITEM('Steel','Steel');
#10491=DESCRIPTIVE_REPRESENTATION_ITEM('Steel','Steel');
#10492=DESCRIPTIVE_REPRESENTATION_ITEM('Discrete Component',
'Discrete Component');
#10493=PROPERTY_DEFINITION('material property','material name',#18159);
#10494=PROPERTY_DEFINITION('material property','density of part',#18159);
#10495=PROPERTY_DEFINITION('material property','material name',#18160);
#10496=PROPERTY_DEFINITION('material property','density of part',#18160);
#10497=PROPERTY_DEFINITION('material property','material name',#18161);
#10498=PROPERTY_DEFINITION('material property','density of part',#18161);
#10499=PROPERTY_DEFINITION('material property','material name',#18162);
#10500=PROPERTY_DEFINITION('material property','density of part',#18162);
#10501=PROPERTY_DEFINITION('material property','material name',#18163);
#10502=PROPERTY_DEFINITION('material property','density of part',#18163);
#10503=PROPERTY_DEFINITION('material property','material name',#18164);
#10504=PROPERTY_DEFINITION('material property','density of part',#18164);
#10505=PROPERTY_DEFINITION('material property','material name',#18165);
#10506=PROPERTY_DEFINITION('material property','density of part',#18165);
#10507=PROPERTY_DEFINITION('material property','material name',#18168);
#10508=PROPERTY_DEFINITION('material property','density of part',#18168);
#10509=PROPERTY_DEFINITION('material property','material name',#18169);
#10510=PROPERTY_DEFINITION('material property','density of part',#18169);
#10511=AXIS2_PLACEMENT_3D('',#14478,#11507,#11508);
#10512=AXIS2_PLACEMENT_3D('',#14479,#11509,#11510);
#10513=AXIS2_PLACEMENT_3D('',#14480,#11511,#11512);
#10514=AXIS2_PLACEMENT_3D('',#14482,#11513,#11514);
#10515=AXIS2_PLACEMENT_3D('',#14485,#11516,#11517);
#10516=AXIS2_PLACEMENT_3D('',#14486,#11518,#11519);
#10517=AXIS2_PLACEMENT_3D('',#14489,#11520,#11521);
#10518=AXIS2_PLACEMENT_3D('',#14490,#11522,#11523);
#10519=AXIS2_PLACEMENT_3D('',#14494,#11525,#11526);
#10520=AXIS2_PLACEMENT_3D('',#14495,#11527,#11528);
#10521=AXIS2_PLACEMENT_3D('',#14496,#11529,#11530);
#10522=AXIS2_PLACEMENT_3D('',#14498,#11531,#11532);
#10523=AXIS2_PLACEMENT_3D('',#14499,#11533,#11534);
#10524=AXIS2_PLACEMENT_3D('',#14501,#11535,#11536);
#10525=AXIS2_PLACEMENT_3D('',#14502,#11537,#11538);
#10526=AXIS2_PLACEMENT_3D('',#14506,#11540,#11541);
#10527=AXIS2_PLACEMENT_3D('',#14507,#11542,#11543);
#10528=AXIS2_PLACEMENT_3D('',#14508,#11544,#11545);
#10529=AXIS2_PLACEMENT_3D('',#14510,#11547,#11548);
#10530=AXIS2_PLACEMENT_3D('',#14513,#11549,#11550);
#10531=AXIS2_PLACEMENT_3D('',#14515,#11552,#11553);
#10532=AXIS2_PLACEMENT_3D('',#14516,#11554,#11555);
#10533=AXIS2_PLACEMENT_3D('',#14518,#11557,#11558);
#10534=AXIS2_PLACEMENT_3D('',#14519,#11559,#11560);
#10535=AXIS2_PLACEMENT_3D('',#14521,#11561,#11562);
#10536=AXIS2_PLACEMENT_3D('',#14522,#11563,#11564);
#10537=AXIS2_PLACEMENT_3D('',#14524,#11565,#11566);
#10538=AXIS2_PLACEMENT_3D('',#14526,#11567,#11568);
#10539=AXIS2_PLACEMENT_3D('',#14527,#11569,#11570);
#10540=AXIS2_PLACEMENT_3D('',#14529,#11571,#11572);
#10541=AXIS2_PLACEMENT_3D('',#14531,#11574,#11575);
#10542=AXIS2_PLACEMENT_3D('',#14533,#11577,#11578);
#10543=AXIS2_PLACEMENT_3D('',#14546,#11585,#11586);
#10544=AXIS2_PLACEMENT_3D('',#14552,#11590,#11591);
#10545=AXIS2_PLACEMENT_3D('',#14556,#11594,#11595);
#10546=AXIS2_PLACEMENT_3D('',#14560,#11598,#11599);
#10547=AXIS2_PLACEMENT_3D('',#14566,#11603,#11604);
#10548=AXIS2_PLACEMENT_3D('',#14568,#11606,#11607);
#10549=AXIS2_PLACEMENT_3D('',#14570,#11609,#11610);
#10550=AXIS2_PLACEMENT_3D('',#14571,#11611,#11612);
#10551=AXIS2_PLACEMENT_3D('',#14572,#11613,#11614);
#10552=AXIS2_PLACEMENT_3D('',#14574,#11615,#11616);
#10553=AXIS2_PLACEMENT_3D('',#14575,#11617,#11618);
#10554=AXIS2_PLACEMENT_3D('',#14577,#11619,#11620);
#10555=AXIS2_PLACEMENT_3D('',#14579,#11621,#11622);
#10556=AXIS2_PLACEMENT_3D('',#14580,#11623,#11624);
#10557=AXIS2_PLACEMENT_3D('',#14582,#11625,#11626);
#10558=AXIS2_PLACEMENT_3D('',#14584,#11628,#11629);
#10559=AXIS2_PLACEMENT_3D('',#14586,#11631,#11632);
#10560=AXIS2_PLACEMENT_3D('',#14599,#11639,#11640);
#10561=AXIS2_PLACEMENT_3D('',#14605,#11644,#11645);
#10562=AXIS2_PLACEMENT_3D('',#14609,#11648,#11649);
#10563=AXIS2_PLACEMENT_3D('',#14613,#11652,#11653);
#10564=AXIS2_PLACEMENT_3D('',#14619,#11657,#11658);
#10565=AXIS2_PLACEMENT_3D('',#14621,#11660,#11661);
#10566=AXIS2_PLACEMENT_3D('',#14623,#11663,#11664);
#10567=AXIS2_PLACEMENT_3D('',#14624,#11665,#11666);
#10568=AXIS2_PLACEMENT_3D('',#14625,#11667,#11668);
#10569=AXIS2_PLACEMENT_3D('',#14627,#11669,#11670);
#10570=AXIS2_PLACEMENT_3D('',#14630,#11672,#11673);
#10571=AXIS2_PLACEMENT_3D('',#14631,#11674,#11675);
#10572=AXIS2_PLACEMENT_3D('',#14633,#11676,#11677);
#10573=AXIS2_PLACEMENT_3D('',#14636,#11679,#11680);
#10574=AXIS2_PLACEMENT_3D('',#14637,#11681,#11682);
#10575=AXIS2_PLACEMENT_3D('',#14639,#11683,#11684);
#10576=AXIS2_PLACEMENT_3D('',#14642,#11686,#11687);
#10577=AXIS2_PLACEMENT_3D('',#14643,#11688,#11689);
#10578=AXIS2_PLACEMENT_3D('',#14644,#11690,#11691);
#10579=AXIS2_PLACEMENT_3D('',#14649,#11693,#11694);
#10580=AXIS2_PLACEMENT_3D('',#14651,#11695,#11696);
#10581=AXIS2_PLACEMENT_3D('',#14655,#11698,#11699);
#10582=AXIS2_PLACEMENT_3D('',#14657,#11700,#11701);
#10583=AXIS2_PLACEMENT_3D('',#14663,#11704,#11705);
#10584=AXIS2_PLACEMENT_3D('',#14667,#11707,#11708);
#10585=AXIS2_PLACEMENT_3D('',#14671,#11710,#11711);
#10586=AXIS2_PLACEMENT_3D('',#14675,#11713,#11714);
#10587=AXIS2_PLACEMENT_3D('',#14677,#11716,#11717);
#10588=AXIS2_PLACEMENT_3D('',#14681,#11719,#11720);
#10589=AXIS2_PLACEMENT_3D('',#14683,#11722,#11723);
#10590=AXIS2_PLACEMENT_3D('',#14687,#11726,#11727);
#10591=AXIS2_PLACEMENT_3D('',#14689,#11728,#11729);
#10592=AXIS2_PLACEMENT_3D('',#14691,#11731,#11732);
#10593=AXIS2_PLACEMENT_3D('',#14694,#11733,#11734);
#10594=AXIS2_PLACEMENT_3D('',#14698,#11736,#11737);
#10595=AXIS2_PLACEMENT_3D('',#14700,#11739,#11740);
#10596=AXIS2_PLACEMENT_3D('',#14709,#11745,#11746);
#10597=AXIS2_PLACEMENT_3D('',#14715,#11750,#11751);
#10598=AXIS2_PLACEMENT_3D('',#14721,#11755,#11756);
#10599=AXIS2_PLACEMENT_3D('',#14729,#11760,#11761);
#10600=AXIS2_PLACEMENT_3D('',#14753,#11773,#11774);
#10601=AXIS2_PLACEMENT_3D('',#14762,#11775,#11776);
#10602=AXIS2_PLACEMENT_3D('',#14764,#11777,#11778);
#10603=AXIS2_PLACEMENT_3D('',#14770,#11781,#11782);
#10604=AXIS2_PLACEMENT_3D('',#14772,#11783,#11784);
#10605=AXIS2_PLACEMENT_3D('',#14774,#11785,#11786);
#10606=AXIS2_PLACEMENT_3D('',#14781,#11787,#11788);
#10607=AXIS2_PLACEMENT_3D('',#14788,#11789,#11790);
#10608=AXIS2_PLACEMENT_3D('',#14790,#11791,#11792);
#10609=AXIS2_PLACEMENT_3D('',#14797,#11793,#11794);
#10610=AXIS2_PLACEMENT_3D('',#14806,#11795,#11796);
#10611=AXIS2_PLACEMENT_3D('',#14808,#11797,#11798);
#10612=AXIS2_PLACEMENT_3D('',#14815,#11799,#11800);
#10613=AXIS2_PLACEMENT_3D('',#14822,#11801,#11802);
#10614=AXIS2_PLACEMENT_3D('',#14824,#11803,#11804);
#10615=AXIS2_PLACEMENT_3D('',#14833,#11805,#11806);
#10616=AXIS2_PLACEMENT_3D('',#14840,#11807,#11808);
#10617=AXIS2_PLACEMENT_3D('',#14842,#11809,#11810);
#10618=AXIS2_PLACEMENT_3D('',#14851,#11811,#11812);
#10619=AXIS2_PLACEMENT_3D('',#14860,#11813,#11814);
#10620=AXIS2_PLACEMENT_3D('',#14862,#11815,#11816);
#10621=AXIS2_PLACEMENT_3D('',#14871,#11817,#11818);
#10622=AXIS2_PLACEMENT_3D('',#14874,#11820,#11821);
#10623=AXIS2_PLACEMENT_3D('',#14876,#11822,#11823);
#10624=AXIS2_PLACEMENT_3D('',#14878,#11824,#11825);
#10625=AXIS2_PLACEMENT_3D('',#14880,#11826,#11827);
#10626=AXIS2_PLACEMENT_3D('',#14882,#11828,#11829);
#10627=AXIS2_PLACEMENT_3D('',#14884,#11830,#11831);
#10628=AXIS2_PLACEMENT_3D('',#14885,#11832,#11833);
#10629=AXIS2_PLACEMENT_3D('',#14891,#11836,#11837);
#10630=AXIS2_PLACEMENT_3D('',#14896,#11840,#11841);
#10631=AXIS2_PLACEMENT_3D('',#14899,#11843,#11844);
#10632=AXIS2_PLACEMENT_3D('',#14901,#11845,#11846);
#10633=AXIS2_PLACEMENT_3D('',#14902,#11847,#11848);
#10634=AXIS2_PLACEMENT_3D('',#14913,#11849,#11850);
#10635=AXIS2_PLACEMENT_3D('',#14924,#11852,#11853);
#10636=AXIS2_PLACEMENT_3D('',#14925,#11854,#11855);
#10637=AXIS2_PLACEMENT_3D('',#14935,#11856,#11857);
#10638=AXIS2_PLACEMENT_3D('',#14944,#11858,#11859);
#10639=AXIS2_PLACEMENT_3D('',#14954,#11860,#11861);
#10640=AXIS2_PLACEMENT_3D('',#14964,#11863,#11864);
#10641=AXIS2_PLACEMENT_3D('',#14968,#11867,#11868);
#10642=AXIS2_PLACEMENT_3D('',#14972,#11870,#11871);
#10643=AXIS2_PLACEMENT_3D('',#14981,#11872,#11873);
#10644=AXIS2_PLACEMENT_3D('',#14983,#11874,#11875);
#10645=AXIS2_PLACEMENT_3D('',#14992,#11876,#11877);
#10646=AXIS2_PLACEMENT_3D('',#15001,#11878,#11879);
#10647=AXIS2_PLACEMENT_3D('',#15003,#11880,#11881);
#10648=AXIS2_PLACEMENT_3D('',#15010,#11882,#11883);
#10649=AXIS2_PLACEMENT_3D('',#15019,#11884,#11885);
#10650=AXIS2_PLACEMENT_3D('',#15021,#11886,#11887);
#10651=AXIS2_PLACEMENT_3D('',#15028,#11888,#11889);
#10652=AXIS2_PLACEMENT_3D('',#15035,#11890,#11891);
#10653=AXIS2_PLACEMENT_3D('',#15037,#11892,#11893);
#10654=AXIS2_PLACEMENT_3D('',#15046,#11894,#11895);
#10655=AXIS2_PLACEMENT_3D('',#15053,#11896,#11897);
#10656=AXIS2_PLACEMENT_3D('',#15055,#11898,#11899);
#10657=AXIS2_PLACEMENT_3D('',#15062,#11900,#11901);
#10658=AXIS2_PLACEMENT_3D('',#15069,#11902,#11903);
#10659=AXIS2_PLACEMENT_3D('',#15071,#11904,#11905);
#10660=AXIS2_PLACEMENT_3D('',#15073,#11906,#11907);
#10661=AXIS2_PLACEMENT_3D('',#15079,#11910,#11911);
#10662=AXIS2_PLACEMENT_3D('',#15081,#11912,#11913);
#10663=AXIS2_PLACEMENT_3D('',#15090,#11914,#11915);
#10664=AXIS2_PLACEMENT_3D('',#15112,#11927,#11928);
#10665=AXIS2_PLACEMENT_3D('',#15114,#11929,#11930);
#10666=AXIS2_PLACEMENT_3D('',#15116,#11931,#11932);
#10667=AXIS2_PLACEMENT_3D('',#15118,#11933,#11934);
#10668=AXIS2_PLACEMENT_3D('',#15120,#11935,#11936);
#10669=AXIS2_PLACEMENT_3D('',#15122,#11937,#11938);
#10670=AXIS2_PLACEMENT_3D('',#15123,#11939,#11940);
#10671=AXIS2_PLACEMENT_3D('',#15126,#11943,#11944);
#10672=AXIS2_PLACEMENT_3D('',#15129,#11947,#11948);
#10673=AXIS2_PLACEMENT_3D('',#15130,#11949,#11950);
#10674=AXIS2_PLACEMENT_3D('',#15133,#11953,#11954);
#10675=AXIS2_PLACEMENT_3D('',#15136,#11957,#11958);
#10676=AXIS2_PLACEMENT_3D('',#15137,#11959,#11960);
#10677=AXIS2_PLACEMENT_3D('',#15139,#11962,#11963);
#10678=AXIS2_PLACEMENT_3D('',#15140,#11964,#11965);
#10679=AXIS2_PLACEMENT_3D('',#15141,#11966,#11967);
#10680=AXIS2_PLACEMENT_3D('',#15143,#11968,#11969);
#10681=AXIS2_PLACEMENT_3D('',#15145,#11971,#11972);
#10682=AXIS2_PLACEMENT_3D('',#15147,#11973,#11974);
#10683=AXIS2_PLACEMENT_3D('',#15149,#11976,#11977);
#10684=AXIS2_PLACEMENT_3D('',#15151,#11978,#11979);
#10685=AXIS2_PLACEMENT_3D('',#15154,#11981,#11982);
#10686=AXIS2_PLACEMENT_3D('',#15155,#11983,#11984);
#10687=AXIS2_PLACEMENT_3D('',#15157,#11985,#11986);
#10688=AXIS2_PLACEMENT_3D('',#15160,#11988,#11989);
#10689=AXIS2_PLACEMENT_3D('',#15161,#11990,#11991);
#10690=AXIS2_PLACEMENT_3D('',#15164,#11993,#11994);
#10691=AXIS2_PLACEMENT_3D('',#15165,#11995,#11996);
#10692=AXIS2_PLACEMENT_3D('',#15166,#11997,#11998);
#10693=AXIS2_PLACEMENT_3D('',#15169,#12000,#12001);
#10694=AXIS2_PLACEMENT_3D('',#15170,#12002,#12003);
#10695=AXIS2_PLACEMENT_3D('',#15171,#12004,#12005);
#10696=AXIS2_PLACEMENT_3D('',#15172,#12006,#12007);
#10697=AXIS2_PLACEMENT_3D('',#15173,#12008,#12009);
#10698=AXIS2_PLACEMENT_3D('',#15175,#12011,#12012);
#10699=AXIS2_PLACEMENT_3D('',#15177,#12014,#12015);
#10700=AXIS2_PLACEMENT_3D('',#15180,#12018,#12019);
#10701=AXIS2_PLACEMENT_3D('',#15181,#12020,#12021);
#10702=AXIS2_PLACEMENT_3D('',#15182,#12022,#12023);
#10703=AXIS2_PLACEMENT_3D('',#15183,#12024,#12025);
#10704=AXIS2_PLACEMENT_3D('',#15185,#12027,#12028);
#10705=AXIS2_PLACEMENT_3D('',#15188,#12029,#12030);
#10706=AXIS2_PLACEMENT_3D('',#15192,#12032,#12033);
#10707=AXIS2_PLACEMENT_3D('',#15194,#12035,#12036);
#10708=AXIS2_PLACEMENT_3D('',#15200,#12040,#12041);
#10709=AXIS2_PLACEMENT_3D('',#15206,#12045,#12046);
#10710=AXIS2_PLACEMENT_3D('',#15209,#12049,#12050);
#10711=AXIS2_PLACEMENT_3D('',#15213,#12053,#12054);
#10712=AXIS2_PLACEMENT_3D('',#15215,#12055,#12056);
#10713=AXIS2_PLACEMENT_3D('',#15222,#12057,#12058);
#10714=AXIS2_PLACEMENT_3D('',#15229,#12059,#12060);
#10715=AXIS2_PLACEMENT_3D('',#15231,#12061,#12062);
#10716=AXIS2_PLACEMENT_3D('',#15240,#12063,#12064);
#10717=AXIS2_PLACEMENT_3D('',#15247,#12065,#12066);
#10718=AXIS2_PLACEMENT_3D('',#15249,#12067,#12068);
#10719=AXIS2_PLACEMENT_3D('',#15258,#12069,#12070);
#10720=AXIS2_PLACEMENT_3D('',#15267,#12071,#12072);
#10721=AXIS2_PLACEMENT_3D('',#15269,#12073,#12074);
#10722=AXIS2_PLACEMENT_3D('',#15276,#12075,#12076);
#10723=AXIS2_PLACEMENT_3D('',#15285,#12077,#12078);
#10724=AXIS2_PLACEMENT_3D('',#15287,#12079,#12080);
#10725=AXIS2_PLACEMENT_3D('',#15296,#12081,#12082);
#10726=AXIS2_PLACEMENT_3D('',#15305,#12083,#12084);
#10727=AXIS2_PLACEMENT_3D('',#15306,#12085,#12086);
#10728=AXIS2_PLACEMENT_3D('',#15308,#12087,#12088);
#10729=AXIS2_PLACEMENT_3D('',#15309,#12089,#12090);
#10730=AXIS2_PLACEMENT_3D('',#15311,#12091,#12092);
#10731=AXIS2_PLACEMENT_3D('',#15313,#12094,#12095);
#10732=AXIS2_PLACEMENT_3D('',#15315,#12096,#12097);
#10733=AXIS2_PLACEMENT_3D('',#15317,#12099,#12100);
#10734=AXIS2_PLACEMENT_3D('',#15319,#12101,#12102);
#10735=AXIS2_PLACEMENT_3D('',#15321,#12104,#12105);
#10736=AXIS2_PLACEMENT_3D('',#15323,#12106,#12107);
#10737=AXIS2_PLACEMENT_3D('',#15325,#12109,#12110);
#10738=AXIS2_PLACEMENT_3D('',#15327,#12112,#12113);
#10739=AXIS2_PLACEMENT_3D('',#15329,#12114,#12115);
#10740=AXIS2_PLACEMENT_3D('',#15332,#12117,#12118);
#10741=AXIS2_PLACEMENT_3D('',#15333,#12119,#12120);
#10742=AXIS2_PLACEMENT_3D('',#15335,#12121,#12122);
#10743=AXIS2_PLACEMENT_3D('',#15337,#12124,#12125);
#10744=AXIS2_PLACEMENT_3D('',#15339,#12126,#12127);
#10745=AXIS2_PLACEMENT_3D('',#15340,#12128,#12129);
#10746=AXIS2_PLACEMENT_3D('',#15343,#12131,#12132);
#10747=AXIS2_PLACEMENT_3D('',#15344,#12133,#12134);
#10748=AXIS2_PLACEMENT_3D('',#15346,#12135,#12136);
#10749=AXIS2_PLACEMENT_3D('',#15347,#12137,#12138);
#10750=AXIS2_PLACEMENT_3D('',#15350,#12140,#12141);
#10751=AXIS2_PLACEMENT_3D('',#15351,#12142,#12143);
#10752=AXIS2_PLACEMENT_3D('',#15353,#12144,#12145);
#10753=AXIS2_PLACEMENT_3D('',#15354,#12146,#12147);
#10754=AXIS2_PLACEMENT_3D('',#15357,#12149,#12150);
#10755=AXIS2_PLACEMENT_3D('',#15358,#12151,#12152);
#10756=AXIS2_PLACEMENT_3D('',#15360,#12153,#12154);
#10757=AXIS2_PLACEMENT_3D('',#15361,#12155,#12156);
#10758=AXIS2_PLACEMENT_3D('',#15364,#12158,#12159);
#10759=AXIS2_PLACEMENT_3D('',#15365,#12160,#12161);
#10760=AXIS2_PLACEMENT_3D('',#15367,#12162,#12163);
#10761=AXIS2_PLACEMENT_3D('',#15368,#12164,#12165);
#10762=AXIS2_PLACEMENT_3D('',#15371,#12167,#12168);
#10763=AXIS2_PLACEMENT_3D('',#15372,#12169,#12170);
#10764=AXIS2_PLACEMENT_3D('',#15374,#12171,#12172);
#10765=AXIS2_PLACEMENT_3D('',#15375,#12173,#12174);
#10766=AXIS2_PLACEMENT_3D('',#15378,#12176,#12177);
#10767=AXIS2_PLACEMENT_3D('',#15379,#12178,#12179);
#10768=AXIS2_PLACEMENT_3D('',#15382,#12181,#12182);
#10769=AXIS2_PLACEMENT_3D('',#15383,#12183,#12184);
#10770=AXIS2_PLACEMENT_3D('',#15384,#12185,#12186);
#10771=AXIS2_PLACEMENT_3D('',#15387,#12188,#12189);
#10772=AXIS2_PLACEMENT_3D('',#15388,#12190,#12191);
#10773=AXIS2_PLACEMENT_3D('',#15389,#12192,#12193);
#10774=AXIS2_PLACEMENT_3D('',#15392,#12195,#12196);
#10775=AXIS2_PLACEMENT_3D('',#15393,#12197,#12198);
#10776=AXIS2_PLACEMENT_3D('',#15394,#12199,#12200);
#10777=AXIS2_PLACEMENT_3D('',#15397,#12202,#12203);
#10778=AXIS2_PLACEMENT_3D('',#15398,#12204,#12205);
#10779=AXIS2_PLACEMENT_3D('',#15399,#12206,#12207);
#10780=AXIS2_PLACEMENT_3D('',#15402,#12209,#12210);
#10781=AXIS2_PLACEMENT_3D('',#15403,#12211,#12212);
#10782=AXIS2_PLACEMENT_3D('',#15404,#12213,#12214);
#10783=AXIS2_PLACEMENT_3D('',#15407,#12216,#12217);
#10784=AXIS2_PLACEMENT_3D('',#15408,#12218,#12219);
#10785=AXIS2_PLACEMENT_3D('',#15409,#12220,#12221);
#10786=AXIS2_PLACEMENT_3D('',#15412,#12222,#12223);
#10787=AXIS2_PLACEMENT_3D('',#15418,#12224,#12225);
#10788=AXIS2_PLACEMENT_3D('',#15422,#12227,#12228);
#10789=AXIS2_PLACEMENT_3D('',#15424,#12229,#12230);
#10790=AXIS2_PLACEMENT_3D('',#15433,#12231,#12232);
#10791=AXIS2_PLACEMENT_3D('',#15442,#12233,#12234);
#10792=AXIS2_PLACEMENT_3D('',#15444,#12235,#12236);
#10793=AXIS2_PLACEMENT_3D('',#15453,#12237,#12238);
#10794=AXIS2_PLACEMENT_3D('',#15460,#12239,#12240);
#10795=AXIS2_PLACEMENT_3D('',#15462,#12241,#12242);
#10796=AXIS2_PLACEMENT_3D('',#15471,#12243,#12244);
#10797=AXIS2_PLACEMENT_3D('',#15480,#12245,#12246);
#10798=AXIS2_PLACEMENT_3D('',#15482,#12247,#12248);
#10799=AXIS2_PLACEMENT_3D('',#15489,#12249,#12250);
#10800=AXIS2_PLACEMENT_3D('',#15498,#12251,#12252);
#10801=AXIS2_PLACEMENT_3D('',#15500,#12253,#12254);
#10802=AXIS2_PLACEMENT_3D('',#15505,#12255,#12256);
#10803=AXIS2_PLACEMENT_3D('',#15507,#12258,#12259);
#10804=AXIS2_PLACEMENT_3D('',#15510,#12262,#12263);
#10805=AXIS2_PLACEMENT_3D('',#15513,#12266,#12267);
#10806=AXIS2_PLACEMENT_3D('',#15515,#12269,#12270);
#10807=AXIS2_PLACEMENT_3D('',#15535,#12274,#12275);
#10808=AXIS2_PLACEMENT_3D('',#15537,#12277,#12278);
#10809=AXIS2_PLACEMENT_3D('',#15557,#12282,#12283);
#10810=AXIS2_PLACEMENT_3D('',#15559,#12285,#12286);
#10811=AXIS2_PLACEMENT_3D('',#15561,#12288,#12289);
#10812=AXIS2_PLACEMENT_3D('',#15563,#12291,#12292);
#10813=AXIS2_PLACEMENT_3D('',#15583,#12296,#12297);
#10814=AXIS2_PLACEMENT_3D('',#15585,#12299,#12300);
#10815=AXIS2_PLACEMENT_3D('',#15613,#12304,#12305);
#10816=AXIS2_PLACEMENT_3D('',#15615,#12307,#12308);
#10817=AXIS2_PLACEMENT_3D('',#15617,#12310,#12311);
#10818=AXIS2_PLACEMENT_3D('',#15619,#12313,#12314);
#10819=AXIS2_PLACEMENT_3D('',#15639,#12318,#12319);
#10820=AXIS2_PLACEMENT_3D('',#15641,#12321,#12322);
#10821=AXIS2_PLACEMENT_3D('',#15661,#12326,#12327);
#10822=AXIS2_PLACEMENT_3D('',#15663,#12329,#12330);
#10823=AXIS2_PLACEMENT_3D('',#15665,#12332,#12333);
#10824=AXIS2_PLACEMENT_3D('',#15667,#12335,#12336);
#10825=AXIS2_PLACEMENT_3D('',#15695,#12340,#12341);
#10826=AXIS2_PLACEMENT_3D('',#15697,#12343,#12344);
#10827=AXIS2_PLACEMENT_3D('',#15717,#12348,#12349);
#10828=AXIS2_PLACEMENT_3D('',#15719,#12351,#12352);
#10829=AXIS2_PLACEMENT_3D('',#15721,#12354,#12355);
#10830=AXIS2_PLACEMENT_3D('',#15723,#12357,#12358);
#10831=AXIS2_PLACEMENT_3D('',#15751,#12362,#12363);
#10832=AXIS2_PLACEMENT_3D('',#15753,#12365,#12366);
#10833=AXIS2_PLACEMENT_3D('',#15781,#12370,#12371);
#10834=AXIS2_PLACEMENT_3D('',#15797,#12375,#12376);
#10835=AXIS2_PLACEMENT_3D('',#15798,#12377,#12378);
#10836=AXIS2_PLACEMENT_3D('',#15800,#12380,#12381);
#10837=AXIS2_PLACEMENT_3D('',#15802,#12383,#12384);
#10838=AXIS2_PLACEMENT_3D('',#15804,#12386,#12387);
#10839=AXIS2_PLACEMENT_3D('',#15806,#12389,#12390);
#10840=AXIS2_PLACEMENT_3D('',#15821,#12393,#12394);
#10841=AXIS2_PLACEMENT_3D('',#15823,#12396,#12397);
#10842=AXIS2_PLACEMENT_3D('',#15824,#12398,#12399);
#10843=AXIS2_PLACEMENT_3D('',#15825,#12400,#12401);
#10844=AXIS2_PLACEMENT_3D('',#15826,#12402,#12403);
#10845=AXIS2_PLACEMENT_3D('',#15829,#12404,#12405);
#10846=AXIS2_PLACEMENT_3D('',#15833,#12407,#12408);
#10847=AXIS2_PLACEMENT_3D('',#15835,#12410,#12411);
#10848=AXIS2_PLACEMENT_3D('',#15839,#12413,#12414);
#10849=AXIS2_PLACEMENT_3D('',#15843,#12416,#12417);
#10850=AXIS2_PLACEMENT_3D('',#15847,#12419,#12420);
#10851=AXIS2_PLACEMENT_3D('',#15849,#12422,#12423);
#10852=AXIS2_PLACEMENT_3D('',#15853,#12426,#12427);
#10853=AXIS2_PLACEMENT_3D('',#15855,#12428,#12429);
#10854=AXIS2_PLACEMENT_3D('',#15857,#12431,#12432);
#10855=AXIS2_PLACEMENT_3D('',#15861,#12434,#12435);
#10856=AXIS2_PLACEMENT_3D('',#15863,#12437,#12438);
#10857=AXIS2_PLACEMENT_3D('',#15867,#12441,#12442);
#10858=AXIS2_PLACEMENT_3D('',#15869,#12443,#12444);
#10859=AXIS2_PLACEMENT_3D('',#15871,#12446,#12447);
#10860=AXIS2_PLACEMENT_3D('',#15873,#12449,#12450);
#10861=AXIS2_PLACEMENT_3D('',#15875,#12452,#12453);
#10862=AXIS2_PLACEMENT_3D('',#15886,#12459,#12460);
#10863=AXIS2_PLACEMENT_3D('',#15897,#12466,#12467);
#10864=AXIS2_PLACEMENT_3D('',#15901,#12469,#12470);
#10865=AXIS2_PLACEMENT_3D('',#15903,#12472,#12473);
#10866=AXIS2_PLACEMENT_3D('',#15904,#12474,#12475);
#10867=AXIS2_PLACEMENT_3D('',#15907,#12476,#12477);
#10868=AXIS2_PLACEMENT_3D('',#15915,#12482,#12483);
#10869=AXIS2_PLACEMENT_3D('',#15918,#12484,#12485);
#10870=AXIS2_PLACEMENT_3D('',#15924,#12489,#12490);
#10871=AXIS2_PLACEMENT_3D('',#15928,#12492,#12493);
#10872=AXIS2_PLACEMENT_3D('',#15930,#12494,#12495);
#10873=AXIS2_PLACEMENT_3D('',#15931,#12496,#12497);
#10874=AXIS2_PLACEMENT_3D('',#15936,#12499,#12500);
#10875=AXIS2_PLACEMENT_3D('',#15940,#12502,#12503);
#10876=AXIS2_PLACEMENT_3D('',#15942,#12504,#12505);
#10877=AXIS2_PLACEMENT_3D('',#15949,#12509,#12510);
#10878=AXIS2_PLACEMENT_3D('',#15950,#12511,#12512);
#10879=AXIS2_PLACEMENT_3D('',#15955,#12515,#12516);
#10880=AXIS2_PLACEMENT_3D('',#15967,#12517,#12518);
#10881=AXIS2_PLACEMENT_3D('',#15981,#12520,#12521);
#10882=AXIS2_PLACEMENT_3D('',#15983,#12523,#12524);
#10883=AXIS2_PLACEMENT_3D('',#15985,#12525,#12526);
#10884=AXIS2_PLACEMENT_3D('',#15991,#12530,#12531);
#10885=AXIS2_PLACEMENT_3D('',#16005,#12533,#12534);
#10886=AXIS2_PLACEMENT_3D('',#16007,#12536,#12537);
#10887=AXIS2_PLACEMENT_3D('',#16009,#12538,#12539);
#10888=AXIS2_PLACEMENT_3D('',#16011,#12541,#12542);
#10889=AXIS2_PLACEMENT_3D('',#16020,#12547,#12548);
#10890=AXIS2_PLACEMENT_3D('',#16029,#12553,#12554);
#10891=AXIS2_PLACEMENT_3D('',#16038,#12559,#12560);
#10892=AXIS2_PLACEMENT_3D('',#16040,#12561,#12562);
#10893=AXIS2_PLACEMENT_3D('',#16043,#12564,#12565);
#10894=AXIS2_PLACEMENT_3D('',#16044,#12566,#12567);
#10895=AXIS2_PLACEMENT_3D('',#16050,#12571,#12572);
#10896=AXIS2_PLACEMENT_3D('',#16052,#12573,#12574);
#10897=AXIS2_PLACEMENT_3D('',#16055,#12576,#12577);
#10898=AXIS2_PLACEMENT_3D('',#16056,#12578,#12579);
#10899=AXIS2_PLACEMENT_3D('',#16062,#12583,#12584);
#10900=AXIS2_PLACEMENT_3D('',#16068,#12588,#12589);
#10901=AXIS2_PLACEMENT_3D('',#16077,#12594,#12595);
#10902=AXIS2_PLACEMENT_3D('',#16079,#12596,#12597);
#10903=AXIS2_PLACEMENT_3D('',#16082,#12599,#12600);
#10904=AXIS2_PLACEMENT_3D('',#16083,#12601,#12602);
#10905=AXIS2_PLACEMENT_3D('',#16089,#12606,#12607);
#10906=AXIS2_PLACEMENT_3D('',#16090,#12608,#12609);
#10907=AXIS2_PLACEMENT_3D('',#16091,#12610,#12611);
#10908=AXIS2_PLACEMENT_3D('',#16092,#12612,#12613);
#10909=AXIS2_PLACEMENT_3D('',#16098,#12617,#12618);
#10910=AXIS2_PLACEMENT_3D('',#16107,#12623,#12624);
#10911=AXIS2_PLACEMENT_3D('',#16108,#12625,#12626);
#10912=AXIS2_PLACEMENT_3D('',#16109,#12627,#12628);
#10913=AXIS2_PLACEMENT_3D('',#16110,#12629,#12630);
#10914=AXIS2_PLACEMENT_3D('',#16112,#12631,#12632);
#10915=AXIS2_PLACEMENT_3D('',#16114,#12634,#12635);
#10916=AXIS2_PLACEMENT_3D('',#16123,#12640,#12641);
#10917=AXIS2_PLACEMENT_3D('',#16125,#12642,#12643);
#10918=AXIS2_PLACEMENT_3D('',#16128,#12645,#12646);
#10919=AXIS2_PLACEMENT_3D('',#16129,#12647,#12648);
#10920=AXIS2_PLACEMENT_3D('',#16135,#12652,#12653);
#10921=AXIS2_PLACEMENT_3D('',#16137,#12654,#12655);
#10922=AXIS2_PLACEMENT_3D('',#16140,#12657,#12658);
#10923=AXIS2_PLACEMENT_3D('',#16141,#12659,#12660);
#10924=AXIS2_PLACEMENT_3D('',#16144,#12663,#12664);
#10925=AXIS2_PLACEMENT_3D('',#16176,#12683,#12684);
#10926=AXIS2_PLACEMENT_3D('',#16182,#12688,#12689);
#10927=AXIS2_PLACEMENT_3D('',#16184,#12690,#12691);
#10928=AXIS2_PLACEMENT_3D('',#16187,#12693,#12694);
#10929=AXIS2_PLACEMENT_3D('',#16188,#12695,#12696);
#10930=AXIS2_PLACEMENT_3D('',#16190,#12697,#12698);
#10931=AXIS2_PLACEMENT_3D('',#16193,#12701,#12702);
#10932=AXIS2_PLACEMENT_3D('',#16202,#12707,#12708);
#10933=AXIS2_PLACEMENT_3D('',#16204,#12709,#12710);
#10934=AXIS2_PLACEMENT_3D('',#16207,#12712,#12713);
#10935=AXIS2_PLACEMENT_3D('',#16208,#12714,#12715);
#10936=AXIS2_PLACEMENT_3D('',#16214,#12719,#12720);
#10937=AXIS2_PLACEMENT_3D('',#16216,#12721,#12722);
#10938=AXIS2_PLACEMENT_3D('',#16219,#12724,#12725);
#10939=AXIS2_PLACEMENT_3D('',#16220,#12726,#12727);
#10940=AXIS2_PLACEMENT_3D('',#16226,#12731,#12732);
#10941=AXIS2_PLACEMENT_3D('',#16232,#12736,#12737);
#10942=AXIS2_PLACEMENT_3D('',#16241,#12742,#12743);
#10943=AXIS2_PLACEMENT_3D('',#16243,#12744,#12745);
#10944=AXIS2_PLACEMENT_3D('',#16246,#12747,#12748);
#10945=AXIS2_PLACEMENT_3D('',#16247,#12749,#12750);
#10946=AXIS2_PLACEMENT_3D('',#16253,#12754,#12755);
#10947=AXIS2_PLACEMENT_3D('',#16255,#12756,#12757);
#10948=AXIS2_PLACEMENT_3D('',#16258,#12759,#12760);
#10949=AXIS2_PLACEMENT_3D('',#16259,#12761,#12762);
#10950=AXIS2_PLACEMENT_3D('',#16262,#12765,#12766);
#10951=AXIS2_PLACEMENT_3D('',#16271,#12771,#12772);
#10952=AXIS2_PLACEMENT_3D('',#16273,#12773,#12774);
#10953=AXIS2_PLACEMENT_3D('',#16276,#12776,#12777);
#10954=AXIS2_PLACEMENT_3D('',#16277,#12778,#12779);
#10955=AXIS2_PLACEMENT_3D('',#16283,#12783,#12784);
#10956=AXIS2_PLACEMENT_3D('',#16285,#12785,#12786);
#10957=AXIS2_PLACEMENT_3D('',#16288,#12788,#12789);
#10958=AXIS2_PLACEMENT_3D('',#16289,#12790,#12791);
#10959=AXIS2_PLACEMENT_3D('',#16295,#12795,#12796);
#10960=AXIS2_PLACEMENT_3D('',#16301,#12800,#12801);
#10961=AXIS2_PLACEMENT_3D('',#16305,#12803,#12804);
#10962=AXIS2_PLACEMENT_3D('',#16309,#12807,#12808);
#10963=AXIS2_PLACEMENT_3D('',#16314,#12812,#12813);
#10964=AXIS2_PLACEMENT_3D('',#16315,#12814,#12815);
#10965=AXIS2_PLACEMENT_3D('',#16321,#12819,#12820);
#10966=AXIS2_PLACEMENT_3D('',#16327,#12824,#12825);
#10967=AXIS2_PLACEMENT_3D('',#16333,#12829,#12830);
#10968=AXIS2_PLACEMENT_3D('',#16356,#12845,#12846);
#10969=AXIS2_PLACEMENT_3D('',#16358,#12848,#12849);
#10970=AXIS2_PLACEMENT_3D('',#16360,#12851,#12852);
#10971=AXIS2_PLACEMENT_3D('',#16362,#12854,#12855);
#10972=AXIS2_PLACEMENT_3D('',#16364,#12857,#12858);
#10973=AXIS2_PLACEMENT_3D('',#16366,#12860,#12861);
#10974=AXIS2_PLACEMENT_3D('',#16370,#12864,#12865);
#10975=AXIS2_PLACEMENT_3D('',#16374,#12868,#12869);
#10976=AXIS2_PLACEMENT_3D('',#16376,#12871,#12872);
#10977=AXIS2_PLACEMENT_3D('',#16380,#12875,#12876);
#10978=AXIS2_PLACEMENT_3D('',#16382,#12878,#12879);
#10979=AXIS2_PLACEMENT_3D('',#16384,#12881,#12882);
#10980=AXIS2_PLACEMENT_3D('',#16386,#12884,#12885);
#10981=AXIS2_PLACEMENT_3D('',#16388,#12887,#12888);
#10982=AXIS2_PLACEMENT_3D('',#16392,#12891,#12892);
#10983=AXIS2_PLACEMENT_3D('',#16396,#12895,#12896);
#10984=AXIS2_PLACEMENT_3D('',#16398,#12898,#12899);
#10985=AXIS2_PLACEMENT_3D('',#16402,#12902,#12903);
#10986=AXIS2_PLACEMENT_3D('',#16404,#12905,#12906);
#10987=AXIS2_PLACEMENT_3D('',#16406,#12908,#12909);
#10988=AXIS2_PLACEMENT_3D('',#16408,#12911,#12912);
#10989=AXIS2_PLACEMENT_3D('',#16409,#12913,#12914);
#10990=AXIS2_PLACEMENT_3D('',#16410,#12915,#12916);
#10991=AXIS2_PLACEMENT_3D('',#16412,#12917,#12918);
#10992=AXIS2_PLACEMENT_3D('',#16418,#12921,#12922);
#10993=AXIS2_PLACEMENT_3D('',#16426,#12926,#12927);
#10994=AXIS2_PLACEMENT_3D('',#16427,#12928,#12929);
#10995=AXIS2_PLACEMENT_3D('',#16429,#12931,#12932);
#10996=AXIS2_PLACEMENT_3D('',#16430,#12933,#12934);
#10997=AXIS2_PLACEMENT_3D('',#16434,#12936,#12937);
#10998=AXIS2_PLACEMENT_3D('',#16437,#12939,#12940);
#10999=AXIS2_PLACEMENT_3D('',#16449,#12941,#12942);
#11000=AXIS2_PLACEMENT_3D('',#16471,#12954,#12955);
#11001=AXIS2_PLACEMENT_3D('',#16473,#12956,#12957);
#11002=AXIS2_PLACEMENT_3D('',#16479,#12960,#12961);
#11003=AXIS2_PLACEMENT_3D('',#16481,#12963,#12964);
#11004=AXIS2_PLACEMENT_3D('',#16483,#12965,#12966);
#11005=AXIS2_PLACEMENT_3D('',#16485,#12967,#12968);
#11006=AXIS2_PLACEMENT_3D('',#16487,#12970,#12971);
#11007=AXIS2_PLACEMENT_3D('',#16509,#12983,#12984);
#11008=AXIS2_PLACEMENT_3D('',#16511,#12985,#12986);
#11009=AXIS2_PLACEMENT_3D('',#16513,#12987,#12988);
#11010=AXIS2_PLACEMENT_3D('',#16519,#12991,#12992);
#11011=AXIS2_PLACEMENT_3D('',#16520,#12993,#12994);
#11012=AXIS2_PLACEMENT_3D('',#16522,#12996,#12997);
#11013=AXIS2_PLACEMENT_3D('',#16523,#12998,#12999);
#11014=AXIS2_PLACEMENT_3D('',#16524,#13000,#13001);
#11015=AXIS2_PLACEMENT_3D('',#16526,#13003,#13004);
#11016=AXIS2_PLACEMENT_3D('',#16529,#13006,#13007);
#11017=AXIS2_PLACEMENT_3D('',#16530,#13008,#13009);
#11018=AXIS2_PLACEMENT_3D('',#16532,#13010,#13011);
#11019=AXIS2_PLACEMENT_3D('',#16533,#13012,#13013);
#11020=AXIS2_PLACEMENT_3D('',#16534,#13014,#13015);
#11021=AXIS2_PLACEMENT_3D('',#16536,#13017,#13018);
#11022=AXIS2_PLACEMENT_3D('',#16539,#13020,#13021);
#11023=AXIS2_PLACEMENT_3D('',#16540,#13022,#13023);
#11024=AXIS2_PLACEMENT_3D('',#16556,#13025,#13026);
#11025=AXIS2_PLACEMENT_3D('',#16569,#13027,#13028);
#11026=AXIS2_PLACEMENT_3D('',#16595,#13031,#13032);
#11027=AXIS2_PLACEMENT_3D('',#16598,#13035,#13036);
#11028=AXIS2_PLACEMENT_3D('',#16600,#13038,#13039);
#11029=AXIS2_PLACEMENT_3D('',#16607,#13041,#13042);
#11030=AXIS2_PLACEMENT_3D('',#16609,#13043,#13044);
#11031=AXIS2_PLACEMENT_3D('',#16614,#13047,#13048);
#11032=AXIS2_PLACEMENT_3D('',#16615,#13049,#13050);
#11033=AXIS2_PLACEMENT_3D('',#16624,#13055,#13056);
#11034=AXIS2_PLACEMENT_3D('',#16632,#13061,#13062);
#11035=AXIS2_PLACEMENT_3D('',#16638,#13066,#13067);
#11036=AXIS2_PLACEMENT_3D('',#16643,#13071,#13072);
#11037=AXIS2_PLACEMENT_3D('',#16644,#13073,#13074);
#11038=AXIS2_PLACEMENT_3D('',#16648,#13078,#13079);
#11039=AXIS2_PLACEMENT_3D('',#16650,#13081,#13082);
#11040=AXIS2_PLACEMENT_3D('',#16651,#13083,#13084);
#11041=AXIS2_PLACEMENT_3D('',#16652,#13085,#13086);
#11042=AXIS2_PLACEMENT_3D('',#16654,#13088,#13089);
#11043=AXIS2_PLACEMENT_3D('',#16656,#13091,#13092);
#11044=AXIS2_PLACEMENT_3D('',#16659,#13095,#13096);
#11045=AXIS2_PLACEMENT_3D('',#16662,#13099,#13100);
#11046=AXIS2_PLACEMENT_3D('',#16664,#13102,#13103);
#11047=AXIS2_PLACEMENT_3D('',#16666,#13105,#13106);
#11048=AXIS2_PLACEMENT_3D('',#16667,#13107,#13108);
#11049=AXIS2_PLACEMENT_3D('',#16669,#13110,#13111);
#11050=AXIS2_PLACEMENT_3D('',#16670,#13112,#13113);
#11051=AXIS2_PLACEMENT_3D('',#16671,#13114,#13115);
#11052=AXIS2_PLACEMENT_3D('',#16672,#13116,#13117);
#11053=AXIS2_PLACEMENT_3D('',#16688,#13119,#13120);
#11054=AXIS2_PLACEMENT_3D('',#16692,#13122,#13123);
#11055=AXIS2_PLACEMENT_3D('',#16694,#13125,#13126);
#11056=AXIS2_PLACEMENT_3D('',#16696,#13127,#13128);
#11057=AXIS2_PLACEMENT_3D('',#16697,#13129,#13130);
#11058=AXIS2_PLACEMENT_3D('',#16701,#13132,#13133);
#11059=AXIS2_PLACEMENT_3D('',#16707,#13136,#13137);
#11060=AXIS2_PLACEMENT_3D('',#16709,#13138,#13139);
#11061=AXIS2_PLACEMENT_3D('',#16713,#13141,#13142);
#11062=AXIS2_PLACEMENT_3D('',#16715,#13143,#13144);
#11063=AXIS2_PLACEMENT_3D('',#16719,#13147,#13148);
#11064=AXIS2_PLACEMENT_3D('',#16722,#13149,#13150);
#11065=AXIS2_PLACEMENT_3D('',#16726,#13152,#13153);
#11066=AXIS2_PLACEMENT_3D('',#16730,#13156,#13157);
#11067=AXIS2_PLACEMENT_3D('',#16752,#13169,#13170);
#11068=AXIS2_PLACEMENT_3D('',#16759,#13175,#13176);
#11069=AXIS2_PLACEMENT_3D('',#16760,#13177,#13178);
#11070=AXIS2_PLACEMENT_3D('',#16763,#13180,#13181);
#11071=AXIS2_PLACEMENT_3D('',#16764,#13182,#13183);
#11072=AXIS2_PLACEMENT_3D('',#16766,#13185,#13186);
#11073=AXIS2_PLACEMENT_3D('',#16768,#13187,#13188);
#11074=AXIS2_PLACEMENT_3D('',#16769,#13189,#13190);
#11075=AXIS2_PLACEMENT_3D('',#16770,#13191,#13192);
#11076=AXIS2_PLACEMENT_3D('',#16773,#13194,#13195);
#11077=AXIS2_PLACEMENT_3D('',#16774,#13196,#13197);
#11078=AXIS2_PLACEMENT_3D('',#16776,#13199,#13200);
#11079=AXIS2_PLACEMENT_3D('',#16778,#13201,#13202);
#11080=AXIS2_PLACEMENT_3D('',#16779,#13203,#13204);
#11081=AXIS2_PLACEMENT_3D('',#16782,#13206,#13207);
#11082=AXIS2_PLACEMENT_3D('',#16783,#13208,#13209);
#11083=AXIS2_PLACEMENT_3D('',#16785,#13210,#13211);
#11084=AXIS2_PLACEMENT_3D('',#16786,#13212,#13213);
#11085=AXIS2_PLACEMENT_3D('',#16789,#13215,#13216);
#11086=AXIS2_PLACEMENT_3D('',#16790,#13217,#13218);
#11087=AXIS2_PLACEMENT_3D('',#16793,#13220,#13221);
#11088=AXIS2_PLACEMENT_3D('',#16794,#13222,#13223);
#11089=AXIS2_PLACEMENT_3D('',#16795,#13224,#13225);
#11090=AXIS2_PLACEMENT_3D('',#16798,#13227,#13228);
#11091=AXIS2_PLACEMENT_3D('',#16799,#13229,#13230);
#11092=AXIS2_PLACEMENT_3D('',#16803,#13232,#13233);
#11093=AXIS2_PLACEMENT_3D('',#16804,#13234,#13235);
#11094=AXIS2_PLACEMENT_3D('',#16805,#13236,#13237);
#11095=AXIS2_PLACEMENT_3D('',#16814,#13238,#13239);
#11096=AXIS2_PLACEMENT_3D('',#16834,#13241,#13242);
#11097=AXIS2_PLACEMENT_3D('',#16836,#13243,#13244);
#11098=AXIS2_PLACEMENT_3D('',#16839,#13246,#13247);
#11099=AXIS2_PLACEMENT_3D('',#16840,#13248,#13249);
#11100=AXIS2_PLACEMENT_3D('',#16844,#13251,#13252);
#11101=AXIS2_PLACEMENT_3D('',#16848,#13255,#13256);
#11102=AXIS2_PLACEMENT_3D('',#16851,#13257,#13258);
#11103=AXIS2_PLACEMENT_3D('',#16879,#13262,#13263);
#11104=AXIS2_PLACEMENT_3D('',#16881,#13264,#13265);
#11105=AXIS2_PLACEMENT_3D('',#16887,#13267,#13268);
#11106=AXIS2_PLACEMENT_3D('',#16895,#13274,#13275);
#11107=AXIS2_PLACEMENT_3D('',#16896,#13276,#13277);
#11108=AXIS2_PLACEMENT_3D('',#16897,#13278,#13279);
#11109=AXIS2_PLACEMENT_3D('',#16899,#13281,#13282);
#11110=AXIS2_PLACEMENT_3D('',#16901,#13284,#13285);
#11111=AXIS2_PLACEMENT_3D('',#16910,#13290,#13291);
#11112=AXIS2_PLACEMENT_3D('',#16918,#13296,#13297);
#11113=AXIS2_PLACEMENT_3D('',#16924,#13301,#13302);
#11114=AXIS2_PLACEMENT_3D('',#16929,#13306,#13307);
#11115=AXIS2_PLACEMENT_3D('',#16930,#13308,#13309);
#11116=AXIS2_PLACEMENT_3D('',#16933,#13312,#13313);
#11117=AXIS2_PLACEMENT_3D('',#16934,#13314,#13315);
#11118=AXIS2_PLACEMENT_3D('',#16938,#13318,#13319);
#11119=AXIS2_PLACEMENT_3D('',#16942,#13322,#13323);
#11120=AXIS2_PLACEMENT_3D('',#16946,#13326,#13327);
#11121=AXIS2_PLACEMENT_3D('',#16952,#13331,#13332);
#11122=AXIS2_PLACEMENT_3D('',#16956,#13335,#13336);
#11123=AXIS2_PLACEMENT_3D('',#16960,#13339,#13340);
#11124=AXIS2_PLACEMENT_3D('',#16962,#13342,#13343);
#11125=AXIS2_PLACEMENT_3D('',#16966,#13346,#13347);
#11126=AXIS2_PLACEMENT_3D('',#16968,#13349,#13350);
#11127=AXIS2_PLACEMENT_3D('',#16969,#13351,#13352);
#11128=AXIS2_PLACEMENT_3D('',#16970,#13353,#13354);
#11129=AXIS2_PLACEMENT_3D('',#16971,#13355,#13356);
#11130=AXIS2_PLACEMENT_3D('',#16985,#13357,#13358);
#11131=AXIS2_PLACEMENT_3D('',#16997,#13359,#13360);
#11132=AXIS2_PLACEMENT_3D('',#16998,#13361,#13362);
#11133=AXIS2_PLACEMENT_3D('',#17004,#13366,#13367);
#11134=AXIS2_PLACEMENT_3D('',#17021,#13371,#13372);
#11135=AXIS2_PLACEMENT_3D('',#17023,#13373,#13374);
#11136=AXIS2_PLACEMENT_3D('',#17035,#13375,#13376);
#11137=AXIS2_PLACEMENT_3D('',#17036,#13377,#13378);
#11138=AXIS2_PLACEMENT_3D('',#17040,#13381,#13382);
#11139=AXIS2_PLACEMENT_3D('',#17043,#13385,#13386);
#11140=AXIS2_PLACEMENT_3D('',#17044,#13387,#13388);
#11141=AXIS2_PLACEMENT_3D('',#17045,#13389,#13390);
#11142=AXIS2_PLACEMENT_3D('',#17046,#13391,#13392);
#11143=AXIS2_PLACEMENT_3D('',#17047,#13393,#13394);
#11144=AXIS2_PLACEMENT_3D('',#17048,#13395,#13396);
#11145=AXIS2_PLACEMENT_3D('',#17050,#13397,#13398);
#11146=AXIS2_PLACEMENT_3D('',#17053,#13400,#13401);
#11147=AXIS2_PLACEMENT_3D('',#17054,#13402,#13403);
#11148=AXIS2_PLACEMENT_3D('',#17055,#13404,#13405);
#11149=AXIS2_PLACEMENT_3D('',#17064,#13410,#13411);
#11150=AXIS2_PLACEMENT_3D('',#17070,#13415,#13416);
#11151=AXIS2_PLACEMENT_3D('',#17076,#13420,#13421);
#11152=AXIS2_PLACEMENT_3D('',#17079,#13424,#13425);
#11153=AXIS2_PLACEMENT_3D('',#17085,#13429,#13430);
#11154=AXIS2_PLACEMENT_3D('',#17089,#13433,#13434);
#11155=AXIS2_PLACEMENT_3D('',#17090,#13435,#13436);
#11156=AXIS2_PLACEMENT_3D('',#17098,#13441,#13442);
#11157=AXIS2_PLACEMENT_3D('',#17102,#13445,#13446);
#11158=AXIS2_PLACEMENT_3D('',#17107,#13450,#13451);
#11159=AXIS2_PLACEMENT_3D('',#17109,#13453,#13454);
#11160=AXIS2_PLACEMENT_3D('',#17111,#13456,#13457);
#11161=AXIS2_PLACEMENT_3D('',#17112,#13458,#13459);
#11162=AXIS2_PLACEMENT_3D('',#17113,#13460,#13461);
#11163=AXIS2_PLACEMENT_3D('',#17116,#13462,#13463);
#11164=AXIS2_PLACEMENT_3D('',#17120,#13465,#13466);
#11165=AXIS2_PLACEMENT_3D('',#17128,#13470,#13471);
#11166=AXIS2_PLACEMENT_3D('',#17132,#13473,#13474);
#11167=AXIS2_PLACEMENT_3D('',#17138,#13478,#13479);
#11168=AXIS2_PLACEMENT_3D('',#17144,#13483,#13484);
#11169=AXIS2_PLACEMENT_3D('',#17146,#13485,#13486);
#11170=AXIS2_PLACEMENT_3D('',#17148,#13488,#13489);
#11171=AXIS2_PLACEMENT_3D('',#17152,#13492,#13493);
#11172=AXIS2_PLACEMENT_3D('',#17156,#13496,#13497);
#11173=AXIS2_PLACEMENT_3D('',#17160,#13500,#13501);
#11174=AXIS2_PLACEMENT_3D('',#17162,#13502,#13503);
#11175=AXIS2_PLACEMENT_3D('',#17164,#13505,#13506);
#11176=AXIS2_PLACEMENT_3D('',#17168,#13509,#13510);
#11177=AXIS2_PLACEMENT_3D('',#17170,#13511,#13512);
#11178=AXIS2_PLACEMENT_3D('',#17172,#13514,#13515);
#11179=AXIS2_PLACEMENT_3D('',#17176,#13518,#13519);
#11180=AXIS2_PLACEMENT_3D('',#17180,#13522,#13523);
#11181=AXIS2_PLACEMENT_3D('',#17184,#13526,#13527);
#11182=AXIS2_PLACEMENT_3D('',#17185,#13528,#13529);
#11183=AXIS2_PLACEMENT_3D('',#17186,#13530,#13531);
#11184=AXIS2_PLACEMENT_3D('',#17187,#13532,#13533);
#11185=AXIS2_PLACEMENT_3D('',#17190,#13534,#13535);
#11186=AXIS2_PLACEMENT_3D('',#17198,#13539,#13540);
#11187=AXIS2_PLACEMENT_3D('',#17202,#13542,#13543);
#11188=AXIS2_PLACEMENT_3D('',#17210,#13547,#13548);
#11189=AXIS2_PLACEMENT_3D('',#17212,#13550,#13551);
#11190=AXIS2_PLACEMENT_3D('',#17218,#13555,#13556);
#11191=AXIS2_PLACEMENT_3D('',#17221,#13558,#13559);
#11192=AXIS2_PLACEMENT_3D('',#17222,#13560,#13561);
#11193=AXIS2_PLACEMENT_3D('',#17226,#13564,#13565);
#11194=AXIS2_PLACEMENT_3D('',#17230,#13568,#13569);
#11195=AXIS2_PLACEMENT_3D('',#17234,#13572,#13573);
#11196=AXIS2_PLACEMENT_3D('',#17237,#13575,#13576);
#11197=AXIS2_PLACEMENT_3D('',#17238,#13577,#13578);
#11198=AXIS2_PLACEMENT_3D('',#17242,#13581,#13582);
#11199=AXIS2_PLACEMENT_3D('',#17245,#13584,#13585);
#11200=AXIS2_PLACEMENT_3D('',#17246,#13586,#13587);
#11201=AXIS2_PLACEMENT_3D('',#17250,#13590,#13591);
#11202=AXIS2_PLACEMENT_3D('',#17254,#13594,#13595);
#11203=AXIS2_PLACEMENT_3D('',#17258,#13598,#13599);
#11204=AXIS2_PLACEMENT_3D('',#17259,#13600,#13601);
#11205=AXIS2_PLACEMENT_3D('',#17260,#13602,#13603);
#11206=AXIS2_PLACEMENT_3D('',#17261,#13604,#13605);
#11207=AXIS2_PLACEMENT_3D('',#17264,#13606,#13607);
#11208=AXIS2_PLACEMENT_3D('',#17268,#13609,#13610);
#11209=AXIS2_PLACEMENT_3D('',#17276,#13614,#13615);
#11210=AXIS2_PLACEMENT_3D('',#17280,#13617,#13618);
#11211=AXIS2_PLACEMENT_3D('',#17286,#13622,#13623);
#11212=AXIS2_PLACEMENT_3D('',#17292,#13627,#13628);
#11213=AXIS2_PLACEMENT_3D('',#17294,#13629,#13630);
#11214=AXIS2_PLACEMENT_3D('',#17296,#13632,#13633);
#11215=AXIS2_PLACEMENT_3D('',#17300,#13636,#13637);
#11216=AXIS2_PLACEMENT_3D('',#17304,#13640,#13641);
#11217=AXIS2_PLACEMENT_3D('',#17308,#13644,#13645);
#11218=AXIS2_PLACEMENT_3D('',#17310,#13646,#13647);
#11219=AXIS2_PLACEMENT_3D('',#17312,#13649,#13650);
#11220=AXIS2_PLACEMENT_3D('',#17316,#13653,#13654);
#11221=AXIS2_PLACEMENT_3D('',#17318,#13655,#13656);
#11222=AXIS2_PLACEMENT_3D('',#17320,#13658,#13659);
#11223=AXIS2_PLACEMENT_3D('',#17324,#13662,#13663);
#11224=AXIS2_PLACEMENT_3D('',#17328,#13666,#13667);
#11225=AXIS2_PLACEMENT_3D('',#17332,#13670,#13671);
#11226=AXIS2_PLACEMENT_3D('',#17333,#13672,#13673);
#11227=AXIS2_PLACEMENT_3D('',#17334,#13674,#13675);
#11228=AXIS2_PLACEMENT_3D('',#17335,#13676,#13677);
#11229=AXIS2_PLACEMENT_3D('',#17338,#13678,#13679);
#11230=AXIS2_PLACEMENT_3D('',#17342,#13681,#13682);
#11231=AXIS2_PLACEMENT_3D('',#17350,#13686,#13687);
#11232=AXIS2_PLACEMENT_3D('',#17354,#13689,#13690);
#11233=AXIS2_PLACEMENT_3D('',#17360,#13694,#13695);
#11234=AXIS2_PLACEMENT_3D('',#17366,#13699,#13700);
#11235=AXIS2_PLACEMENT_3D('',#17368,#13701,#13702);
#11236=AXIS2_PLACEMENT_3D('',#17370,#13704,#13705);
#11237=AXIS2_PLACEMENT_3D('',#17374,#13708,#13709);
#11238=AXIS2_PLACEMENT_3D('',#17378,#13712,#13713);
#11239=AXIS2_PLACEMENT_3D('',#17382,#13716,#13717);
#11240=AXIS2_PLACEMENT_3D('',#17384,#13718,#13719);
#11241=AXIS2_PLACEMENT_3D('',#17386,#13721,#13722);
#11242=AXIS2_PLACEMENT_3D('',#17390,#13725,#13726);
#11243=AXIS2_PLACEMENT_3D('',#17392,#13727,#13728);
#11244=AXIS2_PLACEMENT_3D('',#17394,#13730,#13731);
#11245=AXIS2_PLACEMENT_3D('',#17398,#13734,#13735);
#11246=AXIS2_PLACEMENT_3D('',#17402,#13738,#13739);
#11247=AXIS2_PLACEMENT_3D('',#17406,#13742,#13743);
#11248=AXIS2_PLACEMENT_3D('',#17407,#13744,#13745);
#11249=AXIS2_PLACEMENT_3D('',#17408,#13746,#13747);
#11250=AXIS2_PLACEMENT_3D('',#17409,#13748,#13749);
#11251=AXIS2_PLACEMENT_3D('',#17412,#13750,#13751);
#11252=AXIS2_PLACEMENT_3D('',#17416,#13753,#13754);
#11253=AXIS2_PLACEMENT_3D('',#17424,#13758,#13759);
#11254=AXIS2_PLACEMENT_3D('',#17428,#13761,#13762);
#11255=AXIS2_PLACEMENT_3D('',#17434,#13766,#13767);
#11256=AXIS2_PLACEMENT_3D('',#17440,#13771,#13772);
#11257=AXIS2_PLACEMENT_3D('',#17442,#13773,#13774);
#11258=AXIS2_PLACEMENT_3D('',#17444,#13776,#13777);
#11259=AXIS2_PLACEMENT_3D('',#17448,#13780,#13781);
#11260=AXIS2_PLACEMENT_3D('',#17452,#13784,#13785);
#11261=AXIS2_PLACEMENT_3D('',#17456,#13788,#13789);
#11262=AXIS2_PLACEMENT_3D('',#17458,#13790,#13791);
#11263=AXIS2_PLACEMENT_3D('',#17460,#13793,#13794);
#11264=AXIS2_PLACEMENT_3D('',#17464,#13797,#13798);
#11265=AXIS2_PLACEMENT_3D('',#17466,#13799,#13800);
#11266=AXIS2_PLACEMENT_3D('',#17468,#13802,#13803);
#11267=AXIS2_PLACEMENT_3D('',#17472,#13806,#13807);
#11268=AXIS2_PLACEMENT_3D('',#17476,#13810,#13811);
#11269=AXIS2_PLACEMENT_3D('',#17480,#13814,#13815);
#11270=AXIS2_PLACEMENT_3D('',#17481,#13816,#13817);
#11271=AXIS2_PLACEMENT_3D('',#17482,#13818,#13819);
#11272=AXIS2_PLACEMENT_3D('',#17483,#13820,#13821);
#11273=AXIS2_PLACEMENT_3D('',#17486,#13822,#13823);
#11274=AXIS2_PLACEMENT_3D('',#17494,#13827,#13828);
#11275=AXIS2_PLACEMENT_3D('',#17498,#13830,#13831);
#11276=AXIS2_PLACEMENT_3D('',#17506,#13835,#13836);
#11277=AXIS2_PLACEMENT_3D('',#17508,#13838,#13839);
#11278=AXIS2_PLACEMENT_3D('',#17514,#13843,#13844);
#11279=AXIS2_PLACEMENT_3D('',#17517,#13846,#13847);
#11280=AXIS2_PLACEMENT_3D('',#17518,#13848,#13849);
#11281=AXIS2_PLACEMENT_3D('',#17522,#13852,#13853);
#11282=AXIS2_PLACEMENT_3D('',#17526,#13856,#13857);
#11283=AXIS2_PLACEMENT_3D('',#17530,#13860,#13861);
#11284=AXIS2_PLACEMENT_3D('',#17533,#13863,#13864);
#11285=AXIS2_PLACEMENT_3D('',#17534,#13865,#13866);
#11286=AXIS2_PLACEMENT_3D('',#17538,#13869,#13870);
#11287=AXIS2_PLACEMENT_3D('',#17541,#13872,#13873);
#11288=AXIS2_PLACEMENT_3D('',#17542,#13874,#13875);
#11289=AXIS2_PLACEMENT_3D('',#17546,#13878,#13879);
#11290=AXIS2_PLACEMENT_3D('',#17550,#13882,#13883);
#11291=AXIS2_PLACEMENT_3D('',#17554,#13886,#13887);
#11292=AXIS2_PLACEMENT_3D('',#17555,#13888,#13889);
#11293=AXIS2_PLACEMENT_3D('',#17556,#13890,#13891);
#11294=AXIS2_PLACEMENT_3D('',#17557,#13892,#13893);
#11295=AXIS2_PLACEMENT_3D('',#17560,#13894,#13895);
#11296=AXIS2_PLACEMENT_3D('',#17568,#13899,#13900);
#11297=AXIS2_PLACEMENT_3D('',#17572,#13902,#13903);
#11298=AXIS2_PLACEMENT_3D('',#17580,#13907,#13908);
#11299=AXIS2_PLACEMENT_3D('',#17582,#13910,#13911);
#11300=AXIS2_PLACEMENT_3D('',#17588,#13915,#13916);
#11301=AXIS2_PLACEMENT_3D('',#17591,#13918,#13919);
#11302=AXIS2_PLACEMENT_3D('',#17592,#13920,#13921);
#11303=AXIS2_PLACEMENT_3D('',#17596,#13924,#13925);
#11304=AXIS2_PLACEMENT_3D('',#17600,#13928,#13929);
#11305=AXIS2_PLACEMENT_3D('',#17604,#13932,#13933);
#11306=AXIS2_PLACEMENT_3D('',#17607,#13935,#13936);
#11307=AXIS2_PLACEMENT_3D('',#17608,#13937,#13938);
#11308=AXIS2_PLACEMENT_3D('',#17612,#13941,#13942);
#11309=AXIS2_PLACEMENT_3D('',#17615,#13944,#13945);
#11310=AXIS2_PLACEMENT_3D('',#17616,#13946,#13947);
#11311=AXIS2_PLACEMENT_3D('',#17620,#13950,#13951);
#11312=AXIS2_PLACEMENT_3D('',#17624,#13954,#13955);
#11313=AXIS2_PLACEMENT_3D('',#17628,#13958,#13959);
#11314=AXIS2_PLACEMENT_3D('',#17629,#13960,#13961);
#11315=AXIS2_PLACEMENT_3D('',#17630,#13962,#13963);
#11316=AXIS2_PLACEMENT_3D('',#17631,#13964,#13965);
#11317=AXIS2_PLACEMENT_3D('',#17634,#13966,#13967);
#11318=AXIS2_PLACEMENT_3D('',#17642,#13971,#13972);
#11319=AXIS2_PLACEMENT_3D('',#17646,#13974,#13975);
#11320=AXIS2_PLACEMENT_3D('',#17654,#13979,#13980);
#11321=AXIS2_PLACEMENT_3D('',#17656,#13982,#13983);
#11322=AXIS2_PLACEMENT_3D('',#17662,#13987,#13988);
#11323=AXIS2_PLACEMENT_3D('',#17665,#13990,#13991);
#11324=AXIS2_PLACEMENT_3D('',#17666,#13992,#13993);
#11325=AXIS2_PLACEMENT_3D('',#17670,#13996,#13997);
#11326=AXIS2_PLACEMENT_3D('',#17674,#14000,#14001);
#11327=AXIS2_PLACEMENT_3D('',#17678,#14004,#14005);
#11328=AXIS2_PLACEMENT_3D('',#17681,#14007,#14008);
#11329=AXIS2_PLACEMENT_3D('',#17682,#14009,#14010);
#11330=AXIS2_PLACEMENT_3D('',#17686,#14013,#14014);
#11331=AXIS2_PLACEMENT_3D('',#17689,#14016,#14017);
#11332=AXIS2_PLACEMENT_3D('',#17690,#14018,#14019);
#11333=AXIS2_PLACEMENT_3D('',#17694,#14022,#14023);
#11334=AXIS2_PLACEMENT_3D('',#17698,#14026,#14027);
#11335=AXIS2_PLACEMENT_3D('',#17702,#14030,#14031);
#11336=AXIS2_PLACEMENT_3D('',#17703,#14032,#14033);
#11337=AXIS2_PLACEMENT_3D('',#17704,#14034,#14035);
#11338=AXIS2_PLACEMENT_3D('',#17705,#14036,#14037);
#11339=AXIS2_PLACEMENT_3D('',#17706,#14038,#14039);
#11340=AXIS2_PLACEMENT_3D('',#17707,#14040,#14041);
#11341=AXIS2_PLACEMENT_3D('',#17710,#14042,#14043);
#11342=AXIS2_PLACEMENT_3D('',#17712,#14044,#14045);
#11343=AXIS2_PLACEMENT_3D('',#17713,#14046,#14047);
#11344=AXIS2_PLACEMENT_3D('',#17714,#14048,#14049);
#11345=AXIS2_PLACEMENT_3D('',#17717,#14050,#14051);
#11346=AXIS2_PLACEMENT_3D('',#17719,#14052,#14053);
#11347=AXIS2_PLACEMENT_3D('',#17720,#14054,#14055);
#11348=AXIS2_PLACEMENT_3D('',#17721,#14056,#14057);
#11349=AXIS2_PLACEMENT_3D('',#17724,#14060,#14061);
#11350=AXIS2_PLACEMENT_3D('',#17727,#14062,#14063);
#11351=AXIS2_PLACEMENT_3D('',#17729,#14064,#14065);
#11352=AXIS2_PLACEMENT_3D('',#17730,#14066,#14067);
#11353=AXIS2_PLACEMENT_3D('',#17731,#14068,#14069);
#11354=AXIS2_PLACEMENT_3D('',#17734,#14070,#14071);
#11355=AXIS2_PLACEMENT_3D('',#17736,#14072,#14073);
#11356=AXIS2_PLACEMENT_3D('',#17737,#14074,#14075);
#11357=AXIS2_PLACEMENT_3D('',#17738,#14076,#14077);
#11358=AXIS2_PLACEMENT_3D('',#17741,#14078,#14079);
#11359=AXIS2_PLACEMENT_3D('',#17743,#14080,#14081);
#11360=AXIS2_PLACEMENT_3D('',#17744,#14082,#14083);
#11361=AXIS2_PLACEMENT_3D('',#17745,#14084,#14085);
#11362=AXIS2_PLACEMENT_3D('',#17748,#14086,#14087);
#11363=AXIS2_PLACEMENT_3D('',#17750,#14088,#14089);
#11364=AXIS2_PLACEMENT_3D('',#17751,#14090,#14091);
#11365=AXIS2_PLACEMENT_3D('',#17752,#14092,#14093);
#11366=AXIS2_PLACEMENT_3D('',#17755,#14096,#14097);
#11367=AXIS2_PLACEMENT_3D('',#17758,#14100,#14101);
#11368=AXIS2_PLACEMENT_3D('',#17761,#14102,#14103);
#11369=AXIS2_PLACEMENT_3D('',#17763,#14104,#14105);
#11370=AXIS2_PLACEMENT_3D('',#17764,#14106,#14107);
#11371=AXIS2_PLACEMENT_3D('',#17765,#14108,#14109);
#11372=AXIS2_PLACEMENT_3D('',#17768,#14110,#14111);
#11373=AXIS2_PLACEMENT_3D('',#17770,#14112,#14113);
#11374=AXIS2_PLACEMENT_3D('',#17771,#14114,#14115);
#11375=AXIS2_PLACEMENT_3D('',#17772,#14116,#14117);
#11376=AXIS2_PLACEMENT_3D('',#17775,#14120,#14121);
#11377=AXIS2_PLACEMENT_3D('',#17778,#14124,#14125);
#11378=AXIS2_PLACEMENT_3D('',#17781,#14128,#14129);
#11379=AXIS2_PLACEMENT_3D('',#17784,#14132,#14133);
#11380=AXIS2_PLACEMENT_3D('',#17787,#14136,#14137);
#11381=AXIS2_PLACEMENT_3D('',#17790,#14140,#14141);
#11382=AXIS2_PLACEMENT_3D('',#17793,#14144,#14145);
#11383=AXIS2_PLACEMENT_3D('',#17796,#14148,#14149);
#11384=AXIS2_PLACEMENT_3D('',#17799,#14152,#14153);
#11385=AXIS2_PLACEMENT_3D('',#17800,#14154,#14155);
#11386=AXIS2_PLACEMENT_3D('',#17801,#14156,#14157);
#11387=AXIS2_PLACEMENT_3D('',#17802,#14158,#14159);
#11388=AXIS2_PLACEMENT_3D('',#17803,#14160,#14161);
#11389=AXIS2_PLACEMENT_3D('',#17804,#14162,#14163);
#11390=AXIS2_PLACEMENT_3D('',#17807,#14164,#14165);
#11391=AXIS2_PLACEMENT_3D('',#17809,#14166,#14167);
#11392=AXIS2_PLACEMENT_3D('',#17810,#14168,#14169);
#11393=AXIS2_PLACEMENT_3D('',#17811,#14170,#14171);
#11394=AXIS2_PLACEMENT_3D('',#17814,#14172,#14173);
#11395=AXIS2_PLACEMENT_3D('',#17816,#14174,#14175);
#11396=AXIS2_PLACEMENT_3D('',#17817,#14176,#14177);
#11397=AXIS2_PLACEMENT_3D('',#17818,#14178,#14179);
#11398=AXIS2_PLACEMENT_3D('',#17821,#14182,#14183);
#11399=AXIS2_PLACEMENT_3D('',#17824,#14184,#14185);
#11400=AXIS2_PLACEMENT_3D('',#17826,#14186,#14187);
#11401=AXIS2_PLACEMENT_3D('',#17827,#14188,#14189);
#11402=AXIS2_PLACEMENT_3D('',#17828,#14190,#14191);
#11403=AXIS2_PLACEMENT_3D('',#17831,#14192,#14193);
#11404=AXIS2_PLACEMENT_3D('',#17833,#14194,#14195);
#11405=AXIS2_PLACEMENT_3D('',#17834,#14196,#14197);
#11406=AXIS2_PLACEMENT_3D('',#17835,#14198,#14199);
#11407=AXIS2_PLACEMENT_3D('',#17838,#14200,#14201);
#11408=AXIS2_PLACEMENT_3D('',#17840,#14202,#14203);
#11409=AXIS2_PLACEMENT_3D('',#17841,#14204,#14205);
#11410=AXIS2_PLACEMENT_3D('',#17842,#14206,#14207);
#11411=AXIS2_PLACEMENT_3D('',#17845,#14208,#14209);
#11412=AXIS2_PLACEMENT_3D('',#17847,#14210,#14211);
#11413=AXIS2_PLACEMENT_3D('',#17848,#14212,#14213);
#11414=AXIS2_PLACEMENT_3D('',#17849,#14214,#14215);
#11415=AXIS2_PLACEMENT_3D('',#17852,#14218,#14219);
#11416=AXIS2_PLACEMENT_3D('',#17855,#14222,#14223);
#11417=AXIS2_PLACEMENT_3D('',#17858,#14224,#14225);
#11418=AXIS2_PLACEMENT_3D('',#17860,#14226,#14227);
#11419=AXIS2_PLACEMENT_3D('',#17861,#14228,#14229);
#11420=AXIS2_PLACEMENT_3D('',#17862,#14230,#14231);
#11421=AXIS2_PLACEMENT_3D('',#17865,#14232,#14233);
#11422=AXIS2_PLACEMENT_3D('',#17867,#14234,#14235);
#11423=AXIS2_PLACEMENT_3D('',#17868,#14236,#14237);
#11424=AXIS2_PLACEMENT_3D('',#17869,#14238,#14239);
#11425=AXIS2_PLACEMENT_3D('',#17872,#14242,#14243);
#11426=AXIS2_PLACEMENT_3D('',#17875,#14246,#14247);
#11427=AXIS2_PLACEMENT_3D('',#17878,#14250,#14251);
#11428=AXIS2_PLACEMENT_3D('',#17881,#14254,#14255);
#11429=AXIS2_PLACEMENT_3D('',#17884,#14258,#14259);
#11430=AXIS2_PLACEMENT_3D('',#17887,#14262,#14263);
#11431=AXIS2_PLACEMENT_3D('',#17890,#14266,#14267);
#11432=AXIS2_PLACEMENT_3D('',#17893,#14270,#14271);
#11433=AXIS2_PLACEMENT_3D('',#17896,#14274,#14275);
#11434=AXIS2_PLACEMENT_3D('',#17897,#14276,#14277);
#11435=AXIS2_PLACEMENT_3D('',#17898,#14278,#14279);
#11436=AXIS2_PLACEMENT_3D('',#17899,#14280,#14281);
#11437=AXIS2_PLACEMENT_3D('',#17900,#14282,#14283);
#11438=AXIS2_PLACEMENT_3D('',#17901,#14284,#14285);
#11439=AXIS2_PLACEMENT_3D('',#17910,#14290,#14291);
#11440=AXIS2_PLACEMENT_3D('',#17919,#14296,#14297);
#11441=AXIS2_PLACEMENT_3D('',#17922,#14300,#14301);
#11442=AXIS2_PLACEMENT_3D('',#17924,#14303,#14304);
#11443=AXIS2_PLACEMENT_3D('',#17926,#14306,#14307);
#11444=AXIS2_PLACEMENT_3D('',#17927,#14308,#14309);
#11445=AXIS2_PLACEMENT_3D('',#17936,#14314,#14315);
#11446=AXIS2_PLACEMENT_3D('',#17945,#14320,#14321);
#11447=AXIS2_PLACEMENT_3D('',#17948,#14322,#14323);
#11448=AXIS2_PLACEMENT_3D('',#17953,#14326,#14327);
#11449=AXIS2_PLACEMENT_3D('',#17959,#14331,#14332);
#11450=AXIS2_PLACEMENT_3D('',#17960,#14333,#14334);
#11451=AXIS2_PLACEMENT_3D('',#17961,#14335,#14336);
#11452=AXIS2_PLACEMENT_3D('',#17962,#14337,#14338);
#11453=AXIS2_PLACEMENT_3D('',#17966,#14341,#14342);
#11454=AXIS2_PLACEMENT_3D('',#17969,#14344,#14345);
#11455=AXIS2_PLACEMENT_3D('',#17970,#14346,#14347);
#11456=AXIS2_PLACEMENT_3D('',#17976,#14351,#14352);
#11457=AXIS2_PLACEMENT_3D('',#17980,#14355,#14356);
#11458=AXIS2_PLACEMENT_3D('',#17986,#14360,#14361);
#11459=AXIS2_PLACEMENT_3D('',#17989,#14363,#14364);
#11460=AXIS2_PLACEMENT_3D('',#17990,#14365,#14366);
#11461=AXIS2_PLACEMENT_3D('',#17992,#14368,#14369);
#11462=AXIS2_PLACEMENT_3D('',#17994,#14371,#14372);
#11463=AXIS2_PLACEMENT_3D('',#17996,#14374,#14375);
#11464=AXIS2_PLACEMENT_3D('',#17998,#14377,#14378);
#11465=AXIS2_PLACEMENT_3D('',#17999,#14379,#14380);
#11466=AXIS2_PLACEMENT_3D('',#18001,#14381,#14382);
#11467=AXIS2_PLACEMENT_3D('',#18004,#14384,#14385);
#11468=AXIS2_PLACEMENT_3D('',#18005,#14386,#14387);
#11469=AXIS2_PLACEMENT_3D('',#18006,#14388,#14389);
#11470=AXIS2_PLACEMENT_3D('',#18007,#14390,#14391);
#11471=AXIS2_PLACEMENT_3D('',#18009,#14392,#14393);
#11472=AXIS2_PLACEMENT_3D('',#18012,#14395,#14396);
#11473=AXIS2_PLACEMENT_3D('',#18013,#14397,#14398);
#11474=AXIS2_PLACEMENT_3D('',#18014,#14399,#14400);
#11475=AXIS2_PLACEMENT_3D('',#18015,#14401,#14402);
#11476=AXIS2_PLACEMENT_3D('',#18017,#14403,#14404);
#11477=AXIS2_PLACEMENT_3D('',#18020,#14406,#14407);
#11478=AXIS2_PLACEMENT_3D('',#18021,#14408,#14409);
#11479=AXIS2_PLACEMENT_3D('',#18022,#14410,#14411);
#11480=AXIS2_PLACEMENT_3D('',#18023,#14412,#14413);
#11481=AXIS2_PLACEMENT_3D('',#18032,#14418,#14419);
#11482=AXIS2_PLACEMENT_3D('',#18038,#14423,#14424);
#11483=AXIS2_PLACEMENT_3D('',#18044,#14428,#14429);
#11484=AXIS2_PLACEMENT_3D('',#18047,#14432,#14433);
#11485=AXIS2_PLACEMENT_3D('',#18048,#14434,#14435);
#11486=AXIS2_PLACEMENT_3D('',#18049,#14436,#14437);
#11487=AXIS2_PLACEMENT_3D('',#18050,#14438,#14439);
#11488=AXIS2_PLACEMENT_3D('',#18051,#14440,#14441);
#11489=AXIS2_PLACEMENT_3D('',#18052,#14442,#14443);
#11490=AXIS2_PLACEMENT_3D('',#18053,#14444,#14445);
#11491=AXIS2_PLACEMENT_3D('',#18054,#14446,#14447);
#11492=AXIS2_PLACEMENT_3D('',#18055,#14448,#14449);
#11493=AXIS2_PLACEMENT_3D('',#18056,#14450,#14451);
#11494=AXIS2_PLACEMENT_3D('',#18057,#14452,#14453);
#11495=AXIS2_PLACEMENT_3D('',#18058,#14454,#14455);
#11496=AXIS2_PLACEMENT_3D('',#18059,#14456,#14457);
#11497=AXIS2_PLACEMENT_3D('',#18060,#14458,#14459);
#11498=AXIS2_PLACEMENT_3D('',#18061,#14460,#14461);
#11499=AXIS2_PLACEMENT_3D('',#18062,#14462,#14463);
#11500=AXIS2_PLACEMENT_3D('',#18063,#14464,#14465);
#11501=AXIS2_PLACEMENT_3D('',#18064,#14466,#14467);
#11502=AXIS2_PLACEMENT_3D('',#18065,#14468,#14469);
#11503=AXIS2_PLACEMENT_3D('',#18066,#14470,#14471);
#11504=AXIS2_PLACEMENT_3D('',#18067,#14472,#14473);
#11505=AXIS2_PLACEMENT_3D('',#18068,#14474,#14475);
#11506=AXIS2_PLACEMENT_3D('',#18069,#14476,#14477);
#11507=DIRECTION('axis',(0.,0.,1.));
#11508=DIRECTION('refdir',(1.,0.,0.));
#11509=DIRECTION('axis',(0.,0.,1.));
#11510=DIRECTION('refdir',(1.,0.,0.));
#11511=DIRECTION('center_axis',(-1.,0.,0.));
#11512=DIRECTION('ref_axis',(0.,1.,0.));
#11513=DIRECTION('center_axis',(-1.,0.,0.));
#11514=DIRECTION('ref_axis',(0.,1.,0.));
#11515=DIRECTION('',(-1.,0.,0.));
#11516=DIRECTION('center_axis',(1.,0.,0.));
#11517=DIRECTION('ref_axis',(0.,1.,0.));
#11518=DIRECTION('center_axis',(1.,0.,0.));
#11519=DIRECTION('ref_axis',(0.,0.479425538604203,0.877582561890372));
#11520=DIRECTION('center_axis',(-1.,0.,0.));
#11521=DIRECTION('ref_axis',(0.,1.,0.));
#11522=DIRECTION('center_axis',(-1.,0.,0.));
#11523=DIRECTION('ref_axis',(0.,1.,0.));
#11524=DIRECTION('',(-1.,0.,0.));
#11525=DIRECTION('center_axis',(-1.,0.,0.));
#11526=DIRECTION('ref_axis',(0.,1.,0.));
#11527=DIRECTION('center_axis',(-1.,0.,0.));
#11528=DIRECTION('ref_axis',(0.,1.,0.));
#11529=DIRECTION('center_axis',(-1.,0.,0.));
#11530=DIRECTION('ref_axis',(0.,0.,1.));
#11531=DIRECTION('center_axis',(-1.,0.,0.));
#11532=DIRECTION('ref_axis',(0.,1.,0.));
#11533=DIRECTION('center_axis',(-1.,0.,0.));
#11534=DIRECTION('ref_axis',(0.,0.,1.));
#11535=DIRECTION('center_axis',(-1.,0.,0.));
#11536=DIRECTION('ref_axis',(0.,1.,0.));
#11537=DIRECTION('center_axis',(1.,0.,0.));
#11538=DIRECTION('ref_axis',(0.,0.479425538604204,0.877582561890372));
#11539=DIRECTION('',(-1.,0.,0.));
#11540=DIRECTION('center_axis',(-1.,0.,0.));
#11541=DIRECTION('ref_axis',(0.,1.,0.));
#11542=DIRECTION('center_axis',(-1.,0.,0.));
#11543=DIRECTION('ref_axis',(0.,1.,0.));
#11544=DIRECTION('center_axis',(1.,3.2914847318339E-15,-1.64574236591695E-15));
#11545=DIRECTION('ref_axis',(-3.68095725045137E-15,0.520296023213257,-0.853985976599422));
#11546=DIRECTION('',(-0.759256602365587,0.338604163550457,-0.555766706622986));
#11547=DIRECTION('center_axis',(1.,0.,0.));
#11548=DIRECTION('ref_axis',(0.,0.479425538604204,0.877582561890372));
#11549=DIRECTION('center_axis',(-1.,0.,0.));
#11550=DIRECTION('ref_axis',(0.,1.,0.));
#11551=DIRECTION('',(-1.,0.,0.));
#11552=DIRECTION('center_axis',(-1.,0.,0.));
#11553=DIRECTION('ref_axis',(0.,1.,0.));
#11554=DIRECTION('center_axis',(-1.,3.2914847318339E-15,-1.64574236591695E-15));
#11555=DIRECTION('ref_axis',(3.68095725045137E-15,0.520296023213257,-0.853985976599422));
#11556=DIRECTION('',(-0.759256602365587,-0.338604163550457,0.555766706622986));
#11557=DIRECTION('axis',(0.,0.,1.));
#11558=DIRECTION('refdir',(1.,0.,0.));
#11559=DIRECTION('center_axis',(0.,0.,1.));
#11560=DIRECTION('ref_axis',(1.,0.,0.));
#11561=DIRECTION('center_axis',(0.,0.,1.));
#11562=DIRECTION('ref_axis',(1.,0.,0.));
#11563=DIRECTION('center_axis',(0.,0.,1.));
#11564=DIRECTION('ref_axis',(1.,0.,0.));
#11565=DIRECTION('center_axis',(0.,0.,1.));
#11566=DIRECTION('ref_axis',(-1.,0.,0.));
#11567=DIRECTION('center_axis',(0.,0.,1.));
#11568=DIRECTION('ref_axis',(-1.,0.,0.));
#11569=DIRECTION('center_axis',(0.,0.,1.));
#11570=DIRECTION('ref_axis',(1.,0.,0.));
#11571=DIRECTION('center_axis',(0.,0.,1.));
#11572=DIRECTION('ref_axis',(-1.,0.,0.));
#11573=DIRECTION('',(0.,0.,-1.));
#11574=DIRECTION('center_axis',(0.,0.,1.));
#11575=DIRECTION('ref_axis',(1.,0.,0.));
#11576=DIRECTION('',(0.,0.,-1.));
#11577=DIRECTION('center_axis',(0.,0.,1.));
#11578=DIRECTION('ref_axis',(1.,0.,0.));
#11579=DIRECTION('',(0.866025403784329,-0.50000000000019,0.));
#11580=DIRECTION('',(0.,-1.,0.));
#11581=DIRECTION('',(-0.866025403784329,-0.50000000000019,0.));
#11582=DIRECTION('',(-0.866025403784329,0.50000000000019,0.));
#11583=DIRECTION('',(0.,1.,0.));
#11584=DIRECTION('',(0.866025403784329,0.50000000000019,0.));
#11585=DIRECTION('center_axis',(-1.,0.,0.));
#11586=DIRECTION('ref_axis',(0.,1.,0.));
#11587=DIRECTION('',(0.,0.,-1.));
#11588=DIRECTION('',(0.,0.,-1.));
#11589=DIRECTION('',(0.,1.,0.));
#11590=DIRECTION('center_axis',(-0.50000000000019,0.866025403784329,0.));
#11591=DIRECTION('ref_axis',(0.866025403784329,0.50000000000019,0.));
#11592=DIRECTION('',(0.,0.,-1.));
#11593=DIRECTION('',(0.866025403784329,0.50000000000019,0.));
#11594=DIRECTION('center_axis',(-0.50000000000019,-0.866025403784329,0.));
#11595=DIRECTION('ref_axis',(-0.866025403784329,0.50000000000019,0.));
#11596=DIRECTION('',(0.,0.,-1.));
#11597=DIRECTION('',(-0.866025403784329,0.50000000000019,0.));
#11598=DIRECTION('center_axis',(0.,0.,1.));
#11599=DIRECTION('ref_axis',(1.,0.,0.));
#11600=DIRECTION('',(-0.866025403784329,-0.50000000000019,0.));
#11601=DIRECTION('',(0.,-1.,0.));
#11602=DIRECTION('',(0.866025403784329,-0.50000000000019,0.));
#11603=DIRECTION('center_axis',(0.50000000000019,0.866025403784329,0.));
#11604=DIRECTION('ref_axis',(0.866025403784329,-0.50000000000019,0.));
#11605=DIRECTION('',(0.,0.,-1.));
#11606=DIRECTION('center_axis',(0.50000000000019,-0.866025403784329,0.));
#11607=DIRECTION('ref_axis',(-0.866025403784329,-0.50000000000019,0.));
#11608=DIRECTION('',(0.,0.,-1.));
#11609=DIRECTION('center_axis',(1.,0.,0.));
#11610=DIRECTION('ref_axis',(0.,-1.,0.));
#11611=DIRECTION('axis',(0.,0.,1.));
#11612=DIRECTION('refdir',(1.,0.,0.));
#11613=DIRECTION('center_axis',(0.,0.,1.));
#11614=DIRECTION('ref_axis',(1.,0.,0.));
#11615=DIRECTION('center_axis',(0.,0.,1.));
#11616=DIRECTION('ref_axis',(1.,0.,0.));
#11617=DIRECTION('center_axis',(0.,0.,1.));
#11618=DIRECTION('ref_axis',(1.,0.,0.));
#11619=DIRECTION('center_axis',(0.,0.,1.));
#11620=DIRECTION('ref_axis',(-1.,0.,0.));
#11621=DIRECTION('center_axis',(0.,0.,1.));
#11622=DIRECTION('ref_axis',(-1.,0.,0.));
#11623=DIRECTION('center_axis',(0.,0.,1.));
#11624=DIRECTION('ref_axis',(1.,0.,0.));
#11625=DIRECTION('center_axis',(0.,0.,1.));
#11626=DIRECTION('ref_axis',(-1.,0.,0.));
#11627=DIRECTION('',(0.,0.,-1.));
#11628=DIRECTION('center_axis',(0.,0.,1.));
#11629=DIRECTION('ref_axis',(1.,0.,0.));
#11630=DIRECTION('',(0.,0.,-1.));
#11631=DIRECTION('center_axis',(0.,0.,1.));
#11632=DIRECTION('ref_axis',(1.,0.,0.));
#11633=DIRECTION('',(0.866025403784329,-0.50000000000019,0.));
#11634=DIRECTION('',(0.,-1.,0.));
#11635=DIRECTION('',(-0.866025403784329,-0.50000000000019,0.));
#11636=DIRECTION('',(-0.866025403784329,0.50000000000019,0.));
#11637=DIRECTION('',(0.,1.,0.));
#11638=DIRECTION('',(0.866025403784329,0.50000000000019,0.));
#11639=DIRECTION('center_axis',(-1.,0.,0.));
#11640=DIRECTION('ref_axis',(0.,1.,0.));
#11641=DIRECTION('',(0.,0.,-1.));
#11642=DIRECTION('',(0.,0.,-1.));
#11643=DIRECTION('',(0.,1.,0.));
#11644=DIRECTION('center_axis',(-0.50000000000019,0.866025403784329,0.));
#11645=DIRECTION('ref_axis',(0.866025403784329,0.50000000000019,0.));
#11646=DIRECTION('',(0.,0.,-1.));
#11647=DIRECTION('',(0.866025403784329,0.50000000000019,0.));
#11648=DIRECTION('center_axis',(-0.50000000000019,-0.866025403784329,0.));
#11649=DIRECTION('ref_axis',(-0.866025403784329,0.50000000000019,0.));
#11650=DIRECTION('',(0.,0.,-1.));
#11651=DIRECTION('',(-0.866025403784329,0.50000000000019,0.));
#11652=DIRECTION('center_axis',(0.,0.,1.));
#11653=DIRECTION('ref_axis',(1.,0.,0.));
#11654=DIRECTION('',(-0.866025403784329,-0.50000000000019,0.));
#11655=DIRECTION('',(0.,-1.,0.));
#11656=DIRECTION('',(0.866025403784329,-0.50000000000019,0.));
#11657=DIRECTION('center_axis',(0.50000000000019,0.866025403784329,0.));
#11658=DIRECTION('ref_axis',(0.866025403784329,-0.50000000000019,0.));
#11659=DIRECTION('',(0.,0.,-1.));
#11660=DIRECTION('center_axis',(0.50000000000019,-0.866025403784329,0.));
#11661=DIRECTION('ref_axis',(-0.866025403784329,-0.50000000000019,0.));
#11662=DIRECTION('',(0.,0.,-1.));
#11663=DIRECTION('center_axis',(1.,0.,0.));
#11664=DIRECTION('ref_axis',(0.,-1.,0.));
#11665=DIRECTION('axis',(0.,0.,1.));
#11666=DIRECTION('refdir',(1.,0.,0.));
#11667=DIRECTION('center_axis',(1.43117840807643E-12,1.,0.));
#11668=DIRECTION('ref_axis',(1.,-1.43117840807643E-12,0.));
#11669=DIRECTION('center_axis',(1.43107747874183E-12,1.,0.));
#11670=DIRECTION('ref_axis',(1.,-1.43117840807643E-12,0.));
#11671=DIRECTION('',(1.43117840807643E-12,1.,0.));
#11672=DIRECTION('center_axis',(-1.43100346389554E-12,-1.,-2.71782598806388E-16));
#11673=DIRECTION('ref_axis',(1.,-1.43117840807643E-12,0.));
#11674=DIRECTION('center_axis',(0.,1.,0.));
#11675=DIRECTION('ref_axis',(1.,0.,0.));
#11676=DIRECTION('center_axis',(-1.43107747874183E-12,-1.,0.));
#11677=DIRECTION('ref_axis',(1.,-1.4306737612904E-12,0.));
#11678=DIRECTION('',(-0.683941128885215,0.729537204136443,-8.37586314294506E-17));
#11679=DIRECTION('center_axis',(0.,1.,0.));
#11680=DIRECTION('ref_axis',(1.,0.,0.));
#11681=DIRECTION('center_axis',(1.4306737612904E-12,1.,0.));
#11682=DIRECTION('ref_axis',(1.,-1.4306737612904E-12,0.));
#11683=DIRECTION('center_axis',(1.43107747874183E-12,1.,0.));
#11684=DIRECTION('ref_axis',(1.,-1.4306737612904E-12,0.));
#11685=DIRECTION('',(1.4306737612904E-12,1.,0.));
#11686=DIRECTION('center_axis',(0.,1.,0.));
#11687=DIRECTION('ref_axis',(1.,-1.4306737612904E-12,0.));
#11688=DIRECTION('center_axis',(0.,-1.,0.));
#11689=DIRECTION('ref_axis',(0.,0.,-1.));
#11690=DIRECTION('center_axis',(-1.43107747874183E-12,-1.,0.));
#11691=DIRECTION('ref_axis',(0.,0.,-1.));
#11692=DIRECTION('',(1.,-1.43107747874183E-12,0.));
#11693=DIRECTION('center_axis',(1.43107747874183E-12,1.,0.));
#11694=DIRECTION('ref_axis',(0.,0.,1.));
#11695=DIRECTION('center_axis',(1.43107747874183E-12,1.,0.));
#11696=DIRECTION('ref_axis',(0.,0.,1.));
#11697=DIRECTION('',(1.62471662140267E-16,-2.32509536622687E-28,-1.));
#11698=DIRECTION('center_axis',(1.43107747874183E-12,1.,0.));
#11699=DIRECTION('ref_axis',(0.,0.,1.));
#11700=DIRECTION('center_axis',(1.43107747874183E-12,1.,0.));
#11701=DIRECTION('ref_axis',(0.,0.,1.));
#11702=DIRECTION('',(-1.,1.43107747874183E-12,0.));
#11703=DIRECTION('',(-1.62471662140267E-16,2.32497511307587E-28,1.));
#11704=DIRECTION('center_axis',(1.43107747874183E-12,1.,0.));
#11705=DIRECTION('ref_axis',(0.707106781186548,-1.01218627169814E-12,0.707106781186548));
#11706=DIRECTION('',(-1.,1.43107747874183E-12,0.));
#11707=DIRECTION('center_axis',(-1.43107747874183E-12,-1.,0.));
#11708=DIRECTION('ref_axis',(-3.70074341541719E-16,5.29605055640565E-28,
1.));
#11709=DIRECTION('',(-1.08314441426845E-16,1.55006357748458E-28,-1.));
#11710=DIRECTION('center_axis',(-1.43107747874183E-12,-1.,0.));
#11711=DIRECTION('ref_axis',(-1.,1.43107747874183E-12,0.));
#11712=DIRECTION('',(1.,-1.43100346389554E-12,0.));
#11713=DIRECTION('center_axis',(1.43107747874183E-12,1.,0.));
#11714=DIRECTION('ref_axis',(0.707106781186548,-1.01218627169814E-12,-0.707106781186548));
#11715=DIRECTION('',(-1.62471662140267E-16,2.32497511307587E-28,1.));
#11716=DIRECTION('center_axis',(1.43107747874183E-12,1.,0.));
#11717=DIRECTION('ref_axis',(-3.70074341541719E-16,5.29605055640565E-28,
1.));
#11718=DIRECTION('',(1.43107747874183E-12,1.,0.));
#11719=DIRECTION('center_axis',(1.43107747874183E-12,1.,0.));
#11720=DIRECTION('ref_axis',(-3.70074341541719E-16,5.29605055640565E-28,
1.));
#11721=DIRECTION('',(1.43107747874183E-12,1.,0.));
#11722=DIRECTION('center_axis',(-1.,1.43107747874183E-12,1.08314441426845E-16));
#11723=DIRECTION('ref_axis',(1.08314441426845E-16,-1.55006357748458E-28,
1.));
#11724=DIRECTION('',(1.08314441426845E-16,-1.55006357748458E-28,1.));
#11725=DIRECTION('',(1.43107747874183E-12,1.,0.));
#11726=DIRECTION('center_axis',(1.43107747874183E-12,1.,0.));
#11727=DIRECTION('ref_axis',(-1.,1.43107747874183E-12,0.));
#11728=DIRECTION('center_axis',(1.43107747874183E-12,1.,0.));
#11729=DIRECTION('ref_axis',(-1.,1.43107747874183E-12,0.));
#11730=DIRECTION('',(1.43107747874183E-12,1.,0.));
#11731=DIRECTION('center_axis',(0.,0.,1.));
#11732=DIRECTION('ref_axis',(-0.886279110139756,-0.463151529123981,0.));
#11733=DIRECTION('center_axis',(0.,0.,-1.));
#11734=DIRECTION('ref_axis',(1.,0.,0.));
#11735=DIRECTION('',(0.,0.,1.));
#11736=DIRECTION('center_axis',(0.,0.,1.));
#11737=DIRECTION('ref_axis',(1.,0.,0.));
#11738=DIRECTION('',(0.,0.,-1.));
#11739=DIRECTION('center_axis',(-0.984807753012209,0.173648177666924,0.));
#11740=DIRECTION('ref_axis',(-0.173648177666924,-0.984807753012209,0.));
#11741=DIRECTION('',(4.79226050566165E-17,2.71782598806319E-16,-1.));
#11742=DIRECTION('',(0.173648177666924,0.984807753012209,0.));
#11743=DIRECTION('',(0.,0.,1.));
#11744=DIRECTION('',(-0.173648177666924,-0.984807753012209,0.));
#11745=DIRECTION('center_axis',(0.,-1.,0.));
#11746=DIRECTION('ref_axis',(1.,0.,0.));
#11747=DIRECTION('',(-1.,0.,0.));
#11748=DIRECTION('',(0.,0.,1.));
#11749=DIRECTION('',(1.,0.,0.));
#11750=DIRECTION('center_axis',(0.984807753012208,0.173648177666929,0.));
#11751=DIRECTION('ref_axis',(-0.173648177666929,0.984807753012208,0.));
#11752=DIRECTION('',(4.79226050566421E-17,-2.71782598806456E-16,1.));
#11753=DIRECTION('',(-0.173648177666929,0.984807753012208,0.));
#11754=DIRECTION('',(0.173648177666929,-0.984807753012208,0.));
#11755=DIRECTION('center_axis',(0.,0.,1.));
#11756=DIRECTION('ref_axis',(1.,0.,0.));
#11757=DIRECTION('',(1.,-1.42411713234096E-12,0.));
#11758=DIRECTION('',(1.43107747874183E-12,1.,0.));
#11759=DIRECTION('',(1.,-1.43107747874183E-12,0.));
#11760=DIRECTION('center_axis',(0.,0.,1.));
#11761=DIRECTION('ref_axis',(0.707106781187559,0.707106781185536,1.30841038223648E-16));
#11762=DIRECTION('',(-1.43100979349649E-12,-1.,0.));
#11763=DIRECTION('',(1.,0.,0.));
#11764=DIRECTION('',(-0.173648177666931,0.984807753012208,0.));
#11765=DIRECTION('',(1.,0.,0.));
#11766=DIRECTION('',(-0.17364817766693,-0.984807753012208,0.));
#11767=DIRECTION('',(1.,0.,0.));
#11768=DIRECTION('',(-0.173648177666929,0.984807753012208,0.));
#11769=DIRECTION('',(1.,0.,0.));
#11770=DIRECTION('',(-0.173648177666931,-0.984807753012208,0.));
#11771=DIRECTION('',(1.,0.,0.));
#11772=DIRECTION('',(0.,1.,0.));
#11773=DIRECTION('center_axis',(0.,0.,-1.));
#11774=DIRECTION('ref_axis',(-0.0926437830043968,0.995699316797312,0.));
#11775=DIRECTION('center_axis',(0.,0.,1.));
#11776=DIRECTION('ref_axis',(-1.24344978758018E-14,-1.,0.));
#11777=DIRECTION('center_axis',(0.,0.,-1.));
#11778=DIRECTION('ref_axis',(-1.,-7.77156117237608E-16,0.));
#11779=DIRECTION('',(0.,1.,0.));
#11780=DIRECTION('',(-1.,-7.48146307621629E-10,0.));
#11781=DIRECTION('center_axis',(0.,0.,-1.));
#11782=DIRECTION('ref_axis',(-0.918542369991222,-0.395322544931235,0.));
#11783=DIRECTION('center_axis',(0.,0.,-1.));
#11784=DIRECTION('ref_axis',(-0.918542411269917,-0.395322449019084,0.));
#11785=DIRECTION('center_axis',(0.,0.,-1.));
#11786=DIRECTION('ref_axis',(-0.378244128004083,0.925705881816914,0.));
#11787=DIRECTION('center_axis',(0.,0.,1.));
#11788=DIRECTION('ref_axis',(0.99377116656349,-0.111439977149319,0.));
#11789=DIRECTION('center_axis',(0.,0.,-1.));
#11790=DIRECTION('ref_axis',(-0.751424309637044,-0.659819298661756,0.));
#11791=DIRECTION('center_axis',(0.,0.,-1.));
#11792=DIRECTION('ref_axis',(-0.645790391951076,0.763514747508963,0.));
#11793=DIRECTION('center_axis',(0.,0.,1.));
#11794=DIRECTION('ref_axis',(0.979569387816347,0.201106475413168,0.));
#11795=DIRECTION('center_axis',(0.,0.,-1.));
#11796=DIRECTION('ref_axis',(-0.510751609779664,-0.859728325174576,0.));
#11797=DIRECTION('center_axis',(0.,0.,-1.));
#11798=DIRECTION('ref_axis',(-0.850122192876755,0.52658546996515,0.));
#11799=DIRECTION('center_axis',(0.,0.,1.));
#11800=DIRECTION('ref_axis',(0.869480530781482,0.493967212061644,0.));
#11801=DIRECTION('center_axis',(0.,0.,-1.));
#11802=DIRECTION('ref_axis',(-0.220082983647706,-0.975481153230919,0.));
#11803=DIRECTION('center_axis',(0.,0.,-1.));
#11804=DIRECTION('ref_axis',(-0.971238110379463,0.238110337756532,0.));
#11805=DIRECTION('center_axis',(0.,0.,1.));
#11806=DIRECTION('ref_axis',(0.674280871056417,0.738474987340397,0.));
#11807=DIRECTION('center_axis',(0.,0.,-1.));
#11808=DIRECTION('ref_axis',(0.0921288984628178,-0.99574708940977,0.));
#11809=DIRECTION('center_axis',(0.,0.,-1.));
#11810=DIRECTION('ref_axis',(-0.988422831656031,-0.151724440552846,0.));
#11811=DIRECTION('center_axis',(0.,0.,1.));
#11812=DIRECTION('ref_axis',(0.413077895230789,0.910695696965623,0.));
#11813=DIRECTION('center_axis',(0.,0.,-1.));
#11814=DIRECTION('ref_axis',(0.395322561832723,-0.918542362717155,0.));
#11815=DIRECTION('center_axis',(0.,0.,-1.));
#11816=DIRECTION('ref_axis',(-0.925705881802233,-0.378244128040015,0.));
#11817=DIRECTION('center_axis',(0.,0.,1.));
#11818=DIRECTION('ref_axis',(0.11143997687322,0.993771166594451,0.));
#11819=DIRECTION('',(1.,-1.42411713234096E-12,0.));
#11820=DIRECTION('center_axis',(0.,0.,-1.));
#11821=DIRECTION('ref_axis',(-1.,0.,0.));
#11822=DIRECTION('center_axis',(0.,0.,-1.));
#11823=DIRECTION('ref_axis',(-1.,0.,0.));
#11824=DIRECTION('center_axis',(0.,0.,-1.));
#11825=DIRECTION('ref_axis',(-1.,0.,0.));
#11826=DIRECTION('center_axis',(0.,0.,-1.));
#11827=DIRECTION('ref_axis',(1.,0.,0.));
#11828=DIRECTION('center_axis',(0.,0.,-1.));
#11829=DIRECTION('ref_axis',(1.,0.,0.));
#11830=DIRECTION('center_axis',(0.,0.,-1.));
#11831=DIRECTION('ref_axis',(1.,0.,0.));
#11832=DIRECTION('center_axis',(1.43100346389554E-12,1.,2.71782598806388E-16));
#11833=DIRECTION('ref_axis',(-1.,1.43100346389554E-12,0.));
#11834=DIRECTION('',(1.,-1.4309920769707E-12,0.));
#11835=DIRECTION('',(1.62471662140267E-16,-2.32497511307587E-28,-1.));
#11836=DIRECTION('center_axis',(-1.43100346389554E-12,-1.,-2.71782598806388E-16));
#11837=DIRECTION('ref_axis',(0.707106781186548,-1.01218627169814E-12,-0.707106781186548));
#11838=DIRECTION('',(-1.,1.43100346389554E-12,0.));
#11839=DIRECTION('',(1.,-1.43100346389554E-12,0.));
#11840=DIRECTION('center_axis',(-1.43100346389554E-12,-1.,-2.71782598806388E-16));
#11841=DIRECTION('ref_axis',(0.707106781186548,-1.01218627169814E-12,0.707106781186548));
#11842=DIRECTION('',(1.62471662140267E-16,-2.32497511307587E-28,-1.));
#11843=DIRECTION('center_axis',(-1.43100346389554E-12,-1.,-2.71782598806388E-16));
#11844=DIRECTION('ref_axis',(0.,0.,-1.));
#11845=DIRECTION('center_axis',(-1.43100346389554E-12,-1.,-2.71782598806388E-16));
#11846=DIRECTION('ref_axis',(0.,0.,-1.));
#11847=DIRECTION('center_axis',(-1.,1.43107747874183E-12,0.));
#11848=DIRECTION('ref_axis',(1.01208159886756E-12,0.707106781186547,0.707106781186548));
#11849=DIRECTION('center_axis',(1.,-1.43107747874183E-12,1.62471662140267E-16));
#11850=DIRECTION('ref_axis',(1.01208159886756E-12,0.707106781186547,0.707106781186548));
#11851=DIRECTION('',(-1.,1.43107747874183E-12,0.));
#11852=DIRECTION('center_axis',(-1.43107747874183E-12,-1.,0.));
#11853=DIRECTION('ref_axis',(0.,0.,-1.));
#11854=DIRECTION('center_axis',(1.,-1.43107747874183E-12,0.));
#11855=DIRECTION('ref_axis',(1.01208159886756E-12,0.707106781186547,-0.707106781186548));
#11856=DIRECTION('center_axis',(1.,-1.43107747874183E-12,1.62471662140267E-16));
#11857=DIRECTION('ref_axis',(1.01208159886756E-12,0.707106781186547,-0.707106781186548));
#11858=DIRECTION('center_axis',(-1.62471662140267E-16,2.32509536622687E-28,
1.));
#11859=DIRECTION('ref_axis',(0.707106781187559,0.707106781185536,1.30841038223648E-16));
#11860=DIRECTION('center_axis',(0.,0.,-1.));
#11861=DIRECTION('ref_axis',(0.707106781187559,0.707106781185536,1.30841038223648E-16));
#11862=DIRECTION('',(-1.62471662140267E-16,2.32509536622687E-28,1.));
#11863=DIRECTION('center_axis',(-1.,1.43100979349649E-12,-1.62471662140267E-16));
#11864=DIRECTION('ref_axis',(1.62471662140267E-16,-2.32497511307587E-28,
-1.));
#11865=DIRECTION('',(-1.43100979349649E-12,-1.,0.));
#11866=DIRECTION('',(-1.62471662140267E-16,0.,1.));
#11867=DIRECTION('center_axis',(0.,0.,1.));
#11868=DIRECTION('ref_axis',(1.,0.,0.));
#11869=DIRECTION('',(1.,-1.4309920769707E-12,0.));
#11870=DIRECTION('center_axis',(0.,0.,-1.));
#11871=DIRECTION('ref_axis',(0.11143997687322,0.993771166594451,0.));
#11872=DIRECTION('center_axis',(0.,0.,1.));
#11873=DIRECTION('ref_axis',(-0.925705881802233,-0.378244128040015,0.));
#11874=DIRECTION('center_axis',(0.,0.,1.));
#11875=DIRECTION('ref_axis',(0.395322561832723,-0.918542362717155,0.));
#11876=DIRECTION('center_axis',(0.,0.,-1.));
#11877=DIRECTION('ref_axis',(0.413077895230789,0.910695696965623,0.));
#11878=DIRECTION('center_axis',(0.,0.,1.));
#11879=DIRECTION('ref_axis',(-0.988422831656031,-0.151724440552846,0.));
#11880=DIRECTION('center_axis',(0.,0.,1.));
#11881=DIRECTION('ref_axis',(0.0921288984628178,-0.99574708940977,0.));
#11882=DIRECTION('center_axis',(0.,0.,-1.));
#11883=DIRECTION('ref_axis',(0.674280871056417,0.738474987340397,0.));
#11884=DIRECTION('center_axis',(0.,0.,1.));
#11885=DIRECTION('ref_axis',(-0.971238110379463,0.238110337756532,0.));
#11886=DIRECTION('center_axis',(0.,0.,1.));
#11887=DIRECTION('ref_axis',(-0.220082983647706,-0.975481153230919,0.));
#11888=DIRECTION('center_axis',(0.,0.,-1.));
#11889=DIRECTION('ref_axis',(0.869480530781482,0.493967212061644,0.));
#11890=DIRECTION('center_axis',(0.,0.,1.));
#11891=DIRECTION('ref_axis',(-0.850122192876755,0.52658546996515,0.));
#11892=DIRECTION('center_axis',(0.,0.,1.));
#11893=DIRECTION('ref_axis',(-0.510751609779664,-0.859728325174576,0.));
#11894=DIRECTION('center_axis',(0.,0.,-1.));
#11895=DIRECTION('ref_axis',(0.979569387816347,0.201106475413168,0.));
#11896=DIRECTION('center_axis',(0.,0.,1.));
#11897=DIRECTION('ref_axis',(-0.645790391951076,0.763514747508963,0.));
#11898=DIRECTION('center_axis',(0.,0.,1.));
#11899=DIRECTION('ref_axis',(-0.751424309637044,-0.659819298661756,0.));
#11900=DIRECTION('center_axis',(0.,0.,-1.));
#11901=DIRECTION('ref_axis',(0.99377116656349,-0.111439977149319,0.));
#11902=DIRECTION('center_axis',(0.,0.,1.));
#11903=DIRECTION('ref_axis',(-0.378244128004083,0.925705881816914,0.));
#11904=DIRECTION('center_axis',(0.,0.,1.));
#11905=DIRECTION('ref_axis',(-0.918542411269917,-0.395322449019084,0.));
#11906=DIRECTION('center_axis',(0.,0.,1.));
#11907=DIRECTION('ref_axis',(-0.918542369991222,-0.395322544931235,0.));
#11908=DIRECTION('',(1.,7.48146307621629E-10,0.));
#11909=DIRECTION('',(0.,-1.,0.));
#11910=DIRECTION('center_axis',(0.,0.,1.));
#11911=DIRECTION('ref_axis',(-1.,-7.77156117237608E-16,0.));
#11912=DIRECTION('center_axis',(0.,0.,-1.));
#11913=DIRECTION('ref_axis',(-1.24344978758018E-14,-1.,0.));
#11914=DIRECTION('center_axis',(0.,0.,1.));
#11915=DIRECTION('ref_axis',(-0.0926437830043968,0.995699316797312,0.));
#11916=DIRECTION('',(0.,-1.,0.));
#11917=DIRECTION('',(-1.,0.,0.));
#11918=DIRECTION('',(0.173648177666931,0.984807753012208,0.));
#11919=DIRECTION('',(-1.,0.,0.));
#11920=DIRECTION('',(0.173648177666929,-0.984807753012208,0.));
#11921=DIRECTION('',(-1.,0.,0.));
#11922=DIRECTION('',(0.17364817766693,0.984807753012208,0.));
#11923=DIRECTION('',(-1.,0.,0.));
#11924=DIRECTION('',(0.173648177666931,-0.984807753012208,0.));
#11925=DIRECTION('',(-1.,0.,0.));
#11926=DIRECTION('',(-1.43107747874183E-12,-1.,0.));
#11927=DIRECTION('center_axis',(0.,0.,1.));
#11928=DIRECTION('ref_axis',(-1.,0.,0.));
#11929=DIRECTION('center_axis',(0.,0.,1.));
#11930=DIRECTION('ref_axis',(-1.,0.,0.));
#11931=DIRECTION('center_axis',(0.,0.,1.));
#11932=DIRECTION('ref_axis',(-1.,0.,0.));
#11933=DIRECTION('center_axis',(0.,0.,1.));
#11934=DIRECTION('ref_axis',(1.,0.,0.));
#11935=DIRECTION('center_axis',(0.,0.,1.));
#11936=DIRECTION('ref_axis',(1.,0.,0.));
#11937=DIRECTION('center_axis',(0.,0.,1.));
#11938=DIRECTION('ref_axis',(1.,0.,0.));
#11939=DIRECTION('center_axis',(-0.984807753012208,-0.173648177666931,0.));
#11940=DIRECTION('ref_axis',(-0.173648177666931,0.984807753012208,0.));
#11941=DIRECTION('',(0.,0.,-1.));
#11942=DIRECTION('',(0.,0.,1.));
#11943=DIRECTION('center_axis',(0.984807753012208,-0.17364817766693,0.));
#11944=DIRECTION('ref_axis',(-0.17364817766693,-0.984807753012208,0.));
#11945=DIRECTION('',(0.,0.,-1.));
#11946=DIRECTION('',(0.,0.,-1.));
#11947=DIRECTION('center_axis',(0.,1.,0.));
#11948=DIRECTION('ref_axis',(1.,0.,0.));
#11949=DIRECTION('center_axis',(-0.984807753012208,-0.173648177666929,0.));
#11950=DIRECTION('ref_axis',(-0.173648177666929,0.984807753012208,0.));
#11951=DIRECTION('',(0.,0.,-1.));
#11952=DIRECTION('',(0.,0.,1.));
#11953=DIRECTION('center_axis',(0.984807753012208,-0.173648177666931,0.));
#11954=DIRECTION('ref_axis',(-0.173648177666931,-0.984807753012208,0.));
#11955=DIRECTION('',(0.,0.,-1.));
#11956=DIRECTION('',(0.,0.,-1.));
#11957=DIRECTION('center_axis',(0.,1.,0.));
#11958=DIRECTION('ref_axis',(1.,0.,0.));
#11959=DIRECTION('center_axis',(0.,-1.,0.));
#11960=DIRECTION('ref_axis',(1.,0.,0.));
#11961=DIRECTION('',(0.,0.,1.));
#11962=DIRECTION('center_axis',(0.,-1.,0.));
#11963=DIRECTION('ref_axis',(1.,0.,0.));
#11964=DIRECTION('center_axis',(0.,-1.,0.));
#11965=DIRECTION('ref_axis',(1.,0.,0.));
#11966=DIRECTION('center_axis',(0.,1.,0.));
#11967=DIRECTION('ref_axis',(0.,0.,-1.));
#11968=DIRECTION('center_axis',(1.43107747874183E-12,1.,0.));
#11969=DIRECTION('ref_axis',(0.,0.,-1.));
#11970=DIRECTION('',(0.,1.,0.));
#11971=DIRECTION('center_axis',(0.,1.,0.));
#11972=DIRECTION('ref_axis',(0.,0.,-1.));
#11973=DIRECTION('center_axis',(1.43107747874183E-12,1.,0.));
#11974=DIRECTION('ref_axis',(0.,0.,-1.));
#11975=DIRECTION('',(0.,1.,0.));
#11976=DIRECTION('center_axis',(0.,1.,4.19239296056695E-15));
#11977=DIRECTION('ref_axis',(1.,0.,0.));
#11978=DIRECTION('center_axis',(-1.43107747874183E-12,-1.,0.));
#11979=DIRECTION('ref_axis',(0.,0.,1.));
#11980=DIRECTION('',(-0.683941128882253,0.72953720413922,2.97474800767587E-15));
#11981=DIRECTION('center_axis',(0.,1.,0.));
#11982=DIRECTION('ref_axis',(1.,0.,0.));
#11983=DIRECTION('center_axis',(0.,1.,4.19239296056695E-15));
#11984=DIRECTION('ref_axis',(1.,0.,0.));
#11985=DIRECTION('center_axis',(-1.43107747874183E-12,-1.,0.));
#11986=DIRECTION('ref_axis',(0.,0.,1.));
#11987=DIRECTION('',(-0.683941128882253,0.72953720413922,2.97474800767587E-15));
#11988=DIRECTION('center_axis',(0.,1.,0.));
#11989=DIRECTION('ref_axis',(1.,0.,0.));
#11990=DIRECTION('center_axis',(0.,1.,0.));
#11991=DIRECTION('ref_axis',(0.,0.,1.));
#11992=DIRECTION('',(0.,1.,0.));
#11993=DIRECTION('center_axis',(0.,1.,0.));
#11994=DIRECTION('ref_axis',(0.,0.,1.));
#11995=DIRECTION('center_axis',(0.,-1.,0.));
#11996=DIRECTION('ref_axis',(0.,0.,1.));
#11997=DIRECTION('center_axis',(0.,1.,0.));
#11998=DIRECTION('ref_axis',(0.,0.,1.));
#11999=DIRECTION('',(0.,1.,0.));
#12000=DIRECTION('center_axis',(0.,1.,0.));
#12001=DIRECTION('ref_axis',(0.,0.,1.));
#12002=DIRECTION('center_axis',(0.,-1.,0.));
#12003=DIRECTION('ref_axis',(0.,0.,1.));
#12004=DIRECTION('center_axis',(-1.43107747874183E-12,-1.,0.));
#12005=DIRECTION('ref_axis',(0.,0.,-1.));
#12006=DIRECTION('center_axis',(-1.43107747874183E-12,-1.,0.));
#12007=DIRECTION('ref_axis',(0.,0.,-1.));
#12008=DIRECTION('center_axis',(0.,0.,-1.));
#12009=DIRECTION('ref_axis',(1.,-1.43100346389554E-12,0.));
#12010=DIRECTION('',(1.43107747874183E-12,1.,0.));
#12011=DIRECTION('center_axis',(-1.43107747874183E-12,-1.,0.));
#12012=DIRECTION('ref_axis',(0.707106781186548,-1.01218627169814E-12,-0.707106781186548));
#12013=DIRECTION('',(-1.43107747874183E-12,-1.,0.));
#12014=DIRECTION('center_axis',(-1.43107747874183E-12,-1.,0.));
#12015=DIRECTION('ref_axis',(0.707106781186548,-1.01218627169814E-12,0.707106781186548));
#12016=DIRECTION('',(1.43107747874183E-12,1.,0.));
#12017=DIRECTION('',(-1.43107747874183E-12,-1.,0.));
#12018=DIRECTION('center_axis',(1.,-1.43107747874183E-12,1.62471662140267E-16));
#12019=DIRECTION('ref_axis',(-1.62471662140267E-16,2.32497511307587E-28,
1.));
#12020=DIRECTION('center_axis',(1.,-1.43107747874183E-12,1.62471662140267E-16));
#12021=DIRECTION('ref_axis',(-1.62471662140267E-16,2.32497511307587E-28,
1.));
#12022=DIRECTION('center_axis',(0.,0.,1.));
#12023=DIRECTION('ref_axis',(-1.,1.43100346389554E-12,0.));
#12024=DIRECTION('center_axis',(1.43100346389554E-12,1.,2.71782598806388E-16));
#12025=DIRECTION('ref_axis',(-1.,1.43100346389554E-12,0.));
#12026=DIRECTION('',(0.,0.,1.));
#12027=DIRECTION('center_axis',(0.,0.,-1.));
#12028=DIRECTION('ref_axis',(-1.,0.,0.));
#12029=DIRECTION('center_axis',(0.,0.,-1.));
#12030=DIRECTION('ref_axis',(-1.,0.,0.));
#12031=DIRECTION('',(0.,0.,-1.));
#12032=DIRECTION('center_axis',(0.,0.,-1.));
#12033=DIRECTION('ref_axis',(-1.,0.,0.));
#12034=DIRECTION('',(0.,0.,-1.));
#12035=DIRECTION('center_axis',(0.310157211860411,-0.950685281221381,0.));
#12036=DIRECTION('ref_axis',(-0.950685281221381,-0.310157211860411,0.));
#12037=DIRECTION('',(0.950685281221381,0.310157211860411,0.));
#12038=DIRECTION('',(0.,0.,1.));
#12039=DIRECTION('',(-0.950685281221381,-0.310157211860411,0.));
#12040=DIRECTION('center_axis',(-0.658049075369938,0.75297504235185,0.));
#12041=DIRECTION('ref_axis',(0.75297504235185,0.658049075369938,0.));
#12042=DIRECTION('',(0.75297504235185,0.658049075369938,0.));
#12043=DIRECTION('',(0.75297504235185,0.658049075369938,0.));
#12044=DIRECTION('',(0.,0.,-1.));
#12045=DIRECTION('center_axis',(0.,0.,-1.));
#12046=DIRECTION('ref_axis',(-1.,0.,0.));
#12047=DIRECTION('',(-0.5,-0.866025403784439,0.));
#12048=DIRECTION('',(1.,0.,0.));
#12049=DIRECTION('center_axis',(-0.866025403784439,0.5,0.));
#12050=DIRECTION('ref_axis',(-0.5,-0.866025403784439,0.));
#12051=DIRECTION('',(0.5,0.866025403784439,0.));
#12052=DIRECTION('',(0.,0.,-1.));
#12053=DIRECTION('center_axis',(0.,0.,1.));
#12054=DIRECTION('ref_axis',(1.,0.,0.));
#12055=DIRECTION('center_axis',(0.,0.,-1.));
#12056=DIRECTION('ref_axis',(0.395322561832723,-0.918542362717155,0.));
#12057=DIRECTION('center_axis',(0.,0.,1.));
#12058=DIRECTION('ref_axis',(0.413077895230789,0.910695696965623,0.));
#12059=DIRECTION('center_axis',(0.,0.,-1.));
#12060=DIRECTION('ref_axis',(-0.988422831656031,-0.151724440552846,0.));
#12061=DIRECTION('center_axis',(0.,0.,-1.));
#12062=DIRECTION('ref_axis',(0.0921288984628178,-0.99574708940977,0.));
#12063=DIRECTION('center_axis',(0.,0.,1.));
#12064=DIRECTION('ref_axis',(0.674280871056417,0.738474987340397,0.));
#12065=DIRECTION('center_axis',(0.,0.,-1.));
#12066=DIRECTION('ref_axis',(-0.971238110379463,0.238110337756532,0.));
#12067=DIRECTION('center_axis',(0.,0.,-1.));
#12068=DIRECTION('ref_axis',(-0.220082983647706,-0.975481153230919,0.));
#12069=DIRECTION('center_axis',(0.,0.,1.));
#12070=DIRECTION('ref_axis',(0.869480530781482,0.493967212061644,0.));
#12071=DIRECTION('center_axis',(0.,0.,-1.));
#12072=DIRECTION('ref_axis',(-0.850122192876755,0.52658546996515,0.));
#12073=DIRECTION('center_axis',(0.,0.,-1.));
#12074=DIRECTION('ref_axis',(-0.510751609779664,-0.859728325174576,0.));
#12075=DIRECTION('center_axis',(0.,0.,1.));
#12076=DIRECTION('ref_axis',(0.979569387816347,0.201106475413168,0.));
#12077=DIRECTION('center_axis',(0.,0.,-1.));
#12078=DIRECTION('ref_axis',(-0.645790391951076,0.763514747508963,0.));
#12079=DIRECTION('center_axis',(0.,0.,-1.));
#12080=DIRECTION('ref_axis',(-0.751424309637044,-0.659819298661756,0.));
#12081=DIRECTION('center_axis',(0.,0.,1.));
#12082=DIRECTION('ref_axis',(0.99377116656349,-0.111439977149319,0.));
#12083=DIRECTION('center_axis',(0.,0.,-1.));
#12084=DIRECTION('ref_axis',(-0.378244128004083,0.925705881816914,0.));
#12085=DIRECTION('center_axis',(0.,0.,-1.));
#12086=DIRECTION('ref_axis',(-0.918542411269917,-0.395322449019084,0.));
#12087=DIRECTION('center_axis',(0.,0.,1.));
#12088=DIRECTION('ref_axis',(-1.,0.,0.));
#12089=DIRECTION('center_axis',(0.,0.,-1.));
#12090=DIRECTION('ref_axis',(1.,0.,0.));
#12091=DIRECTION('center_axis',(0.,0.,-1.));
#12092=DIRECTION('ref_axis',(1.,0.,0.));
#12093=DIRECTION('',(0.,0.,-1.));
#12094=DIRECTION('center_axis',(0.,0.,-1.));
#12095=DIRECTION('ref_axis',(1.,0.,0.));
#12096=DIRECTION('center_axis',(0.,0.,-1.));
#12097=DIRECTION('ref_axis',(1.,0.,0.));
#12098=DIRECTION('',(0.,0.,-1.));
#12099=DIRECTION('center_axis',(0.,0.,-1.));
#12100=DIRECTION('ref_axis',(1.,0.,0.));
#12101=DIRECTION('center_axis',(0.,0.,-1.));
#12102=DIRECTION('ref_axis',(1.,0.,0.));
#12103=DIRECTION('',(0.,0.,-1.));
#12104=DIRECTION('center_axis',(0.,0.,1.));
#12105=DIRECTION('ref_axis',(-1.,0.,0.));
#12106=DIRECTION('center_axis',(0.,0.,1.));
#12107=DIRECTION('ref_axis',(-1.,0.,0.));
#12108=DIRECTION('',(0.,0.,1.));
#12109=DIRECTION('center_axis',(0.,0.,1.));
#12110=DIRECTION('ref_axis',(-1.,0.,0.));
#12111=DIRECTION('',(0.,0.,1.));
#12112=DIRECTION('center_axis',(0.,0.,1.));
#12113=DIRECTION('ref_axis',(-1.,0.,0.));
#12114=DIRECTION('center_axis',(0.,0.,1.));
#12115=DIRECTION('ref_axis',(-1.,0.,0.));
#12116=DIRECTION('',(0.,0.,1.));
#12117=DIRECTION('center_axis',(0.,0.,-1.));
#12118=DIRECTION('ref_axis',(-1.,0.,0.));
#12119=DIRECTION('center_axis',(0.,0.,1.));
#12120=DIRECTION('ref_axis',(-1.,0.,0.));
#12121=DIRECTION('center_axis',(0.,0.,1.));
#12122=DIRECTION('ref_axis',(-1.,0.,0.));
#12123=DIRECTION('',(0.,0.,1.));
#12124=DIRECTION('center_axis',(0.,0.,1.));
#12125=DIRECTION('ref_axis',(1.,0.,0.));
#12126=DIRECTION('center_axis',(0.,0.,1.));
#12127=DIRECTION('ref_axis',(-1.,0.,0.));
#12128=DIRECTION('center_axis',(0.,0.,1.));
#12129=DIRECTION('ref_axis',(-1.,0.,0.));
#12130=DIRECTION('',(0.928476690885259,-1.13705600757556E-16,0.371390676354104));
#12131=DIRECTION('center_axis',(0.,0.,1.));
#12132=DIRECTION('ref_axis',(-1.,0.,0.));
#12133=DIRECTION('center_axis',(0.,0.,1.));
#12134=DIRECTION('ref_axis',(1.,0.,0.));
#12135=DIRECTION('center_axis',(0.,0.,1.));
#12136=DIRECTION('ref_axis',(-1.,0.,0.));
#12137=DIRECTION('center_axis',(0.,0.,1.));
#12138=DIRECTION('ref_axis',(-1.,0.,0.));
#12139=DIRECTION('',(0.928476690885259,-1.13705600757556E-16,0.371390676354104));
#12140=DIRECTION('center_axis',(0.,0.,1.));
#12141=DIRECTION('ref_axis',(-1.,0.,0.));
#12142=DIRECTION('center_axis',(0.,0.,1.));
#12143=DIRECTION('ref_axis',(1.,0.,0.));
#12144=DIRECTION('center_axis',(0.,0.,1.));
#12145=DIRECTION('ref_axis',(-1.,0.,0.));
#12146=DIRECTION('center_axis',(5.72413303311615E-5,-0.000238518087747503,
0.999999969916275));
#12147=DIRECTION('ref_axis',(-0.233361341675083,0.972390057561346,0.000245290538098816));
#12148=DIRECTION('',(0.216691818681154,-0.902930059144047,0.371162988471079));
#12149=DIRECTION('center_axis',(0.,0.,1.));
#12150=DIRECTION('ref_axis',(-0.233361349732809,0.972390086565511,0.));
#12151=DIRECTION('center_axis',(0.,0.,-1.));
#12152=DIRECTION('ref_axis',(-1.,0.,0.));
#12153=DIRECTION('center_axis',(0.,0.,-1.));
#12154=DIRECTION('ref_axis',(1.,0.,0.));
#12155=DIRECTION('center_axis',(0.,0.,-1.));
#12156=DIRECTION('ref_axis',(1.,0.,0.));
#12157=DIRECTION('',(-0.928476690885259,-1.13705600757556E-16,-0.371390676354104));
#12158=DIRECTION('center_axis',(0.,0.,-1.));
#12159=DIRECTION('ref_axis',(1.,0.,0.));
#12160=DIRECTION('center_axis',(0.,0.,-1.));
#12161=DIRECTION('ref_axis',(-1.,0.,0.));
#12162=DIRECTION('center_axis',(0.,0.,-1.));
#12163=DIRECTION('ref_axis',(1.,0.,0.));
#12164=DIRECTION('center_axis',(0.,0.,-1.));
#12165=DIRECTION('ref_axis',(1.,0.,0.));
#12166=DIRECTION('',(-0.928476690885259,-1.13705600757556E-16,-0.371390676354104));
#12167=DIRECTION('center_axis',(0.,0.,-1.));
#12168=DIRECTION('ref_axis',(1.,0.,0.));
#12169=DIRECTION('center_axis',(0.,0.,-1.));
#12170=DIRECTION('ref_axis',(-1.,0.,0.));
#12171=DIRECTION('center_axis',(0.,0.,-1.));
#12172=DIRECTION('ref_axis',(1.,0.,0.));
#12173=DIRECTION('center_axis',(0.,0.,-1.));
#12174=DIRECTION('ref_axis',(1.,0.,0.));
#12175=DIRECTION('',(-0.928476690885259,-1.13705600757556E-16,-0.371390676354104));
#12176=DIRECTION('center_axis',(0.,0.,-1.));
#12177=DIRECTION('ref_axis',(1.,0.,0.));
#12178=DIRECTION('center_axis',(0.,0.,1.));
#12179=DIRECTION('ref_axis',(-1.,0.,0.));
#12180=DIRECTION('',(0.,0.,1.));
#12181=DIRECTION('center_axis',(0.,0.,1.));
#12182=DIRECTION('ref_axis',(-1.,0.,0.));
#12183=DIRECTION('center_axis',(0.,0.,-1.));
#12184=DIRECTION('ref_axis',(-1.,0.,0.));
#12185=DIRECTION('center_axis',(0.,0.,1.));
#12186=DIRECTION('ref_axis',(-1.,0.,0.));
#12187=DIRECTION('',(0.,0.,1.));
#12188=DIRECTION('center_axis',(0.,0.,1.));
#12189=DIRECTION('ref_axis',(-1.,0.,0.));
#12190=DIRECTION('center_axis',(0.,0.,-1.));
#12191=DIRECTION('ref_axis',(-1.,0.,0.));
#12192=DIRECTION('center_axis',(0.,0.,1.));
#12193=DIRECTION('ref_axis',(-1.,0.,0.));
#12194=DIRECTION('',(0.,0.,1.));
#12195=DIRECTION('center_axis',(0.,0.,1.));
#12196=DIRECTION('ref_axis',(-1.,0.,0.));
#12197=DIRECTION('center_axis',(0.,0.,-1.));
#12198=DIRECTION('ref_axis',(-1.,0.,0.));
#12199=DIRECTION('center_axis',(0.,0.,-1.));
#12200=DIRECTION('ref_axis',(1.,0.,0.));
#12201=DIRECTION('',(0.,0.,-1.));
#12202=DIRECTION('center_axis',(0.,0.,-1.));
#12203=DIRECTION('ref_axis',(1.,0.,0.));
#12204=DIRECTION('center_axis',(0.,0.,1.));
#12205=DIRECTION('ref_axis',(1.,0.,0.));
#12206=DIRECTION('center_axis',(0.,0.,-1.));
#12207=DIRECTION('ref_axis',(1.,0.,0.));
#12208=DIRECTION('',(0.,0.,-1.));
#12209=DIRECTION('center_axis',(0.,0.,-1.));
#12210=DIRECTION('ref_axis',(1.,0.,0.));
#12211=DIRECTION('center_axis',(0.,0.,1.));
#12212=DIRECTION('ref_axis',(1.,0.,0.));
#12213=DIRECTION('center_axis',(0.,0.,-1.));
#12214=DIRECTION('ref_axis',(1.,0.,0.));
#12215=DIRECTION('',(0.,0.,-1.));
#12216=DIRECTION('center_axis',(0.,0.,-1.));
#12217=DIRECTION('ref_axis',(1.,0.,0.));
#12218=DIRECTION('center_axis',(0.,0.,1.));
#12219=DIRECTION('ref_axis',(1.,0.,0.));
#12220=DIRECTION('center_axis',(0.,0.,1.));
#12221=DIRECTION('ref_axis',(1.,0.,0.));
#12222=DIRECTION('center_axis',(0.,0.,-1.));
#12223=DIRECTION('ref_axis',(0.413077895230789,0.910695696965623,0.));
#12224=DIRECTION('center_axis',(0.,0.,1.));
#12225=DIRECTION('ref_axis',(0.395322561832723,-0.918542362717155,0.));
#12226=DIRECTION('',(-1.,0.,0.));
#12227=DIRECTION('center_axis',(0.,0.,1.));
#12228=DIRECTION('ref_axis',(-0.918542411269917,-0.395322449019084,0.));
#12229=DIRECTION('center_axis',(0.,0.,1.));
#12230=DIRECTION('ref_axis',(-0.378244128004083,0.925705881816914,0.));
#12231=DIRECTION('center_axis',(0.,0.,-1.));
#12232=DIRECTION('ref_axis',(0.99377116656349,-0.111439977149319,0.));
#12233=DIRECTION('center_axis',(0.,0.,1.));
#12234=DIRECTION('ref_axis',(-0.751424309637044,-0.659819298661756,0.));
#12235=DIRECTION('center_axis',(0.,0.,1.));
#12236=DIRECTION('ref_axis',(-0.645790391951076,0.763514747508963,0.));
#12237=DIRECTION('center_axis',(0.,0.,-1.));
#12238=DIRECTION('ref_axis',(0.979569387816347,0.201106475413168,0.));
#12239=DIRECTION('center_axis',(0.,0.,1.));
#12240=DIRECTION('ref_axis',(-0.510751609779664,-0.859728325174576,0.));
#12241=DIRECTION('center_axis',(0.,0.,1.));
#12242=DIRECTION('ref_axis',(-0.850122192876755,0.52658546996515,0.));
#12243=DIRECTION('center_axis',(0.,0.,-1.));
#12244=DIRECTION('ref_axis',(0.869480530781482,0.493967212061644,0.));
#12245=DIRECTION('center_axis',(0.,0.,1.));
#12246=DIRECTION('ref_axis',(-0.220082983647706,-0.975481153230919,0.));
#12247=DIRECTION('center_axis',(0.,0.,1.));
#12248=DIRECTION('ref_axis',(-0.971238110379463,0.238110337756532,0.));
#12249=DIRECTION('center_axis',(0.,0.,-1.));
#12250=DIRECTION('ref_axis',(0.674280871056417,0.738474987340397,0.));
#12251=DIRECTION('center_axis',(0.,0.,1.));
#12252=DIRECTION('ref_axis',(0.0921288984628178,-0.99574708940977,0.));
#12253=DIRECTION('center_axis',(0.,0.,1.));
#12254=DIRECTION('ref_axis',(-0.988422831656031,-0.151724440552846,0.));
#12255=DIRECTION('center_axis',(0.,-1.,0.));
#12256=DIRECTION('ref_axis',(1.,0.,0.));
#12257=DIRECTION('',(0.,0.,1.));
#12258=DIRECTION('center_axis',(0.,0.,1.));
#12259=DIRECTION('ref_axis',(-0.918542411269917,-0.395322449019084,0.));
#12260=DIRECTION('',(0.,0.,1.));
#12261=DIRECTION('',(0.,0.,1.));
#12262=DIRECTION('center_axis',(0.,0.,1.));
#12263=DIRECTION('ref_axis',(-0.918542411269917,-0.395322449019084,0.));
#12264=DIRECTION('',(0.,0.,1.));
#12265=DIRECTION('',(0.,0.,1.));
#12266=DIRECTION('center_axis',(0.,0.,1.));
#12267=DIRECTION('ref_axis',(-0.378244128004083,0.925705881816914,0.));
#12268=DIRECTION('',(0.,0.,1.));
#12269=DIRECTION('center_axis',(0.,0.,1.));
#12270=DIRECTION('ref_axis',(-0.378244128004083,0.925705881816914,0.));
#12271=DIRECTION('',(0.,0.,1.));
#12272=DIRECTION('',(0.,0.,1.));
#12273=DIRECTION('',(0.,0.,1.));
#12274=DIRECTION('center_axis',(0.,0.,1.));
#12275=DIRECTION('ref_axis',(0.99377116656349,-0.111439977149319,0.));
#12276=DIRECTION('',(0.,0.,1.));
#12277=DIRECTION('center_axis',(0.,0.,1.));
#12278=DIRECTION('ref_axis',(0.99377116656349,-0.111439977149319,0.));
#12279=DIRECTION('',(0.,0.,1.));
#12280=DIRECTION('',(0.,0.,1.));
#12281=DIRECTION('',(0.,0.,1.));
#12282=DIRECTION('center_axis',(0.,0.,1.));
#12283=DIRECTION('ref_axis',(-0.751424309637044,-0.659819298661756,0.));
#12284=DIRECTION('',(0.,0.,1.));
#12285=DIRECTION('center_axis',(0.,0.,1.));
#12286=DIRECTION('ref_axis',(-0.751424309637044,-0.659819298661756,0.));
#12287=DIRECTION('',(0.,0.,1.));
#12288=DIRECTION('center_axis',(0.,0.,1.));
#12289=DIRECTION('ref_axis',(-0.645790391951076,0.763514747508963,0.));
#12290=DIRECTION('',(0.,0.,1.));
#12291=DIRECTION('center_axis',(0.,0.,1.));
#12292=DIRECTION('ref_axis',(-0.645790391951076,0.763514747508963,0.));
#12293=DIRECTION('',(0.,0.,1.));
#12294=DIRECTION('',(0.,0.,1.));
#12295=DIRECTION('',(0.,0.,1.));
#12296=DIRECTION('center_axis',(0.,0.,1.));
#12297=DIRECTION('ref_axis',(0.979569387816347,0.201106475413168,0.));
#12298=DIRECTION('',(0.,0.,1.));
#12299=DIRECTION('center_axis',(0.,0.,1.));
#12300=DIRECTION('ref_axis',(0.979569387816347,0.201106475413168,0.));
#12301=DIRECTION('',(0.,0.,1.));
#12302=DIRECTION('',(0.,0.,1.));
#12303=DIRECTION('',(0.,0.,1.));
#12304=DIRECTION('center_axis',(0.,0.,1.));
#12305=DIRECTION('ref_axis',(-0.510751609779664,-0.859728325174576,0.));
#12306=DIRECTION('',(0.,0.,1.));
#12307=DIRECTION('center_axis',(0.,0.,1.));
#12308=DIRECTION('ref_axis',(-0.510751609779664,-0.859728325174576,0.));
#12309=DIRECTION('',(0.,0.,1.));
#12310=DIRECTION('center_axis',(0.,0.,1.));
#12311=DIRECTION('ref_axis',(-0.850122192876755,0.52658546996515,0.));
#12312=DIRECTION('',(0.,0.,1.));
#12313=DIRECTION('center_axis',(0.,0.,1.));
#12314=DIRECTION('ref_axis',(-0.850122192876755,0.52658546996515,0.));
#12315=DIRECTION('',(0.,0.,1.));
#12316=DIRECTION('',(0.,0.,1.));
#12317=DIRECTION('',(0.,0.,1.));
#12318=DIRECTION('center_axis',(0.,0.,1.));
#12319=DIRECTION('ref_axis',(0.869480530781482,0.493967212061644,0.));
#12320=DIRECTION('',(0.,0.,1.));
#12321=DIRECTION('center_axis',(0.,0.,1.));
#12322=DIRECTION('ref_axis',(0.869480530781482,0.493967212061644,0.));
#12323=DIRECTION('',(0.,0.,1.));
#12324=DIRECTION('',(0.,0.,1.));
#12325=DIRECTION('',(0.,0.,1.));
#12326=DIRECTION('center_axis',(0.,0.,1.));
#12327=DIRECTION('ref_axis',(-0.220082983647706,-0.975481153230919,0.));
#12328=DIRECTION('',(0.,0.,1.));
#12329=DIRECTION('center_axis',(0.,0.,1.));
#12330=DIRECTION('ref_axis',(-0.220082983647706,-0.975481153230919,0.));
#12331=DIRECTION('',(0.,0.,1.));
#12332=DIRECTION('center_axis',(0.,0.,1.));
#12333=DIRECTION('ref_axis',(-0.971238110379463,0.238110337756532,0.));
#12334=DIRECTION('',(0.,0.,1.));
#12335=DIRECTION('center_axis',(0.,0.,1.));
#12336=DIRECTION('ref_axis',(-0.971238110379463,0.238110337756532,0.));
#12337=DIRECTION('',(0.,0.,1.));
#12338=DIRECTION('',(0.,0.,1.));
#12339=DIRECTION('',(0.,0.,1.));
#12340=DIRECTION('center_axis',(0.,0.,1.));
#12341=DIRECTION('ref_axis',(0.674280871056417,0.738474987340397,0.));
#12342=DIRECTION('',(0.,0.,1.));
#12343=DIRECTION('center_axis',(0.,0.,1.));
#12344=DIRECTION('ref_axis',(0.674280871056417,0.738474987340397,0.));
#12345=DIRECTION('',(0.,0.,1.));
#12346=DIRECTION('',(0.,0.,1.));
#12347=DIRECTION('',(0.,0.,1.));
#12348=DIRECTION('center_axis',(0.,0.,1.));
#12349=DIRECTION('ref_axis',(0.0921288984628178,-0.99574708940977,0.));
#12350=DIRECTION('',(0.,0.,1.));
#12351=DIRECTION('center_axis',(0.,0.,1.));
#12352=DIRECTION('ref_axis',(0.0921288984628178,-0.99574708940977,0.));
#12353=DIRECTION('',(0.,0.,1.));
#12354=DIRECTION('center_axis',(0.,0.,1.));
#12355=DIRECTION('ref_axis',(-0.988422831656031,-0.151724440552846,0.));
#12356=DIRECTION('',(0.,0.,1.));
#12357=DIRECTION('center_axis',(0.,0.,1.));
#12358=DIRECTION('ref_axis',(-0.988422831656031,-0.151724440552846,0.));
#12359=DIRECTION('',(0.,0.,1.));
#12360=DIRECTION('',(0.,0.,1.));
#12361=DIRECTION('',(0.,0.,1.));
#12362=DIRECTION('center_axis',(0.,0.,1.));
#12363=DIRECTION('ref_axis',(0.413077895230789,0.910695696965623,0.));
#12364=DIRECTION('',(0.,0.,1.));
#12365=DIRECTION('center_axis',(0.,0.,1.));
#12366=DIRECTION('ref_axis',(0.413077895230789,0.910695696965623,0.));
#12367=DIRECTION('',(0.,0.,1.));
#12368=DIRECTION('',(0.,0.,1.));
#12369=DIRECTION('',(0.,0.,1.));
#12370=DIRECTION('center_axis',(0.,0.,1.));
#12371=DIRECTION('ref_axis',(0.395322561832723,-0.918542362717155,0.));
#12372=DIRECTION('',(0.,0.,1.));
#12373=DIRECTION('',(0.,0.,-1.));
#12374=DIRECTION('',(0.,0.,1.));
#12375=DIRECTION('center_axis',(0.,0.,1.));
#12376=DIRECTION('ref_axis',(-0.925705881802233,-0.378244128040015,0.));
#12377=DIRECTION('center_axis',(0.,0.,1.));
#12378=DIRECTION('ref_axis',(-0.918542369991222,-0.395322544931235,0.));
#12379=DIRECTION('',(0.,0.,1.));
#12380=DIRECTION('center_axis',(-7.48146307621629E-10,1.,0.));
#12381=DIRECTION('ref_axis',(-1.,-7.48146307621629E-10,0.));
#12382=DIRECTION('',(0.,0.,1.));
#12383=DIRECTION('center_axis',(1.,0.,0.));
#12384=DIRECTION('ref_axis',(0.,1.,0.));
#12385=DIRECTION('',(0.,0.,1.));
#12386=DIRECTION('center_axis',(0.,0.,1.));
#12387=DIRECTION('ref_axis',(-1.,-7.77156117237608E-16,0.));
#12388=DIRECTION('',(0.,0.,1.));
#12389=DIRECTION('center_axis',(0.,0.,1.));
#12390=DIRECTION('ref_axis',(-1.24344978758018E-14,-1.,0.));
#12391=DIRECTION('',(0.,0.,1.));
#12392=DIRECTION('',(0.,0.,1.));
#12393=DIRECTION('center_axis',(0.,0.,1.));
#12394=DIRECTION('ref_axis',(-0.0926437830043968,0.995699316797312,0.));
#12395=DIRECTION('',(0.,0.,1.));
#12396=DIRECTION('center_axis',(1.,0.,0.));
#12397=DIRECTION('ref_axis',(0.,1.,0.));
#12398=DIRECTION('center_axis',(0.,0.,1.));
#12399=DIRECTION('ref_axis',(0.11143997687322,0.993771166594451,0.));
#12400=DIRECTION('axis',(0.,0.,1.));
#12401=DIRECTION('refdir',(1.,0.,0.));
#12402=DIRECTION('center_axis',(0.,0.,-1.));
#12403=DIRECTION('ref_axis',(-0.707106781186548,-0.707106781186548,0.));
#12404=DIRECTION('center_axis',(0.,0.,1.));
#12405=DIRECTION('ref_axis',(-0.707106781186548,-0.707106781186548,0.));
#12406=DIRECTION('',(0.,0.,1.));
#12407=DIRECTION('center_axis',(0.,0.,1.));
#12408=DIRECTION('ref_axis',(-0.707106781186548,-0.707106781186548,0.));
#12409=DIRECTION('',(0.,0.,-1.));
#12410=DIRECTION('center_axis',(0.,0.,-1.));
#12411=DIRECTION('ref_axis',(-1.,0.,0.));
#12412=DIRECTION('',(-1.,0.,6.12323399573677E-17));
#12413=DIRECTION('center_axis',(0.,0.,1.));
#12414=DIRECTION('ref_axis',(0.707106781186546,-0.707106781186549,0.));
#12415=DIRECTION('',(-3.74939945665464E-33,-1.,-6.12323399573677E-17));
#12416=DIRECTION('center_axis',(0.,0.,1.));
#12417=DIRECTION('ref_axis',(0.707106781186546,0.707106781186549,0.));
#12418=DIRECTION('',(1.,0.,-6.12323399573677E-17));
#12419=DIRECTION('center_axis',(0.,0.,1.));
#12420=DIRECTION('ref_axis',(-0.707106781186548,0.707106781186548,0.));
#12421=DIRECTION('',(3.74939945665464E-33,1.,6.12323399573677E-17));
#12422=DIRECTION('center_axis',(0.,-1.,0.));
#12423=DIRECTION('ref_axis',(-1.,0.,6.12323399573677E-17));
#12424=DIRECTION('',(-1.,0.,0.));
#12425=DIRECTION('',(0.,0.,1.));
#12426=DIRECTION('center_axis',(0.,0.,-1.));
#12427=DIRECTION('ref_axis',(0.707106781186546,-0.707106781186549,0.));
#12428=DIRECTION('center_axis',(0.,0.,1.));
#12429=DIRECTION('ref_axis',(0.707106781186546,-0.707106781186549,0.));
#12430=DIRECTION('',(0.,0.,-1.));
#12431=DIRECTION('center_axis',(0.,0.,-1.));
#12432=DIRECTION('ref_axis',(0.707106781186546,0.707106781186549,0.));
#12433=DIRECTION('',(0.,0.,1.));
#12434=DIRECTION('center_axis',(0.,0.,1.));
#12435=DIRECTION('ref_axis',(0.707106781186546,0.707106781186549,0.));
#12436=DIRECTION('',(0.,0.,-1.));
#12437=DIRECTION('center_axis',(0.,1.,0.));
#12438=DIRECTION('ref_axis',(1.,0.,-6.12323399573677E-17));
#12439=DIRECTION('',(1.,0.,0.));
#12440=DIRECTION('',(0.,0.,1.));
#12441=DIRECTION('center_axis',(0.,0.,-1.));
#12442=DIRECTION('ref_axis',(-0.707106781186548,0.707106781186548,0.));
#12443=DIRECTION('center_axis',(0.,0.,1.));
#12444=DIRECTION('ref_axis',(-0.707106781186548,0.707106781186548,0.));
#12445=DIRECTION('',(0.,0.,-1.));
#12446=DIRECTION('center_axis',(-1.,3.74939945665464E-33,0.));
#12447=DIRECTION('ref_axis',(3.74939945665464E-33,1.,6.12323399573677E-17));
#12448=DIRECTION('',(3.74939945665464E-33,1.,0.));
#12449=DIRECTION('center_axis',(1.,-3.74939945665464E-33,0.));
#12450=DIRECTION('ref_axis',(-3.74939945665464E-33,-1.,-6.12323399573677E-17));
#12451=DIRECTION('',(-3.74939945665464E-33,-1.,0.));
#12452=DIRECTION('center_axis',(0.999999994888003,0.000101113771437095,
0.));
#12453=DIRECTION('ref_axis',(0.000101113771437095,-0.999999994888003,-6.12385310771751E-17));
#12454=DIRECTION('',(-0.000101113771437095,0.999999994888003,0.));
#12455=DIRECTION('',(0.,0.,-1.));
#12456=DIRECTION('',(0.000101113771437095,-0.999999994888003,0.));
#12457=DIRECTION('',(0.,0.,-1.));
#12458=DIRECTION('',(0.,0.,-1.));
#12459=DIRECTION('center_axis',(-0.99999999489373,-0.000101057115567983,
0.));
#12460=DIRECTION('ref_axis',(-0.000101057115567983,0.99999999489373,6.12385276083544E-17));
#12461=DIRECTION('',(0.000101057115567983,-0.99999999489373,0.));
#12462=DIRECTION('',(-1.94289029309402E-16,5.53087573772744E-32,1.));
#12463=DIRECTION('',(0.,0.,1.));
#12464=DIRECTION('',(-0.000101057115567983,0.99999999489373,0.));
#12465=DIRECTION('',(0.,0.,-1.));
#12466=DIRECTION('center_axis',(0.,0.,-1.));
#12467=DIRECTION('ref_axis',(-1.,0.,0.));
#12468=DIRECTION('',(0.,1.,0.));
#12469=DIRECTION('center_axis',(0.,0.,1.));
#12470=DIRECTION('ref_axis',(-1.,0.,0.));
#12471=DIRECTION('',(-5.55111512312578E-17,-1.,0.));
#12472=DIRECTION('center_axis',(0.,0.,-1.));
#12473=DIRECTION('ref_axis',(-1.,0.,0.));
#12474=DIRECTION('center_axis',(3.37514199327342E-13,2.77555756156102E-17,
1.));
#12475=DIRECTION('ref_axis',(1.,-5.55111512312672E-17,-3.37514199327342E-13));
#12476=DIRECTION('center_axis',(3.37514199327342E-13,2.77555756156102E-17,
1.));
#12477=DIRECTION('ref_axis',(-1.,0.,0.));
#12478=DIRECTION('',(-5.55111512312578E-17,-1.,2.77555756156289E-17));
#12479=DIRECTION('',(1.,-4.93836510794998E-33,-3.37514199327342E-13));
#12480=DIRECTION('',(5.55111512312578E-17,1.,-2.77555756156289E-17));
#12481=DIRECTION('',(-1.,5.39260384428426E-33,3.37514199327342E-13));
#12482=DIRECTION('center_axis',(0.,0.,1.));
#12483=DIRECTION('ref_axis',(1.,0.,0.));
#12484=DIRECTION('center_axis',(0.,0.,-1.));
#12485=DIRECTION('ref_axis',(-1.,0.,0.));
#12486=DIRECTION('',(1.,-5.39260384428426E-33,0.));
#12487=DIRECTION('',(3.68668899502142E-7,0.999999999999932,0.));
#12488=DIRECTION('',(-1.,4.93836510794998E-33,0.));
#12489=DIRECTION('center_axis',(0.,0.,-1.));
#12490=DIRECTION('ref_axis',(-1.,0.,0.));
#12491=DIRECTION('',(-5.55111512312578E-17,-1.,0.));
#12492=DIRECTION('center_axis',(0.,0.,1.));
#12493=DIRECTION('ref_axis',(-1.,0.,0.));
#12494=DIRECTION('center_axis',(0.,0.,-1.));
#12495=DIRECTION('ref_axis',(-1.,0.,0.));
#12496=DIRECTION('center_axis',(0.,0.,1.));
#12497=DIRECTION('ref_axis',(1.,0.,0.));
#12498=DIRECTION('',(5.55111512312578E-17,1.,0.));
#12499=DIRECTION('center_axis',(0.,0.,1.));
#12500=DIRECTION('ref_axis',(-1.,0.,0.));
#12501=DIRECTION('',(1.,0.,0.));
#12502=DIRECTION('center_axis',(0.,0.,1.));
#12503=DIRECTION('ref_axis',(-1.,0.,0.));
#12504=DIRECTION('center_axis',(0.,0.,1.));
#12505=DIRECTION('ref_axis',(-1.,0.,0.));
#12506=DIRECTION('',(1.,0.,0.));
#12507=DIRECTION('',(1.43107747874183E-12,1.,0.));
#12508=DIRECTION('',(-1.,-7.97410709076513E-14,0.));
#12509=DIRECTION('center_axis',(0.,0.,1.));
#12510=DIRECTION('ref_axis',(-1.,0.,0.));
#12511=DIRECTION('center_axis',(0.,0.,1.));
#12512=DIRECTION('ref_axis',(0.000100992943743337,-0.999999994900213,0.));
#12513=DIRECTION('',(0.,0.,-1.));
#12514=DIRECTION('',(0.,0.,1.));
#12515=DIRECTION('center_axis',(0.,0.,1.));
#12516=DIRECTION('ref_axis',(-1.,0.,0.));
#12517=DIRECTION('center_axis',(-5.55111512312578E-17,-1.,2.77555756156289E-17));
#12518=DIRECTION('ref_axis',(0.980642001774791,-4.9001767880038E-17,0.195809255029304));
#12519=DIRECTION('',(5.55111512312578E-17,1.,-2.77555756156289E-17));
#12520=DIRECTION('center_axis',(4.93836510794998E-33,1.,0.));
#12521=DIRECTION('ref_axis',(0.980642001774791,-4.9001767880038E-17,0.195809255029304));
#12522=DIRECTION('',(5.55111512312578E-17,1.,-2.77555756156289E-17));
#12523=DIRECTION('center_axis',(0.980642001774791,-4.9001767880038E-17,
0.195809255029305));
#12524=DIRECTION('ref_axis',(0.195809255029305,-3.80878804005336E-17,-0.980642001774791));
#12525=DIRECTION('center_axis',(0.980642001774791,-4.9001767880038E-17,
0.195809255029305));
#12526=DIRECTION('ref_axis',(-0.195809255029305,0.,0.980642001774791));
#12527=DIRECTION('',(0.195809255029305,-9.66977592850397E-34,-0.980642001774791));
#12528=DIRECTION('',(5.55111512312578E-17,1.,-2.77555756156289E-17));
#12529=DIRECTION('',(-0.195809255029305,1.05592174141746E-33,0.980642001774791));
#12530=DIRECTION('center_axis',(-5.55111512312578E-17,-1.,2.77555756156289E-17));
#12531=DIRECTION('ref_axis',(0.980642001774791,-4.9001767880038E-17,0.195809255029304));
#12532=DIRECTION('',(5.55111512312578E-17,1.,-2.77555756156289E-17));
#12533=DIRECTION('center_axis',(0.,-1.,0.));
#12534=DIRECTION('ref_axis',(0.980642001774791,-4.9001767880038E-17,0.195809255029304));
#12535=DIRECTION('',(5.55111512312578E-17,1.,-2.77555756156289E-17));
#12536=DIRECTION('center_axis',(3.37514199327342E-13,2.77555756156102E-17,
1.));
#12537=DIRECTION('ref_axis',(1.,-5.55111512312672E-17,-3.37514199327342E-13));
#12538=DIRECTION('center_axis',(3.37514199327342E-13,2.77555756156102E-17,
1.));
#12539=DIRECTION('ref_axis',(-1.,0.,0.));
#12540=DIRECTION('',(-1.,0.,3.37514199327342E-13));
#12541=DIRECTION('center_axis',(1.,-5.55111512312578E-17,1.94289029309402E-16));
#12542=DIRECTION('ref_axis',(1.94289029309402E-16,-2.77555756156289E-17,
-1.));
#12543=DIRECTION('',(5.55111512312578E-17,1.,0.));
#12544=DIRECTION('',(-1.94289029309402E-16,9.59470163199024E-49,1.));
#12545=DIRECTION('',(-5.55111512312578E-17,-1.,2.77555756156289E-17));
#12546=DIRECTION('',(-1.94289029309402E-16,1.04772376635614E-48,1.));
#12547=DIRECTION('center_axis',(1.,-5.55111512312578E-17,1.94289029309402E-16));
#12548=DIRECTION('ref_axis',(1.94289029309402E-16,-2.77555756156289E-17,
-1.));
#12549=DIRECTION('',(-5.55111512312578E-17,-1.,0.));
#12550=DIRECTION('',(-1.94289029309402E-16,0.,1.));
#12551=DIRECTION('',(5.55111512312578E-17,1.,-2.77555756156289E-17));
#12552=DIRECTION('',(-1.94289029309402E-16,1.04772077560965E-48,1.));
#12553=DIRECTION('center_axis',(1.40094182248818E-6,-2.7755653383495E-17,
-0.999999999999019));
#12554=DIRECTION('ref_axis',(-0.999999999999019,5.55111123472567E-17,-1.40094182248818E-6));
#12555=DIRECTION('',(0.,1.,-2.77556533835223E-17));
#12556=DIRECTION('',(0.999999999999019,-5.39260384427897E-33,1.40094182248818E-6));
#12557=DIRECTION('',(5.55111512312578E-17,1.,-2.77555756156289E-17));
#12558=DIRECTION('',(-0.999999999999019,0.,-1.40094182248818E-6));
#12559=DIRECTION('center_axis',(5.55111512312578E-17,1.,-2.77555756156289E-17));
#12560=DIRECTION('ref_axis',(0.980642001774791,-5.98713650484497E-17,-0.195809255029305));
#12561=DIRECTION('center_axis',(-5.39260384428426E-33,-1.,0.));
#12562=DIRECTION('ref_axis',(0.980642001774791,-5.98713650484497E-17,-0.195809255029305));
#12563=DIRECTION('',(5.55111512312578E-17,1.,-2.77555756156289E-17));
#12564=DIRECTION('center_axis',(0.,1.,0.));
#12565=DIRECTION('ref_axis',(0.980642001774791,-5.98713650484497E-17,-0.195809255029305));
#12566=DIRECTION('center_axis',(0.980642001774791,-5.98713650484496E-17,
-0.195809255029304));
#12567=DIRECTION('ref_axis',(-0.195809255029304,-1.63486860637103E-17,-0.980642001774791));
#12568=DIRECTION('',(0.195809255029304,-1.05592174141746E-33,0.980642001774791));
#12569=DIRECTION('',(5.55111512312578E-17,1.,-2.77555756156289E-17));
#12570=DIRECTION('',(-0.195809255029304,0.,-0.980642001774791));
#12571=DIRECTION('center_axis',(5.55111512312578E-17,1.,-2.77555756156289E-17));
#12572=DIRECTION('ref_axis',(-0.980642001774791,5.98713650484496E-17,0.195809255029304));
#12573=DIRECTION('center_axis',(5.39260384428426E-33,1.,0.));
#12574=DIRECTION('ref_axis',(-0.980642001774791,5.98713650484496E-17,0.195809255029304));
#12575=DIRECTION('',(5.55111512312578E-17,1.,-2.77555756156289E-17));
#12576=DIRECTION('center_axis',(0.,-1.,0.));
#12577=DIRECTION('ref_axis',(-0.980642001774791,5.98713650484496E-17,0.195809255029304));
#12578=DIRECTION('center_axis',(3.37902777385961E-13,-2.77555756156477E-17,
-1.));
#12579=DIRECTION('ref_axis',(-1.,5.55111512312484E-17,-3.37902777385961E-13));
#12580=DIRECTION('',(1.,-5.39260384428426E-33,3.37902777385961E-13));
#12581=DIRECTION('',(5.55111512312578E-17,1.,-2.77555756156289E-17));
#12582=DIRECTION('',(-1.,0.,-3.37902777385961E-13));
#12583=DIRECTION('center_axis',(1.,-5.55111512312578E-17,1.94289029309402E-16));
#12584=DIRECTION('ref_axis',(1.94289029309402E-16,-2.77555756156289E-17,
-1.));
#12585=DIRECTION('',(-5.55111512312578E-17,-1.,0.));
#12586=DIRECTION('',(-1.94289029309402E-16,0.,1.));
#12587=DIRECTION('',(1.94289029309402E-16,-1.04772376635614E-48,-1.));
#12588=DIRECTION('center_axis',(1.4009418220996E-6,2.77554978477083E-17,
0.999999999999019));
#12589=DIRECTION('ref_axis',(0.999999999999019,-5.551119011515E-17,-1.4009418220996E-6));
#12590=DIRECTION('',(-5.55111512312578E-17,-1.,2.77555756156289E-17));
#12591=DIRECTION('',(-0.999999999999019,5.39260384427897E-33,1.4009418220996E-6));
#12592=DIRECTION('',(5.55111512312578E-17,1.,-2.77555756156289E-17));
#12593=DIRECTION('',(0.999999999999019,-4.93836510794514E-33,-1.4009418220996E-6));
#12594=DIRECTION('center_axis',(-5.55111512312578E-17,-1.,2.77555756156289E-17));
#12595=DIRECTION('ref_axis',(-0.980642001774791,4.9001767880038E-17,-0.195809255029305));
#12596=DIRECTION('center_axis',(5.39260384428426E-33,1.,0.));
#12597=DIRECTION('ref_axis',(-0.980642001774791,4.9001767880038E-17,-0.195809255029305));
#12598=DIRECTION('',(5.55111512312578E-17,1.,-2.77555756156289E-17));
#12599=DIRECTION('center_axis',(-4.93836510794998E-33,-1.,0.));
#12600=DIRECTION('ref_axis',(-0.980642001774791,4.9001767880038E-17,-0.195809255029305));
#12601=DIRECTION('center_axis',(0.980642001774791,-4.9001767880038E-17,
0.195809255029305));
#12602=DIRECTION('ref_axis',(0.195809255029305,-3.80878804005336E-17,-0.980642001774791));
#12603=DIRECTION('',(-0.195809255029305,1.05592174141746E-33,0.980642001774791));
#12604=DIRECTION('',(5.55111512312578E-17,1.,-2.77555756156289E-17));
#12605=DIRECTION('',(0.195809255029305,-9.66977592850397E-34,-0.980642001774791));
#12606=DIRECTION('center_axis',(-5.55111512312578E-17,-1.,2.77555756156289E-17));
#12607=DIRECTION('ref_axis',(0.980642001774791,-4.9001767880038E-17,0.195809255029304));
#12608=DIRECTION('center_axis',(-5.39260384428426E-33,-1.,0.));
#12609=DIRECTION('ref_axis',(0.980642001774791,-4.9001767880038E-17,0.195809255029304));
#12610=DIRECTION('center_axis',(4.93836510794998E-33,1.,0.));
#12611=DIRECTION('ref_axis',(0.980642001774791,-4.9001767880038E-17,0.195809255029304));
#12612=DIRECTION('center_axis',(1.,-5.55111512312578E-17,1.94289029309402E-16));
#12613=DIRECTION('ref_axis',(1.94289029309402E-16,-2.77555756156289E-17,
-1.));
#12614=DIRECTION('',(0.,0.,1.));
#12615=DIRECTION('',(5.55111512312578E-17,1.,0.));
#12616=DIRECTION('',(-1.94289029309402E-16,9.59470163199024E-49,1.));
#12617=DIRECTION('center_axis',(1.4009418220996E-6,2.77554978477083E-17,
0.999999999999019));
#12618=DIRECTION('ref_axis',(0.999999999999019,-5.551119011515E-17,-1.4009418220996E-6));
#12619=DIRECTION('',(-5.55111512312578E-17,-1.,2.77555756156289E-17));
#12620=DIRECTION('',(-0.999999999999019,5.39260384427897E-33,1.4009418220996E-6));
#12621=DIRECTION('',(5.55111512312578E-17,1.,-2.77555756156289E-17));
#12622=DIRECTION('',(0.999999999999019,-4.93836510794514E-33,-1.4009418220996E-6));
#12623=DIRECTION('center_axis',(-5.55111512312578E-17,-1.,2.77555756156289E-17));
#12624=DIRECTION('ref_axis',(-0.980642001774791,4.9001767880038E-17,-0.195809255029305));
#12625=DIRECTION('center_axis',(5.39260384428426E-33,1.,0.));
#12626=DIRECTION('ref_axis',(-0.980642001774791,4.9001767880038E-17,-0.195809255029305));
#12627=DIRECTION('center_axis',(-4.93836510794998E-33,-1.,0.));
#12628=DIRECTION('ref_axis',(-0.980642001774791,4.9001767880038E-17,-0.195809255029305));
#12629=DIRECTION('center_axis',(3.37514199327342E-13,2.77555756156102E-17,
1.));
#12630=DIRECTION('ref_axis',(1.,-5.55111512312672E-17,-3.37514199327342E-13));
#12631=DIRECTION('center_axis',(3.37514199327342E-13,2.77555756156102E-17,
1.));
#12632=DIRECTION('ref_axis',(-1.,0.,0.));
#12633=DIRECTION('',(1.,-4.93836510794998E-33,-3.37514199327342E-13));
#12634=DIRECTION('center_axis',(1.4009418220996E-6,2.77554978477083E-17,
0.999999999999019));
#12635=DIRECTION('ref_axis',(0.999999999999019,-5.551119011515E-17,-1.4009418220996E-6));
#12636=DIRECTION('',(-5.55111512312578E-17,-1.,2.77555756156289E-17));
#12637=DIRECTION('',(-0.999999999999019,5.39260384427897E-33,1.4009418220996E-6));
#12638=DIRECTION('',(5.55111512312578E-17,1.,-2.77555756156289E-17));
#12639=DIRECTION('',(0.999999999999019,-4.93836510794514E-33,-1.4009418220996E-6));
#12640=DIRECTION('center_axis',(-5.55111512312578E-17,-1.,2.77555756156289E-17));
#12641=DIRECTION('ref_axis',(-0.980642001774791,4.9001767880038E-17,-0.195809255029305));
#12642=DIRECTION('center_axis',(5.39260384428426E-33,1.,0.));
#12643=DIRECTION('ref_axis',(-0.980642001774791,4.9001767880038E-17,-0.195809255029305));
#12644=DIRECTION('',(5.55111512312578E-17,1.,-2.77555756156289E-17));
#12645=DIRECTION('center_axis',(-4.93836510794998E-33,-1.,0.));
#12646=DIRECTION('ref_axis',(-0.980642001774791,4.9001767880038E-17,-0.195809255029305));
#12647=DIRECTION('center_axis',(0.980642001774791,-4.9001767880038E-17,
0.195809255029305));
#12648=DIRECTION('ref_axis',(0.195809255029305,-3.80878804005336E-17,-0.980642001774791));
#12649=DIRECTION('',(-0.195809255029305,1.05592174141746E-33,0.980642001774791));
#12650=DIRECTION('',(5.55111512312578E-17,1.,-2.77555756156289E-17));
#12651=DIRECTION('',(0.195809255029305,-9.66977592850397E-34,-0.980642001774791));
#12652=DIRECTION('center_axis',(-5.55111512312578E-17,-1.,2.77555756156289E-17));
#12653=DIRECTION('ref_axis',(0.980642001774791,-4.9001767880038E-17,0.195809255029304));
#12654=DIRECTION('center_axis',(-5.39260384428426E-33,-1.,0.));
#12655=DIRECTION('ref_axis',(0.980642001774791,-4.9001767880038E-17,0.195809255029304));
#12656=DIRECTION('',(5.55111512312578E-17,1.,-2.77555756156289E-17));
#12657=DIRECTION('center_axis',(4.93836510794998E-33,1.,0.));
#12658=DIRECTION('ref_axis',(0.980642001774791,-4.9001767880038E-17,0.195809255029304));
#12659=DIRECTION('center_axis',(3.37514199327342E-13,2.77555756156102E-17,
1.));
#12660=DIRECTION('ref_axis',(1.,-5.55111512312672E-17,-3.37514199327342E-13));
#12661=DIRECTION('',(-1.,5.39260384428426E-33,3.37514199327342E-13));
#12662=DIRECTION('',(1.,-4.93836510794998E-33,-3.37514199327342E-13));
#12663=DIRECTION('center_axis',(-1.,5.55111512312578E-17,-1.94289029309402E-16));
#12664=DIRECTION('ref_axis',(5.55111512312578E-17,1.,-2.77555756156289E-17));
#12665=DIRECTION('',(1.94289029309402E-16,-1.04772376635614E-48,-1.));
#12666=DIRECTION('',(-1.94289029309402E-16,9.59470163199024E-49,1.));
#12667=DIRECTION('',(3.68668899501987E-7,-0.999999999999507,9.21672248921501E-7));
#12668=DIRECTION('',(1.94289029309402E-16,0.,-1.));
#12669=DIRECTION('',(-5.55111512312578E-17,-1.,2.77555756156289E-17));
#12670=DIRECTION('',(-1.94289029309402E-16,9.59470163199024E-49,1.));
#12671=DIRECTION('',(-3.68668899501986E-7,-0.999999999999507,-9.21672248588431E-7));
#12672=DIRECTION('',(1.94289029309402E-16,-1.04772376635614E-48,-1.));
#12673=DIRECTION('',(-1.94289029309402E-16,9.59470163199024E-49,1.));
#12674=DIRECTION('',(-3.68668899501986E-7,-0.999999999999507,-9.21672248588431E-7));
#12675=DIRECTION('',(1.94289029309402E-16,-1.04772376635614E-48,-1.));
#12676=DIRECTION('',(-1.94289029309402E-16,9.59470163199024E-49,1.));
#12677=DIRECTION('',(9.66166771105859E-7,-0.999999999996616,2.41541692793118E-6));
#12678=DIRECTION('',(0.,0.,1.));
#12679=DIRECTION('',(0.,0.,-1.));
#12680=DIRECTION('',(5.55111512312578E-17,1.,0.));
#12681=DIRECTION('',(-1.94289029309402E-16,1.10617514754549E-31,1.));
#12682=DIRECTION('',(-9.66166771105855E-7,-0.999999999996616,-2.41541692759811E-6));
#12683=DIRECTION('center_axis',(1.4009418220996E-6,2.77554978477083E-17,
0.999999999999019));
#12684=DIRECTION('ref_axis',(0.999999999999019,-5.551119011515E-17,-1.4009418220996E-6));
#12685=DIRECTION('',(-0.999999999999019,0.,1.4009418220996E-6));
#12686=DIRECTION('',(5.55111512312578E-17,1.,-2.77555756156289E-17));
#12687=DIRECTION('',(0.999999999999019,-4.93836510794514E-33,-1.4009418220996E-6));
#12688=DIRECTION('center_axis',(-5.55111512312578E-17,-1.,2.77555756156289E-17));
#12689=DIRECTION('ref_axis',(-0.980642001774791,4.9001767880038E-17,-0.195809255029305));
#12690=DIRECTION('center_axis',(0.,1.,0.));
#12691=DIRECTION('ref_axis',(-0.980642001774791,4.9001767880038E-17,-0.195809255029305));
#12692=DIRECTION('',(5.55111512312578E-17,1.,-2.77555756156289E-17));
#12693=DIRECTION('center_axis',(-4.93836510794998E-33,-1.,0.));
#12694=DIRECTION('ref_axis',(-0.980642001774791,4.9001767880038E-17,-0.195809255029305));
#12695=DIRECTION('center_axis',(0.980642001774791,-4.9001767880038E-17,
0.195809255029305));
#12696=DIRECTION('ref_axis',(0.195809255029305,-3.80878804005336E-17,-0.980642001774791));
#12697=DIRECTION('center_axis',(0.980642001774791,-4.9001767880038E-17,
0.195809255029305));
#12698=DIRECTION('ref_axis',(-0.195809255029305,0.,0.980642001774791));
#12699=DIRECTION('',(0.195809255029305,-9.66977592850397E-34,-0.980642001774791));
#12700=DIRECTION('',(-0.195809255029305,0.,0.980642001774791));
#12701=DIRECTION('center_axis',(1.40094182248818E-6,-2.7755653383495E-17,
-0.999999999999019));
#12702=DIRECTION('ref_axis',(-0.999999999999019,5.55111123472567E-17,-1.40094182248818E-6));
#12703=DIRECTION('',(0.,1.,-2.77556533835223E-17));
#12704=DIRECTION('',(0.999999999999019,-5.39258845099351E-33,1.40094182248818E-6));
#12705=DIRECTION('',(5.55111512312578E-17,1.,-2.77555756156289E-17));
#12706=DIRECTION('',(-0.999999999999019,0.,-1.40094182248818E-6));
#12707=DIRECTION('center_axis',(5.55111512312578E-17,1.,-2.77555756156289E-17));
#12708=DIRECTION('ref_axis',(0.980642001774791,-5.98713650484497E-17,-0.195809255029305));
#12709=DIRECTION('center_axis',(-5.3925884509988E-33,-1.,0.));
#12710=DIRECTION('ref_axis',(0.980642001774791,-5.98713650484497E-17,-0.195809255029305));
#12711=DIRECTION('',(5.55111512312578E-17,1.,-2.77555756156289E-17));
#12712=DIRECTION('center_axis',(0.,1.,0.));
#12713=DIRECTION('ref_axis',(0.980642001774791,-5.98713650484497E-17,-0.195809255029305));
#12714=DIRECTION('center_axis',(0.980642001774791,-5.98713650484496E-17,
-0.195809255029304));
#12715=DIRECTION('ref_axis',(-0.195809255029304,-1.63486860637103E-17,-0.980642001774791));
#12716=DIRECTION('',(0.195809255029304,-1.0559187272697E-33,0.980642001774791));
#12717=DIRECTION('',(5.55111512312578E-17,1.,-2.77555756156289E-17));
#12718=DIRECTION('',(-0.195809255029304,0.,-0.980642001774791));
#12719=DIRECTION('center_axis',(5.55111512312578E-17,1.,-2.77555756156289E-17));
#12720=DIRECTION('ref_axis',(-0.980642001774791,5.98713650484496E-17,0.195809255029304));
#12721=DIRECTION('center_axis',(5.3925884509988E-33,1.,0.));
#12722=DIRECTION('ref_axis',(-0.980642001774791,5.98713650484496E-17,0.195809255029304));
#12723=DIRECTION('',(5.55111512312578E-17,1.,-2.77555756156289E-17));
#12724=DIRECTION('center_axis',(0.,-1.,0.));
#12725=DIRECTION('ref_axis',(-0.980642001774791,5.98713650484496E-17,0.195809255029304));
#12726=DIRECTION('center_axis',(3.37902777385961E-13,-2.77555756156477E-17,
-1.));
#12727=DIRECTION('ref_axis',(-1.,5.55111512312484E-17,-3.37902777385961E-13));
#12728=DIRECTION('',(1.,-5.3925884509988E-33,3.37902777385961E-13));
#12729=DIRECTION('',(5.55111512312578E-17,1.,-2.77555756156289E-17));
#12730=DIRECTION('',(-1.,0.,-3.37902777385961E-13));
#12731=DIRECTION('center_axis',(1.,-5.55111512312578E-17,1.94289029309402E-16));
#12732=DIRECTION('ref_axis',(1.94289029309402E-16,-2.77555756156289E-17,
-1.));
#12733=DIRECTION('',(-5.55111512312578E-17,-1.,0.));
#12734=DIRECTION('',(-1.94289029309402E-16,0.,1.));
#12735=DIRECTION('',(1.94289029309402E-16,-1.04772077560965E-48,-1.));
#12736=DIRECTION('center_axis',(1.40094182248818E-6,-2.7755653383495E-17,
-0.999999999999019));
#12737=DIRECTION('ref_axis',(-0.999999999999019,5.55111123472567E-17,-1.40094182248818E-6));
#12738=DIRECTION('',(0.,1.,-2.77556533835223E-17));
#12739=DIRECTION('',(0.999999999999019,-5.39258845099351E-33,1.40094182248818E-6));
#12740=DIRECTION('',(5.55111512312578E-17,1.,-2.77555756156289E-17));
#12741=DIRECTION('',(-0.999999999999019,0.,-1.40094182248818E-6));
#12742=DIRECTION('center_axis',(5.55111512312578E-17,1.,-2.77555756156289E-17));
#12743=DIRECTION('ref_axis',(0.980642001774791,-5.98713650484497E-17,-0.195809255029305));
#12744=DIRECTION('center_axis',(-5.3925884509988E-33,-1.,0.));
#12745=DIRECTION('ref_axis',(0.980642001774791,-5.98713650484497E-17,-0.195809255029305));
#12746=DIRECTION('',(5.55111512312578E-17,1.,-2.77555756156289E-17));
#12747=DIRECTION('center_axis',(0.,1.,0.));
#12748=DIRECTION('ref_axis',(0.980642001774791,-5.98713650484497E-17,-0.195809255029305));
#12749=DIRECTION('center_axis',(0.980642001774791,-5.98713650484496E-17,
-0.195809255029304));
#12750=DIRECTION('ref_axis',(-0.195809255029304,-1.63486860637103E-17,-0.980642001774791));
#12751=DIRECTION('',(0.195809255029304,-1.0559187272697E-33,0.980642001774791));
#12752=DIRECTION('',(5.55111512312578E-17,1.,-2.77555756156289E-17));
#12753=DIRECTION('',(-0.195809255029304,0.,-0.980642001774791));
#12754=DIRECTION('center_axis',(5.55111512312578E-17,1.,-2.77555756156289E-17));
#12755=DIRECTION('ref_axis',(-0.980642001774791,5.98713650484496E-17,0.195809255029304));
#12756=DIRECTION('center_axis',(5.3925884509988E-33,1.,0.));
#12757=DIRECTION('ref_axis',(-0.980642001774791,5.98713650484496E-17,0.195809255029304));
#12758=DIRECTION('',(5.55111512312578E-17,1.,-2.77555756156289E-17));
#12759=DIRECTION('center_axis',(0.,-1.,0.));
#12760=DIRECTION('ref_axis',(-0.980642001774791,5.98713650484496E-17,0.195809255029304));
#12761=DIRECTION('center_axis',(3.37902777385961E-13,-2.77555756156477E-17,
-1.));
#12762=DIRECTION('ref_axis',(-1.,5.55111512312484E-17,-3.37902777385961E-13));
#12763=DIRECTION('',(1.,-5.3925884509988E-33,3.37902777385961E-13));
#12764=DIRECTION('',(-1.,0.,-3.37902777385961E-13));
#12765=DIRECTION('center_axis',(1.40094182248818E-6,-2.7755653383495E-17,
-0.999999999999019));
#12766=DIRECTION('ref_axis',(-0.999999999999019,5.55111123472567E-17,-1.40094182248818E-6));
#12767=DIRECTION('',(0.,1.,-2.77556533835223E-17));
#12768=DIRECTION('',(0.999999999999019,-5.39258845099351E-33,1.40094182248818E-6));
#12769=DIRECTION('',(5.55111512312578E-17,1.,-2.77555756156289E-17));
#12770=DIRECTION('',(-0.999999999999019,0.,-1.40094182248818E-6));
#12771=DIRECTION('center_axis',(5.55111512312578E-17,1.,-2.77555756156289E-17));
#12772=DIRECTION('ref_axis',(0.980642001774791,-5.98713650484497E-17,-0.195809255029305));
#12773=DIRECTION('center_axis',(-5.3925884509988E-33,-1.,0.));
#12774=DIRECTION('ref_axis',(0.980642001774791,-5.98713650484497E-17,-0.195809255029305));
#12775=DIRECTION('',(5.55111512312578E-17,1.,-2.77555756156289E-17));
#12776=DIRECTION('center_axis',(0.,1.,0.));
#12777=DIRECTION('ref_axis',(0.980642001774791,-5.98713650484497E-17,-0.195809255029305));
#12778=DIRECTION('center_axis',(0.980642001774791,-5.98713650484496E-17,
-0.195809255029304));
#12779=DIRECTION('ref_axis',(-0.195809255029304,-1.63486860637103E-17,-0.980642001774791));
#12780=DIRECTION('',(0.195809255029304,-1.0559187272697E-33,0.980642001774791));
#12781=DIRECTION('',(5.55111512312578E-17,1.,-2.77555756156289E-17));
#12782=DIRECTION('',(-0.195809255029304,0.,-0.980642001774791));
#12783=DIRECTION('center_axis',(5.55111512312578E-17,1.,-2.77555756156289E-17));
#12784=DIRECTION('ref_axis',(-0.980642001774791,5.98713650484496E-17,0.195809255029304));
#12785=DIRECTION('center_axis',(5.3925884509988E-33,1.,0.));
#12786=DIRECTION('ref_axis',(-0.980642001774791,5.98713650484496E-17,0.195809255029304));
#12787=DIRECTION('',(5.55111512312578E-17,1.,-2.77555756156289E-17));
#12788=DIRECTION('center_axis',(0.,-1.,0.));
#12789=DIRECTION('ref_axis',(-0.980642001774791,5.98713650484496E-17,0.195809255029304));
#12790=DIRECTION('center_axis',(3.37902777385961E-13,-2.77555756156477E-17,
-1.));
#12791=DIRECTION('ref_axis',(-1.,5.55111512312484E-17,-3.37902777385961E-13));
#12792=DIRECTION('',(1.,-5.3925884509988E-33,3.37902777385961E-13));
#12793=DIRECTION('',(5.55111512312578E-17,1.,-2.77555756156289E-17));
#12794=DIRECTION('',(-1.,0.,-3.37902777385961E-13));
#12795=DIRECTION('center_axis',(1.,-5.55111512312578E-17,1.94289029309402E-16));
#12796=DIRECTION('ref_axis',(1.94289029309402E-16,-2.77555756156289E-17,
-1.));
#12797=DIRECTION('',(-5.55111512312578E-17,-1.,0.));
#12798=DIRECTION('',(-1.94289029309402E-16,0.,1.));
#12799=DIRECTION('',(1.94289029309402E-16,-1.04772077560965E-48,-1.));
#12800=DIRECTION('center_axis',(0.,0.,1.));
#12801=DIRECTION('ref_axis',(-1.,0.,0.));
#12802=DIRECTION('',(0.,0.,1.));
#12803=DIRECTION('center_axis',(0.,0.,-1.));
#12804=DIRECTION('ref_axis',(-1.,0.,0.));
#12805=DIRECTION('',(0.,0.,1.));
#12806=DIRECTION('',(0.,0.,-1.));
#12807=DIRECTION('center_axis',(0.,0.,-1.));
#12808=DIRECTION('ref_axis',(-1.,0.,0.));
#12809=DIRECTION('',(0.,0.,-1.));
#12810=DIRECTION('',(0.,0.,1.));
#12811=DIRECTION('',(0.,0.,-1.));
#12812=DIRECTION('center_axis',(0.,0.,-1.));
#12813=DIRECTION('ref_axis',(-1.,0.,0.));
#12814=DIRECTION('center_axis',(0.,0.,1.));
#12815=DIRECTION('ref_axis',(1.,0.,0.));
#12816=DIRECTION('',(1.,-5.39260384428426E-33,0.));
#12817=DIRECTION('',(3.68668899502142E-7,0.999999999999932,0.));
#12818=DIRECTION('',(-1.,4.93836510794998E-33,0.));
#12819=DIRECTION('center_axis',(-0.999999999999533,9.66166771108673E-7,
0.));
#12820=DIRECTION('ref_axis',(9.66166771108673E-7,0.999999999999533,6.576087288337E-17));
#12821=DIRECTION('',(9.66166771108673E-7,0.999999999999533,0.));
#12822=DIRECTION('',(0.,0.,-1.));
#12823=DIRECTION('',(0.,0.,1.));
#12824=DIRECTION('center_axis',(5.69345140833413E-16,1.,0.));
#12825=DIRECTION('ref_axis',(1.,-5.69345140833413E-16,1.92225153173881E-16));
#12826=DIRECTION('',(1.,-5.69345140833413E-16,0.));
#12827=DIRECTION('',(1.,-5.69345140833413E-16,0.));
#12828=DIRECTION('',(0.,0.,1.));
#12829=DIRECTION('center_axis',(1.,0.,0.));
#12830=DIRECTION('ref_axis',(0.,-1.,0.));
#12831=DIRECTION('',(0.,-1.,0.));
#12832=DIRECTION('',(0.,-1.,0.));
#12833=DIRECTION('',(9.66166771105855E-7,0.999999999996616,-2.41541692765361E-6));
#12834=DIRECTION('',(0.,0.,-1.));
#12835=DIRECTION('',(0.,0.,1.));
#12836=DIRECTION('',(-3.68668899501986E-7,0.999999999999507,9.21672248865986E-7));
#12837=DIRECTION('',(0.,0.,1.));
#12838=DIRECTION('',(0.,0.,1.));
#12839=DIRECTION('',(0.,-1.,0.));
#12840=DIRECTION('',(0.,0.,1.));
#12841=DIRECTION('',(0.,0.,1.));
#12842=DIRECTION('',(0.,-1.,0.));
#12843=DIRECTION('',(0.,0.,1.));
#12844=DIRECTION('',(0.,0.,1.));
#12845=DIRECTION('center_axis',(0.,1.,0.));
#12846=DIRECTION('ref_axis',(1.,0.,1.94289029309402E-16));
#12847=DIRECTION('',(1.,0.,0.));
#12848=DIRECTION('center_axis',(-5.3925884509988E-33,-1.,0.));
#12849=DIRECTION('ref_axis',(-1.,5.3925884509988E-33,-5.54601557276251E-22));
#12850=DIRECTION('',(-1.,5.3925884509988E-33,0.));
#12851=DIRECTION('center_axis',(0.,1.,0.));
#12852=DIRECTION('ref_axis',(1.,0.,1.94289029309402E-16));
#12853=DIRECTION('',(1.,0.,0.));
#12854=DIRECTION('center_axis',(-5.3925884509988E-33,-1.,0.));
#12855=DIRECTION('ref_axis',(-1.,5.3925884509988E-33,-5.54601557276251E-22));
#12856=DIRECTION('',(-1.,5.3925884509988E-33,0.));
#12857=DIRECTION('center_axis',(0.,1.,0.));
#12858=DIRECTION('ref_axis',(1.,0.,1.94289029309402E-16));
#12859=DIRECTION('',(1.,0.,0.));
#12860=DIRECTION('center_axis',(-5.3925884509988E-33,-1.,0.));
#12861=DIRECTION('ref_axis',(-1.,5.3925884509988E-33,-5.54601557276251E-22));
#12862=DIRECTION('',(-1.,5.3925884509988E-33,0.));
#12863=DIRECTION('',(0.,0.,1.));
#12864=DIRECTION('center_axis',(0.999999999999932,3.68668899502142E-7,0.));
#12865=DIRECTION('ref_axis',(3.68668899502142E-7,-0.999999999999932,5.2848540268502E-17));
#12866=DIRECTION('',(3.68668899502142E-7,-0.999999999999932,0.));
#12867=DIRECTION('',(0.,0.,1.));
#12868=DIRECTION('center_axis',(0.,1.,0.));
#12869=DIRECTION('ref_axis',(1.,0.,1.94289029309402E-16));
#12870=DIRECTION('',(1.,0.,0.));
#12871=DIRECTION('center_axis',(-5.39260384428426E-33,-1.,0.));
#12872=DIRECTION('ref_axis',(-1.,5.39260384428426E-33,0.));
#12873=DIRECTION('',(-1.,5.39260384428426E-33,0.));
#12874=DIRECTION('',(0.,0.,-1.));
#12875=DIRECTION('center_axis',(0.999999999999533,-9.66166771108673E-7,
0.));
#12876=DIRECTION('ref_axis',(-9.66166771108673E-7,-0.999999999999533,-1.87715604110324E-22));
#12877=DIRECTION('',(-9.66166771108673E-7,-0.999999999999533,0.));
#12878=DIRECTION('center_axis',(5.39260384428426E-33,1.,0.));
#12879=DIRECTION('ref_axis',(1.,-5.39260384428426E-33,0.));
#12880=DIRECTION('',(0.,0.,-1.));
#12881=DIRECTION('center_axis',(5.39260384428426E-33,1.,0.));
#12882=DIRECTION('ref_axis',(1.,-5.39260384428426E-33,0.));
#12883=DIRECTION('',(0.,0.,-1.));
#12884=DIRECTION('center_axis',(-0.999999999999932,3.68668899502142E-7,
0.));
#12885=DIRECTION('ref_axis',(3.68668899502142E-7,0.999999999999932,2.5092964652875E-17));
#12886=DIRECTION('',(0.,0.,1.));
#12887=DIRECTION('center_axis',(0.,1.,0.));
#12888=DIRECTION('ref_axis',(1.,0.,1.94289029309402E-16));
#12889=DIRECTION('',(1.,0.,0.));
#12890=DIRECTION('',(0.,0.,-1.));
#12891=DIRECTION('center_axis',(-0.999999999999932,-3.68668899502143E-7,
0.));
#12892=DIRECTION('ref_axis',(-3.68668899502143E-7,0.999999999999932,-2.77556472439496E-17));
#12893=DIRECTION('',(-3.68668899502143E-7,0.999999999999932,0.));
#12894=DIRECTION('',(0.,0.,1.));
#12895=DIRECTION('center_axis',(5.39260384428426E-33,1.,0.));
#12896=DIRECTION('ref_axis',(1.,-5.39260384428426E-33,0.));
#12897=DIRECTION('',(1.,-5.39260384428426E-33,0.));
#12898=DIRECTION('center_axis',(-0.999999999999533,-9.66166771108677E-7,
0.));
#12899=DIRECTION('ref_axis',(-9.66166771108677E-7,0.999999999999533,-2.77557633312201E-17));
#12900=DIRECTION('',(-9.66166771108677E-7,0.999999999999533,0.));
#12901=DIRECTION('',(0.,0.,1.));
#12902=DIRECTION('center_axis',(-4.93836510794998E-33,-1.,0.));
#12903=DIRECTION('ref_axis',(-1.,4.93836510794998E-33,-1.63656752295384E-17));
#12904=DIRECTION('',(-1.,4.93836510794998E-33,0.));
#12905=DIRECTION('center_axis',(-4.93836510794998E-33,-1.,0.));
#12906=DIRECTION('ref_axis',(-1.,4.93836510794998E-33,-1.63656752295384E-17));
#12907=DIRECTION('',(-1.,4.93836510794998E-33,0.));
#12908=DIRECTION('center_axis',(-0.999999999999932,3.68668899502142E-7,
0.));
#12909=DIRECTION('ref_axis',(3.68668899502142E-7,0.999999999999932,2.5092964652875E-17));
#12910=DIRECTION('',(0.,0.,1.));
#12911=DIRECTION('center_axis',(-4.93836510794998E-33,-1.,0.));
#12912=DIRECTION('ref_axis',(-1.,4.93836510794998E-33,-1.63656752295384E-17));
#12913=DIRECTION('center_axis',(-4.93836510794998E-33,-1.,0.));
#12914=DIRECTION('ref_axis',(-1.,4.93836510794998E-33,-1.63656752295384E-17));
#12915=DIRECTION('center_axis',(0.,0.,1.));
#12916=DIRECTION('ref_axis',(1.,0.,0.));
#12917=DIRECTION('center_axis',(0.,0.,-1.));
#12918=DIRECTION('ref_axis',(-1.,0.,0.));
#12919=DIRECTION('',(-1.,0.,0.));
#12920=DIRECTION('',(0.,1.,0.));
#12921=DIRECTION('center_axis',(0.,0.,1.));
#12922=DIRECTION('ref_axis',(1.,0.,0.));
#12923=DIRECTION('',(1.,7.97410709076513E-14,0.));
#12924=DIRECTION('',(1.43107747874183E-12,1.,0.));
#12925=DIRECTION('',(-1.,0.,0.));
#12926=DIRECTION('center_axis',(0.,0.,-1.));
#12927=DIRECTION('ref_axis',(-1.,0.,0.));
#12928=DIRECTION('center_axis',(0.,0.,-1.));
#12929=DIRECTION('ref_axis',(-1.,0.,0.));
#12930=DIRECTION('',(-1.,0.,0.));
#12931=DIRECTION('center_axis',(0.,0.,-1.));
#12932=DIRECTION('ref_axis',(-1.,0.,0.));
#12933=DIRECTION('center_axis',(-1.,0.,0.));
#12934=DIRECTION('ref_axis',(0.,-0.707106781186548,0.707106781186548));
#12935=DIRECTION('',(1.,0.,0.));
#12936=DIRECTION('center_axis',(1.,0.,0.));
#12937=DIRECTION('ref_axis',(0.,-0.707106781186548,0.707106781186548));
#12938=DIRECTION('',(-1.,0.,0.));
#12939=DIRECTION('center_axis',(1.,-1.43107747874183E-12,0.));
#12940=DIRECTION('ref_axis',(0.,-0.707106781186548,0.707106781186548));
#12941=DIRECTION('center_axis',(0.,1.,0.));
#12942=DIRECTION('ref_axis',(1.,0.,0.));
#12943=DIRECTION('',(0.,0.,-1.));
#12944=DIRECTION('',(1.,-5.20417042793042E-17,0.));
#12945=DIRECTION('',(0.,0.,-1.));
#12946=DIRECTION('',(1.,0.,0.));
#12947=DIRECTION('',(0.,0.,-1.));
#12948=DIRECTION('',(1.,-5.20417042793042E-17,0.));
#12949=DIRECTION('',(0.,0.,-1.));
#12950=DIRECTION('',(1.,0.,0.));
#12951=DIRECTION('',(0.,0.,-1.));
#12952=DIRECTION('',(1.,-5.20417042793042E-17,0.));
#12953=DIRECTION('',(0.,0.,-1.));
#12954=DIRECTION('center_axis',(0.,0.,1.));
#12955=DIRECTION('ref_axis',(1.,0.,0.));
#12956=DIRECTION('center_axis',(0.,0.,1.));
#12957=DIRECTION('ref_axis',(-1.,0.,0.));
#12958=DIRECTION('',(-1.,-7.97410709076513E-14,0.));
#12959=DIRECTION('',(7.9716360639328E-14,-1.,0.));
#12960=DIRECTION('center_axis',(0.,0.,1.));
#12961=DIRECTION('ref_axis',(1.,0.,0.));
#12962=DIRECTION('',(0.,1.,0.));
#12963=DIRECTION('center_axis',(1.,0.,0.));
#12964=DIRECTION('ref_axis',(0.,-0.707106781186548,0.707106781186548));
#12965=DIRECTION('center_axis',(-1.,0.,0.));
#12966=DIRECTION('ref_axis',(0.,-0.707106781186548,0.707106781186548));
#12967=DIRECTION('center_axis',(-1.,1.43107747874183E-12,0.));
#12968=DIRECTION('ref_axis',(0.,-0.707106781186548,0.707106781186548));
#12969=DIRECTION('',(1.,0.,0.));
#12970=DIRECTION('center_axis',(0.,-1.,0.));
#12971=DIRECTION('ref_axis',(1.,0.,0.));
#12972=DIRECTION('',(0.,0.,1.));
#12973=DIRECTION('',(-1.,-7.44644529795341E-17,0.));
#12974=DIRECTION('',(0.,0.,-1.));
#12975=DIRECTION('',(-1.,0.,0.));
#12976=DIRECTION('',(0.,0.,-1.));
#12977=DIRECTION('',(-1.,0.,0.));
#12978=DIRECTION('',(0.,0.,-1.));
#12979=DIRECTION('',(-1.,0.,0.));
#12980=DIRECTION('',(0.,0.,-1.));
#12981=DIRECTION('',(-1.,0.,0.));
#12982=DIRECTION('',(0.,0.,1.));
#12983=DIRECTION('center_axis',(-1.,1.43107747874183E-12,0.));
#12984=DIRECTION('ref_axis',(-1.43107747874183E-12,-1.,0.));
#12985=DIRECTION('center_axis',(-1.,1.43107747874183E-12,0.));
#12986=DIRECTION('ref_axis',(-3.19006183046354E-14,0.400109634098262,0.916467282941271));
#12987=DIRECTION('center_axis',(-1.,1.43107747874183E-12,0.));
#12988=DIRECTION('ref_axis',(0.,0.,-1.));
#12989=DIRECTION('',(-1.43107747874183E-12,-1.,0.));
#12990=DIRECTION('',(-1.43107291796319E-12,-0.99999681304562,0.00252465811606392));
#12991=DIRECTION('center_axis',(1.,-1.43107747874183E-12,0.));
#12992=DIRECTION('ref_axis',(0.,0.,-1.));
#12993=DIRECTION('center_axis',(1.,-1.43107747874183E-12,0.));
#12994=DIRECTION('ref_axis',(-3.14121770309433E-14,0.394405318873309,0.918936583472681));
#12995=DIRECTION('',(-1.43107747874183E-12,-1.,0.));
#12996=DIRECTION('center_axis',(0.,0.,1.));
#12997=DIRECTION('ref_axis',(-1.,0.,0.));
#12998=DIRECTION('center_axis',(0.,0.,-1.));
#12999=DIRECTION('ref_axis',(-1.,0.,0.));
#13000=DIRECTION('center_axis',(0.,0.,-1.));
#13001=DIRECTION('ref_axis',(-1.,0.,0.));
#13002=DIRECTION('',(-1.,-7.97410709076513E-14,0.));
#13003=DIRECTION('center_axis',(0.,0.,1.));
#13004=DIRECTION('ref_axis',(-1.,0.,0.));
#13005=DIRECTION('',(0.,0.,1.));
#13006=DIRECTION('center_axis',(0.,0.,1.));
#13007=DIRECTION('ref_axis',(-1.,0.,0.));
#13008=DIRECTION('center_axis',(0.,0.,-1.));
#13009=DIRECTION('ref_axis',(-1.,0.,0.));
#13010=DIRECTION('center_axis',(0.,0.,-1.));
#13011=DIRECTION('ref_axis',(-1.,0.,0.));
#13012=DIRECTION('center_axis',(0.,0.,1.));
#13013=DIRECTION('ref_axis',(5.05568857853316E-5,-0.999999998722001,0.));
#13014=DIRECTION('center_axis',(0.,0.,1.));
#13015=DIRECTION('ref_axis',(-1.,0.,0.));
#13016=DIRECTION('',(0.,0.,1.));
#13017=DIRECTION('center_axis',(1.,7.97410709076513E-14,0.));
#13018=DIRECTION('ref_axis',(-3.14121770309433E-14,0.394405318873309,0.918936583472681));
#13019=DIRECTION('',(1.,7.97410709076513E-14,0.));
#13020=DIRECTION('center_axis',(0.707106781186491,0.707106781186604,0.));
#13021=DIRECTION('ref_axis',(-0.707106781186604,0.707106781186491,0.));
#13022=DIRECTION('center_axis',(-7.9716360639328E-14,1.,0.));
#13023=DIRECTION('ref_axis',(-0.707106781186548,-5.65233285126159E-14,0.707106781186547));
#13024=DIRECTION('',(-7.9716360639328E-14,1.,0.));
#13025=DIRECTION('center_axis',(-7.97023266099323E-14,1.,0.));
#13026=DIRECTION('ref_axis',(-0.707106781186548,-5.65233285126159E-14,0.707106781186547));
#13027=DIRECTION('center_axis',(-1.,-7.97410709076513E-14,0.));
#13028=DIRECTION('ref_axis',(-3.19006183046354E-14,0.400109634098262,0.916467282941271));
#13029=DIRECTION('',(-1.,-7.97410709076513E-14,0.));
#13030=DIRECTION('',(-1.,-7.97410709076513E-14,0.));
#13031=DIRECTION('center_axis',(-7.97023266099323E-14,1.,0.));
#13032=DIRECTION('ref_axis',(-1.,-7.97023266099323E-14,0.));
#13033=DIRECTION('',(0.,0.,1.));
#13034=DIRECTION('',(0.,0.,-1.));
#13035=DIRECTION('center_axis',(0.,0.,1.));
#13036=DIRECTION('ref_axis',(1.,0.,0.));
#13037=DIRECTION('',(0.,0.,1.));
#13038=DIRECTION('center_axis',(0.,0.,1.));
#13039=DIRECTION('ref_axis',(-0.707106781186494,-0.707106781186601,0.));
#13040=DIRECTION('',(0.,0.,-1.));
#13041=DIRECTION('center_axis',(1.,7.9716360639328E-14,0.));
#13042=DIRECTION('ref_axis',(0.,0.,-1.));
#13043=DIRECTION('center_axis',(1.,7.9716360639328E-14,0.));
#13044=DIRECTION('ref_axis',(0.,0.,-1.));
#13045=DIRECTION('',(7.97161065869233E-14,-0.99999681304562,0.00252465811606392));
#13046=DIRECTION('',(7.9716360639328E-14,-1.,0.));
#13047=DIRECTION('center_axis',(-1.,-7.9716360639328E-14,0.));
#13048=DIRECTION('ref_axis',(0.,0.,-1.));
#13049=DIRECTION('center_axis',(-5.08263120272001E-19,-0.99999681304562,
0.00252465811606406));
#13050=DIRECTION('ref_axis',(-1.,0.,-2.01319583446959E-16));
#13051=DIRECTION('',(1.,0.,2.01319583446959E-16));
#13052=DIRECTION('',(2.66453525910038E-16,-0.00252465811606406,-0.99999681304562));
#13053=DIRECTION('',(-1.,0.,-2.01319583446959E-16));
#13054=DIRECTION('',(2.66453525910038E-16,-0.00252465811606406,-0.99999681304562));
#13055=DIRECTION('center_axis',(0.98480775301221,0.173647624258097,-0.000438402281086253));
#13056=DIRECTION('ref_axis',(0.173648177666917,-0.984804614474829,0.00248630288640499));
#13057=DIRECTION('',(-0.173648177666917,0.984804614474829,-0.00248630288640499));
#13058=DIRECTION('',(0.173648177666917,-0.984804614474829,0.00248630288640499));
#13059=DIRECTION('',(2.66453525910038E-16,-0.00252465811606406,-0.99999681304562));
#13060=DIRECTION('',(-0.173647640945337,0.984807847650555,0.));
#13061=DIRECTION('center_axis',(-1.42360083287532E-15,0.99999681304562,
-0.00252465811606406));
#13062=DIRECTION('ref_axis',(1.,1.42410455742487E-15,1.97724194859593E-16));
#13063=DIRECTION('',(-1.,-1.42360536984069E-15,0.));
#13064=DIRECTION('',(1.,1.42410455742487E-15,1.97724194859593E-16));
#13065=DIRECTION('',(2.66453525910038E-16,-0.00252465811606406,-0.99999681304562));
#13066=DIRECTION('center_axis',(-0.984807753012209,0.173647624258104,-0.000438402281086796));
#13067=DIRECTION('ref_axis',(0.173648177666924,0.984804614474827,-0.00248630288640491));
#13068=DIRECTION('',(-0.173648177666924,-0.984804614474827,0.00248630288640491));
#13069=DIRECTION('',(-0.173647640945344,-0.984807847650554,0.));
#13070=DIRECTION('',(0.173648177666924,0.984804614474827,-0.00248630288640491));
#13071=DIRECTION('center_axis',(2.66453525910038E-16,-0.00252465811606406,
-0.99999681304562));
#13072=DIRECTION('ref_axis',(-1.,0.,-2.66454375087975E-16));
#13073=DIRECTION('center_axis',(2.01318941850631E-16,-0.00252465811606392,
-0.99999681304562));
#13074=DIRECTION('ref_axis',(-7.97161065869233E-14,0.99999681304562,-0.00252465811606392));
#13075=DIRECTION('',(1.,7.97410709076513E-14,0.));
#13076=DIRECTION('',(1.,7.97410709076513E-14,0.));
#13077=DIRECTION('',(1.,7.97410709076513E-14,0.));
#13078=DIRECTION('center_axis',(1.,7.97410709076513E-14,0.));
#13079=DIRECTION('ref_axis',(0.,0.,-1.));
#13080=DIRECTION('',(1.,7.97410709076513E-14,0.));
#13081=DIRECTION('center_axis',(0.,0.,-1.));
#13082=DIRECTION('ref_axis',(-7.97163606393282E-14,1.,0.));
#13083=DIRECTION('center_axis',(1.,7.97410709076513E-14,0.));
#13084=DIRECTION('ref_axis',(0.,0.,-1.));
#13085=DIRECTION('center_axis',(0.,0.,-1.));
#13086=DIRECTION('ref_axis',(-1.,0.,0.));
#13087=DIRECTION('',(-0.17364817766693,0.984807753012208,0.));
#13088=DIRECTION('center_axis',(-0.984807753012208,-0.17364817766693,0.));
#13089=DIRECTION('ref_axis',(-0.17364817766693,0.984807753012208,0.));
#13090=DIRECTION('',(-0.17364817766693,0.984807753012208,0.));
#13091=DIRECTION('center_axis',(0.,0.,-1.));
#13092=DIRECTION('ref_axis',(-1.,0.,0.));
#13093=DIRECTION('',(0.,-1.,0.));
#13094=DIRECTION('',(-0.17364817766693,-0.984807753012208,0.));
#13095=DIRECTION('center_axis',(0.,0.,-1.));
#13096=DIRECTION('ref_axis',(-1.,0.,0.));
#13097=DIRECTION('',(-0.173648177666929,0.984807753012208,0.));
#13098=DIRECTION('',(-0.17364817766693,-0.984807753012208,0.));
#13099=DIRECTION('center_axis',(-0.984807753012208,-0.173648177666929,0.));
#13100=DIRECTION('ref_axis',(-0.173648177666929,0.984807753012208,0.));
#13101=DIRECTION('',(-0.173648177666929,0.984807753012208,0.));
#13102=DIRECTION('center_axis',(0.984807753012208,-0.17364817766693,0.));
#13103=DIRECTION('ref_axis',(-0.17364817766693,-0.984807753012208,0.));
#13104=DIRECTION('',(-0.17364817766693,-0.984807753012208,0.));
#13105=DIRECTION('center_axis',(0.,0.,-1.));
#13106=DIRECTION('ref_axis',(-1.,0.,0.));
#13107=DIRECTION('center_axis',(0.984807753012208,-0.17364817766693,0.));
#13108=DIRECTION('ref_axis',(-0.17364817766693,-0.984807753012208,0.));
#13109=DIRECTION('',(-0.17364817766693,-0.984807753012208,0.));
#13110=DIRECTION('center_axis',(0.,0.,-1.));
#13111=DIRECTION('ref_axis',(-1.,0.,0.));
#13112=DIRECTION('center_axis',(1.,0.,0.));
#13113=DIRECTION('ref_axis',(0.,1.,0.));
#13114=DIRECTION('axis',(0.,0.,1.));
#13115=DIRECTION('refdir',(1.,0.,0.));
#13116=DIRECTION('center_axis',(-1.,0.,0.));
#13117=DIRECTION('ref_axis',(0.,-0.707106781186547,-0.707106781186548));
#13118=DIRECTION('',(-1.,0.,0.));
#13119=DIRECTION('center_axis',(1.,-1.43107747874183E-12,0.));
#13120=DIRECTION('ref_axis',(0.,-0.707106781186547,-0.707106781186548));
#13121=DIRECTION('',(1.,0.,0.));
#13122=DIRECTION('center_axis',(1.,0.,0.));
#13123=DIRECTION('ref_axis',(0.,-0.707106781186547,-0.707106781186548));
#13124=DIRECTION('',(-1.,0.,0.));
#13125=DIRECTION('center_axis',(0.,0.,1.));
#13126=DIRECTION('ref_axis',(1.,0.,0.));
#13127=DIRECTION('center_axis',(0.,0.,-1.));
#13128=DIRECTION('ref_axis',(1.,0.,0.));
#13129=DIRECTION('center_axis',(0.,0.,-1.));
#13130=DIRECTION('ref_axis',(1.,0.,0.));
#13131=DIRECTION('',(0.,1.,0.));
#13132=DIRECTION('center_axis',(0.,0.,1.));
#13133=DIRECTION('ref_axis',(1.,0.,0.));
#13134=DIRECTION('',(-7.9716360639328E-14,1.,0.));
#13135=DIRECTION('',(1.,7.97410709076513E-14,0.));
#13136=DIRECTION('center_axis',(0.,0.,-1.));
#13137=DIRECTION('ref_axis',(1.,0.,0.));
#13138=DIRECTION('center_axis',(0.,0.,-1.));
#13139=DIRECTION('ref_axis',(1.,0.,0.));
#13140=DIRECTION('',(1.,7.97410709076513E-14,0.));
#13141=DIRECTION('center_axis',(0.,0.,-1.));
#13142=DIRECTION('ref_axis',(1.,0.,0.));
#13143=DIRECTION('center_axis',(0.,0.,-1.));
#13144=DIRECTION('ref_axis',(1.,0.,0.));
#13145=DIRECTION('',(1.,7.97410709076513E-14,0.));
#13146=DIRECTION('',(-1.43107747874183E-12,-1.,0.));
#13147=DIRECTION('center_axis',(1.,0.,0.));
#13148=DIRECTION('ref_axis',(0.,-0.707106781186548,-0.707106781186547));
#13149=DIRECTION('center_axis',(-1.,0.,0.));
#13150=DIRECTION('ref_axis',(0.,-0.707106781186548,-0.707106781186547));
#13151=DIRECTION('',(-1.,0.,0.));
#13152=DIRECTION('center_axis',(-1.,1.43107747874183E-12,0.));
#13153=DIRECTION('ref_axis',(0.,-0.707106781186548,-0.707106781186547));
#13154=DIRECTION('',(1.,0.,0.));
#13155=DIRECTION('',(1.,0.,0.));
#13156=DIRECTION('center_axis',(0.,1.,0.));
#13157=DIRECTION('ref_axis',(1.,0.,0.));
#13158=DIRECTION('',(0.,0.,-1.));
#13159=DIRECTION('',(-1.,0.,0.));
#13160=DIRECTION('',(0.,0.,1.));
#13161=DIRECTION('',(-1.,0.,0.));
#13162=DIRECTION('',(0.,0.,1.));
#13163=DIRECTION('',(-1.,0.,0.));
#13164=DIRECTION('',(0.,0.,1.));
#13165=DIRECTION('',(-1.,0.,0.));
#13166=DIRECTION('',(0.,0.,1.));
#13167=DIRECTION('',(-1.,-7.44644529795341E-17,0.));
#13168=DIRECTION('',(0.,0.,1.));
#13169=DIRECTION('center_axis',(-1.,0.,0.));
#13170=DIRECTION('ref_axis',(0.,1.,0.));
#13171=DIRECTION('',(0.,1.,0.));
#13172=DIRECTION('',(0.,0.,-1.));
#13173=DIRECTION('',(0.,0.,1.));
#13174=DIRECTION('',(0.,-1.,0.));
#13175=DIRECTION('center_axis',(0.,0.,-1.));
#13176=DIRECTION('ref_axis',(1.,0.,0.));
#13177=DIRECTION('center_axis',(0.,0.,1.));
#13178=DIRECTION('ref_axis',(1.,0.,0.));
#13179=DIRECTION('',(0.,0.,-1.));
#13180=DIRECTION('center_axis',(0.,0.,-1.));
#13181=DIRECTION('ref_axis',(1.,0.,0.));
#13182=DIRECTION('center_axis',(0.,0.,1.));
#13183=DIRECTION('ref_axis',(1.,0.,0.));
#13184=DIRECTION('',(1.,7.97410709076513E-14,0.));
#13185=DIRECTION('center_axis',(0.,0.,1.));
#13186=DIRECTION('ref_axis',(1.,0.,0.));
#13187=DIRECTION('center_axis',(0.,0.,1.));
#13188=DIRECTION('ref_axis',(1.,0.,0.));
#13189=DIRECTION('center_axis',(0.,0.,-1.));
#13190=DIRECTION('ref_axis',(1.,0.,0.));
#13191=DIRECTION('center_axis',(0.,0.,1.));
#13192=DIRECTION('ref_axis',(1.,0.,0.));
#13193=DIRECTION('',(0.,0.,-1.));
#13194=DIRECTION('center_axis',(0.,0.,-1.));
#13195=DIRECTION('ref_axis',(1.,0.,0.));
#13196=DIRECTION('center_axis',(0.,0.,1.));
#13197=DIRECTION('ref_axis',(1.,0.,0.));
#13198=DIRECTION('',(1.,7.97410709076513E-14,0.));
#13199=DIRECTION('center_axis',(0.,0.,1.));
#13200=DIRECTION('ref_axis',(1.,0.,0.));
#13201=DIRECTION('center_axis',(0.,0.,1.));
#13202=DIRECTION('ref_axis',(1.,0.,0.));
#13203=DIRECTION('center_axis',(0.,0.,-1.));
#13204=DIRECTION('ref_axis',(1.,0.,0.));
#13205=DIRECTION('',(0.,0.,-1.));
#13206=DIRECTION('center_axis',(0.,0.,-1.));
#13207=DIRECTION('ref_axis',(1.,0.,0.));
#13208=DIRECTION('center_axis',(0.,0.,1.));
#13209=DIRECTION('ref_axis',(1.,0.,0.));
#13210=DIRECTION('center_axis',(0.,0.,1.));
#13211=DIRECTION('ref_axis',(1.,0.,0.));
#13212=DIRECTION('center_axis',(0.,0.,-1.));
#13213=DIRECTION('ref_axis',(1.,0.,0.));
#13214=DIRECTION('',(0.,0.,-1.));
#13215=DIRECTION('center_axis',(0.,0.,1.));
#13216=DIRECTION('ref_axis',(1.,0.,0.));
#13217=DIRECTION('center_axis',(0.,0.,-1.));
#13218=DIRECTION('ref_axis',(1.,0.,0.));
#13219=DIRECTION('',(0.,0.,-1.));
#13220=DIRECTION('center_axis',(0.,0.,1.));
#13221=DIRECTION('ref_axis',(1.,0.,0.));
#13222=DIRECTION('center_axis',(0.,0.,1.));
#13223=DIRECTION('ref_axis',(1.,0.,0.));
#13224=DIRECTION('center_axis',(0.,0.,-1.));
#13225=DIRECTION('ref_axis',(1.,0.,0.));
#13226=DIRECTION('',(0.,0.,-1.));
#13227=DIRECTION('center_axis',(0.,0.,1.));
#13228=DIRECTION('ref_axis',(1.,0.,0.));
#13229=DIRECTION('center_axis',(1.,7.97410709076513E-14,0.));
#13230=DIRECTION('ref_axis',(-3.14121770309433E-14,0.394405318873309,-0.918936583472681));
#13231=DIRECTION('',(-1.,-7.97410709076513E-14,0.));
#13232=DIRECTION('center_axis',(1.,-1.43107747874183E-12,0.));
#13233=DIRECTION('ref_axis',(-3.14121770309433E-14,0.394405318873309,-0.918936583472681));
#13234=DIRECTION('center_axis',(0.707106781186491,0.707106781186604,0.));
#13235=DIRECTION('ref_axis',(-0.707106781186604,0.707106781186491,0.));
#13236=DIRECTION('center_axis',(-7.9716360639328E-14,1.,0.));
#13237=DIRECTION('ref_axis',(-0.707106781186548,-5.65233285126159E-14,-0.707106781186547));
#13238=DIRECTION('center_axis',(-7.97023266099323E-14,1.,0.));
#13239=DIRECTION('ref_axis',(-0.707106781186548,-5.65233285126159E-14,-0.707106781186547));
#13240=DIRECTION('',(7.9716360639328E-14,-1.,0.));
#13241=DIRECTION('center_axis',(-1.,-7.97410709076513E-14,0.));
#13242=DIRECTION('ref_axis',(0.,0.,1.));
#13243=DIRECTION('center_axis',(-1.,-7.9716360639328E-14,0.));
#13244=DIRECTION('ref_axis',(0.,0.,1.));
#13245=DIRECTION('',(1.,7.97410709076513E-14,0.));
#13246=DIRECTION('center_axis',(1.,-1.43107747874183E-12,0.));
#13247=DIRECTION('ref_axis',(0.,0.,1.));
#13248=DIRECTION('center_axis',(-1.,-7.9716360639328E-14,0.));
#13249=DIRECTION('ref_axis',(0.,0.,1.));
#13250=DIRECTION('',(0.,0.,1.));
#13251=DIRECTION('center_axis',(1.,7.9716360639328E-14,0.));
#13252=DIRECTION('ref_axis',(0.,0.,1.));
#13253=DIRECTION('',(7.9716360639328E-14,-1.,0.));
#13254=DIRECTION('',(7.97161065869233E-14,-0.99999681304562,-0.00252465811606392));
#13255=DIRECTION('center_axis',(-1.,-7.97410709076513E-14,0.));
#13256=DIRECTION('ref_axis',(-3.19006183046354E-14,0.400109634098262,-0.916467282941271));
#13257=DIRECTION('center_axis',(-1.,1.43107747874183E-12,0.));
#13258=DIRECTION('ref_axis',(-3.19006183046354E-14,0.400109634098262,-0.916467282941271));
#13259=DIRECTION('',(1.,7.97410709076513E-14,0.));
#13260=DIRECTION('',(1.,7.97410709076513E-14,0.));
#13261=DIRECTION('',(-1.,-7.97410709076513E-14,0.));
#13262=DIRECTION('center_axis',(-1.,-7.97410709076513E-14,0.));
#13263=DIRECTION('ref_axis',(0.,0.,1.));
#13264=DIRECTION('center_axis',(-1.,1.43107747874183E-12,0.));
#13265=DIRECTION('ref_axis',(0.,0.,1.));
#13266=DIRECTION('',(1.,7.97410709076513E-14,0.));
#13267=DIRECTION('center_axis',(1.,-1.43107747874183E-12,0.));
#13268=DIRECTION('ref_axis',(-1.43107747874183E-12,-1.,0.));
#13269=DIRECTION('',(1.43107747874183E-12,1.,0.));
#13270=DIRECTION('',(0.,0.,-1.));
#13271=DIRECTION('',(1.43107291796319E-12,0.99999681304562,0.00252465811606392));
#13272=DIRECTION('',(1.43107747874183E-12,1.,0.));
#13273=DIRECTION('',(-1.43107747874183E-12,-1.,0.));
#13274=DIRECTION('center_axis',(0.,0.,1.));
#13275=DIRECTION('ref_axis',(1.,0.,0.));
#13276=DIRECTION('center_axis',(0.,0.,1.));
#13277=DIRECTION('ref_axis',(1.,0.,0.));
#13278=DIRECTION('center_axis',(0.,0.,-1.));
#13279=DIRECTION('ref_axis',(-0.707106781186494,-0.707106781186601,0.));
#13280=DIRECTION('',(0.,0.,1.));
#13281=DIRECTION('center_axis',(7.97023266099323E-14,-1.,0.));
#13282=DIRECTION('ref_axis',(-1.,-7.97023266099323E-14,0.));
#13283=DIRECTION('',(0.,0.,-1.));
#13284=DIRECTION('center_axis',(5.08263120272001E-19,0.99999681304562,0.00252465811606406));
#13285=DIRECTION('ref_axis',(-1.,0.,2.01319583446959E-16));
#13286=DIRECTION('',(1.,0.,-2.01319583446959E-16));
#13287=DIRECTION('',(2.66453525910038E-16,-0.00252465811606406,0.99999681304562));
#13288=DIRECTION('',(-1.,0.,2.01319583446959E-16));
#13289=DIRECTION('',(2.66453525910038E-16,-0.00252465811606406,0.99999681304562));
#13290=DIRECTION('center_axis',(-0.98480775301221,-0.173647624258097,-0.000438402281086253));
#13291=DIRECTION('ref_axis',(0.173648177666917,-0.984804614474829,-0.00248630288640499));
#13292=DIRECTION('',(-0.173648177666917,0.984804614474829,0.00248630288640499));
#13293=DIRECTION('',(-0.173647640945337,0.984807847650555,0.));
#13294=DIRECTION('',(2.66453525910038E-16,-0.00252465811606406,0.99999681304562));
#13295=DIRECTION('',(0.173648177666917,-0.984804614474829,-0.00248630288640499));
#13296=DIRECTION('center_axis',(1.42360083287532E-15,-0.99999681304562,
-0.00252465811606406));
#13297=DIRECTION('ref_axis',(1.,1.42410455742487E-15,-1.97724194859593E-16));
#13298=DIRECTION('',(-1.,-1.42360536984069E-15,0.));
#13299=DIRECTION('',(2.66453525910038E-16,-0.00252465811606406,0.99999681304562));
#13300=DIRECTION('',(1.,1.42410455742487E-15,-1.97724194859593E-16));
#13301=DIRECTION('center_axis',(0.984807753012209,-0.173647624258104,-0.000438402281086796));
#13302=DIRECTION('ref_axis',(0.173648177666924,0.984804614474827,0.00248630288640491));
#13303=DIRECTION('',(-0.173648177666924,-0.984804614474827,-0.00248630288640491));
#13304=DIRECTION('',(0.173648177666924,0.984804614474827,0.00248630288640491));
#13305=DIRECTION('',(-0.173647640945344,-0.984807847650554,0.));
#13306=DIRECTION('center_axis',(-2.66453525910038E-16,0.00252465811606406,
-0.99999681304562));
#13307=DIRECTION('ref_axis',(-1.,0.,2.66454375087975E-16));
#13308=DIRECTION('center_axis',(-2.01318941850631E-16,0.00252465811606392,
-0.99999681304562));
#13309=DIRECTION('ref_axis',(-7.97161065869233E-14,0.99999681304562,0.00252465811606392));
#13310=DIRECTION('',(1.,7.97410709076513E-14,0.));
#13311=DIRECTION('',(1.,7.97410709076513E-14,0.));
#13312=DIRECTION('center_axis',(0.,0.,-1.));
#13313=DIRECTION('ref_axis',(-7.97163606393282E-14,1.,0.));
#13314=DIRECTION('center_axis',(0.,0.,-1.));
#13315=DIRECTION('ref_axis',(-1.,0.,0.));
#13316=DIRECTION('',(-0.17364817766693,0.984807753012208,0.));
#13317=DIRECTION('',(1.,-5.20417042793042E-17,0.));
#13318=DIRECTION('center_axis',(0.984807753012208,0.17364817766693,0.));
#13319=DIRECTION('ref_axis',(-0.17364817766693,0.984807753012208,0.));
#13320=DIRECTION('',(-0.17364817766693,0.984807753012208,0.));
#13321=DIRECTION('',(0.,0.,1.));
#13322=DIRECTION('center_axis',(0.,0.,-1.));
#13323=DIRECTION('ref_axis',(-1.,0.,0.));
#13324=DIRECTION('',(1.,-5.20417042793042E-17,0.));
#13325=DIRECTION('',(-0.17364817766693,-0.984807753012208,0.));
#13326=DIRECTION('center_axis',(0.,0.,-1.));
#13327=DIRECTION('ref_axis',(-1.,0.,0.));
#13328=DIRECTION('',(-0.173648177666929,0.984807753012208,0.));
#13329=DIRECTION('',(1.,-5.20417042793042E-17,0.));
#13330=DIRECTION('',(-0.17364817766693,-0.984807753012208,0.));
#13331=DIRECTION('center_axis',(0.984807753012208,0.173648177666929,0.));
#13332=DIRECTION('ref_axis',(-0.173648177666929,0.984807753012208,0.));
#13333=DIRECTION('',(-0.173648177666929,0.984807753012208,0.));
#13334=DIRECTION('',(0.,0.,1.));
#13335=DIRECTION('center_axis',(-0.984807753012208,0.17364817766693,0.));
#13336=DIRECTION('ref_axis',(-0.17364817766693,-0.984807753012208,0.));
#13337=DIRECTION('',(0.,0.,1.));
#13338=DIRECTION('',(-0.17364817766693,-0.984807753012208,0.));
#13339=DIRECTION('center_axis',(0.,0.,-1.));
#13340=DIRECTION('ref_axis',(-1.,0.,0.));
#13341=DIRECTION('',(1.,0.,0.));
#13342=DIRECTION('center_axis',(-0.984807753012208,0.17364817766693,0.));
#13343=DIRECTION('ref_axis',(-0.17364817766693,-0.984807753012208,0.));
#13344=DIRECTION('',(0.,0.,1.));
#13345=DIRECTION('',(-0.17364817766693,-0.984807753012208,0.));
#13346=DIRECTION('center_axis',(0.,-1.,0.));
#13347=DIRECTION('ref_axis',(1.,0.,0.));
#13348=DIRECTION('',(1.,0.,0.));
#13349=DIRECTION('center_axis',(0.,0.,-1.));
#13350=DIRECTION('ref_axis',(-1.,0.,0.));
#13351=DIRECTION('center_axis',(0.,0.,1.));
#13352=DIRECTION('ref_axis',(1.,0.,0.));
#13353=DIRECTION('axis',(0.,0.,1.));
#13354=DIRECTION('refdir',(1.,0.,0.));
#13355=DIRECTION('center_axis',(1.,7.9716360639328E-14,0.));
#13356=DIRECTION('ref_axis',(0.,0.,-1.));
#13357=DIRECTION('center_axis',(-1.,-7.9716360639328E-14,0.));
#13358=DIRECTION('ref_axis',(-7.97187263790399E-14,1.,3.82856869892695E-16));
#13359=DIRECTION('center_axis',(1.,7.9716360639328E-14,0.));
#13360=DIRECTION('ref_axis',(-7.9716360639328E-14,1.,3.82856869892695E-16));
#13361=DIRECTION('center_axis',(1.,7.9716360639328E-14,0.));
#13362=DIRECTION('ref_axis',(0.,0.,-1.));
#13363=DIRECTION('',(-7.9716360639328E-14,1.,0.));
#13364=DIRECTION('',(-1.13595970351826E-29,-9.05545733974055E-43,-1.));
#13365=DIRECTION('',(-7.97163606393282E-14,1.,0.));
#13366=DIRECTION('center_axis',(0.,0.,-1.));
#13367=DIRECTION('ref_axis',(-7.9716360639328E-14,1.,0.));
#13368=DIRECTION('',(1.,7.97410709076513E-14,0.));
#13369=DIRECTION('',(7.9716360639328E-14,-1.,0.));
#13370=DIRECTION('',(1.,7.97410709076513E-14,0.));
#13371=DIRECTION('center_axis',(-1.,-7.9716360639328E-14,0.));
#13372=DIRECTION('ref_axis',(0.,0.,1.));
#13373=DIRECTION('center_axis',(1.,7.9716360639328E-14,0.));
#13374=DIRECTION('ref_axis',(-7.97187263790399E-14,1.,3.82856869892695E-16));
#13375=DIRECTION('center_axis',(-1.,-7.9716360639328E-14,0.));
#13376=DIRECTION('ref_axis',(-7.9716360639328E-14,1.,3.82856869892695E-16));
#13377=DIRECTION('center_axis',(1.,7.9716360639328E-14,0.));
#13378=DIRECTION('ref_axis',(0.,0.,-1.));
#13379=DIRECTION('',(-7.9716360639328E-14,1.,0.));
#13380=DIRECTION('',(2.23762780655117E-59,-2.80698690783838E-46,1.));
#13381=DIRECTION('center_axis',(0.,0.,1.));
#13382=DIRECTION('ref_axis',(7.97163606393282E-14,-1.,0.));
#13383=DIRECTION('',(1.,7.97410709076513E-14,0.));
#13384=DIRECTION('',(1.,7.97410709076513E-14,0.));
#13385=DIRECTION('center_axis',(7.97410709076513E-14,-1.,-2.80698690783838E-46));
#13386=DIRECTION('ref_axis',(-1.13595970351826E-29,-9.05545733974055E-43,
-1.));
#13387=DIRECTION('center_axis',(1.,7.97410709076513E-14,0.));
#13388=DIRECTION('ref_axis',(0.,0.,-1.));
#13389=DIRECTION('axis',(0.,0.,1.));
#13390=DIRECTION('refdir',(1.,0.,0.));
#13391=DIRECTION('axis',(0.,0.,1.));
#13392=DIRECTION('refdir',(1.,0.,0.));
#13393=DIRECTION('axis',(0.,0.,1.));
#13394=DIRECTION('refdir',(1.,0.,0.));
#13395=DIRECTION('center_axis',(0.,0.,-1.));
#13396=DIRECTION('ref_axis',(1.,0.,0.));
#13397=DIRECTION('center_axis',(0.,0.,-1.));
#13398=DIRECTION('ref_axis',(1.,0.,0.));
#13399=DIRECTION('',(0.,0.,-1.));
#13400=DIRECTION('center_axis',(0.,0.,-1.));
#13401=DIRECTION('ref_axis',(1.,0.,0.));
#13402=DIRECTION('center_axis',(0.,0.,1.));
#13403=DIRECTION('ref_axis',(1.,0.,0.));
#13404=DIRECTION('center_axis',(-0.928476690885259,0.,0.371390676354104));
#13405=DIRECTION('ref_axis',(0.371390676354104,0.,0.928476690885259));
#13406=DIRECTION('',(0.,1.,0.));
#13407=DIRECTION('',(-0.348155311911396,0.348155311911396,-0.870388279778489));
#13408=DIRECTION('',(0.,-1.,0.));
#13409=DIRECTION('',(-0.348155311911396,-0.348155311911396,-0.870388279778489));
#13410=DIRECTION('center_axis',(0.,0.928476690885259,0.371390676354104));
#13411=DIRECTION('ref_axis',(0.,-0.371390676354104,0.928476690885259));
#13412=DIRECTION('',(1.,0.,0.));
#13413=DIRECTION('',(0.348155311911396,0.348155311911396,-0.870388279778489));
#13414=DIRECTION('',(-1.,0.,0.));
#13415=DIRECTION('center_axis',(0.928476690885259,0.,0.371390676354104));
#13416=DIRECTION('ref_axis',(0.371390676354104,0.,-0.928476690885259));
#13417=DIRECTION('',(0.,-1.,0.));
#13418=DIRECTION('',(0.348155311911396,-0.348155311911396,-0.870388279778489));
#13419=DIRECTION('',(0.,1.,0.));
#13420=DIRECTION('center_axis',(0.,-0.928476690885259,0.371390676354104));
#13421=DIRECTION('ref_axis',(0.,-0.371390676354104,-0.928476690885259));
#13422=DIRECTION('',(1.,0.,0.));
#13423=DIRECTION('',(-1.,0.,0.));
#13424=DIRECTION('center_axis',(0.,-1.,0.));
#13425=DIRECTION('ref_axis',(1.,0.,0.));
#13426=DIRECTION('',(0.,0.,1.));
#13427=DIRECTION('',(-1.,0.,0.));
#13428=DIRECTION('',(0.,0.,1.));
#13429=DIRECTION('center_axis',(-1.,0.,0.));
#13430=DIRECTION('ref_axis',(0.,-1.,0.));
#13431=DIRECTION('',(0.,0.,1.));
#13432=DIRECTION('',(0.,1.,0.));
#13433=DIRECTION('center_axis',(0.,0.,1.));
#13434=DIRECTION('ref_axis',(1.,0.,0.));
#13435=DIRECTION('center_axis',(0.928476690885259,0.,-0.371390676354104));
#13436=DIRECTION('ref_axis',(-0.371390676354104,0.,-0.928476690885259));
#13437=DIRECTION('',(0.,-1.,0.));
#13438=DIRECTION('',(-0.348155311911396,0.348155311911396,-0.870388279778489));
#13439=DIRECTION('',(0.,1.,0.));
#13440=DIRECTION('',(0.348155311911396,0.348155311911396,0.870388279778489));
#13441=DIRECTION('center_axis',(0.,-0.928476690885259,-0.371390676354104));
#13442=DIRECTION('ref_axis',(0.,0.371390676354104,-0.928476690885259));
#13443=DIRECTION('',(1.,0.,0.));
#13444=DIRECTION('',(-0.348155311911396,-0.348155311911396,0.870388279778489));
#13445=DIRECTION('center_axis',(0.,0.928476690885259,-0.371390676354104));
#13446=DIRECTION('ref_axis',(0.,0.371390676354104,0.928476690885259));
#13447=DIRECTION('',(1.,0.,0.));
#13448=DIRECTION('',(-1.,0.,0.));
#13449=DIRECTION('',(-0.348155311911396,0.348155311911396,0.870388279778489));
#13450=DIRECTION('center_axis',(-0.928476690885259,0.,-0.371390676354104));
#13451=DIRECTION('ref_axis',(-0.371390676354104,0.,0.928476690885259));
#13452=DIRECTION('',(0.,-1.,0.));
#13453=DIRECTION('center_axis',(1.,0.,0.));
#13454=DIRECTION('ref_axis',(0.,1.,0.));
#13455=DIRECTION('',(0.,0.,1.));
#13456=DIRECTION('center_axis',(0.,0.,1.));
#13457=DIRECTION('ref_axis',(1.,0.,0.));
#13458=DIRECTION('center_axis',(0.,1.,0.));
#13459=DIRECTION('ref_axis',(-1.,0.,0.));
#13460=DIRECTION('center_axis',(0.,1.,0.));
#13461=DIRECTION('ref_axis',(1.,0.,0.));
#13462=DIRECTION('center_axis',(0.,-1.,0.));
#13463=DIRECTION('ref_axis',(0.980642041109801,0.,-0.195809058033592));
#13464=DIRECTION('',(0.195809058033592,0.,0.980642041109801));
#13465=DIRECTION('center_axis',(0.,1.,0.));
#13466=DIRECTION('ref_axis',(-0.980642041109802,0.,0.195809058033591));
#13467=DIRECTION('',(0.999999999999019,0.,1.40094321565238E-6));
#13468=DIRECTION('',(-1.40094181949464E-6,0.,0.999999999999019));
#13469=DIRECTION('',(-0.999999999999019,0.,-1.40094182229389E-6));
#13470=DIRECTION('center_axis',(0.,-1.,0.));
#13471=DIRECTION('ref_axis',(-0.980642001774791,0.,0.195809255029305));
#13472=DIRECTION('',(-0.195809255029304,0.,-0.980642001774791));
#13473=DIRECTION('center_axis',(0.,1.,0.));
#13474=DIRECTION('ref_axis',(0.980642001774791,0.,-0.195809255029304));
#13475=DIRECTION('',(-1.,0.,-3.37708488356652E-13));
#13476=DIRECTION('',(0.,0.,-1.));
#13477=DIRECTION('',(1.,0.,0.));
#13478=DIRECTION('center_axis',(0.980642041109802,0.,-0.195809058033592));
#13479=DIRECTION('ref_axis',(-0.195809058033592,0.,-0.980642041109801));
#13480=DIRECTION('',(0.,-1.,0.));
#13481=DIRECTION('',(-0.195809058033592,0.,-0.980642041109801));
#13482=DIRECTION('',(0.,1.,0.));
#13483=DIRECTION('center_axis',(0.,1.,0.));
#13484=DIRECTION('ref_axis',(-0.980642041109802,0.,0.195809058033591));
#13485=DIRECTION('center_axis',(0.,-1.,0.));
#13486=DIRECTION('ref_axis',(-0.980642041109802,0.,0.195809058033591));
#13487=DIRECTION('',(0.,1.,0.));
#13488=DIRECTION('center_axis',(1.40094321565238E-6,0.,-0.999999999999019));
#13489=DIRECTION('ref_axis',(-0.999999999999019,0.,-1.40094321565238E-6));
#13490=DIRECTION('',(-0.999999999999019,0.,-1.40094321565238E-6));
#13491=DIRECTION('',(0.,1.,0.));
#13492=DIRECTION('center_axis',(0.999999999999019,0.,1.40094181949464E-6));
#13493=DIRECTION('ref_axis',(1.40094181949464E-6,0.,-0.999999999999019));
#13494=DIRECTION('',(1.40094181949464E-6,0.,-0.999999999999019));
#13495=DIRECTION('',(0.,1.,0.));
#13496=DIRECTION('center_axis',(-1.40094182229389E-6,0.,0.999999999999019));
#13497=DIRECTION('ref_axis',(0.999999999999019,0.,1.40094182229389E-6));
#13498=DIRECTION('',(0.999999999999019,0.,1.40094182229389E-6));
#13499=DIRECTION('',(0.,1.,0.));
#13500=DIRECTION('center_axis',(0.,1.,0.));
#13501=DIRECTION('ref_axis',(-0.980642001774791,0.,0.195809255029305));
#13502=DIRECTION('center_axis',(0.,1.,0.));
#13503=DIRECTION('ref_axis',(-0.980642001774791,0.,0.195809255029305));
#13504=DIRECTION('',(0.,1.,0.));
#13505=DIRECTION('center_axis',(-0.980642001774791,0.,0.195809255029304));
#13506=DIRECTION('ref_axis',(0.195809255029304,0.,0.980642001774791));
#13507=DIRECTION('',(0.195809255029304,0.,0.980642001774791));
#13508=DIRECTION('',(0.,1.,0.));
#13509=DIRECTION('center_axis',(0.,1.,0.));
#13510=DIRECTION('ref_axis',(0.980642001774791,0.,-0.195809255029304));
#13511=DIRECTION('center_axis',(0.,-1.,0.));
#13512=DIRECTION('ref_axis',(0.980642001774791,0.,-0.195809255029304));
#13513=DIRECTION('',(0.,1.,0.));
#13514=DIRECTION('center_axis',(-3.37708488356652E-13,0.,1.));
#13515=DIRECTION('ref_axis',(1.,0.,3.37708488356652E-13));
#13516=DIRECTION('',(1.,0.,3.37708488356652E-13));
#13517=DIRECTION('',(0.,1.,0.));
#13518=DIRECTION('center_axis',(-1.,0.,0.));
#13519=DIRECTION('ref_axis',(0.,0.,1.));
#13520=DIRECTION('',(0.,0.,1.));
#13521=DIRECTION('',(0.,1.,0.));
#13522=DIRECTION('center_axis',(0.,0.,-1.));
#13523=DIRECTION('ref_axis',(-1.,0.,0.));
#13524=DIRECTION('',(-1.,0.,0.));
#13525=DIRECTION('',(0.,1.,0.));
#13526=DIRECTION('center_axis',(0.,1.,0.));
#13527=DIRECTION('ref_axis',(0.980642041109801,0.,-0.195809058033592));
#13528=DIRECTION('center_axis',(0.,1.,0.));
#13529=DIRECTION('ref_axis',(0.980642041109801,0.,-0.195809058033592));
#13530=DIRECTION('center_axis',(0.,1.,0.));
#13531=DIRECTION('ref_axis',(1.,0.,0.));
#13532=DIRECTION('center_axis',(0.,-1.,0.));
#13533=DIRECTION('ref_axis',(-1.,0.,0.));
#13534=DIRECTION('center_axis',(0.,1.,0.));
#13535=DIRECTION('ref_axis',(-0.980642041109801,0.,-0.195809058033592));
#13536=DIRECTION('',(-1.,0.,0.));
#13537=DIRECTION('',(0.,0.,-1.));
#13538=DIRECTION('',(1.,0.,-3.37708488356652E-13));
#13539=DIRECTION('center_axis',(0.,-1.,0.));
#13540=DIRECTION('ref_axis',(-0.980642001774791,0.,-0.195809255029304));
#13541=DIRECTION('',(0.195809255029304,0.,-0.980642001774791));
#13542=DIRECTION('center_axis',(0.,1.,0.));
#13543=DIRECTION('ref_axis',(0.980642001774791,0.,0.195809255029305));
#13544=DIRECTION('',(0.999999999999019,0.,-1.40094182229389E-6));
#13545=DIRECTION('',(1.40094181949464E-6,0.,0.999999999999019));
#13546=DIRECTION('',(-0.999999999999019,0.,1.40094321565238E-6));
#13547=DIRECTION('center_axis',(0.,-1.,0.));
#13548=DIRECTION('ref_axis',(0.980642041109802,0.,0.195809058033591));
#13549=DIRECTION('',(-0.195809058033592,0.,0.980642041109801));
#13550=DIRECTION('center_axis',(0.980642041109802,0.,0.195809058033592));
#13551=DIRECTION('ref_axis',(0.195809058033592,0.,-0.980642041109801));
#13552=DIRECTION('',(0.,-1.,0.));
#13553=DIRECTION('',(0.,1.,0.));
#13554=DIRECTION('',(0.195809058033592,0.,-0.980642041109801));
#13555=DIRECTION('center_axis',(0.,-1.,0.));
#13556=DIRECTION('ref_axis',(0.980642041109802,0.,0.195809058033591));
#13557=DIRECTION('',(0.,1.,0.));
#13558=DIRECTION('center_axis',(0.,1.,0.));
#13559=DIRECTION('ref_axis',(0.980642041109802,0.,0.195809058033591));
#13560=DIRECTION('center_axis',(1.40094321565238E-6,0.,0.999999999999019));
#13561=DIRECTION('ref_axis',(0.999999999999019,0.,-1.40094321565238E-6));
#13562=DIRECTION('',(0.,1.,0.));
#13563=DIRECTION('',(0.999999999999019,0.,-1.40094321565238E-6));
#13564=DIRECTION('center_axis',(0.999999999999019,0.,-1.40094181949464E-6));
#13565=DIRECTION('ref_axis',(-1.40094181949464E-6,0.,-0.999999999999019));
#13566=DIRECTION('',(0.,1.,0.));
#13567=DIRECTION('',(-1.40094181949464E-6,0.,-0.999999999999019));
#13568=DIRECTION('center_axis',(-1.40094182229389E-6,0.,-0.999999999999019));
#13569=DIRECTION('ref_axis',(-0.999999999999019,0.,1.40094182229389E-6));
#13570=DIRECTION('',(0.,1.,0.));
#13571=DIRECTION('',(-0.999999999999019,0.,1.40094182229389E-6));
#13572=DIRECTION('center_axis',(0.,-1.,0.));
#13573=DIRECTION('ref_axis',(0.980642001774791,0.,0.195809255029305));
#13574=DIRECTION('',(0.,1.,0.));
#13575=DIRECTION('center_axis',(0.,-1.,0.));
#13576=DIRECTION('ref_axis',(0.980642001774791,0.,0.195809255029305));
#13577=DIRECTION('center_axis',(-0.980642001774791,0.,-0.195809255029304));
#13578=DIRECTION('ref_axis',(-0.195809255029304,0.,0.980642001774791));
#13579=DIRECTION('',(0.,1.,0.));
#13580=DIRECTION('',(-0.195809255029304,0.,0.980642001774791));
#13581=DIRECTION('center_axis',(0.,-1.,0.));
#13582=DIRECTION('ref_axis',(-0.980642001774791,0.,-0.195809255029304));
#13583=DIRECTION('',(0.,1.,0.));
#13584=DIRECTION('center_axis',(0.,1.,0.));
#13585=DIRECTION('ref_axis',(-0.980642001774791,0.,-0.195809255029304));
#13586=DIRECTION('center_axis',(-3.37708488356652E-13,0.,-1.));
#13587=DIRECTION('ref_axis',(-1.,0.,3.37708488356652E-13));
#13588=DIRECTION('',(0.,1.,0.));
#13589=DIRECTION('',(-1.,0.,3.37708488356652E-13));
#13590=DIRECTION('center_axis',(-1.,0.,0.));
#13591=DIRECTION('ref_axis',(0.,0.,1.));
#13592=DIRECTION('',(0.,1.,0.));
#13593=DIRECTION('',(0.,0.,1.));
#13594=DIRECTION('center_axis',(0.,0.,1.));
#13595=DIRECTION('ref_axis',(1.,0.,0.));
#13596=DIRECTION('',(0.,1.,0.));
#13597=DIRECTION('',(1.,0.,0.));
#13598=DIRECTION('center_axis',(0.,-1.,0.));
#13599=DIRECTION('ref_axis',(-0.980642041109801,0.,-0.195809058033592));
#13600=DIRECTION('center_axis',(0.,-1.,0.));
#13601=DIRECTION('ref_axis',(-0.980642041109801,0.,-0.195809058033592));
#13602=DIRECTION('center_axis',(0.,-1.,0.));
#13603=DIRECTION('ref_axis',(-1.,0.,0.));
#13604=DIRECTION('center_axis',(0.,1.,0.));
#13605=DIRECTION('ref_axis',(1.,0.,0.));
#13606=DIRECTION('center_axis',(0.,-1.,0.));
#13607=DIRECTION('ref_axis',(0.980642041109801,0.,-0.195809058033592));
#13608=DIRECTION('',(0.195809058033592,0.,0.980642041109801));
#13609=DIRECTION('center_axis',(0.,1.,0.));
#13610=DIRECTION('ref_axis',(-0.980642041109802,0.,0.195809058033591));
#13611=DIRECTION('',(0.999999999999019,0.,1.40094321565238E-6));
#13612=DIRECTION('',(-1.40094181949464E-6,0.,0.999999999999019));
#13613=DIRECTION('',(-0.999999999999019,0.,-1.40094182229389E-6));
#13614=DIRECTION('center_axis',(0.,-1.,0.));
#13615=DIRECTION('ref_axis',(-0.980642001774791,0.,0.195809255029305));
#13616=DIRECTION('',(-0.195809255029304,0.,-0.980642001774791));
#13617=DIRECTION('center_axis',(0.,1.,0.));
#13618=DIRECTION('ref_axis',(0.980642001774791,0.,-0.195809255029304));
#13619=DIRECTION('',(-1.,0.,-3.37708488356652E-13));
#13620=DIRECTION('',(0.,0.,-1.));
#13621=DIRECTION('',(1.,0.,0.));
#13622=DIRECTION('center_axis',(0.980642041109802,0.,-0.195809058033592));
#13623=DIRECTION('ref_axis',(-0.195809058033592,0.,-0.980642041109801));
#13624=DIRECTION('',(0.,-1.,0.));
#13625=DIRECTION('',(-0.195809058033592,0.,-0.980642041109801));
#13626=DIRECTION('',(0.,1.,0.));
#13627=DIRECTION('center_axis',(0.,1.,0.));
#13628=DIRECTION('ref_axis',(-0.980642041109802,0.,0.195809058033591));
#13629=DIRECTION('center_axis',(0.,-1.,0.));
#13630=DIRECTION('ref_axis',(-0.980642041109802,0.,0.195809058033591));
#13631=DIRECTION('',(0.,1.,0.));
#13632=DIRECTION('center_axis',(1.40094321565238E-6,0.,-0.999999999999019));
#13633=DIRECTION('ref_axis',(-0.999999999999019,0.,-1.40094321565238E-6));
#13634=DIRECTION('',(-0.999999999999019,0.,-1.40094321565238E-6));
#13635=DIRECTION('',(0.,1.,0.));
#13636=DIRECTION('center_axis',(0.999999999999019,0.,1.40094181949464E-6));
#13637=DIRECTION('ref_axis',(1.40094181949464E-6,0.,-0.999999999999019));
#13638=DIRECTION('',(1.40094181949464E-6,0.,-0.999999999999019));
#13639=DIRECTION('',(0.,1.,0.));
#13640=DIRECTION('center_axis',(-1.40094182229389E-6,0.,0.999999999999019));
#13641=DIRECTION('ref_axis',(0.999999999999019,0.,1.40094182229389E-6));
#13642=DIRECTION('',(0.999999999999019,0.,1.40094182229389E-6));
#13643=DIRECTION('',(0.,1.,0.));
#13644=DIRECTION('center_axis',(0.,1.,0.));
#13645=DIRECTION('ref_axis',(-0.980642001774791,0.,0.195809255029305));
#13646=DIRECTION('center_axis',(0.,1.,0.));
#13647=DIRECTION('ref_axis',(-0.980642001774791,0.,0.195809255029305));
#13648=DIRECTION('',(0.,1.,0.));
#13649=DIRECTION('center_axis',(-0.980642001774791,0.,0.195809255029304));
#13650=DIRECTION('ref_axis',(0.195809255029304,0.,0.980642001774791));
#13651=DIRECTION('',(0.195809255029304,0.,0.980642001774791));
#13652=DIRECTION('',(0.,1.,0.));
#13653=DIRECTION('center_axis',(0.,1.,0.));
#13654=DIRECTION('ref_axis',(0.980642001774791,0.,-0.195809255029304));
#13655=DIRECTION('center_axis',(0.,-1.,0.));
#13656=DIRECTION('ref_axis',(0.980642001774791,0.,-0.195809255029304));
#13657=DIRECTION('',(0.,1.,0.));
#13658=DIRECTION('center_axis',(-3.37708488356652E-13,0.,1.));
#13659=DIRECTION('ref_axis',(1.,0.,3.37708488356652E-13));
#13660=DIRECTION('',(1.,0.,3.37708488356652E-13));
#13661=DIRECTION('',(0.,1.,0.));
#13662=DIRECTION('center_axis',(-1.,0.,0.));
#13663=DIRECTION('ref_axis',(0.,0.,1.));
#13664=DIRECTION('',(0.,0.,1.));
#13665=DIRECTION('',(0.,1.,0.));
#13666=DIRECTION('center_axis',(0.,0.,-1.));
#13667=DIRECTION('ref_axis',(-1.,0.,0.));
#13668=DIRECTION('',(-1.,0.,0.));
#13669=DIRECTION('',(0.,1.,0.));
#13670=DIRECTION('center_axis',(0.,1.,0.));
#13671=DIRECTION('ref_axis',(0.980642041109801,0.,-0.195809058033592));
#13672=DIRECTION('center_axis',(0.,1.,0.));
#13673=DIRECTION('ref_axis',(0.980642041109801,0.,-0.195809058033592));
#13674=DIRECTION('center_axis',(0.,1.,0.));
#13675=DIRECTION('ref_axis',(1.,0.,0.));
#13676=DIRECTION('center_axis',(0.,1.,0.));
#13677=DIRECTION('ref_axis',(1.,0.,0.));
#13678=DIRECTION('center_axis',(0.,-1.,0.));
#13679=DIRECTION('ref_axis',(0.980642041109801,0.,-0.195809058033592));
#13680=DIRECTION('',(0.195809058033592,0.,0.980642041109801));
#13681=DIRECTION('center_axis',(0.,1.,0.));
#13682=DIRECTION('ref_axis',(-0.980642041109802,0.,0.195809058033591));
#13683=DIRECTION('',(0.999999999999019,0.,1.40094321565238E-6));
#13684=DIRECTION('',(-1.40094181949464E-6,0.,0.999999999999019));
#13685=DIRECTION('',(-0.999999999999019,0.,-1.40094182229389E-6));
#13686=DIRECTION('center_axis',(0.,-1.,0.));
#13687=DIRECTION('ref_axis',(-0.980642001774791,0.,0.195809255029305));
#13688=DIRECTION('',(-0.195809255029304,0.,-0.980642001774791));
#13689=DIRECTION('center_axis',(0.,1.,0.));
#13690=DIRECTION('ref_axis',(0.980642001774791,0.,-0.195809255029304));
#13691=DIRECTION('',(-1.,0.,-3.37708488356652E-13));
#13692=DIRECTION('',(0.,0.,-1.));
#13693=DIRECTION('',(1.,0.,0.));
#13694=DIRECTION('center_axis',(0.980642041109802,0.,-0.195809058033592));
#13695=DIRECTION('ref_axis',(-0.195809058033592,0.,-0.980642041109801));
#13696=DIRECTION('',(0.,-1.,0.));
#13697=DIRECTION('',(-0.195809058033592,0.,-0.980642041109801));
#13698=DIRECTION('',(0.,1.,0.));
#13699=DIRECTION('center_axis',(0.,1.,0.));
#13700=DIRECTION('ref_axis',(-0.980642041109802,0.,0.195809058033591));
#13701=DIRECTION('center_axis',(0.,-1.,0.));
#13702=DIRECTION('ref_axis',(-0.980642041109802,0.,0.195809058033591));
#13703=DIRECTION('',(0.,1.,0.));
#13704=DIRECTION('center_axis',(1.40094321565238E-6,0.,-0.999999999999019));
#13705=DIRECTION('ref_axis',(-0.999999999999019,0.,-1.40094321565238E-6));
#13706=DIRECTION('',(-0.999999999999019,0.,-1.40094321565238E-6));
#13707=DIRECTION('',(0.,1.,0.));
#13708=DIRECTION('center_axis',(0.999999999999019,0.,1.40094181949464E-6));
#13709=DIRECTION('ref_axis',(1.40094181949464E-6,0.,-0.999999999999019));
#13710=DIRECTION('',(1.40094181949464E-6,0.,-0.999999999999019));
#13711=DIRECTION('',(0.,1.,0.));
#13712=DIRECTION('center_axis',(-1.40094182229389E-6,0.,0.999999999999019));
#13713=DIRECTION('ref_axis',(0.999999999999019,0.,1.40094182229389E-6));
#13714=DIRECTION('',(0.999999999999019,0.,1.40094182229389E-6));
#13715=DIRECTION('',(0.,1.,0.));
#13716=DIRECTION('center_axis',(0.,1.,0.));
#13717=DIRECTION('ref_axis',(-0.980642001774791,0.,0.195809255029305));
#13718=DIRECTION('center_axis',(0.,1.,0.));
#13719=DIRECTION('ref_axis',(-0.980642001774791,0.,0.195809255029305));
#13720=DIRECTION('',(0.,1.,0.));
#13721=DIRECTION('center_axis',(-0.980642001774791,0.,0.195809255029304));
#13722=DIRECTION('ref_axis',(0.195809255029304,0.,0.980642001774791));
#13723=DIRECTION('',(0.195809255029304,0.,0.980642001774791));
#13724=DIRECTION('',(0.,1.,0.));
#13725=DIRECTION('center_axis',(0.,1.,0.));
#13726=DIRECTION('ref_axis',(0.980642001774791,0.,-0.195809255029304));
#13727=DIRECTION('center_axis',(0.,-1.,0.));
#13728=DIRECTION('ref_axis',(0.980642001774791,0.,-0.195809255029304));
#13729=DIRECTION('',(0.,1.,0.));
#13730=DIRECTION('center_axis',(-3.37708488356652E-13,0.,1.));
#13731=DIRECTION('ref_axis',(1.,0.,3.37708488356652E-13));
#13732=DIRECTION('',(1.,0.,3.37708488356652E-13));
#13733=DIRECTION('',(0.,1.,0.));
#13734=DIRECTION('center_axis',(-1.,0.,0.));
#13735=DIRECTION('ref_axis',(0.,0.,1.));
#13736=DIRECTION('',(0.,0.,1.));
#13737=DIRECTION('',(0.,1.,0.));
#13738=DIRECTION('center_axis',(0.,0.,-1.));
#13739=DIRECTION('ref_axis',(-1.,0.,0.));
#13740=DIRECTION('',(-1.,0.,0.));
#13741=DIRECTION('',(0.,1.,0.));
#13742=DIRECTION('center_axis',(0.,1.,0.));
#13743=DIRECTION('ref_axis',(0.980642041109801,0.,-0.195809058033592));
#13744=DIRECTION('center_axis',(0.,1.,0.));
#13745=DIRECTION('ref_axis',(0.980642041109801,0.,-0.195809058033592));
#13746=DIRECTION('center_axis',(0.,1.,0.));
#13747=DIRECTION('ref_axis',(1.,0.,0.));
#13748=DIRECTION('center_axis',(0.,1.,0.));
#13749=DIRECTION('ref_axis',(1.,0.,0.));
#13750=DIRECTION('center_axis',(0.,-1.,0.));
#13751=DIRECTION('ref_axis',(0.980642041109801,0.,-0.195809058033592));
#13752=DIRECTION('',(0.195809058033592,0.,0.980642041109801));
#13753=DIRECTION('center_axis',(0.,1.,0.));
#13754=DIRECTION('ref_axis',(-0.980642041109802,0.,0.195809058033591));
#13755=DIRECTION('',(0.999999999999019,0.,1.40094321565238E-6));
#13756=DIRECTION('',(-1.40094181949464E-6,0.,0.999999999999019));
#13757=DIRECTION('',(-0.999999999999019,0.,-1.40094182229389E-6));
#13758=DIRECTION('center_axis',(0.,-1.,0.));
#13759=DIRECTION('ref_axis',(-0.980642001774791,0.,0.195809255029305));
#13760=DIRECTION('',(-0.195809255029304,0.,-0.980642001774791));
#13761=DIRECTION('center_axis',(0.,1.,0.));
#13762=DIRECTION('ref_axis',(0.980642001774791,0.,-0.195809255029304));
#13763=DIRECTION('',(-1.,0.,-3.37708488356652E-13));
#13764=DIRECTION('',(0.,0.,-1.));
#13765=DIRECTION('',(1.,0.,0.));
#13766=DIRECTION('center_axis',(0.980642041109802,0.,-0.195809058033592));
#13767=DIRECTION('ref_axis',(-0.195809058033592,0.,-0.980642041109801));
#13768=DIRECTION('',(0.,-1.,0.));
#13769=DIRECTION('',(-0.195809058033592,0.,-0.980642041109801));
#13770=DIRECTION('',(0.,1.,0.));
#13771=DIRECTION('center_axis',(0.,1.,0.));
#13772=DIRECTION('ref_axis',(-0.980642041109802,0.,0.195809058033591));
#13773=DIRECTION('center_axis',(0.,-1.,0.));
#13774=DIRECTION('ref_axis',(-0.980642041109802,0.,0.195809058033591));
#13775=DIRECTION('',(0.,1.,0.));
#13776=DIRECTION('center_axis',(1.40094321565238E-6,0.,-0.999999999999019));
#13777=DIRECTION('ref_axis',(-0.999999999999019,0.,-1.40094321565238E-6));
#13778=DIRECTION('',(-0.999999999999019,0.,-1.40094321565238E-6));
#13779=DIRECTION('',(0.,1.,0.));
#13780=DIRECTION('center_axis',(0.999999999999019,0.,1.40094181949464E-6));
#13781=DIRECTION('ref_axis',(1.40094181949464E-6,0.,-0.999999999999019));
#13782=DIRECTION('',(1.40094181949464E-6,0.,-0.999999999999019));
#13783=DIRECTION('',(0.,1.,0.));
#13784=DIRECTION('center_axis',(-1.40094182229389E-6,0.,0.999999999999019));
#13785=DIRECTION('ref_axis',(0.999999999999019,0.,1.40094182229389E-6));
#13786=DIRECTION('',(0.999999999999019,0.,1.40094182229389E-6));
#13787=DIRECTION('',(0.,1.,0.));
#13788=DIRECTION('center_axis',(0.,1.,0.));
#13789=DIRECTION('ref_axis',(-0.980642001774791,0.,0.195809255029305));
#13790=DIRECTION('center_axis',(0.,1.,0.));
#13791=DIRECTION('ref_axis',(-0.980642001774791,0.,0.195809255029305));
#13792=DIRECTION('',(0.,1.,0.));
#13793=DIRECTION('center_axis',(-0.980642001774791,0.,0.195809255029304));
#13794=DIRECTION('ref_axis',(0.195809255029304,0.,0.980642001774791));
#13795=DIRECTION('',(0.195809255029304,0.,0.980642001774791));
#13796=DIRECTION('',(0.,1.,0.));
#13797=DIRECTION('center_axis',(0.,1.,0.));
#13798=DIRECTION('ref_axis',(0.980642001774791,0.,-0.195809255029304));
#13799=DIRECTION('center_axis',(0.,-1.,0.));
#13800=DIRECTION('ref_axis',(0.980642001774791,0.,-0.195809255029304));
#13801=DIRECTION('',(0.,1.,0.));
#13802=DIRECTION('center_axis',(-3.37708488356652E-13,0.,1.));
#13803=DIRECTION('ref_axis',(1.,0.,3.37708488356652E-13));
#13804=DIRECTION('',(1.,0.,3.37708488356652E-13));
#13805=DIRECTION('',(0.,1.,0.));
#13806=DIRECTION('center_axis',(-1.,0.,0.));
#13807=DIRECTION('ref_axis',(0.,0.,1.));
#13808=DIRECTION('',(0.,0.,1.));
#13809=DIRECTION('',(0.,1.,0.));
#13810=DIRECTION('center_axis',(0.,0.,-1.));
#13811=DIRECTION('ref_axis',(-1.,0.,0.));
#13812=DIRECTION('',(-1.,0.,0.));
#13813=DIRECTION('',(0.,1.,0.));
#13814=DIRECTION('center_axis',(0.,1.,0.));
#13815=DIRECTION('ref_axis',(0.980642041109801,0.,-0.195809058033592));
#13816=DIRECTION('center_axis',(0.,1.,0.));
#13817=DIRECTION('ref_axis',(0.980642041109801,0.,-0.195809058033592));
#13818=DIRECTION('center_axis',(0.,1.,0.));
#13819=DIRECTION('ref_axis',(1.,0.,0.));
#13820=DIRECTION('center_axis',(0.,-1.,0.));
#13821=DIRECTION('ref_axis',(-1.,0.,0.));
#13822=DIRECTION('center_axis',(0.,1.,0.));
#13823=DIRECTION('ref_axis',(-0.980642041109801,0.,-0.195809058033592));
#13824=DIRECTION('',(-1.,0.,0.));
#13825=DIRECTION('',(0.,0.,-1.));
#13826=DIRECTION('',(1.,0.,-3.37708488356652E-13));
#13827=DIRECTION('center_axis',(0.,-1.,0.));
#13828=DIRECTION('ref_axis',(-0.980642001774791,0.,-0.195809255029304));
#13829=DIRECTION('',(0.195809255029304,0.,-0.980642001774791));
#13830=DIRECTION('center_axis',(0.,1.,0.));
#13831=DIRECTION('ref_axis',(0.980642001774791,0.,0.195809255029305));
#13832=DIRECTION('',(0.999999999999019,0.,-1.40094182229389E-6));
#13833=DIRECTION('',(1.40094181949464E-6,0.,0.999999999999019));
#13834=DIRECTION('',(-0.999999999999019,0.,1.40094321565238E-6));
#13835=DIRECTION('center_axis',(0.,-1.,0.));
#13836=DIRECTION('ref_axis',(0.980642041109802,0.,0.195809058033591));
#13837=DIRECTION('',(-0.195809058033592,0.,0.980642041109801));
#13838=DIRECTION('center_axis',(0.980642041109802,0.,0.195809058033592));
#13839=DIRECTION('ref_axis',(0.195809058033592,0.,-0.980642041109801));
#13840=DIRECTION('',(0.,-1.,0.));
#13841=DIRECTION('',(0.,1.,0.));
#13842=DIRECTION('',(0.195809058033592,0.,-0.980642041109801));
#13843=DIRECTION('center_axis',(0.,-1.,0.));
#13844=DIRECTION('ref_axis',(0.980642041109802,0.,0.195809058033591));
#13845=DIRECTION('',(0.,1.,0.));
#13846=DIRECTION('center_axis',(0.,1.,0.));
#13847=DIRECTION('ref_axis',(0.980642041109802,0.,0.195809058033591));
#13848=DIRECTION('center_axis',(1.40094321565238E-6,0.,0.999999999999019));
#13849=DIRECTION('ref_axis',(0.999999999999019,0.,-1.40094321565238E-6));
#13850=DIRECTION('',(0.,1.,0.));
#13851=DIRECTION('',(0.999999999999019,0.,-1.40094321565238E-6));
#13852=DIRECTION('center_axis',(0.999999999999019,0.,-1.40094181949464E-6));
#13853=DIRECTION('ref_axis',(-1.40094181949464E-6,0.,-0.999999999999019));
#13854=DIRECTION('',(0.,1.,0.));
#13855=DIRECTION('',(-1.40094181949464E-6,0.,-0.999999999999019));
#13856=DIRECTION('center_axis',(-1.40094182229389E-6,0.,-0.999999999999019));
#13857=DIRECTION('ref_axis',(-0.999999999999019,0.,1.40094182229389E-6));
#13858=DIRECTION('',(0.,1.,0.));
#13859=DIRECTION('',(-0.999999999999019,0.,1.40094182229389E-6));
#13860=DIRECTION('center_axis',(0.,-1.,0.));
#13861=DIRECTION('ref_axis',(0.980642001774791,0.,0.195809255029305));
#13862=DIRECTION('',(0.,1.,0.));
#13863=DIRECTION('center_axis',(0.,-1.,0.));
#13864=DIRECTION('ref_axis',(0.980642001774791,0.,0.195809255029305));
#13865=DIRECTION('center_axis',(-0.980642001774791,0.,-0.195809255029304));
#13866=DIRECTION('ref_axis',(-0.195809255029304,0.,0.980642001774791));
#13867=DIRECTION('',(0.,1.,0.));
#13868=DIRECTION('',(-0.195809255029304,0.,0.980642001774791));
#13869=DIRECTION('center_axis',(0.,-1.,0.));
#13870=DIRECTION('ref_axis',(-0.980642001774791,0.,-0.195809255029304));
#13871=DIRECTION('',(0.,1.,0.));
#13872=DIRECTION('center_axis',(0.,1.,0.));
#13873=DIRECTION('ref_axis',(-0.980642001774791,0.,-0.195809255029304));
#13874=DIRECTION('center_axis',(-3.37708488356652E-13,0.,-1.));
#13875=DIRECTION('ref_axis',(-1.,0.,3.37708488356652E-13));
#13876=DIRECTION('',(0.,1.,0.));
#13877=DIRECTION('',(-1.,0.,3.37708488356652E-13));
#13878=DIRECTION('center_axis',(-1.,0.,0.));
#13879=DIRECTION('ref_axis',(0.,0.,1.));
#13880=DIRECTION('',(0.,1.,0.));
#13881=DIRECTION('',(0.,0.,1.));
#13882=DIRECTION('center_axis',(0.,0.,1.));
#13883=DIRECTION('ref_axis',(1.,0.,0.));
#13884=DIRECTION('',(0.,1.,0.));
#13885=DIRECTION('',(1.,0.,0.));
#13886=DIRECTION('center_axis',(0.,-1.,0.));
#13887=DIRECTION('ref_axis',(-0.980642041109801,0.,-0.195809058033592));
#13888=DIRECTION('center_axis',(0.,-1.,0.));
#13889=DIRECTION('ref_axis',(-0.980642041109801,0.,-0.195809058033592));
#13890=DIRECTION('center_axis',(0.,-1.,0.));
#13891=DIRECTION('ref_axis',(-1.,0.,0.));
#13892=DIRECTION('center_axis',(0.,-1.,0.));
#13893=DIRECTION('ref_axis',(-1.,0.,0.));
#13894=DIRECTION('center_axis',(0.,1.,0.));
#13895=DIRECTION('ref_axis',(-0.980642041109801,0.,-0.195809058033592));
#13896=DIRECTION('',(-1.,0.,0.));
#13897=DIRECTION('',(0.,0.,-1.));
#13898=DIRECTION('',(1.,0.,-3.37708488356652E-13));
#13899=DIRECTION('center_axis',(0.,-1.,0.));
#13900=DIRECTION('ref_axis',(-0.980642001774791,0.,-0.195809255029304));
#13901=DIRECTION('',(0.195809255029304,0.,-0.980642001774791));
#13902=DIRECTION('center_axis',(0.,1.,0.));
#13903=DIRECTION('ref_axis',(0.980642001774791,0.,0.195809255029305));
#13904=DIRECTION('',(0.999999999999019,0.,-1.40094182229389E-6));
#13905=DIRECTION('',(1.40094181949464E-6,0.,0.999999999999019));
#13906=DIRECTION('',(-0.999999999999019,0.,1.40094321565238E-6));
#13907=DIRECTION('center_axis',(0.,-1.,0.));
#13908=DIRECTION('ref_axis',(0.980642041109802,0.,0.195809058033591));
#13909=DIRECTION('',(-0.195809058033592,0.,0.980642041109801));
#13910=DIRECTION('center_axis',(0.980642041109802,0.,0.195809058033592));
#13911=DIRECTION('ref_axis',(0.195809058033592,0.,-0.980642041109801));
#13912=DIRECTION('',(0.,-1.,0.));
#13913=DIRECTION('',(0.,1.,0.));
#13914=DIRECTION('',(0.195809058033592,0.,-0.980642041109801));
#13915=DIRECTION('center_axis',(0.,-1.,0.));
#13916=DIRECTION('ref_axis',(0.980642041109802,0.,0.195809058033591));
#13917=DIRECTION('',(0.,1.,0.));
#13918=DIRECTION('center_axis',(0.,1.,0.));
#13919=DIRECTION('ref_axis',(0.980642041109802,0.,0.195809058033591));
#13920=DIRECTION('center_axis',(1.40094321565238E-6,0.,0.999999999999019));
#13921=DIRECTION('ref_axis',(0.999999999999019,0.,-1.40094321565238E-6));
#13922=DIRECTION('',(0.,1.,0.));
#13923=DIRECTION('',(0.999999999999019,0.,-1.40094321565238E-6));
#13924=DIRECTION('center_axis',(0.999999999999019,0.,-1.40094181949464E-6));
#13925=DIRECTION('ref_axis',(-1.40094181949464E-6,0.,-0.999999999999019));
#13926=DIRECTION('',(0.,1.,0.));
#13927=DIRECTION('',(-1.40094181949464E-6,0.,-0.999999999999019));
#13928=DIRECTION('center_axis',(-1.40094182229389E-6,0.,-0.999999999999019));
#13929=DIRECTION('ref_axis',(-0.999999999999019,0.,1.40094182229389E-6));
#13930=DIRECTION('',(0.,1.,0.));
#13931=DIRECTION('',(-0.999999999999019,0.,1.40094182229389E-6));
#13932=DIRECTION('center_axis',(0.,-1.,0.));
#13933=DIRECTION('ref_axis',(0.980642001774791,0.,0.195809255029305));
#13934=DIRECTION('',(0.,1.,0.));
#13935=DIRECTION('center_axis',(0.,-1.,0.));
#13936=DIRECTION('ref_axis',(0.980642001774791,0.,0.195809255029305));
#13937=DIRECTION('center_axis',(-0.980642001774791,0.,-0.195809255029304));
#13938=DIRECTION('ref_axis',(-0.195809255029304,0.,0.980642001774791));
#13939=DIRECTION('',(0.,1.,0.));
#13940=DIRECTION('',(-0.195809255029304,0.,0.980642001774791));
#13941=DIRECTION('center_axis',(0.,-1.,0.));
#13942=DIRECTION('ref_axis',(-0.980642001774791,0.,-0.195809255029304));
#13943=DIRECTION('',(0.,1.,0.));
#13944=DIRECTION('center_axis',(0.,1.,0.));
#13945=DIRECTION('ref_axis',(-0.980642001774791,0.,-0.195809255029304));
#13946=DIRECTION('center_axis',(-3.37708488356652E-13,0.,-1.));
#13947=DIRECTION('ref_axis',(-1.,0.,3.37708488356652E-13));
#13948=DIRECTION('',(0.,1.,0.));
#13949=DIRECTION('',(-1.,0.,3.37708488356652E-13));
#13950=DIRECTION('center_axis',(-1.,0.,0.));
#13951=DIRECTION('ref_axis',(0.,0.,1.));
#13952=DIRECTION('',(0.,1.,0.));
#13953=DIRECTION('',(0.,0.,1.));
#13954=DIRECTION('center_axis',(0.,0.,1.));
#13955=DIRECTION('ref_axis',(1.,0.,0.));
#13956=DIRECTION('',(0.,1.,0.));
#13957=DIRECTION('',(1.,0.,0.));
#13958=DIRECTION('center_axis',(0.,-1.,0.));
#13959=DIRECTION('ref_axis',(-0.980642041109801,0.,-0.195809058033592));
#13960=DIRECTION('center_axis',(0.,-1.,0.));
#13961=DIRECTION('ref_axis',(-0.980642041109801,0.,-0.195809058033592));
#13962=DIRECTION('center_axis',(0.,-1.,0.));
#13963=DIRECTION('ref_axis',(-1.,0.,0.));
#13964=DIRECTION('center_axis',(0.,-1.,0.));
#13965=DIRECTION('ref_axis',(-1.,0.,0.));
#13966=DIRECTION('center_axis',(0.,1.,0.));
#13967=DIRECTION('ref_axis',(-0.980642041109801,0.,-0.195809058033592));
#13968=DIRECTION('',(-1.,0.,0.));
#13969=DIRECTION('',(0.,0.,-1.));
#13970=DIRECTION('',(1.,0.,-3.37708488356652E-13));
#13971=DIRECTION('center_axis',(0.,-1.,0.));
#13972=DIRECTION('ref_axis',(-0.980642001774791,0.,-0.195809255029304));
#13973=DIRECTION('',(0.195809255029304,0.,-0.980642001774791));
#13974=DIRECTION('center_axis',(0.,1.,0.));
#13975=DIRECTION('ref_axis',(0.980642001774791,0.,0.195809255029305));
#13976=DIRECTION('',(0.999999999999019,0.,-1.40094182229389E-6));
#13977=DIRECTION('',(1.40094181949464E-6,0.,0.999999999999019));
#13978=DIRECTION('',(-0.999999999999019,0.,1.40094321565238E-6));
#13979=DIRECTION('center_axis',(0.,-1.,0.));
#13980=DIRECTION('ref_axis',(0.980642041109802,0.,0.195809058033591));
#13981=DIRECTION('',(-0.195809058033592,0.,0.980642041109801));
#13982=DIRECTION('center_axis',(0.980642041109802,0.,0.195809058033592));
#13983=DIRECTION('ref_axis',(0.195809058033592,0.,-0.980642041109801));
#13984=DIRECTION('',(0.,-1.,0.));
#13985=DIRECTION('',(0.,1.,0.));
#13986=DIRECTION('',(0.195809058033592,0.,-0.980642041109801));
#13987=DIRECTION('center_axis',(0.,-1.,0.));
#13988=DIRECTION('ref_axis',(0.980642041109802,0.,0.195809058033591));
#13989=DIRECTION('',(0.,1.,0.));
#13990=DIRECTION('center_axis',(0.,1.,0.));
#13991=DIRECTION('ref_axis',(0.980642041109802,0.,0.195809058033591));
#13992=DIRECTION('center_axis',(1.40094321565238E-6,0.,0.999999999999019));
#13993=DIRECTION('ref_axis',(0.999999999999019,0.,-1.40094321565238E-6));
#13994=DIRECTION('',(0.,1.,0.));
#13995=DIRECTION('',(0.999999999999019,0.,-1.40094321565238E-6));
#13996=DIRECTION('center_axis',(0.999999999999019,0.,-1.40094181949464E-6));
#13997=DIRECTION('ref_axis',(-1.40094181949464E-6,0.,-0.999999999999019));
#13998=DIRECTION('',(0.,1.,0.));
#13999=DIRECTION('',(-1.40094181949464E-6,0.,-0.999999999999019));
#14000=DIRECTION('center_axis',(-1.40094182229389E-6,0.,-0.999999999999019));
#14001=DIRECTION('ref_axis',(-0.999999999999019,0.,1.40094182229389E-6));
#14002=DIRECTION('',(0.,1.,0.));
#14003=DIRECTION('',(-0.999999999999019,0.,1.40094182229389E-6));
#14004=DIRECTION('center_axis',(0.,-1.,0.));
#14005=DIRECTION('ref_axis',(0.980642001774791,0.,0.195809255029305));
#14006=DIRECTION('',(0.,1.,0.));
#14007=DIRECTION('center_axis',(0.,-1.,0.));
#14008=DIRECTION('ref_axis',(0.980642001774791,0.,0.195809255029305));
#14009=DIRECTION('center_axis',(-0.980642001774791,0.,-0.195809255029304));
#14010=DIRECTION('ref_axis',(-0.195809255029304,0.,0.980642001774791));
#14011=DIRECTION('',(0.,1.,0.));
#14012=DIRECTION('',(-0.195809255029304,0.,0.980642001774791));
#14013=DIRECTION('center_axis',(0.,-1.,0.));
#14014=DIRECTION('ref_axis',(-0.980642001774791,0.,-0.195809255029304));
#14015=DIRECTION('',(0.,1.,0.));
#14016=DIRECTION('center_axis',(0.,1.,0.));
#14017=DIRECTION('ref_axis',(-0.980642001774791,0.,-0.195809255029304));
#14018=DIRECTION('center_axis',(-3.37708488356652E-13,0.,-1.));
#14019=DIRECTION('ref_axis',(-1.,0.,3.37708488356652E-13));
#14020=DIRECTION('',(0.,1.,0.));
#14021=DIRECTION('',(-1.,0.,3.37708488356652E-13));
#14022=DIRECTION('center_axis',(-1.,0.,0.));
#14023=DIRECTION('ref_axis',(0.,0.,1.));
#14024=DIRECTION('',(0.,1.,0.));
#14025=DIRECTION('',(0.,0.,1.));
#14026=DIRECTION('center_axis',(0.,0.,1.));
#14027=DIRECTION('ref_axis',(1.,0.,0.));
#14028=DIRECTION('',(0.,1.,0.));
#14029=DIRECTION('',(1.,0.,0.));
#14030=DIRECTION('center_axis',(0.,-1.,0.));
#14031=DIRECTION('ref_axis',(-0.980642041109801,0.,-0.195809058033592));
#14032=DIRECTION('center_axis',(0.,-1.,0.));
#14033=DIRECTION('ref_axis',(-0.980642041109801,0.,-0.195809058033592));
#14034=DIRECTION('center_axis',(0.,-1.,0.));
#14035=DIRECTION('ref_axis',(-1.,0.,0.));
#14036=DIRECTION('',(0.,-1.23259516440783E-32,1.));
#14037=DIRECTION('',(1.,-2.43533056350133E-34,-2.46519032881566E-32));
#14038=DIRECTION('axis',(0.,0.,1.));
#14039=DIRECTION('refdir',(1.,0.,0.));
#14040=DIRECTION('center_axis',(-0.408248290463862,0.408248290463863,0.816496580927726));
#14041=DIRECTION('ref_axis',(0.577350269189625,-0.577350269189628,0.577350269189625));
#14042=DIRECTION('center_axis',(1.22464679914735E-16,-7.49879891330929E-33,
1.));
#14043=DIRECTION('ref_axis',(1.,-6.12323399573677E-17,-1.22464679914735E-16));
#14044=DIRECTION('center_axis',(-6.12323399573677E-17,-1.,0.));
#14045=DIRECTION('ref_axis',(1.22464679914735E-16,-7.49879891330927E-33,
1.));
#14046=DIRECTION('center_axis',(1.,-6.12323399573677E-17,-1.22464679914735E-16));
#14047=DIRECTION('ref_axis',(-6.12323399573677E-17,-1.,0.));
#14048=DIRECTION('center_axis',(0.408248290463863,-0.816496580927727,-0.408248290463861));
#14049=DIRECTION('ref_axis',(-0.577350269189628,-0.577350269189625,0.577350269189625));
#14050=DIRECTION('center_axis',(1.22464679914735E-16,-7.49879891330929E-33,
1.));
#14051=DIRECTION('ref_axis',(-6.12323399573677E-17,-1.,-1.64214663788065E-47));
#14052=DIRECTION('center_axis',(-1.,6.12323399573677E-17,1.22464679914735E-16));
#14053=DIRECTION('ref_axis',(1.22464679914735E-16,-7.49879891330929E-33,
1.));
#14054=DIRECTION('center_axis',(-6.12323399573677E-17,-1.,0.));
#14055=DIRECTION('ref_axis',(-1.,6.12323399573677E-17,1.22464679914735E-16));
#14056=DIRECTION('center_axis',(1.,-6.12323399573677E-17,-1.22464679914735E-16));
#14057=DIRECTION('ref_axis',(4.32978028117743E-17,-0.707106781186548,0.707106781186547));
#14058=DIRECTION('',(-1.,6.12323399573677E-17,1.22464679914735E-16));
#14059=DIRECTION('',(1.,-6.12323399573677E-17,-1.22464679914735E-16));
#14060=DIRECTION('center_axis',(0.408248290463864,-0.816496580927725,0.408248290463864));
#14061=DIRECTION('ref_axis',(0.577350269189625,0.577350269189628,0.577350269189625));
#14062=DIRECTION('center_axis',(1.22464679914735E-16,-7.49879891330929E-33,
1.));
#14063=DIRECTION('ref_axis',(6.12323399573677E-17,1.,1.64214663788065E-47));
#14064=DIRECTION('center_axis',(1.,-6.12323399573677E-17,-1.22464679914735E-16));
#14065=DIRECTION('ref_axis',(1.22464679914735E-16,-7.49879891330929E-33,
1.));
#14066=DIRECTION('center_axis',(6.12323399573677E-17,1.,0.));
#14067=DIRECTION('ref_axis',(1.,-6.12323399573677E-17,-1.22464679914735E-16));
#14068=DIRECTION('center_axis',(0.408248290463864,-0.408248290463864,0.816496580927725));
#14069=DIRECTION('ref_axis',(0.577350269189625,-0.577350269189626,-0.577350269189627));
#14070=DIRECTION('center_axis',(1.,-6.12323399573677E-17,-1.22464679914735E-16));
#14071=DIRECTION('ref_axis',(-1.22464679914735E-16,7.49879891330929E-33,
-1.));
#14072=DIRECTION('center_axis',(-6.12323399573677E-17,-1.,0.));
#14073=DIRECTION('ref_axis',(1.,-6.12323399573677E-17,-1.22464679914735E-16));
#14074=DIRECTION('center_axis',(-1.22464679914735E-16,7.49879891330929E-33,
-1.));
#14075=DIRECTION('ref_axis',(-6.12323399573677E-17,-1.,-1.64214663788065E-47));
#14076=DIRECTION('center_axis',(-0.408248290463864,-0.816496580927725,0.408248290463864));
#14077=DIRECTION('ref_axis',(-0.577350269189626,0.577350269189626,0.577350269189625));
#14078=DIRECTION('center_axis',(-1.,6.12323399573677E-17,1.22464679914735E-16));
#14079=DIRECTION('ref_axis',(6.12323399573677E-17,1.,0.));
#14080=DIRECTION('center_axis',(1.22464679914735E-16,-7.49879891330929E-33,
1.));
#14081=DIRECTION('ref_axis',(-1.,6.12323399573677E-17,1.22464679914735E-16));
#14082=DIRECTION('center_axis',(6.12323399573677E-17,1.,0.));
#14083=DIRECTION('ref_axis',(1.22464679914735E-16,-7.49879891330927E-33,
1.));
#14084=DIRECTION('center_axis',(-0.816496580927726,0.408248290463863,0.408248290463864));
#14085=DIRECTION('ref_axis',(-0.577350269189626,-0.577350269189625,-0.577350269189626));
#14086=DIRECTION('center_axis',(-6.12323399573677E-17,-1.,0.));
#14087=DIRECTION('ref_axis',(-1.22464679914735E-16,7.49879891330927E-33,
-1.));
#14088=DIRECTION('center_axis',(-1.,6.12323399573677E-17,1.22464679914735E-16));
#14089=DIRECTION('ref_axis',(-6.12323399573677E-17,-1.,0.));
#14090=DIRECTION('center_axis',(-1.22464679914735E-16,7.49879891330929E-33,
-1.));
#14091=DIRECTION('ref_axis',(-1.,6.12323399573677E-17,1.22464679914735E-16));
#14092=DIRECTION('center_axis',(-1.,6.12323399573677E-17,1.22464679914735E-16));
#14093=DIRECTION('ref_axis',(-1.29893408435324E-16,-0.707106781186547,-0.707106781186548));
#14094=DIRECTION('',(1.,-6.12323399573677E-17,-1.22464679914735E-16));
#14095=DIRECTION('',(-1.,6.12323399573677E-17,1.22464679914735E-16));
#14096=DIRECTION('center_axis',(1.22464679914735E-16,-7.49879891330929E-33,
1.));
#14097=DIRECTION('ref_axis',(-0.707106781186548,-0.707106781186547,8.65956056235492E-17));
#14098=DIRECTION('',(1.22464679914735E-16,-7.49879891330929E-33,1.));
#14099=DIRECTION('',(1.22464679914735E-16,-7.49879891330929E-33,1.));
#14100=DIRECTION('center_axis',(-0.816496580927726,0.408248290463863,-0.408248290463863));
#14101=DIRECTION('ref_axis',(0.577350269189625,0.577350269189626,-0.577350269189626));
#14102=DIRECTION('center_axis',(6.12323399573677E-17,1.,0.));
#14103=DIRECTION('ref_axis',(-1.22464679914735E-16,7.49879891330927E-33,
-1.));
#14104=DIRECTION('center_axis',(1.,-6.12323399573677E-17,-1.22464679914735E-16));
#14105=DIRECTION('ref_axis',(6.12323399573677E-17,1.,0.));
#14106=DIRECTION('center_axis',(-1.22464679914735E-16,7.49879891330929E-33,
-1.));
#14107=DIRECTION('ref_axis',(1.,-6.12323399573677E-17,-1.22464679914735E-16));
#14108=DIRECTION('center_axis',(-0.816496580927725,-0.408248290463864,0.408248290463863));
#14109=DIRECTION('ref_axis',(-0.577350269189626,0.577350269189626,-0.577350269189625));
#14110=DIRECTION('center_axis',(-1.22464679914735E-16,7.49879891330929E-33,
-1.));
#14111=DIRECTION('ref_axis',(6.12323399573677E-17,1.,1.64214663788065E-47));
#14112=DIRECTION('center_axis',(-1.,6.12323399573677E-17,1.22464679914735E-16));
#14113=DIRECTION('ref_axis',(-1.22464679914735E-16,7.49879891330929E-33,
-1.));
#14114=DIRECTION('center_axis',(6.12323399573677E-17,1.,0.));
#14115=DIRECTION('ref_axis',(-1.,6.12323399573677E-17,1.22464679914735E-16));
#14116=DIRECTION('center_axis',(1.,-6.12323399573677E-17,-1.22464679914735E-16));
#14117=DIRECTION('ref_axis',(-4.32978028117744E-17,0.707106781186547,-0.707106781186547));
#14118=DIRECTION('',(-1.,6.12323399573677E-17,1.22464679914735E-16));
#14119=DIRECTION('',(1.,-6.12323399573677E-17,-1.22464679914735E-16));
#14120=DIRECTION('center_axis',(6.12323399573677E-17,1.,0.));
#14121=DIRECTION('ref_axis',(-0.707106781186548,4.32978028117747E-17,-0.707106781186547));
#14122=DIRECTION('',(-6.12323399573677E-17,-1.,0.));
#14123=DIRECTION('',(6.12323399573677E-17,1.,0.));
#14124=DIRECTION('center_axis',(1.22464679914735E-16,-7.49879891330929E-33,
1.));
#14125=DIRECTION('ref_axis',(-0.707106781186547,0.707106781186547,8.65956056235491E-17));
#14126=DIRECTION('',(-1.22464679914735E-16,7.49879891330929E-33,-1.));
#14127=DIRECTION('',(1.22464679914735E-16,-7.49879891330929E-33,1.));
#14128=DIRECTION('center_axis',(1.22464679914735E-16,-7.49879891330929E-33,
1.));
#14129=DIRECTION('ref_axis',(0.707106781186547,0.707106781186547,-8.65956056235491E-17));
#14130=DIRECTION('',(-1.22464679914735E-16,7.49879891330929E-33,-1.));
#14131=DIRECTION('',(1.22464679914735E-16,-7.49879891330929E-33,1.));
#14132=DIRECTION('center_axis',(-6.12323399573677E-17,-1.,0.));
#14133=DIRECTION('ref_axis',(0.707106781186547,-4.32978028117747E-17,-0.707106781186548));
#14134=DIRECTION('',(6.12323399573677E-17,1.,0.));
#14135=DIRECTION('',(-6.12323399573677E-17,-1.,0.));
#14136=DIRECTION('center_axis',(-6.12323399573677E-17,-1.,0.));
#14137=DIRECTION('ref_axis',(-0.707106781186548,4.32978028117747E-17,0.707106781186547));
#14138=DIRECTION('',(6.12323399573677E-17,1.,0.));
#14139=DIRECTION('',(-6.12323399573677E-17,-1.,0.));
#14140=DIRECTION('center_axis',(-1.,6.12323399573677E-17,1.22464679914735E-16));
#14141=DIRECTION('ref_axis',(1.29893408435324E-16,0.707106781186548,0.707106781186547));
#14142=DIRECTION('',(1.,-6.12323399573677E-17,-1.22464679914735E-16));
#14143=DIRECTION('',(-1.,6.12323399573677E-17,1.22464679914735E-16));
#14144=DIRECTION('center_axis',(1.22464679914735E-16,-7.49879891330929E-33,
1.));
#14145=DIRECTION('ref_axis',(0.707106781186548,-0.707106781186547,-8.65956056235492E-17));
#14146=DIRECTION('',(-1.22464679914735E-16,7.49879891330929E-33,-1.));
#14147=DIRECTION('',(1.22464679914735E-16,-7.49879891330929E-33,1.));
#14148=DIRECTION('center_axis',(6.12323399573677E-17,1.,0.));
#14149=DIRECTION('ref_axis',(0.707106781186548,-4.32978028117747E-17,0.707106781186547));
#14150=DIRECTION('',(-6.12323399573677E-17,-1.,0.));
#14151=DIRECTION('',(6.12323399573677E-17,1.,0.));
#14152=DIRECTION('center_axis',(-1.22464679914735E-16,7.49879891330929E-33,
-1.));
#14153=DIRECTION('ref_axis',(6.12323399573677E-17,1.,1.64214663788065E-47));
#14154=DIRECTION('center_axis',(6.12323399573677E-17,1.,0.));
#14155=DIRECTION('ref_axis',(1.22464679914735E-16,-7.49879891330927E-33,
1.));
#14156=DIRECTION('center_axis',(-1.22464679914735E-16,7.49879891330929E-33,
-1.));
#14157=DIRECTION('ref_axis',(6.12323399573677E-17,1.,1.64214663788065E-47));
#14158=DIRECTION('center_axis',(-6.12323399573677E-17,-1.,0.));
#14159=DIRECTION('ref_axis',(-1.22464679914735E-16,7.49879891330927E-33,
-1.));
#14160=DIRECTION('center_axis',(-1.,6.12323399573677E-17,1.22464679914735E-16));
#14161=DIRECTION('ref_axis',(1.22464679914735E-16,-7.49879891330929E-33,
1.));
#14162=DIRECTION('center_axis',(-0.408248290463863,0.408248290463863,0.816496580927726));
#14163=DIRECTION('ref_axis',(0.577350269189625,-0.577350269189627,0.577350269189625));
#14164=DIRECTION('center_axis',(1.22464679914735E-16,-7.49879891330929E-33,
1.));
#14165=DIRECTION('ref_axis',(1.,-6.12323399573677E-17,-1.22464679914735E-16));
#14166=DIRECTION('center_axis',(-6.12323399573677E-17,-1.,0.));
#14167=DIRECTION('ref_axis',(1.22464679914735E-16,-7.49879891330927E-33,
1.));
#14168=DIRECTION('center_axis',(1.,-6.12323399573677E-17,-1.22464679914735E-16));
#14169=DIRECTION('ref_axis',(-6.12323399573677E-17,-1.,0.));
#14170=DIRECTION('center_axis',(-0.816496580927726,0.408248290463863,-0.408248290463862));
#14171=DIRECTION('ref_axis',(-0.577350269189625,-0.577350269189628,0.577350269189625));
#14172=DIRECTION('center_axis',(1.22464679914735E-16,-7.49879891330929E-33,
1.));
#14173=DIRECTION('ref_axis',(-6.12323399573677E-17,-1.,-1.64214663788065E-47));
#14174=DIRECTION('center_axis',(-1.,-1.32654644082408E-15,1.22464679914735E-16));
#14175=DIRECTION('ref_axis',(1.22464679914735E-16,-7.4987989133093E-33,
1.));
#14176=DIRECTION('center_axis',(-6.12323399573677E-17,-1.,0.));
#14177=DIRECTION('ref_axis',(-1.,6.12323399573677E-17,1.22464679914735E-16));
#14178=DIRECTION('center_axis',(1.,-6.12323399573677E-17,-1.22464679914735E-16));
#14179=DIRECTION('ref_axis',(4.32978028117743E-17,-0.707106781186548,0.707106781186547));
#14180=DIRECTION('',(-1.,6.12323399573677E-17,1.22464679914735E-16));
#14181=DIRECTION('',(1.,-6.12323399573677E-17,-1.22464679914735E-16));
#14182=DIRECTION('center_axis',(0.408248290463863,-0.816496580927726,0.408248290463864));
#14183=DIRECTION('ref_axis',(0.577350269189626,0.577350269189626,0.577350269189625));
#14184=DIRECTION('center_axis',(1.22464679914735E-16,-7.49879891330929E-33,
1.));
#14185=DIRECTION('ref_axis',(6.12323399573677E-17,1.,1.64214663788065E-47));
#14186=DIRECTION('center_axis',(1.,-7.5512173034809E-16,-1.22464679914735E-16));
#14187=DIRECTION('ref_axis',(1.22464679914735E-16,-7.49879891330929E-33,
1.));
#14188=DIRECTION('center_axis',(6.12323399573677E-17,1.,0.));
#14189=DIRECTION('ref_axis',(1.,-6.12323399573677E-17,-1.22464679914735E-16));
#14190=DIRECTION('center_axis',(0.408248290463863,-0.408248290463864,0.816496580927726));
#14191=DIRECTION('ref_axis',(0.577350269189625,-0.577350269189626,-0.577350269189626));
#14192=DIRECTION('center_axis',(1.,-6.12323399573677E-17,-1.22464679914735E-16));
#14193=DIRECTION('ref_axis',(-1.22464679914735E-16,7.49879891330929E-33,
-1.));
#14194=DIRECTION('center_axis',(-6.12323399573677E-17,-1.,0.));
#14195=DIRECTION('ref_axis',(1.,-6.12323399573677E-17,-1.22464679914735E-16));
#14196=DIRECTION('center_axis',(-1.22464679914735E-16,7.49879891330929E-33,
-1.));
#14197=DIRECTION('ref_axis',(-6.12323399573677E-17,-1.,-1.64214663788065E-47));
#14198=DIRECTION('center_axis',(0.408248290463862,-0.408248290463863,0.816496580927726));
#14199=DIRECTION('ref_axis',(-0.577350269189625,0.577350269189628,0.577350269189625));
#14200=DIRECTION('center_axis',(-1.,6.12323399573677E-17,1.22464679914735E-16));
#14201=DIRECTION('ref_axis',(6.12323399573677E-17,1.,0.));
#14202=DIRECTION('center_axis',(1.22464679914735E-16,-7.49879891330929E-33,
1.));
#14203=DIRECTION('ref_axis',(-1.,6.12323399573677E-17,1.22464679914735E-16));
#14204=DIRECTION('center_axis',(6.12323399573677E-17,1.,0.));
#14205=DIRECTION('ref_axis',(1.22464679914735E-16,-7.49879891330927E-33,
1.));
#14206=DIRECTION('center_axis',(0.408248290463864,-0.816496580927726,0.408248290463862));
#14207=DIRECTION('ref_axis',(-0.577350269189627,-0.577350269189626,-0.577350269189625));
#14208=DIRECTION('center_axis',(-6.12323399573677E-17,-1.,0.));
#14209=DIRECTION('ref_axis',(-1.22464679914735E-16,7.49879891330927E-33,
-1.));
#14210=DIRECTION('center_axis',(-1.,6.12323399573677E-17,1.51024346069618E-15));
#14211=DIRECTION('ref_axis',(-6.12323399573677E-17,-1.,0.));
#14212=DIRECTION('center_axis',(-1.22464679914735E-16,7.49879891330929E-33,
-1.));
#14213=DIRECTION('ref_axis',(-1.,6.12323399573677E-17,1.22464679914735E-16));
#14214=DIRECTION('center_axis',(-1.,6.12323399573677E-17,1.22464679914735E-16));
#14215=DIRECTION('ref_axis',(-1.29893408435324E-16,-0.707106781186547,-0.707106781186548));
#14216=DIRECTION('',(1.,-6.12323399573677E-17,-1.22464679914735E-16));
#14217=DIRECTION('',(-1.,6.12323399573677E-17,1.22464679914735E-16));
#14218=DIRECTION('center_axis',(1.22464679914735E-16,-7.49879891330929E-33,
1.));
#14219=DIRECTION('ref_axis',(-0.707106781186548,-0.707106781186547,8.65956056235492E-17));
#14220=DIRECTION('',(-1.22464679914735E-16,7.49879891330929E-33,-1.));
#14221=DIRECTION('',(1.22464679914735E-16,-7.49879891330929E-33,1.));
#14222=DIRECTION('center_axis',(-0.816496580927727,0.408248290463863,-0.408248290463862));
#14223=DIRECTION('ref_axis',(0.577350269189625,0.577350269189626,-0.577350269189627));
#14224=DIRECTION('center_axis',(6.12323399573677E-17,1.,0.));
#14225=DIRECTION('ref_axis',(-1.22464679914735E-16,7.49879891330927E-33,
-1.));
#14226=DIRECTION('center_axis',(1.,-6.12323399573677E-17,-8.16354070305458E-16));
#14227=DIRECTION('ref_axis',(6.12323399573677E-17,1.,0.));
#14228=DIRECTION('center_axis',(-1.22464679914735E-16,7.49879891330929E-33,
-1.));
#14229=DIRECTION('ref_axis',(1.,-6.12323399573677E-17,-1.22464679914735E-16));
#14230=DIRECTION('center_axis',(-0.816496580927726,-0.408248290463862,0.408248290463863));
#14231=DIRECTION('ref_axis',(-0.577350269189625,0.577350269189626,-0.577350269189627));
#14232=DIRECTION('center_axis',(-1.22464679914735E-16,7.49879891330929E-33,
-1.));
#14233=DIRECTION('ref_axis',(6.12323399573677E-17,1.,1.64214663788065E-47));
#14234=DIRECTION('center_axis',(-1.,6.12323399573677E-17,1.22464679914735E-16));
#14235=DIRECTION('ref_axis',(-1.22464679914735E-16,7.49879891330929E-33,
-1.));
#14236=DIRECTION('center_axis',(6.12323399573677E-17,1.,0.));
#14237=DIRECTION('ref_axis',(-1.,6.12323399573677E-17,1.22464679914735E-16));
#14238=DIRECTION('center_axis',(1.,-6.12323399573677E-17,-1.22464679914735E-16));
#14239=DIRECTION('ref_axis',(-4.32978028117744E-17,0.707106781186547,-0.707106781186547));
#14240=DIRECTION('',(-1.,6.12323399573677E-17,1.22464679914735E-16));
#14241=DIRECTION('',(1.,-6.12323399573677E-17,-1.22464679914735E-16));
#14242=DIRECTION('center_axis',(6.12323399573677E-17,1.,0.));
#14243=DIRECTION('ref_axis',(-0.707106781186547,4.32978028117747E-17,-0.707106781186548));
#14244=DIRECTION('',(-6.12323399573677E-17,-1.,0.));
#14245=DIRECTION('',(6.12323399573677E-17,1.,0.));
#14246=DIRECTION('center_axis',(1.22464679914735E-16,-7.49879891330929E-33,
1.));
#14247=DIRECTION('ref_axis',(-0.707106781186547,0.707106781186548,8.6595605623549E-17));
#14248=DIRECTION('',(-1.22464679914735E-16,7.49879891330929E-33,-1.));
#14249=DIRECTION('',(1.22464679914735E-16,-7.49879891330929E-33,1.));
#14250=DIRECTION('center_axis',(1.22464679914735E-16,-7.49879891330929E-33,
1.));
#14251=DIRECTION('ref_axis',(0.707106781186547,0.707106781186548,-8.6595605623549E-17));
#14252=DIRECTION('',(1.22464679914735E-16,-7.49879891330929E-33,1.));
#14253=DIRECTION('',(1.22464679914735E-16,-7.49879891330929E-33,1.));
#14254=DIRECTION('center_axis',(-6.12323399573677E-17,-1.,0.));
#14255=DIRECTION('ref_axis',(0.707106781186547,-4.32978028117747E-17,-0.707106781186548));
#14256=DIRECTION('',(6.12323399573677E-17,1.,0.));
#14257=DIRECTION('',(-6.12323399573677E-17,-1.,0.));
#14258=DIRECTION('center_axis',(-6.12323399573677E-17,-1.,0.));
#14259=DIRECTION('ref_axis',(-0.707106781186547,4.32978028117747E-17,0.707106781186548));
#14260=DIRECTION('',(6.12323399573677E-17,1.,0.));
#14261=DIRECTION('',(-6.12323399573677E-17,-1.,0.));
#14262=DIRECTION('center_axis',(-1.,6.12323399573677E-17,1.22464679914735E-16));
#14263=DIRECTION('ref_axis',(1.29893408435324E-16,0.707106781186548,0.707106781186547));
#14264=DIRECTION('',(1.,-6.12323399573677E-17,-1.22464679914735E-16));
#14265=DIRECTION('',(-1.,6.12323399573677E-17,1.22464679914735E-16));
#14266=DIRECTION('center_axis',(1.22464679914735E-16,-7.49879891330929E-33,
1.));
#14267=DIRECTION('ref_axis',(0.707106781186547,-0.707106781186547,-8.65956056235491E-17));
#14268=DIRECTION('',(-1.22464679914735E-16,7.49879891330929E-33,-1.));
#14269=DIRECTION('',(1.22464679914735E-16,-7.49879891330929E-33,1.));
#14270=DIRECTION('center_axis',(6.12323399573677E-17,1.,0.));
#14271=DIRECTION('ref_axis',(0.707106781186548,-4.32978028117747E-17,0.707106781186547));
#14272=DIRECTION('',(-6.12323399573677E-17,-1.,0.));
#14273=DIRECTION('',(6.12323399573677E-17,1.,0.));
#14274=DIRECTION('center_axis',(-1.22464679914735E-16,7.49879891330929E-33,
-1.));
#14275=DIRECTION('ref_axis',(6.12323399573677E-17,1.,1.64214663788065E-47));
#14276=DIRECTION('center_axis',(6.12323399573677E-17,1.,0.));
#14277=DIRECTION('ref_axis',(1.22464679914735E-16,-7.49879891330927E-33,
1.));
#14278=DIRECTION('center_axis',(1.,-6.12323399573677E-17,-1.22464679914735E-16));
#14279=DIRECTION('ref_axis',(-1.22464679914735E-16,7.49879891330929E-33,
-1.));
#14280=DIRECTION('center_axis',(-1.22464679914735E-16,7.49879891330929E-33,
-1.));
#14281=DIRECTION('ref_axis',(6.12323399573677E-17,1.,1.64214663788065E-47));
#14282=DIRECTION('center_axis',(-6.12323399573677E-17,-1.,0.));
#14283=DIRECTION('ref_axis',(-1.22464679914735E-16,7.49879891330927E-33,
-1.));
#14284=DIRECTION('center_axis',(-1.22464679914735E-16,7.49879891330929E-33,
-1.));
#14285=DIRECTION('ref_axis',(6.12323399573677E-17,1.,1.64214663788065E-47));
#14286=DIRECTION('',(1.,-6.12323399573677E-17,-1.22464679914735E-16));
#14287=DIRECTION('',(-6.12323399573677E-17,-1.,0.));
#14288=DIRECTION('',(-1.,6.12323399573677E-17,1.22464679914735E-16));
#14289=DIRECTION('',(6.12323399573677E-17,1.,0.));
#14290=DIRECTION('center_axis',(-1.22464679914735E-16,7.49879891330929E-33,
-1.));
#14291=DIRECTION('ref_axis',(6.12323399573677E-17,1.,1.64214663788065E-47));
#14292=DIRECTION('',(-1.,6.12323399573677E-17,1.22464679914735E-16));
#14293=DIRECTION('',(-6.12323399573677E-17,-1.,0.));
#14294=DIRECTION('',(1.,-6.12323399573677E-17,-1.22464679914735E-16));
#14295=DIRECTION('',(6.12323399573677E-17,1.,0.));
#14296=DIRECTION('center_axis',(1.,-6.12323399573677E-17,-1.22464679914735E-16));
#14297=DIRECTION('ref_axis',(-1.22464679914735E-16,7.49879891330929E-33,
-1.));
#14298=DIRECTION('',(1.22464679914735E-16,-7.49879891330929E-33,1.));
#14299=DIRECTION('',(1.22464679914735E-16,-7.49879891330929E-33,1.));
#14300=DIRECTION('center_axis',(6.12323399573677E-17,1.,0.));
#14301=DIRECTION('ref_axis',(1.22464679914735E-16,-7.49879891330927E-33,
1.));
#14302=DIRECTION('',(1.22464679914735E-16,-7.49879891330929E-33,1.));
#14303=DIRECTION('center_axis',(-1.,6.12323399573677E-17,1.22464679914735E-16));
#14304=DIRECTION('ref_axis',(1.22464679914735E-16,-7.49879891330929E-33,
1.));
#14305=DIRECTION('',(1.22464679914735E-16,-7.49879891330929E-33,1.));
#14306=DIRECTION('center_axis',(-6.12323399573677E-17,-1.,0.));
#14307=DIRECTION('ref_axis',(-1.22464679914735E-16,7.49879891330927E-33,
-1.));
#14308=DIRECTION('center_axis',(0.,0.,-1.));
#14309=DIRECTION('ref_axis',(-1.,0.,0.));
#14310=DIRECTION('',(2.81962863314234E-16,-1.,0.));
#14311=DIRECTION('',(-1.,0.,0.));
#14312=DIRECTION('',(0.,1.,0.));
#14313=DIRECTION('',(1.,0.,0.));
#14314=DIRECTION('center_axis',(0.,1.,0.));
#14315=DIRECTION('ref_axis',(1.,0.,0.));
#14316=DIRECTION('',(0.,0.,-1.));
#14317=DIRECTION('',(1.,0.,0.));
#14318=DIRECTION('',(0.,0.,-1.));
#14319=DIRECTION('',(-1.,0.,0.));
#14320=DIRECTION('center_axis',(-1.,-2.81962863314234E-16,0.));
#14321=DIRECTION('ref_axis',(-2.81962863314234E-16,1.,0.));
#14322=DIRECTION('center_axis',(-1.,-2.81962863314234E-16,0.));
#14323=DIRECTION('ref_axis',(0.,0.,1.));
#14324=DIRECTION('',(0.,0.,1.));
#14325=DIRECTION('',(0.,0.,-1.));
#14326=DIRECTION('center_axis',(1.,2.81962863314234E-16,0.));
#14327=DIRECTION('ref_axis',(0.,0.,1.));
#14328=DIRECTION('',(2.81962863314234E-16,-1.,0.));
#14329=DIRECTION('',(0.,0.,-1.));
#14330=DIRECTION('',(-2.81962863314234E-16,1.,0.));
#14331=DIRECTION('center_axis',(0.,0.,-1.));
#14332=DIRECTION('ref_axis',(0.,1.,0.));
#14333=DIRECTION('center_axis',(0.,0.,1.));
#14334=DIRECTION('ref_axis',(0.,1.,0.));
#14335=DIRECTION('center_axis',(0.,0.,-1.));
#14336=DIRECTION('ref_axis',(0.,1.,0.));
#14337=DIRECTION('center_axis',(0.,-1.,0.));
#14338=DIRECTION('ref_axis',(0.,0.,1.));
#14339=DIRECTION('',(-1.,0.,0.));
#14340=DIRECTION('',(0.,0.,-1.));
#14341=DIRECTION('center_axis',(-1.,0.,0.));
#14342=DIRECTION('ref_axis',(0.,0.,1.));
#14343=DIRECTION('',(-1.,0.,0.));
#14344=DIRECTION('center_axis',(-1.,0.,0.));
#14345=DIRECTION('ref_axis',(0.,0.,1.));
#14346=DIRECTION('center_axis',(0.,0.,1.));
#14347=DIRECTION('ref_axis',(0.,1.,0.));
#14348=DIRECTION('',(0.,1.,0.));
#14349=DIRECTION('',(-1.,0.,0.));
#14350=DIRECTION('',(0.,1.,0.));
#14351=DIRECTION('center_axis',(-1.,0.,0.));
#14352=DIRECTION('ref_axis',(0.,0.,1.));
#14353=DIRECTION('',(0.,1.,0.));
#14354=DIRECTION('',(0.,0.,1.));
#14355=DIRECTION('center_axis',(0.,0.,1.));
#14356=DIRECTION('ref_axis',(0.,1.,0.));
#14357=DIRECTION('',(-1.,0.,0.));
#14358=DIRECTION('',(0.,1.,0.));
#14359=DIRECTION('',(-1.,0.,0.));
#14360=DIRECTION('center_axis',(-1.,0.,0.));
#14361=DIRECTION('ref_axis',(0.,0.,1.));
#14362=DIRECTION('',(-1.,0.,0.));
#14363=DIRECTION('center_axis',(-1.,0.,0.));
#14364=DIRECTION('ref_axis',(0.,0.,1.));
#14365=DIRECTION('center_axis',(0.,-1.,0.));
#14366=DIRECTION('ref_axis',(0.,0.,1.));
#14367=DIRECTION('',(0.,0.,1.));
#14368=DIRECTION('center_axis',(0.,-1.,0.));
#14369=DIRECTION('ref_axis',(0.,0.,-1.));
#14370=DIRECTION('',(0.,0.,1.));
#14371=DIRECTION('center_axis',(1.,0.,0.));
#14372=DIRECTION('ref_axis',(0.,0.,-1.));
#14373=DIRECTION('',(0.,0.,1.));
#14374=DIRECTION('center_axis',(1.,0.,0.));
#14375=DIRECTION('ref_axis',(0.,0.,-1.));
#14376=DIRECTION('',(0.,-1.,0.));
#14377=DIRECTION('center_axis',(1.,0.,0.));
#14378=DIRECTION('ref_axis',(0.,0.,-1.));
#14379=DIRECTION('center_axis',(0.,-1.,0.));
#14380=DIRECTION('ref_axis',(1.,0.,0.));
#14381=DIRECTION('center_axis',(0.,-1.,0.));
#14382=DIRECTION('ref_axis',(1.,0.,0.));
#14383=DIRECTION('',(0.,1.,0.));
#14384=DIRECTION('center_axis',(0.,-1.,0.));
#14385=DIRECTION('ref_axis',(1.,0.,0.));
#14386=DIRECTION('center_axis',(0.,-1.,0.));
#14387=DIRECTION('ref_axis',(1.,0.,0.));
#14388=DIRECTION('center_axis',(0.,-1.,0.));
#14389=DIRECTION('ref_axis',(1.,0.,0.));
#14390=DIRECTION('center_axis',(0.,-1.,0.));
#14391=DIRECTION('ref_axis',(1.,0.,0.));
#14392=DIRECTION('center_axis',(0.,-1.,0.));
#14393=DIRECTION('ref_axis',(1.,0.,0.));
#14394=DIRECTION('',(0.,1.,0.));
#14395=DIRECTION('center_axis',(0.,-1.,0.));
#14396=DIRECTION('ref_axis',(1.,0.,0.));
#14397=DIRECTION('center_axis',(0.,-1.,0.));
#14398=DIRECTION('ref_axis',(1.,0.,0.));
#14399=DIRECTION('center_axis',(0.,-1.,0.));
#14400=DIRECTION('ref_axis',(1.,0.,0.));
#14401=DIRECTION('center_axis',(0.,-1.,0.));
#14402=DIRECTION('ref_axis',(1.,0.,0.));
#14403=DIRECTION('center_axis',(0.,-1.,0.));
#14404=DIRECTION('ref_axis',(1.,0.,0.));
#14405=DIRECTION('',(0.,1.,0.));
#14406=DIRECTION('center_axis',(0.,-1.,0.));
#14407=DIRECTION('ref_axis',(1.,0.,0.));
#14408=DIRECTION('center_axis',(0.,-1.,0.));
#14409=DIRECTION('ref_axis',(1.,0.,0.));
#14410=DIRECTION('center_axis',(0.,-1.,0.));
#14411=DIRECTION('ref_axis',(1.,0.,0.));
#14412=DIRECTION('center_axis',(1.,0.,0.));
#14413=DIRECTION('ref_axis',(0.,1.,0.));
#14414=DIRECTION('',(0.,-1.,0.));
#14415=DIRECTION('',(0.,0.,1.));
#14416=DIRECTION('',(0.,1.,0.));
#14417=DIRECTION('',(0.,0.,1.));
#14418=DIRECTION('center_axis',(0.,-1.,0.));
#14419=DIRECTION('ref_axis',(1.,0.,0.));
#14420=DIRECTION('',(-1.,0.,0.));
#14421=DIRECTION('',(1.,0.,0.));
#14422=DIRECTION('',(0.,0.,1.));
#14423=DIRECTION('center_axis',(-1.,0.,0.));
#14424=DIRECTION('ref_axis',(0.,-1.,0.));
#14425=DIRECTION('',(0.,1.,0.));
#14426=DIRECTION('',(0.,-1.,0.));
#14427=DIRECTION('',(0.,0.,1.));
#14428=DIRECTION('center_axis',(0.,1.,0.));
#14429=DIRECTION('ref_axis',(-1.,0.,0.));
#14430=DIRECTION('',(1.,0.,0.));
#14431=DIRECTION('',(-1.,0.,0.));
#14432=DIRECTION('center_axis',(0.,0.,1.));
#14433=DIRECTION('ref_axis',(1.,0.,0.));
#14434=DIRECTION('center_axis',(0.,0.,1.));
#14435=DIRECTION('ref_axis',(-1.,0.,0.));
#14436=DIRECTION('',(1.478736023417E-16,6.55181250496143E-17,-1.));
#14437=DIRECTION('',(-1.,-5.72118872610991E-18,-1.3305668935203E-16));
#14438=DIRECTION('',(5.72118872611471E-18,-1.16743491188625E-16,1.));
#14439=DIRECTION('',(6.36677503129624E-17,1.,6.12323399573677E-17));
#14440=DIRECTION('',(5.72118872611471E-18,-6.12323399573677E-17,1.));
#14441=DIRECTION('',(-5.72118872610992E-18,1.,6.12323399573677E-17));
#14442=DIRECTION('',(1.,0.,0.));
#14443=DIRECTION('',(0.,0.,-1.));
#14444=DIRECTION('',(1.,0.,0.));
#14445=DIRECTION('',(0.,0.,-1.));
#14446=DIRECTION('',(0.999999999999998,-9.86076131526265E-32,0.));
#14447=DIRECTION('',(0.,0.,-1.));
#14448=DIRECTION('',(1.,0.,0.));
#14449=DIRECTION('',(0.,0.,-1.));
#14450=DIRECTION('',(0.999999999999999,0.,0.));
#14451=DIRECTION('',(0.,0.,-1.));
#14452=DIRECTION('',(0.999999999999998,-9.86076131526265E-32,0.));
#14453=DIRECTION('',(0.,0.,-1.));
#14454=DIRECTION('',(0.,0.,-1.));
#14455=DIRECTION('',(1.,0.,0.));
#14456=DIRECTION('',(0.,0.,-1.));
#14457=DIRECTION('',(1.,0.,0.));
#14458=DIRECTION('',(0.,0.,1.));
#14459=DIRECTION('',(1.,0.,0.));
#14460=DIRECTION('',(0.,0.,1.));
#14461=DIRECTION('',(1.,-9.86076131526267E-32,0.));
#14462=DIRECTION('',(0.,0.,1.));
#14463=DIRECTION('',(1.,-9.86076131526267E-32,0.));
#14464=DIRECTION('',(0.,0.,-1.));
#14465=DIRECTION('',(1.,0.,0.));
#14466=DIRECTION('',(0.,0.,1.));
#14467=DIRECTION('',(1.,0.,0.));
#14468=DIRECTION('',(0.,0.,1.));
#14469=DIRECTION('',(1.,0.,0.));
#14470=DIRECTION('',(0.,0.,1.));
#14471=DIRECTION('',(1.,0.,0.));
#14472=DIRECTION('',(0.,0.,1.));
#14473=DIRECTION('',(1.,0.,0.));
#14474=DIRECTION('',(0.,0.,1.));
#14475=DIRECTION('',(1.,0.,0.));
#14476=DIRECTION('center_axis',(0.,0.,1.));
#14477=DIRECTION('ref_axis',(1.,0.,0.));
#14478=CARTESIAN_POINT('',(0.,0.,0.));
#14479=CARTESIAN_POINT('',(0.,0.,0.));
#14480=CARTESIAN_POINT('Origin',(-1.50283279418963,0.479425538602857,0.877582561891429));
#14481=CARTESIAN_POINT('',(-0.127832794189167,-0.520574461397143,0.877582561891429));
#14482=CARTESIAN_POINT('Origin',(-0.127832794189167,0.479425538602857,0.877582561891429));
#14483=CARTESIAN_POINT('',(-2.62783279419,-0.520574461397143,0.877582561891428));
#14484=CARTESIAN_POINT('',(-1.50283279418963,-0.520574461397143,0.877582561891429));
#14485=CARTESIAN_POINT('Origin',(-2.62783279419,0.479425538602857,0.877582561891429));
#14486=CARTESIAN_POINT('Origin',(-1.37783279419,0.479425538602857,0.877582561891428));
#14487=CARTESIAN_POINT('',(-0.9611661275225,-0.58215958259,-1.06563596800857));
#14488=CARTESIAN_POINT('',(-0.961166127521868,-0.672658512797544,2.76855151007523));
#14489=CARTESIAN_POINT('Origin',(-0.9611661275225,0.479425538602857,0.877582561891428));
#14490=CARTESIAN_POINT('Origin',(-0.9611661275225,0.479425538602857,0.877582561891428));
#14491=CARTESIAN_POINT('',(-1.79449946085667,-0.58215958259,-1.06563596800857));
#14492=CARTESIAN_POINT('',(-1.37783279419,-0.582159582592165,-1.06563596800868));
#14493=CARTESIAN_POINT('',(-1.79449946085765,-0.67265851279733,2.76855151007488));
#14494=CARTESIAN_POINT('Origin',(-1.79449946085667,0.479425538602857,0.877582561891428));
#14495=CARTESIAN_POINT('Origin',(-1.79449946085667,0.479425538602857,0.877582561891428));
#14496=CARTESIAN_POINT('Origin',(-0.127832794189167,0.479425538602857,3.37758256189143));
#14497=CARTESIAN_POINT('',(-0.127832794189167,-0.719138307904286,-1.31637384283714));
#14498=CARTESIAN_POINT('Origin',(-0.127832794189167,0.479425538602857,0.877582561891428));
#14499=CARTESIAN_POINT('Origin',(-2.62783279419,0.479425538602857,3.37758256189143));
#14500=CARTESIAN_POINT('',(-2.62783279419,-0.719138307907651,-1.3163738428345));
#14501=CARTESIAN_POINT('Origin',(-2.62783279419,0.479425538602857,0.877582561891428));
#14502=CARTESIAN_POINT('Origin',(-1.37783279419,0.479425538602857,0.877582561891428));
#14503=CARTESIAN_POINT('',(-0.627832794189167,-0.719138307904286,-1.31637384283714));
#14504=CARTESIAN_POINT('',(-1.37783279419,-0.719138307907651,-1.3163738428345));
#14505=CARTESIAN_POINT('',(-0.627832794188397,-0.82131451942983,3.01254750338924));
#14506=CARTESIAN_POINT('Origin',(-0.627832794189167,0.479425538602857,0.877582561891428));
#14507=CARTESIAN_POINT('Origin',(-0.627832794189167,0.479425538602857,0.877582561891428));
#14508=CARTESIAN_POINT('Origin',(-2.71116612752259,0.479425538602852,0.877582561891431));
#14509=CARTESIAN_POINT('',(-2.71116612752258,0.107785522021953,1.48757254517673));
#14510=CARTESIAN_POINT('Origin',(-1.37783279419,0.479425538602857,0.877582561891428));
#14511=CARTESIAN_POINT('',(-2.12783279419112,-0.821314519429616,3.01254750338888));
#14512=CARTESIAN_POINT('',(-2.12783279419,-0.719138307907651,-1.3163738428345));
#14513=CARTESIAN_POINT('Origin',(-2.12783279419,0.479425538602857,0.877582561891428));
#14514=CARTESIAN_POINT('',(-1.37783279419,-0.719138307907651,-1.3163738428345));
#14515=CARTESIAN_POINT('Origin',(-2.12783279419,0.479425538602857,0.877582561891428));
#14516=CARTESIAN_POINT('Origin',(-0.0444994608574138,0.479425538602852,
0.877582561891431));
#14517=CARTESIAN_POINT('',(-0.0444994608574165,0.107785522021953,1.48757254517673));
#14518=CARTESIAN_POINT('',(0.,0.,0.));
#14519=CARTESIAN_POINT('Origin',(0.,0.,-10.));
#14520=CARTESIAN_POINT('',(-1.,-1.22464679914735E-16,-10.));
#14521=CARTESIAN_POINT('Origin',(0.,0.,-10.));
#14522=CARTESIAN_POINT('Origin',(0.,0.,0.));
#14523=CARTESIAN_POINT('',(-1.895,-2.32070568438423E-16,1.38777878078145E-16));
#14524=CARTESIAN_POINT('Origin',(0.,0.,0.));
#14525=CARTESIAN_POINT('',(-1.,-1.22464679914735E-16,0.));
#14526=CARTESIAN_POINT('Origin',(0.,0.,0.));
#14527=CARTESIAN_POINT('Origin',(0.,0.,0.98));
#14528=CARTESIAN_POINT('',(-1.895,-2.32070568438423E-16,1.96));
#14529=CARTESIAN_POINT('Origin',(0.,0.,1.96));
#14530=CARTESIAN_POINT('',(-1.895,-2.32070568438423E-16,0.98));
#14531=CARTESIAN_POINT('Origin',(0.,0.,-6.));
#14532=CARTESIAN_POINT('',(-1.,-1.22464679914735E-16,-6.));
#14533=CARTESIAN_POINT('Origin',(0.,0.,1.96));
#14534=CARTESIAN_POINT('',(-1.03923048454,-0.6,1.96));
#14535=CARTESIAN_POINT('',(-8.881784197E-16,-1.2,1.96));
#14536=CARTESIAN_POINT('',(-0.519615242271,-0.9,1.96));
#14537=CARTESIAN_POINT('',(-1.03923048454,0.6,1.96));
#14538=CARTESIAN_POINT('',(-1.03923048454,0.,1.96));
#14539=CARTESIAN_POINT('',(0.,1.2,1.96));
#14540=CARTESIAN_POINT('',(-0.519615242271,0.9,1.96));
#14541=CARTESIAN_POINT('',(1.03923048454,0.6,1.96));
#14542=CARTESIAN_POINT('',(0.519615242271,0.9,1.96));
#14543=CARTESIAN_POINT('',(1.03923048454,-0.6,1.96));
#14544=CARTESIAN_POINT('',(1.03923048454,-2.6645352591E-15,1.96));
#14545=CARTESIAN_POINT('',(0.519615242271,-0.9,1.96));
#14546=CARTESIAN_POINT('Origin',(1.03923048454,-0.6,1.96));
#14547=CARTESIAN_POINT('',(1.03923048454,-0.6,0.46));
#14548=CARTESIAN_POINT('',(1.03923048454,-0.6,1.21));
#14549=CARTESIAN_POINT('',(1.03923048454,0.6,0.46));
#14550=CARTESIAN_POINT('',(1.03923048454,0.6,1.21));
#14551=CARTESIAN_POINT('',(1.03923048454,-2.6645352591E-15,0.46));
#14552=CARTESIAN_POINT('Origin',(-8.881784197E-16,-1.2,1.96));
#14553=CARTESIAN_POINT('',(-8.881784197E-16,-1.2,0.46));
#14554=CARTESIAN_POINT('',(-8.881784197E-16,-1.2,1.21));
#14555=CARTESIAN_POINT('',(0.519615242271,-0.9,0.46));
#14556=CARTESIAN_POINT('Origin',(1.03923048454,0.6,1.96));
#14557=CARTESIAN_POINT('',(8.881784197E-16,1.2,0.46));
#14558=CARTESIAN_POINT('',(4.4408920985E-16,1.2,1.21));
#14559=CARTESIAN_POINT('',(0.519615242271,0.9,0.46));
#14560=CARTESIAN_POINT('Origin',(0.,0.,0.46));
#14561=CARTESIAN_POINT('',(-1.03923048454,0.6,0.46));
#14562=CARTESIAN_POINT('',(-0.519615242271,0.9,0.46));
#14563=CARTESIAN_POINT('',(-1.03923048454,-0.6,0.46));
#14564=CARTESIAN_POINT('',(-1.03923048454,0.,0.46));
#14565=CARTESIAN_POINT('',(-0.519615242271,-0.9,0.46));
#14566=CARTESIAN_POINT('Origin',(-1.03923048454,-0.6,1.96));
#14567=CARTESIAN_POINT('',(-1.03923048454,-0.6,1.21));
#14568=CARTESIAN_POINT('Origin',(0.,1.2,1.96));
#14569=CARTESIAN_POINT('',(-1.03923048454,0.6,1.21));
#14570=CARTESIAN_POINT('Origin',(-1.03923048454,0.6,1.96));
#14571=CARTESIAN_POINT('',(0.,0.,0.));
#14572=CARTESIAN_POINT('Origin',(0.,0.,-5.));
#14573=CARTESIAN_POINT('',(-1.,-1.22464679914735E-16,-5.));
#14574=CARTESIAN_POINT('Origin',(0.,0.,-5.));
#14575=CARTESIAN_POINT('Origin',(0.,0.,0.));
#14576=CARTESIAN_POINT('',(-1.895,-2.32070568438423E-16,1.38777878078145E-16));
#14577=CARTESIAN_POINT('Origin',(0.,0.,0.));
#14578=CARTESIAN_POINT('',(-1.,-1.22464679914735E-16,0.));
#14579=CARTESIAN_POINT('Origin',(0.,0.,0.));
#14580=CARTESIAN_POINT('Origin',(0.,0.,0.98));
#14581=CARTESIAN_POINT('',(-1.895,-2.32070568438423E-16,1.96));
#14582=CARTESIAN_POINT('Origin',(0.,0.,1.96));
#14583=CARTESIAN_POINT('',(-1.895,-2.32070568438423E-16,0.98));
#14584=CARTESIAN_POINT('Origin',(0.,0.,-6.));
#14585=CARTESIAN_POINT('',(-1.,-1.22464679914735E-16,-6.));
#14586=CARTESIAN_POINT('Origin',(0.,0.,1.96));
#14587=CARTESIAN_POINT('',(-1.03923048454,-0.6,1.96));
#14588=CARTESIAN_POINT('',(-8.881784197E-16,-1.2,1.96));
#14589=CARTESIAN_POINT('',(-0.519615242271,-0.9,1.96));
#14590=CARTESIAN_POINT('',(-1.03923048454,0.6,1.96));
#14591=CARTESIAN_POINT('',(-1.03923048454,0.,1.96));
#14592=CARTESIAN_POINT('',(0.,1.2,1.96));
#14593=CARTESIAN_POINT('',(-0.519615242271,0.9,1.96));
#14594=CARTESIAN_POINT('',(1.03923048454,0.6,1.96));
#14595=CARTESIAN_POINT('',(0.519615242271,0.9,1.96));
#14596=CARTESIAN_POINT('',(1.03923048454,-0.6,1.96));
#14597=CARTESIAN_POINT('',(1.03923048454,-2.6645352591E-15,1.96));
#14598=CARTESIAN_POINT('',(0.519615242271,-0.9,1.96));
#14599=CARTESIAN_POINT('Origin',(1.03923048454,-0.6,1.96));
#14600=CARTESIAN_POINT('',(1.03923048454,-0.6,0.46));
#14601=CARTESIAN_POINT('',(1.03923048454,-0.6,1.21));
#14602=CARTESIAN_POINT('',(1.03923048454,0.6,0.46));
#14603=CARTESIAN_POINT('',(1.03923048454,0.6,1.21));
#14604=CARTESIAN_POINT('',(1.03923048454,-2.6645352591E-15,0.46));
#14605=CARTESIAN_POINT('Origin',(-8.881784197E-16,-1.2,1.96));
#14606=CARTESIAN_POINT('',(-8.881784197E-16,-1.2,0.46));
#14607=CARTESIAN_POINT('',(-8.881784197E-16,-1.2,1.21));
#14608=CARTESIAN_POINT('',(0.519615242271,-0.9,0.46));
#14609=CARTESIAN_POINT('Origin',(1.03923048454,0.6,1.96));
#14610=CARTESIAN_POINT('',(8.881784197E-16,1.2,0.46));
#14611=CARTESIAN_POINT('',(4.4408920985E-16,1.2,1.21));
#14612=CARTESIAN_POINT('',(0.519615242271,0.9,0.46));
#14613=CARTESIAN_POINT('Origin',(0.,0.,0.46));
#14614=CARTESIAN_POINT('',(-1.03923048454,0.6,0.46));
#14615=CARTESIAN_POINT('',(-0.519615242271,0.9,0.46));
#14616=CARTESIAN_POINT('',(-1.03923048454,-0.6,0.46));
#14617=CARTESIAN_POINT('',(-1.03923048454,0.,0.46));
#14618=CARTESIAN_POINT('',(-0.519615242271,-0.9,0.46));
#14619=CARTESIAN_POINT('Origin',(-1.03923048454,-0.6,1.96));
#14620=CARTESIAN_POINT('',(-1.03923048454,-0.6,1.21));
#14621=CARTESIAN_POINT('Origin',(0.,1.2,1.96));
#14622=CARTESIAN_POINT('',(-1.03923048454,0.6,1.21));
#14623=CARTESIAN_POINT('Origin',(-1.03923048454,0.6,1.96));
#14624=CARTESIAN_POINT('',(0.,0.,0.));
#14625=CARTESIAN_POINT('Origin',(-4.71857142855917,13.5649508545431,-2.41666666665));
#14626=CARTESIAN_POINT('',(-5.76857142855917,13.5649508545446,-2.41666666665));
#14627=CARTESIAN_POINT('Origin',(-4.71857142855917,13.5649508545431,-2.41666666665));
#14628=CARTESIAN_POINT('',(-5.76857142855631,15.5649508545446,-2.41666666665));
#14629=CARTESIAN_POINT('',(-5.76857142855917,13.5649508545446,-2.41666666665));
#14630=CARTESIAN_POINT('Origin',(-4.71857142855631,15.5649508545431,-2.41666666665));
#14631=CARTESIAN_POINT('Origin',(-4.71857142855917,14.3649508545346,-2.41666666665));
#14632=CARTESIAN_POINT('',(-5.96857142855917,13.5649508545449,-2.41666666665));
#14633=CARTESIAN_POINT('Origin',(-4.71857142855917,13.5649508545431,-2.41666666665));
#14634=CARTESIAN_POINT('',(-6.71857142856006,14.3649508545355,-2.41666666665));
#14635=CARTESIAN_POINT('',(-6.71857142855917,14.3649508545346,-2.41666666665));
#14636=CARTESIAN_POINT('Origin',(-4.71857142855917,14.3649508545364,-2.41666666665));
#14637=CARTESIAN_POINT('Origin',(-4.71857142855917,13.5649508545431,-2.41666666665));
#14638=CARTESIAN_POINT('',(-7.46857142855917,13.5649508545471,-2.41666666665));
#14639=CARTESIAN_POINT('Origin',(-4.71857142855917,13.5649508545431,-2.41666666665));
#14640=CARTESIAN_POINT('',(-7.46857142855803,14.3649508545403,-2.41666666665));
#14641=CARTESIAN_POINT('',(-7.46857142855917,13.5649508545471,-2.41666666665));
#14642=CARTESIAN_POINT('Origin',(-4.71857142855803,14.3649508545364,-2.41666666665));
#14643=CARTESIAN_POINT('Origin',(-4.71857142855803,14.3649508545364,-2.41666666665));
#14644=CARTESIAN_POINT('Origin',(-1.41857142855917,13.5649508545384,0.));
#14645=CARTESIAN_POINT('',(1.28129082685867,13.5649508545345,-6.89393939393939));
#14646=CARTESIAN_POINT('',(2.58142857144083,13.5649508545327,-6.89393939393939));
#14647=CARTESIAN_POINT('',(5.66232142858169,13.5649508545283,-6.89393939393939));
#14648=CARTESIAN_POINT('',(-1.41857142858156,13.5649508545384,-10.1666666666631));
#14649=CARTESIAN_POINT('Origin',(-1.41857142858156,13.5649508545384,-7.41666666666314));
#14650=CARTESIAN_POINT('',(-0.41857142855897,13.564950854537,-4.85492897518205));
#14651=CARTESIAN_POINT('Origin',(-1.41857142858156,13.5649508545384,-7.41666666666314));
#14652=CARTESIAN_POINT('',(-0.418571428559173,13.564950854537,4.8549289751813));
#14653=CARTESIAN_POINT('',(-0.418571428559171,13.564950854537,2.08333333333333));
#14654=CARTESIAN_POINT('',(-1.41857142857982,13.5649508545384,4.66666666666314));
#14655=CARTESIAN_POINT('Origin',(-1.41857142857982,13.5649508545384,7.41666666666314));
#14656=CARTESIAN_POINT('',(1.28129082686041,13.5649508545345,6.89393939393939));
#14657=CARTESIAN_POINT('Origin',(-1.41857142857982,13.5649508545384,7.41666666666314));
#14658=CARTESIAN_POINT('',(2.58142857144083,13.5649508545327,6.89393939393939));
#14659=CARTESIAN_POINT('',(5.66232142858169,13.5649508545283,6.89393939393939));
#14660=CARTESIAN_POINT('',(2.58142857144083,13.5649508545327,7.25));
#14661=CARTESIAN_POINT('',(2.58142857144083,13.5649508545327,10.25));
#14662=CARTESIAN_POINT('',(-0.418571428559172,13.564950854537,10.25));
#14663=CARTESIAN_POINT('Origin',(-0.418571428559172,13.564950854537,7.25));
#14664=CARTESIAN_POINT('',(-4.91857142855917,13.5649508545434,10.25));
#14665=CARTESIAN_POINT('',(-2.41857142855917,13.5649508545398,10.25));
#14666=CARTESIAN_POINT('',(-7.91857142855917,13.5649508545477,7.25000000000001));
#14667=CARTESIAN_POINT('Origin',(-4.91857142855917,13.5649508545434,7.25000000000001));
#14668=CARTESIAN_POINT('',(-7.91857142855917,13.5649508545477,-7.25));
#14669=CARTESIAN_POINT('',(-7.91857142855917,13.5649508545477,10.25));
#14670=CARTESIAN_POINT('',(-4.91857142855917,13.5649508545434,-10.25));
#14671=CARTESIAN_POINT('Origin',(-4.91857142855917,13.5649508545434,-7.25));
#14672=CARTESIAN_POINT('',(-0.41857142855917,13.564950854537,-10.25));
#14673=CARTESIAN_POINT('',(2.58142857144083,13.5649508545327,-10.25));
#14674=CARTESIAN_POINT('',(2.58142857144083,13.5649508545327,-7.25));
#14675=CARTESIAN_POINT('Origin',(-0.41857142855917,13.564950854537,-7.25));
#14676=CARTESIAN_POINT('',(2.58142857144083,13.5649508545327,10.25));
#14677=CARTESIAN_POINT('Origin',(-4.91857142855917,13.5649508545434,7.25000000000001));
#14678=CARTESIAN_POINT('',(-4.91857142855631,15.5649508545434,10.25));
#14679=CARTESIAN_POINT('',(-4.91857142855917,13.5649508545434,10.25));
#14680=CARTESIAN_POINT('',(-7.91857142855631,15.5649508545477,7.25000000000001));
#14681=CARTESIAN_POINT('Origin',(-4.91857142855631,15.5649508545434,7.25000000000001));
#14682=CARTESIAN_POINT('',(-7.91857142855917,13.5649508545477,7.25000000000001));
#14683=CARTESIAN_POINT('Origin',(-7.91857142855917,13.5649508545477,-7.25));
#14684=CARTESIAN_POINT('',(-7.91857142855631,15.5649508545477,-7.25));
#14685=CARTESIAN_POINT('',(-7.91857142855631,15.5649508545477,10.25));
#14686=CARTESIAN_POINT('',(-7.91857142855917,13.5649508545477,-7.25));
#14687=CARTESIAN_POINT('Origin',(-4.91857142855917,13.5649508545434,-7.25));
#14688=CARTESIAN_POINT('',(-4.91857142855631,15.5649508545434,-10.25));
#14689=CARTESIAN_POINT('Origin',(-4.91857142855631,15.5649508545434,-7.25));
#14690=CARTESIAN_POINT('',(-4.91857142855917,13.5649508545434,-10.25));
#14691=CARTESIAN_POINT('Origin',(14.8663034660614,9.28551276548697,-2.05));
#14692=CARTESIAN_POINT('',(15.4221582453752,7.78571428569779,-0.0500000000000003));
#14693=CARTESIAN_POINT('',(13.9524070282823,10.5982059195327,-0.0500000000000003));
#14694=CARTESIAN_POINT('Origin',(14.8663034660614,9.28551276548697,-0.0500000000000003));
#14695=CARTESIAN_POINT('',(15.4221582453752,7.78571428569779,-2.05));
#14696=CARTESIAN_POINT('',(15.4221582454197,7.78571428571428,-2.05));
#14697=CARTESIAN_POINT('',(13.9524070282823,10.5982059195327,-2.05));
#14698=CARTESIAN_POINT('Origin',(14.8663034660614,9.28551276548697,-2.05));
#14699=CARTESIAN_POINT('',(13.9524070282823,10.5982059195327,-2.05));
#14700=CARTESIAN_POINT('Origin',(9.75969456558043,15.6179958626526,-4.16666666666667));
#14701=CARTESIAN_POINT('',(9.75034129945518,15.5649508545225,4.16666666666667));
#14702=CARTESIAN_POINT('',(9.75034129945517,15.5649508545224,-4.16666666666667));
#14703=CARTESIAN_POINT('',(9.75034129945517,15.5649508545224,-2.08333333333333));
#14704=CARTESIAN_POINT('',(9.52165314162401,14.2679958626527,4.16666666666667));
#14705=CARTESIAN_POINT('',(9.13513521539065,12.075943774649,4.16666666666667));
#14706=CARTESIAN_POINT('',(9.52165314162401,14.2679958626527,-4.16666666666667));
#14707=CARTESIAN_POINT('',(9.52165314162401,14.2679958626527,-4.16666666666667));
#14708=CARTESIAN_POINT('',(9.13513521539065,12.075943774649,-4.16666666666667));
#14709=CARTESIAN_POINT('Origin',(9.52165314162401,14.2679958626527,-4.16666666666667));
#14710=CARTESIAN_POINT('',(11.5392858396946,14.2679958626527,4.16666666666667));
#14711=CARTESIAN_POINT('',(11.1324337136692,14.2679958626527,4.16666666666667));
#14712=CARTESIAN_POINT('',(11.5392858396946,14.2679958626527,-4.16666666666667));
#14713=CARTESIAN_POINT('',(11.5392858396946,14.2679958626527,-4.16666666666667));
#14714=CARTESIAN_POINT('',(11.1324337136692,14.2679958626527,-4.16666666666667));
#14715=CARTESIAN_POINT('Origin',(11.5392858396946,14.2679958626527,-4.16666666666667));
#14716=CARTESIAN_POINT('',(11.3105976818639,15.5649508545202,-4.16666666666667));
#14717=CARTESIAN_POINT('',(11.3105976818639,15.5649508545202,4.16666666666667));
#14718=CARTESIAN_POINT('',(11.3105976818639,15.5649508545202,-2.08333333333333));
#14719=CARTESIAN_POINT('',(12.1115468976359,11.0225421286751,-4.16666666666667));
#14720=CARTESIAN_POINT('',(12.1115468976359,11.0225421286751,4.16666666666667));
#14721=CARTESIAN_POINT('Origin',(12.7432142857143,7.78756333352555,4.16666666666667));
#14722=CARTESIAN_POINT('',(2.58142857144369,15.5649508545327,4.16666666666667));
#14723=CARTESIAN_POINT('',(2.58142857144369,15.5649508545327,4.16666666666667));
#14724=CARTESIAN_POINT('',(2.58142857143693,10.83767812726,4.16666666666667));
#14725=CARTESIAN_POINT('',(2.58142857144369,15.5649508545327,4.16666666666667));
#14726=CARTESIAN_POINT('',(2.56900615782874,10.83767812726,4.16666666666667));
#14727=CARTESIAN_POINT('',(5.66232142857779,10.8376781272555,4.16666666666667));
#14728=CARTESIAN_POINT('',(2.58142857143654,10.5649508545327,4.16666666666667));
#14729=CARTESIAN_POINT('Origin',(-0.418571428563465,10.564950854537,4.16666666666667));
#14730=CARTESIAN_POINT('',(2.58142857142142,0.,4.16666666666667));
#14731=CARTESIAN_POINT('',(2.58142857144369,15.5649508545327,4.16666666666667));
#14732=CARTESIAN_POINT('',(4.97147469260545,0.,4.16666666666667));
#14733=CARTESIAN_POINT('',(2.82809709575183,0.,4.16666666666667));
#14734=CARTESIAN_POINT('',(4.74224961768444,1.3,4.16666666666667));
#14735=CARTESIAN_POINT('',(4.42277212243161,3.11184691060439,4.16666666666667));
#14736=CARTESIAN_POINT('',(6.86142497694386,1.3,4.16666666666667));
#14737=CARTESIAN_POINT('',(8.74273195169937,1.3,4.16666666666667));
#14738=CARTESIAN_POINT('',(6.63219990202286,5.63785129692462E-17,4.16666666666667));
#14739=CARTESIAN_POINT('',(7.5048231368109,4.94889228682945,4.16666666666667));
#14740=CARTESIAN_POINT('',(14.5306572408343,6.07153216591882E-17,4.16666666666667));
#14741=CARTESIAN_POINT('',(2.82809709575183,0.,4.16666666666667));
#14742=CARTESIAN_POINT('',(14.3014321659133,1.3,4.16666666666667));
#14743=CARTESIAN_POINT('',(13.8378323589323,3.92920515690976,4.16666666666667));
#14744=CARTESIAN_POINT('',(16.4206075251727,1.3,4.16666666666667));
#14745=CARTESIAN_POINT('',(13.5223232258138,1.3,4.16666666666667));
#14746=CARTESIAN_POINT('',(16.1913824502517,0.,4.16666666666667));
#14747=CARTESIAN_POINT('',(16.9198833733116,4.13153404052408,4.16666666666667));
#14748=CARTESIAN_POINT('',(19.8671428571429,0.,4.16666666666667));
#14749=CARTESIAN_POINT('',(2.82809709575183,0.,4.16666666666667));
#14750=CARTESIAN_POINT('',(19.8671428571429,0.856030203285714,4.16666666666667));
#14751=CARTESIAN_POINT('',(19.8671428571429,0.,4.16666666666667));
#14752=CARTESIAN_POINT('',(20.6448767574248,1.70948676054055,4.16666666666667));
#14753=CARTESIAN_POINT('Origin',(20.7242857142857,0.856030203285716,4.16666666666667));
#14754=CARTESIAN_POINT('',(21.905,1.78571428571429,4.16666666666667));
#14755=CARTESIAN_POINT('Ctrl Pts',(20.6448767574286,1.7094867605,4.16666666666667));
#14756=CARTESIAN_POINT('Ctrl Pts',(20.8921506486429,1.7324940965,4.16666666666667));
#14757=CARTESIAN_POINT('Ctrl Pts',(21.1417999185,1.751620517,4.16666666666667));
#14758=CARTESIAN_POINT('Ctrl Pts',(21.393824567,1.76686602207143,4.16666666666667));
#14759=CARTESIAN_POINT('Ctrl Pts',(21.6482245941429,1.77823061164286,4.16666666666667));
#14760=CARTESIAN_POINT('Ctrl Pts',(21.905,1.78571428571429,4.16666666666667));
#14761=CARTESIAN_POINT('',(22.0828571428575,3.19178820340134,4.16666666666667));
#14762=CARTESIAN_POINT('Origin',(21.905,2.5,4.16666666666667));
#14763=CARTESIAN_POINT('',(21.01,4.57536461020714,4.16666666666667));
#14764=CARTESIAN_POINT('Origin',(22.4385714285714,4.57536461020714,4.16666666666667));
#14765=CARTESIAN_POINT('',(21.01,7.14285714285714,4.16666666666667));
#14766=CARTESIAN_POINT('',(21.01,4.57536461020714,4.16666666666667));
#14767=CARTESIAN_POINT('',(20.6924121729285,7.14285714261954,4.16666666666667));
#14768=CARTESIAN_POINT('',(21.01,7.14285714285714,4.16666666666667));
#14769=CARTESIAN_POINT('',(20.2657671373693,7.78571428572058,4.16666666666667));
#14770=CARTESIAN_POINT('Origin',(23.4373962907199,9.42762517026861,4.16666666666667));
#14771=CARTESIAN_POINT('',(20.156887735199,8.01575889970769,4.16666666666667));
#14772=CARTESIAN_POINT('Origin',(23.4373914226782,9.42762266978389,4.16666666666667));
#14773=CARTESIAN_POINT('',(21.0879966893549,8.57454942715431,4.16666666666667));
#14774=CARTESIAN_POINT('Origin',(22.4388687277432,5.26845661842986,4.16666666666667));
#14775=CARTESIAN_POINT('',(21.113701252763,8.58520609853765,4.16666666666667));
#14776=CARTESIAN_POINT('Ctrl Pts',(21.0879966893549,8.57454942715431,4.16666666666667));
#14777=CARTESIAN_POINT('Ctrl Pts',(21.0965827669734,8.57805829314685,4.16666666666667));
#14778=CARTESIAN_POINT('Ctrl Pts',(21.1051511008418,8.58161057749763,4.16666666666667));
#14779=CARTESIAN_POINT('Ctrl Pts',(21.113701252763,8.58520609853765,4.16666666666667));
#14780=CARTESIAN_POINT('',(21.1463794259147,9.00042111253899,4.16666666666667));
#14781=CARTESIAN_POINT('Origin',(14.8662823116142,9.285782011981,4.16666666666667));
#14782=CARTESIAN_POINT('',(21.1226581938571,9.01496732591285,4.16666666666667));
#14783=CARTESIAN_POINT('Ctrl Pts',(21.1463792679226,9.00042085810097,4.16666666666667));
#14784=CARTESIAN_POINT('Ctrl Pts',(21.1384969914026,9.00530988477919,4.16666666666667));
#14785=CARTESIAN_POINT('Ctrl Pts',(21.1305898466613,9.01015881795287,4.16666666666667));
#14786=CARTESIAN_POINT('Ctrl Pts',(21.1226582428462,9.01496740671855,4.16666666666667));
#14787=CARTESIAN_POINT('',(20.2904269892553,9.71253600355377,4.16666666666667));
#14788=CARTESIAN_POINT('Origin',(22.9740858004551,12.0690339919991,4.16666666666667));
#14789=CARTESIAN_POINT('',(21.0032882637897,10.5317060964177,4.16666666666667));
#14790=CARTESIAN_POINT('Origin',(23.3096829755937,7.80486717470685,4.16666666666667));
#14791=CARTESIAN_POINT('',(21.0244418582903,10.5497841101933,4.16666666666667));
#14792=CARTESIAN_POINT('Ctrl Pts',(21.0032884583118,10.5317058664639,4.16666666666667));
#14793=CARTESIAN_POINT('Ctrl Pts',(21.0103700041298,10.5376962402815,4.16666666666667));
#14794=CARTESIAN_POINT('Ctrl Pts',(21.0174212576595,10.5437224242537,4.16666666666667));
#14795=CARTESIAN_POINT('Ctrl Pts',(21.0244418582903,10.5497841101933,4.16666666666667));
#14796=CARTESIAN_POINT('',(20.9272121520714,10.9547751660714,4.16666666666667));
#14797=CARTESIAN_POINT('Origin',(14.866303466064,9.28551276548761,4.16666666666667));
#14798=CARTESIAN_POINT('',(20.9001568926429,10.96127917295,4.16666666666667));
#14799=CARTESIAN_POINT('Ctrl Pts',(20.9272121520714,10.9547751660714,4.16666666666667));
#14800=CARTESIAN_POINT('Ctrl Pts',(20.9218077290714,10.9561032392714,4.16666666666667));
#14801=CARTESIAN_POINT('Ctrl Pts',(20.9163999962143,10.9574178438571,4.16666666666667));
#14802=CARTESIAN_POINT('Ctrl Pts',(20.9109888403571,10.9587188252286,4.16666666666667));
#14803=CARTESIAN_POINT('Ctrl Pts',(20.905574509,10.9600059880857,4.16666666666667));
#14804=CARTESIAN_POINT('Ctrl Pts',(20.9001568926429,10.96127917295,4.16666666666667));
#14805=CARTESIAN_POINT('',(19.8930974063591,11.3675328240675,4.16666666666667));
#14806=CARTESIAN_POINT('Origin',(21.717210680981,14.4379917721969,4.16666666666667));
#14807=CARTESIAN_POINT('',(20.3179315427764,12.3668959685599,4.16666666666667));
#14808=CARTESIAN_POINT('Origin',(23.3540825753933,10.4862333628655,4.16666666666667));
#14809=CARTESIAN_POINT('',(20.332463137106,12.3906261601481,4.16666666666667));
#14810=CARTESIAN_POINT('Ctrl Pts',(20.3179315427764,12.3668959685599,4.16666666666667));
#14811=CARTESIAN_POINT('Ctrl Pts',(20.322815365782,12.3747814706018,4.16666666666667));
#14812=CARTESIAN_POINT('Ctrl Pts',(20.327659313134,12.3826916693108,4.16666666666667));
#14813=CARTESIAN_POINT('Ctrl Pts',(20.332463137106,12.3906261601481,4.16666666666667));
#14814=CARTESIAN_POINT('',(20.1148431102961,12.7457497715009,4.16666666666667));
#14815=CARTESIAN_POINT('Origin',(14.8664068114641,9.28526323531928,4.16666666666667));
#14816=CARTESIAN_POINT('',(20.0871021432173,12.7435750544645,4.16666666666667));
#14817=CARTESIAN_POINT('Ctrl Pts',(20.1148430944771,12.7457496123097,4.16666666666667));
#14818=CARTESIAN_POINT('Ctrl Pts',(20.1055925010494,12.7450718320884,4.16666666666667));
#14819=CARTESIAN_POINT('Ctrl Pts',(20.096345355179,12.7443469983623,4.16666666666667));
#14820=CARTESIAN_POINT('Ctrl Pts',(20.0871021353508,12.7435751486372,4.16666666666667));
#14821=CARTESIAN_POINT('',(19.0037923742148,12.8187467410165,4.16666666666667));
#14822=CARTESIAN_POINT('Origin',(19.789803195033,16.3026087335962,4.16666666666667));
#14823=CARTESIAN_POINT('',(19.0990131602886,13.9004786113973,4.16666666666667));
#14824=CARTESIAN_POINT('Origin',(22.5677213814574,13.0500843802662,4.16666666666667));
#14825=CARTESIAN_POINT('',(19.1055008784286,13.9275377813571,4.16666666666667));
#14826=CARTESIAN_POINT('Ctrl Pts',(19.0990131602857,13.9004786113857,4.16666666666667));
#14827=CARTESIAN_POINT('Ctrl Pts',(19.1003382906429,13.9058837567357,4.16666666666667));
#14828=CARTESIAN_POINT('Ctrl Pts',(19.1016494751429,13.9112923210214,4.16666666666667));
#14829=CARTESIAN_POINT('Ctrl Pts',(19.1029469055714,13.9167043293429,4.16666666666667));
#14830=CARTESIAN_POINT('Ctrl Pts',(19.1042306436429,13.9221194725643,4.16666666666667));
#14831=CARTESIAN_POINT('Ctrl Pts',(19.1055008784286,13.9275377813571,4.16666666666667));
#14832=CARTESIAN_POINT('',(18.7887926464367,14.1980319844184,4.16666666666667));
#14833=CARTESIAN_POINT('Origin',(14.8665822042183,9.28505784659347,4.16666666666667));
#14834=CARTESIAN_POINT('',(18.7630813726372,14.1873915187484,4.16666666666667));
#14835=CARTESIAN_POINT('Ctrl Pts',(18.7887926464367,14.1980319844184,4.16666666666667));
#14836=CARTESIAN_POINT('Ctrl Pts',(18.7802042548589,14.1945287865357,4.16666666666667));
#14837=CARTESIAN_POINT('Ctrl Pts',(18.7716336824337,14.190981903469,4.16666666666667));
#14838=CARTESIAN_POINT('Ctrl Pts',(18.7630813726372,14.1873915187484,4.16666666666667));
#14839=CARTESIAN_POINT('',(17.7095632659706,13.9241228252973,4.16666666666667));
#14840=CARTESIAN_POINT('Origin',(17.3805314169865,17.4803631758684,4.16666666666667));
#14841=CARTESIAN_POINT('',(17.4658500834286,14.9823358104714,4.16666666666667));
#14842=CARTESIAN_POINT('Origin',(21.0275708319424,15.2454516995128,4.16666666666667));
#14843=CARTESIAN_POINT('',(17.4636585266429,15.0100754255786,4.16666666666667));
#14844=CARTESIAN_POINT('Ctrl Pts',(17.4658500834286,14.9823358104714,4.16666666666667));
#14845=CARTESIAN_POINT('Ctrl Pts',(17.4654400755,14.9878858969714,4.16666666666667));
#14846=CARTESIAN_POINT('Ctrl Pts',(17.4650157477857,14.9934349255714,4.16666666666667));
#14847=CARTESIAN_POINT('Ctrl Pts',(17.4645772748571,14.9989829794143,4.16666666666667));
#14848=CARTESIAN_POINT('Ctrl Pts',(17.4641248110714,15.0045297835429,4.16666666666667));
#14849=CARTESIAN_POINT('Ctrl Pts',(17.4636585266429,15.0100754255786,4.16666666666667));
#14850=CARTESIAN_POINT('',(17.0788635997143,15.16946270305,4.16666666666667));
#14851=CARTESIAN_POINT('Origin',(14.8668125039617,9.28491674281551,4.16666666666667));
#14852=CARTESIAN_POINT('',(17.0576990651429,15.1513974977286,4.16666666666667));
#14853=CARTESIAN_POINT('Ctrl Pts',(17.0788635997143,15.16946270305,4.16666666666667));
#14854=CARTESIAN_POINT('Ctrl Pts',(17.0746125257857,15.1658710548214,4.16666666666667));
#14855=CARTESIAN_POINT('Ctrl Pts',(17.0703704027143,15.1622688122571,4.16666666666667));
#14856=CARTESIAN_POINT('Ctrl Pts',(17.0661372890714,15.1586557928857,4.16666666666667));
#14857=CARTESIAN_POINT('Ctrl Pts',(17.0619134883571,15.1550320821429,4.16666666666667));
#14858=CARTESIAN_POINT('Ctrl Pts',(17.0576990651429,15.1513974977286,4.16666666666667));
#14859=CARTESIAN_POINT('',(16.1370982431462,14.5754591637708,4.16666666666667));
#14860=CARTESIAN_POINT('Origin',(14.7252316546263,17.8559682904148,4.16666666666667));
#14861=CARTESIAN_POINT('',(15.5783074369266,15.5065680040263,4.16666666666667));
#14862=CARTESIAN_POINT('Origin',(18.8844005256914,16.857440157009,4.16666666666667));
#14863=CARTESIAN_POINT('',(15.5676511301429,15.53227271745,4.16666666666667));
#14864=CARTESIAN_POINT('Ctrl Pts',(15.5783074369286,15.5065680040214,4.16666666666667));
#14865=CARTESIAN_POINT('Ctrl Pts',(15.5762024252143,15.5117197505357,4.16666666666667));
#14866=CARTESIAN_POINT('Ctrl Pts',(15.5740841214286,15.5168660658714,4.16666666666667));
#14867=CARTESIAN_POINT('Ctrl Pts',(15.571952666,15.5220070830571,4.16666666666667));
#14868=CARTESIAN_POINT('Ctrl Pts',(15.5698082905714,15.5271425882643,4.16666666666667));
#14869=CARTESIAN_POINT('Ctrl Pts',(15.5676511301429,15.53227271745,4.16666666666667));
#14870=CARTESIAN_POINT('',(15.1524360303053,15.5649508545147,4.16666666666667));
#14871=CARTESIAN_POINT('Origin',(14.8670751263786,9.28485368450373,4.16666666666667));
#14872=CARTESIAN_POINT('',(2.58142857144369,15.5649508545327,4.16666666666667));
#14873=CARTESIAN_POINT('',(11.4814285714286,5.,4.16666666666667));
#14874=CARTESIAN_POINT('Origin',(10.5814285714286,5.,4.16666666666667));
#14875=CARTESIAN_POINT('',(15.7662823116142,9.285782011981,4.16666666666667));
#14876=CARTESIAN_POINT('Origin',(14.8662823116142,9.285782011981,4.16666666666667));
#14877=CARTESIAN_POINT('',(7.19616534045032,9.28497823137281,4.16666666666667));
#14878=CARTESIAN_POINT('Origin',(6.29616534045032,9.28497823137281,4.16666666666667));
#14879=CARTESIAN_POINT('',(7.83142857142857,9.285,4.16666666666667));
#14880=CARTESIAN_POINT('Origin',(10.5814285714286,9.285,4.16666666666667));
#14881=CARTESIAN_POINT('',(3.54571428571428,5.,4.16666666666667));
#14882=CARTESIAN_POINT('Origin',(6.29571428571428,5.,4.16666666666667));
#14883=CARTESIAN_POINT('',(12.1171428571429,5.,4.16666666666667));
#14884=CARTESIAN_POINT('Origin',(14.8671428571429,5.,4.16666666666667));
#14885=CARTESIAN_POINT('Origin',(-1.41857142855631,15.5649508545384,-3.07774087558141E-31));
#14886=CARTESIAN_POINT('',(2.58142857144369,15.5649508545327,-4.16666666666667));
#14887=CARTESIAN_POINT('',(7.66232142858455,15.5649508545254,-4.16666666666667));
#14888=CARTESIAN_POINT('',(2.58142857144369,15.5649508545327,-7.25));
#14889=CARTESIAN_POINT('',(2.58142857144369,15.5649508545327,10.25));
#14890=CARTESIAN_POINT('',(-0.418571428556308,15.564950854537,-10.25));
#14891=CARTESIAN_POINT('Origin',(-0.418571428556308,15.564950854537,-7.25));
#14892=CARTESIAN_POINT('',(2.58142857144369,15.5649508545327,-10.25));
#14893=CARTESIAN_POINT('',(-0.41857142855631,15.564950854537,10.25));
#14894=CARTESIAN_POINT('',(-5.41857142855631,15.5649508545441,10.25));
#14895=CARTESIAN_POINT('',(2.58142857144369,15.5649508545327,7.25));
#14896=CARTESIAN_POINT('Origin',(-0.41857142855631,15.564950854537,7.25));
#14897=CARTESIAN_POINT('',(2.58142857144369,15.5649508545327,10.25));
#14898=CARTESIAN_POINT('',(-1.41857142857495,15.5649508545399,-6.36666666666314));
#14899=CARTESIAN_POINT('Origin',(-1.41857142857495,15.5649508545384,-7.41666666666314));
#14900=CARTESIAN_POINT('',(-1.41857142857982,15.5649508545399,8.46666666666314));
#14901=CARTESIAN_POINT('Origin',(-1.41857142857982,15.5649508545384,7.41666666666314));
#14902=CARTESIAN_POINT('Origin',(5.66232142857779,10.8376781272555,-6.89393939393939));
#14903=CARTESIAN_POINT('',(0.775104106237698,13.3172478438929,-5.75826754463802));
#14904=CARTESIAN_POINT('Ctrl Pts',(0.775104106235429,13.3172478438912,-5.75826754463449));
#14905=CARTESIAN_POINT('Ctrl Pts',(0.85309315345452,13.3644969377894,-5.86142887811308));
#14906=CARTESIAN_POINT('Ctrl Pts',(0.923239446977123,13.4060584064561,-5.96975691665256));
#14907=CARTESIAN_POINT('Ctrl Pts',(1.11319013803015,13.5129632989838,-6.31033806144423));
#14908=CARTESIAN_POINT('Ctrl Pts',(1.21982321603869,13.5628487416984,-6.58786417089847));
#14909=CARTESIAN_POINT('Ctrl Pts',(1.27876952511359,13.5649279638741,-6.88104089309303));
#14910=CARTESIAN_POINT('Ctrl Pts',(1.28004179338879,13.5649508545345,-6.88748819367286));
#14911=CARTESIAN_POINT('Ctrl Pts',(1.28129082685867,13.5649508545345,-6.89393939393939));
#14912=CARTESIAN_POINT('',(2.58142857143693,10.83767812726,-4.16666666666667));
#14913=CARTESIAN_POINT('Origin',(2.58142857143693,10.83767812726,-6.89393939393939));
#14914=CARTESIAN_POINT('',(2.56900615782874,10.83767812726,-4.16666666666667));
#14915=CARTESIAN_POINT('',(5.66232142857779,10.8376781272555,-4.16666666666667));
#14916=CARTESIAN_POINT('Ctrl Pts',(2.56900615782874,10.83767812726,-4.16666666666667));
#14917=CARTESIAN_POINT('Ctrl Pts',(2.53766316989922,11.1810233574377,-4.16666666666667));
#14918=CARTESIAN_POINT('Ctrl Pts',(2.44230267853624,11.5306407277797,-4.23521741431178));
#14919=CARTESIAN_POINT('Ctrl Pts',(2.1512496423843,12.1502509622886,-4.48019710730884));
#14920=CARTESIAN_POINT('Ctrl Pts',(1.95630737526759,12.4209683469811,-4.65568293748343));
#14921=CARTESIAN_POINT('Ctrl Pts',(1.47383178544074,12.9284287664666,-5.09904507596526));
#14922=CARTESIAN_POINT('Ctrl Pts',(1.13435766730874,13.1614390091998,-5.41808224522715));
#14923=CARTESIAN_POINT('Ctrl Pts',(0.775104106237654,13.3172478438928,-5.75826754463801));
#14924=CARTESIAN_POINT('Origin',(-1.41857142855917,13.5649508545384,0.));
#14925=CARTESIAN_POINT('Origin',(5.66232142857779,10.8376781272555,6.89393939393939));
#14926=CARTESIAN_POINT('',(0.775104106238711,13.3172478438925,5.75826754463706));
#14927=CARTESIAN_POINT('Ctrl Pts',(0.775104106238665,13.3172478438924,5.75826754463705));
#14928=CARTESIAN_POINT('Ctrl Pts',(1.13435766730938,13.1614390091993,5.41808224522655));
#14929=CARTESIAN_POINT('Ctrl Pts',(1.473831785441,12.9284287664664,5.09904507596502));
#14930=CARTESIAN_POINT('Ctrl Pts',(1.95630737526759,12.4209683469811,4.65568293748343));
#14931=CARTESIAN_POINT('Ctrl Pts',(2.1512496423843,12.1502509622886,4.48019710730884));
#14932=CARTESIAN_POINT('Ctrl Pts',(2.44230267853624,11.5306407277797,4.23521741431178));
#14933=CARTESIAN_POINT('Ctrl Pts',(2.53766316989921,11.1810233574377,4.16666666666667));
#14934=CARTESIAN_POINT('Ctrl Pts',(2.56900615782874,10.83767812726,4.16666666666667));
#14935=CARTESIAN_POINT('Origin',(2.58142857143693,10.83767812726,6.89393939393939));
#14936=CARTESIAN_POINT('Ctrl Pts',(1.28129082686008,13.5649508545345,6.89393939393769));
#14937=CARTESIAN_POINT('Ctrl Pts',(1.28004179339032,13.5649508545345,6.88748819367184));
#14938=CARTESIAN_POINT('Ctrl Pts',(1.27876952511526,13.5649279638741,6.8810408930927));
#14939=CARTESIAN_POINT('Ctrl Pts',(1.21982321604056,13.5628487416984,6.58786417089893));
#14940=CARTESIAN_POINT('Ctrl Pts',(1.11319013803212,13.5129632989839,6.31033806144479));
#14941=CARTESIAN_POINT('Ctrl Pts',(0.923239446979589,13.4060584064565,5.96975691665381));
#14942=CARTESIAN_POINT('Ctrl Pts',(0.853093153457502,13.3644969377902,5.86142887811496));
#14943=CARTESIAN_POINT('Ctrl Pts',(0.775104106239,13.3172478438923,5.75826754463691));
#14944=CARTESIAN_POINT('Origin',(-0.418571428563464,10.564950854537,2.08333333333333));
#14945=CARTESIAN_POINT('Ctrl Pts',(-0.418571428558969,13.564950854537,-4.85492897518206));
#14946=CARTESIAN_POINT('Ctrl Pts',(-0.358349308095395,13.5649508545369,
-4.87843728388407));
#14947=CARTESIAN_POINT('Ctrl Pts',(-0.299660530401665,13.5631315697417,
-4.90380495197606));
#14948=CARTESIAN_POINT('Ctrl Pts',(0.0554644841025324,13.5423063977624,
-5.07173986475865));
#14949=CARTESIAN_POINT('Ctrl Pts',(0.369464673543306,13.4689655413798,-5.30276697073256));
#14950=CARTESIAN_POINT('Ctrl Pts',(0.653799489260805,13.3675852415473,-5.60647879497102));
#14951=CARTESIAN_POINT('Ctrl Pts',(0.716191307207895,13.3427984175266,-5.68033964163572));
#14952=CARTESIAN_POINT('Ctrl Pts',(0.775104106237921,13.3172478438927,-5.75826754463778));
#14953=CARTESIAN_POINT('',(2.58142857143654,10.5649508545327,-4.16666666666667));
#14954=CARTESIAN_POINT('Origin',(-0.418571428563463,10.564950854537,-4.16666666666667));
#14955=CARTESIAN_POINT('',(2.58142857143654,10.5649508545327,2.08333333333333));
#14956=CARTESIAN_POINT('Ctrl Pts',(0.775104106238933,13.3172478438923,5.75826754463682));
#14957=CARTESIAN_POINT('Ctrl Pts',(0.71619130720914,13.3427984175261,5.68033964163513));
#14958=CARTESIAN_POINT('Ctrl Pts',(0.653799489262321,13.3675852415467,5.60647879497078));
#14959=CARTESIAN_POINT('Ctrl Pts',(0.36946467354507,13.4689655413793,5.30276697073257));
#14960=CARTESIAN_POINT('Ctrl Pts',(0.0554644841042188,13.5423063977622,
5.0717398647586));
#14961=CARTESIAN_POINT('Ctrl Pts',(-0.299660530400643,13.5631315697416,
4.90380495197573));
#14962=CARTESIAN_POINT('Ctrl Pts',(-0.358349308094973,13.5649508545369,
4.87843728388351));
#14963=CARTESIAN_POINT('Ctrl Pts',(-0.418571428559172,13.564950854537,4.8549289751813));
#14964=CARTESIAN_POINT('Origin',(2.58142857144369,15.5649508545327,4.16666666666667));
#14965=CARTESIAN_POINT('',(2.58142857142142,0.,-4.16666666666667));
#14966=CARTESIAN_POINT('',(2.58142857144369,15.5649508545327,-4.16666666666667));
#14967=CARTESIAN_POINT('',(2.58142857142142,0.,2.08333333333333));
#14968=CARTESIAN_POINT('Origin',(12.7432142857143,7.78756333352555,-4.16666666666667));
#14969=CARTESIAN_POINT('',(15.1524360303053,15.5649508545147,-4.16666666666667));
#14970=CARTESIAN_POINT('',(7.66232142858455,15.5649508545254,-4.16666666666667));
#14971=CARTESIAN_POINT('',(15.5676511301429,15.53227271745,-4.16666666666667));
#14972=CARTESIAN_POINT('Origin',(14.8670751263786,9.28485368450373,-4.16666666666667));
#14973=CARTESIAN_POINT('',(15.5783074369266,15.5065680040263,-4.16666666666667));
#14974=CARTESIAN_POINT('Ctrl Pts',(15.5676511301429,15.53227271745,-4.16666666666667));
#14975=CARTESIAN_POINT('Ctrl Pts',(15.5698082905714,15.5271425882643,-4.16666666666667));
#14976=CARTESIAN_POINT('Ctrl Pts',(15.571952666,15.5220070830571,-4.16666666666667));
#14977=CARTESIAN_POINT('Ctrl Pts',(15.5740841214286,15.5168660658714,-4.16666666666667));
#14978=CARTESIAN_POINT('Ctrl Pts',(15.5762024252143,15.5117197505357,-4.16666666666667));
#14979=CARTESIAN_POINT('Ctrl Pts',(15.5783074369286,15.5065680040214,-4.16666666666667));
#14980=CARTESIAN_POINT('',(16.1370982431462,14.5754591637708,-4.16666666666667));
#14981=CARTESIAN_POINT('Origin',(18.8844005256914,16.857440157009,-4.16666666666667));
#14982=CARTESIAN_POINT('',(17.0576990651429,15.1513974977286,-4.16666666666667));
#14983=CARTESIAN_POINT('Origin',(14.7252316546263,17.8559682904148,-4.16666666666667));
#14984=CARTESIAN_POINT('',(17.0788635997143,15.16946270305,-4.16666666666667));
#14985=CARTESIAN_POINT('Ctrl Pts',(17.0576990651429,15.1513974977286,-4.16666666666667));
#14986=CARTESIAN_POINT('Ctrl Pts',(17.0619134883571,15.1550320821429,-4.16666666666667));
#14987=CARTESIAN_POINT('Ctrl Pts',(17.0661372890714,15.1586557928857,-4.16666666666667));
#14988=CARTESIAN_POINT('Ctrl Pts',(17.0703704027143,15.1622688122571,-4.16666666666667));
#14989=CARTESIAN_POINT('Ctrl Pts',(17.0746125257857,15.1658710548214,-4.16666666666667));
#14990=CARTESIAN_POINT('Ctrl Pts',(17.0788635997143,15.16946270305,-4.16666666666667));
#14991=CARTESIAN_POINT('',(17.4636585266429,15.0100754255786,-4.16666666666667));
#14992=CARTESIAN_POINT('Origin',(14.8668125039617,9.28491674281551,-4.16666666666667));
#14993=CARTESIAN_POINT('',(17.4658500834286,14.9823358104714,-4.16666666666667));
#14994=CARTESIAN_POINT('Ctrl Pts',(17.4636585266429,15.0100754255786,-4.16666666666667));
#14995=CARTESIAN_POINT('Ctrl Pts',(17.4641248110714,15.0045297835429,-4.16666666666667));
#14996=CARTESIAN_POINT('Ctrl Pts',(17.4645772748571,14.9989829794143,-4.16666666666667));
#14997=CARTESIAN_POINT('Ctrl Pts',(17.4650157477857,14.9934349255714,-4.16666666666667));
#14998=CARTESIAN_POINT('Ctrl Pts',(17.4654400755,14.9878858969714,-4.16666666666667));
#14999=CARTESIAN_POINT('Ctrl Pts',(17.4658500834286,14.9823358104714,-4.16666666666667));
#15000=CARTESIAN_POINT('',(17.7095632659706,13.9241228252973,-4.16666666666667));
#15001=CARTESIAN_POINT('Origin',(21.0275708319424,15.2454516995128,-4.16666666666667));
#15002=CARTESIAN_POINT('',(18.7630813726372,14.1873915187484,-4.16666666666667));
#15003=CARTESIAN_POINT('Origin',(17.3805314169865,17.4803631758684,-4.16666666666667));
#15004=CARTESIAN_POINT('',(18.7887926464367,14.1980319844184,-4.16666666666667));
#15005=CARTESIAN_POINT('Ctrl Pts',(18.7630813726372,14.1873915187484,-4.16666666666667));
#15006=CARTESIAN_POINT('Ctrl Pts',(18.7716336824337,14.190981903469,-4.16666666666667));
#15007=CARTESIAN_POINT('Ctrl Pts',(18.7802042548589,14.1945287865357,-4.16666666666667));
#15008=CARTESIAN_POINT('Ctrl Pts',(18.7887926464367,14.1980319844184,-4.16666666666667));
#15009=CARTESIAN_POINT('',(19.1055008784286,13.9275377813571,-4.16666666666667));
#15010=CARTESIAN_POINT('Origin',(14.8665822042183,9.28505784659347,-4.16666666666667));
#15011=CARTESIAN_POINT('',(19.0990131602886,13.9004786113973,-4.16666666666667));
#15012=CARTESIAN_POINT('Ctrl Pts',(19.1055008784286,13.9275377813571,-4.16666666666667));
#15013=CARTESIAN_POINT('Ctrl Pts',(19.1042306436429,13.9221194725643,-4.16666666666667));
#15014=CARTESIAN_POINT('Ctrl Pts',(19.1029469055714,13.9167043293429,-4.16666666666667));
#15015=CARTESIAN_POINT('Ctrl Pts',(19.1016494751429,13.9112923210214,-4.16666666666667));
#15016=CARTESIAN_POINT('Ctrl Pts',(19.1003382906429,13.9058837567357,-4.16666666666667));
#15017=CARTESIAN_POINT('Ctrl Pts',(19.0990131602857,13.9004786113857,-4.16666666666667));
#15018=CARTESIAN_POINT('',(19.0037923742148,12.8187467410165,-4.16666666666667));
#15019=CARTESIAN_POINT('Origin',(22.5677213814574,13.0500843802662,-4.16666666666667));
#15020=CARTESIAN_POINT('',(20.0871021432173,12.7435750544645,-4.16666666666667));
#15021=CARTESIAN_POINT('Origin',(19.789803195033,16.3026087335962,-4.16666666666667));
#15022=CARTESIAN_POINT('',(20.1148431102961,12.7457497715009,-4.16666666666667));
#15023=CARTESIAN_POINT('Ctrl Pts',(20.0871021353508,12.7435751486372,-4.16666666666667));
#15024=CARTESIAN_POINT('Ctrl Pts',(20.096345355179,12.7443469983623,-4.16666666666667));
#15025=CARTESIAN_POINT('Ctrl Pts',(20.1055925010494,12.7450718320884,-4.16666666666667));
#15026=CARTESIAN_POINT('Ctrl Pts',(20.1148430944771,12.7457496123097,-4.16666666666667));
#15027=CARTESIAN_POINT('',(20.332463137106,12.3906261601481,-4.16666666666667));
#15028=CARTESIAN_POINT('Origin',(14.8664068114641,9.28526323531928,-4.16666666666667));
#15029=CARTESIAN_POINT('',(20.3179315427764,12.3668959685599,-4.16666666666667));
#15030=CARTESIAN_POINT('Ctrl Pts',(20.332463137106,12.3906261601481,-4.16666666666667));
#15031=CARTESIAN_POINT('Ctrl Pts',(20.327659313134,12.3826916693108,-4.16666666666667));
#15032=CARTESIAN_POINT('Ctrl Pts',(20.322815365782,12.3747814706018,-4.16666666666667));
#15033=CARTESIAN_POINT('Ctrl Pts',(20.3179315427764,12.3668959685599,-4.16666666666667));
#15034=CARTESIAN_POINT('',(19.8930974063591,11.3675328240675,-4.16666666666667));
#15035=CARTESIAN_POINT('Origin',(23.3540825753933,10.4862333628655,-4.16666666666667));
#15036=CARTESIAN_POINT('',(20.9001568926429,10.96127917295,-4.16666666666667));
#15037=CARTESIAN_POINT('Origin',(21.717210680981,14.4379917721969,-4.16666666666667));
#15038=CARTESIAN_POINT('',(20.9272121520714,10.9547751660714,-4.16666666666667));
#15039=CARTESIAN_POINT('Ctrl Pts',(20.9001568926429,10.96127917295,-4.16666666666667));
#15040=CARTESIAN_POINT('Ctrl Pts',(20.905574509,10.9600059880857,-4.16666666666667));
#15041=CARTESIAN_POINT('Ctrl Pts',(20.9109888403571,10.9587188252286,-4.16666666666667));
#15042=CARTESIAN_POINT('Ctrl Pts',(20.9163999962143,10.9574178438571,-4.16666666666667));
#15043=CARTESIAN_POINT('Ctrl Pts',(20.9218077290714,10.9561032392714,-4.16666666666667));
#15044=CARTESIAN_POINT('Ctrl Pts',(20.9272121520714,10.9547751660714,-4.16666666666667));
#15045=CARTESIAN_POINT('',(21.0244418582903,10.5497841101933,-4.16666666666667));
#15046=CARTESIAN_POINT('Origin',(14.866303466064,9.28551276548761,-4.16666666666667));
#15047=CARTESIAN_POINT('',(21.0032882637897,10.5317060964177,-4.16666666666667));
#15048=CARTESIAN_POINT('Ctrl Pts',(21.0244418582903,10.5497841101933,-4.16666666666667));
#15049=CARTESIAN_POINT('Ctrl Pts',(21.0174212576595,10.5437224242537,-4.16666666666667));
#15050=CARTESIAN_POINT('Ctrl Pts',(21.0103700041298,10.5376962402815,-4.16666666666667));
#15051=CARTESIAN_POINT('Ctrl Pts',(21.0032884583118,10.5317058664639,-4.16666666666667));
#15052=CARTESIAN_POINT('',(20.2904269892553,9.71253600355377,-4.16666666666667));
#15053=CARTESIAN_POINT('Origin',(23.3096829755937,7.80486717470685,-4.16666666666667));
#15054=CARTESIAN_POINT('',(21.1226581938571,9.01496732591285,-4.16666666666667));
#15055=CARTESIAN_POINT('Origin',(22.9740858004551,12.0690339919991,-4.16666666666667));
#15056=CARTESIAN_POINT('',(21.1463794259147,9.00042111253899,-4.16666666666667));
#15057=CARTESIAN_POINT('Ctrl Pts',(21.1226582428462,9.01496740671855,-4.16666666666667));
#15058=CARTESIAN_POINT('Ctrl Pts',(21.1305898466613,9.01015881795287,-4.16666666666667));
#15059=CARTESIAN_POINT('Ctrl Pts',(21.1384969914026,9.00530988477919,-4.16666666666667));
#15060=CARTESIAN_POINT('Ctrl Pts',(21.1463792679226,9.00042085810097,-4.16666666666667));
#15061=CARTESIAN_POINT('',(21.113701252763,8.58520609853765,-4.16666666666667));
#15062=CARTESIAN_POINT('Origin',(14.8662823116142,9.285782011981,-4.16666666666667));
#15063=CARTESIAN_POINT('',(21.0879966893549,8.57454942715431,-4.16666666666667));
#15064=CARTESIAN_POINT('Ctrl Pts',(21.113701252763,8.58520609853765,-4.16666666666667));
#15065=CARTESIAN_POINT('Ctrl Pts',(21.1051511008418,8.58161057749763,-4.16666666666667));
#15066=CARTESIAN_POINT('Ctrl Pts',(21.0965827669734,8.57805829314685,-4.16666666666667));
#15067=CARTESIAN_POINT('Ctrl Pts',(21.0879966893549,8.57454942715431,-4.16666666666667));
#15068=CARTESIAN_POINT('',(20.156887735199,8.01575889970769,-4.16666666666667));
#15069=CARTESIAN_POINT('Origin',(22.4388687277432,5.26845661842986,-4.16666666666667));
#15070=CARTESIAN_POINT('',(20.2657671373693,7.78571428572058,-4.16666666666667));
#15071=CARTESIAN_POINT('Origin',(23.4373914226782,9.42762266978389,-4.16666666666667));
#15072=CARTESIAN_POINT('',(20.6924121729285,7.14285714261954,-4.16666666666667));
#15073=CARTESIAN_POINT('Origin',(23.4373962907199,9.42762517026861,-4.16666666666667));
#15074=CARTESIAN_POINT('',(21.01,7.14285714285714,-4.16666666666667));
#15075=CARTESIAN_POINT('',(21.01,7.14285714285714,-4.16666666666667));
#15076=CARTESIAN_POINT('',(21.01,4.57536461020714,-4.16666666666667));
#15077=CARTESIAN_POINT('',(21.01,4.57536461020714,-4.16666666666667));
#15078=CARTESIAN_POINT('',(22.0828571428575,3.19178820340134,-4.16666666666667));
#15079=CARTESIAN_POINT('Origin',(22.4385714285714,4.57536461020714,-4.16666666666667));
#15080=CARTESIAN_POINT('',(21.905,1.78571428571429,-4.16666666666667));
#15081=CARTESIAN_POINT('Origin',(21.905,2.5,-4.16666666666667));
#15082=CARTESIAN_POINT('',(20.6448767574248,1.70948676054055,-4.16666666666667));
#15083=CARTESIAN_POINT('Ctrl Pts',(21.905,1.78571428571429,-4.16666666666667));
#15084=CARTESIAN_POINT('Ctrl Pts',(21.6482245941429,1.77823061164286,-4.16666666666667));
#15085=CARTESIAN_POINT('Ctrl Pts',(21.393824567,1.76686602207143,-4.16666666666667));
#15086=CARTESIAN_POINT('Ctrl Pts',(21.1417999185,1.751620517,-4.16666666666667));
#15087=CARTESIAN_POINT('Ctrl Pts',(20.8921506486429,1.7324940965,-4.16666666666667));
#15088=CARTESIAN_POINT('Ctrl Pts',(20.6448767574286,1.7094867605,-4.16666666666667));
#15089=CARTESIAN_POINT('',(19.8671428571429,0.856030203285714,-4.16666666666667));
#15090=CARTESIAN_POINT('Origin',(20.7242857142857,0.856030203285716,-4.16666666666667));
#15091=CARTESIAN_POINT('',(19.8671428571429,0.,-4.16666666666667));
#15092=CARTESIAN_POINT('',(19.8671428571429,0.,-4.16666666666667));
#15093=CARTESIAN_POINT('',(16.1913824502517,0.,-4.16666666666667));
#15094=CARTESIAN_POINT('',(19.8671428571429,0.,-4.16666666666667));
#15095=CARTESIAN_POINT('',(16.4206075251727,1.3,-4.16666666666667));
#15096=CARTESIAN_POINT('',(16.9198833733116,4.13153404052408,-4.16666666666667));
#15097=CARTESIAN_POINT('',(14.3014321659133,1.3,-4.16666666666667));
#15098=CARTESIAN_POINT('',(13.5223232258138,1.3,-4.16666666666667));
#15099=CARTESIAN_POINT('',(14.5306572408343,0.,-4.16666666666667));
#15100=CARTESIAN_POINT('',(13.8378323589323,3.92920515690976,-4.16666666666667));
#15101=CARTESIAN_POINT('',(6.63219990202286,5.63785129692462E-17,-4.16666666666667));
#15102=CARTESIAN_POINT('',(19.8671428571429,0.,-4.16666666666667));
#15103=CARTESIAN_POINT('',(6.86142497694386,1.3,-4.16666666666667));
#15104=CARTESIAN_POINT('',(7.5048231368109,4.94889228682945,-4.16666666666667));
#15105=CARTESIAN_POINT('',(4.74224961768444,1.3,-4.16666666666667));
#15106=CARTESIAN_POINT('',(8.74273195169937,1.3,-4.16666666666667));
#15107=CARTESIAN_POINT('',(4.97147469260545,0.,-4.16666666666667));
#15108=CARTESIAN_POINT('',(4.42277212243161,3.11184691060439,-4.16666666666667));
#15109=CARTESIAN_POINT('',(19.8671428571429,0.,-4.16666666666667));
#15110=CARTESIAN_POINT('',(2.58142857144369,15.5649508545327,-4.16666666666667));
#15111=CARTESIAN_POINT('',(9.04616534045032,9.28497823137281,-4.16666666666667));
#15112=CARTESIAN_POINT('Origin',(6.29616534045032,9.28497823137281,-4.16666666666667));
#15113=CARTESIAN_POINT('',(13.3314285714286,5.,-4.16666666666667));
#15114=CARTESIAN_POINT('Origin',(10.5814285714286,5.,-4.16666666666667));
#15115=CARTESIAN_POINT('',(17.6164068114646,9.28526323531962,-4.16666666666667));
#15116=CARTESIAN_POINT('Origin',(14.8664068114646,9.28526323531962,-4.16666666666667));
#15117=CARTESIAN_POINT('',(13.9671428571429,5.,-4.16666666666667));
#15118=CARTESIAN_POINT('Origin',(14.8671428571429,5.,-4.16666666666667));
#15119=CARTESIAN_POINT('',(9.68142857142857,9.285,-4.16666666666667));
#15120=CARTESIAN_POINT('Origin',(10.5814285714286,9.285,-4.16666666666667));
#15121=CARTESIAN_POINT('',(5.39571428571429,5.,-4.16666666666667));
#15122=CARTESIAN_POINT('Origin',(6.29571428571428,5.,-4.16666666666667));
#15123=CARTESIAN_POINT('Origin',(4.97147469260545,0.,4.16666666666667));
#15124=CARTESIAN_POINT('',(4.74224961768444,1.3,4.16666666666667));
#15125=CARTESIAN_POINT('',(4.97147469260545,0.,2.08333333333333));
#15126=CARTESIAN_POINT('Origin',(6.86142497694386,1.3,4.16666666666667));
#15127=CARTESIAN_POINT('',(6.63219990202286,6.93889390390723E-17,2.08333333333333));
#15128=CARTESIAN_POINT('',(6.86142497694386,1.3,4.16666666666667));
#15129=CARTESIAN_POINT('Origin',(4.74224961768444,1.3,4.16666666666667));
#15130=CARTESIAN_POINT('Origin',(14.5306572408343,1.20346441145891E-16,
4.16666666666667));
#15131=CARTESIAN_POINT('',(14.3014321659133,1.3,4.16666666666667));
#15132=CARTESIAN_POINT('',(14.5306572408343,0.,2.08333333333333));
#15133=CARTESIAN_POINT('Origin',(16.4206075251727,1.3,4.16666666666667));
#15134=CARTESIAN_POINT('',(16.1913824502517,0.,2.08333333333333));
#15135=CARTESIAN_POINT('',(16.4206075251727,1.3,4.16666666666667));
#15136=CARTESIAN_POINT('Origin',(14.3014321659133,1.3,4.16666666666667));
#15137=CARTESIAN_POINT('Origin',(2.86714285714286,0.,0.));
#15138=CARTESIAN_POINT('',(19.8671428571429,0.,0.));
#15139=CARTESIAN_POINT('Origin',(2.86714285714286,0.,0.));
#15140=CARTESIAN_POINT('Origin',(2.86714285714286,0.,0.));
#15141=CARTESIAN_POINT('Origin',(-1.41857142857495,14.5649508545364,-7.41666666666314));
#15142=CARTESIAN_POINT('',(-1.41857142857495,13.5649508545369,-6.36666666666314));
#15143=CARTESIAN_POINT('Origin',(-1.41857142857495,13.5649508545384,-7.41666666666314));
#15144=CARTESIAN_POINT('',(-1.41857142857495,14.5649508545364,-6.36666666666314));
#15145=CARTESIAN_POINT('Origin',(-1.41857142857982,14.5649508545364,7.41666666666314));
#15146=CARTESIAN_POINT('',(-1.41857142857982,13.5649508545369,8.46666666666314));
#15147=CARTESIAN_POINT('Origin',(-1.41857142857982,13.5649508545384,7.41666666666314));
#15148=CARTESIAN_POINT('',(-1.41857142857982,14.5649508545364,8.46666666666314));
#15149=CARTESIAN_POINT('Origin',(-1.41857142857982,14.3649508545364,7.41666666666314));
#15150=CARTESIAN_POINT('',(-2.66857142857893,13.5649508545375,7.41666666666313));
#15151=CARTESIAN_POINT('Origin',(-1.41857142857982,13.5649508545384,7.41666666666314));
#15152=CARTESIAN_POINT('',(-3.41857142857983,14.3649508545364,7.41666666666314));
#15153=CARTESIAN_POINT('',(-3.41857142857982,14.3649508545364,7.41666666666314));
#15154=CARTESIAN_POINT('Origin',(-1.41857142857982,14.3649508545364,7.41666666666314));
#15155=CARTESIAN_POINT('Origin',(-1.41857142857627,14.3649508545364,-7.41666666666314));
#15156=CARTESIAN_POINT('',(-2.66857142856713,13.5649508545287,-7.41666666666314));
#15157=CARTESIAN_POINT('Origin',(-1.41857142859389,13.5649508545384,-7.41666666666314));
#15158=CARTESIAN_POINT('',(-3.41857142857627,14.3649508545364,-7.41666666666314));
#15159=CARTESIAN_POINT('',(-3.41857142857627,14.3649508545364,-7.41666666666314));
#15160=CARTESIAN_POINT('Origin',(-1.41857142857627,14.3649508545364,-7.41666666666314));
#15161=CARTESIAN_POINT('Origin',(-1.41857142858156,13.5649508545364,-7.41666666666314));
#15162=CARTESIAN_POINT('',(-1.41857142858156,14.3649508545364,-10.1666666666631));
#15163=CARTESIAN_POINT('',(-1.41857142858156,13.5649508545364,-10.1666666666631));
#15164=CARTESIAN_POINT('Origin',(-1.41857142858156,14.3649508545364,-7.41666666666314));
#15165=CARTESIAN_POINT('Origin',(-1.41857142858156,14.3649508545364,-7.41666666666314));
#15166=CARTESIAN_POINT('Origin',(-1.41857142857982,13.5649508545364,7.41666666666314));
#15167=CARTESIAN_POINT('',(-1.41857142857982,14.3649508545364,4.66666666666314));
#15168=CARTESIAN_POINT('',(-1.41857142857982,13.5649508545364,4.66666666666314));
#15169=CARTESIAN_POINT('Origin',(-1.41857142857982,14.3649508545364,7.41666666666314));
#15170=CARTESIAN_POINT('Origin',(-1.41857142857982,14.3649508545364,7.41666666666314));
#15171=CARTESIAN_POINT('Origin',(-1.41857142855917,13.5649508545384,0.));
#15172=CARTESIAN_POINT('Origin',(-1.41857142855917,13.5649508545384,0.));
#15173=CARTESIAN_POINT('Origin',(-5.41857142855631,15.5649508545441,-10.25));
#15174=CARTESIAN_POINT('',(-0.418571428556308,15.564950854537,-10.25));
#15175=CARTESIAN_POINT('Origin',(-0.418571428556308,15.564950854537,-7.25));
#15176=CARTESIAN_POINT('',(2.58142857144369,15.5649508545327,-7.25));
#15177=CARTESIAN_POINT('Origin',(-0.41857142855631,15.564950854537,7.25));
#15178=CARTESIAN_POINT('',(2.58142857144369,15.5649508545327,7.25));
#15179=CARTESIAN_POINT('',(-0.41857142855631,15.564950854537,10.25));
#15180=CARTESIAN_POINT('Origin',(2.58142857144369,15.5649508545327,-10.25));
#15181=CARTESIAN_POINT('Origin',(2.58142857144369,15.5649508545327,-10.25));
#15182=CARTESIAN_POINT('Origin',(2.58142857144369,15.5649508545327,10.25));
#15183=CARTESIAN_POINT('Origin',(-1.41857142855631,15.5649508545384,-3.07774087558141E-31));
#15184=CARTESIAN_POINT('',(15.1524360303053,15.5649508545147,0.));
#15185=CARTESIAN_POINT('Origin',(14.8665822042173,9.28505784659234,2.05));
#15186=CARTESIAN_POINT('',(15.8280695609846,6.33793347480606,2.05));
#15187=CARTESIAN_POINT('',(12.8266300705705,11.6192804778831,2.05));
#15188=CARTESIAN_POINT('Origin',(14.8665822042173,9.28505784659234,2.05));
#15189=CARTESIAN_POINT('',(15.8280695609846,6.33793347480606,-0.0500000000000003));
#15190=CARTESIAN_POINT('',(15.8280695609846,6.33793347480606,2.05));
#15191=CARTESIAN_POINT('',(12.8266300705705,11.6192804778831,-0.0500000000000003));
#15192=CARTESIAN_POINT('Origin',(14.8665822042173,9.28505784659234,-0.0500000000000003));
#15193=CARTESIAN_POINT('',(12.8266300705705,11.6192804778831,2.05));
#15194=CARTESIAN_POINT('Origin',(20.2657671373693,7.78571428572058,2.05));
#15195=CARTESIAN_POINT('',(20.2657671373693,7.78571428572058,2.05));
#15196=CARTESIAN_POINT('',(15.8280695609846,6.33793347480606,2.05));
#15197=CARTESIAN_POINT('',(20.2657671373693,7.78571428572058,-0.0500000000000003));
#15198=CARTESIAN_POINT('',(20.2657671373693,7.78571428572058,0.));
#15199=CARTESIAN_POINT('',(15.8280695609846,6.33793347480606,-0.0500000000000003));
#15200=CARTESIAN_POINT('Origin',(12.8266300705705,11.6192804778831,2.05));
#15201=CARTESIAN_POINT('',(16.2888288217657,14.6450071737572,2.05));
#15202=CARTESIAN_POINT('',(12.8266300705705,11.6192804778831,2.05));
#15203=CARTESIAN_POINT('',(16.2888288217657,14.6450071737572,-0.0500000000000003));
#15204=CARTESIAN_POINT('',(12.8266300705705,11.6192804778831,-0.0500000000000003));
#15205=CARTESIAN_POINT('',(16.2888288217657,14.6450071737572,0.));
#15206=CARTESIAN_POINT('Origin',(16.0161746707933,10.4150325101748,-0.0500000000000003));
#15207=CARTESIAN_POINT('',(15.3389306738874,12.9997353196165,-0.0500000000000003));
#15208=CARTESIAN_POINT('',(15.4416587639681,7.78571428571428,-0.0500000000000003));
#15209=CARTESIAN_POINT('Origin',(16.2888288217657,14.6450071737572,0.));
#15210=CARTESIAN_POINT('',(16.2888288217657,14.6450071737572,-2.05));
#15211=CARTESIAN_POINT('',(13.4177976723305,9.67223535282259,-2.05));
#15212=CARTESIAN_POINT('',(16.2888288217657,14.6450071737572,0.));
#15213=CARTESIAN_POINT('Origin',(17.2567611415192,11.4775884943726,2.05));
#15214=CARTESIAN_POINT('',(17.0576990651429,15.1513974977286,2.05));
#15215=CARTESIAN_POINT('Origin',(14.7252316546263,17.8559682904148,2.05));
#15216=CARTESIAN_POINT('',(17.0788635997143,15.16946270305,2.05));
#15217=CARTESIAN_POINT('Ctrl Pts',(17.0788635997143,15.16946270305,2.05));
#15218=CARTESIAN_POINT('Ctrl Pts',(17.0717784765,15.163476622669,2.05));
#15219=CARTESIAN_POINT('Ctrl Pts',(17.0647231038333,15.157455138419,2.05));
#15220=CARTESIAN_POINT('Ctrl Pts',(17.0576990651429,15.1513974977286,2.05));
#15221=CARTESIAN_POINT('',(17.4636585266429,15.0100754255786,2.05));
#15222=CARTESIAN_POINT('Origin',(14.8668125039617,9.28491674281551,2.05));
#15223=CARTESIAN_POINT('',(17.4658500834286,14.9823358104714,2.05));
#15224=CARTESIAN_POINT('Ctrl Pts',(17.4658500834286,14.9823358104714,2.05));
#15225=CARTESIAN_POINT('Ctrl Pts',(17.465166736881,14.9915859546381,2.05));
#15226=CARTESIAN_POINT('Ctrl Pts',(17.4644356673571,15.0008326888524,2.05));
#15227=CARTESIAN_POINT('Ctrl Pts',(17.4636585266429,15.0100754255786,2.05));
#15228=CARTESIAN_POINT('',(17.7095632659706,13.9241228252973,2.05));
#15229=CARTESIAN_POINT('Origin',(21.0275708319424,15.2454516995128,2.05));
#15230=CARTESIAN_POINT('',(18.7630813726372,14.1873915187484,2.05));
#15231=CARTESIAN_POINT('Origin',(17.3805314169865,17.4803631758684,2.05));
#15232=CARTESIAN_POINT('',(18.7887926464367,14.1980319844184,2.05));
#15233=CARTESIAN_POINT('Ctrl Pts',(18.7887926464367,14.1980319844184,2.05));
#15234=CARTESIAN_POINT('Ctrl Pts',(18.7844984506477,14.196280385477,2.05));
#15235=CARTESIAN_POINT('Ctrl Pts',(18.7802087096467,14.1945178652396,2.05));
#15236=CARTESIAN_POINT('Ctrl Pts',(18.7716382480899,14.1909710280552,2.05));
#15237=CARTESIAN_POINT('Ctrl Pts',(18.7673575275351,14.1891867111086,2.05));
#15238=CARTESIAN_POINT('Ctrl Pts',(18.7630813726372,14.1873915187484,2.05));
#15239=CARTESIAN_POINT('',(19.1055008784286,13.9275377813571,2.05));
#15240=CARTESIAN_POINT('Origin',(14.8665822042183,9.28505784659347,2.05));
#15241=CARTESIAN_POINT('',(19.0990131602886,13.9004786113973,2.05));
#15242=CARTESIAN_POINT('Ctrl Pts',(19.0990131602857,13.9004786113857,2.05));
#15243=CARTESIAN_POINT('Ctrl Pts',(19.101221710881,13.909487186969,2.05));
#15244=CARTESIAN_POINT('Ctrl Pts',(19.1033838204524,13.9185072667024,2.05));
#15245=CARTESIAN_POINT('Ctrl Pts',(19.1055008784286,13.9275377813571,2.05));
#15246=CARTESIAN_POINT('',(19.0037923742148,12.8187467410165,2.05));
#15247=CARTESIAN_POINT('Origin',(22.5677213814574,13.0500843802662,2.05));
#15248=CARTESIAN_POINT('',(20.0871021432173,12.7435750544645,2.05));
#15249=CARTESIAN_POINT('Origin',(19.789803195033,16.3026087335962,2.05));
#15250=CARTESIAN_POINT('',(20.1148431102961,12.7457497715009,2.05));
#15251=CARTESIAN_POINT('Ctrl Pts',(20.1148430944771,12.7457496123097,2.05));
#15252=CARTESIAN_POINT('Ctrl Pts',(20.1102177977634,12.7454107221991,2.05));
#15253=CARTESIAN_POINT('Ctrl Pts',(20.1055933629389,12.7450600687123,2.05));
#15254=CARTESIAN_POINT('Ctrl Pts',(20.096346336692,12.7443352443628,2.05));
#15255=CARTESIAN_POINT('Ctrl Pts',(20.0917237452657,12.7439610734999,2.05));
#15256=CARTESIAN_POINT('Ctrl Pts',(20.0871021353508,12.7435751486372,2.05));
#15257=CARTESIAN_POINT('',(20.332463137106,12.3906261601481,2.05));
#15258=CARTESIAN_POINT('Origin',(14.8664068114641,9.28526323531928,2.05));
#15259=CARTESIAN_POINT('',(20.3179315427764,12.3668959685599,2.05));
#15260=CARTESIAN_POINT('Ctrl Pts',(20.3179315427764,12.3668959685599,2.05));
#15261=CARTESIAN_POINT('Ctrl Pts',(20.3203734542792,12.3708387195809,2.05));
#15262=CARTESIAN_POINT('Ctrl Pts',(20.3228053968686,12.3747876447687,2.05));
#15263=CARTESIAN_POINT('Ctrl Pts',(20.3276492822882,12.3826977423415,2.05));
#15264=CARTESIAN_POINT('Ctrl Pts',(20.3300612251197,12.3866589147289,2.05));
#15265=CARTESIAN_POINT('Ctrl Pts',(20.332463137106,12.3906261601481,2.05));
#15266=CARTESIAN_POINT('',(19.8930974063591,11.3675328240675,2.05));
#15267=CARTESIAN_POINT('Origin',(23.3540825753933,10.4862333628655,2.05));
#15268=CARTESIAN_POINT('',(20.9001568926429,10.96127917295,2.05));
#15269=CARTESIAN_POINT('Origin',(21.717210680981,14.4379917721969,2.05));
#15270=CARTESIAN_POINT('',(20.9272121520714,10.9547751660714,2.05));
#15271=CARTESIAN_POINT('Ctrl Pts',(20.9272121520714,10.9547751660714,2.05));
#15272=CARTESIAN_POINT('Ctrl Pts',(20.9182047804048,10.9569886214048,2.05));
#15273=CARTESIAN_POINT('Ctrl Pts',(20.9091862532381,10.9591571981762,2.05));
#15274=CARTESIAN_POINT('Ctrl Pts',(20.9001568926429,10.96127917295,2.05));
#15275=CARTESIAN_POINT('',(21.0244418582903,10.5497841101933,2.05));
#15276=CARTESIAN_POINT('Origin',(14.866303466064,9.28551276548761,2.05));
#15277=CARTESIAN_POINT('',(21.0032882637897,10.5317060964177,2.05));
#15278=CARTESIAN_POINT('Ctrl Pts',(21.0032884583118,10.5317058664639,2.05));
#15279=CARTESIAN_POINT('Ctrl Pts',(21.0068292312207,10.5347010533726,2.05));
#15280=CARTESIAN_POINT('Ctrl Pts',(21.0103624310575,10.5377051928199,2.05));
#15281=CARTESIAN_POINT('Ctrl Pts',(21.0174135944357,10.5437312997463,2.05));
#15282=CARTESIAN_POINT('Ctrl Pts',(21.0209315579753,10.5467532672238,2.05));
#15283=CARTESIAN_POINT('Ctrl Pts',(21.0244418582903,10.5497841101933,2.05));
#15284=CARTESIAN_POINT('',(20.2904269892553,9.71253600355377,2.05));
#15285=CARTESIAN_POINT('Origin',(23.3096829755937,7.80486717470685,2.05));
#15286=CARTESIAN_POINT('',(21.1226581938571,9.01496732591285,2.05));
#15287=CARTESIAN_POINT('Origin',(22.9740858004551,12.0690339919991,2.05));
#15288=CARTESIAN_POINT('',(21.1463794259147,9.00042111253899,2.05));
#15289=CARTESIAN_POINT('Ctrl Pts',(21.1463792679226,9.00042085810097,2.05));
#15290=CARTESIAN_POINT('Ctrl Pts',(21.1424381296627,9.00286537144005,2.05));
#15291=CARTESIAN_POINT('Ctrl Pts',(21.1384907743471,9.00529986140317,2.05));
#15292=CARTESIAN_POINT('Ctrl Pts',(21.1305837318927,9.01014873185098,2.05));
#15293=CARTESIAN_POINT('Ctrl Pts',(21.1266240447535,9.01256311233582,2.05));
#15294=CARTESIAN_POINT('Ctrl Pts',(21.1226582428462,9.01496740671855,2.05));
#15295=CARTESIAN_POINT('',(21.113701252763,8.58520609853765,2.05));
#15296=CARTESIAN_POINT('Origin',(14.8662823116142,9.285782011981,2.05));
#15297=CARTESIAN_POINT('',(21.0879966893549,8.57454942715431,2.05));
#15298=CARTESIAN_POINT('Ctrl Pts',(21.0879966893549,8.57454942715431,2.05));
#15299=CARTESIAN_POINT('Ctrl Pts',(21.0922897281642,8.57630386015061,2.05));
#15300=CARTESIAN_POINT('Ctrl Pts',(21.0965783310361,8.57806914773648,2.05));
#15301=CARTESIAN_POINT('Ctrl Pts',(21.1051465553545,8.58162138666972,2.05));
#15302=CARTESIAN_POINT('Ctrl Pts',(21.1094261768022,8.58340833801755,2.05));
#15303=CARTESIAN_POINT('Ctrl Pts',(21.113701252763,8.58520609853765,2.05));
#15304=CARTESIAN_POINT('',(20.156887735199,8.01575889970769,2.05));
#15305=CARTESIAN_POINT('Origin',(22.4388687277432,5.26845661842986,2.05));
#15306=CARTESIAN_POINT('Origin',(23.4373914226782,9.42762266978389,2.05));
#15307=CARTESIAN_POINT('',(15.7662823116142,9.285782011981,2.05));
#15308=CARTESIAN_POINT('Origin',(14.8662823116142,9.285782011981,2.05));
#15309=CARTESIAN_POINT('Origin',(6.29571428571428,5.,-0.641666666666666));
#15310=CARTESIAN_POINT('',(5.39571428571429,5.,3.66666666666667));
#15311=CARTESIAN_POINT('Origin',(6.29571428571428,5.,3.66666666666667));
#15312=CARTESIAN_POINT('',(5.39571428571429,5.,-0.641666666666666));
#15313=CARTESIAN_POINT('Origin',(10.5814285714286,9.285,-0.641666666666666));
#15314=CARTESIAN_POINT('',(9.68142857142857,9.285,3.66666666666667));
#15315=CARTESIAN_POINT('Origin',(10.5814285714286,9.285,3.66666666666667));
#15316=CARTESIAN_POINT('',(9.68142857142857,9.285,-0.641666666666666));
#15317=CARTESIAN_POINT('Origin',(14.8671428571429,5.,-0.641666666666666));
#15318=CARTESIAN_POINT('',(13.9671428571429,5.,3.66666666666667));
#15319=CARTESIAN_POINT('Origin',(14.8671428571429,5.,3.66666666666667));
#15320=CARTESIAN_POINT('',(13.9671428571429,5.,-0.641666666666666));
#15321=CARTESIAN_POINT('Origin',(10.5814285714286,5.,0.641666666666666));
#15322=CARTESIAN_POINT('',(11.4814285714286,5.,-3.66666666666667));
#15323=CARTESIAN_POINT('Origin',(10.5814285714286,5.,-3.66666666666667));
#15324=CARTESIAN_POINT('',(11.4814285714286,5.,0.641666666666666));
#15325=CARTESIAN_POINT('Origin',(14.8662823116142,9.285782011981,0.641666666666666));
#15326=CARTESIAN_POINT('',(15.7662823116142,9.285782011981,0.641666666666666));
#15327=CARTESIAN_POINT('Origin',(14.8662823116142,9.285782011981,0.641666666666666));
#15328=CARTESIAN_POINT('',(15.7662823116142,9.285782011981,-3.66666666666667));
#15329=CARTESIAN_POINT('Origin',(14.8662823116142,9.285782011981,-3.66666666666667));
#15330=CARTESIAN_POINT('',(15.7662823116142,9.285782011981,-2.05));
#15331=CARTESIAN_POINT('',(15.7662823116142,9.285782011981,0.641666666666666));
#15332=CARTESIAN_POINT('Origin',(14.8662823116142,9.285782011981,-2.05));
#15333=CARTESIAN_POINT('Origin',(6.29616534045032,9.28497823137281,0.641666666666666));
#15334=CARTESIAN_POINT('',(7.19616534045032,9.28497823137281,-3.66666666666667));
#15335=CARTESIAN_POINT('Origin',(6.29616534045032,9.28497823137281,-3.66666666666667));
#15336=CARTESIAN_POINT('',(7.19616534045032,9.28497823137281,0.641666666666666));
#15337=CARTESIAN_POINT('Origin',(6.29616534045032,9.28497823137281,-3.66666666666667));
#15338=CARTESIAN_POINT('',(7.54616534045032,9.2849782313728,-3.66666666666667));
#15339=CARTESIAN_POINT('Origin',(6.29616534045032,9.28497823137281,-3.66666666666667));
#15340=CARTESIAN_POINT('Origin',(6.29616534045032,9.2849782313728,-3.36666666666667));
#15341=CARTESIAN_POINT('',(8.29616534045032,9.2849782313728,-3.36666666666667));
#15342=CARTESIAN_POINT('',(8.29616534045032,9.2849782313728,-3.36666666666667));
#15343=CARTESIAN_POINT('Origin',(6.29616534045032,9.2849782313728,-3.36666666666667));
#15344=CARTESIAN_POINT('Origin',(10.5814285714286,5.,-3.66666666666667));
#15345=CARTESIAN_POINT('',(11.8314285714286,5.,-3.66666666666667));
#15346=CARTESIAN_POINT('Origin',(10.5814285714286,5.,-3.66666666666667));
#15347=CARTESIAN_POINT('Origin',(10.5814285714286,5.,-3.36666666666667));
#15348=CARTESIAN_POINT('',(12.5814285714286,5.,-3.36666666666667));
#15349=CARTESIAN_POINT('',(12.5814285714286,5.,-3.36666666666667));
#15350=CARTESIAN_POINT('Origin',(10.5814285714286,5.,-3.36666666666667));
#15351=CARTESIAN_POINT('Origin',(14.8662823116142,9.285782011981,-3.66666666666667));
#15352=CARTESIAN_POINT('',(15.157983997485,8.07029440346327,-3.66666666666667));
#15353=CARTESIAN_POINT('Origin',(14.8662823116142,9.285782011981,-3.66666666666667));
#15354=CARTESIAN_POINT('Origin',(14.8661206049464,9.28645582520226,-3.36666636582956));
#15355=CARTESIAN_POINT('',(15.3331295089203,7.34048306143099,-3.36666666666667));
#15356=CARTESIAN_POINT('',(15.3328432742558,7.3416757685858,-3.367156946891));
#15357=CARTESIAN_POINT('Origin',(14.866406811527,9.28526323505951,-3.36666666666667));
#15358=CARTESIAN_POINT('Origin',(10.5814285714286,9.285,3.66666666666667));
#15359=CARTESIAN_POINT('',(9.33142857142857,9.285,3.66666666666667));
#15360=CARTESIAN_POINT('Origin',(10.5814285714286,9.285,3.66666666666667));
#15361=CARTESIAN_POINT('Origin',(10.5814285714286,9.285,3.36666666666667));
#15362=CARTESIAN_POINT('',(8.58142857142857,9.285,3.36666666666667));
#15363=CARTESIAN_POINT('',(8.58142857142857,9.285,3.36666666666667));
#15364=CARTESIAN_POINT('Origin',(10.5814285714286,9.285,3.36666666666667));
#15365=CARTESIAN_POINT('Origin',(14.8671428571429,5.,3.66666666666667));
#15366=CARTESIAN_POINT('',(13.6171428571429,5.,3.66666666666667));
#15367=CARTESIAN_POINT('Origin',(14.8671428571429,5.,3.66666666666667));
#15368=CARTESIAN_POINT('Origin',(14.8671428571429,5.,3.36666666666667));
#15369=CARTESIAN_POINT('',(12.8671428571429,5.,3.36666666666667));
#15370=CARTESIAN_POINT('',(12.8671428571429,5.,3.36666666666667));
#15371=CARTESIAN_POINT('Origin',(14.8671428571429,5.,3.36666666666667));
#15372=CARTESIAN_POINT('Origin',(6.29571428571428,5.,3.66666666666667));
#15373=CARTESIAN_POINT('',(5.04571428571429,5.,3.66666666666667));
#15374=CARTESIAN_POINT('Origin',(6.29571428571428,5.,3.66666666666667));
#15375=CARTESIAN_POINT('Origin',(6.29571428571428,5.,3.36666666666667));
#15376=CARTESIAN_POINT('',(4.29571428571428,5.,3.36666666666667));
#15377=CARTESIAN_POINT('',(4.29571428571428,5.,3.36666666666667));
#15378=CARTESIAN_POINT('Origin',(6.29571428571428,5.,3.36666666666667));
#15379=CARTESIAN_POINT('Origin',(14.8664068114646,9.28526323531962,-4.16666666666667));
#15380=CARTESIAN_POINT('',(17.6164068114646,9.28526323531962,-3.36666666666667));
#15381=CARTESIAN_POINT('',(17.6164068114646,9.28526323531962,-4.16666666666667));
#15382=CARTESIAN_POINT('Origin',(14.8664068114646,9.28526323531962,-3.36666666666667));
#15383=CARTESIAN_POINT('Origin',(14.8664068114646,9.28526323531962,-3.36666666666667));
#15384=CARTESIAN_POINT('Origin',(10.5814285714286,5.,-4.16666666666667));
#15385=CARTESIAN_POINT('',(13.3314285714286,5.,-3.36666666666667));
#15386=CARTESIAN_POINT('',(13.3314285714286,5.,-4.16666666666667));
#15387=CARTESIAN_POINT('Origin',(10.5814285714286,5.,-3.36666666666667));
#15388=CARTESIAN_POINT('Origin',(10.5814285714286,5.,-3.36666666666667));
#15389=CARTESIAN_POINT('Origin',(6.29616534045032,9.28497823137281,-4.16666666666667));
#15390=CARTESIAN_POINT('',(9.04616534045032,9.28497823137281,-3.36666666666667));
#15391=CARTESIAN_POINT('',(9.04616534045032,9.28497823137281,-4.16666666666667));
#15392=CARTESIAN_POINT('Origin',(6.29616534045032,9.28497823137281,-3.36666666666667));
#15393=CARTESIAN_POINT('Origin',(6.29616534045032,9.28497823137281,-3.36666666666667));
#15394=CARTESIAN_POINT('Origin',(10.5814285714286,9.285,4.16666666666667));
#15395=CARTESIAN_POINT('',(7.83142857142857,9.285,3.36666666666667));
#15396=CARTESIAN_POINT('',(7.83142857142857,9.285,4.16666666666667));
#15397=CARTESIAN_POINT('Origin',(10.5814285714286,9.285,3.36666666666667));
#15398=CARTESIAN_POINT('Origin',(10.5814285714286,9.285,3.36666666666667));
#15399=CARTESIAN_POINT('Origin',(6.29571428571428,5.,4.16666666666667));
#15400=CARTESIAN_POINT('',(3.54571428571428,5.,3.36666666666667));
#15401=CARTESIAN_POINT('',(3.54571428571428,5.,4.16666666666667));
#15402=CARTESIAN_POINT('Origin',(6.29571428571428,5.,3.36666666666667));
#15403=CARTESIAN_POINT('Origin',(6.29571428571428,5.,3.36666666666667));
#15404=CARTESIAN_POINT('Origin',(14.8671428571429,5.,4.16666666666667));
#15405=CARTESIAN_POINT('',(12.1171428571429,5.,3.36666666666667));
#15406=CARTESIAN_POINT('',(12.1171428571429,5.,4.16666666666667));
#15407=CARTESIAN_POINT('Origin',(14.8671428571429,5.,3.36666666666667));
#15408=CARTESIAN_POINT('Origin',(14.8671428571429,5.,3.36666666666667));
#15409=CARTESIAN_POINT('Origin',(17.2567611415192,11.4775884943726,-2.05));
#15410=CARTESIAN_POINT('',(17.0788635997143,15.16946270305,-2.05));
#15411=CARTESIAN_POINT('',(17.4636585266429,15.0100754255786,-2.05));
#15412=CARTESIAN_POINT('Origin',(14.8668125039617,9.28491674281551,-2.05));
#15413=CARTESIAN_POINT('',(17.0576990651429,15.1513974977286,-2.05));
#15414=CARTESIAN_POINT('Ctrl Pts',(17.0576990651429,15.1513974977286,-2.05));
#15415=CARTESIAN_POINT('Ctrl Pts',(17.0647231038333,15.157455138419,-2.05));
#15416=CARTESIAN_POINT('Ctrl Pts',(17.0717784765,15.163476622669,-2.05));
#15417=CARTESIAN_POINT('Ctrl Pts',(17.0788635997143,15.16946270305,-2.05));
#15418=CARTESIAN_POINT('Origin',(14.7252316546263,17.8559682904148,-2.05));
#15419=CARTESIAN_POINT('',(20.2657671373693,7.78571428572058,-2.05));
#15420=CARTESIAN_POINT('',(14.8671428571429,7.78571428571428,-2.05));
#15421=CARTESIAN_POINT('',(20.156887735199,8.01575889970769,-2.05));
#15422=CARTESIAN_POINT('Origin',(23.4373914226782,9.42762266978389,-2.05));
#15423=CARTESIAN_POINT('',(21.0879966893549,8.57454942715431,-2.05));
#15424=CARTESIAN_POINT('Origin',(22.4388687277432,5.26845661842986,-2.05));
#15425=CARTESIAN_POINT('',(21.113701252763,8.58520609853765,-2.05));
#15426=CARTESIAN_POINT('Ctrl Pts',(21.113701252763,8.58520609853765,-2.05));
#15427=CARTESIAN_POINT('Ctrl Pts',(21.1094261768023,8.58340833801758,-2.05));
#15428=CARTESIAN_POINT('Ctrl Pts',(21.1051465553549,8.58162138666988,-2.05));
#15429=CARTESIAN_POINT('Ctrl Pts',(21.0965783310348,8.57806914773596,-2.05));
#15430=CARTESIAN_POINT('Ctrl Pts',(21.0922897281638,8.57630386015042,-2.05));
#15431=CARTESIAN_POINT('Ctrl Pts',(21.0879966893549,8.57454942715432,-2.05));
#15432=CARTESIAN_POINT('',(21.1463794259147,9.00042111253899,-2.05));
#15433=CARTESIAN_POINT('Origin',(14.8662823116142,9.285782011981,-2.05));
#15434=CARTESIAN_POINT('',(21.1226581938571,9.01496732591285,-2.05));
#15435=CARTESIAN_POINT('Ctrl Pts',(21.1226582428462,9.01496740671855,-2.05));
#15436=CARTESIAN_POINT('Ctrl Pts',(21.1266240447535,9.01256311233582,-2.05));
#15437=CARTESIAN_POINT('Ctrl Pts',(21.1305837318927,9.01014873185098,-2.05));
#15438=CARTESIAN_POINT('Ctrl Pts',(21.1384907743464,9.00529986140362,-2.05));
#15439=CARTESIAN_POINT('Ctrl Pts',(21.1424381296623,9.00286537144026,-2.05));
#15440=CARTESIAN_POINT('Ctrl Pts',(21.1463792679226,9.00042085810097,-2.05));
#15441=CARTESIAN_POINT('',(20.2904269892553,9.71253600355377,-2.05));
#15442=CARTESIAN_POINT('Origin',(22.9740858004551,12.0690339919991,-2.05));
#15443=CARTESIAN_POINT('',(21.0032882637897,10.5317060964177,-2.05));
#15444=CARTESIAN_POINT('Origin',(23.3096829755937,7.80486717470685,-2.05));
#15445=CARTESIAN_POINT('',(21.0244418582903,10.5497841101933,-2.05));
#15446=CARTESIAN_POINT('Ctrl Pts',(21.0244418582903,10.5497841101933,-2.05));
#15447=CARTESIAN_POINT('Ctrl Pts',(21.0209315579751,10.5467532672237,-2.05));
#15448=CARTESIAN_POINT('Ctrl Pts',(21.0174135944352,10.5437312997459,-2.05));
#15449=CARTESIAN_POINT('Ctrl Pts',(21.0103624310581,10.5377051928204,-2.05));
#15450=CARTESIAN_POINT('Ctrl Pts',(21.0068292312208,10.5347010533727,-2.05));
#15451=CARTESIAN_POINT('Ctrl Pts',(21.0032884583118,10.5317058664639,-2.05));
#15452=CARTESIAN_POINT('',(20.9272121520714,10.9547751660714,-2.05));
#15453=CARTESIAN_POINT('Origin',(14.866303466064,9.28551276548761,-2.05));
#15454=CARTESIAN_POINT('',(20.9001568926429,10.96127917295,-2.05));
#15455=CARTESIAN_POINT('Ctrl Pts',(20.9001568926429,10.96127917295,-2.05));
#15456=CARTESIAN_POINT('Ctrl Pts',(20.9091862532381,10.9591571981762,-2.05));
#15457=CARTESIAN_POINT('Ctrl Pts',(20.9182047804048,10.9569886214048,-2.05));
#15458=CARTESIAN_POINT('Ctrl Pts',(20.9272121520714,10.9547751660714,-2.05));
#15459=CARTESIAN_POINT('',(19.8930974063591,11.3675328240675,-2.05));
#15460=CARTESIAN_POINT('Origin',(21.717210680981,14.4379917721969,-2.05));
#15461=CARTESIAN_POINT('',(20.3179315427764,12.3668959685599,-2.05));
#15462=CARTESIAN_POINT('Origin',(23.3540825753933,10.4862333628655,-2.05));
#15463=CARTESIAN_POINT('',(20.332463137106,12.3906261601481,-2.05));
#15464=CARTESIAN_POINT('Ctrl Pts',(20.332463137106,12.3906261601481,-2.05));
#15465=CARTESIAN_POINT('Ctrl Pts',(20.3300612251197,12.3866589147289,-2.05));
#15466=CARTESIAN_POINT('Ctrl Pts',(20.3276492822882,12.3826977423415,-2.05));
#15467=CARTESIAN_POINT('Ctrl Pts',(20.3228053968686,12.3747876447687,-2.05));
#15468=CARTESIAN_POINT('Ctrl Pts',(20.3203734542792,12.3708387195809,-2.05));
#15469=CARTESIAN_POINT('Ctrl Pts',(20.3179315427764,12.3668959685599,-2.05));
#15470=CARTESIAN_POINT('',(20.1148431102961,12.7457497715009,-2.05));
#15471=CARTESIAN_POINT('Origin',(14.8664068114641,9.28526323531928,-2.05));
#15472=CARTESIAN_POINT('',(20.0871021432173,12.7435750544645,-2.05));
#15473=CARTESIAN_POINT('Ctrl Pts',(20.0871021353508,12.7435751486372,-2.05));
#15474=CARTESIAN_POINT('Ctrl Pts',(20.091723745265,12.7439610734998,-2.05));
#15475=CARTESIAN_POINT('Ctrl Pts',(20.0963463366899,12.7443352443626,-2.05));
#15476=CARTESIAN_POINT('Ctrl Pts',(20.1055933629382,12.7450600687122,-2.05));
#15477=CARTESIAN_POINT('Ctrl Pts',(20.110217797763,12.7454107221991,-2.05));
#15478=CARTESIAN_POINT('Ctrl Pts',(20.1148430944771,12.7457496123097,-2.05));
#15479=CARTESIAN_POINT('',(19.0037923742148,12.8187467410165,-2.05));
#15480=CARTESIAN_POINT('Origin',(19.789803195033,16.3026087335962,-2.05));
#15481=CARTESIAN_POINT('',(19.0990131602886,13.9004786113973,-2.05));
#15482=CARTESIAN_POINT('Origin',(22.5677213814574,13.0500843802662,-2.05));
#15483=CARTESIAN_POINT('',(19.1055008784286,13.9275377813571,-2.05));
#15484=CARTESIAN_POINT('Ctrl Pts',(19.1055008784286,13.9275377813571,-2.05));
#15485=CARTESIAN_POINT('Ctrl Pts',(19.1033838204524,13.9185072667024,-2.05));
#15486=CARTESIAN_POINT('Ctrl Pts',(19.101221710881,13.909487186969,-2.05));
#15487=CARTESIAN_POINT('Ctrl Pts',(19.0990131602857,13.9004786113857,-2.05));
#15488=CARTESIAN_POINT('',(18.7887926464367,14.1980319844184,-2.05));
#15489=CARTESIAN_POINT('Origin',(14.8665822042183,9.28505784659347,-2.05));
#15490=CARTESIAN_POINT('',(18.7630813726372,14.1873915187484,-2.05));
#15491=CARTESIAN_POINT('Ctrl Pts',(18.7630813726372,14.1873915187484,-2.05));
#15492=CARTESIAN_POINT('Ctrl Pts',(18.7673575275351,14.1891867111086,-2.05));
#15493=CARTESIAN_POINT('Ctrl Pts',(18.7716382480899,14.1909710280552,-2.05));
#15494=CARTESIAN_POINT('Ctrl Pts',(18.7802087096467,14.1945178652396,-2.05));
#15495=CARTESIAN_POINT('Ctrl Pts',(18.7844984506477,14.196280385477,-2.05));
#15496=CARTESIAN_POINT('Ctrl Pts',(18.7887926464367,14.1980319844184,-2.05));
#15497=CARTESIAN_POINT('',(17.7095632659706,13.9241228252973,-2.05));
#15498=CARTESIAN_POINT('Origin',(17.3805314169865,17.4803631758684,-2.05));
#15499=CARTESIAN_POINT('',(17.4658500834286,14.9823358104714,-2.05));
#15500=CARTESIAN_POINT('Origin',(21.0275708319424,15.2454516995128,-2.05));
#15501=CARTESIAN_POINT('Ctrl Pts',(17.4636585266429,15.0100754255786,-2.05));
#15502=CARTESIAN_POINT('Ctrl Pts',(17.4644356673571,15.0008326888524,-2.05));
#15503=CARTESIAN_POINT('Ctrl Pts',(17.465166736881,14.9915859546381,-2.05));
#15504=CARTESIAN_POINT('Ctrl Pts',(17.4658500834286,14.9823358104714,-2.05));
#15505=CARTESIAN_POINT('Origin',(14.8671428571429,7.78571428571428,0.));
#15506=CARTESIAN_POINT('',(20.2657671373693,7.78571428572058,0.));
#15507=CARTESIAN_POINT('Origin',(23.4373914226782,9.42762266978389,0.));
#15508=CARTESIAN_POINT('',(20.2657671373693,7.78571428572058,0.));
#15509=CARTESIAN_POINT('',(20.156887735199,8.01575889970769,0.));
#15510=CARTESIAN_POINT('Origin',(23.4373914226782,9.42762266978389,0.));
#15511=CARTESIAN_POINT('',(20.156887735199,8.01575889970769,0.));
#15512=CARTESIAN_POINT('',(20.2657671373693,7.78571428572058,0.));
#15513=CARTESIAN_POINT('Origin',(22.4388687277432,5.26845661842986,0.));
#15514=CARTESIAN_POINT('',(21.0879966893549,8.57454942715431,0.));
#15515=CARTESIAN_POINT('Origin',(22.4388687277432,5.26845661842986,0.));
#15516=CARTESIAN_POINT('',(21.0879966893549,8.57454942715431,0.));
#15517=CARTESIAN_POINT('Ctrl Pts',(21.0879966893549,8.57454942715431,-4.16666666666667));
#15518=CARTESIAN_POINT('Ctrl Pts',(21.0879966893549,8.57454942715431,4.16666666666667));
#15519=CARTESIAN_POINT('Ctrl Pts',(21.0965827669734,8.57805829314685,-4.16666666666667));
#15520=CARTESIAN_POINT('Ctrl Pts',(21.0965827669734,8.57805829314685,4.16666666666667));
#15521=CARTESIAN_POINT('Ctrl Pts',(21.1051511008418,8.58161057749763,-4.16666666666667));
#15522=CARTESIAN_POINT('Ctrl Pts',(21.1051511008418,8.58161057749763,4.16666666666667));
#15523=CARTESIAN_POINT('Ctrl Pts',(21.113701252763,8.58520609853765,-4.16666666666667));
#15524=CARTESIAN_POINT('Ctrl Pts',(21.113701252763,8.58520609853765,4.16666666666667));
#15525=CARTESIAN_POINT('',(21.113701252763,8.58520609853765,0.));
#15526=CARTESIAN_POINT('Ctrl Pts',(21.0879966893549,8.57454942715431,-4.16666666666667));
#15527=CARTESIAN_POINT('Ctrl Pts',(21.0879966893549,8.57454942715431,4.16666666666667));
#15528=CARTESIAN_POINT('Ctrl Pts',(21.0965827669734,8.57805829314685,-4.16666666666667));
#15529=CARTESIAN_POINT('Ctrl Pts',(21.0965827669734,8.57805829314685,4.16666666666667));
#15530=CARTESIAN_POINT('Ctrl Pts',(21.1051511008418,8.58161057749763,-4.16666666666667));
#15531=CARTESIAN_POINT('Ctrl Pts',(21.1051511008418,8.58161057749763,4.16666666666667));
#15532=CARTESIAN_POINT('Ctrl Pts',(21.113701252763,8.58520609853765,-4.16666666666667));
#15533=CARTESIAN_POINT('Ctrl Pts',(21.113701252763,8.58520609853765,4.16666666666667));
#15534=CARTESIAN_POINT('',(21.113701252763,8.58520609853765,0.));
#15535=CARTESIAN_POINT('Origin',(14.8662823116142,9.285782011981,0.));
#15536=CARTESIAN_POINT('',(21.1463794259147,9.00042111253899,0.));
#15537=CARTESIAN_POINT('Origin',(14.8662823116142,9.285782011981,0.));
#15538=CARTESIAN_POINT('',(21.1463794259147,9.00042111253899,0.));
#15539=CARTESIAN_POINT('Ctrl Pts',(21.1463792679226,9.00042085810097,-4.16666666666667));
#15540=CARTESIAN_POINT('Ctrl Pts',(21.1463792679226,9.00042085810097,4.16666666666667));
#15541=CARTESIAN_POINT('Ctrl Pts',(21.1384969914026,9.00530988477919,-4.16666666666667));
#15542=CARTESIAN_POINT('Ctrl Pts',(21.1384969914026,9.00530988477919,4.16666666666667));
#15543=CARTESIAN_POINT('Ctrl Pts',(21.1305898466613,9.01015881795287,-4.16666666666667));
#15544=CARTESIAN_POINT('Ctrl Pts',(21.1305898466613,9.01015881795287,4.16666666666667));
#15545=CARTESIAN_POINT('Ctrl Pts',(21.1226582428462,9.01496740671855,-4.16666666666667));
#15546=CARTESIAN_POINT('Ctrl Pts',(21.1226582428462,9.01496740671855,4.16666666666667));
#15547=CARTESIAN_POINT('',(21.1226581938571,9.01496732591285,0.));
#15548=CARTESIAN_POINT('Ctrl Pts',(21.1463792679226,9.00042085810097,-4.16666666666667));
#15549=CARTESIAN_POINT('Ctrl Pts',(21.1463792679226,9.00042085810097,4.16666666666667));
#15550=CARTESIAN_POINT('Ctrl Pts',(21.1384969914026,9.00530988477919,-4.16666666666667));
#15551=CARTESIAN_POINT('Ctrl Pts',(21.1384969914026,9.00530988477919,4.16666666666667));
#15552=CARTESIAN_POINT('Ctrl Pts',(21.1305898466613,9.01015881795287,-4.16666666666667));
#15553=CARTESIAN_POINT('Ctrl Pts',(21.1305898466613,9.01015881795287,4.16666666666667));
#15554=CARTESIAN_POINT('Ctrl Pts',(21.1226582428462,9.01496740671855,-4.16666666666667));
#15555=CARTESIAN_POINT('Ctrl Pts',(21.1226582428462,9.01496740671855,4.16666666666667));
#15556=CARTESIAN_POINT('',(21.1226581938571,9.01496732591285,0.));
#15557=CARTESIAN_POINT('Origin',(22.9740858004551,12.0690339919991,0.));
#15558=CARTESIAN_POINT('',(20.2904269892553,9.71253600355377,0.));
#15559=CARTESIAN_POINT('Origin',(22.9740858004551,12.0690339919991,0.));
#15560=CARTESIAN_POINT('',(20.2904269892553,9.71253600355377,0.));
#15561=CARTESIAN_POINT('Origin',(23.3096829755937,7.80486717470685,0.));
#15562=CARTESIAN_POINT('',(21.0032882637897,10.5317060964177,0.));
#15563=CARTESIAN_POINT('Origin',(23.3096829755937,7.80486717470685,0.));
#15564=CARTESIAN_POINT('',(21.0032882637897,10.5317060964177,0.));
#15565=CARTESIAN_POINT('Ctrl Pts',(21.0032884583118,10.5317058664639,-4.16666666666667));
#15566=CARTESIAN_POINT('Ctrl Pts',(21.0032884583118,10.5317058664639,4.16666666666667));
#15567=CARTESIAN_POINT('Ctrl Pts',(21.0103700041298,10.5376962402815,-4.16666666666667));
#15568=CARTESIAN_POINT('Ctrl Pts',(21.0103700041298,10.5376962402815,4.16666666666667));
#15569=CARTESIAN_POINT('Ctrl Pts',(21.0174212576595,10.5437224242537,-4.16666666666667));
#15570=CARTESIAN_POINT('Ctrl Pts',(21.0174212576595,10.5437224242537,4.16666666666667));
#15571=CARTESIAN_POINT('Ctrl Pts',(21.0244418582903,10.5497841101933,-4.16666666666667));
#15572=CARTESIAN_POINT('Ctrl Pts',(21.0244418582903,10.5497841101933,4.16666666666667));
#15573=CARTESIAN_POINT('',(21.0244418582903,10.5497841101933,0.));
#15574=CARTESIAN_POINT('Ctrl Pts',(21.0032884583118,10.5317058664639,-4.16666666666667));
#15575=CARTESIAN_POINT('Ctrl Pts',(21.0032884583118,10.5317058664639,4.16666666666667));
#15576=CARTESIAN_POINT('Ctrl Pts',(21.0103700041298,10.5376962402815,-4.16666666666667));
#15577=CARTESIAN_POINT('Ctrl Pts',(21.0103700041298,10.5376962402815,4.16666666666667));
#15578=CARTESIAN_POINT('Ctrl Pts',(21.0174212576595,10.5437224242537,-4.16666666666667));
#15579=CARTESIAN_POINT('Ctrl Pts',(21.0174212576595,10.5437224242537,4.16666666666667));
#15580=CARTESIAN_POINT('Ctrl Pts',(21.0244418582903,10.5497841101933,-4.16666666666667));
#15581=CARTESIAN_POINT('Ctrl Pts',(21.0244418582903,10.5497841101933,4.16666666666667));
#15582=CARTESIAN_POINT('',(21.0244418582903,10.5497841101933,0.));
#15583=CARTESIAN_POINT('Origin',(14.866303466064,9.28551276548761,0.));
#15584=CARTESIAN_POINT('',(20.9272121520714,10.9547751660714,0.));
#15585=CARTESIAN_POINT('Origin',(14.866303466064,9.28551276548761,0.));
#15586=CARTESIAN_POINT('',(20.9272121520714,10.9547751660714,0.));
#15587=CARTESIAN_POINT('Ctrl Pts',(20.9272121520714,10.9547751660714,-4.16666666666667));
#15588=CARTESIAN_POINT('Ctrl Pts',(20.9272121520714,10.9547751660714,4.16666666666667));
#15589=CARTESIAN_POINT('Ctrl Pts',(20.9218077290714,10.9561032392714,-4.16666666666667));
#15590=CARTESIAN_POINT('Ctrl Pts',(20.9218077290714,10.9561032392714,4.16666666666667));
#15591=CARTESIAN_POINT('Ctrl Pts',(20.9163999962143,10.9574178438571,-4.16666666666667));
#15592=CARTESIAN_POINT('Ctrl Pts',(20.9163999962143,10.9574178438571,4.16666666666667));
#15593=CARTESIAN_POINT('Ctrl Pts',(20.9109888403571,10.9587188252286,-4.16666666666667));
#15594=CARTESIAN_POINT('Ctrl Pts',(20.9109888403571,10.9587188252286,4.16666666666667));
#15595=CARTESIAN_POINT('Ctrl Pts',(20.905574509,10.9600059880857,-4.16666666666667));
#15596=CARTESIAN_POINT('Ctrl Pts',(20.905574509,10.9600059880857,4.16666666666667));
#15597=CARTESIAN_POINT('Ctrl Pts',(20.9001568926429,10.96127917295,-4.16666666666667));
#15598=CARTESIAN_POINT('Ctrl Pts',(20.9001568926429,10.96127917295,4.16666666666667));
#15599=CARTESIAN_POINT('',(20.9001568926429,10.96127917295,0.));
#15600=CARTESIAN_POINT('Ctrl Pts',(20.9272121520714,10.9547751660714,-4.16666666666667));
#15601=CARTESIAN_POINT('Ctrl Pts',(20.9272121520714,10.9547751660714,4.16666666666667));
#15602=CARTESIAN_POINT('Ctrl Pts',(20.9218077290714,10.9561032392714,-4.16666666666667));
#15603=CARTESIAN_POINT('Ctrl Pts',(20.9218077290714,10.9561032392714,4.16666666666667));
#15604=CARTESIAN_POINT('Ctrl Pts',(20.9163999962143,10.9574178438571,-4.16666666666667));
#15605=CARTESIAN_POINT('Ctrl Pts',(20.9163999962143,10.9574178438571,4.16666666666667));
#15606=CARTESIAN_POINT('Ctrl Pts',(20.9109888403571,10.9587188252286,-4.16666666666667));
#15607=CARTESIAN_POINT('Ctrl Pts',(20.9109888403571,10.9587188252286,4.16666666666667));
#15608=CARTESIAN_POINT('Ctrl Pts',(20.905574509,10.9600059880857,-4.16666666666667));
#15609=CARTESIAN_POINT('Ctrl Pts',(20.905574509,10.9600059880857,4.16666666666667));
#15610=CARTESIAN_POINT('Ctrl Pts',(20.9001568926429,10.96127917295,-4.16666666666667));
#15611=CARTESIAN_POINT('Ctrl Pts',(20.9001568926429,10.96127917295,4.16666666666667));
#15612=CARTESIAN_POINT('',(20.9001568926429,10.96127917295,0.));
#15613=CARTESIAN_POINT('Origin',(21.717210680981,14.4379917721969,0.));
#15614=CARTESIAN_POINT('',(19.8930974063591,11.3675328240675,0.));
#15615=CARTESIAN_POINT('Origin',(21.717210680981,14.4379917721969,0.));
#15616=CARTESIAN_POINT('',(19.8930974063591,11.3675328240675,0.));
#15617=CARTESIAN_POINT('Origin',(23.3540825753933,10.4862333628655,0.));
#15618=CARTESIAN_POINT('',(20.3179315427764,12.3668959685599,0.));
#15619=CARTESIAN_POINT('Origin',(23.3540825753933,10.4862333628655,0.));
#15620=CARTESIAN_POINT('',(20.3179315427764,12.3668959685599,0.));
#15621=CARTESIAN_POINT('Ctrl Pts',(20.3179315427764,12.3668959685599,-4.16666666666667));
#15622=CARTESIAN_POINT('Ctrl Pts',(20.3179315427764,12.3668959685599,4.16666666666667));
#15623=CARTESIAN_POINT('Ctrl Pts',(20.322815365782,12.3747814706018,-4.16666666666667));
#15624=CARTESIAN_POINT('Ctrl Pts',(20.322815365782,12.3747814706018,4.16666666666667));
#15625=CARTESIAN_POINT('Ctrl Pts',(20.327659313134,12.3826916693108,-4.16666666666667));
#15626=CARTESIAN_POINT('Ctrl Pts',(20.327659313134,12.3826916693108,4.16666666666667));
#15627=CARTESIAN_POINT('Ctrl Pts',(20.332463137106,12.3906261601481,-4.16666666666667));
#15628=CARTESIAN_POINT('Ctrl Pts',(20.332463137106,12.3906261601481,4.16666666666667));
#15629=CARTESIAN_POINT('',(20.332463137106,12.3906261601481,0.));
#15630=CARTESIAN_POINT('Ctrl Pts',(20.3179315427764,12.3668959685599,-4.16666666666667));
#15631=CARTESIAN_POINT('Ctrl Pts',(20.3179315427764,12.3668959685599,4.16666666666667));
#15632=CARTESIAN_POINT('Ctrl Pts',(20.322815365782,12.3747814706018,-4.16666666666667));
#15633=CARTESIAN_POINT('Ctrl Pts',(20.322815365782,12.3747814706018,4.16666666666667));
#15634=CARTESIAN_POINT('Ctrl Pts',(20.327659313134,12.3826916693108,-4.16666666666667));
#15635=CARTESIAN_POINT('Ctrl Pts',(20.327659313134,12.3826916693108,4.16666666666667));
#15636=CARTESIAN_POINT('Ctrl Pts',(20.332463137106,12.3906261601481,-4.16666666666667));
#15637=CARTESIAN_POINT('Ctrl Pts',(20.332463137106,12.3906261601481,4.16666666666667));
#15638=CARTESIAN_POINT('',(20.332463137106,12.3906261601481,0.));
#15639=CARTESIAN_POINT('Origin',(14.8664068114641,9.28526323531928,0.));
#15640=CARTESIAN_POINT('',(20.1148431102961,12.7457497715009,0.));
#15641=CARTESIAN_POINT('Origin',(14.8664068114641,9.28526323531928,0.));
#15642=CARTESIAN_POINT('',(20.1148431102961,12.7457497715009,0.));
#15643=CARTESIAN_POINT('Ctrl Pts',(20.1148430944771,12.7457496123097,-4.16666666666667));
#15644=CARTESIAN_POINT('Ctrl Pts',(20.1148430944771,12.7457496123097,4.16666666666667));
#15645=CARTESIAN_POINT('Ctrl Pts',(20.1055925010494,12.7450718320884,-4.16666666666667));
#15646=CARTESIAN_POINT('Ctrl Pts',(20.1055925010494,12.7450718320884,4.16666666666667));
#15647=CARTESIAN_POINT('Ctrl Pts',(20.096345355179,12.7443469983623,-4.16666666666667));
#15648=CARTESIAN_POINT('Ctrl Pts',(20.096345355179,12.7443469983623,4.16666666666667));
#15649=CARTESIAN_POINT('Ctrl Pts',(20.0871021353508,12.7435751486372,-4.16666666666667));
#15650=CARTESIAN_POINT('Ctrl Pts',(20.0871021353508,12.7435751486372,4.16666666666667));
#15651=CARTESIAN_POINT('',(20.0871021432173,12.7435750544645,0.));
#15652=CARTESIAN_POINT('Ctrl Pts',(20.1148430944771,12.7457496123097,-4.16666666666667));
#15653=CARTESIAN_POINT('Ctrl Pts',(20.1148430944771,12.7457496123097,4.16666666666667));
#15654=CARTESIAN_POINT('Ctrl Pts',(20.1055925010494,12.7450718320884,-4.16666666666667));
#15655=CARTESIAN_POINT('Ctrl Pts',(20.1055925010494,12.7450718320884,4.16666666666667));
#15656=CARTESIAN_POINT('Ctrl Pts',(20.096345355179,12.7443469983623,-4.16666666666667));
#15657=CARTESIAN_POINT('Ctrl Pts',(20.096345355179,12.7443469983623,4.16666666666667));
#15658=CARTESIAN_POINT('Ctrl Pts',(20.0871021353508,12.7435751486372,-4.16666666666667));
#15659=CARTESIAN_POINT('Ctrl Pts',(20.0871021353508,12.7435751486372,4.16666666666667));
#15660=CARTESIAN_POINT('',(20.0871021432173,12.7435750544645,0.));
#15661=CARTESIAN_POINT('Origin',(19.789803195033,16.3026087335962,0.));
#15662=CARTESIAN_POINT('',(19.0037923742148,12.8187467410165,0.));
#15663=CARTESIAN_POINT('Origin',(19.789803195033,16.3026087335962,0.));
#15664=CARTESIAN_POINT('',(19.0037923742148,12.8187467410165,0.));
#15665=CARTESIAN_POINT('Origin',(22.5677213814574,13.0500843802662,0.));
#15666=CARTESIAN_POINT('',(19.0990131602886,13.9004786113973,0.));
#15667=CARTESIAN_POINT('Origin',(22.5677213814574,13.0500843802662,0.));
#15668=CARTESIAN_POINT('',(19.0990131602886,13.9004786113973,0.));
#15669=CARTESIAN_POINT('Ctrl Pts',(19.0990131602857,13.9004786113857,-4.16666666666667));
#15670=CARTESIAN_POINT('Ctrl Pts',(19.0990131602857,13.9004786113857,4.16666666666667));
#15671=CARTESIAN_POINT('Ctrl Pts',(19.1003382906429,13.9058837567357,-4.16666666666667));
#15672=CARTESIAN_POINT('Ctrl Pts',(19.1003382906429,13.9058837567357,4.16666666666667));
#15673=CARTESIAN_POINT('Ctrl Pts',(19.1016494751429,13.9112923210214,-4.16666666666667));
#15674=CARTESIAN_POINT('Ctrl Pts',(19.1016494751429,13.9112923210214,4.16666666666667));
#15675=CARTESIAN_POINT('Ctrl Pts',(19.1029469055714,13.9167043293429,-4.16666666666667));
#15676=CARTESIAN_POINT('Ctrl Pts',(19.1029469055714,13.9167043293429,4.16666666666667));
#15677=CARTESIAN_POINT('Ctrl Pts',(19.1042306436429,13.9221194725643,-4.16666666666667));
#15678=CARTESIAN_POINT('Ctrl Pts',(19.1042306436429,13.9221194725643,4.16666666666667));
#15679=CARTESIAN_POINT('Ctrl Pts',(19.1055008784286,13.9275377813571,-4.16666666666667));
#15680=CARTESIAN_POINT('Ctrl Pts',(19.1055008784286,13.9275377813571,4.16666666666667));
#15681=CARTESIAN_POINT('',(19.1055008784286,13.9275377813571,0.));
#15682=CARTESIAN_POINT('Ctrl Pts',(19.0990131602857,13.9004786113857,-4.16666666666667));
#15683=CARTESIAN_POINT('Ctrl Pts',(19.0990131602857,13.9004786113857,4.16666666666667));
#15684=CARTESIAN_POINT('Ctrl Pts',(19.1003382906429,13.9058837567357,-4.16666666666667));
#15685=CARTESIAN_POINT('Ctrl Pts',(19.1003382906429,13.9058837567357,4.16666666666667));
#15686=CARTESIAN_POINT('Ctrl Pts',(19.1016494751429,13.9112923210214,-4.16666666666667));
#15687=CARTESIAN_POINT('Ctrl Pts',(19.1016494751429,13.9112923210214,4.16666666666667));
#15688=CARTESIAN_POINT('Ctrl Pts',(19.1029469055714,13.9167043293429,-4.16666666666667));
#15689=CARTESIAN_POINT('Ctrl Pts',(19.1029469055714,13.9167043293429,4.16666666666667));
#15690=CARTESIAN_POINT('Ctrl Pts',(19.1042306436429,13.9221194725643,-4.16666666666667));
#15691=CARTESIAN_POINT('Ctrl Pts',(19.1042306436429,13.9221194725643,4.16666666666667));
#15692=CARTESIAN_POINT('Ctrl Pts',(19.1055008784286,13.9275377813571,-4.16666666666667));
#15693=CARTESIAN_POINT('Ctrl Pts',(19.1055008784286,13.9275377813571,4.16666666666667));
#15694=CARTESIAN_POINT('',(19.1055008784286,13.9275377813571,0.));
#15695=CARTESIAN_POINT('Origin',(14.8665822042183,9.28505784659347,0.));
#15696=CARTESIAN_POINT('',(18.7887926464367,14.1980319844184,0.));
#15697=CARTESIAN_POINT('Origin',(14.8665822042183,9.28505784659347,0.));
#15698=CARTESIAN_POINT('',(18.7887926464367,14.1980319844184,0.));
#15699=CARTESIAN_POINT('Ctrl Pts',(18.7887926464367,14.1980319844184,-4.16666666666667));
#15700=CARTESIAN_POINT('Ctrl Pts',(18.7887926464367,14.1980319844184,4.16666666666667));
#15701=CARTESIAN_POINT('Ctrl Pts',(18.7802042548589,14.1945287865357,-4.16666666666667));
#15702=CARTESIAN_POINT('Ctrl Pts',(18.7802042548589,14.1945287865357,4.16666666666667));
#15703=CARTESIAN_POINT('Ctrl Pts',(18.7716336824337,14.190981903469,-4.16666666666667));
#15704=CARTESIAN_POINT('Ctrl Pts',(18.7716336824337,14.190981903469,4.16666666666667));
#15705=CARTESIAN_POINT('Ctrl Pts',(18.7630813726372,14.1873915187484,-4.16666666666667));
#15706=CARTESIAN_POINT('Ctrl Pts',(18.7630813726372,14.1873915187484,4.16666666666667));
#15707=CARTESIAN_POINT('',(18.7630813726372,14.1873915187484,0.));
#15708=CARTESIAN_POINT('Ctrl Pts',(18.7887926464367,14.1980319844184,-4.16666666666667));
#15709=CARTESIAN_POINT('Ctrl Pts',(18.7887926464367,14.1980319844184,4.16666666666667));
#15710=CARTESIAN_POINT('Ctrl Pts',(18.7802042548589,14.1945287865357,-4.16666666666667));
#15711=CARTESIAN_POINT('Ctrl Pts',(18.7802042548589,14.1945287865357,4.16666666666667));
#15712=CARTESIAN_POINT('Ctrl Pts',(18.7716336824337,14.190981903469,-4.16666666666667));
#15713=CARTESIAN_POINT('Ctrl Pts',(18.7716336824337,14.190981903469,4.16666666666667));
#15714=CARTESIAN_POINT('Ctrl Pts',(18.7630813726372,14.1873915187484,-4.16666666666667));
#15715=CARTESIAN_POINT('Ctrl Pts',(18.7630813726372,14.1873915187484,4.16666666666667));
#15716=CARTESIAN_POINT('',(18.7630813726372,14.1873915187484,0.));
#15717=CARTESIAN_POINT('Origin',(17.3805314169865,17.4803631758684,0.));
#15718=CARTESIAN_POINT('',(17.7095632659706,13.9241228252973,0.));
#15719=CARTESIAN_POINT('Origin',(17.3805314169865,17.4803631758684,0.));
#15720=CARTESIAN_POINT('',(17.7095632659706,13.9241228252973,0.));
#15721=CARTESIAN_POINT('Origin',(21.0275708319424,15.2454516995128,0.));
#15722=CARTESIAN_POINT('',(17.4658500834286,14.9823358104714,0.));
#15723=CARTESIAN_POINT('Origin',(21.0275708319424,15.2454516995128,0.));
#15724=CARTESIAN_POINT('',(17.4658500834286,14.9823358104714,0.));
#15725=CARTESIAN_POINT('Ctrl Pts',(17.4658500834286,14.9823358104714,-4.16666666666667));
#15726=CARTESIAN_POINT('Ctrl Pts',(17.4658500834286,14.9823358104714,4.16666666666667));
#15727=CARTESIAN_POINT('Ctrl Pts',(17.4654400755,14.9878858969714,-4.16666666666667));
#15728=CARTESIAN_POINT('Ctrl Pts',(17.4654400755,14.9878858969714,4.16666666666667));
#15729=CARTESIAN_POINT('Ctrl Pts',(17.4650157477857,14.9934349255714,-4.16666666666667));
#15730=CARTESIAN_POINT('Ctrl Pts',(17.4650157477857,14.9934349255714,4.16666666666667));
#15731=CARTESIAN_POINT('Ctrl Pts',(17.4645772748571,14.9989829794143,-4.16666666666667));
#15732=CARTESIAN_POINT('Ctrl Pts',(17.4645772748571,14.9989829794143,4.16666666666667));
#15733=CARTESIAN_POINT('Ctrl Pts',(17.4641248110714,15.0045297835429,-4.16666666666667));
#15734=CARTESIAN_POINT('Ctrl Pts',(17.4641248110714,15.0045297835429,4.16666666666667));
#15735=CARTESIAN_POINT('Ctrl Pts',(17.4636585266429,15.0100754255786,-4.16666666666667));
#15736=CARTESIAN_POINT('Ctrl Pts',(17.4636585266429,15.0100754255786,4.16666666666667));
#15737=CARTESIAN_POINT('',(17.4636585266429,15.0100754255786,0.));
#15738=CARTESIAN_POINT('Ctrl Pts',(17.4658500834286,14.9823358104714,-4.16666666666667));
#15739=CARTESIAN_POINT('Ctrl Pts',(17.4658500834286,14.9823358104714,4.16666666666667));
#15740=CARTESIAN_POINT('Ctrl Pts',(17.4654400755,14.9878858969714,-4.16666666666667));
#15741=CARTESIAN_POINT('Ctrl Pts',(17.4654400755,14.9878858969714,4.16666666666667));
#15742=CARTESIAN_POINT('Ctrl Pts',(17.4650157477857,14.9934349255714,-4.16666666666667));
#15743=CARTESIAN_POINT('Ctrl Pts',(17.4650157477857,14.9934349255714,4.16666666666667));
#15744=CARTESIAN_POINT('Ctrl Pts',(17.4645772748571,14.9989829794143,-4.16666666666667));
#15745=CARTESIAN_POINT('Ctrl Pts',(17.4645772748571,14.9989829794143,4.16666666666667));
#15746=CARTESIAN_POINT('Ctrl Pts',(17.4641248110714,15.0045297835429,-4.16666666666667));
#15747=CARTESIAN_POINT('Ctrl Pts',(17.4641248110714,15.0045297835429,4.16666666666667));
#15748=CARTESIAN_POINT('Ctrl Pts',(17.4636585266429,15.0100754255786,-4.16666666666667));
#15749=CARTESIAN_POINT('Ctrl Pts',(17.4636585266429,15.0100754255786,4.16666666666667));
#15750=CARTESIAN_POINT('',(17.4636585266429,15.0100754255786,0.));
#15751=CARTESIAN_POINT('Origin',(14.8668125039617,9.28491674281551,0.));
#15752=CARTESIAN_POINT('',(17.0788635997143,15.16946270305,0.));
#15753=CARTESIAN_POINT('Origin',(14.8668125039617,9.28491674281551,0.));
#15754=CARTESIAN_POINT('',(17.0788635997143,15.16946270305,0.));
#15755=CARTESIAN_POINT('Ctrl Pts',(17.0788635997143,15.16946270305,-4.16666666666667));
#15756=CARTESIAN_POINT('Ctrl Pts',(17.0788635997143,15.16946270305,4.16666666666667));
#15757=CARTESIAN_POINT('Ctrl Pts',(17.0746125257857,15.1658710548214,-4.16666666666667));
#15758=CARTESIAN_POINT('Ctrl Pts',(17.0746125257857,15.1658710548214,4.16666666666667));
#15759=CARTESIAN_POINT('Ctrl Pts',(17.0703704027143,15.1622688122571,-4.16666666666667));
#15760=CARTESIAN_POINT('Ctrl Pts',(17.0703704027143,15.1622688122571,4.16666666666667));
#15761=CARTESIAN_POINT('Ctrl Pts',(17.0661372890714,15.1586557928857,-4.16666666666667));
#15762=CARTESIAN_POINT('Ctrl Pts',(17.0661372890714,15.1586557928857,4.16666666666667));
#15763=CARTESIAN_POINT('Ctrl Pts',(17.0619134883571,15.1550320821429,-4.16666666666667));
#15764=CARTESIAN_POINT('Ctrl Pts',(17.0619134883571,15.1550320821429,4.16666666666667));
#15765=CARTESIAN_POINT('Ctrl Pts',(17.0576990651429,15.1513974977286,-4.16666666666667));
#15766=CARTESIAN_POINT('Ctrl Pts',(17.0576990651429,15.1513974977286,4.16666666666667));
#15767=CARTESIAN_POINT('',(17.0576990651429,15.1513974977286,0.));
#15768=CARTESIAN_POINT('Ctrl Pts',(17.0788635997143,15.16946270305,-4.16666666666667));
#15769=CARTESIAN_POINT('Ctrl Pts',(17.0788635997143,15.16946270305,4.16666666666667));
#15770=CARTESIAN_POINT('Ctrl Pts',(17.0746125257857,15.1658710548214,-4.16666666666667));
#15771=CARTESIAN_POINT('Ctrl Pts',(17.0746125257857,15.1658710548214,4.16666666666667));
#15772=CARTESIAN_POINT('Ctrl Pts',(17.0703704027143,15.1622688122571,-4.16666666666667));
#15773=CARTESIAN_POINT('Ctrl Pts',(17.0703704027143,15.1622688122571,4.16666666666667));
#15774=CARTESIAN_POINT('Ctrl Pts',(17.0661372890714,15.1586557928857,-4.16666666666667));
#15775=CARTESIAN_POINT('Ctrl Pts',(17.0661372890714,15.1586557928857,4.16666666666667));
#15776=CARTESIAN_POINT('Ctrl Pts',(17.0619134883571,15.1550320821429,-4.16666666666667));
#15777=CARTESIAN_POINT('Ctrl Pts',(17.0619134883571,15.1550320821429,4.16666666666667));
#15778=CARTESIAN_POINT('Ctrl Pts',(17.0576990651429,15.1513974977286,-4.16666666666667));
#15779=CARTESIAN_POINT('Ctrl Pts',(17.0576990651429,15.1513974977286,4.16666666666667));
#15780=CARTESIAN_POINT('',(17.0576990651429,15.1513974977286,0.));
#15781=CARTESIAN_POINT('Origin',(14.7252316546263,17.8559682904148,0.));
#15782=CARTESIAN_POINT('',(16.1370982431462,14.5754591637708,0.));
#15783=CARTESIAN_POINT('Ctrl Pts',(15.5783074369286,15.5065680040214,-4.16666666666667));
#15784=CARTESIAN_POINT('Ctrl Pts',(15.5783074369286,15.5065680040214,4.16666666666667));
#15785=CARTESIAN_POINT('Ctrl Pts',(15.5762024252143,15.5117197505357,-4.16666666666667));
#15786=CARTESIAN_POINT('Ctrl Pts',(15.5762024252143,15.5117197505357,4.16666666666667));
#15787=CARTESIAN_POINT('Ctrl Pts',(15.5740841214286,15.5168660658714,-4.16666666666667));
#15788=CARTESIAN_POINT('Ctrl Pts',(15.5740841214286,15.5168660658714,4.16666666666667));
#15789=CARTESIAN_POINT('Ctrl Pts',(15.571952666,15.5220070830571,-4.16666666666667));
#15790=CARTESIAN_POINT('Ctrl Pts',(15.571952666,15.5220070830571,4.16666666666667));
#15791=CARTESIAN_POINT('Ctrl Pts',(15.5698082905714,15.5271425882643,-4.16666666666667));
#15792=CARTESIAN_POINT('Ctrl Pts',(15.5698082905714,15.5271425882643,4.16666666666667));
#15793=CARTESIAN_POINT('Ctrl Pts',(15.5676511301429,15.53227271745,-4.16666666666667));
#15794=CARTESIAN_POINT('Ctrl Pts',(15.5676511301429,15.53227271745,4.16666666666667));
#15795=CARTESIAN_POINT('',(15.5676511301429,15.53227271745,0.));
#15796=CARTESIAN_POINT('',(15.5783074369266,15.5065680040263,0.));
#15797=CARTESIAN_POINT('Origin',(18.8844005256914,16.857440157009,0.));
#15798=CARTESIAN_POINT('Origin',(23.4373962907199,9.42762517026861,0.));
#15799=CARTESIAN_POINT('',(20.6924121729285,7.14285714261954,0.));
#15800=CARTESIAN_POINT('Origin',(21.01,7.14285714285714,0.));
#15801=CARTESIAN_POINT('',(21.01,7.14285714285714,0.));
#15802=CARTESIAN_POINT('Origin',(21.01,4.57536461020714,0.));
#15803=CARTESIAN_POINT('',(21.01,4.57536461020714,0.));
#15804=CARTESIAN_POINT('Origin',(22.4385714285714,4.57536461020714,0.));
#15805=CARTESIAN_POINT('',(22.0828571428575,3.19178820340134,0.));
#15806=CARTESIAN_POINT('Origin',(21.905,2.5,0.));
#15807=CARTESIAN_POINT('',(21.905,1.78571428571429,0.));
#15808=CARTESIAN_POINT('Ctrl Pts',(20.6448767574286,1.7094867605,-4.16666666666667));
#15809=CARTESIAN_POINT('Ctrl Pts',(20.6448767574286,1.7094867605,4.16666666666667));
#15810=CARTESIAN_POINT('Ctrl Pts',(20.8921506486429,1.7324940965,-4.16666666666667));
#15811=CARTESIAN_POINT('Ctrl Pts',(20.8921506486429,1.7324940965,4.16666666666667));
#15812=CARTESIAN_POINT('Ctrl Pts',(21.1417999185,1.751620517,-4.16666666666667));
#15813=CARTESIAN_POINT('Ctrl Pts',(21.1417999185,1.751620517,4.16666666666667));
#15814=CARTESIAN_POINT('Ctrl Pts',(21.393824567,1.76686602207143,-4.16666666666667));
#15815=CARTESIAN_POINT('Ctrl Pts',(21.393824567,1.76686602207143,4.16666666666667));
#15816=CARTESIAN_POINT('Ctrl Pts',(21.6482245941429,1.77823061164286,-4.16666666666667));
#15817=CARTESIAN_POINT('Ctrl Pts',(21.6482245941429,1.77823061164286,4.16666666666667));
#15818=CARTESIAN_POINT('Ctrl Pts',(21.905,1.78571428571429,-4.16666666666667));
#15819=CARTESIAN_POINT('Ctrl Pts',(21.905,1.78571428571429,4.16666666666667));
#15820=CARTESIAN_POINT('',(20.6448767574248,1.70948676054055,0.));
#15821=CARTESIAN_POINT('Origin',(20.7242857142857,0.856030203285716,0.));
#15822=CARTESIAN_POINT('',(19.8671428571429,0.856030203285714,0.));
#15823=CARTESIAN_POINT('Origin',(19.8671428571429,0.,0.));
#15824=CARTESIAN_POINT('Origin',(14.8670751263786,9.28485368450373,0.));
#15825=CARTESIAN_POINT('',(0.,0.,0.));
#15826=CARTESIAN_POINT('Origin',(9.33142857142857,4.25,8.16666666666667));
#15827=CARTESIAN_POINT('',(8.83142857142857,4.25,7.16666666666667));
#15828=CARTESIAN_POINT('',(9.33142857142857,3.75,7.16666666666667));
#15829=CARTESIAN_POINT('Origin',(9.33142857142857,4.25,7.16666666666667));
#15830=CARTESIAN_POINT('',(8.83142857142857,4.25,8.16666666666667));
#15831=CARTESIAN_POINT('',(8.83142857142857,4.25,8.16666666666667));
#15832=CARTESIAN_POINT('',(9.33142857142857,3.75,8.16666666666667));
#15833=CARTESIAN_POINT('Origin',(9.33142857142857,4.25,8.16666666666667));
#15834=CARTESIAN_POINT('',(9.33142857142857,3.75,8.16666666666667));
#15835=CARTESIAN_POINT('Origin',(10.5814285714286,5.,7.16666666666667));
#15836=CARTESIAN_POINT('',(11.8314285714286,3.75,7.16666666666667));
#15837=CARTESIAN_POINT('',(8.83142857142857,3.75,7.16666666666667));
#15838=CARTESIAN_POINT('',(12.3314285714286,4.25,7.16666666666667));
#15839=CARTESIAN_POINT('Origin',(11.8314285714286,4.25,7.16666666666667));
#15840=CARTESIAN_POINT('',(12.3314285714286,5.75,7.16666666666667));
#15841=CARTESIAN_POINT('',(12.3314285714286,3.75,7.16666666666667));
#15842=CARTESIAN_POINT('',(11.8314285714286,6.25,7.16666666666667));
#15843=CARTESIAN_POINT('Origin',(11.8314285714286,5.75,7.16666666666667));
#15844=CARTESIAN_POINT('',(9.33142857142857,6.25,7.16666666666667));
#15845=CARTESIAN_POINT('',(12.3314285714286,6.25,7.16666666666667));
#15846=CARTESIAN_POINT('',(8.83142857142857,5.75,7.16666666666667));
#15847=CARTESIAN_POINT('Origin',(9.33142857142857,5.75,7.16666666666667));
#15848=CARTESIAN_POINT('',(8.83142857142857,6.25,7.16666666666667));
#15849=CARTESIAN_POINT('Origin',(12.3314285714286,3.75,8.16666666666667));
#15850=CARTESIAN_POINT('',(11.8314285714286,3.75,8.16666666666667));
#15851=CARTESIAN_POINT('',(12.4658928571411,3.75,8.16666666666667));
#15852=CARTESIAN_POINT('',(11.8314285714286,3.75,8.16666666666667));
#15853=CARTESIAN_POINT('Origin',(11.8314285714286,4.25,8.16666666666667));
#15854=CARTESIAN_POINT('',(12.3314285714286,4.25,8.16666666666667));
#15855=CARTESIAN_POINT('Origin',(11.8314285714286,4.25,8.16666666666667));
#15856=CARTESIAN_POINT('',(12.3314285714286,4.25,8.16666666666667));
#15857=CARTESIAN_POINT('Origin',(11.8314285714286,5.75,8.16666666666667));
#15858=CARTESIAN_POINT('',(12.3314285714286,5.75,8.16666666666667));
#15859=CARTESIAN_POINT('',(12.3314285714286,5.75,8.16666666666667));
#15860=CARTESIAN_POINT('',(11.8314285714286,6.25,8.16666666666667));
#15861=CARTESIAN_POINT('Origin',(11.8314285714286,5.75,8.16666666666667));
#15862=CARTESIAN_POINT('',(11.8314285714286,6.25,8.16666666666667));
#15863=CARTESIAN_POINT('Origin',(8.83142857142857,6.25,8.16666666666667));
#15864=CARTESIAN_POINT('',(9.33142857142857,6.25,8.16666666666667));
#15865=CARTESIAN_POINT('',(10.7158928571411,6.25,8.16666666666667));
#15866=CARTESIAN_POINT('',(9.33142857142857,6.25,8.16666666666667));
#15867=CARTESIAN_POINT('Origin',(9.33142857142857,5.75,8.16666666666667));
#15868=CARTESIAN_POINT('',(8.83142857142857,5.75,8.16666666666667));
#15869=CARTESIAN_POINT('Origin',(9.33142857142857,5.75,8.16666666666667));
#15870=CARTESIAN_POINT('',(8.83142857142857,5.75,8.16666666666667));
#15871=CARTESIAN_POINT('Origin',(8.83142857142857,3.75,8.16666666666667));
#15872=CARTESIAN_POINT('',(8.83142857142857,5.76878166676278,8.16666666666667));
#15873=CARTESIAN_POINT('Origin',(12.3314285714286,6.25,8.16666666666667));
#15874=CARTESIAN_POINT('',(12.3314285714286,7.01878166676278,8.16666666666667));
#15875=CARTESIAN_POINT('Origin',(16.8669521888345,6.88578201198098,8.16666666666667));
#15876=CARTESIAN_POINT('',(16.8671428469189,5.00020222754288,6.66666666666667));
#15877=CARTESIAN_POINT('',(16.8669522371429,6.88578201198098,6.66666666666667));
#15878=CARTESIAN_POINT('',(16.8670475178767,5.94299211976193,6.66666666666667));
#15879=CARTESIAN_POINT('',(16.8671428469189,5.00020222754288,8.16666666666667));
#15880=CARTESIAN_POINT('',(16.8671428469189,5.00020222754287,6.16666666666667));
#15881=CARTESIAN_POINT('',(16.8669521888345,6.88578201198098,8.16666666666667));
#15882=CARTESIAN_POINT('',(16.8669065757687,7.33688837390041,8.16666666666667));
#15883=CARTESIAN_POINT('',(16.8669521888345,6.88578201198098,7.50166678743751));
#15884=CARTESIAN_POINT('',(16.8669521888345,6.88578201198098,8.42666666666667));
#15885=CARTESIAN_POINT('',(16.8669522371429,6.88578201198098,8.42666666666667));
#15886=CARTESIAN_POINT('Origin',(12.8671428571429,5.,8.16666666666667));
#15887=CARTESIAN_POINT('',(12.8669522371429,6.88578201198098,6.66666666666667));
#15888=CARTESIAN_POINT('',(12.8671428571429,5.,6.66666666666667));
#15889=CARTESIAN_POINT('',(12.8671428673554,4.99989894288495,6.66666666666667));
#15890=CARTESIAN_POINT('',(12.8669522854512,6.88578201198098,7.50166678743751));
#15891=CARTESIAN_POINT('',(12.8669522371429,6.88578201198098,8.32666666666667));
#15892=CARTESIAN_POINT('',(12.8669522854512,6.88578201198098,8.16666666666667));
#15893=CARTESIAN_POINT('',(12.8669522854512,6.88578201198098,8.42666666666667));
#15894=CARTESIAN_POINT('',(12.8671428571429,5.,8.16666666666667));
#15895=CARTESIAN_POINT('',(12.8670020042263,6.39379513282604,8.16666666666667));
#15896=CARTESIAN_POINT('',(12.8671428775679,4.9997978857699,6.16666666666667));
#15897=CARTESIAN_POINT('Origin',(14.8671428571429,5.,6.66666666666667));
#15898=CARTESIAN_POINT('',(16.8669522371429,6.88766057427284,6.66666666666667));
#15899=CARTESIAN_POINT('',(16.8669522371429,8.41789100599049,6.66666666666667));
#15900=CARTESIAN_POINT('',(12.8669522371429,6.88725660249581,6.66666666666667));
#15901=CARTESIAN_POINT('Origin',(14.8671428571429,5.,6.66666666666667));
#15902=CARTESIAN_POINT('',(12.8669522371429,5.96789100599049,6.66666666666667));
#15903=CARTESIAN_POINT('Origin',(14.8671428571429,5.,6.66666666666667));
#15904=CARTESIAN_POINT('Origin',(11.8669522371429,7.48078201198098,8.12666666666667));
#15905=CARTESIAN_POINT('',(11.8169522371429,7.7122694854299,8.12666666666668));
#15906=CARTESIAN_POINT('',(11.9051904172302,7.78578201198098,8.12666666666665));
#15907=CARTESIAN_POINT('Origin',(10.5814285714286,9.285,8.12666666666667));
#15908=CARTESIAN_POINT('',(11.8169522371429,7.17578201198098,8.12666666666668));
#15909=CARTESIAN_POINT('',(11.8169522371429,7.48078201198098,8.12666666666668));
#15910=CARTESIAN_POINT('',(12.4490485452762,7.17578201198098,8.12666666666647));
#15911=CARTESIAN_POINT('',(12.3919520970486,7.17578201198098,8.12666666666649));
#15912=CARTESIAN_POINT('',(12.4490485452762,7.78578201198098,8.12666666666647));
#15913=CARTESIAN_POINT('',(12.4490485452762,7.48078201198098,8.12666666666647));
#15914=CARTESIAN_POINT('',(11.8669522371428,7.78578201198098,8.12666666666667));
#15915=CARTESIAN_POINT('Origin',(12.6003571428536,7.78756333352555,8.16666666666667));
#15916=CARTESIAN_POINT('',(12.3968384889363,8.44578201198098,8.16666666666667));
#15917=CARTESIAN_POINT('',(11.9051904172302,7.78578201198098,8.16666666666667));
#15918=CARTESIAN_POINT('Origin',(10.5814285714286,9.285,8.16666666666667));
#15919=CARTESIAN_POINT('',(12.8669519753879,7.78578201198098,8.16666666666667));
#15920=CARTESIAN_POINT('',(12.2336546899982,7.78578201198098,8.16666666666667));
#15921=CARTESIAN_POINT('',(12.8669522187094,8.44578201198098,8.16666666666667));
#15922=CARTESIAN_POINT('',(12.8669519664996,7.76167263282738,8.16666666666667));
#15923=CARTESIAN_POINT('',(12.7586546899982,8.44578201198098,8.16666666666667));
#15924=CARTESIAN_POINT('Origin',(10.5814285714286,9.285,6.66666666666667));
#15925=CARTESIAN_POINT('',(12.8669522371426,10.8143402412355,6.66666666666667));
#15926=CARTESIAN_POINT('',(12.8669522371426,7.75565975876449,6.66666666666667));
#15927=CARTESIAN_POINT('',(12.8669522371429,8.11039100599049,6.66666666666667));
#15928=CARTESIAN_POINT('Origin',(10.5814285714286,9.285,6.66666666666667));
#15929=CARTESIAN_POINT('',(12.5814285714286,9.285,6.66666666666667));
#15930=CARTESIAN_POINT('Origin',(10.5814285714286,9.285,6.66666666666667));
#15931=CARTESIAN_POINT('Origin',(12.6003571428536,7.78756333352555,6.16666666666667));
#15932=CARTESIAN_POINT('',(12.8669522371426,7.75565975876449,6.16666666666667));
#15933=CARTESIAN_POINT('',(12.8669522371429,6.88725660249581,6.16666666666667));
#15934=CARTESIAN_POINT('',(12.8669522371429,7.36167267275327,6.16666666666667));
#15935=CARTESIAN_POINT('',(13.2860040270587,2.75,6.16666666666667));
#15936=CARTESIAN_POINT('Origin',(14.8671428571429,5.,6.16666666666667));
#15937=CARTESIAN_POINT('',(7.87685311579848,2.75,6.16666666666667));
#15938=CARTESIAN_POINT('',(13.4806884941983,2.75,6.16666666666667));
#15939=CARTESIAN_POINT('',(9.04571428571428,5.,6.16666666666667));
#15940=CARTESIAN_POINT('Origin',(6.29571428571428,5.,6.16666666666667));
#15941=CARTESIAN_POINT('',(4.71457545563009,2.75,6.16666666666667));
#15942=CARTESIAN_POINT('Origin',(6.29571428571428,5.,6.16666666666667));
#15943=CARTESIAN_POINT('',(2.68142857142535,2.75,6.16666666666667));
#15944=CARTESIAN_POINT('',(13.4806884941983,2.75,6.16666666666667));
#15945=CARTESIAN_POINT('',(2.68142857143846,11.9108595691037,6.16666666666667));
#15946=CARTESIAN_POINT('',(2.68142857143686,10.7920470940298,6.16666666666667));
#15947=CARTESIAN_POINT('',(9.76450659024328,11.9108595691042,6.16666666666667));
#15948=CARTESIAN_POINT('',(2.58142857142047,11.9108595691037,6.16666666666667));
#15949=CARTESIAN_POINT('Origin',(10.5814285714286,9.285,6.16666666666667));
#15950=CARTESIAN_POINT('Origin',(14.8671428571429,5.,6.16666666666667));
#15951=CARTESIAN_POINT('',(12.8669522371429,6.8872566024958,6.16666666666667));
#15952=CARTESIAN_POINT('',(16.8669522371429,6.88766057427284,6.16666666666667));
#15953=CARTESIAN_POINT('',(16.8669522371429,6.88766057427284,6.16666666666667));
#15954=CARTESIAN_POINT('',(16.4482816872271,2.75,6.16666666666667));
#15955=CARTESIAN_POINT('Origin',(14.8671428571429,5.,6.16666666666667));
#15956=CARTESIAN_POINT('Ctrl Pts',(13.2860040270587,2.75,6.16666666666667));
#15957=CARTESIAN_POINT('Ctrl Pts',(13.458106759121,2.6290585278101,6.16666666666667));
#15958=CARTESIAN_POINT('Ctrl Pts',(13.647957169078,2.52568941963568,6.1520277735838));
#15959=CARTESIAN_POINT('Ctrl Pts',(14.1756506366341,2.31499509604638,6.10843065232022));
#15960=CARTESIAN_POINT('Ctrl Pts',(14.531537958843,2.25,6.08088022903976));
#15961=CARTESIAN_POINT('Ctrl Pts',(14.8671428571429,2.25,6.08088022903976));
#15962=CARTESIAN_POINT('Ctrl Pts',(15.2027477554427,2.25,6.08088022903976));
#15963=CARTESIAN_POINT('Ctrl Pts',(15.5586350776516,2.31499509604638,6.10843065232022));
#15964=CARTESIAN_POINT('Ctrl Pts',(16.0863285452077,2.52568941963568,6.15202777358381));
#15965=CARTESIAN_POINT('Ctrl Pts',(16.2761789551648,2.6290585278101,6.16666666666667));
#15966=CARTESIAN_POINT('Ctrl Pts',(16.4482816872271,2.75,6.16666666666667));
#15967=CARTESIAN_POINT('Origin',(12.4490485452762,8.75078201198098,8.07666666666657));
#15968=CARTESIAN_POINT('',(12.4490485452762,8.5694612985411,8.12666666666647));
#15969=CARTESIAN_POINT('',(12.4980806453648,8.71364649517492,8.08645712941802));
#15970=CARTESIAN_POINT('Ctrl Pts',(12.4490485452762,8.5694612985411,8.12666666666647));
#15971=CARTESIAN_POINT('Ctrl Pts',(12.4637167441195,8.60774660873377,8.12666666666647));
#15972=CARTESIAN_POINT('Ctrl Pts',(12.4796350915559,8.65396165094087,8.12107181390303));
#15973=CARTESIAN_POINT('Ctrl Pts',(12.4932013320162,8.6974695547004,8.10054333614101));
#15974=CARTESIAN_POINT('Ctrl Pts',(12.4959505786289,8.70651968762361,8.09536772304758));
#15975=CARTESIAN_POINT('Ctrl Pts',(12.4977784049666,8.71263331751369,8.08788466049253));
#15976=CARTESIAN_POINT('Ctrl Pts',(12.4979341829644,8.71315517507091,8.08719063499955));
#15977=CARTESIAN_POINT('Ctrl Pts',(12.4980806453648,8.71364649517492,8.08645712941802));
#15978=CARTESIAN_POINT('',(12.4490485452762,8.44578201198098,8.12666666666647));
#15979=CARTESIAN_POINT('',(12.4490485452762,8.75078201198098,8.12666666666647));
#15980=CARTESIAN_POINT('',(12.4980806453648,8.44578201198098,8.08645712941802));
#15981=CARTESIAN_POINT('Origin',(12.4490485452762,8.44578201198098,8.07666666666657));
#15982=CARTESIAN_POINT('',(12.4980806453648,8.75078201198098,8.08645712941802));
#15983=CARTESIAN_POINT('Origin',(12.4980806453648,8.75078201198098,8.08645712941802));
#15984=CARTESIAN_POINT('',(12.5682499307784,9.05578201198098,7.73503886524689));
#15985=CARTESIAN_POINT('Origin',(10.5814285714286,9.285,17.6853370506421));
#15986=CARTESIAN_POINT('',(12.6226680182819,8.44578201198098,7.46250495333207));
#15987=CARTESIAN_POINT('',(12.473447368468,8.44578201198098,8.20982426016364));
#15988=CARTESIAN_POINT('',(12.6226680182819,9.05578201198098,7.46250495333207));
#15989=CARTESIAN_POINT('',(12.6226680182819,8.75078201198098,7.46250495333207));
#15990=CARTESIAN_POINT('',(12.4533182046815,9.05578201198098,8.31063411956807));
#15991=CARTESIAN_POINT('Origin',(12.4490485452762,10.020782011981,8.07666666666657));
#15992=CARTESIAN_POINT('',(12.4980806453648,9.85635350482509,8.08645712941802));
#15993=CARTESIAN_POINT('',(12.4490485452762,10.0005387014589,8.12666666666647));
#15994=CARTESIAN_POINT('Ctrl Pts',(12.4980806453648,9.85635350482509,8.08645712941802));
#15995=CARTESIAN_POINT('Ctrl Pts',(12.4976868586069,9.85767449471975,8.08842927233052));
#15996=CARTESIAN_POINT('Ctrl Pts',(12.4972053592278,9.85928400760529,8.09021270209059));
#15997=CARTESIAN_POINT('Ctrl Pts',(12.4935999788374,9.87127471243335,8.10161382017055));
#15998=CARTESIAN_POINT('Ctrl Pts',(12.4887157165888,9.88703997350857,8.10771017347244));
#15999=CARTESIAN_POINT('Ctrl Pts',(12.4744774420203,9.9310702578686,8.12194844804098));
#16000=CARTESIAN_POINT('Ctrl Pts',(12.461124725286,9.96901879212615,8.12666666666647));
#16001=CARTESIAN_POINT('Ctrl Pts',(12.4490485452762,10.0005387014589,8.12666666666647));
#16002=CARTESIAN_POINT('',(12.4980806453648,10.325782011981,8.08645712941802));
#16003=CARTESIAN_POINT('',(12.4980806453648,10.020782011981,8.08645712941802));
#16004=CARTESIAN_POINT('',(12.4490485452762,10.325782011981,8.12666666666647));
#16005=CARTESIAN_POINT('Origin',(12.4490485452762,10.325782011981,8.07666666666657));
#16006=CARTESIAN_POINT('',(12.4490485452762,10.020782011981,8.12666666666647));
#16007=CARTESIAN_POINT('Origin',(11.8669522371429,10.020782011981,8.12666666666667));
#16008=CARTESIAN_POINT('',(12.2892847724996,10.325782011981,8.12666666666667));
#16009=CARTESIAN_POINT('Origin',(10.5814285714286,9.285,8.12666666666667));
#16010=CARTESIAN_POINT('',(11.8669522371428,10.325782011981,8.12666666666667));
#16011=CARTESIAN_POINT('Origin',(11.8169522371429,11.290782011981,8.32666666666667));
#16012=CARTESIAN_POINT('',(11.8169522371429,10.985782011981,8.16666666666667));
#16013=CARTESIAN_POINT('',(11.8169522371429,11.595782011981,8.16666666666667));
#16014=CARTESIAN_POINT('',(11.8169522371429,9.53917267275327,8.16666666666667));
#16015=CARTESIAN_POINT('',(11.8169522371429,10.985782011981,8.12666666666668));
#16016=CARTESIAN_POINT('',(11.8169522371429,10.985782011981,8.37666666666667));
#16017=CARTESIAN_POINT('',(11.8169522371429,11.595782011981,8.12666666666668));
#16018=CARTESIAN_POINT('',(11.8169522371429,11.290782011981,8.12666666666668));
#16019=CARTESIAN_POINT('',(11.8169522371429,11.595782011981,8.37666666666667));
#16020=CARTESIAN_POINT('Origin',(17.9169522371429,11.290782011981,8.32666666666667));
#16021=CARTESIAN_POINT('',(17.9169522371429,11.595782011981,8.16666666666667));
#16022=CARTESIAN_POINT('',(17.9169522371429,10.985782011981,8.16666666666667));
#16023=CARTESIAN_POINT('',(17.9169522371429,9.53917267275327,8.16666666666667));
#16024=CARTESIAN_POINT('',(17.9169522371429,11.595782011981,8.12666666666668));
#16025=CARTESIAN_POINT('',(17.9169522371429,11.595782011981,8.37666666666667));
#16026=CARTESIAN_POINT('',(17.9169522371429,10.985782011981,8.12666666666668));
#16027=CARTESIAN_POINT('',(17.9169522371429,11.290782011981,8.12666666666668));
#16028=CARTESIAN_POINT('',(17.9169522371429,10.985782011981,8.37666666666667));
#16029=CARTESIAN_POINT('Origin',(16.9151083358375,7.48078201198098,7.30166680417726));
#16030=CARTESIAN_POINT('',(16.8669522371429,7.78578201198098,7.30166673671337));
#16031=CARTESIAN_POINT('',(16.8669522371429,7.17578201198098,7.30166673671337));
#16032=CARTESIAN_POINT('',(16.8669522371429,9.65828201198098,7.30166673671337));
#16033=CARTESIAN_POINT('',(16.9151083358375,7.17578201198098,7.30166680433841));
#16034=CARTESIAN_POINT('',(17.3910310745189,7.17578201198098,7.30166747091733));
#16035=CARTESIAN_POINT('',(16.9151083358375,7.78578201198098,7.30166680433841));
#16036=CARTESIAN_POINT('',(16.9151083358375,7.48078201198098,7.30166680433841));
#16037=CARTESIAN_POINT('',(16.8660312146141,7.78578201198098,7.30166673542307));
#16038=CARTESIAN_POINT('Origin',(16.9151080556492,7.48078201198098,7.50166680433787));
#16039=CARTESIAN_POINT('',(17.1112364560038,7.17578201198098,7.46250495333207));
#16040=CARTESIAN_POINT('Origin',(16.9151080556492,7.17578201198098,7.50166680433787));
#16041=CARTESIAN_POINT('',(17.1112364560038,7.78578201198098,7.46250495333207));
#16042=CARTESIAN_POINT('',(17.1112364560038,7.48078201198098,7.46250495333207));
#16043=CARTESIAN_POINT('Origin',(16.9151080556492,7.78578201198098,7.50166680433787));
#16044=CARTESIAN_POINT('Origin',(17.2358238289209,7.48078201198098,8.08645712941802));
#16045=CARTESIAN_POINT('',(17.2358238289209,7.17578201198098,8.08645712941802));
#16046=CARTESIAN_POINT('',(17.2805862696042,7.17578201198098,8.31063411956807));
#16047=CARTESIAN_POINT('',(17.2358238289209,7.78578201198098,8.08645712941802));
#16048=CARTESIAN_POINT('',(17.2358238289209,7.48078201198098,8.08645712941802));
#16049=CARTESIAN_POINT('',(17.2604571111891,7.78578201198098,8.20982428706435));
#16050=CARTESIAN_POINT('Origin',(17.2848559290095,7.48078201198098,8.07666666666658));
#16051=CARTESIAN_POINT('',(17.2848559290095,7.17578201198098,8.12666666666647));
#16052=CARTESIAN_POINT('Origin',(17.2848559290095,7.17578201198098,8.07666666666658));
#16053=CARTESIAN_POINT('',(17.2848559290095,7.78578201198098,8.12666666666647));
#16054=CARTESIAN_POINT('',(17.2848559290095,7.48078201198098,8.12666666666647));
#16055=CARTESIAN_POINT('Origin',(17.2848559290095,7.78578201198098,8.07666666666658));
#16056=CARTESIAN_POINT('Origin',(17.8669522371429,7.48078201198098,8.12666666666667));
#16057=CARTESIAN_POINT('',(17.9169522371429,7.17578201198098,8.12666666666668));
#16058=CARTESIAN_POINT('',(17.8669522371429,7.17578201198098,8.12666666666667));
#16059=CARTESIAN_POINT('',(17.9169522371429,7.78578201198098,8.12666666666668));
#16060=CARTESIAN_POINT('',(17.9169522371429,7.48078201198098,8.12666666666668));
#16061=CARTESIAN_POINT('',(17.3419523772371,7.78578201198098,8.12666666666649));
#16062=CARTESIAN_POINT('Origin',(17.9169522371429,7.48078201198098,8.32666666666667));
#16063=CARTESIAN_POINT('',(17.9169522371429,7.78578201198098,8.16666666666667));
#16064=CARTESIAN_POINT('',(17.9169522371429,7.17578201198098,8.16666666666667));
#16065=CARTESIAN_POINT('',(17.9169522371429,7.63417267275327,8.16666666666667));
#16066=CARTESIAN_POINT('',(17.9169522371429,7.78578201198098,8.37666666666667));
#16067=CARTESIAN_POINT('',(17.9169522371429,7.17578201198098,8.37666666666667));
#16068=CARTESIAN_POINT('Origin',(12.8187961384482,7.48078201198098,7.30166680417726));
#16069=CARTESIAN_POINT('',(12.8669522371429,7.17578201198098,7.30166673671337));
#16070=CARTESIAN_POINT('',(12.8669522371429,7.78578201198098,7.30166673671337));
#16071=CARTESIAN_POINT('',(12.8669522371429,7.20828201198098,7.30166673671337));
#16072=CARTESIAN_POINT('',(12.8187961384482,7.78578201198098,7.30166680433841));
#16073=CARTESIAN_POINT('',(12.3428733997668,7.78578201198098,7.30166747091733));
#16074=CARTESIAN_POINT('',(12.8187961384482,7.17578201198098,7.30166680433841));
#16075=CARTESIAN_POINT('',(12.8187961384482,7.48078201198098,7.30166680433841));
#16076=CARTESIAN_POINT('',(12.8678732596716,7.17578201198098,7.30166673542307));
#16077=CARTESIAN_POINT('Origin',(12.8187964186365,7.48078201198098,7.50166680433786));
#16078=CARTESIAN_POINT('',(12.6226680182819,7.78578201198098,7.46250495333207));
#16079=CARTESIAN_POINT('Origin',(12.8187964186365,7.78578201198098,7.50166680433786));
#16080=CARTESIAN_POINT('',(12.6226680182819,7.17578201198098,7.46250495333207));
#16081=CARTESIAN_POINT('',(12.6226680182819,7.48078201198098,7.46250495333207));
#16082=CARTESIAN_POINT('Origin',(12.8187964186365,7.17578201198098,7.50166680433786));
#16083=CARTESIAN_POINT('Origin',(12.4980806453648,7.48078201198098,8.08645712941802));
#16084=CARTESIAN_POINT('',(12.4980806453648,7.78578201198098,8.08645712941802));
#16085=CARTESIAN_POINT('',(12.4533182046815,7.78578201198098,8.31063411956807));
#16086=CARTESIAN_POINT('',(12.4980806453648,7.17578201198098,8.08645712941802));
#16087=CARTESIAN_POINT('',(12.4980806453648,7.48078201198098,8.08645712941802));
#16088=CARTESIAN_POINT('',(12.4734473630966,7.17578201198098,8.20982428706435));
#16089=CARTESIAN_POINT('Origin',(12.4490485452762,7.48078201198098,8.07666666666657));
#16090=CARTESIAN_POINT('Origin',(12.4490485452762,7.78578201198098,8.07666666666657));
#16091=CARTESIAN_POINT('Origin',(12.4490485452762,7.17578201198098,8.07666666666657));
#16092=CARTESIAN_POINT('Origin',(11.8169522371429,7.48078201198098,8.32666666666667));
#16093=CARTESIAN_POINT('',(11.8169522371429,7.7122694854299,8.16666666666667));
#16094=CARTESIAN_POINT('',(11.8169522371429,7.7122694854299,6.16666666666667));
#16095=CARTESIAN_POINT('',(11.8169522371429,7.17578201198098,8.16666666666667));
#16096=CARTESIAN_POINT('',(11.8169522371429,7.63417267275327,8.16666666666667));
#16097=CARTESIAN_POINT('',(11.8169522371429,7.17578201198098,8.37666666666667));
#16098=CARTESIAN_POINT('Origin',(12.8187961384482,8.75078201198098,7.30166680417726));
#16099=CARTESIAN_POINT('',(12.8669522371429,8.44578201198098,7.30166673671337));
#16100=CARTESIAN_POINT('',(12.8669522371429,9.05578201198098,7.30166673671337));
#16101=CARTESIAN_POINT('',(12.8669522371429,7.84328201198098,7.30166673671337));
#16102=CARTESIAN_POINT('',(12.8187961384482,9.05578201198098,7.30166680433841));
#16103=CARTESIAN_POINT('',(12.3428733997668,9.05578201198098,7.30166747091733));
#16104=CARTESIAN_POINT('',(12.8187961384482,8.44578201198098,7.30166680433841));
#16105=CARTESIAN_POINT('',(12.8187961384482,8.75078201198098,7.30166680433841));
#16106=CARTESIAN_POINT('',(12.8678733997657,8.44578201198098,7.30166673542287));
#16107=CARTESIAN_POINT('Origin',(12.8187964186365,8.75078201198098,7.50166680433786));
#16108=CARTESIAN_POINT('Origin',(12.8187964186365,9.05578201198098,7.50166680433786));
#16109=CARTESIAN_POINT('Origin',(12.8187964186365,8.44578201198098,7.50166680433786));
#16110=CARTESIAN_POINT('Origin',(11.8669522371429,8.75078201198098,8.12666666666667));
#16111=CARTESIAN_POINT('',(12.3968384889363,8.44578201198098,8.12666666666667));
#16112=CARTESIAN_POINT('Origin',(10.5814285714286,9.285,8.12666666666667));
#16113=CARTESIAN_POINT('',(12.3919522371428,8.44578201198098,8.12666666666649));
#16114=CARTESIAN_POINT('Origin',(12.8187961384482,11.290782011981,7.30166680417726));
#16115=CARTESIAN_POINT('',(12.8669522371429,10.985782011981,7.30166673671337));
#16116=CARTESIAN_POINT('',(12.8669522371429,11.595782011981,7.30166673671337));
#16117=CARTESIAN_POINT('',(12.8669522371429,9.11328201198098,7.30166673671337));
#16118=CARTESIAN_POINT('',(12.8187961384482,11.595782011981,7.30166680433841));
#16119=CARTESIAN_POINT('',(12.3428733997668,11.595782011981,7.30166747091733));
#16120=CARTESIAN_POINT('',(12.8187961384482,10.985782011981,7.30166680433841));
#16121=CARTESIAN_POINT('',(12.8187961384482,11.290782011981,7.30166680433841));
#16122=CARTESIAN_POINT('',(12.8678732596716,10.985782011981,7.30166673542307));
#16123=CARTESIAN_POINT('Origin',(12.8187964186365,11.290782011981,7.50166680433786));
#16124=CARTESIAN_POINT('',(12.6226680182819,11.595782011981,7.46250495333207));
#16125=CARTESIAN_POINT('Origin',(12.8187964186365,11.595782011981,7.50166680433786));
#16126=CARTESIAN_POINT('',(12.6226680182819,10.985782011981,7.46250495333207));
#16127=CARTESIAN_POINT('',(12.6226680182819,11.290782011981,7.46250495333207));
#16128=CARTESIAN_POINT('Origin',(12.8187964186365,10.985782011981,7.50166680433786));
#16129=CARTESIAN_POINT('Origin',(12.4980806453648,11.290782011981,8.08645712941802));
#16130=CARTESIAN_POINT('',(12.4980806453648,11.595782011981,8.08645712941802));
#16131=CARTESIAN_POINT('',(12.4533182046815,11.595782011981,8.31063411956807));
#16132=CARTESIAN_POINT('',(12.4980806453648,10.985782011981,8.08645712941802));
#16133=CARTESIAN_POINT('',(12.4980806453648,11.290782011981,8.08645712941802));
#16134=CARTESIAN_POINT('',(12.4734473630966,10.985782011981,8.20982428706435));
#16135=CARTESIAN_POINT('Origin',(12.4490485452762,11.290782011981,8.07666666666657));
#16136=CARTESIAN_POINT('',(12.4490485452762,11.595782011981,8.12666666666647));
#16137=CARTESIAN_POINT('Origin',(12.4490485452762,11.595782011981,8.07666666666657));
#16138=CARTESIAN_POINT('',(12.4490485452762,10.985782011981,8.12666666666647));
#16139=CARTESIAN_POINT('',(12.4490485452762,11.290782011981,8.12666666666647));
#16140=CARTESIAN_POINT('Origin',(12.4490485452762,10.985782011981,8.07666666666657));
#16141=CARTESIAN_POINT('Origin',(11.8669522371429,11.290782011981,8.12666666666667));
#16142=CARTESIAN_POINT('',(11.8669522371428,11.595782011981,8.12666666666667));
#16143=CARTESIAN_POINT('',(12.3919520970486,10.985782011981,8.12666666666649));
#16144=CARTESIAN_POINT('Origin',(12.8669522371429,6.93578201198098,8.22666666666667));
#16145=CARTESIAN_POINT('',(12.8669520052628,11.595782011981,7.5016660869666));
#16146=CARTESIAN_POINT('',(12.8669522371429,11.595782011981,8.32666666666667));
#16147=CARTESIAN_POINT('',(12.8669519753879,10.985782011981,7.50166601227937));
#16148=CARTESIAN_POINT('',(12.8669522371429,10.985782011981,8.32666666666667));
#16149=CARTESIAN_POINT('',(12.8669522187094,10.325782011981,7.50166662058305));
#16150=CARTESIAN_POINT('',(12.8669526270104,9.21828139192702,7.50166764133564));
#16151=CARTESIAN_POINT('',(12.8669522371429,10.325782011981,7.30166673671337));
#16152=CARTESIAN_POINT('',(12.8669522371429,10.325782011981,8.32666666666667));
#16153=CARTESIAN_POINT('',(12.8669522371429,9.71578201198098,7.30166673671337));
#16154=CARTESIAN_POINT('',(12.8669522371429,8.47828201198098,7.30166673671337));
#16155=CARTESIAN_POINT('',(12.8669522187094,9.71578201198098,7.50166662058305));
#16156=CARTESIAN_POINT('',(12.8669522371429,9.71578201198098,8.32666666666667));
#16157=CARTESIAN_POINT('',(12.8669519753879,9.05578201198098,7.50166601227936));
#16158=CARTESIAN_POINT('',(12.8669518011921,8.5832826320371,7.5016655767898));
#16159=CARTESIAN_POINT('',(12.8669522371429,9.05578201198098,8.32666666666667));
#16160=CARTESIAN_POINT('',(12.8669522187094,8.44578201198098,7.50166662058305));
#16161=CARTESIAN_POINT('',(12.8669522371429,8.44578201198098,8.32666666666667));
#16162=CARTESIAN_POINT('',(12.8669519753879,7.78578201198098,7.50166601227937));
#16163=CARTESIAN_POINT('',(12.8669520352969,7.94828263203648,7.50166616205168));
#16164=CARTESIAN_POINT('',(12.8669522371429,7.78578201198098,8.32666666666667));
#16165=CARTESIAN_POINT('',(12.8669520052628,7.17578201198098,7.5016660869666));
#16166=CARTESIAN_POINT('',(12.8669522371429,7.17578201198098,8.32666666666667));
#16167=CARTESIAN_POINT('',(12.8669516453673,7.5482803870051,7.50166518722772));
#16168=CARTESIAN_POINT('',(12.8669522371429,7.75565975876525,6.16666666666667));
#16169=CARTESIAN_POINT('',(12.8669522371426,10.8143402412355,6.16666666666667));
#16170=CARTESIAN_POINT('',(12.8669522371429,10.8143402412347,6.16666666666667));
#16171=CARTESIAN_POINT('',(12.8669522371429,11.885782011981,6.16666666666667));
#16172=CARTESIAN_POINT('',(12.8669522371429,7.36167267275327,6.16666666666667));
#16173=CARTESIAN_POINT('',(12.8669522854512,11.885782011981,7.50166678743751));
#16174=CARTESIAN_POINT('',(12.8669522371429,11.885782011981,8.32666666666667));
#16175=CARTESIAN_POINT('',(12.8669503217188,9.853283636966,7.50166187810653));
#16176=CARTESIAN_POINT('Origin',(12.8187961384482,10.020782011981,7.30166680417726));
#16177=CARTESIAN_POINT('',(12.8187961384482,10.325782011981,7.30166680433841));
#16178=CARTESIAN_POINT('',(12.3428733997668,10.325782011981,7.30166747091733));
#16179=CARTESIAN_POINT('',(12.8187961384482,9.71578201198098,7.30166680433841));
#16180=CARTESIAN_POINT('',(12.8187961384482,10.020782011981,7.30166680433841));
#16181=CARTESIAN_POINT('',(12.8678733997657,9.71578201198098,7.30166673542287));
#16182=CARTESIAN_POINT('Origin',(12.8187964186365,10.020782011981,7.50166680433786));
#16183=CARTESIAN_POINT('',(12.6226680182819,10.325782011981,7.46250495333207));
#16184=CARTESIAN_POINT('Origin',(12.8187964186365,10.325782011981,7.50166680433786));
#16185=CARTESIAN_POINT('',(12.6226680182819,9.71578201198098,7.46250495333207));
#16186=CARTESIAN_POINT('',(12.6226680182819,10.020782011981,7.46250495333207));
#16187=CARTESIAN_POINT('Origin',(12.8187964186365,9.71578201198098,7.50166680433786));
#16188=CARTESIAN_POINT('Origin',(12.4980806453648,10.020782011981,8.08645712941802));
#16189=CARTESIAN_POINT('',(12.5344843458891,9.71578201198098,7.90414195872394));
#16190=CARTESIAN_POINT('Origin',(10.5814285714286,9.285,17.6853370506421));
#16191=CARTESIAN_POINT('',(12.473447368468,9.71578201198098,8.20982426016364));
#16192=CARTESIAN_POINT('',(12.4533182046815,10.325782011981,8.31063411956807));
#16193=CARTESIAN_POINT('Origin',(16.9151083358375,8.75078201198098,7.30166680417726));
#16194=CARTESIAN_POINT('',(16.8669522371429,8.44578201198098,7.30166673671337));
#16195=CARTESIAN_POINT('',(16.8669522371429,9.05578201198098,7.30166673671337));
#16196=CARTESIAN_POINT('',(16.8669522371429,10.293282011981,7.30166673671337));
#16197=CARTESIAN_POINT('',(16.9151083358375,8.44578201198098,7.30166680433841));
#16198=CARTESIAN_POINT('',(17.3910310745189,8.44578201198098,7.30166747091733));
#16199=CARTESIAN_POINT('',(16.9151083358375,9.05578201198098,7.30166680433841));
#16200=CARTESIAN_POINT('',(16.9151083358375,8.75078201198098,7.30166680433841));
#16201=CARTESIAN_POINT('',(16.86603107452,9.05578201198098,7.30166673542287));
#16202=CARTESIAN_POINT('Origin',(16.9151080556492,8.75078201198098,7.50166680433787));
#16203=CARTESIAN_POINT('',(17.1112364560038,8.44578201198098,7.46250495333207));
#16204=CARTESIAN_POINT('Origin',(16.9151080556492,8.44578201198098,7.50166680433787));
#16205=CARTESIAN_POINT('',(17.1112364560038,9.05578201198098,7.46250495333207));
#16206=CARTESIAN_POINT('',(17.1112364560038,8.75078201198098,7.46250495333207));
#16207=CARTESIAN_POINT('Origin',(16.9151080556492,9.05578201198098,7.50166680433787));
#16208=CARTESIAN_POINT('Origin',(17.2358238289209,8.75078201198098,8.08645712941802));
#16209=CARTESIAN_POINT('',(17.2358238289209,8.44578201198098,8.08645712941802));
#16210=CARTESIAN_POINT('',(17.2805862696042,8.44578201198098,8.31063411956807));
#16211=CARTESIAN_POINT('',(17.2358238289209,9.05578201198098,8.08645712941802));
#16212=CARTESIAN_POINT('',(17.2358238289209,8.75078201198098,8.08645712941802));
#16213=CARTESIAN_POINT('',(17.2604571058177,9.05578201198098,8.20982426016364));
#16214=CARTESIAN_POINT('Origin',(17.2848559290095,8.75078201198098,8.07666666666658));
#16215=CARTESIAN_POINT('',(17.2848559290095,8.44578201198098,8.12666666666647));
#16216=CARTESIAN_POINT('Origin',(17.2848559290095,8.44578201198098,8.07666666666658));
#16217=CARTESIAN_POINT('',(17.2848559290095,9.05578201198098,8.12666666666647));
#16218=CARTESIAN_POINT('',(17.2848559290095,8.75078201198098,8.12666666666647));
#16219=CARTESIAN_POINT('Origin',(17.2848559290095,9.05578201198098,8.07666666666658));
#16220=CARTESIAN_POINT('Origin',(17.8669522371429,8.75078201198098,8.12666666666667));
#16221=CARTESIAN_POINT('',(17.9169522371429,8.44578201198098,8.12666666666668));
#16222=CARTESIAN_POINT('',(17.8669522371429,8.44578201198098,8.12666666666667));
#16223=CARTESIAN_POINT('',(17.9169522371429,9.05578201198098,8.12666666666668));
#16224=CARTESIAN_POINT('',(17.9169522371429,8.75078201198098,8.12666666666668));
#16225=CARTESIAN_POINT('',(17.3419522371429,9.05578201198098,8.12666666666649));
#16226=CARTESIAN_POINT('Origin',(17.9169522371429,8.75078201198098,8.32666666666667));
#16227=CARTESIAN_POINT('',(17.9169522371429,9.05578201198098,8.16666666666667));
#16228=CARTESIAN_POINT('',(17.9169522371429,8.44578201198098,8.16666666666667));
#16229=CARTESIAN_POINT('',(17.9169522371429,8.26917267275327,8.16666666666667));
#16230=CARTESIAN_POINT('',(17.9169522371429,9.05578201198098,8.37666666666667));
#16231=CARTESIAN_POINT('',(17.9169522371429,8.44578201198098,8.37666666666667));
#16232=CARTESIAN_POINT('Origin',(16.9151083358375,11.290782011981,7.30166680417726));
#16233=CARTESIAN_POINT('',(16.8669522371429,10.985782011981,7.30166673671337));
#16234=CARTESIAN_POINT('',(16.8669522371429,11.595782011981,7.30166673671337));
#16235=CARTESIAN_POINT('',(16.8669522371429,11.563282011981,7.30166673671337));
#16236=CARTESIAN_POINT('',(16.9151083358375,10.985782011981,7.30166680433841));
#16237=CARTESIAN_POINT('',(17.3910310745189,10.985782011981,7.30166747091733));
#16238=CARTESIAN_POINT('',(16.9151083358375,11.595782011981,7.30166680433841));
#16239=CARTESIAN_POINT('',(16.9151083358375,11.290782011981,7.30166680433841));
#16240=CARTESIAN_POINT('',(16.86603107452,11.595782011981,7.30166673542287));
#16241=CARTESIAN_POINT('Origin',(16.9151080556492,11.290782011981,7.50166680433786));
#16242=CARTESIAN_POINT('',(17.1112364560038,10.985782011981,7.46250495333207));
#16243=CARTESIAN_POINT('Origin',(16.9151080556492,10.985782011981,7.50166680433786));
#16244=CARTESIAN_POINT('',(17.1112364560038,11.595782011981,7.46250495333207));
#16245=CARTESIAN_POINT('',(17.1112364560038,11.290782011981,7.46250495333207));
#16246=CARTESIAN_POINT('Origin',(16.9151080556492,11.595782011981,7.50166680433786));
#16247=CARTESIAN_POINT('Origin',(17.2358238289209,11.290782011981,8.08645712941802));
#16248=CARTESIAN_POINT('',(17.2358238289209,10.985782011981,8.08645712941802));
#16249=CARTESIAN_POINT('',(17.2805862696042,10.985782011981,8.31063411956807));
#16250=CARTESIAN_POINT('',(17.2358238289209,11.595782011981,8.08645712941802));
#16251=CARTESIAN_POINT('',(17.2358238289209,11.290782011981,8.08645712941802));
#16252=CARTESIAN_POINT('',(17.2604571058177,11.595782011981,8.20982426016364));
#16253=CARTESIAN_POINT('Origin',(17.2848559290095,11.290782011981,8.07666666666657));
#16254=CARTESIAN_POINT('',(17.2848559290095,10.985782011981,8.12666666666647));
#16255=CARTESIAN_POINT('Origin',(17.2848559290095,10.985782011981,8.07666666666657));
#16256=CARTESIAN_POINT('',(17.2848559290095,11.595782011981,8.12666666666647));
#16257=CARTESIAN_POINT('',(17.2848559290095,11.290782011981,8.12666666666647));
#16258=CARTESIAN_POINT('Origin',(17.2848559290095,11.595782011981,8.07666666666657));
#16259=CARTESIAN_POINT('Origin',(17.8669522371429,11.290782011981,8.12666666666667));
#16260=CARTESIAN_POINT('',(17.8669522371429,10.985782011981,8.12666666666667));
#16261=CARTESIAN_POINT('',(17.3419522371429,11.595782011981,8.12666666666649));
#16262=CARTESIAN_POINT('Origin',(16.9151083358375,10.020782011981,7.30166680417726));
#16263=CARTESIAN_POINT('',(16.8669522371429,9.71578201198098,7.30166673671337));
#16264=CARTESIAN_POINT('',(16.8669522371429,10.325782011981,7.30166673671337));
#16265=CARTESIAN_POINT('',(16.8669522371429,10.928282011981,7.30166673671337));
#16266=CARTESIAN_POINT('',(16.9151083358375,9.71578201198098,7.30166680433841));
#16267=CARTESIAN_POINT('',(17.3910310745189,9.71578201198098,7.30166747091733));
#16268=CARTESIAN_POINT('',(16.9151083358375,10.325782011981,7.30166680433841));
#16269=CARTESIAN_POINT('',(16.9151083358375,10.020782011981,7.30166680433841));
#16270=CARTESIAN_POINT('',(16.86603107452,10.325782011981,7.30166673542287));
#16271=CARTESIAN_POINT('Origin',(16.9151080556492,10.020782011981,7.50166680433787));
#16272=CARTESIAN_POINT('',(17.1112364560038,9.71578201198098,7.46250495333207));
#16273=CARTESIAN_POINT('Origin',(16.9151080556492,9.71578201198098,7.50166680433787));
#16274=CARTESIAN_POINT('',(17.1112364560038,10.325782011981,7.46250495333207));
#16275=CARTESIAN_POINT('',(17.1112364560038,10.020782011981,7.46250495333207));
#16276=CARTESIAN_POINT('Origin',(16.9151080556492,10.325782011981,7.50166680433787));
#16277=CARTESIAN_POINT('Origin',(17.2358238289209,10.020782011981,8.08645712941802));
#16278=CARTESIAN_POINT('',(17.2358238289209,9.71578201198098,8.08645712941802));
#16279=CARTESIAN_POINT('',(17.2805862696042,9.71578201198098,8.31063411956807));
#16280=CARTESIAN_POINT('',(17.2358238289209,10.325782011981,8.08645712941802));
#16281=CARTESIAN_POINT('',(17.2358238289209,10.020782011981,8.08645712941802));
#16282=CARTESIAN_POINT('',(17.2604571058177,10.325782011981,8.20982426016364));
#16283=CARTESIAN_POINT('Origin',(17.2848559290095,10.020782011981,8.07666666666657));
#16284=CARTESIAN_POINT('',(17.2848559290095,9.71578201198098,8.12666666666647));
#16285=CARTESIAN_POINT('Origin',(17.2848559290095,9.71578201198098,8.07666666666657));
#16286=CARTESIAN_POINT('',(17.2848559290095,10.325782011981,8.12666666666647));
#16287=CARTESIAN_POINT('',(17.2848559290095,10.020782011981,8.12666666666647));
#16288=CARTESIAN_POINT('Origin',(17.2848559290095,10.325782011981,8.07666666666657));
#16289=CARTESIAN_POINT('Origin',(17.8669522371429,10.020782011981,8.12666666666667));
#16290=CARTESIAN_POINT('',(17.9169522371429,9.71578201198098,8.12666666666668));
#16291=CARTESIAN_POINT('',(17.8669522371429,9.71578201198098,8.12666666666667));
#16292=CARTESIAN_POINT('',(17.9169522371429,10.325782011981,8.12666666666668));
#16293=CARTESIAN_POINT('',(17.9169522371429,10.020782011981,8.12666666666668));
#16294=CARTESIAN_POINT('',(17.3419522371429,10.325782011981,8.12666666666649));
#16295=CARTESIAN_POINT('Origin',(17.9169522371429,10.020782011981,8.32666666666667));
#16296=CARTESIAN_POINT('',(17.9169522371429,10.325782011981,8.16666666666667));
#16297=CARTESIAN_POINT('',(17.9169522371429,9.71578201198098,8.16666666666667));
#16298=CARTESIAN_POINT('',(17.9169522371429,8.90417267275327,8.16666666666667));
#16299=CARTESIAN_POINT('',(17.9169522371429,10.325782011981,8.37666666666667));
#16300=CARTESIAN_POINT('',(17.9169522371429,9.71578201198098,8.37666666666667));
#16301=CARTESIAN_POINT('Origin',(10.5814285714286,9.285,6.16666666666667));
#16302=CARTESIAN_POINT('',(12.5814285714286,9.285,8.16666666666667));
#16303=CARTESIAN_POINT('',(12.5814285714286,9.285,6.16666666666667));
#16304=CARTESIAN_POINT('',(12.5344843458891,9.71578201198098,8.16666666666667));
#16305=CARTESIAN_POINT('Origin',(10.5814285714286,9.285,8.16666666666667));
#16306=CARTESIAN_POINT('',(12.5344843458891,9.71578201198098,6.16666666666667));
#16307=CARTESIAN_POINT('',(12.2892847724996,10.325782011981,8.16666666666667));
#16308=CARTESIAN_POINT('',(12.2892847724996,10.325782011981,6.16666666666667));
#16309=CARTESIAN_POINT('Origin',(10.5814285714286,9.285,8.16666666666667));
#16310=CARTESIAN_POINT('',(11.9051904172302,7.78578201198098,6.16666666666667));
#16311=CARTESIAN_POINT('',(12.3968384889363,8.44578201198098,6.16666666666667));
#16312=CARTESIAN_POINT('',(12.5682499307784,9.05578201198098,8.16666666666667));
#16313=CARTESIAN_POINT('',(12.5682499307784,9.05578201198098,6.16666666666667));
#16314=CARTESIAN_POINT('Origin',(10.5814285714286,9.285,8.16666666666667));
#16315=CARTESIAN_POINT('Origin',(12.6003571428536,7.78756333352555,8.16666666666667));
#16316=CARTESIAN_POINT('',(12.8669519753879,9.05578201198098,8.16666666666667));
#16317=CARTESIAN_POINT('',(12.2336546899982,9.05578201198098,8.16666666666667));
#16318=CARTESIAN_POINT('',(12.8669522187094,9.71578201198098,8.16666666666667));
#16319=CARTESIAN_POINT('',(12.8669517323948,8.39667263282746,8.16666666666667));
#16320=CARTESIAN_POINT('',(12.7586546899982,9.71578201198098,8.16666666666667));
#16321=CARTESIAN_POINT('Origin',(12.8669519569545,11.5457820602893,8.42666666666667));
#16322=CARTESIAN_POINT('',(12.8669520052628,11.595782011981,8.16666666666667));
#16323=CARTESIAN_POINT('',(12.8669522854512,11.885782011981,8.16666666666667));
#16324=CARTESIAN_POINT('',(12.8669501414214,9.66667256812167,8.16666666666667));
#16325=CARTESIAN_POINT('',(12.8669520052628,11.595782011981,8.42666666666667));
#16326=CARTESIAN_POINT('',(12.8669522854512,11.885782011981,8.42666666666667));
#16327=CARTESIAN_POINT('Origin',(12.9169522371429,11.885782011981,8.42666666666667));
#16328=CARTESIAN_POINT('',(16.8669522371429,11.885782011981,8.16666666666667));
#16329=CARTESIAN_POINT('',(12.7586546899982,11.885782011981,8.16666666666667));
#16330=CARTESIAN_POINT('',(16.8669522371429,11.885782011981,6.16666666666667));
#16331=CARTESIAN_POINT('',(12.7586546899982,11.885782011981,6.16666666666667));
#16332=CARTESIAN_POINT('',(16.8669522371429,11.885782011981,8.42666666666667));
#16333=CARTESIAN_POINT('Origin',(16.8669522371429,11.835782011981,8.42666666666667));
#16334=CARTESIAN_POINT('',(16.8669522371429,11.595782011981,8.16666666666667));
#16335=CARTESIAN_POINT('',(16.8669522371429,9.81167267275327,8.16666666666667));
#16336=CARTESIAN_POINT('',(16.8669522371429,9.81167267275327,6.16666666666667));
#16337=CARTESIAN_POINT('',(16.8669524690229,7.17578201198098,7.5016660869666));
#16338=CARTESIAN_POINT('',(16.8669541525669,8.91828038699596,7.50166187810653));
#16339=CARTESIAN_POINT('',(16.8669522371429,7.17578201198098,8.42666666666667));
#16340=CARTESIAN_POINT('',(16.8669524988978,7.78578201198098,7.50166601227937));
#16341=CARTESIAN_POINT('',(16.8669522371429,7.78578201198098,8.42666666666667));
#16342=CARTESIAN_POINT('',(16.8669522555763,8.44578201198098,7.50166662058305));
#16343=CARTESIAN_POINT('',(16.8669518472753,9.55328263203494,7.50166764133564));
#16344=CARTESIAN_POINT('',(16.8669522371429,8.44578201198098,8.42666666666667));
#16345=CARTESIAN_POINT('',(16.8669522371429,9.05578201198098,8.16666666666667));
#16346=CARTESIAN_POINT('',(16.8669522371429,9.05578201198098,8.42666666666667));
#16347=CARTESIAN_POINT('',(16.8669522371429,9.71578201198098,8.16666666666667));
#16348=CARTESIAN_POINT('',(16.8669522371429,9.81167267275327,8.16666666666667));
#16349=CARTESIAN_POINT('',(16.8669522371429,9.71578201198098,8.42666666666667));
#16350=CARTESIAN_POINT('',(16.8669522371429,10.325782011981,8.16666666666667));
#16351=CARTESIAN_POINT('',(16.8669522371429,10.325782011981,8.42666666666667));
#16352=CARTESIAN_POINT('',(16.8669522371429,10.985782011981,8.16666666666667));
#16353=CARTESIAN_POINT('',(16.8669522371429,9.81167267275327,8.16666666666667));
#16354=CARTESIAN_POINT('',(16.8669522371429,10.985782011981,8.42666666666667));
#16355=CARTESIAN_POINT('',(16.8669522371429,11.595782011981,8.42666666666667));
#16356=CARTESIAN_POINT('Origin',(16.8169522371429,11.595782011981,8.42666666666667));
#16357=CARTESIAN_POINT('',(14.7086546899982,11.595782011981,8.16666666666667));
#16358=CARTESIAN_POINT('Origin',(17.8669522371429,10.985782011981,8.42666666666667));
#16359=CARTESIAN_POINT('',(15.2336546899982,10.985782011981,8.16666666666667));
#16360=CARTESIAN_POINT('Origin',(16.8169522371429,10.325782011981,8.42666666666667));
#16361=CARTESIAN_POINT('',(14.7086546899982,10.325782011981,8.16666666666667));
#16362=CARTESIAN_POINT('Origin',(17.8669522371429,9.71578201198098,8.42666666666667));
#16363=CARTESIAN_POINT('',(15.2336546899982,9.71578201198098,8.16666666666667));
#16364=CARTESIAN_POINT('Origin',(16.8169522371429,9.05578201198098,8.42666666666667));
#16365=CARTESIAN_POINT('',(14.7086546899982,9.05578201198098,8.16666666666667));
#16366=CARTESIAN_POINT('Origin',(17.8669522371429,8.44578201198098,8.42666666666667));
#16367=CARTESIAN_POINT('',(16.8669522555763,8.44578201198098,8.16666666666667));
#16368=CARTESIAN_POINT('',(15.2336546899982,8.44578201198098,8.16666666666667));
#16369=CARTESIAN_POINT('',(16.8669522555763,8.44578201198098,8.42666666666667));
#16370=CARTESIAN_POINT('Origin',(16.8669522371429,8.49578203041443,8.42666666666667));
#16371=CARTESIAN_POINT('',(16.8669524988978,7.78578201198098,8.16666666666667));
#16372=CARTESIAN_POINT('',(16.8669523676917,8.1416734684505,8.16666666666667));
#16373=CARTESIAN_POINT('',(16.8669524988978,7.78578201198098,8.42666666666667));
#16374=CARTESIAN_POINT('Origin',(16.8169525173312,7.78578201198098,8.42666666666667));
#16375=CARTESIAN_POINT('',(14.7086548300924,7.78578201198098,8.16666666666667));
#16376=CARTESIAN_POINT('Origin',(17.8669522371429,7.17578201198098,8.42666666666667));
#16377=CARTESIAN_POINT('',(16.8669524690229,7.17578201198098,8.16666666666667));
#16378=CARTESIAN_POINT('',(15.2336546899982,7.17578201198098,8.16666666666667));
#16379=CARTESIAN_POINT('',(16.8669524690229,7.17578201198098,8.42666666666667));
#16380=CARTESIAN_POINT('Origin',(16.8669525173312,7.22578196367264,8.42666666666667));
#16381=CARTESIAN_POINT('',(16.8669527887164,7.5066705874775,8.16666666666667));
#16382=CARTESIAN_POINT('Origin',(11.8669522371429,7.78578201198098,8.42666666666667));
#16383=CARTESIAN_POINT('',(12.8669519753879,7.78578201198098,8.42666666666667));
#16384=CARTESIAN_POINT('Origin',(11.8669522371429,9.05578201198098,8.42666666666667));
#16385=CARTESIAN_POINT('',(12.8669519753879,9.05578201198098,8.42666666666667));
#16386=CARTESIAN_POINT('Origin',(12.8669519569545,9.00578203041443,8.42666666666667));
#16387=CARTESIAN_POINT('',(12.8669522187094,9.71578201198098,8.42666666666667));
#16388=CARTESIAN_POINT('Origin',(11.8669522371429,10.325782011981,8.42666666666667));
#16389=CARTESIAN_POINT('',(12.8669522187094,10.325782011981,8.16666666666667));
#16390=CARTESIAN_POINT('',(12.2336546899982,10.325782011981,8.16666666666667));
#16391=CARTESIAN_POINT('',(12.8669522187094,10.325782011981,8.42666666666667));
#16392=CARTESIAN_POINT('Origin',(12.8669522371429,10.2757819935475,8.42666666666667));
#16393=CARTESIAN_POINT('',(12.8669519753879,10.985782011981,8.16666666666667));
#16394=CARTESIAN_POINT('',(12.8669526958073,9.03167271267937,8.16666666666667));
#16395=CARTESIAN_POINT('',(12.8669519753879,10.985782011981,8.42666666666667));
#16396=CARTESIAN_POINT('Origin',(11.8669522371429,11.595782011981,8.42666666666667));
#16397=CARTESIAN_POINT('',(12.2336546899982,11.595782011981,8.16666666666667));
#16398=CARTESIAN_POINT('Origin',(12.8669522371429,6.93578196367264,8.42666666666667));
#16399=CARTESIAN_POINT('',(12.8669520052628,7.17578201198098,8.16666666666667));
#16400=CARTESIAN_POINT('',(12.8669518256613,7.36167277738636,8.16666666666667));
#16401=CARTESIAN_POINT('',(12.8669520052628,7.17578201198098,8.42666666666667));
#16402=CARTESIAN_POINT('Origin',(12.9169519569545,10.985782011981,8.42666666666667));
#16403=CARTESIAN_POINT('',(12.758654549904,10.985782011981,8.16666666666667));
#16404=CARTESIAN_POINT('Origin',(12.9169519569545,7.17578201198098,8.42666666666667));
#16405=CARTESIAN_POINT('',(12.758654549904,7.17578201198098,8.16666666666667));
#16406=CARTESIAN_POINT('Origin',(12.8669519569545,7.73578203041443,8.42666666666667));
#16407=CARTESIAN_POINT('',(12.8669522187094,8.44578201198098,8.42666666666667));
#16408=CARTESIAN_POINT('Origin',(12.9169522371429,9.71578201198098,8.42666666666667));
#16409=CARTESIAN_POINT('Origin',(12.9169522371429,8.44578201198098,8.42666666666667));
#16410=CARTESIAN_POINT('Origin',(12.6003571428536,7.78756333352555,8.16666666666667));
#16411=CARTESIAN_POINT('',(14.8671428571429,3.,8.16666666666667));
#16412=CARTESIAN_POINT('Origin',(14.8671428571429,5.,8.16666666666667));
#16413=CARTESIAN_POINT('',(18.5814285714286,3.,8.16666666666667));
#16414=CARTESIAN_POINT('',(7.59089285713749,3.,8.16666666666667));
#16415=CARTESIAN_POINT('',(18.5814285714286,11.3675383133968,8.16666666666667));
#16416=CARTESIAN_POINT('',(18.5814285714286,1.35669648304476E-16,8.16666666666667));
#16417=CARTESIAN_POINT('',(18.4841668988376,12.0480057421296,8.16666666666667));
#16418=CARTESIAN_POINT('Origin',(16.1524360303053,11.3675383133968,8.16666666666667));
#16419=CARTESIAN_POINT('',(2.68142857143866,12.0480057421283,8.16666666666667));
#16420=CARTESIAN_POINT('',(2.58142857142046,12.0480057421283,8.16666666666667));
#16421=CARTESIAN_POINT('',(2.68142857142571,3.,8.16666666666667));
#16422=CARTESIAN_POINT('',(2.68142857143686,10.7920470940298,8.16666666666667));
#16423=CARTESIAN_POINT('',(6.29571428571428,3.,8.16666666666667));
#16424=CARTESIAN_POINT('',(7.59089285713749,3.,8.16666666666667));
#16425=CARTESIAN_POINT('',(8.29571428571428,5.,8.16666666666667));
#16426=CARTESIAN_POINT('Origin',(6.29571428571428,5.,8.16666666666667));
#16427=CARTESIAN_POINT('Origin',(6.29571428571428,5.,8.16666666666667));
#16428=CARTESIAN_POINT('',(7.59089285713749,3.,8.16666666666667));
#16429=CARTESIAN_POINT('Origin',(14.8671428571429,5.,8.16666666666667));
#16430=CARTESIAN_POINT('Origin',(13.4806884941983,2.75,4.66666666666667));
#16431=CARTESIAN_POINT('',(18.5814285714286,2.75,6.16666666666667));
#16432=CARTESIAN_POINT('',(13.4806884941983,2.75,6.16666666666667));
#16433=CARTESIAN_POINT('',(18.5814285714286,1.25,4.66666666666667));
#16434=CARTESIAN_POINT('Origin',(18.5814285714286,2.75,4.66666666666667));
#16435=CARTESIAN_POINT('',(2.68142857142321,1.25,4.66666666666667));
#16436=CARTESIAN_POINT('',(13.4806884941983,1.25,4.66666666666667));
#16437=CARTESIAN_POINT('Origin',(2.68142857144116,2.75,4.66666666666667));
#16438=CARTESIAN_POINT('Ctrl Pts',(4.71457545563009,2.75,6.16666666666667));
#16439=CARTESIAN_POINT('Ctrl Pts',(4.88667818769239,2.6290585278101,6.16666666666667));
#16440=CARTESIAN_POINT('Ctrl Pts',(5.07652859764941,2.52568941963568,6.1520277735838));
#16441=CARTESIAN_POINT('Ctrl Pts',(5.60422206520554,2.31499509604638,6.10843065232022));
#16442=CARTESIAN_POINT('Ctrl Pts',(5.96010938741441,2.25,6.08088022903976));
#16443=CARTESIAN_POINT('Ctrl Pts',(6.29571428571428,2.25,6.08088022903976));
#16444=CARTESIAN_POINT('Ctrl Pts',(6.63131918401416,2.25,6.08088022903976));
#16445=CARTESIAN_POINT('Ctrl Pts',(6.98720650622302,2.31499509604638,6.10843065232022));
#16446=CARTESIAN_POINT('Ctrl Pts',(7.51489997377916,2.52568941963568,6.1520277735838));
#16447=CARTESIAN_POINT('Ctrl Pts',(7.70475038373618,2.6290585278101,6.16666666666667));
#16448=CARTESIAN_POINT('Ctrl Pts',(7.87685311579848,2.75,6.16666666666667));
#16449=CARTESIAN_POINT('Origin',(14.361019845543,1.25,6.16666666666667));
#16450=CARTESIAN_POINT('',(18.5814285714286,1.25,4.16666666666667));
#16451=CARTESIAN_POINT('',(18.5814285714286,1.25,6.16666666666667));
#16452=CARTESIAN_POINT('',(16.361019845543,1.25,4.16666666666667));
#16453=CARTESIAN_POINT('',(18.5814285714286,1.25,4.16666666666667));
#16454=CARTESIAN_POINT('',(16.361019845543,1.25,0.));
#16455=CARTESIAN_POINT('',(16.361019845543,1.25,6.16666666666667));
#16456=CARTESIAN_POINT('',(14.361019845543,1.25,0.));
#16457=CARTESIAN_POINT('',(14.361019845543,1.25,0.));
#16458=CARTESIAN_POINT('',(14.361019845543,1.25,4.16666666666667));
#16459=CARTESIAN_POINT('',(14.361019845543,1.25,6.16666666666667));
#16460=CARTESIAN_POINT('',(6.80183729731415,1.25,4.16666666666667));
#16461=CARTESIAN_POINT('',(18.5814285714286,1.25,4.16666666666667));
#16462=CARTESIAN_POINT('',(6.80183729731415,1.25,0.));
#16463=CARTESIAN_POINT('',(6.80183729731415,1.25,6.16666666666667));
#16464=CARTESIAN_POINT('',(4.80183729731415,1.25,0.));
#16465=CARTESIAN_POINT('',(6.80183729731415,1.25,0.));
#16466=CARTESIAN_POINT('',(4.80183729731415,1.25,4.16666666666667));
#16467=CARTESIAN_POINT('',(4.80183729731415,1.25,6.16666666666667));
#16468=CARTESIAN_POINT('',(2.68142857142321,1.25,4.16666666666667));
#16469=CARTESIAN_POINT('',(18.5814285714286,1.25,4.16666666666667));
#16470=CARTESIAN_POINT('',(2.68142857142321,1.25,6.16666666666667));
#16471=CARTESIAN_POINT('Origin',(12.6003571428536,7.78756333352555,6.16666666666667));
#16472=CARTESIAN_POINT('',(11.3983505526134,11.9108595691044,6.16666666666667));
#16473=CARTESIAN_POINT('Origin',(10.5814285714286,9.285,6.16666666666667));
#16474=CARTESIAN_POINT('',(16.5676511301431,11.9108595691048,6.16666666666667));
#16475=CARTESIAN_POINT('',(2.58142857142047,11.9108595691037,6.16666666666667));
#16476=CARTESIAN_POINT('',(16.567651130143,13.7607790421366,6.16666666666667));
#16477=CARTESIAN_POINT('',(16.5676511301432,11.0301387806252,6.16666666666667));
#16478=CARTESIAN_POINT('',(18.5814285714286,11.3675383133968,6.16666666666667));
#16479=CARTESIAN_POINT('Origin',(16.1524360303053,11.3675383133968,6.16666666666667));
#16480=CARTESIAN_POINT('',(18.5814285714286,1.35669648304476E-16,6.16666666666667));
#16481=CARTESIAN_POINT('Origin',(7.59089285713749,3.,5.16666666666667));
#16482=CARTESIAN_POINT('',(18.5814285714286,0.,5.16666666666667));
#16483=CARTESIAN_POINT('Origin',(18.5814285714286,3.,5.16666666666667));
#16484=CARTESIAN_POINT('',(2.68142857142142,0.,5.16666666666667));
#16485=CARTESIAN_POINT('Origin',(2.68142857144116,3.,5.16666666666667));
#16486=CARTESIAN_POINT('',(7.59089285713749,0.,5.16666666666667));
#16487=CARTESIAN_POINT('Origin',(2.58142857142142,0.,6.16666666666667));
#16488=CARTESIAN_POINT('',(2.68142857142142,-8.71538455358097E-17,4.16666666666667));
#16489=CARTESIAN_POINT('',(2.68142857142142,0.,6.16666666666667));
#16490=CARTESIAN_POINT('',(5.02224602319973,0.,4.16666666666667));
#16491=CARTESIAN_POINT('',(5.02224602319973,0.,4.16666666666667));
#16492=CARTESIAN_POINT('',(5.02224602319973,0.,0.));
#16493=CARTESIAN_POINT('',(5.02224602319973,0.,6.16666666666667));
#16494=CARTESIAN_POINT('',(6.58142857142857,0.,0.));
#16495=CARTESIAN_POINT('',(2.58142857142142,0.,0.));
#16496=CARTESIAN_POINT('',(6.58142857142857,0.,4.16666666666667));
#16497=CARTESIAN_POINT('',(6.58142857142857,0.,6.16666666666667));
#16498=CARTESIAN_POINT('',(14.5814285714286,0.,4.16666666666667));
#16499=CARTESIAN_POINT('',(14.5814285714286,0.,4.16666666666667));
#16500=CARTESIAN_POINT('',(14.5814285714286,0.,0.));
#16501=CARTESIAN_POINT('',(14.5814285714286,0.,6.16666666666667));
#16502=CARTESIAN_POINT('',(16.1406111196574,0.,0.));
#16503=CARTESIAN_POINT('',(2.58142857142142,0.,0.));
#16504=CARTESIAN_POINT('',(16.1406111196574,0.,4.16666666666667));
#16505=CARTESIAN_POINT('',(16.1406111196574,0.,6.16666666666667));
#16506=CARTESIAN_POINT('',(18.5814285714286,0.,4.16666666666667));
#16507=CARTESIAN_POINT('',(18.5814285714286,0.,4.16666666666667));
#16508=CARTESIAN_POINT('',(18.5814285714286,0.,6.16666666666667));
#16509=CARTESIAN_POINT('Origin',(2.68142857144116,13.7965308545199,6.16666666666667));
#16510=CARTESIAN_POINT('',(2.68142857144181,14.2481300775723,7.20614035087719));
#16511=CARTESIAN_POINT('Origin',(2.6814285714413,12.0480057421283,5.16666666666667));
#16512=CARTESIAN_POINT('',(2.68142857144463,16.2210947715152,4.16666666666667));
#16513=CARTESIAN_POINT('Origin',(2.68142857144174,6.47435742567028,-2.95553512219549E-15));
#16514=CARTESIAN_POINT('',(2.68142857144369,15.5649508545334,4.16666666666667));
#16515=CARTESIAN_POINT('',(2.68142857144243,14.6807408545266,4.16666666666667));
#16516=CARTESIAN_POINT('',(2.68142857144128,13.8806679358461,4.17091891875881));
#16517=CARTESIAN_POINT('',(2.68142857144122,13.8360803809777,4.17103148744984));
#16518=CARTESIAN_POINT('',(2.6814285714395,12.6357265215615,5.85555555555556));
#16519=CARTESIAN_POINT('Origin',(2.68142857144174,6.47435742567028,-2.95553512219549E-15));
#16520=CARTESIAN_POINT('Origin',(2.68142857144131,11.9108595691037,5.16666666666667));
#16521=CARTESIAN_POINT('',(2.68142857143174,7.21076542726076,4.16666666666667));
#16522=CARTESIAN_POINT('Origin',(10.5814285714286,9.285,6.16666666666667));
#16523=CARTESIAN_POINT('Origin',(10.5814285714286,9.285,6.16666666666667));
#16524=CARTESIAN_POINT('Origin',(10.5814285714286,9.285,6.16666666666667));
#16525=CARTESIAN_POINT('',(2.58142857142047,11.9108595691037,6.16666666666667));
#16526=CARTESIAN_POINT('Origin',(6.29571428571428,5.,6.16666666666667));
#16527=CARTESIAN_POINT('',(9.04571428571428,5.,6.66666666666667));
#16528=CARTESIAN_POINT('',(9.04571428571428,5.,6.16666666666667));
#16529=CARTESIAN_POINT('Origin',(6.29571428571428,5.,6.66666666666667));
#16530=CARTESIAN_POINT('Origin',(6.29571428571428,5.,6.66666666666667));
#16531=CARTESIAN_POINT('',(8.29571428571428,5.,6.66666666666667));
#16532=CARTESIAN_POINT('Origin',(6.29571428571428,5.,6.66666666666667));
#16533=CARTESIAN_POINT('Origin',(14.8671428571429,5.,6.16666666666667));
#16534=CARTESIAN_POINT('Origin',(6.29571428571428,5.,6.16666666666667));
#16535=CARTESIAN_POINT('',(8.29571428571428,5.,6.16666666666667));
#16536=CARTESIAN_POINT('Origin',(2.58142857142047,11.9108595691037,5.16666666666667));
#16537=CARTESIAN_POINT('',(15.8427841776853,12.6357265215625,5.85555555555556));
#16538=CARTESIAN_POINT('',(2.58142857142041,12.6357265215615,5.85555555555556));
#16539=CARTESIAN_POINT('Origin',(16.5676511301431,11.9108595691048,5.16666666666667));
#16540=CARTESIAN_POINT('Origin',(16.5676511301432,11.0301387806252,5.16666666666667));
#16541=CARTESIAN_POINT('',(15.567651130143,13.2238430027769,5.16666666666667));
#16542=CARTESIAN_POINT('',(15.567651130143,14.29653085452,5.16666666666667));
#16543=CARTESIAN_POINT('',(15.5676511301432,11.0301387806251,5.16666666666667));
#16544=CARTESIAN_POINT('',(16.0676511301429,13.7965308545201,6.03269207045105));
#16545=CARTESIAN_POINT('Ctrl Pts',(15.567651130143,14.29653085452,5.16666666666667));
#16546=CARTESIAN_POINT('Ctrl Pts',(15.567651130143,14.2325134726206,5.25720091637641));
#16547=CARTESIAN_POINT('Ctrl Pts',(15.5805767790834,14.1627273917909,5.35575759723581));
#16548=CARTESIAN_POINT('Ctrl Pts',(15.6378347311645,14.0311960548698,5.548127970708));
#16549=CARTESIAN_POINT('Ctrl Pts',(15.6822256802282,13.9695549404895,5.6419953912414));
#16550=CARTESIAN_POINT('Ctrl Pts',(15.775651808142,13.8875379532762,5.78094882478059));
#16551=CARTESIAN_POINT('Ctrl Pts',(15.8241884115527,13.8555652490015,5.83996432984503));
#16552=CARTESIAN_POINT('Ctrl Pts',(15.9374061090761,13.809949951598,5.94696008973159));
#16553=CARTESIAN_POINT('Ctrl Pts',(16.0022075055389,13.79653085452,5.99490817616917));
#16554=CARTESIAN_POINT('Ctrl Pts',(16.067651130143,13.7965308545201,6.0326920704511));
#16555=CARTESIAN_POINT('',(16.152436030306,13.7965308545201,6.0763899327577));
#16556=CARTESIAN_POINT('Origin',(16.567651130143,13.7965308545201,5.16666666666667));
#16557=CARTESIAN_POINT('Ctrl Pts',(16.152436030306,13.7965308545201,6.0763899327577));
#16558=CARTESIAN_POINT('Ctrl Pts',(16.1641179095441,13.7965308545201,6.08172176589305));
#16559=CARTESIAN_POINT('Ctrl Pts',(16.1759055662023,13.7964465187368,6.0868298591715));
#16560=CARTESIAN_POINT('Ctrl Pts',(16.3106959935462,13.7944847768143,6.14218142404224));
#16561=CARTESIAN_POINT('Ctrl Pts',(16.4439203068169,13.7822457109692,6.16666666666667));
#16562=CARTESIAN_POINT('Ctrl Pts',(16.567651130143,13.7607790421366,6.16666666666667));
#16563=CARTESIAN_POINT('Ctrl Pts',(15.8427841776855,12.6357265215624,5.85555555555571));
#16564=CARTESIAN_POINT('Ctrl Pts',(15.7585309463279,12.7199797529199,5.76690209629127));
#16565=CARTESIAN_POINT('Ctrl Pts',(15.6893675102441,12.8171387703942,5.66056119210137));
#16566=CARTESIAN_POINT('Ctrl Pts',(15.5922065161622,13.0211509743598,5.42361532968909));
#16567=CARTESIAN_POINT('Ctrl Pts',(15.567651130143,13.1281675809314,5.29165244985945));
#16568=CARTESIAN_POINT('Ctrl Pts',(15.567651130143,13.2238430027769,5.16666666666667));
#16569=CARTESIAN_POINT('Origin',(2.58142857142046,12.0480057421283,5.16666666666667));
#16570=CARTESIAN_POINT('',(16.1524360303053,13.7965308545201,7.60442381850505));
#16571=CARTESIAN_POINT('Ctrl Pts',(18.4841668988376,12.0480057421296,8.16666666666667));
#16572=CARTESIAN_POINT('Ctrl Pts',(18.4656037505841,12.1116153492498,8.16666666666667));
#16573=CARTESIAN_POINT('Ctrl Pts',(18.4446238133586,12.1737841126056,8.16463561006569));
#16574=CARTESIAN_POINT('Ctrl Pts',(18.3092952246602,12.5282067335619,8.14262165769336));
#16575=CARTESIAN_POINT('Ctrl Pts',(18.1079840283772,12.8403567375624,8.06949290736979));
#16576=CARTESIAN_POINT('Ctrl Pts',(17.6794385803988,13.2817359231494,7.91140670421577));
#16577=CARTESIAN_POINT('Ctrl Pts',(17.4075094225824,13.4728359965414,7.8109984001686));
#16578=CARTESIAN_POINT('Ctrl Pts',(16.804460831661,13.7302374452924,7.65518657644347));
#16579=CARTESIAN_POINT('Ctrl Pts',(16.4721484663452,13.7965308545201,7.60442381850505));
#16580=CARTESIAN_POINT('Ctrl Pts',(16.1524360303051,13.7965308545201,7.60442381850505));
#16581=CARTESIAN_POINT('',(16.067651130143,13.7965308545201,7.60442381850505));
#16582=CARTESIAN_POINT('',(2.58142857142032,13.796530854519,7.60442381850505));
#16583=CARTESIAN_POINT('',(15.5699992791559,14.2481300775725,7.20614035087805));
#16584=CARTESIAN_POINT('Ctrl Pts',(16.067651130143,13.7965308545201,7.60442381850505));
#16585=CARTESIAN_POINT('Ctrl Pts',(16.0065367094993,13.79653085452,7.60442381850505));
#16586=CARTESIAN_POINT('Ctrl Pts',(15.9423440372372,13.8085042100742,7.59595647364522));
#16587=CARTESIAN_POINT('Ctrl Pts',(15.8265506614651,13.8541030407496,7.56224935934257));
#16588=CARTESIAN_POINT('Ctrl Pts',(15.7749320010044,13.8876014575547,7.53689960498862));
#16589=CARTESIAN_POINT('Ctrl Pts',(15.6764549944135,13.9754991358371,7.46649414007456));
#16590=CARTESIAN_POINT('Ctrl Pts',(15.6327885000708,14.0397391536951,7.41191375673426));
#16591=CARTESIAN_POINT('Ctrl Pts',(15.5857081355549,14.1535400881737,7.30468033677277));
#16592=CARTESIAN_POINT('Ctrl Pts',(15.5744427030493,14.2024432463949,7.25542596307358));
#16593=CARTESIAN_POINT('Ctrl Pts',(15.5699992791559,14.2481300775725,7.20614035087806));
#16594=CARTESIAN_POINT('',(2.58142857142028,14.2481300775723,7.20614035087719));
#16595=CARTESIAN_POINT('Origin',(16.1524360303053,13.7965308545201,6.16666666666667));
#16596=CARTESIAN_POINT('',(16.1524360303053,13.7965308545201,6.16666666666667));
#16597=CARTESIAN_POINT('',(16.067651130143,13.7965308545201,6.04114483204302));
#16598=CARTESIAN_POINT('Origin',(16.1524360303053,11.3675383133968,6.16666666666667));
#16599=CARTESIAN_POINT('',(18.5814285714286,11.3675383133968,6.16666666666667));
#16600=CARTESIAN_POINT('Origin',(16.067651130143,14.2965308545201,6.04114483204302));
#16601=CARTESIAN_POINT('',(15.567651130143,14.29653085452,7.15357273318816));
#16602=CARTESIAN_POINT('',(15.567651130143,14.29653085452,6.04114483204302));
#16603=CARTESIAN_POINT('Ctrl Pts',(15.567651130143,14.29653085452,7.15357273318816));
#16604=CARTESIAN_POINT('Ctrl Pts',(15.567651130143,14.2807504461755,7.17082803979546));
#16605=CARTESIAN_POINT('Ctrl Pts',(15.5684004932881,14.2645686307656,7.18840692229806));
#16606=CARTESIAN_POINT('Ctrl Pts',(15.5699992791559,14.2481300775725,7.20614035087806));
#16607=CARTESIAN_POINT('Origin',(15.567651130143,14.2727142277245,5.91562299741938));
#16608=CARTESIAN_POINT('',(15.567651130143,13.8806679358471,4.17091891875881));
#16609=CARTESIAN_POINT('Origin',(15.5676511301436,6.47435742567131,-2.95553512219549E-15));
#16610=CARTESIAN_POINT('',(15.5676511301429,15.5649508545345,4.16666666666667));
#16611=CARTESIAN_POINT('',(15.567651130143,14.0744874487169,4.17042958919312));
#16612=CARTESIAN_POINT('',(15.5676511301428,16.2210947715163,4.16666666666667));
#16613=CARTESIAN_POINT('',(15.5676511301429,14.9188325411295,4.16666666666667));
#16614=CARTESIAN_POINT('Origin',(15.5676511301436,6.47435742567131,-2.95553512219549E-15));
#16615=CARTESIAN_POINT('Origin',(11.5814285714285,14.3180799202495,4.16981459952291));
#16616=CARTESIAN_POINT('',(9.58142857142855,14.3180799202495,4.16981459952291));
#16617=CARTESIAN_POINT('',(11.5814285714285,14.3180799202495,4.16981459952291));
#16618=CARTESIAN_POINT('',(7.08142857142443,14.3180799202495,4.16981459952291));
#16619=CARTESIAN_POINT('',(9.58142857142855,14.3075605114325,0.00316121183282669));
#16620=CARTESIAN_POINT('',(9.58142857142855,14.3180799202495,4.16981459952291));
#16621=CARTESIAN_POINT('',(11.5814285714285,14.3075605114325,0.00316121183282725));
#16622=CARTESIAN_POINT('',(11.5814285714285,14.3075605114325,0.00316121183282669));
#16623=CARTESIAN_POINT('',(11.5814285714285,14.3180799202495,4.16981459952291));
#16624=CARTESIAN_POINT('Origin',(11.361019845543,15.5680759365565,4.16665877687783));
#16625=CARTESIAN_POINT('',(11.3615708835766,15.5649508545341,4.16666666666667));
#16626=CARTESIAN_POINT('',(11.3729336518489,15.5005095987829,4.1668293593245));
#16627=CARTESIAN_POINT('',(11.361019845543,15.5575565277396,5.38918774717399E-6));
#16628=CARTESIAN_POINT('',(11.5814285714285,14.3075605114325,0.00316121183282669));
#16629=CARTESIAN_POINT('',(11.361019845543,15.5680759365565,4.16665877687783));
#16630=CARTESIAN_POINT('',(11.361019845543,15.5680759365565,4.16665877687783));
#16631=CARTESIAN_POINT('',(11.2289193415842,16.3172575305471,4.16666666666667));
#16632=CARTESIAN_POINT('Origin',(9.80183729731412,15.5680759365565,4.16665877687783));
#16633=CARTESIAN_POINT('',(9.80183729731412,15.5680759365565,4.16665877687783));
#16634=CARTESIAN_POINT('',(6.19163293436715,15.5680759564756,4.16666666666667));
#16635=CARTESIAN_POINT('',(9.80183729731412,15.5575565277396,5.38918774661834E-6));
#16636=CARTESIAN_POINT('',(11.361019845543,15.5575565277396,5.38918774661834E-6));
#16637=CARTESIAN_POINT('',(9.80183729731412,15.5680759365565,4.16665877687783));
#16638=CARTESIAN_POINT('Origin',(9.58142857142855,14.3180799202495,4.16981459952291));
#16639=CARTESIAN_POINT('',(9.8012862592805,15.564950854534,4.16666666666667));
#16640=CARTESIAN_POINT('',(9.43848961120884,13.5074353773357,4.17186120636986));
#16641=CARTESIAN_POINT('',(9.5825060939335,14.3241829260378,4.16666666666667));
#16642=CARTESIAN_POINT('',(9.58142857142855,14.3075605114325,0.00316121183282614));
#16643=CARTESIAN_POINT('Origin',(10.5814285714285,14.932558519586,0.00158330051028721));
#16644=CARTESIAN_POINT('Origin',(2.58142857142031,13.8806679358461,4.17091891875881));
#16645=CARTESIAN_POINT('',(2.58142857142018,15.5649508545334,4.16666666666667));
#16646=CARTESIAN_POINT('',(2.58142857142031,13.8806679358461,4.17091891875881));
#16647=CARTESIAN_POINT('',(2.58142857142018,15.5649508545334,4.16666666666667));
#16648=CARTESIAN_POINT('Origin',(2.5814285714209,6.47435742567027,-2.95553512219549E-15));
#16649=CARTESIAN_POINT('',(2.58142857142012,16.2210947715152,4.16666666666667));
#16650=CARTESIAN_POINT('Origin',(2.58142857142018,15.5649508545334,4.16666666666667));
#16651=CARTESIAN_POINT('Origin',(2.5814285714209,6.47435742567027,-2.95553512219549E-15));
#16652=CARTESIAN_POINT('Origin',(3.80183729731415,0.625,4.16666666666667));
#16653=CARTESIAN_POINT('',(4.95040546284806,0.407428063833619,4.16666666666667));
#16654=CARTESIAN_POINT('Origin',(5.02224602319973,0.,6.16666666666667));
#16655=CARTESIAN_POINT('',(4.80183729731415,1.25,0.));
#16656=CARTESIAN_POINT('Origin',(17.361019845543,0.625,4.16666666666667));
#16657=CARTESIAN_POINT('',(18.5814285714286,11.3675383133968,4.16666666666667));
#16658=CARTESIAN_POINT('',(16.3226560429519,1.03242806383362,4.16666666666667));
#16659=CARTESIAN_POINT('Origin',(10.5814285714286,0.625,4.16666666666667));
#16660=CARTESIAN_POINT('',(14.4676805448198,0.645097115323464,4.16666666666667));
#16661=CARTESIAN_POINT('',(6.80538096098009,1.27009711532347,4.16666666666667));
#16662=CARTESIAN_POINT('Origin',(14.5814285714286,0.,6.16666666666667));
#16663=CARTESIAN_POINT('',(14.5814285714286,0.,0.));
#16664=CARTESIAN_POINT('Origin',(6.80183729731415,1.25,6.16666666666667));
#16665=CARTESIAN_POINT('',(6.58142857142857,0.,0.));
#16666=CARTESIAN_POINT('Origin',(5.80183729731415,0.625,0.));
#16667=CARTESIAN_POINT('Origin',(16.361019845543,1.25,6.16666666666667));
#16668=CARTESIAN_POINT('',(16.361019845543,1.25,0.));
#16669=CARTESIAN_POINT('Origin',(15.361019845543,0.625,0.));
#16670=CARTESIAN_POINT('Origin',(18.5814285714286,1.35669648304476E-16,
6.16666666666667));
#16671=CARTESIAN_POINT('',(0.,0.,0.));
#16672=CARTESIAN_POINT('Origin',(13.4806884941983,2.75,-4.66666666666667));
#16673=CARTESIAN_POINT('',(9.00028974134438,2.75,-6.16666666666667));
#16674=CARTESIAN_POINT('',(12.1625674015128,2.75,-6.16666666666667));
#16675=CARTESIAN_POINT('Ctrl Pts',(12.1625674015128,2.75,-6.16666666666667));
#16676=CARTESIAN_POINT('Ctrl Pts',(11.9904646694505,2.6290585278101,-6.16666666666667));
#16677=CARTESIAN_POINT('Ctrl Pts',(11.8006142594934,2.52568941963568,-6.1520277735838));
#16678=CARTESIAN_POINT('Ctrl Pts',(11.2729207919373,2.31499509604638,-6.10843065232022));
#16679=CARTESIAN_POINT('Ctrl Pts',(10.9170334697284,2.25,-6.08088022903976));
#16680=CARTESIAN_POINT('Ctrl Pts',(10.2458236731287,2.25,-6.08088022903976));
#16681=CARTESIAN_POINT('Ctrl Pts',(9.88993635091983,2.31499509604638,-6.10843065232022));
#16682=CARTESIAN_POINT('Ctrl Pts',(9.3622428833637,2.52568941963568,-6.15202777358381));
#16683=CARTESIAN_POINT('Ctrl Pts',(9.17239247340668,2.6290585278101,-6.16666666666667));
#16684=CARTESIAN_POINT('Ctrl Pts',(9.00028974134438,2.75,-6.16666666666667));
#16685=CARTESIAN_POINT('',(2.68142857142535,2.75,-6.16666666666667));
#16686=CARTESIAN_POINT('',(13.4806884941983,2.75,-6.16666666666667));
#16687=CARTESIAN_POINT('',(2.68142857142321,1.25,-4.66666666666667));
#16688=CARTESIAN_POINT('Origin',(2.68142857144116,2.75,-4.66666666666667));
#16689=CARTESIAN_POINT('',(18.5814285714286,1.25,-4.66666666666667));
#16690=CARTESIAN_POINT('',(13.4806884941983,1.25,-4.66666666666667));
#16691=CARTESIAN_POINT('',(18.5814285714286,2.75,-6.16666666666667));
#16692=CARTESIAN_POINT('Origin',(18.5814285714286,2.75,-4.66666666666667));
#16693=CARTESIAN_POINT('',(13.4806884941983,2.75,-6.16666666666667));
#16694=CARTESIAN_POINT('Origin',(12.6003571428536,7.78756333352555,-6.16666666666667));
#16695=CARTESIAN_POINT('',(7.83142857142857,5.,-6.16666666666667));
#16696=CARTESIAN_POINT('Origin',(10.5814285714286,5.,-6.16666666666667));
#16697=CARTESIAN_POINT('Origin',(10.5814285714286,5.,-6.16666666666667));
#16698=CARTESIAN_POINT('',(18.5814285714286,11.3675383133968,-6.16666666666667));
#16699=CARTESIAN_POINT('',(18.5814285714286,1.35669648304476E-16,-6.16666666666667));
#16700=CARTESIAN_POINT('',(16.567651130143,13.7607790421366,-6.16666666666667));
#16701=CARTESIAN_POINT('Origin',(16.1524360303053,11.3675383133968,-6.16666666666667));
#16702=CARTESIAN_POINT('',(16.5676511301431,11.9108595691048,-6.16666666666667));
#16703=CARTESIAN_POINT('',(16.5676511301432,11.0301387806252,-6.16666666666667));
#16704=CARTESIAN_POINT('',(15.6841744386144,11.9108595691047,-6.16666666666667));
#16705=CARTESIAN_POINT('',(2.58142857142047,11.9108595691037,-6.16666666666667));
#16706=CARTESIAN_POINT('',(12.1164068114646,9.28526323531962,-6.16666666666667));
#16707=CARTESIAN_POINT('Origin',(14.8664068114646,9.28526323531962,-6.16666666666667));
#16708=CARTESIAN_POINT('',(14.0486391843143,11.9108595691046,-6.16666666666667));
#16709=CARTESIAN_POINT('Origin',(14.8664068114646,9.28526323531962,-6.16666666666667));
#16710=CARTESIAN_POINT('',(7.11301734672495,11.910859569104,-6.16666666666667));
#16711=CARTESIAN_POINT('',(2.58142857142047,11.9108595691037,-6.16666666666667));
#16712=CARTESIAN_POINT('',(3.54616534045032,9.28497823137281,-6.16666666666667));
#16713=CARTESIAN_POINT('Origin',(6.29616534045032,9.28497823137281,-6.16666666666667));
#16714=CARTESIAN_POINT('',(5.47931333417527,11.9108595691039,-6.16666666666667));
#16715=CARTESIAN_POINT('Origin',(6.29616534045032,9.28497823137281,-6.16666666666667));
#16716=CARTESIAN_POINT('',(2.68142857143846,11.9108595691037,-6.16666666666667));
#16717=CARTESIAN_POINT('',(2.58142857142047,11.9108595691037,-6.16666666666667));
#16718=CARTESIAN_POINT('',(2.68142857143686,10.7920470940298,-6.16666666666667));
#16719=CARTESIAN_POINT('Origin',(7.59089285713749,3.,-5.16666666666667));
#16720=CARTESIAN_POINT('',(18.5814285714286,3.,-8.16666666666667));
#16721=CARTESIAN_POINT('',(18.5814285714286,0.,-5.16666666666667));
#16722=CARTESIAN_POINT('Origin',(18.5814285714286,3.,-5.16666666666667));
#16723=CARTESIAN_POINT('',(2.68142857142142,0.,-5.16666666666667));
#16724=CARTESIAN_POINT('',(7.59089285713749,0.,-5.16666666666667));
#16725=CARTESIAN_POINT('',(2.68142857142571,3.,-8.16666666666667));
#16726=CARTESIAN_POINT('Origin',(2.68142857144116,3.,-5.16666666666667));
#16727=CARTESIAN_POINT('',(10.5814285714286,3.,-8.16666666666667));
#16728=CARTESIAN_POINT('',(7.59089285713749,3.,-8.16666666666667));
#16729=CARTESIAN_POINT('',(7.59089285713749,3.,-8.16666666666667));
#16730=CARTESIAN_POINT('Origin',(2.58142857142142,0.,-6.16666666666667));
#16731=CARTESIAN_POINT('',(18.5814285714286,0.,-4.16666666666667));
#16732=CARTESIAN_POINT('',(18.5814285714286,0.,-6.16666666666667));
#16733=CARTESIAN_POINT('',(16.1406111196574,0.,-4.16666666666667));
#16734=CARTESIAN_POINT('',(18.5814285714286,0.,-4.16666666666667));
#16735=CARTESIAN_POINT('',(16.1406111196574,0.,0.));
#16736=CARTESIAN_POINT('',(16.1406111196574,0.,-6.16666666666667));
#16737=CARTESIAN_POINT('',(14.5814285714286,0.,0.));
#16738=CARTESIAN_POINT('',(2.58142857142142,0.,0.));
#16739=CARTESIAN_POINT('',(14.5814285714286,0.,-4.16666666666667));
#16740=CARTESIAN_POINT('',(14.5814285714286,0.,-6.16666666666667));
#16741=CARTESIAN_POINT('',(6.58142857142857,0.,-4.16666666666667));
#16742=CARTESIAN_POINT('',(14.5814285714286,0.,-4.16666666666667));
#16743=CARTESIAN_POINT('',(6.58142857142857,0.,0.));
#16744=CARTESIAN_POINT('',(6.58142857142857,0.,-6.16666666666667));
#16745=CARTESIAN_POINT('',(5.02224602319973,0.,0.));
#16746=CARTESIAN_POINT('',(2.58142857142142,0.,0.));
#16747=CARTESIAN_POINT('',(5.02224602319973,0.,-4.16666666666667));
#16748=CARTESIAN_POINT('',(5.02224602319973,0.,-6.16666666666667));
#16749=CARTESIAN_POINT('',(2.68142857142142,-8.71538455358097E-17,-4.16666666666667));
#16750=CARTESIAN_POINT('',(5.02224602319973,0.,-4.16666666666667));
#16751=CARTESIAN_POINT('',(2.68142857142142,0.,-6.16666666666667));
#16752=CARTESIAN_POINT('Origin',(18.5814285714286,1.35669648304476E-16,
-6.16666666666667));
#16753=CARTESIAN_POINT('',(18.5814285714286,11.3675383133968,-8.16666666666667));
#16754=CARTESIAN_POINT('',(18.5814285714286,1.35669648304476E-16,-8.16666666666667));
#16755=CARTESIAN_POINT('',(18.5814285714286,11.3675383133968,-6.16666666666667));
#16756=CARTESIAN_POINT('',(18.5814285714286,1.25,-4.16666666666667));
#16757=CARTESIAN_POINT('',(18.5814285714286,1.25,-6.16666666666667));
#16758=CARTESIAN_POINT('',(18.5814285714286,11.3675383133968,-4.16666666666667));
#16759=CARTESIAN_POINT('Origin',(6.29616534045032,9.28497823137281,-6.16666666666667));
#16760=CARTESIAN_POINT('Origin',(6.29616534045032,9.28497823137281,-6.16666666666667));
#16761=CARTESIAN_POINT('',(3.54616534045032,9.28497823137281,-6.66666666666667));
#16762=CARTESIAN_POINT('',(3.54616534045032,9.28497823137281,-6.16666666666667));
#16763=CARTESIAN_POINT('Origin',(6.29616534045032,9.28497823137281,-6.66666666666667));
#16764=CARTESIAN_POINT('Origin',(6.29616534045032,9.28497823137281,-6.16666666666667));
#16765=CARTESIAN_POINT('',(2.58142857142047,11.9108595691037,-6.16666666666667));
#16766=CARTESIAN_POINT('Origin',(6.29616534045032,9.28497823137281,-6.66666666666667));
#16767=CARTESIAN_POINT('',(4.29616534045032,9.28497823137281,-6.66666666666667));
#16768=CARTESIAN_POINT('Origin',(6.29616534045032,9.28497823137281,-6.66666666666667));
#16769=CARTESIAN_POINT('Origin',(14.8664068114646,9.28526323531962,-6.16666666666667));
#16770=CARTESIAN_POINT('Origin',(14.8664068114646,9.28526323531962,-6.16666666666667));
#16771=CARTESIAN_POINT('',(12.1164068114646,9.28526323531962,-6.66666666666667));
#16772=CARTESIAN_POINT('',(12.1164068114646,9.28526323531962,-6.16666666666667));
#16773=CARTESIAN_POINT('Origin',(14.8664068114646,9.28526323531962,-6.66666666666667));
#16774=CARTESIAN_POINT('Origin',(14.8664068114646,9.28526323531962,-6.16666666666667));
#16775=CARTESIAN_POINT('',(2.58142857142047,11.9108595691037,-6.16666666666667));
#16776=CARTESIAN_POINT('Origin',(14.8664068114646,9.28526323531962,-6.66666666666667));
#16777=CARTESIAN_POINT('',(12.8664068114646,9.28526323531962,-6.66666666666667));
#16778=CARTESIAN_POINT('Origin',(14.8664068114646,9.28526323531962,-6.66666666666667));
#16779=CARTESIAN_POINT('Origin',(10.5814285714286,5.,-6.16666666666667));
#16780=CARTESIAN_POINT('',(7.83142857142857,5.,-6.66666666666667));
#16781=CARTESIAN_POINT('',(7.83142857142857,5.,-6.16666666666667));
#16782=CARTESIAN_POINT('Origin',(10.5814285714286,5.,-6.66666666666667));
#16783=CARTESIAN_POINT('Origin',(10.5814285714286,5.,-6.66666666666667));
#16784=CARTESIAN_POINT('',(8.58142857142857,5.,-6.66666666666667));
#16785=CARTESIAN_POINT('Origin',(10.5814285714286,5.,-6.66666666666667));
#16786=CARTESIAN_POINT('Origin',(14.8664068114646,9.28526323531962,-6.16666666666667));
#16787=CARTESIAN_POINT('',(12.8664068114646,9.28526323531962,-8.16666666666667));
#16788=CARTESIAN_POINT('',(12.8664068114646,9.28526323531962,-6.16666666666667));
#16789=CARTESIAN_POINT('Origin',(14.8664068114646,9.28526323531962,-8.16666666666667));
#16790=CARTESIAN_POINT('Origin',(10.5814285714286,5.,-6.16666666666667));
#16791=CARTESIAN_POINT('',(8.58142857142857,5.,-8.16666666666667));
#16792=CARTESIAN_POINT('',(8.58142857142857,5.,-6.16666666666667));
#16793=CARTESIAN_POINT('Origin',(10.5814285714286,5.,-8.16666666666667));
#16794=CARTESIAN_POINT('Origin',(10.5814285714286,5.,-8.16666666666667));
#16795=CARTESIAN_POINT('Origin',(6.29616534045032,9.28497823137281,-6.16666666666667));
#16796=CARTESIAN_POINT('',(4.29616534045032,9.28497823137281,-8.16666666666667));
#16797=CARTESIAN_POINT('',(4.29616534045032,9.28497823137281,-6.16666666666667));
#16798=CARTESIAN_POINT('Origin',(6.29616534045032,9.28497823137281,-8.16666666666667));
#16799=CARTESIAN_POINT('Origin',(2.58142857142047,11.9108595691037,-5.16666666666667));
#16800=CARTESIAN_POINT('',(15.8427841776853,12.6357265215625,-5.85555555555556));
#16801=CARTESIAN_POINT('',(2.6814285714395,12.6357265215615,-5.85555555555556));
#16802=CARTESIAN_POINT('',(2.58142857142041,12.6357265215615,-5.85555555555556));
#16803=CARTESIAN_POINT('Origin',(2.68142857144131,11.9108595691037,-5.16666666666667));
#16804=CARTESIAN_POINT('Origin',(16.5676511301431,11.9108595691048,-5.16666666666667));
#16805=CARTESIAN_POINT('Origin',(16.5676511301432,11.0301387806252,-5.16666666666667));
#16806=CARTESIAN_POINT('',(16.152436030306,13.7965308545201,-6.0763899327577));
#16807=CARTESIAN_POINT('Ctrl Pts',(16.567651130143,13.7607790421366,-6.16666666666667));
#16808=CARTESIAN_POINT('Ctrl Pts',(16.4439203068169,13.7822457109692,-6.16666666666667));
#16809=CARTESIAN_POINT('Ctrl Pts',(16.3106959935462,13.7944847768143,-6.14218142404224));
#16810=CARTESIAN_POINT('Ctrl Pts',(16.1759055662023,13.7964465187368,-6.0868298591715));
#16811=CARTESIAN_POINT('Ctrl Pts',(16.1641179095441,13.7965308545201,-6.08172176589305));
#16812=CARTESIAN_POINT('Ctrl Pts',(16.152436030306,13.7965308545201,-6.0763899327577));
#16813=CARTESIAN_POINT('',(16.067651130143,13.7965308545201,-6.03269207045111));
#16814=CARTESIAN_POINT('Origin',(16.567651130143,13.7965308545201,-5.16666666666667));
#16815=CARTESIAN_POINT('',(15.567651130143,14.29653085452,-5.16666666666667));
#16816=CARTESIAN_POINT('Ctrl Pts',(16.067651130143,13.7965308545201,-6.03269207045111));
#16817=CARTESIAN_POINT('Ctrl Pts',(16.0022075055389,13.79653085452,-5.99490817616917));
#16818=CARTESIAN_POINT('Ctrl Pts',(15.9374061090761,13.809949951598,-5.9469600897316));
#16819=CARTESIAN_POINT('Ctrl Pts',(15.8241884115527,13.8555652490015,-5.83996432984503));
#16820=CARTESIAN_POINT('Ctrl Pts',(15.775651808142,13.8875379532762,-5.78094882478059));
#16821=CARTESIAN_POINT('Ctrl Pts',(15.6822256802282,13.9695549404895,-5.6419953912414));
#16822=CARTESIAN_POINT('Ctrl Pts',(15.6378347311645,14.0311960548698,-5.548127970708));
#16823=CARTESIAN_POINT('Ctrl Pts',(15.5805767790834,14.1627273917909,-5.35575759723582));
#16824=CARTESIAN_POINT('Ctrl Pts',(15.567651130143,14.2325134726206,-5.25720091637641));
#16825=CARTESIAN_POINT('Ctrl Pts',(15.567651130143,14.29653085452,-5.16666666666667));
#16826=CARTESIAN_POINT('',(15.567651130143,13.2238430027769,-5.16666666666667));
#16827=CARTESIAN_POINT('',(15.5676511301432,11.0301387806251,-5.16666666666667));
#16828=CARTESIAN_POINT('Ctrl Pts',(15.567651130143,13.2238430027769,-5.16666666666667));
#16829=CARTESIAN_POINT('Ctrl Pts',(15.567651130143,13.1281675809314,-5.29165244985945));
#16830=CARTESIAN_POINT('Ctrl Pts',(15.5922065161622,13.0211509743598,-5.42361532968909));
#16831=CARTESIAN_POINT('Ctrl Pts',(15.6893675102441,12.8171387703942,-5.66056119210138));
#16832=CARTESIAN_POINT('Ctrl Pts',(15.7585309463279,12.7199797529199,-5.76690209629127));
#16833=CARTESIAN_POINT('Ctrl Pts',(15.8427841776855,12.6357265215624,-5.85555555555571));
#16834=CARTESIAN_POINT('Origin',(2.5814285714209,6.47435742567027,2.95553512219549E-15));
#16835=CARTESIAN_POINT('',(15.567651130143,13.8806679358471,-4.17091891875881));
#16836=CARTESIAN_POINT('Origin',(15.5676511301436,6.47435742567131,2.95553512219549E-15));
#16837=CARTESIAN_POINT('',(2.68142857144128,13.8806679358461,-4.17091891875881));
#16838=CARTESIAN_POINT('',(2.58142857142031,13.8806679358461,-4.17091891875881));
#16839=CARTESIAN_POINT('Origin',(2.68142857144174,6.47435742567028,2.95553512219549E-15));
#16840=CARTESIAN_POINT('Origin',(15.567651130143,14.2727142277245,-5.91562299741938));
#16841=CARTESIAN_POINT('',(15.567651130143,14.29653085452,-7.15357273318816));
#16842=CARTESIAN_POINT('',(15.567651130143,14.29653085452,-6.04114483204302));
#16843=CARTESIAN_POINT('',(15.5676511301428,16.2210947715163,-4.16666666666667));
#16844=CARTESIAN_POINT('Origin',(15.5676511301436,6.47435742567131,2.95553512219549E-15));
#16845=CARTESIAN_POINT('',(15.5676511301429,15.5649508545345,-4.16666666666667));
#16846=CARTESIAN_POINT('',(15.5676511301429,14.9188325411295,-4.16666666666667));
#16847=CARTESIAN_POINT('',(15.567651130143,14.0744874487169,-4.17042958919312));
#16848=CARTESIAN_POINT('Origin',(2.58142857142046,12.0480057421283,-5.16666666666667));
#16849=CARTESIAN_POINT('',(2.68142857143866,12.0480057421283,-8.16666666666667));
#16850=CARTESIAN_POINT('',(2.68142857144181,14.2481300775723,-7.20614035087719));
#16851=CARTESIAN_POINT('Origin',(2.6814285714413,12.0480057421283,-5.16666666666667));
#16852=CARTESIAN_POINT('',(15.5699992791559,14.2481300775725,-7.20614035087805));
#16853=CARTESIAN_POINT('',(2.58142857142028,14.2481300775723,-7.20614035087719));
#16854=CARTESIAN_POINT('',(16.067651130143,13.7965308545201,-7.60442381850505));
#16855=CARTESIAN_POINT('Ctrl Pts',(15.5699992791559,14.2481300775725,-7.20614035087806));
#16856=CARTESIAN_POINT('Ctrl Pts',(15.5744427030493,14.2024432463949,-7.25542596307358));
#16857=CARTESIAN_POINT('Ctrl Pts',(15.5857081355549,14.1535400881737,-7.30468033677277));
#16858=CARTESIAN_POINT('Ctrl Pts',(15.6327885000708,14.0397391536951,-7.41191375673426));
#16859=CARTESIAN_POINT('Ctrl Pts',(15.6764549944135,13.9754991358371,-7.46649414007456));
#16860=CARTESIAN_POINT('Ctrl Pts',(15.7749320010044,13.8876014575547,-7.53689960498862));
#16861=CARTESIAN_POINT('Ctrl Pts',(15.8265506614651,13.8541030407496,-7.56224935934257));
#16862=CARTESIAN_POINT('Ctrl Pts',(15.9423440372372,13.8085042100742,-7.59595647364522));
#16863=CARTESIAN_POINT('Ctrl Pts',(16.0065367094993,13.79653085452,-7.60442381850505));
#16864=CARTESIAN_POINT('Ctrl Pts',(16.067651130143,13.7965308545201,-7.60442381850505));
#16865=CARTESIAN_POINT('',(16.1524360303053,13.7965308545201,-7.60442381850505));
#16866=CARTESIAN_POINT('',(2.58142857142032,13.796530854519,-7.60442381850505));
#16867=CARTESIAN_POINT('',(18.4841668988376,12.0480057421296,-8.16666666666667));
#16868=CARTESIAN_POINT('Ctrl Pts',(16.1524360303051,13.7965308545201,-7.60442381850505));
#16869=CARTESIAN_POINT('Ctrl Pts',(16.4721484663452,13.7965308545201,-7.60442381850505));
#16870=CARTESIAN_POINT('Ctrl Pts',(16.804460831661,13.7302374452924,-7.65518657644347));
#16871=CARTESIAN_POINT('Ctrl Pts',(17.4075094225824,13.4728359965414,-7.8109984001686));
#16872=CARTESIAN_POINT('Ctrl Pts',(17.6794385803988,13.2817359231494,-7.91140670421577));
#16873=CARTESIAN_POINT('Ctrl Pts',(18.1079840283772,12.8403567375624,-8.06949290736979));
#16874=CARTESIAN_POINT('Ctrl Pts',(18.3092952246602,12.5282067335619,-8.14262165769336));
#16875=CARTESIAN_POINT('Ctrl Pts',(18.4446238133586,12.1737841126056,-8.16463561006569));
#16876=CARTESIAN_POINT('Ctrl Pts',(18.4656037505841,12.1116153492498,-8.16666666666667));
#16877=CARTESIAN_POINT('Ctrl Pts',(18.4841668988376,12.0480057421296,-8.16666666666667));
#16878=CARTESIAN_POINT('',(2.58142857142046,12.0480057421283,-8.16666666666667));
#16879=CARTESIAN_POINT('Origin',(2.5814285714209,6.47435742567027,2.95553512219549E-15));
#16880=CARTESIAN_POINT('',(2.68142857144463,16.2210947715152,-4.16666666666667));
#16881=CARTESIAN_POINT('Origin',(2.68142857144174,6.47435742567028,2.95553512219549E-15));
#16882=CARTESIAN_POINT('',(2.58142857142012,16.2210947715152,-4.16666666666667));
#16883=CARTESIAN_POINT('Ctrl Pts',(15.5699992791559,14.2481300775725,-7.20614035087806));
#16884=CARTESIAN_POINT('Ctrl Pts',(15.5684004932881,14.2645686307656,-7.18840692229806));
#16885=CARTESIAN_POINT('Ctrl Pts',(15.567651130143,14.2807504461755,-7.17082803979546));
#16886=CARTESIAN_POINT('Ctrl Pts',(15.567651130143,14.29653085452,-7.15357273318816));
#16887=CARTESIAN_POINT('Origin',(2.68142857144116,13.7965308545199,-6.16666666666667));
#16888=CARTESIAN_POINT('',(2.68142857142321,1.25,-4.16666666666667));
#16889=CARTESIAN_POINT('',(2.68142857143174,7.21076542726076,-4.16666666666667));
#16890=CARTESIAN_POINT('',(2.68142857142321,1.25,-6.16666666666667));
#16891=CARTESIAN_POINT('',(2.68142857144369,15.5649508545334,-4.16666666666667));
#16892=CARTESIAN_POINT('',(2.68142857144122,13.8360803809777,-4.17103148744984));
#16893=CARTESIAN_POINT('',(2.68142857144243,14.6807408545266,-4.16666666666667));
#16894=CARTESIAN_POINT('',(2.68142857143686,10.7920470940298,-8.16666666666667));
#16895=CARTESIAN_POINT('Origin',(12.6003571428536,7.78756333352555,-8.16666666666667));
#16896=CARTESIAN_POINT('Origin',(16.1524360303053,11.3675383133968,-8.16666666666667));
#16897=CARTESIAN_POINT('Origin',(16.067651130143,14.2965308545201,-6.04114483204302));
#16898=CARTESIAN_POINT('',(16.067651130143,13.7965308545201,-6.04114483204302));
#16899=CARTESIAN_POINT('Origin',(16.1524360303053,13.7965308545201,-6.16666666666667));
#16900=CARTESIAN_POINT('',(16.1524360303053,13.7965308545201,-6.16666666666667));
#16901=CARTESIAN_POINT('Origin',(11.5814285714285,14.3180799202495,-4.16981459952291));
#16902=CARTESIAN_POINT('',(9.58142857142855,14.3180799202495,-4.16981459952291));
#16903=CARTESIAN_POINT('',(11.5814285714285,14.3180799202495,-4.16981459952291));
#16904=CARTESIAN_POINT('',(7.08142857142443,14.3180799202495,-4.16981459952291));
#16905=CARTESIAN_POINT('',(11.5814285714285,14.3075605114325,-0.00316121183282725));
#16906=CARTESIAN_POINT('',(11.5814285714285,14.3180799202495,-4.16981459952291));
#16907=CARTESIAN_POINT('',(9.58142857142855,14.3075605114325,-0.00316121183282669));
#16908=CARTESIAN_POINT('',(11.5814285714285,14.3075605114325,-0.00316121183282669));
#16909=CARTESIAN_POINT('',(9.58142857142855,14.3180799202495,-4.16981459952291));
#16910=CARTESIAN_POINT('Origin',(11.361019845543,15.5680759365565,-4.16665877687783));
#16911=CARTESIAN_POINT('',(11.3615708835766,15.5649508545341,-4.16666666666667));
#16912=CARTESIAN_POINT('',(11.3729336518489,15.5005095987829,-4.1668293593245));
#16913=CARTESIAN_POINT('',(11.361019845543,15.5680759365565,-4.16665877687783));
#16914=CARTESIAN_POINT('',(11.2289193415842,16.3172575305471,-4.16666666666667));
#16915=CARTESIAN_POINT('',(11.361019845543,15.5575565277396,-5.38918774717399E-6));
#16916=CARTESIAN_POINT('',(11.361019845543,15.5680759365565,-4.16665877687783));
#16917=CARTESIAN_POINT('',(11.5814285714285,14.3075605114325,-0.00316121183282669));
#16918=CARTESIAN_POINT('Origin',(9.80183729731412,15.5680759365565,-4.16665877687783));
#16919=CARTESIAN_POINT('',(9.80183729731412,15.5680759365565,-4.16665877687783));
#16920=CARTESIAN_POINT('',(6.19163293436715,15.5680759564756,-4.16666666666667));
#16921=CARTESIAN_POINT('',(9.80183729731412,15.5575565277396,-5.38918774661834E-6));
#16922=CARTESIAN_POINT('',(9.80183729731412,15.5680759365565,-4.16665877687783));
#16923=CARTESIAN_POINT('',(11.361019845543,15.5575565277396,-5.38918774661834E-6));
#16924=CARTESIAN_POINT('Origin',(9.58142857142855,14.3180799202495,-4.16981459952291));
#16925=CARTESIAN_POINT('',(9.8012862592805,15.564950854534,-4.16666666666667));
#16926=CARTESIAN_POINT('',(9.43848961120884,13.5074353773357,-4.17186120636986));
#16927=CARTESIAN_POINT('',(9.58142857142855,14.3075605114325,-0.00316121183282614));
#16928=CARTESIAN_POINT('',(9.5825060939335,14.3241829260378,-4.16666666666667));
#16929=CARTESIAN_POINT('Origin',(10.5814285714285,14.932558519586,-0.00158330051028721));
#16930=CARTESIAN_POINT('Origin',(2.58142857142031,13.8806679358461,-4.17091891875881));
#16931=CARTESIAN_POINT('',(2.58142857142018,15.5649508545334,-4.16666666666667));
#16932=CARTESIAN_POINT('',(2.58142857142018,15.5649508545334,-4.16666666666667));
#16933=CARTESIAN_POINT('Origin',(2.58142857142018,15.5649508545334,-4.16666666666667));
#16934=CARTESIAN_POINT('Origin',(3.80183729731415,0.625,-4.16666666666667));
#16935=CARTESIAN_POINT('',(4.80183729731415,1.25,-4.16666666666667));
#16936=CARTESIAN_POINT('',(4.95040546284806,0.407428063833619,-4.16666666666667));
#16937=CARTESIAN_POINT('',(18.5814285714286,1.25,-4.16666666666667));
#16938=CARTESIAN_POINT('Origin',(5.02224602319973,0.,-6.16666666666667));
#16939=CARTESIAN_POINT('',(4.80183729731415,1.25,0.));
#16940=CARTESIAN_POINT('',(4.80183729731415,1.25,0.));
#16941=CARTESIAN_POINT('',(4.80183729731415,1.25,-6.16666666666667));
#16942=CARTESIAN_POINT('Origin',(17.361019845543,0.625,-4.16666666666667));
#16943=CARTESIAN_POINT('',(16.361019845543,1.25,-4.16666666666667));
#16944=CARTESIAN_POINT('',(18.5814285714286,1.25,-4.16666666666667));
#16945=CARTESIAN_POINT('',(16.3226560429519,1.03242806383362,-4.16666666666667));
#16946=CARTESIAN_POINT('Origin',(10.5814285714286,0.625,-4.16666666666667));
#16947=CARTESIAN_POINT('',(14.361019845543,1.25,-4.16666666666667));
#16948=CARTESIAN_POINT('',(14.4676805448198,0.645097115323464,-4.16666666666667));
#16949=CARTESIAN_POINT('',(6.80183729731415,1.25,-4.16666666666667));
#16950=CARTESIAN_POINT('',(18.5814285714286,1.25,-4.16666666666667));
#16951=CARTESIAN_POINT('',(6.80538096098009,1.27009711532347,-4.16666666666667));
#16952=CARTESIAN_POINT('Origin',(14.5814285714286,0.,-6.16666666666667));
#16953=CARTESIAN_POINT('',(14.361019845543,1.25,0.));
#16954=CARTESIAN_POINT('',(14.5814285714286,0.,0.));
#16955=CARTESIAN_POINT('',(14.361019845543,1.25,-6.16666666666667));
#16956=CARTESIAN_POINT('Origin',(6.80183729731415,1.25,-6.16666666666667));
#16957=CARTESIAN_POINT('',(6.80183729731415,1.25,0.));
#16958=CARTESIAN_POINT('',(6.80183729731415,1.25,-6.16666666666667));
#16959=CARTESIAN_POINT('',(6.58142857142857,0.,0.));
#16960=CARTESIAN_POINT('Origin',(5.80183729731415,0.625,0.));
#16961=CARTESIAN_POINT('',(6.80183729731415,1.25,0.));
#16962=CARTESIAN_POINT('Origin',(16.361019845543,1.25,-6.16666666666667));
#16963=CARTESIAN_POINT('',(16.361019845543,1.25,0.));
#16964=CARTESIAN_POINT('',(16.361019845543,1.25,-6.16666666666667));
#16965=CARTESIAN_POINT('',(16.361019845543,1.25,0.));
#16966=CARTESIAN_POINT('Origin',(14.361019845543,1.25,-6.16666666666667));
#16967=CARTESIAN_POINT('',(14.361019845543,1.25,0.));
#16968=CARTESIAN_POINT('Origin',(15.361019845543,0.625,0.));
#16969=CARTESIAN_POINT('Origin',(16.1524360303053,11.3675383133968,-6.16666666666667));
#16970=CARTESIAN_POINT('',(0.,0.,0.));
#16971=CARTESIAN_POINT('Origin',(3.0814285714209,6.47435742567031,-2.95553512219549E-15));
#16972=CARTESIAN_POINT('',(2.58142857142017,15.6748405047748,4.16666666666667));
#16973=CARTESIAN_POINT('',(3.08142857142012,16.2210947715153,4.16666666666667));
#16974=CARTESIAN_POINT('Ctrl Pts',(2.58142857142017,15.6748405047748,4.16666666666667));
#16975=CARTESIAN_POINT('Ctrl Pts',(2.58142857142016,15.7444359183798,4.16666666666667));
#16976=CARTESIAN_POINT('Ctrl Pts',(2.5966462537067,15.8265522580596,4.16666666666667));
#16977=CARTESIAN_POINT('Ctrl Pts',(2.64635666477005,15.9529157882987,4.16666666666667));
#16978=CARTESIAN_POINT('Ctrl Pts',(2.68848381464165,16.020257784754,4.16666666666667));
#16979=CARTESIAN_POINT('Ctrl Pts',(2.77721740932065,16.1136965203024,4.16666666666667));
#16980=CARTESIAN_POINT('Ctrl Pts',(2.83847973624651,16.1573022895093,4.16666666666667));
#16981=CARTESIAN_POINT('Ctrl Pts',(2.9509775238323,16.2062051965936,4.16666666666667));
#16982=CARTESIAN_POINT('Ctrl Pts',(3.02142522575345,16.2210947715153,4.16666666666667));
#16983=CARTESIAN_POINT('Ctrl Pts',(3.08142857142012,16.2210947715153,4.16666666666667));
#16984=CARTESIAN_POINT('',(3.08142857142012,16.2210947715153,-4.16666666666667));
#16985=CARTESIAN_POINT('Origin',(3.0814285714209,6.47435742567031,-2.95553512219549E-15));
#16986=CARTESIAN_POINT('',(2.58142857142017,15.6748405047748,-4.16666666666667));
#16987=CARTESIAN_POINT('Ctrl Pts',(3.08142857142012,16.2210947715153,-4.16666666666667));
#16988=CARTESIAN_POINT('Ctrl Pts',(3.02142522575345,16.2210947715153,-4.16666666666667));
#16989=CARTESIAN_POINT('Ctrl Pts',(2.95097752383231,16.2062051965936,-4.16666666666667));
#16990=CARTESIAN_POINT('Ctrl Pts',(2.83847973624651,16.1573022895093,-4.16666666666667));
#16991=CARTESIAN_POINT('Ctrl Pts',(2.77721740932065,16.1136965203024,-4.16666666666667));
#16992=CARTESIAN_POINT('Ctrl Pts',(2.68848381464165,16.020257784754,-4.16666666666667));
#16993=CARTESIAN_POINT('Ctrl Pts',(2.64635666477005,15.9529157882987,-4.16666666666667));
#16994=CARTESIAN_POINT('Ctrl Pts',(2.5966462537067,15.8265522580596,-4.16666666666667));
#16995=CARTESIAN_POINT('Ctrl Pts',(2.58142857142016,15.7444359183798,-4.16666666666667));
#16996=CARTESIAN_POINT('Ctrl Pts',(2.58142857142017,15.6748405047748,-4.16666666666667));
#16997=CARTESIAN_POINT('Origin',(2.5814285714209,6.47435742567027,-2.95553512219549E-15));
#16998=CARTESIAN_POINT('Origin',(2.58142857142012,16.3196541401019,5.55111512312578E-16));
#16999=CARTESIAN_POINT('',(2.58142857142018,15.5649508545334,-4.16666666666667));
#17000=CARTESIAN_POINT('',(2.58142857142018,15.5649508545334,-4.16666666666667));
#17001=CARTESIAN_POINT('',(2.58142857142018,15.5649508545334,4.16666666666667));
#17002=CARTESIAN_POINT('',(2.58142857142018,15.5649508545334,4.16666666666667));
#17003=CARTESIAN_POINT('',(2.58142857142018,15.5649508545334,4.16666666666667));
#17004=CARTESIAN_POINT('Origin',(2.58142857142018,15.5649508545334,-4.16666666666667));
#17005=CARTESIAN_POINT('',(15.0676511301428,16.2210947715162,-4.16666666666667));
#17006=CARTESIAN_POINT('',(2.58142857142012,16.2210947715152,-4.16666666666667));
#17007=CARTESIAN_POINT('',(15.5676511301428,15.6748405047758,-4.16666666666667));
#17008=CARTESIAN_POINT('Ctrl Pts',(15.5676511301428,15.6748405047758,-4.16666666666667));
#17009=CARTESIAN_POINT('Ctrl Pts',(15.5676511301428,15.7444359183808,-4.16666666666667));
#17010=CARTESIAN_POINT('Ctrl Pts',(15.5524334478563,15.8265522580607,-4.16666666666667));
#17011=CARTESIAN_POINT('Ctrl Pts',(15.5027230367929,15.9529157882997,-4.16666666666667));
#17012=CARTESIAN_POINT('Ctrl Pts',(15.4605958869213,16.020257784755,-4.16666666666667));
#17013=CARTESIAN_POINT('Ctrl Pts',(15.3718622922423,16.1136965203034,-4.16666666666667));
#17014=CARTESIAN_POINT('Ctrl Pts',(15.3105999653164,16.1573022895103,-4.16666666666667));
#17015=CARTESIAN_POINT('Ctrl Pts',(15.1981021777306,16.2062051965945,-4.16666666666667));
#17016=CARTESIAN_POINT('Ctrl Pts',(15.1276544758095,16.2210947715162,-4.16666666666667));
#17017=CARTESIAN_POINT('Ctrl Pts',(15.0676511301428,16.2210947715162,-4.16666666666667));
#17018=CARTESIAN_POINT('',(15.5676511301429,15.5649508545345,-4.16666666666667));
#17019=CARTESIAN_POINT('',(15.5676511301428,15.9423024973187,-4.16666666666667));
#17020=CARTESIAN_POINT('',(2.58142857142018,15.5649508545334,-4.16666666666667));
#17021=CARTESIAN_POINT('Origin',(15.0676511301436,6.47435742567127,-2.95553512219549E-15));
#17022=CARTESIAN_POINT('',(15.0676511301428,16.2210947715162,4.16666666666667));
#17023=CARTESIAN_POINT('Origin',(15.0676511301436,6.47435742567127,-2.95553512219549E-15));
#17024=CARTESIAN_POINT('',(15.5676511301428,15.6748405047758,4.16666666666667));
#17025=CARTESIAN_POINT('Ctrl Pts',(15.0676511301428,16.2210947715162,4.16666666666667));
#17026=CARTESIAN_POINT('Ctrl Pts',(15.1276544758095,16.2210947715162,4.16666666666667));
#17027=CARTESIAN_POINT('Ctrl Pts',(15.1981021777306,16.2062051965945,4.16666666666667));
#17028=CARTESIAN_POINT('Ctrl Pts',(15.3105999653164,16.1573022895103,4.16666666666667));
#17029=CARTESIAN_POINT('Ctrl Pts',(15.3718622922423,16.1136965203034,4.16666666666667));
#17030=CARTESIAN_POINT('Ctrl Pts',(15.4605958869213,16.020257784755,4.16666666666667));
#17031=CARTESIAN_POINT('Ctrl Pts',(15.5027230367929,15.9529157882997,4.16666666666667));
#17032=CARTESIAN_POINT('Ctrl Pts',(15.5524334478563,15.8265522580607,4.16666666666667));
#17033=CARTESIAN_POINT('Ctrl Pts',(15.5676511301428,15.7444359183808,4.16666666666667));
#17034=CARTESIAN_POINT('Ctrl Pts',(15.5676511301428,15.6748405047758,4.16666666666667));
#17035=CARTESIAN_POINT('Origin',(15.5676511301436,6.47435742567131,-2.95553512219549E-15));
#17036=CARTESIAN_POINT('Origin',(15.5676511301428,16.3196541401029,5.22292309765537E-33));
#17037=CARTESIAN_POINT('',(15.5676511301429,15.5649508545345,4.16666666666667));
#17038=CARTESIAN_POINT('',(15.5676511301428,16.2703744558096,4.16666666666667));
#17039=CARTESIAN_POINT('',(15.5676511301429,15.5649508545345,2.08333333333333));
#17040=CARTESIAN_POINT('Origin',(2.58142857142012,16.2210947715152,4.16666666666667));
#17041=CARTESIAN_POINT('',(2.58142857142018,15.5649508545334,4.16666666666667));
#17042=CARTESIAN_POINT('',(2.58142857142012,16.2210947715152,4.16666666666667));
#17043=CARTESIAN_POINT('Origin',(2.58142857142018,15.5649508545334,4.16666666666667));
#17044=CARTESIAN_POINT('Origin',(2.5814285714209,6.47435742567027,-2.95553512219549E-15));
#17045=CARTESIAN_POINT('',(0.,0.,0.));
#17046=CARTESIAN_POINT('',(0.,0.,0.));
#17047=CARTESIAN_POINT('',(0.,0.,0.));
#17048=CARTESIAN_POINT('Origin',(-1.385,1.885,1.75));
#17049=CARTESIAN_POINT('',(-1.58,1.885,1.75));
#17050=CARTESIAN_POINT('Origin',(-1.385,1.885,1.75));
#17051=CARTESIAN_POINT('',(-1.58,1.885,1.575));
#17052=CARTESIAN_POINT('',(-1.58,1.885,1.75));
#17053=CARTESIAN_POINT('Origin',(-1.385,1.885,1.575));
#17054=CARTESIAN_POINT('Origin',(-1.385,1.885,1.575));
#17055=CARTESIAN_POINT('Origin',(-1.805,1.225,1.3875));
#17056=CARTESIAN_POINT('',(-1.66,-2.16,1.75));
#17057=CARTESIAN_POINT('',(-1.66,2.16,1.75));
#17058=CARTESIAN_POINT('',(-1.66,1.225,1.75));
#17059=CARTESIAN_POINT('',(-1.95,2.45,1.025));
#17060=CARTESIAN_POINT('',(-1.66,2.16,1.75));
#17061=CARTESIAN_POINT('',(-1.95,-2.45,1.025));
#17062=CARTESIAN_POINT('',(-1.95,1.225,1.025));
#17063=CARTESIAN_POINT('',(-1.66,-2.16,1.75));
#17064=CARTESIAN_POINT('Origin',(0.975,2.305,1.3875));
#17065=CARTESIAN_POINT('',(1.66,2.16,1.75));
#17066=CARTESIAN_POINT('',(0.975,2.16,1.75));
#17067=CARTESIAN_POINT('',(1.95,2.45,1.025));
#17068=CARTESIAN_POINT('',(1.66,2.16,1.75));
#17069=CARTESIAN_POINT('',(0.975,2.45,1.025));
#17070=CARTESIAN_POINT('Origin',(1.805,-1.225,1.3875));
#17071=CARTESIAN_POINT('',(1.66,-2.16,1.75));
#17072=CARTESIAN_POINT('',(1.66,-1.225,1.75));
#17073=CARTESIAN_POINT('',(1.95,-2.45,1.025));
#17074=CARTESIAN_POINT('',(1.66,-2.16,1.75));
#17075=CARTESIAN_POINT('',(1.95,-1.225,1.025));
#17076=CARTESIAN_POINT('Origin',(-0.975,-2.305,1.3875));
#17077=CARTESIAN_POINT('',(-0.975,-2.45,1.025));
#17078=CARTESIAN_POINT('',(-0.975,-2.16,1.75));
#17079=CARTESIAN_POINT('Origin',(-1.95,-2.45,0.1));
#17080=CARTESIAN_POINT('',(-1.95,-2.45,0.825));
#17081=CARTESIAN_POINT('',(-1.95,-2.45,0.1));
#17082=CARTESIAN_POINT('',(1.95,-2.45,0.825));
#17083=CARTESIAN_POINT('',(-0.975,-2.45,0.825));
#17084=CARTESIAN_POINT('',(1.95,-2.45,0.1));
#17085=CARTESIAN_POINT('Origin',(-1.95,2.45,0.1));
#17086=CARTESIAN_POINT('',(-1.95,2.45,0.825));
#17087=CARTESIAN_POINT('',(-1.95,2.45,0.1));
#17088=CARTESIAN_POINT('',(-1.95,1.225,0.825));
#17089=CARTESIAN_POINT('Origin',(0.,0.,1.75));
#17090=CARTESIAN_POINT('Origin',(1.805,-1.225,0.4625));
#17091=CARTESIAN_POINT('',(1.95,2.45,0.825));
#17092=CARTESIAN_POINT('',(1.95,-1.225,0.825));
#17093=CARTESIAN_POINT('',(1.66,-2.16,0.1));
#17094=CARTESIAN_POINT('',(1.95,-2.45,0.825));
#17095=CARTESIAN_POINT('',(1.66,2.16,0.1));
#17096=CARTESIAN_POINT('',(1.66,-1.225,0.1));
#17097=CARTESIAN_POINT('',(1.66,2.16,0.1));
#17098=CARTESIAN_POINT('Origin',(-0.975,-2.305,0.4625));
#17099=CARTESIAN_POINT('',(-1.66,-2.16,0.1));
#17100=CARTESIAN_POINT('',(-0.975,-2.16,0.1));
#17101=CARTESIAN_POINT('',(-1.66,-2.16,0.1));
#17102=CARTESIAN_POINT('Origin',(0.975,2.305,0.4625));
#17103=CARTESIAN_POINT('',(0.975,2.45,0.825));
#17104=CARTESIAN_POINT('',(-1.66,2.16,0.1));
#17105=CARTESIAN_POINT('',(0.975,2.16,0.1));
#17106=CARTESIAN_POINT('',(-1.66,2.16,0.1));
#17107=CARTESIAN_POINT('Origin',(-1.805,1.225,0.4625));
#17108=CARTESIAN_POINT('',(-1.66,1.225,0.1));
#17109=CARTESIAN_POINT('Origin',(1.95,-2.45,0.1));
#17110=CARTESIAN_POINT('',(1.95,2.45,0.1));
#17111=CARTESIAN_POINT('Origin',(0.,0.,0.1));
#17112=CARTESIAN_POINT('Origin',(1.95,2.45,0.1));
#17113=CARTESIAN_POINT('Origin',(-2.475,1.65,0.5125));
#17114=CARTESIAN_POINT('',(-2.365,1.65,0.));
#17115=CARTESIAN_POINT('',(-2.16887159177804,1.65,0.160838188393282));
#17116=CARTESIAN_POINT('Origin',(-2.365,1.65,0.2));
#17117=CARTESIAN_POINT('',(-2.0442843442032,1.65,0.78479038950688));
#17118=CARTESIAN_POINT('',(-2.16887159177804,1.65,0.160838188393282));
#17119=CARTESIAN_POINT('',(-1.99525231219611,1.65,0.82499993660408));
#17120=CARTESIAN_POINT('Origin',(-1.99525224214902,1.65,0.774999936605461));
#17121=CARTESIAN_POINT('',(-1.95,1.65,0.825));
#17122=CARTESIAN_POINT('',(-1.99525231219611,1.65,0.82499993660408));
#17123=CARTESIAN_POINT('',(-1.95000028018836,1.65,1.025));
#17124=CARTESIAN_POINT('',(-1.95,1.65,0.825));
#17125=CARTESIAN_POINT('',(-2.04815609869467,1.65,1.02499986232826));
#17126=CARTESIAN_POINT('',(-1.95000028018836,1.65,1.025));
#17127=CARTESIAN_POINT('',(-2.24428421886092,1.65,0.864161713334596));
#17128=CARTESIAN_POINT('Origin',(-2.04815581850631,1.65,0.824999862328803));
#17129=CARTESIAN_POINT('',(-2.36887159177804,1.65,0.240209537248648));
#17130=CARTESIAN_POINT('',(-2.24428421886092,1.65,0.864161713334596));
#17131=CARTESIAN_POINT('',(-2.41790369186668,1.65,0.200000000000196));
#17132=CARTESIAN_POINT('Origin',(-2.41790369186668,1.65,0.250000000000093));
#17133=CARTESIAN_POINT('',(-3.,1.65,0.2));
#17134=CARTESIAN_POINT('',(-2.41790369186668,1.65,0.200000000000197));
#17135=CARTESIAN_POINT('',(-3.,1.65,0.));
#17136=CARTESIAN_POINT('',(-3.,1.65,0.2));
#17137=CARTESIAN_POINT('',(-3.,1.65,0.));
#17138=CARTESIAN_POINT('Origin',(-2.0442843442032,1.905,0.78479038950688));
#17139=CARTESIAN_POINT('',(-2.16887159177804,2.16,0.160838188393282));
#17140=CARTESIAN_POINT('',(-2.16887159177804,1.905,0.160838188393282));
#17141=CARTESIAN_POINT('',(-2.0442843442032,2.16,0.78479038950688));
#17142=CARTESIAN_POINT('',(-2.16887159177804,2.16,0.160838188393282));
#17143=CARTESIAN_POINT('',(-2.0442843442032,1.905,0.78479038950688));
#17144=CARTESIAN_POINT('Origin',(-1.99525224214902,1.905,0.774999936605461));
#17145=CARTESIAN_POINT('',(-1.99525231219611,2.16,0.82499993660408));
#17146=CARTESIAN_POINT('Origin',(-1.99525224214902,2.16,0.774999936605461));
#17147=CARTESIAN_POINT('',(-1.99525231219611,1.905,0.82499993660408));
#17148=CARTESIAN_POINT('Origin',(-1.95,1.905,0.825));
#17149=CARTESIAN_POINT('',(-1.95,2.16,0.825));
#17150=CARTESIAN_POINT('',(-1.99525231219611,2.16,0.82499993660408));
#17151=CARTESIAN_POINT('',(-1.95,1.905,0.825));
#17152=CARTESIAN_POINT('Origin',(-1.95000028018836,1.905,1.025));
#17153=CARTESIAN_POINT('',(-1.95000028018836,2.16,1.025));
#17154=CARTESIAN_POINT('',(-1.95,2.16,0.825));
#17155=CARTESIAN_POINT('',(-1.95000028018836,1.905,1.025));
#17156=CARTESIAN_POINT('Origin',(-2.04815609869467,1.905,1.02499986248941));
#17157=CARTESIAN_POINT('',(-2.04815609869467,2.16,1.02499986232826));
#17158=CARTESIAN_POINT('',(-1.95000028018836,2.16,1.025));
#17159=CARTESIAN_POINT('',(-2.04815609869467,1.905,1.02499986232826));
#17160=CARTESIAN_POINT('Origin',(-2.04815581850631,1.905,0.824999862328803));
#17161=CARTESIAN_POINT('',(-2.24428421886092,2.16,0.864161713334596));
#17162=CARTESIAN_POINT('Origin',(-2.04815581850631,2.16,0.824999862328803));
#17163=CARTESIAN_POINT('',(-2.24428421886092,1.905,0.864161713334596));
#17164=CARTESIAN_POINT('Origin',(-2.36887159177804,1.905,0.240209537248648));
#17165=CARTESIAN_POINT('',(-2.36887159177804,2.16,0.240209537248648));
#17166=CARTESIAN_POINT('',(-2.24428421886092,2.16,0.864161713334596));
#17167=CARTESIAN_POINT('',(-2.36887159177804,1.905,0.240209537248648));
#17168=CARTESIAN_POINT('Origin',(-2.41790369186668,1.905,0.250000000000093));
#17169=CARTESIAN_POINT('',(-2.41790369186668,2.16,0.200000000000196));
#17170=CARTESIAN_POINT('Origin',(-2.41790369186668,2.16,0.250000000000093));
#17171=CARTESIAN_POINT('',(-2.41790369186668,1.905,0.200000000000196));
#17172=CARTESIAN_POINT('Origin',(-3.,1.905,0.2));
#17173=CARTESIAN_POINT('',(-3.,2.16,0.2));
#17174=CARTESIAN_POINT('',(-2.41790369186668,2.16,0.200000000000197));
#17175=CARTESIAN_POINT('',(-3.,1.905,0.2));
#17176=CARTESIAN_POINT('Origin',(-3.,1.905,0.));
#17177=CARTESIAN_POINT('',(-3.,2.16,0.));
#17178=CARTESIAN_POINT('',(-3.,2.16,0.2));
#17179=CARTESIAN_POINT('',(-3.,1.905,0.));
#17180=CARTESIAN_POINT('Origin',(-2.365,1.905,0.));
#17181=CARTESIAN_POINT('',(-2.365,2.16,0.));
#17182=CARTESIAN_POINT('',(-3.,2.16,0.));
#17183=CARTESIAN_POINT('',(-2.365,1.905,0.));
#17184=CARTESIAN_POINT('Origin',(-2.365,1.905,0.2));
#17185=CARTESIAN_POINT('Origin',(-2.365,2.16,0.2));
#17186=CARTESIAN_POINT('Origin',(-2.475,2.16,0.5125));
#17187=CARTESIAN_POINT('Origin',(2.475,1.65,0.5125));
#17188=CARTESIAN_POINT('',(2.365,1.65,0.));
#17189=CARTESIAN_POINT('',(2.16887159177804,1.65,0.160838188393282));
#17190=CARTESIAN_POINT('Origin',(2.365,1.65,0.2));
#17191=CARTESIAN_POINT('',(3.,1.65,0.));
#17192=CARTESIAN_POINT('',(3.,1.65,0.));
#17193=CARTESIAN_POINT('',(3.,1.65,0.2));
#17194=CARTESIAN_POINT('',(3.,1.65,0.2));
#17195=CARTESIAN_POINT('',(2.41790369186668,1.65,0.200000000000196));
#17196=CARTESIAN_POINT('',(2.41790369186668,1.65,0.200000000000197));
#17197=CARTESIAN_POINT('',(2.36887159177804,1.65,0.240209537248648));
#17198=CARTESIAN_POINT('Origin',(2.41790369186668,1.65,0.250000000000093));
#17199=CARTESIAN_POINT('',(2.24428421886092,1.65,0.864161713334596));
#17200=CARTESIAN_POINT('',(2.24428421886092,1.65,0.864161713334596));
#17201=CARTESIAN_POINT('',(2.04815609869467,1.65,1.02499986232826));
#17202=CARTESIAN_POINT('Origin',(2.04815581850631,1.65,0.824999862328803));
#17203=CARTESIAN_POINT('',(1.95000028018836,1.65,1.025));
#17204=CARTESIAN_POINT('',(1.95000028018836,1.65,1.025));
#17205=CARTESIAN_POINT('',(1.95,1.65,0.825));
#17206=CARTESIAN_POINT('',(1.95,1.65,0.825));
#17207=CARTESIAN_POINT('',(1.99525231219611,1.65,0.82499993660408));
#17208=CARTESIAN_POINT('',(1.99525231219611,1.65,0.82499993660408));
#17209=CARTESIAN_POINT('',(2.0442843442032,1.65,0.78479038950688));
#17210=CARTESIAN_POINT('Origin',(1.99525224214902,1.65,0.774999936605461));
#17211=CARTESIAN_POINT('',(2.16887159177804,1.65,0.160838188393282));
#17212=CARTESIAN_POINT('Origin',(2.0442843442032,1.905,0.78479038950688));
#17213=CARTESIAN_POINT('',(2.16887159177804,2.16,0.160838188393282));
#17214=CARTESIAN_POINT('',(2.16887159177804,1.905,0.160838188393282));
#17215=CARTESIAN_POINT('',(2.0442843442032,2.16,0.78479038950688));
#17216=CARTESIAN_POINT('',(2.0442843442032,1.905,0.78479038950688));
#17217=CARTESIAN_POINT('',(2.16887159177804,2.16,0.160838188393282));
#17218=CARTESIAN_POINT('Origin',(1.99525224214902,1.905,0.774999936605461));
#17219=CARTESIAN_POINT('',(1.99525231219611,2.16,0.82499993660408));
#17220=CARTESIAN_POINT('',(1.99525231219611,1.905,0.82499993660408));
#17221=CARTESIAN_POINT('Origin',(1.99525224214902,2.16,0.774999936605461));
#17222=CARTESIAN_POINT('Origin',(1.95,1.905,0.825));
#17223=CARTESIAN_POINT('',(1.95,2.16,0.825));
#17224=CARTESIAN_POINT('',(1.95,1.905,0.825));
#17225=CARTESIAN_POINT('',(1.99525231219611,2.16,0.82499993660408));
#17226=CARTESIAN_POINT('Origin',(1.95000028018836,1.905,1.025));
#17227=CARTESIAN_POINT('',(1.95000028018836,2.16,1.025));
#17228=CARTESIAN_POINT('',(1.95000028018836,1.905,1.025));
#17229=CARTESIAN_POINT('',(1.95,2.16,0.825));
#17230=CARTESIAN_POINT('Origin',(2.04815609869467,1.905,1.02499986248941));
#17231=CARTESIAN_POINT('',(2.04815609869467,2.16,1.02499986232826));
#17232=CARTESIAN_POINT('',(2.04815609869467,1.905,1.02499986232826));
#17233=CARTESIAN_POINT('',(1.95000028018836,2.16,1.025));
#17234=CARTESIAN_POINT('Origin',(2.04815581850631,1.905,0.824999862328803));
#17235=CARTESIAN_POINT('',(2.24428421886092,2.16,0.864161713334596));
#17236=CARTESIAN_POINT('',(2.24428421886092,1.905,0.864161713334596));
#17237=CARTESIAN_POINT('Origin',(2.04815581850631,2.16,0.824999862328803));
#17238=CARTESIAN_POINT('Origin',(2.36887159177804,1.905,0.240209537248648));
#17239=CARTESIAN_POINT('',(2.36887159177804,2.16,0.240209537248648));
#17240=CARTESIAN_POINT('',(2.36887159177804,1.905,0.240209537248648));
#17241=CARTESIAN_POINT('',(2.24428421886092,2.16,0.864161713334596));
#17242=CARTESIAN_POINT('Origin',(2.41790369186668,1.905,0.250000000000093));
#17243=CARTESIAN_POINT('',(2.41790369186668,2.16,0.200000000000196));
#17244=CARTESIAN_POINT('',(2.41790369186668,1.905,0.200000000000196));
#17245=CARTESIAN_POINT('Origin',(2.41790369186668,2.16,0.250000000000093));
#17246=CARTESIAN_POINT('Origin',(3.,1.905,0.2));
#17247=CARTESIAN_POINT('',(3.,2.16,0.2));
#17248=CARTESIAN_POINT('',(3.,1.905,0.2));
#17249=CARTESIAN_POINT('',(2.41790369186668,2.16,0.200000000000197));
#17250=CARTESIAN_POINT('Origin',(3.,1.905,0.));
#17251=CARTESIAN_POINT('',(3.,2.16,0.));
#17252=CARTESIAN_POINT('',(3.,1.905,0.));
#17253=CARTESIAN_POINT('',(3.,2.16,0.2));
#17254=CARTESIAN_POINT('Origin',(2.365,1.905,0.));
#17255=CARTESIAN_POINT('',(2.365,2.16,0.));
#17256=CARTESIAN_POINT('',(2.365,1.905,0.));
#17257=CARTESIAN_POINT('',(3.,2.16,0.));
#17258=CARTESIAN_POINT('Origin',(2.365,1.905,0.2));
#17259=CARTESIAN_POINT('Origin',(2.365,2.16,0.2));
#17260=CARTESIAN_POINT('Origin',(2.475,2.16,0.5125));
#17261=CARTESIAN_POINT('Origin',(-2.475,0.38,0.5125));
#17262=CARTESIAN_POINT('',(-2.365,0.38,0.));
#17263=CARTESIAN_POINT('',(-2.16887159177804,0.38,0.160838188393282));
#17264=CARTESIAN_POINT('Origin',(-2.365,0.38,0.2));
#17265=CARTESIAN_POINT('',(-2.0442843442032,0.38,0.78479038950688));
#17266=CARTESIAN_POINT('',(-2.16887159177804,0.38,0.160838188393282));
#17267=CARTESIAN_POINT('',(-1.99525231219611,0.38,0.82499993660408));
#17268=CARTESIAN_POINT('Origin',(-1.99525224214902,0.38,0.774999936605461));
#17269=CARTESIAN_POINT('',(-1.95,0.38,0.825));
#17270=CARTESIAN_POINT('',(-1.99525231219611,0.38,0.82499993660408));
#17271=CARTESIAN_POINT('',(-1.95000028018836,0.38,1.025));
#17272=CARTESIAN_POINT('',(-1.95,0.38,0.825));
#17273=CARTESIAN_POINT('',(-2.04815609869467,0.38,1.02499986232826));
#17274=CARTESIAN_POINT('',(-1.95000028018836,0.38,1.025));
#17275=CARTESIAN_POINT('',(-2.24428421886092,0.38,0.864161713334596));
#17276=CARTESIAN_POINT('Origin',(-2.04815581850631,0.38,0.824999862328803));
#17277=CARTESIAN_POINT('',(-2.36887159177804,0.38,0.240209537248648));
#17278=CARTESIAN_POINT('',(-2.24428421886092,0.38,0.864161713334596));
#17279=CARTESIAN_POINT('',(-2.41790369186668,0.38,0.200000000000196));
#17280=CARTESIAN_POINT('Origin',(-2.41790369186668,0.38,0.250000000000093));
#17281=CARTESIAN_POINT('',(-3.,0.38,0.2));
#17282=CARTESIAN_POINT('',(-2.41790369186668,0.38,0.200000000000197));
#17283=CARTESIAN_POINT('',(-3.,0.38,0.));
#17284=CARTESIAN_POINT('',(-3.,0.38,0.2));
#17285=CARTESIAN_POINT('',(-3.,0.38,0.));
#17286=CARTESIAN_POINT('Origin',(-2.0442843442032,0.635,0.78479038950688));
#17287=CARTESIAN_POINT('',(-2.16887159177804,0.89,0.160838188393282));
#17288=CARTESIAN_POINT('',(-2.16887159177804,0.635,0.160838188393282));
#17289=CARTESIAN_POINT('',(-2.0442843442032,0.89,0.78479038950688));
#17290=CARTESIAN_POINT('',(-2.16887159177804,0.89,0.160838188393282));
#17291=CARTESIAN_POINT('',(-2.0442843442032,0.635,0.78479038950688));
#17292=CARTESIAN_POINT('Origin',(-1.99525224214902,0.635,0.774999936605461));
#17293=CARTESIAN_POINT('',(-1.99525231219611,0.89,0.82499993660408));
#17294=CARTESIAN_POINT('Origin',(-1.99525224214902,0.89,0.774999936605461));
#17295=CARTESIAN_POINT('',(-1.99525231219611,0.635,0.82499993660408));
#17296=CARTESIAN_POINT('Origin',(-1.95,0.635,0.825));
#17297=CARTESIAN_POINT('',(-1.95,0.89,0.825));
#17298=CARTESIAN_POINT('',(-1.99525231219611,0.89,0.82499993660408));
#17299=CARTESIAN_POINT('',(-1.95,0.635,0.825));
#17300=CARTESIAN_POINT('Origin',(-1.95000028018836,0.635,1.025));
#17301=CARTESIAN_POINT('',(-1.95000028018836,0.89,1.025));
#17302=CARTESIAN_POINT('',(-1.95,0.89,0.825));
#17303=CARTESIAN_POINT('',(-1.95000028018836,0.635,1.025));
#17304=CARTESIAN_POINT('Origin',(-2.04815609869467,0.635,1.02499986248941));
#17305=CARTESIAN_POINT('',(-2.04815609869467,0.89,1.02499986232826));
#17306=CARTESIAN_POINT('',(-1.95000028018836,0.89,1.025));
#17307=CARTESIAN_POINT('',(-2.04815609869467,0.635,1.02499986232826));
#17308=CARTESIAN_POINT('Origin',(-2.04815581850631,0.635,0.824999862328803));
#17309=CARTESIAN_POINT('',(-2.24428421886092,0.89,0.864161713334596));
#17310=CARTESIAN_POINT('Origin',(-2.04815581850631,0.89,0.824999862328803));
#17311=CARTESIAN_POINT('',(-2.24428421886092,0.635,0.864161713334596));
#17312=CARTESIAN_POINT('Origin',(-2.36887159177804,0.635,0.240209537248648));
#17313=CARTESIAN_POINT('',(-2.36887159177804,0.89,0.240209537248648));
#17314=CARTESIAN_POINT('',(-2.24428421886092,0.89,0.864161713334596));
#17315=CARTESIAN_POINT('',(-2.36887159177804,0.635,0.240209537248648));
#17316=CARTESIAN_POINT('Origin',(-2.41790369186668,0.635,0.250000000000093));
#17317=CARTESIAN_POINT('',(-2.41790369186668,0.89,0.200000000000196));
#17318=CARTESIAN_POINT('Origin',(-2.41790369186668,0.89,0.250000000000093));
#17319=CARTESIAN_POINT('',(-2.41790369186668,0.635,0.200000000000196));
#17320=CARTESIAN_POINT('Origin',(-3.,0.635,0.2));
#17321=CARTESIAN_POINT('',(-3.,0.89,0.2));
#17322=CARTESIAN_POINT('',(-2.41790369186668,0.89,0.200000000000197));
#17323=CARTESIAN_POINT('',(-3.,0.635,0.2));
#17324=CARTESIAN_POINT('Origin',(-3.,0.635,0.));
#17325=CARTESIAN_POINT('',(-3.,0.89,0.));
#17326=CARTESIAN_POINT('',(-3.,0.89,0.2));
#17327=CARTESIAN_POINT('',(-3.,0.635,0.));
#17328=CARTESIAN_POINT('Origin',(-2.365,0.635,0.));
#17329=CARTESIAN_POINT('',(-2.365,0.89,0.));
#17330=CARTESIAN_POINT('',(-3.,0.89,0.));
#17331=CARTESIAN_POINT('',(-2.365,0.635,0.));
#17332=CARTESIAN_POINT('Origin',(-2.365,0.635,0.2));
#17333=CARTESIAN_POINT('Origin',(-2.365,0.89,0.2));
#17334=CARTESIAN_POINT('Origin',(-2.475,0.89,0.5125));
#17335=CARTESIAN_POINT('Origin',(-2.475,-0.89,0.5125));
#17336=CARTESIAN_POINT('',(-2.365,-0.89,0.));
#17337=CARTESIAN_POINT('',(-2.16887159177804,-0.89,0.160838188393282));
#17338=CARTESIAN_POINT('Origin',(-2.365,-0.89,0.2));
#17339=CARTESIAN_POINT('',(-2.0442843442032,-0.89,0.78479038950688));
#17340=CARTESIAN_POINT('',(-2.16887159177804,-0.89,0.160838188393282));
#17341=CARTESIAN_POINT('',(-1.99525231219611,-0.89,0.82499993660408));
#17342=CARTESIAN_POINT('Origin',(-1.99525224214902,-0.89,0.774999936605461));
#17343=CARTESIAN_POINT('',(-1.95,-0.89,0.825));
#17344=CARTESIAN_POINT('',(-1.99525231219611,-0.89,0.82499993660408));
#17345=CARTESIAN_POINT('',(-1.95000028018836,-0.89,1.025));
#17346=CARTESIAN_POINT('',(-1.95,-0.89,0.825));
#17347=CARTESIAN_POINT('',(-2.04815609869467,-0.89,1.02499986232826));
#17348=CARTESIAN_POINT('',(-1.95000028018836,-0.89,1.025));
#17349=CARTESIAN_POINT('',(-2.24428421886092,-0.89,0.864161713334596));
#17350=CARTESIAN_POINT('Origin',(-2.04815581850631,-0.89,0.824999862328803));
#17351=CARTESIAN_POINT('',(-2.36887159177804,-0.89,0.240209537248648));
#17352=CARTESIAN_POINT('',(-2.24428421886092,-0.89,0.864161713334596));
#17353=CARTESIAN_POINT('',(-2.41790369186668,-0.89,0.200000000000196));
#17354=CARTESIAN_POINT('Origin',(-2.41790369186668,-0.89,0.250000000000093));
#17355=CARTESIAN_POINT('',(-3.,-0.89,0.2));
#17356=CARTESIAN_POINT('',(-2.41790369186668,-0.89,0.200000000000197));
#17357=CARTESIAN_POINT('',(-3.,-0.89,0.));
#17358=CARTESIAN_POINT('',(-3.,-0.89,0.2));
#17359=CARTESIAN_POINT('',(-3.,-0.89,0.));
#17360=CARTESIAN_POINT('Origin',(-2.0442843442032,-0.635,0.78479038950688));
#17361=CARTESIAN_POINT('',(-2.16887159177804,-0.38,0.160838188393282));
#17362=CARTESIAN_POINT('',(-2.16887159177804,-0.635,0.160838188393282));
#17363=CARTESIAN_POINT('',(-2.0442843442032,-0.38,0.78479038950688));
#17364=CARTESIAN_POINT('',(-2.16887159177804,-0.38,0.160838188393282));
#17365=CARTESIAN_POINT('',(-2.0442843442032,-0.635,0.78479038950688));
#17366=CARTESIAN_POINT('Origin',(-1.99525224214902,-0.635,0.774999936605461));
#17367=CARTESIAN_POINT('',(-1.99525231219611,-0.38,0.82499993660408));
#17368=CARTESIAN_POINT('Origin',(-1.99525224214902,-0.38,0.774999936605461));
#17369=CARTESIAN_POINT('',(-1.99525231219611,-0.635,0.82499993660408));
#17370=CARTESIAN_POINT('Origin',(-1.95,-0.635,0.825));
#17371=CARTESIAN_POINT('',(-1.95,-0.38,0.825));
#17372=CARTESIAN_POINT('',(-1.99525231219611,-0.38,0.82499993660408));
#17373=CARTESIAN_POINT('',(-1.95,-0.635,0.825));
#17374=CARTESIAN_POINT('Origin',(-1.95000028018836,-0.635,1.025));
#17375=CARTESIAN_POINT('',(-1.95000028018836,-0.38,1.025));
#17376=CARTESIAN_POINT('',(-1.95,-0.38,0.825));
#17377=CARTESIAN_POINT('',(-1.95000028018836,-0.635,1.025));
#17378=CARTESIAN_POINT('Origin',(-2.04815609869467,-0.635,1.02499986248941));
#17379=CARTESIAN_POINT('',(-2.04815609869467,-0.38,1.02499986232826));
#17380=CARTESIAN_POINT('',(-1.95000028018836,-0.38,1.025));
#17381=CARTESIAN_POINT('',(-2.04815609869467,-0.635,1.02499986232826));
#17382=CARTESIAN_POINT('Origin',(-2.04815581850631,-0.635,0.824999862328803));
#17383=CARTESIAN_POINT('',(-2.24428421886092,-0.38,0.864161713334596));
#17384=CARTESIAN_POINT('Origin',(-2.04815581850631,-0.38,0.824999862328803));
#17385=CARTESIAN_POINT('',(-2.24428421886092,-0.635,0.864161713334596));
#17386=CARTESIAN_POINT('Origin',(-2.36887159177804,-0.635,0.240209537248648));
#17387=CARTESIAN_POINT('',(-2.36887159177804,-0.38,0.240209537248648));
#17388=CARTESIAN_POINT('',(-2.24428421886092,-0.38,0.864161713334596));
#17389=CARTESIAN_POINT('',(-2.36887159177804,-0.635,0.240209537248648));
#17390=CARTESIAN_POINT('Origin',(-2.41790369186668,-0.635,0.250000000000093));
#17391=CARTESIAN_POINT('',(-2.41790369186668,-0.38,0.200000000000196));
#17392=CARTESIAN_POINT('Origin',(-2.41790369186668,-0.38,0.250000000000093));
#17393=CARTESIAN_POINT('',(-2.41790369186668,-0.635,0.200000000000196));
#17394=CARTESIAN_POINT('Origin',(-3.,-0.635,0.2));
#17395=CARTESIAN_POINT('',(-3.,-0.38,0.2));
#17396=CARTESIAN_POINT('',(-2.41790369186668,-0.38,0.200000000000197));
#17397=CARTESIAN_POINT('',(-3.,-0.635,0.2));
#17398=CARTESIAN_POINT('Origin',(-3.,-0.635,0.));
#17399=CARTESIAN_POINT('',(-3.,-0.38,0.));
#17400=CARTESIAN_POINT('',(-3.,-0.38,0.2));
#17401=CARTESIAN_POINT('',(-3.,-0.635,0.));
#17402=CARTESIAN_POINT('Origin',(-2.365,-0.635,0.));
#17403=CARTESIAN_POINT('',(-2.365,-0.38,0.));
#17404=CARTESIAN_POINT('',(-3.,-0.38,0.));
#17405=CARTESIAN_POINT('',(-2.365,-0.635,0.));
#17406=CARTESIAN_POINT('Origin',(-2.365,-0.635,0.2));
#17407=CARTESIAN_POINT('Origin',(-2.365,-0.38,0.2));
#17408=CARTESIAN_POINT('Origin',(-2.475,-0.38,0.5125));
#17409=CARTESIAN_POINT('Origin',(-2.475,-2.16,0.5125));
#17410=CARTESIAN_POINT('',(-2.365,-2.16,0.));
#17411=CARTESIAN_POINT('',(-2.16887159177804,-2.16,0.160838188393282));
#17412=CARTESIAN_POINT('Origin',(-2.365,-2.16,0.2));
#17413=CARTESIAN_POINT('',(-2.0442843442032,-2.16,0.78479038950688));
#17414=CARTESIAN_POINT('',(-2.16887159177804,-2.16,0.160838188393282));
#17415=CARTESIAN_POINT('',(-1.99525231219611,-2.16,0.82499993660408));
#17416=CARTESIAN_POINT('Origin',(-1.99525224214902,-2.16,0.774999936605461));
#17417=CARTESIAN_POINT('',(-1.95,-2.16,0.825));
#17418=CARTESIAN_POINT('',(-1.99525231219611,-2.16,0.82499993660408));
#17419=CARTESIAN_POINT('',(-1.95000028018836,-2.16,1.025));
#17420=CARTESIAN_POINT('',(-1.95,-2.16,0.825));
#17421=CARTESIAN_POINT('',(-2.04815609869467,-2.16,1.02499986232826));
#17422=CARTESIAN_POINT('',(-1.95000028018836,-2.16,1.025));
#17423=CARTESIAN_POINT('',(-2.24428421886092,-2.16,0.864161713334596));
#17424=CARTESIAN_POINT('Origin',(-2.04815581850631,-2.16,0.824999862328803));
#17425=CARTESIAN_POINT('',(-2.36887159177804,-2.16,0.240209537248648));
#17426=CARTESIAN_POINT('',(-2.24428421886092,-2.16,0.864161713334596));
#17427=CARTESIAN_POINT('',(-2.41790369186668,-2.16,0.200000000000196));
#17428=CARTESIAN_POINT('Origin',(-2.41790369186668,-2.16,0.250000000000093));
#17429=CARTESIAN_POINT('',(-3.,-2.16,0.2));
#17430=CARTESIAN_POINT('',(-2.41790369186668,-2.16,0.200000000000197));
#17431=CARTESIAN_POINT('',(-3.,-2.16,0.));
#17432=CARTESIAN_POINT('',(-3.,-2.16,0.2));
#17433=CARTESIAN_POINT('',(-3.,-2.16,0.));
#17434=CARTESIAN_POINT('Origin',(-2.0442843442032,-1.905,0.78479038950688));
#17435=CARTESIAN_POINT('',(-2.16887159177804,-1.65,0.160838188393282));
#17436=CARTESIAN_POINT('',(-2.16887159177804,-1.905,0.160838188393282));
#17437=CARTESIAN_POINT('',(-2.0442843442032,-1.65,0.78479038950688));
#17438=CARTESIAN_POINT('',(-2.16887159177804,-1.65,0.160838188393282));
#17439=CARTESIAN_POINT('',(-2.0442843442032,-1.905,0.78479038950688));
#17440=CARTESIAN_POINT('Origin',(-1.99525224214902,-1.905,0.774999936605461));
#17441=CARTESIAN_POINT('',(-1.99525231219611,-1.65,0.82499993660408));
#17442=CARTESIAN_POINT('Origin',(-1.99525224214902,-1.65,0.774999936605461));
#17443=CARTESIAN_POINT('',(-1.99525231219611,-1.905,0.82499993660408));
#17444=CARTESIAN_POINT('Origin',(-1.95,-1.905,0.825));
#17445=CARTESIAN_POINT('',(-1.95,-1.65,0.825));
#17446=CARTESIAN_POINT('',(-1.99525231219611,-1.65,0.82499993660408));
#17447=CARTESIAN_POINT('',(-1.95,-1.905,0.825));
#17448=CARTESIAN_POINT('Origin',(-1.95000028018836,-1.905,1.025));
#17449=CARTESIAN_POINT('',(-1.95000028018836,-1.65,1.025));
#17450=CARTESIAN_POINT('',(-1.95,-1.65,0.825));
#17451=CARTESIAN_POINT('',(-1.95000028018836,-1.905,1.025));
#17452=CARTESIAN_POINT('Origin',(-2.04815609869467,-1.905,1.02499986248941));
#17453=CARTESIAN_POINT('',(-2.04815609869467,-1.65,1.02499986232826));
#17454=CARTESIAN_POINT('',(-1.95000028018836,-1.65,1.025));
#17455=CARTESIAN_POINT('',(-2.04815609869467,-1.905,1.02499986232826));
#17456=CARTESIAN_POINT('Origin',(-2.04815581850631,-1.905,0.824999862328803));
#17457=CARTESIAN_POINT('',(-2.24428421886092,-1.65,0.864161713334596));
#17458=CARTESIAN_POINT('Origin',(-2.04815581850631,-1.65,0.824999862328803));
#17459=CARTESIAN_POINT('',(-2.24428421886092,-1.905,0.864161713334596));
#17460=CARTESIAN_POINT('Origin',(-2.36887159177804,-1.905,0.240209537248648));
#17461=CARTESIAN_POINT('',(-2.36887159177804,-1.65,0.240209537248648));
#17462=CARTESIAN_POINT('',(-2.24428421886092,-1.65,0.864161713334596));
#17463=CARTESIAN_POINT('',(-2.36887159177804,-1.905,0.240209537248648));
#17464=CARTESIAN_POINT('Origin',(-2.41790369186668,-1.905,0.250000000000093));
#17465=CARTESIAN_POINT('',(-2.41790369186668,-1.65,0.200000000000196));
#17466=CARTESIAN_POINT('Origin',(-2.41790369186668,-1.65,0.250000000000093));
#17467=CARTESIAN_POINT('',(-2.41790369186668,-1.905,0.200000000000196));
#17468=CARTESIAN_POINT('Origin',(-3.,-1.905,0.2));
#17469=CARTESIAN_POINT('',(-3.,-1.65,0.2));
#17470=CARTESIAN_POINT('',(-2.41790369186668,-1.65,0.200000000000197));
#17471=CARTESIAN_POINT('',(-3.,-1.905,0.2));
#17472=CARTESIAN_POINT('Origin',(-3.,-1.905,0.));
#17473=CARTESIAN_POINT('',(-3.,-1.65,0.));
#17474=CARTESIAN_POINT('',(-3.,-1.65,0.2));
#17475=CARTESIAN_POINT('',(-3.,-1.905,0.));
#17476=CARTESIAN_POINT('Origin',(-2.365,-1.905,0.));
#17477=CARTESIAN_POINT('',(-2.365,-1.65,0.));
#17478=CARTESIAN_POINT('',(-3.,-1.65,0.));
#17479=CARTESIAN_POINT('',(-2.365,-1.905,0.));
#17480=CARTESIAN_POINT('Origin',(-2.365,-1.905,0.2));
#17481=CARTESIAN_POINT('Origin',(-2.365,-1.65,0.2));
#17482=CARTESIAN_POINT('Origin',(-2.475,-1.65,0.5125));
#17483=CARTESIAN_POINT('Origin',(2.475,0.38,0.5125));
#17484=CARTESIAN_POINT('',(2.365,0.38,0.));
#17485=CARTESIAN_POINT('',(2.16887159177804,0.38,0.160838188393282));
#17486=CARTESIAN_POINT('Origin',(2.365,0.38,0.2));
#17487=CARTESIAN_POINT('',(3.,0.38,0.));
#17488=CARTESIAN_POINT('',(3.,0.38,0.));
#17489=CARTESIAN_POINT('',(3.,0.38,0.2));
#17490=CARTESIAN_POINT('',(3.,0.38,0.2));
#17491=CARTESIAN_POINT('',(2.41790369186668,0.38,0.200000000000196));
#17492=CARTESIAN_POINT('',(2.41790369186668,0.38,0.200000000000197));
#17493=CARTESIAN_POINT('',(2.36887159177804,0.38,0.240209537248648));
#17494=CARTESIAN_POINT('Origin',(2.41790369186668,0.38,0.250000000000093));
#17495=CARTESIAN_POINT('',(2.24428421886092,0.38,0.864161713334596));
#17496=CARTESIAN_POINT('',(2.24428421886092,0.38,0.864161713334596));
#17497=CARTESIAN_POINT('',(2.04815609869467,0.38,1.02499986232826));
#17498=CARTESIAN_POINT('Origin',(2.04815581850631,0.38,0.824999862328803));
#17499=CARTESIAN_POINT('',(1.95000028018836,0.38,1.025));
#17500=CARTESIAN_POINT('',(1.95000028018836,0.38,1.025));
#17501=CARTESIAN_POINT('',(1.95,0.38,0.825));
#17502=CARTESIAN_POINT('',(1.95,0.38,0.825));
#17503=CARTESIAN_POINT('',(1.99525231219611,0.38,0.82499993660408));
#17504=CARTESIAN_POINT('',(1.99525231219611,0.38,0.82499993660408));
#17505=CARTESIAN_POINT('',(2.0442843442032,0.38,0.78479038950688));
#17506=CARTESIAN_POINT('Origin',(1.99525224214902,0.38,0.774999936605461));
#17507=CARTESIAN_POINT('',(2.16887159177804,0.38,0.160838188393282));
#17508=CARTESIAN_POINT('Origin',(2.0442843442032,0.635,0.78479038950688));
#17509=CARTESIAN_POINT('',(2.16887159177804,0.89,0.160838188393282));
#17510=CARTESIAN_POINT('',(2.16887159177804,0.635,0.160838188393282));
#17511=CARTESIAN_POINT('',(2.0442843442032,0.89,0.78479038950688));
#17512=CARTESIAN_POINT('',(2.0442843442032,0.635,0.78479038950688));
#17513=CARTESIAN_POINT('',(2.16887159177804,0.89,0.160838188393282));
#17514=CARTESIAN_POINT('Origin',(1.99525224214902,0.635,0.774999936605461));
#17515=CARTESIAN_POINT('',(1.99525231219611,0.89,0.82499993660408));
#17516=CARTESIAN_POINT('',(1.99525231219611,0.635,0.82499993660408));
#17517=CARTESIAN_POINT('Origin',(1.99525224214902,0.89,0.774999936605461));
#17518=CARTESIAN_POINT('Origin',(1.95,0.635,0.825));
#17519=CARTESIAN_POINT('',(1.95,0.89,0.825));
#17520=CARTESIAN_POINT('',(1.95,0.635,0.825));
#17521=CARTESIAN_POINT('',(1.99525231219611,0.89,0.82499993660408));
#17522=CARTESIAN_POINT('Origin',(1.95000028018836,0.635,1.025));
#17523=CARTESIAN_POINT('',(1.95000028018836,0.89,1.025));
#17524=CARTESIAN_POINT('',(1.95000028018836,0.635,1.025));
#17525=CARTESIAN_POINT('',(1.95,0.89,0.825));
#17526=CARTESIAN_POINT('Origin',(2.04815609869467,0.635,1.02499986248941));
#17527=CARTESIAN_POINT('',(2.04815609869467,0.89,1.02499986232826));
#17528=CARTESIAN_POINT('',(2.04815609869467,0.635,1.02499986232826));
#17529=CARTESIAN_POINT('',(1.95000028018836,0.89,1.025));
#17530=CARTESIAN_POINT('Origin',(2.04815581850631,0.635,0.824999862328803));
#17531=CARTESIAN_POINT('',(2.24428421886092,0.89,0.864161713334596));
#17532=CARTESIAN_POINT('',(2.24428421886092,0.635,0.864161713334596));
#17533=CARTESIAN_POINT('Origin',(2.04815581850631,0.89,0.824999862328803));
#17534=CARTESIAN_POINT('Origin',(2.36887159177804,0.635,0.240209537248648));
#17535=CARTESIAN_POINT('',(2.36887159177804,0.89,0.240209537248648));
#17536=CARTESIAN_POINT('',(2.36887159177804,0.635,0.240209537248648));
#17537=CARTESIAN_POINT('',(2.24428421886092,0.89,0.864161713334596));
#17538=CARTESIAN_POINT('Origin',(2.41790369186668,0.635,0.250000000000093));
#17539=CARTESIAN_POINT('',(2.41790369186668,0.89,0.200000000000196));
#17540=CARTESIAN_POINT('',(2.41790369186668,0.635,0.200000000000196));
#17541=CARTESIAN_POINT('Origin',(2.41790369186668,0.89,0.250000000000093));
#17542=CARTESIAN_POINT('Origin',(3.,0.635,0.2));
#17543=CARTESIAN_POINT('',(3.,0.89,0.2));
#17544=CARTESIAN_POINT('',(3.,0.635,0.2));
#17545=CARTESIAN_POINT('',(2.41790369186668,0.89,0.200000000000197));
#17546=CARTESIAN_POINT('Origin',(3.,0.635,0.));
#17547=CARTESIAN_POINT('',(3.,0.89,0.));
#17548=CARTESIAN_POINT('',(3.,0.635,0.));
#17549=CARTESIAN_POINT('',(3.,0.89,0.2));
#17550=CARTESIAN_POINT('Origin',(2.365,0.635,0.));
#17551=CARTESIAN_POINT('',(2.365,0.89,0.));
#17552=CARTESIAN_POINT('',(2.365,0.635,0.));
#17553=CARTESIAN_POINT('',(3.,0.89,0.));
#17554=CARTESIAN_POINT('Origin',(2.365,0.635,0.2));
#17555=CARTESIAN_POINT('Origin',(2.365,0.89,0.2));
#17556=CARTESIAN_POINT('Origin',(2.475,0.89,0.5125));
#17557=CARTESIAN_POINT('Origin',(2.475,-0.89,0.5125));
#17558=CARTESIAN_POINT('',(2.365,-0.89,0.));
#17559=CARTESIAN_POINT('',(2.16887159177804,-0.89,0.160838188393282));
#17560=CARTESIAN_POINT('Origin',(2.365,-0.89,0.2));
#17561=CARTESIAN_POINT('',(3.,-0.89,0.));
#17562=CARTESIAN_POINT('',(3.,-0.89,0.));
#17563=CARTESIAN_POINT('',(3.,-0.89,0.2));
#17564=CARTESIAN_POINT('',(3.,-0.89,0.2));
#17565=CARTESIAN_POINT('',(2.41790369186668,-0.89,0.200000000000196));
#17566=CARTESIAN_POINT('',(2.41790369186668,-0.89,0.200000000000197));
#17567=CARTESIAN_POINT('',(2.36887159177804,-0.89,0.240209537248648));
#17568=CARTESIAN_POINT('Origin',(2.41790369186668,-0.89,0.250000000000093));
#17569=CARTESIAN_POINT('',(2.24428421886092,-0.89,0.864161713334596));
#17570=CARTESIAN_POINT('',(2.24428421886092,-0.89,0.864161713334596));
#17571=CARTESIAN_POINT('',(2.04815609869467,-0.89,1.02499986232826));
#17572=CARTESIAN_POINT('Origin',(2.04815581850631,-0.89,0.824999862328803));
#17573=CARTESIAN_POINT('',(1.95000028018836,-0.89,1.025));
#17574=CARTESIAN_POINT('',(1.95000028018836,-0.89,1.025));
#17575=CARTESIAN_POINT('',(1.95,-0.89,0.825));
#17576=CARTESIAN_POINT('',(1.95,-0.89,0.825));
#17577=CARTESIAN_POINT('',(1.99525231219611,-0.89,0.82499993660408));
#17578=CARTESIAN_POINT('',(1.99525231219611,-0.89,0.82499993660408));
#17579=CARTESIAN_POINT('',(2.0442843442032,-0.89,0.78479038950688));
#17580=CARTESIAN_POINT('Origin',(1.99525224214902,-0.89,0.774999936605461));
#17581=CARTESIAN_POINT('',(2.16887159177804,-0.89,0.160838188393282));
#17582=CARTESIAN_POINT('Origin',(2.0442843442032,-0.635,0.78479038950688));
#17583=CARTESIAN_POINT('',(2.16887159177804,-0.38,0.160838188393282));
#17584=CARTESIAN_POINT('',(2.16887159177804,-0.635,0.160838188393282));
#17585=CARTESIAN_POINT('',(2.0442843442032,-0.38,0.78479038950688));
#17586=CARTESIAN_POINT('',(2.0442843442032,-0.635,0.78479038950688));
#17587=CARTESIAN_POINT('',(2.16887159177804,-0.38,0.160838188393282));
#17588=CARTESIAN_POINT('Origin',(1.99525224214902,-0.635,0.774999936605461));
#17589=CARTESIAN_POINT('',(1.99525231219611,-0.38,0.82499993660408));
#17590=CARTESIAN_POINT('',(1.99525231219611,-0.635,0.82499993660408));
#17591=CARTESIAN_POINT('Origin',(1.99525224214902,-0.38,0.774999936605461));
#17592=CARTESIAN_POINT('Origin',(1.95,-0.635,0.825));
#17593=CARTESIAN_POINT('',(1.95,-0.38,0.825));
#17594=CARTESIAN_POINT('',(1.95,-0.635,0.825));
#17595=CARTESIAN_POINT('',(1.99525231219611,-0.38,0.82499993660408));
#17596=CARTESIAN_POINT('Origin',(1.95000028018836,-0.635,1.025));
#17597=CARTESIAN_POINT('',(1.95000028018836,-0.38,1.025));
#17598=CARTESIAN_POINT('',(1.95000028018836,-0.635,1.025));
#17599=CARTESIAN_POINT('',(1.95,-0.38,0.825));
#17600=CARTESIAN_POINT('Origin',(2.04815609869467,-0.635,1.02499986248941));
#17601=CARTESIAN_POINT('',(2.04815609869467,-0.38,1.02499986232826));
#17602=CARTESIAN_POINT('',(2.04815609869467,-0.635,1.02499986232826));
#17603=CARTESIAN_POINT('',(1.95000028018836,-0.38,1.025));
#17604=CARTESIAN_POINT('Origin',(2.04815581850631,-0.635,0.824999862328803));
#17605=CARTESIAN_POINT('',(2.24428421886092,-0.38,0.864161713334596));
#17606=CARTESIAN_POINT('',(2.24428421886092,-0.635,0.864161713334596));
#17607=CARTESIAN_POINT('Origin',(2.04815581850631,-0.38,0.824999862328803));
#17608=CARTESIAN_POINT('Origin',(2.36887159177804,-0.635,0.240209537248648));
#17609=CARTESIAN_POINT('',(2.36887159177804,-0.38,0.240209537248648));
#17610=CARTESIAN_POINT('',(2.36887159177804,-0.635,0.240209537248648));
#17611=CARTESIAN_POINT('',(2.24428421886092,-0.38,0.864161713334596));
#17612=CARTESIAN_POINT('Origin',(2.41790369186668,-0.635,0.250000000000093));
#17613=CARTESIAN_POINT('',(2.41790369186668,-0.38,0.200000000000196));
#17614=CARTESIAN_POINT('',(2.41790369186668,-0.635,0.200000000000196));
#17615=CARTESIAN_POINT('Origin',(2.41790369186668,-0.38,0.250000000000093));
#17616=CARTESIAN_POINT('Origin',(3.,-0.635,0.2));
#17617=CARTESIAN_POINT('',(3.,-0.38,0.2));
#17618=CARTESIAN_POINT('',(3.,-0.635,0.2));
#17619=CARTESIAN_POINT('',(2.41790369186668,-0.38,0.200000000000197));
#17620=CARTESIAN_POINT('Origin',(3.,-0.635,0.));
#17621=CARTESIAN_POINT('',(3.,-0.38,0.));
#17622=CARTESIAN_POINT('',(3.,-0.635,0.));
#17623=CARTESIAN_POINT('',(3.,-0.38,0.2));
#17624=CARTESIAN_POINT('Origin',(2.365,-0.635,0.));
#17625=CARTESIAN_POINT('',(2.365,-0.38,0.));
#17626=CARTESIAN_POINT('',(2.365,-0.635,0.));
#17627=CARTESIAN_POINT('',(3.,-0.38,0.));
#17628=CARTESIAN_POINT('Origin',(2.365,-0.635,0.2));
#17629=CARTESIAN_POINT('Origin',(2.365,-0.38,0.2));
#17630=CARTESIAN_POINT('Origin',(2.475,-0.38,0.5125));
#17631=CARTESIAN_POINT('Origin',(2.475,-2.16,0.5125));
#17632=CARTESIAN_POINT('',(2.365,-2.16,0.));
#17633=CARTESIAN_POINT('',(2.16887159177804,-2.16,0.160838188393282));
#17634=CARTESIAN_POINT('Origin',(2.365,-2.16,0.2));
#17635=CARTESIAN_POINT('',(3.,-2.16,0.));
#17636=CARTESIAN_POINT('',(3.,-2.16,0.));
#17637=CARTESIAN_POINT('',(3.,-2.16,0.2));
#17638=CARTESIAN_POINT('',(3.,-2.16,0.2));
#17639=CARTESIAN_POINT('',(2.41790369186668,-2.16,0.200000000000196));
#17640=CARTESIAN_POINT('',(2.41790369186668,-2.16,0.200000000000197));
#17641=CARTESIAN_POINT('',(2.36887159177804,-2.16,0.240209537248648));
#17642=CARTESIAN_POINT('Origin',(2.41790369186668,-2.16,0.250000000000093));
#17643=CARTESIAN_POINT('',(2.24428421886092,-2.16,0.864161713334596));
#17644=CARTESIAN_POINT('',(2.24428421886092,-2.16,0.864161713334596));
#17645=CARTESIAN_POINT('',(2.04815609869467,-2.16,1.02499986232826));
#17646=CARTESIAN_POINT('Origin',(2.04815581850631,-2.16,0.824999862328803));
#17647=CARTESIAN_POINT('',(1.95000028018836,-2.16,1.025));
#17648=CARTESIAN_POINT('',(1.95000028018836,-2.16,1.025));
#17649=CARTESIAN_POINT('',(1.95,-2.16,0.825));
#17650=CARTESIAN_POINT('',(1.95,-2.16,0.825));
#17651=CARTESIAN_POINT('',(1.99525231219611,-2.16,0.82499993660408));
#17652=CARTESIAN_POINT('',(1.99525231219611,-2.16,0.82499993660408));
#17653=CARTESIAN_POINT('',(2.0442843442032,-2.16,0.78479038950688));
#17654=CARTESIAN_POINT('Origin',(1.99525224214902,-2.16,0.774999936605461));
#17655=CARTESIAN_POINT('',(2.16887159177804,-2.16,0.160838188393282));
#17656=CARTESIAN_POINT('Origin',(2.0442843442032,-1.905,0.78479038950688));
#17657=CARTESIAN_POINT('',(2.16887159177804,-1.65,0.160838188393282));
#17658=CARTESIAN_POINT('',(2.16887159177804,-1.905,0.160838188393282));
#17659=CARTESIAN_POINT('',(2.0442843442032,-1.65,0.78479038950688));
#17660=CARTESIAN_POINT('',(2.0442843442032,-1.905,0.78479038950688));
#17661=CARTESIAN_POINT('',(2.16887159177804,-1.65,0.160838188393282));
#17662=CARTESIAN_POINT('Origin',(1.99525224214902,-1.905,0.774999936605461));
#17663=CARTESIAN_POINT('',(1.99525231219611,-1.65,0.82499993660408));
#17664=CARTESIAN_POINT('',(1.99525231219611,-1.905,0.82499993660408));
#17665=CARTESIAN_POINT('Origin',(1.99525224214902,-1.65,0.774999936605461));
#17666=CARTESIAN_POINT('Origin',(1.95,-1.905,0.825));
#17667=CARTESIAN_POINT('',(1.95,-1.65,0.825));
#17668=CARTESIAN_POINT('',(1.95,-1.905,0.825));
#17669=CARTESIAN_POINT('',(1.99525231219611,-1.65,0.82499993660408));
#17670=CARTESIAN_POINT('Origin',(1.95000028018836,-1.905,1.025));
#17671=CARTESIAN_POINT('',(1.95000028018836,-1.65,1.025));
#17672=CARTESIAN_POINT('',(1.95000028018836,-1.905,1.025));
#17673=CARTESIAN_POINT('',(1.95,-1.65,0.825));
#17674=CARTESIAN_POINT('Origin',(2.04815609869467,-1.905,1.02499986248941));
#17675=CARTESIAN_POINT('',(2.04815609869467,-1.65,1.02499986232826));
#17676=CARTESIAN_POINT('',(2.04815609869467,-1.905,1.02499986232826));
#17677=CARTESIAN_POINT('',(1.95000028018836,-1.65,1.025));
#17678=CARTESIAN_POINT('Origin',(2.04815581850631,-1.905,0.824999862328803));
#17679=CARTESIAN_POINT('',(2.24428421886092,-1.65,0.864161713334596));
#17680=CARTESIAN_POINT('',(2.24428421886092,-1.905,0.864161713334596));
#17681=CARTESIAN_POINT('Origin',(2.04815581850631,-1.65,0.824999862328803));
#17682=CARTESIAN_POINT('Origin',(2.36887159177804,-1.905,0.240209537248648));
#17683=CARTESIAN_POINT('',(2.36887159177804,-1.65,0.240209537248648));
#17684=CARTESIAN_POINT('',(2.36887159177804,-1.905,0.240209537248648));
#17685=CARTESIAN_POINT('',(2.24428421886092,-1.65,0.864161713334596));
#17686=CARTESIAN_POINT('Origin',(2.41790369186668,-1.905,0.250000000000093));
#17687=CARTESIAN_POINT('',(2.41790369186668,-1.65,0.200000000000196));
#17688=CARTESIAN_POINT('',(2.41790369186668,-1.905,0.200000000000196));
#17689=CARTESIAN_POINT('Origin',(2.41790369186668,-1.65,0.250000000000093));
#17690=CARTESIAN_POINT('Origin',(3.,-1.905,0.2));
#17691=CARTESIAN_POINT('',(3.,-1.65,0.2));
#17692=CARTESIAN_POINT('',(3.,-1.905,0.2));
#17693=CARTESIAN_POINT('',(2.41790369186668,-1.65,0.200000000000197));
#17694=CARTESIAN_POINT('Origin',(3.,-1.905,0.));
#17695=CARTESIAN_POINT('',(3.,-1.65,0.));
#17696=CARTESIAN_POINT('',(3.,-1.905,0.));
#17697=CARTESIAN_POINT('',(3.,-1.65,0.2));
#17698=CARTESIAN_POINT('Origin',(2.365,-1.905,0.));
#17699=CARTESIAN_POINT('',(2.365,-1.65,0.));
#17700=CARTESIAN_POINT('',(2.365,-1.905,0.));
#17701=CARTESIAN_POINT('',(3.,-1.65,0.));
#17702=CARTESIAN_POINT('Origin',(2.365,-1.905,0.2));
#17703=CARTESIAN_POINT('Origin',(2.365,-1.65,0.2));
#17704=CARTESIAN_POINT('Origin',(2.475,-1.65,0.5125));
#17705=CARTESIAN_POINT('',(0.,0.,1.11022302462516E-16));
#17706=CARTESIAN_POINT('',(0.,0.,0.));
#17707=CARTESIAN_POINT('Origin',(0.835,-0.435,0.81));
#17708=CARTESIAN_POINT('',(0.875,-0.435,0.81));
#17709=CARTESIAN_POINT('',(0.835,-0.475,0.81));
#17710=CARTESIAN_POINT('Origin',(0.835,-0.435,0.81));
#17711=CARTESIAN_POINT('',(0.835,-0.435,0.85));
#17712=CARTESIAN_POINT('Origin',(0.835,-0.435,0.81));
#17713=CARTESIAN_POINT('Origin',(0.835,-0.435,0.81));
#17714=CARTESIAN_POINT('Origin',(0.415,-0.435,0.81));
#17715=CARTESIAN_POINT('',(0.415,-0.475,0.81));
#17716=CARTESIAN_POINT('',(0.375,-0.435,0.81));
#17717=CARTESIAN_POINT('Origin',(0.415,-0.435,0.81));
#17718=CARTESIAN_POINT('',(0.415,-0.435,0.85));
#17719=CARTESIAN_POINT('Origin',(0.415,-0.435,0.81));
#17720=CARTESIAN_POINT('Origin',(0.415,-0.435,0.81));
#17721=CARTESIAN_POINT('Origin',(0.625,-0.435,0.81));
#17722=CARTESIAN_POINT('',(0.625,-0.435,0.85));
#17723=CARTESIAN_POINT('',(0.625,-0.475,0.81));
#17724=CARTESIAN_POINT('Origin',(0.835,0.435,0.81));
#17725=CARTESIAN_POINT('',(0.835,0.475,0.81));
#17726=CARTESIAN_POINT('',(0.875,0.435,0.81));
#17727=CARTESIAN_POINT('Origin',(0.835,0.435,0.81));
#17728=CARTESIAN_POINT('',(0.835,0.435,0.85));
#17729=CARTESIAN_POINT('Origin',(0.835,0.435,0.81));
#17730=CARTESIAN_POINT('Origin',(0.835,0.435,0.81));
#17731=CARTESIAN_POINT('Origin',(0.835,-0.435,0.0399999999999999));
#17732=CARTESIAN_POINT('',(0.835,-0.435,-1.11022302462516E-16));
#17733=CARTESIAN_POINT('',(0.835,-0.475,0.0399999999999999));
#17734=CARTESIAN_POINT('Origin',(0.835,-0.435,0.0399999999999999));
#17735=CARTESIAN_POINT('',(0.875,-0.435,0.0399999999999999));
#17736=CARTESIAN_POINT('Origin',(0.835,-0.435,0.0399999999999999));
#17737=CARTESIAN_POINT('Origin',(0.835,-0.435,0.0399999999999999));
#17738=CARTESIAN_POINT('Origin',(0.415,0.435,0.81));
#17739=CARTESIAN_POINT('',(0.415,0.475,0.81));
#17740=CARTESIAN_POINT('',(0.415,0.435,0.85));
#17741=CARTESIAN_POINT('Origin',(0.415,0.435,0.81));
#17742=CARTESIAN_POINT('',(0.375,0.435,0.81));
#17743=CARTESIAN_POINT('Origin',(0.415,0.435,0.81));
#17744=CARTESIAN_POINT('Origin',(0.415,0.435,0.81));
#17745=CARTESIAN_POINT('Origin',(0.415,-0.435,0.0399999999999999));
#17746=CARTESIAN_POINT('',(0.415,-0.435,-1.11022302462516E-16));
#17747=CARTESIAN_POINT('',(0.375,-0.435,0.0399999999999999));
#17748=CARTESIAN_POINT('Origin',(0.415,-0.435,0.0399999999999999));
#17749=CARTESIAN_POINT('',(0.415,-0.475,0.0399999999999999));
#17750=CARTESIAN_POINT('Origin',(0.415,-0.435,0.0399999999999999));
#17751=CARTESIAN_POINT('Origin',(0.415,-0.435,0.0399999999999999));
#17752=CARTESIAN_POINT('Origin',(0.625,-0.435,0.0399999999999999));
#17753=CARTESIAN_POINT('',(0.625,-0.435,-1.11022302462516E-16));
#17754=CARTESIAN_POINT('',(0.625,-0.475,0.0399999999999999));
#17755=CARTESIAN_POINT('Origin',(0.415,-0.435,0.425));
#17756=CARTESIAN_POINT('',(0.375,-0.435,0.425));
#17757=CARTESIAN_POINT('',(0.415,-0.475,0.425));
#17758=CARTESIAN_POINT('Origin',(0.835,0.435,0.0399999999999999));
#17759=CARTESIAN_POINT('',(0.835,0.435,-1.11022302462516E-16));
#17760=CARTESIAN_POINT('',(0.875,0.435,0.0399999999999999));
#17761=CARTESIAN_POINT('Origin',(0.835,0.435,0.0399999999999999));
#17762=CARTESIAN_POINT('',(0.835,0.475,0.0399999999999999));
#17763=CARTESIAN_POINT('Origin',(0.835,0.435,0.0399999999999999));
#17764=CARTESIAN_POINT('Origin',(0.835,0.435,0.0399999999999999));
#17765=CARTESIAN_POINT('Origin',(0.415,0.435,0.0399999999999999));
#17766=CARTESIAN_POINT('',(0.415,0.475,0.0399999999999999));
#17767=CARTESIAN_POINT('',(0.375,0.435,0.0399999999999999));
#17768=CARTESIAN_POINT('Origin',(0.415,0.435,0.0399999999999999));
#17769=CARTESIAN_POINT('',(0.415,0.435,-1.11022302462516E-16));
#17770=CARTESIAN_POINT('Origin',(0.415,0.435,0.0399999999999999));
#17771=CARTESIAN_POINT('Origin',(0.415,0.435,0.0399999999999999));
#17772=CARTESIAN_POINT('Origin',(0.625,0.435,0.0399999999999999));
#17773=CARTESIAN_POINT('',(0.625,0.435,-1.11022302462516E-16));
#17774=CARTESIAN_POINT('',(0.625,0.475,0.0399999999999999));
#17775=CARTESIAN_POINT('Origin',(0.415,-5.55111512312578E-17,0.0399999999999999));
#17776=CARTESIAN_POINT('',(0.415,-5.55111512312578E-17,-1.11022302462516E-16));
#17777=CARTESIAN_POINT('',(0.375,-5.55111512312578E-17,0.0399999999999999));
#17778=CARTESIAN_POINT('Origin',(0.415,0.435,0.425));
#17779=CARTESIAN_POINT('',(0.415,0.475,0.425));
#17780=CARTESIAN_POINT('',(0.375,0.435,0.425));
#17781=CARTESIAN_POINT('Origin',(0.835,0.435,0.425));
#17782=CARTESIAN_POINT('',(0.875,0.435,0.425));
#17783=CARTESIAN_POINT('',(0.835,0.475,0.425));
#17784=CARTESIAN_POINT('Origin',(0.835,-5.55111512312578E-17,0.0399999999999999));
#17785=CARTESIAN_POINT('',(0.835,-5.55111512312578E-17,-1.11022302462516E-16));
#17786=CARTESIAN_POINT('',(0.875,-5.55111512312578E-17,0.0399999999999999));
#17787=CARTESIAN_POINT('Origin',(0.415,-5.55111512312578E-17,0.81));
#17788=CARTESIAN_POINT('',(0.415,-5.55111512312578E-17,0.85));
#17789=CARTESIAN_POINT('',(0.375,-5.55111512312578E-17,0.81));
#17790=CARTESIAN_POINT('Origin',(0.625,0.435,0.81));
#17791=CARTESIAN_POINT('',(0.625,0.435,0.85));
#17792=CARTESIAN_POINT('',(0.625,0.475,0.81));
#17793=CARTESIAN_POINT('Origin',(0.835,-0.435,0.425));
#17794=CARTESIAN_POINT('',(0.835,-0.475,0.425));
#17795=CARTESIAN_POINT('',(0.875,-0.435,0.425));
#17796=CARTESIAN_POINT('Origin',(0.835,-5.55111512312578E-17,0.81));
#17797=CARTESIAN_POINT('',(0.835,-5.55111512312578E-17,0.85));
#17798=CARTESIAN_POINT('',(0.875,-5.55111512312578E-17,0.81));
#17799=CARTESIAN_POINT('Origin',(0.625,-5.55111512312578E-17,0.85));
#17800=CARTESIAN_POINT('Origin',(0.625,-0.475,0.425));
#17801=CARTESIAN_POINT('Origin',(0.625,-5.55111512312578E-17,-1.11022302462516E-16));
#17802=CARTESIAN_POINT('Origin',(0.625,0.475,0.425));
#17803=CARTESIAN_POINT('Origin',(0.875,-5.55111512312578E-17,0.425));
#17804=CARTESIAN_POINT('Origin',(-0.415,-0.435,0.81));
#17805=CARTESIAN_POINT('',(-0.375,-0.435,0.81));
#17806=CARTESIAN_POINT('',(-0.415,-0.475,0.81));
#17807=CARTESIAN_POINT('Origin',(-0.415,-0.435,0.81));
#17808=CARTESIAN_POINT('',(-0.415,-0.435,0.85));
#17809=CARTESIAN_POINT('Origin',(-0.415,-0.435,0.81));
#17810=CARTESIAN_POINT('Origin',(-0.415,-0.435,0.81));
#17811=CARTESIAN_POINT('Origin',(-0.835,-0.435,0.81));
#17812=CARTESIAN_POINT('',(-0.835,-0.475,0.81));
#17813=CARTESIAN_POINT('',(-0.875,-0.435,0.81));
#17814=CARTESIAN_POINT('Origin',(-0.835,-0.435,0.81));
#17815=CARTESIAN_POINT('',(-0.835,-0.435,0.85));
#17816=CARTESIAN_POINT('Origin',(-0.835,-0.435,0.81));
#17817=CARTESIAN_POINT('Origin',(-0.835,-0.435,0.81));
#17818=CARTESIAN_POINT('Origin',(-0.625,-0.435,0.81));
#17819=CARTESIAN_POINT('',(-0.625,-0.435,0.85));
#17820=CARTESIAN_POINT('',(-0.625,-0.475,0.81));
#17821=CARTESIAN_POINT('Origin',(-0.415,0.435,0.81));
#17822=CARTESIAN_POINT('',(-0.415,0.475,0.81));
#17823=CARTESIAN_POINT('',(-0.375,0.435,0.81));
#17824=CARTESIAN_POINT('Origin',(-0.415,0.435,0.81));
#17825=CARTESIAN_POINT('',(-0.415,0.435,0.85));
#17826=CARTESIAN_POINT('Origin',(-0.415,0.435,0.81));
#17827=CARTESIAN_POINT('Origin',(-0.415,0.435,0.81));
#17828=CARTESIAN_POINT('Origin',(-0.415,-0.435,0.04));
#17829=CARTESIAN_POINT('',(-0.415,-0.435,0.));
#17830=CARTESIAN_POINT('',(-0.415,-0.475,0.04));
#17831=CARTESIAN_POINT('Origin',(-0.415,-0.435,0.04));
#17832=CARTESIAN_POINT('',(-0.375,-0.435,0.04));
#17833=CARTESIAN_POINT('Origin',(-0.415,-0.435,0.04));
#17834=CARTESIAN_POINT('Origin',(-0.415,-0.435,0.04));
#17835=CARTESIAN_POINT('Origin',(-0.835,0.435,0.81));
#17836=CARTESIAN_POINT('',(-0.835,0.475,0.81));
#17837=CARTESIAN_POINT('',(-0.835,0.435,0.85));
#17838=CARTESIAN_POINT('Origin',(-0.835,0.435,0.81));
#17839=CARTESIAN_POINT('',(-0.875,0.435,0.81));
#17840=CARTESIAN_POINT('Origin',(-0.835,0.435,0.81));
#17841=CARTESIAN_POINT('Origin',(-0.835,0.435,0.81));
#17842=CARTESIAN_POINT('Origin',(-0.835,-0.435,0.0400000000000001));
#17843=CARTESIAN_POINT('',(-0.835,-0.435,1.11022302462516E-16));
#17844=CARTESIAN_POINT('',(-0.875,-0.435,0.0400000000000001));
#17845=CARTESIAN_POINT('Origin',(-0.835,-0.435,0.0400000000000001));
#17846=CARTESIAN_POINT('',(-0.835,-0.475,0.0400000000000001));
#17847=CARTESIAN_POINT('Origin',(-0.835,-0.435,0.0400000000000001));
#17848=CARTESIAN_POINT('Origin',(-0.835,-0.435,0.0400000000000001));
#17849=CARTESIAN_POINT('Origin',(-0.625,-0.435,0.04));
#17850=CARTESIAN_POINT('',(-0.625,-0.435,0.));
#17851=CARTESIAN_POINT('',(-0.625,-0.475,0.04));
#17852=CARTESIAN_POINT('Origin',(-0.835,-0.435,0.425));
#17853=CARTESIAN_POINT('',(-0.875,-0.435,0.425));
#17854=CARTESIAN_POINT('',(-0.835,-0.475,0.425));
#17855=CARTESIAN_POINT('Origin',(-0.415,0.435,0.04));
#17856=CARTESIAN_POINT('',(-0.415,0.435,0.));
#17857=CARTESIAN_POINT('',(-0.375,0.435,0.04));
#17858=CARTESIAN_POINT('Origin',(-0.415,0.435,0.04));
#17859=CARTESIAN_POINT('',(-0.415,0.475,0.04));
#17860=CARTESIAN_POINT('Origin',(-0.415,0.435,0.04));
#17861=CARTESIAN_POINT('Origin',(-0.415,0.435,0.04));
#17862=CARTESIAN_POINT('Origin',(-0.835,0.435,0.0400000000000001));
#17863=CARTESIAN_POINT('',(-0.835,0.475,0.0400000000000001));
#17864=CARTESIAN_POINT('',(-0.875,0.435,0.0400000000000001));
#17865=CARTESIAN_POINT('Origin',(-0.835,0.435,0.0400000000000001));
#17866=CARTESIAN_POINT('',(-0.835,0.435,1.11022302462516E-16));
#17867=CARTESIAN_POINT('Origin',(-0.835,0.435,0.0400000000000001));
#17868=CARTESIAN_POINT('Origin',(-0.835,0.435,0.0400000000000001));
#17869=CARTESIAN_POINT('Origin',(-0.625,0.435,0.04));
#17870=CARTESIAN_POINT('',(-0.625,0.435,0.));
#17871=CARTESIAN_POINT('',(-0.625,0.475,0.04));
#17872=CARTESIAN_POINT('Origin',(-0.835,5.55111512312578E-17,0.0400000000000001));
#17873=CARTESIAN_POINT('',(-0.835,5.55111512312578E-17,1.11022302462516E-16));
#17874=CARTESIAN_POINT('',(-0.875,5.55111512312578E-17,0.0400000000000001));
#17875=CARTESIAN_POINT('Origin',(-0.835,0.435,0.425));
#17876=CARTESIAN_POINT('',(-0.835,0.475,0.425));
#17877=CARTESIAN_POINT('',(-0.875,0.435,0.425));
#17878=CARTESIAN_POINT('Origin',(-0.415,0.435,0.425));
#17879=CARTESIAN_POINT('',(-0.375,0.435,0.425));
#17880=CARTESIAN_POINT('',(-0.415,0.475,0.425));
#17881=CARTESIAN_POINT('Origin',(-0.415,0.,0.04));
#17882=CARTESIAN_POINT('',(-0.415,0.,0.));
#17883=CARTESIAN_POINT('',(-0.375,0.,0.04));
#17884=CARTESIAN_POINT('Origin',(-0.835,5.55111512312578E-17,0.81));
#17885=CARTESIAN_POINT('',(-0.835,5.55111512312578E-17,0.85));
#17886=CARTESIAN_POINT('',(-0.875,5.55111512312578E-17,0.81));
#17887=CARTESIAN_POINT('Origin',(-0.625,0.435,0.81));
#17888=CARTESIAN_POINT('',(-0.625,0.435,0.85));
#17889=CARTESIAN_POINT('',(-0.625,0.475,0.81));
#17890=CARTESIAN_POINT('Origin',(-0.415,-0.435,0.425));
#17891=CARTESIAN_POINT('',(-0.415,-0.475,0.425));
#17892=CARTESIAN_POINT('',(-0.375,-0.435,0.425));
#17893=CARTESIAN_POINT('Origin',(-0.415,0.,0.81));
#17894=CARTESIAN_POINT('',(-0.415,0.,0.85));
#17895=CARTESIAN_POINT('',(-0.375,0.,0.81));
#17896=CARTESIAN_POINT('Origin',(-0.625,0.,0.85));
#17897=CARTESIAN_POINT('Origin',(-0.625,-0.475,0.425));
#17898=CARTESIAN_POINT('Origin',(-0.875,5.55111512312578E-17,0.425));
#17899=CARTESIAN_POINT('Origin',(-0.625,0.,0.));
#17900=CARTESIAN_POINT('Origin',(-0.625,0.475,0.425));
#17901=CARTESIAN_POINT('Origin',(-5.55111512312578E-17,0.,0.));
#17902=CARTESIAN_POINT('',(-0.375,0.475,0.));
#17903=CARTESIAN_POINT('',(0.375,0.475,-1.11022302462516E-16));
#17904=CARTESIAN_POINT('',(-5.55111512312578E-17,0.475,0.));
#17905=CARTESIAN_POINT('',(0.375,-0.475,-1.11022302462516E-16));
#17906=CARTESIAN_POINT('',(0.375,-5.55111512312578E-17,-1.11022302462516E-16));
#17907=CARTESIAN_POINT('',(-0.375,-0.475,0.));
#17908=CARTESIAN_POINT('',(-1.11022302462516E-16,-0.475,0.));
#17909=CARTESIAN_POINT('',(-0.375,0.,0.));
#17910=CARTESIAN_POINT('Origin',(5.55111512312578E-17,0.,0.85));
#17911=CARTESIAN_POINT('',(0.375,0.475,0.85));
#17912=CARTESIAN_POINT('',(-0.375,0.475,0.85));
#17913=CARTESIAN_POINT('',(5.55111512312578E-17,0.475,0.85));
#17914=CARTESIAN_POINT('',(-0.375,-0.475,0.85));
#17915=CARTESIAN_POINT('',(-0.375,0.,0.85));
#17916=CARTESIAN_POINT('',(0.375,-0.475,0.85));
#17917=CARTESIAN_POINT('',(0.,-0.475,0.85));
#17918=CARTESIAN_POINT('',(0.375,-5.55111512312578E-17,0.85));
#17919=CARTESIAN_POINT('Origin',(-0.375,0.,0.425));
#17920=CARTESIAN_POINT('',(-0.375,-0.475,0.425));
#17921=CARTESIAN_POINT('',(-0.375,0.475,0.425));
#17922=CARTESIAN_POINT('Origin',(-5.55111512312578E-17,-0.475,0.425));
#17923=CARTESIAN_POINT('',(0.375,-0.475,0.425));
#17924=CARTESIAN_POINT('Origin',(0.375,-5.55111512312578E-17,0.425));
#17925=CARTESIAN_POINT('',(0.375,0.475,0.425));
#17926=CARTESIAN_POINT('Origin',(0.,0.475,0.425));
#17927=CARTESIAN_POINT('Origin',(13.5821428571429,0.,-3.99133333333333));
#17928=CARTESIAN_POINT('',(13.5810823116142,0.,-3.99133333333333));
#17929=CARTESIAN_POINT('',(13.5810823116142,-0.1,-3.99133333333333));
#17930=CARTESIAN_POINT('',(13.5810823116142,-0.13845449400951,-3.99133333333333));
#17931=CARTESIAN_POINT('',(8.58214285714286,-0.1,-3.99133333333333));
#17932=CARTESIAN_POINT('',(18.5821428571429,-0.1,-3.99133333333333));
#17933=CARTESIAN_POINT('',(8.58214285714286,0.,-3.99133333333333));
#17934=CARTESIAN_POINT('',(8.58214285714286,0.,-3.99133333333333));
#17935=CARTESIAN_POINT('',(18.5821428571429,0.,-3.99133333333333));
#17936=CARTESIAN_POINT('Origin',(15.5810823116142,6.72309101198098,8.26666666666667));
#17937=CARTESIAN_POINT('',(18.5821428571429,6.72309101198098,8.26666666666667));
#17938=CARTESIAN_POINT('',(18.5821428571429,6.72309101198098,8.16666666666667));
#17939=CARTESIAN_POINT('',(18.5821428571429,6.72309101198098,8.21666666666667));
#17940=CARTESIAN_POINT('',(15.5810823116142,6.72309101198098,8.26666666666667));
#17941=CARTESIAN_POINT('',(17.0816125843785,6.72309101198098,8.26666666666667));
#17942=CARTESIAN_POINT('',(15.5810823116142,6.72309101198098,8.16666666666667));
#17943=CARTESIAN_POINT('',(15.5810823116142,6.72309101198098,8.26666666666667));
#17944=CARTESIAN_POINT('',(17.0816125843785,6.72309101198098,8.16666666666667));
#17945=CARTESIAN_POINT('Origin',(13.5810823116142,-0.27690898801902,8.26666666666667));
#17946=CARTESIAN_POINT('',(13.5810823116142,-0.1,5.16666666666667));
#17947=CARTESIAN_POINT('',(13.5810823116142,3.,8.26666666666667));
#17948=CARTESIAN_POINT('Origin',(13.5810823116142,3.,5.16666666666667));
#17949=CARTESIAN_POINT('',(13.5810823116142,-0.1,6.21666666666667));
#17950=CARTESIAN_POINT('',(13.5810823116142,0.,5.16666666666667));
#17951=CARTESIAN_POINT('',(13.5810823116142,0.,4.16666666666667));
#17952=CARTESIAN_POINT('',(13.5810823116142,3.,8.16666666666667));
#17953=CARTESIAN_POINT('Origin',(13.5810823116142,3.,5.16666666666667));
#17954=CARTESIAN_POINT('',(13.5810823116142,4.72309106557077,8.16666666666667));
#17955=CARTESIAN_POINT('',(13.5810823116142,1.36154550599049,8.16666666666667));
#17956=CARTESIAN_POINT('',(13.5810823116142,4.72309106557077,8.26666666666667));
#17957=CARTESIAN_POINT('',(13.5810823116142,4.72309106557077,8.26666666666667));
#17958=CARTESIAN_POINT('',(13.5810823116142,1.36154550599049,8.26666666666667));
#17959=CARTESIAN_POINT('Origin',(15.5810823116142,4.72309101198098,8.26666666666667));
#17960=CARTESIAN_POINT('Origin',(15.5810823116142,4.72309101198098,8.16666666666667));
#17961=CARTESIAN_POINT('Origin',(15.5810823116142,4.72309101198098,8.26666666666667));
#17962=CARTESIAN_POINT('Origin',(18.5821428571429,-0.1,4.16666666666667));
#17963=CARTESIAN_POINT('',(8.58214285714286,-0.1,5.16666666666667));
#17964=CARTESIAN_POINT('',(18.5821428571429,-0.1,5.16666666666667));
#17965=CARTESIAN_POINT('',(8.58214285714286,-0.1,4.16666666666667));
#17966=CARTESIAN_POINT('Origin',(18.5821428571429,3.,5.16666666666667));
#17967=CARTESIAN_POINT('',(8.58214285714286,3.,8.26666666666667));
#17968=CARTESIAN_POINT('',(18.5821428571429,3.,8.26666666666667));
#17969=CARTESIAN_POINT('Origin',(8.58214285714286,3.,5.16666666666667));
#17970=CARTESIAN_POINT('Origin',(18.5821428571429,3.,8.26666666666667));
#17971=CARTESIAN_POINT('',(18.5821428571429,11.973091011981,8.26666666666667));
#17972=CARTESIAN_POINT('',(18.5821428571429,3.,8.26666666666667));
#17973=CARTESIAN_POINT('',(8.58214285714286,11.973091011981,8.26666666666667));
#17974=CARTESIAN_POINT('',(18.5821428571429,11.973091011981,8.26666666666667));
#17975=CARTESIAN_POINT('',(8.58214285714286,3.,8.26666666666667));
#17976=CARTESIAN_POINT('Origin',(18.5821428571429,7.4865455059905,8.16666666666667));
#17977=CARTESIAN_POINT('',(18.5821428571429,11.973091011981,8.16666666666667));
#17978=CARTESIAN_POINT('',(18.5821428571429,3.,8.16666666666667));
#17979=CARTESIAN_POINT('',(18.5821428571429,11.973091011981,8.16666666666667));
#17980=CARTESIAN_POINT('Origin',(18.5821428571429,3.,8.16666666666667));
#17981=CARTESIAN_POINT('',(8.58214285714286,3.,8.16666666666667));
#17982=CARTESIAN_POINT('',(18.5821428571429,3.,8.16666666666667));
#17983=CARTESIAN_POINT('',(8.58214285714286,11.973091011981,8.16666666666667));
#17984=CARTESIAN_POINT('',(8.58214285714286,3.,8.16666666666667));
#17985=CARTESIAN_POINT('',(18.5821428571429,11.973091011981,8.16666666666667));
#17986=CARTESIAN_POINT('Origin',(18.5821428571429,3.,5.16666666666667));
#17987=CARTESIAN_POINT('',(8.58214285714286,0.,5.16666666666667));
#17988=CARTESIAN_POINT('',(18.5821428571429,0.,5.16666666666667));
#17989=CARTESIAN_POINT('Origin',(8.58214285714286,3.,5.16666666666667));
#17990=CARTESIAN_POINT('Origin',(18.5821428571429,0.,4.16666666666667));
#17991=CARTESIAN_POINT('',(8.58214285714286,0.,4.16666666666667));
#17992=CARTESIAN_POINT('Origin',(13.5821428571429,11.973091011981,8.16666666666667));
#17993=CARTESIAN_POINT('',(8.58214285714286,11.973091011981,8.16666666666667));
#17994=CARTESIAN_POINT('Origin',(8.58214285714286,7.4865455059905,8.16666666666667));
#17995=CARTESIAN_POINT('',(8.58214285714286,3.,8.16666666666667));
#17996=CARTESIAN_POINT('Origin',(8.58214285714286,0.878679656440358,7.28798701022631));
#17997=CARTESIAN_POINT('',(8.58214285714286,0.,5.16666666666667));
#17998=CARTESIAN_POINT('Origin',(8.58214285714286,0.,4.66666666666667));
#17999=CARTESIAN_POINT('Origin',(10.5821428571429,-0.1,2.00866666666667));
#18000=CARTESIAN_POINT('',(9.83214285714286,-0.2,2.00866666666667));
#18001=CARTESIAN_POINT('Origin',(10.5821428571429,-0.2,2.00866666666667));
#18002=CARTESIAN_POINT('',(9.83214285714286,-0.1,2.00866666666667));
#18003=CARTESIAN_POINT('',(9.83214285714286,-0.1,2.00866666666667));
#18004=CARTESIAN_POINT('Origin',(10.5821428571429,-0.1,2.00866666666667));
#18005=CARTESIAN_POINT('Origin',(10.5821428571429,-0.2,2.00866666666667));
#18006=CARTESIAN_POINT('Origin',(10.5821428571429,-0.1,2.00866666666667));
#18007=CARTESIAN_POINT('Origin',(10.5821428571429,-0.1,0.00866666666666682));
#18008=CARTESIAN_POINT('',(9.83214285714286,-0.2,0.00866666666666673));
#18009=CARTESIAN_POINT('Origin',(10.5821428571429,-0.2,0.00866666666666682));
#18010=CARTESIAN_POINT('',(9.83214285714286,-0.1,0.00866666666666673));
#18011=CARTESIAN_POINT('',(9.83214285714286,-0.1,0.00866666666666673));
#18012=CARTESIAN_POINT('Origin',(10.5821428571429,-0.1,0.00866666666666682));
#18013=CARTESIAN_POINT('Origin',(10.5821428571429,-0.2,0.00866666666666682));
#18014=CARTESIAN_POINT('Origin',(10.5821428571429,-0.1,0.00866666666666682));
#18015=CARTESIAN_POINT('Origin',(10.5821428571429,-0.1,-1.99133333333333));
#18016=CARTESIAN_POINT('',(9.83214285714286,-0.2,-1.99133333333333));
#18017=CARTESIAN_POINT('Origin',(10.5821428571429,-0.2,-1.99133333333333));
#18018=CARTESIAN_POINT('',(9.83214285714286,-0.1,-1.99133333333333));
#18019=CARTESIAN_POINT('',(9.83214285714286,-0.1,-1.99133333333333));
#18020=CARTESIAN_POINT('Origin',(10.5821428571429,-0.1,-1.99133333333333));
#18021=CARTESIAN_POINT('Origin',(10.5821428571429,-0.2,-1.99133333333333));
#18022=CARTESIAN_POINT('Origin',(10.5821428571429,-0.1,-1.99133333333333));
#18023=CARTESIAN_POINT('Origin',(18.5821428571429,6.72309101198098,8.26666666666667));
#18024=CARTESIAN_POINT('',(18.5821428571429,11.973091011981,8.26666666666667));
#18025=CARTESIAN_POINT('',(18.5821428571429,6.72309101198098,8.26666666666667));
#18026=CARTESIAN_POINT('',(18.5821428571429,11.973091011981,8.26666666666667));
#18027=CARTESIAN_POINT('',(18.5821428571429,11.973091011981,8.46666666666667));
#18028=CARTESIAN_POINT('',(18.5821428571429,11.973091011981,8.26666666666667));
#18029=CARTESIAN_POINT('',(18.5821428571429,6.72309101198098,8.46666666666667));
#18030=CARTESIAN_POINT('',(18.5821428571429,11.973091011981,8.46666666666667));
#18031=CARTESIAN_POINT('',(18.5821428571429,6.72309101198098,8.26666666666667));
#18032=CARTESIAN_POINT('Origin',(8.58214285714286,6.72309101198098,8.26666666666667));
#18033=CARTESIAN_POINT('',(8.58214285714286,6.72309101198098,8.26666666666667));
#18034=CARTESIAN_POINT('',(18.5821428571429,6.72309101198098,8.26666666666667));
#18035=CARTESIAN_POINT('',(8.58214285714286,6.72309101198098,8.46666666666667));
#18036=CARTESIAN_POINT('',(18.5821428571429,6.72309101198098,8.46666666666667));
#18037=CARTESIAN_POINT('',(8.58214285714286,6.72309101198098,8.26666666666667));
#18038=CARTESIAN_POINT('Origin',(8.58214285714286,11.973091011981,8.26666666666667));
#18039=CARTESIAN_POINT('',(8.58214285714286,11.973091011981,8.26666666666667));
#18040=CARTESIAN_POINT('',(8.58214285714286,6.72309101198098,8.26666666666667));
#18041=CARTESIAN_POINT('',(8.58214285714286,11.973091011981,8.46666666666667));
#18042=CARTESIAN_POINT('',(8.58214285714286,6.72309101198098,8.46666666666667));
#18043=CARTESIAN_POINT('',(8.58214285714286,11.973091011981,8.26666666666667));
#18044=CARTESIAN_POINT('Origin',(18.5821428571429,11.973091011981,8.26666666666667));
#18045=CARTESIAN_POINT('',(8.58214285714286,11.973091011981,8.26666666666667));
#18046=CARTESIAN_POINT('',(8.58214285714286,11.973091011981,8.46666666666667));
#18047=CARTESIAN_POINT('Origin',(13.5821428571429,9.34809101198099,8.46666666666667));
#18048=CARTESIAN_POINT('Origin',(13.5821428571429,9.34809101198099,8.26666666666667));
#18049=CARTESIAN_POINT('',(14.8669522371429,9.38578201198098,8.14866666666667));
#18050=CARTESIAN_POINT('',(11.1865522371428,5.01823201198097,7.29866666666667));
#18051=CARTESIAN_POINT('',(9.52595223714284,5.01823201198097,7.29866666666667));
#18052=CARTESIAN_POINT('',(9.70384600953714,4.52057446139714,-6.29449946085667));
#18053=CARTESIAN_POINT('',(13.9886997497228,8.80635647337814,-6.29449946085667));
#18054=CARTESIAN_POINT('',(9.70384600953714,8.80557446139715,3.5388338724775));
#18055=CARTESIAN_POINT('',(5.41858277855889,8.80555269276995,-6.29449946085667));
#18056=CARTESIAN_POINT('',(5.41813172382285,4.52057446139714,3.5388338724775));
#18057=CARTESIAN_POINT('',(13.9895602952514,4.52057446139714,3.5388338724775));
#18058=CARTESIAN_POINT('',(6.29616534045032,9.28497823137281,-6.1666666666675));
#18059=CARTESIAN_POINT('',(14.8662823116142,9.285782011981,-6.1666666666675));
#18060=CARTESIAN_POINT('',(6.29571428571428,5.,6.1666666666675));
#18061=CARTESIAN_POINT('',(10.5814285714286,9.285,6.1666666666675));
#18062=CARTESIAN_POINT('',(14.8671428571429,5.,6.1666666666675));
#18063=CARTESIAN_POINT('',(10.5814285714286,5.,-6.1666666666675));
#18064=CARTESIAN_POINT('',(0.,0.,0.));
#18065=CARTESIAN_POINT('',(0.,0.,0.));
#18066=CARTESIAN_POINT('',(0.,0.,0.));
#18067=CARTESIAN_POINT('',(0.,0.,0.));
#18068=CARTESIAN_POINT('',(0.,0.,0.));
#18069=CARTESIAN_POINT('Origin',(0.,0.,0.));
#18070=UNCERTAINTY_MEASURE_WITH_UNIT(LENGTH_MEASURE(0.01),#18096,
'DISTANCE_ACCURACY_VALUE',
'Maximum model space distance between geometric entities at asserted c
onnectivities');
#18071=UNCERTAINTY_MEASURE_WITH_UNIT(LENGTH_MEASURE(0.01),#18096,
'DISTANCE_ACCURACY_VALUE',
'Maximum model space distance between geometric entities at asserted c
onnectivities');
#18072=UNCERTAINTY_MEASURE_WITH_UNIT(LENGTH_MEASURE(0.01),#18096,
'DISTANCE_ACCURACY_VALUE',
'Maximum model space distance between geometric entities at asserted c
onnectivities');
#18073=UNCERTAINTY_MEASURE_WITH_UNIT(LENGTH_MEASURE(0.01),#18096,
'DISTANCE_ACCURACY_VALUE',
'Maximum model space distance between geometric entities at asserted c
onnectivities');
#18074=UNCERTAINTY_MEASURE_WITH_UNIT(LENGTH_MEASURE(0.01),#18096,
'DISTANCE_ACCURACY_VALUE',
'Maximum model space distance between geometric entities at asserted c
onnectivities');
#18075=UNCERTAINTY_MEASURE_WITH_UNIT(LENGTH_MEASURE(0.01),#18096,
'DISTANCE_ACCURACY_VALUE',
'Maximum model space distance between geometric entities at asserted c
onnectivities');
#18076=UNCERTAINTY_MEASURE_WITH_UNIT(LENGTH_MEASURE(0.01),#18096,
'DISTANCE_ACCURACY_VALUE',
'Maximum model space distance between geometric entities at asserted c
onnectivities');
#18077=UNCERTAINTY_MEASURE_WITH_UNIT(LENGTH_MEASURE(0.01),#18096,
'DISTANCE_ACCURACY_VALUE',
'Maximum model space distance between geometric entities at asserted c
onnectivities');
#18078=UNCERTAINTY_MEASURE_WITH_UNIT(LENGTH_MEASURE(0.01),#18096,
'DISTANCE_ACCURACY_VALUE',
'Maximum model space distance between geometric entities at asserted c
onnectivities');
#18079=UNCERTAINTY_MEASURE_WITH_UNIT(LENGTH_MEASURE(0.01),#18096,
'DISTANCE_ACCURACY_VALUE',
'Maximum model space distance between geometric entities at asserted c
onnectivities');
#18080=UNCERTAINTY_MEASURE_WITH_UNIT(LENGTH_MEASURE(0.01),#18096,
'DISTANCE_ACCURACY_VALUE',
'Maximum model space distance between geometric entities at asserted c
onnectivities');
#18081=UNCERTAINTY_MEASURE_WITH_UNIT(LENGTH_MEASURE(0.01),#18096,
'DISTANCE_ACCURACY_VALUE',
'Maximum model space distance between geometric entities at asserted c
onnectivities');
#18082=UNCERTAINTY_MEASURE_WITH_UNIT(LENGTH_MEASURE(0.01),#18096,
'DISTANCE_ACCURACY_VALUE',
'Maximum model space distance between geometric entities at asserted c
onnectivities');
#18083=(
GEOMETRIC_REPRESENTATION_CONTEXT(3)
GLOBAL_UNCERTAINTY_ASSIGNED_CONTEXT((#18070))
GLOBAL_UNIT_ASSIGNED_CONTEXT((#18096,#18098,#18099))
REPRESENTATION_CONTEXT('','3D')
);
#18084=(
GEOMETRIC_REPRESENTATION_CONTEXT(3)
GLOBAL_UNCERTAINTY_ASSIGNED_CONTEXT((#18071))
GLOBAL_UNIT_ASSIGNED_CONTEXT((#18096,#18098,#18099))
REPRESENTATION_CONTEXT('','3D')
);
#18085=(
GEOMETRIC_REPRESENTATION_CONTEXT(3)
GLOBAL_UNCERTAINTY_ASSIGNED_CONTEXT((#18072))
GLOBAL_UNIT_ASSIGNED_CONTEXT((#18096,#18098,#18099))
REPRESENTATION_CONTEXT('','3D')
);
#18086=(
GEOMETRIC_REPRESENTATION_CONTEXT(3)
GLOBAL_UNCERTAINTY_ASSIGNED_CONTEXT((#18073))
GLOBAL_UNIT_ASSIGNED_CONTEXT((#18096,#18098,#18099))
REPRESENTATION_CONTEXT('','3D')
);
#18087=(
GEOMETRIC_REPRESENTATION_CONTEXT(3)
GLOBAL_UNCERTAINTY_ASSIGNED_CONTEXT((#18074))
GLOBAL_UNIT_ASSIGNED_CONTEXT((#18096,#18098,#18099))
REPRESENTATION_CONTEXT('','3D')
);
#18088=(
GEOMETRIC_REPRESENTATION_CONTEXT(3)
GLOBAL_UNCERTAINTY_ASSIGNED_CONTEXT((#18075))
GLOBAL_UNIT_ASSIGNED_CONTEXT((#18096,#18098,#18099))
REPRESENTATION_CONTEXT('','3D')
);
#18089=(
GEOMETRIC_REPRESENTATION_CONTEXT(3)
GLOBAL_UNCERTAINTY_ASSIGNED_CONTEXT((#18076))
GLOBAL_UNIT_ASSIGNED_CONTEXT((#18096,#18098,#18099))
REPRESENTATION_CONTEXT('','3D')
);
#18090=(
GEOMETRIC_REPRESENTATION_CONTEXT(3)
GLOBAL_UNCERTAINTY_ASSIGNED_CONTEXT((#18077))
GLOBAL_UNIT_ASSIGNED_CONTEXT((#18096,#18098,#18099))
REPRESENTATION_CONTEXT('','3D')
);
#18091=(
GEOMETRIC_REPRESENTATION_CONTEXT(3)
GLOBAL_UNCERTAINTY_ASSIGNED_CONTEXT((#18078))
GLOBAL_UNIT_ASSIGNED_CONTEXT((#18096,#18098,#18099))
REPRESENTATION_CONTEXT('','3D')
);
#18092=(
GEOMETRIC_REPRESENTATION_CONTEXT(3)
GLOBAL_UNCERTAINTY_ASSIGNED_CONTEXT((#18079))
GLOBAL_UNIT_ASSIGNED_CONTEXT((#18096,#18098,#18099))
REPRESENTATION_CONTEXT('','3D')
);
#18093=(
GEOMETRIC_REPRESENTATION_CONTEXT(3)
GLOBAL_UNCERTAINTY_ASSIGNED_CONTEXT((#18080))
GLOBAL_UNIT_ASSIGNED_CONTEXT((#18096,#18098,#18099))
REPRESENTATION_CONTEXT('','3D')
);
#18094=(
GEOMETRIC_REPRESENTATION_CONTEXT(3)
GLOBAL_UNCERTAINTY_ASSIGNED_CONTEXT((#18081))
GLOBAL_UNIT_ASSIGNED_CONTEXT((#18096,#18098,#18099))
REPRESENTATION_CONTEXT('','3D')
);
#18095=(
GEOMETRIC_REPRESENTATION_CONTEXT(3)
GLOBAL_UNCERTAINTY_ASSIGNED_CONTEXT((#18082))
GLOBAL_UNIT_ASSIGNED_CONTEXT((#18096,#18098,#18099))
REPRESENTATION_CONTEXT('','3D')
);
#18096=(
LENGTH_UNIT()
NAMED_UNIT(*)
SI_UNIT(.MILLI.,.METRE.)
);
#18097=(
LENGTH_UNIT()
NAMED_UNIT(*)
SI_UNIT($,.METRE.)
);
#18098=(
NAMED_UNIT(*)
PLANE_ANGLE_UNIT()
SI_UNIT($,.RADIAN.)
);
#18099=(
NAMED_UNIT(*)
SI_UNIT($,.STERADIAN.)
SOLID_ANGLE_UNIT()
);
#18100=SHAPE_DEFINITION_REPRESENTATION(#18112,#18145);
#18101=SHAPE_DEFINITION_REPRESENTATION(#18113,#18146);
#18102=SHAPE_DEFINITION_REPRESENTATION(#18114,#18147);
#18103=SHAPE_DEFINITION_REPRESENTATION(#18115,#18148);
#18104=SHAPE_DEFINITION_REPRESENTATION(#18116,#18149);
#18105=SHAPE_DEFINITION_REPRESENTATION(#18117,#18150);
#18106=SHAPE_DEFINITION_REPRESENTATION(#18118,#18151);
#18107=SHAPE_DEFINITION_REPRESENTATION(#18119,#18152);
#18108=SHAPE_DEFINITION_REPRESENTATION(#18120,#18153);
#18109=SHAPE_DEFINITION_REPRESENTATION(#18121,#18154);
#18110=SHAPE_DEFINITION_REPRESENTATION(#18122,#18155);
#18111=SHAPE_DEFINITION_REPRESENTATION(#18124,#18156);
#18112=PRODUCT_DEFINITION_SHAPE('',$,#18158);
#18113=PRODUCT_DEFINITION_SHAPE('',$,#18159);
#18114=PRODUCT_DEFINITION_SHAPE('',$,#18160);
#18115=PRODUCT_DEFINITION_SHAPE('',$,#18161);
#18116=PRODUCT_DEFINITION_SHAPE('',$,#18162);
#18117=PRODUCT_DEFINITION_SHAPE('',$,#18163);
#18118=PRODUCT_DEFINITION_SHAPE('',$,#18164);
#18119=PRODUCT_DEFINITION_SHAPE('',$,#18165);
#18120=PRODUCT_DEFINITION_SHAPE('',$,#18166);
#18121=PRODUCT_DEFINITION_SHAPE('',$,#18167);
#18122=PRODUCT_DEFINITION_SHAPE('',$,#18168);
#18123=PRODUCT_DEFINITION_SHAPE($,$,#93);
#18124=PRODUCT_DEFINITION_SHAPE('',$,#18169);
#18125=PRODUCT_DEFINITION_SHAPE($,$,#94);
#18126=PRODUCT_DEFINITION_SHAPE($,$,#95);
#18127=PRODUCT_DEFINITION_SHAPE($,$,#96);
#18128=PRODUCT_DEFINITION_SHAPE($,$,#97);
#18129=PRODUCT_DEFINITION_SHAPE($,$,#98);
#18130=PRODUCT_DEFINITION_SHAPE($,$,#99);
#18131=PRODUCT_DEFINITION_SHAPE($,$,#100);
#18132=PRODUCT_DEFINITION_SHAPE($,$,#101);
#18133=PRODUCT_DEFINITION_SHAPE($,$,#102);
#18134=PRODUCT_DEFINITION_SHAPE($,$,#103);
#18135=PRODUCT_DEFINITION_SHAPE($,$,#104);
#18136=PRODUCT_DEFINITION_SHAPE($,$,#105);
#18137=PRODUCT_DEFINITION_SHAPE($,$,#106);
#18138=PRODUCT_DEFINITION_SHAPE($,$,#107);
#18139=PRODUCT_DEFINITION_SHAPE($,$,#108);
#18140=PRODUCT_DEFINITION_SHAPE($,$,#109);
#18141=PRODUCT_DEFINITION_SHAPE($,$,#110);
#18142=PRODUCT_DEFINITION_SHAPE($,$,#111);
#18143=PRODUCT_DEFINITION_SHAPE($,$,#112);
#18144=PRODUCT_DEFINITION_SHAPE($,$,#113);
#18145=SHAPE_REPRESENTATION('',(#10511,#11489,#11490,#11491,#11492,#11493,
#11494,#11495,#11496,#11497,#11498,#11499,#11500,#11501,#11502,#11503,#11504,
#11505),#18083);
#18146=SHAPE_REPRESENTATION('',(#10512),#18084);
#18147=SHAPE_REPRESENTATION('',(#10533),#18085);
#18148=SHAPE_REPRESENTATION('',(#10550),#18086);
#18149=SHAPE_REPRESENTATION('',(#10567),#18087);
#18150=SHAPE_REPRESENTATION('',(#10843),#18088);
#18151=SHAPE_REPRESENTATION('',(#11051),#18089);
#18152=SHAPE_REPRESENTATION('',(#11128),#18090);
#18153=SHAPE_REPRESENTATION('',(#11141,#11486,#11487,#11488),#18091);
#18154=SHAPE_REPRESENTATION('',(#11142,#11338),#18092);
#18155=SHAPE_REPRESENTATION('',(#11143),#18093);
#18156=SHAPE_REPRESENTATION('',(#11339),#18094);
#18157=PRODUCT_DEFINITION_CONTEXT('part definition',#18195,'design');
#18158=PRODUCT_DEFINITION('Phalanx - Proximal','Phalanx - Proximal v1',
#18170,#18157);
#18159=PRODUCT_DEFINITION('small bearing (ID is off)',
'small bearing (ID is off) v1',#18171,#18157);
#18160=PRODUCT_DEFINITION('M2_10mm','M2_10mm v2',#18172,#18157);
#18161=PRODUCT_DEFINITION('M2_5mm','M2_5mm v2',#18173,#18157);
#18162=PRODUCT_DEFINITION('middle gear','middle gear',#18174,#18157);
#18163=PRODUCT_DEFINITION('pyramid side cover','pyramid side cover',#18175,
#18157);
#18164=PRODUCT_DEFINITION('v side cover','v side cover',#18176,#18157);
#18165=PRODUCT_DEFINITION('pad','pad',#18177,#18157);
#18166=PRODUCT_DEFINITION('3D FPC PLACEHOLDER NO LINK',
'3D FPC PLACEHOLDER NO LINK v3',#18178,#18157);
#18167=PRODUCT_DEFINITION('SOIC127P600X175-8N','SOIC127P600X175-8N v6',
#18179,#18157);
#18168=PRODUCT_DEFINITION('Model','Model',#18180,#18157);
#18169=PRODUCT_DEFINITION('CAPC1608X85','CAPC1608X85 v1',#18181,#18157);
#18170=PRODUCT_DEFINITION_FORMATION('',$,#18197);
#18171=PRODUCT_DEFINITION_FORMATION('',$,#18198);
#18172=PRODUCT_DEFINITION_FORMATION('',$,#18199);
#18173=PRODUCT_DEFINITION_FORMATION('',$,#18200);
#18174=PRODUCT_DEFINITION_FORMATION('',$,#18201);
#18175=PRODUCT_DEFINITION_FORMATION('',$,#18202);
#18176=PRODUCT_DEFINITION_FORMATION('',$,#18203);
#18177=PRODUCT_DEFINITION_FORMATION('',$,#18204);
#18178=PRODUCT_DEFINITION_FORMATION('',$,#18205);
#18179=PRODUCT_DEFINITION_FORMATION('',$,#18206);
#18180=PRODUCT_DEFINITION_FORMATION('',$,#18207);
#18181=PRODUCT_DEFINITION_FORMATION('',$,#18208);
#18182=PRODUCT_RELATED_PRODUCT_CATEGORY('Phalanx - Proximal v1',
'Phalanx - Proximal v1',(#18197));
#18183=PRODUCT_RELATED_PRODUCT_CATEGORY('small bearing (ID is off) v1',
'small bearing (ID is off) v1',(#18198));
#18184=PRODUCT_RELATED_PRODUCT_CATEGORY('M2_10mm v2','M2_10mm v2',(#18199));
#18185=PRODUCT_RELATED_PRODUCT_CATEGORY('M2_5mm v2','M2_5mm v2',(#18200));
#18186=PRODUCT_RELATED_PRODUCT_CATEGORY('middle gear','middle gear',(#18201));
#18187=PRODUCT_RELATED_PRODUCT_CATEGORY('pyramid side cover',
'pyramid side cover',(#18202));
#18188=PRODUCT_RELATED_PRODUCT_CATEGORY('v side cover','v side cover',(#18203));
#18189=PRODUCT_RELATED_PRODUCT_CATEGORY('pad','pad',(#18204));
#18190=PRODUCT_RELATED_PRODUCT_CATEGORY('3D FPC PLACEHOLDER NO LINK v3',
'3D FPC PLACEHOLDER NO LINK v3',(#18205));
#18191=PRODUCT_RELATED_PRODUCT_CATEGORY('SOIC127P600X175-8N v6',
'SOIC127P600X175-8N v6',(#18206));
#18192=PRODUCT_RELATED_PRODUCT_CATEGORY('Model','Model',(#18207));
#18193=PRODUCT_RELATED_PRODUCT_CATEGORY('CAPC1608X85 v1',
'CAPC1608X85 v1',(#18208));
#18194=APPLICATION_PROTOCOL_DEFINITION('international standard',
'automotive_design',2009,#18195);
#18195=APPLICATION_CONTEXT(
'Core Data for Automotive Mechanical Design Process');
#18196=PRODUCT_CONTEXT('part definition',#18195,'mechanical');
#18197=PRODUCT('Phalanx - Proximal','Phalanx - Proximal v1',$,(#18196));
#18198=PRODUCT('small bearing (ID is off)',
'small bearing (ID is off) v1',$,(#18196));
#18199=PRODUCT('M2_10mm','M2_10mm v2',$,(#18196));
#18200=PRODUCT('M2_5mm','M2_5mm v2',$,(#18196));
#18201=PRODUCT('middle gear','middle gear',$,(#18196));
#18202=PRODUCT('pyramid side cover','pyramid side cover',$,(#18196));
#18203=PRODUCT('v side cover','v side cover',$,(#18196));
#18204=PRODUCT('pad','pad',$,(#18196));
#18205=PRODUCT('3D FPC PLACEHOLDER NO LINK',
'3D FPC PLACEHOLDER NO LINK v3',$,(#18196));
#18206=PRODUCT('SOIC127P600X175-8N','SOIC127P600X175-8N v6',$,(#18196));
#18207=PRODUCT('Model','Model',$,(#18196));
#18208=PRODUCT('CAPC1608X85','CAPC1608X85 v1',$,(#18196));
#18209=PRESENTATION_STYLE_ASSIGNMENT((#18226));
#18210=PRESENTATION_STYLE_ASSIGNMENT((#18227));
#18211=PRESENTATION_STYLE_ASSIGNMENT((#18228));
#18212=PRESENTATION_STYLE_ASSIGNMENT((#18229));
#18213=PRESENTATION_STYLE_ASSIGNMENT((#18230));
#18214=PRESENTATION_STYLE_ASSIGNMENT((#18231));
#18215=PRESENTATION_STYLE_ASSIGNMENT((#18232));
#18216=PRESENTATION_STYLE_ASSIGNMENT((#18233));
#18217=PRESENTATION_STYLE_ASSIGNMENT((#18234));
#18218=PRESENTATION_STYLE_ASSIGNMENT((#18235));
#18219=PRESENTATION_STYLE_ASSIGNMENT((#18236));
#18220=PRESENTATION_STYLE_ASSIGNMENT((#18237));
#18221=PRESENTATION_STYLE_ASSIGNMENT((#18238));
#18222=PRESENTATION_STYLE_ASSIGNMENT((#18239));
#18223=PRESENTATION_STYLE_ASSIGNMENT((#18240));
#18224=PRESENTATION_STYLE_ASSIGNMENT((#18241));
#18225=PRESENTATION_STYLE_ASSIGNMENT((NULL_STYLE(.NULL.)));
#18226=SURFACE_STYLE_USAGE(.BOTH.,#18242);
#18227=SURFACE_STYLE_USAGE(.BOTH.,#18243);
#18228=SURFACE_STYLE_USAGE(.BOTH.,#18244);
#18229=SURFACE_STYLE_USAGE(.BOTH.,#18245);
#18230=SURFACE_STYLE_USAGE(.BOTH.,#18246);
#18231=SURFACE_STYLE_USAGE(.BOTH.,#18247);
#18232=SURFACE_STYLE_USAGE(.BOTH.,#18248);
#18233=SURFACE_STYLE_USAGE(.BOTH.,#18249);
#18234=SURFACE_STYLE_USAGE(.BOTH.,#18250);
#18235=SURFACE_STYLE_USAGE(.BOTH.,#18251);
#18236=SURFACE_STYLE_USAGE(.BOTH.,#18252);
#18237=SURFACE_STYLE_USAGE(.BOTH.,#18253);
#18238=SURFACE_STYLE_USAGE(.BOTH.,#18254);
#18239=SURFACE_STYLE_USAGE(.BOTH.,#18255);
#18240=SURFACE_STYLE_USAGE(.BOTH.,#18256);
#18241=SURFACE_STYLE_USAGE(.BOTH.,#18257);
#18242=SURFACE_SIDE_STYLE('',(#18258));
#18243=SURFACE_SIDE_STYLE('',(#18259));
#18244=SURFACE_SIDE_STYLE('',(#18260));
#18245=SURFACE_SIDE_STYLE('',(#18261));
#18246=SURFACE_SIDE_STYLE('',(#18262));
#18247=SURFACE_SIDE_STYLE('',(#18263));
#18248=SURFACE_SIDE_STYLE('',(#18264));
#18249=SURFACE_SIDE_STYLE('',(#18265));
#18250=SURFACE_SIDE_STYLE('',(#18266));
#18251=SURFACE_SIDE_STYLE('',(#18267));
#18252=SURFACE_SIDE_STYLE('',(#18268));
#18253=SURFACE_SIDE_STYLE('',(#18269));
#18254=SURFACE_SIDE_STYLE('',(#18270));
#18255=SURFACE_SIDE_STYLE('',(#18271));
#18256=SURFACE_SIDE_STYLE('',(#18272));
#18257=SURFACE_SIDE_STYLE('',(#18273));
#18258=SURFACE_STYLE_FILL_AREA(#18274);
#18259=SURFACE_STYLE_FILL_AREA(#18275);
#18260=SURFACE_STYLE_FILL_AREA(#18276);
#18261=SURFACE_STYLE_FILL_AREA(#18277);
#18262=SURFACE_STYLE_FILL_AREA(#18278);
#18263=SURFACE_STYLE_FILL_AREA(#18279);
#18264=SURFACE_STYLE_FILL_AREA(#18280);
#18265=SURFACE_STYLE_FILL_AREA(#18281);
#18266=SURFACE_STYLE_FILL_AREA(#18282);
#18267=SURFACE_STYLE_FILL_AREA(#18283);
#18268=SURFACE_STYLE_FILL_AREA(#18284);
#18269=SURFACE_STYLE_FILL_AREA(#18285);
#18270=SURFACE_STYLE_FILL_AREA(#18286);
#18271=SURFACE_STYLE_FILL_AREA(#18287);
#18272=SURFACE_STYLE_FILL_AREA(#18288);
#18273=SURFACE_STYLE_FILL_AREA(#18289);
#18274=FILL_AREA_STYLE('Opaque(255,191,0)',(#18290));
#18275=FILL_AREA_STYLE('Steel - Satin',(#18291));
#18276=FILL_AREA_STYLE('ABS (White)',(#18292));
#18277=FILL_AREA_STYLE('Opaque(119,109,69)',(#18293));
#18278=FILL_AREA_STYLE('Opaque(215,15,15)',(#18294));
#18279=FILL_AREA_STYLE('Opaque(255,190,0)',(#18295));
#18280=FILL_AREA_STYLE('Transparent(54,155,54)',(#18296));
#18281=FILL_AREA_STYLE('Opaque(210,210,255)',(#18297));
#18282=FILL_AREA_STYLE('Opaque(57,57,57)',(#18298));
#18283=FILL_AREA_STYLE('Rubber - Soft',(#18299));
#18284=FILL_AREA_STYLE('FR4',(#18300));
#18285=FILL_AREA_STYLE('Copper - Raw',(#18301));
#18286=FILL_AREA_STYLE('Plastic - Matte (Black)',(#18302));
#18287=FILL_AREA_STYLE('Nickel - Polished',(#18303));
#18288=FILL_AREA_STYLE('Opaque(191,191,191)',(#18304));
#18289=FILL_AREA_STYLE('Opaque(160,135,130)',(#18305));
#18290=FILL_AREA_STYLE_COLOUR('Opaque(255,191,0)',#18306);
#18291=FILL_AREA_STYLE_COLOUR('Steel - Satin',#18307);
#18292=FILL_AREA_STYLE_COLOUR('ABS (White)',#18308);
#18293=FILL_AREA_STYLE_COLOUR('Opaque(119,109,69)',#18309);
#18294=FILL_AREA_STYLE_COLOUR('Opaque(215,15,15)',#18310);
#18295=FILL_AREA_STYLE_COLOUR('Opaque(255,190,0)',#18311);
#18296=FILL_AREA_STYLE_COLOUR('Transparent(54,155,54)',#18312);
#18297=FILL_AREA_STYLE_COLOUR('Opaque(210,210,255)',#18313);
#18298=FILL_AREA_STYLE_COLOUR('Opaque(57,57,57)',#18314);
#18299=FILL_AREA_STYLE_COLOUR('Rubber - Soft',#18315);
#18300=FILL_AREA_STYLE_COLOUR('FR4',#18316);
#18301=FILL_AREA_STYLE_COLOUR('Copper - Raw',#18317);
#18302=FILL_AREA_STYLE_COLOUR('Plastic - Matte (Black)',#18318);
#18303=FILL_AREA_STYLE_COLOUR('Nickel - Polished',#18319);
#18304=FILL_AREA_STYLE_COLOUR('Opaque(191,191,191)',#18320);
#18305=FILL_AREA_STYLE_COLOUR('Opaque(160,135,130)',#18321);
#18306=COLOUR_RGB('Opaque(255,191,0)',1.,0.749019607843137,0.);
#18307=COLOUR_RGB('Steel - Satin',0.627450980392157,0.627450980392157,0.627450980392157);
#18308=COLOUR_RGB('ABS (White)',0.964705882352941,0.964705882352941,0.952941176470588);
#18309=COLOUR_RGB('Opaque(119,109,69)',0.470588235294118,0.431372549019608,
0.274509803921569);
#18310=COLOUR_RGB('Opaque(215,15,15)',0.843137254901961,0.0588235294117647,
0.0588235294117647);
#18311=COLOUR_RGB('Opaque(255,190,0)',1.,0.749019607843137,0.);
#18312=COLOUR_RGB('Transparent(54,155,54)',0.215686274509804,0.607843137254902,
0.215686274509804);
#18313=COLOUR_RGB('Opaque(210,210,255)',0.823529411764706,0.823529411764706,
1.);
#18314=COLOUR_RGB('Opaque(57,57,57)',0.223529411764706,0.223529411764706,
0.223529411764706);
#18315=COLOUR_RGB('Rubber - Soft',0.152941176470588,0.152941176470588,0.152941176470588);
#18316=COLOUR_RGB('FR4',1.,1.,1.);
#18317=COLOUR_RGB('Copper - Raw',0.,0.,0.);
#18318=COLOUR_RGB('Plastic - Matte (Black)',0.0980392156862745,0.0980392156862745,
0.0980392156862745);
#18319=COLOUR_RGB('Nickel - Polished',0.819607843137255,0.8,0.752941176470588);
#18320=COLOUR_RGB('Opaque(191,191,191)',0.749019607843137,0.749019607843137,
0.749019607843137);
#18321=COLOUR_RGB('Opaque(160,135,130)',0.627450980392157,0.529411764705882,
0.509803921568627);
ENDSEC;
END-ISO-10303-21;
