ISO-10303-21;
HEADER;
/* Generated by software containing ST-Developer
 * from STEP Tools, Inc. (www.steptools.com) 
 */

FILE_DESCRIPTION(
/* description */ (''),
/* implementation_level */ '2;1');

FILE_NAME(
/* name */ 'Visualising Gear Motion.step',
/* time_stamp */ '2026-03-10T17:19:36Z',
/* author */ (''),
/* organization */ (''),
/* preprocessor_version */ 'ST-DEVELOPER v20.1',
/* originating_system */ 'Autodesk Translation Framework v14.21.0.0',
/* authorisation */ '');

FILE_SCHEMA (('AUTOMOTIVE_DESIGN { 1 0 10303 214 3 1 1 }'));
ENDSEC;

DATA;
#10=MECHANICAL_DESIGN_GEOMETRIC_PRESENTATION_REPRESENTATION('',(#35,#36),
#7097);
#11=ITEM_DEFINED_TRANSFORMATION($,$,#3755,#4104);
#12=ITEM_DEFINED_TRANSFORMATION($,$,#3755,#4105);
#13=ITEM_DEFINED_TRANSFORMATION($,$,#3753,#4133);
#14=ITEM_DEFINED_TRANSFORMATION($,$,#3754,#4134);
#15=ITEM_DEFINED_TRANSFORMATION($,$,#4106,#4135);
#16=(
REPRESENTATION_RELATIONSHIP($,$,#7120,#7118)
REPRESENTATION_RELATIONSHIP_WITH_TRANSFORMATION(#11)
SHAPE_REPRESENTATION_RELATIONSHIP()
);
#17=(
REPRESENTATION_RELATIONSHIP($,$,#7120,#7119)
REPRESENTATION_RELATIONSHIP_WITH_TRANSFORMATION(#12)
SHAPE_REPRESENTATION_RELATIONSHIP()
);
#18=(
REPRESENTATION_RELATIONSHIP($,$,#7118,#7117)
REPRESENTATION_RELATIONSHIP_WITH_TRANSFORMATION(#13)
SHAPE_REPRESENTATION_RELATIONSHIP()
);
#19=(
REPRESENTATION_RELATIONSHIP($,$,#7119,#7117)
REPRESENTATION_RELATIONSHIP_WITH_TRANSFORMATION(#14)
SHAPE_REPRESENTATION_RELATIONSHIP()
);
#20=(
REPRESENTATION_RELATIONSHIP($,$,#7121,#7117)
REPRESENTATION_RELATIONSHIP_WITH_TRANSFORMATION(#15)
SHAPE_REPRESENTATION_RELATIONSHIP()
);
#21=CONTEXT_DEPENDENT_SHAPE_REPRESENTATION(#16,#7111);
#22=CONTEXT_DEPENDENT_SHAPE_REPRESENTATION(#17,#7112);
#23=CONTEXT_DEPENDENT_SHAPE_REPRESENTATION(#18,#7114);
#24=CONTEXT_DEPENDENT_SHAPE_REPRESENTATION(#19,#7115);
#25=CONTEXT_DEPENDENT_SHAPE_REPRESENTATION(#20,#7116);
#26=NEXT_ASSEMBLY_USAGE_OCCURRENCE('Middle Gear:1','Middle Gear:1',
'Middle Gear:1',#7124,#7126,'Middle Gear:1');
#27=NEXT_ASSEMBLY_USAGE_OCCURRENCE('Middle Gear:1','Middle Gear:1',
'Middle Gear:1',#7125,#7126,'Middle Gear:1');
#28=NEXT_ASSEMBLY_USAGE_OCCURRENCE('dovetail cover 3 v15:1',
'dovetail cover 3 v15:1','dovetail cover 3 v15:1',#7123,#7124,
'dovetail cover 3 v15:1');
#29=NEXT_ASSEMBLY_USAGE_OCCURRENCE('dovetail cover 3 v15:2',
'dovetail cover 3 v15:2','dovetail cover 3 v15:2',#7123,#7125,
'dovetail cover 3 v15:2');
#30=NEXT_ASSEMBLY_USAGE_OCCURRENCE('phalange connector 11.80 mm v6:1',
'phalange connector 11.80 mm v6:1','phalange connector 11.80 mm v6:1',#7123,
#7127,'phalange connector 11.80 mm v6:1');
#31=SHAPE_REPRESENTATION_RELATIONSHIP('SRR','None',#7120,#33);
#32=SHAPE_REPRESENTATION_RELATIONSHIP('SRR','None',#7121,#34);
#33=ADVANCED_BREP_SHAPE_REPRESENTATION('',(#37),#7095);
#34=ADVANCED_BREP_SHAPE_REPRESENTATION('',(#38),#7096);
#35=STYLED_ITEM('',(#7147),#37);
#36=STYLED_ITEM('',(#7152),#38);
#37=MANIFOLD_SOLID_BREP('Middle Gear',#3727);
#38=MANIFOLD_SOLID_BREP('Body1',#3728);
#39=B_SPLINE_SURFACE_WITH_KNOTS('',3,1,((#6342,#6343),(#6344,#6345),(#6346,
#6347),(#6348,#6349)),.UNSPECIFIED.,.F.,.F.,.F.,(4,4),(2,2),(-0.0550929492115498,
0.),(-0.416666666666667,0.416666666666667),.UNSPECIFIED.);
#40=B_SPLINE_SURFACE_WITH_KNOTS('',3,1,((#6351,#6352),(#6353,#6354),(#6355,
#6356),(#6357,#6358)),.UNSPECIFIED.,.F.,.F.,.F.,(4,4),(2,2),(-0.0550929492115498,
0.),(-0.416666666666667,0.416666666666667),.UNSPECIFIED.);
#41=B_SPLINE_SURFACE_WITH_KNOTS('',3,1,((#6364,#6365),(#6366,#6367),(#6368,
#6369),(#6370,#6371)),.UNSPECIFIED.,.F.,.F.,.F.,(4,4),(2,2),(-0.0550929492222,
-6.90331537077353E-14),(-0.416666666666667,0.416666666666667),
 .UNSPECIFIED.);
#42=B_SPLINE_SURFACE_WITH_KNOTS('',3,1,((#6373,#6374),(#6375,#6376),(#6377,
#6378),(#6379,#6380)),.UNSPECIFIED.,.F.,.F.,.F.,(4,4),(2,2),(-0.0550929492222,
-6.90331537077353E-14),(-0.416666666666667,0.416666666666667),
 .UNSPECIFIED.);
#43=B_SPLINE_SURFACE_WITH_KNOTS('',3,1,((#6390,#6391),(#6392,#6393),(#6394,
#6395),(#6396,#6397)),.UNSPECIFIED.,.F.,.F.,.F.,(4,4),(2,2),(-0.0550929492098461,
0.),(-0.416666666666667,0.416666666666667),.UNSPECIFIED.);
#44=B_SPLINE_SURFACE_WITH_KNOTS('',3,1,((#6399,#6400),(#6401,#6402),(#6403,
#6404),(#6405,#6406)),.UNSPECIFIED.,.F.,.F.,.F.,(4,4),(2,2),(-0.0550929492098461,
0.),(-0.416666666666667,0.416666666666667),.UNSPECIFIED.);
#45=B_SPLINE_SURFACE_WITH_KNOTS('',5,1,((#6412,#6413),(#6414,#6415),(#6416,
#6417),(#6418,#6419),(#6420,#6421),(#6422,#6423)),.UNSPECIFIED.,.F.,.F.,
 .F.,(6,6),(2,2),(-0.0389567232517,0.),(-0.416666666666667,0.416666666666667),
 .UNSPECIFIED.);
#46=B_SPLINE_SURFACE_WITH_KNOTS('',5,1,((#6425,#6426),(#6427,#6428),(#6429,
#6430),(#6431,#6432),(#6433,#6434),(#6435,#6436)),.UNSPECIFIED.,.F.,.F.,
 .F.,(6,6),(2,2),(-0.0389567232517,0.),(-0.416666666666667,0.416666666666667),
 .UNSPECIFIED.);
#47=B_SPLINE_SURFACE_WITH_KNOTS('',3,1,((#6446,#6447),(#6448,#6449),(#6450,
#6451),(#6452,#6453)),.UNSPECIFIED.,.F.,.F.,.F.,(4,4),(2,2),(-0.0550929492131724,
0.),(-0.416666666666667,0.416666666666667),.UNSPECIFIED.);
#48=B_SPLINE_SURFACE_WITH_KNOTS('',3,1,((#6455,#6456),(#6457,#6458),(#6459,
#6460),(#6461,#6462)),.UNSPECIFIED.,.F.,.F.,.F.,(4,4),(2,2),(-0.0550929492131724,
0.),(-0.416666666666667,0.416666666666667),.UNSPECIFIED.);
#49=B_SPLINE_SURFACE_WITH_KNOTS('',3,1,((#6468,#6469),(#6470,#6471),(#6472,
#6473),(#6474,#6475)),.UNSPECIFIED.,.F.,.F.,.F.,(4,4),(2,2),(-0.055092949214,
-6.46837884090573E-13),(-0.416666666666667,0.416666666666667),
 .UNSPECIFIED.);
#50=B_SPLINE_SURFACE_WITH_KNOTS('',3,1,((#6477,#6478),(#6479,#6480),(#6481,
#6482),(#6483,#6484)),.UNSPECIFIED.,.F.,.F.,.F.,(4,4),(2,2),(-0.055092949214,
-6.46837884090573E-13),(-0.416666666666667,0.416666666666667),
 .UNSPECIFIED.);
#51=B_SPLINE_SURFACE_WITH_KNOTS('',5,1,((#6494,#6495),(#6496,#6497),(#6498,
#6499),(#6500,#6501),(#6502,#6503),(#6504,#6505)),.UNSPECIFIED.,.F.,.F.,
 .F.,(6,6),(2,2),(-0.0389567232553,0.),(-0.416666666666667,0.416666666666667),
 .UNSPECIFIED.);
#52=B_SPLINE_SURFACE_WITH_KNOTS('',5,1,((#6507,#6508),(#6509,#6510),(#6511,
#6512),(#6513,#6514),(#6515,#6516),(#6517,#6518)),.UNSPECIFIED.,.F.,.F.,
 .F.,(6,6),(2,2),(-0.0389567232553,0.),(-0.416666666666667,0.416666666666667),
 .UNSPECIFIED.);
#53=B_SPLINE_SURFACE_WITH_KNOTS('',3,1,((#6524,#6525),(#6526,#6527),(#6528,
#6529),(#6530,#6531)),.UNSPECIFIED.,.F.,.F.,.F.,(4,4),(2,2),(-0.0550929492265,
-7.05062279891748E-14),(-0.416666666666667,0.416666666666667),
 .UNSPECIFIED.);
#54=B_SPLINE_SURFACE_WITH_KNOTS('',3,1,((#6533,#6534),(#6535,#6536),(#6537,
#6538),(#6539,#6540)),.UNSPECIFIED.,.F.,.F.,.F.,(4,4),(2,2),(-0.0550929492265,
-7.05062279891748E-14),(-0.416666666666667,0.416666666666667),
 .UNSPECIFIED.);
#55=B_SPLINE_SURFACE_WITH_KNOTS('',5,1,((#6550,#6551),(#6552,#6553),(#6554,
#6555),(#6556,#6557),(#6558,#6559),(#6560,#6561)),.UNSPECIFIED.,.F.,.F.,
 .F.,(6,6),(2,2),(-0.0389567232586,0.),(-0.416666666666667,0.416666666666667),
 .UNSPECIFIED.);
#56=B_SPLINE_SURFACE_WITH_KNOTS('',5,1,((#6563,#6564),(#6565,#6566),(#6567,
#6568),(#6569,#6570),(#6571,#6572),(#6573,#6574)),.UNSPECIFIED.,.F.,.F.,
 .F.,(6,6),(2,2),(-0.0389567232586,0.),(-0.416666666666667,0.416666666666667),
 .UNSPECIFIED.);
#57=B_SPLINE_SURFACE_WITH_KNOTS('',5,1,((#6580,#6581),(#6582,#6583),(#6584,
#6585),(#6586,#6587),(#6588,#6589),(#6590,#6591)),.UNSPECIFIED.,.F.,.F.,
 .F.,(6,6),(2,2),(-0.0389567232523,0.),(-0.416666666666667,0.416666666666667),
 .UNSPECIFIED.);
#58=B_SPLINE_SURFACE_WITH_KNOTS('',5,1,((#6593,#6594),(#6595,#6596),(#6597,
#6598),(#6599,#6600),(#6601,#6602),(#6603,#6604)),.UNSPECIFIED.,.F.,.F.,
 .F.,(6,6),(2,2),(-0.0389567232523,0.),(-0.416666666666667,0.416666666666667),
 .UNSPECIFIED.);
#59=B_SPLINE_SURFACE_WITH_KNOTS('',5,1,((#6614,#6615),(#6616,#6617),(#6618,
#6619),(#6620,#6621),(#6622,#6623),(#6624,#6625)),.UNSPECIFIED.,.F.,.F.,
 .F.,(6,6),(2,2),(0.,0.0389567232585),(-0.416666666666667,0.416666666666667),
 .UNSPECIFIED.);
#60=B_SPLINE_SURFACE_WITH_KNOTS('',5,1,((#6627,#6628),(#6629,#6630),(#6631,
#6632),(#6633,#6634),(#6635,#6636),(#6637,#6638)),.UNSPECIFIED.,.F.,.F.,
 .F.,(6,6),(2,2),(0.,0.0389567232585),(-0.416666666666667,0.416666666666667),
 .UNSPECIFIED.);
#61=B_SPLINE_SURFACE_WITH_KNOTS('',5,1,((#6644,#6645),(#6646,#6647),(#6648,
#6649),(#6650,#6651),(#6652,#6653),(#6654,#6655)),.UNSPECIFIED.,.F.,.F.,
 .F.,(6,6),(2,2),(0.,0.0389567232553),(-0.416666666666667,0.416666666666667),
 .UNSPECIFIED.);
#62=B_SPLINE_SURFACE_WITH_KNOTS('',5,1,((#6657,#6658),(#6659,#6660),(#6661,
#6662),(#6663,#6664),(#6665,#6666),(#6667,#6668)),.UNSPECIFIED.,.F.,.F.,
 .F.,(6,6),(2,2),(0.,0.0389567232553),(-0.416666666666667,0.416666666666667),
 .UNSPECIFIED.);
#63=B_SPLINE_SURFACE_WITH_KNOTS('',5,1,((#6678,#6679),(#6680,#6681),(#6682,
#6683),(#6684,#6685),(#6686,#6687),(#6688,#6689)),.UNSPECIFIED.,.F.,.F.,
 .F.,(6,6),(2,2),(0.,0.0389567232497),(-0.416666666666667,0.416666666666667),
 .UNSPECIFIED.);
#64=B_SPLINE_SURFACE_WITH_KNOTS('',5,1,((#6691,#6692),(#6693,#6694),(#6695,
#6696),(#6697,#6698),(#6699,#6700),(#6701,#6702)),.UNSPECIFIED.,.F.,.F.,
 .F.,(6,6),(2,2),(0.,0.0389567232497),(-0.416666666666667,0.416666666666667),
 .UNSPECIFIED.);
#65=B_SPLINE_SURFACE_WITH_KNOTS('',3,1,((#6708,#6709),(#6710,#6711),(#6712,
#6713),(#6714,#6715)),.UNSPECIFIED.,.F.,.F.,.F.,(4,4),(2,2),(0.,0.0550929492251),
(-0.416666666666667,0.416666666666667),.UNSPECIFIED.);
#66=B_SPLINE_SURFACE_WITH_KNOTS('',3,1,((#6717,#6718),(#6719,#6720),(#6721,
#6722),(#6723,#6724)),.UNSPECIFIED.,.F.,.F.,.F.,(4,4),(2,2),(0.,0.0550929492251),
(-0.416666666666667,0.416666666666667),.UNSPECIFIED.);
#67=B_SPLINE_SURFACE_WITH_KNOTS('',5,1,((#6734,#6735),(#6736,#6737),(#6738,
#6739),(#6740,#6741),(#6742,#6743),(#6744,#6745)),.UNSPECIFIED.,.F.,.F.,
 .F.,(6,6),(2,2),(0.,0.0389567232517),(-0.416666666666667,0.416666666666667),
 .UNSPECIFIED.);
#68=B_SPLINE_SURFACE_WITH_KNOTS('',5,1,((#6747,#6748),(#6749,#6750),(#6751,
#6752),(#6753,#6754),(#6755,#6756),(#6757,#6758)),.UNSPECIFIED.,.F.,.F.,
 .F.,(6,6),(2,2),(0.,0.0389567232517),(-0.416666666666667,0.416666666666667),
 .UNSPECIFIED.);
#69=B_SPLINE_SURFACE_WITH_KNOTS('',3,1,((#6764,#6765),(#6766,#6767),(#6768,
#6769),(#6770,#6771)),.UNSPECIFIED.,.F.,.F.,.F.,(4,4),(2,2),(0.,0.0550929492145612),
(-0.416666666666667,0.416666666666667),.UNSPECIFIED.);
#70=B_SPLINE_SURFACE_WITH_KNOTS('',3,1,((#6773,#6774),(#6775,#6776),(#6777,
#6778),(#6779,#6780)),.UNSPECIFIED.,.F.,.F.,.F.,(4,4),(2,2),(0.,0.0550929492145612),
(-0.416666666666667,0.416666666666667),.UNSPECIFIED.);
#71=B_SPLINE_SURFACE_WITH_KNOTS('',3,1,((#6790,#6791),(#6792,#6793),(#6794,
#6795),(#6796,#6797)),.UNSPECIFIED.,.F.,.F.,.F.,(4,4),(2,2),(6.75397683223831E-14,
0.0550929492222),(-0.416666666666667,0.416666666666667),.UNSPECIFIED.);
#72=B_SPLINE_SURFACE_WITH_KNOTS('',3,1,((#6799,#6800),(#6801,#6802),(#6803,
#6804),(#6805,#6806)),.UNSPECIFIED.,.F.,.F.,.F.,(4,4),(2,2),(6.75397683223831E-14,
0.0550929492222),(-0.416666666666667,0.416666666666667),.UNSPECIFIED.);
#73=B_SPLINE_SURFACE_WITH_KNOTS('',5,1,((#6812,#6813),(#6814,#6815),(#6816,
#6817),(#6818,#6819),(#6820,#6821),(#6822,#6823)),.UNSPECIFIED.,.F.,.F.,
 .F.,(6,6),(2,2),(0.,0.0389567232564),(-0.416666666666667,0.416666666666667),
 .UNSPECIFIED.);
#74=B_SPLINE_SURFACE_WITH_KNOTS('',5,1,((#6825,#6826),(#6827,#6828),(#6829,
#6830),(#6831,#6832),(#6833,#6834),(#6835,#6836)),.UNSPECIFIED.,.F.,.F.,
 .F.,(6,6),(2,2),(0.,0.0389567232564),(-0.416666666666667,0.416666666666667),
 .UNSPECIFIED.);
#75=B_SPLINE_SURFACE_WITH_KNOTS('',3,1,((#6846,#6847),(#6848,#6849),(#6850,
#6851),(#6852,#6853)),.UNSPECIFIED.,.F.,.F.,.F.,(4,4),(2,2),(0.,0.0550929492177),
(-0.416666666666667,0.416666666666667),.UNSPECIFIED.);
#76=B_SPLINE_SURFACE_WITH_KNOTS('',3,1,((#6855,#6856),(#6857,#6858),(#6859,
#6860),(#6861,#6862)),.UNSPECIFIED.,.F.,.F.,.F.,(4,4),(2,2),(0.,0.0550929492177),
(-0.416666666666667,0.416666666666667),.UNSPECIFIED.);
#77=B_SPLINE_SURFACE_WITH_KNOTS('',5,1,((#6873,#6874),(#6875,#6876),(#6877,
#6878),(#6879,#6880),(#6881,#6882),(#6883,#6884)),.UNSPECIFIED.,.F.,.F.,
 .F.,(6,6),(2,2),(0.,0.0389567232564),(-0.416666666666667,0.416666666666667),
 .UNSPECIFIED.);
#78=B_SPLINE_SURFACE_WITH_KNOTS('',5,1,((#6889,#6890),(#6891,#6892),(#6893,
#6894),(#6895,#6896),(#6897,#6898),(#6899,#6900)),.UNSPECIFIED.,.F.,.F.,
 .F.,(6,6),(2,2),(-0.0389567232564,0.),(-0.416666666666667,0.416666666666667),
 .UNSPECIFIED.);
#79=B_SPLINE_SURFACE_WITH_KNOTS('',5,1,((#6913,#6914),(#6915,#6916),(#6917,
#6918),(#6919,#6920),(#6921,#6922),(#6923,#6924)),.UNSPECIFIED.,.F.,.F.,
 .F.,(6,6),(2,2),(-1.66760569084,0.),(-0.416666666666667,0.416666666666667),
 .UNSPECIFIED.);
#80=B_SPLINE_SURFACE_WITH_KNOTS('',5,1,((#6943,#6944),(#6945,#6946),(#6947,
#6948),(#6949,#6950),(#6951,#6952),(#6953,#6954)),.UNSPECIFIED.,.F.,.F.,
 .F.,(6,6),(2,2),(0.,0.0389567232553),(-0.416666666666667,0.416666666666667),
 .UNSPECIFIED.);
#81=B_SPLINE_SURFACE_WITH_KNOTS('',5,1,((#6958,#6959),(#6960,#6961),(#6962,
#6963),(#6964,#6965),(#6966,#6967),(#6968,#6969)),.UNSPECIFIED.,.F.,.F.,
 .F.,(6,6),(2,2),(0.,0.0389567232585),(-0.416666666666667,0.416666666666667),
 .UNSPECIFIED.);
#82=B_SPLINE_SURFACE_WITH_KNOTS('',5,1,((#6975,#6976),(#6977,#6978),(#6979,
#6980),(#6981,#6982),(#6983,#6984),(#6985,#6986)),.UNSPECIFIED.,.F.,.F.,
 .F.,(6,6),(2,2),(0.,0.0389567232586),(-0.416666666666667,0.416666666666667),
 .UNSPECIFIED.);
#83=B_SPLINE_SURFACE_WITH_KNOTS('',5,1,((#6991,#6992),(#6993,#6994),(#6995,
#6996),(#6997,#6998),(#6999,#7000),(#7001,#7002)),.UNSPECIFIED.,.F.,.F.,
 .F.,(6,6),(2,2),(0.,0.0389567232586),(-0.416666666666667,0.416666666666667),
 .UNSPECIFIED.);
#84=B_SPLINE_SURFACE_WITH_KNOTS('',5,1,((#7006,#7007),(#7008,#7009),(#7010,
#7011),(#7012,#7013),(#7014,#7015),(#7016,#7017)),.UNSPECIFIED.,.F.,.F.,
 .F.,(6,6),(2,2),(0.,0.0389567232523),(-0.416666666666667,0.416666666666667),
 .UNSPECIFIED.);
#85=CONICAL_SURFACE('',#3924,2.,1.19028994968253);
#86=CONICAL_SURFACE('',#3928,2.,1.19028994968253);
#87=CONICAL_SURFACE('',#3932,1.99999993983255,1.19028987447325);
#88=CONICAL_SURFACE('',#3936,2.,1.19028994968253);
#89=CONICAL_SURFACE('',#3940,2.,1.19028994968253);
#90=CONICAL_SURFACE('',#3944,2.,1.19028994968253);
#91=FACE_BOUND('',#749,.T.);
#92=FACE_BOUND('',#750,.T.);
#93=FACE_BOUND('',#751,.T.);
#94=FACE_BOUND('',#752,.T.);
#95=FACE_BOUND('',#753,.T.);
#96=FACE_BOUND('',#754,.T.);
#97=FACE_BOUND('',#760,.T.);
#98=FACE_BOUND('',#761,.T.);
#99=FACE_BOUND('',#762,.T.);
#100=FACE_BOUND('',#763,.T.);
#101=FACE_BOUND('',#764,.T.);
#102=FACE_BOUND('',#765,.T.);
#103=FACE_BOUND('',#768,.T.);
#104=FACE_BOUND('',#778,.T.);
#105=FACE_BOUND('',#781,.T.);
#106=FACE_BOUND('',#784,.T.);
#107=FACE_BOUND('',#787,.T.);
#108=FACE_BOUND('',#790,.T.);
#109=FACE_BOUND('',#793,.T.);
#110=FACE_BOUND('',#797,.T.);
#111=FACE_BOUND('',#800,.T.);
#112=FACE_BOUND('',#803,.T.);
#113=FACE_BOUND('',#806,.T.);
#114=FACE_BOUND('',#809,.T.);
#115=FACE_BOUND('',#812,.T.);
#116=FACE_BOUND('',#814,.T.);
#117=FACE_BOUND('',#817,.T.);
#118=FACE_BOUND('',#822,.T.);
#119=FACE_BOUND('',#959,.T.);
#120=FACE_BOUND('',#961,.T.);
#121=FACE_BOUND('',#967,.T.);
#122=FACE_BOUND('',#968,.T.);
#123=B_SPLINE_CURVE_WITH_KNOTS('',5,(#5254,#5255,#5256,#5257,#5258,#5259),
 .UNSPECIFIED.,.F.,.F.,(6,6),(-0.0389567232553,0.),.UNSPECIFIED.);
#124=B_SPLINE_CURVE_WITH_KNOTS('',5,(#5263,#5264,#5265,#5266,#5267,#5268),
 .UNSPECIFIED.,.F.,.F.,(6,6),(-0.0389567232585,0.),.UNSPECIFIED.);
#125=B_SPLINE_CURVE_WITH_KNOTS('',5,(#5274,#5275,#5276,#5277,#5278,#5279),
 .UNSPECIFIED.,.F.,.F.,(6,6),(-0.0389567232586,0.),.UNSPECIFIED.);
#126=B_SPLINE_CURVE_WITH_KNOTS('',3,(#5285,#5286,#5287,#5288),
 .UNSPECIFIED.,.F.,.F.,(4,4),(-0.0550929492177,0.),.UNSPECIFIED.);
#127=B_SPLINE_CURVE_WITH_KNOTS('',5,(#5294,#5295,#5296,#5297,#5298,#5299),
 .UNSPECIFIED.,.F.,.F.,(6,6),(-0.0389567232564,0.),.UNSPECIFIED.);
#128=B_SPLINE_CURVE_WITH_KNOTS('',3,(#5303,#5304,#5305,#5306),
 .UNSPECIFIED.,.F.,.F.,(4,4),(-0.0550929492222,-6.75397683223831E-14),
 .UNSPECIFIED.);
#129=B_SPLINE_CURVE_WITH_KNOTS('',3,(#5312,#5313,#5314,#5315),
 .UNSPECIFIED.,.F.,.F.,(4,4),(-0.0550929492145612,0.),.UNSPECIFIED.);
#130=B_SPLINE_CURVE_WITH_KNOTS('',5,(#5319,#5320,#5321,#5322,#5323,#5324),
 .UNSPECIFIED.,.F.,.F.,(6,6),(-0.0389567232517,0.),.UNSPECIFIED.);
#131=B_SPLINE_CURVE_WITH_KNOTS('',3,(#5330,#5331,#5332,#5333),
 .UNSPECIFIED.,.F.,.F.,(4,4),(-0.0550929492251,0.),.UNSPECIFIED.);
#132=B_SPLINE_CURVE_WITH_KNOTS('',5,(#5337,#5338,#5339,#5340,#5341,#5342),
 .UNSPECIFIED.,.F.,.F.,(6,6),(-0.0389567232497,0.),.UNSPECIFIED.);
#133=B_SPLINE_CURVE_WITH_KNOTS('',5,(#5348,#5349,#5350,#5351,#5352,#5353),
 .UNSPECIFIED.,.F.,.F.,(6,6),(-0.0389567232553,0.),.UNSPECIFIED.);
#134=B_SPLINE_CURVE_WITH_KNOTS('',5,(#5357,#5358,#5359,#5360,#5361,#5362),
 .UNSPECIFIED.,.F.,.F.,(6,6),(-0.0389567232585,0.),.UNSPECIFIED.);
#135=B_SPLINE_CURVE_WITH_KNOTS('',5,(#5368,#5369,#5370,#5371,#5372,#5373),
 .UNSPECIFIED.,.F.,.F.,(6,6),(-0.0389567232586,0.),.UNSPECIFIED.);
#136=B_SPLINE_CURVE_WITH_KNOTS('',5,(#5377,#5378,#5379,#5380,#5381,#5382),
 .UNSPECIFIED.,.F.,.F.,(6,6),(-0.0389567232523,0.),.UNSPECIFIED.);
#137=B_SPLINE_CURVE_WITH_KNOTS('',5,(#5388,#5389,#5390,#5391,#5392,#5393),
 .UNSPECIFIED.,.F.,.F.,(6,6),(-0.0389567232564,0.),.UNSPECIFIED.);
#138=B_SPLINE_CURVE_WITH_KNOTS('',5,(#5407,#5408,#5409,#5410,#5411,#5412),
 .UNSPECIFIED.,.F.,.F.,(6,6),(0.,0.0389567232564),.UNSPECIFIED.);
#139=B_SPLINE_CURVE_WITH_KNOTS('',5,(#5418,#5419,#5420,#5421,#5422,#5423),
 .UNSPECIFIED.,.F.,.F.,(6,6),(0.,0.0389567232523),.UNSPECIFIED.);
#140=B_SPLINE_CURVE_WITH_KNOTS('',5,(#5427,#5428,#5429,#5430,#5431,#5432),
 .UNSPECIFIED.,.F.,.F.,(6,6),(0.,0.0389567232586),.UNSPECIFIED.);
#141=B_SPLINE_CURVE_WITH_KNOTS('',3,(#5438,#5439,#5440,#5441),
 .UNSPECIFIED.,.F.,.F.,(4,4),(7.05062279891748E-14,0.0550929492265),
 .UNSPECIFIED.);
#142=B_SPLINE_CURVE_WITH_KNOTS('',5,(#5445,#5446,#5447,#5448,#5449,#5450),
 .UNSPECIFIED.,.F.,.F.,(6,6),(0.,0.0389567232553),.UNSPECIFIED.);
#143=B_SPLINE_CURVE_WITH_KNOTS('',3,(#5456,#5457,#5458,#5459),
 .UNSPECIFIED.,.F.,.F.,(4,4),(6.46837884090573E-13,0.055092949214),
 .UNSPECIFIED.);
#144=B_SPLINE_CURVE_WITH_KNOTS('',3,(#5463,#5464,#5465,#5466),
 .UNSPECIFIED.,.F.,.F.,(4,4),(0.,0.0550929492131724),.UNSPECIFIED.);
#145=B_SPLINE_CURVE_WITH_KNOTS('',5,(#5472,#5473,#5474,#5475,#5476,#5477),
 .UNSPECIFIED.,.F.,.F.,(6,6),(0.,0.0389567232517),.UNSPECIFIED.);
#146=B_SPLINE_CURVE_WITH_KNOTS('',3,(#5481,#5482,#5483,#5484),
 .UNSPECIFIED.,.F.,.F.,(4,4),(0.,0.0550929492098461),.UNSPECIFIED.);
#147=B_SPLINE_CURVE_WITH_KNOTS('',3,(#5490,#5491,#5492,#5493),
 .UNSPECIFIED.,.F.,.F.,(4,4),(6.90331537077353E-14,0.0550929492222),
 .UNSPECIFIED.);
#148=B_SPLINE_CURVE_WITH_KNOTS('',3,(#5497,#5498,#5499,#5500),
 .UNSPECIFIED.,.F.,.F.,(4,4),(0.,0.0550929492115498),.UNSPECIFIED.);
#149=B_SPLINE_CURVE_WITH_KNOTS('',5,(#5516,#5517,#5518,#5519,#5520,#5521),
 .UNSPECIFIED.,.F.,.F.,(6,6),(0.,1.66760569084),.UNSPECIFIED.);
#150=B_SPLINE_CURVE_WITH_KNOTS('',5,(#5561,#5562,#5563,#5564,#5565,#5566),
 .UNSPECIFIED.,.F.,.F.,(6,6),(-1.66760569084,0.),.UNSPECIFIED.);
#151=B_SPLINE_CURVE_WITH_KNOTS('',3,(#5582,#5583,#5584,#5585),
 .UNSPECIFIED.,.F.,.F.,(4,4),(-0.0550929492115498,0.),.UNSPECIFIED.);
#152=B_SPLINE_CURVE_WITH_KNOTS('',3,(#5589,#5590,#5591,#5592),
 .UNSPECIFIED.,.F.,.F.,(4,4),(-0.0550929492222,-6.90331537077353E-14),
 .UNSPECIFIED.);
#153=B_SPLINE_CURVE_WITH_KNOTS('',3,(#5598,#5599,#5600,#5601),
 .UNSPECIFIED.,.F.,.F.,(4,4),(-0.0550929492098461,0.),.UNSPECIFIED.);
#154=B_SPLINE_CURVE_WITH_KNOTS('',5,(#5605,#5606,#5607,#5608,#5609,#5610),
 .UNSPECIFIED.,.F.,.F.,(6,6),(-0.0389567232517,0.),.UNSPECIFIED.);
#155=B_SPLINE_CURVE_WITH_KNOTS('',3,(#5616,#5617,#5618,#5619),
 .UNSPECIFIED.,.F.,.F.,(4,4),(-0.0550929492131724,0.),.UNSPECIFIED.);
#156=B_SPLINE_CURVE_WITH_KNOTS('',3,(#5623,#5624,#5625,#5626),
 .UNSPECIFIED.,.F.,.F.,(4,4),(-0.055092949214,-6.46837884090573E-13),
 .UNSPECIFIED.);
#157=B_SPLINE_CURVE_WITH_KNOTS('',5,(#5632,#5633,#5634,#5635,#5636,#5637),
 .UNSPECIFIED.,.F.,.F.,(6,6),(-0.0389567232553,0.),.UNSPECIFIED.);
#158=B_SPLINE_CURVE_WITH_KNOTS('',3,(#5641,#5642,#5643,#5644),
 .UNSPECIFIED.,.F.,.F.,(4,4),(-0.0550929492265,-7.05062279891748E-14),
 .UNSPECIFIED.);
#159=B_SPLINE_CURVE_WITH_KNOTS('',5,(#5650,#5651,#5652,#5653,#5654,#5655),
 .UNSPECIFIED.,.F.,.F.,(6,6),(-0.0389567232586,0.),.UNSPECIFIED.);
#160=B_SPLINE_CURVE_WITH_KNOTS('',5,(#5659,#5660,#5661,#5662,#5663,#5664),
 .UNSPECIFIED.,.F.,.F.,(6,6),(-0.0389567232523,0.),.UNSPECIFIED.);
#161=B_SPLINE_CURVE_WITH_KNOTS('',5,(#5670,#5671,#5672,#5673,#5674,#5675),
 .UNSPECIFIED.,.F.,.F.,(6,6),(-0.0389567232564,0.),.UNSPECIFIED.);
#162=B_SPLINE_CURVE_WITH_KNOTS('',5,(#5680,#5681,#5682,#5683,#5684,#5685),
 .UNSPECIFIED.,.F.,.F.,(6,6),(0.,0.0389567232564),.UNSPECIFIED.);
#163=B_SPLINE_CURVE_WITH_KNOTS('',5,(#5691,#5692,#5693,#5694,#5695,#5696),
 .UNSPECIFIED.,.F.,.F.,(6,6),(0.,0.0389567232523),.UNSPECIFIED.);
#164=B_SPLINE_CURVE_WITH_KNOTS('',5,(#5700,#5701,#5702,#5703,#5704,#5705),
 .UNSPECIFIED.,.F.,.F.,(6,6),(0.,0.0389567232586),.UNSPECIFIED.);
#165=B_SPLINE_CURVE_WITH_KNOTS('',5,(#5711,#5712,#5713,#5714,#5715,#5716),
 .UNSPECIFIED.,.F.,.F.,(6,6),(0.,0.0389567232585),.UNSPECIFIED.);
#166=B_SPLINE_CURVE_WITH_KNOTS('',5,(#5720,#5721,#5722,#5723,#5724,#5725),
 .UNSPECIFIED.,.F.,.F.,(6,6),(0.,0.0389567232553),.UNSPECIFIED.);
#167=B_SPLINE_CURVE_WITH_KNOTS('',5,(#5731,#5732,#5733,#5734,#5735,#5736),
 .UNSPECIFIED.,.F.,.F.,(6,6),(0.,0.0389567232497),.UNSPECIFIED.);
#168=B_SPLINE_CURVE_WITH_KNOTS('',3,(#5740,#5741,#5742,#5743),
 .UNSPECIFIED.,.F.,.F.,(4,4),(0.,0.0550929492251),.UNSPECIFIED.);
#169=B_SPLINE_CURVE_WITH_KNOTS('',5,(#5749,#5750,#5751,#5752,#5753,#5754),
 .UNSPECIFIED.,.F.,.F.,(6,6),(0.,0.0389567232517),.UNSPECIFIED.);
#170=B_SPLINE_CURVE_WITH_KNOTS('',3,(#5758,#5759,#5760,#5761),
 .UNSPECIFIED.,.F.,.F.,(4,4),(0.,0.0550929492145612),.UNSPECIFIED.);
#171=B_SPLINE_CURVE_WITH_KNOTS('',3,(#5767,#5768,#5769,#5770),
 .UNSPECIFIED.,.F.,.F.,(4,4),(6.75397683223831E-14,0.0550929492222),
 .UNSPECIFIED.);
#172=B_SPLINE_CURVE_WITH_KNOTS('',5,(#5774,#5775,#5776,#5777,#5778,#5779),
 .UNSPECIFIED.,.F.,.F.,(6,6),(0.,0.0389567232564),.UNSPECIFIED.);
#173=B_SPLINE_CURVE_WITH_KNOTS('',3,(#5785,#5786,#5787,#5788),
 .UNSPECIFIED.,.F.,.F.,(4,4),(0.,0.0550929492177),.UNSPECIFIED.);
#174=B_SPLINE_CURVE_WITH_KNOTS('',5,(#5794,#5795,#5796,#5797,#5798,#5799),
 .UNSPECIFIED.,.F.,.F.,(6,6),(0.,0.0389567232586),.UNSPECIFIED.);
#175=B_SPLINE_CURVE_WITH_KNOTS('',5,(#5805,#5806,#5807,#5808,#5809,#5810),
 .UNSPECIFIED.,.F.,.F.,(6,6),(0.,0.0389567232585),.UNSPECIFIED.);
#176=B_SPLINE_CURVE_WITH_KNOTS('',5,(#5814,#5815,#5816,#5817,#5818,#5819),
 .UNSPECIFIED.,.F.,.F.,(6,6),(0.,0.0389567232553),.UNSPECIFIED.);
#177=B_SPLINE_CURVE_WITH_KNOTS('',3,(#5851,#5852,#5853,#5854),
 .UNSPECIFIED.,.F.,.F.,(4,4),(-0.00278247924175536,0.),.UNSPECIFIED.);
#178=B_SPLINE_CURVE_WITH_KNOTS('',3,(#5858,#5859,#5860,#5861),
 .UNSPECIFIED.,.F.,.F.,(4,4),(-0.00278282131847756,0.),.UNSPECIFIED.);
#179=B_SPLINE_CURVE_WITH_KNOTS('',3,(#5867,#5868,#5869,#5870,#5871,#5872),
 .UNSPECIFIED.,.F.,.F.,(4,2,4),(-0.00278261709065543,-0.0013913085455363,
0.),.UNSPECIFIED.);
#180=B_SPLINE_CURVE_WITH_KNOTS('',3,(#5876,#5877,#5878,#5879),
 .UNSPECIFIED.,.F.,.F.,(4,4),(-0.00278282249140792,0.),.UNSPECIFIED.);
#181=B_SPLINE_CURVE_WITH_KNOTS('',3,(#5885,#5886,#5887,#5888,#5889,#5890),
 .UNSPECIFIED.,.F.,.F.,(4,2,4),(-0.00278261708442765,-0.00139130854180935,
0.),.UNSPECIFIED.);
#182=B_SPLINE_CURVE_WITH_KNOTS('',3,(#5894,#5895,#5896,#5897,#5898,#5899),
 .UNSPECIFIED.,.F.,.F.,(4,2,4),(-0.00278261716165916,-0.00139130858061902,
0.),.UNSPECIFIED.);
#183=B_SPLINE_CURVE_WITH_KNOTS('',3,(#5905,#5906,#5907,#5908),
 .UNSPECIFIED.,.F.,.F.,(4,4),(-0.00278247877234911,0.),.UNSPECIFIED.);
#184=B_SPLINE_CURVE_WITH_KNOTS('',3,(#5912,#5913,#5914,#5915,#5916,#5917),
 .UNSPECIFIED.,.F.,.F.,(4,2,4),(-0.00278261716107578,-0.00139130858067731,
0.),.UNSPECIFIED.);
#185=B_SPLINE_CURVE_WITH_KNOTS('',3,(#5923,#5924,#5925,#5926,#5927,#5928),
 .UNSPECIFIED.,.F.,.F.,(4,2,4),(-0.00278261708617515,-0.00139130854315302,
0.),.UNSPECIFIED.);
#186=B_SPLINE_CURVE_WITH_KNOTS('',3,(#5932,#5933,#5934,#5935,#5936,#5937),
 .UNSPECIFIED.,.F.,.F.,(4,2,4),(-0.00278261715829548,-0.00139130857909013,
0.),.UNSPECIFIED.);
#187=B_SPLINE_CURVE_WITH_KNOTS('',3,(#6055,#6056,#6057,#6058,#6059,#6060),
 .UNSPECIFIED.,.F.,.F.,(4,2,4),(-0.00278261715738556,-0.00139130857889115,
0.),.UNSPECIFIED.);
#188=B_SPLINE_CURVE_WITH_KNOTS('',3,(#6064,#6065,#6066,#6067,#6068,#6069),
 .UNSPECIFIED.,.F.,.F.,(4,2,4),(-0.00278261708703366,-0.00139130854332246,
0.),.UNSPECIFIED.);
#189=B_SPLINE_CURVE_WITH_KNOTS('',3,(#6075,#6076,#6077,#6078,#6079,#6080),
 .UNSPECIFIED.,.F.,.F.,(4,2,4),(-0.00278261716193268,-0.00139130858082695,
0.),.UNSPECIFIED.);
#190=B_SPLINE_CURVE_WITH_KNOTS('',3,(#6084,#6085,#6086,#6087),
 .UNSPECIFIED.,.F.,.F.,(4,4),(-0.0027828229872672,0.),.UNSPECIFIED.);
#191=B_SPLINE_CURVE_WITH_KNOTS('',3,(#6093,#6094,#6095,#6096,#6097,#6098),
 .UNSPECIFIED.,.F.,.F.,(4,2,4),(-0.00278261716049282,-0.00139130858045697,
0.),.UNSPECIFIED.);
#192=B_SPLINE_CURVE_WITH_KNOTS('',3,(#6102,#6103,#6104,#6105,#6106,#6107),
 .UNSPECIFIED.,.F.,.F.,(4,2,4),(-0.00278261708327658,-0.00139130854161845,
0.),.UNSPECIFIED.);
#193=B_SPLINE_CURVE_WITH_KNOTS('',3,(#6113,#6114,#6115,#6116),
 .UNSPECIFIED.,.F.,.F.,(4,4),(-0.00278247885959274,4.33680868994202E-19),
 .UNSPECIFIED.);
#194=B_SPLINE_CURVE_WITH_KNOTS('',3,(#6120,#6121,#6122,#6123,#6124,#6125),
 .UNSPECIFIED.,.F.,.F.,(4,2,4),(-0.00278261709181069,-0.00139130854569676,
0.),.UNSPECIFIED.);
#195=B_SPLINE_CURVE_WITH_KNOTS('',3,(#6131,#6132,#6133,#6134),
 .UNSPECIFIED.,.F.,.F.,(4,4),(-0.00278247938940827,0.),.UNSPECIFIED.);
#196=B_SPLINE_CURVE_WITH_KNOTS('',3,(#6138,#6139,#6140,#6141),
 .UNSPECIFIED.,.F.,.F.,(4,4),(-0.00278282326929806,0.),.UNSPECIFIED.);
#197=B_SPLINE_CURVE_WITH_KNOTS('',3,(#6148,#6149,#6150,#6151,#6152,#6153),
 .UNSPECIFIED.,.F.,.F.,(4,2,4),(-0.00278261708864495,-0.00139130854430223,
0.),.UNSPECIFIED.);
#198=B_SPLINE_CURVE_WITH_KNOTS('',3,(#6167,#6168,#6169,#6170),
 .UNSPECIFIED.,.F.,.F.,(4,4),(-0.00278247893206672,0.),.UNSPECIFIED.);
#199=B_SPLINE_CURVE_WITH_KNOTS('',3,(#6174,#6175,#6176,#6177),
 .UNSPECIFIED.,.F.,.F.,(4,4),(-0.00278282280345843,0.),.UNSPECIFIED.);
#200=B_SPLINE_CURVE_WITH_KNOTS('',3,(#6183,#6184,#6185,#6186),
 .UNSPECIFIED.,.F.,.F.,(4,4),(-0.00278247883166239,0.),.UNSPECIFIED.);
#201=B_SPLINE_CURVE_WITH_KNOTS('',3,(#6190,#6191,#6192,#6193,#6194,#6195),
 .UNSPECIFIED.,.F.,.F.,(4,2,4),(-0.00278261715844971,-0.00139130857933951,
0.),.UNSPECIFIED.);
#202=B_SPLINE_CURVE_WITH_KNOTS('',3,(#6201,#6202,#6203,#6204),
 .UNSPECIFIED.,.F.,.F.,(4,4),(-0.00278247885882979,0.),.UNSPECIFIED.);
#203=B_SPLINE_CURVE_WITH_KNOTS('',3,(#6208,#6209,#6210,#6211,#6212,#6213),
 .UNSPECIFIED.,.F.,.F.,(4,2,4),(-0.002782617158805,-0.00139130857922618,
0.),.UNSPECIFIED.);
#204=B_SPLINE_CURVE_WITH_KNOTS('',3,(#6219,#6220,#6221,#6222,#6223,#6224),
 .UNSPECIFIED.,.F.,.F.,(4,2,4),(-0.00278261708796296,-0.00139130854429329,
0.),.UNSPECIFIED.);
#205=B_SPLINE_CURVE_WITH_KNOTS('',3,(#6228,#6229,#6230,#6231),
 .UNSPECIFIED.,.F.,.F.,(4,4),(-0.00278282272992994,0.),.UNSPECIFIED.);
#206=B_SPLINE_CURVE_WITH_KNOTS('',3,(#6252,#6253,#6254,#6255,#6256,#6257),
 .UNSPECIFIED.,.F.,.F.,(4,2,4),(-0.00278261708853255,-0.00139130854428652,
0.),.UNSPECIFIED.);
#207=B_SPLINE_CURVE_WITH_KNOTS('',3,(#6263,#6264,#6265,#6266),
 .UNSPECIFIED.,.F.,.F.,(4,4),(-0.00278247897734002,0.),.UNSPECIFIED.);
#208=B_SPLINE_CURVE_WITH_KNOTS('',3,(#6270,#6271,#6272,#6273,#6274,#6275),
 .UNSPECIFIED.,.F.,.F.,(4,2,4),(-0.0027826170891953,-0.0013913085444256,
0.),.UNSPECIFIED.);
#209=B_SPLINE_CURVE_WITH_KNOTS('',3,(#6281,#6282,#6283,#6284,#6285,#6286),
 .UNSPECIFIED.,.F.,.F.,(4,2,4),(-0.00278261715743897,-0.00139130857889661,
0.),.UNSPECIFIED.);
#210=B_SPLINE_CURVE_WITH_KNOTS('',3,(#6290,#6291,#6292,#6293),
 .UNSPECIFIED.,.F.,.F.,(4,4),(-0.00278282302412541,0.),.UNSPECIFIED.);
#211=B_SPLINE_CURVE_WITH_KNOTS('',3,(#6299,#6300,#6301,#6302,#6303,#6304),
 .UNSPECIFIED.,.F.,.F.,(4,2,4),(-0.00278261715908556,-0.00139130857942802,
0.),.UNSPECIFIED.);
#212=B_SPLINE_CURVE_WITH_KNOTS('',3,(#6308,#6309,#6310,#6311),
 .UNSPECIFIED.,.F.,.F.,(4,4),(-0.00278282285980624,0.),.UNSPECIFIED.);
#213=B_SPLINE_CURVE_WITH_KNOTS('',3,(#6317,#6318,#6319,#6320),
 .UNSPECIFIED.,.F.,.F.,(4,4),(-0.00278247891840297,0.),.UNSPECIFIED.);
#214=B_SPLINE_CURVE_WITH_KNOTS('',3,(#6324,#6325,#6326,#6327),
 .UNSPECIFIED.,.F.,.F.,(4,4),(-0.00278282286884683,0.),.UNSPECIFIED.);
#215=CIRCLE('',#3760,3.1);
#216=CIRCLE('',#3761,3.1);
#217=CIRCLE('',#3772,1.42857142857143);
#218=CIRCLE('',#3773,0.892857142857143);
#219=CIRCLE('',#3774,1.42857142857143);
#220=CIRCLE('',#3775,3.57143730344064);
#221=CIRCLE('',#3776,6.28657707681994);
#222=CIRCLE('',#3777,3.57142932036846);
#223=CIRCLE('',#3778,3.57142927595796);
#224=CIRCLE('',#3779,6.28657707392264);
#225=CIRCLE('',#3780,6.2859638872463);
#226=CIRCLE('',#3781,3.57142932058759);
#227=CIRCLE('',#3782,3.57142927569672);
#228=CIRCLE('',#3783,6.28657692995538);
#229=CIRCLE('',#3784,3.57142932016238);
#230=CIRCLE('',#3785,3.57142927571785);
#231=CIRCLE('',#3786,6.28657707625546);
#232=CIRCLE('',#3787,3.57142932022997);
#233=CIRCLE('',#3788,3.57142927572647);
#234=CIRCLE('',#3789,6.28657707220982);
#235=CIRCLE('',#3790,3.57142932047053);
#236=CIRCLE('',#3791,3.57142927588522);
#237=CIRCLE('',#3792,6.28657707681994);
#238=CIRCLE('',#3793,3.57142932036846);
#239=CIRCLE('',#3794,3.57142927584528);
#240=CIRCLE('',#3795,6.28657707392264);
#241=CIRCLE('',#3796,3.57142932058759);
#242=CIRCLE('',#3797,3.57142927562606);
#243=CIRCLE('',#3798,6.28657707423281);
#244=CIRCLE('',#3799,3.57142927765373);
#245=CIRCLE('',#3800,3.57142932084247);
#246=CIRCLE('',#3801,6.28657706612527);
#247=CIRCLE('',#3802,3.57142607394881);
#248=CIRCLE('',#3803,3.57142932023274);
#249=CIRCLE('',#3804,6.28657708703644);
#250=CIRCLE('',#3805,3.57142927578658);
#251=CIRCLE('',#3806,3.57142932084407);
#252=CIRCLE('',#3807,6.28657702171792);
#253=CIRCLE('',#3808,3.57142927701031);
#254=CIRCLE('',#3809,3.57142932042618);
#255=CIRCLE('',#3810,6.28657700906105);
#256=CIRCLE('',#3811,3.57142927573746);
#257=CIRCLE('',#3812,3.57142931938633);
#258=CIRCLE('',#3813,6.28657701837621);
#259=CIRCLE('',#3814,3.57142927621382);
#260=CIRCLE('',#3815,3.57142321054486);
#261=CIRCLE('',#3816,3.5714286705484);
#262=CIRCLE('',#3817,1.42857142857143);
#263=CIRCLE('',#3818,0.714285714285713);
#264=CIRCLE('',#3819,0.857142857142855);
#265=CIRCLE('',#3820,0.9);
#266=CIRCLE('',#3821,0.9);
#267=CIRCLE('',#3822,0.9);
#268=CIRCLE('',#3823,2.75);
#269=CIRCLE('',#3824,2.75);
#270=CIRCLE('',#3825,2.75);
#271=CIRCLE('',#3831,0.857142857142855);
#272=CIRCLE('',#3832,0.714285714285713);
#273=CIRCLE('',#3833,1.42857142857143);
#274=CIRCLE('',#3834,3.5714286705484);
#275=CIRCLE('',#3835,3.57142321054486);
#276=CIRCLE('',#3836,3.57142927621382);
#277=CIRCLE('',#3837,6.28657701837621);
#278=CIRCLE('',#3838,3.57142931938633);
#279=CIRCLE('',#3839,3.57142927573746);
#280=CIRCLE('',#3840,6.28657700906105);
#281=CIRCLE('',#3841,3.57142932042618);
#282=CIRCLE('',#3842,3.57142927701031);
#283=CIRCLE('',#3843,6.28657702171792);
#284=CIRCLE('',#3844,3.57142932084407);
#285=CIRCLE('',#3845,3.57142927578658);
#286=CIRCLE('',#3846,6.28657708703644);
#287=CIRCLE('',#3847,3.57142932023274);
#288=CIRCLE('',#3848,3.57142607394881);
#289=CIRCLE('',#3849,6.28657706612527);
#290=CIRCLE('',#3850,3.57142932084247);
#291=CIRCLE('',#3851,3.57142927765373);
#292=CIRCLE('',#3852,6.28657707423281);
#293=CIRCLE('',#3853,3.57142927562606);
#294=CIRCLE('',#3854,3.57142932058759);
#295=CIRCLE('',#3855,6.28657707392264);
#296=CIRCLE('',#3856,3.57142927584528);
#297=CIRCLE('',#3857,3.57142932036846);
#298=CIRCLE('',#3858,6.28657707681994);
#299=CIRCLE('',#3859,3.57142927588522);
#300=CIRCLE('',#3860,3.57142932047053);
#301=CIRCLE('',#3861,6.28657707220982);
#302=CIRCLE('',#3862,3.57142927572647);
#303=CIRCLE('',#3863,3.57142932022997);
#304=CIRCLE('',#3864,6.28657707625546);
#305=CIRCLE('',#3865,3.57142927571785);
#306=CIRCLE('',#3866,3.57142932016238);
#307=CIRCLE('',#3867,6.28657692995538);
#308=CIRCLE('',#3868,3.57142927569672);
#309=CIRCLE('',#3869,3.57142932058759);
#310=CIRCLE('',#3870,6.2859638872463);
#311=CIRCLE('',#3871,6.28657707392264);
#312=CIRCLE('',#3872,3.57142927595796);
#313=CIRCLE('',#3873,3.57142932036846);
#314=CIRCLE('',#3874,6.28657707681994);
#315=CIRCLE('',#3875,3.57143730344064);
#316=CIRCLE('',#3876,1.42857142857143);
#317=CIRCLE('',#3877,0.892857142857143);
#318=CIRCLE('',#3878,1.42857142857143);
#319=CIRCLE('',#3879,0.9);
#320=CIRCLE('',#3880,0.9);
#321=CIRCLE('',#3881,0.9);
#322=CIRCLE('',#3882,2.75);
#323=CIRCLE('',#3883,2.75);
#324=CIRCLE('',#3884,2.75);
#325=CIRCLE('',#3886,1.50000000001911);
#326=CIRCLE('',#3888,3.57142932084247);
#327=CIRCLE('',#3889,6.28657706612527);
#328=CIRCLE('',#3890,3.57142607394881);
#329=CIRCLE('',#3891,3.57142932023274);
#330=CIRCLE('',#3892,6.28657708703644);
#331=CIRCLE('',#3893,3.57142927578658);
#332=CIRCLE('',#3894,3.57142932084407);
#333=CIRCLE('',#3895,6.28657702171792);
#334=CIRCLE('',#3896,3.57142927701031);
#335=CIRCLE('',#3897,3.57142932042618);
#336=CIRCLE('',#3898,6.28657700906105);
#337=CIRCLE('',#3899,3.57142927573746);
#338=CIRCLE('',#3900,3.57142931938633);
#339=CIRCLE('',#3901,6.28657701837621);
#340=CIRCLE('',#3902,3.57142927621382);
#341=CIRCLE('',#3903,3.57142321054486);
#342=CIRCLE('',#3904,0.9);
#343=CIRCLE('',#3906,0.9);
#344=CIRCLE('',#3908,0.9);
#345=CIRCLE('',#3910,0.9);
#346=CIRCLE('',#3912,0.9);
#347=CIRCLE('',#3915,0.9);
#348=CIRCLE('',#3916,0.9);
#349=CIRCLE('',#3918,0.9);
#350=CIRCLE('',#3920,0.9);
#351=CIRCLE('',#3921,0.9);
#352=CIRCLE('',#3923,1.25);
#353=CIRCLE('',#3925,2.);
#354=CIRCLE('',#3927,1.25);
#355=CIRCLE('',#3929,2.);
#356=CIRCLE('',#3931,1.25);
#357=CIRCLE('',#3933,2.00000000000016);
#358=CIRCLE('',#3935,1.25);
#359=CIRCLE('',#3937,2.);
#360=CIRCLE('',#3939,1.25);
#361=CIRCLE('',#3941,2.);
#362=CIRCLE('',#3943,1.25);
#363=CIRCLE('',#3945,2.);
#364=CIRCLE('',#3947,2.75);
#365=CIRCLE('',#3950,2.75);
#366=CIRCLE('',#3953,2.75);
#367=CIRCLE('',#3956,2.75);
#368=CIRCLE('',#3959,2.75);
#369=CIRCLE('',#3962,2.75);
#370=CIRCLE('',#3965,3.57142321054486);
#371=CIRCLE('',#3966,3.57142927621382);
#372=CIRCLE('',#3967,6.28657701837621);
#373=CIRCLE('',#3968,3.57142931938633);
#374=CIRCLE('',#3969,3.57142927573746);
#375=CIRCLE('',#3970,6.28657700906105);
#376=CIRCLE('',#3971,3.57142932042618);
#377=CIRCLE('',#3972,3.57142927701031);
#378=CIRCLE('',#3973,6.28657702171792);
#379=CIRCLE('',#3974,3.57142932084407);
#380=CIRCLE('',#3975,3.57142927578658);
#381=CIRCLE('',#3976,6.28657708703644);
#382=CIRCLE('',#3977,3.57142932023274);
#383=CIRCLE('',#3978,3.57142607394881);
#384=CIRCLE('',#3979,6.28657706612527);
#385=CIRCLE('',#3980,3.57142932084247);
#386=CIRCLE('',#3981,1.50000000001911);
#387=CIRCLE('',#3984,6.2859638872463);
#388=CIRCLE('',#3985,1.5);
#389=CIRCLE('',#3986,3.57142927584528);
#390=CIRCLE('',#3987,3.57142932036846);
#391=CIRCLE('',#3988,6.28657707681994);
#392=CIRCLE('',#3989,3.57142927588522);
#393=CIRCLE('',#3990,3.57142932047053);
#394=CIRCLE('',#3991,6.28657707220982);
#395=CIRCLE('',#3992,3.57142927572647);
#396=CIRCLE('',#3993,3.57142932022997);
#397=CIRCLE('',#3994,6.28657707625546);
#398=CIRCLE('',#3995,3.57142927571785);
#399=CIRCLE('',#3996,3.57142932016238);
#400=CIRCLE('',#3997,6.28657692995538);
#401=CIRCLE('',#3998,3.57142927569672);
#402=CIRCLE('',#3999,3.57142932058759);
#403=CIRCLE('',#4002,1.5);
#404=CIRCLE('',#4005,3.57142932058759);
#405=CIRCLE('',#4006,3.57142927569672);
#406=CIRCLE('',#4007,6.28657692995538);
#407=CIRCLE('',#4008,3.57142932016238);
#408=CIRCLE('',#4009,3.57142927571785);
#409=CIRCLE('',#4010,6.28657707625546);
#410=CIRCLE('',#4011,3.57142932022997);
#411=CIRCLE('',#4012,3.57142927572647);
#412=CIRCLE('',#4013,6.28657707220982);
#413=CIRCLE('',#4014,3.57142932047053);
#414=CIRCLE('',#4015,3.57142927588522);
#415=CIRCLE('',#4016,6.28657707681994);
#416=CIRCLE('',#4017,3.57142932036846);
#417=CIRCLE('',#4018,3.57142927584528);
#418=CIRCLE('',#4019,6.2859638872463);
#419=CIRCLE('',#4108,3.1);
#420=CIRCLE('',#4109,3.1);
#421=CIRCLE('',#4111,1.50000000000002);
#422=CIRCLE('',#4112,1.50000000000002);
#423=CIRCLE('',#4114,1.5);
#424=CIRCLE('',#4115,1.5);
#425=CIRCLE('',#4119,1.5);
#426=CIRCLE('',#4120,1.05);
#427=CIRCLE('',#4122,1.5);
#428=CIRCLE('',#4123,1.05);
#429=CIRCLE('',#4125,1.05);
#430=CIRCLE('',#4127,1.05);
#431=CIRCLE('',#4129,1.5);
#432=CIRCLE('',#4131,1.5);
#433=CYLINDRICAL_SURFACE('',#3759,3.1);
#434=CYLINDRICAL_SURFACE('',#3905,0.9);
#435=CYLINDRICAL_SURFACE('',#3907,0.9);
#436=CYLINDRICAL_SURFACE('',#3909,0.9);
#437=CYLINDRICAL_SURFACE('',#3911,0.9);
#438=CYLINDRICAL_SURFACE('',#3913,0.9);
#439=CYLINDRICAL_SURFACE('',#3914,0.9);
#440=CYLINDRICAL_SURFACE('',#3917,0.9);
#441=CYLINDRICAL_SURFACE('',#3919,0.9);
#442=CYLINDRICAL_SURFACE('',#3946,2.75);
#443=CYLINDRICAL_SURFACE('',#3949,2.75);
#444=CYLINDRICAL_SURFACE('',#3952,2.75);
#445=CYLINDRICAL_SURFACE('',#3955,2.75);
#446=CYLINDRICAL_SURFACE('',#3958,2.75);
#447=CYLINDRICAL_SURFACE('',#3961,2.75);
#448=CYLINDRICAL_SURFACE('',#3982,1.50000000001911);
#449=CYLINDRICAL_SURFACE('',#4001,1.5);
#450=CYLINDRICAL_SURFACE('',#4020,3.57142321054486);
#451=CYLINDRICAL_SURFACE('',#4021,3.57142321054486);
#452=CYLINDRICAL_SURFACE('',#4022,3.57142927621382);
#453=CYLINDRICAL_SURFACE('',#4023,3.57142927621382);
#454=CYLINDRICAL_SURFACE('',#4024,6.28657701837621);
#455=CYLINDRICAL_SURFACE('',#4025,6.28657701837621);
#456=CYLINDRICAL_SURFACE('',#4026,3.57142931938633);
#457=CYLINDRICAL_SURFACE('',#4027,3.57142931938633);
#458=CYLINDRICAL_SURFACE('',#4028,3.57142927573746);
#459=CYLINDRICAL_SURFACE('',#4029,3.57142927573746);
#460=CYLINDRICAL_SURFACE('',#4030,6.28657700906105);
#461=CYLINDRICAL_SURFACE('',#4031,6.28657700906105);
#462=CYLINDRICAL_SURFACE('',#4032,3.57142932042618);
#463=CYLINDRICAL_SURFACE('',#4033,3.57142932042618);
#464=CYLINDRICAL_SURFACE('',#4034,3.57142927701031);
#465=CYLINDRICAL_SURFACE('',#4035,3.57142927701031);
#466=CYLINDRICAL_SURFACE('',#4036,6.28657702171792);
#467=CYLINDRICAL_SURFACE('',#4037,6.28657702171792);
#468=CYLINDRICAL_SURFACE('',#4038,3.57142932084407);
#469=CYLINDRICAL_SURFACE('',#4039,3.57142932084407);
#470=CYLINDRICAL_SURFACE('',#4040,3.57142927578658);
#471=CYLINDRICAL_SURFACE('',#4041,3.57142927578658);
#472=CYLINDRICAL_SURFACE('',#4042,6.28657708703644);
#473=CYLINDRICAL_SURFACE('',#4043,6.28657708703644);
#474=CYLINDRICAL_SURFACE('',#4044,3.57142932023274);
#475=CYLINDRICAL_SURFACE('',#4045,3.57142932023274);
#476=CYLINDRICAL_SURFACE('',#4046,3.57142607394881);
#477=CYLINDRICAL_SURFACE('',#4047,3.57142607394881);
#478=CYLINDRICAL_SURFACE('',#4048,6.28657706612527);
#479=CYLINDRICAL_SURFACE('',#4049,6.28657706612527);
#480=CYLINDRICAL_SURFACE('',#4050,3.57142932084247);
#481=CYLINDRICAL_SURFACE('',#4051,3.57142932036846);
#482=CYLINDRICAL_SURFACE('',#4052,3.57142932036846);
#483=CYLINDRICAL_SURFACE('',#4053,6.28657707681994);
#484=CYLINDRICAL_SURFACE('',#4054,6.28657707681994);
#485=CYLINDRICAL_SURFACE('',#4055,3.57142927588522);
#486=CYLINDRICAL_SURFACE('',#4056,3.57142927588522);
#487=CYLINDRICAL_SURFACE('',#4057,3.57142932047053);
#488=CYLINDRICAL_SURFACE('',#4058,3.57142932047053);
#489=CYLINDRICAL_SURFACE('',#4059,6.28657707220982);
#490=CYLINDRICAL_SURFACE('',#4060,6.28657707220982);
#491=CYLINDRICAL_SURFACE('',#4061,3.57142927572647);
#492=CYLINDRICAL_SURFACE('',#4062,3.57142927572647);
#493=CYLINDRICAL_SURFACE('',#4063,3.57142932022997);
#494=CYLINDRICAL_SURFACE('',#4064,3.57142932022997);
#495=CYLINDRICAL_SURFACE('',#4065,6.28657707625546);
#496=CYLINDRICAL_SURFACE('',#4066,6.28657707625546);
#497=CYLINDRICAL_SURFACE('',#4067,3.57142927571785);
#498=CYLINDRICAL_SURFACE('',#4068,3.57142927571785);
#499=CYLINDRICAL_SURFACE('',#4069,3.57142932016238);
#500=CYLINDRICAL_SURFACE('',#4070,3.57142932016238);
#501=CYLINDRICAL_SURFACE('',#4071,6.28657692995538);
#502=CYLINDRICAL_SURFACE('',#4072,6.28657692995538);
#503=CYLINDRICAL_SURFACE('',#4073,3.57142927569672);
#504=CYLINDRICAL_SURFACE('',#4074,3.57142927569672);
#505=CYLINDRICAL_SURFACE('',#4075,3.57142932058759);
#506=CYLINDRICAL_SURFACE('',#4076,3.57142932058759);
#507=CYLINDRICAL_SURFACE('',#4077,6.2859638872463);
#508=CYLINDRICAL_SURFACE('',#4078,6.2859638872463);
#509=CYLINDRICAL_SURFACE('',#4079,3.57142932058759);
#510=CYLINDRICAL_SURFACE('',#4080,3.57142927562606);
#511=CYLINDRICAL_SURFACE('',#4082,6.28657707423281);
#512=CYLINDRICAL_SURFACE('',#4083,3.57142927765373);
#513=CYLINDRICAL_SURFACE('',#4084,3.5714286705484);
#514=CYLINDRICAL_SURFACE('',#4087,1.42857142857143);
#515=CYLINDRICAL_SURFACE('',#4088,0.714285714285713);
#516=CYLINDRICAL_SURFACE('',#4089,0.857142857142855);
#517=CYLINDRICAL_SURFACE('',#4093,1.42857142857143);
#518=CYLINDRICAL_SURFACE('',#4094,0.892857142857143);
#519=CYLINDRICAL_SURFACE('',#4095,1.42857142857143);
#520=CYLINDRICAL_SURFACE('',#4097,3.57143730344064);
#521=CYLINDRICAL_SURFACE('',#4098,6.28657707681994);
#522=CYLINDRICAL_SURFACE('',#4099,3.57142932036846);
#523=CYLINDRICAL_SURFACE('',#4100,3.57142927595796);
#524=CYLINDRICAL_SURFACE('',#4101,6.28657707392264);
#525=CYLINDRICAL_SURFACE('',#4102,3.57142927584528);
#526=CYLINDRICAL_SURFACE('',#4103,6.28657707392264);
#527=CYLINDRICAL_SURFACE('',#4107,3.1);
#528=CYLINDRICAL_SURFACE('',#4110,1.50000000000002);
#529=CYLINDRICAL_SURFACE('',#4124,1.05);
#530=CYLINDRICAL_SURFACE('',#4126,1.05);
#531=CYLINDRICAL_SURFACE('',#4128,1.5);
#532=CYLINDRICAL_SURFACE('',#4130,1.5);
#533=FACE_OUTER_BOUND('',#735,.T.);
#534=FACE_OUTER_BOUND('',#736,.T.);
#535=FACE_OUTER_BOUND('',#737,.T.);
#536=FACE_OUTER_BOUND('',#738,.T.);
#537=FACE_OUTER_BOUND('',#739,.T.);
#538=FACE_OUTER_BOUND('',#740,.T.);
#539=FACE_OUTER_BOUND('',#741,.T.);
#540=FACE_OUTER_BOUND('',#742,.T.);
#541=FACE_OUTER_BOUND('',#743,.T.);
#542=FACE_OUTER_BOUND('',#744,.T.);
#543=FACE_OUTER_BOUND('',#745,.T.);
#544=FACE_OUTER_BOUND('',#746,.T.);
#545=FACE_OUTER_BOUND('',#747,.T.);
#546=FACE_OUTER_BOUND('',#748,.T.);
#547=FACE_OUTER_BOUND('',#755,.T.);
#548=FACE_OUTER_BOUND('',#756,.T.);
#549=FACE_OUTER_BOUND('',#757,.T.);
#550=FACE_OUTER_BOUND('',#758,.T.);
#551=FACE_OUTER_BOUND('',#759,.T.);
#552=FACE_OUTER_BOUND('',#766,.T.);
#553=FACE_OUTER_BOUND('',#767,.T.);
#554=FACE_OUTER_BOUND('',#769,.T.);
#555=FACE_OUTER_BOUND('',#770,.T.);
#556=FACE_OUTER_BOUND('',#771,.T.);
#557=FACE_OUTER_BOUND('',#772,.T.);
#558=FACE_OUTER_BOUND('',#773,.T.);
#559=FACE_OUTER_BOUND('',#774,.T.);
#560=FACE_OUTER_BOUND('',#775,.T.);
#561=FACE_OUTER_BOUND('',#776,.T.);
#562=FACE_OUTER_BOUND('',#777,.T.);
#563=FACE_OUTER_BOUND('',#779,.T.);
#564=FACE_OUTER_BOUND('',#780,.T.);
#565=FACE_OUTER_BOUND('',#782,.T.);
#566=FACE_OUTER_BOUND('',#783,.T.);
#567=FACE_OUTER_BOUND('',#785,.T.);
#568=FACE_OUTER_BOUND('',#786,.T.);
#569=FACE_OUTER_BOUND('',#788,.T.);
#570=FACE_OUTER_BOUND('',#789,.T.);
#571=FACE_OUTER_BOUND('',#791,.T.);
#572=FACE_OUTER_BOUND('',#792,.T.);
#573=FACE_OUTER_BOUND('',#794,.T.);
#574=FACE_OUTER_BOUND('',#795,.T.);
#575=FACE_OUTER_BOUND('',#796,.T.);
#576=FACE_OUTER_BOUND('',#798,.T.);
#577=FACE_OUTER_BOUND('',#799,.T.);
#578=FACE_OUTER_BOUND('',#801,.T.);
#579=FACE_OUTER_BOUND('',#802,.T.);
#580=FACE_OUTER_BOUND('',#804,.T.);
#581=FACE_OUTER_BOUND('',#805,.T.);
#582=FACE_OUTER_BOUND('',#807,.T.);
#583=FACE_OUTER_BOUND('',#808,.T.);
#584=FACE_OUTER_BOUND('',#810,.T.);
#585=FACE_OUTER_BOUND('',#811,.T.);
#586=FACE_OUTER_BOUND('',#813,.T.);
#587=FACE_OUTER_BOUND('',#815,.T.);
#588=FACE_OUTER_BOUND('',#816,.T.);
#589=FACE_OUTER_BOUND('',#818,.T.);
#590=FACE_OUTER_BOUND('',#819,.T.);
#591=FACE_OUTER_BOUND('',#820,.T.);
#592=FACE_OUTER_BOUND('',#821,.T.);
#593=FACE_OUTER_BOUND('',#823,.T.);
#594=FACE_OUTER_BOUND('',#824,.T.);
#595=FACE_OUTER_BOUND('',#825,.T.);
#596=FACE_OUTER_BOUND('',#826,.T.);
#597=FACE_OUTER_BOUND('',#827,.T.);
#598=FACE_OUTER_BOUND('',#828,.T.);
#599=FACE_OUTER_BOUND('',#829,.T.);
#600=FACE_OUTER_BOUND('',#830,.T.);
#601=FACE_OUTER_BOUND('',#831,.T.);
#602=FACE_OUTER_BOUND('',#832,.T.);
#603=FACE_OUTER_BOUND('',#833,.T.);
#604=FACE_OUTER_BOUND('',#834,.T.);
#605=FACE_OUTER_BOUND('',#835,.T.);
#606=FACE_OUTER_BOUND('',#836,.T.);
#607=FACE_OUTER_BOUND('',#837,.T.);
#608=FACE_OUTER_BOUND('',#838,.T.);
#609=FACE_OUTER_BOUND('',#839,.T.);
#610=FACE_OUTER_BOUND('',#840,.T.);
#611=FACE_OUTER_BOUND('',#841,.T.);
#612=FACE_OUTER_BOUND('',#842,.T.);
#613=FACE_OUTER_BOUND('',#843,.T.);
#614=FACE_OUTER_BOUND('',#844,.T.);
#615=FACE_OUTER_BOUND('',#845,.T.);
#616=FACE_OUTER_BOUND('',#846,.T.);
#617=FACE_OUTER_BOUND('',#847,.T.);
#618=FACE_OUTER_BOUND('',#848,.T.);
#619=FACE_OUTER_BOUND('',#849,.T.);
#620=FACE_OUTER_BOUND('',#850,.T.);
#621=FACE_OUTER_BOUND('',#851,.T.);
#622=FACE_OUTER_BOUND('',#852,.T.);
#623=FACE_OUTER_BOUND('',#853,.T.);
#624=FACE_OUTER_BOUND('',#854,.T.);
#625=FACE_OUTER_BOUND('',#855,.T.);
#626=FACE_OUTER_BOUND('',#856,.T.);
#627=FACE_OUTER_BOUND('',#857,.T.);
#628=FACE_OUTER_BOUND('',#858,.T.);
#629=FACE_OUTER_BOUND('',#859,.T.);
#630=FACE_OUTER_BOUND('',#860,.T.);
#631=FACE_OUTER_BOUND('',#861,.T.);
#632=FACE_OUTER_BOUND('',#862,.T.);
#633=FACE_OUTER_BOUND('',#863,.T.);
#634=FACE_OUTER_BOUND('',#864,.T.);
#635=FACE_OUTER_BOUND('',#865,.T.);
#636=FACE_OUTER_BOUND('',#866,.T.);
#637=FACE_OUTER_BOUND('',#867,.T.);
#638=FACE_OUTER_BOUND('',#868,.T.);
#639=FACE_OUTER_BOUND('',#869,.T.);
#640=FACE_OUTER_BOUND('',#870,.T.);
#641=FACE_OUTER_BOUND('',#871,.T.);
#642=FACE_OUTER_BOUND('',#872,.T.);
#643=FACE_OUTER_BOUND('',#873,.T.);
#644=FACE_OUTER_BOUND('',#874,.T.);
#645=FACE_OUTER_BOUND('',#875,.T.);
#646=FACE_OUTER_BOUND('',#876,.T.);
#647=FACE_OUTER_BOUND('',#877,.T.);
#648=FACE_OUTER_BOUND('',#878,.T.);
#649=FACE_OUTER_BOUND('',#879,.T.);
#650=FACE_OUTER_BOUND('',#880,.T.);
#651=FACE_OUTER_BOUND('',#881,.T.);
#652=FACE_OUTER_BOUND('',#882,.T.);
#653=FACE_OUTER_BOUND('',#883,.T.);
#654=FACE_OUTER_BOUND('',#884,.T.);
#655=FACE_OUTER_BOUND('',#885,.T.);
#656=FACE_OUTER_BOUND('',#886,.T.);
#657=FACE_OUTER_BOUND('',#887,.T.);
#658=FACE_OUTER_BOUND('',#888,.T.);
#659=FACE_OUTER_BOUND('',#889,.T.);
#660=FACE_OUTER_BOUND('',#890,.T.);
#661=FACE_OUTER_BOUND('',#891,.T.);
#662=FACE_OUTER_BOUND('',#892,.T.);
#663=FACE_OUTER_BOUND('',#893,.T.);
#664=FACE_OUTER_BOUND('',#894,.T.);
#665=FACE_OUTER_BOUND('',#895,.T.);
#666=FACE_OUTER_BOUND('',#896,.T.);
#667=FACE_OUTER_BOUND('',#897,.T.);
#668=FACE_OUTER_BOUND('',#898,.T.);
#669=FACE_OUTER_BOUND('',#899,.T.);
#670=FACE_OUTER_BOUND('',#900,.T.);
#671=FACE_OUTER_BOUND('',#901,.T.);
#672=FACE_OUTER_BOUND('',#902,.T.);
#673=FACE_OUTER_BOUND('',#903,.T.);
#674=FACE_OUTER_BOUND('',#904,.T.);
#675=FACE_OUTER_BOUND('',#905,.T.);
#676=FACE_OUTER_BOUND('',#906,.T.);
#677=FACE_OUTER_BOUND('',#907,.T.);
#678=FACE_OUTER_BOUND('',#908,.T.);
#679=FACE_OUTER_BOUND('',#909,.T.);
#680=FACE_OUTER_BOUND('',#910,.T.);
#681=FACE_OUTER_BOUND('',#911,.T.);
#682=FACE_OUTER_BOUND('',#912,.T.);
#683=FACE_OUTER_BOUND('',#913,.T.);
#684=FACE_OUTER_BOUND('',#914,.T.);
#685=FACE_OUTER_BOUND('',#915,.T.);
#686=FACE_OUTER_BOUND('',#916,.T.);
#687=FACE_OUTER_BOUND('',#917,.T.);
#688=FACE_OUTER_BOUND('',#918,.T.);
#689=FACE_OUTER_BOUND('',#919,.T.);
#690=FACE_OUTER_BOUND('',#920,.T.);
#691=FACE_OUTER_BOUND('',#921,.T.);
#692=FACE_OUTER_BOUND('',#922,.T.);
#693=FACE_OUTER_BOUND('',#923,.T.);
#694=FACE_OUTER_BOUND('',#924,.T.);
#695=FACE_OUTER_BOUND('',#925,.T.);
#696=FACE_OUTER_BOUND('',#926,.T.);
#697=FACE_OUTER_BOUND('',#927,.T.);
#698=FACE_OUTER_BOUND('',#928,.T.);
#699=FACE_OUTER_BOUND('',#929,.T.);
#700=FACE_OUTER_BOUND('',#930,.T.);
#701=FACE_OUTER_BOUND('',#931,.T.);
#702=FACE_OUTER_BOUND('',#932,.T.);
#703=FACE_OUTER_BOUND('',#933,.T.);
#704=FACE_OUTER_BOUND('',#934,.T.);
#705=FACE_OUTER_BOUND('',#935,.T.);
#706=FACE_OUTER_BOUND('',#936,.T.);
#707=FACE_OUTER_BOUND('',#937,.T.);
#708=FACE_OUTER_BOUND('',#938,.T.);
#709=FACE_OUTER_BOUND('',#939,.T.);
#710=FACE_OUTER_BOUND('',#940,.T.);
#711=FACE_OUTER_BOUND('',#941,.T.);
#712=FACE_OUTER_BOUND('',#942,.T.);
#713=FACE_OUTER_BOUND('',#943,.T.);
#714=FACE_OUTER_BOUND('',#944,.T.);
#715=FACE_OUTER_BOUND('',#945,.T.);
#716=FACE_OUTER_BOUND('',#946,.T.);
#717=FACE_OUTER_BOUND('',#947,.T.);
#718=FACE_OUTER_BOUND('',#948,.T.);
#719=FACE_OUTER_BOUND('',#949,.T.);
#720=FACE_OUTER_BOUND('',#950,.T.);
#721=FACE_OUTER_BOUND('',#951,.T.);
#722=FACE_OUTER_BOUND('',#952,.T.);
#723=FACE_OUTER_BOUND('',#953,.T.);
#724=FACE_OUTER_BOUND('',#954,.T.);
#725=FACE_OUTER_BOUND('',#955,.T.);
#726=FACE_OUTER_BOUND('',#956,.T.);
#727=FACE_OUTER_BOUND('',#957,.T.);
#728=FACE_OUTER_BOUND('',#958,.T.);
#729=FACE_OUTER_BOUND('',#960,.T.);
#730=FACE_OUTER_BOUND('',#962,.T.);
#731=FACE_OUTER_BOUND('',#963,.T.);
#732=FACE_OUTER_BOUND('',#964,.T.);
#733=FACE_OUTER_BOUND('',#965,.T.);
#734=FACE_OUTER_BOUND('',#966,.T.);
#735=EDGE_LOOP('',(#2371,#2372,#2373,#2374));
#736=EDGE_LOOP('',(#2375,#2376,#2377,#2378));
#737=EDGE_LOOP('',(#2379,#2380,#2381,#2382));
#738=EDGE_LOOP('',(#2383,#2384,#2385,#2386));
#739=EDGE_LOOP('',(#2387,#2388,#2389,#2390));
#740=EDGE_LOOP('',(#2391,#2392,#2393,#2394));
#741=EDGE_LOOP('',(#2395,#2396,#2397,#2398));
#742=EDGE_LOOP('',(#2399,#2400,#2401,#2402));
#743=EDGE_LOOP('',(#2403,#2404,#2405,#2406));
#744=EDGE_LOOP('',(#2407,#2408,#2409,#2410));
#745=EDGE_LOOP('',(#2411,#2412,#2413,#2414));
#746=EDGE_LOOP('',(#2415,#2416,#2417,#2418));
#747=EDGE_LOOP('',(#2419,#2420,#2421,#2422));
#748=EDGE_LOOP('',(#2423,#2424,#2425,#2426,#2427,#2428,#2429,#2430,#2431,
#2432,#2433,#2434,#2435,#2436,#2437,#2438,#2439,#2440,#2441,#2442,#2443,
#2444,#2445,#2446,#2447,#2448,#2449,#2450,#2451,#2452,#2453,#2454,#2455,
#2456,#2457,#2458,#2459,#2460,#2461,#2462,#2463,#2464,#2465,#2466,#2467,
#2468,#2469,#2470,#2471,#2472,#2473,#2474,#2475,#2476,#2477,#2478,#2479,
#2480,#2481,#2482,#2483,#2484,#2485,#2486,#2487,#2488,#2489,#2490,#2491,
#2492,#2493,#2494,#2495,#2496,#2497,#2498,#2499,#2500,#2501,#2502,#2503,
#2504,#2505,#2506,#2507,#2508,#2509,#2510,#2511,#2512,#2513,#2514,#2515,
#2516));
#749=EDGE_LOOP('',(#2517));
#750=EDGE_LOOP('',(#2518));
#751=EDGE_LOOP('',(#2519));
#752=EDGE_LOOP('',(#2520));
#753=EDGE_LOOP('',(#2521));
#754=EDGE_LOOP('',(#2522));
#755=EDGE_LOOP('',(#2523,#2524,#2525,#2526));
#756=EDGE_LOOP('',(#2527,#2528,#2529,#2530));
#757=EDGE_LOOP('',(#2531,#2532,#2533,#2534));
#758=EDGE_LOOP('',(#2535,#2536,#2537,#2538));
#759=EDGE_LOOP('',(#2539,#2540,#2541,#2542,#2543,#2544,#2545,#2546,#2547,
#2548,#2549,#2550,#2551,#2552,#2553,#2554,#2555,#2556,#2557,#2558,#2559,
#2560,#2561,#2562,#2563,#2564,#2565,#2566,#2567,#2568,#2569,#2570,#2571,
#2572,#2573,#2574,#2575,#2576,#2577,#2578,#2579,#2580,#2581,#2582,#2583,
#2584,#2585,#2586,#2587,#2588,#2589,#2590,#2591,#2592,#2593,#2594,#2595,
#2596,#2597,#2598,#2599,#2600,#2601,#2602,#2603,#2604,#2605,#2606,#2607,
#2608,#2609,#2610,#2611,#2612,#2613,#2614,#2615,#2616,#2617,#2618,#2619,
#2620,#2621,#2622,#2623,#2624,#2625,#2626,#2627,#2628,#2629,#2630,#2631,
#2632));
#760=EDGE_LOOP('',(#2633));
#761=EDGE_LOOP('',(#2634));
#762=EDGE_LOOP('',(#2635));
#763=EDGE_LOOP('',(#2636));
#764=EDGE_LOOP('',(#2637));
#765=EDGE_LOOP('',(#2638));
#766=EDGE_LOOP('',(#2639,#2640,#2641,#2642,#2643,#2644));
#767=EDGE_LOOP('',(#2645,#2646,#2647,#2648,#2649,#2650,#2651,#2652,#2653,
#2654,#2655,#2656,#2657,#2658,#2659,#2660,#2661,#2662,#2663,#2664,#2665,
#2666,#2667,#2668,#2669,#2670,#2671,#2672,#2673));
#768=EDGE_LOOP('',(#2674));
#769=EDGE_LOOP('',(#2675,#2676,#2677,#2678));
#770=EDGE_LOOP('',(#2679,#2680,#2681,#2682));
#771=EDGE_LOOP('',(#2683,#2684,#2685,#2686));
#772=EDGE_LOOP('',(#2687,#2688,#2689,#2690));
#773=EDGE_LOOP('',(#2691,#2692,#2693,#2694));
#774=EDGE_LOOP('',(#2695,#2696,#2697,#2698));
#775=EDGE_LOOP('',(#2699,#2700,#2701,#2702));
#776=EDGE_LOOP('',(#2703,#2704,#2705,#2706));
#777=EDGE_LOOP('',(#2707));
#778=EDGE_LOOP('',(#2708));
#779=EDGE_LOOP('',(#2709,#2710,#2711,#2712));
#780=EDGE_LOOP('',(#2713));
#781=EDGE_LOOP('',(#2714));
#782=EDGE_LOOP('',(#2715,#2716,#2717,#2718));
#783=EDGE_LOOP('',(#2719));
#784=EDGE_LOOP('',(#2720));
#785=EDGE_LOOP('',(#2721,#2722,#2723,#2724));
#786=EDGE_LOOP('',(#2725));
#787=EDGE_LOOP('',(#2726));
#788=EDGE_LOOP('',(#2727,#2728,#2729,#2730));
#789=EDGE_LOOP('',(#2731));
#790=EDGE_LOOP('',(#2732));
#791=EDGE_LOOP('',(#2733,#2734,#2735,#2736));
#792=EDGE_LOOP('',(#2737));
#793=EDGE_LOOP('',(#2738));
#794=EDGE_LOOP('',(#2739,#2740,#2741,#2742));
#795=EDGE_LOOP('',(#2743,#2744,#2745,#2746));
#796=EDGE_LOOP('',(#2747));
#797=EDGE_LOOP('',(#2748));
#798=EDGE_LOOP('',(#2749,#2750,#2751,#2752));
#799=EDGE_LOOP('',(#2753));
#800=EDGE_LOOP('',(#2754));
#801=EDGE_LOOP('',(#2755,#2756,#2757,#2758));
#802=EDGE_LOOP('',(#2759));
#803=EDGE_LOOP('',(#2760));
#804=EDGE_LOOP('',(#2761,#2762,#2763,#2764));
#805=EDGE_LOOP('',(#2765));
#806=EDGE_LOOP('',(#2766));
#807=EDGE_LOOP('',(#2767,#2768,#2769,#2770));
#808=EDGE_LOOP('',(#2771));
#809=EDGE_LOOP('',(#2772));
#810=EDGE_LOOP('',(#2773,#2774,#2775,#2776));
#811=EDGE_LOOP('',(#2777));
#812=EDGE_LOOP('',(#2778));
#813=EDGE_LOOP('',(#2779,#2780,#2781,#2782,#2783,#2784,#2785,#2786,#2787,
#2788,#2789,#2790,#2791,#2792,#2793,#2794,#2795,#2796,#2797,#2798,#2799,
#2800,#2801,#2802,#2803,#2804,#2805,#2806,#2807));
#814=EDGE_LOOP('',(#2808));
#815=EDGE_LOOP('',(#2809,#2810,#2811,#2812));
#816=EDGE_LOOP('',(#2813,#2814,#2815,#2816,#2817,#2818,#2819,#2820,#2821,
#2822,#2823,#2824,#2825,#2826,#2827,#2828,#2829,#2830,#2831,#2832,#2833,
#2834,#2835,#2836,#2837,#2838,#2839));
#817=EDGE_LOOP('',(#2840));
#818=EDGE_LOOP('',(#2841,#2842,#2843,#2844));
#819=EDGE_LOOP('',(#2845,#2846,#2847,#2848));
#820=EDGE_LOOP('',(#2849,#2850,#2851,#2852));
#821=EDGE_LOOP('',(#2853,#2854,#2855,#2856,#2857,#2858,#2859,#2860,#2861,
#2862,#2863,#2864,#2865,#2866,#2867,#2868,#2869,#2870,#2871,#2872,#2873,
#2874,#2875,#2876,#2877,#2878,#2879));
#822=EDGE_LOOP('',(#2880));
#823=EDGE_LOOP('',(#2881,#2882,#2883,#2884));
#824=EDGE_LOOP('',(#2885,#2886,#2887,#2888));
#825=EDGE_LOOP('',(#2889,#2890,#2891,#2892));
#826=EDGE_LOOP('',(#2893,#2894,#2895,#2896));
#827=EDGE_LOOP('',(#2897,#2898,#2899,#2900));
#828=EDGE_LOOP('',(#2901,#2902,#2903,#2904));
#829=EDGE_LOOP('',(#2905,#2906,#2907,#2908));
#830=EDGE_LOOP('',(#2909,#2910,#2911,#2912));
#831=EDGE_LOOP('',(#2913,#2914,#2915,#2916));
#832=EDGE_LOOP('',(#2917,#2918,#2919,#2920));
#833=EDGE_LOOP('',(#2921,#2922,#2923,#2924));
#834=EDGE_LOOP('',(#2925,#2926,#2927,#2928));
#835=EDGE_LOOP('',(#2929,#2930,#2931,#2932));
#836=EDGE_LOOP('',(#2933,#2934,#2935,#2936));
#837=EDGE_LOOP('',(#2937,#2938,#2939,#2940));
#838=EDGE_LOOP('',(#2941,#2942,#2943,#2944));
#839=EDGE_LOOP('',(#2945,#2946,#2947,#2948));
#840=EDGE_LOOP('',(#2949,#2950,#2951,#2952));
#841=EDGE_LOOP('',(#2953,#2954,#2955,#2956));
#842=EDGE_LOOP('',(#2957,#2958,#2959,#2960));
#843=EDGE_LOOP('',(#2961,#2962,#2963,#2964));
#844=EDGE_LOOP('',(#2965,#2966,#2967,#2968));
#845=EDGE_LOOP('',(#2969,#2970,#2971,#2972));
#846=EDGE_LOOP('',(#2973,#2974,#2975,#2976));
#847=EDGE_LOOP('',(#2977,#2978,#2979,#2980));
#848=EDGE_LOOP('',(#2981,#2982,#2983,#2984));
#849=EDGE_LOOP('',(#2985,#2986,#2987,#2988));
#850=EDGE_LOOP('',(#2989,#2990,#2991,#2992));
#851=EDGE_LOOP('',(#2993,#2994,#2995,#2996));
#852=EDGE_LOOP('',(#2997,#2998,#2999,#3000));
#853=EDGE_LOOP('',(#3001,#3002,#3003,#3004));
#854=EDGE_LOOP('',(#3005,#3006,#3007,#3008));
#855=EDGE_LOOP('',(#3009,#3010,#3011,#3012));
#856=EDGE_LOOP('',(#3013,#3014,#3015,#3016));
#857=EDGE_LOOP('',(#3017,#3018,#3019,#3020));
#858=EDGE_LOOP('',(#3021,#3022,#3023,#3024));
#859=EDGE_LOOP('',(#3025,#3026,#3027,#3028));
#860=EDGE_LOOP('',(#3029,#3030,#3031,#3032));
#861=EDGE_LOOP('',(#3033,#3034,#3035,#3036));
#862=EDGE_LOOP('',(#3037,#3038,#3039,#3040));
#863=EDGE_LOOP('',(#3041,#3042,#3043,#3044));
#864=EDGE_LOOP('',(#3045,#3046,#3047,#3048));
#865=EDGE_LOOP('',(#3049,#3050,#3051,#3052));
#866=EDGE_LOOP('',(#3053,#3054,#3055,#3056));
#867=EDGE_LOOP('',(#3057,#3058,#3059,#3060));
#868=EDGE_LOOP('',(#3061,#3062,#3063,#3064));
#869=EDGE_LOOP('',(#3065,#3066,#3067,#3068));
#870=EDGE_LOOP('',(#3069,#3070,#3071,#3072));
#871=EDGE_LOOP('',(#3073,#3074,#3075,#3076));
#872=EDGE_LOOP('',(#3077,#3078,#3079,#3080));
#873=EDGE_LOOP('',(#3081,#3082,#3083,#3084,#3085,#3086,#3087,#3088,#3089));
#874=EDGE_LOOP('',(#3090,#3091,#3092,#3093));
#875=EDGE_LOOP('',(#3094,#3095,#3096,#3097));
#876=EDGE_LOOP('',(#3098,#3099,#3100,#3101));
#877=EDGE_LOOP('',(#3102,#3103,#3104,#3105));
#878=EDGE_LOOP('',(#3106,#3107,#3108,#3109));
#879=EDGE_LOOP('',(#3110,#3111,#3112,#3113));
#880=EDGE_LOOP('',(#3114,#3115,#3116,#3117));
#881=EDGE_LOOP('',(#3118,#3119,#3120,#3121));
#882=EDGE_LOOP('',(#3122,#3123,#3124,#3125));
#883=EDGE_LOOP('',(#3126,#3127,#3128,#3129));
#884=EDGE_LOOP('',(#3130,#3131,#3132,#3133));
#885=EDGE_LOOP('',(#3134,#3135,#3136,#3137));
#886=EDGE_LOOP('',(#3138,#3139,#3140,#3141));
#887=EDGE_LOOP('',(#3142,#3143,#3144,#3145));
#888=EDGE_LOOP('',(#3146,#3147,#3148,#3149));
#889=EDGE_LOOP('',(#3150,#3151,#3152,#3153));
#890=EDGE_LOOP('',(#3154,#3155,#3156,#3157));
#891=EDGE_LOOP('',(#3158,#3159,#3160,#3161));
#892=EDGE_LOOP('',(#3162,#3163,#3164,#3165));
#893=EDGE_LOOP('',(#3166,#3167,#3168,#3169));
#894=EDGE_LOOP('',(#3170,#3171,#3172,#3173));
#895=EDGE_LOOP('',(#3174,#3175,#3176,#3177));
#896=EDGE_LOOP('',(#3178,#3179,#3180,#3181));
#897=EDGE_LOOP('',(#3182,#3183,#3184,#3185));
#898=EDGE_LOOP('',(#3186,#3187,#3188,#3189));
#899=EDGE_LOOP('',(#3190,#3191,#3192,#3193));
#900=EDGE_LOOP('',(#3194,#3195,#3196,#3197));
#901=EDGE_LOOP('',(#3198,#3199,#3200,#3201));
#902=EDGE_LOOP('',(#3202,#3203,#3204,#3205));
#903=EDGE_LOOP('',(#3206,#3207,#3208,#3209));
#904=EDGE_LOOP('',(#3210,#3211,#3212,#3213));
#905=EDGE_LOOP('',(#3214,#3215,#3216,#3217));
#906=EDGE_LOOP('',(#3218,#3219,#3220,#3221));
#907=EDGE_LOOP('',(#3222,#3223,#3224,#3225));
#908=EDGE_LOOP('',(#3226,#3227,#3228,#3229));
#909=EDGE_LOOP('',(#3230,#3231,#3232,#3233));
#910=EDGE_LOOP('',(#3234,#3235,#3236,#3237));
#911=EDGE_LOOP('',(#3238,#3239,#3240,#3241));
#912=EDGE_LOOP('',(#3242,#3243,#3244,#3245));
#913=EDGE_LOOP('',(#3246,#3247,#3248,#3249));
#914=EDGE_LOOP('',(#3250,#3251,#3252,#3253));
#915=EDGE_LOOP('',(#3254,#3255,#3256,#3257));
#916=EDGE_LOOP('',(#3258,#3259,#3260,#3261));
#917=EDGE_LOOP('',(#3262,#3263,#3264,#3265));
#918=EDGE_LOOP('',(#3266,#3267,#3268,#3269));
#919=EDGE_LOOP('',(#3270,#3271,#3272,#3273));
#920=EDGE_LOOP('',(#3274,#3275,#3276,#3277));
#921=EDGE_LOOP('',(#3278,#3279,#3280,#3281));
#922=EDGE_LOOP('',(#3282,#3283,#3284,#3285));
#923=EDGE_LOOP('',(#3286,#3287,#3288,#3289));
#924=EDGE_LOOP('',(#3290,#3291,#3292,#3293));
#925=EDGE_LOOP('',(#3294,#3295,#3296,#3297));
#926=EDGE_LOOP('',(#3298,#3299,#3300,#3301));
#927=EDGE_LOOP('',(#3302,#3303,#3304,#3305,#3306,#3307,#3308));
#928=EDGE_LOOP('',(#3309,#3310,#3311,#3312));
#929=EDGE_LOOP('',(#3313,#3314,#3315,#3316));
#930=EDGE_LOOP('',(#3317,#3318,#3319,#3320));
#931=EDGE_LOOP('',(#3321,#3322,#3323,#3324));
#932=EDGE_LOOP('',(#3325,#3326,#3327,#3328));
#933=EDGE_LOOP('',(#3329,#3330,#3331,#3332));
#934=EDGE_LOOP('',(#3333,#3334,#3335,#3336));
#935=EDGE_LOOP('',(#3337,#3338,#3339,#3340));
#936=EDGE_LOOP('',(#3341,#3342,#3343,#3344));
#937=EDGE_LOOP('',(#3345,#3346,#3347,#3348));
#938=EDGE_LOOP('',(#3349,#3350,#3351,#3352));
#939=EDGE_LOOP('',(#3353,#3354,#3355,#3356));
#940=EDGE_LOOP('',(#3357,#3358,#3359,#3360));
#941=EDGE_LOOP('',(#3361,#3362,#3363,#3364));
#942=EDGE_LOOP('',(#3365,#3366,#3367,#3368));
#943=EDGE_LOOP('',(#3369,#3370,#3371,#3372));
#944=EDGE_LOOP('',(#3373,#3374,#3375,#3376));
#945=EDGE_LOOP('',(#3377,#3378,#3379,#3380));
#946=EDGE_LOOP('',(#3381,#3382,#3383,#3384));
#947=EDGE_LOOP('',(#3385,#3386,#3387,#3388));
#948=EDGE_LOOP('',(#3389,#3390,#3391,#3392,#3393,#3394));
#949=EDGE_LOOP('',(#3395,#3396,#3397,#3398,#3399,#3400,#3401,#3402));
#950=EDGE_LOOP('',(#3403,#3404,#3405,#3406));
#951=EDGE_LOOP('',(#3407,#3408,#3409,#3410));
#952=EDGE_LOOP('',(#3411,#3412,#3413,#3414));
#953=EDGE_LOOP('',(#3415,#3416,#3417,#3418));
#954=EDGE_LOOP('',(#3419,#3420,#3421,#3422));
#955=EDGE_LOOP('',(#3423,#3424,#3425,#3426,#3427,#3428));
#956=EDGE_LOOP('',(#3429,#3430,#3431,#3432,#3433,#3434));
#957=EDGE_LOOP('',(#3435,#3436,#3437,#3438,#3439,#3440));
#958=EDGE_LOOP('',(#3441,#3442));
#959=EDGE_LOOP('',(#3443));
#960=EDGE_LOOP('',(#3444,#3445,#3446,#3447));
#961=EDGE_LOOP('',(#3448));
#962=EDGE_LOOP('',(#3449,#3450,#3451,#3452));
#963=EDGE_LOOP('',(#3453,#3454,#3455,#3456));
#964=EDGE_LOOP('',(#3457,#3458,#3459,#3460,#3461,#3462,#3463,#3464));
#965=EDGE_LOOP('',(#3465,#3466,#3467,#3468));
#966=EDGE_LOOP('',(#3469,#3470,#3471,#3472));
#967=EDGE_LOOP('',(#3473));
#968=EDGE_LOOP('',(#3474));
#969=LINE('',#5153,#1211);
#970=LINE('',#5155,#1212);
#971=LINE('',#5157,#1213);
#972=LINE('',#5158,#1214);
#973=LINE('',#5162,#1215);
#974=LINE('',#5164,#1216);
#975=LINE('',#5166,#1217);
#976=LINE('',#5167,#1218);
#977=LINE('',#5170,#1219);
#978=LINE('',#5172,#1220);
#979=LINE('',#5174,#1221);
#980=LINE('',#5175,#1222);
#981=LINE('',#5181,#1223);
#982=LINE('',#5183,#1224);
#983=LINE('',#5185,#1225);
#984=LINE('',#5186,#1226);
#985=LINE('',#5190,#1227);
#986=LINE('',#5192,#1228);
#987=LINE('',#5194,#1229);
#988=LINE('',#5195,#1230);
#989=LINE('',#5198,#1231);
#990=LINE('',#5200,#1232);
#991=LINE('',#5201,#1233);
#992=LINE('',#5204,#1234);
#993=LINE('',#5206,#1235);
#994=LINE('',#5207,#1236);
#995=LINE('',#5211,#1237);
#996=LINE('',#5213,#1238);
#997=LINE('',#5215,#1239);
#998=LINE('',#5216,#1240);
#999=LINE('',#5219,#1241);
#1000=LINE('',#5221,#1242);
#1001=LINE('',#5222,#1243);
#1002=LINE('',#5225,#1244);
#1003=LINE('',#5227,#1245);
#1004=LINE('',#5228,#1246);
#1005=LINE('',#5230,#1247);
#1006=LINE('',#5231,#1248);
#1007=LINE('',#5234,#1249);
#1008=LINE('',#5236,#1250);
#1009=LINE('',#5237,#1251);
#1010=LINE('',#5240,#1252);
#1011=LINE('',#5242,#1253);
#1012=LINE('',#5250,#1254);
#1013=LINE('',#5395,#1255);
#1014=LINE('',#5397,#1256);
#1015=LINE('',#5399,#1257);
#1016=LINE('',#5401,#1258);
#1017=LINE('',#5403,#1259);
#1018=LINE('',#5508,#1260);
#1019=LINE('',#5510,#1261);
#1020=LINE('',#5524,#1262);
#1021=LINE('',#5539,#1263);
#1022=LINE('',#5541,#1264);
#1023=LINE('',#5542,#1265);
#1024=LINE('',#5545,#1266);
#1025=LINE('',#5546,#1267);
#1026=LINE('',#5549,#1268);
#1027=LINE('',#5550,#1269);
#1028=LINE('',#5553,#1270);
#1029=LINE('',#5554,#1271);
#1030=LINE('',#5557,#1272);
#1031=LINE('',#5572,#1273);
#1032=LINE('',#5574,#1274);
#1033=LINE('',#5678,#1275);
#1034=LINE('',#5823,#1276);
#1035=LINE('',#5831,#1277);
#1036=LINE('',#5832,#1278);
#1037=LINE('',#5946,#1279);
#1038=LINE('',#5950,#1280);
#1039=LINE('',#5954,#1281);
#1040=LINE('',#5958,#1282);
#1041=LINE('',#5960,#1283);
#1042=LINE('',#5965,#1284);
#1043=LINE('',#5970,#1285);
#1044=LINE('',#5975,#1286);
#1045=LINE('',#5982,#1287);
#1046=LINE('',#5989,#1288);
#1047=LINE('',#5996,#1289);
#1048=LINE('',#6003,#1290);
#1049=LINE('',#6010,#1291);
#1050=LINE('',#6017,#1292);
#1051=LINE('',#6021,#1293);
#1052=LINE('',#6026,#1294);
#1053=LINE('',#6031,#1295);
#1054=LINE('',#6036,#1296);
#1055=LINE('',#6041,#1297);
#1056=LINE('',#6046,#1298);
#1057=LINE('',#6157,#1299);
#1058=LINE('',#6161,#1300);
#1059=LINE('',#6237,#1301);
#1060=LINE('',#6239,#1302);
#1061=LINE('',#6240,#1303);
#1062=LINE('',#6243,#1304);
#1063=LINE('',#6247,#1305);
#1064=LINE('',#6248,#1306);
#1065=LINE('',#6333,#1307);
#1066=LINE('',#6334,#1308);
#1067=LINE('',#6336,#1309);
#1068=LINE('',#6337,#1310);
#1069=LINE('',#6339,#1311);
#1070=LINE('',#6341,#1312);
#1071=LINE('',#6350,#1313);
#1072=LINE('',#6359,#1314);
#1073=LINE('',#6361,#1315);
#1074=LINE('',#6363,#1316);
#1075=LINE('',#6372,#1317);
#1076=LINE('',#6381,#1318);
#1077=LINE('',#6383,#1319);
#1078=LINE('',#6385,#1320);
#1079=LINE('',#6387,#1321);
#1080=LINE('',#6389,#1322);
#1081=LINE('',#6398,#1323);
#1082=LINE('',#6407,#1324);
#1083=LINE('',#6409,#1325);
#1084=LINE('',#6411,#1326);
#1085=LINE('',#6424,#1327);
#1086=LINE('',#6437,#1328);
#1087=LINE('',#6439,#1329);
#1088=LINE('',#6441,#1330);
#1089=LINE('',#6443,#1331);
#1090=LINE('',#6445,#1332);
#1091=LINE('',#6454,#1333);
#1092=LINE('',#6463,#1334);
#1093=LINE('',#6465,#1335);
#1094=LINE('',#6467,#1336);
#1095=LINE('',#6476,#1337);
#1096=LINE('',#6485,#1338);
#1097=LINE('',#6487,#1339);
#1098=LINE('',#6489,#1340);
#1099=LINE('',#6491,#1341);
#1100=LINE('',#6493,#1342);
#1101=LINE('',#6506,#1343);
#1102=LINE('',#6519,#1344);
#1103=LINE('',#6521,#1345);
#1104=LINE('',#6523,#1346);
#1105=LINE('',#6532,#1347);
#1106=LINE('',#6541,#1348);
#1107=LINE('',#6543,#1349);
#1108=LINE('',#6545,#1350);
#1109=LINE('',#6547,#1351);
#1110=LINE('',#6549,#1352);
#1111=LINE('',#6562,#1353);
#1112=LINE('',#6575,#1354);
#1113=LINE('',#6577,#1355);
#1114=LINE('',#6579,#1356);
#1115=LINE('',#6592,#1357);
#1116=LINE('',#6605,#1358);
#1117=LINE('',#6607,#1359);
#1118=LINE('',#6609,#1360);
#1119=LINE('',#6610,#1361);
#1120=LINE('',#6612,#1362);
#1121=LINE('',#6613,#1363);
#1122=LINE('',#6626,#1364);
#1123=LINE('',#6639,#1365);
#1124=LINE('',#6641,#1366);
#1125=LINE('',#6643,#1367);
#1126=LINE('',#6656,#1368);
#1127=LINE('',#6669,#1369);
#1128=LINE('',#6671,#1370);
#1129=LINE('',#6673,#1371);
#1130=LINE('',#6675,#1372);
#1131=LINE('',#6677,#1373);
#1132=LINE('',#6690,#1374);
#1133=LINE('',#6703,#1375);
#1134=LINE('',#6705,#1376);
#1135=LINE('',#6707,#1377);
#1136=LINE('',#6716,#1378);
#1137=LINE('',#6725,#1379);
#1138=LINE('',#6727,#1380);
#1139=LINE('',#6729,#1381);
#1140=LINE('',#6731,#1382);
#1141=LINE('',#6733,#1383);
#1142=LINE('',#6746,#1384);
#1143=LINE('',#6759,#1385);
#1144=LINE('',#6761,#1386);
#1145=LINE('',#6763,#1387);
#1146=LINE('',#6772,#1388);
#1147=LINE('',#6781,#1389);
#1148=LINE('',#6783,#1390);
#1149=LINE('',#6785,#1391);
#1150=LINE('',#6787,#1392);
#1151=LINE('',#6789,#1393);
#1152=LINE('',#6798,#1394);
#1153=LINE('',#6807,#1395);
#1154=LINE('',#6809,#1396);
#1155=LINE('',#6811,#1397);
#1156=LINE('',#6824,#1398);
#1157=LINE('',#6837,#1399);
#1158=LINE('',#6839,#1400);
#1159=LINE('',#6841,#1401);
#1160=LINE('',#6843,#1402);
#1161=LINE('',#6845,#1403);
#1162=LINE('',#6854,#1404);
#1163=LINE('',#6863,#1405);
#1164=LINE('',#6865,#1406);
#1165=LINE('',#6867,#1407);
#1166=LINE('',#6869,#1408);
#1167=LINE('',#6870,#1409);
#1168=LINE('',#6872,#1410);
#1169=LINE('',#6885,#1411);
#1170=LINE('',#6888,#1412);
#1171=LINE('',#6901,#1413);
#1172=LINE('',#6904,#1414);
#1173=LINE('',#6906,#1415);
#1174=LINE('',#6908,#1416);
#1175=LINE('',#6910,#1417);
#1176=LINE('',#6912,#1418);
#1177=LINE('',#6925,#1419);
#1178=LINE('',#6927,#1420);
#1179=LINE('',#6930,#1421);
#1180=LINE('',#6932,#1422);
#1181=LINE('',#6934,#1423);
#1182=LINE('',#6936,#1424);
#1183=LINE('',#6938,#1425);
#1184=LINE('',#6940,#1426);
#1185=LINE('',#6942,#1427);
#1186=LINE('',#6955,#1428);
#1187=LINE('',#6957,#1429);
#1188=LINE('',#6970,#1430);
#1189=LINE('',#6972,#1431);
#1190=LINE('',#6974,#1432);
#1191=LINE('',#6987,#1433);
#1192=LINE('',#6990,#1434);
#1193=LINE('',#7003,#1435);
#1194=LINE('',#7005,#1436);
#1195=LINE('',#7026,#1437);
#1196=LINE('',#7029,#1438);
#1197=LINE('',#7035,#1439);
#1198=LINE('',#7038,#1440);
#1199=LINE('',#7042,#1441);
#1200=LINE('',#7044,#1442);
#1201=LINE('',#7048,#1443);
#1202=LINE('',#7050,#1444);
#1203=LINE('',#7052,#1445);
#1204=LINE('',#7053,#1446);
#1205=LINE('',#7056,#1447);
#1206=LINE('',#7058,#1448);
#1207=LINE('',#7060,#1449);
#1208=LINE('',#7061,#1450);
#1209=LINE('',#7072,#1451);
#1210=LINE('',#7076,#1452);
#1211=VECTOR('',#4146,10.);
#1212=VECTOR('',#4147,10.);
#1213=VECTOR('',#4148,10.);
#1214=VECTOR('',#4149,10.);
#1215=VECTOR('',#4152,10.);
#1216=VECTOR('',#4153,10.);
#1217=VECTOR('',#4154,10.);
#1218=VECTOR('',#4155,10.);
#1219=VECTOR('',#4158,10.);
#1220=VECTOR('',#4159,10.);
#1221=VECTOR('',#4160,10.);
#1222=VECTOR('',#4161,10.);
#1223=VECTOR('',#4170,10.);
#1224=VECTOR('',#4171,10.);
#1225=VECTOR('',#4172,10.);
#1226=VECTOR('',#4173,10.);
#1227=VECTOR('',#4176,10.);
#1228=VECTOR('',#4177,10.);
#1229=VECTOR('',#4178,10.);
#1230=VECTOR('',#4179,10.);
#1231=VECTOR('',#4182,10.);
#1232=VECTOR('',#4183,10.);
#1233=VECTOR('',#4184,10.);
#1234=VECTOR('',#4187,10.);
#1235=VECTOR('',#4188,10.);
#1236=VECTOR('',#4189,10.);
#1237=VECTOR('',#4192,10.);
#1238=VECTOR('',#4193,10.);
#1239=VECTOR('',#4194,10.);
#1240=VECTOR('',#4195,10.);
#1241=VECTOR('',#4198,10.);
#1242=VECTOR('',#4199,10.);
#1243=VECTOR('',#4200,10.);
#1244=VECTOR('',#4203,10.);
#1245=VECTOR('',#4204,10.);
#1246=VECTOR('',#4205,10.);
#1247=VECTOR('',#4208,10.);
#1248=VECTOR('',#4209,10.);
#1249=VECTOR('',#4212,10.);
#1250=VECTOR('',#4213,10.);
#1251=VECTOR('',#4214,10.);
#1252=VECTOR('',#4217,10.);
#1253=VECTOR('',#4218,10.);
#1254=VECTOR('',#4225,10.);
#1255=VECTOR('',#4272,10.);
#1256=VECTOR('',#4273,10.);
#1257=VECTOR('',#4274,10.);
#1258=VECTOR('',#4275,10.);
#1259=VECTOR('',#4276,10.);
#1260=VECTOR('',#4315,10.);
#1261=VECTOR('',#4316,10.);
#1262=VECTOR('',#4323,10.);
#1263=VECTOR('',#4338,10.);
#1264=VECTOR('',#4339,10.);
#1265=VECTOR('',#4340,10.);
#1266=VECTOR('',#4343,10.);
#1267=VECTOR('',#4344,10.);
#1268=VECTOR('',#4347,10.);
#1269=VECTOR('',#4348,10.);
#1270=VECTOR('',#4351,10.);
#1271=VECTOR('',#4352,10.);
#1272=VECTOR('',#4355,10.);
#1273=VECTOR('',#4362,10.);
#1274=VECTOR('',#4363,10.);
#1275=VECTOR('',#4402,10.);
#1276=VECTOR('',#4449,10.);
#1277=VECTOR('',#4456,10.);
#1278=VECTOR('',#4457,10.);
#1279=VECTOR('',#4514,0.9);
#1280=VECTOR('',#4519,0.9);
#1281=VECTOR('',#4524,0.9);
#1282=VECTOR('',#4529,0.9);
#1283=VECTOR('',#4532,0.9);
#1284=VECTOR('',#4537,0.9);
#1285=VECTOR('',#4544,0.9);
#1286=VECTOR('',#4549,0.9);
#1287=VECTOR('',#4558,2.);
#1288=VECTOR('',#4567,2.);
#1289=VECTOR('',#4576,1.99999993983255);
#1290=VECTOR('',#4585,2.);
#1291=VECTOR('',#4594,2.);
#1292=VECTOR('',#4603,2.);
#1293=VECTOR('',#4608,2.75);
#1294=VECTOR('',#4615,2.75);
#1295=VECTOR('',#4622,2.75);
#1296=VECTOR('',#4629,2.75);
#1297=VECTOR('',#4636,2.75);
#1298=VECTOR('',#4643,2.75);
#1299=VECTOR('',#4690,10.);
#1300=VECTOR('',#4693,10.);
#1301=VECTOR('',#4724,10.);
#1302=VECTOR('',#4725,10.);
#1303=VECTOR('',#4726,10.);
#1304=VECTOR('',#4729,10.);
#1305=VECTOR('',#4734,10.);
#1306=VECTOR('',#4735,10.);
#1307=VECTOR('',#4770,10.);
#1308=VECTOR('',#4771,10.);
#1309=VECTOR('',#4774,10.);
#1310=VECTOR('',#4775,10.);
#1311=VECTOR('',#4778,10.);
#1312=VECTOR('',#4781,10.);
#1313=VECTOR('',#4782,10.);
#1314=VECTOR('',#4783,10.);
#1315=VECTOR('',#4786,10.);
#1316=VECTOR('',#4789,10.);
#1317=VECTOR('',#4790,10.);
#1318=VECTOR('',#4791,10.);
#1319=VECTOR('',#4794,10.);
#1320=VECTOR('',#4797,10.);
#1321=VECTOR('',#4800,10.);
#1322=VECTOR('',#4803,10.);
#1323=VECTOR('',#4804,10.);
#1324=VECTOR('',#4805,10.);
#1325=VECTOR('',#4808,10.);
#1326=VECTOR('',#4811,10.);
#1327=VECTOR('',#4812,10.);
#1328=VECTOR('',#4813,10.);
#1329=VECTOR('',#4816,10.);
#1330=VECTOR('',#4819,10.);
#1331=VECTOR('',#4822,10.);
#1332=VECTOR('',#4825,10.);
#1333=VECTOR('',#4826,10.);
#1334=VECTOR('',#4827,10.);
#1335=VECTOR('',#4830,10.);
#1336=VECTOR('',#4833,10.);
#1337=VECTOR('',#4834,10.);
#1338=VECTOR('',#4835,10.);
#1339=VECTOR('',#4838,10.);
#1340=VECTOR('',#4841,10.);
#1341=VECTOR('',#4844,10.);
#1342=VECTOR('',#4847,10.);
#1343=VECTOR('',#4848,10.);
#1344=VECTOR('',#4849,10.);
#1345=VECTOR('',#4852,10.);
#1346=VECTOR('',#4855,10.);
#1347=VECTOR('',#4856,10.);
#1348=VECTOR('',#4857,10.);
#1349=VECTOR('',#4860,10.);
#1350=VECTOR('',#4863,10.);
#1351=VECTOR('',#4866,10.);
#1352=VECTOR('',#4869,10.);
#1353=VECTOR('',#4870,10.);
#1354=VECTOR('',#4871,10.);
#1355=VECTOR('',#4874,10.);
#1356=VECTOR('',#4877,10.);
#1357=VECTOR('',#4878,10.);
#1358=VECTOR('',#4879,10.);
#1359=VECTOR('',#4882,10.);
#1360=VECTOR('',#4885,10.);
#1361=VECTOR('',#4886,10.);
#1362=VECTOR('',#4889,10.);
#1363=VECTOR('',#4890,10.);
#1364=VECTOR('',#4891,10.);
#1365=VECTOR('',#4892,10.);
#1366=VECTOR('',#4895,10.);
#1367=VECTOR('',#4898,10.);
#1368=VECTOR('',#4899,10.);
#1369=VECTOR('',#4900,10.);
#1370=VECTOR('',#4903,10.);
#1371=VECTOR('',#4906,10.);
#1372=VECTOR('',#4909,10.);
#1373=VECTOR('',#4912,10.);
#1374=VECTOR('',#4913,10.);
#1375=VECTOR('',#4914,10.);
#1376=VECTOR('',#4917,10.);
#1377=VECTOR('',#4920,10.);
#1378=VECTOR('',#4921,10.);
#1379=VECTOR('',#4922,10.);
#1380=VECTOR('',#4925,10.);
#1381=VECTOR('',#4928,10.);
#1382=VECTOR('',#4931,10.);
#1383=VECTOR('',#4934,10.);
#1384=VECTOR('',#4935,10.);
#1385=VECTOR('',#4936,10.);
#1386=VECTOR('',#4939,10.);
#1387=VECTOR('',#4942,10.);
#1388=VECTOR('',#4943,10.);
#1389=VECTOR('',#4944,10.);
#1390=VECTOR('',#4947,10.);
#1391=VECTOR('',#4950,10.);
#1392=VECTOR('',#4953,10.);
#1393=VECTOR('',#4956,10.);
#1394=VECTOR('',#4957,10.);
#1395=VECTOR('',#4958,10.);
#1396=VECTOR('',#4961,10.);
#1397=VECTOR('',#4964,10.);
#1398=VECTOR('',#4965,10.);
#1399=VECTOR('',#4966,10.);
#1400=VECTOR('',#4969,10.);
#1401=VECTOR('',#4972,10.);
#1402=VECTOR('',#4975,10.);
#1403=VECTOR('',#4978,10.);
#1404=VECTOR('',#4979,10.);
#1405=VECTOR('',#4980,10.);
#1406=VECTOR('',#4983,10.);
#1407=VECTOR('',#4986,10.);
#1408=VECTOR('',#4989,10.);
#1409=VECTOR('',#4990,10.);
#1410=VECTOR('',#4993,10.);
#1411=VECTOR('',#4994,10.);
#1412=VECTOR('',#4999,10.);
#1413=VECTOR('',#5000,10.);
#1414=VECTOR('',#5005,10.);
#1415=VECTOR('',#5008,10.);
#1416=VECTOR('',#5011,10.);
#1417=VECTOR('',#5014,10.);
#1418=VECTOR('',#5017,10.);
#1419=VECTOR('',#5018,10.);
#1420=VECTOR('',#5021,10.);
#1421=VECTOR('',#5026,10.);
#1422=VECTOR('',#5029,10.);
#1423=VECTOR('',#5032,10.);
#1424=VECTOR('',#5035,10.);
#1425=VECTOR('',#5038,10.);
#1426=VECTOR('',#5041,10.);
#1427=VECTOR('',#5044,10.);
#1428=VECTOR('',#5045,10.);
#1429=VECTOR('',#5048,10.);
#1430=VECTOR('',#5049,10.);
#1431=VECTOR('',#5052,10.);
#1432=VECTOR('',#5055,10.);
#1433=VECTOR('',#5056,10.);
#1434=VECTOR('',#5061,10.);
#1435=VECTOR('',#5062,10.);
#1436=VECTOR('',#5065,10.);
#1437=VECTOR('',#5076,10.);
#1438=VECTOR('',#5079,10.);
#1439=VECTOR('',#5084,10.);
#1440=VECTOR('',#5087,10.);
#1441=VECTOR('',#5092,10.);
#1442=VECTOR('',#5093,10.);
#1443=VECTOR('',#5098,10.);
#1444=VECTOR('',#5099,10.);
#1445=VECTOR('',#5100,10.);
#1446=VECTOR('',#5101,10.);
#1447=VECTOR('',#5104,10.);
#1448=VECTOR('',#5105,10.);
#1449=VECTOR('',#5106,10.);
#1450=VECTOR('',#5107,10.);
#1451=VECTOR('',#5122,1.05);
#1452=VECTOR('',#5127,1.05);
#1453=VERTEX_POINT('',#5151);
#1454=VERTEX_POINT('',#5152);
#1455=VERTEX_POINT('',#5154);
#1456=VERTEX_POINT('',#5156);
#1457=VERTEX_POINT('',#5160);
#1458=VERTEX_POINT('',#5161);
#1459=VERTEX_POINT('',#5163);
#1460=VERTEX_POINT('',#5165);
#1461=VERTEX_POINT('',#5169);
#1462=VERTEX_POINT('',#5171);
#1463=VERTEX_POINT('',#5173);
#1464=VERTEX_POINT('',#5180);
#1465=VERTEX_POINT('',#5182);
#1466=VERTEX_POINT('',#5184);
#1467=VERTEX_POINT('',#5188);
#1468=VERTEX_POINT('',#5189);
#1469=VERTEX_POINT('',#5191);
#1470=VERTEX_POINT('',#5193);
#1471=VERTEX_POINT('',#5197);
#1472=VERTEX_POINT('',#5199);
#1473=VERTEX_POINT('',#5203);
#1474=VERTEX_POINT('',#5205);
#1475=VERTEX_POINT('',#5209);
#1476=VERTEX_POINT('',#5210);
#1477=VERTEX_POINT('',#5212);
#1478=VERTEX_POINT('',#5214);
#1479=VERTEX_POINT('',#5218);
#1480=VERTEX_POINT('',#5220);
#1481=VERTEX_POINT('',#5224);
#1482=VERTEX_POINT('',#5226);
#1483=VERTEX_POINT('',#5233);
#1484=VERTEX_POINT('',#5235);
#1485=VERTEX_POINT('',#5239);
#1486=VERTEX_POINT('',#5241);
#1487=VERTEX_POINT('',#5243);
#1488=VERTEX_POINT('',#5245);
#1489=VERTEX_POINT('',#5247);
#1490=VERTEX_POINT('',#5249);
#1491=VERTEX_POINT('',#5251);
#1492=VERTEX_POINT('',#5253);
#1493=VERTEX_POINT('',#5260);
#1494=VERTEX_POINT('',#5262);
#1495=VERTEX_POINT('',#5269);
#1496=VERTEX_POINT('',#5271);
#1497=VERTEX_POINT('',#5273);
#1498=VERTEX_POINT('',#5280);
#1499=VERTEX_POINT('',#5282);
#1500=VERTEX_POINT('',#5284);
#1501=VERTEX_POINT('',#5289);
#1502=VERTEX_POINT('',#5291);
#1503=VERTEX_POINT('',#5293);
#1504=VERTEX_POINT('',#5300);
#1505=VERTEX_POINT('',#5302);
#1506=VERTEX_POINT('',#5307);
#1507=VERTEX_POINT('',#5309);
#1508=VERTEX_POINT('',#5311);
#1509=VERTEX_POINT('',#5316);
#1510=VERTEX_POINT('',#5318);
#1511=VERTEX_POINT('',#5325);
#1512=VERTEX_POINT('',#5327);
#1513=VERTEX_POINT('',#5329);
#1514=VERTEX_POINT('',#5334);
#1515=VERTEX_POINT('',#5336);
#1516=VERTEX_POINT('',#5343);
#1517=VERTEX_POINT('',#5345);
#1518=VERTEX_POINT('',#5347);
#1519=VERTEX_POINT('',#5354);
#1520=VERTEX_POINT('',#5356);
#1521=VERTEX_POINT('',#5363);
#1522=VERTEX_POINT('',#5365);
#1523=VERTEX_POINT('',#5367);
#1524=VERTEX_POINT('',#5374);
#1525=VERTEX_POINT('',#5376);
#1526=VERTEX_POINT('',#5383);
#1527=VERTEX_POINT('',#5385);
#1528=VERTEX_POINT('',#5387);
#1529=VERTEX_POINT('',#5394);
#1530=VERTEX_POINT('',#5396);
#1531=VERTEX_POINT('',#5398);
#1532=VERTEX_POINT('',#5400);
#1533=VERTEX_POINT('',#5402);
#1534=VERTEX_POINT('',#5404);
#1535=VERTEX_POINT('',#5406);
#1536=VERTEX_POINT('',#5413);
#1537=VERTEX_POINT('',#5415);
#1538=VERTEX_POINT('',#5417);
#1539=VERTEX_POINT('',#5424);
#1540=VERTEX_POINT('',#5426);
#1541=VERTEX_POINT('',#5433);
#1542=VERTEX_POINT('',#5435);
#1543=VERTEX_POINT('',#5437);
#1544=VERTEX_POINT('',#5442);
#1545=VERTEX_POINT('',#5444);
#1546=VERTEX_POINT('',#5451);
#1547=VERTEX_POINT('',#5453);
#1548=VERTEX_POINT('',#5455);
#1549=VERTEX_POINT('',#5460);
#1550=VERTEX_POINT('',#5462);
#1551=VERTEX_POINT('',#5467);
#1552=VERTEX_POINT('',#5469);
#1553=VERTEX_POINT('',#5471);
#1554=VERTEX_POINT('',#5478);
#1555=VERTEX_POINT('',#5480);
#1556=VERTEX_POINT('',#5485);
#1557=VERTEX_POINT('',#5487);
#1558=VERTEX_POINT('',#5489);
#1559=VERTEX_POINT('',#5494);
#1560=VERTEX_POINT('',#5496);
#1561=VERTEX_POINT('',#5501);
#1562=VERTEX_POINT('',#5503);
#1563=VERTEX_POINT('',#5505);
#1564=VERTEX_POINT('',#5507);
#1565=VERTEX_POINT('',#5509);
#1566=VERTEX_POINT('',#5511);
#1567=VERTEX_POINT('',#5513);
#1568=VERTEX_POINT('',#5515);
#1569=VERTEX_POINT('',#5522);
#1570=VERTEX_POINT('',#5525);
#1571=VERTEX_POINT('',#5527);
#1572=VERTEX_POINT('',#5529);
#1573=VERTEX_POINT('',#5531);
#1574=VERTEX_POINT('',#5533);
#1575=VERTEX_POINT('',#5535);
#1576=VERTEX_POINT('',#5538);
#1577=VERTEX_POINT('',#5540);
#1578=VERTEX_POINT('',#5544);
#1579=VERTEX_POINT('',#5548);
#1580=VERTEX_POINT('',#5552);
#1581=VERTEX_POINT('',#5556);
#1582=VERTEX_POINT('',#5558);
#1583=VERTEX_POINT('',#5560);
#1584=VERTEX_POINT('',#5567);
#1585=VERTEX_POINT('',#5569);
#1586=VERTEX_POINT('',#5571);
#1587=VERTEX_POINT('',#5573);
#1588=VERTEX_POINT('',#5575);
#1589=VERTEX_POINT('',#5577);
#1590=VERTEX_POINT('',#5579);
#1591=VERTEX_POINT('',#5581);
#1592=VERTEX_POINT('',#5586);
#1593=VERTEX_POINT('',#5588);
#1594=VERTEX_POINT('',#5593);
#1595=VERTEX_POINT('',#5595);
#1596=VERTEX_POINT('',#5597);
#1597=VERTEX_POINT('',#5602);
#1598=VERTEX_POINT('',#5604);
#1599=VERTEX_POINT('',#5611);
#1600=VERTEX_POINT('',#5613);
#1601=VERTEX_POINT('',#5615);
#1602=VERTEX_POINT('',#5620);
#1603=VERTEX_POINT('',#5622);
#1604=VERTEX_POINT('',#5627);
#1605=VERTEX_POINT('',#5629);
#1606=VERTEX_POINT('',#5631);
#1607=VERTEX_POINT('',#5638);
#1608=VERTEX_POINT('',#5640);
#1609=VERTEX_POINT('',#5645);
#1610=VERTEX_POINT('',#5647);
#1611=VERTEX_POINT('',#5649);
#1612=VERTEX_POINT('',#5656);
#1613=VERTEX_POINT('',#5658);
#1614=VERTEX_POINT('',#5665);
#1615=VERTEX_POINT('',#5667);
#1616=VERTEX_POINT('',#5669);
#1617=VERTEX_POINT('',#5677);
#1618=VERTEX_POINT('',#5679);
#1619=VERTEX_POINT('',#5686);
#1620=VERTEX_POINT('',#5688);
#1621=VERTEX_POINT('',#5690);
#1622=VERTEX_POINT('',#5697);
#1623=VERTEX_POINT('',#5699);
#1624=VERTEX_POINT('',#5706);
#1625=VERTEX_POINT('',#5708);
#1626=VERTEX_POINT('',#5710);
#1627=VERTEX_POINT('',#5717);
#1628=VERTEX_POINT('',#5719);
#1629=VERTEX_POINT('',#5726);
#1630=VERTEX_POINT('',#5728);
#1631=VERTEX_POINT('',#5730);
#1632=VERTEX_POINT('',#5737);
#1633=VERTEX_POINT('',#5739);
#1634=VERTEX_POINT('',#5744);
#1635=VERTEX_POINT('',#5746);
#1636=VERTEX_POINT('',#5748);
#1637=VERTEX_POINT('',#5755);
#1638=VERTEX_POINT('',#5757);
#1639=VERTEX_POINT('',#5762);
#1640=VERTEX_POINT('',#5764);
#1641=VERTEX_POINT('',#5766);
#1642=VERTEX_POINT('',#5771);
#1643=VERTEX_POINT('',#5773);
#1644=VERTEX_POINT('',#5780);
#1645=VERTEX_POINT('',#5782);
#1646=VERTEX_POINT('',#5784);
#1647=VERTEX_POINT('',#5789);
#1648=VERTEX_POINT('',#5791);
#1649=VERTEX_POINT('',#5793);
#1650=VERTEX_POINT('',#5800);
#1651=VERTEX_POINT('',#5802);
#1652=VERTEX_POINT('',#5804);
#1653=VERTEX_POINT('',#5811);
#1654=VERTEX_POINT('',#5813);
#1655=VERTEX_POINT('',#5820);
#1656=VERTEX_POINT('',#5822);
#1657=VERTEX_POINT('',#5824);
#1658=VERTEX_POINT('',#5826);
#1659=VERTEX_POINT('',#5828);
#1660=VERTEX_POINT('',#5830);
#1661=VERTEX_POINT('',#5833);
#1662=VERTEX_POINT('',#5835);
#1663=VERTEX_POINT('',#5837);
#1664=VERTEX_POINT('',#5839);
#1665=VERTEX_POINT('',#5841);
#1666=VERTEX_POINT('',#5843);
#1667=VERTEX_POINT('',#5848);
#1668=VERTEX_POINT('',#5850);
#1669=VERTEX_POINT('',#5855);
#1670=VERTEX_POINT('',#5857);
#1671=VERTEX_POINT('',#5862);
#1672=VERTEX_POINT('',#5864);
#1673=VERTEX_POINT('',#5866);
#1674=VERTEX_POINT('',#5873);
#1675=VERTEX_POINT('',#5875);
#1676=VERTEX_POINT('',#5880);
#1677=VERTEX_POINT('',#5882);
#1678=VERTEX_POINT('',#5884);
#1679=VERTEX_POINT('',#5891);
#1680=VERTEX_POINT('',#5893);
#1681=VERTEX_POINT('',#5900);
#1682=VERTEX_POINT('',#5902);
#1683=VERTEX_POINT('',#5904);
#1684=VERTEX_POINT('',#5909);
#1685=VERTEX_POINT('',#5911);
#1686=VERTEX_POINT('',#5918);
#1687=VERTEX_POINT('',#5920);
#1688=VERTEX_POINT('',#5922);
#1689=VERTEX_POINT('',#5929);
#1690=VERTEX_POINT('',#5931);
#1691=VERTEX_POINT('',#5938);
#1692=VERTEX_POINT('',#5941);
#1693=VERTEX_POINT('',#5944);
#1694=VERTEX_POINT('',#5948);
#1695=VERTEX_POINT('',#5952);
#1696=VERTEX_POINT('',#5956);
#1697=VERTEX_POINT('',#5962);
#1698=VERTEX_POINT('',#5964);
#1699=VERTEX_POINT('',#5968);
#1700=VERTEX_POINT('',#5972);
#1701=VERTEX_POINT('',#5974);
#1702=VERTEX_POINT('',#5978);
#1703=VERTEX_POINT('',#5981);
#1704=VERTEX_POINT('',#5985);
#1705=VERTEX_POINT('',#5988);
#1706=VERTEX_POINT('',#5992);
#1707=VERTEX_POINT('',#5995);
#1708=VERTEX_POINT('',#5999);
#1709=VERTEX_POINT('',#6002);
#1710=VERTEX_POINT('',#6006);
#1711=VERTEX_POINT('',#6009);
#1712=VERTEX_POINT('',#6013);
#1713=VERTEX_POINT('',#6016);
#1714=VERTEX_POINT('',#6020);
#1715=VERTEX_POINT('',#6025);
#1716=VERTEX_POINT('',#6030);
#1717=VERTEX_POINT('',#6035);
#1718=VERTEX_POINT('',#6040);
#1719=VERTEX_POINT('',#6045);
#1720=VERTEX_POINT('',#6050);
#1721=VERTEX_POINT('',#6052);
#1722=VERTEX_POINT('',#6054);
#1723=VERTEX_POINT('',#6061);
#1724=VERTEX_POINT('',#6063);
#1725=VERTEX_POINT('',#6070);
#1726=VERTEX_POINT('',#6072);
#1727=VERTEX_POINT('',#6074);
#1728=VERTEX_POINT('',#6081);
#1729=VERTEX_POINT('',#6083);
#1730=VERTEX_POINT('',#6088);
#1731=VERTEX_POINT('',#6090);
#1732=VERTEX_POINT('',#6092);
#1733=VERTEX_POINT('',#6099);
#1734=VERTEX_POINT('',#6101);
#1735=VERTEX_POINT('',#6108);
#1736=VERTEX_POINT('',#6110);
#1737=VERTEX_POINT('',#6112);
#1738=VERTEX_POINT('',#6117);
#1739=VERTEX_POINT('',#6119);
#1740=VERTEX_POINT('',#6126);
#1741=VERTEX_POINT('',#6128);
#1742=VERTEX_POINT('',#6130);
#1743=VERTEX_POINT('',#6135);
#1744=VERTEX_POINT('',#6137);
#1745=VERTEX_POINT('',#6146);
#1746=VERTEX_POINT('',#6147);
#1747=VERTEX_POINT('',#6154);
#1748=VERTEX_POINT('',#6156);
#1749=VERTEX_POINT('',#6158);
#1750=VERTEX_POINT('',#6160);
#1751=VERTEX_POINT('',#6162);
#1752=VERTEX_POINT('',#6164);
#1753=VERTEX_POINT('',#6166);
#1754=VERTEX_POINT('',#6171);
#1755=VERTEX_POINT('',#6173);
#1756=VERTEX_POINT('',#6178);
#1757=VERTEX_POINT('',#6180);
#1758=VERTEX_POINT('',#6182);
#1759=VERTEX_POINT('',#6187);
#1760=VERTEX_POINT('',#6189);
#1761=VERTEX_POINT('',#6196);
#1762=VERTEX_POINT('',#6198);
#1763=VERTEX_POINT('',#6200);
#1764=VERTEX_POINT('',#6205);
#1765=VERTEX_POINT('',#6207);
#1766=VERTEX_POINT('',#6214);
#1767=VERTEX_POINT('',#6216);
#1768=VERTEX_POINT('',#6218);
#1769=VERTEX_POINT('',#6225);
#1770=VERTEX_POINT('',#6227);
#1771=VERTEX_POINT('',#6232);
#1772=VERTEX_POINT('',#6236);
#1773=VERTEX_POINT('',#6238);
#1774=VERTEX_POINT('',#6242);
#1775=VERTEX_POINT('',#6246);
#1776=VERTEX_POINT('',#6250);
#1777=VERTEX_POINT('',#6251);
#1778=VERTEX_POINT('',#6258);
#1779=VERTEX_POINT('',#6260);
#1780=VERTEX_POINT('',#6262);
#1781=VERTEX_POINT('',#6267);
#1782=VERTEX_POINT('',#6269);
#1783=VERTEX_POINT('',#6276);
#1784=VERTEX_POINT('',#6278);
#1785=VERTEX_POINT('',#6280);
#1786=VERTEX_POINT('',#6287);
#1787=VERTEX_POINT('',#6289);
#1788=VERTEX_POINT('',#6294);
#1789=VERTEX_POINT('',#6296);
#1790=VERTEX_POINT('',#6298);
#1791=VERTEX_POINT('',#6305);
#1792=VERTEX_POINT('',#6307);
#1793=VERTEX_POINT('',#6312);
#1794=VERTEX_POINT('',#6314);
#1795=VERTEX_POINT('',#6316);
#1796=VERTEX_POINT('',#6321);
#1797=VERTEX_POINT('',#6323);
#1798=VERTEX_POINT('',#6328);
#1799=VERTEX_POINT('',#7022);
#1800=VERTEX_POINT('',#7023);
#1801=VERTEX_POINT('',#7025);
#1802=VERTEX_POINT('',#7027);
#1803=VERTEX_POINT('',#7031);
#1804=VERTEX_POINT('',#7032);
#1805=VERTEX_POINT('',#7034);
#1806=VERTEX_POINT('',#7036);
#1807=VERTEX_POINT('',#7040);
#1808=VERTEX_POINT('',#7043);
#1809=VERTEX_POINT('',#7047);
#1810=VERTEX_POINT('',#7049);
#1811=VERTEX_POINT('',#7051);
#1812=VERTEX_POINT('',#7055);
#1813=VERTEX_POINT('',#7057);
#1814=VERTEX_POINT('',#7059);
#1815=VERTEX_POINT('',#7064);
#1816=VERTEX_POINT('',#7068);
#1817=VERTEX_POINT('',#7071);
#1818=VERTEX_POINT('',#7075);
#1819=EDGE_CURVE('',#1453,#1454,#969,.T.);
#1820=EDGE_CURVE('',#1455,#1454,#970,.T.);
#1821=EDGE_CURVE('',#1456,#1455,#971,.T.);
#1822=EDGE_CURVE('',#1456,#1453,#972,.T.);
#1823=EDGE_CURVE('',#1457,#1458,#973,.T.);
#1824=EDGE_CURVE('',#1459,#1458,#974,.T.);
#1825=EDGE_CURVE('',#1459,#1460,#975,.T.);
#1826=EDGE_CURVE('',#1457,#1460,#976,.T.);
#1827=EDGE_CURVE('',#1461,#1455,#977,.T.);
#1828=EDGE_CURVE('',#1462,#1455,#978,.T.);
#1829=EDGE_CURVE('',#1462,#1463,#979,.T.);
#1830=EDGE_CURVE('',#1461,#1463,#980,.T.);
#1831=EDGE_CURVE('',#1456,#1459,#215,.T.);
#1832=EDGE_CURVE('',#1453,#1458,#216,.T.);
#1833=EDGE_CURVE('',#1460,#1464,#981,.T.);
#1834=EDGE_CURVE('',#1465,#1464,#982,.T.);
#1835=EDGE_CURVE('',#1465,#1466,#983,.T.);
#1836=EDGE_CURVE('',#1460,#1466,#984,.T.);
#1837=EDGE_CURVE('',#1467,#1468,#985,.T.);
#1838=EDGE_CURVE('',#1469,#1467,#986,.T.);
#1839=EDGE_CURVE('',#1470,#1469,#987,.T.);
#1840=EDGE_CURVE('',#1470,#1468,#988,.T.);
#1841=EDGE_CURVE('',#1468,#1471,#989,.T.);
#1842=EDGE_CURVE('',#1472,#1470,#990,.T.);
#1843=EDGE_CURVE('',#1472,#1471,#991,.T.);
#1844=EDGE_CURVE('',#1471,#1473,#992,.T.);
#1845=EDGE_CURVE('',#1474,#1472,#993,.T.);
#1846=EDGE_CURVE('',#1473,#1474,#994,.T.);
#1847=EDGE_CURVE('',#1475,#1476,#995,.T.);
#1848=EDGE_CURVE('',#1477,#1475,#996,.T.);
#1849=EDGE_CURVE('',#1478,#1477,#997,.T.);
#1850=EDGE_CURVE('',#1478,#1476,#998,.T.);
#1851=EDGE_CURVE('',#1476,#1479,#999,.T.);
#1852=EDGE_CURVE('',#1480,#1478,#1000,.T.);
#1853=EDGE_CURVE('',#1480,#1479,#1001,.T.);
#1854=EDGE_CURVE('',#1479,#1481,#1002,.T.);
#1855=EDGE_CURVE('',#1482,#1480,#1003,.T.);
#1856=EDGE_CURVE('',#1481,#1482,#1004,.T.);
#1857=EDGE_CURVE('',#1481,#1467,#1005,.T.);
#1858=EDGE_CURVE('',#1469,#1482,#1006,.T.);
#1859=EDGE_CURVE('',#1483,#1475,#1007,.T.);
#1860=EDGE_CURVE('',#1483,#1484,#1008,.T.);
#1861=EDGE_CURVE('',#1477,#1484,#1009,.T.);
#1862=EDGE_CURVE('',#1473,#1485,#1010,.T.);
#1863=EDGE_CURVE('',#1485,#1486,#1011,.T.);
#1864=EDGE_CURVE('',#1486,#1487,#217,.T.);
#1865=EDGE_CURVE('',#1487,#1488,#218,.T.);
#1866=EDGE_CURVE('',#1488,#1489,#219,.T.);
#1867=EDGE_CURVE('',#1489,#1490,#1012,.T.);
#1868=EDGE_CURVE('',#1490,#1491,#220,.T.);
#1869=EDGE_CURVE('',#1491,#1492,#123,.T.);
#1870=EDGE_CURVE('',#1492,#1493,#221,.T.);
#1871=EDGE_CURVE('',#1493,#1494,#124,.T.);
#1872=EDGE_CURVE('',#1494,#1495,#222,.T.);
#1873=EDGE_CURVE('',#1495,#1496,#223,.T.);
#1874=EDGE_CURVE('',#1496,#1497,#125,.T.);
#1875=EDGE_CURVE('',#1497,#1498,#224,.T.);
#1876=EDGE_CURVE('',#1498,#1499,#225,.T.);
#1877=EDGE_CURVE('',#1499,#1500,#126,.T.);
#1878=EDGE_CURVE('',#1500,#1501,#226,.T.);
#1879=EDGE_CURVE('',#1501,#1502,#227,.T.);
#1880=EDGE_CURVE('',#1502,#1503,#127,.T.);
#1881=EDGE_CURVE('',#1503,#1504,#228,.T.);
#1882=EDGE_CURVE('',#1504,#1505,#128,.T.);
#1883=EDGE_CURVE('',#1505,#1506,#229,.T.);
#1884=EDGE_CURVE('',#1506,#1507,#230,.T.);
#1885=EDGE_CURVE('',#1507,#1508,#129,.T.);
#1886=EDGE_CURVE('',#1508,#1509,#231,.T.);
#1887=EDGE_CURVE('',#1509,#1510,#130,.T.);
#1888=EDGE_CURVE('',#1510,#1511,#232,.T.);
#1889=EDGE_CURVE('',#1511,#1512,#233,.T.);
#1890=EDGE_CURVE('',#1512,#1513,#131,.T.);
#1891=EDGE_CURVE('',#1513,#1514,#234,.T.);
#1892=EDGE_CURVE('',#1514,#1515,#132,.T.);
#1893=EDGE_CURVE('',#1515,#1516,#235,.T.);
#1894=EDGE_CURVE('',#1516,#1517,#236,.T.);
#1895=EDGE_CURVE('',#1517,#1518,#133,.T.);
#1896=EDGE_CURVE('',#1518,#1519,#237,.T.);
#1897=EDGE_CURVE('',#1519,#1520,#134,.T.);
#1898=EDGE_CURVE('',#1520,#1521,#238,.T.);
#1899=EDGE_CURVE('',#1521,#1522,#239,.T.);
#1900=EDGE_CURVE('',#1522,#1523,#135,.T.);
#1901=EDGE_CURVE('',#1523,#1524,#240,.T.);
#1902=EDGE_CURVE('',#1524,#1525,#136,.T.);
#1903=EDGE_CURVE('',#1525,#1526,#241,.T.);
#1904=EDGE_CURVE('',#1526,#1527,#242,.T.);
#1905=EDGE_CURVE('',#1527,#1528,#137,.T.);
#1906=EDGE_CURVE('',#1528,#1529,#1013,.T.);
#1907=EDGE_CURVE('',#1529,#1530,#1014,.T.);
#1908=EDGE_CURVE('',#1530,#1531,#1015,.T.);
#1909=EDGE_CURVE('',#1531,#1532,#1016,.T.);
#1910=EDGE_CURVE('',#1532,#1533,#1017,.T.);
#1911=EDGE_CURVE('',#1533,#1534,#243,.T.);
#1912=EDGE_CURVE('',#1534,#1535,#138,.T.);
#1913=EDGE_CURVE('',#1535,#1536,#244,.T.);
#1914=EDGE_CURVE('',#1536,#1537,#245,.T.);
#1915=EDGE_CURVE('',#1537,#1538,#139,.T.);
#1916=EDGE_CURVE('',#1538,#1539,#246,.T.);
#1917=EDGE_CURVE('',#1539,#1540,#140,.T.);
#1918=EDGE_CURVE('',#1540,#1541,#247,.T.);
#1919=EDGE_CURVE('',#1541,#1542,#248,.T.);
#1920=EDGE_CURVE('',#1542,#1543,#141,.T.);
#1921=EDGE_CURVE('',#1543,#1544,#249,.T.);
#1922=EDGE_CURVE('',#1544,#1545,#142,.T.);
#1923=EDGE_CURVE('',#1545,#1546,#250,.T.);
#1924=EDGE_CURVE('',#1546,#1547,#251,.T.);
#1925=EDGE_CURVE('',#1547,#1548,#143,.T.);
#1926=EDGE_CURVE('',#1548,#1549,#252,.T.);
#1927=EDGE_CURVE('',#1549,#1550,#144,.T.);
#1928=EDGE_CURVE('',#1550,#1551,#253,.T.);
#1929=EDGE_CURVE('',#1551,#1552,#254,.T.);
#1930=EDGE_CURVE('',#1552,#1553,#145,.T.);
#1931=EDGE_CURVE('',#1553,#1554,#255,.T.);
#1932=EDGE_CURVE('',#1554,#1555,#146,.T.);
#1933=EDGE_CURVE('',#1555,#1556,#256,.T.);
#1934=EDGE_CURVE('',#1556,#1557,#257,.T.);
#1935=EDGE_CURVE('',#1557,#1558,#147,.T.);
#1936=EDGE_CURVE('',#1558,#1559,#258,.T.);
#1937=EDGE_CURVE('',#1559,#1560,#148,.T.);
#1938=EDGE_CURVE('',#1560,#1561,#259,.T.);
#1939=EDGE_CURVE('',#1561,#1562,#260,.T.);
#1940=EDGE_CURVE('',#1562,#1563,#261,.T.);
#1941=EDGE_CURVE('',#1563,#1564,#1018,.T.);
#1942=EDGE_CURVE('',#1564,#1565,#1019,.T.);
#1943=EDGE_CURVE('',#1565,#1566,#262,.T.);
#1944=EDGE_CURVE('',#1566,#1567,#263,.T.);
#1945=EDGE_CURVE('',#1567,#1568,#149,.T.);
#1946=EDGE_CURVE('',#1568,#1569,#264,.T.);
#1947=EDGE_CURVE('',#1569,#1483,#1020,.T.);
#1948=EDGE_CURVE('',#1570,#1570,#265,.T.);
#1949=EDGE_CURVE('',#1571,#1571,#266,.T.);
#1950=EDGE_CURVE('',#1572,#1572,#267,.T.);
#1951=EDGE_CURVE('',#1573,#1573,#268,.T.);
#1952=EDGE_CURVE('',#1574,#1574,#269,.T.);
#1953=EDGE_CURVE('',#1575,#1575,#270,.T.);
#1954=EDGE_CURVE('',#1576,#1530,#1021,.T.);
#1955=EDGE_CURVE('',#1577,#1576,#1022,.T.);
#1956=EDGE_CURVE('',#1577,#1531,#1023,.T.);
#1957=EDGE_CURVE('',#1578,#1577,#1024,.T.);
#1958=EDGE_CURVE('',#1532,#1578,#1025,.T.);
#1959=EDGE_CURVE('',#1579,#1529,#1026,.T.);
#1960=EDGE_CURVE('',#1576,#1579,#1027,.T.);
#1961=EDGE_CURVE('',#1580,#1578,#1028,.T.);
#1962=EDGE_CURVE('',#1533,#1580,#1029,.T.);
#1963=EDGE_CURVE('',#1484,#1581,#1030,.T.);
#1964=EDGE_CURVE('',#1581,#1582,#271,.T.);
#1965=EDGE_CURVE('',#1582,#1583,#150,.T.);
#1966=EDGE_CURVE('',#1583,#1584,#272,.T.);
#1967=EDGE_CURVE('',#1584,#1585,#273,.T.);
#1968=EDGE_CURVE('',#1585,#1586,#1031,.T.);
#1969=EDGE_CURVE('',#1586,#1587,#1032,.T.);
#1970=EDGE_CURVE('',#1587,#1588,#274,.T.);
#1971=EDGE_CURVE('',#1588,#1589,#275,.T.);
#1972=EDGE_CURVE('',#1589,#1590,#276,.T.);
#1973=EDGE_CURVE('',#1590,#1591,#151,.T.);
#1974=EDGE_CURVE('',#1591,#1592,#277,.T.);
#1975=EDGE_CURVE('',#1592,#1593,#152,.T.);
#1976=EDGE_CURVE('',#1593,#1594,#278,.T.);
#1977=EDGE_CURVE('',#1594,#1595,#279,.T.);
#1978=EDGE_CURVE('',#1595,#1596,#153,.T.);
#1979=EDGE_CURVE('',#1596,#1597,#280,.T.);
#1980=EDGE_CURVE('',#1597,#1598,#154,.T.);
#1981=EDGE_CURVE('',#1598,#1599,#281,.T.);
#1982=EDGE_CURVE('',#1599,#1600,#282,.T.);
#1983=EDGE_CURVE('',#1600,#1601,#155,.T.);
#1984=EDGE_CURVE('',#1601,#1602,#283,.T.);
#1985=EDGE_CURVE('',#1602,#1603,#156,.T.);
#1986=EDGE_CURVE('',#1603,#1604,#284,.T.);
#1987=EDGE_CURVE('',#1604,#1605,#285,.T.);
#1988=EDGE_CURVE('',#1605,#1606,#157,.T.);
#1989=EDGE_CURVE('',#1606,#1607,#286,.T.);
#1990=EDGE_CURVE('',#1607,#1608,#158,.T.);
#1991=EDGE_CURVE('',#1608,#1609,#287,.T.);
#1992=EDGE_CURVE('',#1609,#1610,#288,.T.);
#1993=EDGE_CURVE('',#1610,#1611,#159,.T.);
#1994=EDGE_CURVE('',#1611,#1612,#289,.T.);
#1995=EDGE_CURVE('',#1612,#1613,#160,.T.);
#1996=EDGE_CURVE('',#1613,#1614,#290,.T.);
#1997=EDGE_CURVE('',#1614,#1615,#291,.T.);
#1998=EDGE_CURVE('',#1615,#1616,#161,.T.);
#1999=EDGE_CURVE('',#1616,#1580,#292,.T.);
#2000=EDGE_CURVE('',#1579,#1617,#1033,.T.);
#2001=EDGE_CURVE('',#1617,#1618,#162,.T.);
#2002=EDGE_CURVE('',#1618,#1619,#293,.T.);
#2003=EDGE_CURVE('',#1619,#1620,#294,.T.);
#2004=EDGE_CURVE('',#1620,#1621,#163,.T.);
#2005=EDGE_CURVE('',#1621,#1622,#295,.T.);
#2006=EDGE_CURVE('',#1622,#1623,#164,.T.);
#2007=EDGE_CURVE('',#1623,#1624,#296,.T.);
#2008=EDGE_CURVE('',#1624,#1625,#297,.T.);
#2009=EDGE_CURVE('',#1625,#1626,#165,.T.);
#2010=EDGE_CURVE('',#1626,#1627,#298,.T.);
#2011=EDGE_CURVE('',#1627,#1628,#166,.T.);
#2012=EDGE_CURVE('',#1628,#1629,#299,.T.);
#2013=EDGE_CURVE('',#1629,#1630,#300,.T.);
#2014=EDGE_CURVE('',#1630,#1631,#167,.T.);
#2015=EDGE_CURVE('',#1631,#1632,#301,.T.);
#2016=EDGE_CURVE('',#1632,#1633,#168,.T.);
#2017=EDGE_CURVE('',#1633,#1634,#302,.T.);
#2018=EDGE_CURVE('',#1634,#1635,#303,.T.);
#2019=EDGE_CURVE('',#1635,#1636,#169,.T.);
#2020=EDGE_CURVE('',#1636,#1637,#304,.T.);
#2021=EDGE_CURVE('',#1637,#1638,#170,.T.);
#2022=EDGE_CURVE('',#1638,#1639,#305,.T.);
#2023=EDGE_CURVE('',#1639,#1640,#306,.T.);
#2024=EDGE_CURVE('',#1640,#1641,#171,.T.);
#2025=EDGE_CURVE('',#1641,#1642,#307,.T.);
#2026=EDGE_CURVE('',#1642,#1643,#172,.T.);
#2027=EDGE_CURVE('',#1643,#1644,#308,.T.);
#2028=EDGE_CURVE('',#1644,#1645,#309,.T.);
#2029=EDGE_CURVE('',#1645,#1646,#173,.T.);
#2030=EDGE_CURVE('',#1646,#1647,#310,.T.);
#2031=EDGE_CURVE('',#1647,#1648,#311,.T.);
#2032=EDGE_CURVE('',#1648,#1649,#174,.T.);
#2033=EDGE_CURVE('',#1649,#1650,#312,.T.);
#2034=EDGE_CURVE('',#1650,#1651,#313,.T.);
#2035=EDGE_CURVE('',#1651,#1652,#175,.T.);
#2036=EDGE_CURVE('',#1652,#1653,#314,.T.);
#2037=EDGE_CURVE('',#1653,#1654,#176,.T.);
#2038=EDGE_CURVE('',#1654,#1655,#315,.T.);
#2039=EDGE_CURVE('',#1655,#1656,#1034,.T.);
#2040=EDGE_CURVE('',#1656,#1657,#316,.T.);
#2041=EDGE_CURVE('',#1657,#1658,#317,.T.);
#2042=EDGE_CURVE('',#1658,#1659,#318,.T.);
#2043=EDGE_CURVE('',#1659,#1660,#1035,.T.);
#2044=EDGE_CURVE('',#1660,#1474,#1036,.T.);
#2045=EDGE_CURVE('',#1661,#1661,#319,.T.);
#2046=EDGE_CURVE('',#1662,#1662,#320,.T.);
#2047=EDGE_CURVE('',#1663,#1663,#321,.T.);
#2048=EDGE_CURVE('',#1664,#1664,#322,.T.);
#2049=EDGE_CURVE('',#1665,#1665,#323,.T.);
#2050=EDGE_CURVE('',#1666,#1666,#324,.T.);
#2051=EDGE_CURVE('',#1464,#1461,#325,.T.);
#2052=EDGE_CURVE('',#1667,#1457,#326,.T.);
#2053=EDGE_CURVE('',#1668,#1667,#177,.T.);
#2054=EDGE_CURVE('',#1669,#1668,#327,.T.);
#2055=EDGE_CURVE('',#1670,#1669,#178,.T.);
#2056=EDGE_CURVE('',#1671,#1670,#328,.T.);
#2057=EDGE_CURVE('',#1672,#1671,#329,.T.);
#2058=EDGE_CURVE('',#1673,#1672,#179,.T.);
#2059=EDGE_CURVE('',#1674,#1673,#330,.T.);
#2060=EDGE_CURVE('',#1675,#1674,#180,.T.);
#2061=EDGE_CURVE('',#1676,#1675,#331,.T.);
#2062=EDGE_CURVE('',#1677,#1676,#332,.T.);
#2063=EDGE_CURVE('',#1678,#1677,#181,.T.);
#2064=EDGE_CURVE('',#1679,#1678,#333,.T.);
#2065=EDGE_CURVE('',#1680,#1679,#182,.T.);
#2066=EDGE_CURVE('',#1681,#1680,#334,.T.);
#2067=EDGE_CURVE('',#1682,#1681,#335,.T.);
#2068=EDGE_CURVE('',#1683,#1682,#183,.T.);
#2069=EDGE_CURVE('',#1684,#1683,#336,.T.);
#2070=EDGE_CURVE('',#1685,#1684,#184,.T.);
#2071=EDGE_CURVE('',#1686,#1685,#337,.T.);
#2072=EDGE_CURVE('',#1687,#1686,#338,.T.);
#2073=EDGE_CURVE('',#1688,#1687,#185,.T.);
#2074=EDGE_CURVE('',#1689,#1688,#339,.T.);
#2075=EDGE_CURVE('',#1690,#1689,#186,.T.);
#2076=EDGE_CURVE('',#1691,#1690,#340,.T.);
#2077=EDGE_CURVE('',#1454,#1691,#341,.T.);
#2078=EDGE_CURVE('',#1692,#1692,#342,.T.);
#2079=EDGE_CURVE('',#1693,#1693,#343,.T.);
#2080=EDGE_CURVE('',#1693,#1570,#1037,.T.);
#2081=EDGE_CURVE('',#1694,#1694,#344,.T.);
#2082=EDGE_CURVE('',#1694,#1571,#1038,.T.);
#2083=EDGE_CURVE('',#1695,#1695,#345,.T.);
#2084=EDGE_CURVE('',#1695,#1572,#1039,.T.);
#2085=EDGE_CURVE('',#1696,#1696,#346,.T.);
#2086=EDGE_CURVE('',#1696,#1661,#1040,.T.);
#2087=EDGE_CURVE('',#1692,#1662,#1041,.T.);
#2088=EDGE_CURVE('',#1697,#1697,#347,.T.);
#2089=EDGE_CURVE('',#1697,#1698,#1042,.T.);
#2090=EDGE_CURVE('',#1698,#1698,#348,.T.);
#2091=EDGE_CURVE('',#1699,#1699,#349,.T.);
#2092=EDGE_CURVE('',#1699,#1663,#1043,.T.);
#2093=EDGE_CURVE('',#1700,#1700,#350,.T.);
#2094=EDGE_CURVE('',#1700,#1701,#1044,.T.);
#2095=EDGE_CURVE('',#1701,#1701,#351,.T.);
#2096=EDGE_CURVE('',#1702,#1702,#352,.T.);
#2097=EDGE_CURVE('',#1702,#1703,#1045,.T.);
#2098=EDGE_CURVE('',#1703,#1703,#353,.T.);
#2099=EDGE_CURVE('',#1704,#1704,#354,.T.);
#2100=EDGE_CURVE('',#1704,#1705,#1046,.T.);
#2101=EDGE_CURVE('',#1705,#1705,#355,.T.);
#2102=EDGE_CURVE('',#1706,#1706,#356,.T.);
#2103=EDGE_CURVE('',#1706,#1707,#1047,.T.);
#2104=EDGE_CURVE('',#1707,#1707,#357,.T.);
#2105=EDGE_CURVE('',#1708,#1708,#358,.T.);
#2106=EDGE_CURVE('',#1708,#1709,#1048,.T.);
#2107=EDGE_CURVE('',#1709,#1709,#359,.T.);
#2108=EDGE_CURVE('',#1710,#1710,#360,.T.);
#2109=EDGE_CURVE('',#1710,#1711,#1049,.T.);
#2110=EDGE_CURVE('',#1711,#1711,#361,.T.);
#2111=EDGE_CURVE('',#1712,#1712,#362,.T.);
#2112=EDGE_CURVE('',#1712,#1713,#1050,.T.);
#2113=EDGE_CURVE('',#1713,#1713,#363,.T.);
#2114=EDGE_CURVE('',#1573,#1714,#1051,.T.);
#2115=EDGE_CURVE('',#1714,#1714,#364,.T.);
#2116=EDGE_CURVE('',#1574,#1715,#1052,.T.);
#2117=EDGE_CURVE('',#1715,#1715,#365,.T.);
#2118=EDGE_CURVE('',#1575,#1716,#1053,.T.);
#2119=EDGE_CURVE('',#1716,#1716,#366,.T.);
#2120=EDGE_CURVE('',#1664,#1717,#1054,.T.);
#2121=EDGE_CURVE('',#1717,#1717,#367,.T.);
#2122=EDGE_CURVE('',#1665,#1718,#1055,.T.);
#2123=EDGE_CURVE('',#1718,#1718,#368,.T.);
#2124=EDGE_CURVE('',#1666,#1719,#1056,.T.);
#2125=EDGE_CURVE('',#1719,#1719,#369,.T.);
#2126=EDGE_CURVE('',#1720,#1462,#370,.T.);
#2127=EDGE_CURVE('',#1721,#1720,#371,.T.);
#2128=EDGE_CURVE('',#1722,#1721,#187,.T.);
#2129=EDGE_CURVE('',#1723,#1722,#372,.T.);
#2130=EDGE_CURVE('',#1724,#1723,#188,.T.);
#2131=EDGE_CURVE('',#1725,#1724,#373,.T.);
#2132=EDGE_CURVE('',#1726,#1725,#374,.T.);
#2133=EDGE_CURVE('',#1727,#1726,#189,.T.);
#2134=EDGE_CURVE('',#1728,#1727,#375,.T.);
#2135=EDGE_CURVE('',#1729,#1728,#190,.T.);
#2136=EDGE_CURVE('',#1730,#1729,#376,.T.);
#2137=EDGE_CURVE('',#1731,#1730,#377,.T.);
#2138=EDGE_CURVE('',#1732,#1731,#191,.T.);
#2139=EDGE_CURVE('',#1733,#1732,#378,.T.);
#2140=EDGE_CURVE('',#1734,#1733,#192,.T.);
#2141=EDGE_CURVE('',#1735,#1734,#379,.T.);
#2142=EDGE_CURVE('',#1736,#1735,#380,.T.);
#2143=EDGE_CURVE('',#1737,#1736,#193,.T.);
#2144=EDGE_CURVE('',#1738,#1737,#381,.T.);
#2145=EDGE_CURVE('',#1739,#1738,#194,.T.);
#2146=EDGE_CURVE('',#1740,#1739,#382,.T.);
#2147=EDGE_CURVE('',#1741,#1740,#383,.T.);
#2148=EDGE_CURVE('',#1742,#1741,#195,.T.);
#2149=EDGE_CURVE('',#1743,#1742,#384,.T.);
#2150=EDGE_CURVE('',#1744,#1743,#196,.T.);
#2151=EDGE_CURVE('',#1466,#1744,#385,.T.);
#2152=EDGE_CURVE('',#1463,#1465,#386,.T.);
#2153=EDGE_CURVE('',#1745,#1746,#197,.T.);
#2154=EDGE_CURVE('',#1747,#1745,#387,.T.);
#2155=EDGE_CURVE('',#1748,#1747,#1057,.T.);
#2156=EDGE_CURVE('',#1749,#1748,#388,.T.);
#2157=EDGE_CURVE('',#1750,#1749,#1058,.T.);
#2158=EDGE_CURVE('',#1751,#1750,#389,.T.);
#2159=EDGE_CURVE('',#1752,#1751,#390,.T.);
#2160=EDGE_CURVE('',#1753,#1752,#198,.T.);
#2161=EDGE_CURVE('',#1754,#1753,#391,.T.);
#2162=EDGE_CURVE('',#1755,#1754,#199,.T.);
#2163=EDGE_CURVE('',#1756,#1755,#392,.T.);
#2164=EDGE_CURVE('',#1757,#1756,#393,.T.);
#2165=EDGE_CURVE('',#1758,#1757,#200,.T.);
#2166=EDGE_CURVE('',#1759,#1758,#394,.T.);
#2167=EDGE_CURVE('',#1760,#1759,#201,.T.);
#2168=EDGE_CURVE('',#1761,#1760,#395,.T.);
#2169=EDGE_CURVE('',#1762,#1761,#396,.T.);
#2170=EDGE_CURVE('',#1763,#1762,#202,.T.);
#2171=EDGE_CURVE('',#1764,#1763,#397,.T.);
#2172=EDGE_CURVE('',#1765,#1764,#203,.T.);
#2173=EDGE_CURVE('',#1766,#1765,#398,.T.);
#2174=EDGE_CURVE('',#1767,#1766,#399,.T.);
#2175=EDGE_CURVE('',#1768,#1767,#204,.T.);
#2176=EDGE_CURVE('',#1769,#1768,#400,.T.);
#2177=EDGE_CURVE('',#1770,#1769,#205,.T.);
#2178=EDGE_CURVE('',#1771,#1770,#401,.T.);
#2179=EDGE_CURVE('',#1746,#1771,#402,.T.);
#2180=EDGE_CURVE('',#1750,#1772,#1059,.T.);
#2181=EDGE_CURVE('',#1749,#1773,#1060,.T.);
#2182=EDGE_CURVE('',#1773,#1772,#1061,.T.);
#2183=EDGE_CURVE('',#1748,#1774,#1062,.T.);
#2184=EDGE_CURVE('',#1774,#1773,#403,.T.);
#2185=EDGE_CURVE('',#1747,#1775,#1063,.T.);
#2186=EDGE_CURVE('',#1775,#1774,#1064,.T.);
#2187=EDGE_CURVE('',#1776,#1777,#206,.T.);
#2188=EDGE_CURVE('',#1778,#1776,#404,.T.);
#2189=EDGE_CURVE('',#1779,#1778,#405,.T.);
#2190=EDGE_CURVE('',#1780,#1779,#207,.T.);
#2191=EDGE_CURVE('',#1781,#1780,#406,.T.);
#2192=EDGE_CURVE('',#1782,#1781,#208,.T.);
#2193=EDGE_CURVE('',#1783,#1782,#407,.T.);
#2194=EDGE_CURVE('',#1784,#1783,#408,.T.);
#2195=EDGE_CURVE('',#1785,#1784,#209,.T.);
#2196=EDGE_CURVE('',#1786,#1785,#409,.T.);
#2197=EDGE_CURVE('',#1787,#1786,#210,.T.);
#2198=EDGE_CURVE('',#1788,#1787,#410,.T.);
#2199=EDGE_CURVE('',#1789,#1788,#411,.T.);
#2200=EDGE_CURVE('',#1790,#1789,#211,.T.);
#2201=EDGE_CURVE('',#1791,#1790,#412,.T.);
#2202=EDGE_CURVE('',#1792,#1791,#212,.T.);
#2203=EDGE_CURVE('',#1793,#1792,#413,.T.);
#2204=EDGE_CURVE('',#1794,#1793,#414,.T.);
#2205=EDGE_CURVE('',#1795,#1794,#213,.T.);
#2206=EDGE_CURVE('',#1796,#1795,#415,.T.);
#2207=EDGE_CURVE('',#1797,#1796,#214,.T.);
#2208=EDGE_CURVE('',#1798,#1797,#416,.T.);
#2209=EDGE_CURVE('',#1772,#1798,#417,.T.);
#2210=EDGE_CURVE('',#1777,#1775,#418,.T.);
#2211=EDGE_CURVE('',#1562,#1462,#1065,.T.);
#2212=EDGE_CURVE('',#1561,#1720,#1066,.T.);
#2213=EDGE_CURVE('',#1691,#1589,#1067,.T.);
#2214=EDGE_CURVE('',#1454,#1588,#1068,.T.);
#2215=EDGE_CURVE('',#1560,#1721,#1069,.T.);
#2216=EDGE_CURVE('',#1690,#1590,#1070,.T.);
#2217=EDGE_CURVE('',#1559,#1722,#1071,.T.);
#2218=EDGE_CURVE('',#1689,#1591,#1072,.T.);
#2219=EDGE_CURVE('',#1558,#1723,#1073,.T.);
#2220=EDGE_CURVE('',#1688,#1592,#1074,.T.);
#2221=EDGE_CURVE('',#1557,#1724,#1075,.T.);
#2222=EDGE_CURVE('',#1687,#1593,#1076,.T.);
#2223=EDGE_CURVE('',#1556,#1725,#1077,.T.);
#2224=EDGE_CURVE('',#1686,#1594,#1078,.T.);
#2225=EDGE_CURVE('',#1555,#1726,#1079,.T.);
#2226=EDGE_CURVE('',#1685,#1595,#1080,.T.);
#2227=EDGE_CURVE('',#1554,#1727,#1081,.T.);
#2228=EDGE_CURVE('',#1684,#1596,#1082,.T.);
#2229=EDGE_CURVE('',#1553,#1728,#1083,.T.);
#2230=EDGE_CURVE('',#1683,#1597,#1084,.T.);
#2231=EDGE_CURVE('',#1552,#1729,#1085,.T.);
#2232=EDGE_CURVE('',#1682,#1598,#1086,.T.);
#2233=EDGE_CURVE('',#1551,#1730,#1087,.T.);
#2234=EDGE_CURVE('',#1681,#1599,#1088,.T.);
#2235=EDGE_CURVE('',#1550,#1731,#1089,.T.);
#2236=EDGE_CURVE('',#1680,#1600,#1090,.T.);
#2237=EDGE_CURVE('',#1549,#1732,#1091,.T.);
#2238=EDGE_CURVE('',#1679,#1601,#1092,.T.);
#2239=EDGE_CURVE('',#1548,#1733,#1093,.T.);
#2240=EDGE_CURVE('',#1678,#1602,#1094,.T.);
#2241=EDGE_CURVE('',#1547,#1734,#1095,.T.);
#2242=EDGE_CURVE('',#1677,#1603,#1096,.T.);
#2243=EDGE_CURVE('',#1546,#1735,#1097,.T.);
#2244=EDGE_CURVE('',#1676,#1604,#1098,.T.);
#2245=EDGE_CURVE('',#1545,#1736,#1099,.T.);
#2246=EDGE_CURVE('',#1675,#1605,#1100,.T.);
#2247=EDGE_CURVE('',#1544,#1737,#1101,.T.);
#2248=EDGE_CURVE('',#1674,#1606,#1102,.T.);
#2249=EDGE_CURVE('',#1543,#1738,#1103,.T.);
#2250=EDGE_CURVE('',#1673,#1607,#1104,.T.);
#2251=EDGE_CURVE('',#1542,#1739,#1105,.T.);
#2252=EDGE_CURVE('',#1672,#1608,#1106,.T.);
#2253=EDGE_CURVE('',#1541,#1740,#1107,.T.);
#2254=EDGE_CURVE('',#1671,#1609,#1108,.T.);
#2255=EDGE_CURVE('',#1540,#1741,#1109,.T.);
#2256=EDGE_CURVE('',#1670,#1610,#1110,.T.);
#2257=EDGE_CURVE('',#1539,#1742,#1111,.T.);
#2258=EDGE_CURVE('',#1669,#1611,#1112,.T.);
#2259=EDGE_CURVE('',#1538,#1743,#1113,.T.);
#2260=EDGE_CURVE('',#1668,#1612,#1114,.T.);
#2261=EDGE_CURVE('',#1537,#1744,#1115,.T.);
#2262=EDGE_CURVE('',#1667,#1613,#1116,.T.);
#2263=EDGE_CURVE('',#1536,#1614,#1117,.T.);
#2264=EDGE_CURVE('',#1521,#1751,#1118,.T.);
#2265=EDGE_CURVE('',#1520,#1752,#1119,.T.);
#2266=EDGE_CURVE('',#1797,#1625,#1120,.T.);
#2267=EDGE_CURVE('',#1798,#1624,#1121,.T.);
#2268=EDGE_CURVE('',#1519,#1753,#1122,.T.);
#2269=EDGE_CURVE('',#1796,#1626,#1123,.T.);
#2270=EDGE_CURVE('',#1518,#1754,#1124,.T.);
#2271=EDGE_CURVE('',#1795,#1627,#1125,.T.);
#2272=EDGE_CURVE('',#1517,#1755,#1126,.T.);
#2273=EDGE_CURVE('',#1794,#1628,#1127,.T.);
#2274=EDGE_CURVE('',#1516,#1756,#1128,.T.);
#2275=EDGE_CURVE('',#1793,#1629,#1129,.T.);
#2276=EDGE_CURVE('',#1515,#1757,#1130,.T.);
#2277=EDGE_CURVE('',#1792,#1630,#1131,.T.);
#2278=EDGE_CURVE('',#1514,#1758,#1132,.T.);
#2279=EDGE_CURVE('',#1791,#1631,#1133,.T.);
#2280=EDGE_CURVE('',#1513,#1759,#1134,.T.);
#2281=EDGE_CURVE('',#1790,#1632,#1135,.T.);
#2282=EDGE_CURVE('',#1512,#1760,#1136,.T.);
#2283=EDGE_CURVE('',#1789,#1633,#1137,.T.);
#2284=EDGE_CURVE('',#1511,#1761,#1138,.T.);
#2285=EDGE_CURVE('',#1788,#1634,#1139,.T.);
#2286=EDGE_CURVE('',#1510,#1762,#1140,.T.);
#2287=EDGE_CURVE('',#1787,#1635,#1141,.T.);
#2288=EDGE_CURVE('',#1509,#1763,#1142,.T.);
#2289=EDGE_CURVE('',#1786,#1636,#1143,.T.);
#2290=EDGE_CURVE('',#1508,#1764,#1144,.T.);
#2291=EDGE_CURVE('',#1785,#1637,#1145,.T.);
#2292=EDGE_CURVE('',#1507,#1765,#1146,.T.);
#2293=EDGE_CURVE('',#1784,#1638,#1147,.T.);
#2294=EDGE_CURVE('',#1506,#1766,#1148,.T.);
#2295=EDGE_CURVE('',#1783,#1639,#1149,.T.);
#2296=EDGE_CURVE('',#1505,#1767,#1150,.T.);
#2297=EDGE_CURVE('',#1782,#1640,#1151,.T.);
#2298=EDGE_CURVE('',#1504,#1768,#1152,.T.);
#2299=EDGE_CURVE('',#1781,#1641,#1153,.T.);
#2300=EDGE_CURVE('',#1503,#1769,#1154,.T.);
#2301=EDGE_CURVE('',#1780,#1642,#1155,.T.);
#2302=EDGE_CURVE('',#1502,#1770,#1156,.T.);
#2303=EDGE_CURVE('',#1779,#1643,#1157,.T.);
#2304=EDGE_CURVE('',#1501,#1771,#1158,.T.);
#2305=EDGE_CURVE('',#1778,#1644,#1159,.T.);
#2306=EDGE_CURVE('',#1500,#1746,#1160,.T.);
#2307=EDGE_CURVE('',#1776,#1645,#1161,.T.);
#2308=EDGE_CURVE('',#1499,#1745,#1162,.T.);
#2309=EDGE_CURVE('',#1777,#1646,#1163,.T.);
#2310=EDGE_CURVE('',#1498,#1747,#1164,.T.);
#2311=EDGE_CURVE('',#1775,#1647,#1165,.T.);
#2312=EDGE_CURVE('',#1620,#1525,#1166,.T.);
#2313=EDGE_CURVE('',#1526,#1619,#1167,.T.);
#2314=EDGE_CURVE('',#1527,#1618,#1168,.T.);
#2315=EDGE_CURVE('',#1528,#1617,#1169,.T.);
#2316=EDGE_CURVE('',#1534,#1616,#1170,.T.);
#2317=EDGE_CURVE('',#1535,#1615,#1171,.T.);
#2318=EDGE_CURVE('',#1563,#1587,#1172,.T.);
#2319=EDGE_CURVE('',#1564,#1586,#1173,.T.);
#2320=EDGE_CURVE('',#1565,#1585,#1174,.T.);
#2321=EDGE_CURVE('',#1566,#1584,#1175,.T.);
#2322=EDGE_CURVE('',#1567,#1583,#1176,.T.);
#2323=EDGE_CURVE('',#1568,#1582,#1177,.T.);
#2324=EDGE_CURVE('',#1569,#1581,#1178,.T.);
#2325=EDGE_CURVE('',#1485,#1660,#1179,.T.);
#2326=EDGE_CURVE('',#1486,#1659,#1180,.T.);
#2327=EDGE_CURVE('',#1487,#1658,#1181,.T.);
#2328=EDGE_CURVE('',#1488,#1657,#1182,.T.);
#2329=EDGE_CURVE('',#1489,#1656,#1183,.T.);
#2330=EDGE_CURVE('',#1490,#1655,#1184,.T.);
#2331=EDGE_CURVE('',#1491,#1654,#1185,.T.);
#2332=EDGE_CURVE('',#1492,#1653,#1186,.T.);
#2333=EDGE_CURVE('',#1493,#1652,#1187,.T.);
#2334=EDGE_CURVE('',#1494,#1651,#1188,.T.);
#2335=EDGE_CURVE('',#1495,#1650,#1189,.T.);
#2336=EDGE_CURVE('',#1496,#1649,#1190,.T.);
#2337=EDGE_CURVE('',#1497,#1648,#1191,.T.);
#2338=EDGE_CURVE('',#1522,#1623,#1192,.T.);
#2339=EDGE_CURVE('',#1523,#1622,#1193,.T.);
#2340=EDGE_CURVE('',#1524,#1621,#1194,.T.);
#2341=EDGE_CURVE('',#1799,#1800,#419,.T.);
#2342=EDGE_CURVE('',#1801,#1799,#1195,.T.);
#2343=EDGE_CURVE('',#1801,#1802,#420,.T.);
#2344=EDGE_CURVE('',#1800,#1802,#1196,.T.);
#2345=EDGE_CURVE('',#1803,#1804,#421,.T.);
#2346=EDGE_CURVE('',#1805,#1803,#1197,.T.);
#2347=EDGE_CURVE('',#1805,#1806,#422,.T.);
#2348=EDGE_CURVE('',#1804,#1806,#1198,.T.);
#2349=EDGE_CURVE('',#1807,#1805,#423,.T.);
#2350=EDGE_CURVE('',#1802,#1807,#1199,.T.);
#2351=EDGE_CURVE('',#1808,#1801,#1200,.T.);
#2352=EDGE_CURVE('',#1806,#1808,#424,.T.);
#2353=EDGE_CURVE('',#1809,#1799,#1201,.T.);
#2354=EDGE_CURVE('',#1810,#1809,#1202,.T.);
#2355=EDGE_CURVE('',#1811,#1810,#1203,.T.);
#2356=EDGE_CURVE('',#1811,#1808,#1204,.T.);
#2357=EDGE_CURVE('',#1812,#1807,#1205,.T.);
#2358=EDGE_CURVE('',#1812,#1813,#1206,.T.);
#2359=EDGE_CURVE('',#1813,#1814,#1207,.T.);
#2360=EDGE_CURVE('',#1800,#1814,#1208,.T.);
#2361=EDGE_CURVE('',#1804,#1803,#425,.T.);
#2362=EDGE_CURVE('',#1815,#1815,#426,.T.);
#2363=EDGE_CURVE('',#1814,#1809,#427,.T.);
#2364=EDGE_CURVE('',#1816,#1816,#428,.T.);
#2365=EDGE_CURVE('',#1816,#1817,#1209,.T.);
#2366=EDGE_CURVE('',#1817,#1817,#429,.T.);
#2367=EDGE_CURVE('',#1815,#1818,#1210,.T.);
#2368=EDGE_CURVE('',#1818,#1818,#430,.T.);
#2369=EDGE_CURVE('',#1811,#1812,#431,.T.);
#2370=EDGE_CURVE('',#1813,#1810,#432,.T.);
#2371=ORIENTED_EDGE('',*,*,#1819,.T.);
#2372=ORIENTED_EDGE('',*,*,#1820,.F.);
#2373=ORIENTED_EDGE('',*,*,#1821,.F.);
#2374=ORIENTED_EDGE('',*,*,#1822,.T.);
#2375=ORIENTED_EDGE('',*,*,#1823,.T.);
#2376=ORIENTED_EDGE('',*,*,#1824,.F.);
#2377=ORIENTED_EDGE('',*,*,#1825,.T.);
#2378=ORIENTED_EDGE('',*,*,#1826,.F.);
#2379=ORIENTED_EDGE('',*,*,#1827,.T.);
#2380=ORIENTED_EDGE('',*,*,#1828,.F.);
#2381=ORIENTED_EDGE('',*,*,#1829,.T.);
#2382=ORIENTED_EDGE('',*,*,#1830,.F.);
#2383=ORIENTED_EDGE('',*,*,#1822,.F.);
#2384=ORIENTED_EDGE('',*,*,#1831,.T.);
#2385=ORIENTED_EDGE('',*,*,#1824,.T.);
#2386=ORIENTED_EDGE('',*,*,#1832,.F.);
#2387=ORIENTED_EDGE('',*,*,#1833,.T.);
#2388=ORIENTED_EDGE('',*,*,#1834,.F.);
#2389=ORIENTED_EDGE('',*,*,#1835,.T.);
#2390=ORIENTED_EDGE('',*,*,#1836,.F.);
#2391=ORIENTED_EDGE('',*,*,#1837,.F.);
#2392=ORIENTED_EDGE('',*,*,#1838,.F.);
#2393=ORIENTED_EDGE('',*,*,#1839,.F.);
#2394=ORIENTED_EDGE('',*,*,#1840,.T.);
#2395=ORIENTED_EDGE('',*,*,#1841,.F.);
#2396=ORIENTED_EDGE('',*,*,#1840,.F.);
#2397=ORIENTED_EDGE('',*,*,#1842,.F.);
#2398=ORIENTED_EDGE('',*,*,#1843,.T.);
#2399=ORIENTED_EDGE('',*,*,#1844,.F.);
#2400=ORIENTED_EDGE('',*,*,#1843,.F.);
#2401=ORIENTED_EDGE('',*,*,#1845,.F.);
#2402=ORIENTED_EDGE('',*,*,#1846,.F.);
#2403=ORIENTED_EDGE('',*,*,#1847,.F.);
#2404=ORIENTED_EDGE('',*,*,#1848,.F.);
#2405=ORIENTED_EDGE('',*,*,#1849,.F.);
#2406=ORIENTED_EDGE('',*,*,#1850,.T.);
#2407=ORIENTED_EDGE('',*,*,#1851,.F.);
#2408=ORIENTED_EDGE('',*,*,#1850,.F.);
#2409=ORIENTED_EDGE('',*,*,#1852,.F.);
#2410=ORIENTED_EDGE('',*,*,#1853,.T.);
#2411=ORIENTED_EDGE('',*,*,#1854,.F.);
#2412=ORIENTED_EDGE('',*,*,#1853,.F.);
#2413=ORIENTED_EDGE('',*,*,#1855,.F.);
#2414=ORIENTED_EDGE('',*,*,#1856,.F.);
#2415=ORIENTED_EDGE('',*,*,#1838,.T.);
#2416=ORIENTED_EDGE('',*,*,#1857,.F.);
#2417=ORIENTED_EDGE('',*,*,#1856,.T.);
#2418=ORIENTED_EDGE('',*,*,#1858,.F.);
#2419=ORIENTED_EDGE('',*,*,#1848,.T.);
#2420=ORIENTED_EDGE('',*,*,#1859,.F.);
#2421=ORIENTED_EDGE('',*,*,#1860,.T.);
#2422=ORIENTED_EDGE('',*,*,#1861,.F.);
#2423=ORIENTED_EDGE('',*,*,#1837,.T.);
#2424=ORIENTED_EDGE('',*,*,#1841,.T.);
#2425=ORIENTED_EDGE('',*,*,#1844,.T.);
#2426=ORIENTED_EDGE('',*,*,#1862,.T.);
#2427=ORIENTED_EDGE('',*,*,#1863,.T.);
#2428=ORIENTED_EDGE('',*,*,#1864,.T.);
#2429=ORIENTED_EDGE('',*,*,#1865,.T.);
#2430=ORIENTED_EDGE('',*,*,#1866,.T.);
#2431=ORIENTED_EDGE('',*,*,#1867,.T.);
#2432=ORIENTED_EDGE('',*,*,#1868,.T.);
#2433=ORIENTED_EDGE('',*,*,#1869,.T.);
#2434=ORIENTED_EDGE('',*,*,#1870,.T.);
#2435=ORIENTED_EDGE('',*,*,#1871,.T.);
#2436=ORIENTED_EDGE('',*,*,#1872,.T.);
#2437=ORIENTED_EDGE('',*,*,#1873,.T.);
#2438=ORIENTED_EDGE('',*,*,#1874,.T.);
#2439=ORIENTED_EDGE('',*,*,#1875,.T.);
#2440=ORIENTED_EDGE('',*,*,#1876,.T.);
#2441=ORIENTED_EDGE('',*,*,#1877,.T.);
#2442=ORIENTED_EDGE('',*,*,#1878,.T.);
#2443=ORIENTED_EDGE('',*,*,#1879,.T.);
#2444=ORIENTED_EDGE('',*,*,#1880,.T.);
#2445=ORIENTED_EDGE('',*,*,#1881,.T.);
#2446=ORIENTED_EDGE('',*,*,#1882,.T.);
#2447=ORIENTED_EDGE('',*,*,#1883,.T.);
#2448=ORIENTED_EDGE('',*,*,#1884,.T.);
#2449=ORIENTED_EDGE('',*,*,#1885,.T.);
#2450=ORIENTED_EDGE('',*,*,#1886,.T.);
#2451=ORIENTED_EDGE('',*,*,#1887,.T.);
#2452=ORIENTED_EDGE('',*,*,#1888,.T.);
#2453=ORIENTED_EDGE('',*,*,#1889,.T.);
#2454=ORIENTED_EDGE('',*,*,#1890,.T.);
#2455=ORIENTED_EDGE('',*,*,#1891,.T.);
#2456=ORIENTED_EDGE('',*,*,#1892,.T.);
#2457=ORIENTED_EDGE('',*,*,#1893,.T.);
#2458=ORIENTED_EDGE('',*,*,#1894,.T.);
#2459=ORIENTED_EDGE('',*,*,#1895,.T.);
#2460=ORIENTED_EDGE('',*,*,#1896,.T.);
#2461=ORIENTED_EDGE('',*,*,#1897,.T.);
#2462=ORIENTED_EDGE('',*,*,#1898,.T.);
#2463=ORIENTED_EDGE('',*,*,#1899,.T.);
#2464=ORIENTED_EDGE('',*,*,#1900,.T.);
#2465=ORIENTED_EDGE('',*,*,#1901,.T.);
#2466=ORIENTED_EDGE('',*,*,#1902,.T.);
#2467=ORIENTED_EDGE('',*,*,#1903,.T.);
#2468=ORIENTED_EDGE('',*,*,#1904,.T.);
#2469=ORIENTED_EDGE('',*,*,#1905,.T.);
#2470=ORIENTED_EDGE('',*,*,#1906,.T.);
#2471=ORIENTED_EDGE('',*,*,#1907,.T.);
#2472=ORIENTED_EDGE('',*,*,#1908,.T.);
#2473=ORIENTED_EDGE('',*,*,#1909,.T.);
#2474=ORIENTED_EDGE('',*,*,#1910,.T.);
#2475=ORIENTED_EDGE('',*,*,#1911,.T.);
#2476=ORIENTED_EDGE('',*,*,#1912,.T.);
#2477=ORIENTED_EDGE('',*,*,#1913,.T.);
#2478=ORIENTED_EDGE('',*,*,#1914,.T.);
#2479=ORIENTED_EDGE('',*,*,#1915,.T.);
#2480=ORIENTED_EDGE('',*,*,#1916,.T.);
#2481=ORIENTED_EDGE('',*,*,#1917,.T.);
#2482=ORIENTED_EDGE('',*,*,#1918,.T.);
#2483=ORIENTED_EDGE('',*,*,#1919,.T.);
#2484=ORIENTED_EDGE('',*,*,#1920,.T.);
#2485=ORIENTED_EDGE('',*,*,#1921,.T.);
#2486=ORIENTED_EDGE('',*,*,#1922,.T.);
#2487=ORIENTED_EDGE('',*,*,#1923,.T.);
#2488=ORIENTED_EDGE('',*,*,#1924,.T.);
#2489=ORIENTED_EDGE('',*,*,#1925,.T.);
#2490=ORIENTED_EDGE('',*,*,#1926,.T.);
#2491=ORIENTED_EDGE('',*,*,#1927,.T.);
#2492=ORIENTED_EDGE('',*,*,#1928,.T.);
#2493=ORIENTED_EDGE('',*,*,#1929,.T.);
#2494=ORIENTED_EDGE('',*,*,#1930,.T.);
#2495=ORIENTED_EDGE('',*,*,#1931,.T.);
#2496=ORIENTED_EDGE('',*,*,#1932,.T.);
#2497=ORIENTED_EDGE('',*,*,#1933,.T.);
#2498=ORIENTED_EDGE('',*,*,#1934,.T.);
#2499=ORIENTED_EDGE('',*,*,#1935,.T.);
#2500=ORIENTED_EDGE('',*,*,#1936,.T.);
#2501=ORIENTED_EDGE('',*,*,#1937,.T.);
#2502=ORIENTED_EDGE('',*,*,#1938,.T.);
#2503=ORIENTED_EDGE('',*,*,#1939,.T.);
#2504=ORIENTED_EDGE('',*,*,#1940,.T.);
#2505=ORIENTED_EDGE('',*,*,#1941,.T.);
#2506=ORIENTED_EDGE('',*,*,#1942,.T.);
#2507=ORIENTED_EDGE('',*,*,#1943,.T.);
#2508=ORIENTED_EDGE('',*,*,#1944,.T.);
#2509=ORIENTED_EDGE('',*,*,#1945,.T.);
#2510=ORIENTED_EDGE('',*,*,#1946,.T.);
#2511=ORIENTED_EDGE('',*,*,#1947,.T.);
#2512=ORIENTED_EDGE('',*,*,#1859,.T.);
#2513=ORIENTED_EDGE('',*,*,#1847,.T.);
#2514=ORIENTED_EDGE('',*,*,#1851,.T.);
#2515=ORIENTED_EDGE('',*,*,#1854,.T.);
#2516=ORIENTED_EDGE('',*,*,#1857,.T.);
#2517=ORIENTED_EDGE('',*,*,#1948,.T.);
#2518=ORIENTED_EDGE('',*,*,#1949,.T.);
#2519=ORIENTED_EDGE('',*,*,#1950,.T.);
#2520=ORIENTED_EDGE('',*,*,#1951,.T.);
#2521=ORIENTED_EDGE('',*,*,#1952,.T.);
#2522=ORIENTED_EDGE('',*,*,#1953,.T.);
#2523=ORIENTED_EDGE('',*,*,#1908,.F.);
#2524=ORIENTED_EDGE('',*,*,#1954,.F.);
#2525=ORIENTED_EDGE('',*,*,#1955,.F.);
#2526=ORIENTED_EDGE('',*,*,#1956,.T.);
#2527=ORIENTED_EDGE('',*,*,#1909,.F.);
#2528=ORIENTED_EDGE('',*,*,#1956,.F.);
#2529=ORIENTED_EDGE('',*,*,#1957,.F.);
#2530=ORIENTED_EDGE('',*,*,#1958,.F.);
#2531=ORIENTED_EDGE('',*,*,#1907,.F.);
#2532=ORIENTED_EDGE('',*,*,#1959,.F.);
#2533=ORIENTED_EDGE('',*,*,#1960,.F.);
#2534=ORIENTED_EDGE('',*,*,#1954,.T.);
#2535=ORIENTED_EDGE('',*,*,#1958,.T.);
#2536=ORIENTED_EDGE('',*,*,#1961,.F.);
#2537=ORIENTED_EDGE('',*,*,#1962,.F.);
#2538=ORIENTED_EDGE('',*,*,#1910,.F.);
#2539=ORIENTED_EDGE('',*,*,#1839,.T.);
#2540=ORIENTED_EDGE('',*,*,#1858,.T.);
#2541=ORIENTED_EDGE('',*,*,#1855,.T.);
#2542=ORIENTED_EDGE('',*,*,#1852,.T.);
#2543=ORIENTED_EDGE('',*,*,#1849,.T.);
#2544=ORIENTED_EDGE('',*,*,#1861,.T.);
#2545=ORIENTED_EDGE('',*,*,#1963,.T.);
#2546=ORIENTED_EDGE('',*,*,#1964,.T.);
#2547=ORIENTED_EDGE('',*,*,#1965,.T.);
#2548=ORIENTED_EDGE('',*,*,#1966,.T.);
#2549=ORIENTED_EDGE('',*,*,#1967,.T.);
#2550=ORIENTED_EDGE('',*,*,#1968,.T.);
#2551=ORIENTED_EDGE('',*,*,#1969,.T.);
#2552=ORIENTED_EDGE('',*,*,#1970,.T.);
#2553=ORIENTED_EDGE('',*,*,#1971,.T.);
#2554=ORIENTED_EDGE('',*,*,#1972,.T.);
#2555=ORIENTED_EDGE('',*,*,#1973,.T.);
#2556=ORIENTED_EDGE('',*,*,#1974,.T.);
#2557=ORIENTED_EDGE('',*,*,#1975,.T.);
#2558=ORIENTED_EDGE('',*,*,#1976,.T.);
#2559=ORIENTED_EDGE('',*,*,#1977,.T.);
#2560=ORIENTED_EDGE('',*,*,#1978,.T.);
#2561=ORIENTED_EDGE('',*,*,#1979,.T.);
#2562=ORIENTED_EDGE('',*,*,#1980,.T.);
#2563=ORIENTED_EDGE('',*,*,#1981,.T.);
#2564=ORIENTED_EDGE('',*,*,#1982,.T.);
#2565=ORIENTED_EDGE('',*,*,#1983,.T.);
#2566=ORIENTED_EDGE('',*,*,#1984,.T.);
#2567=ORIENTED_EDGE('',*,*,#1985,.T.);
#2568=ORIENTED_EDGE('',*,*,#1986,.T.);
#2569=ORIENTED_EDGE('',*,*,#1987,.T.);
#2570=ORIENTED_EDGE('',*,*,#1988,.T.);
#2571=ORIENTED_EDGE('',*,*,#1989,.T.);
#2572=ORIENTED_EDGE('',*,*,#1990,.T.);
#2573=ORIENTED_EDGE('',*,*,#1991,.T.);
#2574=ORIENTED_EDGE('',*,*,#1992,.T.);
#2575=ORIENTED_EDGE('',*,*,#1993,.T.);
#2576=ORIENTED_EDGE('',*,*,#1994,.T.);
#2577=ORIENTED_EDGE('',*,*,#1995,.T.);
#2578=ORIENTED_EDGE('',*,*,#1996,.T.);
#2579=ORIENTED_EDGE('',*,*,#1997,.T.);
#2580=ORIENTED_EDGE('',*,*,#1998,.T.);
#2581=ORIENTED_EDGE('',*,*,#1999,.T.);
#2582=ORIENTED_EDGE('',*,*,#1961,.T.);
#2583=ORIENTED_EDGE('',*,*,#1957,.T.);
#2584=ORIENTED_EDGE('',*,*,#1955,.T.);
#2585=ORIENTED_EDGE('',*,*,#1960,.T.);
#2586=ORIENTED_EDGE('',*,*,#2000,.T.);
#2587=ORIENTED_EDGE('',*,*,#2001,.T.);
#2588=ORIENTED_EDGE('',*,*,#2002,.T.);
#2589=ORIENTED_EDGE('',*,*,#2003,.T.);
#2590=ORIENTED_EDGE('',*,*,#2004,.T.);
#2591=ORIENTED_EDGE('',*,*,#2005,.T.);
#2592=ORIENTED_EDGE('',*,*,#2006,.T.);
#2593=ORIENTED_EDGE('',*,*,#2007,.T.);
#2594=ORIENTED_EDGE('',*,*,#2008,.T.);
#2595=ORIENTED_EDGE('',*,*,#2009,.T.);
#2596=ORIENTED_EDGE('',*,*,#2010,.T.);
#2597=ORIENTED_EDGE('',*,*,#2011,.T.);
#2598=ORIENTED_EDGE('',*,*,#2012,.T.);
#2599=ORIENTED_EDGE('',*,*,#2013,.T.);
#2600=ORIENTED_EDGE('',*,*,#2014,.T.);
#2601=ORIENTED_EDGE('',*,*,#2015,.T.);
#2602=ORIENTED_EDGE('',*,*,#2016,.T.);
#2603=ORIENTED_EDGE('',*,*,#2017,.T.);
#2604=ORIENTED_EDGE('',*,*,#2018,.T.);
#2605=ORIENTED_EDGE('',*,*,#2019,.T.);
#2606=ORIENTED_EDGE('',*,*,#2020,.T.);
#2607=ORIENTED_EDGE('',*,*,#2021,.T.);
#2608=ORIENTED_EDGE('',*,*,#2022,.T.);
#2609=ORIENTED_EDGE('',*,*,#2023,.T.);
#2610=ORIENTED_EDGE('',*,*,#2024,.T.);
#2611=ORIENTED_EDGE('',*,*,#2025,.T.);
#2612=ORIENTED_EDGE('',*,*,#2026,.T.);
#2613=ORIENTED_EDGE('',*,*,#2027,.T.);
#2614=ORIENTED_EDGE('',*,*,#2028,.T.);
#2615=ORIENTED_EDGE('',*,*,#2029,.T.);
#2616=ORIENTED_EDGE('',*,*,#2030,.T.);
#2617=ORIENTED_EDGE('',*,*,#2031,.T.);
#2618=ORIENTED_EDGE('',*,*,#2032,.T.);
#2619=ORIENTED_EDGE('',*,*,#2033,.T.);
#2620=ORIENTED_EDGE('',*,*,#2034,.T.);
#2621=ORIENTED_EDGE('',*,*,#2035,.T.);
#2622=ORIENTED_EDGE('',*,*,#2036,.T.);
#2623=ORIENTED_EDGE('',*,*,#2037,.T.);
#2624=ORIENTED_EDGE('',*,*,#2038,.T.);
#2625=ORIENTED_EDGE('',*,*,#2039,.T.);
#2626=ORIENTED_EDGE('',*,*,#2040,.T.);
#2627=ORIENTED_EDGE('',*,*,#2041,.T.);
#2628=ORIENTED_EDGE('',*,*,#2042,.T.);
#2629=ORIENTED_EDGE('',*,*,#2043,.T.);
#2630=ORIENTED_EDGE('',*,*,#2044,.T.);
#2631=ORIENTED_EDGE('',*,*,#1845,.T.);
#2632=ORIENTED_EDGE('',*,*,#1842,.T.);
#2633=ORIENTED_EDGE('',*,*,#2045,.T.);
#2634=ORIENTED_EDGE('',*,*,#2046,.T.);
#2635=ORIENTED_EDGE('',*,*,#2047,.T.);
#2636=ORIENTED_EDGE('',*,*,#2048,.T.);
#2637=ORIENTED_EDGE('',*,*,#2049,.T.);
#2638=ORIENTED_EDGE('',*,*,#2050,.T.);
#2639=ORIENTED_EDGE('',*,*,#1827,.F.);
#2640=ORIENTED_EDGE('',*,*,#2051,.F.);
#2641=ORIENTED_EDGE('',*,*,#1833,.F.);
#2642=ORIENTED_EDGE('',*,*,#1825,.F.);
#2643=ORIENTED_EDGE('',*,*,#1831,.F.);
#2644=ORIENTED_EDGE('',*,*,#1821,.T.);
#2645=ORIENTED_EDGE('',*,*,#1832,.T.);
#2646=ORIENTED_EDGE('',*,*,#1823,.F.);
#2647=ORIENTED_EDGE('',*,*,#2052,.F.);
#2648=ORIENTED_EDGE('',*,*,#2053,.F.);
#2649=ORIENTED_EDGE('',*,*,#2054,.F.);
#2650=ORIENTED_EDGE('',*,*,#2055,.F.);
#2651=ORIENTED_EDGE('',*,*,#2056,.F.);
#2652=ORIENTED_EDGE('',*,*,#2057,.F.);
#2653=ORIENTED_EDGE('',*,*,#2058,.F.);
#2654=ORIENTED_EDGE('',*,*,#2059,.F.);
#2655=ORIENTED_EDGE('',*,*,#2060,.F.);
#2656=ORIENTED_EDGE('',*,*,#2061,.F.);
#2657=ORIENTED_EDGE('',*,*,#2062,.F.);
#2658=ORIENTED_EDGE('',*,*,#2063,.F.);
#2659=ORIENTED_EDGE('',*,*,#2064,.F.);
#2660=ORIENTED_EDGE('',*,*,#2065,.F.);
#2661=ORIENTED_EDGE('',*,*,#2066,.F.);
#2662=ORIENTED_EDGE('',*,*,#2067,.F.);
#2663=ORIENTED_EDGE('',*,*,#2068,.F.);
#2664=ORIENTED_EDGE('',*,*,#2069,.F.);
#2665=ORIENTED_EDGE('',*,*,#2070,.F.);
#2666=ORIENTED_EDGE('',*,*,#2071,.F.);
#2667=ORIENTED_EDGE('',*,*,#2072,.F.);
#2668=ORIENTED_EDGE('',*,*,#2073,.F.);
#2669=ORIENTED_EDGE('',*,*,#2074,.F.);
#2670=ORIENTED_EDGE('',*,*,#2075,.F.);
#2671=ORIENTED_EDGE('',*,*,#2076,.F.);
#2672=ORIENTED_EDGE('',*,*,#2077,.F.);
#2673=ORIENTED_EDGE('',*,*,#1819,.F.);
#2674=ORIENTED_EDGE('',*,*,#2078,.T.);
#2675=ORIENTED_EDGE('',*,*,#2079,.F.);
#2676=ORIENTED_EDGE('',*,*,#2080,.T.);
#2677=ORIENTED_EDGE('',*,*,#1948,.F.);
#2678=ORIENTED_EDGE('',*,*,#2080,.F.);
#2679=ORIENTED_EDGE('',*,*,#2081,.F.);
#2680=ORIENTED_EDGE('',*,*,#2082,.T.);
#2681=ORIENTED_EDGE('',*,*,#1949,.F.);
#2682=ORIENTED_EDGE('',*,*,#2082,.F.);
#2683=ORIENTED_EDGE('',*,*,#2083,.F.);
#2684=ORIENTED_EDGE('',*,*,#2084,.T.);
#2685=ORIENTED_EDGE('',*,*,#1950,.F.);
#2686=ORIENTED_EDGE('',*,*,#2084,.F.);
#2687=ORIENTED_EDGE('',*,*,#2085,.F.);
#2688=ORIENTED_EDGE('',*,*,#2086,.T.);
#2689=ORIENTED_EDGE('',*,*,#2045,.F.);
#2690=ORIENTED_EDGE('',*,*,#2086,.F.);
#2691=ORIENTED_EDGE('',*,*,#2078,.F.);
#2692=ORIENTED_EDGE('',*,*,#2087,.T.);
#2693=ORIENTED_EDGE('',*,*,#2046,.F.);
#2694=ORIENTED_EDGE('',*,*,#2087,.F.);
#2695=ORIENTED_EDGE('',*,*,#2088,.F.);
#2696=ORIENTED_EDGE('',*,*,#2089,.T.);
#2697=ORIENTED_EDGE('',*,*,#2090,.F.);
#2698=ORIENTED_EDGE('',*,*,#2089,.F.);
#2699=ORIENTED_EDGE('',*,*,#2091,.F.);
#2700=ORIENTED_EDGE('',*,*,#2092,.T.);
#2701=ORIENTED_EDGE('',*,*,#2047,.F.);
#2702=ORIENTED_EDGE('',*,*,#2092,.F.);
#2703=ORIENTED_EDGE('',*,*,#2093,.F.);
#2704=ORIENTED_EDGE('',*,*,#2094,.T.);
#2705=ORIENTED_EDGE('',*,*,#2095,.F.);
#2706=ORIENTED_EDGE('',*,*,#2094,.F.);
#2707=ORIENTED_EDGE('',*,*,#2096,.F.);
#2708=ORIENTED_EDGE('',*,*,#2093,.T.);
#2709=ORIENTED_EDGE('',*,*,#2096,.T.);
#2710=ORIENTED_EDGE('',*,*,#2097,.T.);
#2711=ORIENTED_EDGE('',*,*,#2098,.F.);
#2712=ORIENTED_EDGE('',*,*,#2097,.F.);
#2713=ORIENTED_EDGE('',*,*,#2099,.F.);
#2714=ORIENTED_EDGE('',*,*,#2085,.T.);
#2715=ORIENTED_EDGE('',*,*,#2099,.T.);
#2716=ORIENTED_EDGE('',*,*,#2100,.T.);
#2717=ORIENTED_EDGE('',*,*,#2101,.F.);
#2718=ORIENTED_EDGE('',*,*,#2100,.F.);
#2719=ORIENTED_EDGE('',*,*,#2102,.F.);
#2720=ORIENTED_EDGE('',*,*,#2088,.T.);
#2721=ORIENTED_EDGE('',*,*,#2102,.T.);
#2722=ORIENTED_EDGE('',*,*,#2103,.T.);
#2723=ORIENTED_EDGE('',*,*,#2104,.F.);
#2724=ORIENTED_EDGE('',*,*,#2103,.F.);
#2725=ORIENTED_EDGE('',*,*,#2105,.F.);
#2726=ORIENTED_EDGE('',*,*,#2081,.T.);
#2727=ORIENTED_EDGE('',*,*,#2105,.T.);
#2728=ORIENTED_EDGE('',*,*,#2106,.T.);
#2729=ORIENTED_EDGE('',*,*,#2107,.F.);
#2730=ORIENTED_EDGE('',*,*,#2106,.F.);
#2731=ORIENTED_EDGE('',*,*,#2108,.F.);
#2732=ORIENTED_EDGE('',*,*,#2083,.T.);
#2733=ORIENTED_EDGE('',*,*,#2108,.T.);
#2734=ORIENTED_EDGE('',*,*,#2109,.T.);
#2735=ORIENTED_EDGE('',*,*,#2110,.F.);
#2736=ORIENTED_EDGE('',*,*,#2109,.F.);
#2737=ORIENTED_EDGE('',*,*,#2111,.F.);
#2738=ORIENTED_EDGE('',*,*,#2079,.T.);
#2739=ORIENTED_EDGE('',*,*,#2111,.T.);
#2740=ORIENTED_EDGE('',*,*,#2112,.T.);
#2741=ORIENTED_EDGE('',*,*,#2113,.F.);
#2742=ORIENTED_EDGE('',*,*,#2112,.F.);
#2743=ORIENTED_EDGE('',*,*,#1951,.F.);
#2744=ORIENTED_EDGE('',*,*,#2114,.T.);
#2745=ORIENTED_EDGE('',*,*,#2115,.T.);
#2746=ORIENTED_EDGE('',*,*,#2114,.F.);
#2747=ORIENTED_EDGE('',*,*,#2115,.F.);
#2748=ORIENTED_EDGE('',*,*,#2104,.T.);
#2749=ORIENTED_EDGE('',*,*,#1952,.F.);
#2750=ORIENTED_EDGE('',*,*,#2116,.T.);
#2751=ORIENTED_EDGE('',*,*,#2117,.T.);
#2752=ORIENTED_EDGE('',*,*,#2116,.F.);
#2753=ORIENTED_EDGE('',*,*,#2117,.F.);
#2754=ORIENTED_EDGE('',*,*,#2101,.T.);
#2755=ORIENTED_EDGE('',*,*,#1953,.F.);
#2756=ORIENTED_EDGE('',*,*,#2118,.T.);
#2757=ORIENTED_EDGE('',*,*,#2119,.T.);
#2758=ORIENTED_EDGE('',*,*,#2118,.F.);
#2759=ORIENTED_EDGE('',*,*,#2119,.F.);
#2760=ORIENTED_EDGE('',*,*,#2098,.T.);
#2761=ORIENTED_EDGE('',*,*,#2048,.F.);
#2762=ORIENTED_EDGE('',*,*,#2120,.T.);
#2763=ORIENTED_EDGE('',*,*,#2121,.T.);
#2764=ORIENTED_EDGE('',*,*,#2120,.F.);
#2765=ORIENTED_EDGE('',*,*,#2121,.F.);
#2766=ORIENTED_EDGE('',*,*,#2107,.T.);
#2767=ORIENTED_EDGE('',*,*,#2049,.F.);
#2768=ORIENTED_EDGE('',*,*,#2122,.T.);
#2769=ORIENTED_EDGE('',*,*,#2123,.T.);
#2770=ORIENTED_EDGE('',*,*,#2122,.F.);
#2771=ORIENTED_EDGE('',*,*,#2123,.F.);
#2772=ORIENTED_EDGE('',*,*,#2113,.T.);
#2773=ORIENTED_EDGE('',*,*,#2050,.F.);
#2774=ORIENTED_EDGE('',*,*,#2124,.T.);
#2775=ORIENTED_EDGE('',*,*,#2125,.T.);
#2776=ORIENTED_EDGE('',*,*,#2124,.F.);
#2777=ORIENTED_EDGE('',*,*,#2125,.F.);
#2778=ORIENTED_EDGE('',*,*,#2110,.T.);
#2779=ORIENTED_EDGE('',*,*,#1829,.F.);
#2780=ORIENTED_EDGE('',*,*,#2126,.F.);
#2781=ORIENTED_EDGE('',*,*,#2127,.F.);
#2782=ORIENTED_EDGE('',*,*,#2128,.F.);
#2783=ORIENTED_EDGE('',*,*,#2129,.F.);
#2784=ORIENTED_EDGE('',*,*,#2130,.F.);
#2785=ORIENTED_EDGE('',*,*,#2131,.F.);
#2786=ORIENTED_EDGE('',*,*,#2132,.F.);
#2787=ORIENTED_EDGE('',*,*,#2133,.F.);
#2788=ORIENTED_EDGE('',*,*,#2134,.F.);
#2789=ORIENTED_EDGE('',*,*,#2135,.F.);
#2790=ORIENTED_EDGE('',*,*,#2136,.F.);
#2791=ORIENTED_EDGE('',*,*,#2137,.F.);
#2792=ORIENTED_EDGE('',*,*,#2138,.F.);
#2793=ORIENTED_EDGE('',*,*,#2139,.F.);
#2794=ORIENTED_EDGE('',*,*,#2140,.F.);
#2795=ORIENTED_EDGE('',*,*,#2141,.F.);
#2796=ORIENTED_EDGE('',*,*,#2142,.F.);
#2797=ORIENTED_EDGE('',*,*,#2143,.F.);
#2798=ORIENTED_EDGE('',*,*,#2144,.F.);
#2799=ORIENTED_EDGE('',*,*,#2145,.F.);
#2800=ORIENTED_EDGE('',*,*,#2146,.F.);
#2801=ORIENTED_EDGE('',*,*,#2147,.F.);
#2802=ORIENTED_EDGE('',*,*,#2148,.F.);
#2803=ORIENTED_EDGE('',*,*,#2149,.F.);
#2804=ORIENTED_EDGE('',*,*,#2150,.F.);
#2805=ORIENTED_EDGE('',*,*,#2151,.F.);
#2806=ORIENTED_EDGE('',*,*,#1835,.F.);
#2807=ORIENTED_EDGE('',*,*,#2152,.F.);
#2808=ORIENTED_EDGE('',*,*,#2090,.T.);
#2809=ORIENTED_EDGE('',*,*,#2051,.T.);
#2810=ORIENTED_EDGE('',*,*,#1830,.T.);
#2811=ORIENTED_EDGE('',*,*,#2152,.T.);
#2812=ORIENTED_EDGE('',*,*,#1834,.T.);
#2813=ORIENTED_EDGE('',*,*,#2153,.F.);
#2814=ORIENTED_EDGE('',*,*,#2154,.F.);
#2815=ORIENTED_EDGE('',*,*,#2155,.F.);
#2816=ORIENTED_EDGE('',*,*,#2156,.F.);
#2817=ORIENTED_EDGE('',*,*,#2157,.F.);
#2818=ORIENTED_EDGE('',*,*,#2158,.F.);
#2819=ORIENTED_EDGE('',*,*,#2159,.F.);
#2820=ORIENTED_EDGE('',*,*,#2160,.F.);
#2821=ORIENTED_EDGE('',*,*,#2161,.F.);
#2822=ORIENTED_EDGE('',*,*,#2162,.F.);
#2823=ORIENTED_EDGE('',*,*,#2163,.F.);
#2824=ORIENTED_EDGE('',*,*,#2164,.F.);
#2825=ORIENTED_EDGE('',*,*,#2165,.F.);
#2826=ORIENTED_EDGE('',*,*,#2166,.F.);
#2827=ORIENTED_EDGE('',*,*,#2167,.F.);
#2828=ORIENTED_EDGE('',*,*,#2168,.F.);
#2829=ORIENTED_EDGE('',*,*,#2169,.F.);
#2830=ORIENTED_EDGE('',*,*,#2170,.F.);
#2831=ORIENTED_EDGE('',*,*,#2171,.F.);
#2832=ORIENTED_EDGE('',*,*,#2172,.F.);
#2833=ORIENTED_EDGE('',*,*,#2173,.F.);
#2834=ORIENTED_EDGE('',*,*,#2174,.F.);
#2835=ORIENTED_EDGE('',*,*,#2175,.F.);
#2836=ORIENTED_EDGE('',*,*,#2176,.F.);
#2837=ORIENTED_EDGE('',*,*,#2177,.F.);
#2838=ORIENTED_EDGE('',*,*,#2178,.F.);
#2839=ORIENTED_EDGE('',*,*,#2179,.F.);
#2840=ORIENTED_EDGE('',*,*,#2095,.T.);
#2841=ORIENTED_EDGE('',*,*,#2180,.F.);
#2842=ORIENTED_EDGE('',*,*,#2157,.T.);
#2843=ORIENTED_EDGE('',*,*,#2181,.T.);
#2844=ORIENTED_EDGE('',*,*,#2182,.T.);
#2845=ORIENTED_EDGE('',*,*,#2181,.F.);
#2846=ORIENTED_EDGE('',*,*,#2156,.T.);
#2847=ORIENTED_EDGE('',*,*,#2183,.T.);
#2848=ORIENTED_EDGE('',*,*,#2184,.T.);
#2849=ORIENTED_EDGE('',*,*,#2183,.F.);
#2850=ORIENTED_EDGE('',*,*,#2155,.T.);
#2851=ORIENTED_EDGE('',*,*,#2185,.T.);
#2852=ORIENTED_EDGE('',*,*,#2186,.T.);
#2853=ORIENTED_EDGE('',*,*,#2187,.F.);
#2854=ORIENTED_EDGE('',*,*,#2188,.F.);
#2855=ORIENTED_EDGE('',*,*,#2189,.F.);
#2856=ORIENTED_EDGE('',*,*,#2190,.F.);
#2857=ORIENTED_EDGE('',*,*,#2191,.F.);
#2858=ORIENTED_EDGE('',*,*,#2192,.F.);
#2859=ORIENTED_EDGE('',*,*,#2193,.F.);
#2860=ORIENTED_EDGE('',*,*,#2194,.F.);
#2861=ORIENTED_EDGE('',*,*,#2195,.F.);
#2862=ORIENTED_EDGE('',*,*,#2196,.F.);
#2863=ORIENTED_EDGE('',*,*,#2197,.F.);
#2864=ORIENTED_EDGE('',*,*,#2198,.F.);
#2865=ORIENTED_EDGE('',*,*,#2199,.F.);
#2866=ORIENTED_EDGE('',*,*,#2200,.F.);
#2867=ORIENTED_EDGE('',*,*,#2201,.F.);
#2868=ORIENTED_EDGE('',*,*,#2202,.F.);
#2869=ORIENTED_EDGE('',*,*,#2203,.F.);
#2870=ORIENTED_EDGE('',*,*,#2204,.F.);
#2871=ORIENTED_EDGE('',*,*,#2205,.F.);
#2872=ORIENTED_EDGE('',*,*,#2206,.F.);
#2873=ORIENTED_EDGE('',*,*,#2207,.F.);
#2874=ORIENTED_EDGE('',*,*,#2208,.F.);
#2875=ORIENTED_EDGE('',*,*,#2209,.F.);
#2876=ORIENTED_EDGE('',*,*,#2182,.F.);
#2877=ORIENTED_EDGE('',*,*,#2184,.F.);
#2878=ORIENTED_EDGE('',*,*,#2186,.F.);
#2879=ORIENTED_EDGE('',*,*,#2210,.F.);
#2880=ORIENTED_EDGE('',*,*,#2091,.T.);
#2881=ORIENTED_EDGE('',*,*,#2126,.T.);
#2882=ORIENTED_EDGE('',*,*,#2211,.F.);
#2883=ORIENTED_EDGE('',*,*,#1939,.F.);
#2884=ORIENTED_EDGE('',*,*,#2212,.T.);
#2885=ORIENTED_EDGE('',*,*,#2077,.T.);
#2886=ORIENTED_EDGE('',*,*,#2213,.T.);
#2887=ORIENTED_EDGE('',*,*,#1971,.F.);
#2888=ORIENTED_EDGE('',*,*,#2214,.F.);
#2889=ORIENTED_EDGE('',*,*,#2127,.T.);
#2890=ORIENTED_EDGE('',*,*,#2212,.F.);
#2891=ORIENTED_EDGE('',*,*,#1938,.F.);
#2892=ORIENTED_EDGE('',*,*,#2215,.T.);
#2893=ORIENTED_EDGE('',*,*,#2076,.T.);
#2894=ORIENTED_EDGE('',*,*,#2216,.T.);
#2895=ORIENTED_EDGE('',*,*,#1972,.F.);
#2896=ORIENTED_EDGE('',*,*,#2213,.F.);
#2897=ORIENTED_EDGE('',*,*,#2128,.T.);
#2898=ORIENTED_EDGE('',*,*,#2215,.F.);
#2899=ORIENTED_EDGE('',*,*,#1937,.F.);
#2900=ORIENTED_EDGE('',*,*,#2217,.T.);
#2901=ORIENTED_EDGE('',*,*,#2075,.T.);
#2902=ORIENTED_EDGE('',*,*,#2218,.T.);
#2903=ORIENTED_EDGE('',*,*,#1973,.F.);
#2904=ORIENTED_EDGE('',*,*,#2216,.F.);
#2905=ORIENTED_EDGE('',*,*,#2129,.T.);
#2906=ORIENTED_EDGE('',*,*,#2217,.F.);
#2907=ORIENTED_EDGE('',*,*,#1936,.F.);
#2908=ORIENTED_EDGE('',*,*,#2219,.T.);
#2909=ORIENTED_EDGE('',*,*,#2074,.T.);
#2910=ORIENTED_EDGE('',*,*,#2220,.T.);
#2911=ORIENTED_EDGE('',*,*,#1974,.F.);
#2912=ORIENTED_EDGE('',*,*,#2218,.F.);
#2913=ORIENTED_EDGE('',*,*,#2130,.T.);
#2914=ORIENTED_EDGE('',*,*,#2219,.F.);
#2915=ORIENTED_EDGE('',*,*,#1935,.F.);
#2916=ORIENTED_EDGE('',*,*,#2221,.T.);
#2917=ORIENTED_EDGE('',*,*,#2073,.T.);
#2918=ORIENTED_EDGE('',*,*,#2222,.T.);
#2919=ORIENTED_EDGE('',*,*,#1975,.F.);
#2920=ORIENTED_EDGE('',*,*,#2220,.F.);
#2921=ORIENTED_EDGE('',*,*,#2131,.T.);
#2922=ORIENTED_EDGE('',*,*,#2221,.F.);
#2923=ORIENTED_EDGE('',*,*,#1934,.F.);
#2924=ORIENTED_EDGE('',*,*,#2223,.T.);
#2925=ORIENTED_EDGE('',*,*,#2072,.T.);
#2926=ORIENTED_EDGE('',*,*,#2224,.T.);
#2927=ORIENTED_EDGE('',*,*,#1976,.F.);
#2928=ORIENTED_EDGE('',*,*,#2222,.F.);
#2929=ORIENTED_EDGE('',*,*,#2132,.T.);
#2930=ORIENTED_EDGE('',*,*,#2223,.F.);
#2931=ORIENTED_EDGE('',*,*,#1933,.F.);
#2932=ORIENTED_EDGE('',*,*,#2225,.T.);
#2933=ORIENTED_EDGE('',*,*,#2071,.T.);
#2934=ORIENTED_EDGE('',*,*,#2226,.T.);
#2935=ORIENTED_EDGE('',*,*,#1977,.F.);
#2936=ORIENTED_EDGE('',*,*,#2224,.F.);
#2937=ORIENTED_EDGE('',*,*,#2133,.T.);
#2938=ORIENTED_EDGE('',*,*,#2225,.F.);
#2939=ORIENTED_EDGE('',*,*,#1932,.F.);
#2940=ORIENTED_EDGE('',*,*,#2227,.T.);
#2941=ORIENTED_EDGE('',*,*,#2070,.T.);
#2942=ORIENTED_EDGE('',*,*,#2228,.T.);
#2943=ORIENTED_EDGE('',*,*,#1978,.F.);
#2944=ORIENTED_EDGE('',*,*,#2226,.F.);
#2945=ORIENTED_EDGE('',*,*,#2134,.T.);
#2946=ORIENTED_EDGE('',*,*,#2227,.F.);
#2947=ORIENTED_EDGE('',*,*,#1931,.F.);
#2948=ORIENTED_EDGE('',*,*,#2229,.T.);
#2949=ORIENTED_EDGE('',*,*,#2069,.T.);
#2950=ORIENTED_EDGE('',*,*,#2230,.T.);
#2951=ORIENTED_EDGE('',*,*,#1979,.F.);
#2952=ORIENTED_EDGE('',*,*,#2228,.F.);
#2953=ORIENTED_EDGE('',*,*,#2135,.T.);
#2954=ORIENTED_EDGE('',*,*,#2229,.F.);
#2955=ORIENTED_EDGE('',*,*,#1930,.F.);
#2956=ORIENTED_EDGE('',*,*,#2231,.T.);
#2957=ORIENTED_EDGE('',*,*,#2068,.T.);
#2958=ORIENTED_EDGE('',*,*,#2232,.T.);
#2959=ORIENTED_EDGE('',*,*,#1980,.F.);
#2960=ORIENTED_EDGE('',*,*,#2230,.F.);
#2961=ORIENTED_EDGE('',*,*,#2136,.T.);
#2962=ORIENTED_EDGE('',*,*,#2231,.F.);
#2963=ORIENTED_EDGE('',*,*,#1929,.F.);
#2964=ORIENTED_EDGE('',*,*,#2233,.T.);
#2965=ORIENTED_EDGE('',*,*,#2067,.T.);
#2966=ORIENTED_EDGE('',*,*,#2234,.T.);
#2967=ORIENTED_EDGE('',*,*,#1981,.F.);
#2968=ORIENTED_EDGE('',*,*,#2232,.F.);
#2969=ORIENTED_EDGE('',*,*,#2137,.T.);
#2970=ORIENTED_EDGE('',*,*,#2233,.F.);
#2971=ORIENTED_EDGE('',*,*,#1928,.F.);
#2972=ORIENTED_EDGE('',*,*,#2235,.T.);
#2973=ORIENTED_EDGE('',*,*,#2066,.T.);
#2974=ORIENTED_EDGE('',*,*,#2236,.T.);
#2975=ORIENTED_EDGE('',*,*,#1982,.F.);
#2976=ORIENTED_EDGE('',*,*,#2234,.F.);
#2977=ORIENTED_EDGE('',*,*,#2138,.T.);
#2978=ORIENTED_EDGE('',*,*,#2235,.F.);
#2979=ORIENTED_EDGE('',*,*,#1927,.F.);
#2980=ORIENTED_EDGE('',*,*,#2237,.T.);
#2981=ORIENTED_EDGE('',*,*,#2065,.T.);
#2982=ORIENTED_EDGE('',*,*,#2238,.T.);
#2983=ORIENTED_EDGE('',*,*,#1983,.F.);
#2984=ORIENTED_EDGE('',*,*,#2236,.F.);
#2985=ORIENTED_EDGE('',*,*,#2139,.T.);
#2986=ORIENTED_EDGE('',*,*,#2237,.F.);
#2987=ORIENTED_EDGE('',*,*,#1926,.F.);
#2988=ORIENTED_EDGE('',*,*,#2239,.T.);
#2989=ORIENTED_EDGE('',*,*,#2064,.T.);
#2990=ORIENTED_EDGE('',*,*,#2240,.T.);
#2991=ORIENTED_EDGE('',*,*,#1984,.F.);
#2992=ORIENTED_EDGE('',*,*,#2238,.F.);
#2993=ORIENTED_EDGE('',*,*,#2140,.T.);
#2994=ORIENTED_EDGE('',*,*,#2239,.F.);
#2995=ORIENTED_EDGE('',*,*,#1925,.F.);
#2996=ORIENTED_EDGE('',*,*,#2241,.T.);
#2997=ORIENTED_EDGE('',*,*,#2063,.T.);
#2998=ORIENTED_EDGE('',*,*,#2242,.T.);
#2999=ORIENTED_EDGE('',*,*,#1985,.F.);
#3000=ORIENTED_EDGE('',*,*,#2240,.F.);
#3001=ORIENTED_EDGE('',*,*,#2141,.T.);
#3002=ORIENTED_EDGE('',*,*,#2241,.F.);
#3003=ORIENTED_EDGE('',*,*,#1924,.F.);
#3004=ORIENTED_EDGE('',*,*,#2243,.T.);
#3005=ORIENTED_EDGE('',*,*,#2062,.T.);
#3006=ORIENTED_EDGE('',*,*,#2244,.T.);
#3007=ORIENTED_EDGE('',*,*,#1986,.F.);
#3008=ORIENTED_EDGE('',*,*,#2242,.F.);
#3009=ORIENTED_EDGE('',*,*,#2142,.T.);
#3010=ORIENTED_EDGE('',*,*,#2243,.F.);
#3011=ORIENTED_EDGE('',*,*,#1923,.F.);
#3012=ORIENTED_EDGE('',*,*,#2245,.T.);
#3013=ORIENTED_EDGE('',*,*,#2061,.T.);
#3014=ORIENTED_EDGE('',*,*,#2246,.T.);
#3015=ORIENTED_EDGE('',*,*,#1987,.F.);
#3016=ORIENTED_EDGE('',*,*,#2244,.F.);
#3017=ORIENTED_EDGE('',*,*,#2143,.T.);
#3018=ORIENTED_EDGE('',*,*,#2245,.F.);
#3019=ORIENTED_EDGE('',*,*,#1922,.F.);
#3020=ORIENTED_EDGE('',*,*,#2247,.T.);
#3021=ORIENTED_EDGE('',*,*,#2060,.T.);
#3022=ORIENTED_EDGE('',*,*,#2248,.T.);
#3023=ORIENTED_EDGE('',*,*,#1988,.F.);
#3024=ORIENTED_EDGE('',*,*,#2246,.F.);
#3025=ORIENTED_EDGE('',*,*,#2144,.T.);
#3026=ORIENTED_EDGE('',*,*,#2247,.F.);
#3027=ORIENTED_EDGE('',*,*,#1921,.F.);
#3028=ORIENTED_EDGE('',*,*,#2249,.T.);
#3029=ORIENTED_EDGE('',*,*,#2059,.T.);
#3030=ORIENTED_EDGE('',*,*,#2250,.T.);
#3031=ORIENTED_EDGE('',*,*,#1989,.F.);
#3032=ORIENTED_EDGE('',*,*,#2248,.F.);
#3033=ORIENTED_EDGE('',*,*,#2145,.T.);
#3034=ORIENTED_EDGE('',*,*,#2249,.F.);
#3035=ORIENTED_EDGE('',*,*,#1920,.F.);
#3036=ORIENTED_EDGE('',*,*,#2251,.T.);
#3037=ORIENTED_EDGE('',*,*,#2058,.T.);
#3038=ORIENTED_EDGE('',*,*,#2252,.T.);
#3039=ORIENTED_EDGE('',*,*,#1990,.F.);
#3040=ORIENTED_EDGE('',*,*,#2250,.F.);
#3041=ORIENTED_EDGE('',*,*,#2146,.T.);
#3042=ORIENTED_EDGE('',*,*,#2251,.F.);
#3043=ORIENTED_EDGE('',*,*,#1919,.F.);
#3044=ORIENTED_EDGE('',*,*,#2253,.T.);
#3045=ORIENTED_EDGE('',*,*,#2057,.T.);
#3046=ORIENTED_EDGE('',*,*,#2254,.T.);
#3047=ORIENTED_EDGE('',*,*,#1991,.F.);
#3048=ORIENTED_EDGE('',*,*,#2252,.F.);
#3049=ORIENTED_EDGE('',*,*,#2147,.T.);
#3050=ORIENTED_EDGE('',*,*,#2253,.F.);
#3051=ORIENTED_EDGE('',*,*,#1918,.F.);
#3052=ORIENTED_EDGE('',*,*,#2255,.T.);
#3053=ORIENTED_EDGE('',*,*,#2056,.T.);
#3054=ORIENTED_EDGE('',*,*,#2256,.T.);
#3055=ORIENTED_EDGE('',*,*,#1992,.F.);
#3056=ORIENTED_EDGE('',*,*,#2254,.F.);
#3057=ORIENTED_EDGE('',*,*,#2148,.T.);
#3058=ORIENTED_EDGE('',*,*,#2255,.F.);
#3059=ORIENTED_EDGE('',*,*,#1917,.F.);
#3060=ORIENTED_EDGE('',*,*,#2257,.T.);
#3061=ORIENTED_EDGE('',*,*,#2055,.T.);
#3062=ORIENTED_EDGE('',*,*,#2258,.T.);
#3063=ORIENTED_EDGE('',*,*,#1993,.F.);
#3064=ORIENTED_EDGE('',*,*,#2256,.F.);
#3065=ORIENTED_EDGE('',*,*,#2149,.T.);
#3066=ORIENTED_EDGE('',*,*,#2257,.F.);
#3067=ORIENTED_EDGE('',*,*,#1916,.F.);
#3068=ORIENTED_EDGE('',*,*,#2259,.T.);
#3069=ORIENTED_EDGE('',*,*,#2054,.T.);
#3070=ORIENTED_EDGE('',*,*,#2260,.T.);
#3071=ORIENTED_EDGE('',*,*,#1994,.F.);
#3072=ORIENTED_EDGE('',*,*,#2258,.F.);
#3073=ORIENTED_EDGE('',*,*,#2150,.T.);
#3074=ORIENTED_EDGE('',*,*,#2259,.F.);
#3075=ORIENTED_EDGE('',*,*,#1915,.F.);
#3076=ORIENTED_EDGE('',*,*,#2261,.T.);
#3077=ORIENTED_EDGE('',*,*,#2053,.T.);
#3078=ORIENTED_EDGE('',*,*,#2262,.T.);
#3079=ORIENTED_EDGE('',*,*,#1995,.F.);
#3080=ORIENTED_EDGE('',*,*,#2260,.F.);
#3081=ORIENTED_EDGE('',*,*,#2052,.T.);
#3082=ORIENTED_EDGE('',*,*,#1826,.T.);
#3083=ORIENTED_EDGE('',*,*,#1836,.T.);
#3084=ORIENTED_EDGE('',*,*,#2151,.T.);
#3085=ORIENTED_EDGE('',*,*,#2261,.F.);
#3086=ORIENTED_EDGE('',*,*,#1914,.F.);
#3087=ORIENTED_EDGE('',*,*,#2263,.T.);
#3088=ORIENTED_EDGE('',*,*,#1996,.F.);
#3089=ORIENTED_EDGE('',*,*,#2262,.F.);
#3090=ORIENTED_EDGE('',*,*,#2159,.T.);
#3091=ORIENTED_EDGE('',*,*,#2264,.F.);
#3092=ORIENTED_EDGE('',*,*,#1898,.F.);
#3093=ORIENTED_EDGE('',*,*,#2265,.T.);
#3094=ORIENTED_EDGE('',*,*,#2208,.T.);
#3095=ORIENTED_EDGE('',*,*,#2266,.T.);
#3096=ORIENTED_EDGE('',*,*,#2008,.F.);
#3097=ORIENTED_EDGE('',*,*,#2267,.F.);
#3098=ORIENTED_EDGE('',*,*,#2160,.T.);
#3099=ORIENTED_EDGE('',*,*,#2265,.F.);
#3100=ORIENTED_EDGE('',*,*,#1897,.F.);
#3101=ORIENTED_EDGE('',*,*,#2268,.T.);
#3102=ORIENTED_EDGE('',*,*,#2207,.T.);
#3103=ORIENTED_EDGE('',*,*,#2269,.T.);
#3104=ORIENTED_EDGE('',*,*,#2009,.F.);
#3105=ORIENTED_EDGE('',*,*,#2266,.F.);
#3106=ORIENTED_EDGE('',*,*,#2161,.T.);
#3107=ORIENTED_EDGE('',*,*,#2268,.F.);
#3108=ORIENTED_EDGE('',*,*,#1896,.F.);
#3109=ORIENTED_EDGE('',*,*,#2270,.T.);
#3110=ORIENTED_EDGE('',*,*,#2206,.T.);
#3111=ORIENTED_EDGE('',*,*,#2271,.T.);
#3112=ORIENTED_EDGE('',*,*,#2010,.F.);
#3113=ORIENTED_EDGE('',*,*,#2269,.F.);
#3114=ORIENTED_EDGE('',*,*,#2162,.T.);
#3115=ORIENTED_EDGE('',*,*,#2270,.F.);
#3116=ORIENTED_EDGE('',*,*,#1895,.F.);
#3117=ORIENTED_EDGE('',*,*,#2272,.T.);
#3118=ORIENTED_EDGE('',*,*,#2205,.T.);
#3119=ORIENTED_EDGE('',*,*,#2273,.T.);
#3120=ORIENTED_EDGE('',*,*,#2011,.F.);
#3121=ORIENTED_EDGE('',*,*,#2271,.F.);
#3122=ORIENTED_EDGE('',*,*,#2163,.T.);
#3123=ORIENTED_EDGE('',*,*,#2272,.F.);
#3124=ORIENTED_EDGE('',*,*,#1894,.F.);
#3125=ORIENTED_EDGE('',*,*,#2274,.T.);
#3126=ORIENTED_EDGE('',*,*,#2204,.T.);
#3127=ORIENTED_EDGE('',*,*,#2275,.T.);
#3128=ORIENTED_EDGE('',*,*,#2012,.F.);
#3129=ORIENTED_EDGE('',*,*,#2273,.F.);
#3130=ORIENTED_EDGE('',*,*,#2164,.T.);
#3131=ORIENTED_EDGE('',*,*,#2274,.F.);
#3132=ORIENTED_EDGE('',*,*,#1893,.F.);
#3133=ORIENTED_EDGE('',*,*,#2276,.T.);
#3134=ORIENTED_EDGE('',*,*,#2203,.T.);
#3135=ORIENTED_EDGE('',*,*,#2277,.T.);
#3136=ORIENTED_EDGE('',*,*,#2013,.F.);
#3137=ORIENTED_EDGE('',*,*,#2275,.F.);
#3138=ORIENTED_EDGE('',*,*,#2165,.T.);
#3139=ORIENTED_EDGE('',*,*,#2276,.F.);
#3140=ORIENTED_EDGE('',*,*,#1892,.F.);
#3141=ORIENTED_EDGE('',*,*,#2278,.T.);
#3142=ORIENTED_EDGE('',*,*,#2202,.T.);
#3143=ORIENTED_EDGE('',*,*,#2279,.T.);
#3144=ORIENTED_EDGE('',*,*,#2014,.F.);
#3145=ORIENTED_EDGE('',*,*,#2277,.F.);
#3146=ORIENTED_EDGE('',*,*,#2166,.T.);
#3147=ORIENTED_EDGE('',*,*,#2278,.F.);
#3148=ORIENTED_EDGE('',*,*,#1891,.F.);
#3149=ORIENTED_EDGE('',*,*,#2280,.T.);
#3150=ORIENTED_EDGE('',*,*,#2201,.T.);
#3151=ORIENTED_EDGE('',*,*,#2281,.T.);
#3152=ORIENTED_EDGE('',*,*,#2015,.F.);
#3153=ORIENTED_EDGE('',*,*,#2279,.F.);
#3154=ORIENTED_EDGE('',*,*,#2167,.T.);
#3155=ORIENTED_EDGE('',*,*,#2280,.F.);
#3156=ORIENTED_EDGE('',*,*,#1890,.F.);
#3157=ORIENTED_EDGE('',*,*,#2282,.T.);
#3158=ORIENTED_EDGE('',*,*,#2200,.T.);
#3159=ORIENTED_EDGE('',*,*,#2283,.T.);
#3160=ORIENTED_EDGE('',*,*,#2016,.F.);
#3161=ORIENTED_EDGE('',*,*,#2281,.F.);
#3162=ORIENTED_EDGE('',*,*,#2168,.T.);
#3163=ORIENTED_EDGE('',*,*,#2282,.F.);
#3164=ORIENTED_EDGE('',*,*,#1889,.F.);
#3165=ORIENTED_EDGE('',*,*,#2284,.T.);
#3166=ORIENTED_EDGE('',*,*,#2199,.T.);
#3167=ORIENTED_EDGE('',*,*,#2285,.T.);
#3168=ORIENTED_EDGE('',*,*,#2017,.F.);
#3169=ORIENTED_EDGE('',*,*,#2283,.F.);
#3170=ORIENTED_EDGE('',*,*,#2169,.T.);
#3171=ORIENTED_EDGE('',*,*,#2284,.F.);
#3172=ORIENTED_EDGE('',*,*,#1888,.F.);
#3173=ORIENTED_EDGE('',*,*,#2286,.T.);
#3174=ORIENTED_EDGE('',*,*,#2198,.T.);
#3175=ORIENTED_EDGE('',*,*,#2287,.T.);
#3176=ORIENTED_EDGE('',*,*,#2018,.F.);
#3177=ORIENTED_EDGE('',*,*,#2285,.F.);
#3178=ORIENTED_EDGE('',*,*,#2170,.T.);
#3179=ORIENTED_EDGE('',*,*,#2286,.F.);
#3180=ORIENTED_EDGE('',*,*,#1887,.F.);
#3181=ORIENTED_EDGE('',*,*,#2288,.T.);
#3182=ORIENTED_EDGE('',*,*,#2197,.T.);
#3183=ORIENTED_EDGE('',*,*,#2289,.T.);
#3184=ORIENTED_EDGE('',*,*,#2019,.F.);
#3185=ORIENTED_EDGE('',*,*,#2287,.F.);
#3186=ORIENTED_EDGE('',*,*,#2171,.T.);
#3187=ORIENTED_EDGE('',*,*,#2288,.F.);
#3188=ORIENTED_EDGE('',*,*,#1886,.F.);
#3189=ORIENTED_EDGE('',*,*,#2290,.T.);
#3190=ORIENTED_EDGE('',*,*,#2196,.T.);
#3191=ORIENTED_EDGE('',*,*,#2291,.T.);
#3192=ORIENTED_EDGE('',*,*,#2020,.F.);
#3193=ORIENTED_EDGE('',*,*,#2289,.F.);
#3194=ORIENTED_EDGE('',*,*,#2172,.T.);
#3195=ORIENTED_EDGE('',*,*,#2290,.F.);
#3196=ORIENTED_EDGE('',*,*,#1885,.F.);
#3197=ORIENTED_EDGE('',*,*,#2292,.T.);
#3198=ORIENTED_EDGE('',*,*,#2195,.T.);
#3199=ORIENTED_EDGE('',*,*,#2293,.T.);
#3200=ORIENTED_EDGE('',*,*,#2021,.F.);
#3201=ORIENTED_EDGE('',*,*,#2291,.F.);
#3202=ORIENTED_EDGE('',*,*,#2173,.T.);
#3203=ORIENTED_EDGE('',*,*,#2292,.F.);
#3204=ORIENTED_EDGE('',*,*,#1884,.F.);
#3205=ORIENTED_EDGE('',*,*,#2294,.T.);
#3206=ORIENTED_EDGE('',*,*,#2194,.T.);
#3207=ORIENTED_EDGE('',*,*,#2295,.T.);
#3208=ORIENTED_EDGE('',*,*,#2022,.F.);
#3209=ORIENTED_EDGE('',*,*,#2293,.F.);
#3210=ORIENTED_EDGE('',*,*,#2174,.T.);
#3211=ORIENTED_EDGE('',*,*,#2294,.F.);
#3212=ORIENTED_EDGE('',*,*,#1883,.F.);
#3213=ORIENTED_EDGE('',*,*,#2296,.T.);
#3214=ORIENTED_EDGE('',*,*,#2193,.T.);
#3215=ORIENTED_EDGE('',*,*,#2297,.T.);
#3216=ORIENTED_EDGE('',*,*,#2023,.F.);
#3217=ORIENTED_EDGE('',*,*,#2295,.F.);
#3218=ORIENTED_EDGE('',*,*,#2175,.T.);
#3219=ORIENTED_EDGE('',*,*,#2296,.F.);
#3220=ORIENTED_EDGE('',*,*,#1882,.F.);
#3221=ORIENTED_EDGE('',*,*,#2298,.T.);
#3222=ORIENTED_EDGE('',*,*,#2192,.T.);
#3223=ORIENTED_EDGE('',*,*,#2299,.T.);
#3224=ORIENTED_EDGE('',*,*,#2024,.F.);
#3225=ORIENTED_EDGE('',*,*,#2297,.F.);
#3226=ORIENTED_EDGE('',*,*,#2176,.T.);
#3227=ORIENTED_EDGE('',*,*,#2298,.F.);
#3228=ORIENTED_EDGE('',*,*,#1881,.F.);
#3229=ORIENTED_EDGE('',*,*,#2300,.T.);
#3230=ORIENTED_EDGE('',*,*,#2191,.T.);
#3231=ORIENTED_EDGE('',*,*,#2301,.T.);
#3232=ORIENTED_EDGE('',*,*,#2025,.F.);
#3233=ORIENTED_EDGE('',*,*,#2299,.F.);
#3234=ORIENTED_EDGE('',*,*,#2177,.T.);
#3235=ORIENTED_EDGE('',*,*,#2300,.F.);
#3236=ORIENTED_EDGE('',*,*,#1880,.F.);
#3237=ORIENTED_EDGE('',*,*,#2302,.T.);
#3238=ORIENTED_EDGE('',*,*,#2190,.T.);
#3239=ORIENTED_EDGE('',*,*,#2303,.T.);
#3240=ORIENTED_EDGE('',*,*,#2026,.F.);
#3241=ORIENTED_EDGE('',*,*,#2301,.F.);
#3242=ORIENTED_EDGE('',*,*,#2178,.T.);
#3243=ORIENTED_EDGE('',*,*,#2302,.F.);
#3244=ORIENTED_EDGE('',*,*,#1879,.F.);
#3245=ORIENTED_EDGE('',*,*,#2304,.T.);
#3246=ORIENTED_EDGE('',*,*,#2189,.T.);
#3247=ORIENTED_EDGE('',*,*,#2305,.T.);
#3248=ORIENTED_EDGE('',*,*,#2027,.F.);
#3249=ORIENTED_EDGE('',*,*,#2303,.F.);
#3250=ORIENTED_EDGE('',*,*,#2179,.T.);
#3251=ORIENTED_EDGE('',*,*,#2304,.F.);
#3252=ORIENTED_EDGE('',*,*,#1878,.F.);
#3253=ORIENTED_EDGE('',*,*,#2306,.T.);
#3254=ORIENTED_EDGE('',*,*,#2188,.T.);
#3255=ORIENTED_EDGE('',*,*,#2307,.T.);
#3256=ORIENTED_EDGE('',*,*,#2028,.F.);
#3257=ORIENTED_EDGE('',*,*,#2305,.F.);
#3258=ORIENTED_EDGE('',*,*,#2153,.T.);
#3259=ORIENTED_EDGE('',*,*,#2306,.F.);
#3260=ORIENTED_EDGE('',*,*,#1877,.F.);
#3261=ORIENTED_EDGE('',*,*,#2308,.T.);
#3262=ORIENTED_EDGE('',*,*,#2187,.T.);
#3263=ORIENTED_EDGE('',*,*,#2309,.T.);
#3264=ORIENTED_EDGE('',*,*,#2029,.F.);
#3265=ORIENTED_EDGE('',*,*,#2307,.F.);
#3266=ORIENTED_EDGE('',*,*,#2154,.T.);
#3267=ORIENTED_EDGE('',*,*,#2308,.F.);
#3268=ORIENTED_EDGE('',*,*,#1876,.F.);
#3269=ORIENTED_EDGE('',*,*,#2310,.T.);
#3270=ORIENTED_EDGE('',*,*,#2210,.T.);
#3271=ORIENTED_EDGE('',*,*,#2311,.T.);
#3272=ORIENTED_EDGE('',*,*,#2030,.F.);
#3273=ORIENTED_EDGE('',*,*,#2309,.F.);
#3274=ORIENTED_EDGE('',*,*,#2312,.F.);
#3275=ORIENTED_EDGE('',*,*,#2003,.F.);
#3276=ORIENTED_EDGE('',*,*,#2313,.F.);
#3277=ORIENTED_EDGE('',*,*,#1903,.F.);
#3278=ORIENTED_EDGE('',*,*,#2313,.T.);
#3279=ORIENTED_EDGE('',*,*,#2002,.F.);
#3280=ORIENTED_EDGE('',*,*,#2314,.F.);
#3281=ORIENTED_EDGE('',*,*,#1904,.F.);
#3282=ORIENTED_EDGE('',*,*,#2314,.T.);
#3283=ORIENTED_EDGE('',*,*,#2001,.F.);
#3284=ORIENTED_EDGE('',*,*,#2315,.F.);
#3285=ORIENTED_EDGE('',*,*,#1905,.F.);
#3286=ORIENTED_EDGE('',*,*,#1959,.T.);
#3287=ORIENTED_EDGE('',*,*,#1906,.F.);
#3288=ORIENTED_EDGE('',*,*,#2315,.T.);
#3289=ORIENTED_EDGE('',*,*,#2000,.F.);
#3290=ORIENTED_EDGE('',*,*,#1962,.T.);
#3291=ORIENTED_EDGE('',*,*,#1999,.F.);
#3292=ORIENTED_EDGE('',*,*,#2316,.F.);
#3293=ORIENTED_EDGE('',*,*,#1911,.F.);
#3294=ORIENTED_EDGE('',*,*,#2316,.T.);
#3295=ORIENTED_EDGE('',*,*,#1998,.F.);
#3296=ORIENTED_EDGE('',*,*,#2317,.F.);
#3297=ORIENTED_EDGE('',*,*,#1912,.F.);
#3298=ORIENTED_EDGE('',*,*,#2317,.T.);
#3299=ORIENTED_EDGE('',*,*,#1997,.F.);
#3300=ORIENTED_EDGE('',*,*,#2263,.F.);
#3301=ORIENTED_EDGE('',*,*,#1913,.F.);
#3302=ORIENTED_EDGE('',*,*,#2211,.T.);
#3303=ORIENTED_EDGE('',*,*,#1828,.T.);
#3304=ORIENTED_EDGE('',*,*,#1820,.T.);
#3305=ORIENTED_EDGE('',*,*,#2214,.T.);
#3306=ORIENTED_EDGE('',*,*,#1970,.F.);
#3307=ORIENTED_EDGE('',*,*,#2318,.F.);
#3308=ORIENTED_EDGE('',*,*,#1940,.F.);
#3309=ORIENTED_EDGE('',*,*,#2318,.T.);
#3310=ORIENTED_EDGE('',*,*,#1969,.F.);
#3311=ORIENTED_EDGE('',*,*,#2319,.F.);
#3312=ORIENTED_EDGE('',*,*,#1941,.F.);
#3313=ORIENTED_EDGE('',*,*,#2319,.T.);
#3314=ORIENTED_EDGE('',*,*,#1968,.F.);
#3315=ORIENTED_EDGE('',*,*,#2320,.F.);
#3316=ORIENTED_EDGE('',*,*,#1942,.F.);
#3317=ORIENTED_EDGE('',*,*,#2320,.T.);
#3318=ORIENTED_EDGE('',*,*,#1967,.F.);
#3319=ORIENTED_EDGE('',*,*,#2321,.F.);
#3320=ORIENTED_EDGE('',*,*,#1943,.F.);
#3321=ORIENTED_EDGE('',*,*,#2321,.T.);
#3322=ORIENTED_EDGE('',*,*,#1966,.F.);
#3323=ORIENTED_EDGE('',*,*,#2322,.F.);
#3324=ORIENTED_EDGE('',*,*,#1944,.F.);
#3325=ORIENTED_EDGE('',*,*,#2322,.T.);
#3326=ORIENTED_EDGE('',*,*,#1965,.F.);
#3327=ORIENTED_EDGE('',*,*,#2323,.F.);
#3328=ORIENTED_EDGE('',*,*,#1945,.F.);
#3329=ORIENTED_EDGE('',*,*,#2323,.T.);
#3330=ORIENTED_EDGE('',*,*,#1964,.F.);
#3331=ORIENTED_EDGE('',*,*,#2324,.F.);
#3332=ORIENTED_EDGE('',*,*,#1946,.F.);
#3333=ORIENTED_EDGE('',*,*,#2324,.T.);
#3334=ORIENTED_EDGE('',*,*,#1963,.F.);
#3335=ORIENTED_EDGE('',*,*,#1860,.F.);
#3336=ORIENTED_EDGE('',*,*,#1947,.F.);
#3337=ORIENTED_EDGE('',*,*,#1846,.T.);
#3338=ORIENTED_EDGE('',*,*,#2044,.F.);
#3339=ORIENTED_EDGE('',*,*,#2325,.F.);
#3340=ORIENTED_EDGE('',*,*,#1862,.F.);
#3341=ORIENTED_EDGE('',*,*,#2325,.T.);
#3342=ORIENTED_EDGE('',*,*,#2043,.F.);
#3343=ORIENTED_EDGE('',*,*,#2326,.F.);
#3344=ORIENTED_EDGE('',*,*,#1863,.F.);
#3345=ORIENTED_EDGE('',*,*,#2326,.T.);
#3346=ORIENTED_EDGE('',*,*,#2042,.F.);
#3347=ORIENTED_EDGE('',*,*,#2327,.F.);
#3348=ORIENTED_EDGE('',*,*,#1864,.F.);
#3349=ORIENTED_EDGE('',*,*,#2327,.T.);
#3350=ORIENTED_EDGE('',*,*,#2041,.F.);
#3351=ORIENTED_EDGE('',*,*,#2328,.F.);
#3352=ORIENTED_EDGE('',*,*,#1865,.F.);
#3353=ORIENTED_EDGE('',*,*,#2328,.T.);
#3354=ORIENTED_EDGE('',*,*,#2040,.F.);
#3355=ORIENTED_EDGE('',*,*,#2329,.F.);
#3356=ORIENTED_EDGE('',*,*,#1866,.F.);
#3357=ORIENTED_EDGE('',*,*,#2329,.T.);
#3358=ORIENTED_EDGE('',*,*,#2039,.F.);
#3359=ORIENTED_EDGE('',*,*,#2330,.F.);
#3360=ORIENTED_EDGE('',*,*,#1867,.F.);
#3361=ORIENTED_EDGE('',*,*,#2330,.T.);
#3362=ORIENTED_EDGE('',*,*,#2038,.F.);
#3363=ORIENTED_EDGE('',*,*,#2331,.F.);
#3364=ORIENTED_EDGE('',*,*,#1868,.F.);
#3365=ORIENTED_EDGE('',*,*,#2331,.T.);
#3366=ORIENTED_EDGE('',*,*,#2037,.F.);
#3367=ORIENTED_EDGE('',*,*,#2332,.F.);
#3368=ORIENTED_EDGE('',*,*,#1869,.F.);
#3369=ORIENTED_EDGE('',*,*,#2332,.T.);
#3370=ORIENTED_EDGE('',*,*,#2036,.F.);
#3371=ORIENTED_EDGE('',*,*,#2333,.F.);
#3372=ORIENTED_EDGE('',*,*,#1870,.F.);
#3373=ORIENTED_EDGE('',*,*,#2333,.T.);
#3374=ORIENTED_EDGE('',*,*,#2035,.F.);
#3375=ORIENTED_EDGE('',*,*,#2334,.F.);
#3376=ORIENTED_EDGE('',*,*,#1871,.F.);
#3377=ORIENTED_EDGE('',*,*,#2334,.T.);
#3378=ORIENTED_EDGE('',*,*,#2034,.F.);
#3379=ORIENTED_EDGE('',*,*,#2335,.F.);
#3380=ORIENTED_EDGE('',*,*,#1872,.F.);
#3381=ORIENTED_EDGE('',*,*,#2335,.T.);
#3382=ORIENTED_EDGE('',*,*,#2033,.F.);
#3383=ORIENTED_EDGE('',*,*,#2336,.F.);
#3384=ORIENTED_EDGE('',*,*,#1873,.F.);
#3385=ORIENTED_EDGE('',*,*,#2336,.T.);
#3386=ORIENTED_EDGE('',*,*,#2032,.F.);
#3387=ORIENTED_EDGE('',*,*,#2337,.F.);
#3388=ORIENTED_EDGE('',*,*,#1874,.F.);
#3389=ORIENTED_EDGE('',*,*,#2337,.T.);
#3390=ORIENTED_EDGE('',*,*,#2031,.F.);
#3391=ORIENTED_EDGE('',*,*,#2311,.F.);
#3392=ORIENTED_EDGE('',*,*,#2185,.F.);
#3393=ORIENTED_EDGE('',*,*,#2310,.F.);
#3394=ORIENTED_EDGE('',*,*,#1875,.F.);
#3395=ORIENTED_EDGE('',*,*,#2209,.T.);
#3396=ORIENTED_EDGE('',*,*,#2267,.T.);
#3397=ORIENTED_EDGE('',*,*,#2007,.F.);
#3398=ORIENTED_EDGE('',*,*,#2338,.F.);
#3399=ORIENTED_EDGE('',*,*,#1899,.F.);
#3400=ORIENTED_EDGE('',*,*,#2264,.T.);
#3401=ORIENTED_EDGE('',*,*,#2158,.T.);
#3402=ORIENTED_EDGE('',*,*,#2180,.T.);
#3403=ORIENTED_EDGE('',*,*,#2338,.T.);
#3404=ORIENTED_EDGE('',*,*,#2006,.F.);
#3405=ORIENTED_EDGE('',*,*,#2339,.F.);
#3406=ORIENTED_EDGE('',*,*,#1900,.F.);
#3407=ORIENTED_EDGE('',*,*,#2339,.T.);
#3408=ORIENTED_EDGE('',*,*,#2005,.F.);
#3409=ORIENTED_EDGE('',*,*,#2340,.F.);
#3410=ORIENTED_EDGE('',*,*,#1901,.F.);
#3411=ORIENTED_EDGE('',*,*,#2340,.T.);
#3412=ORIENTED_EDGE('',*,*,#2004,.F.);
#3413=ORIENTED_EDGE('',*,*,#2312,.T.);
#3414=ORIENTED_EDGE('',*,*,#1902,.F.);
#3415=ORIENTED_EDGE('',*,*,#2341,.F.);
#3416=ORIENTED_EDGE('',*,*,#2342,.F.);
#3417=ORIENTED_EDGE('',*,*,#2343,.T.);
#3418=ORIENTED_EDGE('',*,*,#2344,.F.);
#3419=ORIENTED_EDGE('',*,*,#2345,.F.);
#3420=ORIENTED_EDGE('',*,*,#2346,.F.);
#3421=ORIENTED_EDGE('',*,*,#2347,.T.);
#3422=ORIENTED_EDGE('',*,*,#2348,.F.);
#3423=ORIENTED_EDGE('',*,*,#2349,.F.);
#3424=ORIENTED_EDGE('',*,*,#2350,.F.);
#3425=ORIENTED_EDGE('',*,*,#2343,.F.);
#3426=ORIENTED_EDGE('',*,*,#2351,.F.);
#3427=ORIENTED_EDGE('',*,*,#2352,.F.);
#3428=ORIENTED_EDGE('',*,*,#2347,.F.);
#3429=ORIENTED_EDGE('',*,*,#2351,.T.);
#3430=ORIENTED_EDGE('',*,*,#2342,.T.);
#3431=ORIENTED_EDGE('',*,*,#2353,.F.);
#3432=ORIENTED_EDGE('',*,*,#2354,.F.);
#3433=ORIENTED_EDGE('',*,*,#2355,.F.);
#3434=ORIENTED_EDGE('',*,*,#2356,.T.);
#3435=ORIENTED_EDGE('',*,*,#2344,.T.);
#3436=ORIENTED_EDGE('',*,*,#2350,.T.);
#3437=ORIENTED_EDGE('',*,*,#2357,.F.);
#3438=ORIENTED_EDGE('',*,*,#2358,.T.);
#3439=ORIENTED_EDGE('',*,*,#2359,.T.);
#3440=ORIENTED_EDGE('',*,*,#2360,.F.);
#3441=ORIENTED_EDGE('',*,*,#2345,.T.);
#3442=ORIENTED_EDGE('',*,*,#2361,.T.);
#3443=ORIENTED_EDGE('',*,*,#2362,.T.);
#3444=ORIENTED_EDGE('',*,*,#2341,.T.);
#3445=ORIENTED_EDGE('',*,*,#2360,.T.);
#3446=ORIENTED_EDGE('',*,*,#2363,.T.);
#3447=ORIENTED_EDGE('',*,*,#2353,.T.);
#3448=ORIENTED_EDGE('',*,*,#2364,.T.);
#3449=ORIENTED_EDGE('',*,*,#2364,.F.);
#3450=ORIENTED_EDGE('',*,*,#2365,.T.);
#3451=ORIENTED_EDGE('',*,*,#2366,.T.);
#3452=ORIENTED_EDGE('',*,*,#2365,.F.);
#3453=ORIENTED_EDGE('',*,*,#2362,.F.);
#3454=ORIENTED_EDGE('',*,*,#2367,.T.);
#3455=ORIENTED_EDGE('',*,*,#2368,.T.);
#3456=ORIENTED_EDGE('',*,*,#2367,.F.);
#3457=ORIENTED_EDGE('',*,*,#2352,.T.);
#3458=ORIENTED_EDGE('',*,*,#2356,.F.);
#3459=ORIENTED_EDGE('',*,*,#2369,.T.);
#3460=ORIENTED_EDGE('',*,*,#2357,.T.);
#3461=ORIENTED_EDGE('',*,*,#2349,.T.);
#3462=ORIENTED_EDGE('',*,*,#2346,.T.);
#3463=ORIENTED_EDGE('',*,*,#2361,.F.);
#3464=ORIENTED_EDGE('',*,*,#2348,.T.);
#3465=ORIENTED_EDGE('',*,*,#2370,.T.);
#3466=ORIENTED_EDGE('',*,*,#2354,.T.);
#3467=ORIENTED_EDGE('',*,*,#2363,.F.);
#3468=ORIENTED_EDGE('',*,*,#2359,.F.);
#3469=ORIENTED_EDGE('',*,*,#2358,.F.);
#3470=ORIENTED_EDGE('',*,*,#2369,.F.);
#3471=ORIENTED_EDGE('',*,*,#2355,.T.);
#3472=ORIENTED_EDGE('',*,*,#2370,.F.);
#3473=ORIENTED_EDGE('',*,*,#2368,.F.);
#3474=ORIENTED_EDGE('',*,*,#2366,.F.);
#3475=PLANE('',#3756);
#3476=PLANE('',#3757);
#3477=PLANE('',#3758);
#3478=PLANE('',#3762);
#3479=PLANE('',#3763);
#3480=PLANE('',#3764);
#3481=PLANE('',#3765);
#3482=PLANE('',#3766);
#3483=PLANE('',#3767);
#3484=PLANE('',#3768);
#3485=PLANE('',#3769);
#3486=PLANE('',#3770);
#3487=PLANE('',#3771);
#3488=PLANE('',#3826);
#3489=PLANE('',#3827);
#3490=PLANE('',#3828);
#3491=PLANE('',#3829);
#3492=PLANE('',#3830);
#3493=PLANE('',#3885);
#3494=PLANE('',#3887);
#3495=PLANE('',#3922);
#3496=PLANE('',#3926);
#3497=PLANE('',#3930);
#3498=PLANE('',#3934);
#3499=PLANE('',#3938);
#3500=PLANE('',#3942);
#3501=PLANE('',#3948);
#3502=PLANE('',#3951);
#3503=PLANE('',#3954);
#3504=PLANE('',#3957);
#3505=PLANE('',#3960);
#3506=PLANE('',#3963);
#3507=PLANE('',#3964);
#3508=PLANE('',#3983);
#3509=PLANE('',#4000);
#3510=PLANE('',#4003);
#3511=PLANE('',#4004);
#3512=PLANE('',#4081);
#3513=PLANE('',#4085);
#3514=PLANE('',#4086);
#3515=PLANE('',#4090);
#3516=PLANE('',#4091);
#3517=PLANE('',#4092);
#3518=PLANE('',#4096);
#3519=PLANE('',#4113);
#3520=PLANE('',#4116);
#3521=PLANE('',#4117);
#3522=PLANE('',#4118);
#3523=PLANE('',#4121);
#3524=PLANE('',#4132);
#3525=ADVANCED_FACE('',(#533),#3475,.F.);
#3526=ADVANCED_FACE('',(#534),#3476,.F.);
#3527=ADVANCED_FACE('',(#535),#3477,.F.);
#3528=ADVANCED_FACE('',(#536),#433,.F.);
#3529=ADVANCED_FACE('',(#537),#3478,.F.);
#3530=ADVANCED_FACE('',(#538),#3479,.F.);
#3531=ADVANCED_FACE('',(#539),#3480,.F.);
#3532=ADVANCED_FACE('',(#540),#3481,.F.);
#3533=ADVANCED_FACE('',(#541),#3482,.F.);
#3534=ADVANCED_FACE('',(#542),#3483,.F.);
#3535=ADVANCED_FACE('',(#543),#3484,.F.);
#3536=ADVANCED_FACE('',(#544),#3485,.T.);
#3537=ADVANCED_FACE('',(#545),#3486,.T.);
#3538=ADVANCED_FACE('',(#546,#91,#92,#93,#94,#95,#96),#3487,.F.);
#3539=ADVANCED_FACE('',(#547),#3488,.F.);
#3540=ADVANCED_FACE('',(#548),#3489,.F.);
#3541=ADVANCED_FACE('',(#549),#3490,.F.);
#3542=ADVANCED_FACE('',(#550),#3491,.T.);
#3543=ADVANCED_FACE('',(#551,#97,#98,#99,#100,#101,#102),#3492,.T.);
#3544=ADVANCED_FACE('',(#552),#3493,.F.);
#3545=ADVANCED_FACE('',(#553,#103),#3494,.F.);
#3546=ADVANCED_FACE('',(#554),#434,.F.);
#3547=ADVANCED_FACE('',(#555),#435,.F.);
#3548=ADVANCED_FACE('',(#556),#436,.F.);
#3549=ADVANCED_FACE('',(#557),#437,.F.);
#3550=ADVANCED_FACE('',(#558),#438,.F.);
#3551=ADVANCED_FACE('',(#559),#439,.F.);
#3552=ADVANCED_FACE('',(#560),#440,.F.);
#3553=ADVANCED_FACE('',(#561),#441,.F.);
#3554=ADVANCED_FACE('',(#562,#104),#3495,.F.);
#3555=ADVANCED_FACE('',(#563),#85,.T.);
#3556=ADVANCED_FACE('',(#564,#105),#3496,.F.);
#3557=ADVANCED_FACE('',(#565),#86,.T.);
#3558=ADVANCED_FACE('',(#566,#106),#3497,.F.);
#3559=ADVANCED_FACE('',(#567),#87,.T.);
#3560=ADVANCED_FACE('',(#568,#107),#3498,.F.);
#3561=ADVANCED_FACE('',(#569),#88,.T.);
#3562=ADVANCED_FACE('',(#570,#108),#3499,.F.);
#3563=ADVANCED_FACE('',(#571),#89,.T.);
#3564=ADVANCED_FACE('',(#572,#109),#3500,.F.);
#3565=ADVANCED_FACE('',(#573),#90,.T.);
#3566=ADVANCED_FACE('',(#574),#442,.F.);
#3567=ADVANCED_FACE('',(#575,#110),#3501,.T.);
#3568=ADVANCED_FACE('',(#576),#443,.F.);
#3569=ADVANCED_FACE('',(#577,#111),#3502,.T.);
#3570=ADVANCED_FACE('',(#578),#444,.F.);
#3571=ADVANCED_FACE('',(#579,#112),#3503,.T.);
#3572=ADVANCED_FACE('',(#580),#445,.F.);
#3573=ADVANCED_FACE('',(#581,#113),#3504,.T.);
#3574=ADVANCED_FACE('',(#582),#446,.F.);
#3575=ADVANCED_FACE('',(#583,#114),#3505,.T.);
#3576=ADVANCED_FACE('',(#584),#447,.F.);
#3577=ADVANCED_FACE('',(#585,#115),#3506,.T.);
#3578=ADVANCED_FACE('',(#586,#116),#3507,.T.);
#3579=ADVANCED_FACE('',(#587),#448,.F.);
#3580=ADVANCED_FACE('',(#588,#117),#3508,.T.);
#3581=ADVANCED_FACE('',(#589),#3509,.F.);
#3582=ADVANCED_FACE('',(#590),#449,.F.);
#3583=ADVANCED_FACE('',(#591),#3510,.F.);
#3584=ADVANCED_FACE('',(#592,#118),#3511,.F.);
#3585=ADVANCED_FACE('',(#593),#450,.F.);
#3586=ADVANCED_FACE('',(#594),#451,.F.);
#3587=ADVANCED_FACE('',(#595),#452,.F.);
#3588=ADVANCED_FACE('',(#596),#453,.F.);
#3589=ADVANCED_FACE('',(#597),#39,.T.);
#3590=ADVANCED_FACE('',(#598),#40,.T.);
#3591=ADVANCED_FACE('',(#599),#454,.T.);
#3592=ADVANCED_FACE('',(#600),#455,.T.);
#3593=ADVANCED_FACE('',(#601),#41,.T.);
#3594=ADVANCED_FACE('',(#602),#42,.T.);
#3595=ADVANCED_FACE('',(#603),#456,.F.);
#3596=ADVANCED_FACE('',(#604),#457,.F.);
#3597=ADVANCED_FACE('',(#605),#458,.F.);
#3598=ADVANCED_FACE('',(#606),#459,.F.);
#3599=ADVANCED_FACE('',(#607),#43,.T.);
#3600=ADVANCED_FACE('',(#608),#44,.T.);
#3601=ADVANCED_FACE('',(#609),#460,.T.);
#3602=ADVANCED_FACE('',(#610),#461,.T.);
#3603=ADVANCED_FACE('',(#611),#45,.T.);
#3604=ADVANCED_FACE('',(#612),#46,.T.);
#3605=ADVANCED_FACE('',(#613),#462,.F.);
#3606=ADVANCED_FACE('',(#614),#463,.F.);
#3607=ADVANCED_FACE('',(#615),#464,.F.);
#3608=ADVANCED_FACE('',(#616),#465,.F.);
#3609=ADVANCED_FACE('',(#617),#47,.T.);
#3610=ADVANCED_FACE('',(#618),#48,.T.);
#3611=ADVANCED_FACE('',(#619),#466,.T.);
#3612=ADVANCED_FACE('',(#620),#467,.T.);
#3613=ADVANCED_FACE('',(#621),#49,.T.);
#3614=ADVANCED_FACE('',(#622),#50,.T.);
#3615=ADVANCED_FACE('',(#623),#468,.F.);
#3616=ADVANCED_FACE('',(#624),#469,.F.);
#3617=ADVANCED_FACE('',(#625),#470,.F.);
#3618=ADVANCED_FACE('',(#626),#471,.F.);
#3619=ADVANCED_FACE('',(#627),#51,.T.);
#3620=ADVANCED_FACE('',(#628),#52,.T.);
#3621=ADVANCED_FACE('',(#629),#472,.T.);
#3622=ADVANCED_FACE('',(#630),#473,.T.);
#3623=ADVANCED_FACE('',(#631),#53,.T.);
#3624=ADVANCED_FACE('',(#632),#54,.T.);
#3625=ADVANCED_FACE('',(#633),#474,.F.);
#3626=ADVANCED_FACE('',(#634),#475,.F.);
#3627=ADVANCED_FACE('',(#635),#476,.F.);
#3628=ADVANCED_FACE('',(#636),#477,.F.);
#3629=ADVANCED_FACE('',(#637),#55,.T.);
#3630=ADVANCED_FACE('',(#638),#56,.T.);
#3631=ADVANCED_FACE('',(#639),#478,.T.);
#3632=ADVANCED_FACE('',(#640),#479,.T.);
#3633=ADVANCED_FACE('',(#641),#57,.T.);
#3634=ADVANCED_FACE('',(#642),#58,.T.);
#3635=ADVANCED_FACE('',(#643),#480,.F.);
#3636=ADVANCED_FACE('',(#644),#481,.F.);
#3637=ADVANCED_FACE('',(#645),#482,.F.);
#3638=ADVANCED_FACE('',(#646),#59,.T.);
#3639=ADVANCED_FACE('',(#647),#60,.T.);
#3640=ADVANCED_FACE('',(#648),#483,.T.);
#3641=ADVANCED_FACE('',(#649),#484,.T.);
#3642=ADVANCED_FACE('',(#650),#61,.T.);
#3643=ADVANCED_FACE('',(#651),#62,.T.);
#3644=ADVANCED_FACE('',(#652),#485,.F.);
#3645=ADVANCED_FACE('',(#653),#486,.F.);
#3646=ADVANCED_FACE('',(#654),#487,.F.);
#3647=ADVANCED_FACE('',(#655),#488,.F.);
#3648=ADVANCED_FACE('',(#656),#63,.T.);
#3649=ADVANCED_FACE('',(#657),#64,.T.);
#3650=ADVANCED_FACE('',(#658),#489,.T.);
#3651=ADVANCED_FACE('',(#659),#490,.T.);
#3652=ADVANCED_FACE('',(#660),#65,.T.);
#3653=ADVANCED_FACE('',(#661),#66,.T.);
#3654=ADVANCED_FACE('',(#662),#491,.F.);
#3655=ADVANCED_FACE('',(#663),#492,.F.);
#3656=ADVANCED_FACE('',(#664),#493,.F.);
#3657=ADVANCED_FACE('',(#665),#494,.F.);
#3658=ADVANCED_FACE('',(#666),#67,.T.);
#3659=ADVANCED_FACE('',(#667),#68,.T.);
#3660=ADVANCED_FACE('',(#668),#495,.T.);
#3661=ADVANCED_FACE('',(#669),#496,.T.);
#3662=ADVANCED_FACE('',(#670),#69,.T.);
#3663=ADVANCED_FACE('',(#671),#70,.T.);
#3664=ADVANCED_FACE('',(#672),#497,.F.);
#3665=ADVANCED_FACE('',(#673),#498,.F.);
#3666=ADVANCED_FACE('',(#674),#499,.F.);
#3667=ADVANCED_FACE('',(#675),#500,.F.);
#3668=ADVANCED_FACE('',(#676),#71,.T.);
#3669=ADVANCED_FACE('',(#677),#72,.T.);
#3670=ADVANCED_FACE('',(#678),#501,.T.);
#3671=ADVANCED_FACE('',(#679),#502,.T.);
#3672=ADVANCED_FACE('',(#680),#73,.T.);
#3673=ADVANCED_FACE('',(#681),#74,.T.);
#3674=ADVANCED_FACE('',(#682),#503,.F.);
#3675=ADVANCED_FACE('',(#683),#504,.F.);
#3676=ADVANCED_FACE('',(#684),#505,.F.);
#3677=ADVANCED_FACE('',(#685),#506,.F.);
#3678=ADVANCED_FACE('',(#686),#75,.T.);
#3679=ADVANCED_FACE('',(#687),#76,.T.);
#3680=ADVANCED_FACE('',(#688),#507,.T.);
#3681=ADVANCED_FACE('',(#689),#508,.T.);
#3682=ADVANCED_FACE('',(#690),#509,.F.);
#3683=ADVANCED_FACE('',(#691),#510,.F.);
#3684=ADVANCED_FACE('',(#692),#77,.T.);
#3685=ADVANCED_FACE('',(#693),#3512,.T.);
#3686=ADVANCED_FACE('',(#694),#511,.T.);
#3687=ADVANCED_FACE('',(#695),#78,.T.);
#3688=ADVANCED_FACE('',(#696),#512,.F.);
#3689=ADVANCED_FACE('',(#697),#513,.F.);
#3690=ADVANCED_FACE('',(#698),#3513,.T.);
#3691=ADVANCED_FACE('',(#699),#3514,.T.);
#3692=ADVANCED_FACE('',(#700),#514,.F.);
#3693=ADVANCED_FACE('',(#701),#515,.T.);
#3694=ADVANCED_FACE('',(#702),#79,.T.);
#3695=ADVANCED_FACE('',(#703),#516,.F.);
#3696=ADVANCED_FACE('',(#704),#3515,.T.);
#3697=ADVANCED_FACE('',(#705),#3516,.T.);
#3698=ADVANCED_FACE('',(#706),#3517,.T.);
#3699=ADVANCED_FACE('',(#707),#517,.T.);
#3700=ADVANCED_FACE('',(#708),#518,.F.);
#3701=ADVANCED_FACE('',(#709),#519,.T.);
#3702=ADVANCED_FACE('',(#710),#3518,.T.);
#3703=ADVANCED_FACE('',(#711),#520,.F.);
#3704=ADVANCED_FACE('',(#712),#80,.T.);
#3705=ADVANCED_FACE('',(#713),#521,.T.);
#3706=ADVANCED_FACE('',(#714),#81,.T.);
#3707=ADVANCED_FACE('',(#715),#522,.F.);
#3708=ADVANCED_FACE('',(#716),#523,.F.);
#3709=ADVANCED_FACE('',(#717),#82,.T.);
#3710=ADVANCED_FACE('',(#718),#524,.T.);
#3711=ADVANCED_FACE('',(#719),#525,.F.);
#3712=ADVANCED_FACE('',(#720),#83,.T.);
#3713=ADVANCED_FACE('',(#721),#526,.T.);
#3714=ADVANCED_FACE('',(#722),#84,.T.);
#3715=ADVANCED_FACE('',(#723),#527,.F.);
#3716=ADVANCED_FACE('',(#724),#528,.T.);
#3717=ADVANCED_FACE('',(#725),#3519,.T.);
#3718=ADVANCED_FACE('',(#726),#3520,.T.);
#3719=ADVANCED_FACE('',(#727),#3521,.T.);
#3720=ADVANCED_FACE('',(#728,#119),#3522,.T.);
#3721=ADVANCED_FACE('',(#729,#120),#3523,.T.);
#3722=ADVANCED_FACE('',(#730),#529,.F.);
#3723=ADVANCED_FACE('',(#731),#530,.F.);
#3724=ADVANCED_FACE('',(#732),#531,.T.);
#3725=ADVANCED_FACE('',(#733),#532,.T.);
#3726=ADVANCED_FACE('',(#734,#121,#122),#3524,.F.);
#3727=CLOSED_SHELL('',(#3525,#3526,#3527,#3528,#3529,#3530,#3531,#3532,
#3533,#3534,#3535,#3536,#3537,#3538,#3539,#3540,#3541,#3542,#3543,#3544,
#3545,#3546,#3547,#3548,#3549,#3550,#3551,#3552,#3553,#3554,#3555,#3556,
#3557,#3558,#3559,#3560,#3561,#3562,#3563,#3564,#3565,#3566,#3567,#3568,
#3569,#3570,#3571,#3572,#3573,#3574,#3575,#3576,#3577,#3578,#3579,#3580,
#3581,#3582,#3583,#3584,#3585,#3586,#3587,#3588,#3589,#3590,#3591,#3592,
#3593,#3594,#3595,#3596,#3597,#3598,#3599,#3600,#3601,#3602,#3603,#3604,
#3605,#3606,#3607,#3608,#3609,#3610,#3611,#3612,#3613,#3614,#3615,#3616,
#3617,#3618,#3619,#3620,#3621,#3622,#3623,#3624,#3625,#3626,#3627,#3628,
#3629,#3630,#3631,#3632,#3633,#3634,#3635,#3636,#3637,#3638,#3639,#3640,
#3641,#3642,#3643,#3644,#3645,#3646,#3647,#3648,#3649,#3650,#3651,#3652,
#3653,#3654,#3655,#3656,#3657,#3658,#3659,#3660,#3661,#3662,#3663,#3664,
#3665,#3666,#3667,#3668,#3669,#3670,#3671,#3672,#3673,#3674,#3675,#3676,
#3677,#3678,#3679,#3680,#3681,#3682,#3683,#3684,#3685,#3686,#3687,#3688,
#3689,#3690,#3691,#3692,#3693,#3694,#3695,#3696,#3697,#3698,#3699,#3700,
#3701,#3702,#3703,#3704,#3705,#3706,#3707,#3708,#3709,#3710,#3711,#3712,
#3713,#3714));
#3728=CLOSED_SHELL('',(#3715,#3716,#3717,#3718,#3719,#3720,#3721,#3722,
#3723,#3724,#3725,#3726));
#3729=DERIVED_UNIT_ELEMENT(#3733,1.);
#3730=DERIVED_UNIT_ELEMENT(#7099,-3.);
#3731=DERIVED_UNIT_ELEMENT(#3733,1.);
#3732=DERIVED_UNIT_ELEMENT(#7099,-3.);
#3733=(
MASS_UNIT()
NAMED_UNIT(*)
SI_UNIT(.KILO.,.GRAM.)
);
#3734=DERIVED_UNIT((#3729,#3730));
#3735=DERIVED_UNIT((#3731,#3732));
#3736=MEASURE_REPRESENTATION_ITEM('density measure',
POSITIVE_RATIO_MEASURE(7850.),#3734);
#3737=MEASURE_REPRESENTATION_ITEM('density measure',
POSITIVE_RATIO_MEASURE(7850.),#3735);
#3738=PROPERTY_DEFINITION_REPRESENTATION(#3748,#3742);
#3739=PROPERTY_DEFINITION_REPRESENTATION(#3749,#3743);
#3740=PROPERTY_DEFINITION_REPRESENTATION(#3750,#3744);
#3741=PROPERTY_DEFINITION_REPRESENTATION(#3751,#3745);
#3742=REPRESENTATION('material name',(#3746),#7095);
#3743=REPRESENTATION('density',(#3736),#7095);
#3744=REPRESENTATION('material name',(#3747),#7096);
#3745=REPRESENTATION('density',(#3737),#7096);
#3746=DESCRIPTIVE_REPRESENTATION_ITEM('Steel','Steel');
#3747=DESCRIPTIVE_REPRESENTATION_ITEM('Steel','Steel');
#3748=PROPERTY_DEFINITION('material property','material name',#7126);
#3749=PROPERTY_DEFINITION('material property','density of part',#7126);
#3750=PROPERTY_DEFINITION('material property','material name',#7127);
#3751=PROPERTY_DEFINITION('material property','density of part',#7127);
#3752=AXIS2_PLACEMENT_3D('',#5146,#4136,#4137);
#3753=AXIS2_PLACEMENT_3D('',#5147,#4138,#4139);
#3754=AXIS2_PLACEMENT_3D('',#5148,#4140,#4141);
#3755=AXIS2_PLACEMENT_3D('',#5149,#4142,#4143);
#3756=AXIS2_PLACEMENT_3D('',#5150,#4144,#4145);
#3757=AXIS2_PLACEMENT_3D('',#5159,#4150,#4151);
#3758=AXIS2_PLACEMENT_3D('',#5168,#4156,#4157);
#3759=AXIS2_PLACEMENT_3D('',#5176,#4162,#4163);
#3760=AXIS2_PLACEMENT_3D('',#5177,#4164,#4165);
#3761=AXIS2_PLACEMENT_3D('',#5178,#4166,#4167);
#3762=AXIS2_PLACEMENT_3D('',#5179,#4168,#4169);
#3763=AXIS2_PLACEMENT_3D('',#5187,#4174,#4175);
#3764=AXIS2_PLACEMENT_3D('',#5196,#4180,#4181);
#3765=AXIS2_PLACEMENT_3D('',#5202,#4185,#4186);
#3766=AXIS2_PLACEMENT_3D('',#5208,#4190,#4191);
#3767=AXIS2_PLACEMENT_3D('',#5217,#4196,#4197);
#3768=AXIS2_PLACEMENT_3D('',#5223,#4201,#4202);
#3769=AXIS2_PLACEMENT_3D('',#5229,#4206,#4207);
#3770=AXIS2_PLACEMENT_3D('',#5232,#4210,#4211);
#3771=AXIS2_PLACEMENT_3D('',#5238,#4215,#4216);
#3772=AXIS2_PLACEMENT_3D('',#5244,#4219,#4220);
#3773=AXIS2_PLACEMENT_3D('',#5246,#4221,#4222);
#3774=AXIS2_PLACEMENT_3D('',#5248,#4223,#4224);
#3775=AXIS2_PLACEMENT_3D('',#5252,#4226,#4227);
#3776=AXIS2_PLACEMENT_3D('',#5261,#4228,#4229);
#3777=AXIS2_PLACEMENT_3D('',#5270,#4230,#4231);
#3778=AXIS2_PLACEMENT_3D('',#5272,#4232,#4233);
#3779=AXIS2_PLACEMENT_3D('',#5281,#4234,#4235);
#3780=AXIS2_PLACEMENT_3D('',#5283,#4236,#4237);
#3781=AXIS2_PLACEMENT_3D('',#5290,#4238,#4239);
#3782=AXIS2_PLACEMENT_3D('',#5292,#4240,#4241);
#3783=AXIS2_PLACEMENT_3D('',#5301,#4242,#4243);
#3784=AXIS2_PLACEMENT_3D('',#5308,#4244,#4245);
#3785=AXIS2_PLACEMENT_3D('',#5310,#4246,#4247);
#3786=AXIS2_PLACEMENT_3D('',#5317,#4248,#4249);
#3787=AXIS2_PLACEMENT_3D('',#5326,#4250,#4251);
#3788=AXIS2_PLACEMENT_3D('',#5328,#4252,#4253);
#3789=AXIS2_PLACEMENT_3D('',#5335,#4254,#4255);
#3790=AXIS2_PLACEMENT_3D('',#5344,#4256,#4257);
#3791=AXIS2_PLACEMENT_3D('',#5346,#4258,#4259);
#3792=AXIS2_PLACEMENT_3D('',#5355,#4260,#4261);
#3793=AXIS2_PLACEMENT_3D('',#5364,#4262,#4263);
#3794=AXIS2_PLACEMENT_3D('',#5366,#4264,#4265);
#3795=AXIS2_PLACEMENT_3D('',#5375,#4266,#4267);
#3796=AXIS2_PLACEMENT_3D('',#5384,#4268,#4269);
#3797=AXIS2_PLACEMENT_3D('',#5386,#4270,#4271);
#3798=AXIS2_PLACEMENT_3D('',#5405,#4277,#4278);
#3799=AXIS2_PLACEMENT_3D('',#5414,#4279,#4280);
#3800=AXIS2_PLACEMENT_3D('',#5416,#4281,#4282);
#3801=AXIS2_PLACEMENT_3D('',#5425,#4283,#4284);
#3802=AXIS2_PLACEMENT_3D('',#5434,#4285,#4286);
#3803=AXIS2_PLACEMENT_3D('',#5436,#4287,#4288);
#3804=AXIS2_PLACEMENT_3D('',#5443,#4289,#4290);
#3805=AXIS2_PLACEMENT_3D('',#5452,#4291,#4292);
#3806=AXIS2_PLACEMENT_3D('',#5454,#4293,#4294);
#3807=AXIS2_PLACEMENT_3D('',#5461,#4295,#4296);
#3808=AXIS2_PLACEMENT_3D('',#5468,#4297,#4298);
#3809=AXIS2_PLACEMENT_3D('',#5470,#4299,#4300);
#3810=AXIS2_PLACEMENT_3D('',#5479,#4301,#4302);
#3811=AXIS2_PLACEMENT_3D('',#5486,#4303,#4304);
#3812=AXIS2_PLACEMENT_3D('',#5488,#4305,#4306);
#3813=AXIS2_PLACEMENT_3D('',#5495,#4307,#4308);
#3814=AXIS2_PLACEMENT_3D('',#5502,#4309,#4310);
#3815=AXIS2_PLACEMENT_3D('',#5504,#4311,#4312);
#3816=AXIS2_PLACEMENT_3D('',#5506,#4313,#4314);
#3817=AXIS2_PLACEMENT_3D('',#5512,#4317,#4318);
#3818=AXIS2_PLACEMENT_3D('',#5514,#4319,#4320);
#3819=AXIS2_PLACEMENT_3D('',#5523,#4321,#4322);
#3820=AXIS2_PLACEMENT_3D('',#5526,#4324,#4325);
#3821=AXIS2_PLACEMENT_3D('',#5528,#4326,#4327);
#3822=AXIS2_PLACEMENT_3D('',#5530,#4328,#4329);
#3823=AXIS2_PLACEMENT_3D('',#5532,#4330,#4331);
#3824=AXIS2_PLACEMENT_3D('',#5534,#4332,#4333);
#3825=AXIS2_PLACEMENT_3D('',#5536,#4334,#4335);
#3826=AXIS2_PLACEMENT_3D('',#5537,#4336,#4337);
#3827=AXIS2_PLACEMENT_3D('',#5543,#4341,#4342);
#3828=AXIS2_PLACEMENT_3D('',#5547,#4345,#4346);
#3829=AXIS2_PLACEMENT_3D('',#5551,#4349,#4350);
#3830=AXIS2_PLACEMENT_3D('',#5555,#4353,#4354);
#3831=AXIS2_PLACEMENT_3D('',#5559,#4356,#4357);
#3832=AXIS2_PLACEMENT_3D('',#5568,#4358,#4359);
#3833=AXIS2_PLACEMENT_3D('',#5570,#4360,#4361);
#3834=AXIS2_PLACEMENT_3D('',#5576,#4364,#4365);
#3835=AXIS2_PLACEMENT_3D('',#5578,#4366,#4367);
#3836=AXIS2_PLACEMENT_3D('',#5580,#4368,#4369);
#3837=AXIS2_PLACEMENT_3D('',#5587,#4370,#4371);
#3838=AXIS2_PLACEMENT_3D('',#5594,#4372,#4373);
#3839=AXIS2_PLACEMENT_3D('',#5596,#4374,#4375);
#3840=AXIS2_PLACEMENT_3D('',#5603,#4376,#4377);
#3841=AXIS2_PLACEMENT_3D('',#5612,#4378,#4379);
#3842=AXIS2_PLACEMENT_3D('',#5614,#4380,#4381);
#3843=AXIS2_PLACEMENT_3D('',#5621,#4382,#4383);
#3844=AXIS2_PLACEMENT_3D('',#5628,#4384,#4385);
#3845=AXIS2_PLACEMENT_3D('',#5630,#4386,#4387);
#3846=AXIS2_PLACEMENT_3D('',#5639,#4388,#4389);
#3847=AXIS2_PLACEMENT_3D('',#5646,#4390,#4391);
#3848=AXIS2_PLACEMENT_3D('',#5648,#4392,#4393);
#3849=AXIS2_PLACEMENT_3D('',#5657,#4394,#4395);
#3850=AXIS2_PLACEMENT_3D('',#5666,#4396,#4397);
#3851=AXIS2_PLACEMENT_3D('',#5668,#4398,#4399);
#3852=AXIS2_PLACEMENT_3D('',#5676,#4400,#4401);
#3853=AXIS2_PLACEMENT_3D('',#5687,#4403,#4404);
#3854=AXIS2_PLACEMENT_3D('',#5689,#4405,#4406);
#3855=AXIS2_PLACEMENT_3D('',#5698,#4407,#4408);
#3856=AXIS2_PLACEMENT_3D('',#5707,#4409,#4410);
#3857=AXIS2_PLACEMENT_3D('',#5709,#4411,#4412);
#3858=AXIS2_PLACEMENT_3D('',#5718,#4413,#4414);
#3859=AXIS2_PLACEMENT_3D('',#5727,#4415,#4416);
#3860=AXIS2_PLACEMENT_3D('',#5729,#4417,#4418);
#3861=AXIS2_PLACEMENT_3D('',#5738,#4419,#4420);
#3862=AXIS2_PLACEMENT_3D('',#5745,#4421,#4422);
#3863=AXIS2_PLACEMENT_3D('',#5747,#4423,#4424);
#3864=AXIS2_PLACEMENT_3D('',#5756,#4425,#4426);
#3865=AXIS2_PLACEMENT_3D('',#5763,#4427,#4428);
#3866=AXIS2_PLACEMENT_3D('',#5765,#4429,#4430);
#3867=AXIS2_PLACEMENT_3D('',#5772,#4431,#4432);
#3868=AXIS2_PLACEMENT_3D('',#5781,#4433,#4434);
#3869=AXIS2_PLACEMENT_3D('',#5783,#4435,#4436);
#3870=AXIS2_PLACEMENT_3D('',#5790,#4437,#4438);
#3871=AXIS2_PLACEMENT_3D('',#5792,#4439,#4440);
#3872=AXIS2_PLACEMENT_3D('',#5801,#4441,#4442);
#3873=AXIS2_PLACEMENT_3D('',#5803,#4443,#4444);
#3874=AXIS2_PLACEMENT_3D('',#5812,#4445,#4446);
#3875=AXIS2_PLACEMENT_3D('',#5821,#4447,#4448);
#3876=AXIS2_PLACEMENT_3D('',#5825,#4450,#4451);
#3877=AXIS2_PLACEMENT_3D('',#5827,#4452,#4453);
#3878=AXIS2_PLACEMENT_3D('',#5829,#4454,#4455);
#3879=AXIS2_PLACEMENT_3D('',#5834,#4458,#4459);
#3880=AXIS2_PLACEMENT_3D('',#5836,#4460,#4461);
#3881=AXIS2_PLACEMENT_3D('',#5838,#4462,#4463);
#3882=AXIS2_PLACEMENT_3D('',#5840,#4464,#4465);
#3883=AXIS2_PLACEMENT_3D('',#5842,#4466,#4467);
#3884=AXIS2_PLACEMENT_3D('',#5844,#4468,#4469);
#3885=AXIS2_PLACEMENT_3D('',#5845,#4470,#4471);
#3886=AXIS2_PLACEMENT_3D('',#5846,#4472,#4473);
#3887=AXIS2_PLACEMENT_3D('',#5847,#4474,#4475);
#3888=AXIS2_PLACEMENT_3D('',#5849,#4476,#4477);
#3889=AXIS2_PLACEMENT_3D('',#5856,#4478,#4479);
#3890=AXIS2_PLACEMENT_3D('',#5863,#4480,#4481);
#3891=AXIS2_PLACEMENT_3D('',#5865,#4482,#4483);
#3892=AXIS2_PLACEMENT_3D('',#5874,#4484,#4485);
#3893=AXIS2_PLACEMENT_3D('',#5881,#4486,#4487);
#3894=AXIS2_PLACEMENT_3D('',#5883,#4488,#4489);
#3895=AXIS2_PLACEMENT_3D('',#5892,#4490,#4491);
#3896=AXIS2_PLACEMENT_3D('',#5901,#4492,#4493);
#3897=AXIS2_PLACEMENT_3D('',#5903,#4494,#4495);
#3898=AXIS2_PLACEMENT_3D('',#5910,#4496,#4497);
#3899=AXIS2_PLACEMENT_3D('',#5919,#4498,#4499);
#3900=AXIS2_PLACEMENT_3D('',#5921,#4500,#4501);
#3901=AXIS2_PLACEMENT_3D('',#5930,#4502,#4503);
#3902=AXIS2_PLACEMENT_3D('',#5939,#4504,#4505);
#3903=AXIS2_PLACEMENT_3D('',#5940,#4506,#4507);
#3904=AXIS2_PLACEMENT_3D('',#5942,#4508,#4509);
#3905=AXIS2_PLACEMENT_3D('',#5943,#4510,#4511);
#3906=AXIS2_PLACEMENT_3D('',#5945,#4512,#4513);
#3907=AXIS2_PLACEMENT_3D('',#5947,#4515,#4516);
#3908=AXIS2_PLACEMENT_3D('',#5949,#4517,#4518);
#3909=AXIS2_PLACEMENT_3D('',#5951,#4520,#4521);
#3910=AXIS2_PLACEMENT_3D('',#5953,#4522,#4523);
#3911=AXIS2_PLACEMENT_3D('',#5955,#4525,#4526);
#3912=AXIS2_PLACEMENT_3D('',#5957,#4527,#4528);
#3913=AXIS2_PLACEMENT_3D('',#5959,#4530,#4531);
#3914=AXIS2_PLACEMENT_3D('',#5961,#4533,#4534);
#3915=AXIS2_PLACEMENT_3D('',#5963,#4535,#4536);
#3916=AXIS2_PLACEMENT_3D('',#5966,#4538,#4539);
#3917=AXIS2_PLACEMENT_3D('',#5967,#4540,#4541);
#3918=AXIS2_PLACEMENT_3D('',#5969,#4542,#4543);
#3919=AXIS2_PLACEMENT_3D('',#5971,#4545,#4546);
#3920=AXIS2_PLACEMENT_3D('',#5973,#4547,#4548);
#3921=AXIS2_PLACEMENT_3D('',#5976,#4550,#4551);
#3922=AXIS2_PLACEMENT_3D('',#5977,#4552,#4553);
#3923=AXIS2_PLACEMENT_3D('',#5979,#4554,#4555);
#3924=AXIS2_PLACEMENT_3D('',#5980,#4556,#4557);
#3925=AXIS2_PLACEMENT_3D('',#5983,#4559,#4560);
#3926=AXIS2_PLACEMENT_3D('',#5984,#4561,#4562);
#3927=AXIS2_PLACEMENT_3D('',#5986,#4563,#4564);
#3928=AXIS2_PLACEMENT_3D('',#5987,#4565,#4566);
#3929=AXIS2_PLACEMENT_3D('',#5990,#4568,#4569);
#3930=AXIS2_PLACEMENT_3D('',#5991,#4570,#4571);
#3931=AXIS2_PLACEMENT_3D('',#5993,#4572,#4573);
#3932=AXIS2_PLACEMENT_3D('',#5994,#4574,#4575);
#3933=AXIS2_PLACEMENT_3D('',#5997,#4577,#4578);
#3934=AXIS2_PLACEMENT_3D('',#5998,#4579,#4580);
#3935=AXIS2_PLACEMENT_3D('',#6000,#4581,#4582);
#3936=AXIS2_PLACEMENT_3D('',#6001,#4583,#4584);
#3937=AXIS2_PLACEMENT_3D('',#6004,#4586,#4587);
#3938=AXIS2_PLACEMENT_3D('',#6005,#4588,#4589);
#3939=AXIS2_PLACEMENT_3D('',#6007,#4590,#4591);
#3940=AXIS2_PLACEMENT_3D('',#6008,#4592,#4593);
#3941=AXIS2_PLACEMENT_3D('',#6011,#4595,#4596);
#3942=AXIS2_PLACEMENT_3D('',#6012,#4597,#4598);
#3943=AXIS2_PLACEMENT_3D('',#6014,#4599,#4600);
#3944=AXIS2_PLACEMENT_3D('',#6015,#4601,#4602);
#3945=AXIS2_PLACEMENT_3D('',#6018,#4604,#4605);
#3946=AXIS2_PLACEMENT_3D('',#6019,#4606,#4607);
#3947=AXIS2_PLACEMENT_3D('',#6022,#4609,#4610);
#3948=AXIS2_PLACEMENT_3D('',#6023,#4611,#4612);
#3949=AXIS2_PLACEMENT_3D('',#6024,#4613,#4614);
#3950=AXIS2_PLACEMENT_3D('',#6027,#4616,#4617);
#3951=AXIS2_PLACEMENT_3D('',#6028,#4618,#4619);
#3952=AXIS2_PLACEMENT_3D('',#6029,#4620,#4621);
#3953=AXIS2_PLACEMENT_3D('',#6032,#4623,#4624);
#3954=AXIS2_PLACEMENT_3D('',#6033,#4625,#4626);
#3955=AXIS2_PLACEMENT_3D('',#6034,#4627,#4628);
#3956=AXIS2_PLACEMENT_3D('',#6037,#4630,#4631);
#3957=AXIS2_PLACEMENT_3D('',#6038,#4632,#4633);
#3958=AXIS2_PLACEMENT_3D('',#6039,#4634,#4635);
#3959=AXIS2_PLACEMENT_3D('',#6042,#4637,#4638);
#3960=AXIS2_PLACEMENT_3D('',#6043,#4639,#4640);
#3961=AXIS2_PLACEMENT_3D('',#6044,#4641,#4642);
#3962=AXIS2_PLACEMENT_3D('',#6047,#4644,#4645);
#3963=AXIS2_PLACEMENT_3D('',#6048,#4646,#4647);
#3964=AXIS2_PLACEMENT_3D('',#6049,#4648,#4649);
#3965=AXIS2_PLACEMENT_3D('',#6051,#4650,#4651);
#3966=AXIS2_PLACEMENT_3D('',#6053,#4652,#4653);
#3967=AXIS2_PLACEMENT_3D('',#6062,#4654,#4655);
#3968=AXIS2_PLACEMENT_3D('',#6071,#4656,#4657);
#3969=AXIS2_PLACEMENT_3D('',#6073,#4658,#4659);
#3970=AXIS2_PLACEMENT_3D('',#6082,#4660,#4661);
#3971=AXIS2_PLACEMENT_3D('',#6089,#4662,#4663);
#3972=AXIS2_PLACEMENT_3D('',#6091,#4664,#4665);
#3973=AXIS2_PLACEMENT_3D('',#6100,#4666,#4667);
#3974=AXIS2_PLACEMENT_3D('',#6109,#4668,#4669);
#3975=AXIS2_PLACEMENT_3D('',#6111,#4670,#4671);
#3976=AXIS2_PLACEMENT_3D('',#6118,#4672,#4673);
#3977=AXIS2_PLACEMENT_3D('',#6127,#4674,#4675);
#3978=AXIS2_PLACEMENT_3D('',#6129,#4676,#4677);
#3979=AXIS2_PLACEMENT_3D('',#6136,#4678,#4679);
#3980=AXIS2_PLACEMENT_3D('',#6142,#4680,#4681);
#3981=AXIS2_PLACEMENT_3D('',#6143,#4682,#4683);
#3982=AXIS2_PLACEMENT_3D('',#6144,#4684,#4685);
#3983=AXIS2_PLACEMENT_3D('',#6145,#4686,#4687);
#3984=AXIS2_PLACEMENT_3D('',#6155,#4688,#4689);
#3985=AXIS2_PLACEMENT_3D('',#6159,#4691,#4692);
#3986=AXIS2_PLACEMENT_3D('',#6163,#4694,#4695);
#3987=AXIS2_PLACEMENT_3D('',#6165,#4696,#4697);
#3988=AXIS2_PLACEMENT_3D('',#6172,#4698,#4699);
#3989=AXIS2_PLACEMENT_3D('',#6179,#4700,#4701);
#3990=AXIS2_PLACEMENT_3D('',#6181,#4702,#4703);
#3991=AXIS2_PLACEMENT_3D('',#6188,#4704,#4705);
#3992=AXIS2_PLACEMENT_3D('',#6197,#4706,#4707);
#3993=AXIS2_PLACEMENT_3D('',#6199,#4708,#4709);
#3994=AXIS2_PLACEMENT_3D('',#6206,#4710,#4711);
#3995=AXIS2_PLACEMENT_3D('',#6215,#4712,#4713);
#3996=AXIS2_PLACEMENT_3D('',#6217,#4714,#4715);
#3997=AXIS2_PLACEMENT_3D('',#6226,#4716,#4717);
#3998=AXIS2_PLACEMENT_3D('',#6233,#4718,#4719);
#3999=AXIS2_PLACEMENT_3D('',#6234,#4720,#4721);
#4000=AXIS2_PLACEMENT_3D('',#6235,#4722,#4723);
#4001=AXIS2_PLACEMENT_3D('',#6241,#4727,#4728);
#4002=AXIS2_PLACEMENT_3D('',#6244,#4730,#4731);
#4003=AXIS2_PLACEMENT_3D('',#6245,#4732,#4733);
#4004=AXIS2_PLACEMENT_3D('',#6249,#4736,#4737);
#4005=AXIS2_PLACEMENT_3D('',#6259,#4738,#4739);
#4006=AXIS2_PLACEMENT_3D('',#6261,#4740,#4741);
#4007=AXIS2_PLACEMENT_3D('',#6268,#4742,#4743);
#4008=AXIS2_PLACEMENT_3D('',#6277,#4744,#4745);
#4009=AXIS2_PLACEMENT_3D('',#6279,#4746,#4747);
#4010=AXIS2_PLACEMENT_3D('',#6288,#4748,#4749);
#4011=AXIS2_PLACEMENT_3D('',#6295,#4750,#4751);
#4012=AXIS2_PLACEMENT_3D('',#6297,#4752,#4753);
#4013=AXIS2_PLACEMENT_3D('',#6306,#4754,#4755);
#4014=AXIS2_PLACEMENT_3D('',#6313,#4756,#4757);
#4015=AXIS2_PLACEMENT_3D('',#6315,#4758,#4759);
#4016=AXIS2_PLACEMENT_3D('',#6322,#4760,#4761);
#4017=AXIS2_PLACEMENT_3D('',#6329,#4762,#4763);
#4018=AXIS2_PLACEMENT_3D('',#6330,#4764,#4765);
#4019=AXIS2_PLACEMENT_3D('',#6331,#4766,#4767);
#4020=AXIS2_PLACEMENT_3D('',#6332,#4768,#4769);
#4021=AXIS2_PLACEMENT_3D('',#6335,#4772,#4773);
#4022=AXIS2_PLACEMENT_3D('',#6338,#4776,#4777);
#4023=AXIS2_PLACEMENT_3D('',#6340,#4779,#4780);
#4024=AXIS2_PLACEMENT_3D('',#6360,#4784,#4785);
#4025=AXIS2_PLACEMENT_3D('',#6362,#4787,#4788);
#4026=AXIS2_PLACEMENT_3D('',#6382,#4792,#4793);
#4027=AXIS2_PLACEMENT_3D('',#6384,#4795,#4796);
#4028=AXIS2_PLACEMENT_3D('',#6386,#4798,#4799);
#4029=AXIS2_PLACEMENT_3D('',#6388,#4801,#4802);
#4030=AXIS2_PLACEMENT_3D('',#6408,#4806,#4807);
#4031=AXIS2_PLACEMENT_3D('',#6410,#4809,#4810);
#4032=AXIS2_PLACEMENT_3D('',#6438,#4814,#4815);
#4033=AXIS2_PLACEMENT_3D('',#6440,#4817,#4818);
#4034=AXIS2_PLACEMENT_3D('',#6442,#4820,#4821);
#4035=AXIS2_PLACEMENT_3D('',#6444,#4823,#4824);
#4036=AXIS2_PLACEMENT_3D('',#6464,#4828,#4829);
#4037=AXIS2_PLACEMENT_3D('',#6466,#4831,#4832);
#4038=AXIS2_PLACEMENT_3D('',#6486,#4836,#4837);
#4039=AXIS2_PLACEMENT_3D('',#6488,#4839,#4840);
#4040=AXIS2_PLACEMENT_3D('',#6490,#4842,#4843);
#4041=AXIS2_PLACEMENT_3D('',#6492,#4845,#4846);
#4042=AXIS2_PLACEMENT_3D('',#6520,#4850,#4851);
#4043=AXIS2_PLACEMENT_3D('',#6522,#4853,#4854);
#4044=AXIS2_PLACEMENT_3D('',#6542,#4858,#4859);
#4045=AXIS2_PLACEMENT_3D('',#6544,#4861,#4862);
#4046=AXIS2_PLACEMENT_3D('',#6546,#4864,#4865);
#4047=AXIS2_PLACEMENT_3D('',#6548,#4867,#4868);
#4048=AXIS2_PLACEMENT_3D('',#6576,#4872,#4873);
#4049=AXIS2_PLACEMENT_3D('',#6578,#4875,#4876);
#4050=AXIS2_PLACEMENT_3D('',#6606,#4880,#4881);
#4051=AXIS2_PLACEMENT_3D('',#6608,#4883,#4884);
#4052=AXIS2_PLACEMENT_3D('',#6611,#4887,#4888);
#4053=AXIS2_PLACEMENT_3D('',#6640,#4893,#4894);
#4054=AXIS2_PLACEMENT_3D('',#6642,#4896,#4897);
#4055=AXIS2_PLACEMENT_3D('',#6670,#4901,#4902);
#4056=AXIS2_PLACEMENT_3D('',#6672,#4904,#4905);
#4057=AXIS2_PLACEMENT_3D('',#6674,#4907,#4908);
#4058=AXIS2_PLACEMENT_3D('',#6676,#4910,#4911);
#4059=AXIS2_PLACEMENT_3D('',#6704,#4915,#4916);
#4060=AXIS2_PLACEMENT_3D('',#6706,#4918,#4919);
#4061=AXIS2_PLACEMENT_3D('',#6726,#4923,#4924);
#4062=AXIS2_PLACEMENT_3D('',#6728,#4926,#4927);
#4063=AXIS2_PLACEMENT_3D('',#6730,#4929,#4930);
#4064=AXIS2_PLACEMENT_3D('',#6732,#4932,#4933);
#4065=AXIS2_PLACEMENT_3D('',#6760,#4937,#4938);
#4066=AXIS2_PLACEMENT_3D('',#6762,#4940,#4941);
#4067=AXIS2_PLACEMENT_3D('',#6782,#4945,#4946);
#4068=AXIS2_PLACEMENT_3D('',#6784,#4948,#4949);
#4069=AXIS2_PLACEMENT_3D('',#6786,#4951,#4952);
#4070=AXIS2_PLACEMENT_3D('',#6788,#4954,#4955);
#4071=AXIS2_PLACEMENT_3D('',#6808,#4959,#4960);
#4072=AXIS2_PLACEMENT_3D('',#6810,#4962,#4963);
#4073=AXIS2_PLACEMENT_3D('',#6838,#4967,#4968);
#4074=AXIS2_PLACEMENT_3D('',#6840,#4970,#4971);
#4075=AXIS2_PLACEMENT_3D('',#6842,#4973,#4974);
#4076=AXIS2_PLACEMENT_3D('',#6844,#4976,#4977);
#4077=AXIS2_PLACEMENT_3D('',#6864,#4981,#4982);
#4078=AXIS2_PLACEMENT_3D('',#6866,#4984,#4985);
#4079=AXIS2_PLACEMENT_3D('',#6868,#4987,#4988);
#4080=AXIS2_PLACEMENT_3D('',#6871,#4991,#4992);
#4081=AXIS2_PLACEMENT_3D('',#6886,#4995,#4996);
#4082=AXIS2_PLACEMENT_3D('',#6887,#4997,#4998);
#4083=AXIS2_PLACEMENT_3D('',#6902,#5001,#5002);
#4084=AXIS2_PLACEMENT_3D('',#6903,#5003,#5004);
#4085=AXIS2_PLACEMENT_3D('',#6905,#5006,#5007);
#4086=AXIS2_PLACEMENT_3D('',#6907,#5009,#5010);
#4087=AXIS2_PLACEMENT_3D('',#6909,#5012,#5013);
#4088=AXIS2_PLACEMENT_3D('',#6911,#5015,#5016);
#4089=AXIS2_PLACEMENT_3D('',#6926,#5019,#5020);
#4090=AXIS2_PLACEMENT_3D('',#6928,#5022,#5023);
#4091=AXIS2_PLACEMENT_3D('',#6929,#5024,#5025);
#4092=AXIS2_PLACEMENT_3D('',#6931,#5027,#5028);
#4093=AXIS2_PLACEMENT_3D('',#6933,#5030,#5031);
#4094=AXIS2_PLACEMENT_3D('',#6935,#5033,#5034);
#4095=AXIS2_PLACEMENT_3D('',#6937,#5036,#5037);
#4096=AXIS2_PLACEMENT_3D('',#6939,#5039,#5040);
#4097=AXIS2_PLACEMENT_3D('',#6941,#5042,#5043);
#4098=AXIS2_PLACEMENT_3D('',#6956,#5046,#5047);
#4099=AXIS2_PLACEMENT_3D('',#6971,#5050,#5051);
#4100=AXIS2_PLACEMENT_3D('',#6973,#5053,#5054);
#4101=AXIS2_PLACEMENT_3D('',#6988,#5057,#5058);
#4102=AXIS2_PLACEMENT_3D('',#6989,#5059,#5060);
#4103=AXIS2_PLACEMENT_3D('',#7004,#5063,#5064);
#4104=AXIS2_PLACEMENT_3D('',#7018,#5066,#5067);
#4105=AXIS2_PLACEMENT_3D('',#7019,#5068,#5069);
#4106=AXIS2_PLACEMENT_3D('',#7020,#5070,#5071);
#4107=AXIS2_PLACEMENT_3D('',#7021,#5072,#5073);
#4108=AXIS2_PLACEMENT_3D('',#7024,#5074,#5075);
#4109=AXIS2_PLACEMENT_3D('',#7028,#5077,#5078);
#4110=AXIS2_PLACEMENT_3D('',#7030,#5080,#5081);
#4111=AXIS2_PLACEMENT_3D('',#7033,#5082,#5083);
#4112=AXIS2_PLACEMENT_3D('',#7037,#5085,#5086);
#4113=AXIS2_PLACEMENT_3D('',#7039,#5088,#5089);
#4114=AXIS2_PLACEMENT_3D('',#7041,#5090,#5091);
#4115=AXIS2_PLACEMENT_3D('',#7045,#5094,#5095);
#4116=AXIS2_PLACEMENT_3D('',#7046,#5096,#5097);
#4117=AXIS2_PLACEMENT_3D('',#7054,#5102,#5103);
#4118=AXIS2_PLACEMENT_3D('',#7062,#5108,#5109);
#4119=AXIS2_PLACEMENT_3D('',#7063,#5110,#5111);
#4120=AXIS2_PLACEMENT_3D('',#7065,#5112,#5113);
#4121=AXIS2_PLACEMENT_3D('',#7066,#5114,#5115);
#4122=AXIS2_PLACEMENT_3D('',#7067,#5116,#5117);
#4123=AXIS2_PLACEMENT_3D('',#7069,#5118,#5119);
#4124=AXIS2_PLACEMENT_3D('',#7070,#5120,#5121);
#4125=AXIS2_PLACEMENT_3D('',#7073,#5123,#5124);
#4126=AXIS2_PLACEMENT_3D('',#7074,#5125,#5126);
#4127=AXIS2_PLACEMENT_3D('',#7077,#5128,#5129);
#4128=AXIS2_PLACEMENT_3D('',#7078,#5130,#5131);
#4129=AXIS2_PLACEMENT_3D('',#7079,#5132,#5133);
#4130=AXIS2_PLACEMENT_3D('',#7080,#5134,#5135);
#4131=AXIS2_PLACEMENT_3D('',#7081,#5136,#5137);
#4132=AXIS2_PLACEMENT_3D('',#7082,#5138,#5139);
#4133=AXIS2_PLACEMENT_3D('',#7083,#5140,#5141);
#4134=AXIS2_PLACEMENT_3D('',#7084,#5142,#5143);
#4135=AXIS2_PLACEMENT_3D('',#7085,#5144,#5145);
#4136=DIRECTION('axis',(0.,0.,1.));
#4137=DIRECTION('refdir',(1.,0.,0.));
#4138=DIRECTION('axis',(0.,0.,1.));
#4139=DIRECTION('refdir',(1.,0.,0.));
#4140=DIRECTION('axis',(0.,0.,1.));
#4141=DIRECTION('refdir',(1.,0.,0.));
#4142=DIRECTION('axis',(0.,0.,1.));
#4143=DIRECTION('refdir',(1.,0.,0.));
#4144=DIRECTION('center_axis',(0.31015721186041,-0.950685281221381,0.));
#4145=DIRECTION('ref_axis',(0.950685281221381,0.31015721186041,0.));
#4146=DIRECTION('',(0.950685281221381,0.31015721186041,0.));
#4147=DIRECTION('',(0.,0.,1.));
#4148=DIRECTION('',(0.950685281221381,0.31015721186041,0.));
#4149=DIRECTION('',(0.,0.,1.));
#4150=DIRECTION('center_axis',(-0.662170602022064,0.749353116906667,0.));
#4151=DIRECTION('ref_axis',(-0.749353116906667,-0.662170602022064,0.));
#4152=DIRECTION('',(-0.749353116906667,-0.662170602022064,0.));
#4153=DIRECTION('',(0.,0.,1.));
#4154=DIRECTION('',(0.749353116906667,0.662170602022064,0.));
#4155=DIRECTION('',(0.,0.,-1.));
#4156=DIRECTION('center_axis',(0.,-1.,0.));
#4157=DIRECTION('ref_axis',(1.,0.,0.));
#4158=DIRECTION('',(1.,0.,0.));
#4159=DIRECTION('',(0.,0.,1.));
#4160=DIRECTION('',(-1.,0.,0.));
#4161=DIRECTION('',(0.,0.,-1.));
#4162=DIRECTION('center_axis',(0.,0.,-1.));
#4163=DIRECTION('ref_axis',(-1.,0.,0.));
#4164=DIRECTION('center_axis',(0.,0.,-1.));
#4165=DIRECTION('ref_axis',(-1.,0.,0.));
#4166=DIRECTION('center_axis',(0.,0.,-1.));
#4167=DIRECTION('ref_axis',(-1.,0.,0.));
#4168=DIRECTION('center_axis',(-0.866025403784439,0.5,0.));
#4169=DIRECTION('ref_axis',(-0.5,-0.866025403784439,0.));
#4170=DIRECTION('',(-0.5,-0.866025403784439,0.));
#4171=DIRECTION('',(0.,0.,1.));
#4172=DIRECTION('',(0.5,0.866025403784439,0.));
#4173=DIRECTION('',(0.,0.,-1.));
#4174=DIRECTION('center_axis',(0.984807753012208,-0.173648177666931,0.));
#4175=DIRECTION('ref_axis',(-0.173648177666931,-0.984807753012208,0.));
#4176=DIRECTION('',(0.173648177666931,0.984807753012208,0.));
#4177=DIRECTION('',(0.,0.,-1.));
#4178=DIRECTION('',(-0.173648177666931,-0.984807753012208,0.));
#4179=DIRECTION('',(0.,0.,-1.));
#4180=DIRECTION('center_axis',(0.,1.,0.));
#4181=DIRECTION('ref_axis',(1.,0.,0.));
#4182=DIRECTION('',(-1.,0.,0.));
#4183=DIRECTION('',(1.,0.,0.));
#4184=DIRECTION('',(0.,0.,-1.));
#4185=DIRECTION('center_axis',(-0.984807753012208,-0.173648177666929,0.));
#4186=DIRECTION('ref_axis',(-0.173648177666929,0.984807753012208,0.));
#4187=DIRECTION('',(0.173648177666929,-0.984807753012208,0.));
#4188=DIRECTION('',(-0.173648177666929,0.984807753012208,0.));
#4189=DIRECTION('',(0.,0.,1.));
#4190=DIRECTION('center_axis',(0.984807753012208,-0.173648177666931,0.));
#4191=DIRECTION('ref_axis',(-0.173648177666931,-0.984807753012208,0.));
#4192=DIRECTION('',(0.173648177666931,0.984807753012208,0.));
#4193=DIRECTION('',(0.,0.,-1.));
#4194=DIRECTION('',(-0.173648177666931,-0.984807753012208,0.));
#4195=DIRECTION('',(0.,0.,-1.));
#4196=DIRECTION('center_axis',(0.,1.,0.));
#4197=DIRECTION('ref_axis',(1.,0.,0.));
#4198=DIRECTION('',(-1.,0.,0.));
#4199=DIRECTION('',(1.,0.,0.));
#4200=DIRECTION('',(0.,0.,-1.));
#4201=DIRECTION('center_axis',(-0.984807753012208,-0.173648177666929,0.));
#4202=DIRECTION('ref_axis',(-0.173648177666929,0.984807753012208,0.));
#4203=DIRECTION('',(0.173648177666929,-0.984807753012208,0.));
#4204=DIRECTION('',(-0.173648177666929,0.984807753012208,0.));
#4205=DIRECTION('',(0.,0.,1.));
#4206=DIRECTION('center_axis',(0.,-1.,0.));
#4207=DIRECTION('ref_axis',(1.,0.,0.));
#4208=DIRECTION('',(-1.,0.,0.));
#4209=DIRECTION('',(1.,0.,0.));
#4210=DIRECTION('center_axis',(0.,-1.,0.));
#4211=DIRECTION('ref_axis',(1.,0.,0.));
#4212=DIRECTION('',(-1.,0.,0.));
#4213=DIRECTION('',(0.,0.,1.));
#4214=DIRECTION('',(1.,0.,0.));
#4215=DIRECTION('center_axis',(0.,0.,1.));
#4216=DIRECTION('ref_axis',(1.,0.,0.));
#4217=DIRECTION('',(-1.,0.,0.));
#4218=DIRECTION('',(1.55431223447522E-15,1.,0.));
#4219=DIRECTION('center_axis',(0.,0.,-1.));
#4220=DIRECTION('ref_axis',(1.94289029309402E-16,1.,0.));
#4221=DIRECTION('center_axis',(0.,0.,1.));
#4222=DIRECTION('ref_axis',(0.,-1.,0.));
#4223=DIRECTION('center_axis',(0.,0.,-1.));
#4224=DIRECTION('ref_axis',(-1.,0.,0.));
#4225=DIRECTION('',(1.30774283341356E-11,1.,0.));
#4226=DIRECTION('center_axis',(0.,0.,1.));
#4227=DIRECTION('ref_axis',(0.0155448246649129,0.999879171913355,0.));
#4228=DIRECTION('center_axis',(0.,0.,-1.));
#4229=DIRECTION('ref_axis',(-0.869480537208456,-0.493967200748891,0.));
#4230=DIRECTION('center_axis',(0.,0.,1.));
#4231=DIRECTION('ref_axis',(0.850122193961801,-0.526585468213446,0.));
#4232=DIRECTION('center_axis',(0.,0.,1.));
#4233=DIRECTION('ref_axis',(0.510751611330579,0.859728324253201,0.));
#4234=DIRECTION('center_axis',(0.,0.,-1.));
#4235=DIRECTION('ref_axis',(-0.979569390404852,-0.201106462804822,0.));
#4236=DIRECTION('center_axis',(0.,0.,-1.));
#4237=DIRECTION('ref_axis',(-0.979569779038003,-0.201104569802472,0.));
#4238=DIRECTION('center_axis',(0.,0.,1.));
#4239=DIRECTION('ref_axis',(0.645790393552874,-0.763514746154142,0.));
#4240=DIRECTION('center_axis',(0.,0.,1.));
#4241=DIRECTION('ref_axis',(0.751424310808558,0.659819297327597,0.));
#4242=DIRECTION('center_axis',(0.,0.,-1.));
#4243=DIRECTION('ref_axis',(-0.993771171234024,0.111439935499609,0.));
#4244=DIRECTION('center_axis',(0.,0.,1.));
#4245=DIRECTION('ref_axis',(0.37824412992064,-0.925705881033807,0.));
#4246=DIRECTION('center_axis',(0.,0.,1.));
#4247=DIRECTION('ref_axis',(0.918542363387752,0.395322560274572,0.));
#4248=DIRECTION('center_axis',(0.,0.,-1.));
#4249=DIRECTION('ref_axis',(-0.910695696988528,0.41307789518029,0.));
#4250=DIRECTION('center_axis',(0.,0.,1.));
#4251=DIRECTION('ref_axis',(0.0736726954819011,-0.997282474497788,0.));
#4252=DIRECTION('center_axis',(0.,0.,1.));
#4253=DIRECTION('ref_axis',(0.995747089591642,0.0921288964971075,0.));
#4254=DIRECTION('center_axis',(0.,0.,-1.));
#4255=DIRECTION('ref_axis',(-0.738474987359895,0.674280871035063,0.));
#4256=DIRECTION('center_axis',(0.,0.,1.));
#4257=DIRECTION('ref_axis',(-0.238110335691332,-0.971238110885771,0.));
#4258=DIRECTION('center_axis',(0.,0.,1.));
#4259=DIRECTION('ref_axis',(0.975481152830403,-0.220082985422925,0.));
#4260=DIRECTION('center_axis',(0.,0.,-1.));
#4261=DIRECTION('ref_axis',(-0.493967200748891,0.869480537208456,0.));
#4262=DIRECTION('center_axis',(0.,0.,1.));
#4263=DIRECTION('ref_axis',(-0.526585468213446,-0.850122193961801,0.));
#4264=DIRECTION('center_axis',(0.,0.,1.));
#4265=DIRECTION('ref_axis',(0.859728324250031,-0.510751611335915,0.));
#4266=DIRECTION('center_axis',(0.,0.,-1.));
#4267=DIRECTION('ref_axis',(-0.201106462804822,0.979569390404852,0.));
#4268=DIRECTION('center_axis',(0.,0.,1.));
#4269=DIRECTION('ref_axis',(-0.763514746154142,-0.645790393552874,0.));
#4270=DIRECTION('center_axis',(0.,0.,1.));
#4271=DIRECTION('ref_axis',(0.659819297325662,-0.751424310810257,0.));
#4272=DIRECTION('',(1.,-1.43100346389554E-12,0.));
#4273=DIRECTION('',(-0.173648177666928,-0.984807753012208,0.));
#4274=DIRECTION('',(1.,0.,0.));
#4275=DIRECTION('',(-0.173648177666924,0.984807753012209,0.));
#4276=DIRECTION('',(1.,-1.43100346389554E-12,0.));
#4277=DIRECTION('center_axis',(0.,0.,-1.));
#4278=DIRECTION('ref_axis',(0.11143997687322,0.993771166594451,0.));
#4279=DIRECTION('center_axis',(0.,0.,1.));
#4280=DIRECTION('ref_axis',(-0.925705881802233,-0.378244128040015,0.));
#4281=DIRECTION('center_axis',(0.,0.,1.));
#4282=DIRECTION('ref_axis',(0.395322561832723,-0.918542362717155,0.));
#4283=DIRECTION('center_axis',(0.,0.,-1.));
#4284=DIRECTION('ref_axis',(0.413077895230789,0.910695696965623,0.));
#4285=DIRECTION('center_axis',(0.,0.,1.));
#4286=DIRECTION('ref_axis',(-0.988422831656031,-0.151724440552846,0.));
#4287=DIRECTION('center_axis',(0.,0.,1.));
#4288=DIRECTION('ref_axis',(0.0921288984628178,-0.99574708940977,0.));
#4289=DIRECTION('center_axis',(0.,0.,-1.));
#4290=DIRECTION('ref_axis',(0.674280871056417,0.738474987340397,0.));
#4291=DIRECTION('center_axis',(0.,0.,1.));
#4292=DIRECTION('ref_axis',(-0.971238110379463,0.238110337756532,0.));
#4293=DIRECTION('center_axis',(0.,0.,1.));
#4294=DIRECTION('ref_axis',(-0.220082983647706,-0.975481153230919,0.));
#4295=DIRECTION('center_axis',(0.,0.,-1.));
#4296=DIRECTION('ref_axis',(0.869480530781482,0.493967212061644,0.));
#4297=DIRECTION('center_axis',(0.,0.,1.));
#4298=DIRECTION('ref_axis',(-0.850122192876755,0.52658546996515,0.));
#4299=DIRECTION('center_axis',(0.,0.,1.));
#4300=DIRECTION('ref_axis',(-0.510751609779664,-0.859728325174576,0.));
#4301=DIRECTION('center_axis',(0.,0.,-1.));
#4302=DIRECTION('ref_axis',(0.979569387816347,0.201106475413168,0.));
#4303=DIRECTION('center_axis',(0.,0.,1.));
#4304=DIRECTION('ref_axis',(-0.645790391951076,0.763514747508963,0.));
#4305=DIRECTION('center_axis',(0.,0.,1.));
#4306=DIRECTION('ref_axis',(-0.751424309637044,-0.659819298661756,0.));
#4307=DIRECTION('center_axis',(0.,0.,-1.));
#4308=DIRECTION('ref_axis',(0.99377116656349,-0.111439977149319,0.));
#4309=DIRECTION('center_axis',(0.,0.,1.));
#4310=DIRECTION('ref_axis',(-0.378244128004083,0.925705881816914,0.));
#4311=DIRECTION('center_axis',(0.,0.,1.));
#4312=DIRECTION('ref_axis',(-0.918542411269917,-0.395322449019084,0.));
#4313=DIRECTION('center_axis',(0.,0.,1.));
#4314=DIRECTION('ref_axis',(-0.918542369991222,-0.395322544931235,0.));
#4315=DIRECTION('',(1.,7.48146307621629E-10,0.));
#4316=DIRECTION('',(0.,-1.,0.));
#4317=DIRECTION('center_axis',(0.,0.,1.));
#4318=DIRECTION('ref_axis',(-1.,-7.77156117237608E-16,0.));
#4319=DIRECTION('center_axis',(0.,0.,-1.));
#4320=DIRECTION('ref_axis',(-1.24344978758018E-14,-1.,0.));
#4321=DIRECTION('center_axis',(0.,0.,1.));
#4322=DIRECTION('ref_axis',(-0.0926437830043968,0.995699316797312,0.));
#4323=DIRECTION('',(0.,-1.,0.));
#4324=DIRECTION('center_axis',(0.,0.,1.));
#4325=DIRECTION('ref_axis',(1.,0.,0.));
#4326=DIRECTION('center_axis',(0.,0.,1.));
#4327=DIRECTION('ref_axis',(1.,0.,0.));
#4328=DIRECTION('center_axis',(0.,0.,1.));
#4329=DIRECTION('ref_axis',(1.,0.,0.));
#4330=DIRECTION('center_axis',(0.,0.,1.));
#4331=DIRECTION('ref_axis',(-1.,0.,0.));
#4332=DIRECTION('center_axis',(0.,0.,1.));
#4333=DIRECTION('ref_axis',(-1.,0.,0.));
#4334=DIRECTION('center_axis',(0.,0.,1.));
#4335=DIRECTION('ref_axis',(-1.,0.,0.));
#4336=DIRECTION('center_axis',(0.,-1.,0.));
#4337=DIRECTION('ref_axis',(-1.,0.,0.));
#4338=DIRECTION('',(0.,0.,-1.));
#4339=DIRECTION('',(-1.,0.,0.));
#4340=DIRECTION('',(0.,0.,-1.));
#4341=DIRECTION('center_axis',(0.984807753012209,0.173648177666924,0.));
#4342=DIRECTION('ref_axis',(0.173648177666924,-0.984807753012209,0.));
#4343=DIRECTION('',(0.173648177666924,-0.984807753012209,0.));
#4344=DIRECTION('',(0.,0.,1.));
#4345=DIRECTION('center_axis',(-0.984807753012208,0.173648177666928,0.));
#4346=DIRECTION('ref_axis',(0.173648177666928,0.984807753012208,0.));
#4347=DIRECTION('',(0.,0.,-1.));
#4348=DIRECTION('',(0.173648177666928,0.984807753012208,0.));
#4349=DIRECTION('center_axis',(1.43100346389554E-12,1.,0.));
#4350=DIRECTION('ref_axis',(-1.,1.43100346389554E-12,0.));
#4351=DIRECTION('',(-1.,1.43100346389554E-12,0.));
#4352=DIRECTION('',(0.,0.,1.));
#4353=DIRECTION('center_axis',(0.,0.,1.));
#4354=DIRECTION('ref_axis',(1.,0.,0.));
#4355=DIRECTION('',(0.,1.,0.));
#4356=DIRECTION('center_axis',(0.,0.,-1.));
#4357=DIRECTION('ref_axis',(-0.0926437830043968,0.995699316797312,0.));
#4358=DIRECTION('center_axis',(0.,0.,1.));
#4359=DIRECTION('ref_axis',(-1.24344978758018E-14,-1.,0.));
#4360=DIRECTION('center_axis',(0.,0.,-1.));
#4361=DIRECTION('ref_axis',(-1.,-7.77156117237608E-16,0.));
#4362=DIRECTION('',(0.,1.,0.));
#4363=DIRECTION('',(-1.,-7.48146307621629E-10,0.));
#4364=DIRECTION('center_axis',(0.,0.,-1.));
#4365=DIRECTION('ref_axis',(-0.918542369991222,-0.395322544931235,0.));
#4366=DIRECTION('center_axis',(0.,0.,-1.));
#4367=DIRECTION('ref_axis',(-0.918542411269917,-0.395322449019084,0.));
#4368=DIRECTION('center_axis',(0.,0.,-1.));
#4369=DIRECTION('ref_axis',(-0.378244128004083,0.925705881816914,0.));
#4370=DIRECTION('center_axis',(0.,0.,1.));
#4371=DIRECTION('ref_axis',(0.99377116656349,-0.111439977149319,0.));
#4372=DIRECTION('center_axis',(0.,0.,-1.));
#4373=DIRECTION('ref_axis',(-0.751424309637044,-0.659819298661756,0.));
#4374=DIRECTION('center_axis',(0.,0.,-1.));
#4375=DIRECTION('ref_axis',(-0.645790391951076,0.763514747508963,0.));
#4376=DIRECTION('center_axis',(0.,0.,1.));
#4377=DIRECTION('ref_axis',(0.979569387816347,0.201106475413168,0.));
#4378=DIRECTION('center_axis',(0.,0.,-1.));
#4379=DIRECTION('ref_axis',(-0.510751609779664,-0.859728325174576,0.));
#4380=DIRECTION('center_axis',(0.,0.,-1.));
#4381=DIRECTION('ref_axis',(-0.850122192876755,0.52658546996515,0.));
#4382=DIRECTION('center_axis',(0.,0.,1.));
#4383=DIRECTION('ref_axis',(0.869480530781482,0.493967212061644,0.));
#4384=DIRECTION('center_axis',(0.,0.,-1.));
#4385=DIRECTION('ref_axis',(-0.220082983647706,-0.975481153230919,0.));
#4386=DIRECTION('center_axis',(0.,0.,-1.));
#4387=DIRECTION('ref_axis',(-0.971238110379463,0.238110337756532,0.));
#4388=DIRECTION('center_axis',(0.,0.,1.));
#4389=DIRECTION('ref_axis',(0.674280871056417,0.738474987340397,0.));
#4390=DIRECTION('center_axis',(0.,0.,-1.));
#4391=DIRECTION('ref_axis',(0.0921288984628178,-0.99574708940977,0.));
#4392=DIRECTION('center_axis',(0.,0.,-1.));
#4393=DIRECTION('ref_axis',(-0.988422831656031,-0.151724440552846,0.));
#4394=DIRECTION('center_axis',(0.,0.,1.));
#4395=DIRECTION('ref_axis',(0.413077895230789,0.910695696965623,0.));
#4396=DIRECTION('center_axis',(0.,0.,-1.));
#4397=DIRECTION('ref_axis',(0.395322561832723,-0.918542362717155,0.));
#4398=DIRECTION('center_axis',(0.,0.,-1.));
#4399=DIRECTION('ref_axis',(-0.925705881802233,-0.378244128040015,0.));
#4400=DIRECTION('center_axis',(0.,0.,1.));
#4401=DIRECTION('ref_axis',(0.11143997687322,0.993771166594451,0.));
#4402=DIRECTION('',(-1.,1.43100346389554E-12,0.));
#4403=DIRECTION('center_axis',(0.,0.,-1.));
#4404=DIRECTION('ref_axis',(0.659819297325662,-0.751424310810257,0.));
#4405=DIRECTION('center_axis',(0.,0.,-1.));
#4406=DIRECTION('ref_axis',(-0.763514746154142,-0.645790393552874,0.));
#4407=DIRECTION('center_axis',(0.,0.,1.));
#4408=DIRECTION('ref_axis',(-0.201106462804822,0.979569390404852,0.));
#4409=DIRECTION('center_axis',(0.,0.,-1.));
#4410=DIRECTION('ref_axis',(0.859728324250031,-0.510751611335915,0.));
#4411=DIRECTION('center_axis',(0.,0.,-1.));
#4412=DIRECTION('ref_axis',(-0.526585468213446,-0.850122193961801,0.));
#4413=DIRECTION('center_axis',(0.,0.,1.));
#4414=DIRECTION('ref_axis',(-0.493967200748891,0.869480537208456,0.));
#4415=DIRECTION('center_axis',(0.,0.,-1.));
#4416=DIRECTION('ref_axis',(0.975481152830403,-0.220082985422925,0.));
#4417=DIRECTION('center_axis',(0.,0.,-1.));
#4418=DIRECTION('ref_axis',(-0.238110335691332,-0.971238110885771,0.));
#4419=DIRECTION('center_axis',(0.,0.,1.));
#4420=DIRECTION('ref_axis',(-0.738474987359895,0.674280871035063,0.));
#4421=DIRECTION('center_axis',(0.,0.,-1.));
#4422=DIRECTION('ref_axis',(0.995747089591642,0.0921288964971075,0.));
#4423=DIRECTION('center_axis',(0.,0.,-1.));
#4424=DIRECTION('ref_axis',(0.0736726954819011,-0.997282474497788,0.));
#4425=DIRECTION('center_axis',(0.,0.,1.));
#4426=DIRECTION('ref_axis',(-0.910695696988528,0.41307789518029,0.));
#4427=DIRECTION('center_axis',(0.,0.,-1.));
#4428=DIRECTION('ref_axis',(0.918542363387752,0.395322560274572,0.));
#4429=DIRECTION('center_axis',(0.,0.,-1.));
#4430=DIRECTION('ref_axis',(0.37824412992064,-0.925705881033807,0.));
#4431=DIRECTION('center_axis',(0.,0.,1.));
#4432=DIRECTION('ref_axis',(-0.993771171234024,0.111439935499609,0.));
#4433=DIRECTION('center_axis',(0.,0.,-1.));
#4434=DIRECTION('ref_axis',(0.751424310808558,0.659819297327597,0.));
#4435=DIRECTION('center_axis',(0.,0.,-1.));
#4436=DIRECTION('ref_axis',(0.645790393552874,-0.763514746154142,0.));
#4437=DIRECTION('center_axis',(0.,0.,1.));
#4438=DIRECTION('ref_axis',(-0.979569779038003,-0.201104569802472,0.));
#4439=DIRECTION('center_axis',(0.,0.,1.));
#4440=DIRECTION('ref_axis',(-0.979569390404852,-0.201106462804822,0.));
#4441=DIRECTION('center_axis',(0.,0.,-1.));
#4442=DIRECTION('ref_axis',(0.510751611330579,0.859728324253201,0.));
#4443=DIRECTION('center_axis',(0.,0.,-1.));
#4444=DIRECTION('ref_axis',(0.850122193961801,-0.526585468213446,0.));
#4445=DIRECTION('center_axis',(0.,0.,1.));
#4446=DIRECTION('ref_axis',(-0.869480537208456,-0.493967200748891,0.));
#4447=DIRECTION('center_axis',(0.,0.,-1.));
#4448=DIRECTION('ref_axis',(0.0155448246649129,0.999879171913355,0.));
#4449=DIRECTION('',(-1.30774283341356E-11,-1.,0.));
#4450=DIRECTION('center_axis',(0.,0.,1.));
#4451=DIRECTION('ref_axis',(-1.,0.,0.));
#4452=DIRECTION('center_axis',(0.,0.,-1.));
#4453=DIRECTION('ref_axis',(0.,-1.,0.));
#4454=DIRECTION('center_axis',(0.,0.,1.));
#4455=DIRECTION('ref_axis',(1.94289029309402E-16,1.,0.));
#4456=DIRECTION('',(-1.55431223447522E-15,-1.,0.));
#4457=DIRECTION('',(1.,0.,0.));
#4458=DIRECTION('center_axis',(0.,0.,-1.));
#4459=DIRECTION('ref_axis',(-1.,0.,0.));
#4460=DIRECTION('center_axis',(0.,0.,-1.));
#4461=DIRECTION('ref_axis',(-1.,0.,0.));
#4462=DIRECTION('center_axis',(0.,0.,-1.));
#4463=DIRECTION('ref_axis',(-1.,0.,0.));
#4464=DIRECTION('center_axis',(0.,0.,-1.));
#4465=DIRECTION('ref_axis',(1.,0.,0.));
#4466=DIRECTION('center_axis',(0.,0.,-1.));
#4467=DIRECTION('ref_axis',(1.,0.,0.));
#4468=DIRECTION('center_axis',(0.,0.,-1.));
#4469=DIRECTION('ref_axis',(1.,0.,0.));
#4470=DIRECTION('center_axis',(0.,0.,-1.));
#4471=DIRECTION('ref_axis',(-1.,0.,0.));
#4472=DIRECTION('center_axis',(0.,0.,1.));
#4473=DIRECTION('ref_axis',(-0.762461579085526,0.647033492501282,0.));
#4474=DIRECTION('center_axis',(0.,0.,1.));
#4475=DIRECTION('ref_axis',(1.,0.,0.));
#4476=DIRECTION('center_axis',(0.,0.,-1.));
#4477=DIRECTION('ref_axis',(0.395322561832723,-0.918542362717155,0.));
#4478=DIRECTION('center_axis',(0.,0.,1.));
#4479=DIRECTION('ref_axis',(0.413077895230789,0.910695696965623,0.));
#4480=DIRECTION('center_axis',(0.,0.,-1.));
#4481=DIRECTION('ref_axis',(-0.988422831656031,-0.151724440552846,0.));
#4482=DIRECTION('center_axis',(0.,0.,-1.));
#4483=DIRECTION('ref_axis',(0.0921288984628178,-0.99574708940977,0.));
#4484=DIRECTION('center_axis',(0.,0.,1.));
#4485=DIRECTION('ref_axis',(0.674280871056417,0.738474987340397,0.));
#4486=DIRECTION('center_axis',(0.,0.,-1.));
#4487=DIRECTION('ref_axis',(-0.971238110379463,0.238110337756532,0.));
#4488=DIRECTION('center_axis',(0.,0.,-1.));
#4489=DIRECTION('ref_axis',(-0.220082983647706,-0.975481153230919,0.));
#4490=DIRECTION('center_axis',(0.,0.,1.));
#4491=DIRECTION('ref_axis',(0.869480530781482,0.493967212061644,0.));
#4492=DIRECTION('center_axis',(0.,0.,-1.));
#4493=DIRECTION('ref_axis',(-0.850122192876755,0.52658546996515,0.));
#4494=DIRECTION('center_axis',(0.,0.,-1.));
#4495=DIRECTION('ref_axis',(-0.510751609779664,-0.859728325174576,0.));
#4496=DIRECTION('center_axis',(0.,0.,1.));
#4497=DIRECTION('ref_axis',(0.979569387816347,0.201106475413168,0.));
#4498=DIRECTION('center_axis',(0.,0.,-1.));
#4499=DIRECTION('ref_axis',(-0.645790391951076,0.763514747508963,0.));
#4500=DIRECTION('center_axis',(0.,0.,-1.));
#4501=DIRECTION('ref_axis',(-0.751424309637044,-0.659819298661756,0.));
#4502=DIRECTION('center_axis',(0.,0.,1.));
#4503=DIRECTION('ref_axis',(0.99377116656349,-0.111439977149319,0.));
#4504=DIRECTION('center_axis',(0.,0.,-1.));
#4505=DIRECTION('ref_axis',(-0.378244128004083,0.925705881816914,0.));
#4506=DIRECTION('center_axis',(0.,0.,-1.));
#4507=DIRECTION('ref_axis',(-0.918542411269917,-0.395322449019084,0.));
#4508=DIRECTION('center_axis',(0.,0.,1.));
#4509=DIRECTION('ref_axis',(-1.,0.,0.));
#4510=DIRECTION('center_axis',(0.,0.,-1.));
#4511=DIRECTION('ref_axis',(1.,0.,0.));
#4512=DIRECTION('center_axis',(0.,0.,-1.));
#4513=DIRECTION('ref_axis',(1.,0.,0.));
#4514=DIRECTION('',(0.,0.,-1.));
#4515=DIRECTION('center_axis',(0.,0.,-1.));
#4516=DIRECTION('ref_axis',(1.,0.,0.));
#4517=DIRECTION('center_axis',(0.,0.,-1.));
#4518=DIRECTION('ref_axis',(1.,0.,0.));
#4519=DIRECTION('',(0.,0.,-1.));
#4520=DIRECTION('center_axis',(0.,0.,-1.));
#4521=DIRECTION('ref_axis',(1.,0.,0.));
#4522=DIRECTION('center_axis',(0.,0.,-1.));
#4523=DIRECTION('ref_axis',(1.,0.,0.));
#4524=DIRECTION('',(0.,0.,-1.));
#4525=DIRECTION('center_axis',(0.,0.,1.));
#4526=DIRECTION('ref_axis',(-1.,0.,0.));
#4527=DIRECTION('center_axis',(0.,0.,1.));
#4528=DIRECTION('ref_axis',(-1.,0.,0.));
#4529=DIRECTION('',(0.,0.,1.));
#4530=DIRECTION('center_axis',(0.,0.,1.));
#4531=DIRECTION('ref_axis',(-1.,0.,0.));
#4532=DIRECTION('',(0.,0.,1.));
#4533=DIRECTION('center_axis',(0.,0.,1.));
#4534=DIRECTION('ref_axis',(-1.,0.,0.));
#4535=DIRECTION('center_axis',(0.,0.,1.));
#4536=DIRECTION('ref_axis',(-1.,0.,0.));
#4537=DIRECTION('',(0.,0.,1.));
#4538=DIRECTION('center_axis',(0.,0.,-1.));
#4539=DIRECTION('ref_axis',(-1.,0.,0.));
#4540=DIRECTION('center_axis',(0.,0.,1.));
#4541=DIRECTION('ref_axis',(-1.,0.,0.));
#4542=DIRECTION('center_axis',(0.,0.,1.));
#4543=DIRECTION('ref_axis',(-1.,0.,0.));
#4544=DIRECTION('',(0.,0.,1.));
#4545=DIRECTION('center_axis',(0.,0.,1.));
#4546=DIRECTION('ref_axis',(-1.,0.,0.));
#4547=DIRECTION('center_axis',(0.,0.,1.));
#4548=DIRECTION('ref_axis',(-1.,0.,0.));
#4549=DIRECTION('',(0.,0.,1.));
#4550=DIRECTION('center_axis',(0.,0.,-1.));
#4551=DIRECTION('ref_axis',(-1.,0.,0.));
#4552=DIRECTION('center_axis',(0.,0.,1.));
#4553=DIRECTION('ref_axis',(1.,0.,0.));
#4554=DIRECTION('center_axis',(0.,0.,1.));
#4555=DIRECTION('ref_axis',(-1.,0.,0.));
#4556=DIRECTION('center_axis',(0.,0.,1.));
#4557=DIRECTION('ref_axis',(-1.,0.,0.));
#4558=DIRECTION('',(0.928476690885259,-1.13705600757556E-16,0.371390676354104));
#4559=DIRECTION('center_axis',(0.,0.,1.));
#4560=DIRECTION('ref_axis',(-1.,0.,0.));
#4561=DIRECTION('center_axis',(0.,0.,1.));
#4562=DIRECTION('ref_axis',(1.,0.,0.));
#4563=DIRECTION('center_axis',(0.,0.,1.));
#4564=DIRECTION('ref_axis',(-1.,0.,0.));
#4565=DIRECTION('center_axis',(0.,0.,1.));
#4566=DIRECTION('ref_axis',(-1.,0.,0.));
#4567=DIRECTION('',(0.928476690885259,-1.13705600757556E-16,0.371390676354104));
#4568=DIRECTION('center_axis',(0.,0.,1.));
#4569=DIRECTION('ref_axis',(-1.,0.,0.));
#4570=DIRECTION('center_axis',(0.,0.,1.));
#4571=DIRECTION('ref_axis',(1.,0.,0.));
#4572=DIRECTION('center_axis',(0.,0.,1.));
#4573=DIRECTION('ref_axis',(-1.,0.,0.));
#4574=DIRECTION('center_axis',(5.72413303311615E-5,-0.000238518087747503,
0.999999969916275));
#4575=DIRECTION('ref_axis',(-0.233361341675083,0.972390057561346,0.000245290538098816));
#4576=DIRECTION('',(0.216691818681154,-0.902930059144047,0.371162988471079));
#4577=DIRECTION('center_axis',(0.,0.,1.));
#4578=DIRECTION('ref_axis',(-0.233361349732809,0.972390086565511,0.));
#4579=DIRECTION('center_axis',(0.,0.,-1.));
#4580=DIRECTION('ref_axis',(-1.,0.,0.));
#4581=DIRECTION('center_axis',(0.,0.,-1.));
#4582=DIRECTION('ref_axis',(1.,0.,0.));
#4583=DIRECTION('center_axis',(0.,0.,-1.));
#4584=DIRECTION('ref_axis',(1.,0.,0.));
#4585=DIRECTION('',(-0.928476690885259,-1.13705600757556E-16,-0.371390676354104));
#4586=DIRECTION('center_axis',(0.,0.,-1.));
#4587=DIRECTION('ref_axis',(1.,0.,0.));
#4588=DIRECTION('center_axis',(0.,0.,-1.));
#4589=DIRECTION('ref_axis',(-1.,0.,0.));
#4590=DIRECTION('center_axis',(0.,0.,-1.));
#4591=DIRECTION('ref_axis',(1.,0.,0.));
#4592=DIRECTION('center_axis',(0.,0.,-1.));
#4593=DIRECTION('ref_axis',(1.,0.,0.));
#4594=DIRECTION('',(-0.928476690885259,-1.13705600757556E-16,-0.371390676354104));
#4595=DIRECTION('center_axis',(0.,0.,-1.));
#4596=DIRECTION('ref_axis',(1.,0.,0.));
#4597=DIRECTION('center_axis',(0.,0.,-1.));
#4598=DIRECTION('ref_axis',(-1.,0.,0.));
#4599=DIRECTION('center_axis',(0.,0.,-1.));
#4600=DIRECTION('ref_axis',(1.,0.,0.));
#4601=DIRECTION('center_axis',(0.,0.,-1.));
#4602=DIRECTION('ref_axis',(1.,0.,0.));
#4603=DIRECTION('',(-0.928476690885259,-1.13705600757556E-16,-0.371390676354104));
#4604=DIRECTION('center_axis',(0.,0.,-1.));
#4605=DIRECTION('ref_axis',(1.,0.,0.));
#4606=DIRECTION('center_axis',(0.,0.,1.));
#4607=DIRECTION('ref_axis',(-1.,0.,0.));
#4608=DIRECTION('',(0.,0.,1.));
#4609=DIRECTION('center_axis',(0.,0.,1.));
#4610=DIRECTION('ref_axis',(-1.,0.,0.));
#4611=DIRECTION('center_axis',(0.,0.,-1.));
#4612=DIRECTION('ref_axis',(-1.,0.,0.));
#4613=DIRECTION('center_axis',(0.,0.,1.));
#4614=DIRECTION('ref_axis',(-1.,0.,0.));
#4615=DIRECTION('',(0.,0.,1.));
#4616=DIRECTION('center_axis',(0.,0.,1.));
#4617=DIRECTION('ref_axis',(-1.,0.,0.));
#4618=DIRECTION('center_axis',(0.,0.,-1.));
#4619=DIRECTION('ref_axis',(-1.,0.,0.));
#4620=DIRECTION('center_axis',(0.,0.,1.));
#4621=DIRECTION('ref_axis',(-1.,0.,0.));
#4622=DIRECTION('',(0.,0.,1.));
#4623=DIRECTION('center_axis',(0.,0.,1.));
#4624=DIRECTION('ref_axis',(-1.,0.,0.));
#4625=DIRECTION('center_axis',(0.,0.,-1.));
#4626=DIRECTION('ref_axis',(-1.,0.,0.));
#4627=DIRECTION('center_axis',(0.,0.,-1.));
#4628=DIRECTION('ref_axis',(1.,0.,0.));
#4629=DIRECTION('',(0.,0.,-1.));
#4630=DIRECTION('center_axis',(0.,0.,-1.));
#4631=DIRECTION('ref_axis',(1.,0.,0.));
#4632=DIRECTION('center_axis',(0.,0.,1.));
#4633=DIRECTION('ref_axis',(1.,0.,0.));
#4634=DIRECTION('center_axis',(0.,0.,-1.));
#4635=DIRECTION('ref_axis',(1.,0.,0.));
#4636=DIRECTION('',(0.,0.,-1.));
#4637=DIRECTION('center_axis',(0.,0.,-1.));
#4638=DIRECTION('ref_axis',(1.,0.,0.));
#4639=DIRECTION('center_axis',(0.,0.,1.));
#4640=DIRECTION('ref_axis',(1.,0.,0.));
#4641=DIRECTION('center_axis',(0.,0.,-1.));
#4642=DIRECTION('ref_axis',(1.,0.,0.));
#4643=DIRECTION('',(0.,0.,-1.));
#4644=DIRECTION('center_axis',(0.,0.,-1.));
#4645=DIRECTION('ref_axis',(1.,0.,0.));
#4646=DIRECTION('center_axis',(0.,0.,1.));
#4647=DIRECTION('ref_axis',(1.,0.,0.));
#4648=DIRECTION('center_axis',(0.,0.,1.));
#4649=DIRECTION('ref_axis',(1.,0.,0.));
#4650=DIRECTION('center_axis',(0.,0.,1.));
#4651=DIRECTION('ref_axis',(-0.918542411269917,-0.395322449019084,0.));
#4652=DIRECTION('center_axis',(0.,0.,1.));
#4653=DIRECTION('ref_axis',(-0.378244128004083,0.925705881816914,0.));
#4654=DIRECTION('center_axis',(0.,0.,-1.));
#4655=DIRECTION('ref_axis',(0.99377116656349,-0.111439977149319,0.));
#4656=DIRECTION('center_axis',(0.,0.,1.));
#4657=DIRECTION('ref_axis',(-0.751424309637044,-0.659819298661756,0.));
#4658=DIRECTION('center_axis',(0.,0.,1.));
#4659=DIRECTION('ref_axis',(-0.645790391951076,0.763514747508963,0.));
#4660=DIRECTION('center_axis',(0.,0.,-1.));
#4661=DIRECTION('ref_axis',(0.979569387816347,0.201106475413168,0.));
#4662=DIRECTION('center_axis',(0.,0.,1.));
#4663=DIRECTION('ref_axis',(-0.510751609779664,-0.859728325174576,0.));
#4664=DIRECTION('center_axis',(0.,0.,1.));
#4665=DIRECTION('ref_axis',(-0.850122192876755,0.52658546996515,0.));
#4666=DIRECTION('center_axis',(0.,0.,-1.));
#4667=DIRECTION('ref_axis',(0.869480530781482,0.493967212061644,0.));
#4668=DIRECTION('center_axis',(0.,0.,1.));
#4669=DIRECTION('ref_axis',(-0.220082983647706,-0.975481153230919,0.));
#4670=DIRECTION('center_axis',(0.,0.,1.));
#4671=DIRECTION('ref_axis',(-0.971238110379463,0.238110337756532,0.));
#4672=DIRECTION('center_axis',(0.,0.,-1.));
#4673=DIRECTION('ref_axis',(0.674280871056417,0.738474987340397,0.));
#4674=DIRECTION('center_axis',(0.,0.,1.));
#4675=DIRECTION('ref_axis',(0.0921288984628178,-0.99574708940977,0.));
#4676=DIRECTION('center_axis',(0.,0.,1.));
#4677=DIRECTION('ref_axis',(-0.988422831656031,-0.151724440552846,0.));
#4678=DIRECTION('center_axis',(0.,0.,-1.));
#4679=DIRECTION('ref_axis',(0.413077895230789,0.910695696965623,0.));
#4680=DIRECTION('center_axis',(0.,0.,1.));
#4681=DIRECTION('ref_axis',(0.395322561832723,-0.918542362717155,0.));
#4682=DIRECTION('center_axis',(0.,0.,-1.));
#4683=DIRECTION('ref_axis',(-0.762461579085526,0.647033492501282,0.));
#4684=DIRECTION('center_axis',(0.,0.,1.));
#4685=DIRECTION('ref_axis',(-0.762461579085526,0.647033492501282,0.));
#4686=DIRECTION('center_axis',(0.,0.,1.));
#4687=DIRECTION('ref_axis',(1.,0.,0.));
#4688=DIRECTION('center_axis',(0.,0.,-1.));
#4689=DIRECTION('ref_axis',(-0.979569779038003,-0.201104569802472,0.));
#4690=DIRECTION('',(-1.,-2.45794161075142E-11,0.));
#4691=DIRECTION('center_axis',(0.,0.,-1.));
#4692=DIRECTION('ref_axis',(-3.5527136788005E-14,-1.,0.));
#4693=DIRECTION('',(0.500000000021287,-0.866025403772148,0.));
#4694=DIRECTION('center_axis',(0.,0.,1.));
#4695=DIRECTION('ref_axis',(0.859728324250031,-0.510751611335915,0.));
#4696=DIRECTION('center_axis',(0.,0.,1.));
#4697=DIRECTION('ref_axis',(-0.526585468213446,-0.850122193961801,0.));
#4698=DIRECTION('center_axis',(0.,0.,-1.));
#4699=DIRECTION('ref_axis',(-0.493967200748891,0.869480537208456,0.));
#4700=DIRECTION('center_axis',(0.,0.,1.));
#4701=DIRECTION('ref_axis',(0.975481152830403,-0.220082985422925,0.));
#4702=DIRECTION('center_axis',(0.,0.,1.));
#4703=DIRECTION('ref_axis',(-0.238110335691332,-0.971238110885771,0.));
#4704=DIRECTION('center_axis',(0.,0.,-1.));
#4705=DIRECTION('ref_axis',(-0.738474987359895,0.674280871035063,0.));
#4706=DIRECTION('center_axis',(0.,0.,1.));
#4707=DIRECTION('ref_axis',(0.995747089591642,0.0921288964971075,0.));
#4708=DIRECTION('center_axis',(0.,0.,1.));
#4709=DIRECTION('ref_axis',(0.0736726954819011,-0.997282474497788,0.));
#4710=DIRECTION('center_axis',(0.,0.,-1.));
#4711=DIRECTION('ref_axis',(-0.910695696988528,0.41307789518029,0.));
#4712=DIRECTION('center_axis',(0.,0.,1.));
#4713=DIRECTION('ref_axis',(0.918542363387752,0.395322560274572,0.));
#4714=DIRECTION('center_axis',(0.,0.,1.));
#4715=DIRECTION('ref_axis',(0.37824412992064,-0.925705881033807,0.));
#4716=DIRECTION('center_axis',(0.,0.,-1.));
#4717=DIRECTION('ref_axis',(-0.993771171234024,0.111439935499609,0.));
#4718=DIRECTION('center_axis',(0.,0.,1.));
#4719=DIRECTION('ref_axis',(0.751424310808558,0.659819297327597,0.));
#4720=DIRECTION('center_axis',(0.,0.,1.));
#4721=DIRECTION('ref_axis',(0.645790393552874,-0.763514746154142,0.));
#4722=DIRECTION('center_axis',(0.866025403772149,0.500000000021287,0.));
#4723=DIRECTION('ref_axis',(-0.500000000021287,0.866025403772148,0.));
#4724=DIRECTION('',(0.,0.,1.));
#4725=DIRECTION('',(0.,0.,1.));
#4726=DIRECTION('',(-0.500000000021287,0.866025403772148,0.));
#4727=DIRECTION('center_axis',(0.,0.,1.));
#4728=DIRECTION('ref_axis',(-3.5527136788005E-14,-1.,0.));
#4729=DIRECTION('',(0.,0.,1.));
#4730=DIRECTION('center_axis',(0.,0.,1.));
#4731=DIRECTION('ref_axis',(-3.5527136788005E-14,-1.,0.));
#4732=DIRECTION('center_axis',(2.45794161075142E-11,-1.,0.));
#4733=DIRECTION('ref_axis',(1.,2.45794161075142E-11,0.));
#4734=DIRECTION('',(0.,0.,1.));
#4735=DIRECTION('',(1.,2.45794161075142E-11,0.));
#4736=DIRECTION('center_axis',(0.,0.,1.));
#4737=DIRECTION('ref_axis',(1.,0.,0.));
#4738=DIRECTION('center_axis',(0.,0.,-1.));
#4739=DIRECTION('ref_axis',(0.645790393552874,-0.763514746154142,0.));
#4740=DIRECTION('center_axis',(0.,0.,-1.));
#4741=DIRECTION('ref_axis',(0.751424310808558,0.659819297327597,0.));
#4742=DIRECTION('center_axis',(0.,0.,1.));
#4743=DIRECTION('ref_axis',(-0.993771171234024,0.111439935499609,0.));
#4744=DIRECTION('center_axis',(0.,0.,-1.));
#4745=DIRECTION('ref_axis',(0.37824412992064,-0.925705881033807,0.));
#4746=DIRECTION('center_axis',(0.,0.,-1.));
#4747=DIRECTION('ref_axis',(0.918542363387752,0.395322560274572,0.));
#4748=DIRECTION('center_axis',(0.,0.,1.));
#4749=DIRECTION('ref_axis',(-0.910695696988528,0.41307789518029,0.));
#4750=DIRECTION('center_axis',(0.,0.,-1.));
#4751=DIRECTION('ref_axis',(0.0736726954819011,-0.997282474497788,0.));
#4752=DIRECTION('center_axis',(0.,0.,-1.));
#4753=DIRECTION('ref_axis',(0.995747089591642,0.0921288964971075,0.));
#4754=DIRECTION('center_axis',(0.,0.,1.));
#4755=DIRECTION('ref_axis',(-0.738474987359895,0.674280871035063,0.));
#4756=DIRECTION('center_axis',(0.,0.,-1.));
#4757=DIRECTION('ref_axis',(-0.238110335691332,-0.971238110885771,0.));
#4758=DIRECTION('center_axis',(0.,0.,-1.));
#4759=DIRECTION('ref_axis',(0.975481152830403,-0.220082985422925,0.));
#4760=DIRECTION('center_axis',(0.,0.,1.));
#4761=DIRECTION('ref_axis',(-0.493967200748891,0.869480537208456,0.));
#4762=DIRECTION('center_axis',(0.,0.,-1.));
#4763=DIRECTION('ref_axis',(-0.526585468213446,-0.850122193961801,0.));
#4764=DIRECTION('center_axis',(0.,0.,-1.));
#4765=DIRECTION('ref_axis',(0.859728324250031,-0.510751611335915,0.));
#4766=DIRECTION('center_axis',(0.,0.,1.));
#4767=DIRECTION('ref_axis',(-0.979569779038003,-0.201104569802472,0.));
#4768=DIRECTION('center_axis',(0.,0.,1.));
#4769=DIRECTION('ref_axis',(-0.918542411269917,-0.395322449019084,0.));
#4770=DIRECTION('',(0.,0.,1.));
#4771=DIRECTION('',(0.,0.,1.));
#4772=DIRECTION('center_axis',(0.,0.,1.));
#4773=DIRECTION('ref_axis',(-0.918542411269917,-0.395322449019084,0.));
#4774=DIRECTION('',(0.,0.,1.));
#4775=DIRECTION('',(0.,0.,1.));
#4776=DIRECTION('center_axis',(0.,0.,1.));
#4777=DIRECTION('ref_axis',(-0.378244128004083,0.925705881816914,0.));
#4778=DIRECTION('',(0.,0.,1.));
#4779=DIRECTION('center_axis',(0.,0.,1.));
#4780=DIRECTION('ref_axis',(-0.378244128004083,0.925705881816914,0.));
#4781=DIRECTION('',(0.,0.,1.));
#4782=DIRECTION('',(0.,0.,1.));
#4783=DIRECTION('',(0.,0.,1.));
#4784=DIRECTION('center_axis',(0.,0.,1.));
#4785=DIRECTION('ref_axis',(0.99377116656349,-0.111439977149319,0.));
#4786=DIRECTION('',(0.,0.,1.));
#4787=DIRECTION('center_axis',(0.,0.,1.));
#4788=DIRECTION('ref_axis',(0.99377116656349,-0.111439977149319,0.));
#4789=DIRECTION('',(0.,0.,1.));
#4790=DIRECTION('',(0.,0.,1.));
#4791=DIRECTION('',(0.,0.,1.));
#4792=DIRECTION('center_axis',(0.,0.,1.));
#4793=DIRECTION('ref_axis',(-0.751424309637044,-0.659819298661756,0.));
#4794=DIRECTION('',(0.,0.,1.));
#4795=DIRECTION('center_axis',(0.,0.,1.));
#4796=DIRECTION('ref_axis',(-0.751424309637044,-0.659819298661756,0.));
#4797=DIRECTION('',(0.,0.,1.));
#4798=DIRECTION('center_axis',(0.,0.,1.));
#4799=DIRECTION('ref_axis',(-0.645790391951076,0.763514747508963,0.));
#4800=DIRECTION('',(0.,0.,1.));
#4801=DIRECTION('center_axis',(0.,0.,1.));
#4802=DIRECTION('ref_axis',(-0.645790391951076,0.763514747508963,0.));
#4803=DIRECTION('',(0.,0.,1.));
#4804=DIRECTION('',(0.,0.,1.));
#4805=DIRECTION('',(0.,0.,1.));
#4806=DIRECTION('center_axis',(0.,0.,1.));
#4807=DIRECTION('ref_axis',(0.979569387816347,0.201106475413168,0.));
#4808=DIRECTION('',(0.,0.,1.));
#4809=DIRECTION('center_axis',(0.,0.,1.));
#4810=DIRECTION('ref_axis',(0.979569387816347,0.201106475413168,0.));
#4811=DIRECTION('',(0.,0.,1.));
#4812=DIRECTION('',(0.,0.,1.));
#4813=DIRECTION('',(0.,0.,1.));
#4814=DIRECTION('center_axis',(0.,0.,1.));
#4815=DIRECTION('ref_axis',(-0.510751609779664,-0.859728325174576,0.));
#4816=DIRECTION('',(0.,0.,1.));
#4817=DIRECTION('center_axis',(0.,0.,1.));
#4818=DIRECTION('ref_axis',(-0.510751609779664,-0.859728325174576,0.));
#4819=DIRECTION('',(0.,0.,1.));
#4820=DIRECTION('center_axis',(0.,0.,1.));
#4821=DIRECTION('ref_axis',(-0.850122192876755,0.52658546996515,0.));
#4822=DIRECTION('',(0.,0.,1.));
#4823=DIRECTION('center_axis',(0.,0.,1.));
#4824=DIRECTION('ref_axis',(-0.850122192876755,0.52658546996515,0.));
#4825=DIRECTION('',(0.,0.,1.));
#4826=DIRECTION('',(0.,0.,1.));
#4827=DIRECTION('',(0.,0.,1.));
#4828=DIRECTION('center_axis',(0.,0.,1.));
#4829=DIRECTION('ref_axis',(0.869480530781482,0.493967212061644,0.));
#4830=DIRECTION('',(0.,0.,1.));
#4831=DIRECTION('center_axis',(0.,0.,1.));
#4832=DIRECTION('ref_axis',(0.869480530781482,0.493967212061644,0.));
#4833=DIRECTION('',(0.,0.,1.));
#4834=DIRECTION('',(0.,0.,1.));
#4835=DIRECTION('',(0.,0.,1.));
#4836=DIRECTION('center_axis',(0.,0.,1.));
#4837=DIRECTION('ref_axis',(-0.220082983647706,-0.975481153230919,0.));
#4838=DIRECTION('',(0.,0.,1.));
#4839=DIRECTION('center_axis',(0.,0.,1.));
#4840=DIRECTION('ref_axis',(-0.220082983647706,-0.975481153230919,0.));
#4841=DIRECTION('',(0.,0.,1.));
#4842=DIRECTION('center_axis',(0.,0.,1.));
#4843=DIRECTION('ref_axis',(-0.971238110379463,0.238110337756532,0.));
#4844=DIRECTION('',(0.,0.,1.));
#4845=DIRECTION('center_axis',(0.,0.,1.));
#4846=DIRECTION('ref_axis',(-0.971238110379463,0.238110337756532,0.));
#4847=DIRECTION('',(0.,0.,1.));
#4848=DIRECTION('',(0.,0.,1.));
#4849=DIRECTION('',(0.,0.,1.));
#4850=DIRECTION('center_axis',(0.,0.,1.));
#4851=DIRECTION('ref_axis',(0.674280871056417,0.738474987340397,0.));
#4852=DIRECTION('',(0.,0.,1.));
#4853=DIRECTION('center_axis',(0.,0.,1.));
#4854=DIRECTION('ref_axis',(0.674280871056417,0.738474987340397,0.));
#4855=DIRECTION('',(0.,0.,1.));
#4856=DIRECTION('',(0.,0.,1.));
#4857=DIRECTION('',(0.,0.,1.));
#4858=DIRECTION('center_axis',(0.,0.,1.));
#4859=DIRECTION('ref_axis',(0.0921288984628178,-0.99574708940977,0.));
#4860=DIRECTION('',(0.,0.,1.));
#4861=DIRECTION('center_axis',(0.,0.,1.));
#4862=DIRECTION('ref_axis',(0.0921288984628178,-0.99574708940977,0.));
#4863=DIRECTION('',(0.,0.,1.));
#4864=DIRECTION('center_axis',(0.,0.,1.));
#4865=DIRECTION('ref_axis',(-0.988422831656031,-0.151724440552846,0.));
#4866=DIRECTION('',(0.,0.,1.));
#4867=DIRECTION('center_axis',(0.,0.,1.));
#4868=DIRECTION('ref_axis',(-0.988422831656031,-0.151724440552846,0.));
#4869=DIRECTION('',(0.,0.,1.));
#4870=DIRECTION('',(0.,0.,1.));
#4871=DIRECTION('',(0.,0.,1.));
#4872=DIRECTION('center_axis',(0.,0.,1.));
#4873=DIRECTION('ref_axis',(0.413077895230789,0.910695696965623,0.));
#4874=DIRECTION('',(0.,0.,1.));
#4875=DIRECTION('center_axis',(0.,0.,1.));
#4876=DIRECTION('ref_axis',(0.413077895230789,0.910695696965623,0.));
#4877=DIRECTION('',(0.,0.,1.));
#4878=DIRECTION('',(0.,0.,1.));
#4879=DIRECTION('',(0.,0.,1.));
#4880=DIRECTION('center_axis',(0.,0.,1.));
#4881=DIRECTION('ref_axis',(0.395322561832723,-0.918542362717155,0.));
#4882=DIRECTION('',(0.,0.,1.));
#4883=DIRECTION('center_axis',(0.,0.,1.));
#4884=DIRECTION('ref_axis',(-0.526585468213446,-0.850122193961801,0.));
#4885=DIRECTION('',(0.,0.,1.));
#4886=DIRECTION('',(0.,0.,1.));
#4887=DIRECTION('center_axis',(0.,0.,1.));
#4888=DIRECTION('ref_axis',(-0.526585468213446,-0.850122193961801,0.));
#4889=DIRECTION('',(0.,0.,1.));
#4890=DIRECTION('',(0.,0.,1.));
#4891=DIRECTION('',(0.,0.,1.));
#4892=DIRECTION('',(0.,0.,1.));
#4893=DIRECTION('center_axis',(0.,0.,1.));
#4894=DIRECTION('ref_axis',(-0.493967200748891,0.869480537208456,0.));
#4895=DIRECTION('',(0.,0.,1.));
#4896=DIRECTION('center_axis',(0.,0.,1.));
#4897=DIRECTION('ref_axis',(-0.493967200748891,0.869480537208456,0.));
#4898=DIRECTION('',(0.,0.,1.));
#4899=DIRECTION('',(0.,0.,1.));
#4900=DIRECTION('',(0.,0.,1.));
#4901=DIRECTION('center_axis',(0.,0.,1.));
#4902=DIRECTION('ref_axis',(0.975481152830403,-0.220082985422925,0.));
#4903=DIRECTION('',(0.,0.,1.));
#4904=DIRECTION('center_axis',(0.,0.,1.));
#4905=DIRECTION('ref_axis',(0.975481152830403,-0.220082985422925,0.));
#4906=DIRECTION('',(0.,0.,1.));
#4907=DIRECTION('center_axis',(0.,0.,1.));
#4908=DIRECTION('ref_axis',(-0.238110335691332,-0.971238110885771,0.));
#4909=DIRECTION('',(0.,0.,1.));
#4910=DIRECTION('center_axis',(0.,0.,1.));
#4911=DIRECTION('ref_axis',(-0.238110335691332,-0.971238110885771,0.));
#4912=DIRECTION('',(0.,0.,1.));
#4913=DIRECTION('',(0.,0.,1.));
#4914=DIRECTION('',(0.,0.,1.));
#4915=DIRECTION('center_axis',(0.,0.,1.));
#4916=DIRECTION('ref_axis',(-0.738474987359895,0.674280871035063,0.));
#4917=DIRECTION('',(0.,0.,1.));
#4918=DIRECTION('center_axis',(0.,0.,1.));
#4919=DIRECTION('ref_axis',(-0.738474987359895,0.674280871035063,0.));
#4920=DIRECTION('',(0.,0.,1.));
#4921=DIRECTION('',(0.,0.,1.));
#4922=DIRECTION('',(0.,0.,1.));
#4923=DIRECTION('center_axis',(0.,0.,1.));
#4924=DIRECTION('ref_axis',(0.995747089591642,0.0921288964971075,0.));
#4925=DIRECTION('',(0.,0.,1.));
#4926=DIRECTION('center_axis',(0.,0.,1.));
#4927=DIRECTION('ref_axis',(0.995747089591642,0.0921288964971075,0.));
#4928=DIRECTION('',(0.,0.,1.));
#4929=DIRECTION('center_axis',(0.,0.,1.));
#4930=DIRECTION('ref_axis',(0.0736726954819011,-0.997282474497788,0.));
#4931=DIRECTION('',(0.,0.,1.));
#4932=DIRECTION('center_axis',(0.,0.,1.));
#4933=DIRECTION('ref_axis',(0.0736726954819011,-0.997282474497788,0.));
#4934=DIRECTION('',(0.,0.,1.));
#4935=DIRECTION('',(0.,0.,1.));
#4936=DIRECTION('',(0.,0.,1.));
#4937=DIRECTION('center_axis',(0.,0.,1.));
#4938=DIRECTION('ref_axis',(-0.910695696988528,0.41307789518029,0.));
#4939=DIRECTION('',(0.,0.,1.));
#4940=DIRECTION('center_axis',(0.,0.,1.));
#4941=DIRECTION('ref_axis',(-0.910695696988528,0.41307789518029,0.));
#4942=DIRECTION('',(0.,0.,1.));
#4943=DIRECTION('',(0.,0.,1.));
#4944=DIRECTION('',(0.,0.,1.));
#4945=DIRECTION('center_axis',(0.,0.,1.));
#4946=DIRECTION('ref_axis',(0.918542363387752,0.395322560274572,0.));
#4947=DIRECTION('',(0.,0.,1.));
#4948=DIRECTION('center_axis',(0.,0.,1.));
#4949=DIRECTION('ref_axis',(0.918542363387752,0.395322560274572,0.));
#4950=DIRECTION('',(0.,0.,1.));
#4951=DIRECTION('center_axis',(0.,0.,1.));
#4952=DIRECTION('ref_axis',(0.37824412992064,-0.925705881033807,0.));
#4953=DIRECTION('',(0.,0.,1.));
#4954=DIRECTION('center_axis',(0.,0.,1.));
#4955=DIRECTION('ref_axis',(0.37824412992064,-0.925705881033807,0.));
#4956=DIRECTION('',(0.,0.,1.));
#4957=DIRECTION('',(0.,0.,1.));
#4958=DIRECTION('',(0.,0.,1.));
#4959=DIRECTION('center_axis',(0.,0.,1.));
#4960=DIRECTION('ref_axis',(-0.993771171234024,0.111439935499609,0.));
#4961=DIRECTION('',(0.,0.,1.));
#4962=DIRECTION('center_axis',(0.,0.,1.));
#4963=DIRECTION('ref_axis',(-0.993771171234024,0.111439935499609,0.));
#4964=DIRECTION('',(0.,0.,1.));
#4965=DIRECTION('',(0.,0.,1.));
#4966=DIRECTION('',(0.,0.,1.));
#4967=DIRECTION('center_axis',(0.,0.,1.));
#4968=DIRECTION('ref_axis',(0.751424310808558,0.659819297327597,0.));
#4969=DIRECTION('',(0.,0.,1.));
#4970=DIRECTION('center_axis',(0.,0.,1.));
#4971=DIRECTION('ref_axis',(0.751424310808558,0.659819297327597,0.));
#4972=DIRECTION('',(0.,0.,1.));
#4973=DIRECTION('center_axis',(0.,0.,1.));
#4974=DIRECTION('ref_axis',(0.645790393552874,-0.763514746154142,0.));
#4975=DIRECTION('',(0.,0.,1.));
#4976=DIRECTION('center_axis',(0.,0.,1.));
#4977=DIRECTION('ref_axis',(0.645790393552874,-0.763514746154142,0.));
#4978=DIRECTION('',(0.,0.,1.));
#4979=DIRECTION('',(0.,0.,1.));
#4980=DIRECTION('',(0.,0.,1.));
#4981=DIRECTION('center_axis',(0.,0.,1.));
#4982=DIRECTION('ref_axis',(-0.979569779038003,-0.201104569802472,0.));
#4983=DIRECTION('',(0.,0.,1.));
#4984=DIRECTION('center_axis',(0.,0.,1.));
#4985=DIRECTION('ref_axis',(-0.979569779038003,-0.201104569802472,0.));
#4986=DIRECTION('',(0.,0.,1.));
#4987=DIRECTION('center_axis',(0.,0.,1.));
#4988=DIRECTION('ref_axis',(-0.763514746154142,-0.645790393552874,0.));
#4989=DIRECTION('',(0.,0.,-1.));
#4990=DIRECTION('',(0.,0.,1.));
#4991=DIRECTION('center_axis',(0.,0.,1.));
#4992=DIRECTION('ref_axis',(0.659819297325662,-0.751424310810257,0.));
#4993=DIRECTION('',(0.,0.,1.));
#4994=DIRECTION('',(0.,0.,1.));
#4995=DIRECTION('center_axis',(1.43100346389554E-12,1.,0.));
#4996=DIRECTION('ref_axis',(-1.,1.43100346389554E-12,0.));
#4997=DIRECTION('center_axis',(0.,0.,1.));
#4998=DIRECTION('ref_axis',(0.11143997687322,0.993771166594451,0.));
#4999=DIRECTION('',(0.,0.,1.));
#5000=DIRECTION('',(0.,0.,1.));
#5001=DIRECTION('center_axis',(0.,0.,1.));
#5002=DIRECTION('ref_axis',(-0.925705881802233,-0.378244128040015,0.));
#5003=DIRECTION('center_axis',(0.,0.,1.));
#5004=DIRECTION('ref_axis',(-0.918542369991222,-0.395322544931235,0.));
#5005=DIRECTION('',(0.,0.,1.));
#5006=DIRECTION('center_axis',(-7.48146307621629E-10,1.,0.));
#5007=DIRECTION('ref_axis',(-1.,-7.48146307621629E-10,0.));
#5008=DIRECTION('',(0.,0.,1.));
#5009=DIRECTION('center_axis',(1.,0.,0.));
#5010=DIRECTION('ref_axis',(0.,1.,0.));
#5011=DIRECTION('',(0.,0.,1.));
#5012=DIRECTION('center_axis',(0.,0.,1.));
#5013=DIRECTION('ref_axis',(-1.,-7.77156117237608E-16,0.));
#5014=DIRECTION('',(0.,0.,1.));
#5015=DIRECTION('center_axis',(0.,0.,1.));
#5016=DIRECTION('ref_axis',(-1.24344978758018E-14,-1.,0.));
#5017=DIRECTION('',(0.,0.,1.));
#5018=DIRECTION('',(0.,0.,1.));
#5019=DIRECTION('center_axis',(0.,0.,1.));
#5020=DIRECTION('ref_axis',(-0.0926437830043968,0.995699316797312,0.));
#5021=DIRECTION('',(0.,0.,1.));
#5022=DIRECTION('center_axis',(1.,0.,0.));
#5023=DIRECTION('ref_axis',(0.,1.,0.));
#5024=DIRECTION('center_axis',(0.,-1.,0.));
#5025=DIRECTION('ref_axis',(1.,0.,0.));
#5026=DIRECTION('',(0.,0.,1.));
#5027=DIRECTION('center_axis',(-1.,1.55431223447522E-15,0.));
#5028=DIRECTION('ref_axis',(-1.55431223447522E-15,-1.,0.));
#5029=DIRECTION('',(0.,0.,1.));
#5030=DIRECTION('center_axis',(0.,0.,1.));
#5031=DIRECTION('ref_axis',(1.94289029309402E-16,1.,0.));
#5032=DIRECTION('',(0.,0.,1.));
#5033=DIRECTION('center_axis',(0.,0.,1.));
#5034=DIRECTION('ref_axis',(0.,-1.,0.));
#5035=DIRECTION('',(0.,0.,1.));
#5036=DIRECTION('center_axis',(0.,0.,1.));
#5037=DIRECTION('ref_axis',(-1.,0.,0.));
#5038=DIRECTION('',(0.,0.,1.));
#5039=DIRECTION('center_axis',(-1.,1.30774283341356E-11,0.));
#5040=DIRECTION('ref_axis',(-1.30774283341356E-11,-1.,0.));
#5041=DIRECTION('',(0.,0.,1.));
#5042=DIRECTION('center_axis',(0.,0.,1.));
#5043=DIRECTION('ref_axis',(0.0155448246649129,0.999879171913355,0.));
#5044=DIRECTION('',(0.,0.,1.));
#5045=DIRECTION('',(0.,0.,1.));
#5046=DIRECTION('center_axis',(0.,0.,1.));
#5047=DIRECTION('ref_axis',(-0.869480537208456,-0.493967200748891,0.));
#5048=DIRECTION('',(0.,0.,1.));
#5049=DIRECTION('',(0.,0.,1.));
#5050=DIRECTION('center_axis',(0.,0.,1.));
#5051=DIRECTION('ref_axis',(0.850122193961801,-0.526585468213446,0.));
#5052=DIRECTION('',(0.,0.,1.));
#5053=DIRECTION('center_axis',(0.,0.,1.));
#5054=DIRECTION('ref_axis',(0.510751611330579,0.859728324253201,0.));
#5055=DIRECTION('',(0.,0.,1.));
#5056=DIRECTION('',(0.,0.,1.));
#5057=DIRECTION('center_axis',(0.,0.,1.));
#5058=DIRECTION('ref_axis',(-0.979569390404852,-0.201106462804822,0.));
#5059=DIRECTION('center_axis',(0.,0.,1.));
#5060=DIRECTION('ref_axis',(0.859728324250031,-0.510751611335915,0.));
#5061=DIRECTION('',(0.,0.,1.));
#5062=DIRECTION('',(0.,0.,1.));
#5063=DIRECTION('center_axis',(0.,0.,1.));
#5064=DIRECTION('ref_axis',(-0.201106462804822,0.979569390404852,0.));
#5065=DIRECTION('',(0.,0.,1.));
#5066=DIRECTION('',(1.23259516440783E-30,9.80298341693128E-31,1.));
#5067=DIRECTION('',(1.,-6.00885064363108E-47,-7.76534953576933E-31));
#5068=DIRECTION('',(0.,6.16297582203915E-33,1.));
#5069=DIRECTION('',(1.,1.69550716718702E-33,-6.16297582203916E-33));
#5070=DIRECTION('axis',(0.,0.,1.));
#5071=DIRECTION('refdir',(1.,0.,0.));
#5072=DIRECTION('center_axis',(0.,0.,-1.));
#5073=DIRECTION('ref_axis',(1.,1.22464679914735E-16,0.));
#5074=DIRECTION('center_axis',(0.,0.,-1.));
#5075=DIRECTION('ref_axis',(-1.,0.,0.));
#5076=DIRECTION('',(0.,0.,1.));
#5077=DIRECTION('center_axis',(0.,0.,-1.));
#5078=DIRECTION('ref_axis',(-1.,0.,0.));
#5079=DIRECTION('',(0.,0.,-1.));
#5080=DIRECTION('center_axis',(0.,0.,-1.));
#5081=DIRECTION('ref_axis',(1.79254759184268E-16,-1.,0.));
#5082=DIRECTION('center_axis',(0.,0.,1.));
#5083=DIRECTION('ref_axis',(1.79254759184268E-16,-1.,0.));
#5084=DIRECTION('',(0.,0.,1.));
#5085=DIRECTION('center_axis',(0.,0.,1.));
#5086=DIRECTION('ref_axis',(1.79254759184268E-16,-1.,0.));
#5087=DIRECTION('',(0.,0.,-1.));
#5088=DIRECTION('center_axis',(0.,0.,1.));
#5089=DIRECTION('ref_axis',(-1.,0.,0.));
#5090=DIRECTION('center_axis',(0.,0.,-1.));
#5091=DIRECTION('ref_axis',(1.,0.,0.));
#5092=DIRECTION('',(-1.,2.3521674250533E-17,0.));
#5093=DIRECTION('',(1.,2.3521674250533E-17,0.));
#5094=DIRECTION('center_axis',(0.,0.,-1.));
#5095=DIRECTION('ref_axis',(1.,0.,0.));
#5096=DIRECTION('center_axis',(-2.3521674250533E-17,1.,0.));
#5097=DIRECTION('ref_axis',(-1.,-2.3521674250533E-17,0.));
#5098=DIRECTION('',(-1.,-2.3521674250533E-17,0.));
#5099=DIRECTION('',(0.,0.,1.));
#5100=DIRECTION('',(1.,2.3521674250533E-17,0.));
#5101=DIRECTION('',(0.,0.,1.));
#5102=DIRECTION('center_axis',(-2.3521674250533E-17,-1.,0.));
#5103=DIRECTION('ref_axis',(1.,-2.3521674250533E-17,0.));
#5104=DIRECTION('',(0.,0.,1.));
#5105=DIRECTION('',(1.,-2.3521674250533E-17,0.));
#5106=DIRECTION('',(0.,0.,1.));
#5107=DIRECTION('',(1.,-2.3521674250533E-17,0.));
#5108=DIRECTION('center_axis',(0.,0.,1.));
#5109=DIRECTION('ref_axis',(1.,0.,0.));
#5110=DIRECTION('center_axis',(0.,0.,1.));
#5111=DIRECTION('ref_axis',(1.,0.,0.));
#5112=DIRECTION('center_axis',(0.,0.,-1.));
#5113=DIRECTION('ref_axis',(1.,0.,0.));
#5114=DIRECTION('center_axis',(0.,0.,1.));
#5115=DIRECTION('ref_axis',(1.,0.,0.));
#5116=DIRECTION('center_axis',(0.,0.,1.));
#5117=DIRECTION('ref_axis',(1.,0.,0.));
#5118=DIRECTION('center_axis',(0.,0.,-1.));
#5119=DIRECTION('ref_axis',(1.,0.,0.));
#5120=DIRECTION('center_axis',(0.,0.,1.));
#5121=DIRECTION('ref_axis',(1.,0.,0.));
#5122=DIRECTION('',(0.,0.,-1.));
#5123=DIRECTION('center_axis',(0.,0.,-1.));
#5124=DIRECTION('ref_axis',(1.,0.,0.));
#5125=DIRECTION('center_axis',(0.,0.,1.));
#5126=DIRECTION('ref_axis',(1.,0.,0.));
#5127=DIRECTION('',(0.,0.,-1.));
#5128=DIRECTION('center_axis',(0.,0.,-1.));
#5129=DIRECTION('ref_axis',(1.,0.,0.));
#5130=DIRECTION('center_axis',(0.,0.,1.));
#5131=DIRECTION('ref_axis',(-1.,1.22464679914735E-16,0.));
#5132=DIRECTION('center_axis',(0.,0.,1.));
#5133=DIRECTION('ref_axis',(1.,0.,0.));
#5134=DIRECTION('center_axis',(0.,0.,1.));
#5135=DIRECTION('ref_axis',(1.,0.,0.));
#5136=DIRECTION('center_axis',(0.,0.,1.));
#5137=DIRECTION('ref_axis',(1.,0.,0.));
#5138=DIRECTION('center_axis',(0.,0.,1.));
#5139=DIRECTION('ref_axis',(1.,0.,0.));
#5140=DIRECTION('',(6.12323399573435E-17,-9.77602039770961E-31,1.));
#5141=DIRECTION('',(0.99999999999999,6.07153216591893E-17,-6.12323399573662E-17));
#5142=DIRECTION('',(6.20926524133539E-17,-8.48391422665817E-19,1.00000000000001));
#5143=DIRECTION('',(-0.500000007758949,0.866025399304788,3.17810552090286E-17));
#5144=DIRECTION('',(1.22464679914737E-16,6.12323399573802E-17,1.));
#5145=DIRECTION('',(0.499999996120528,0.866025406024253,-1.14261101555675E-16));
#5146=CARTESIAN_POINT('',(0.,0.,0.));
#5147=CARTESIAN_POINT('',(0.,0.,0.));
#5148=CARTESIAN_POINT('',(0.,0.,0.));
#5149=CARTESIAN_POINT('',(0.,0.,0.));
#5150=CARTESIAN_POINT('Origin',(15.8280695609846,6.33793347480606,-0.0500000000000003));
#5151=CARTESIAN_POINT('',(15.8280695609846,6.33793347480606,2.05));
#5152=CARTESIAN_POINT('',(20.2657671373693,7.78571428572058,2.05));
#5153=CARTESIAN_POINT('',(16.7592230503411,6.64171851889749,2.05));
#5154=CARTESIAN_POINT('',(20.2657671373693,7.78571428572058,-0.0500000000000003));
#5155=CARTESIAN_POINT('',(20.2657671373693,7.78571428572058,0.));
#5156=CARTESIAN_POINT('',(15.8280695609846,6.33793347480606,-0.0500000000000003));
#5157=CARTESIAN_POINT('',(15.8280695609846,6.33793347480606,-0.0500000000000003));
#5158=CARTESIAN_POINT('',(15.8280695609846,6.33793347480606,2.05));
#5159=CARTESIAN_POINT('Origin',(16.2070153215368,14.6064414697452,-0.0500000000000003));
#5160=CARTESIAN_POINT('',(16.2070153215368,14.6064414697452,2.05));
#5161=CARTESIAN_POINT('',(12.8138533379489,11.608052509003,2.05));
#5162=CARTESIAN_POINT('',(15.2747449024477,13.7826348414311,2.05));
#5163=CARTESIAN_POINT('',(12.8138533379489,11.608052509003,-0.0500000000000003));
#5164=CARTESIAN_POINT('',(12.8138533379489,11.608052509003,2.05));
#5165=CARTESIAN_POINT('',(16.2070153215368,14.6064414697452,-0.0500000000000003));
#5166=CARTESIAN_POINT('',(12.8138533379489,11.608052509003,-0.0500000000000003));
#5167=CARTESIAN_POINT('',(16.2070153215368,14.6064414697453,0.));
#5168=CARTESIAN_POINT('Origin',(14.8671428571429,7.78571428571428,0.));
#5169=CARTESIAN_POINT('',(14.8671428571429,7.78571428571428,-0.0500000000000003));
#5170=CARTESIAN_POINT('',(16.4570306031599,7.78571428571428,-0.0500000000000003));
#5171=CARTESIAN_POINT('',(20.2657671373693,7.78571428572058,-2.05));
#5172=CARTESIAN_POINT('',(20.2657671373693,7.78571428572058,0.));
#5173=CARTESIAN_POINT('',(14.8671428571429,7.78571428571428,-2.05));
#5174=CARTESIAN_POINT('',(14.8671428571429,7.78571428571428,-2.05));
#5175=CARTESIAN_POINT('',(14.8671428571429,7.78571428571428,0.));
#5176=CARTESIAN_POINT('Origin',(14.8665822042173,9.28505784659234,2.05));
#5177=CARTESIAN_POINT('Origin',(14.8665822042173,9.28505784659234,-0.0500000000000003));
#5178=CARTESIAN_POINT('Origin',(14.8665822042173,9.28505784659234,2.05));
#5179=CARTESIAN_POINT('Origin',(16.2070153215368,14.6064414697452,0.));
#5180=CARTESIAN_POINT('',(13.5681047514497,10.0357142857238,-0.0500000000000003));
#5181=CARTESIAN_POINT('',(15.6703575712588,13.6769229799882,-0.0500000000000003));
#5182=CARTESIAN_POINT('',(13.5681047514497,10.0357142857238,-2.05));
#5183=CARTESIAN_POINT('',(13.5681047514497,10.0357142857238,0.));
#5184=CARTESIAN_POINT('',(16.2070153215368,14.6064414697452,-2.05));
#5185=CARTESIAN_POINT('',(13.5681047514497,10.0357142857238,-2.05));
#5186=CARTESIAN_POINT('',(16.2070153215368,14.6064414697453,0.));
#5187=CARTESIAN_POINT('Origin',(6.86142497694386,1.3,4.16666666666667));
#5188=CARTESIAN_POINT('',(6.63219990202286,0.,-4.16666666666667));
#5189=CARTESIAN_POINT('',(6.86142497694386,1.3,-4.16666666666667));
#5190=CARTESIAN_POINT('',(7.4827743612604,4.82384746690499,-4.16666666666667));
#5191=CARTESIAN_POINT('',(6.63219990202286,0.,4.16666666666667));
#5192=CARTESIAN_POINT('',(6.63219990202286,1.73472347597681E-17,2.08333333333333));
#5193=CARTESIAN_POINT('',(6.86142497694386,1.3,4.16666666666667));
#5194=CARTESIAN_POINT('',(7.4827743612604,4.82384746690499,4.16666666666667));
#5195=CARTESIAN_POINT('',(6.86142497694386,1.3,4.16666666666667));
#5196=CARTESIAN_POINT('Origin',(4.74224961768444,1.3,4.16666666666667));
#5197=CARTESIAN_POINT('',(4.74224961768444,1.3,-4.16666666666667));
#5198=CARTESIAN_POINT('',(8.02594623741365,1.3,-4.16666666666667));
#5199=CARTESIAN_POINT('',(4.74224961768444,1.3,4.16666666666667));
#5200=CARTESIAN_POINT('',(8.02594623741365,1.3,4.16666666666667));
#5201=CARTESIAN_POINT('',(4.74224961768444,1.3,4.16666666666667));
#5202=CARTESIAN_POINT('Origin',(4.97147469260545,5.85469173142172E-17,4.16666666666667));
#5203=CARTESIAN_POINT('',(4.97147469260545,5.85469173142172E-17,-4.16666666666667));
#5204=CARTESIAN_POINT('',(4.40159343009545,3.23195724341373,-4.16666666666667));
#5205=CARTESIAN_POINT('',(4.97147469260545,5.85469173142172E-17,4.16666666666667));
#5206=CARTESIAN_POINT('',(4.40159343009545,3.23195724341373,4.16666666666667));
#5207=CARTESIAN_POINT('',(4.97147469260545,0.,2.08333333333333));
#5208=CARTESIAN_POINT('Origin',(16.4206075251727,1.3,4.16666666666667));
#5209=CARTESIAN_POINT('',(16.1913824502517,0.,-4.16666666666667));
#5210=CARTESIAN_POINT('',(16.4206075251727,1.3,-4.16666666666667));
#5211=CARTESIAN_POINT('',(16.897834597761,4.00648922059963,-4.16666666666667));
#5212=CARTESIAN_POINT('',(16.1913824502517,0.,4.16666666666667));
#5213=CARTESIAN_POINT('',(16.1913824502517,0.,2.08333333333333));
#5214=CARTESIAN_POINT('',(16.4206075251727,1.3,4.16666666666667));
#5215=CARTESIAN_POINT('',(16.897834597761,4.00648922059963,4.16666666666667));
#5216=CARTESIAN_POINT('',(16.4206075251727,1.3,4.16666666666667));
#5217=CARTESIAN_POINT('Origin',(14.3014321659133,1.3,4.16666666666667));
#5218=CARTESIAN_POINT('',(14.3014321659133,1.3,-4.16666666666667));
#5219=CARTESIAN_POINT('',(12.8055375115281,1.3,-4.16666666666667));
#5220=CARTESIAN_POINT('',(14.3014321659133,1.3,4.16666666666667));
#5221=CARTESIAN_POINT('',(12.8055375115281,1.3,4.16666666666667));
#5222=CARTESIAN_POINT('',(14.3014321659133,1.3,4.16666666666667));
#5223=CARTESIAN_POINT('Origin',(14.5306572408343,1.20346441145891E-16,4.16666666666667));
#5224=CARTESIAN_POINT('',(14.5306572408343,6.07153216591882E-17,-4.16666666666667));
#5225=CARTESIAN_POINT('',(13.8166536665961,4.04931548971909,-4.16666666666667));
#5226=CARTESIAN_POINT('',(14.5306572408343,6.07153216591882E-17,4.16666666666667));
#5227=CARTESIAN_POINT('',(13.8166536665961,4.04931548971909,4.16666666666667));
#5228=CARTESIAN_POINT('',(14.5306572408343,0.,2.08333333333333));
#5229=CARTESIAN_POINT('Origin',(0.,0.,0.));
#5230=CARTESIAN_POINT('',(0.,0.,-4.16666666666667));
#5231=CARTESIAN_POINT('',(0.,0.,4.16666666666667));
#5232=CARTESIAN_POINT('Origin',(0.,0.,0.));
#5233=CARTESIAN_POINT('',(19.8671428571429,0.,-4.16666666666667));
#5234=CARTESIAN_POINT('',(0.,0.,-4.16666666666667));
#5235=CARTESIAN_POINT('',(19.8671428571429,0.,4.16666666666667));
#5236=CARTESIAN_POINT('',(19.8671428571429,0.,0.));
#5237=CARTESIAN_POINT('',(0.,0.,4.16666666666667));
#5238=CARTESIAN_POINT('Origin',(11.3096428571429,7.78247542726429,-4.16666666666667));
#5239=CARTESIAN_POINT('',(0.,0.,-4.16666666666667));
#5240=CARTESIAN_POINT('',(0.,0.,-4.16666666666667));
#5241=CARTESIAN_POINT('',(0.,0.178571428571428,-4.16666666666667));
#5242=CARTESIAN_POINT('',(2.77555756156289E-16,0.178571428571428,-4.16666666666667));
#5243=CARTESIAN_POINT('',(1.42857142857143,1.60714285714286,-4.16666666666667));
#5244=CARTESIAN_POINT('Origin',(1.42857142857143,0.178571428571428,-4.16666666666667));
#5245=CARTESIAN_POINT('',(1.97802197802033,3.20377409107002,-4.16666666666667));
#5246=CARTESIAN_POINT('Origin',(1.42857142857143,2.5,-4.16666666666667));
#5247=CARTESIAN_POINT('',(1.42857142857143,4.32981263677857,-4.16666666666667));
#5248=CARTESIAN_POINT('Origin',(2.85714285714286,4.32981263677857,-4.16666666666667));
#5249=CARTESIAN_POINT('',(1.42857142859118,5.83981761045909,-4.16666666666667));
#5250=CARTESIAN_POINT('',(1.42857142859118,5.83981761045909,-4.16666666666667));
#5251=CARTESIAN_POINT('',(1.07575499966429,5.82785351695714,-4.16666666666667));
#5252=CARTESIAN_POINT('Origin',(1.37305406190746,2.26881183695441,-4.16666666666667));
#5253=CARTESIAN_POINT('',(1.04801407025,5.82567866014286,-4.16666666666667));
#5254=CARTESIAN_POINT('Ctrl Pts',(1.07575499966429,5.82785351695714,-4.16666666666667));
#5255=CARTESIAN_POINT('Ctrl Pts',(1.07020910456429,5.82739025219286,-4.16666666666667));
#5256=CARTESIAN_POINT('Ctrl Pts',(1.06466201423571,5.82694129640714,-4.16666666666667));
#5257=CARTESIAN_POINT('Ctrl Pts',(1.05911367387857,5.82650646411428,-4.16666666666667));
#5258=CARTESIAN_POINT('Ctrl Pts',(1.05356437917857,5.82608564602143,-4.16666666666667));
#5259=CARTESIAN_POINT('Ctrl Pts',(1.04801407025,5.82567866014286,-4.16666666666667));
#5260=CARTESIAN_POINT('',(0.8303939261,6.18080245952143,-4.16666666666667));
#5261=CARTESIAN_POINT('Origin',(6.29645034005577,9.28616534045032,-4.16666666666667));
#5262=CARTESIAN_POINT('',(0.844925856121411,6.20453244428568,-4.16666666666667));
#5263=CARTESIAN_POINT('Ctrl Pts',(0.8303939261,6.18080245952143,-4.16666666666667));
#5264=CARTESIAN_POINT('Ctrl Pts',(0.833276340700001,6.18556305326428,-4.16666666666667));
#5265=CARTESIAN_POINT('Ctrl Pts',(0.836170619435714,6.19031646362143,-4.16666666666667));
#5266=CARTESIAN_POINT('Ctrl Pts',(0.839076951671429,6.19506266136429,-4.16666666666667));
#5267=CARTESIAN_POINT('Ctrl Pts',(0.841995300514287,6.19980133337143,-4.16666666666667));
#5268=CARTESIAN_POINT('Ctrl Pts',(0.844925856121429,6.20453244428571,-4.16666666666667));
#5269=CARTESIAN_POINT('',(1.26975973683459,7.20389574740671,-4.16666666666667));
#5270=CARTESIAN_POINT('Origin',(-2.19122547328973,8.08519522514314,-4.16666666666667));
#5271=CARTESIAN_POINT('',(0.262700250192859,7.61014939848572,-4.16666666666667));
#5272=CARTESIAN_POINT('Origin',(-0.554353520614139,4.13343684079855,-4.16666666666667));
#5273=CARTESIAN_POINT('',(0.235644990785715,7.61665340536429,-4.16666666666667));
#5274=CARTESIAN_POINT('Ctrl Pts',(0.262700250192857,7.61014939848571,-4.16666666666667));
#5275=CARTESIAN_POINT('Ctrl Pts',(0.257282633835715,7.61142258334286,-4.16666666666667));
#5276=CARTESIAN_POINT('Ctrl Pts',(0.251868302464286,7.6127097462,-4.16666666666667));
#5277=CARTESIAN_POINT('Ctrl Pts',(0.246457146642858,7.61401072757857,-4.16666666666667));
#5278=CARTESIAN_POINT('Ctrl Pts',(0.241049413814286,7.61532533215714,-4.16666666666667));
#5279=CARTESIAN_POINT('Ctrl Pts',(0.235644990785715,7.61665340536429,-4.16666666666667));
#5280=CARTESIAN_POINT('',(0.191601177160105,7.78571432040975,-4.16666666666667));
#5281=CARTESIAN_POINT('Origin',(6.29655369577123,9.28591581020076,-4.16666666666667));
#5282=CARTESIAN_POINT('',(0.138415419656227,8.0216443048142,-4.16666666666667));
#5283=CARTESIAN_POINT('Origin',(6.29595567572695,9.28578036815274,-4.16666666666667));
#5284=CARTESIAN_POINT('',(0.159568879042831,8.03972247501426,-4.16666666666667));
#5285=CARTESIAN_POINT('Ctrl Pts',(0.138415419656227,8.0216443048142,-4.16666666666667));
#5286=CARTESIAN_POINT('Ctrl Pts',(0.145435839998153,8.0277061991841,-4.16666666666667));
#5287=CARTESIAN_POINT('Ctrl Pts',(0.152487094405141,8.03373238390621,-4.16666666666667));
#5288=CARTESIAN_POINT('Ctrl Pts',(0.159568818016542,8.03972254716115,-4.16666666666667));
#5289=CARTESIAN_POINT('',(0.872430153413031,8.85889256795246,-4.16666666666667));
#5290=CARTESIAN_POINT('Origin',(-2.1468258674457,10.7665614261302,-4.16666666666667));
#5291=CARTESIAN_POINT('',(0.0401989489999999,9.55646124551571,-4.16666666666667));
#5292=CARTESIAN_POINT('Origin',(-1.81122862859891,6.50239461294042,-4.16666666666667));
#5293=CARTESIAN_POINT('',(0.0164777168999997,9.57100745858429,-4.16666666666667));
#5294=CARTESIAN_POINT('Ctrl Pts',(0.0401989489999999,9.55646124551571,-4.16666666666667));
#5295=CARTESIAN_POINT('Ctrl Pts',(0.0354399254214288,9.55934625179929,-4.16666666666667));
#5296=CARTESIAN_POINT('Ctrl Pts',(0.0306883454857154,9.562243536825,-4.16666666666667));
#5297=CARTESIAN_POINT('Ctrl Pts',(0.0259440558357138,9.56515298275071,-4.16666666666667));
#5298=CARTESIAN_POINT('Ctrl Pts',(0.0212072314428569,9.56807432734643,-4.16666666666667));
#5299=CARTESIAN_POINT('Ctrl Pts',(0.0164777168999997,9.57100745858429,-4.16666666666667));
#5300=CARTESIAN_POINT('',(0.0491559701940647,9.9862222823853,-4.16666666666667));
#5301=CARTESIAN_POINT('Origin',(6.29657488892862,9.28564655479774,-4.16666666666667));
#5302=CARTESIAN_POINT('',(0.0748605316630591,9.99687895298905,-4.16666666666667));
#5303=CARTESIAN_POINT('Ctrl Pts',(0.0491559701940647,9.9862222823853,-4.16666666666667));
#5304=CARTESIAN_POINT('Ctrl Pts',(0.0577060150870309,9.98981805733255,-4.16666666666667));
#5305=CARTESIAN_POINT('Ctrl Pts',(0.0662743500302167,9.99337034213703,-4.16666666666667));
#5306=CARTESIAN_POINT('Ctrl Pts',(0.0748605316630591,9.99687895298905,-4.16666666666667));
#5307=CARTESIAN_POINT('',(1.00596940772781,10.5556696720497,-4.16666666666667));
#5308=CARTESIAN_POINT('Origin',(-1.27601160837077,13.302971990888,-4.16666666666667));
#5309=CARTESIAN_POINT('',(0.430031073686034,11.4762704937376,-4.16666666666667));
#5310=CARTESIAN_POINT('Origin',(-2.27453967986227,9.14380310693333,-4.16666666666667));
#5311=CARTESIAN_POINT('',(0.411965939511393,11.4974350883882,-4.16666666666667));
#5312=CARTESIAN_POINT('Ctrl Pts',(0.430030845622987,11.4762702970522,-4.16666666666667));
#5313=CARTESIAN_POINT('Ctrl Pts',(0.423973586291813,11.4832947172301,-4.16666666666667));
#5314=CARTESIAN_POINT('Ctrl Pts',(0.417951848267862,11.4903497679438,-4.16666666666667));
#5315=CARTESIAN_POINT('Ctrl Pts',(0.411965939511393,11.4974350883882,-4.16666666666667));
#5316=CARTESIAN_POINT('',(0.571353145857143,11.8822299552429,-4.16666666666667));
#5317=CARTESIAN_POINT('Origin',(6.29651183798971,9.28538392869459,-4.16666666666667));
#5318=CARTESIAN_POINT('',(0.599092760957109,11.8844215119714,-4.16666666666667));
#5319=CARTESIAN_POINT('Ctrl Pts',(0.571353145857143,11.8822299552429,-4.16666666666667));
#5320=CARTESIAN_POINT('Ctrl Pts',(0.576898787885716,11.8826962396357,-4.16666666666667));
#5321=CARTESIAN_POINT('Ctrl Pts',(0.582445592007144,11.8831487034643,-4.16666666666667));
#5322=CARTESIAN_POINT('Ctrl Pts',(0.587993645864286,11.8835871763286,-4.16666666666667));
#5323=CARTESIAN_POINT('Ctrl Pts',(0.593542674457144,11.8840115040429,-4.16666666666667));
#5324=CARTESIAN_POINT('Ctrl Pts',(0.599092760957144,11.8844215119714,-4.16666666666667));
#5325=CARTESIAN_POINT('',(1.65730574629956,12.1281346944428,-4.16666666666667));
#5326=CARTESIAN_POINT('Origin',(0.335975936212674,15.4461453819443,-4.16666666666667));
#5327=CARTESIAN_POINT('',(1.39403713981429,13.1816528377786,-4.16666666666667));
#5328=CARTESIAN_POINT('Origin',(-1.89893456049148,11.7991028558606,-4.16666666666667));
#5329=CARTESIAN_POINT('',(1.38339639565902,13.2073639969234,-4.16666666666667));
#5330=CARTESIAN_POINT('Ctrl Pts',(1.39403686212743,13.1816527212113,-4.16666666666667));
#5331=CARTESIAN_POINT('Ctrl Pts',(1.39044673137978,13.190205137869,-4.16666666666667));
#5332=CARTESIAN_POINT('Ctrl Pts',(1.38689984875943,13.1987757092101,-4.16666666666667));
#5333=CARTESIAN_POINT('Ctrl Pts',(1.38339639565902,13.2073639969234,-4.16666666666667));
#5334=CARTESIAN_POINT('',(1.65389079007143,13.5240723070357,-4.16666666666667));
#5335=CARTESIAN_POINT('Origin',(6.29637071400858,9.28515364295702,-4.16666666666667));
#5336=CARTESIAN_POINT('',(1.68094996004194,13.5175845888574,-4.16666666666667));
#5337=CARTESIAN_POINT('Ctrl Pts',(1.65389079007143,13.5240723070357,-4.16666666666667));
#5338=CARTESIAN_POINT('Ctrl Pts',(1.65930909886429,13.5228020722214,-4.16666666666667));
#5339=CARTESIAN_POINT('Ctrl Pts',(1.66472424207857,13.52151833415,-4.16666666666667));
#5340=CARTESIAN_POINT('Ctrl Pts',(1.67013625041429,13.5202209037,-4.16666666666667));
#5341=CARTESIAN_POINT('Ctrl Pts',(1.67554481469286,13.5189097192,-4.16666666666667));
#5342=CARTESIAN_POINT('Ctrl Pts',(1.68094996004286,13.5175845888571,-4.16666666666667));
#5343=CARTESIAN_POINT('',(2.7626818305536,13.4223638024869,-4.16666666666667));
#5344=CARTESIAN_POINT('Origin',(2.53134419443704,16.9862928552332,-4.16666666666667));
#5345=CARTESIAN_POINT('',(2.83785351695714,14.5056735717643,-4.16666666666667));
#5346=CARTESIAN_POINT('Origin',(-0.72118011673917,14.2083746197505,-4.16666666666667));
#5347=CARTESIAN_POINT('',(2.83567866014286,14.5334145011786,-4.16666666666667));
#5348=CARTESIAN_POINT('Ctrl Pts',(2.83785351695714,14.5056735717643,-4.16666666666667));
#5349=CARTESIAN_POINT('Ctrl Pts',(2.83739025219286,14.5112194668643,-4.16666666666667));
#5350=CARTESIAN_POINT('Ctrl Pts',(2.83694129640714,14.5167665571929,-4.16666666666667));
#5351=CARTESIAN_POINT('Ctrl Pts',(2.83650646411429,14.52231489755,-4.16666666666667));
#5352=CARTESIAN_POINT('Ctrl Pts',(2.83608564602143,14.52786419225,-4.16666666666667));
#5353=CARTESIAN_POINT('Ctrl Pts',(2.83567866014286,14.5334145011786,-4.16666666666667));
#5354=CARTESIAN_POINT('',(3.19080245952143,14.7510346453286,-4.16666666666667));
#5355=CARTESIAN_POINT('Origin',(6.29616534045032,9.28497823137281,-4.16666666666667));
#5356=CARTESIAN_POINT('',(3.21453244428572,14.7365027153071,-4.16666666666667));
#5357=CARTESIAN_POINT('Ctrl Pts',(3.19080245952143,14.7510346453286,-4.16666666666667));
#5358=CARTESIAN_POINT('Ctrl Pts',(3.19556305326429,14.7481522307286,-4.16666666666667));
#5359=CARTESIAN_POINT('Ctrl Pts',(3.20031646362143,14.7452579519929,-4.16666666666667));
#5360=CARTESIAN_POINT('Ctrl Pts',(3.20506266136429,14.7423516197571,-4.16666666666667));
#5361=CARTESIAN_POINT('Ctrl Pts',(3.20980133337143,14.7394332709143,-4.16666666666667));
#5362=CARTESIAN_POINT('Ctrl Pts',(3.21453244428572,14.7365027153071,-4.16666666666667));
#5363=CARTESIAN_POINT('',(4.21389574740538,14.3116688345947,-4.16666666666667));
#5364=CARTESIAN_POINT('Origin',(5.09519522514314,17.7726540447183,-4.16666666666667));
#5365=CARTESIAN_POINT('',(4.62014939848571,15.3187283212357,-4.16666666666667));
#5366=CARTESIAN_POINT('Origin',(1.14343684090542,16.135782092005,-4.16666666666667));
#5367=CARTESIAN_POINT('',(4.62665340594041,15.3457835808015,-4.16666666666667));
#5368=CARTESIAN_POINT('Ctrl Pts',(4.62014939848572,15.3187283212357,-4.16666666666667));
#5369=CARTESIAN_POINT('Ctrl Pts',(4.62142258334286,15.3241459375929,-4.16666666666667));
#5370=CARTESIAN_POINT('Ctrl Pts',(4.6227097462,15.3295602689643,-4.16666666666667));
#5371=CARTESIAN_POINT('Ctrl Pts',(4.62401072757857,15.3349714247857,-4.16666666666667));
#5372=CARTESIAN_POINT('Ctrl Pts',(4.62532533215714,15.3403791576143,-4.16666666666667));
#5373=CARTESIAN_POINT('Ctrl Pts',(4.62665340536429,15.3457835806429,-4.16666666666667));
#5374=CARTESIAN_POINT('',(5.03164453171429,15.4430133476929,-4.16666666666667));
#5375=CARTESIAN_POINT('Origin',(6.29591581020076,9.28487487565734,-4.16666666666667));
#5376=CARTESIAN_POINT('',(5.04972247501426,15.4218596923857,-4.16666666666667));
#5377=CARTESIAN_POINT('Ctrl Pts',(5.03164453171429,15.4430133476929,-4.16666666666667));
#5378=CARTESIAN_POINT('Ctrl Pts',(5.03528141032143,15.4388009041357,-4.16666666666667));
#5379=CARTESIAN_POINT('Ctrl Pts',(5.0389077909,15.4345793969071,-4.16666666666667));
#5380=CARTESIAN_POINT('Ctrl Pts',(5.04252358713572,15.4303486549357,-4.16666666666667));
#5381=CARTESIAN_POINT('Ctrl Pts',(5.04612851264286,15.4261088100714,-4.16666666666667));
#5382=CARTESIAN_POINT('Ctrl Pts',(5.04972247501429,15.4218596923857,-4.16666666666667));
#5383=CARTESIAN_POINT('',(5.86889256808648,14.7089984179357,-4.16666666666667));
#5384=CARTESIAN_POINT('Origin',(7.77656142613016,17.7282544388743,-4.16666666666667));
#5385=CARTESIAN_POINT('',(6.56646124551572,15.5412296224286,-4.16666666666667));
#5386=CARTESIAN_POINT('Origin',(3.5123946129946,17.3926571999805,-4.16666666666667));
#5387=CARTESIAN_POINT('',(6.58100745900862,15.564950854527,-4.16666666666667));
#5388=CARTESIAN_POINT('Ctrl Pts',(6.56646124551572,15.5412296224286,-4.16666666666667));
#5389=CARTESIAN_POINT('Ctrl Pts',(6.56934625179929,15.5459886460071,-4.16666666666667));
#5390=CARTESIAN_POINT('Ctrl Pts',(6.572243536825,15.5507402259429,-4.16666666666667));
#5391=CARTESIAN_POINT('Ctrl Pts',(6.57515298275071,15.5554845155929,-4.16666666666667));
#5392=CARTESIAN_POINT('Ctrl Pts',(6.57807432734643,15.5602213399857,-4.16666666666667));
#5393=CARTESIAN_POINT('Ctrl Pts',(6.58100745858429,15.5649508545286,-4.16666666666667));
#5394=CARTESIAN_POINT('',(10.0351373952926,15.564950854522,-4.16666666666667));
#5395=CARTESIAN_POINT('',(6.58100745900862,15.564950854527,-4.16666666666667));
#5396=CARTESIAN_POINT('',(9.80591232037028,14.2649508545147,-4.16666666666667));
#5397=CARTESIAN_POINT('',(9.2742995386162,11.2500249502763,-4.16666666666667));
#5398=CARTESIAN_POINT('',(11.9250876796297,14.2649508545147,-4.16666666666667));
#5399=CARTESIAN_POINT('',(11.6173652683863,14.2649508545147,-4.16666666666667));
#5400=CARTESIAN_POINT('',(11.6958626047078,15.5649508545196,-4.16666666666667));
#5401=CARTESIAN_POINT('',(12.351072295261,11.8490720484478,-4.16666666666667));
#5402=CARTESIAN_POINT('',(15.1524360303053,15.5649508545147,-4.16666666666667));
#5403=CARTESIAN_POINT('',(6.58100745900862,15.564950854527,-4.16666666666667));
#5404=CARTESIAN_POINT('',(15.5676511301429,15.53227271745,-4.16666666666667));
#5405=CARTESIAN_POINT('Origin',(14.8670751263786,9.28485368450373,-4.16666666666667));
#5406=CARTESIAN_POINT('',(15.5783074369266,15.5065680040263,-4.16666666666667));
#5407=CARTESIAN_POINT('Ctrl Pts',(15.5676511301429,15.53227271745,-4.16666666666667));
#5408=CARTESIAN_POINT('Ctrl Pts',(15.5698082905714,15.5271425882643,-4.16666666666667));
#5409=CARTESIAN_POINT('Ctrl Pts',(15.571952666,15.5220070830571,-4.16666666666667));
#5410=CARTESIAN_POINT('Ctrl Pts',(15.5740841214286,15.5168660658714,-4.16666666666667));
#5411=CARTESIAN_POINT('Ctrl Pts',(15.5762024252143,15.5117197505357,-4.16666666666667));
#5412=CARTESIAN_POINT('Ctrl Pts',(15.5783074369286,15.5065680040214,-4.16666666666667));
#5413=CARTESIAN_POINT('',(16.1370982431462,14.5754591637708,-4.16666666666667));
#5414=CARTESIAN_POINT('Origin',(18.8844005256914,16.857440157009,-4.16666666666667));
#5415=CARTESIAN_POINT('',(17.0576990651429,15.1513974977286,-4.16666666666667));
#5416=CARTESIAN_POINT('Origin',(14.7252316546263,17.8559682904148,-4.16666666666667));
#5417=CARTESIAN_POINT('',(17.0788635997143,15.16946270305,-4.16666666666667));
#5418=CARTESIAN_POINT('Ctrl Pts',(17.0576990651429,15.1513974977286,-4.16666666666667));
#5419=CARTESIAN_POINT('Ctrl Pts',(17.0619134883571,15.1550320821429,-4.16666666666667));
#5420=CARTESIAN_POINT('Ctrl Pts',(17.0661372890714,15.1586557928857,-4.16666666666667));
#5421=CARTESIAN_POINT('Ctrl Pts',(17.0703704027143,15.1622688122571,-4.16666666666667));
#5422=CARTESIAN_POINT('Ctrl Pts',(17.0746125257857,15.1658710548214,-4.16666666666667));
#5423=CARTESIAN_POINT('Ctrl Pts',(17.0788635997143,15.16946270305,-4.16666666666667));
#5424=CARTESIAN_POINT('',(17.4636585266429,15.0100754255786,-4.16666666666667));
#5425=CARTESIAN_POINT('Origin',(14.8668125039617,9.28491674281551,-4.16666666666667));
#5426=CARTESIAN_POINT('',(17.4658500834286,14.9823358104714,-4.16666666666667));
#5427=CARTESIAN_POINT('Ctrl Pts',(17.4636585266429,15.0100754255786,-4.16666666666667));
#5428=CARTESIAN_POINT('Ctrl Pts',(17.4641248110714,15.0045297835429,-4.16666666666667));
#5429=CARTESIAN_POINT('Ctrl Pts',(17.4645772748571,14.9989829794143,-4.16666666666667));
#5430=CARTESIAN_POINT('Ctrl Pts',(17.4650157477857,14.9934349255714,-4.16666666666667));
#5431=CARTESIAN_POINT('Ctrl Pts',(17.4654400755,14.9878858969714,-4.16666666666667));
#5432=CARTESIAN_POINT('Ctrl Pts',(17.4658500834286,14.9823358104714,-4.16666666666667));
#5433=CARTESIAN_POINT('',(17.7095632659706,13.9241228252973,-4.16666666666667));
#5434=CARTESIAN_POINT('Origin',(21.0275708319424,15.2454516995128,-4.16666666666667));
#5435=CARTESIAN_POINT('',(18.7630813726372,14.1873915187484,-4.16666666666667));
#5436=CARTESIAN_POINT('Origin',(17.3805314169865,17.4803631758684,-4.16666666666667));
#5437=CARTESIAN_POINT('',(18.7887926464367,14.1980319844184,-4.16666666666667));
#5438=CARTESIAN_POINT('Ctrl Pts',(18.7630813726372,14.1873915187484,-4.16666666666667));
#5439=CARTESIAN_POINT('Ctrl Pts',(18.7716336824337,14.190981903469,-4.16666666666667));
#5440=CARTESIAN_POINT('Ctrl Pts',(18.7802042548589,14.1945287865357,-4.16666666666667));
#5441=CARTESIAN_POINT('Ctrl Pts',(18.7887926464367,14.1980319844184,-4.16666666666667));
#5442=CARTESIAN_POINT('',(19.1055008784286,13.9275377813571,-4.16666666666667));
#5443=CARTESIAN_POINT('Origin',(14.8665822042183,9.28505784659347,-4.16666666666667));
#5444=CARTESIAN_POINT('',(19.0990131602886,13.9004786113973,-4.16666666666667));
#5445=CARTESIAN_POINT('Ctrl Pts',(19.1055008784286,13.9275377813571,-4.16666666666667));
#5446=CARTESIAN_POINT('Ctrl Pts',(19.1042306436429,13.9221194725643,-4.16666666666667));
#5447=CARTESIAN_POINT('Ctrl Pts',(19.1029469055714,13.9167043293429,-4.16666666666667));
#5448=CARTESIAN_POINT('Ctrl Pts',(19.1016494751429,13.9112923210214,-4.16666666666667));
#5449=CARTESIAN_POINT('Ctrl Pts',(19.1003382906429,13.9058837567357,-4.16666666666667));
#5450=CARTESIAN_POINT('Ctrl Pts',(19.0990131602857,13.9004786113857,-4.16666666666667));
#5451=CARTESIAN_POINT('',(19.0037923742148,12.8187467410165,-4.16666666666667));
#5452=CARTESIAN_POINT('Origin',(22.5677213814574,13.0500843802662,-4.16666666666667));
#5453=CARTESIAN_POINT('',(20.0871021432173,12.7435750544645,-4.16666666666667));
#5454=CARTESIAN_POINT('Origin',(19.789803195033,16.3026087335962,-4.16666666666667));
#5455=CARTESIAN_POINT('',(20.1148431102961,12.7457497715009,-4.16666666666667));
#5456=CARTESIAN_POINT('Ctrl Pts',(20.0871021353508,12.7435751486372,-4.16666666666667));
#5457=CARTESIAN_POINT('Ctrl Pts',(20.096345355179,12.7443469983623,-4.16666666666667));
#5458=CARTESIAN_POINT('Ctrl Pts',(20.1055925010494,12.7450718320884,-4.16666666666667));
#5459=CARTESIAN_POINT('Ctrl Pts',(20.1148430944771,12.7457496123097,-4.16666666666667));
#5460=CARTESIAN_POINT('',(20.332463137106,12.3906261601481,-4.16666666666667));
#5461=CARTESIAN_POINT('Origin',(14.8664068114641,9.28526323531928,-4.16666666666667));
#5462=CARTESIAN_POINT('',(20.3179315427764,12.3668959685599,-4.16666666666667));
#5463=CARTESIAN_POINT('Ctrl Pts',(20.332463137106,12.3906261601481,-4.16666666666667));
#5464=CARTESIAN_POINT('Ctrl Pts',(20.327659313134,12.3826916693108,-4.16666666666667));
#5465=CARTESIAN_POINT('Ctrl Pts',(20.322815365782,12.3747814706018,-4.16666666666667));
#5466=CARTESIAN_POINT('Ctrl Pts',(20.3179315427764,12.3668959685599,-4.16666666666667));
#5467=CARTESIAN_POINT('',(19.8930974063591,11.3675328240675,-4.16666666666667));
#5468=CARTESIAN_POINT('Origin',(23.3540825753933,10.4862333628655,-4.16666666666667));
#5469=CARTESIAN_POINT('',(20.9001568926429,10.96127917295,-4.16666666666667));
#5470=CARTESIAN_POINT('Origin',(21.717210680981,14.4379917721969,-4.16666666666667));
#5471=CARTESIAN_POINT('',(20.9272121520714,10.9547751660714,-4.16666666666667));
#5472=CARTESIAN_POINT('Ctrl Pts',(20.9001568926429,10.96127917295,-4.16666666666667));
#5473=CARTESIAN_POINT('Ctrl Pts',(20.905574509,10.9600059880857,-4.16666666666667));
#5474=CARTESIAN_POINT('Ctrl Pts',(20.9109888403571,10.9587188252286,-4.16666666666667));
#5475=CARTESIAN_POINT('Ctrl Pts',(20.9163999962143,10.9574178438571,-4.16666666666667));
#5476=CARTESIAN_POINT('Ctrl Pts',(20.9218077290714,10.9561032392714,-4.16666666666667));
#5477=CARTESIAN_POINT('Ctrl Pts',(20.9272121520714,10.9547751660714,-4.16666666666667));
#5478=CARTESIAN_POINT('',(21.0244418582903,10.5497841101933,-4.16666666666667));
#5479=CARTESIAN_POINT('Origin',(14.866303466064,9.28551276548761,-4.16666666666667));
#5480=CARTESIAN_POINT('',(21.0032882637897,10.5317060964177,-4.16666666666667));
#5481=CARTESIAN_POINT('Ctrl Pts',(21.0244418582903,10.5497841101933,-4.16666666666667));
#5482=CARTESIAN_POINT('Ctrl Pts',(21.0174212576595,10.5437224242537,-4.16666666666667));
#5483=CARTESIAN_POINT('Ctrl Pts',(21.0103700041298,10.5376962402815,-4.16666666666667));
#5484=CARTESIAN_POINT('Ctrl Pts',(21.0032884583118,10.5317058664639,-4.16666666666667));
#5485=CARTESIAN_POINT('',(20.2904269892553,9.71253600355377,-4.16666666666667));
#5486=CARTESIAN_POINT('Origin',(23.3096829755937,7.80486717470685,-4.16666666666667));
#5487=CARTESIAN_POINT('',(21.1226581938571,9.01496732591285,-4.16666666666667));
#5488=CARTESIAN_POINT('Origin',(22.9740858004551,12.0690339919991,-4.16666666666667));
#5489=CARTESIAN_POINT('',(21.1463794259147,9.00042111253899,-4.16666666666667));
#5490=CARTESIAN_POINT('Ctrl Pts',(21.1226582428462,9.01496740671855,-4.16666666666667));
#5491=CARTESIAN_POINT('Ctrl Pts',(21.1305898466613,9.01015881795287,-4.16666666666667));
#5492=CARTESIAN_POINT('Ctrl Pts',(21.1384969914026,9.00530988477919,-4.16666666666667));
#5493=CARTESIAN_POINT('Ctrl Pts',(21.1463792679226,9.00042085810097,-4.16666666666667));
#5494=CARTESIAN_POINT('',(21.113701252763,8.58520609853765,-4.16666666666667));
#5495=CARTESIAN_POINT('Origin',(14.8662823116142,9.285782011981,-4.16666666666667));
#5496=CARTESIAN_POINT('',(21.0879966893549,8.57454942715431,-4.16666666666667));
#5497=CARTESIAN_POINT('Ctrl Pts',(21.113701252763,8.58520609853765,-4.16666666666667));
#5498=CARTESIAN_POINT('Ctrl Pts',(21.1051511008418,8.58161057749763,-4.16666666666667));
#5499=CARTESIAN_POINT('Ctrl Pts',(21.0965827669734,8.57805829314685,-4.16666666666667));
#5500=CARTESIAN_POINT('Ctrl Pts',(21.0879966893549,8.57454942715431,-4.16666666666667));
#5501=CARTESIAN_POINT('',(20.156887735199,8.01575889970769,-4.16666666666667));
#5502=CARTESIAN_POINT('Origin',(22.4388687277432,5.26845661842986,-4.16666666666667));
#5503=CARTESIAN_POINT('',(20.2657671373693,7.78571428572058,-4.16666666666667));
#5504=CARTESIAN_POINT('Origin',(23.4373914226782,9.42762266978389,-4.16666666666667));
#5505=CARTESIAN_POINT('',(20.6924121729285,7.14285714261954,-4.16666666666667));
#5506=CARTESIAN_POINT('Origin',(23.4373962907199,9.42762517026861,-4.16666666666667));
#5507=CARTESIAN_POINT('',(21.01,7.14285714285714,-4.16666666666667));
#5508=CARTESIAN_POINT('',(21.01,7.14285714285714,-4.16666666666667));
#5509=CARTESIAN_POINT('',(21.01,4.57536461020714,-4.16666666666667));
#5510=CARTESIAN_POINT('',(21.01,4.57536461020714,-4.16666666666667));
#5511=CARTESIAN_POINT('',(22.0828571428575,3.19178820340134,-4.16666666666667));
#5512=CARTESIAN_POINT('Origin',(22.4385714285714,4.57536461020714,-4.16666666666667));
#5513=CARTESIAN_POINT('',(21.905,1.78571428571429,-4.16666666666667));
#5514=CARTESIAN_POINT('Origin',(21.905,2.5,-4.16666666666667));
#5515=CARTESIAN_POINT('',(20.6448767574248,1.70948676054055,-4.16666666666667));
#5516=CARTESIAN_POINT('Ctrl Pts',(21.905,1.78571428571429,-4.16666666666667));
#5517=CARTESIAN_POINT('Ctrl Pts',(21.6482245941429,1.77823061164286,-4.16666666666667));
#5518=CARTESIAN_POINT('Ctrl Pts',(21.393824567,1.76686602207143,-4.16666666666667));
#5519=CARTESIAN_POINT('Ctrl Pts',(21.1417999185,1.751620517,-4.16666666666667));
#5520=CARTESIAN_POINT('Ctrl Pts',(20.8921506486429,1.7324940965,-4.16666666666667));
#5521=CARTESIAN_POINT('Ctrl Pts',(20.6448767574286,1.7094867605,-4.16666666666667));
#5522=CARTESIAN_POINT('',(19.8671428571429,0.856030203285714,-4.16666666666667));
#5523=CARTESIAN_POINT('Origin',(20.7242857142857,0.856030203285716,-4.16666666666667));
#5524=CARTESIAN_POINT('',(19.8671428571429,0.,-4.16666666666667));
#5525=CARTESIAN_POINT('',(5.39571428571429,5.,-4.16666666666667));
#5526=CARTESIAN_POINT('Origin',(6.29571428571428,5.,-4.16666666666667));
#5527=CARTESIAN_POINT('',(9.68214285714286,9.285,-4.16666666666667));
#5528=CARTESIAN_POINT('Origin',(10.5821428571429,9.285,-4.16666666666667));
#5529=CARTESIAN_POINT('',(13.9671428571429,5.,-4.16666666666667));
#5530=CARTESIAN_POINT('Origin',(14.8671428571429,5.,-4.16666666666667));
#5531=CARTESIAN_POINT('',(17.6164068114646,9.28526323531962,-4.16666666666667));
#5532=CARTESIAN_POINT('Origin',(14.8664068114646,9.28526323531962,-4.16666666666667));
#5533=CARTESIAN_POINT('',(13.3314285714286,5.,-4.16666666666667));
#5534=CARTESIAN_POINT('Origin',(10.5814285714286,5.,-4.16666666666667));
#5535=CARTESIAN_POINT('',(9.04616534045032,9.28497823137281,-4.16666666666667));
#5536=CARTESIAN_POINT('Origin',(6.29616534045032,9.28497823137281,-4.16666666666667));
#5537=CARTESIAN_POINT('Origin',(11.9250876796297,14.2649508545147,4.16666666666667));
#5538=CARTESIAN_POINT('',(9.80591232037028,14.2649508545147,4.16666666666667));
#5539=CARTESIAN_POINT('',(9.80591232037028,14.2649508545147,4.16666666666667));
#5540=CARTESIAN_POINT('',(11.9250876796297,14.2649508545147,4.16666666666667));
#5541=CARTESIAN_POINT('',(11.6173652683863,14.2649508545147,4.16666666666667));
#5542=CARTESIAN_POINT('',(11.9250876796297,14.2649508545147,4.16666666666667));
#5543=CARTESIAN_POINT('Origin',(11.6870462556733,15.6149508545147,4.16666666666667));
#5544=CARTESIAN_POINT('',(11.6958626047078,15.5649508545196,4.16666666666667));
#5545=CARTESIAN_POINT('',(12.351072295261,11.8490720484478,4.16666666666667));
#5546=CARTESIAN_POINT('',(11.6958626047078,15.5649508545196,2.08333333333333));
#5547=CARTESIAN_POINT('Origin',(9.80591232037028,14.2649508545147,4.16666666666667));
#5548=CARTESIAN_POINT('',(10.0351373952926,15.564950854522,4.16666666666667));
#5549=CARTESIAN_POINT('',(10.0351373952926,15.564950854522,2.08333333333333));
#5550=CARTESIAN_POINT('',(9.2742995386162,11.2500249502763,4.16666666666667));
#5551=CARTESIAN_POINT('Origin',(15.1524360303053,15.5649508545147,0.));
#5552=CARTESIAN_POINT('',(15.1524360303053,15.5649508545147,4.16666666666667));
#5553=CARTESIAN_POINT('',(6.58100745900862,15.564950854527,4.16666666666667));
#5554=CARTESIAN_POINT('',(15.1524360303053,15.5649508545147,0.));
#5555=CARTESIAN_POINT('Origin',(11.3096428571429,7.78247542726429,4.16666666666667));
#5556=CARTESIAN_POINT('',(19.8671428571429,0.856030203285714,4.16666666666667));
#5557=CARTESIAN_POINT('',(19.8671428571429,0.,4.16666666666667));
#5558=CARTESIAN_POINT('',(20.6448767574248,1.70948676054055,4.16666666666667));
#5559=CARTESIAN_POINT('Origin',(20.7242857142857,0.856030203285716,4.16666666666667));
#5560=CARTESIAN_POINT('',(21.905,1.78571428571429,4.16666666666667));
#5561=CARTESIAN_POINT('Ctrl Pts',(20.6448767574286,1.7094867605,4.16666666666667));
#5562=CARTESIAN_POINT('Ctrl Pts',(20.8921506486429,1.7324940965,4.16666666666667));
#5563=CARTESIAN_POINT('Ctrl Pts',(21.1417999185,1.751620517,4.16666666666667));
#5564=CARTESIAN_POINT('Ctrl Pts',(21.393824567,1.76686602207143,4.16666666666667));
#5565=CARTESIAN_POINT('Ctrl Pts',(21.6482245941429,1.77823061164286,4.16666666666667));
#5566=CARTESIAN_POINT('Ctrl Pts',(21.905,1.78571428571429,4.16666666666667));
#5567=CARTESIAN_POINT('',(22.0828571428575,3.19178820340134,4.16666666666667));
#5568=CARTESIAN_POINT('Origin',(21.905,2.5,4.16666666666667));
#5569=CARTESIAN_POINT('',(21.01,4.57536461020714,4.16666666666667));
#5570=CARTESIAN_POINT('Origin',(22.4385714285714,4.57536461020714,4.16666666666667));
#5571=CARTESIAN_POINT('',(21.01,7.14285714285714,4.16666666666667));
#5572=CARTESIAN_POINT('',(21.01,4.57536461020714,4.16666666666667));
#5573=CARTESIAN_POINT('',(20.6924121729285,7.14285714261954,4.16666666666667));
#5574=CARTESIAN_POINT('',(21.01,7.14285714285714,4.16666666666667));
#5575=CARTESIAN_POINT('',(20.2657671373693,7.78571428572058,4.16666666666667));
#5576=CARTESIAN_POINT('Origin',(23.4373962907199,9.42762517026861,4.16666666666667));
#5577=CARTESIAN_POINT('',(20.156887735199,8.01575889970769,4.16666666666667));
#5578=CARTESIAN_POINT('Origin',(23.4373914226782,9.42762266978389,4.16666666666667));
#5579=CARTESIAN_POINT('',(21.0879966893549,8.57454942715431,4.16666666666667));
#5580=CARTESIAN_POINT('Origin',(22.4388687277432,5.26845661842986,4.16666666666667));
#5581=CARTESIAN_POINT('',(21.113701252763,8.58520609853765,4.16666666666667));
#5582=CARTESIAN_POINT('Ctrl Pts',(21.0879966893549,8.57454942715431,4.16666666666667));
#5583=CARTESIAN_POINT('Ctrl Pts',(21.0965827669734,8.57805829314685,4.16666666666667));
#5584=CARTESIAN_POINT('Ctrl Pts',(21.1051511008418,8.58161057749763,4.16666666666667));
#5585=CARTESIAN_POINT('Ctrl Pts',(21.113701252763,8.58520609853765,4.16666666666667));
#5586=CARTESIAN_POINT('',(21.1463794259147,9.00042111253899,4.16666666666667));
#5587=CARTESIAN_POINT('Origin',(14.8662823116142,9.285782011981,4.16666666666667));
#5588=CARTESIAN_POINT('',(21.1226581938571,9.01496732591285,4.16666666666667));
#5589=CARTESIAN_POINT('Ctrl Pts',(21.1463792679226,9.00042085810097,4.16666666666667));
#5590=CARTESIAN_POINT('Ctrl Pts',(21.1384969914026,9.00530988477919,4.16666666666667));
#5591=CARTESIAN_POINT('Ctrl Pts',(21.1305898466613,9.01015881795287,4.16666666666667));
#5592=CARTESIAN_POINT('Ctrl Pts',(21.1226582428462,9.01496740671855,4.16666666666667));
#5593=CARTESIAN_POINT('',(20.2904269892553,9.71253600355377,4.16666666666667));
#5594=CARTESIAN_POINT('Origin',(22.9740858004551,12.0690339919991,4.16666666666667));
#5595=CARTESIAN_POINT('',(21.0032882637897,10.5317060964177,4.16666666666667));
#5596=CARTESIAN_POINT('Origin',(23.3096829755937,7.80486717470685,4.16666666666667));
#5597=CARTESIAN_POINT('',(21.0244418582903,10.5497841101933,4.16666666666667));
#5598=CARTESIAN_POINT('Ctrl Pts',(21.0032884583118,10.5317058664639,4.16666666666667));
#5599=CARTESIAN_POINT('Ctrl Pts',(21.0103700041298,10.5376962402815,4.16666666666667));
#5600=CARTESIAN_POINT('Ctrl Pts',(21.0174212576595,10.5437224242537,4.16666666666667));
#5601=CARTESIAN_POINT('Ctrl Pts',(21.0244418582903,10.5497841101933,4.16666666666667));
#5602=CARTESIAN_POINT('',(20.9272121520714,10.9547751660714,4.16666666666667));
#5603=CARTESIAN_POINT('Origin',(14.866303466064,9.28551276548761,4.16666666666667));
#5604=CARTESIAN_POINT('',(20.9001568926429,10.96127917295,4.16666666666667));
#5605=CARTESIAN_POINT('Ctrl Pts',(20.9272121520714,10.9547751660714,4.16666666666667));
#5606=CARTESIAN_POINT('Ctrl Pts',(20.9218077290714,10.9561032392714,4.16666666666667));
#5607=CARTESIAN_POINT('Ctrl Pts',(20.9163999962143,10.9574178438571,4.16666666666667));
#5608=CARTESIAN_POINT('Ctrl Pts',(20.9109888403571,10.9587188252286,4.16666666666667));
#5609=CARTESIAN_POINT('Ctrl Pts',(20.905574509,10.9600059880857,4.16666666666667));
#5610=CARTESIAN_POINT('Ctrl Pts',(20.9001568926429,10.96127917295,4.16666666666667));
#5611=CARTESIAN_POINT('',(19.8930974063591,11.3675328240675,4.16666666666667));
#5612=CARTESIAN_POINT('Origin',(21.717210680981,14.4379917721969,4.16666666666667));
#5613=CARTESIAN_POINT('',(20.3179315427764,12.3668959685599,4.16666666666667));
#5614=CARTESIAN_POINT('Origin',(23.3540825753933,10.4862333628655,4.16666666666667));
#5615=CARTESIAN_POINT('',(20.332463137106,12.3906261601481,4.16666666666667));
#5616=CARTESIAN_POINT('Ctrl Pts',(20.3179315427764,12.3668959685599,4.16666666666667));
#5617=CARTESIAN_POINT('Ctrl Pts',(20.322815365782,12.3747814706018,4.16666666666667));
#5618=CARTESIAN_POINT('Ctrl Pts',(20.327659313134,12.3826916693108,4.16666666666667));
#5619=CARTESIAN_POINT('Ctrl Pts',(20.332463137106,12.3906261601481,4.16666666666667));
#5620=CARTESIAN_POINT('',(20.1148431102961,12.7457497715009,4.16666666666667));
#5621=CARTESIAN_POINT('Origin',(14.8664068114641,9.28526323531928,4.16666666666667));
#5622=CARTESIAN_POINT('',(20.0871021432173,12.7435750544645,4.16666666666667));
#5623=CARTESIAN_POINT('Ctrl Pts',(20.1148430944771,12.7457496123097,4.16666666666667));
#5624=CARTESIAN_POINT('Ctrl Pts',(20.1055925010494,12.7450718320884,4.16666666666667));
#5625=CARTESIAN_POINT('Ctrl Pts',(20.096345355179,12.7443469983623,4.16666666666667));
#5626=CARTESIAN_POINT('Ctrl Pts',(20.0871021353508,12.7435751486372,4.16666666666667));
#5627=CARTESIAN_POINT('',(19.0037923742148,12.8187467410165,4.16666666666667));
#5628=CARTESIAN_POINT('Origin',(19.789803195033,16.3026087335962,4.16666666666667));
#5629=CARTESIAN_POINT('',(19.0990131602886,13.9004786113973,4.16666666666667));
#5630=CARTESIAN_POINT('Origin',(22.5677213814574,13.0500843802662,4.16666666666667));
#5631=CARTESIAN_POINT('',(19.1055008784286,13.9275377813571,4.16666666666667));
#5632=CARTESIAN_POINT('Ctrl Pts',(19.0990131602857,13.9004786113857,4.16666666666667));
#5633=CARTESIAN_POINT('Ctrl Pts',(19.1003382906429,13.9058837567357,4.16666666666667));
#5634=CARTESIAN_POINT('Ctrl Pts',(19.1016494751429,13.9112923210214,4.16666666666667));
#5635=CARTESIAN_POINT('Ctrl Pts',(19.1029469055714,13.9167043293429,4.16666666666667));
#5636=CARTESIAN_POINT('Ctrl Pts',(19.1042306436429,13.9221194725643,4.16666666666667));
#5637=CARTESIAN_POINT('Ctrl Pts',(19.1055008784286,13.9275377813571,4.16666666666667));
#5638=CARTESIAN_POINT('',(18.7887926464367,14.1980319844184,4.16666666666667));
#5639=CARTESIAN_POINT('Origin',(14.8665822042183,9.28505784659347,4.16666666666667));
#5640=CARTESIAN_POINT('',(18.7630813726372,14.1873915187484,4.16666666666667));
#5641=CARTESIAN_POINT('Ctrl Pts',(18.7887926464367,14.1980319844184,4.16666666666667));
#5642=CARTESIAN_POINT('Ctrl Pts',(18.7802042548589,14.1945287865357,4.16666666666667));
#5643=CARTESIAN_POINT('Ctrl Pts',(18.7716336824337,14.190981903469,4.16666666666667));
#5644=CARTESIAN_POINT('Ctrl Pts',(18.7630813726372,14.1873915187484,4.16666666666667));
#5645=CARTESIAN_POINT('',(17.7095632659706,13.9241228252973,4.16666666666667));
#5646=CARTESIAN_POINT('Origin',(17.3805314169865,17.4803631758684,4.16666666666667));
#5647=CARTESIAN_POINT('',(17.4658500834286,14.9823358104714,4.16666666666667));
#5648=CARTESIAN_POINT('Origin',(21.0275708319424,15.2454516995128,4.16666666666667));
#5649=CARTESIAN_POINT('',(17.4636585266429,15.0100754255786,4.16666666666667));
#5650=CARTESIAN_POINT('Ctrl Pts',(17.4658500834286,14.9823358104714,4.16666666666667));
#5651=CARTESIAN_POINT('Ctrl Pts',(17.4654400755,14.9878858969714,4.16666666666667));
#5652=CARTESIAN_POINT('Ctrl Pts',(17.4650157477857,14.9934349255714,4.16666666666667));
#5653=CARTESIAN_POINT('Ctrl Pts',(17.4645772748571,14.9989829794143,4.16666666666667));
#5654=CARTESIAN_POINT('Ctrl Pts',(17.4641248110714,15.0045297835429,4.16666666666667));
#5655=CARTESIAN_POINT('Ctrl Pts',(17.4636585266429,15.0100754255786,4.16666666666667));
#5656=CARTESIAN_POINT('',(17.0788635997143,15.16946270305,4.16666666666667));
#5657=CARTESIAN_POINT('Origin',(14.8668125039617,9.28491674281551,4.16666666666667));
#5658=CARTESIAN_POINT('',(17.0576990651429,15.1513974977286,4.16666666666667));
#5659=CARTESIAN_POINT('Ctrl Pts',(17.0788635997143,15.16946270305,4.16666666666667));
#5660=CARTESIAN_POINT('Ctrl Pts',(17.0746125257857,15.1658710548214,4.16666666666667));
#5661=CARTESIAN_POINT('Ctrl Pts',(17.0703704027143,15.1622688122571,4.16666666666667));
#5662=CARTESIAN_POINT('Ctrl Pts',(17.0661372890714,15.1586557928857,4.16666666666667));
#5663=CARTESIAN_POINT('Ctrl Pts',(17.0619134883571,15.1550320821429,4.16666666666667));
#5664=CARTESIAN_POINT('Ctrl Pts',(17.0576990651429,15.1513974977286,4.16666666666667));
#5665=CARTESIAN_POINT('',(16.1370982431462,14.5754591637708,4.16666666666667));
#5666=CARTESIAN_POINT('Origin',(14.7252316546263,17.8559682904148,4.16666666666667));
#5667=CARTESIAN_POINT('',(15.5783074369266,15.5065680040263,4.16666666666667));
#5668=CARTESIAN_POINT('Origin',(18.8844005256914,16.857440157009,4.16666666666667));
#5669=CARTESIAN_POINT('',(15.5676511301429,15.53227271745,4.16666666666667));
#5670=CARTESIAN_POINT('Ctrl Pts',(15.5783074369286,15.5065680040214,4.16666666666667));
#5671=CARTESIAN_POINT('Ctrl Pts',(15.5762024252143,15.5117197505357,4.16666666666667));
#5672=CARTESIAN_POINT('Ctrl Pts',(15.5740841214286,15.5168660658714,4.16666666666667));
#5673=CARTESIAN_POINT('Ctrl Pts',(15.571952666,15.5220070830571,4.16666666666667));
#5674=CARTESIAN_POINT('Ctrl Pts',(15.5698082905714,15.5271425882643,4.16666666666667));
#5675=CARTESIAN_POINT('Ctrl Pts',(15.5676511301429,15.53227271745,4.16666666666667));
#5676=CARTESIAN_POINT('Origin',(14.8670751263786,9.28485368450373,4.16666666666667));
#5677=CARTESIAN_POINT('',(6.58100745900862,15.564950854527,4.16666666666667));
#5678=CARTESIAN_POINT('',(6.58100745900862,15.564950854527,4.16666666666667));
#5679=CARTESIAN_POINT('',(6.56646124551572,15.5412296224286,4.16666666666667));
#5680=CARTESIAN_POINT('Ctrl Pts',(6.58100745858429,15.5649508545286,4.16666666666667));
#5681=CARTESIAN_POINT('Ctrl Pts',(6.57807432734643,15.5602213399857,4.16666666666667));
#5682=CARTESIAN_POINT('Ctrl Pts',(6.57515298275071,15.5554845155929,4.16666666666667));
#5683=CARTESIAN_POINT('Ctrl Pts',(6.572243536825,15.5507402259429,4.16666666666667));
#5684=CARTESIAN_POINT('Ctrl Pts',(6.56934625179929,15.5459886460071,4.16666666666667));
#5685=CARTESIAN_POINT('Ctrl Pts',(6.56646124551572,15.5412296224286,4.16666666666667));
#5686=CARTESIAN_POINT('',(5.86889256808648,14.7089984179357,4.16666666666667));
#5687=CARTESIAN_POINT('Origin',(3.5123946129946,17.3926571999805,4.16666666666667));
#5688=CARTESIAN_POINT('',(5.04972247501426,15.4218596923857,4.16666666666667));
#5689=CARTESIAN_POINT('Origin',(7.77656142613016,17.7282544388743,4.16666666666667));
#5690=CARTESIAN_POINT('',(5.03164453171429,15.4430133476929,4.16666666666667));
#5691=CARTESIAN_POINT('Ctrl Pts',(5.04972247501429,15.4218596923857,4.16666666666667));
#5692=CARTESIAN_POINT('Ctrl Pts',(5.04612851264286,15.4261088100714,4.16666666666667));
#5693=CARTESIAN_POINT('Ctrl Pts',(5.04252358713572,15.4303486549357,4.16666666666667));
#5694=CARTESIAN_POINT('Ctrl Pts',(5.0389077909,15.4345793969071,4.16666666666667));
#5695=CARTESIAN_POINT('Ctrl Pts',(5.03528141032143,15.4388009041357,4.16666666666667));
#5696=CARTESIAN_POINT('Ctrl Pts',(5.03164453171429,15.4430133476929,4.16666666666667));
#5697=CARTESIAN_POINT('',(4.62665340594041,15.3457835808015,4.16666666666667));
#5698=CARTESIAN_POINT('Origin',(6.29591581020076,9.28487487565734,4.16666666666667));
#5699=CARTESIAN_POINT('',(4.62014939848571,15.3187283212357,4.16666666666667));
#5700=CARTESIAN_POINT('Ctrl Pts',(4.62665340536429,15.3457835806429,4.16666666666667));
#5701=CARTESIAN_POINT('Ctrl Pts',(4.62532533215714,15.3403791576143,4.16666666666667));
#5702=CARTESIAN_POINT('Ctrl Pts',(4.62401072757857,15.3349714247857,4.16666666666667));
#5703=CARTESIAN_POINT('Ctrl Pts',(4.6227097462,15.3295602689643,4.16666666666667));
#5704=CARTESIAN_POINT('Ctrl Pts',(4.62142258334286,15.3241459375929,4.16666666666667));
#5705=CARTESIAN_POINT('Ctrl Pts',(4.62014939848572,15.3187283212357,4.16666666666667));
#5706=CARTESIAN_POINT('',(4.21389574740538,14.3116688345947,4.16666666666667));
#5707=CARTESIAN_POINT('Origin',(1.14343684090542,16.135782092005,4.16666666666667));
#5708=CARTESIAN_POINT('',(3.21453244428572,14.7365027153071,4.16666666666667));
#5709=CARTESIAN_POINT('Origin',(5.09519522514314,17.7726540447183,4.16666666666667));
#5710=CARTESIAN_POINT('',(3.19080245952143,14.7510346453286,4.16666666666667));
#5711=CARTESIAN_POINT('Ctrl Pts',(3.21453244428572,14.7365027153071,4.16666666666667));
#5712=CARTESIAN_POINT('Ctrl Pts',(3.20980133337143,14.7394332709143,4.16666666666667));
#5713=CARTESIAN_POINT('Ctrl Pts',(3.20506266136429,14.7423516197571,4.16666666666667));
#5714=CARTESIAN_POINT('Ctrl Pts',(3.20031646362143,14.7452579519929,4.16666666666667));
#5715=CARTESIAN_POINT('Ctrl Pts',(3.19556305326429,14.7481522307286,4.16666666666667));
#5716=CARTESIAN_POINT('Ctrl Pts',(3.19080245952143,14.7510346453286,4.16666666666667));
#5717=CARTESIAN_POINT('',(2.83567866014286,14.5334145011786,4.16666666666667));
#5718=CARTESIAN_POINT('Origin',(6.29616534045032,9.28497823137281,4.16666666666667));
#5719=CARTESIAN_POINT('',(2.83785351695714,14.5056735717643,4.16666666666667));
#5720=CARTESIAN_POINT('Ctrl Pts',(2.83567866014286,14.5334145011786,4.16666666666667));
#5721=CARTESIAN_POINT('Ctrl Pts',(2.83608564602143,14.52786419225,4.16666666666667));
#5722=CARTESIAN_POINT('Ctrl Pts',(2.83650646411429,14.52231489755,4.16666666666667));
#5723=CARTESIAN_POINT('Ctrl Pts',(2.83694129640714,14.5167665571929,4.16666666666667));
#5724=CARTESIAN_POINT('Ctrl Pts',(2.83739025219286,14.5112194668643,4.16666666666667));
#5725=CARTESIAN_POINT('Ctrl Pts',(2.83785351695714,14.5056735717643,4.16666666666667));
#5726=CARTESIAN_POINT('',(2.7626818305536,13.4223638024869,4.16666666666667));
#5727=CARTESIAN_POINT('Origin',(-0.72118011673917,14.2083746197505,4.16666666666667));
#5728=CARTESIAN_POINT('',(1.68094996004194,13.5175845888574,4.16666666666667));
#5729=CARTESIAN_POINT('Origin',(2.53134419443704,16.9862928552332,4.16666666666667));
#5730=CARTESIAN_POINT('',(1.65389079007143,13.5240723070357,4.16666666666667));
#5731=CARTESIAN_POINT('Ctrl Pts',(1.68094996004286,13.5175845888571,4.16666666666667));
#5732=CARTESIAN_POINT('Ctrl Pts',(1.67554481469286,13.5189097192,4.16666666666667));
#5733=CARTESIAN_POINT('Ctrl Pts',(1.67013625041429,13.5202209037,4.16666666666667));
#5734=CARTESIAN_POINT('Ctrl Pts',(1.66472424207857,13.52151833415,4.16666666666667));
#5735=CARTESIAN_POINT('Ctrl Pts',(1.65930909886429,13.5228020722214,4.16666666666667));
#5736=CARTESIAN_POINT('Ctrl Pts',(1.65389079007143,13.5240723070357,4.16666666666667));
#5737=CARTESIAN_POINT('',(1.38339639565902,13.2073639969234,4.16666666666667));
#5738=CARTESIAN_POINT('Origin',(6.29637071400858,9.28515364295702,4.16666666666667));
#5739=CARTESIAN_POINT('',(1.39403713981429,13.1816528377786,4.16666666666667));
#5740=CARTESIAN_POINT('Ctrl Pts',(1.38339639565902,13.2073639969234,4.16666666666667));
#5741=CARTESIAN_POINT('Ctrl Pts',(1.38689984875943,13.1987757092101,4.16666666666667));
#5742=CARTESIAN_POINT('Ctrl Pts',(1.39044673137978,13.190205137869,4.16666666666667));
#5743=CARTESIAN_POINT('Ctrl Pts',(1.39403686212743,13.1816527212113,4.16666666666667));
#5744=CARTESIAN_POINT('',(1.65730574629956,12.1281346944428,4.16666666666667));
#5745=CARTESIAN_POINT('Origin',(-1.89893456049148,11.7991028558606,4.16666666666667));
#5746=CARTESIAN_POINT('',(0.599092760957109,11.8844215119714,4.16666666666667));
#5747=CARTESIAN_POINT('Origin',(0.335975936212674,15.4461453819443,4.16666666666667));
#5748=CARTESIAN_POINT('',(0.571353145857143,11.8822299552429,4.16666666666667));
#5749=CARTESIAN_POINT('Ctrl Pts',(0.599092760957144,11.8844215119714,4.16666666666667));
#5750=CARTESIAN_POINT('Ctrl Pts',(0.593542674457144,11.8840115040429,4.16666666666667));
#5751=CARTESIAN_POINT('Ctrl Pts',(0.587993645864286,11.8835871763286,4.16666666666667));
#5752=CARTESIAN_POINT('Ctrl Pts',(0.582445592007144,11.8831487034643,4.16666666666667));
#5753=CARTESIAN_POINT('Ctrl Pts',(0.576898787885716,11.8826962396357,4.16666666666667));
#5754=CARTESIAN_POINT('Ctrl Pts',(0.571353145857143,11.8822299552429,4.16666666666667));
#5755=CARTESIAN_POINT('',(0.411965939511393,11.4974350883882,4.16666666666667));
#5756=CARTESIAN_POINT('Origin',(6.29651183798971,9.28538392869459,4.16666666666667));
#5757=CARTESIAN_POINT('',(0.430031073686034,11.4762704937376,4.16666666666667));
#5758=CARTESIAN_POINT('Ctrl Pts',(0.411965939511393,11.4974350883882,4.16666666666667));
#5759=CARTESIAN_POINT('Ctrl Pts',(0.417951848267862,11.4903497679438,4.16666666666667));
#5760=CARTESIAN_POINT('Ctrl Pts',(0.423973586291813,11.4832947172301,4.16666666666667));
#5761=CARTESIAN_POINT('Ctrl Pts',(0.430030845622987,11.4762702970522,4.16666666666667));
#5762=CARTESIAN_POINT('',(1.00596940772781,10.5556696720497,4.16666666666667));
#5763=CARTESIAN_POINT('Origin',(-2.27453967986227,9.14380310693333,4.16666666666667));
#5764=CARTESIAN_POINT('',(0.0748605316630591,9.99687895298905,4.16666666666667));
#5765=CARTESIAN_POINT('Origin',(-1.27601160837077,13.302971990888,4.16666666666667));
#5766=CARTESIAN_POINT('',(0.0491559701940647,9.9862222823853,4.16666666666667));
#5767=CARTESIAN_POINT('Ctrl Pts',(0.0748605316630591,9.99687895298905,4.16666666666667));
#5768=CARTESIAN_POINT('Ctrl Pts',(0.0662743500302167,9.99337034213703,4.16666666666667));
#5769=CARTESIAN_POINT('Ctrl Pts',(0.0577060150870309,9.98981805733255,4.16666666666667));
#5770=CARTESIAN_POINT('Ctrl Pts',(0.0491559701940647,9.9862222823853,4.16666666666667));
#5771=CARTESIAN_POINT('',(0.0164777168999997,9.57100745858429,4.16666666666667));
#5772=CARTESIAN_POINT('Origin',(6.29657488892862,9.28564655479774,4.16666666666667));
#5773=CARTESIAN_POINT('',(0.0401989489999999,9.55646124551571,4.16666666666667));
#5774=CARTESIAN_POINT('Ctrl Pts',(0.0164777168999997,9.57100745858429,4.16666666666667));
#5775=CARTESIAN_POINT('Ctrl Pts',(0.0212072314428569,9.56807432734643,4.16666666666667));
#5776=CARTESIAN_POINT('Ctrl Pts',(0.0259440558357138,9.56515298275071,4.16666666666667));
#5777=CARTESIAN_POINT('Ctrl Pts',(0.0306883454857154,9.562243536825,4.16666666666667));
#5778=CARTESIAN_POINT('Ctrl Pts',(0.0354399254214288,9.55934625179929,4.16666666666667));
#5779=CARTESIAN_POINT('Ctrl Pts',(0.0401989489999999,9.55646124551571,4.16666666666667));
#5780=CARTESIAN_POINT('',(0.872430153413031,8.85889256795246,4.16666666666667));
#5781=CARTESIAN_POINT('Origin',(-1.81122862859891,6.50239461294042,4.16666666666667));
#5782=CARTESIAN_POINT('',(0.159568879042831,8.03972247501426,4.16666666666667));
#5783=CARTESIAN_POINT('Origin',(-2.1468258674457,10.7665614261302,4.16666666666667));
#5784=CARTESIAN_POINT('',(0.138415419656227,8.0216443048142,4.16666666666667));
#5785=CARTESIAN_POINT('Ctrl Pts',(0.159568818016542,8.03972254716115,4.16666666666667));
#5786=CARTESIAN_POINT('Ctrl Pts',(0.152487094405141,8.03373238390621,4.16666666666667));
#5787=CARTESIAN_POINT('Ctrl Pts',(0.145435839998153,8.0277061991841,4.16666666666667));
#5788=CARTESIAN_POINT('Ctrl Pts',(0.138415419656227,8.0216443048142,4.16666666666667));
#5789=CARTESIAN_POINT('',(0.191601177160105,7.78571432040975,4.16666666666667));
#5790=CARTESIAN_POINT('Origin',(6.29595567572695,9.28578036815274,4.16666666666667));
#5791=CARTESIAN_POINT('',(0.235644990785715,7.61665340536429,4.16666666666667));
#5792=CARTESIAN_POINT('Origin',(6.29655369577123,9.28591581020076,4.16666666666667));
#5793=CARTESIAN_POINT('',(0.262700250192859,7.61014939848572,4.16666666666667));
#5794=CARTESIAN_POINT('Ctrl Pts',(0.235644990785715,7.61665340536429,4.16666666666667));
#5795=CARTESIAN_POINT('Ctrl Pts',(0.241049413814286,7.61532533215714,4.16666666666667));
#5796=CARTESIAN_POINT('Ctrl Pts',(0.246457146642858,7.61401072757857,4.16666666666667));
#5797=CARTESIAN_POINT('Ctrl Pts',(0.251868302464286,7.6127097462,4.16666666666667));
#5798=CARTESIAN_POINT('Ctrl Pts',(0.257282633835715,7.61142258334286,4.16666666666667));
#5799=CARTESIAN_POINT('Ctrl Pts',(0.262700250192857,7.61014939848571,4.16666666666667));
#5800=CARTESIAN_POINT('',(1.26975973683459,7.20389574740671,4.16666666666667));
#5801=CARTESIAN_POINT('Origin',(-0.554353520614139,4.13343684079855,4.16666666666667));
#5802=CARTESIAN_POINT('',(0.844925856121411,6.20453244428568,4.16666666666667));
#5803=CARTESIAN_POINT('Origin',(-2.19122547328973,8.08519522514314,4.16666666666667));
#5804=CARTESIAN_POINT('',(0.8303939261,6.18080245952143,4.16666666666667));
#5805=CARTESIAN_POINT('Ctrl Pts',(0.844925856121429,6.20453244428571,4.16666666666667));
#5806=CARTESIAN_POINT('Ctrl Pts',(0.841995300514287,6.19980133337143,4.16666666666667));
#5807=CARTESIAN_POINT('Ctrl Pts',(0.839076951671429,6.19506266136429,4.16666666666667));
#5808=CARTESIAN_POINT('Ctrl Pts',(0.836170619435714,6.19031646362143,4.16666666666667));
#5809=CARTESIAN_POINT('Ctrl Pts',(0.833276340700001,6.18556305326428,4.16666666666667));
#5810=CARTESIAN_POINT('Ctrl Pts',(0.8303939261,6.18080245952143,4.16666666666667));
#5811=CARTESIAN_POINT('',(1.04801407025,5.82567866014286,4.16666666666667));
#5812=CARTESIAN_POINT('Origin',(6.29645034005577,9.28616534045032,4.16666666666667));
#5813=CARTESIAN_POINT('',(1.07575499966429,5.82785351695714,4.16666666666667));
#5814=CARTESIAN_POINT('Ctrl Pts',(1.04801407025,5.82567866014286,4.16666666666667));
#5815=CARTESIAN_POINT('Ctrl Pts',(1.05356437917857,5.82608564602143,4.16666666666667));
#5816=CARTESIAN_POINT('Ctrl Pts',(1.05911367387857,5.82650646411428,4.16666666666667));
#5817=CARTESIAN_POINT('Ctrl Pts',(1.06466201423571,5.82694129640714,4.16666666666667));
#5818=CARTESIAN_POINT('Ctrl Pts',(1.07020910456429,5.82739025219286,4.16666666666667));
#5819=CARTESIAN_POINT('Ctrl Pts',(1.07575499966429,5.82785351695714,4.16666666666667));
#5820=CARTESIAN_POINT('',(1.42857142859118,5.83981761045909,4.16666666666667));
#5821=CARTESIAN_POINT('Origin',(1.37305406190746,2.26881183695441,4.16666666666667));
#5822=CARTESIAN_POINT('',(1.42857142857143,4.32981263677857,4.16666666666667));
#5823=CARTESIAN_POINT('',(1.42857142859118,5.83981761045909,4.16666666666667));
#5824=CARTESIAN_POINT('',(1.97802197802033,3.20377409107002,4.16666666666667));
#5825=CARTESIAN_POINT('Origin',(2.85714285714286,4.32981263677857,4.16666666666667));
#5826=CARTESIAN_POINT('',(1.42857142857143,1.60714285714286,4.16666666666667));
#5827=CARTESIAN_POINT('Origin',(1.42857142857143,2.5,4.16666666666667));
#5828=CARTESIAN_POINT('',(0.,0.178571428571428,4.16666666666667));
#5829=CARTESIAN_POINT('Origin',(1.42857142857143,0.178571428571428,4.16666666666667));
#5830=CARTESIAN_POINT('',(0.,0.,4.16666666666667));
#5831=CARTESIAN_POINT('',(2.77555756156289E-16,0.178571428571428,4.16666666666667));
#5832=CARTESIAN_POINT('',(0.,0.,4.16666666666667));
#5833=CARTESIAN_POINT('',(11.4814285714286,5.,4.16666666666667));
#5834=CARTESIAN_POINT('Origin',(10.5814285714286,5.,4.16666666666667));
#5835=CARTESIAN_POINT('',(15.7662823116142,9.285782011981,4.16666666666667));
#5836=CARTESIAN_POINT('Origin',(14.8662823116142,9.285782011981,4.16666666666667));
#5837=CARTESIAN_POINT('',(7.19616534045032,9.28497823137281,4.16666666666667));
#5838=CARTESIAN_POINT('Origin',(6.29616534045032,9.28497823137281,4.16666666666667));
#5839=CARTESIAN_POINT('',(7.83214285714286,9.285,4.16666666666667));
#5840=CARTESIAN_POINT('Origin',(10.5821428571429,9.285,4.16666666666667));
#5841=CARTESIAN_POINT('',(3.54571428571428,5.,4.16666666666667));
#5842=CARTESIAN_POINT('Origin',(6.29571428571428,5.,4.16666666666667));
#5843=CARTESIAN_POINT('',(12.1171428571429,5.,4.16666666666667));
#5844=CARTESIAN_POINT('Origin',(14.8671428571429,5.,4.16666666666667));
#5845=CARTESIAN_POINT('Origin',(14.8665822042173,9.28505784659234,-0.0500000000000003));
#5846=CARTESIAN_POINT('Origin',(14.8671428571429,9.28571428571429,-0.0500000000000003));
#5847=CARTESIAN_POINT('Origin',(17.2567611415192,11.4775884943726,2.05));
#5848=CARTESIAN_POINT('',(17.0576990651429,15.1513974977286,2.05));
#5849=CARTESIAN_POINT('Origin',(14.7252316546263,17.8559682904148,2.05));
#5850=CARTESIAN_POINT('',(17.0788635997143,15.16946270305,2.05));
#5851=CARTESIAN_POINT('Ctrl Pts',(17.0788635997143,15.16946270305,2.05));
#5852=CARTESIAN_POINT('Ctrl Pts',(17.0717784765,15.163476622669,2.05));
#5853=CARTESIAN_POINT('Ctrl Pts',(17.0647231038333,15.157455138419,2.05));
#5854=CARTESIAN_POINT('Ctrl Pts',(17.0576990651429,15.1513974977286,2.05));
#5855=CARTESIAN_POINT('',(17.4636585266429,15.0100754255786,2.05));
#5856=CARTESIAN_POINT('Origin',(14.8668125039617,9.28491674281551,2.05));
#5857=CARTESIAN_POINT('',(17.4658500834286,14.9823358104714,2.05));
#5858=CARTESIAN_POINT('Ctrl Pts',(17.4658500834286,14.9823358104714,2.05));
#5859=CARTESIAN_POINT('Ctrl Pts',(17.465166736881,14.9915859546381,2.05));
#5860=CARTESIAN_POINT('Ctrl Pts',(17.4644356673571,15.0008326888524,2.05));
#5861=CARTESIAN_POINT('Ctrl Pts',(17.4636585266429,15.0100754255786,2.05));
#5862=CARTESIAN_POINT('',(17.7095632659706,13.9241228252973,2.05));
#5863=CARTESIAN_POINT('Origin',(21.0275708319424,15.2454516995128,2.05));
#5864=CARTESIAN_POINT('',(18.7630813726372,14.1873915187484,2.05));
#5865=CARTESIAN_POINT('Origin',(17.3805314169865,17.4803631758684,2.05));
#5866=CARTESIAN_POINT('',(18.7887926464367,14.1980319844184,2.05));
#5867=CARTESIAN_POINT('Ctrl Pts',(18.7887926464367,14.1980319844184,2.05));
#5868=CARTESIAN_POINT('Ctrl Pts',(18.7844984506477,14.196280385477,2.05));
#5869=CARTESIAN_POINT('Ctrl Pts',(18.7802087096467,14.1945178652396,2.05));
#5870=CARTESIAN_POINT('Ctrl Pts',(18.7716382480899,14.1909710280552,2.05));
#5871=CARTESIAN_POINT('Ctrl Pts',(18.7673575275351,14.1891867111086,2.05));
#5872=CARTESIAN_POINT('Ctrl Pts',(18.7630813726372,14.1873915187484,2.05));
#5873=CARTESIAN_POINT('',(19.1055008784286,13.9275377813571,2.05));
#5874=CARTESIAN_POINT('Origin',(14.8665822042183,9.28505784659347,2.05));
#5875=CARTESIAN_POINT('',(19.0990131602886,13.9004786113973,2.05));
#5876=CARTESIAN_POINT('Ctrl Pts',(19.0990131602857,13.9004786113857,2.05));
#5877=CARTESIAN_POINT('Ctrl Pts',(19.101221710881,13.909487186969,2.05));
#5878=CARTESIAN_POINT('Ctrl Pts',(19.1033838204524,13.9185072667024,2.05));
#5879=CARTESIAN_POINT('Ctrl Pts',(19.1055008784286,13.9275377813571,2.05));
#5880=CARTESIAN_POINT('',(19.0037923742148,12.8187467410165,2.05));
#5881=CARTESIAN_POINT('Origin',(22.5677213814574,13.0500843802662,2.05));
#5882=CARTESIAN_POINT('',(20.0871021432173,12.7435750544645,2.05));
#5883=CARTESIAN_POINT('Origin',(19.789803195033,16.3026087335962,2.05));
#5884=CARTESIAN_POINT('',(20.1148431102961,12.7457497715009,2.05));
#5885=CARTESIAN_POINT('Ctrl Pts',(20.1148430944771,12.7457496123097,2.05));
#5886=CARTESIAN_POINT('Ctrl Pts',(20.1102177977634,12.7454107221991,2.05));
#5887=CARTESIAN_POINT('Ctrl Pts',(20.1055933629389,12.7450600687123,2.05));
#5888=CARTESIAN_POINT('Ctrl Pts',(20.096346336692,12.7443352443628,2.05));
#5889=CARTESIAN_POINT('Ctrl Pts',(20.0917237452657,12.7439610734999,2.05));
#5890=CARTESIAN_POINT('Ctrl Pts',(20.0871021353508,12.7435751486372,2.05));
#5891=CARTESIAN_POINT('',(20.332463137106,12.3906261601481,2.05));
#5892=CARTESIAN_POINT('Origin',(14.8664068114641,9.28526323531928,2.05));
#5893=CARTESIAN_POINT('',(20.3179315427764,12.3668959685599,2.05));
#5894=CARTESIAN_POINT('Ctrl Pts',(20.3179315427764,12.3668959685599,2.05));
#5895=CARTESIAN_POINT('Ctrl Pts',(20.3203734542792,12.3708387195809,2.05));
#5896=CARTESIAN_POINT('Ctrl Pts',(20.3228053968686,12.3747876447687,2.05));
#5897=CARTESIAN_POINT('Ctrl Pts',(20.3276492822882,12.3826977423415,2.05));
#5898=CARTESIAN_POINT('Ctrl Pts',(20.3300612251197,12.3866589147289,2.05));
#5899=CARTESIAN_POINT('Ctrl Pts',(20.332463137106,12.3906261601481,2.05));
#5900=CARTESIAN_POINT('',(19.8930974063591,11.3675328240675,2.05));
#5901=CARTESIAN_POINT('Origin',(23.3540825753933,10.4862333628655,2.05));
#5902=CARTESIAN_POINT('',(20.9001568926429,10.96127917295,2.05));
#5903=CARTESIAN_POINT('Origin',(21.717210680981,14.4379917721969,2.05));
#5904=CARTESIAN_POINT('',(20.9272121520714,10.9547751660714,2.05));
#5905=CARTESIAN_POINT('Ctrl Pts',(20.9272121520714,10.9547751660714,2.05));
#5906=CARTESIAN_POINT('Ctrl Pts',(20.9182047804048,10.9569886214048,2.05));
#5907=CARTESIAN_POINT('Ctrl Pts',(20.9091862532381,10.9591571981762,2.05));
#5908=CARTESIAN_POINT('Ctrl Pts',(20.9001568926429,10.96127917295,2.05));
#5909=CARTESIAN_POINT('',(21.0244418582903,10.5497841101933,2.05));
#5910=CARTESIAN_POINT('Origin',(14.866303466064,9.28551276548761,2.05));
#5911=CARTESIAN_POINT('',(21.0032882637897,10.5317060964177,2.05));
#5912=CARTESIAN_POINT('Ctrl Pts',(21.0032884583118,10.5317058664639,2.05));
#5913=CARTESIAN_POINT('Ctrl Pts',(21.0068292312207,10.5347010533726,2.05));
#5914=CARTESIAN_POINT('Ctrl Pts',(21.0103624310575,10.5377051928199,2.05));
#5915=CARTESIAN_POINT('Ctrl Pts',(21.0174135944357,10.5437312997463,2.05));
#5916=CARTESIAN_POINT('Ctrl Pts',(21.0209315579753,10.5467532672238,2.05));
#5917=CARTESIAN_POINT('Ctrl Pts',(21.0244418582903,10.5497841101933,2.05));
#5918=CARTESIAN_POINT('',(20.2904269892553,9.71253600355377,2.05));
#5919=CARTESIAN_POINT('Origin',(23.3096829755937,7.80486717470685,2.05));
#5920=CARTESIAN_POINT('',(21.1226581938571,9.01496732591285,2.05));
#5921=CARTESIAN_POINT('Origin',(22.9740858004551,12.0690339919991,2.05));
#5922=CARTESIAN_POINT('',(21.1463794259147,9.00042111253899,2.05));
#5923=CARTESIAN_POINT('Ctrl Pts',(21.1463792679226,9.00042085810097,2.05));
#5924=CARTESIAN_POINT('Ctrl Pts',(21.1424381296627,9.00286537144005,2.05));
#5925=CARTESIAN_POINT('Ctrl Pts',(21.1384907743471,9.00529986140317,2.05));
#5926=CARTESIAN_POINT('Ctrl Pts',(21.1305837318927,9.01014873185098,2.05));
#5927=CARTESIAN_POINT('Ctrl Pts',(21.1266240447535,9.01256311233582,2.05));
#5928=CARTESIAN_POINT('Ctrl Pts',(21.1226582428462,9.01496740671855,2.05));
#5929=CARTESIAN_POINT('',(21.113701252763,8.58520609853765,2.05));
#5930=CARTESIAN_POINT('Origin',(14.8662823116142,9.285782011981,2.05));
#5931=CARTESIAN_POINT('',(21.0879966893549,8.57454942715431,2.05));
#5932=CARTESIAN_POINT('Ctrl Pts',(21.0879966893549,8.57454942715431,2.05));
#5933=CARTESIAN_POINT('Ctrl Pts',(21.0922897281642,8.57630386015061,2.05));
#5934=CARTESIAN_POINT('Ctrl Pts',(21.0965783310361,8.57806914773648,2.05));
#5935=CARTESIAN_POINT('Ctrl Pts',(21.1051465553545,8.58162138666972,2.05));
#5936=CARTESIAN_POINT('Ctrl Pts',(21.1094261768022,8.58340833801755,2.05));
#5937=CARTESIAN_POINT('Ctrl Pts',(21.113701252763,8.58520609853765,2.05));
#5938=CARTESIAN_POINT('',(20.156887735199,8.01575889970769,2.05));
#5939=CARTESIAN_POINT('Origin',(22.4388687277432,5.26845661842986,2.05));
#5940=CARTESIAN_POINT('Origin',(23.4373914226782,9.42762266978389,2.05));
#5941=CARTESIAN_POINT('',(15.7662823116142,9.285782011981,2.05));
#5942=CARTESIAN_POINT('Origin',(14.8662823116142,9.285782011981,2.05));
#5943=CARTESIAN_POINT('Origin',(6.29571428571428,5.,-0.641666666666666));
#5944=CARTESIAN_POINT('',(5.39571428571429,5.,3.66666666666667));
#5945=CARTESIAN_POINT('Origin',(6.29571428571428,5.,3.66666666666667));
#5946=CARTESIAN_POINT('',(5.39571428571429,5.,-0.641666666666666));
#5947=CARTESIAN_POINT('Origin',(10.5821428571429,9.285,-0.641666666666666));
#5948=CARTESIAN_POINT('',(9.68214285714286,9.285,3.66666666666667));
#5949=CARTESIAN_POINT('Origin',(10.5821428571429,9.285,3.66666666666667));
#5950=CARTESIAN_POINT('',(9.68214285714286,9.285,-0.641666666666666));
#5951=CARTESIAN_POINT('Origin',(14.8671428571429,5.,-0.641666666666666));
#5952=CARTESIAN_POINT('',(13.9671428571429,5.,3.66666666666667));
#5953=CARTESIAN_POINT('Origin',(14.8671428571429,5.,3.66666666666667));
#5954=CARTESIAN_POINT('',(13.9671428571429,5.,-0.641666666666666));
#5955=CARTESIAN_POINT('Origin',(10.5814285714286,5.,0.641666666666666));
#5956=CARTESIAN_POINT('',(11.4814285714286,5.,-3.66666666666667));
#5957=CARTESIAN_POINT('Origin',(10.5814285714286,5.,-3.66666666666667));
#5958=CARTESIAN_POINT('',(11.4814285714286,5.,0.641666666666666));
#5959=CARTESIAN_POINT('Origin',(14.8662823116142,9.285782011981,0.641666666666666));
#5960=CARTESIAN_POINT('',(15.7662823116142,9.285782011981,0.641666666666666));
#5961=CARTESIAN_POINT('Origin',(14.8662823116142,9.285782011981,0.641666666666666));
#5962=CARTESIAN_POINT('',(15.7662823116142,9.285782011981,-3.66666666666667));
#5963=CARTESIAN_POINT('Origin',(14.8662823116142,9.285782011981,-3.66666666666667));
#5964=CARTESIAN_POINT('',(15.7662823116142,9.285782011981,-2.05));
#5965=CARTESIAN_POINT('',(15.7662823116142,9.285782011981,0.641666666666666));
#5966=CARTESIAN_POINT('Origin',(14.8662823116142,9.285782011981,-2.05));
#5967=CARTESIAN_POINT('Origin',(6.29616534045032,9.28497823137281,0.641666666666666));
#5968=CARTESIAN_POINT('',(7.19616534045032,9.28497823137281,2.05));
#5969=CARTESIAN_POINT('Origin',(6.29616534045032,9.28497823137281,2.05));
#5970=CARTESIAN_POINT('',(7.19616534045032,9.28497823137281,0.641666666666666));
#5971=CARTESIAN_POINT('Origin',(6.29616534045032,9.28497823137281,0.641666666666666));
#5972=CARTESIAN_POINT('',(7.19616534045032,9.28497823137281,-3.66666666666667));
#5973=CARTESIAN_POINT('Origin',(6.29616534045032,9.28497823137281,-3.66666666666667));
#5974=CARTESIAN_POINT('',(7.19616534045032,9.28497823137281,-2.05));
#5975=CARTESIAN_POINT('',(7.19616534045032,9.28497823137281,0.641666666666666));
#5976=CARTESIAN_POINT('Origin',(6.29616534045032,9.28497823137281,-2.05));
#5977=CARTESIAN_POINT('Origin',(6.29616534045032,9.28497823137281,-3.66666666666667));
#5978=CARTESIAN_POINT('',(7.54616534045032,9.2849782313728,-3.66666666666667));
#5979=CARTESIAN_POINT('Origin',(6.29616534045032,9.28497823137281,-3.66666666666667));
#5980=CARTESIAN_POINT('Origin',(6.29616534045032,9.2849782313728,-3.36666666666667));
#5981=CARTESIAN_POINT('',(8.29616534045032,9.2849782313728,-3.36666666666667));
#5982=CARTESIAN_POINT('',(8.29616534045032,9.2849782313728,-3.36666666666667));
#5983=CARTESIAN_POINT('Origin',(6.29616534045032,9.2849782313728,-3.36666666666667));
#5984=CARTESIAN_POINT('Origin',(10.5814285714286,5.,-3.66666666666667));
#5985=CARTESIAN_POINT('',(11.8314285714286,5.,-3.66666666666667));
#5986=CARTESIAN_POINT('Origin',(10.5814285714286,5.,-3.66666666666667));
#5987=CARTESIAN_POINT('Origin',(10.5814285714286,5.,-3.36666666666667));
#5988=CARTESIAN_POINT('',(12.5814285714286,5.,-3.36666666666667));
#5989=CARTESIAN_POINT('',(12.5814285714286,5.,-3.36666666666667));
#5990=CARTESIAN_POINT('Origin',(10.5814285714286,5.,-3.36666666666667));
#5991=CARTESIAN_POINT('Origin',(14.8662823116142,9.285782011981,-3.66666666666667));
#5992=CARTESIAN_POINT('',(15.157983997485,8.07029440346327,-3.66666666666667));
#5993=CARTESIAN_POINT('Origin',(14.8662823116142,9.285782011981,-3.66666666666667));
#5994=CARTESIAN_POINT('Origin',(14.8661206049464,9.28645582520226,-3.36666636582956));
#5995=CARTESIAN_POINT('',(15.3331295089203,7.34048306143099,-3.36666666666667));
#5996=CARTESIAN_POINT('',(15.3328432742558,7.3416757685858,-3.367156946891));
#5997=CARTESIAN_POINT('Origin',(14.866406811527,9.28526323505951,-3.36666666666667));
#5998=CARTESIAN_POINT('Origin',(10.5821428571429,9.285,3.66666666666667));
#5999=CARTESIAN_POINT('',(9.33214285714286,9.285,3.66666666666667));
#6000=CARTESIAN_POINT('Origin',(10.5821428571429,9.285,3.66666666666667));
#6001=CARTESIAN_POINT('Origin',(10.5821428571429,9.285,3.36666666666667));
#6002=CARTESIAN_POINT('',(8.58214285714286,9.285,3.36666666666667));
#6003=CARTESIAN_POINT('',(8.58214285714286,9.285,3.36666666666667));
#6004=CARTESIAN_POINT('Origin',(10.5821428571429,9.285,3.36666666666667));
#6005=CARTESIAN_POINT('Origin',(14.8671428571429,5.,3.66666666666667));
#6006=CARTESIAN_POINT('',(13.6171428571429,5.,3.66666666666667));
#6007=CARTESIAN_POINT('Origin',(14.8671428571429,5.,3.66666666666667));
#6008=CARTESIAN_POINT('Origin',(14.8671428571429,5.,3.36666666666667));
#6009=CARTESIAN_POINT('',(12.8671428571429,5.,3.36666666666667));
#6010=CARTESIAN_POINT('',(12.8671428571429,5.,3.36666666666667));
#6011=CARTESIAN_POINT('Origin',(14.8671428571429,5.,3.36666666666667));
#6012=CARTESIAN_POINT('Origin',(6.29571428571428,5.,3.66666666666667));
#6013=CARTESIAN_POINT('',(5.04571428571429,5.,3.66666666666667));
#6014=CARTESIAN_POINT('Origin',(6.29571428571428,5.,3.66666666666667));
#6015=CARTESIAN_POINT('Origin',(6.29571428571428,5.,3.36666666666667));
#6016=CARTESIAN_POINT('',(4.29571428571428,5.,3.36666666666667));
#6017=CARTESIAN_POINT('',(4.29571428571428,5.,3.36666666666667));
#6018=CARTESIAN_POINT('Origin',(6.29571428571428,5.,3.36666666666667));
#6019=CARTESIAN_POINT('Origin',(14.8664068114646,9.28526323531962,-4.16666666666667));
#6020=CARTESIAN_POINT('',(17.6164068114646,9.28526323531962,-3.36666666666667));
#6021=CARTESIAN_POINT('',(17.6164068114646,9.28526323531962,-4.16666666666667));
#6022=CARTESIAN_POINT('Origin',(14.8664068114646,9.28526323531962,-3.36666666666667));
#6023=CARTESIAN_POINT('Origin',(14.8664068114646,9.28526323531962,-3.36666666666667));
#6024=CARTESIAN_POINT('Origin',(10.5814285714286,5.,-4.16666666666667));
#6025=CARTESIAN_POINT('',(13.3314285714286,5.,-3.36666666666667));
#6026=CARTESIAN_POINT('',(13.3314285714286,5.,-4.16666666666667));
#6027=CARTESIAN_POINT('Origin',(10.5814285714286,5.,-3.36666666666667));
#6028=CARTESIAN_POINT('Origin',(10.5814285714286,5.,-3.36666666666667));
#6029=CARTESIAN_POINT('Origin',(6.29616534045032,9.28497823137281,-4.16666666666667));
#6030=CARTESIAN_POINT('',(9.04616534045032,9.28497823137281,-3.36666666666667));
#6031=CARTESIAN_POINT('',(9.04616534045032,9.28497823137281,-4.16666666666667));
#6032=CARTESIAN_POINT('Origin',(6.29616534045032,9.28497823137281,-3.36666666666667));
#6033=CARTESIAN_POINT('Origin',(6.29616534045032,9.28497823137281,-3.36666666666667));
#6034=CARTESIAN_POINT('Origin',(10.5821428571429,9.285,4.16666666666667));
#6035=CARTESIAN_POINT('',(7.83214285714286,9.285,3.36666666666667));
#6036=CARTESIAN_POINT('',(7.83214285714286,9.285,4.16666666666667));
#6037=CARTESIAN_POINT('Origin',(10.5821428571429,9.285,3.36666666666667));
#6038=CARTESIAN_POINT('Origin',(10.5821428571429,9.285,3.36666666666667));
#6039=CARTESIAN_POINT('Origin',(6.29571428571428,5.,4.16666666666667));
#6040=CARTESIAN_POINT('',(3.54571428571428,5.,3.36666666666667));
#6041=CARTESIAN_POINT('',(3.54571428571428,5.,4.16666666666667));
#6042=CARTESIAN_POINT('Origin',(6.29571428571428,5.,3.36666666666667));
#6043=CARTESIAN_POINT('Origin',(6.29571428571428,5.,3.36666666666667));
#6044=CARTESIAN_POINT('Origin',(14.8671428571429,5.,4.16666666666667));
#6045=CARTESIAN_POINT('',(12.1171428571429,5.,3.36666666666667));
#6046=CARTESIAN_POINT('',(12.1171428571429,5.,4.16666666666667));
#6047=CARTESIAN_POINT('Origin',(14.8671428571429,5.,3.36666666666667));
#6048=CARTESIAN_POINT('Origin',(14.8671428571429,5.,3.36666666666667));
#6049=CARTESIAN_POINT('Origin',(17.2567611415192,11.4775884943726,-2.05));
#6050=CARTESIAN_POINT('',(20.156887735199,8.01575889970769,-2.05));
#6051=CARTESIAN_POINT('Origin',(23.4373914226782,9.42762266978389,-2.05));
#6052=CARTESIAN_POINT('',(21.0879966893549,8.57454942715431,-2.05));
#6053=CARTESIAN_POINT('Origin',(22.4388687277432,5.26845661842986,-2.05));
#6054=CARTESIAN_POINT('',(21.113701252763,8.58520609853765,-2.05));
#6055=CARTESIAN_POINT('Ctrl Pts',(21.113701252763,8.58520609853765,-2.05));
#6056=CARTESIAN_POINT('Ctrl Pts',(21.1094261768023,8.58340833801758,-2.05));
#6057=CARTESIAN_POINT('Ctrl Pts',(21.1051465553549,8.58162138666988,-2.05));
#6058=CARTESIAN_POINT('Ctrl Pts',(21.0965783310348,8.57806914773596,-2.05));
#6059=CARTESIAN_POINT('Ctrl Pts',(21.0922897281638,8.57630386015042,-2.05));
#6060=CARTESIAN_POINT('Ctrl Pts',(21.0879966893549,8.57454942715432,-2.05));
#6061=CARTESIAN_POINT('',(21.1463794259147,9.00042111253899,-2.05));
#6062=CARTESIAN_POINT('Origin',(14.8662823116142,9.285782011981,-2.05));
#6063=CARTESIAN_POINT('',(21.1226581938571,9.01496732591285,-2.05));
#6064=CARTESIAN_POINT('Ctrl Pts',(21.1226582428462,9.01496740671855,-2.05));
#6065=CARTESIAN_POINT('Ctrl Pts',(21.1266240447535,9.01256311233582,-2.05));
#6066=CARTESIAN_POINT('Ctrl Pts',(21.1305837318927,9.01014873185098,-2.05));
#6067=CARTESIAN_POINT('Ctrl Pts',(21.1384907743464,9.00529986140362,-2.05));
#6068=CARTESIAN_POINT('Ctrl Pts',(21.1424381296623,9.00286537144026,-2.05));
#6069=CARTESIAN_POINT('Ctrl Pts',(21.1463792679226,9.00042085810097,-2.05));
#6070=CARTESIAN_POINT('',(20.2904269892553,9.71253600355377,-2.05));
#6071=CARTESIAN_POINT('Origin',(22.9740858004551,12.0690339919991,-2.05));
#6072=CARTESIAN_POINT('',(21.0032882637897,10.5317060964177,-2.05));
#6073=CARTESIAN_POINT('Origin',(23.3096829755937,7.80486717470685,-2.05));
#6074=CARTESIAN_POINT('',(21.0244418582903,10.5497841101933,-2.05));
#6075=CARTESIAN_POINT('Ctrl Pts',(21.0244418582903,10.5497841101933,-2.05));
#6076=CARTESIAN_POINT('Ctrl Pts',(21.0209315579751,10.5467532672237,-2.05));
#6077=CARTESIAN_POINT('Ctrl Pts',(21.0174135944352,10.5437312997459,-2.05));
#6078=CARTESIAN_POINT('Ctrl Pts',(21.0103624310581,10.5377051928204,-2.05));
#6079=CARTESIAN_POINT('Ctrl Pts',(21.0068292312208,10.5347010533727,-2.05));
#6080=CARTESIAN_POINT('Ctrl Pts',(21.0032884583118,10.5317058664639,-2.05));
#6081=CARTESIAN_POINT('',(20.9272121520714,10.9547751660714,-2.05));
#6082=CARTESIAN_POINT('Origin',(14.866303466064,9.28551276548761,-2.05));
#6083=CARTESIAN_POINT('',(20.9001568926429,10.96127917295,-2.05));
#6084=CARTESIAN_POINT('Ctrl Pts',(20.9001568926429,10.96127917295,-2.05));
#6085=CARTESIAN_POINT('Ctrl Pts',(20.9091862532381,10.9591571981762,-2.05));
#6086=CARTESIAN_POINT('Ctrl Pts',(20.9182047804048,10.9569886214048,-2.05));
#6087=CARTESIAN_POINT('Ctrl Pts',(20.9272121520714,10.9547751660714,-2.05));
#6088=CARTESIAN_POINT('',(19.8930974063591,11.3675328240675,-2.05));
#6089=CARTESIAN_POINT('Origin',(21.717210680981,14.4379917721969,-2.05));
#6090=CARTESIAN_POINT('',(20.3179315427764,12.3668959685599,-2.05));
#6091=CARTESIAN_POINT('Origin',(23.3540825753933,10.4862333628655,-2.05));
#6092=CARTESIAN_POINT('',(20.332463137106,12.3906261601481,-2.05));
#6093=CARTESIAN_POINT('Ctrl Pts',(20.332463137106,12.3906261601481,-2.05));
#6094=CARTESIAN_POINT('Ctrl Pts',(20.3300612251197,12.3866589147289,-2.05));
#6095=CARTESIAN_POINT('Ctrl Pts',(20.3276492822882,12.3826977423415,-2.05));
#6096=CARTESIAN_POINT('Ctrl Pts',(20.3228053968686,12.3747876447687,-2.05));
#6097=CARTESIAN_POINT('Ctrl Pts',(20.3203734542792,12.3708387195809,-2.05));
#6098=CARTESIAN_POINT('Ctrl Pts',(20.3179315427764,12.3668959685599,-2.05));
#6099=CARTESIAN_POINT('',(20.1148431102961,12.7457497715009,-2.05));
#6100=CARTESIAN_POINT('Origin',(14.8664068114641,9.28526323531928,-2.05));
#6101=CARTESIAN_POINT('',(20.0871021432173,12.7435750544645,-2.05));
#6102=CARTESIAN_POINT('Ctrl Pts',(20.0871021353508,12.7435751486372,-2.05));
#6103=CARTESIAN_POINT('Ctrl Pts',(20.091723745265,12.7439610734998,-2.05));
#6104=CARTESIAN_POINT('Ctrl Pts',(20.0963463366899,12.7443352443626,-2.05));
#6105=CARTESIAN_POINT('Ctrl Pts',(20.1055933629382,12.7450600687122,-2.05));
#6106=CARTESIAN_POINT('Ctrl Pts',(20.110217797763,12.7454107221991,-2.05));
#6107=CARTESIAN_POINT('Ctrl Pts',(20.1148430944771,12.7457496123097,-2.05));
#6108=CARTESIAN_POINT('',(19.0037923742148,12.8187467410165,-2.05));
#6109=CARTESIAN_POINT('Origin',(19.789803195033,16.3026087335962,-2.05));
#6110=CARTESIAN_POINT('',(19.0990131602886,13.9004786113973,-2.05));
#6111=CARTESIAN_POINT('Origin',(22.5677213814574,13.0500843802662,-2.05));
#6112=CARTESIAN_POINT('',(19.1055008784286,13.9275377813571,-2.05));
#6113=CARTESIAN_POINT('Ctrl Pts',(19.1055008784286,13.9275377813571,-2.05));
#6114=CARTESIAN_POINT('Ctrl Pts',(19.1033838204524,13.9185072667024,-2.05));
#6115=CARTESIAN_POINT('Ctrl Pts',(19.101221710881,13.909487186969,-2.05));
#6116=CARTESIAN_POINT('Ctrl Pts',(19.0990131602857,13.9004786113857,-2.05));
#6117=CARTESIAN_POINT('',(18.7887926464367,14.1980319844184,-2.05));
#6118=CARTESIAN_POINT('Origin',(14.8665822042183,9.28505784659347,-2.05));
#6119=CARTESIAN_POINT('',(18.7630813726372,14.1873915187484,-2.05));
#6120=CARTESIAN_POINT('Ctrl Pts',(18.7630813726372,14.1873915187484,-2.05));
#6121=CARTESIAN_POINT('Ctrl Pts',(18.7673575275351,14.1891867111086,-2.05));
#6122=CARTESIAN_POINT('Ctrl Pts',(18.7716382480899,14.1909710280552,-2.05));
#6123=CARTESIAN_POINT('Ctrl Pts',(18.7802087096467,14.1945178652396,-2.05));
#6124=CARTESIAN_POINT('Ctrl Pts',(18.7844984506477,14.196280385477,-2.05));
#6125=CARTESIAN_POINT('Ctrl Pts',(18.7887926464367,14.1980319844184,-2.05));
#6126=CARTESIAN_POINT('',(17.7095632659706,13.9241228252973,-2.05));
#6127=CARTESIAN_POINT('Origin',(17.3805314169865,17.4803631758684,-2.05));
#6128=CARTESIAN_POINT('',(17.4658500834286,14.9823358104714,-2.05));
#6129=CARTESIAN_POINT('Origin',(21.0275708319424,15.2454516995128,-2.05));
#6130=CARTESIAN_POINT('',(17.4636585266429,15.0100754255786,-2.05));
#6131=CARTESIAN_POINT('Ctrl Pts',(17.4636585266429,15.0100754255786,-2.05));
#6132=CARTESIAN_POINT('Ctrl Pts',(17.4644356673571,15.0008326888524,-2.05));
#6133=CARTESIAN_POINT('Ctrl Pts',(17.465166736881,14.9915859546381,-2.05));
#6134=CARTESIAN_POINT('Ctrl Pts',(17.4658500834286,14.9823358104714,-2.05));
#6135=CARTESIAN_POINT('',(17.0788635997143,15.16946270305,-2.05));
#6136=CARTESIAN_POINT('Origin',(14.8668125039617,9.28491674281551,-2.05));
#6137=CARTESIAN_POINT('',(17.0576990651429,15.1513974977286,-2.05));
#6138=CARTESIAN_POINT('Ctrl Pts',(17.0576990651429,15.1513974977286,-2.05));
#6139=CARTESIAN_POINT('Ctrl Pts',(17.0647231038333,15.157455138419,-2.05));
#6140=CARTESIAN_POINT('Ctrl Pts',(17.0717784765,15.163476622669,-2.05));
#6141=CARTESIAN_POINT('Ctrl Pts',(17.0788635997143,15.16946270305,-2.05));
#6142=CARTESIAN_POINT('Origin',(14.7252316546263,17.8559682904148,-2.05));
#6143=CARTESIAN_POINT('Origin',(14.8671428571429,9.28571428571429,-2.05));
#6144=CARTESIAN_POINT('Origin',(14.8671428571429,9.28571428571429,0.));
#6145=CARTESIAN_POINT('Origin',(3.90609600130717,11.5065086956067,-2.05));
#6146=CARTESIAN_POINT('',(0.138415419656227,8.0216443048142,-2.05));
#6147=CARTESIAN_POINT('',(0.159568879042831,8.03972247501426,-2.05));
#6148=CARTESIAN_POINT('Ctrl Pts',(0.138415419656227,8.0216443048142,-2.05));
#6149=CARTESIAN_POINT('Ctrl Pts',(0.141925629827189,8.02467525199915,-2.05));
#6150=CARTESIAN_POINT('Ctrl Pts',(0.145443548514354,8.0276972717721,-2.05));
#6151=CARTESIAN_POINT('Ctrl Pts',(0.152494711706206,8.03372337853938,-2.05));
#6152=CARTESIAN_POINT('Ctrl Pts',(0.156027956210803,8.03672746553364,-2.05));
#6153=CARTESIAN_POINT('Ctrl Pts',(0.159568818016542,8.03972254716115,-2.05));
#6154=CARTESIAN_POINT('',(0.191601035360225,7.78571428556425,-2.05));
#6155=CARTESIAN_POINT('Origin',(6.29595567572695,9.28578036815274,-2.05));
#6156=CARTESIAN_POINT('',(6.29571428571429,7.78571428571428,-2.05));
#6157=CARTESIAN_POINT('',(0.191601035360225,7.78571428556425,-2.05));
#6158=CARTESIAN_POINT('',(7.59475239137256,10.0357142857462,-2.05));
#6159=CARTESIAN_POINT('Origin',(6.29571428571434,9.28571428571429,-2.05));
#6160=CARTESIAN_POINT('',(4.59738718850956,15.2273031056492,-2.05));
#6161=CARTESIAN_POINT('',(7.59475239137256,10.0357142857462,-2.05));
#6162=CARTESIAN_POINT('',(4.21389574740538,14.3116688345947,-2.05));
#6163=CARTESIAN_POINT('Origin',(1.14343684090542,16.135782092005,-2.05));
#6164=CARTESIAN_POINT('',(3.21453244428572,14.7365027153071,-2.05));
#6165=CARTESIAN_POINT('Origin',(5.09519522514314,17.7726540447183,-2.05));
#6166=CARTESIAN_POINT('',(3.19080245952143,14.7510346453286,-2.05));
#6167=CARTESIAN_POINT('Ctrl Pts',(3.19080245952143,14.7510346453286,-2.05));
#6168=CARTESIAN_POINT('Ctrl Pts',(3.19873678242619,14.7462306209952,-2.05));
#6169=CARTESIAN_POINT('Ctrl Pts',(3.20664725942857,14.7413869746524,-2.05));
#6170=CARTESIAN_POINT('Ctrl Pts',(3.21453244428572,14.7365027153071,-2.05));
#6171=CARTESIAN_POINT('',(2.83567866014286,14.5334145011786,-2.05));
#6172=CARTESIAN_POINT('Origin',(6.29616534045032,9.28497823137281,-2.05));
#6173=CARTESIAN_POINT('',(2.83785351695714,14.5056735717643,-2.05));
#6174=CARTESIAN_POINT('Ctrl Pts',(2.83785351695714,14.5056735717643,-2.05));
#6175=CARTESIAN_POINT('Ctrl Pts',(2.83708140901667,14.5149167302643,-2.05));
#6176=CARTESIAN_POINT('Ctrl Pts',(2.83635696994048,14.5241639862976,-2.05));
#6177=CARTESIAN_POINT('Ctrl Pts',(2.83567866014286,14.5334145011786,-2.05));
#6178=CARTESIAN_POINT('',(2.7626818305536,13.4223638024869,-2.05));
#6179=CARTESIAN_POINT('Origin',(-0.72118011673917,14.2083746197505,-2.05));
#6180=CARTESIAN_POINT('',(1.68094996004194,13.5175845888574,-2.05));
#6181=CARTESIAN_POINT('Origin',(2.53134419443704,16.9862928552332,-2.05));
#6182=CARTESIAN_POINT('',(1.65389079007143,13.5240723070357,-2.05));
#6183=CARTESIAN_POINT('Ctrl Pts',(1.65389079007143,13.5240723070357,-2.05));
#6184=CARTESIAN_POINT('Ctrl Pts',(1.66292130472619,13.5219552490119,-2.05));
#6185=CARTESIAN_POINT('Ctrl Pts',(1.67194138445952,13.5197931394286,-2.05));
#6186=CARTESIAN_POINT('Ctrl Pts',(1.68094996004286,13.5175845888571,-2.05));
#6187=CARTESIAN_POINT('',(1.38339639565902,13.2073639969234,-2.05));
#6188=CARTESIAN_POINT('Origin',(6.29637071400858,9.28515364295702,-2.05));
#6189=CARTESIAN_POINT('',(1.39403713981429,13.1816528377786,-2.05));
#6190=CARTESIAN_POINT('Ctrl Pts',(1.39403686212743,13.1816527212113,-2.05));
#6191=CARTESIAN_POINT('Ctrl Pts',(1.39224179675358,13.1859289295402,-2.05));
#6192=CARTESIAN_POINT('Ctrl Pts',(1.39045754341158,13.1902096765399,-2.05));
#6193=CARTESIAN_POINT('Ctrl Pts',(1.38691070613914,13.1987801383038,-2.05));
#6194=CARTESIAN_POINT('Ctrl Pts',(1.38514812220914,13.203069853067,-2.05));
#6195=CARTESIAN_POINT('Ctrl Pts',(1.38339639565902,13.2073639969234,-2.05));
#6196=CARTESIAN_POINT('',(1.65730574629956,12.1281346944428,-2.05));
#6197=CARTESIAN_POINT('Origin',(-1.89893456049148,11.7991028558606,-2.05));
#6198=CARTESIAN_POINT('',(0.599092760957109,11.8844215119714,-2.05));
#6199=CARTESIAN_POINT('Origin',(0.335975936212674,15.4461453819443,-2.05));
#6200=CARTESIAN_POINT('',(0.571353145857143,11.8822299552429,-2.05));
#6201=CARTESIAN_POINT('Ctrl Pts',(0.571353145857143,11.8822299552429,-2.05));
#6202=CARTESIAN_POINT('Ctrl Pts',(0.580595882571431,11.8830070958976,-2.05));
#6203=CARTESIAN_POINT('Ctrl Pts',(0.589842616790477,11.8837381654238,-2.05));
#6204=CARTESIAN_POINT('Ctrl Pts',(0.599092760957144,11.8844215119714,-2.05));
#6205=CARTESIAN_POINT('',(0.411965939511393,11.4974350883882,-2.05));
#6206=CARTESIAN_POINT('Origin',(6.29651183798971,9.28538392869459,-2.05));
#6207=CARTESIAN_POINT('',(0.430031073686034,11.4762704937376,-2.05));
#6208=CARTESIAN_POINT('Ctrl Pts',(0.430030845622987,11.4762702970522,-2.05));
#6209=CARTESIAN_POINT('Ctrl Pts',(0.427002215957516,11.479782507141,-2.05));
#6210=CARTESIAN_POINT('Ctrl Pts',(0.423982466618734,11.4833023748639,-2.05));
#6211=CARTESIAN_POINT('Ctrl Pts',(0.417960805585381,11.4903573353757,-2.05));
#6212=CARTESIAN_POINT('Ctrl Pts',(0.414958893889805,11.4938924281658,-2.05));
#6213=CARTESIAN_POINT('Ctrl Pts',(0.411965939511393,11.4974350883882,-2.05));
#6214=CARTESIAN_POINT('',(1.00596940772781,10.5556696720497,-2.05));
#6215=CARTESIAN_POINT('Origin',(-2.27453967986227,9.14380310693333,-2.05));
#6216=CARTESIAN_POINT('',(0.0748605316630591,9.99687895298905,-2.05));
#6217=CARTESIAN_POINT('Origin',(-1.27601160837077,13.302971990888,-2.05));
#6218=CARTESIAN_POINT('',(0.0491559701940647,9.9862222823853,-2.05));
#6219=CARTESIAN_POINT('Ctrl Pts',(0.0491559701940647,9.9862222823853,-2.05));
#6220=CARTESIAN_POINT('Ctrl Pts',(0.053430992641023,9.98802016985912,-2.05));
#6221=CARTESIAN_POINT('Ctrl Pts',(0.0577105876006207,9.98980718479728,-2.05));
#6222=CARTESIAN_POINT('Ctrl Pts',(0.0662788117035162,9.99335942364928,-2.05));
#6223=CARTESIAN_POINT('Ctrl Pts',(0.0705674408469651,9.99512464756317,-2.05));
#6224=CARTESIAN_POINT('Ctrl Pts',(0.0748605316630591,9.99687895298905,-2.05));
#6225=CARTESIAN_POINT('',(0.0164777168999997,9.57100745858429,-2.05));
#6226=CARTESIAN_POINT('Origin',(6.29657488892862,9.28564655479774,-2.05));
#6227=CARTESIAN_POINT('',(0.0401989489999999,9.55646124551571,-2.05));
#6228=CARTESIAN_POINT('Ctrl Pts',(0.0401989489999999,9.55646124551571,-2.05));
#6229=CARTESIAN_POINT('Ctrl Pts',(0.0322672430357148,9.56126958932167,-2.05));
#6230=CARTESIAN_POINT('Ctrl Pts',(0.024360241138095,9.56611890652119,-2.05));
#6231=CARTESIAN_POINT('Ctrl Pts',(0.0164777168999997,9.57100745858429,-2.05));
#6232=CARTESIAN_POINT('',(0.872430153413031,8.85889256795246,-2.05));
#6233=CARTESIAN_POINT('Origin',(-1.81122862859891,6.50239461294042,-2.05));
#6234=CARTESIAN_POINT('Origin',(-2.1468258674457,10.7665614261302,-2.05));
#6235=CARTESIAN_POINT('Origin',(7.59475239137256,10.0357142857462,0.));
#6236=CARTESIAN_POINT('',(4.59738718850956,15.2273031056492,2.05));
#6237=CARTESIAN_POINT('',(4.59738718850956,15.2273031056492,0.));
#6238=CARTESIAN_POINT('',(7.59475239137256,10.0357142857462,2.05));
#6239=CARTESIAN_POINT('',(7.59475239137256,10.0357142857462,0.));
#6240=CARTESIAN_POINT('',(7.59475239137256,10.0357142857462,2.05));
#6241=CARTESIAN_POINT('Origin',(6.29571428571434,9.28571428571429,0.));
#6242=CARTESIAN_POINT('',(6.29571428571429,7.78571428571428,2.05));
#6243=CARTESIAN_POINT('',(6.29571428571429,7.78571428571428,0.));
#6244=CARTESIAN_POINT('Origin',(6.29571428571434,9.28571428571429,2.05));
#6245=CARTESIAN_POINT('Origin',(0.191601035360225,7.78571428556425,0.));
#6246=CARTESIAN_POINT('',(0.191601035360225,7.78571428556425,2.05));
#6247=CARTESIAN_POINT('',(0.191601177160105,7.78571432040975,0.));
#6248=CARTESIAN_POINT('',(0.191601035360225,7.78571428556425,2.05));
#6249=CARTESIAN_POINT('Origin',(3.90609600130717,11.5065086956067,2.05));
#6250=CARTESIAN_POINT('',(0.159568879042831,8.03972247501426,2.05));
#6251=CARTESIAN_POINT('',(0.138415419656227,8.0216443048142,2.05));
#6252=CARTESIAN_POINT('Ctrl Pts',(0.159568818016542,8.03972254716115,2.05));
#6253=CARTESIAN_POINT('Ctrl Pts',(0.156027956210803,8.03672746553364,2.05));
#6254=CARTESIAN_POINT('Ctrl Pts',(0.152494711706206,8.03372337853938,2.05));
#6255=CARTESIAN_POINT('Ctrl Pts',(0.145443548514354,8.0276972717721,2.05));
#6256=CARTESIAN_POINT('Ctrl Pts',(0.141925629827189,8.02467525199915,2.05));
#6257=CARTESIAN_POINT('Ctrl Pts',(0.138415419656227,8.0216443048142,2.05));
#6258=CARTESIAN_POINT('',(0.872430153413031,8.85889256795246,2.05));
#6259=CARTESIAN_POINT('Origin',(-2.1468258674457,10.7665614261302,2.05));
#6260=CARTESIAN_POINT('',(0.0401989489999999,9.55646124551571,2.05));
#6261=CARTESIAN_POINT('Origin',(-1.81122862859891,6.50239461294042,2.05));
#6262=CARTESIAN_POINT('',(0.0164777168999997,9.57100745858429,2.05));
#6263=CARTESIAN_POINT('Ctrl Pts',(0.0164777168999997,9.57100745858429,2.05));
#6264=CARTESIAN_POINT('Ctrl Pts',(0.024360241138095,9.56611890652119,2.05));
#6265=CARTESIAN_POINT('Ctrl Pts',(0.0322672430357148,9.56126958932167,2.05));
#6266=CARTESIAN_POINT('Ctrl Pts',(0.0401989489999999,9.55646124551571,2.05));
#6267=CARTESIAN_POINT('',(0.0491559701940647,9.9862222823853,2.05));
#6268=CARTESIAN_POINT('Origin',(6.29657488892862,9.28564655479774,2.05));
#6269=CARTESIAN_POINT('',(0.0748605316630591,9.99687895298905,2.05));
#6270=CARTESIAN_POINT('Ctrl Pts',(0.0748605316630591,9.99687895298905,2.05));
#6271=CARTESIAN_POINT('Ctrl Pts',(0.0705674408469651,9.99512464756317,2.05));
#6272=CARTESIAN_POINT('Ctrl Pts',(0.0662788117035162,9.99335942364928,2.05));
#6273=CARTESIAN_POINT('Ctrl Pts',(0.05771058759976,9.98980718479693,2.05));
#6274=CARTESIAN_POINT('Ctrl Pts',(0.0534309926406287,9.98802016985896,2.05));
#6275=CARTESIAN_POINT('Ctrl Pts',(0.0491559701940647,9.9862222823853,2.05));
#6276=CARTESIAN_POINT('',(1.00596940772781,10.5556696720497,2.05));
#6277=CARTESIAN_POINT('Origin',(-1.27601160837077,13.302971990888,2.05));
#6278=CARTESIAN_POINT('',(0.430031073686034,11.4762704937376,2.05));
#6279=CARTESIAN_POINT('Origin',(-2.27453967986227,9.14380310693333,2.05));
#6280=CARTESIAN_POINT('',(0.411965939511393,11.4974350883882,2.05));
#6281=CARTESIAN_POINT('Ctrl Pts',(0.411965939511393,11.4974350883882,2.05));
#6282=CARTESIAN_POINT('Ctrl Pts',(0.414958893889391,11.4938924281663,2.05));
#6283=CARTESIAN_POINT('Ctrl Pts',(0.417960805584402,11.4903573353768,2.05));
#6284=CARTESIAN_POINT('Ctrl Pts',(0.423982466619716,11.4833023748627,2.05));
#6285=CARTESIAN_POINT('Ctrl Pts',(0.427002215957938,11.4797825071405,2.05));
#6286=CARTESIAN_POINT('Ctrl Pts',(0.430030845622987,11.4762702970522,2.05));
#6287=CARTESIAN_POINT('',(0.571353145857143,11.8822299552429,2.05));
#6288=CARTESIAN_POINT('Origin',(6.29651183798971,9.28538392869459,2.05));
#6289=CARTESIAN_POINT('',(0.599092760957109,11.8844215119714,2.05));
#6290=CARTESIAN_POINT('Ctrl Pts',(0.599092760957144,11.8844215119714,2.05));
#6291=CARTESIAN_POINT('Ctrl Pts',(0.589842616790477,11.8837381654238,2.05));
#6292=CARTESIAN_POINT('Ctrl Pts',(0.580595882571431,11.8830070958976,2.05));
#6293=CARTESIAN_POINT('Ctrl Pts',(0.571353145857143,11.8822299552429,2.05));
#6294=CARTESIAN_POINT('',(1.65730574629956,12.1281346944428,2.05));
#6295=CARTESIAN_POINT('Origin',(0.335975936212674,15.4461453819443,2.05));
#6296=CARTESIAN_POINT('',(1.39403713981429,13.1816528377786,2.05));
#6297=CARTESIAN_POINT('Origin',(-1.89893456049148,11.7991028558606,2.05));
#6298=CARTESIAN_POINT('',(1.38339639565902,13.2073639969234,2.05));
#6299=CARTESIAN_POINT('Ctrl Pts',(1.38339639565902,13.2073639969234,2.05));
#6300=CARTESIAN_POINT('Ctrl Pts',(1.38514812220914,13.203069853067,2.05));
#6301=CARTESIAN_POINT('Ctrl Pts',(1.38691070613914,13.1987801383038,2.05));
#6302=CARTESIAN_POINT('Ctrl Pts',(1.39045754341158,13.1902096765399,2.05));
#6303=CARTESIAN_POINT('Ctrl Pts',(1.39224179675358,13.1859289295402,2.05));
#6304=CARTESIAN_POINT('Ctrl Pts',(1.39403686212743,13.1816527212113,2.05));
#6305=CARTESIAN_POINT('',(1.65389079007143,13.5240723070357,2.05));
#6306=CARTESIAN_POINT('Origin',(6.29637071400858,9.28515364295702,2.05));
#6307=CARTESIAN_POINT('',(1.68094996004194,13.5175845888574,2.05));
#6308=CARTESIAN_POINT('Ctrl Pts',(1.68094996004286,13.5175845888571,2.05));
#6309=CARTESIAN_POINT('Ctrl Pts',(1.67194138445952,13.5197931394286,2.05));
#6310=CARTESIAN_POINT('Ctrl Pts',(1.66292130472619,13.5219552490119,2.05));
#6311=CARTESIAN_POINT('Ctrl Pts',(1.65389079007143,13.5240723070357,2.05));
#6312=CARTESIAN_POINT('',(2.7626818305536,13.4223638024869,2.05));
#6313=CARTESIAN_POINT('Origin',(2.53134419443704,16.9862928552332,2.05));
#6314=CARTESIAN_POINT('',(2.83785351695714,14.5056735717643,2.05));
#6315=CARTESIAN_POINT('Origin',(-0.72118011673917,14.2083746197505,2.05));
#6316=CARTESIAN_POINT('',(2.83567866014286,14.5334145011786,2.05));
#6317=CARTESIAN_POINT('Ctrl Pts',(2.83567866014286,14.5334145011786,2.05));
#6318=CARTESIAN_POINT('Ctrl Pts',(2.83635696994048,14.5241639862976,2.05));
#6319=CARTESIAN_POINT('Ctrl Pts',(2.83708140901667,14.5149167302643,2.05));
#6320=CARTESIAN_POINT('Ctrl Pts',(2.83785351695714,14.5056735717643,2.05));
#6321=CARTESIAN_POINT('',(3.19080245952143,14.7510346453286,2.05));
#6322=CARTESIAN_POINT('Origin',(6.29616534045032,9.28497823137281,2.05));
#6323=CARTESIAN_POINT('',(3.21453244428572,14.7365027153071,2.05));
#6324=CARTESIAN_POINT('Ctrl Pts',(3.21453244428572,14.7365027153071,2.05));
#6325=CARTESIAN_POINT('Ctrl Pts',(3.20664725942857,14.7413869746524,2.05));
#6326=CARTESIAN_POINT('Ctrl Pts',(3.19873678242619,14.7462306209952,2.05));
#6327=CARTESIAN_POINT('Ctrl Pts',(3.19080245952143,14.7510346453286,2.05));
#6328=CARTESIAN_POINT('',(4.21389574740538,14.3116688345947,2.05));
#6329=CARTESIAN_POINT('Origin',(5.09519522514314,17.7726540447183,2.05));
#6330=CARTESIAN_POINT('Origin',(1.14343684090542,16.135782092005,2.05));
#6331=CARTESIAN_POINT('Origin',(6.29595567572695,9.28578036815274,2.05));
#6332=CARTESIAN_POINT('Origin',(23.4373914226782,9.42762266978389,0.));
#6333=CARTESIAN_POINT('',(20.2657671373693,7.78571428572058,0.));
#6334=CARTESIAN_POINT('',(20.156887735199,8.01575889970769,0.));
#6335=CARTESIAN_POINT('Origin',(23.4373914226782,9.42762266978389,0.));
#6336=CARTESIAN_POINT('',(20.156887735199,8.01575889970769,0.));
#6337=CARTESIAN_POINT('',(20.2657671373693,7.78571428572058,0.));
#6338=CARTESIAN_POINT('Origin',(22.4388687277432,5.26845661842986,0.));
#6339=CARTESIAN_POINT('',(21.0879966893549,8.57454942715431,0.));
#6340=CARTESIAN_POINT('Origin',(22.4388687277432,5.26845661842986,0.));
#6341=CARTESIAN_POINT('',(21.0879966893549,8.57454942715431,0.));
#6342=CARTESIAN_POINT('Ctrl Pts',(21.0879966893549,8.57454942715431,-4.16666666666667));
#6343=CARTESIAN_POINT('Ctrl Pts',(21.0879966893549,8.57454942715431,4.16666666666667));
#6344=CARTESIAN_POINT('Ctrl Pts',(21.0965827669734,8.57805829314685,-4.16666666666667));
#6345=CARTESIAN_POINT('Ctrl Pts',(21.0965827669734,8.57805829314685,4.16666666666667));
#6346=CARTESIAN_POINT('Ctrl Pts',(21.1051511008418,8.58161057749763,-4.16666666666667));
#6347=CARTESIAN_POINT('Ctrl Pts',(21.1051511008418,8.58161057749763,4.16666666666667));
#6348=CARTESIAN_POINT('Ctrl Pts',(21.113701252763,8.58520609853765,-4.16666666666667));
#6349=CARTESIAN_POINT('Ctrl Pts',(21.113701252763,8.58520609853765,4.16666666666667));
#6350=CARTESIAN_POINT('',(21.113701252763,8.58520609853765,0.));
#6351=CARTESIAN_POINT('Ctrl Pts',(21.0879966893549,8.57454942715431,-4.16666666666667));
#6352=CARTESIAN_POINT('Ctrl Pts',(21.0879966893549,8.57454942715431,4.16666666666667));
#6353=CARTESIAN_POINT('Ctrl Pts',(21.0965827669734,8.57805829314685,-4.16666666666667));
#6354=CARTESIAN_POINT('Ctrl Pts',(21.0965827669734,8.57805829314685,4.16666666666667));
#6355=CARTESIAN_POINT('Ctrl Pts',(21.1051511008418,8.58161057749763,-4.16666666666667));
#6356=CARTESIAN_POINT('Ctrl Pts',(21.1051511008418,8.58161057749763,4.16666666666667));
#6357=CARTESIAN_POINT('Ctrl Pts',(21.113701252763,8.58520609853765,-4.16666666666667));
#6358=CARTESIAN_POINT('Ctrl Pts',(21.113701252763,8.58520609853765,4.16666666666667));
#6359=CARTESIAN_POINT('',(21.113701252763,8.58520609853765,0.));
#6360=CARTESIAN_POINT('Origin',(14.8662823116142,9.285782011981,0.));
#6361=CARTESIAN_POINT('',(21.1463794259147,9.00042111253899,0.));
#6362=CARTESIAN_POINT('Origin',(14.8662823116142,9.285782011981,0.));
#6363=CARTESIAN_POINT('',(21.1463794259147,9.00042111253899,0.));
#6364=CARTESIAN_POINT('Ctrl Pts',(21.1463792679226,9.00042085810097,-4.16666666666667));
#6365=CARTESIAN_POINT('Ctrl Pts',(21.1463792679226,9.00042085810097,4.16666666666667));
#6366=CARTESIAN_POINT('Ctrl Pts',(21.1384969914026,9.00530988477919,-4.16666666666667));
#6367=CARTESIAN_POINT('Ctrl Pts',(21.1384969914026,9.00530988477919,4.16666666666667));
#6368=CARTESIAN_POINT('Ctrl Pts',(21.1305898466613,9.01015881795287,-4.16666666666667));
#6369=CARTESIAN_POINT('Ctrl Pts',(21.1305898466613,9.01015881795287,4.16666666666667));
#6370=CARTESIAN_POINT('Ctrl Pts',(21.1226582428462,9.01496740671855,-4.16666666666667));
#6371=CARTESIAN_POINT('Ctrl Pts',(21.1226582428462,9.01496740671855,4.16666666666667));
#6372=CARTESIAN_POINT('',(21.1226581938571,9.01496732591285,0.));
#6373=CARTESIAN_POINT('Ctrl Pts',(21.1463792679226,9.00042085810097,-4.16666666666667));
#6374=CARTESIAN_POINT('Ctrl Pts',(21.1463792679226,9.00042085810097,4.16666666666667));
#6375=CARTESIAN_POINT('Ctrl Pts',(21.1384969914026,9.00530988477919,-4.16666666666667));
#6376=CARTESIAN_POINT('Ctrl Pts',(21.1384969914026,9.00530988477919,4.16666666666667));
#6377=CARTESIAN_POINT('Ctrl Pts',(21.1305898466613,9.01015881795287,-4.16666666666667));
#6378=CARTESIAN_POINT('Ctrl Pts',(21.1305898466613,9.01015881795287,4.16666666666667));
#6379=CARTESIAN_POINT('Ctrl Pts',(21.1226582428462,9.01496740671855,-4.16666666666667));
#6380=CARTESIAN_POINT('Ctrl Pts',(21.1226582428462,9.01496740671855,4.16666666666667));
#6381=CARTESIAN_POINT('',(21.1226581938571,9.01496732591285,0.));
#6382=CARTESIAN_POINT('Origin',(22.9740858004551,12.0690339919991,0.));
#6383=CARTESIAN_POINT('',(20.2904269892553,9.71253600355377,0.));
#6384=CARTESIAN_POINT('Origin',(22.9740858004551,12.0690339919991,0.));
#6385=CARTESIAN_POINT('',(20.2904269892553,9.71253600355377,0.));
#6386=CARTESIAN_POINT('Origin',(23.3096829755937,7.80486717470685,0.));
#6387=CARTESIAN_POINT('',(21.0032882637897,10.5317060964177,0.));
#6388=CARTESIAN_POINT('Origin',(23.3096829755937,7.80486717470685,0.));
#6389=CARTESIAN_POINT('',(21.0032882637897,10.5317060964177,0.));
#6390=CARTESIAN_POINT('Ctrl Pts',(21.0032884583118,10.5317058664639,-4.16666666666667));
#6391=CARTESIAN_POINT('Ctrl Pts',(21.0032884583118,10.5317058664639,4.16666666666667));
#6392=CARTESIAN_POINT('Ctrl Pts',(21.0103700041298,10.5376962402815,-4.16666666666667));
#6393=CARTESIAN_POINT('Ctrl Pts',(21.0103700041298,10.5376962402815,4.16666666666667));
#6394=CARTESIAN_POINT('Ctrl Pts',(21.0174212576595,10.5437224242537,-4.16666666666667));
#6395=CARTESIAN_POINT('Ctrl Pts',(21.0174212576595,10.5437224242537,4.16666666666667));
#6396=CARTESIAN_POINT('Ctrl Pts',(21.0244418582903,10.5497841101933,-4.16666666666667));
#6397=CARTESIAN_POINT('Ctrl Pts',(21.0244418582903,10.5497841101933,4.16666666666667));
#6398=CARTESIAN_POINT('',(21.0244418582903,10.5497841101933,0.));
#6399=CARTESIAN_POINT('Ctrl Pts',(21.0032884583118,10.5317058664639,-4.16666666666667));
#6400=CARTESIAN_POINT('Ctrl Pts',(21.0032884583118,10.5317058664639,4.16666666666667));
#6401=CARTESIAN_POINT('Ctrl Pts',(21.0103700041298,10.5376962402815,-4.16666666666667));
#6402=CARTESIAN_POINT('Ctrl Pts',(21.0103700041298,10.5376962402815,4.16666666666667));
#6403=CARTESIAN_POINT('Ctrl Pts',(21.0174212576595,10.5437224242537,-4.16666666666667));
#6404=CARTESIAN_POINT('Ctrl Pts',(21.0174212576595,10.5437224242537,4.16666666666667));
#6405=CARTESIAN_POINT('Ctrl Pts',(21.0244418582903,10.5497841101933,-4.16666666666667));
#6406=CARTESIAN_POINT('Ctrl Pts',(21.0244418582903,10.5497841101933,4.16666666666667));
#6407=CARTESIAN_POINT('',(21.0244418582903,10.5497841101933,0.));
#6408=CARTESIAN_POINT('Origin',(14.866303466064,9.28551276548761,0.));
#6409=CARTESIAN_POINT('',(20.9272121520714,10.9547751660714,0.));
#6410=CARTESIAN_POINT('Origin',(14.866303466064,9.28551276548761,0.));
#6411=CARTESIAN_POINT('',(20.9272121520714,10.9547751660714,0.));
#6412=CARTESIAN_POINT('Ctrl Pts',(20.9272121520714,10.9547751660714,-4.16666666666667));
#6413=CARTESIAN_POINT('Ctrl Pts',(20.9272121520714,10.9547751660714,4.16666666666667));
#6414=CARTESIAN_POINT('Ctrl Pts',(20.9218077290714,10.9561032392714,-4.16666666666667));
#6415=CARTESIAN_POINT('Ctrl Pts',(20.9218077290714,10.9561032392714,4.16666666666667));
#6416=CARTESIAN_POINT('Ctrl Pts',(20.9163999962143,10.9574178438571,-4.16666666666667));
#6417=CARTESIAN_POINT('Ctrl Pts',(20.9163999962143,10.9574178438571,4.16666666666667));
#6418=CARTESIAN_POINT('Ctrl Pts',(20.9109888403571,10.9587188252286,-4.16666666666667));
#6419=CARTESIAN_POINT('Ctrl Pts',(20.9109888403571,10.9587188252286,4.16666666666667));
#6420=CARTESIAN_POINT('Ctrl Pts',(20.905574509,10.9600059880857,-4.16666666666667));
#6421=CARTESIAN_POINT('Ctrl Pts',(20.905574509,10.9600059880857,4.16666666666667));
#6422=CARTESIAN_POINT('Ctrl Pts',(20.9001568926429,10.96127917295,-4.16666666666667));
#6423=CARTESIAN_POINT('Ctrl Pts',(20.9001568926429,10.96127917295,4.16666666666667));
#6424=CARTESIAN_POINT('',(20.9001568926429,10.96127917295,0.));
#6425=CARTESIAN_POINT('Ctrl Pts',(20.9272121520714,10.9547751660714,-4.16666666666667));
#6426=CARTESIAN_POINT('Ctrl Pts',(20.9272121520714,10.9547751660714,4.16666666666667));
#6427=CARTESIAN_POINT('Ctrl Pts',(20.9218077290714,10.9561032392714,-4.16666666666667));
#6428=CARTESIAN_POINT('Ctrl Pts',(20.9218077290714,10.9561032392714,4.16666666666667));
#6429=CARTESIAN_POINT('Ctrl Pts',(20.9163999962143,10.9574178438571,-4.16666666666667));
#6430=CARTESIAN_POINT('Ctrl Pts',(20.9163999962143,10.9574178438571,4.16666666666667));
#6431=CARTESIAN_POINT('Ctrl Pts',(20.9109888403571,10.9587188252286,-4.16666666666667));
#6432=CARTESIAN_POINT('Ctrl Pts',(20.9109888403571,10.9587188252286,4.16666666666667));
#6433=CARTESIAN_POINT('Ctrl Pts',(20.905574509,10.9600059880857,-4.16666666666667));
#6434=CARTESIAN_POINT('Ctrl Pts',(20.905574509,10.9600059880857,4.16666666666667));
#6435=CARTESIAN_POINT('Ctrl Pts',(20.9001568926429,10.96127917295,-4.16666666666667));
#6436=CARTESIAN_POINT('Ctrl Pts',(20.9001568926429,10.96127917295,4.16666666666667));
#6437=CARTESIAN_POINT('',(20.9001568926429,10.96127917295,0.));
#6438=CARTESIAN_POINT('Origin',(21.717210680981,14.4379917721969,0.));
#6439=CARTESIAN_POINT('',(19.8930974063591,11.3675328240675,0.));
#6440=CARTESIAN_POINT('Origin',(21.717210680981,14.4379917721969,0.));
#6441=CARTESIAN_POINT('',(19.8930974063591,11.3675328240675,0.));
#6442=CARTESIAN_POINT('Origin',(23.3540825753933,10.4862333628655,0.));
#6443=CARTESIAN_POINT('',(20.3179315427764,12.3668959685599,0.));
#6444=CARTESIAN_POINT('Origin',(23.3540825753933,10.4862333628655,0.));
#6445=CARTESIAN_POINT('',(20.3179315427764,12.3668959685599,0.));
#6446=CARTESIAN_POINT('Ctrl Pts',(20.3179315427764,12.3668959685599,-4.16666666666667));
#6447=CARTESIAN_POINT('Ctrl Pts',(20.3179315427764,12.3668959685599,4.16666666666667));
#6448=CARTESIAN_POINT('Ctrl Pts',(20.322815365782,12.3747814706018,-4.16666666666667));
#6449=CARTESIAN_POINT('Ctrl Pts',(20.322815365782,12.3747814706018,4.16666666666667));
#6450=CARTESIAN_POINT('Ctrl Pts',(20.327659313134,12.3826916693108,-4.16666666666667));
#6451=CARTESIAN_POINT('Ctrl Pts',(20.327659313134,12.3826916693108,4.16666666666667));
#6452=CARTESIAN_POINT('Ctrl Pts',(20.332463137106,12.3906261601481,-4.16666666666667));
#6453=CARTESIAN_POINT('Ctrl Pts',(20.332463137106,12.3906261601481,4.16666666666667));
#6454=CARTESIAN_POINT('',(20.332463137106,12.3906261601481,0.));
#6455=CARTESIAN_POINT('Ctrl Pts',(20.3179315427764,12.3668959685599,-4.16666666666667));
#6456=CARTESIAN_POINT('Ctrl Pts',(20.3179315427764,12.3668959685599,4.16666666666667));
#6457=CARTESIAN_POINT('Ctrl Pts',(20.322815365782,12.3747814706018,-4.16666666666667));
#6458=CARTESIAN_POINT('Ctrl Pts',(20.322815365782,12.3747814706018,4.16666666666667));
#6459=CARTESIAN_POINT('Ctrl Pts',(20.327659313134,12.3826916693108,-4.16666666666667));
#6460=CARTESIAN_POINT('Ctrl Pts',(20.327659313134,12.3826916693108,4.16666666666667));
#6461=CARTESIAN_POINT('Ctrl Pts',(20.332463137106,12.3906261601481,-4.16666666666667));
#6462=CARTESIAN_POINT('Ctrl Pts',(20.332463137106,12.3906261601481,4.16666666666667));
#6463=CARTESIAN_POINT('',(20.332463137106,12.3906261601481,0.));
#6464=CARTESIAN_POINT('Origin',(14.8664068114641,9.28526323531928,0.));
#6465=CARTESIAN_POINT('',(20.1148431102961,12.7457497715009,0.));
#6466=CARTESIAN_POINT('Origin',(14.8664068114641,9.28526323531928,0.));
#6467=CARTESIAN_POINT('',(20.1148431102961,12.7457497715009,0.));
#6468=CARTESIAN_POINT('Ctrl Pts',(20.1148430944771,12.7457496123097,-4.16666666666667));
#6469=CARTESIAN_POINT('Ctrl Pts',(20.1148430944771,12.7457496123097,4.16666666666667));
#6470=CARTESIAN_POINT('Ctrl Pts',(20.1055925010494,12.7450718320884,-4.16666666666667));
#6471=CARTESIAN_POINT('Ctrl Pts',(20.1055925010494,12.7450718320884,4.16666666666667));
#6472=CARTESIAN_POINT('Ctrl Pts',(20.096345355179,12.7443469983623,-4.16666666666667));
#6473=CARTESIAN_POINT('Ctrl Pts',(20.096345355179,12.7443469983623,4.16666666666667));
#6474=CARTESIAN_POINT('Ctrl Pts',(20.0871021353508,12.7435751486372,-4.16666666666667));
#6475=CARTESIAN_POINT('Ctrl Pts',(20.0871021353508,12.7435751486372,4.16666666666667));
#6476=CARTESIAN_POINT('',(20.0871021432173,12.7435750544645,0.));
#6477=CARTESIAN_POINT('Ctrl Pts',(20.1148430944771,12.7457496123097,-4.16666666666667));
#6478=CARTESIAN_POINT('Ctrl Pts',(20.1148430944771,12.7457496123097,4.16666666666667));
#6479=CARTESIAN_POINT('Ctrl Pts',(20.1055925010494,12.7450718320884,-4.16666666666667));
#6480=CARTESIAN_POINT('Ctrl Pts',(20.1055925010494,12.7450718320884,4.16666666666667));
#6481=CARTESIAN_POINT('Ctrl Pts',(20.096345355179,12.7443469983623,-4.16666666666667));
#6482=CARTESIAN_POINT('Ctrl Pts',(20.096345355179,12.7443469983623,4.16666666666667));
#6483=CARTESIAN_POINT('Ctrl Pts',(20.0871021353508,12.7435751486372,-4.16666666666667));
#6484=CARTESIAN_POINT('Ctrl Pts',(20.0871021353508,12.7435751486372,4.16666666666667));
#6485=CARTESIAN_POINT('',(20.0871021432173,12.7435750544645,0.));
#6486=CARTESIAN_POINT('Origin',(19.789803195033,16.3026087335962,0.));
#6487=CARTESIAN_POINT('',(19.0037923742148,12.8187467410165,0.));
#6488=CARTESIAN_POINT('Origin',(19.789803195033,16.3026087335962,0.));
#6489=CARTESIAN_POINT('',(19.0037923742148,12.8187467410165,0.));
#6490=CARTESIAN_POINT('Origin',(22.5677213814574,13.0500843802662,0.));
#6491=CARTESIAN_POINT('',(19.0990131602886,13.9004786113973,0.));
#6492=CARTESIAN_POINT('Origin',(22.5677213814574,13.0500843802662,0.));
#6493=CARTESIAN_POINT('',(19.0990131602886,13.9004786113973,0.));
#6494=CARTESIAN_POINT('Ctrl Pts',(19.0990131602857,13.9004786113857,-4.16666666666667));
#6495=CARTESIAN_POINT('Ctrl Pts',(19.0990131602857,13.9004786113857,4.16666666666667));
#6496=CARTESIAN_POINT('Ctrl Pts',(19.1003382906429,13.9058837567357,-4.16666666666667));
#6497=CARTESIAN_POINT('Ctrl Pts',(19.1003382906429,13.9058837567357,4.16666666666667));
#6498=CARTESIAN_POINT('Ctrl Pts',(19.1016494751429,13.9112923210214,-4.16666666666667));
#6499=CARTESIAN_POINT('Ctrl Pts',(19.1016494751429,13.9112923210214,4.16666666666667));
#6500=CARTESIAN_POINT('Ctrl Pts',(19.1029469055714,13.9167043293429,-4.16666666666667));
#6501=CARTESIAN_POINT('Ctrl Pts',(19.1029469055714,13.9167043293429,4.16666666666667));
#6502=CARTESIAN_POINT('Ctrl Pts',(19.1042306436429,13.9221194725643,-4.16666666666667));
#6503=CARTESIAN_POINT('Ctrl Pts',(19.1042306436429,13.9221194725643,4.16666666666667));
#6504=CARTESIAN_POINT('Ctrl Pts',(19.1055008784286,13.9275377813571,-4.16666666666667));
#6505=CARTESIAN_POINT('Ctrl Pts',(19.1055008784286,13.9275377813571,4.16666666666667));
#6506=CARTESIAN_POINT('',(19.1055008784286,13.9275377813571,0.));
#6507=CARTESIAN_POINT('Ctrl Pts',(19.0990131602857,13.9004786113857,-4.16666666666667));
#6508=CARTESIAN_POINT('Ctrl Pts',(19.0990131602857,13.9004786113857,4.16666666666667));
#6509=CARTESIAN_POINT('Ctrl Pts',(19.1003382906429,13.9058837567357,-4.16666666666667));
#6510=CARTESIAN_POINT('Ctrl Pts',(19.1003382906429,13.9058837567357,4.16666666666667));
#6511=CARTESIAN_POINT('Ctrl Pts',(19.1016494751429,13.9112923210214,-4.16666666666667));
#6512=CARTESIAN_POINT('Ctrl Pts',(19.1016494751429,13.9112923210214,4.16666666666667));
#6513=CARTESIAN_POINT('Ctrl Pts',(19.1029469055714,13.9167043293429,-4.16666666666667));
#6514=CARTESIAN_POINT('Ctrl Pts',(19.1029469055714,13.9167043293429,4.16666666666667));
#6515=CARTESIAN_POINT('Ctrl Pts',(19.1042306436429,13.9221194725643,-4.16666666666667));
#6516=CARTESIAN_POINT('Ctrl Pts',(19.1042306436429,13.9221194725643,4.16666666666667));
#6517=CARTESIAN_POINT('Ctrl Pts',(19.1055008784286,13.9275377813571,-4.16666666666667));
#6518=CARTESIAN_POINT('Ctrl Pts',(19.1055008784286,13.9275377813571,4.16666666666667));
#6519=CARTESIAN_POINT('',(19.1055008784286,13.9275377813571,0.));
#6520=CARTESIAN_POINT('Origin',(14.8665822042183,9.28505784659347,0.));
#6521=CARTESIAN_POINT('',(18.7887926464367,14.1980319844184,0.));
#6522=CARTESIAN_POINT('Origin',(14.8665822042183,9.28505784659347,0.));
#6523=CARTESIAN_POINT('',(18.7887926464367,14.1980319844184,0.));
#6524=CARTESIAN_POINT('Ctrl Pts',(18.7887926464367,14.1980319844184,-4.16666666666667));
#6525=CARTESIAN_POINT('Ctrl Pts',(18.7887926464367,14.1980319844184,4.16666666666667));
#6526=CARTESIAN_POINT('Ctrl Pts',(18.7802042548589,14.1945287865357,-4.16666666666667));
#6527=CARTESIAN_POINT('Ctrl Pts',(18.7802042548589,14.1945287865357,4.16666666666667));
#6528=CARTESIAN_POINT('Ctrl Pts',(18.7716336824337,14.190981903469,-4.16666666666667));
#6529=CARTESIAN_POINT('Ctrl Pts',(18.7716336824337,14.190981903469,4.16666666666667));
#6530=CARTESIAN_POINT('Ctrl Pts',(18.7630813726372,14.1873915187484,-4.16666666666667));
#6531=CARTESIAN_POINT('Ctrl Pts',(18.7630813726372,14.1873915187484,4.16666666666667));
#6532=CARTESIAN_POINT('',(18.7630813726372,14.1873915187484,0.));
#6533=CARTESIAN_POINT('Ctrl Pts',(18.7887926464367,14.1980319844184,-4.16666666666667));
#6534=CARTESIAN_POINT('Ctrl Pts',(18.7887926464367,14.1980319844184,4.16666666666667));
#6535=CARTESIAN_POINT('Ctrl Pts',(18.7802042548589,14.1945287865357,-4.16666666666667));
#6536=CARTESIAN_POINT('Ctrl Pts',(18.7802042548589,14.1945287865357,4.16666666666667));
#6537=CARTESIAN_POINT('Ctrl Pts',(18.7716336824337,14.190981903469,-4.16666666666667));
#6538=CARTESIAN_POINT('Ctrl Pts',(18.7716336824337,14.190981903469,4.16666666666667));
#6539=CARTESIAN_POINT('Ctrl Pts',(18.7630813726372,14.1873915187484,-4.16666666666667));
#6540=CARTESIAN_POINT('Ctrl Pts',(18.7630813726372,14.1873915187484,4.16666666666667));
#6541=CARTESIAN_POINT('',(18.7630813726372,14.1873915187484,0.));
#6542=CARTESIAN_POINT('Origin',(17.3805314169865,17.4803631758684,0.));
#6543=CARTESIAN_POINT('',(17.7095632659706,13.9241228252973,0.));
#6544=CARTESIAN_POINT('Origin',(17.3805314169865,17.4803631758684,0.));
#6545=CARTESIAN_POINT('',(17.7095632659706,13.9241228252973,0.));
#6546=CARTESIAN_POINT('Origin',(21.0275708319424,15.2454516995128,0.));
#6547=CARTESIAN_POINT('',(17.4658500834286,14.9823358104714,0.));
#6548=CARTESIAN_POINT('Origin',(21.0275708319424,15.2454516995128,0.));
#6549=CARTESIAN_POINT('',(17.4658500834286,14.9823358104714,0.));
#6550=CARTESIAN_POINT('Ctrl Pts',(17.4658500834286,14.9823358104714,-4.16666666666667));
#6551=CARTESIAN_POINT('Ctrl Pts',(17.4658500834286,14.9823358104714,4.16666666666667));
#6552=CARTESIAN_POINT('Ctrl Pts',(17.4654400755,14.9878858969714,-4.16666666666667));
#6553=CARTESIAN_POINT('Ctrl Pts',(17.4654400755,14.9878858969714,4.16666666666667));
#6554=CARTESIAN_POINT('Ctrl Pts',(17.4650157477857,14.9934349255714,-4.16666666666667));
#6555=CARTESIAN_POINT('Ctrl Pts',(17.4650157477857,14.9934349255714,4.16666666666667));
#6556=CARTESIAN_POINT('Ctrl Pts',(17.4645772748571,14.9989829794143,-4.16666666666667));
#6557=CARTESIAN_POINT('Ctrl Pts',(17.4645772748571,14.9989829794143,4.16666666666667));
#6558=CARTESIAN_POINT('Ctrl Pts',(17.4641248110714,15.0045297835429,-4.16666666666667));
#6559=CARTESIAN_POINT('Ctrl Pts',(17.4641248110714,15.0045297835429,4.16666666666667));
#6560=CARTESIAN_POINT('Ctrl Pts',(17.4636585266429,15.0100754255786,-4.16666666666667));
#6561=CARTESIAN_POINT('Ctrl Pts',(17.4636585266429,15.0100754255786,4.16666666666667));
#6562=CARTESIAN_POINT('',(17.4636585266429,15.0100754255786,0.));
#6563=CARTESIAN_POINT('Ctrl Pts',(17.4658500834286,14.9823358104714,-4.16666666666667));
#6564=CARTESIAN_POINT('Ctrl Pts',(17.4658500834286,14.9823358104714,4.16666666666667));
#6565=CARTESIAN_POINT('Ctrl Pts',(17.4654400755,14.9878858969714,-4.16666666666667));
#6566=CARTESIAN_POINT('Ctrl Pts',(17.4654400755,14.9878858969714,4.16666666666667));
#6567=CARTESIAN_POINT('Ctrl Pts',(17.4650157477857,14.9934349255714,-4.16666666666667));
#6568=CARTESIAN_POINT('Ctrl Pts',(17.4650157477857,14.9934349255714,4.16666666666667));
#6569=CARTESIAN_POINT('Ctrl Pts',(17.4645772748571,14.9989829794143,-4.16666666666667));
#6570=CARTESIAN_POINT('Ctrl Pts',(17.4645772748571,14.9989829794143,4.16666666666667));
#6571=CARTESIAN_POINT('Ctrl Pts',(17.4641248110714,15.0045297835429,-4.16666666666667));
#6572=CARTESIAN_POINT('Ctrl Pts',(17.4641248110714,15.0045297835429,4.16666666666667));
#6573=CARTESIAN_POINT('Ctrl Pts',(17.4636585266429,15.0100754255786,-4.16666666666667));
#6574=CARTESIAN_POINT('Ctrl Pts',(17.4636585266429,15.0100754255786,4.16666666666667));
#6575=CARTESIAN_POINT('',(17.4636585266429,15.0100754255786,0.));
#6576=CARTESIAN_POINT('Origin',(14.8668125039617,9.28491674281551,0.));
#6577=CARTESIAN_POINT('',(17.0788635997143,15.16946270305,0.));
#6578=CARTESIAN_POINT('Origin',(14.8668125039617,9.28491674281551,0.));
#6579=CARTESIAN_POINT('',(17.0788635997143,15.16946270305,0.));
#6580=CARTESIAN_POINT('Ctrl Pts',(17.0788635997143,15.16946270305,-4.16666666666667));
#6581=CARTESIAN_POINT('Ctrl Pts',(17.0788635997143,15.16946270305,4.16666666666667));
#6582=CARTESIAN_POINT('Ctrl Pts',(17.0746125257857,15.1658710548214,-4.16666666666667));
#6583=CARTESIAN_POINT('Ctrl Pts',(17.0746125257857,15.1658710548214,4.16666666666667));
#6584=CARTESIAN_POINT('Ctrl Pts',(17.0703704027143,15.1622688122571,-4.16666666666667));
#6585=CARTESIAN_POINT('Ctrl Pts',(17.0703704027143,15.1622688122571,4.16666666666667));
#6586=CARTESIAN_POINT('Ctrl Pts',(17.0661372890714,15.1586557928857,-4.16666666666667));
#6587=CARTESIAN_POINT('Ctrl Pts',(17.0661372890714,15.1586557928857,4.16666666666667));
#6588=CARTESIAN_POINT('Ctrl Pts',(17.0619134883571,15.1550320821429,-4.16666666666667));
#6589=CARTESIAN_POINT('Ctrl Pts',(17.0619134883571,15.1550320821429,4.16666666666667));
#6590=CARTESIAN_POINT('Ctrl Pts',(17.0576990651429,15.1513974977286,-4.16666666666667));
#6591=CARTESIAN_POINT('Ctrl Pts',(17.0576990651429,15.1513974977286,4.16666666666667));
#6592=CARTESIAN_POINT('',(17.0576990651429,15.1513974977286,0.));
#6593=CARTESIAN_POINT('Ctrl Pts',(17.0788635997143,15.16946270305,-4.16666666666667));
#6594=CARTESIAN_POINT('Ctrl Pts',(17.0788635997143,15.16946270305,4.16666666666667));
#6595=CARTESIAN_POINT('Ctrl Pts',(17.0746125257857,15.1658710548214,-4.16666666666667));
#6596=CARTESIAN_POINT('Ctrl Pts',(17.0746125257857,15.1658710548214,4.16666666666667));
#6597=CARTESIAN_POINT('Ctrl Pts',(17.0703704027143,15.1622688122571,-4.16666666666667));
#6598=CARTESIAN_POINT('Ctrl Pts',(17.0703704027143,15.1622688122571,4.16666666666667));
#6599=CARTESIAN_POINT('Ctrl Pts',(17.0661372890714,15.1586557928857,-4.16666666666667));
#6600=CARTESIAN_POINT('Ctrl Pts',(17.0661372890714,15.1586557928857,4.16666666666667));
#6601=CARTESIAN_POINT('Ctrl Pts',(17.0619134883571,15.1550320821429,-4.16666666666667));
#6602=CARTESIAN_POINT('Ctrl Pts',(17.0619134883571,15.1550320821429,4.16666666666667));
#6603=CARTESIAN_POINT('Ctrl Pts',(17.0576990651429,15.1513974977286,-4.16666666666667));
#6604=CARTESIAN_POINT('Ctrl Pts',(17.0576990651429,15.1513974977286,4.16666666666667));
#6605=CARTESIAN_POINT('',(17.0576990651429,15.1513974977286,0.));
#6606=CARTESIAN_POINT('Origin',(14.7252316546263,17.8559682904148,0.));
#6607=CARTESIAN_POINT('',(16.1370982431462,14.5754591637708,0.));
#6608=CARTESIAN_POINT('Origin',(5.09519522514314,17.7726540447183,0.));
#6609=CARTESIAN_POINT('',(4.21389574740538,14.3116688345947,0.));
#6610=CARTESIAN_POINT('',(3.21453244428572,14.7365027153071,0.));
#6611=CARTESIAN_POINT('Origin',(5.09519522514314,17.7726540447183,0.));
#6612=CARTESIAN_POINT('',(3.21453244428572,14.7365027153071,0.));
#6613=CARTESIAN_POINT('',(4.21389574740538,14.3116688345947,0.));
#6614=CARTESIAN_POINT('Ctrl Pts',(3.21453244428572,14.7365027153071,-4.16666666666667));
#6615=CARTESIAN_POINT('Ctrl Pts',(3.21453244428572,14.7365027153071,4.16666666666667));
#6616=CARTESIAN_POINT('Ctrl Pts',(3.20980133337143,14.7394332709143,-4.16666666666667));
#6617=CARTESIAN_POINT('Ctrl Pts',(3.20980133337143,14.7394332709143,4.16666666666667));
#6618=CARTESIAN_POINT('Ctrl Pts',(3.20506266136429,14.7423516197571,-4.16666666666667));
#6619=CARTESIAN_POINT('Ctrl Pts',(3.20506266136429,14.7423516197571,4.16666666666667));
#6620=CARTESIAN_POINT('Ctrl Pts',(3.20031646362143,14.7452579519929,-4.16666666666667));
#6621=CARTESIAN_POINT('Ctrl Pts',(3.20031646362143,14.7452579519929,4.16666666666667));
#6622=CARTESIAN_POINT('Ctrl Pts',(3.19556305326429,14.7481522307286,-4.16666666666667));
#6623=CARTESIAN_POINT('Ctrl Pts',(3.19556305326429,14.7481522307286,4.16666666666667));
#6624=CARTESIAN_POINT('Ctrl Pts',(3.19080245952143,14.7510346453286,-4.16666666666667));
#6625=CARTESIAN_POINT('Ctrl Pts',(3.19080245952143,14.7510346453286,4.16666666666667));
#6626=CARTESIAN_POINT('',(3.19080245952143,14.7510346453286,0.));
#6627=CARTESIAN_POINT('Ctrl Pts',(3.21453244428572,14.7365027153071,-4.16666666666667));
#6628=CARTESIAN_POINT('Ctrl Pts',(3.21453244428572,14.7365027153071,4.16666666666667));
#6629=CARTESIAN_POINT('Ctrl Pts',(3.20980133337143,14.7394332709143,-4.16666666666667));
#6630=CARTESIAN_POINT('Ctrl Pts',(3.20980133337143,14.7394332709143,4.16666666666667));
#6631=CARTESIAN_POINT('Ctrl Pts',(3.20506266136429,14.7423516197571,-4.16666666666667));
#6632=CARTESIAN_POINT('Ctrl Pts',(3.20506266136429,14.7423516197571,4.16666666666667));
#6633=CARTESIAN_POINT('Ctrl Pts',(3.20031646362143,14.7452579519929,-4.16666666666667));
#6634=CARTESIAN_POINT('Ctrl Pts',(3.20031646362143,14.7452579519929,4.16666666666667));
#6635=CARTESIAN_POINT('Ctrl Pts',(3.19556305326429,14.7481522307286,-4.16666666666667));
#6636=CARTESIAN_POINT('Ctrl Pts',(3.19556305326429,14.7481522307286,4.16666666666667));
#6637=CARTESIAN_POINT('Ctrl Pts',(3.19080245952143,14.7510346453286,-4.16666666666667));
#6638=CARTESIAN_POINT('Ctrl Pts',(3.19080245952143,14.7510346453286,4.16666666666667));
#6639=CARTESIAN_POINT('',(3.19080245952143,14.7510346453286,0.));
#6640=CARTESIAN_POINT('Origin',(6.29616534045032,9.28497823137281,0.));
#6641=CARTESIAN_POINT('',(2.83567866014286,14.5334145011786,0.));
#6642=CARTESIAN_POINT('Origin',(6.29616534045032,9.28497823137281,0.));
#6643=CARTESIAN_POINT('',(2.83567866014286,14.5334145011786,0.));
#6644=CARTESIAN_POINT('Ctrl Pts',(2.83567866014286,14.5334145011786,-4.16666666666667));
#6645=CARTESIAN_POINT('Ctrl Pts',(2.83567866014286,14.5334145011786,4.16666666666667));
#6646=CARTESIAN_POINT('Ctrl Pts',(2.83608564602143,14.52786419225,-4.16666666666667));
#6647=CARTESIAN_POINT('Ctrl Pts',(2.83608564602143,14.52786419225,4.16666666666667));
#6648=CARTESIAN_POINT('Ctrl Pts',(2.83650646411429,14.52231489755,-4.16666666666667));
#6649=CARTESIAN_POINT('Ctrl Pts',(2.83650646411429,14.52231489755,4.16666666666667));
#6650=CARTESIAN_POINT('Ctrl Pts',(2.83694129640714,14.5167665571929,-4.16666666666667));
#6651=CARTESIAN_POINT('Ctrl Pts',(2.83694129640714,14.5167665571929,4.16666666666667));
#6652=CARTESIAN_POINT('Ctrl Pts',(2.83739025219286,14.5112194668643,-4.16666666666667));
#6653=CARTESIAN_POINT('Ctrl Pts',(2.83739025219286,14.5112194668643,4.16666666666667));
#6654=CARTESIAN_POINT('Ctrl Pts',(2.83785351695714,14.5056735717643,-4.16666666666667));
#6655=CARTESIAN_POINT('Ctrl Pts',(2.83785351695714,14.5056735717643,4.16666666666667));
#6656=CARTESIAN_POINT('',(2.83785351695714,14.5056735717643,0.));
#6657=CARTESIAN_POINT('Ctrl Pts',(2.83567866014286,14.5334145011786,-4.16666666666667));
#6658=CARTESIAN_POINT('Ctrl Pts',(2.83567866014286,14.5334145011786,4.16666666666667));
#6659=CARTESIAN_POINT('Ctrl Pts',(2.83608564602143,14.52786419225,-4.16666666666667));
#6660=CARTESIAN_POINT('Ctrl Pts',(2.83608564602143,14.52786419225,4.16666666666667));
#6661=CARTESIAN_POINT('Ctrl Pts',(2.83650646411429,14.52231489755,-4.16666666666667));
#6662=CARTESIAN_POINT('Ctrl Pts',(2.83650646411429,14.52231489755,4.16666666666667));
#6663=CARTESIAN_POINT('Ctrl Pts',(2.83694129640714,14.5167665571929,-4.16666666666667));
#6664=CARTESIAN_POINT('Ctrl Pts',(2.83694129640714,14.5167665571929,4.16666666666667));
#6665=CARTESIAN_POINT('Ctrl Pts',(2.83739025219286,14.5112194668643,-4.16666666666667));
#6666=CARTESIAN_POINT('Ctrl Pts',(2.83739025219286,14.5112194668643,4.16666666666667));
#6667=CARTESIAN_POINT('Ctrl Pts',(2.83785351695714,14.5056735717643,-4.16666666666667));
#6668=CARTESIAN_POINT('Ctrl Pts',(2.83785351695714,14.5056735717643,4.16666666666667));
#6669=CARTESIAN_POINT('',(2.83785351695714,14.5056735717643,0.));
#6670=CARTESIAN_POINT('Origin',(-0.72118011673917,14.2083746197505,0.));
#6671=CARTESIAN_POINT('',(2.7626818305536,13.4223638024869,0.));
#6672=CARTESIAN_POINT('Origin',(-0.72118011673917,14.2083746197505,0.));
#6673=CARTESIAN_POINT('',(2.7626818305536,13.4223638024869,0.));
#6674=CARTESIAN_POINT('Origin',(2.53134419443704,16.9862928552332,0.));
#6675=CARTESIAN_POINT('',(1.68094996004194,13.5175845888574,0.));
#6676=CARTESIAN_POINT('Origin',(2.53134419443704,16.9862928552332,0.));
#6677=CARTESIAN_POINT('',(1.68094996004194,13.5175845888574,0.));
#6678=CARTESIAN_POINT('Ctrl Pts',(1.68094996004286,13.5175845888571,-4.16666666666667));
#6679=CARTESIAN_POINT('Ctrl Pts',(1.68094996004286,13.5175845888571,4.16666666666667));
#6680=CARTESIAN_POINT('Ctrl Pts',(1.67554481469286,13.5189097192,-4.16666666666667));
#6681=CARTESIAN_POINT('Ctrl Pts',(1.67554481469286,13.5189097192,4.16666666666667));
#6682=CARTESIAN_POINT('Ctrl Pts',(1.67013625041429,13.5202209037,-4.16666666666667));
#6683=CARTESIAN_POINT('Ctrl Pts',(1.67013625041429,13.5202209037,4.16666666666667));
#6684=CARTESIAN_POINT('Ctrl Pts',(1.66472424207857,13.52151833415,-4.16666666666667));
#6685=CARTESIAN_POINT('Ctrl Pts',(1.66472424207857,13.52151833415,4.16666666666667));
#6686=CARTESIAN_POINT('Ctrl Pts',(1.65930909886429,13.5228020722214,-4.16666666666667));
#6687=CARTESIAN_POINT('Ctrl Pts',(1.65930909886429,13.5228020722214,4.16666666666667));
#6688=CARTESIAN_POINT('Ctrl Pts',(1.65389079007143,13.5240723070357,-4.16666666666667));
#6689=CARTESIAN_POINT('Ctrl Pts',(1.65389079007143,13.5240723070357,4.16666666666667));
#6690=CARTESIAN_POINT('',(1.65389079007143,13.5240723070357,0.));
#6691=CARTESIAN_POINT('Ctrl Pts',(1.68094996004286,13.5175845888571,-4.16666666666667));
#6692=CARTESIAN_POINT('Ctrl Pts',(1.68094996004286,13.5175845888571,4.16666666666667));
#6693=CARTESIAN_POINT('Ctrl Pts',(1.67554481469286,13.5189097192,-4.16666666666667));
#6694=CARTESIAN_POINT('Ctrl Pts',(1.67554481469286,13.5189097192,4.16666666666667));
#6695=CARTESIAN_POINT('Ctrl Pts',(1.67013625041429,13.5202209037,-4.16666666666667));
#6696=CARTESIAN_POINT('Ctrl Pts',(1.67013625041429,13.5202209037,4.16666666666667));
#6697=CARTESIAN_POINT('Ctrl Pts',(1.66472424207857,13.52151833415,-4.16666666666667));
#6698=CARTESIAN_POINT('Ctrl Pts',(1.66472424207857,13.52151833415,4.16666666666667));
#6699=CARTESIAN_POINT('Ctrl Pts',(1.65930909886429,13.5228020722214,-4.16666666666667));
#6700=CARTESIAN_POINT('Ctrl Pts',(1.65930909886429,13.5228020722214,4.16666666666667));
#6701=CARTESIAN_POINT('Ctrl Pts',(1.65389079007143,13.5240723070357,-4.16666666666667));
#6702=CARTESIAN_POINT('Ctrl Pts',(1.65389079007143,13.5240723070357,4.16666666666667));
#6703=CARTESIAN_POINT('',(1.65389079007143,13.5240723070357,0.));
#6704=CARTESIAN_POINT('Origin',(6.29637071400858,9.28515364295702,0.));
#6705=CARTESIAN_POINT('',(1.38339639565902,13.2073639969234,0.));
#6706=CARTESIAN_POINT('Origin',(6.29637071400858,9.28515364295702,0.));
#6707=CARTESIAN_POINT('',(1.38339639565902,13.2073639969234,0.));
#6708=CARTESIAN_POINT('Ctrl Pts',(1.38339639565902,13.2073639969234,-4.16666666666667));
#6709=CARTESIAN_POINT('Ctrl Pts',(1.38339639565902,13.2073639969234,4.16666666666667));
#6710=CARTESIAN_POINT('Ctrl Pts',(1.38689984875943,13.1987757092101,-4.16666666666667));
#6711=CARTESIAN_POINT('Ctrl Pts',(1.38689984875943,13.1987757092101,4.16666666666667));
#6712=CARTESIAN_POINT('Ctrl Pts',(1.39044673137978,13.190205137869,-4.16666666666667));
#6713=CARTESIAN_POINT('Ctrl Pts',(1.39044673137978,13.190205137869,4.16666666666667));
#6714=CARTESIAN_POINT('Ctrl Pts',(1.39403686212743,13.1816527212113,-4.16666666666667));
#6715=CARTESIAN_POINT('Ctrl Pts',(1.39403686212743,13.1816527212113,4.16666666666667));
#6716=CARTESIAN_POINT('',(1.39403713981429,13.1816528377786,0.));
#6717=CARTESIAN_POINT('Ctrl Pts',(1.38339639565902,13.2073639969234,-4.16666666666667));
#6718=CARTESIAN_POINT('Ctrl Pts',(1.38339639565902,13.2073639969234,4.16666666666667));
#6719=CARTESIAN_POINT('Ctrl Pts',(1.38689984875943,13.1987757092101,-4.16666666666667));
#6720=CARTESIAN_POINT('Ctrl Pts',(1.38689984875943,13.1987757092101,4.16666666666667));
#6721=CARTESIAN_POINT('Ctrl Pts',(1.39044673137978,13.190205137869,-4.16666666666667));
#6722=CARTESIAN_POINT('Ctrl Pts',(1.39044673137978,13.190205137869,4.16666666666667));
#6723=CARTESIAN_POINT('Ctrl Pts',(1.39403686212743,13.1816527212113,-4.16666666666667));
#6724=CARTESIAN_POINT('Ctrl Pts',(1.39403686212743,13.1816527212113,4.16666666666667));
#6725=CARTESIAN_POINT('',(1.39403713981429,13.1816528377786,0.));
#6726=CARTESIAN_POINT('Origin',(-1.89893456049148,11.7991028558606,0.));
#6727=CARTESIAN_POINT('',(1.65730574629956,12.1281346944428,0.));
#6728=CARTESIAN_POINT('Origin',(-1.89893456049148,11.7991028558606,0.));
#6729=CARTESIAN_POINT('',(1.65730574629956,12.1281346944428,0.));
#6730=CARTESIAN_POINT('Origin',(0.335975936212674,15.4461453819443,0.));
#6731=CARTESIAN_POINT('',(0.599092760957109,11.8844215119714,0.));
#6732=CARTESIAN_POINT('Origin',(0.335975936212674,15.4461453819443,0.));
#6733=CARTESIAN_POINT('',(0.599092760957109,11.8844215119714,0.));
#6734=CARTESIAN_POINT('Ctrl Pts',(0.599092760957144,11.8844215119714,-4.16666666666667));
#6735=CARTESIAN_POINT('Ctrl Pts',(0.599092760957144,11.8844215119714,4.16666666666667));
#6736=CARTESIAN_POINT('Ctrl Pts',(0.593542674457144,11.8840115040429,-4.16666666666667));
#6737=CARTESIAN_POINT('Ctrl Pts',(0.593542674457144,11.8840115040429,4.16666666666667));
#6738=CARTESIAN_POINT('Ctrl Pts',(0.587993645864286,11.8835871763286,-4.16666666666667));
#6739=CARTESIAN_POINT('Ctrl Pts',(0.587993645864286,11.8835871763286,4.16666666666667));
#6740=CARTESIAN_POINT('Ctrl Pts',(0.582445592007144,11.8831487034643,-4.16666666666667));
#6741=CARTESIAN_POINT('Ctrl Pts',(0.582445592007144,11.8831487034643,4.16666666666667));
#6742=CARTESIAN_POINT('Ctrl Pts',(0.576898787885716,11.8826962396357,-4.16666666666667));
#6743=CARTESIAN_POINT('Ctrl Pts',(0.576898787885716,11.8826962396357,4.16666666666667));
#6744=CARTESIAN_POINT('Ctrl Pts',(0.571353145857143,11.8822299552429,-4.16666666666667));
#6745=CARTESIAN_POINT('Ctrl Pts',(0.571353145857143,11.8822299552429,4.16666666666667));
#6746=CARTESIAN_POINT('',(0.571353145857143,11.8822299552429,0.));
#6747=CARTESIAN_POINT('Ctrl Pts',(0.599092760957144,11.8844215119714,-4.16666666666667));
#6748=CARTESIAN_POINT('Ctrl Pts',(0.599092760957144,11.8844215119714,4.16666666666667));
#6749=CARTESIAN_POINT('Ctrl Pts',(0.593542674457144,11.8840115040429,-4.16666666666667));
#6750=CARTESIAN_POINT('Ctrl Pts',(0.593542674457144,11.8840115040429,4.16666666666667));
#6751=CARTESIAN_POINT('Ctrl Pts',(0.587993645864286,11.8835871763286,-4.16666666666667));
#6752=CARTESIAN_POINT('Ctrl Pts',(0.587993645864286,11.8835871763286,4.16666666666667));
#6753=CARTESIAN_POINT('Ctrl Pts',(0.582445592007144,11.8831487034643,-4.16666666666667));
#6754=CARTESIAN_POINT('Ctrl Pts',(0.582445592007144,11.8831487034643,4.16666666666667));
#6755=CARTESIAN_POINT('Ctrl Pts',(0.576898787885716,11.8826962396357,-4.16666666666667));
#6756=CARTESIAN_POINT('Ctrl Pts',(0.576898787885716,11.8826962396357,4.16666666666667));
#6757=CARTESIAN_POINT('Ctrl Pts',(0.571353145857143,11.8822299552429,-4.16666666666667));
#6758=CARTESIAN_POINT('Ctrl Pts',(0.571353145857143,11.8822299552429,4.16666666666667));
#6759=CARTESIAN_POINT('',(0.571353145857143,11.8822299552429,0.));
#6760=CARTESIAN_POINT('Origin',(6.29651183798971,9.28538392869459,0.));
#6761=CARTESIAN_POINT('',(0.411965939511393,11.4974350883882,0.));
#6762=CARTESIAN_POINT('Origin',(6.29651183798971,9.28538392869459,0.));
#6763=CARTESIAN_POINT('',(0.411965939511393,11.4974350883882,0.));
#6764=CARTESIAN_POINT('Ctrl Pts',(0.411965939511393,11.4974350883882,-4.16666666666667));
#6765=CARTESIAN_POINT('Ctrl Pts',(0.411965939511393,11.4974350883882,4.16666666666667));
#6766=CARTESIAN_POINT('Ctrl Pts',(0.417951848267862,11.4903497679438,-4.16666666666667));
#6767=CARTESIAN_POINT('Ctrl Pts',(0.417951848267862,11.4903497679438,4.16666666666667));
#6768=CARTESIAN_POINT('Ctrl Pts',(0.423973586291813,11.4832947172301,-4.16666666666667));
#6769=CARTESIAN_POINT('Ctrl Pts',(0.423973586291813,11.4832947172301,4.16666666666667));
#6770=CARTESIAN_POINT('Ctrl Pts',(0.430030845622987,11.4762702970522,-4.16666666666667));
#6771=CARTESIAN_POINT('Ctrl Pts',(0.430030845622987,11.4762702970522,4.16666666666667));
#6772=CARTESIAN_POINT('',(0.430031073686034,11.4762704937376,0.));
#6773=CARTESIAN_POINT('Ctrl Pts',(0.411965939511393,11.4974350883882,-4.16666666666667));
#6774=CARTESIAN_POINT('Ctrl Pts',(0.411965939511393,11.4974350883882,4.16666666666667));
#6775=CARTESIAN_POINT('Ctrl Pts',(0.417951848267862,11.4903497679438,-4.16666666666667));
#6776=CARTESIAN_POINT('Ctrl Pts',(0.417951848267862,11.4903497679438,4.16666666666667));
#6777=CARTESIAN_POINT('Ctrl Pts',(0.423973586291813,11.4832947172301,-4.16666666666667));
#6778=CARTESIAN_POINT('Ctrl Pts',(0.423973586291813,11.4832947172301,4.16666666666667));
#6779=CARTESIAN_POINT('Ctrl Pts',(0.430030845622987,11.4762702970522,-4.16666666666667));
#6780=CARTESIAN_POINT('Ctrl Pts',(0.430030845622987,11.4762702970522,4.16666666666667));
#6781=CARTESIAN_POINT('',(0.430031073686034,11.4762704937376,0.));
#6782=CARTESIAN_POINT('Origin',(-2.27453967986227,9.14380310693333,0.));
#6783=CARTESIAN_POINT('',(1.00596940772781,10.5556696720497,0.));
#6784=CARTESIAN_POINT('Origin',(-2.27453967986227,9.14380310693333,0.));
#6785=CARTESIAN_POINT('',(1.00596940772781,10.5556696720497,0.));
#6786=CARTESIAN_POINT('Origin',(-1.27601160837077,13.302971990888,0.));
#6787=CARTESIAN_POINT('',(0.0748605316630591,9.99687895298905,0.));
#6788=CARTESIAN_POINT('Origin',(-1.27601160837077,13.302971990888,0.));
#6789=CARTESIAN_POINT('',(0.0748605316630591,9.99687895298905,0.));
#6790=CARTESIAN_POINT('Ctrl Pts',(0.0748605316630591,9.99687895298905,-4.16666666666667));
#6791=CARTESIAN_POINT('Ctrl Pts',(0.0748605316630591,9.99687895298905,4.16666666666667));
#6792=CARTESIAN_POINT('Ctrl Pts',(0.0662743500302167,9.99337034213703,-4.16666666666667));
#6793=CARTESIAN_POINT('Ctrl Pts',(0.0662743500302167,9.99337034213703,4.16666666666667));
#6794=CARTESIAN_POINT('Ctrl Pts',(0.0577060150870309,9.98981805733255,-4.16666666666667));
#6795=CARTESIAN_POINT('Ctrl Pts',(0.0577060150870309,9.98981805733255,4.16666666666667));
#6796=CARTESIAN_POINT('Ctrl Pts',(0.0491559701940647,9.9862222823853,-4.16666666666667));
#6797=CARTESIAN_POINT('Ctrl Pts',(0.0491559701940647,9.9862222823853,4.16666666666667));
#6798=CARTESIAN_POINT('',(0.0491559701940647,9.9862222823853,0.));
#6799=CARTESIAN_POINT('Ctrl Pts',(0.0748605316630591,9.99687895298905,-4.16666666666667));
#6800=CARTESIAN_POINT('Ctrl Pts',(0.0748605316630591,9.99687895298905,4.16666666666667));
#6801=CARTESIAN_POINT('Ctrl Pts',(0.0662743500302167,9.99337034213703,-4.16666666666667));
#6802=CARTESIAN_POINT('Ctrl Pts',(0.0662743500302167,9.99337034213703,4.16666666666667));
#6803=CARTESIAN_POINT('Ctrl Pts',(0.0577060150870309,9.98981805733255,-4.16666666666667));
#6804=CARTESIAN_POINT('Ctrl Pts',(0.0577060150870309,9.98981805733255,4.16666666666667));
#6805=CARTESIAN_POINT('Ctrl Pts',(0.0491559701940647,9.9862222823853,-4.16666666666667));
#6806=CARTESIAN_POINT('Ctrl Pts',(0.0491559701940647,9.9862222823853,4.16666666666667));
#6807=CARTESIAN_POINT('',(0.0491559701940647,9.9862222823853,0.));
#6808=CARTESIAN_POINT('Origin',(6.29657488892862,9.28564655479774,0.));
#6809=CARTESIAN_POINT('',(0.0164777168999997,9.57100745858429,0.));
#6810=CARTESIAN_POINT('Origin',(6.29657488892862,9.28564655479774,0.));
#6811=CARTESIAN_POINT('',(0.0164777168999997,9.57100745858429,0.));
#6812=CARTESIAN_POINT('Ctrl Pts',(0.0164777168999997,9.57100745858429,-4.16666666666667));
#6813=CARTESIAN_POINT('Ctrl Pts',(0.0164777168999997,9.57100745858429,4.16666666666667));
#6814=CARTESIAN_POINT('Ctrl Pts',(0.0212072314428569,9.56807432734643,-4.16666666666667));
#6815=CARTESIAN_POINT('Ctrl Pts',(0.0212072314428569,9.56807432734643,4.16666666666667));
#6816=CARTESIAN_POINT('Ctrl Pts',(0.0259440558357138,9.56515298275071,-4.16666666666667));
#6817=CARTESIAN_POINT('Ctrl Pts',(0.0259440558357138,9.56515298275071,4.16666666666667));
#6818=CARTESIAN_POINT('Ctrl Pts',(0.0306883454857154,9.562243536825,-4.16666666666667));
#6819=CARTESIAN_POINT('Ctrl Pts',(0.0306883454857154,9.562243536825,4.16666666666667));
#6820=CARTESIAN_POINT('Ctrl Pts',(0.0354399254214288,9.55934625179929,-4.16666666666667));
#6821=CARTESIAN_POINT('Ctrl Pts',(0.0354399254214288,9.55934625179929,4.16666666666667));
#6822=CARTESIAN_POINT('Ctrl Pts',(0.0401989489999999,9.55646124551571,-4.16666666666667));
#6823=CARTESIAN_POINT('Ctrl Pts',(0.0401989489999999,9.55646124551571,4.16666666666667));
#6824=CARTESIAN_POINT('',(0.0401989489999999,9.55646124551571,0.));
#6825=CARTESIAN_POINT('Ctrl Pts',(0.0164777168999997,9.57100745858429,-4.16666666666667));
#6826=CARTESIAN_POINT('Ctrl Pts',(0.0164777168999997,9.57100745858429,4.16666666666667));
#6827=CARTESIAN_POINT('Ctrl Pts',(0.0212072314428569,9.56807432734643,-4.16666666666667));
#6828=CARTESIAN_POINT('Ctrl Pts',(0.0212072314428569,9.56807432734643,4.16666666666667));
#6829=CARTESIAN_POINT('Ctrl Pts',(0.0259440558357138,9.56515298275071,-4.16666666666667));
#6830=CARTESIAN_POINT('Ctrl Pts',(0.0259440558357138,9.56515298275071,4.16666666666667));
#6831=CARTESIAN_POINT('Ctrl Pts',(0.0306883454857154,9.562243536825,-4.16666666666667));
#6832=CARTESIAN_POINT('Ctrl Pts',(0.0306883454857154,9.562243536825,4.16666666666667));
#6833=CARTESIAN_POINT('Ctrl Pts',(0.0354399254214288,9.55934625179929,-4.16666666666667));
#6834=CARTESIAN_POINT('Ctrl Pts',(0.0354399254214288,9.55934625179929,4.16666666666667));
#6835=CARTESIAN_POINT('Ctrl Pts',(0.0401989489999999,9.55646124551571,-4.16666666666667));
#6836=CARTESIAN_POINT('Ctrl Pts',(0.0401989489999999,9.55646124551571,4.16666666666667));
#6837=CARTESIAN_POINT('',(0.0401989489999999,9.55646124551571,0.));
#6838=CARTESIAN_POINT('Origin',(-1.81122862859891,6.50239461294042,0.));
#6839=CARTESIAN_POINT('',(0.872430153413031,8.85889256795246,0.));
#6840=CARTESIAN_POINT('Origin',(-1.81122862859891,6.50239461294042,0.));
#6841=CARTESIAN_POINT('',(0.872430153413031,8.85889256795246,0.));
#6842=CARTESIAN_POINT('Origin',(-2.1468258674457,10.7665614261302,0.));
#6843=CARTESIAN_POINT('',(0.159568879042831,8.03972247501426,0.));
#6844=CARTESIAN_POINT('Origin',(-2.1468258674457,10.7665614261302,0.));
#6845=CARTESIAN_POINT('',(0.159568879042831,8.03972247501426,0.));
#6846=CARTESIAN_POINT('Ctrl Pts',(0.159568818016542,8.03972254716115,-4.16666666666667));
#6847=CARTESIAN_POINT('Ctrl Pts',(0.159568818016542,8.03972254716115,4.16666666666667));
#6848=CARTESIAN_POINT('Ctrl Pts',(0.152487094405141,8.03373238390621,-4.16666666666667));
#6849=CARTESIAN_POINT('Ctrl Pts',(0.152487094405141,8.03373238390621,4.16666666666667));
#6850=CARTESIAN_POINT('Ctrl Pts',(0.145435839998153,8.0277061991841,-4.16666666666667));
#6851=CARTESIAN_POINT('Ctrl Pts',(0.145435839998153,8.0277061991841,4.16666666666667));
#6852=CARTESIAN_POINT('Ctrl Pts',(0.138415419656227,8.0216443048142,-4.16666666666667));
#6853=CARTESIAN_POINT('Ctrl Pts',(0.138415419656227,8.0216443048142,4.16666666666667));
#6854=CARTESIAN_POINT('',(0.138415419656227,8.0216443048142,0.));
#6855=CARTESIAN_POINT('Ctrl Pts',(0.159568818016542,8.03972254716115,-4.16666666666667));
#6856=CARTESIAN_POINT('Ctrl Pts',(0.159568818016542,8.03972254716115,4.16666666666667));
#6857=CARTESIAN_POINT('Ctrl Pts',(0.152487094405141,8.03373238390621,-4.16666666666667));
#6858=CARTESIAN_POINT('Ctrl Pts',(0.152487094405141,8.03373238390621,4.16666666666667));
#6859=CARTESIAN_POINT('Ctrl Pts',(0.145435839998153,8.0277061991841,-4.16666666666667));
#6860=CARTESIAN_POINT('Ctrl Pts',(0.145435839998153,8.0277061991841,4.16666666666667));
#6861=CARTESIAN_POINT('Ctrl Pts',(0.138415419656227,8.0216443048142,-4.16666666666667));
#6862=CARTESIAN_POINT('Ctrl Pts',(0.138415419656227,8.0216443048142,4.16666666666667));
#6863=CARTESIAN_POINT('',(0.138415419656227,8.0216443048142,0.));
#6864=CARTESIAN_POINT('Origin',(6.29595567572695,9.28578036815274,0.));
#6865=CARTESIAN_POINT('',(0.191601177160105,7.78571432040975,0.));
#6866=CARTESIAN_POINT('Origin',(6.29595567572695,9.28578036815274,0.));
#6867=CARTESIAN_POINT('',(0.191601177160105,7.78571432040975,0.));
#6868=CARTESIAN_POINT('Origin',(7.77656142613016,17.7282544388743,0.));
#6869=CARTESIAN_POINT('',(5.04972247501426,15.4218596923857,0.));
#6870=CARTESIAN_POINT('',(5.86889256808648,14.7089984179357,0.));
#6871=CARTESIAN_POINT('Origin',(3.5123946129946,17.3926571999805,0.));
#6872=CARTESIAN_POINT('',(6.56646124551572,15.5412296224286,0.));
#6873=CARTESIAN_POINT('Ctrl Pts',(6.58100745858429,15.5649508545286,-4.16666666666667));
#6874=CARTESIAN_POINT('Ctrl Pts',(6.58100745858429,15.5649508545286,4.16666666666667));
#6875=CARTESIAN_POINT('Ctrl Pts',(6.57807432734643,15.5602213399857,-4.16666666666667));
#6876=CARTESIAN_POINT('Ctrl Pts',(6.57807432734643,15.5602213399857,4.16666666666667));
#6877=CARTESIAN_POINT('Ctrl Pts',(6.57515298275071,15.5554845155929,-4.16666666666667));
#6878=CARTESIAN_POINT('Ctrl Pts',(6.57515298275071,15.5554845155929,4.16666666666667));
#6879=CARTESIAN_POINT('Ctrl Pts',(6.572243536825,15.5507402259429,-4.16666666666667));
#6880=CARTESIAN_POINT('Ctrl Pts',(6.572243536825,15.5507402259429,4.16666666666667));
#6881=CARTESIAN_POINT('Ctrl Pts',(6.56934625179929,15.5459886460071,-4.16666666666667));
#6882=CARTESIAN_POINT('Ctrl Pts',(6.56934625179929,15.5459886460071,4.16666666666667));
#6883=CARTESIAN_POINT('Ctrl Pts',(6.56646124551572,15.5412296224286,-4.16666666666667));
#6884=CARTESIAN_POINT('Ctrl Pts',(6.56646124551572,15.5412296224286,4.16666666666667));
#6885=CARTESIAN_POINT('',(6.58100745900862,15.564950854527,0.));
#6886=CARTESIAN_POINT('Origin',(15.1524360303053,15.5649508545147,0.));
#6887=CARTESIAN_POINT('Origin',(14.8670751263786,9.28485368450373,0.));
#6888=CARTESIAN_POINT('',(15.5676511301429,15.53227271745,0.));
#6889=CARTESIAN_POINT('Ctrl Pts',(15.5783074369286,15.5065680040214,-4.16666666666667));
#6890=CARTESIAN_POINT('Ctrl Pts',(15.5783074369286,15.5065680040214,4.16666666666667));
#6891=CARTESIAN_POINT('Ctrl Pts',(15.5762024252143,15.5117197505357,-4.16666666666667));
#6892=CARTESIAN_POINT('Ctrl Pts',(15.5762024252143,15.5117197505357,4.16666666666667));
#6893=CARTESIAN_POINT('Ctrl Pts',(15.5740841214286,15.5168660658714,-4.16666666666667));
#6894=CARTESIAN_POINT('Ctrl Pts',(15.5740841214286,15.5168660658714,4.16666666666667));
#6895=CARTESIAN_POINT('Ctrl Pts',(15.571952666,15.5220070830571,-4.16666666666667));
#6896=CARTESIAN_POINT('Ctrl Pts',(15.571952666,15.5220070830571,4.16666666666667));
#6897=CARTESIAN_POINT('Ctrl Pts',(15.5698082905714,15.5271425882643,-4.16666666666667));
#6898=CARTESIAN_POINT('Ctrl Pts',(15.5698082905714,15.5271425882643,4.16666666666667));
#6899=CARTESIAN_POINT('Ctrl Pts',(15.5676511301429,15.53227271745,-4.16666666666667));
#6900=CARTESIAN_POINT('Ctrl Pts',(15.5676511301429,15.53227271745,4.16666666666667));
#6901=CARTESIAN_POINT('',(15.5783074369266,15.5065680040263,0.));
#6902=CARTESIAN_POINT('Origin',(18.8844005256914,16.857440157009,0.));
#6903=CARTESIAN_POINT('Origin',(23.4373962907199,9.42762517026861,0.));
#6904=CARTESIAN_POINT('',(20.6924121729285,7.14285714261954,0.));
#6905=CARTESIAN_POINT('Origin',(21.01,7.14285714285714,0.));
#6906=CARTESIAN_POINT('',(21.01,7.14285714285714,0.));
#6907=CARTESIAN_POINT('Origin',(21.01,4.57536461020714,0.));
#6908=CARTESIAN_POINT('',(21.01,4.57536461020714,0.));
#6909=CARTESIAN_POINT('Origin',(22.4385714285714,4.57536461020714,0.));
#6910=CARTESIAN_POINT('',(22.0828571428575,3.19178820340134,0.));
#6911=CARTESIAN_POINT('Origin',(21.905,2.5,0.));
#6912=CARTESIAN_POINT('',(21.905,1.78571428571429,0.));
#6913=CARTESIAN_POINT('Ctrl Pts',(20.6448767574286,1.7094867605,-4.16666666666667));
#6914=CARTESIAN_POINT('Ctrl Pts',(20.6448767574286,1.7094867605,4.16666666666667));
#6915=CARTESIAN_POINT('Ctrl Pts',(20.8921506486429,1.7324940965,-4.16666666666667));
#6916=CARTESIAN_POINT('Ctrl Pts',(20.8921506486429,1.7324940965,4.16666666666667));
#6917=CARTESIAN_POINT('Ctrl Pts',(21.1417999185,1.751620517,-4.16666666666667));
#6918=CARTESIAN_POINT('Ctrl Pts',(21.1417999185,1.751620517,4.16666666666667));
#6919=CARTESIAN_POINT('Ctrl Pts',(21.393824567,1.76686602207143,-4.16666666666667));
#6920=CARTESIAN_POINT('Ctrl Pts',(21.393824567,1.76686602207143,4.16666666666667));
#6921=CARTESIAN_POINT('Ctrl Pts',(21.6482245941429,1.77823061164286,-4.16666666666667));
#6922=CARTESIAN_POINT('Ctrl Pts',(21.6482245941429,1.77823061164286,4.16666666666667));
#6923=CARTESIAN_POINT('Ctrl Pts',(21.905,1.78571428571429,-4.16666666666667));
#6924=CARTESIAN_POINT('Ctrl Pts',(21.905,1.78571428571429,4.16666666666667));
#6925=CARTESIAN_POINT('',(20.6448767574248,1.70948676054055,0.));
#6926=CARTESIAN_POINT('Origin',(20.7242857142857,0.856030203285716,0.));
#6927=CARTESIAN_POINT('',(19.8671428571429,0.856030203285714,0.));
#6928=CARTESIAN_POINT('Origin',(19.8671428571429,0.,0.));
#6929=CARTESIAN_POINT('Origin',(0.,0.,0.));
#6930=CARTESIAN_POINT('',(0.,0.,0.));
#6931=CARTESIAN_POINT('Origin',(2.77555756156289E-16,0.178571428571428,
0.));
#6932=CARTESIAN_POINT('',(2.77555756156289E-16,0.178571428571428,0.));
#6933=CARTESIAN_POINT('Origin',(1.42857142857143,0.178571428571428,0.));
#6934=CARTESIAN_POINT('',(1.42857142857143,1.60714285714286,0.));
#6935=CARTESIAN_POINT('Origin',(1.42857142857143,2.5,0.));
#6936=CARTESIAN_POINT('',(1.97802197802033,3.20377409107002,0.));
#6937=CARTESIAN_POINT('Origin',(2.85714285714286,4.32981263677857,0.));
#6938=CARTESIAN_POINT('',(1.42857142857143,4.32981263677857,0.));
#6939=CARTESIAN_POINT('Origin',(1.42857142859118,5.83981761045909,0.));
#6940=CARTESIAN_POINT('',(1.42857142859118,5.83981761045909,0.));
#6941=CARTESIAN_POINT('Origin',(1.37305406190746,2.26881183695441,0.));
#6942=CARTESIAN_POINT('',(1.07575499966429,5.82785351695714,0.));
#6943=CARTESIAN_POINT('Ctrl Pts',(1.04801407025,5.82567866014286,-4.16666666666667));
#6944=CARTESIAN_POINT('Ctrl Pts',(1.04801407025,5.82567866014286,4.16666666666667));
#6945=CARTESIAN_POINT('Ctrl Pts',(1.05356437917857,5.82608564602143,-4.16666666666667));
#6946=CARTESIAN_POINT('Ctrl Pts',(1.05356437917857,5.82608564602143,4.16666666666667));
#6947=CARTESIAN_POINT('Ctrl Pts',(1.05911367387857,5.82650646411428,-4.16666666666667));
#6948=CARTESIAN_POINT('Ctrl Pts',(1.05911367387857,5.82650646411428,4.16666666666667));
#6949=CARTESIAN_POINT('Ctrl Pts',(1.06466201423571,5.82694129640714,-4.16666666666667));
#6950=CARTESIAN_POINT('Ctrl Pts',(1.06466201423571,5.82694129640714,4.16666666666667));
#6951=CARTESIAN_POINT('Ctrl Pts',(1.07020910456429,5.82739025219286,-4.16666666666667));
#6952=CARTESIAN_POINT('Ctrl Pts',(1.07020910456429,5.82739025219286,4.16666666666667));
#6953=CARTESIAN_POINT('Ctrl Pts',(1.07575499966429,5.82785351695714,-4.16666666666667));
#6954=CARTESIAN_POINT('Ctrl Pts',(1.07575499966429,5.82785351695714,4.16666666666667));
#6955=CARTESIAN_POINT('',(1.04801407025,5.82567866014286,0.));
#6956=CARTESIAN_POINT('Origin',(6.29645034005577,9.28616534045032,0.));
#6957=CARTESIAN_POINT('',(0.8303939261,6.18080245952143,0.));
#6958=CARTESIAN_POINT('Ctrl Pts',(0.844925856121429,6.20453244428571,-4.16666666666667));
#6959=CARTESIAN_POINT('Ctrl Pts',(0.844925856121429,6.20453244428571,4.16666666666667));
#6960=CARTESIAN_POINT('Ctrl Pts',(0.841995300514287,6.19980133337143,-4.16666666666667));
#6961=CARTESIAN_POINT('Ctrl Pts',(0.841995300514287,6.19980133337143,4.16666666666667));
#6962=CARTESIAN_POINT('Ctrl Pts',(0.839076951671429,6.19506266136429,-4.16666666666667));
#6963=CARTESIAN_POINT('Ctrl Pts',(0.839076951671429,6.19506266136429,4.16666666666667));
#6964=CARTESIAN_POINT('Ctrl Pts',(0.836170619435714,6.19031646362143,-4.16666666666667));
#6965=CARTESIAN_POINT('Ctrl Pts',(0.836170619435714,6.19031646362143,4.16666666666667));
#6966=CARTESIAN_POINT('Ctrl Pts',(0.833276340700001,6.18556305326428,-4.16666666666667));
#6967=CARTESIAN_POINT('Ctrl Pts',(0.833276340700001,6.18556305326428,4.16666666666667));
#6968=CARTESIAN_POINT('Ctrl Pts',(0.8303939261,6.18080245952143,-4.16666666666667));
#6969=CARTESIAN_POINT('Ctrl Pts',(0.8303939261,6.18080245952143,4.16666666666667));
#6970=CARTESIAN_POINT('',(0.844925856121411,6.20453244428568,0.));
#6971=CARTESIAN_POINT('Origin',(-2.19122547328973,8.08519522514314,0.));
#6972=CARTESIAN_POINT('',(1.26975973683459,7.20389574740671,0.));
#6973=CARTESIAN_POINT('Origin',(-0.554353520614139,4.13343684079855,0.));
#6974=CARTESIAN_POINT('',(0.262700250192859,7.61014939848572,0.));
#6975=CARTESIAN_POINT('Ctrl Pts',(0.235644990785715,7.61665340536429,-4.16666666666667));
#6976=CARTESIAN_POINT('Ctrl Pts',(0.235644990785715,7.61665340536429,4.16666666666667));
#6977=CARTESIAN_POINT('Ctrl Pts',(0.241049413814286,7.61532533215714,-4.16666666666667));
#6978=CARTESIAN_POINT('Ctrl Pts',(0.241049413814286,7.61532533215714,4.16666666666667));
#6979=CARTESIAN_POINT('Ctrl Pts',(0.246457146642858,7.61401072757857,-4.16666666666667));
#6980=CARTESIAN_POINT('Ctrl Pts',(0.246457146642858,7.61401072757857,4.16666666666667));
#6981=CARTESIAN_POINT('Ctrl Pts',(0.251868302464286,7.6127097462,-4.16666666666667));
#6982=CARTESIAN_POINT('Ctrl Pts',(0.251868302464286,7.6127097462,4.16666666666667));
#6983=CARTESIAN_POINT('Ctrl Pts',(0.257282633835715,7.61142258334286,-4.16666666666667));
#6984=CARTESIAN_POINT('Ctrl Pts',(0.257282633835715,7.61142258334286,4.16666666666667));
#6985=CARTESIAN_POINT('Ctrl Pts',(0.262700250192857,7.61014939848571,-4.16666666666667));
#6986=CARTESIAN_POINT('Ctrl Pts',(0.262700250192857,7.61014939848571,4.16666666666667));
#6987=CARTESIAN_POINT('',(0.235644990785715,7.61665340536429,0.));
#6988=CARTESIAN_POINT('Origin',(6.29655369577123,9.28591581020076,0.));
#6989=CARTESIAN_POINT('Origin',(1.14343684090542,16.135782092005,0.));
#6990=CARTESIAN_POINT('',(4.62014939848571,15.3187283212357,0.));
#6991=CARTESIAN_POINT('Ctrl Pts',(4.62665340536429,15.3457835806429,-4.16666666666667));
#6992=CARTESIAN_POINT('Ctrl Pts',(4.62665340536429,15.3457835806429,4.16666666666667));
#6993=CARTESIAN_POINT('Ctrl Pts',(4.62532533215714,15.3403791576143,-4.16666666666667));
#6994=CARTESIAN_POINT('Ctrl Pts',(4.62532533215714,15.3403791576143,4.16666666666667));
#6995=CARTESIAN_POINT('Ctrl Pts',(4.62401072757857,15.3349714247857,-4.16666666666667));
#6996=CARTESIAN_POINT('Ctrl Pts',(4.62401072757857,15.3349714247857,4.16666666666667));
#6997=CARTESIAN_POINT('Ctrl Pts',(4.6227097462,15.3295602689643,-4.16666666666667));
#6998=CARTESIAN_POINT('Ctrl Pts',(4.6227097462,15.3295602689643,4.16666666666667));
#6999=CARTESIAN_POINT('Ctrl Pts',(4.62142258334286,15.3241459375929,-4.16666666666667));
#7000=CARTESIAN_POINT('Ctrl Pts',(4.62142258334286,15.3241459375929,4.16666666666667));
#7001=CARTESIAN_POINT('Ctrl Pts',(4.62014939848572,15.3187283212357,-4.16666666666667));
#7002=CARTESIAN_POINT('Ctrl Pts',(4.62014939848572,15.3187283212357,4.16666666666667));
#7003=CARTESIAN_POINT('',(4.62665340594041,15.3457835808015,0.));
#7004=CARTESIAN_POINT('Origin',(6.29591581020076,9.28487487565734,0.));
#7005=CARTESIAN_POINT('',(5.03164453171429,15.4430133476929,0.));
#7006=CARTESIAN_POINT('Ctrl Pts',(5.04972247501429,15.4218596923857,-4.16666666666667));
#7007=CARTESIAN_POINT('Ctrl Pts',(5.04972247501429,15.4218596923857,4.16666666666667));
#7008=CARTESIAN_POINT('Ctrl Pts',(5.04612851264286,15.4261088100714,-4.16666666666667));
#7009=CARTESIAN_POINT('Ctrl Pts',(5.04612851264286,15.4261088100714,4.16666666666667));
#7010=CARTESIAN_POINT('Ctrl Pts',(5.04252358713572,15.4303486549357,-4.16666666666667));
#7011=CARTESIAN_POINT('Ctrl Pts',(5.04252358713572,15.4303486549357,4.16666666666667));
#7012=CARTESIAN_POINT('Ctrl Pts',(5.0389077909,15.4345793969071,-4.16666666666667));
#7013=CARTESIAN_POINT('Ctrl Pts',(5.0389077909,15.4345793969071,4.16666666666667));
#7014=CARTESIAN_POINT('Ctrl Pts',(5.03528141032143,15.4388009041357,-4.16666666666667));
#7015=CARTESIAN_POINT('Ctrl Pts',(5.03528141032143,15.4388009041357,4.16666666666667));
#7016=CARTESIAN_POINT('Ctrl Pts',(5.03164453171429,15.4430133476929,-4.16666666666667));
#7017=CARTESIAN_POINT('Ctrl Pts',(5.03164453171429,15.4430133476929,4.16666666666667));
#7018=CARTESIAN_POINT('',(0.,1.11022302462516E-16,0.));
#7019=CARTESIAN_POINT('',(-9.71445146547012E-17,-2.22044604925031E-16,0.));
#7020=CARTESIAN_POINT('',(0.,0.,0.));
#7021=CARTESIAN_POINT('Origin',(0.,0.,3.9));
#7022=CARTESIAN_POINT('',(2.71293199325011,1.5,3.9));
#7023=CARTESIAN_POINT('',(2.71293199325011,-1.5,3.9));
#7024=CARTESIAN_POINT('Origin',(0.,0.,3.9));
#7025=CARTESIAN_POINT('',(2.71293199325011,1.5,1.8));
#7026=CARTESIAN_POINT('',(2.71293199325011,1.5,3.9));
#7027=CARTESIAN_POINT('',(2.71293199325011,-1.5,1.8));
#7028=CARTESIAN_POINT('Origin',(0.,0.,1.8));
#7029=CARTESIAN_POINT('',(2.71293199325011,-1.5,3.9));
#7030=CARTESIAN_POINT('Origin',(-0.0500000000000003,1.81705044237752E-14,
3.9));
#7031=CARTESIAN_POINT('',(-0.0249999999999943,-1.49979165219706,3.9));
#7032=CARTESIAN_POINT('',(-0.0249999999986319,1.49979165219708,3.9));
#7033=CARTESIAN_POINT('Origin',(-0.0500000000000003,1.81705044237752E-14,
3.9));
#7034=CARTESIAN_POINT('',(-0.0249999999999943,-1.49979165219706,1.8));
#7035=CARTESIAN_POINT('',(-0.0250000000000039,-1.49979165219706,3.9));
#7036=CARTESIAN_POINT('',(-0.0249999999986319,1.49979165219708,1.8));
#7037=CARTESIAN_POINT('Origin',(-0.0500000000000003,1.81705044237752E-14,
1.8));
#7038=CARTESIAN_POINT('',(-0.0249999999989139,1.49979165219708,3.9));
#7039=CARTESIAN_POINT('Origin',(1.5375,0.,1.8));
#7040=CARTESIAN_POINT('',(-9.10729824887824E-17,-1.5,1.8));
#7041=CARTESIAN_POINT('Origin',(0.,0.,1.8));
#7042=CARTESIAN_POINT('',(0.768750000000001,-1.5,1.8));
#7043=CARTESIAN_POINT('',(2.77555756156289E-16,1.5,1.8));
#7044=CARTESIAN_POINT('',(6.66875,1.5,1.8));
#7045=CARTESIAN_POINT('Origin',(0.,0.,1.8));
#7046=CARTESIAN_POINT('Origin',(11.8,1.5,0.));
#7047=CARTESIAN_POINT('',(11.8,1.5,3.9));
#7048=CARTESIAN_POINT('',(0.,1.5,3.9));
#7049=CARTESIAN_POINT('',(11.8,1.5,0.));
#7050=CARTESIAN_POINT('',(11.8,1.5,0.));
#7051=CARTESIAN_POINT('',(0.,1.5,0.));
#7052=CARTESIAN_POINT('',(0.,1.5,0.));
#7053=CARTESIAN_POINT('',(0.,1.5,0.));
#7054=CARTESIAN_POINT('Origin',(0.,-1.5,0.));
#7055=CARTESIAN_POINT('',(0.,-1.5,0.));
#7056=CARTESIAN_POINT('',(0.,-1.5,0.));
#7057=CARTESIAN_POINT('',(11.8,-1.5,0.));
#7058=CARTESIAN_POINT('',(0.,-1.5,0.));
#7059=CARTESIAN_POINT('',(11.8,-1.5,3.9));
#7060=CARTESIAN_POINT('',(11.8,-1.5,0.));
#7061=CARTESIAN_POINT('',(0.,-1.5,3.9));
#7062=CARTESIAN_POINT('Origin',(5.9,0.,3.9));
#7063=CARTESIAN_POINT('Origin',(0.,0.,3.9));
#7064=CARTESIAN_POINT('',(-1.05,-1.28587913910472E-16,3.9));
#7065=CARTESIAN_POINT('Origin',(0.,0.,3.9));
#7066=CARTESIAN_POINT('Origin',(5.9,0.,3.9));
#7067=CARTESIAN_POINT('Origin',(11.8,-2.93704316519053E-32,3.9));
#7068=CARTESIAN_POINT('',(10.75,-1.28587913910472E-16,3.9));
#7069=CARTESIAN_POINT('Origin',(11.8,-2.93704316519053E-32,3.9));
#7070=CARTESIAN_POINT('Origin',(11.8,-2.93704316519053E-32,0.));
#7071=CARTESIAN_POINT('',(10.75,-1.28587913910472E-16,0.));
#7072=CARTESIAN_POINT('',(10.75,-1.28587913910472E-16,0.));
#7073=CARTESIAN_POINT('Origin',(11.8,-2.93704316519053E-32,0.));
#7074=CARTESIAN_POINT('Origin',(0.,0.,0.));
#7075=CARTESIAN_POINT('',(-1.05,-1.28587913910472E-16,0.));
#7076=CARTESIAN_POINT('',(-1.05,-1.28587913910472E-16,0.));
#7077=CARTESIAN_POINT('Origin',(0.,0.,0.));
#7078=CARTESIAN_POINT('Origin',(0.,0.,0.));
#7079=CARTESIAN_POINT('Origin',(0.,0.,0.));
#7080=CARTESIAN_POINT('Origin',(11.8,-2.93704316519053E-32,0.));
#7081=CARTESIAN_POINT('Origin',(11.8,-2.93704316519053E-32,0.));
#7082=CARTESIAN_POINT('Origin',(5.9,0.,0.));
#7083=CARTESIAN_POINT('',(-14.8662823116138,-9.28578201198076,1.95));
#7084=CARTESIAN_POINT('',(17.0891096536597,9.40894987576181,1.94999999999998));
#7085=CARTESIAN_POINT('',(-2.69805830091779E-16,8.71416898791374E-17,-4.30280984325256E-16));
#7086=UNCERTAINTY_MEASURE_WITH_UNIT(LENGTH_MEASURE(0.01),#7098,
'DISTANCE_ACCURACY_VALUE',
'Maximum model space distance between geometric entities at asserted c
onnectivities');
#7087=UNCERTAINTY_MEASURE_WITH_UNIT(LENGTH_MEASURE(0.01),#7098,
'DISTANCE_ACCURACY_VALUE',
'Maximum model space distance between geometric entities at asserted c
onnectivities');
#7088=UNCERTAINTY_MEASURE_WITH_UNIT(LENGTH_MEASURE(0.01),#7098,
'DISTANCE_ACCURACY_VALUE',
'Maximum model space distance between geometric entities at asserted c
onnectivities');
#7089=UNCERTAINTY_MEASURE_WITH_UNIT(LENGTH_MEASURE(0.01),#7098,
'DISTANCE_ACCURACY_VALUE',
'Maximum model space distance between geometric entities at asserted c
onnectivities');
#7090=UNCERTAINTY_MEASURE_WITH_UNIT(LENGTH_MEASURE(0.01),#7098,
'DISTANCE_ACCURACY_VALUE',
'Maximum model space distance between geometric entities at asserted c
onnectivities');
#7091=UNCERTAINTY_MEASURE_WITH_UNIT(LENGTH_MEASURE(0.01),#7098,
'DISTANCE_ACCURACY_VALUE',
'Maximum model space distance between geometric entities at asserted c
onnectivities');
#7092=(
GEOMETRIC_REPRESENTATION_CONTEXT(3)
GLOBAL_UNCERTAINTY_ASSIGNED_CONTEXT((#7086))
GLOBAL_UNIT_ASSIGNED_CONTEXT((#7098,#7100,#7101))
REPRESENTATION_CONTEXT('','3D')
);
#7093=(
GEOMETRIC_REPRESENTATION_CONTEXT(3)
GLOBAL_UNCERTAINTY_ASSIGNED_CONTEXT((#7087))
GLOBAL_UNIT_ASSIGNED_CONTEXT((#7098,#7100,#7101))
REPRESENTATION_CONTEXT('','3D')
);
#7094=(
GEOMETRIC_REPRESENTATION_CONTEXT(3)
GLOBAL_UNCERTAINTY_ASSIGNED_CONTEXT((#7088))
GLOBAL_UNIT_ASSIGNED_CONTEXT((#7098,#7100,#7101))
REPRESENTATION_CONTEXT('','3D')
);
#7095=(
GEOMETRIC_REPRESENTATION_CONTEXT(3)
GLOBAL_UNCERTAINTY_ASSIGNED_CONTEXT((#7089))
GLOBAL_UNIT_ASSIGNED_CONTEXT((#7098,#7100,#7101))
REPRESENTATION_CONTEXT('','3D')
);
#7096=(
GEOMETRIC_REPRESENTATION_CONTEXT(3)
GLOBAL_UNCERTAINTY_ASSIGNED_CONTEXT((#7090))
GLOBAL_UNIT_ASSIGNED_CONTEXT((#7098,#7100,#7101))
REPRESENTATION_CONTEXT('','3D')
);
#7097=(
GEOMETRIC_REPRESENTATION_CONTEXT(3)
GLOBAL_UNCERTAINTY_ASSIGNED_CONTEXT((#7091))
GLOBAL_UNIT_ASSIGNED_CONTEXT((#7098,#7100,#7101))
REPRESENTATION_CONTEXT('','3D')
);
#7098=(
LENGTH_UNIT()
NAMED_UNIT(*)
SI_UNIT(.MILLI.,.METRE.)
);
#7099=(
LENGTH_UNIT()
NAMED_UNIT(*)
SI_UNIT($,.METRE.)
);
#7100=(
NAMED_UNIT(*)
PLANE_ANGLE_UNIT()
SI_UNIT($,.RADIAN.)
);
#7101=(
NAMED_UNIT(*)
SI_UNIT($,.STERADIAN.)
SOLID_ANGLE_UNIT()
);
#7102=SHAPE_DEFINITION_REPRESENTATION(#7107,#7117);
#7103=SHAPE_DEFINITION_REPRESENTATION(#7108,#7118);
#7104=SHAPE_DEFINITION_REPRESENTATION(#7109,#7119);
#7105=SHAPE_DEFINITION_REPRESENTATION(#7110,#7120);
#7106=SHAPE_DEFINITION_REPRESENTATION(#7113,#7121);
#7107=PRODUCT_DEFINITION_SHAPE('',$,#7123);
#7108=PRODUCT_DEFINITION_SHAPE('',$,#7124);
#7109=PRODUCT_DEFINITION_SHAPE('',$,#7125);
#7110=PRODUCT_DEFINITION_SHAPE('',$,#7126);
#7111=PRODUCT_DEFINITION_SHAPE($,$,#26);
#7112=PRODUCT_DEFINITION_SHAPE($,$,#27);
#7113=PRODUCT_DEFINITION_SHAPE('',$,#7127);
#7114=PRODUCT_DEFINITION_SHAPE($,$,#28);
#7115=PRODUCT_DEFINITION_SHAPE($,$,#29);
#7116=PRODUCT_DEFINITION_SHAPE($,$,#30);
#7117=SHAPE_REPRESENTATION('',(#3752,#4133,#4134,#4135),#7092);
#7118=SHAPE_REPRESENTATION('',(#3753,#4104),#7093);
#7119=SHAPE_REPRESENTATION('',(#3754,#4105),#7094);
#7120=SHAPE_REPRESENTATION('',(#3755),#7095);
#7121=SHAPE_REPRESENTATION('',(#4106),#7096);
#7122=PRODUCT_DEFINITION_CONTEXT('part definition',#7139,'design');
#7123=PRODUCT_DEFINITION('Visualising Gear Motion',
'Visualising Gear Motion v2',#7128,#7122);
#7124=PRODUCT_DEFINITION('dovetail cover 3','dovetail cover 3 v15',#7129,
#7122);
#7125=PRODUCT_DEFINITION('dovetail cover 3_1','dovetail cover 3 v15',#7130,
#7122);
#7126=PRODUCT_DEFINITION('Middle Gear','Middle Gear',#7131,#7122);
#7127=PRODUCT_DEFINITION('phalange connector 11.80 mm',
'phalange connector 11.80 mm v6',#7132,#7122);
#7128=PRODUCT_DEFINITION_FORMATION('',$,#7141);
#7129=PRODUCT_DEFINITION_FORMATION('',$,#7142);
#7130=PRODUCT_DEFINITION_FORMATION('',$,#7143);
#7131=PRODUCT_DEFINITION_FORMATION('',$,#7144);
#7132=PRODUCT_DEFINITION_FORMATION('',$,#7145);
#7133=PRODUCT_RELATED_PRODUCT_CATEGORY('Visualising Gear Motion v2',
'Visualising Gear Motion v2',(#7141));
#7134=PRODUCT_RELATED_PRODUCT_CATEGORY('dovetail cover 3 v15',
'dovetail cover 3 v15',(#7142));
#7135=PRODUCT_RELATED_PRODUCT_CATEGORY('dovetail cover 3 v15',
'dovetail cover 3 v15',(#7143));
#7136=PRODUCT_RELATED_PRODUCT_CATEGORY('Middle Gear','Middle Gear',(#7144));
#7137=PRODUCT_RELATED_PRODUCT_CATEGORY('phalange connector 11.80 mm v6',
'phalange connector 11.80 mm v6',(#7145));
#7138=APPLICATION_PROTOCOL_DEFINITION('international standard',
'automotive_design',2009,#7139);
#7139=APPLICATION_CONTEXT(
'Core Data for Automotive Mechanical Design Process');
#7140=PRODUCT_CONTEXT('part definition',#7139,'mechanical');
#7141=PRODUCT('Visualising Gear Motion','Visualising Gear Motion v2',$,
(#7140));
#7142=PRODUCT('dovetail cover 3','dovetail cover 3 v15',$,(#7140));
#7143=PRODUCT('dovetail cover 3_1','dovetail cover 3 v15',$,(#7140));
#7144=PRODUCT('Middle Gear','Middle Gear',$,(#7140));
#7145=PRODUCT('phalange connector 11.80 mm',
'phalange connector 11.80 mm v6',$,(#7140));
#7146=PRESENTATION_STYLE_ASSIGNMENT((#7153));
#7147=PRESENTATION_STYLE_ASSIGNMENT((#7154));
#7148=PRESENTATION_STYLE_ASSIGNMENT((#7155));
#7149=PRESENTATION_STYLE_ASSIGNMENT((#7156));
#7150=PRESENTATION_STYLE_ASSIGNMENT((#7157));
#7151=PRESENTATION_STYLE_ASSIGNMENT((#7158));
#7152=PRESENTATION_STYLE_ASSIGNMENT((#7159));
#7153=SURFACE_STYLE_USAGE(.BOTH.,#7160);
#7154=SURFACE_STYLE_USAGE(.BOTH.,#7161);
#7155=SURFACE_STYLE_USAGE(.BOTH.,#7162);
#7156=SURFACE_STYLE_USAGE(.BOTH.,#7163);
#7157=SURFACE_STYLE_USAGE(.BOTH.,#7164);
#7158=SURFACE_STYLE_USAGE(.BOTH.,#7165);
#7159=SURFACE_STYLE_USAGE(.BOTH.,#7166);
#7160=SURFACE_SIDE_STYLE('',(#7167));
#7161=SURFACE_SIDE_STYLE('',(#7168));
#7162=SURFACE_SIDE_STYLE('',(#7169));
#7163=SURFACE_SIDE_STYLE('',(#7170));
#7164=SURFACE_SIDE_STYLE('',(#7171));
#7165=SURFACE_SIDE_STYLE('',(#7172));
#7166=SURFACE_SIDE_STYLE('',(#7173));
#7167=SURFACE_STYLE_FILL_AREA(#7174);
#7168=SURFACE_STYLE_FILL_AREA(#7175);
#7169=SURFACE_STYLE_FILL_AREA(#7176);
#7170=SURFACE_STYLE_FILL_AREA(#7177);
#7171=SURFACE_STYLE_FILL_AREA(#7178);
#7172=SURFACE_STYLE_FILL_AREA(#7179);
#7173=SURFACE_STYLE_FILL_AREA(#7180);
#7174=FILL_AREA_STYLE('Opaque(255,191,0)',(#7181));
#7175=FILL_AREA_STYLE('Steel - Satin',(#7182));
#7176=FILL_AREA_STYLE('Opaque(119,109,69)',(#7183));
#7177=FILL_AREA_STYLE('Opaque(255,190,0)',(#7184));
#7178=FILL_AREA_STYLE('Transparent(54,155,54)',(#7185));
#7179=FILL_AREA_STYLE('Opaque(215,15,15)',(#7186));
#7180=FILL_AREA_STYLE('ABS (White)',(#7187));
#7181=FILL_AREA_STYLE_COLOUR('Opaque(255,191,0)',#7188);
#7182=FILL_AREA_STYLE_COLOUR('Steel - Satin',#7189);
#7183=FILL_AREA_STYLE_COLOUR('Opaque(119,109,69)',#7190);
#7184=FILL_AREA_STYLE_COLOUR('Opaque(255,190,0)',#7191);
#7185=FILL_AREA_STYLE_COLOUR('Transparent(54,155,54)',#7192);
#7186=FILL_AREA_STYLE_COLOUR('Opaque(215,15,15)',#7193);
#7187=FILL_AREA_STYLE_COLOUR('ABS (White)',#7194);
#7188=COLOUR_RGB('Opaque(255,191,0)',1.,0.749019607843137,0.);
#7189=COLOUR_RGB('Steel - Satin',0.627450980392157,0.627450980392157,0.627450980392157);
#7190=COLOUR_RGB('Opaque(119,109,69)',0.470588235294118,0.431372549019608,
0.274509803921569);
#7191=COLOUR_RGB('Opaque(255,190,0)',1.,0.749019607843137,0.);
#7192=COLOUR_RGB('Transparent(54,155,54)',0.215686274509804,0.607843137254902,
0.215686274509804);
#7193=COLOUR_RGB('Opaque(215,15,15)',0.843137254901961,0.0588235294117647,
0.0588235294117647);
#7194=COLOUR_RGB('ABS (White)',1.,0.847058823529412,0.56078431372549);
ENDSEC;
END-ISO-10303-21;
