ISO-10303-21;
HEADER;
/* Generated by software containing ST-Developer
 * from STEP Tools, Inc. (www.steptools.com) 
 */

FILE_DESCRIPTION(
/* description */ (''),
/* implementation_level */ '2;1');

FILE_NAME(
/* name */ 'Wrist - Exploded.step',
/* time_stamp */ '2026-03-10T17:21:05Z',
/* author */ (''),
/* organization */ (''),
/* preprocessor_version */ 'ST-DEVELOPER v20.1',
/* originating_system */ 'Autodesk Translation Framework v14.21.0.0',
/* authorisation */ '');

FILE_SCHEMA (('AUTOMOTIVE_DESIGN { 1 0 10303 214 3 1 1 }'));
ENDSEC;

DATA;
#10=MECHANICAL_DESIGN_GEOMETRIC_PRESENTATION_REPRESENTATION('',(#352,#353,
#354,#355,#356,#357,#358,#359,#360,#361,#362,#363,#364,#365,#366),#13448);
#11=(
BOUNDED_CURVE()
B_SPLINE_CURVE(5,(#10425,#10426,#10427,#10428,#10429,#10430,#10431,#10432,
#10433,#10434),.UNSPECIFIED.,.F.,.F.)
B_SPLINE_CURVE_WITH_KNOTS((6,1,1,1,1,6),(0.,0.2,0.4,0.6,0.8,1.),
 .UNSPECIFIED.)
CURVE()
GEOMETRIC_REPRESENTATION_ITEM()
RATIONAL_B_SPLINE_CURVE((1.,1.,1.,1.,1.,1.,1.,1.,1.,1.))
REPRESENTATION_ITEM('')
);
#12=(
BOUNDED_CURVE()
B_SPLINE_CURVE(5,(#10457,#10458,#10459,#10460,#10461,#10462,#10463,#10464,
#10465,#10466),.UNSPECIFIED.,.F.,.F.)
B_SPLINE_CURVE_WITH_KNOTS((6,1,1,1,1,6),(0.,0.2,0.4,0.6,0.8,1.),
 .UNSPECIFIED.)
CURVE()
GEOMETRIC_REPRESENTATION_ITEM()
RATIONAL_B_SPLINE_CURVE((1.,1.,1.,1.,1.,1.,1.,1.,1.,1.))
REPRESENTATION_ITEM('')
);
#13=(
BOUNDED_CURVE()
B_SPLINE_CURVE(5,(#12284,#12285,#12286,#12287,#12288,#12289,#12290,#12291,
#12292,#12293),.UNSPECIFIED.,.F.,.F.)
B_SPLINE_CURVE_WITH_KNOTS((6,1,1,1,1,6),(-1.,-0.8,-0.6,-0.4,-0.2,0.),
 .UNSPECIFIED.)
CURVE()
GEOMETRIC_REPRESENTATION_ITEM()
RATIONAL_B_SPLINE_CURVE((1.,1.,1.,1.,1.,1.,1.,1.,1.,1.))
REPRESENTATION_ITEM('')
);
#14=(
BOUNDED_CURVE()
B_SPLINE_CURVE(5,(#12294,#12295,#12296,#12297,#12298,#12299,#12300,#12301,
#12302,#12303),.UNSPECIFIED.,.F.,.F.)
B_SPLINE_CURVE_WITH_KNOTS((6,1,1,1,1,6),(0.,0.2,0.4,0.6,0.8,1.),
 .UNSPECIFIED.)
CURVE()
GEOMETRIC_REPRESENTATION_ITEM()
RATIONAL_B_SPLINE_CURVE((1.,1.,1.,1.,1.,1.,1.,1.,1.,1.))
REPRESENTATION_ITEM('')
);
#15=(
BOUNDED_CURVE()
B_SPLINE_CURVE(5,(#12333,#12334,#12335,#12336,#12337,#12338,#12339,#12340,
#12341,#12342),.UNSPECIFIED.,.F.,.F.)
B_SPLINE_CURVE_WITH_KNOTS((6,1,1,1,1,6),(0.,0.2,0.4,0.6,0.8,1.),
 .UNSPECIFIED.)
CURVE()
GEOMETRIC_REPRESENTATION_ITEM()
RATIONAL_B_SPLINE_CURVE((1.,1.,1.,1.,1.,1.,1.,1.,1.,1.))
REPRESENTATION_ITEM('')
);
#16=(
BOUNDED_CURVE()
B_SPLINE_CURVE(5,(#12344,#12345,#12346,#12347,#12348,#12349,#12350,#12351,
#12352,#12353),.UNSPECIFIED.,.F.,.F.)
B_SPLINE_CURVE_WITH_KNOTS((6,1,1,1,1,6),(-1.,-0.8,-0.6,-0.4,-0.2,0.),
 .UNSPECIFIED.)
CURVE()
GEOMETRIC_REPRESENTATION_ITEM()
RATIONAL_B_SPLINE_CURVE((1.,1.,1.,1.,1.,1.,1.,1.,1.,1.))
REPRESENTATION_ITEM('')
);
#17=(
BOUNDED_CURVE()
B_SPLINE_CURVE(5,(#12386,#12387,#12388,#12389,#12390,#12391,#12392,#12393,
#12394,#12395),.UNSPECIFIED.,.F.,.F.)
B_SPLINE_CURVE_WITH_KNOTS((6,1,1,1,1,6),(0.,0.2,0.4,0.6,0.8,1.),
 .UNSPECIFIED.)
CURVE()
GEOMETRIC_REPRESENTATION_ITEM()
RATIONAL_B_SPLINE_CURVE((1.,1.,1.,1.,1.,1.,1.,1.,1.,1.))
REPRESENTATION_ITEM('')
);
#18=(
BOUNDED_CURVE()
B_SPLINE_CURVE(5,(#12399,#12400,#12401,#12402,#12403,#12404,#12405,#12406,
#12407,#12408),.UNSPECIFIED.,.F.,.F.)
B_SPLINE_CURVE_WITH_KNOTS((6,1,1,1,1,6),(-1.,-0.8,-0.6,-0.4,-0.2,0.),
 .UNSPECIFIED.)
CURVE()
GEOMETRIC_REPRESENTATION_ITEM()
RATIONAL_B_SPLINE_CURVE((1.,1.,1.,1.,1.,1.,1.,1.,1.,1.))
REPRESENTATION_ITEM('')
);
#19=(
BOUNDED_CURVE()
B_SPLINE_CURVE(5,(#12436,#12437,#12438,#12439,#12440,#12441,#12442,#12443,
#12444,#12445),.UNSPECIFIED.,.F.,.F.)
B_SPLINE_CURVE_WITH_KNOTS((6,1,1,1,1,6),(0.,0.2,0.4,0.6,0.8,1.),
 .UNSPECIFIED.)
CURVE()
GEOMETRIC_REPRESENTATION_ITEM()
RATIONAL_B_SPLINE_CURVE((1.,1.,1.,1.,1.,1.,1.,1.,1.,1.))
REPRESENTATION_ITEM('')
);
#20=(
BOUNDED_CURVE()
B_SPLINE_CURVE(5,(#12447,#12448,#12449,#12450,#12451,#12452,#12453,#12454,
#12455,#12456),.UNSPECIFIED.,.F.,.F.)
B_SPLINE_CURVE_WITH_KNOTS((6,1,1,1,1,6),(0.,0.2,0.4,0.6,0.8,1.),
 .UNSPECIFIED.)
CURVE()
GEOMETRIC_REPRESENTATION_ITEM()
RATIONAL_B_SPLINE_CURVE((1.,1.,1.,1.,1.,1.,1.,1.,1.,1.))
REPRESENTATION_ITEM('')
);
#21=(
BOUNDED_CURVE()
B_SPLINE_CURVE(5,(#12465,#12466,#12467,#12468,#12469,#12470,#12471,#12472,
#12473,#12474),.UNSPECIFIED.,.F.,.F.)
B_SPLINE_CURVE_WITH_KNOTS((6,1,1,1,1,6),(-1.,-0.8,-0.6,-0.4,-0.2,0.),
 .UNSPECIFIED.)
CURVE()
GEOMETRIC_REPRESENTATION_ITEM()
RATIONAL_B_SPLINE_CURVE((1.,1.,1.,1.,1.,1.,1.,1.,1.,1.))
REPRESENTATION_ITEM('')
);
#22=(
BOUNDED_CURVE()
B_SPLINE_CURVE(5,(#12529,#12530,#12531,#12532,#12533,#12534,#12535,#12536,
#12537,#12538),.UNSPECIFIED.,.F.,.F.)
B_SPLINE_CURVE_WITH_KNOTS((6,1,1,1,1,6),(-1.,-0.8,-0.6,-0.4,-0.2,0.),
 .UNSPECIFIED.)
CURVE()
GEOMETRIC_REPRESENTATION_ITEM()
RATIONAL_B_SPLINE_CURVE((1.,1.,1.,1.,1.,1.,1.,1.,1.,1.))
REPRESENTATION_ITEM('')
);
#23=(
BOUNDED_SURFACE()
B_SPLINE_SURFACE(5,1,((#9791,#9792),(#9793,#9794),(#9795,#9796),(#9797,
#9798),(#9799,#9800),(#9801,#9802),(#9803,#9804),(#9805,#9806),(#9807,#9808),
(#9809,#9810)),.UNSPECIFIED.,.F.,.F.,.F.)
B_SPLINE_SURFACE_WITH_KNOTS((6,1,1,1,1,6),(2,2),(0.,0.2,0.4,0.6,0.8,1.),
(-1.,1.),.UNSPECIFIED.)
GEOMETRIC_REPRESENTATION_ITEM()
RATIONAL_B_SPLINE_SURFACE(((1.,1.),(1.,1.),(1.,1.),(1.,1.),(1.,1.),(1.,
1.),(1.,1.),(1.,1.),(1.,1.),(1.,1.)))
REPRESENTATION_ITEM('')
SURFACE()
);
#24=(
BOUNDED_SURFACE()
B_SPLINE_SURFACE(1,2,((#9933,#9934,#9935,#9936,#9937),(#9938,#9939,#9940,
#9941,#9942)),.UNSPECIFIED.,.F.,.F.,.F.)
B_SPLINE_SURFACE_WITH_KNOTS((2,2),(3,2,3),(-0.27027027027027,0.27027027027027),
(-1.5707963267949,0.,1.5707963267949),.UNSPECIFIED.)
GEOMETRIC_REPRESENTATION_ITEM()
RATIONAL_B_SPLINE_SURFACE(((1.,0.707106781186547,1.,0.707106781186547,1.),
(1.,0.707106781186547,1.,0.707106781186547,1.)))
REPRESENTATION_ITEM('')
SURFACE()
);
#25=(
BOUNDED_SURFACE()
B_SPLINE_SURFACE(1,2,((#10065,#10066,#10067),(#10068,#10069,#10070)),
 .UNSPECIFIED.,.F.,.F.,.F.)
B_SPLINE_SURFACE_WITH_KNOTS((2,2),(3,3),(-0.353621541590811,0.353621541590811),
(0.830345673257543,1.5707963267949),.UNSPECIFIED.)
GEOMETRIC_REPRESENTATION_ITEM()
RATIONAL_B_SPLINE_SURFACE(((1.,0.932245840301802,1.),(1.,0.932245840301802,
1.)))
REPRESENTATION_ITEM('')
SURFACE()
);
#26=(
BOUNDED_SURFACE()
B_SPLINE_SURFACE(5,1,((#10127,#10128),(#10129,#10130),(#10131,#10132),(#10133,
#10134),(#10135,#10136),(#10137,#10138),(#10139,#10140),(#10141,#10142),
(#10143,#10144),(#10145,#10146)),.UNSPECIFIED.,.F.,.F.,.F.)
B_SPLINE_SURFACE_WITH_KNOTS((6,1,1,1,1,6),(2,2),(-1.,-0.8,-0.6,-0.4,-0.2,
0.),(-1.,1.),.UNSPECIFIED.)
GEOMETRIC_REPRESENTATION_ITEM()
RATIONAL_B_SPLINE_SURFACE(((1.,1.),(1.,1.),(1.,1.),(1.,1.),(1.,1.),(1.,
1.),(1.,1.),(1.,1.),(1.,1.),(1.,1.)))
REPRESENTATION_ITEM('')
SURFACE()
);
#27=(
BOUNDED_SURFACE()
B_SPLINE_SURFACE(5,1,((#10405,#10406),(#10407,#10408),(#10409,#10410),(#10411,
#10412),(#10413,#10414),(#10415,#10416),(#10417,#10418),(#10419,#10420),
(#10421,#10422),(#10423,#10424)),.UNSPECIFIED.,.F.,.F.,.F.)
B_SPLINE_SURFACE_WITH_KNOTS((6,1,1,1,1,6),(2,2),(-1.,-0.8,-0.6,-0.4,-0.2,
0.),(-1.,1.),.UNSPECIFIED.)
GEOMETRIC_REPRESENTATION_ITEM()
RATIONAL_B_SPLINE_SURFACE(((1.,1.),(1.,1.),(1.,1.),(1.,1.),(1.,1.),(1.,
1.),(1.,1.),(1.,1.),(1.,1.),(1.,1.)))
REPRESENTATION_ITEM('')
SURFACE()
);
#28=(
BOUNDED_SURFACE()
B_SPLINE_SURFACE(5,1,((#10435,#10436),(#10437,#10438),(#10439,#10440),(#10441,
#10442),(#10443,#10444),(#10445,#10446),(#10447,#10448),(#10449,#10450),
(#10451,#10452),(#10453,#10454)),.UNSPECIFIED.,.F.,.F.,.F.)
B_SPLINE_SURFACE_WITH_KNOTS((6,1,1,1,1,6),(2,2),(0.,0.2,0.4,0.6,0.8,1.),
(-1.,1.),.UNSPECIFIED.)
GEOMETRIC_REPRESENTATION_ITEM()
RATIONAL_B_SPLINE_SURFACE(((1.,1.),(1.,1.),(1.,1.),(1.,1.),(1.,1.),(1.,
1.),(1.,1.),(1.,1.),(1.,1.),(1.,1.)))
REPRESENTATION_ITEM('')
SURFACE()
);
#29=(
BOUNDED_SURFACE()
B_SPLINE_SURFACE(2,2,((#11005,#11006,#11007,#11008,#11009),(#11010,#11011,
#11012,#11013,#11014),(#11015,#11016,#11017,#11018,#11019),(#11020,#11021,
#11022,#11023,#11024),(#11025,#11026,#11027,#11028,#11029)),
 .UNSPECIFIED.,.F.,.F.,.F.)
B_SPLINE_SURFACE_WITH_KNOTS((3,2,3),(3,2,3),(-3.6433339456466E-7,0.785397981230751,
1.5707963267949),(-2.58427674143232,-1.72847068371475,-0.872664625997173),
 .UNSPECIFIED.)
GEOMETRIC_REPRESENTATION_ITEM()
RATIONAL_B_SPLINE_SURFACE(((1.,0.909837916585189,1.,0.909837916585189,1.),
(0.92387949765526,0.840580597322433,0.92387949765526,0.840580597322433,
0.92387949765526),(1.,0.909837916585189,1.,0.909837916585189,1.),(0.923879497655186,
0.840580597322366,0.923879497655186,0.840580597322366,0.923879497655186),
(1.,0.909837916585189,1.,0.909837916585189,1.)))
REPRESENTATION_ITEM('')
SURFACE()
);
#30=(
BOUNDED_SURFACE()
B_SPLINE_SURFACE(5,1,((#11087,#11088),(#11089,#11090),(#11091,#11092),(#11093,
#11094),(#11095,#11096),(#11097,#11098),(#11099,#11100),(#11101,#11102),
(#11103,#11104),(#11105,#11106)),.UNSPECIFIED.,.F.,.F.,.F.)
B_SPLINE_SURFACE_WITH_KNOTS((6,1,1,1,1,6),(2,2),(-1.,-0.8,-0.6,-0.4,-0.2,
0.),(-0.3,0.3),.UNSPECIFIED.)
GEOMETRIC_REPRESENTATION_ITEM()
RATIONAL_B_SPLINE_SURFACE(((1.,1.),(1.,1.),(1.,1.),(1.,1.),(1.,1.),(1.,
1.),(1.,1.),(1.,1.),(1.,1.),(1.,1.)))
REPRESENTATION_ITEM('')
SURFACE()
);
#31=(
BOUNDED_SURFACE()
B_SPLINE_SURFACE(5,1,((#11133,#11134),(#11135,#11136),(#11137,#11138),(#11139,
#11140),(#11141,#11142),(#11143,#11144),(#11145,#11146),(#11147,#11148),
(#11149,#11150),(#11151,#11152)),.UNSPECIFIED.,.F.,.F.,.F.)
B_SPLINE_SURFACE_WITH_KNOTS((6,1,1,1,1,6),(2,2),(0.,0.2,0.4,0.6,0.8,1.),
(-0.3,0.3),.UNSPECIFIED.)
GEOMETRIC_REPRESENTATION_ITEM()
RATIONAL_B_SPLINE_SURFACE(((1.,1.),(1.,1.),(1.,1.),(1.,1.),(1.,1.),(1.,
1.),(1.,1.),(1.,1.),(1.,1.),(1.,1.)))
REPRESENTATION_ITEM('')
SURFACE()
);
#32=(
BOUNDED_SURFACE()
B_SPLINE_SURFACE(2,2,((#11202,#11203,#11204,#11205,#11206),(#11207,#11208,
#11209,#11210,#11211),(#11212,#11213,#11214,#11215,#11216)),
 .UNSPECIFIED.,.F.,.F.,.F.)
B_SPLINE_SURFACE_WITH_KNOTS((3,3),(3,2,3),(0.,1.5707963267949),(-2.26892802759262,
-1.41312196987505,-0.557315912157473),.UNSPECIFIED.)
GEOMETRIC_REPRESENTATION_ITEM()
RATIONAL_B_SPLINE_SURFACE(((1.,0.909837916585189,1.,0.909837916585189,1.),
(0.707106781186537,0.643352560598018,0.707106781186537,0.643352560598018,
0.707106781186537),(1.,0.909837916585189,1.,0.909837916585189,1.)))
REPRESENTATION_ITEM('')
SURFACE()
);
#33=(
BOUNDED_SURFACE()
B_SPLINE_SURFACE(2,2,((#11322,#11323,#11324,#11325,#11326),(#11327,#11328,
#11329,#11330,#11331),(#11332,#11333,#11334,#11335,#11336)),
 .UNSPECIFIED.,.F.,.F.,.F.)
B_SPLINE_SURFACE_WITH_KNOTS((3,3),(3,2,3),(-2.22044604925031E-15,1.5707963267949),
(-2.26892802759263,-1.41312196987503,-0.557315912157429),.UNSPECIFIED.)
GEOMETRIC_REPRESENTATION_ITEM()
RATIONAL_B_SPLINE_SURFACE(((1.,0.909837916585184,1.,0.909837916585184,1.),
(0.707106781186548,0.643352560598024,0.707106781186548,0.643352560598024,
0.707106781186548),(1.,0.909837916585184,1.,0.909837916585184,1.)))
REPRESENTATION_ITEM('')
SURFACE()
);
#34=(
BOUNDED_SURFACE()
B_SPLINE_SURFACE(5,1,((#11392,#11393),(#11394,#11395),(#11396,#11397),(#11398,
#11399),(#11400,#11401),(#11402,#11403),(#11404,#11405),(#11406,#11407),
(#11408,#11409),(#11410,#11411)),.UNSPECIFIED.,.F.,.F.,.F.)
B_SPLINE_SURFACE_WITH_KNOTS((6,1,1,1,1,6),(2,2),(-1.,-0.8,-0.6,-0.4,-0.2,
0.),(-0.3,0.3),.UNSPECIFIED.)
GEOMETRIC_REPRESENTATION_ITEM()
RATIONAL_B_SPLINE_SURFACE(((1.,1.),(1.,1.),(1.,1.),(1.,1.),(1.,1.),(1.,
1.),(1.,1.),(1.,1.),(1.,1.),(1.,1.)))
REPRESENTATION_ITEM('')
SURFACE()
);
#35=(
BOUNDED_SURFACE()
B_SPLINE_SURFACE(2,2,((#11467,#11468,#11469,#11470,#11471),(#11472,#11473,
#11474,#11475,#11476),(#11477,#11478,#11479,#11480,#11481)),
 .UNSPECIFIED.,.F.,.F.,.F.)
B_SPLINE_SURFACE_WITH_KNOTS((3,3),(3,2,3),(0.,1.5707963267949),(-2.58427674143239,
-1.72847068371478,-0.872664625997168),.UNSPECIFIED.)
GEOMETRIC_REPRESENTATION_ITEM()
RATIONAL_B_SPLINE_SURFACE(((1.,0.909837916585181,1.,0.909837916585181,1.),
(0.707106781186546,0.64335256059802,0.707106781186546,0.64335256059802,
0.707106781186546),(1.,0.909837916585181,1.,0.909837916585181,1.)))
REPRESENTATION_ITEM('')
SURFACE()
);
#36=(
BOUNDED_SURFACE()
B_SPLINE_SURFACE(5,1,((#11541,#11542),(#11543,#11544),(#11545,#11546),(#11547,
#11548),(#11549,#11550),(#11551,#11552),(#11553,#11554),(#11555,#11556),
(#11557,#11558),(#11559,#11560)),.UNSPECIFIED.,.F.,.F.,.F.)
B_SPLINE_SURFACE_WITH_KNOTS((6,1,1,1,1,6),(2,2),(0.,0.2,0.4,0.6,0.8,1.),
(-0.3,0.3),.UNSPECIFIED.)
GEOMETRIC_REPRESENTATION_ITEM()
RATIONAL_B_SPLINE_SURFACE(((1.,1.),(1.,1.),(1.,1.),(1.,1.),(1.,1.),(1.,
1.),(1.,1.),(1.,1.),(1.,1.),(1.,1.)))
REPRESENTATION_ITEM('')
SURFACE()
);
#37=(
BOUNDED_SURFACE()
B_SPLINE_SURFACE(5,1,((#12264,#12265),(#12266,#12267),(#12268,#12269),(#12270,
#12271),(#12272,#12273),(#12274,#12275),(#12276,#12277),(#12278,#12279),
(#12280,#12281),(#12282,#12283)),.UNSPECIFIED.,.F.,.F.,.F.)
B_SPLINE_SURFACE_WITH_KNOTS((6,1,1,1,1,6),(2,2),(0.,0.2,0.4,0.6,0.8,1.),
(0.,0.87210003777),.UNSPECIFIED.)
GEOMETRIC_REPRESENTATION_ITEM()
RATIONAL_B_SPLINE_SURFACE(((1.,1.),(1.,1.),(1.,1.),(1.,1.),(1.,1.),(1.,
1.),(1.,1.),(1.,1.),(1.,1.),(1.,1.)))
REPRESENTATION_ITEM('')
SURFACE()
);
#38=(
BOUNDED_SURFACE()
B_SPLINE_SURFACE(5,1,((#12313,#12314),(#12315,#12316),(#12317,#12318),(#12319,
#12320),(#12321,#12322),(#12323,#12324),(#12325,#12326),(#12327,#12328),
(#12329,#12330),(#12331,#12332)),.UNSPECIFIED.,.F.,.F.,.F.)
B_SPLINE_SURFACE_WITH_KNOTS((6,1,1,1,1,6),(2,2),(-1.,-0.8,-0.6,-0.4,-0.2,
0.),(0.,0.87210003777),.UNSPECIFIED.)
GEOMETRIC_REPRESENTATION_ITEM()
RATIONAL_B_SPLINE_SURFACE(((1.,1.),(1.,1.),(1.,1.),(1.,1.),(1.,1.),(1.,
1.),(1.,1.),(1.,1.),(1.,1.),(1.,1.)))
REPRESENTATION_ITEM('')
SURFACE()
);
#39=(
BOUNDED_SURFACE()
B_SPLINE_SURFACE(5,1,((#12365,#12366),(#12367,#12368),(#12369,#12370),(#12371,
#12372),(#12373,#12374),(#12375,#12376),(#12377,#12378),(#12379,#12380),
(#12381,#12382),(#12383,#12384)),.UNSPECIFIED.,.F.,.F.,.F.)
B_SPLINE_SURFACE_WITH_KNOTS((6,1,1,1,1,6),(2,2),(-1.,-0.8,-0.6,-0.4,-0.2,
0.),(0.,0.87211794039),.UNSPECIFIED.)
GEOMETRIC_REPRESENTATION_ITEM()
RATIONAL_B_SPLINE_SURFACE(((1.,1.),(1.,1.),(1.,1.),(1.,1.),(1.,1.),(1.,
1.),(1.,1.),(1.,1.),(1.,1.),(1.,1.)))
REPRESENTATION_ITEM('')
SURFACE()
);
#40=(
BOUNDED_SURFACE()
B_SPLINE_SURFACE(5,1,((#12416,#12417),(#12418,#12419),(#12420,#12421),(#12422,
#12423),(#12424,#12425),(#12426,#12427),(#12428,#12429),(#12430,#12431),
(#12432,#12433),(#12434,#12435)),.UNSPECIFIED.,.F.,.F.,.F.)
B_SPLINE_SURFACE_WITH_KNOTS((6,1,1,1,1,6),(2,2),(0.,0.2,0.4,0.6,0.8,1.),
(0.,0.87211794039),.UNSPECIFIED.)
GEOMETRIC_REPRESENTATION_ITEM()
RATIONAL_B_SPLINE_SURFACE(((1.,1.),(1.,1.),(1.,1.),(1.,1.),(1.,1.),(1.,
1.),(1.,1.),(1.,1.),(1.,1.),(1.,1.)))
REPRESENTATION_ITEM('')
SURFACE()
);
#41=(
BOUNDED_SURFACE()
B_SPLINE_SURFACE(1,2,((#12481,#12482,#12483),(#12484,#12485,#12486)),
 .UNSPECIFIED.,.F.,.F.,.F.)
B_SPLINE_SURFACE_WITH_KNOTS((2,2),(3,3),(-0.353621541590811,0.353621541590811),
(-1.5707963267949,-0.830345673257846),.UNSPECIFIED.)
GEOMETRIC_REPRESENTATION_ITEM()
RATIONAL_B_SPLINE_SURFACE(((1.,0.932245840301857,1.),(1.,0.932245840301857,
1.)))
REPRESENTATION_ITEM('')
SURFACE()
);
#42=(
BOUNDED_SURFACE()
B_SPLINE_SURFACE(5,1,((#12489,#12490),(#12491,#12492),(#12493,#12494),(#12495,
#12496),(#12497,#12498),(#12499,#12500),(#12501,#12502),(#12503,#12504),
(#12505,#12506),(#12507,#12508)),.UNSPECIFIED.,.F.,.F.,.F.)
B_SPLINE_SURFACE_WITH_KNOTS((6,1,1,1,1,6),(2,2),(0.,0.2,0.4,0.6,0.8,1.),
(-1.,1.),.UNSPECIFIED.)
GEOMETRIC_REPRESENTATION_ITEM()
RATIONAL_B_SPLINE_SURFACE(((1.,1.),(1.,1.),(1.,1.),(1.,1.),(1.,1.),(1.,
1.),(1.,1.),(1.,1.),(1.,1.),(1.,1.)))
REPRESENTATION_ITEM('')
SURFACE()
);
#43=(
BOUNDED_SURFACE()
B_SPLINE_SURFACE(5,1,((#12509,#12510),(#12511,#12512),(#12513,#12514),(#12515,
#12516),(#12517,#12518),(#12519,#12520),(#12521,#12522),(#12523,#12524),
(#12525,#12526),(#12527,#12528)),.UNSPECIFIED.,.F.,.F.,.F.)
B_SPLINE_SURFACE_WITH_KNOTS((6,1,1,1,1,6),(2,2),(-1.,-0.8,-0.6,-0.4,-0.2,
0.),(-1.,1.),.UNSPECIFIED.)
GEOMETRIC_REPRESENTATION_ITEM()
RATIONAL_B_SPLINE_SURFACE(((1.,1.),(1.,1.),(1.,1.),(1.,1.),(1.,1.),(1.,
1.),(1.,1.),(1.,1.),(1.,1.),(1.,1.)))
REPRESENTATION_ITEM('')
SURFACE()
);
#44=B_SPLINE_CURVE_WITH_KNOTS('',3,(#9303,#9304,#9305,#9306,#9307,#9308,
#9309,#9310,#9311,#9312,#9313,#9314,#9315),.UNSPECIFIED.,.F.,.F.,(4,3,3,
3,4),(0.,0.1437872498619,0.287574499723801,0.395414937120226,0.503255374516651),
 .UNSPECIFIED.);
#45=B_SPLINE_CURVE_WITH_KNOTS('',3,(#9317,#9318,#9319,#9320),
 .UNSPECIFIED.,.F.,.F.,(4,4),(1.5,1.90000000000073),.UNSPECIFIED.);
#46=B_SPLINE_CURVE_WITH_KNOTS('',3,(#9322,#9323,#9324,#9325,#9326,#9327,
#9328,#9329,#9330,#9331,#9332,#9333,#9334),.UNSPECIFIED.,.F.,.F.,(4,3,3,
3,4),(0.,0.107840437396425,0.215680874792851,0.359468124654751,0.503255374516651),
 .UNSPECIFIED.);
#47=B_SPLINE_CURVE_WITH_KNOTS('',3,(#9335,#9336,#9337,#9338),
 .UNSPECIFIED.,.F.,.F.,(4,4),(-1.90000000000073,-1.5),.UNSPECIFIED.);
#48=B_SPLINE_CURVE_WITH_KNOTS('',3,(#9343,#9344,#9345,#9346),
 .UNSPECIFIED.,.F.,.F.,(4,4),(0.499999999999268,0.899999999999999),
 .UNSPECIFIED.);
#49=B_SPLINE_CURVE_WITH_KNOTS('',3,(#9366,#9367,#9368,#9369),
 .UNSPECIFIED.,.F.,.F.,(4,4),(0.,0.143814728264427),.UNSPECIFIED.);
#50=B_SPLINE_CURVE_WITH_KNOTS('',3,(#9371,#9372,#9373,#9374),
 .UNSPECIFIED.,.F.,.F.,(4,4),(0.499999999999268,0.899999999999999),
 .UNSPECIFIED.);
#51=B_SPLINE_CURVE_WITH_KNOTS('',3,(#9376,#9377,#9378,#9379),
 .UNSPECIFIED.,.F.,.F.,(4,4),(0.,0.143814728264427),.UNSPECIFIED.);
#52=B_SPLINE_CURVE_WITH_KNOTS('',3,(#9380,#9381,#9382,#9383),
 .UNSPECIFIED.,.F.,.F.,(4,4),(-0.899999999999999,-0.499999999999268),
 .UNSPECIFIED.);
#53=B_SPLINE_CURVE_WITH_KNOTS('',3,(#9453,#9454,#9455,#9456),
 .UNSPECIFIED.,.F.,.F.,(4,4),(0.,0.143814728264195),.UNSPECIFIED.);
#54=B_SPLINE_CURVE_WITH_KNOTS('',3,(#9458,#9459,#9460,#9461),
 .UNSPECIFIED.,.F.,.F.,(4,4),(1.5,1.90000000000073),.UNSPECIFIED.);
#55=B_SPLINE_CURVE_WITH_KNOTS('',3,(#9463,#9464,#9465,#9466),
 .UNSPECIFIED.,.F.,.F.,(4,4),(0.,0.143814728264195),.UNSPECIFIED.);
#56=B_SPLINE_CURVE_WITH_KNOTS('',3,(#9467,#9468,#9469,#9470),
 .UNSPECIFIED.,.F.,.F.,(4,4),(-1.90000000000073,-1.5),.UNSPECIFIED.);
#57=B_SPLINE_CURVE_WITH_KNOTS('',3,(#9507,#9508,#9509,#9510,#9511,#9512,
#9513,#9514,#9515,#9516,#9517,#9518,#9519),.UNSPECIFIED.,.F.,.F.,(4,3,3,
3,4),(0.,0.143787249846054,0.287574499692109,0.395414937076649,0.50325537446119),
 .UNSPECIFIED.);
#58=B_SPLINE_CURVE_WITH_KNOTS('',3,(#9521,#9522,#9523,#9524),
 .UNSPECIFIED.,.F.,.F.,(4,4),(0.499999999999267,0.899999999999999),
 .UNSPECIFIED.);
#59=B_SPLINE_CURVE_WITH_KNOTS('',3,(#9526,#9527,#9528,#9529,#9530,#9531,
#9532,#9533,#9534,#9535,#9536,#9537,#9538),.UNSPECIFIED.,.F.,.F.,(4,3,3,
3,4),(0.,0.107840437384541,0.215680874769082,0.359468124615136,0.503255374461191),
 .UNSPECIFIED.);
#60=B_SPLINE_CURVE_WITH_KNOTS('',3,(#9539,#9540,#9541,#9542),
 .UNSPECIFIED.,.F.,.F.,(4,4),(-0.899999999999999,-0.499999999999267),
 .UNSPECIFIED.);
#61=B_SPLINE_CURVE_WITH_KNOTS('',3,(#9547,#9548,#9549,#9550),
 .UNSPECIFIED.,.F.,.F.,(4,4),(1.5,1.90000000000073),.UNSPECIFIED.);
#62=B_SPLINE_CURVE_WITH_KNOTS('',3,(#9596,#9597,#9598,#9599),
 .UNSPECIFIED.,.F.,.F.,(4,4),(0.,0.148428376287717),.UNSPECIFIED.);
#63=B_SPLINE_CURVE_WITH_KNOTS('',3,(#9601,#9602,#9603,#9604),
 .UNSPECIFIED.,.F.,.F.,(4,4),(0.,0.148428376287717),.UNSPECIFIED.);
#64=B_SPLINE_CURVE_WITH_KNOTS('',3,(#9605,#9606,#9607,#9608),
 .UNSPECIFIED.,.F.,.F.,(4,4),(-0.899999999999999,-0.499999999999268),
 .UNSPECIFIED.);
#65=B_SPLINE_CURVE_WITH_KNOTS('',3,(#9644,#9645,#9646,#9647),
 .UNSPECIFIED.,.F.,.F.,(4,4),(0.,0.148428376291296),.UNSPECIFIED.);
#66=B_SPLINE_CURVE_WITH_KNOTS('',3,(#9649,#9650,#9651,#9652),
 .UNSPECIFIED.,.F.,.F.,(4,4),(0.,0.148428376291296),.UNSPECIFIED.);
#67=B_SPLINE_CURVE_WITH_KNOTS('',3,(#9653,#9654,#9655,#9656),
 .UNSPECIFIED.,.F.,.F.,(4,4),(-1.90000000000073,-1.5),.UNSPECIFIED.);
#68=B_SPLINE_CURVE_WITH_KNOTS('',3,(#9668,#9669,#9670,#9671,#9672,#9673,
#9674,#9675,#9676,#9677,#9678,#9679,#9680,#9681,#9682,#9683,#9684,#9685,
#9686,#9687,#9688,#9689,#9690,#9691,#9692,#9693,#9694,#9695,#9696,#9697,
#9698,#9699,#9700,#9701,#9702,#9703,#9704,#9705,#9706,#9707,#9708,#9709,
#9710,#9711,#9712,#9713,#9714,#9715,#9716,#9717,#9718,#9719,#9720,#9721,
#9722,#9723,#9724,#9725),.UNSPECIFIED.,.F.,.F.,(4,3,3,3,3,3,3,3,3,3,3,3,
3,3,3,3,3,3,3,4),(-0.307831343749763,-0.29503443939035,-0.281566883258755,
-0.267163382554206,-0.251286826852323,-0.232461306910027,-0.212569515810561,
-0.193657240553172,-0.176002391603493,-0.158597525849738,-0.141399381227928,
-0.123724458574437,-0.106456045729887,-0.0888589145870493,-0.0711367943694186,
-0.0533525957770639,-0.0370474186830417,-0.021584782225595,-0.00710863375973921,
0.),.UNSPECIFIED.);
#69=B_SPLINE_CURVE_WITH_KNOTS('',3,(#9732,#9733,#9734,#9735,#9736,#9737,
#9738,#9739,#9740,#9741,#9742,#9743,#9744,#9745,#9746,#9747,#9748,#9749,
#9750,#9751,#9752,#9753,#9754,#9755,#9756,#9757,#9758,#9759,#9760,#9761,
#9762,#9763,#9764,#9765,#9766,#9767,#9768,#9769,#9770,#9771,#9772,#9773,
#9774,#9775,#9776,#9777,#9778,#9779,#9780,#9781,#9782,#9783,#9784,#9785,
#9786,#9787,#9788,#9789),.UNSPECIFIED.,.F.,.F.,(4,3,3,3,3,3,3,3,3,3,3,3,
3,3,3,3,3,3,3,4),(-0.400529963558309,-0.381772419658443,-0.361998680604102,
-0.340942283893801,-0.318098358867678,-0.295039897741341,-0.272189529136701,
-0.249843939882667,-0.227818502147315,-0.205530835306634,-0.182967125359204,
-0.159716795376307,-0.13497881312719,-0.10909260059828,-0.0844531043775932,
-0.0633398282831949,-0.0444371629989986,-0.0266153505873661,-0.00992677889248914,
0.),.UNSPECIFIED.);
#70=B_SPLINE_CURVE_WITH_KNOTS('',3,(#9813,#9814,#9815,#9816,#9817,#9818,
#9819,#9820,#9821,#9822,#9823,#9824,#9825,#9826,#9827,#9828,#9829,#9830,
#9831,#9832,#9833,#9834,#9835,#9836,#9837,#9838,#9839,#9840,#9841,#9842,
#9843,#9844,#9845,#9846,#9847,#9848,#9849,#9850,#9851,#9852,#9853,#9854,
#9855,#9856,#9857,#9858,#9859,#9860,#9861,#9862,#9863,#9864,#9865,#9866,
#9867,#9868,#9869,#9870),.UNSPECIFIED.,.F.,.F.,(4,3,3,3,3,3,3,3,3,3,3,3,
3,3,3,3,3,3,3,4),(-0.400529963556548,-0.381772419657117,-0.361998680603106,
-0.340942283892883,-0.318098358866037,-0.295039897740198,-0.272189529135758,
-0.249843939881233,-0.227818502145979,-0.205530835305358,-0.182967125357827,
-0.159716795375004,-0.134978813125755,-0.109092600596633,-0.0844531043761414,
-0.0633398282821061,-0.0444371629979874,-0.0266153505864001,-0.00992677889152991,
0.),.UNSPECIFIED.);
#71=B_SPLINE_CURVE_WITH_KNOTS('',3,(#9874,#9875,#9876,#9877,#9878,#9879,
#9880,#9881,#9882,#9883,#9884,#9885,#9886,#9887,#9888,#9889,#9890,#9891,
#9892,#9893,#9894,#9895,#9896,#9897,#9898,#9899,#9900,#9901,#9902,#9903,
#9904,#9905,#9906,#9907,#9908,#9909,#9910,#9911,#9912,#9913,#9914,#9915,
#9916,#9917,#9918,#9919,#9920,#9921,#9922,#9923,#9924,#9925,#9926,#9927,
#9928,#9929,#9930,#9931),.UNSPECIFIED.,.F.,.F.,(4,3,3,3,3,3,3,3,3,3,3,3,
3,3,3,3,3,3,3,4),(-0.307831343749763,-0.29503443939035,-0.281566883258755,
-0.267163382554206,-0.251286826852323,-0.232461306910027,-0.212569515810561,
-0.193657240553172,-0.176002391603493,-0.158597525849738,-0.141399381227928,
-0.123724458574437,-0.106456045729887,-0.0888589145870493,-0.0711367943694186,
-0.0533525957770639,-0.0370474186830417,-0.021584782225595,-0.00710863375973921,
0.),.UNSPECIFIED.);
#72=B_SPLINE_CURVE_WITH_KNOTS('',3,(#9958,#9959,#9960,#9961,#9962,#9963,
#9964,#9965,#9966,#9967,#9968,#9969),.UNSPECIFIED.,.F.,.F.,(4,2,2,2,2,4),
(0.,0.0995200246818778,0.2057290170389,0.262647354565624,0.319478200293342,
0.320020800760985),.UNSPECIFIED.);
#73=B_SPLINE_CURVE_WITH_KNOTS('',3,(#9973,#9974,#9975,#9976,#9977,#9978,
#9979,#9980,#9981,#9982,#9983,#9984),.UNSPECIFIED.,.F.,.F.,(4,2,2,2,2,4),
(-0.000787849977652343,0.,0.0825177053291876,0.165162454116779,0.319376647182576,
0.463878538779305),.UNSPECIFIED.);
#74=B_SPLINE_CURVE_WITH_KNOTS('',3,(#9990,#9991,#9992,#9993,#9994,#9995,
#9996,#9997),.UNSPECIFIED.,.F.,.F.,(4,2,2,4),(0.,0.192922682814093,0.554710256498298,
0.555621421453094),.UNSPECIFIED.);
#75=B_SPLINE_CURVE_WITH_KNOTS('',3,(#10001,#10002,#10003,#10004,#10005,
#10006,#10007,#10008),.UNSPECIFIED.,.F.,.F.,(4,2,2,4),(-0.0013228361680311,
0.,0.525246246208525,0.805333596303594),.UNSPECIFIED.);
#76=B_SPLINE_CURVE_WITH_KNOTS('',3,(#10013,#10014,#10015,#10016,#10017,
#10018,#10019,#10020,#10021,#10022,#10023,#10024),.UNSPECIFIED.,.F.,.F.,
(4,2,2,2,2,4),(0.,0.0995200246818787,0.205729017038262,0.262647354564403,
0.319478198050813,0.320020798713216),.UNSPECIFIED.);
#77=B_SPLINE_CURVE_WITH_KNOTS('',3,(#10028,#10029,#10030,#10031,#10032,
#10033,#10034,#10035,#10036,#10037,#10038,#10039),.UNSPECIFIED.,.F.,.F.,
(4,2,2,2,2,4),(-0.000787847521336234,0.,0.0825176187498177,0.165162263621579,
0.319376262780764,0.463877972681649),.UNSPECIFIED.);
#78=B_SPLINE_CURVE_WITH_KNOTS('',3,(#10044,#10045,#10046,#10047,#10048,
#10049,#10050,#10051),.UNSPECIFIED.,.F.,.F.,(4,2,2,4),(0.,0.192922669072998,
0.554516524110128,0.555427062923774),.UNSPECIFIED.);
#79=B_SPLINE_CURVE_WITH_KNOTS('',3,(#10055,#10056,#10057,#10058,#10059,
#10060,#10061,#10062),.UNSPECIFIED.,.F.,.F.,(4,2,2,4),(-0.00132381070602298,
0.,0.52571124113726,0.806196959500836),.UNSPECIFIED.);
#80=B_SPLINE_CURVE_WITH_KNOTS('',3,(#10091,#10092,#10093,#10094,#10095,
#10096,#10097,#10098,#10099,#10100,#10101,#10102,#10103,#10104,#10105,#10106,
#10107,#10108,#10109,#10110,#10111,#10112,#10113,#10114,#10115,#10116),
 .UNSPECIFIED.,.F.,.F.,(4,2,2,2,2,2,2,2,2,2,2,2,4),(0.,0.0376544232663311,
0.0753088465326622,0.113443250860914,0.151577655189166,0.189617846559718,
0.227658037930271,0.26530280914569,0.302947580361108,0.340592351576527,
0.378237122791945,0.416277314162498,0.45431750553305),.UNSPECIFIED.);
#81=B_SPLINE_CURVE_WITH_KNOTS('',3,(#10117,#10118,#10119,#10120,#10121,
#10122,#10123,#10124,#10125,#10126),.UNSPECIFIED.,.F.,.F.,(4,2,2,2,4),(0.45431750553305,
0.492451909861302,0.530586314189554,0.568240737455885,0.605895160722216),
 .UNSPECIFIED.);
#82=B_SPLINE_CURVE_WITH_KNOTS('',3,(#10148,#10149,#10150,#10151,#10152,
#10153,#10154,#10155,#10156,#10157,#10158,#10159,#10160,#10161,#10162,#10163,
#10164,#10165,#10166,#10167,#10168,#10169,#10170,#10171,#10172,#10173,#10174,
#10175,#10176,#10177,#10178,#10179,#10180,#10181,#10182,#10183,#10184,#10185,
#10186,#10187,#10188,#10189,#10190,#10191,#10192,#10193,#10194,#10195,#10196,
#10197,#10198,#10199,#10200,#10201,#10202,#10203,#10204,#10205),
 .UNSPECIFIED.,.F.,.F.,(4,3,3,3,3,3,3,3,3,3,3,3,3,3,3,3,3,3,3,4),(-0.307831343774662,
-0.295034439414279,-0.281566883281656,-0.267163382576003,-0.251286826872848,
-0.232461306928991,-0.212569515828146,-0.193657240569334,-0.176002391618374,
-0.158597525863387,-0.141399381240246,-0.123724458585215,-0.106456045739588,
-0.0888589145952393,-0.0711367943758513,-0.0533525957818885,-0.037047418686606,
-0.0215847822277557,-0.00710863376045361,0.),.UNSPECIFIED.);
#83=B_SPLINE_CURVE_WITH_KNOTS('',3,(#10208,#10209,#10210,#10211,#10212,
#10213,#10214,#10215,#10216,#10217,#10218,#10219,#10220,#10221,#10222,#10223,
#10224,#10225,#10226,#10227,#10228,#10229,#10230,#10231,#10232,#10233,#10234,
#10235,#10236,#10237,#10238,#10239,#10240,#10241,#10242,#10243,#10244,#10245,
#10246,#10247,#10248,#10249,#10250,#10251,#10252,#10253,#10254,#10255,#10256,
#10257,#10258,#10259,#10260,#10261,#10262,#10263,#10264,#10265),
 .UNSPECIFIED.,.F.,.F.,(4,3,3,3,3,3,3,3,3,3,3,3,3,3,3,3,3,3,3,4),(-0.400529963558309,
-0.381772419658443,-0.361998680604102,-0.340942283893801,-0.318098358867678,
-0.295039897741341,-0.272189529136701,-0.249843939882667,-0.227818502147315,
-0.205530835306634,-0.182967125359204,-0.159716795376307,-0.13497881312719,
-0.10909260059828,-0.0844531043775932,-0.0633398282831949,-0.0444371629989986,
-0.0266153505873661,-0.00992677889248914,0.),.UNSPECIFIED.);
#84=B_SPLINE_CURVE_WITH_KNOTS('',3,(#10286,#10287,#10288,#10289,#10290,
#10291,#10292,#10293,#10294,#10295,#10296,#10297,#10298,#10299,#10300,#10301,
#10302,#10303,#10304,#10305,#10306,#10307,#10308,#10309,#10310,#10311,#10312,
#10313,#10314,#10315,#10316,#10317,#10318,#10319,#10320,#10321,#10322,#10323,
#10324,#10325,#10326,#10327,#10328,#10329,#10330,#10331,#10332,#10333,#10334,
#10335,#10336,#10337,#10338,#10339,#10340,#10341,#10342,#10343),
 .UNSPECIFIED.,.F.,.F.,(4,3,3,3,3,3,3,3,3,3,3,3,3,3,3,3,3,3,3,4),(-0.307831343774662,
-0.295034439414279,-0.281566883281656,-0.267163382576003,-0.251286826872848,
-0.232461306928991,-0.212569515828146,-0.193657240569334,-0.176002391618374,
-0.158597525863387,-0.141399381240246,-0.123724458585215,-0.106456045739588,
-0.0888589145952393,-0.0711367943758513,-0.0533525957818885,-0.037047418686606,
-0.0215847822277557,-0.00710863376045361,0.),.UNSPECIFIED.);
#85=B_SPLINE_CURVE_WITH_KNOTS('',3,(#10347,#10348,#10349,#10350,#10351,
#10352,#10353,#10354,#10355,#10356,#10357,#10358,#10359,#10360,#10361,#10362,
#10363,#10364,#10365,#10366,#10367,#10368,#10369,#10370,#10371,#10372,#10373,
#10374,#10375,#10376,#10377,#10378,#10379,#10380,#10381,#10382,#10383,#10384,
#10385,#10386,#10387,#10388,#10389,#10390,#10391,#10392,#10393,#10394,#10395,
#10396,#10397,#10398,#10399,#10400,#10401,#10402,#10403,#10404),
 .UNSPECIFIED.,.F.,.F.,(4,3,3,3,3,3,3,3,3,3,3,3,3,3,3,3,3,3,3,4),(-0.400529963556548,
-0.381772419657117,-0.361998680603106,-0.340942283892883,-0.318098358866037,
-0.295039897740198,-0.272189529135758,-0.249843939881233,-0.227818502145979,
-0.205530835305358,-0.182967125357827,-0.159716795375004,-0.134978813125755,
-0.109092600596633,-0.0844531043761414,-0.0633398282821061,-0.0444371629979874,
-0.0266153505864001,-0.00992677889152991,0.),.UNSPECIFIED.);
#86=B_SPLINE_CURVE_WITH_KNOTS('',3,(#10470,#10471,#10472,#10473,#10474,
#10475,#10476,#10477,#10478,#10479,#10480,#10481,#10482,#10483,#10484,#10485,
#10486,#10487,#10488,#10489,#10490,#10491,#10492,#10493),.UNSPECIFIED.,
 .F.,.F.,(4,2,2,2,2,2,2,2,2,2,2,4),(-0.451951481052996,-0.45140223271647,
-0.375086139541616,-0.316629756926368,-0.273010778460191,-0.238071582817807,
-0.205055388721454,-0.168333539248075,-0.120118048816963,-0.060537142955453,
-1.39896999540312E-9,0.0007157653670975),.UNSPECIFIED.);
#87=B_SPLINE_CURVE_WITH_KNOTS('',3,(#10495,#10496,#10497,#10498,#10499,
#10500,#10501,#10502,#10503,#10504,#10505,#10506,#10507,#10508,#10509,#10510,
#10511,#10512,#10513,#10514,#10515,#10516,#10517,#10518),.UNSPECIFIED.,
 .F.,.F.,(4,2,2,2,2,2,2,2,2,2,2,4),(-0.342318233356806,-0.34179373668854,
-0.313456145263999,-0.28567145157603,-0.243938011610349,-0.206982078414676,
-0.172095129416417,-0.136214648243946,-0.0973323375048091,-0.0524166857457866,
0.,0.000523298715741348),.UNSPECIFIED.);
#88=B_SPLINE_CURVE_WITH_KNOTS('',3,(#10522,#10523,#10524,#10525,#10526,
#10527,#10528,#10529,#10530,#10531),.UNSPECIFIED.,.F.,.F.,(4,2,2,2,4),(0.,
0.0376544232663311,0.0753088465326622,0.113443250860914,0.151577655189166),
 .UNSPECIFIED.);
#89=B_SPLINE_CURVE_WITH_KNOTS('',3,(#10532,#10533,#10534,#10535,#10536,
#10537,#10538,#10539,#10540,#10541,#10542,#10543,#10544,#10545,#10546,#10547,
#10548,#10549,#10550,#10551,#10552,#10553,#10554,#10555,#10556,#10557),
 .UNSPECIFIED.,.F.,.F.,(4,2,2,2,2,2,2,2,2,2,2,2,4),(0.151577655189166,0.189617846559718,
0.227658037930271,0.26530280914569,0.302947580361108,0.340592351576527,
0.378237122791945,0.416277314162498,0.45431750553305,0.492451909861302,
0.530586314189554,0.568240737455885,0.605895160722216),.UNSPECIFIED.);
#90=B_SPLINE_CURVE_WITH_KNOTS('',3,(#10561,#10562,#10563,#10564,#10565,
#10566,#10567,#10568,#10569,#10570,#10571,#10572,#10573,#10574,#10575,#10576,
#10577,#10578,#10579,#10580,#10581,#10582,#10583,#10584),.UNSPECIFIED.,
 .F.,.F.,(4,2,2,2,2,2,2,2,2,2,2,4),(-0.589270783775555,-0.588337884673196,
-0.509436423963718,-0.431781278859464,-0.36893931945867,-0.32107766839797,
-0.278045806212589,-0.232507587893437,-0.175656520394034,-0.0994670295729916,
-1.398953064502E-9,0.000715864526341717),.UNSPECIFIED.);
#91=B_SPLINE_CURVE_WITH_KNOTS('',3,(#10585,#10586,#10587,#10588,#10589,
#10590,#10591,#10592,#10593,#10594,#10595,#10596,#10597,#10598,#10599,#10600,
#10601,#10602,#10603,#10604,#10605,#10606,#10607,#10608),.UNSPECIFIED.,
 .F.,.F.,(4,2,2,2,2,2,2,2,2,2,2,4),(-0.341518769491508,-0.340996691072335,
-0.288702238514132,-0.243891327738622,-0.205099688544892,-0.169302878808539,
-0.134497284384319,-0.0976275305306206,-0.0559914108106178,-0.0282715095737846,
0.,0.000523273579264755),.UNSPECIFIED.);
#92=B_SPLINE_CURVE_WITH_KNOTS('',3,(#10673,#10674,#10675,#10676,#10677,
#10678),.UNSPECIFIED.,.F.,.F.,(4,1,1,4),(0.541063567089858,0.729317912344604,
0.792826191700673,0.919842749825737),.UNSPECIFIED.);
#93=B_SPLINE_CURVE_WITH_KNOTS('',3,(#10680,#10681,#10682,#10683,#10684,
#10685,#10686,#10687,#10688,#10689,#10690,#10691,#10692,#10693,#10694,#10695,
#10696,#10697,#10698,#10699,#10700,#10701,#10702,#10703,#10704,#10705,#10706,
#10707,#10708,#10709),.UNSPECIFIED.,.F.,.F.,(4,2,2,2,2,2,2,2,2,2,2,2,2,
2,4),(0.,0.143357162455886,0.259381450315278,0.281751539603834,0.304927565023618,
0.313227455071433,0.3194366305143,0.327357486643408,0.344163759015475,0.358344416541571,
0.388183390590101,0.453365222374902,0.607152798146648,0.829481631211884,
1.07260347966641),.UNSPECIFIED.);
#94=B_SPLINE_CURVE_WITH_KNOTS('',3,(#10710,#10711,#10712,#10713,#10714,
#10715),.UNSPECIFIED.,.F.,.F.,(4,1,1,4),(0.541064134817722,0.729317912344604,
0.792826191700673,0.919842749825752),.UNSPECIFIED.);
#95=B_SPLINE_CURVE_WITH_KNOTS('',3,(#10745,#10746,#10747,#10748),
 .UNSPECIFIED.,.F.,.F.,(4,4),(0.919842749825737,1.),.UNSPECIFIED.);
#96=B_SPLINE_CURVE_WITH_KNOTS('',3,(#10751,#10752,#10753,#10754),
 .UNSPECIFIED.,.F.,.F.,(4,4),(0.919842749825737,1.),.UNSPECIFIED.);
#97=B_SPLINE_CURVE_WITH_KNOTS('',3,(#10757,#10758,#10759,#10760),
 .UNSPECIFIED.,.F.,.F.,(4,4),(0.919842749825714,1.),.UNSPECIFIED.);
#98=B_SPLINE_CURVE_WITH_KNOTS('',3,(#10762,#10763,#10764,#10765,#10766,
#10767,#10768,#10769,#10770,#10771,#10772,#10773,#10774,#10775,#10776,#10777,
#10778,#10779,#10780,#10781,#10782,#10783,#10784,#10785,#10786),
 .UNSPECIFIED.,.F.,.F.,(4,1,1,1,1,1,1,1,1,1,1,1,1,1,1,1,1,1,1,1,1,1,4),
(0.,0.0714285714285714,0.107142857142857,0.142857142857143,0.214285714285714,
0.285714285714286,0.321428571428571,0.357142857142857,0.392857142857143,
0.428571428571429,0.446428571428571,0.464285714285714,0.5,0.571428571428571,
0.642857142857143,0.678571428571428,0.714285714285714,0.75,0.785714285714286,
0.821428571428571,0.857142857142857,0.928571428571429,1.),.UNSPECIFIED.);
#99=B_SPLINE_CURVE_WITH_KNOTS('',3,(#10792,#10793,#10794,#10795,#10796,
#10797,#10798),.UNSPECIFIED.,.F.,.F.,(4,1,1,1,4),(0.,0.142857142857143,
0.285714285714286,0.428571428571429,0.500515424483855),.UNSPECIFIED.);
#100=B_SPLINE_CURVE_WITH_KNOTS('',3,(#10804,#10805,#10806,#10807,#10808,
#10809,#10810),.UNSPECIFIED.,.F.,.F.,(4,3,4),(-0.261535110070341,-0.134935358787781,
0.),.UNSPECIFIED.);
#101=B_SPLINE_CURVE_WITH_KNOTS('',3,(#10811,#10812,#10813,#10814,#10815,
#10816,#10817),.UNSPECIFIED.,.F.,.F.,(4,1,1,1,4),(0.541174672191942,0.634055493262321,
0.665809632945706,0.792826191679244,0.919842749825714),.UNSPECIFIED.);
#102=B_SPLINE_CURVE_WITH_KNOTS('',3,(#10889,#10890,#10891,#10892,#10893,
#10894,#10895,#10896,#10897,#10898,#10899,#10900,#10901,#10902,#10903,#10904,
#10905,#10906,#10907,#10908,#10909,#10910,#10911,#10912,#10913,#10914,#10915,
#10916,#10917,#10918),.UNSPECIFIED.,.F.,.F.,(4,2,2,2,2,2,2,2,2,2,2,2,2,
2,4),(0.,0.143357162456206,0.259381450270799,0.281751539533114,0.304927565155989,
0.313227456135146,0.319436632948915,0.327357491085295,0.344163768163161,
0.358344429582276,0.388183411815224,0.45336526138976,0.607152878919685,
0.829481777917428,1.07260369894307),.UNSPECIFIED.);
#103=B_SPLINE_CURVE_WITH_KNOTS('',3,(#10919,#10920,#10921,#10922,#10923,
#10924,#10925),.UNSPECIFIED.,.F.,.F.,(4,1,1,1,4),(0.541174672191957,0.634055493262321,
0.665809632945706,0.792826191679244,0.919842749825714),.UNSPECIFIED.);
#104=B_SPLINE_CURVE_WITH_KNOTS('',3,(#10955,#10956,#10957,#10958),
 .UNSPECIFIED.,.F.,.F.,(4,4),(0.919842749825714,1.),.UNSPECIFIED.);
#105=B_SPLINE_CURVE_WITH_KNOTS('',3,(#10990,#10991,#10992,#10993,#10994),
 .UNSPECIFIED.,.F.,.F.,(4,1,4),(-1.71594571688629E-14,0.301409967224822,
0.313681030219109),.UNSPECIFIED.);
#106=B_SPLINE_CURVE_WITH_KNOTS('',3,(#10997,#10998,#10999,#11000),
 .UNSPECIFIED.,.F.,.F.,(4,4),(-0.703289923524609,-0.659671767006661),
 .UNSPECIFIED.);
#107=B_SPLINE_CURVE_WITH_KNOTS('',3,(#11076,#11077,#11078,#11079),
 .UNSPECIFIED.,.F.,.F.,(4,4),(-0.0959585146507273,-6.85344312123298E-15),
 .UNSPECIFIED.);
#108=B_SPLINE_CURVE_WITH_KNOTS('',3,(#11080,#11081,#11082,#11083,#11084,
#11085,#11086),.UNSPECIFIED.,.F.,.F.,(4,1,1,1,4),(6.85344312123298E-15,
0.102729186838327,0.205458373676646,0.342430622794406,0.479402871912165),
 .UNSPECIFIED.);
#109=B_SPLINE_CURVE_WITH_KNOTS('',3,(#11109,#11110,#11111,#11112,#11113,
#11114,#11115),.UNSPECIFIED.,.F.,.F.,(4,1,1,1,4),(-1.04083408558645E-15,
0.136972249117761,0.273944498235523,0.342430622794403,0.479402871912165),
 .UNSPECIFIED.);
#110=B_SPLINE_CURVE_WITH_KNOTS('',3,(#11123,#11124,#11125,#11126,#11127,
#11128,#11129,#11130,#11131,#11132),.UNSPECIFIED.,.F.,.F.,(4,2,2,2,4),(0.,
0.109951169755096,0.219831014967912,0.378718268451987,0.379929105504796),
 .UNSPECIFIED.);
#111=B_SPLINE_CURVE_WITH_KNOTS('',3,(#11153,#11154,#11155,#11156),
 .UNSPECIFIED.,.F.,.F.,(4,4),(0.389645805925061,0.703289923524609),
 .UNSPECIFIED.);
#112=B_SPLINE_CURVE_WITH_KNOTS('',3,(#11194,#11195,#11196,#11197),
 .UNSPECIFIED.,.F.,.F.,(4,4),(-0.479402871912165,-0.383439895779693),
 .UNSPECIFIED.);
#113=B_SPLINE_CURVE_WITH_KNOTS('',3,(#11255,#11256,#11257,#11258),
 .UNSPECIFIED.,.F.,.F.,(4,4),(-0.0436586618183921,0.),.UNSPECIFIED.);
#114=B_SPLINE_CURVE_WITH_KNOTS('',3,(#11259,#11260,#11261,#11262,#11263,
#11264,#11265),.UNSPECIFIED.,.F.,.F.,(4,3,4),(-0.688247471108274,-0.386763535377142,
-0.298684967381865),.UNSPECIFIED.);
#115=B_SPLINE_CURVE_WITH_KNOTS('',3,(#11303,#11304,#11305,#11306,#11307,
#11308,#11309),.UNSPECIFIED.,.F.,.F.,(4,1,1,1,4),(-7.81319453580002E-15,
0.136972249117756,0.27394449823552,0.342430622794401,0.479402871912165),
 .UNSPECIFIED.);
#116=B_SPLINE_CURVE_WITH_KNOTS('',3,(#11312,#11313,#11314,#11315),
 .UNSPECIFIED.,.F.,.F.,(4,4),(-0.479402871912165,-0.383439812183113),
 .UNSPECIFIED.);
#117=B_SPLINE_CURVE_WITH_KNOTS('',3,(#11375,#11376,#11377,#11378),
 .UNSPECIFIED.,.F.,.F.,(4,4),(-0.0436587100628548,0.),.UNSPECIFIED.);
#118=B_SPLINE_CURVE_WITH_KNOTS('',3,(#11379,#11380,#11381,#11382,#11383,
#11384,#11385),.UNSPECIFIED.,.F.,.F.,(4,3,4),(-0.688247471133727,-0.386763535387659,
-0.298684967390694),.UNSPECIFIED.);
#119=B_SPLINE_CURVE_WITH_KNOTS('',3,(#11386,#11387,#11388,#11389),
 .UNSPECIFIED.,.F.,.F.,(4,4),(0.389644638593803,0.703289923524607),
 .UNSPECIFIED.);
#120=B_SPLINE_CURVE_WITH_KNOTS('',3,(#11412,#11413,#11414,#11415,#11416),
 .UNSPECIFIED.,.F.,.F.,(4,1,4),(-1.84487841670162E-15,0.301398833624406,
0.31365990579232),.UNSPECIFIED.);
#121=B_SPLINE_CURVE_WITH_KNOTS('',3,(#11448,#11449,#11450,#11451,#11452,
#11453,#11454),.UNSPECIFIED.,.F.,.F.,(4,3,4),(-0.261535110069559,-0.134933801688997,
0.),.UNSPECIFIED.);
#122=B_SPLINE_CURVE_WITH_KNOTS('',3,(#11457,#11458,#11459,#11460),
 .UNSPECIFIED.,.F.,.F.,(4,4),(-0.703263945123616,-0.659650325427155),
 .UNSPECIFIED.);
#123=B_SPLINE_CURVE_WITH_KNOTS('',3,(#11530,#11531,#11532,#11533),
 .UNSPECIFIED.,.F.,.F.,(4,4),(-0.0959585870604011,-2.10157283694653E-14),
 .UNSPECIFIED.);
#124=B_SPLINE_CURVE_WITH_KNOTS('',3,(#11534,#11535,#11536,#11537,#11538,
#11539,#11540),.UNSPECIFIED.,.F.,.F.,(4,1,1,1,4),(2.10157283694653E-14,
0.102729186838338,0.205458373676654,0.34243062279441,0.479402871912165),
 .UNSPECIFIED.);
#125=B_SPLINE_CURVE_WITH_KNOTS('',3,(#11567,#11568,#11569,#11570,#11571,
#11572,#11573,#11574,#11575,#11576),.UNSPECIFIED.,.F.,.F.,(4,2,2,2,4),(0.,
0.109951169755105,0.21983101496776,0.378718270238244,0.379929109064074),
 .UNSPECIFIED.);
#126=B_SPLINE_CURVE_WITH_KNOTS('',3,(#11579,#11580,#11581,#11582,#11583,
#11584,#11585,#11586,#11587,#11588,#11589,#11590,#11591,#11592,#11593,#11594,
#11595,#11596,#11597,#11598,#11599,#11600,#11601,#11602,#11603),
 .UNSPECIFIED.,.F.,.F.,(4,1,1,1,1,1,1,1,1,1,1,1,1,1,1,1,1,1,1,1,1,1,4),
(0.,0.0714285714285714,0.107142857142857,0.142857142857143,0.214285714285714,
0.285714285714286,0.321428571428571,0.357142857142857,0.392857142857143,
0.428571428571429,0.446428571428571,0.464285714285714,0.5,0.571428571428571,
0.642857142857143,0.678571428571428,0.714285714285714,0.75,0.785714285714286,
0.821428571428571,0.857142857142857,0.928571428571429,1.),.UNSPECIFIED.);
#127=B_SPLINE_CURVE_WITH_KNOTS('',3,(#11608,#11609,#11610,#11611,#11612,
#11613,#11614),.UNSPECIFIED.,.F.,.F.,(4,1,1,1,4),(0.,0.142857142857143,
0.285714285714286,0.428571428571429,0.500515424483909),.UNSPECIFIED.);
#128=B_SPLINE_CURVE_WITH_KNOTS('',3,(#11617,#11618,#11619,#11620,#11621,
#11622,#11623),.UNSPECIFIED.,.F.,.F.,(4,1,1,1,4),(0.,0.142857142857143,
0.285714285714286,0.428571428571429,0.500515424483905),.UNSPECIFIED.);
#129=B_SPLINE_CURVE_WITH_KNOTS('',3,(#11628,#11629,#11630,#11631,#11632,
#11633,#11634,#11635,#11636,#11637,#11638,#11639,#11640,#11641,#11642,#11643,
#11644,#11645,#11646,#11647,#11648,#11649,#11650,#11651,#11652),
 .UNSPECIFIED.,.F.,.F.,(4,1,1,1,1,1,1,1,1,1,1,1,1,1,1,1,1,1,1,1,1,1,4),
(0.,0.0714285714285714,0.107142857142857,0.142857142857143,0.214285714285714,
0.285714285714286,0.321428571428571,0.357142857142857,0.392857142857143,
0.428571428571429,0.446428571428571,0.464285714285714,0.5,0.571428571428571,
0.642857142857143,0.678571428571428,0.714285714285714,0.75,0.785714285714286,
0.821428571428571,0.857142857142857,0.928571428571429,1.),.UNSPECIFIED.);
#130=B_SPLINE_CURVE_WITH_KNOTS('',3,(#11738,#11739,#11740,#11741,#11742,
#11743,#11744,#11745,#11746,#11747),.UNSPECIFIED.,.F.,.F.,(4,2,2,2,4),(-0.000745436309549803,
0.,0.0978167586573217,0.165462777730596,0.233152706779906),
 .UNSPECIFIED.);
#131=B_SPLINE_CURVE_WITH_KNOTS('',3,(#11930,#11931,#11932,#11933,#11934,
#11935,#11936),.UNSPECIFIED.,.F.,.F.,(4,1,1,1,4),(0.,0.142857142857143,
0.285714285714286,0.428571428571429,0.500515424483855),.UNSPECIFIED.);
#132=B_SPLINE_CURVE_WITH_KNOTS('',3,(#11941,#11942,#11943,#11944,#11945,
#11946,#11947,#11948,#11949,#11950,#11951,#11952,#11953,#11954,#11955,#11956,
#11957,#11958,#11959,#11960,#11961,#11962,#11963,#11964,#11965),
 .UNSPECIFIED.,.F.,.F.,(4,1,1,1,1,1,1,1,1,1,1,1,1,1,1,1,1,1,1,1,1,1,4),
(0.,0.0714285714285714,0.107142857142857,0.142857142857143,0.214285714285714,
0.285714285714286,0.321428571428571,0.357142857142857,0.392857142857143,
0.428571428571429,0.446428571428571,0.464285714285714,0.5,0.571428571428571,
0.642857142857143,0.678571428571428,0.714285714285714,0.75,0.785714285714286,
0.821428571428571,0.857142857142857,0.928571428571429,1.),.UNSPECIFIED.);
#133=B_SPLINE_CURVE_WITH_KNOTS('',3,(#12051,#12052,#12053,#12054,#12055,
#12056,#12057,#12058,#12059,#12060),.UNSPECIFIED.,.F.,.F.,(4,2,2,2,4),(-0.000745434750690942,
0.,0.097816696237866,0.16546267290496,0.233152559520568),.UNSPECIFIED.);
#134=B_SPLINE_CURVE_WITH_KNOTS('',3,(#12782,#12783,#12784,#12785,#12786,
#12787,#12788,#12789,#12790,#12791),.UNSPECIFIED.,.F.,.F.,(4,2,2,2,4),(1.20016791876762,
1.27369985357853,1.34800618427769,1.42337003730456,1.4998296588668),
 .UNSPECIFIED.);
#135=B_SPLINE_CURVE_WITH_KNOTS('',3,(#12795,#12796,#12797,#12798,#12799,
#12800,#12801,#12802,#12803,#12804),.UNSPECIFIED.,.F.,.F.,(4,2,2,2,4),(0.900506178668452,
0.976965800230686,1.05232965325755,1.12663598395671,1.20016791876762),
 .UNSPECIFIED.);
#136=B_SPLINE_CURVE_WITH_KNOTS('',3,(#12814,#12815,#12816,#12817,#12818,
#12819,#12820,#12821,#12822,#12823),.UNSPECIFIED.,.F.,.F.,(4,2,2,2,4),(1.20016791876762,
1.27369985357853,1.34800618427769,1.42337003730456,1.4998296588668),
 .UNSPECIFIED.);
#137=B_SPLINE_CURVE_WITH_KNOTS('',3,(#12827,#12828,#12829,#12830,#12831,
#12832,#12833,#12834,#12835,#12836,#12837,#12838,#12839,#12840,#12841,#12842,
#12843,#12844),.UNSPECIFIED.,.F.,.F.,(4,2,2,2,2,2,2,2,4),(0.149723084094502,
0.187892972863171,0.225656793735479,0.262870238355471,0.299604952345686,
0.336339666335901,0.373553110955894,0.411316931828202,0.449486820596871),
 .UNSPECIFIED.);
#138=B_SPLINE_CURVE_WITH_KNOTS('',3,(#12850,#12851,#12852,#12853,#12854,
#12855,#12856,#12857,#12858,#12859),.UNSPECIFIED.,.F.,.F.,(4,2,2,2,4),(0.900506178668452,
0.976965800230686,1.05232965325755,1.12663598395671,1.20016791876762),
 .UNSPECIFIED.);
#139=B_SPLINE_CURVE_WITH_KNOTS('',3,(#12870,#12871,#12872,#12873,#12874,
#12875,#12876,#12877,#12878,#12879,#12880,#12881,#12882,#12883,#12884,#12885,
#12886,#12887),.UNSPECIFIED.,.F.,.F.,(4,2,2,2,2,2,2,2,4),(0.149723084094502,
0.18789297286317,0.225656793735478,0.262870238355471,0.299604952345686,
0.336339666335901,0.373553110955894,0.411316931828202,0.44948682059687),
 .UNSPECIFIED.);
#140=B_SPLINE_SURFACE_WITH_KNOTS('',3,3,((#9273,#9274,#9275,#9276),(#9277,
#9278,#9279,#9280),(#9281,#9282,#9283,#9284),(#9285,#9286,#9287,#9288),
(#9289,#9290,#9291,#9292),(#9293,#9294,#9295,#9296),(#9297,#9298,#9299,
#9300)),.UNSPECIFIED.,.F.,.F.,.F.,(4,1,1,1,4),(4,4),(0.,0.285714285714286,
0.571428571428571,0.785714285714286,1.),(1.5,1.90000000000073),
 .UNSPECIFIED.);
#141=B_SPLINE_SURFACE_WITH_KNOTS('',3,3,((#9348,#9349,#9350,#9351),(#9352,
#9353,#9354,#9355),(#9356,#9357,#9358,#9359),(#9360,#9361,#9362,#9363)),
 .UNSPECIFIED.,.F.,.F.,.F.,(4,4),(4,4),(0.,1.),(0.499999999999268,0.899999999999999),
 .UNSPECIFIED.);
#142=B_SPLINE_SURFACE_WITH_KNOTS('',3,3,((#9435,#9436,#9437,#9438),(#9439,
#9440,#9441,#9442),(#9443,#9444,#9445,#9446),(#9447,#9448,#9449,#9450)),
 .UNSPECIFIED.,.F.,.F.,.F.,(4,4),(4,4),(0.,1.),(1.5,1.90000000000073),
 .UNSPECIFIED.);
#143=B_SPLINE_SURFACE_WITH_KNOTS('',3,3,((#9477,#9478,#9479,#9480),(#9481,
#9482,#9483,#9484),(#9485,#9486,#9487,#9488),(#9489,#9490,#9491,#9492),
(#9493,#9494,#9495,#9496),(#9497,#9498,#9499,#9500),(#9501,#9502,#9503,
#9504)),.UNSPECIFIED.,.F.,.F.,.F.,(4,1,1,1,4),(4,4),(0.,0.285714285714286,
0.571428571428571,0.785714285714286,1.),(0.499999999999267,0.899999999999999),
 .UNSPECIFIED.);
#144=B_SPLINE_SURFACE_WITH_KNOTS('',3,3,((#9579,#9580,#9581,#9582),(#9583,
#9584,#9585,#9586),(#9587,#9588,#9589,#9590),(#9591,#9592,#9593,#9594)),
 .UNSPECIFIED.,.F.,.F.,.F.,(4,4),(4,4),(0.,1.),(0.499999999999268,0.899999999999999),
 .UNSPECIFIED.);
#145=B_SPLINE_SURFACE_WITH_KNOTS('',3,3,((#9627,#9628,#9629,#9630),(#9631,
#9632,#9633,#9634),(#9635,#9636,#9637,#9638),(#9639,#9640,#9641,#9642)),
 .UNSPECIFIED.,.F.,.F.,.F.,(4,4),(4,4),(0.,1.),(1.5,1.90000000000073),
 .UNSPECIFIED.);
#146=B_SPLINE_SURFACE_WITH_KNOTS('',3,3,((#10609,#10610,#10611,#10612,#10613,
#10614,#10615,#10616,#10617),(#10618,#10619,#10620,#10621,#10622,#10623,
#10624,#10625,#10626),(#10627,#10628,#10629,#10630,#10631,#10632,#10633,
#10634,#10635),(#10636,#10637,#10638,#10639,#10640,#10641,#10642,#10643,
#10644),(#10645,#10646,#10647,#10648,#10649,#10650,#10651,#10652,#10653),
(#10654,#10655,#10656,#10657,#10658,#10659,#10660,#10661,#10662),(#10663,
#10664,#10665,#10666,#10667,#10668,#10669,#10670,#10671)),.UNSPECIFIED.,
 .F.,.F.,.F.,(4,1,1,1,4),(4,1,1,1,1,1,4),(-3.14159265358979,-2.24399475256414,
-1.79519580205131,-0.897597901025655,0.),(0.0307268394278409,0.221251677496049,
0.284759956852118,0.538793074276396,0.729317912344604,0.792826191700673,
0.919842750412812),.UNSPECIFIED.);
#147=B_SPLINE_SURFACE_WITH_KNOTS('',3,3,((#10716,#10717,#10718,#10719),
(#10720,#10721,#10722,#10723),(#10724,#10725,#10726,#10727),(#10728,#10729,
#10730,#10731),(#10732,#10733,#10734,#10735),(#10736,#10737,#10738,#10739),
(#10740,#10741,#10742,#10743)),.UNSPECIFIED.,.F.,.F.,.F.,(4,1,1,1,4),(4,
4),(-3.14159265358979,-2.24399475256414,-1.79519580205131,-0.897597901025655,
0.),(0.919842749825737,1.),.UNSPECIFIED.);
#148=B_SPLINE_SURFACE_WITH_KNOTS('',3,3,((#10818,#10819,#10820,#10821,#10822,
#10823,#10824,#10825,#10826,#10827),(#10828,#10829,#10830,#10831,#10832,
#10833,#10834,#10835,#10836,#10837),(#10838,#10839,#10840,#10841,#10842,
#10843,#10844,#10845,#10846,#10847),(#10848,#10849,#10850,#10851,#10852,
#10853,#10854,#10855,#10856,#10857),(#10858,#10859,#10860,#10861,#10862,
#10863,#10864,#10865,#10866,#10867),(#10868,#10869,#10870,#10871,#10872,
#10873,#10874,#10875,#10876,#10877),(#10878,#10879,#10880,#10881,#10882,
#10883,#10884,#10885,#10886,#10887)),.UNSPECIFIED.,.F.,.F.,.F.,(4,1,1,1,
4),(4,1,1,1,1,1,1,4),(-3.14159265358979,-2.24399475256414,-1.79519580205131,
-0.897597901025655,0.),(0.0307268392780139,0.157743398011552,0.284759956745091,
0.411776515478629,0.634055493262321,0.665809632945706,0.792826191679244,
0.919842750412782),.UNSPECIFIED.);
#149=B_SPLINE_SURFACE_WITH_KNOTS('',3,3,((#10926,#10927,#10928,#10929),
(#10930,#10931,#10932,#10933),(#10934,#10935,#10936,#10937),(#10938,#10939,
#10940,#10941),(#10942,#10943,#10944,#10945),(#10946,#10947,#10948,#10949),
(#10950,#10951,#10952,#10953)),.UNSPECIFIED.,.F.,.F.,.F.,(4,1,1,1,4),(4,
4),(-3.14159265358979,-2.24399475256414,-1.79519580205131,-0.897597901025655,
0.),(0.919842749825714,1.),.UNSPECIFIED.);
#150=B_SPLINE_SURFACE_WITH_KNOTS('',3,3,((#10960,#10961,#10962,#10963,#10964,
#10965),(#10966,#10967,#10968,#10969,#10970,#10971),(#10972,#10973,#10974,
#10975,#10976,#10977),(#10978,#10979,#10980,#10981,#10982,#10983),(#10984,
#10985,#10986,#10987,#10988,#10989)),.UNSPECIFIED.,.F.,.F.,.F.,(4,1,4),
(4,1,1,4),(0.,0.571428571428571,1.),(-1.71594571688629E-14,0.301409967224822,
0.502349945374716,0.703289923524609),.UNSPECIFIED.);
#151=B_SPLINE_SURFACE_WITH_KNOTS('',3,3,((#11041,#11042,#11043,#11044,#11045,
#11046,#11047),(#11048,#11049,#11050,#11051,#11052,#11053,#11054),(#11055,
#11056,#11057,#11058,#11059,#11060,#11061),(#11062,#11063,#11064,#11065,
#11066,#11067,#11068),(#11069,#11070,#11071,#11072,#11073,#11074,#11075)),
 .UNSPECIFIED.,.F.,.F.,.F.,(4,1,4),(4,1,1,1,4),(0.,0.571428571428571,1.),
(6.85344312123298E-15,0.102729186838327,0.205458373676646,0.342430622794406,
0.479402871912165),.UNSPECIFIED.);
#152=B_SPLINE_SURFACE_WITH_KNOTS('',3,3,((#11157,#11158,#11159,#11160,#11161,
#11162,#11163),(#11164,#11165,#11166,#11167,#11168,#11169,#11170),(#11171,
#11172,#11173,#11174,#11175,#11176,#11177),(#11178,#11179,#11180,#11181,
#11182,#11183,#11184),(#11185,#11186,#11187,#11188,#11189,#11190,#11191)),
 .UNSPECIFIED.,.F.,.F.,.F.,(4,1,4),(4,1,1,1,4),(0.,0.571428571428571,1.),
(-1.04083408558645E-15,0.136972249117761,0.273944498235523,0.342430622794403,
0.479402871912165),.UNSPECIFIED.);
#153=B_SPLINE_SURFACE_WITH_KNOTS('',3,3,((#11230,#11231,#11232,#11233,#11234),
(#11235,#11236,#11237,#11238,#11239),(#11240,#11241,#11242,#11243,#11244),
(#11245,#11246,#11247,#11248,#11249),(#11250,#11251,#11252,#11253,#11254)),
 .UNSPECIFIED.,.F.,.F.,.F.,(4,1,4),(4,1,4),(0.,0.571428571428571,1.),(0.,
0.301409967224832,0.703289923524609),.UNSPECIFIED.);
#154=B_SPLINE_SURFACE_WITH_KNOTS('',3,3,((#11267,#11268,#11269,#11270,#11271,
#11272,#11273),(#11274,#11275,#11276,#11277,#11278,#11279,#11280),(#11281,
#11282,#11283,#11284,#11285,#11286,#11287),(#11288,#11289,#11290,#11291,
#11292,#11293,#11294),(#11295,#11296,#11297,#11298,#11299,#11300,#11301)),
 .UNSPECIFIED.,.F.,.F.,.F.,(4,1,4),(4,1,1,1,4),(0.,0.571428571428571,1.),
(-7.81319453580002E-15,0.136972249117756,0.27394449823552,0.342430622794401,
0.479402871912165),.UNSPECIFIED.);
#155=B_SPLINE_SURFACE_WITH_KNOTS('',3,3,((#11350,#11351,#11352,#11353,#11354),
(#11355,#11356,#11357,#11358,#11359),(#11360,#11361,#11362,#11363,#11364),
(#11365,#11366,#11367,#11368,#11369),(#11370,#11371,#11372,#11373,#11374)),
 .UNSPECIFIED.,.F.,.F.,.F.,(4,1,4),(4,1,4),(0.,0.571428571428571,1.),(0.,
0.301409967224832,0.703289923524607),.UNSPECIFIED.);
#156=B_SPLINE_SURFACE_WITH_KNOTS('',3,3,((#11417,#11418,#11419,#11420,#11421,
#11422),(#11423,#11424,#11425,#11426,#11427,#11428),(#11429,#11430,#11431,
#11432,#11433,#11434),(#11435,#11436,#11437,#11438,#11439,#11440),(#11441,
#11442,#11443,#11444,#11445,#11446)),.UNSPECIFIED.,.F.,.F.,.F.,(4,1,4),
(4,1,1,4),(0.,0.571428571428571,1.),(-1.84487841670162E-15,0.301398833624406,
0.502331389374011,0.703263945123616),.UNSPECIFIED.);
#157=B_SPLINE_SURFACE_WITH_KNOTS('',3,3,((#11495,#11496,#11497,#11498,#11499,
#11500,#11501),(#11502,#11503,#11504,#11505,#11506,#11507,#11508),(#11509,
#11510,#11511,#11512,#11513,#11514,#11515),(#11516,#11517,#11518,#11519,
#11520,#11521,#11522),(#11523,#11524,#11525,#11526,#11527,#11528,#11529)),
 .UNSPECIFIED.,.F.,.F.,.F.,(4,1,4),(4,1,1,1,4),(0.,0.571428571428571,1.),
(2.10157283694653E-14,0.102729186838338,0.205458373676654,0.34243062279441,
0.479402871912165),.UNSPECIFIED.);
#158=B_SPLINE_SURFACE_WITH_KNOTS('',3,3,((#11653,#11654,#11655,#11656,#11657,
#11658,#11659,#11660,#11661,#11662,#11663,#11664),(#11665,#11666,#11667,
#11668,#11669,#11670,#11671,#11672,#11673,#11674,#11675,#11676),(#11677,
#11678,#11679,#11680,#11681,#11682,#11683,#11684,#11685,#11686,#11687,#11688),
(#11689,#11690,#11691,#11692,#11693,#11694,#11695,#11696,#11697,#11698,
#11699,#11700),(#11701,#11702,#11703,#11704,#11705,#11706,#11707,#11708,
#11709,#11710,#11711,#11712),(#11713,#11714,#11715,#11716,#11717,#11718,
#11719,#11720,#11721,#11722,#11723,#11724),(#11725,#11726,#11727,#11728,
#11729,#11730,#11731,#11732,#11733,#11734,#11735,#11736)),.UNSPECIFIED.,
 .F.,.F.,.F.,(4,1,1,1,4),(4,1,1,1,1,1,1,1,1,4),(-3.14159265358979,-2.24399475256414,
-1.79519580205131,-0.897597901025655,0.),(0.,0.142857142857143,0.285714285714286,
0.428571428571429,0.571428571428571,0.678571428571428,0.785714285714286,
0.857142857142857,0.928571428571429,1.),.UNSPECIFIED.);
#159=B_SPLINE_SURFACE_WITH_KNOTS('',3,3,((#11752,#11753,#11754,#11755,#11756,
#11757,#11758,#11759,#11760,#11761,#11762,#11763,#11764,#11765,#11766,#11767,
#11768,#11769,#11770,#11771,#11772,#11773,#11774,#11775,#11776),(#11777,
#11778,#11779,#11780,#11781,#11782,#11783,#11784,#11785,#11786,#11787,#11788,
#11789,#11790,#11791,#11792,#11793,#11794,#11795,#11796,#11797,#11798,#11799,
#11800,#11801),(#11802,#11803,#11804,#11805,#11806,#11807,#11808,#11809,
#11810,#11811,#11812,#11813,#11814,#11815,#11816,#11817,#11818,#11819,#11820,
#11821,#11822,#11823,#11824,#11825,#11826),(#11827,#11828,#11829,#11830,
#11831,#11832,#11833,#11834,#11835,#11836,#11837,#11838,#11839,#11840,#11841,
#11842,#11843,#11844,#11845,#11846,#11847,#11848,#11849,#11850,#11851),
(#11852,#11853,#11854,#11855,#11856,#11857,#11858,#11859,#11860,#11861,
#11862,#11863,#11864,#11865,#11866,#11867,#11868,#11869,#11870,#11871,#11872,
#11873,#11874,#11875,#11876),(#11877,#11878,#11879,#11880,#11881,#11882,
#11883,#11884,#11885,#11886,#11887,#11888,#11889,#11890,#11891,#11892,#11893,
#11894,#11895,#11896,#11897,#11898,#11899,#11900,#11901),(#11902,#11903,
#11904,#11905,#11906,#11907,#11908,#11909,#11910,#11911,#11912,#11913,#11914,
#11915,#11916,#11917,#11918,#11919,#11920,#11921,#11922,#11923,#11924,#11925,
#11926)),.UNSPECIFIED.,.F.,.F.,.F.,(4,1,1,1,4),(4,1,1,1,1,1,1,1,1,1,1,1,
1,1,1,1,1,1,1,1,1,1,4),(-3.14159265358979,-2.24399475256414,-1.79519580205131,
-0.897597901025655,0.),(0.,0.0714285714285714,0.107142857142857,0.142857142857143,
0.214285714285714,0.285714285714286,0.321428571428571,0.357142857142857,
0.392857142857143,0.428571428571429,0.446428571428571,0.464285714285714,
0.5,0.571428571428571,0.642857142857143,0.678571428571428,0.714285714285714,
0.75,0.785714285714286,0.821428571428571,0.857142857142857,0.928571428571429,
1.),.UNSPECIFIED.);
#160=B_SPLINE_SURFACE_WITH_KNOTS('',3,3,((#11966,#11967,#11968,#11969,#11970,
#11971,#11972,#11973,#11974,#11975,#11976,#11977),(#11978,#11979,#11980,
#11981,#11982,#11983,#11984,#11985,#11986,#11987,#11988,#11989),(#11990,
#11991,#11992,#11993,#11994,#11995,#11996,#11997,#11998,#11999,#12000,#12001),
(#12002,#12003,#12004,#12005,#12006,#12007,#12008,#12009,#12010,#12011,
#12012,#12013),(#12014,#12015,#12016,#12017,#12018,#12019,#12020,#12021,
#12022,#12023,#12024,#12025),(#12026,#12027,#12028,#12029,#12030,#12031,
#12032,#12033,#12034,#12035,#12036,#12037),(#12038,#12039,#12040,#12041,
#12042,#12043,#12044,#12045,#12046,#12047,#12048,#12049)),.UNSPECIFIED.,
 .F.,.F.,.F.,(4,1,1,1,4),(4,1,1,1,1,1,1,1,1,4),(-3.14159265358979,-2.24399475256414,
-1.79519580205131,-0.897597901025655,0.),(0.,0.142857142857143,0.285714285714286,
0.428571428571429,0.571428571428571,0.678571428571428,0.785714285714286,
0.857142857142857,0.928571428571429,1.),.UNSPECIFIED.);
#161=B_SPLINE_SURFACE_WITH_KNOTS('',3,3,((#12065,#12066,#12067,#12068,#12069,
#12070,#12071,#12072,#12073,#12074,#12075,#12076,#12077,#12078,#12079,#12080,
#12081,#12082,#12083,#12084,#12085,#12086,#12087,#12088,#12089),(#12090,
#12091,#12092,#12093,#12094,#12095,#12096,#12097,#12098,#12099,#12100,#12101,
#12102,#12103,#12104,#12105,#12106,#12107,#12108,#12109,#12110,#12111,#12112,
#12113,#12114),(#12115,#12116,#12117,#12118,#12119,#12120,#12121,#12122,
#12123,#12124,#12125,#12126,#12127,#12128,#12129,#12130,#12131,#12132,#12133,
#12134,#12135,#12136,#12137,#12138,#12139),(#12140,#12141,#12142,#12143,
#12144,#12145,#12146,#12147,#12148,#12149,#12150,#12151,#12152,#12153,#12154,
#12155,#12156,#12157,#12158,#12159,#12160,#12161,#12162,#12163,#12164),
(#12165,#12166,#12167,#12168,#12169,#12170,#12171,#12172,#12173,#12174,
#12175,#12176,#12177,#12178,#12179,#12180,#12181,#12182,#12183,#12184,#12185,
#12186,#12187,#12188,#12189),(#12190,#12191,#12192,#12193,#12194,#12195,
#12196,#12197,#12198,#12199,#12200,#12201,#12202,#12203,#12204,#12205,#12206,
#12207,#12208,#12209,#12210,#12211,#12212,#12213,#12214),(#12215,#12216,
#12217,#12218,#12219,#12220,#12221,#12222,#12223,#12224,#12225,#12226,#12227,
#12228,#12229,#12230,#12231,#12232,#12233,#12234,#12235,#12236,#12237,#12238,
#12239)),.UNSPECIFIED.,.F.,.F.,.F.,(4,1,1,1,4),(4,1,1,1,1,1,1,1,1,1,1,1,
1,1,1,1,1,1,1,1,1,1,4),(-3.14159265358979,-2.24399475256414,-1.79519580205131,
-0.897597901025655,0.),(0.,0.0714285714285714,0.107142857142857,0.142857142857143,
0.214285714285714,0.285714285714286,0.321428571428571,0.357142857142857,
0.392857142857143,0.428571428571429,0.446428571428571,0.464285714285714,
0.5,0.571428571428571,0.642857142857143,0.678571428571428,0.714285714285714,
0.75,0.785714285714286,0.821428571428571,0.857142857142857,0.928571428571429,
1.),.UNSPECIFIED.);
#162=SPHERICAL_SURFACE('',#6468,2.00000000000001);
#163=SPHERICAL_SURFACE('',#6476,2.);
#164=SPHERICAL_SURFACE('',#6477,2.00000000000001);
#165=SPHERICAL_SURFACE('',#6478,1.99999999999999);
#166=SPHERICAL_SURFACE('',#6479,1.99999999999999);
#167=SPHERICAL_SURFACE('',#6483,1.99999999999999);
#168=SPHERICAL_SURFACE('',#6484,1.99999999999999);
#169=SPHERICAL_SURFACE('',#6485,1.99999999999999);
#170=SPHERICAL_SURFACE('',#6771,1.99999999999999);
#171=SPHERICAL_SURFACE('',#6775,1.99999999999999);
#172=SPHERICAL_SURFACE('',#6776,1.99999999999999);
#173=SPHERICAL_SURFACE('',#6786,2.00000000000001);
#174=SPHERICAL_SURFACE('',#6793,2.);
#175=SPHERICAL_SURFACE('',#6797,1.99999999999999);
#176=SPHERICAL_SURFACE('',#6803,2.);
#177=SPHERICAL_SURFACE('',#6804,2.00000000000001);
#178=ELLIPSE('',#6455,2.8284271247462,2.);
#179=ELLIPSE('',#6459,2.8284271247462,2.);
#180=ELLIPSE('',#6558,37.,25.0000003776635);
#181=ELLIPSE('',#6560,28.2788202184,16.2788205960997);
#182=ELLIPSE('',#6562,37.,25.0000003776635);
#183=ELLIPSE('',#6563,28.2788202184,16.2788205960997);
#184=ELLIPSE('',#6565,37.,25.0000003776635);
#185=ELLIPSE('',#6566,37.,25.0000003776635);
#186=ELLIPSE('',#6567,37.,25.0000003776635);
#187=ELLIPSE('',#6568,37.,25.0000003776635);
#188=ELLIPSE('',#6569,37.,25.0000003776635);
#189=ELLIPSE('',#6570,37.,25.0000003776635);
#190=ELLIPSE('',#6571,37.,25.0000003776635);
#191=ELLIPSE('',#6572,37.,25.0000003776635);
#192=ELLIPSE('',#6573,37.,25.0000003776635);
#193=ELLIPSE('',#6574,37.,25.0000003776635);
#194=ELLIPSE('',#6575,37.,25.0000003776635);
#195=ELLIPSE('',#6576,37.,25.0000003776635);
#196=ELLIPSE('',#6577,28.2788202184,16.2788205960997);
#197=ELLIPSE('',#6578,28.2788202184,16.2788205960997);
#198=ELLIPSE('',#6579,28.2788202184,16.2788205960997);
#199=ELLIPSE('',#6580,28.2788202184,16.2788205960997);
#200=ELLIPSE('',#6581,28.2788202184,16.2788205960997);
#201=ELLIPSE('',#6593,28.2788202184,16.2788205960997);
#202=ELLIPSE('',#6636,28.2788202184,16.2788205960997);
#203=ELLIPSE('',#6654,1.00055337781336,1.);
#204=ELLIPSE('',#6661,1.00055337781336,0.999999999999996);
#205=ELLIPSE('',#6666,28.2788202184,16.2788205960997);
#206=ELLIPSE('',#6691,28.2788202184,16.2788205960997);
#207=ELLIPSE('',#6695,28.2788202184,16.2788205960997);
#208=ELLIPSE('',#6758,2.82842712474619,2.);
#209=ELLIPSE('',#6762,2.8284271247462,2.);
#210=ITEM_DEFINED_TRANSFORMATION($,$,#6305,#6381);
#211=ITEM_DEFINED_TRANSFORMATION($,$,#6359,#6382);
#212=ITEM_DEFINED_TRANSFORMATION($,$,#6305,#6383);
#213=ITEM_DEFINED_TRANSFORMATION($,$,#6359,#6384);
#214=ITEM_DEFINED_TRANSFORMATION($,$,#6305,#6385);
#215=ITEM_DEFINED_TRANSFORMATION($,$,#6359,#6386);
#216=ITEM_DEFINED_TRANSFORMATION($,$,#6305,#6387);
#217=ITEM_DEFINED_TRANSFORMATION($,$,#6359,#6388);
#218=ITEM_DEFINED_TRANSFORMATION($,$,#6810,#6862);
#219=ITEM_DEFINED_TRANSFORMATION($,$,#6827,#6863);
#220=ITEM_DEFINED_TRANSFORMATION($,$,#6809,#6864);
#221=ITEM_DEFINED_TRANSFORMATION($,$,#6301,#7017);
#222=ITEM_DEFINED_TRANSFORMATION($,$,#6302,#7018);
#223=ITEM_DEFINED_TRANSFORMATION($,$,#6303,#7019);
#224=ITEM_DEFINED_TRANSFORMATION($,$,#6304,#7020);
#225=ITEM_DEFINED_TRANSFORMATION($,$,#6389,#7021);
#226=ITEM_DEFINED_TRANSFORMATION($,$,#6488,#7022);
#227=ITEM_DEFINED_TRANSFORMATION($,$,#6494,#7023);
#228=ITEM_DEFINED_TRANSFORMATION($,$,#6697,#7024);
#229=ITEM_DEFINED_TRANSFORMATION($,$,#6703,#7025);
#230=ITEM_DEFINED_TRANSFORMATION($,$,#6991,#7026);
#231=ITEM_DEFINED_TRANSFORMATION($,$,#6709,#7027);
#232=ITEM_DEFINED_TRANSFORMATION($,$,#6808,#7028);
#233=ITEM_DEFINED_TRANSFORMATION($,$,#6865,#7029);
#234=ITEM_DEFINED_TRANSFORMATION($,$,#6901,#7030);
#235=ITEM_DEFINED_TRANSFORMATION($,$,#6927,#7031);
#236=ITEM_DEFINED_TRANSFORMATION($,$,#6955,#7032);
#237=ITEM_DEFINED_TRANSFORMATION($,$,#6991,#7033);
#238=(
REPRESENTATION_RELATIONSHIP($,$,#13530,#13526)
REPRESENTATION_RELATIONSHIP_WITH_TRANSFORMATION(#210)
SHAPE_REPRESENTATION_RELATIONSHIP()
);
#239=(
REPRESENTATION_RELATIONSHIP($,$,#13531,#13526)
REPRESENTATION_RELATIONSHIP_WITH_TRANSFORMATION(#211)
SHAPE_REPRESENTATION_RELATIONSHIP()
);
#240=(
REPRESENTATION_RELATIONSHIP($,$,#13530,#13527)
REPRESENTATION_RELATIONSHIP_WITH_TRANSFORMATION(#212)
SHAPE_REPRESENTATION_RELATIONSHIP()
);
#241=(
REPRESENTATION_RELATIONSHIP($,$,#13531,#13527)
REPRESENTATION_RELATIONSHIP_WITH_TRANSFORMATION(#213)
SHAPE_REPRESENTATION_RELATIONSHIP()
);
#242=(
REPRESENTATION_RELATIONSHIP($,$,#13530,#13528)
REPRESENTATION_RELATIONSHIP_WITH_TRANSFORMATION(#214)
SHAPE_REPRESENTATION_RELATIONSHIP()
);
#243=(
REPRESENTATION_RELATIONSHIP($,$,#13531,#13528)
REPRESENTATION_RELATIONSHIP_WITH_TRANSFORMATION(#215)
SHAPE_REPRESENTATION_RELATIONSHIP()
);
#244=(
REPRESENTATION_RELATIONSHIP($,$,#13530,#13529)
REPRESENTATION_RELATIONSHIP_WITH_TRANSFORMATION(#216)
SHAPE_REPRESENTATION_RELATIONSHIP()
);
#245=(
REPRESENTATION_RELATIONSHIP($,$,#13531,#13529)
REPRESENTATION_RELATIONSHIP_WITH_TRANSFORMATION(#217)
SHAPE_REPRESENTATION_RELATIONSHIP()
);
#246=(
REPRESENTATION_RELATIONSHIP($,$,#13540,#13539)
REPRESENTATION_RELATIONSHIP_WITH_TRANSFORMATION(#218)
SHAPE_REPRESENTATION_RELATIONSHIP()
);
#247=(
REPRESENTATION_RELATIONSHIP($,$,#13541,#13539)
REPRESENTATION_RELATIONSHIP_WITH_TRANSFORMATION(#219)
SHAPE_REPRESENTATION_RELATIONSHIP()
);
#248=(
REPRESENTATION_RELATIONSHIP($,$,#13539,#13538)
REPRESENTATION_RELATIONSHIP_WITH_TRANSFORMATION(#220)
SHAPE_REPRESENTATION_RELATIONSHIP()
);
#249=(
REPRESENTATION_RELATIONSHIP($,$,#13526,#13525)
REPRESENTATION_RELATIONSHIP_WITH_TRANSFORMATION(#221)
SHAPE_REPRESENTATION_RELATIONSHIP()
);
#250=(
REPRESENTATION_RELATIONSHIP($,$,#13527,#13525)
REPRESENTATION_RELATIONSHIP_WITH_TRANSFORMATION(#222)
SHAPE_REPRESENTATION_RELATIONSHIP()
);
#251=(
REPRESENTATION_RELATIONSHIP($,$,#13528,#13525)
REPRESENTATION_RELATIONSHIP_WITH_TRANSFORMATION(#223)
SHAPE_REPRESENTATION_RELATIONSHIP()
);
#252=(
REPRESENTATION_RELATIONSHIP($,$,#13529,#13525)
REPRESENTATION_RELATIONSHIP_WITH_TRANSFORMATION(#224)
SHAPE_REPRESENTATION_RELATIONSHIP()
);
#253=(
REPRESENTATION_RELATIONSHIP($,$,#13532,#13525)
REPRESENTATION_RELATIONSHIP_WITH_TRANSFORMATION(#225)
SHAPE_REPRESENTATION_RELATIONSHIP()
);
#254=(
REPRESENTATION_RELATIONSHIP($,$,#13533,#13525)
REPRESENTATION_RELATIONSHIP_WITH_TRANSFORMATION(#226)
SHAPE_REPRESENTATION_RELATIONSHIP()
);
#255=(
REPRESENTATION_RELATIONSHIP($,$,#13534,#13525)
REPRESENTATION_RELATIONSHIP_WITH_TRANSFORMATION(#227)
SHAPE_REPRESENTATION_RELATIONSHIP()
);
#256=(
REPRESENTATION_RELATIONSHIP($,$,#13535,#13525)
REPRESENTATION_RELATIONSHIP_WITH_TRANSFORMATION(#228)
SHAPE_REPRESENTATION_RELATIONSHIP()
);
#257=(
REPRESENTATION_RELATIONSHIP($,$,#13536,#13525)
REPRESENTATION_RELATIONSHIP_WITH_TRANSFORMATION(#229)
SHAPE_REPRESENTATION_RELATIONSHIP()
);
#258=(
REPRESENTATION_RELATIONSHIP($,$,#13546,#13525)
REPRESENTATION_RELATIONSHIP_WITH_TRANSFORMATION(#230)
SHAPE_REPRESENTATION_RELATIONSHIP()
);
#259=(
REPRESENTATION_RELATIONSHIP($,$,#13537,#13525)
REPRESENTATION_RELATIONSHIP_WITH_TRANSFORMATION(#231)
SHAPE_REPRESENTATION_RELATIONSHIP()
);
#260=(
REPRESENTATION_RELATIONSHIP($,$,#13538,#13525)
REPRESENTATION_RELATIONSHIP_WITH_TRANSFORMATION(#232)
SHAPE_REPRESENTATION_RELATIONSHIP()
);
#261=(
REPRESENTATION_RELATIONSHIP($,$,#13542,#13525)
REPRESENTATION_RELATIONSHIP_WITH_TRANSFORMATION(#233)
SHAPE_REPRESENTATION_RELATIONSHIP()
);
#262=(
REPRESENTATION_RELATIONSHIP($,$,#13543,#13525)
REPRESENTATION_RELATIONSHIP_WITH_TRANSFORMATION(#234)
SHAPE_REPRESENTATION_RELATIONSHIP()
);
#263=(
REPRESENTATION_RELATIONSHIP($,$,#13544,#13525)
REPRESENTATION_RELATIONSHIP_WITH_TRANSFORMATION(#235)
SHAPE_REPRESENTATION_RELATIONSHIP()
);
#264=(
REPRESENTATION_RELATIONSHIP($,$,#13545,#13525)
REPRESENTATION_RELATIONSHIP_WITH_TRANSFORMATION(#236)
SHAPE_REPRESENTATION_RELATIONSHIP()
);
#265=(
REPRESENTATION_RELATIONSHIP($,$,#13546,#13525)
REPRESENTATION_RELATIONSHIP_WITH_TRANSFORMATION(#237)
SHAPE_REPRESENTATION_RELATIONSHIP()
);
#266=CONTEXT_DEPENDENT_SHAPE_REPRESENTATION(#238,#13482);
#267=CONTEXT_DEPENDENT_SHAPE_REPRESENTATION(#239,#13483);
#268=CONTEXT_DEPENDENT_SHAPE_REPRESENTATION(#240,#13484);
#269=CONTEXT_DEPENDENT_SHAPE_REPRESENTATION(#241,#13485);
#270=CONTEXT_DEPENDENT_SHAPE_REPRESENTATION(#242,#13486);
#271=CONTEXT_DEPENDENT_SHAPE_REPRESENTATION(#243,#13487);
#272=CONTEXT_DEPENDENT_SHAPE_REPRESENTATION(#244,#13488);
#273=CONTEXT_DEPENDENT_SHAPE_REPRESENTATION(#245,#13489);
#274=CONTEXT_DEPENDENT_SHAPE_REPRESENTATION(#246,#13500);
#275=CONTEXT_DEPENDENT_SHAPE_REPRESENTATION(#247,#13501);
#276=CONTEXT_DEPENDENT_SHAPE_REPRESENTATION(#248,#13502);
#277=CONTEXT_DEPENDENT_SHAPE_REPRESENTATION(#249,#13508);
#278=CONTEXT_DEPENDENT_SHAPE_REPRESENTATION(#250,#13509);
#279=CONTEXT_DEPENDENT_SHAPE_REPRESENTATION(#251,#13510);
#280=CONTEXT_DEPENDENT_SHAPE_REPRESENTATION(#252,#13511);
#281=CONTEXT_DEPENDENT_SHAPE_REPRESENTATION(#253,#13512);
#282=CONTEXT_DEPENDENT_SHAPE_REPRESENTATION(#254,#13513);
#283=CONTEXT_DEPENDENT_SHAPE_REPRESENTATION(#255,#13514);
#284=CONTEXT_DEPENDENT_SHAPE_REPRESENTATION(#256,#13515);
#285=CONTEXT_DEPENDENT_SHAPE_REPRESENTATION(#257,#13516);
#286=CONTEXT_DEPENDENT_SHAPE_REPRESENTATION(#258,#13517);
#287=CONTEXT_DEPENDENT_SHAPE_REPRESENTATION(#259,#13518);
#288=CONTEXT_DEPENDENT_SHAPE_REPRESENTATION(#260,#13519);
#289=CONTEXT_DEPENDENT_SHAPE_REPRESENTATION(#261,#13520);
#290=CONTEXT_DEPENDENT_SHAPE_REPRESENTATION(#262,#13521);
#291=CONTEXT_DEPENDENT_SHAPE_REPRESENTATION(#263,#13522);
#292=CONTEXT_DEPENDENT_SHAPE_REPRESENTATION(#264,#13523);
#293=CONTEXT_DEPENDENT_SHAPE_REPRESENTATION(#265,#13524);
#294=NEXT_ASSEMBLY_USAGE_OCCURRENCE('Outer Ring:1','Outer Ring:1',
'Outer Ring:1',#13549,#13553,'Outer Ring:1');
#295=NEXT_ASSEMBLY_USAGE_OCCURRENCE('Inner Ring:1','Inner Ring:1',
'Inner Ring:1',#13549,#13554,'Inner Ring:1');
#296=NEXT_ASSEMBLY_USAGE_OCCURRENCE('Outer Ring:1','Outer Ring:1',
'Outer Ring:1',#13550,#13553,'Outer Ring:1');
#297=NEXT_ASSEMBLY_USAGE_OCCURRENCE('Inner Ring:1','Inner Ring:1',
'Inner Ring:1',#13550,#13554,'Inner Ring:1');
#298=NEXT_ASSEMBLY_USAGE_OCCURRENCE('Outer Ring:1','Outer Ring:1',
'Outer Ring:1',#13551,#13553,'Outer Ring:1');
#299=NEXT_ASSEMBLY_USAGE_OCCURRENCE('Inner Ring:1','Inner Ring:1',
'Inner Ring:1',#13551,#13554,'Inner Ring:1');
#300=NEXT_ASSEMBLY_USAGE_OCCURRENCE('Outer Ring:1','Outer Ring:1',
'Outer Ring:1',#13552,#13553,'Outer Ring:1');
#301=NEXT_ASSEMBLY_USAGE_OCCURRENCE('Inner Ring:1','Inner Ring:1',
'Inner Ring:1',#13552,#13554,'Inner Ring:1');
#302=NEXT_ASSEMBLY_USAGE_OCCURRENCE('Flex/Ext Pulley:1',
'Flex/Ext Pulley:1','Flex/Ext Pulley:1',#13562,#13563,
'Flex/Ext Pulley:1');
#303=NEXT_ASSEMBLY_USAGE_OCCURRENCE('Palm:1','Palm:1','Palm:1',#13562,#13564,
'Palm:1');
#304=NEXT_ASSEMBLY_USAGE_OCCURRENCE('Palm v21:1','Palm v21:1',
'Palm v21:1',#13561,#13562,'Palm v21:1');
#305=NEXT_ASSEMBLY_USAGE_OCCURRENCE('16mmOD 8mmID Bearing v3:1',
'16mmOD 8mmID Bearing v3:1','16mmOD 8mmID Bearing v3:1',#13548,#13549,
'16mmOD 8mmID Bearing v3:1');
#306=NEXT_ASSEMBLY_USAGE_OCCURRENCE('16mmOD 8mmID Bearing v3:2',
'16mmOD 8mmID Bearing v3:2','16mmOD 8mmID Bearing v3:2',#13548,#13550,
'16mmOD 8mmID Bearing v3:2');
#307=NEXT_ASSEMBLY_USAGE_OCCURRENCE('16mmOD 8mmID Bearing v3:3',
'16mmOD 8mmID Bearing v3:3','16mmOD 8mmID Bearing v3:3',#13548,#13551,
'16mmOD 8mmID Bearing v3:3');
#308=NEXT_ASSEMBLY_USAGE_OCCURRENCE('16mmOD 8mmID Bearing v3:4',
'16mmOD 8mmID Bearing v3:4','16mmOD 8mmID Bearing v3:4',#13548,#13552,
'16mmOD 8mmID Bearing v3:4');
#309=NEXT_ASSEMBLY_USAGE_OCCURRENCE('Base Rear (1):1','Base Rear (1):1',
'Base Rear (1):1',#13548,#13555,'Base Rear (1):1');
#310=NEXT_ASSEMBLY_USAGE_OCCURRENCE('Deviation Axle (1):1',
'Deviation Axle (1):1','Deviation Axle (1):1',#13548,#13556,
'Deviation Axle (1):1');
#311=NEXT_ASSEMBLY_USAGE_OCCURRENCE('Middle Link:1','Middle Link:1',
'Middle Link:1',#13548,#13557,'Middle Link:1');
#312=NEXT_ASSEMBLY_USAGE_OCCURRENCE('Flex/Ext Axle:1','Flex/Ext Axle:1',
'Flex/Ext Axle:1',#13548,#13558,'Flex/Ext Axle:1');
#313=NEXT_ASSEMBLY_USAGE_OCCURRENCE('Flex/Ext Axle (1):1',
'Flex/Ext Axle (1):1','Flex/Ext Axle (1):1',#13548,#13559,
'Flex/Ext Axle (1):1');
#314=NEXT_ASSEMBLY_USAGE_OCCURRENCE('Cap:1','Cap:1','Cap:1',#13548,#13569,
'Cap:1');
#315=NEXT_ASSEMBLY_USAGE_OCCURRENCE('Base Front (1):1',
'Base Front (1):1','Base Front (1):1',#13548,#13560,'Base Front (1):1');
#316=NEXT_ASSEMBLY_USAGE_OCCURRENCE('Palm Covers v36:1',
'Palm Covers v36:1','Palm Covers v36:1',#13548,#13561,
'Palm Covers v36:1');
#317=NEXT_ASSEMBLY_USAGE_OCCURRENCE('OT:1','OT:1','OT:1',#13548,#13565,
'OT:1');
#318=NEXT_ASSEMBLY_USAGE_OCCURRENCE('IT:1','IT:1','IT:1',#13548,#13566,
'IT:1');
#319=NEXT_ASSEMBLY_USAGE_OCCURRENCE('IP:1','IP:1','IP:1',#13548,#13567,
'IP:1');
#320=NEXT_ASSEMBLY_USAGE_OCCURRENCE('OP:1','OP:1','OP:1',#13548,#13568,
'OP:1');
#321=NEXT_ASSEMBLY_USAGE_OCCURRENCE('Cap:2','Cap:2','Cap:2',#13548,#13569,
'Cap:2');
#322=SHAPE_REPRESENTATION_RELATIONSHIP('SRR','None',#13530,#337);
#323=SHAPE_REPRESENTATION_RELATIONSHIP('SRR','None',#13531,#338);
#324=SHAPE_REPRESENTATION_RELATIONSHIP('SRR','None',#13532,#339);
#325=SHAPE_REPRESENTATION_RELATIONSHIP('SRR','None',#13533,#340);
#326=SHAPE_REPRESENTATION_RELATIONSHIP('SRR','None',#13534,#341);
#327=SHAPE_REPRESENTATION_RELATIONSHIP('SRR','None',#13535,#342);
#328=SHAPE_REPRESENTATION_RELATIONSHIP('SRR','None',#13536,#343);
#329=SHAPE_REPRESENTATION_RELATIONSHIP('SRR','None',#13537,#344);
#330=SHAPE_REPRESENTATION_RELATIONSHIP('SRR','None',#13540,#345);
#331=SHAPE_REPRESENTATION_RELATIONSHIP('SRR','None',#13541,#346);
#332=SHAPE_REPRESENTATION_RELATIONSHIP('SRR','None',#13542,#347);
#333=SHAPE_REPRESENTATION_RELATIONSHIP('SRR','None',#13543,#348);
#334=SHAPE_REPRESENTATION_RELATIONSHIP('SRR','None',#13544,#349);
#335=SHAPE_REPRESENTATION_RELATIONSHIP('SRR','None',#13545,#350);
#336=SHAPE_REPRESENTATION_RELATIONSHIP('SRR','None',#13546,#351);
#337=ADVANCED_BREP_SHAPE_REPRESENTATION('',(#367),#13431);
#338=ADVANCED_BREP_SHAPE_REPRESENTATION('',(#368),#13432);
#339=ADVANCED_BREP_SHAPE_REPRESENTATION('',(#369),#13433);
#340=ADVANCED_BREP_SHAPE_REPRESENTATION('',(#370),#13434);
#341=ADVANCED_BREP_SHAPE_REPRESENTATION('',(#371),#13435);
#342=ADVANCED_BREP_SHAPE_REPRESENTATION('',(#372),#13436);
#343=ADVANCED_BREP_SHAPE_REPRESENTATION('',(#373),#13437);
#344=ADVANCED_BREP_SHAPE_REPRESENTATION('',(#374),#13438);
#345=ADVANCED_BREP_SHAPE_REPRESENTATION('',(#375),#13441);
#346=ADVANCED_BREP_SHAPE_REPRESENTATION('',(#376),#13442);
#347=ADVANCED_BREP_SHAPE_REPRESENTATION('',(#377),#13443);
#348=ADVANCED_BREP_SHAPE_REPRESENTATION('',(#378),#13444);
#349=ADVANCED_BREP_SHAPE_REPRESENTATION('',(#379),#13445);
#350=ADVANCED_BREP_SHAPE_REPRESENTATION('',(#380),#13446);
#351=ADVANCED_BREP_SHAPE_REPRESENTATION('',(#381),#13447);
#352=STYLED_ITEM('',(#13640),#367);
#353=STYLED_ITEM('',(#13640),#368);
#354=STYLED_ITEM('',(#13647),#369);
#355=STYLED_ITEM('',(#13640),#370);
#356=STYLED_ITEM('',(#13648),#371);
#357=STYLED_ITEM('',(#13640),#372);
#358=STYLED_ITEM('',(#13640),#373);
#359=STYLED_ITEM('',(#13647),#374);
#360=STYLED_ITEM('',(#13651),#375);
#361=STYLED_ITEM('',(#13652),#376);
#362=STYLED_ITEM('',(#13647),#377);
#363=STYLED_ITEM('',(#13647),#378);
#364=STYLED_ITEM('',(#13647),#379);
#365=STYLED_ITEM('',(#13647),#380);
#366=STYLED_ITEM('',(#13648),#381);
#367=MANIFOLD_SOLID_BREP('Body1',#6119);
#368=MANIFOLD_SOLID_BREP('Body1',#6120);
#369=MANIFOLD_SOLID_BREP('Base Rear',#6121);
#370=MANIFOLD_SOLID_BREP('Deviation Axle',#6122);
#371=MANIFOLD_SOLID_BREP('Middle Link',#6123);
#372=MANIFOLD_SOLID_BREP('Flex/Ext Axle',#6124);
#373=MANIFOLD_SOLID_BREP('Flex/Ext Axle',#6125);
#374=MANIFOLD_SOLID_BREP('Base Front',#6126);
#375=MANIFOLD_SOLID_BREP('Fleex/Ext Pulley',#6127);
#376=MANIFOLD_SOLID_BREP('Palm',#6128);
#377=MANIFOLD_SOLID_BREP('OT',#6129);
#378=MANIFOLD_SOLID_BREP('IT',#6130);
#379=MANIFOLD_SOLID_BREP('IT (1)',#6131);
#380=MANIFOLD_SOLID_BREP('OP',#6132);
#381=MANIFOLD_SOLID_BREP('Body1',#6133);
#382=TOROIDAL_SURFACE('',#6318,7.8,0.2);
#383=TOROIDAL_SURFACE('',#6323,7.8,0.2);
#384=TOROIDAL_SURFACE('',#6346,6.,1.);
#385=TOROIDAL_SURFACE('',#6371,6.,1.);
#386=TOROIDAL_SURFACE('',#6440,9.,2.);
#387=TOROIDAL_SURFACE('',#6456,9.,2.);
#388=TOROIDAL_SURFACE('',#6602,30.5000004286587,2.);
#389=TOROIDAL_SURFACE('',#6619,30.5000004286587,2.);
#390=TOROIDAL_SURFACE('',#6631,30.5000004286587,2.);
#391=TOROIDAL_SURFACE('',#6638,30.5000004286587,2.);
#392=TOROIDAL_SURFACE('',#6759,9.,2.);
#393=TOROIDAL_SURFACE('',#6782,9.,2.);
#394=TOROIDAL_SURFACE('',#6811,18.,2.);
#395=TOROIDAL_SURFACE('',#6815,18.,2.);
#396=TOROIDAL_SURFACE('',#6822,19.,0.999999999999996);
#397=FACE_BOUND('',#1120,.T.);
#398=FACE_BOUND('',#1123,.T.);
#399=FACE_BOUND('',#1128,.T.);
#400=FACE_BOUND('',#1131,.T.);
#401=FACE_BOUND('',#1135,.T.);
#402=FACE_BOUND('',#1138,.T.);
#403=FACE_BOUND('',#1145,.T.);
#404=FACE_BOUND('',#1148,.T.);
#405=FACE_BOUND('',#1151,.T.);
#406=FACE_BOUND('',#1154,.T.);
#407=FACE_BOUND('',#1159,.T.);
#408=FACE_BOUND('',#1162,.T.);
#409=FACE_BOUND('',#1167,.T.);
#410=FACE_BOUND('',#1168,.T.);
#411=FACE_BOUND('',#1169,.T.);
#412=FACE_BOUND('',#1170,.T.);
#413=FACE_BOUND('',#1173,.T.);
#414=FACE_BOUND('',#1174,.T.);
#415=FACE_BOUND('',#1175,.T.);
#416=FACE_BOUND('',#1182,.T.);
#417=FACE_BOUND('',#1183,.T.);
#418=FACE_BOUND('',#1255,.T.);
#419=FACE_BOUND('',#1256,.T.);
#420=FACE_BOUND('',#1258,.T.);
#421=FACE_BOUND('',#1332,.T.);
#422=FACE_BOUND('',#1335,.T.);
#423=FACE_BOUND('',#1339,.T.);
#424=FACE_BOUND('',#1340,.T.);
#425=FACE_BOUND('',#1341,.T.);
#426=FACE_BOUND('',#1352,.T.);
#427=FACE_BOUND('',#1353,.T.);
#428=FACE_BOUND('',#1354,.T.);
#429=FACE_BOUND('',#1355,.T.);
#430=FACE_BOUND('',#1358,.T.);
#431=FACE_BOUND('',#1359,.T.);
#432=FACE_BOUND('',#1360,.T.);
#433=FACE_BOUND('',#1368,.T.);
#434=FACE_BOUND('',#1369,.T.);
#435=FACE_BOUND('',#1418,.T.);
#436=FACE_BOUND('',#1422,.T.);
#437=FACE_BOUND('',#1423,.T.);
#438=FACE_BOUND('',#1424,.T.);
#439=FACE_BOUND('',#1425,.T.);
#440=FACE_BOUND('',#1426,.T.);
#441=FACE_BOUND('',#1428,.T.);
#442=FACE_BOUND('',#1440,.T.);
#443=FACE_BOUND('',#1441,.T.);
#444=FACE_BOUND('',#1442,.T.);
#445=FACE_BOUND('',#1443,.T.);
#446=FACE_BOUND('',#1444,.T.);
#447=FACE_BOUND('',#1465,.T.);
#448=FACE_BOUND('',#1467,.T.);
#449=FACE_BOUND('',#1468,.T.);
#450=FACE_BOUND('',#1469,.T.);
#451=FACE_BOUND('',#1470,.T.);
#452=FACE_BOUND('',#1471,.T.);
#453=FACE_BOUND('',#1488,.T.);
#454=FACE_BOUND('',#1507,.T.);
#455=FACE_BOUND('',#1528,.T.);
#456=FACE_BOUND('',#1530,.T.);
#457=FACE_BOUND('',#1531,.T.);
#458=FACE_BOUND('',#1532,.T.);
#459=FACE_BOUND('',#1533,.T.);
#460=FACE_BOUND('',#1534,.T.);
#461=FACE_BOUND('',#1538,.T.);
#462=FACE_BOUND('',#1539,.T.);
#463=FACE_BOUND('',#1540,.T.);
#464=FACE_BOUND('',#1541,.T.);
#465=PLANE('',#6312);
#466=PLANE('',#6316);
#467=PLANE('',#6326);
#468=PLANE('',#6330);
#469=PLANE('',#6336);
#470=PLANE('',#6340);
#471=PLANE('',#6354);
#472=PLANE('',#6358);
#473=PLANE('',#6363);
#474=PLANE('',#6367);
#475=PLANE('',#6376);
#476=PLANE('',#6380);
#477=PLANE('',#6396);
#478=PLANE('',#6397);
#479=PLANE('',#6401);
#480=PLANE('',#6403);
#481=PLANE('',#6412);
#482=PLANE('',#6414);
#483=PLANE('',#6415);
#484=PLANE('',#6416);
#485=PLANE('',#6417);
#486=PLANE('',#6418);
#487=PLANE('',#6421);
#488=PLANE('',#6422);
#489=PLANE('',#6423);
#490=PLANE('',#6424);
#491=PLANE('',#6492);
#492=PLANE('',#6493);
#493=PLANE('',#6498);
#494=PLANE('',#6502);
#495=PLANE('',#6557);
#496=PLANE('',#6561);
#497=PLANE('',#6591);
#498=PLANE('',#6592);
#499=PLANE('',#6597);
#500=PLANE('',#6610);
#501=PLANE('',#6623);
#502=PLANE('',#6635);
#503=PLANE('',#6648);
#504=PLANE('',#6650);
#505=PLANE('',#6651);
#506=PLANE('',#6658);
#507=PLANE('',#6665);
#508=PLANE('',#6667);
#509=PLANE('',#6668);
#510=PLANE('',#6669);
#511=PLANE('',#6678);
#512=PLANE('',#6679);
#513=PLANE('',#6688);
#514=PLANE('',#6689);
#515=PLANE('',#6690);
#516=PLANE('',#6696);
#517=PLANE('',#6698);
#518=PLANE('',#6702);
#519=PLANE('',#6704);
#520=PLANE('',#6708);
#521=PLANE('',#6716);
#522=PLANE('',#6717);
#523=PLANE('',#6721);
#524=PLANE('',#6723);
#525=PLANE('',#6732);
#526=PLANE('',#6733);
#527=PLANE('',#6734);
#528=PLANE('',#6738);
#529=PLANE('',#6741);
#530=PLANE('',#6742);
#531=PLANE('',#6743);
#532=PLANE('',#6744);
#533=PLANE('',#6745);
#534=PLANE('',#6805);
#535=PLANE('',#6814);
#536=PLANE('',#6818);
#537=PLANE('',#6820);
#538=PLANE('',#6823);
#539=PLANE('',#6824);
#540=PLANE('',#6825);
#541=PLANE('',#6826);
#542=PLANE('',#6828);
#543=PLANE('',#6829);
#544=PLANE('',#6830);
#545=PLANE('',#6837);
#546=PLANE('',#6842);
#547=PLANE('',#6848);
#548=PLANE('',#6849);
#549=PLANE('',#6850);
#550=PLANE('',#6851);
#551=PLANE('',#6852);
#552=PLANE('',#6859);
#553=PLANE('',#6860);
#554=PLANE('',#6861);
#555=PLANE('',#6866);
#556=PLANE('',#6867);
#557=PLANE('',#6868);
#558=PLANE('',#6872);
#559=PLANE('',#6873);
#560=PLANE('',#6874);
#561=PLANE('',#6875);
#562=PLANE('',#6876);
#563=PLANE('',#6880);
#564=PLANE('',#6884);
#565=PLANE('',#6888);
#566=PLANE('',#6892);
#567=PLANE('',#6893);
#568=PLANE('',#6896);
#569=PLANE('',#6902);
#570=PLANE('',#6903);
#571=PLANE('',#6904);
#572=PLANE('',#6905);
#573=PLANE('',#6906);
#574=PLANE('',#6907);
#575=PLANE('',#6908);
#576=PLANE('',#6909);
#577=PLANE('',#6911);
#578=PLANE('',#6913);
#579=PLANE('',#6915);
#580=PLANE('',#6922);
#581=PLANE('',#6928);
#582=PLANE('',#6929);
#583=PLANE('',#6930);
#584=PLANE('',#6934);
#585=PLANE('',#6935);
#586=PLANE('',#6936);
#587=PLANE('',#6937);
#588=PLANE('',#6938);
#589=PLANE('',#6940);
#590=PLANE('',#6945);
#591=PLANE('',#6947);
#592=PLANE('',#6952);
#593=PLANE('',#6959);
#594=PLANE('',#6960);
#595=PLANE('',#6961);
#596=PLANE('',#6962);
#597=PLANE('',#6963);
#598=PLANE('',#6964);
#599=PLANE('',#6965);
#600=PLANE('',#6966);
#601=PLANE('',#6973);
#602=PLANE('',#6977);
#603=PLANE('',#6981);
#604=PLANE('',#6985);
#605=PLANE('',#6986);
#606=PLANE('',#6988);
#607=PLANE('',#6995);
#608=PLANE('',#7002);
#609=PLANE('',#7005);
#610=PLANE('',#7008);
#611=PLANE('',#7011);
#612=PLANE('',#7016);
#613=CYLINDRICAL_SURFACE('',#6310,6.7);
#614=CYLINDRICAL_SURFACE('',#6314,7.);
#615=CYLINDRICAL_SURFACE('',#6321,8.);
#616=CYLINDRICAL_SURFACE('',#6328,7.);
#617=CYLINDRICAL_SURFACE('',#6332,6.7);
#618=CYLINDRICAL_SURFACE('',#6338,5.20290790050683);
#619=CYLINDRICAL_SURFACE('',#6344,6.7);
#620=CYLINDRICAL_SURFACE('',#6349,6.7);
#621=CYLINDRICAL_SURFACE('',#6356,5.20290790050684);
#622=CYLINDRICAL_SURFACE('',#6360,4.);
#623=CYLINDRICAL_SURFACE('',#6365,5.15);
#624=CYLINDRICAL_SURFACE('',#6369,5.3);
#625=CYLINDRICAL_SURFACE('',#6374,5.3);
#626=CYLINDRICAL_SURFACE('',#6378,5.15);
#627=CYLINDRICAL_SURFACE('',#6390,1.6);
#628=CYLINDRICAL_SURFACE('',#6393,1.6);
#629=CYLINDRICAL_SURFACE('',#6420,8.00000000000001);
#630=CYLINDRICAL_SURFACE('',#6425,11.);
#631=CYLINDRICAL_SURFACE('',#6428,2.);
#632=CYLINDRICAL_SURFACE('',#6430,2.);
#633=CYLINDRICAL_SURFACE('',#6432,2.);
#634=CYLINDRICAL_SURFACE('',#6435,2.);
#635=CYLINDRICAL_SURFACE('',#6437,2.);
#636=CYLINDRICAL_SURFACE('',#6442,2.);
#637=CYLINDRICAL_SURFACE('',#6444,2.);
#638=CYLINDRICAL_SURFACE('',#6447,2.);
#639=CYLINDRICAL_SURFACE('',#6450,2.);
#640=CYLINDRICAL_SURFACE('',#6453,2.);
#641=CYLINDRICAL_SURFACE('',#6458,2.);
#642=CYLINDRICAL_SURFACE('',#6460,2.);
#643=CYLINDRICAL_SURFACE('',#6462,2.);
#644=CYLINDRICAL_SURFACE('',#6465,2.);
#645=CYLINDRICAL_SURFACE('',#6469,2.);
#646=CYLINDRICAL_SURFACE('',#6471,2.);
#647=CYLINDRICAL_SURFACE('',#6473,2.);
#648=CYLINDRICAL_SURFACE('',#6480,2.);
#649=CYLINDRICAL_SURFACE('',#6486,1.99999999999999);
#650=CYLINDRICAL_SURFACE('',#6487,1.99999999999999);
#651=CYLINDRICAL_SURFACE('',#6489,4.);
#652=CYLINDRICAL_SURFACE('',#6495,1.6);
#653=CYLINDRICAL_SURFACE('',#6499,1.6);
#654=CYLINDRICAL_SURFACE('',#6503,23.0000001919131);
#655=CYLINDRICAL_SURFACE('',#6506,18.);
#656=CYLINDRICAL_SURFACE('',#6509,2.);
#657=CYLINDRICAL_SURFACE('',#6512,23.0000001919131);
#658=CYLINDRICAL_SURFACE('',#6515,2.);
#659=CYLINDRICAL_SURFACE('',#6518,18.);
#660=CYLINDRICAL_SURFACE('',#6521,2.);
#661=CYLINDRICAL_SURFACE('',#6524,18.);
#662=CYLINDRICAL_SURFACE('',#6527,18.);
#663=CYLINDRICAL_SURFACE('',#6530,23.000000360836);
#664=CYLINDRICAL_SURFACE('',#6533,2.);
#665=CYLINDRICAL_SURFACE('',#6536,23.000000360836);
#666=CYLINDRICAL_SURFACE('',#6539,2.);
#667=CYLINDRICAL_SURFACE('',#6542,2.);
#668=CYLINDRICAL_SURFACE('',#6545,2.);
#669=CYLINDRICAL_SURFACE('',#6548,2.);
#670=CYLINDRICAL_SURFACE('',#6551,2.);
#671=CYLINDRICAL_SURFACE('',#6554,2.);
#672=CYLINDRICAL_SURFACE('',#6582,11.);
#673=CYLINDRICAL_SURFACE('',#6594,1.);
#674=CYLINDRICAL_SURFACE('',#6595,1.);
#675=CYLINDRICAL_SURFACE('',#6608,2.);
#676=CYLINDRICAL_SURFACE('',#6611,4.);
#677=CYLINDRICAL_SURFACE('',#6613,2.);
#678=CYLINDRICAL_SURFACE('',#6625,2.);
#679=CYLINDRICAL_SURFACE('',#6646,2.);
#680=CYLINDRICAL_SURFACE('',#6649,4.00000000000001);
#681=CYLINDRICAL_SURFACE('',#6653,1.);
#682=CYLINDRICAL_SURFACE('',#6655,1.);
#683=CYLINDRICAL_SURFACE('',#6657,4.00000000000001);
#684=CYLINDRICAL_SURFACE('',#6660,0.999999999999996);
#685=CYLINDRICAL_SURFACE('',#6662,0.999999999999996);
#686=CYLINDRICAL_SURFACE('',#6664,4.);
#687=CYLINDRICAL_SURFACE('',#6670,11.);
#688=CYLINDRICAL_SURFACE('',#6673,8.);
#689=CYLINDRICAL_SURFACE('',#6680,8.);
#690=CYLINDRICAL_SURFACE('',#6685,11.);
#691=CYLINDRICAL_SURFACE('',#6693,4.);
#692=CYLINDRICAL_SURFACE('',#6700,4.00000000000002);
#693=CYLINDRICAL_SURFACE('',#6706,4.00000000000002);
#694=CYLINDRICAL_SURFACE('',#6710,1.6);
#695=CYLINDRICAL_SURFACE('',#6713,1.6);
#696=CYLINDRICAL_SURFACE('',#6735,11.);
#697=CYLINDRICAL_SURFACE('',#6739,8.00000000000001);
#698=CYLINDRICAL_SURFACE('',#6746,2.);
#699=CYLINDRICAL_SURFACE('',#6748,2.);
#700=CYLINDRICAL_SURFACE('',#6751,2.);
#701=CYLINDRICAL_SURFACE('',#6753,2.);
#702=CYLINDRICAL_SURFACE('',#6756,2.);
#703=CYLINDRICAL_SURFACE('',#6761,2.);
#704=CYLINDRICAL_SURFACE('',#6763,2.);
#705=CYLINDRICAL_SURFACE('',#6766,2.);
#706=CYLINDRICAL_SURFACE('',#6769,2.);
#707=CYLINDRICAL_SURFACE('',#6772,2.);
#708=CYLINDRICAL_SURFACE('',#6777,2.);
#709=CYLINDRICAL_SURFACE('',#6779,2.);
#710=CYLINDRICAL_SURFACE('',#6784,2.);
#711=CYLINDRICAL_SURFACE('',#6787,2.);
#712=CYLINDRICAL_SURFACE('',#6790,2.);
#713=CYLINDRICAL_SURFACE('',#6794,2.);
#714=CYLINDRICAL_SURFACE('',#6798,2.);
#715=CYLINDRICAL_SURFACE('',#6800,2.);
#716=CYLINDRICAL_SURFACE('',#6806,1.99999999999999);
#717=CYLINDRICAL_SURFACE('',#6807,1.99999999999999);
#718=CYLINDRICAL_SURFACE('',#6833,1.99999999999999);
#719=CYLINDRICAL_SURFACE('',#6835,0.899999999999999);
#720=CYLINDRICAL_SURFACE('',#6845,2.);
#721=CYLINDRICAL_SURFACE('',#6846,0.899999999999999);
#722=CYLINDRICAL_SURFACE('',#6853,1.6);
#723=CYLINDRICAL_SURFACE('',#6855,0.999999999999996);
#724=CYLINDRICAL_SURFACE('',#6857,1.6);
#725=CYLINDRICAL_SURFACE('',#6869,11.);
#726=CYLINDRICAL_SURFACE('',#6877,0.999999999999996);
#727=CYLINDRICAL_SURFACE('',#6881,0.999999999999996);
#728=CYLINDRICAL_SURFACE('',#6885,0.999999999999996);
#729=CYLINDRICAL_SURFACE('',#6889,0.999999999999996);
#730=CYLINDRICAL_SURFACE('',#6899,4.);
#731=CYLINDRICAL_SURFACE('',#6900,11.);
#732=CYLINDRICAL_SURFACE('',#6925,4.);
#733=CYLINDRICAL_SURFACE('',#6926,11.);
#734=CYLINDRICAL_SURFACE('',#6931,11.);
#735=CYLINDRICAL_SURFACE('',#6941,11.);
#736=CYLINDRICAL_SURFACE('',#6954,4.);
#737=CYLINDRICAL_SURFACE('',#6956,11.);
#738=CYLINDRICAL_SURFACE('',#6967,11.);
#739=CYLINDRICAL_SURFACE('',#6970,0.999999999999996);
#740=CYLINDRICAL_SURFACE('',#6974,0.999999999999996);
#741=CYLINDRICAL_SURFACE('',#6978,0.999999999999996);
#742=CYLINDRICAL_SURFACE('',#6982,0.999999999999996);
#743=CYLINDRICAL_SURFACE('',#6990,4.);
#744=CYLINDRICAL_SURFACE('',#6992,11.);
#745=CYLINDRICAL_SURFACE('',#7000,0.999999999999996);
#746=CYLINDRICAL_SURFACE('',#7003,0.999999999999996);
#747=CYLINDRICAL_SURFACE('',#7006,0.999999999999996);
#748=CYLINDRICAL_SURFACE('',#7009,0.999999999999996);
#749=FACE_OUTER_BOUND('',#1117,.T.);
#750=FACE_OUTER_BOUND('',#1118,.T.);
#751=FACE_OUTER_BOUND('',#1119,.T.);
#752=FACE_OUTER_BOUND('',#1121,.T.);
#753=FACE_OUTER_BOUND('',#1122,.T.);
#754=FACE_OUTER_BOUND('',#1124,.T.);
#755=FACE_OUTER_BOUND('',#1125,.T.);
#756=FACE_OUTER_BOUND('',#1126,.T.);
#757=FACE_OUTER_BOUND('',#1127,.T.);
#758=FACE_OUTER_BOUND('',#1129,.T.);
#759=FACE_OUTER_BOUND('',#1130,.T.);
#760=FACE_OUTER_BOUND('',#1132,.T.);
#761=FACE_OUTER_BOUND('',#1133,.T.);
#762=FACE_OUTER_BOUND('',#1134,.T.);
#763=FACE_OUTER_BOUND('',#1136,.T.);
#764=FACE_OUTER_BOUND('',#1137,.T.);
#765=FACE_OUTER_BOUND('',#1139,.T.);
#766=FACE_OUTER_BOUND('',#1140,.T.);
#767=FACE_OUTER_BOUND('',#1141,.T.);
#768=FACE_OUTER_BOUND('',#1142,.T.);
#769=FACE_OUTER_BOUND('',#1143,.T.);
#770=FACE_OUTER_BOUND('',#1144,.T.);
#771=FACE_OUTER_BOUND('',#1146,.T.);
#772=FACE_OUTER_BOUND('',#1147,.T.);
#773=FACE_OUTER_BOUND('',#1149,.T.);
#774=FACE_OUTER_BOUND('',#1150,.T.);
#775=FACE_OUTER_BOUND('',#1152,.T.);
#776=FACE_OUTER_BOUND('',#1153,.T.);
#777=FACE_OUTER_BOUND('',#1155,.T.);
#778=FACE_OUTER_BOUND('',#1156,.T.);
#779=FACE_OUTER_BOUND('',#1157,.T.);
#780=FACE_OUTER_BOUND('',#1158,.T.);
#781=FACE_OUTER_BOUND('',#1160,.T.);
#782=FACE_OUTER_BOUND('',#1161,.T.);
#783=FACE_OUTER_BOUND('',#1163,.T.);
#784=FACE_OUTER_BOUND('',#1164,.T.);
#785=FACE_OUTER_BOUND('',#1165,.T.);
#786=FACE_OUTER_BOUND('',#1166,.T.);
#787=FACE_OUTER_BOUND('',#1171,.T.);
#788=FACE_OUTER_BOUND('',#1172,.T.);
#789=FACE_OUTER_BOUND('',#1176,.T.);
#790=FACE_OUTER_BOUND('',#1177,.T.);
#791=FACE_OUTER_BOUND('',#1178,.T.);
#792=FACE_OUTER_BOUND('',#1179,.T.);
#793=FACE_OUTER_BOUND('',#1180,.T.);
#794=FACE_OUTER_BOUND('',#1181,.T.);
#795=FACE_OUTER_BOUND('',#1184,.T.);
#796=FACE_OUTER_BOUND('',#1185,.T.);
#797=FACE_OUTER_BOUND('',#1186,.T.);
#798=FACE_OUTER_BOUND('',#1187,.T.);
#799=FACE_OUTER_BOUND('',#1188,.T.);
#800=FACE_OUTER_BOUND('',#1189,.T.);
#801=FACE_OUTER_BOUND('',#1190,.T.);
#802=FACE_OUTER_BOUND('',#1191,.T.);
#803=FACE_OUTER_BOUND('',#1192,.T.);
#804=FACE_OUTER_BOUND('',#1193,.T.);
#805=FACE_OUTER_BOUND('',#1194,.T.);
#806=FACE_OUTER_BOUND('',#1195,.T.);
#807=FACE_OUTER_BOUND('',#1196,.T.);
#808=FACE_OUTER_BOUND('',#1197,.T.);
#809=FACE_OUTER_BOUND('',#1198,.T.);
#810=FACE_OUTER_BOUND('',#1199,.T.);
#811=FACE_OUTER_BOUND('',#1200,.T.);
#812=FACE_OUTER_BOUND('',#1201,.T.);
#813=FACE_OUTER_BOUND('',#1202,.T.);
#814=FACE_OUTER_BOUND('',#1203,.T.);
#815=FACE_OUTER_BOUND('',#1204,.T.);
#816=FACE_OUTER_BOUND('',#1205,.T.);
#817=FACE_OUTER_BOUND('',#1206,.T.);
#818=FACE_OUTER_BOUND('',#1207,.T.);
#819=FACE_OUTER_BOUND('',#1208,.T.);
#820=FACE_OUTER_BOUND('',#1209,.T.);
#821=FACE_OUTER_BOUND('',#1210,.T.);
#822=FACE_OUTER_BOUND('',#1211,.T.);
#823=FACE_OUTER_BOUND('',#1212,.T.);
#824=FACE_OUTER_BOUND('',#1213,.T.);
#825=FACE_OUTER_BOUND('',#1214,.T.);
#826=FACE_OUTER_BOUND('',#1215,.T.);
#827=FACE_OUTER_BOUND('',#1216,.T.);
#828=FACE_OUTER_BOUND('',#1217,.T.);
#829=FACE_OUTER_BOUND('',#1218,.T.);
#830=FACE_OUTER_BOUND('',#1219,.T.);
#831=FACE_OUTER_BOUND('',#1220,.T.);
#832=FACE_OUTER_BOUND('',#1221,.T.);
#833=FACE_OUTER_BOUND('',#1222,.T.);
#834=FACE_OUTER_BOUND('',#1223,.T.);
#835=FACE_OUTER_BOUND('',#1224,.T.);
#836=FACE_OUTER_BOUND('',#1225,.T.);
#837=FACE_OUTER_BOUND('',#1226,.T.);
#838=FACE_OUTER_BOUND('',#1227,.T.);
#839=FACE_OUTER_BOUND('',#1228,.T.);
#840=FACE_OUTER_BOUND('',#1229,.T.);
#841=FACE_OUTER_BOUND('',#1230,.T.);
#842=FACE_OUTER_BOUND('',#1231,.T.);
#843=FACE_OUTER_BOUND('',#1232,.T.);
#844=FACE_OUTER_BOUND('',#1233,.T.);
#845=FACE_OUTER_BOUND('',#1234,.T.);
#846=FACE_OUTER_BOUND('',#1235,.T.);
#847=FACE_OUTER_BOUND('',#1236,.T.);
#848=FACE_OUTER_BOUND('',#1237,.T.);
#849=FACE_OUTER_BOUND('',#1238,.T.);
#850=FACE_OUTER_BOUND('',#1239,.T.);
#851=FACE_OUTER_BOUND('',#1240,.T.);
#852=FACE_OUTER_BOUND('',#1241,.T.);
#853=FACE_OUTER_BOUND('',#1242,.T.);
#854=FACE_OUTER_BOUND('',#1243,.T.);
#855=FACE_OUTER_BOUND('',#1244,.T.);
#856=FACE_OUTER_BOUND('',#1245,.T.);
#857=FACE_OUTER_BOUND('',#1246,.T.);
#858=FACE_OUTER_BOUND('',#1247,.T.);
#859=FACE_OUTER_BOUND('',#1248,.T.);
#860=FACE_OUTER_BOUND('',#1249,.T.);
#861=FACE_OUTER_BOUND('',#1250,.T.);
#862=FACE_OUTER_BOUND('',#1251,.T.);
#863=FACE_OUTER_BOUND('',#1252,.T.);
#864=FACE_OUTER_BOUND('',#1253,.T.);
#865=FACE_OUTER_BOUND('',#1254,.T.);
#866=FACE_OUTER_BOUND('',#1257,.T.);
#867=FACE_OUTER_BOUND('',#1259,.T.);
#868=FACE_OUTER_BOUND('',#1260,.T.);
#869=FACE_OUTER_BOUND('',#1261,.T.);
#870=FACE_OUTER_BOUND('',#1262,.T.);
#871=FACE_OUTER_BOUND('',#1263,.T.);
#872=FACE_OUTER_BOUND('',#1264,.T.);
#873=FACE_OUTER_BOUND('',#1265,.T.);
#874=FACE_OUTER_BOUND('',#1266,.T.);
#875=FACE_OUTER_BOUND('',#1267,.T.);
#876=FACE_OUTER_BOUND('',#1268,.T.);
#877=FACE_OUTER_BOUND('',#1269,.T.);
#878=FACE_OUTER_BOUND('',#1270,.T.);
#879=FACE_OUTER_BOUND('',#1271,.T.);
#880=FACE_OUTER_BOUND('',#1272,.T.);
#881=FACE_OUTER_BOUND('',#1273,.T.);
#882=FACE_OUTER_BOUND('',#1274,.T.);
#883=FACE_OUTER_BOUND('',#1275,.T.);
#884=FACE_OUTER_BOUND('',#1276,.T.);
#885=FACE_OUTER_BOUND('',#1277,.T.);
#886=FACE_OUTER_BOUND('',#1278,.T.);
#887=FACE_OUTER_BOUND('',#1279,.T.);
#888=FACE_OUTER_BOUND('',#1280,.T.);
#889=FACE_OUTER_BOUND('',#1281,.T.);
#890=FACE_OUTER_BOUND('',#1282,.T.);
#891=FACE_OUTER_BOUND('',#1283,.T.);
#892=FACE_OUTER_BOUND('',#1284,.T.);
#893=FACE_OUTER_BOUND('',#1285,.T.);
#894=FACE_OUTER_BOUND('',#1286,.T.);
#895=FACE_OUTER_BOUND('',#1287,.T.);
#896=FACE_OUTER_BOUND('',#1288,.T.);
#897=FACE_OUTER_BOUND('',#1289,.T.);
#898=FACE_OUTER_BOUND('',#1290,.T.);
#899=FACE_OUTER_BOUND('',#1291,.T.);
#900=FACE_OUTER_BOUND('',#1292,.T.);
#901=FACE_OUTER_BOUND('',#1293,.T.);
#902=FACE_OUTER_BOUND('',#1294,.T.);
#903=FACE_OUTER_BOUND('',#1295,.T.);
#904=FACE_OUTER_BOUND('',#1296,.T.);
#905=FACE_OUTER_BOUND('',#1297,.T.);
#906=FACE_OUTER_BOUND('',#1298,.T.);
#907=FACE_OUTER_BOUND('',#1299,.T.);
#908=FACE_OUTER_BOUND('',#1300,.T.);
#909=FACE_OUTER_BOUND('',#1301,.T.);
#910=FACE_OUTER_BOUND('',#1302,.T.);
#911=FACE_OUTER_BOUND('',#1303,.T.);
#912=FACE_OUTER_BOUND('',#1304,.T.);
#913=FACE_OUTER_BOUND('',#1305,.T.);
#914=FACE_OUTER_BOUND('',#1306,.T.);
#915=FACE_OUTER_BOUND('',#1307,.T.);
#916=FACE_OUTER_BOUND('',#1308,.T.);
#917=FACE_OUTER_BOUND('',#1309,.T.);
#918=FACE_OUTER_BOUND('',#1310,.T.);
#919=FACE_OUTER_BOUND('',#1311,.T.);
#920=FACE_OUTER_BOUND('',#1312,.T.);
#921=FACE_OUTER_BOUND('',#1313,.T.);
#922=FACE_OUTER_BOUND('',#1314,.T.);
#923=FACE_OUTER_BOUND('',#1315,.T.);
#924=FACE_OUTER_BOUND('',#1316,.T.);
#925=FACE_OUTER_BOUND('',#1317,.T.);
#926=FACE_OUTER_BOUND('',#1318,.T.);
#927=FACE_OUTER_BOUND('',#1319,.T.);
#928=FACE_OUTER_BOUND('',#1320,.T.);
#929=FACE_OUTER_BOUND('',#1321,.T.);
#930=FACE_OUTER_BOUND('',#1322,.T.);
#931=FACE_OUTER_BOUND('',#1323,.T.);
#932=FACE_OUTER_BOUND('',#1324,.T.);
#933=FACE_OUTER_BOUND('',#1325,.T.);
#934=FACE_OUTER_BOUND('',#1326,.T.);
#935=FACE_OUTER_BOUND('',#1327,.T.);
#936=FACE_OUTER_BOUND('',#1328,.T.);
#937=FACE_OUTER_BOUND('',#1329,.T.);
#938=FACE_OUTER_BOUND('',#1330,.T.);
#939=FACE_OUTER_BOUND('',#1331,.T.);
#940=FACE_OUTER_BOUND('',#1333,.T.);
#941=FACE_OUTER_BOUND('',#1334,.T.);
#942=FACE_OUTER_BOUND('',#1336,.T.);
#943=FACE_OUTER_BOUND('',#1337,.T.);
#944=FACE_OUTER_BOUND('',#1338,.T.);
#945=FACE_OUTER_BOUND('',#1342,.T.);
#946=FACE_OUTER_BOUND('',#1343,.T.);
#947=FACE_OUTER_BOUND('',#1344,.T.);
#948=FACE_OUTER_BOUND('',#1345,.T.);
#949=FACE_OUTER_BOUND('',#1346,.T.);
#950=FACE_OUTER_BOUND('',#1347,.T.);
#951=FACE_OUTER_BOUND('',#1348,.T.);
#952=FACE_OUTER_BOUND('',#1349,.T.);
#953=FACE_OUTER_BOUND('',#1350,.T.);
#954=FACE_OUTER_BOUND('',#1351,.T.);
#955=FACE_OUTER_BOUND('',#1356,.T.);
#956=FACE_OUTER_BOUND('',#1357,.T.);
#957=FACE_OUTER_BOUND('',#1361,.T.);
#958=FACE_OUTER_BOUND('',#1362,.T.);
#959=FACE_OUTER_BOUND('',#1363,.T.);
#960=FACE_OUTER_BOUND('',#1364,.T.);
#961=FACE_OUTER_BOUND('',#1365,.T.);
#962=FACE_OUTER_BOUND('',#1366,.T.);
#963=FACE_OUTER_BOUND('',#1367,.T.);
#964=FACE_OUTER_BOUND('',#1370,.T.);
#965=FACE_OUTER_BOUND('',#1371,.T.);
#966=FACE_OUTER_BOUND('',#1372,.T.);
#967=FACE_OUTER_BOUND('',#1373,.T.);
#968=FACE_OUTER_BOUND('',#1374,.T.);
#969=FACE_OUTER_BOUND('',#1375,.T.);
#970=FACE_OUTER_BOUND('',#1376,.T.);
#971=FACE_OUTER_BOUND('',#1377,.T.);
#972=FACE_OUTER_BOUND('',#1378,.T.);
#973=FACE_OUTER_BOUND('',#1379,.T.);
#974=FACE_OUTER_BOUND('',#1380,.T.);
#975=FACE_OUTER_BOUND('',#1381,.T.);
#976=FACE_OUTER_BOUND('',#1382,.T.);
#977=FACE_OUTER_BOUND('',#1383,.T.);
#978=FACE_OUTER_BOUND('',#1384,.T.);
#979=FACE_OUTER_BOUND('',#1385,.T.);
#980=FACE_OUTER_BOUND('',#1386,.T.);
#981=FACE_OUTER_BOUND('',#1387,.T.);
#982=FACE_OUTER_BOUND('',#1388,.T.);
#983=FACE_OUTER_BOUND('',#1389,.T.);
#984=FACE_OUTER_BOUND('',#1390,.T.);
#985=FACE_OUTER_BOUND('',#1391,.T.);
#986=FACE_OUTER_BOUND('',#1392,.T.);
#987=FACE_OUTER_BOUND('',#1393,.T.);
#988=FACE_OUTER_BOUND('',#1394,.T.);
#989=FACE_OUTER_BOUND('',#1395,.T.);
#990=FACE_OUTER_BOUND('',#1396,.T.);
#991=FACE_OUTER_BOUND('',#1397,.T.);
#992=FACE_OUTER_BOUND('',#1398,.T.);
#993=FACE_OUTER_BOUND('',#1399,.T.);
#994=FACE_OUTER_BOUND('',#1400,.T.);
#995=FACE_OUTER_BOUND('',#1401,.T.);
#996=FACE_OUTER_BOUND('',#1402,.T.);
#997=FACE_OUTER_BOUND('',#1403,.T.);
#998=FACE_OUTER_BOUND('',#1404,.T.);
#999=FACE_OUTER_BOUND('',#1405,.T.);
#1000=FACE_OUTER_BOUND('',#1406,.T.);
#1001=FACE_OUTER_BOUND('',#1407,.T.);
#1002=FACE_OUTER_BOUND('',#1408,.T.);
#1003=FACE_OUTER_BOUND('',#1409,.T.);
#1004=FACE_OUTER_BOUND('',#1410,.T.);
#1005=FACE_OUTER_BOUND('',#1411,.T.);
#1006=FACE_OUTER_BOUND('',#1412,.T.);
#1007=FACE_OUTER_BOUND('',#1413,.T.);
#1008=FACE_OUTER_BOUND('',#1414,.T.);
#1009=FACE_OUTER_BOUND('',#1415,.T.);
#1010=FACE_OUTER_BOUND('',#1416,.T.);
#1011=FACE_OUTER_BOUND('',#1417,.T.);
#1012=FACE_OUTER_BOUND('',#1419,.T.);
#1013=FACE_OUTER_BOUND('',#1420,.T.);
#1014=FACE_OUTER_BOUND('',#1421,.T.);
#1015=FACE_OUTER_BOUND('',#1427,.T.);
#1016=FACE_OUTER_BOUND('',#1429,.T.);
#1017=FACE_OUTER_BOUND('',#1430,.T.);
#1018=FACE_OUTER_BOUND('',#1431,.T.);
#1019=FACE_OUTER_BOUND('',#1432,.T.);
#1020=FACE_OUTER_BOUND('',#1433,.T.);
#1021=FACE_OUTER_BOUND('',#1434,.T.);
#1022=FACE_OUTER_BOUND('',#1435,.T.);
#1023=FACE_OUTER_BOUND('',#1436,.T.);
#1024=FACE_OUTER_BOUND('',#1437,.T.);
#1025=FACE_OUTER_BOUND('',#1438,.T.);
#1026=FACE_OUTER_BOUND('',#1439,.T.);
#1027=FACE_OUTER_BOUND('',#1445,.T.);
#1028=FACE_OUTER_BOUND('',#1446,.T.);
#1029=FACE_OUTER_BOUND('',#1447,.T.);
#1030=FACE_OUTER_BOUND('',#1448,.T.);
#1031=FACE_OUTER_BOUND('',#1449,.T.);
#1032=FACE_OUTER_BOUND('',#1450,.T.);
#1033=FACE_OUTER_BOUND('',#1451,.T.);
#1034=FACE_OUTER_BOUND('',#1452,.T.);
#1035=FACE_OUTER_BOUND('',#1453,.T.);
#1036=FACE_OUTER_BOUND('',#1454,.T.);
#1037=FACE_OUTER_BOUND('',#1455,.T.);
#1038=FACE_OUTER_BOUND('',#1456,.T.);
#1039=FACE_OUTER_BOUND('',#1457,.T.);
#1040=FACE_OUTER_BOUND('',#1458,.T.);
#1041=FACE_OUTER_BOUND('',#1459,.T.);
#1042=FACE_OUTER_BOUND('',#1460,.T.);
#1043=FACE_OUTER_BOUND('',#1461,.T.);
#1044=FACE_OUTER_BOUND('',#1462,.T.);
#1045=FACE_OUTER_BOUND('',#1463,.T.);
#1046=FACE_OUTER_BOUND('',#1464,.T.);
#1047=FACE_OUTER_BOUND('',#1466,.T.);
#1048=FACE_OUTER_BOUND('',#1472,.T.);
#1049=FACE_OUTER_BOUND('',#1473,.T.);
#1050=FACE_OUTER_BOUND('',#1474,.T.);
#1051=FACE_OUTER_BOUND('',#1475,.T.);
#1052=FACE_OUTER_BOUND('',#1476,.T.);
#1053=FACE_OUTER_BOUND('',#1477,.T.);
#1054=FACE_OUTER_BOUND('',#1478,.T.);
#1055=FACE_OUTER_BOUND('',#1479,.T.);
#1056=FACE_OUTER_BOUND('',#1480,.T.);
#1057=FACE_OUTER_BOUND('',#1481,.T.);
#1058=FACE_OUTER_BOUND('',#1482,.T.);
#1059=FACE_OUTER_BOUND('',#1483,.T.);
#1060=FACE_OUTER_BOUND('',#1484,.T.);
#1061=FACE_OUTER_BOUND('',#1485,.T.);
#1062=FACE_OUTER_BOUND('',#1486,.T.);
#1063=FACE_OUTER_BOUND('',#1487,.T.);
#1064=FACE_OUTER_BOUND('',#1489,.T.);
#1065=FACE_OUTER_BOUND('',#1490,.T.);
#1066=FACE_OUTER_BOUND('',#1491,.T.);
#1067=FACE_OUTER_BOUND('',#1492,.T.);
#1068=FACE_OUTER_BOUND('',#1493,.T.);
#1069=FACE_OUTER_BOUND('',#1494,.T.);
#1070=FACE_OUTER_BOUND('',#1495,.T.);
#1071=FACE_OUTER_BOUND('',#1496,.T.);
#1072=FACE_OUTER_BOUND('',#1497,.T.);
#1073=FACE_OUTER_BOUND('',#1498,.T.);
#1074=FACE_OUTER_BOUND('',#1499,.T.);
#1075=FACE_OUTER_BOUND('',#1500,.T.);
#1076=FACE_OUTER_BOUND('',#1501,.T.);
#1077=FACE_OUTER_BOUND('',#1502,.T.);
#1078=FACE_OUTER_BOUND('',#1503,.T.);
#1079=FACE_OUTER_BOUND('',#1504,.T.);
#1080=FACE_OUTER_BOUND('',#1505,.T.);
#1081=FACE_OUTER_BOUND('',#1506,.T.);
#1082=FACE_OUTER_BOUND('',#1508,.T.);
#1083=FACE_OUTER_BOUND('',#1509,.T.);
#1084=FACE_OUTER_BOUND('',#1510,.T.);
#1085=FACE_OUTER_BOUND('',#1511,.T.);
#1086=FACE_OUTER_BOUND('',#1512,.T.);
#1087=FACE_OUTER_BOUND('',#1513,.T.);
#1088=FACE_OUTER_BOUND('',#1514,.T.);
#1089=FACE_OUTER_BOUND('',#1515,.T.);
#1090=FACE_OUTER_BOUND('',#1516,.T.);
#1091=FACE_OUTER_BOUND('',#1517,.T.);
#1092=FACE_OUTER_BOUND('',#1518,.T.);
#1093=FACE_OUTER_BOUND('',#1519,.T.);
#1094=FACE_OUTER_BOUND('',#1520,.T.);
#1095=FACE_OUTER_BOUND('',#1521,.T.);
#1096=FACE_OUTER_BOUND('',#1522,.T.);
#1097=FACE_OUTER_BOUND('',#1523,.T.);
#1098=FACE_OUTER_BOUND('',#1524,.T.);
#1099=FACE_OUTER_BOUND('',#1525,.T.);
#1100=FACE_OUTER_BOUND('',#1526,.T.);
#1101=FACE_OUTER_BOUND('',#1527,.T.);
#1102=FACE_OUTER_BOUND('',#1529,.T.);
#1103=FACE_OUTER_BOUND('',#1535,.T.);
#1104=FACE_OUTER_BOUND('',#1536,.T.);
#1105=FACE_OUTER_BOUND('',#1537,.T.);
#1106=FACE_OUTER_BOUND('',#1542,.T.);
#1107=FACE_OUTER_BOUND('',#1543,.T.);
#1108=FACE_OUTER_BOUND('',#1544,.T.);
#1109=FACE_OUTER_BOUND('',#1545,.T.);
#1110=FACE_OUTER_BOUND('',#1546,.T.);
#1111=FACE_OUTER_BOUND('',#1547,.T.);
#1112=FACE_OUTER_BOUND('',#1548,.T.);
#1113=FACE_OUTER_BOUND('',#1549,.T.);
#1114=FACE_OUTER_BOUND('',#1550,.T.);
#1115=FACE_OUTER_BOUND('',#1551,.T.);
#1116=FACE_OUTER_BOUND('',#1552,.T.);
#1117=EDGE_LOOP('',(#4035,#4036,#4037,#4038,#4039));
#1118=EDGE_LOOP('',(#4040,#4041,#4042,#4043,#4044));
#1119=EDGE_LOOP('',(#4045));
#1120=EDGE_LOOP('',(#4046));
#1121=EDGE_LOOP('',(#4047,#4048,#4049,#4050));
#1122=EDGE_LOOP('',(#4051));
#1123=EDGE_LOOP('',(#4052));
#1124=EDGE_LOOP('',(#4053,#4054,#4055,#4056));
#1125=EDGE_LOOP('',(#4057,#4058,#4059,#4060));
#1126=EDGE_LOOP('',(#4061,#4062,#4063,#4064));
#1127=EDGE_LOOP('',(#4065));
#1128=EDGE_LOOP('',(#4066));
#1129=EDGE_LOOP('',(#4067,#4068,#4069,#4070));
#1130=EDGE_LOOP('',(#4071));
#1131=EDGE_LOOP('',(#4072));
#1132=EDGE_LOOP('',(#4073,#4074,#4075,#4076));
#1133=EDGE_LOOP('',(#4077,#4078,#4079,#4080));
#1134=EDGE_LOOP('',(#4081));
#1135=EDGE_LOOP('',(#4082));
#1136=EDGE_LOOP('',(#4083,#4084,#4085,#4086));
#1137=EDGE_LOOP('',(#4087));
#1138=EDGE_LOOP('',(#4088));
#1139=EDGE_LOOP('',(#4089,#4090,#4091,#4092));
#1140=EDGE_LOOP('',(#4093,#4094,#4095,#4096));
#1141=EDGE_LOOP('',(#4097,#4098,#4099,#4100));
#1142=EDGE_LOOP('',(#4101,#4102,#4103,#4104,#4105));
#1143=EDGE_LOOP('',(#4106,#4107,#4108,#4109,#4110));
#1144=EDGE_LOOP('',(#4111));
#1145=EDGE_LOOP('',(#4112));
#1146=EDGE_LOOP('',(#4113,#4114,#4115,#4116));
#1147=EDGE_LOOP('',(#4117));
#1148=EDGE_LOOP('',(#4118));
#1149=EDGE_LOOP('',(#4119,#4120,#4121,#4122));
#1150=EDGE_LOOP('',(#4123));
#1151=EDGE_LOOP('',(#4124));
#1152=EDGE_LOOP('',(#4125,#4126,#4127,#4128));
#1153=EDGE_LOOP('',(#4129));
#1154=EDGE_LOOP('',(#4130));
#1155=EDGE_LOOP('',(#4131,#4132,#4133,#4134));
#1156=EDGE_LOOP('',(#4135,#4136,#4137,#4138));
#1157=EDGE_LOOP('',(#4139,#4140,#4141,#4142));
#1158=EDGE_LOOP('',(#4143));
#1159=EDGE_LOOP('',(#4144));
#1160=EDGE_LOOP('',(#4145,#4146,#4147,#4148));
#1161=EDGE_LOOP('',(#4149));
#1162=EDGE_LOOP('',(#4150));
#1163=EDGE_LOOP('',(#4151,#4152,#4153,#4154));
#1164=EDGE_LOOP('',(#4155,#4156,#4157,#4158));
#1165=EDGE_LOOP('',(#4159,#4160,#4161,#4162));
#1166=EDGE_LOOP('',(#4163,#4164,#4165,#4166,#4167,#4168,#4169,#4170));
#1167=EDGE_LOOP('',(#4171));
#1168=EDGE_LOOP('',(#4172));
#1169=EDGE_LOOP('',(#4173));
#1170=EDGE_LOOP('',(#4174));
#1171=EDGE_LOOP('',(#4175,#4176,#4177,#4178,#4179));
#1172=EDGE_LOOP('',(#4180,#4181,#4182,#4183,#4184,#4185,#4186,#4187,#4188,
#4189,#4190,#4191,#4192,#4193));
#1173=EDGE_LOOP('',(#4194));
#1174=EDGE_LOOP('',(#4195));
#1175=EDGE_LOOP('',(#4196));
#1176=EDGE_LOOP('',(#4197,#4198,#4199,#4200,#4201));
#1177=EDGE_LOOP('',(#4202,#4203,#4204,#4205,#4206,#4207));
#1178=EDGE_LOOP('',(#4208,#4209,#4210,#4211,#4212,#4213));
#1179=EDGE_LOOP('',(#4214,#4215,#4216,#4217));
#1180=EDGE_LOOP('',(#4218,#4219,#4220,#4221,#4222,#4223));
#1181=EDGE_LOOP('',(#4224));
#1182=EDGE_LOOP('',(#4225));
#1183=EDGE_LOOP('',(#4226));
#1184=EDGE_LOOP('',(#4227,#4228,#4229,#4230));
#1185=EDGE_LOOP('',(#4231,#4232,#4233));
#1186=EDGE_LOOP('',(#4234,#4235,#4236));
#1187=EDGE_LOOP('',(#4237,#4238,#4239,#4240));
#1188=EDGE_LOOP('',(#4241,#4242,#4243,#4244,#4245,#4246));
#1189=EDGE_LOOP('',(#4247,#4248,#4249,#4250));
#1190=EDGE_LOOP('',(#4251,#4252,#4253,#4254));
#1191=EDGE_LOOP('',(#4255,#4256,#4257,#4258));
#1192=EDGE_LOOP('',(#4259,#4260,#4261,#4262));
#1193=EDGE_LOOP('',(#4263,#4264,#4265,#4266));
#1194=EDGE_LOOP('',(#4267,#4268,#4269,#4270));
#1195=EDGE_LOOP('',(#4271,#4272,#4273,#4274));
#1196=EDGE_LOOP('',(#4275,#4276,#4277,#4278));
#1197=EDGE_LOOP('',(#4279,#4280,#4281,#4282));
#1198=EDGE_LOOP('',(#4283,#4284,#4285,#4286));
#1199=EDGE_LOOP('',(#4287,#4288,#4289,#4290));
#1200=EDGE_LOOP('',(#4291,#4292,#4293,#4294));
#1201=EDGE_LOOP('',(#4295,#4296,#4297,#4298));
#1202=EDGE_LOOP('',(#4299,#4300,#4301,#4302));
#1203=EDGE_LOOP('',(#4303,#4304,#4305,#4306,#4307));
#1204=EDGE_LOOP('',(#4308,#4309,#4310,#4311));
#1205=EDGE_LOOP('',(#4312,#4313,#4314,#4315));
#1206=EDGE_LOOP('',(#4316,#4317,#4318));
#1207=EDGE_LOOP('',(#4319,#4320,#4321,#4322,#4323));
#1208=EDGE_LOOP('',(#4324,#4325,#4326,#4327));
#1209=EDGE_LOOP('',(#4328,#4329,#4330,#4331));
#1210=EDGE_LOOP('',(#4332,#4333,#4334));
#1211=EDGE_LOOP('',(#4335,#4336,#4337));
#1212=EDGE_LOOP('',(#4338,#4339,#4340));
#1213=EDGE_LOOP('',(#4341,#4342,#4343));
#1214=EDGE_LOOP('',(#4344,#4345,#4346,#4347));
#1215=EDGE_LOOP('',(#4348,#4349,#4350));
#1216=EDGE_LOOP('',(#4351,#4352,#4353));
#1217=EDGE_LOOP('',(#4354,#4355,#4356));
#1218=EDGE_LOOP('',(#4357,#4358,#4359,#4360));
#1219=EDGE_LOOP('',(#4361,#4362,#4363,#4364));
#1220=EDGE_LOOP('',(#4365,#4366,#4367,#4368));
#1221=EDGE_LOOP('',(#4369));
#1222=EDGE_LOOP('',(#4370));
#1223=EDGE_LOOP('',(#4371,#4372,#4373,#4374));
#1224=EDGE_LOOP('',(#4375));
#1225=EDGE_LOOP('',(#4376,#4377,#4378,#4379));
#1226=EDGE_LOOP('',(#4380));
#1227=EDGE_LOOP('',(#4381,#4382,#4383,#4384));
#1228=EDGE_LOOP('',(#4385,#4386,#4387,#4388));
#1229=EDGE_LOOP('',(#4389,#4390,#4391,#4392));
#1230=EDGE_LOOP('',(#4393,#4394,#4395,#4396));
#1231=EDGE_LOOP('',(#4397,#4398,#4399,#4400));
#1232=EDGE_LOOP('',(#4401,#4402,#4403,#4404));
#1233=EDGE_LOOP('',(#4405,#4406,#4407,#4408));
#1234=EDGE_LOOP('',(#4409,#4410,#4411,#4412));
#1235=EDGE_LOOP('',(#4413,#4414,#4415,#4416));
#1236=EDGE_LOOP('',(#4417,#4418,#4419,#4420));
#1237=EDGE_LOOP('',(#4421,#4422,#4423,#4424));
#1238=EDGE_LOOP('',(#4425,#4426,#4427,#4428));
#1239=EDGE_LOOP('',(#4429,#4430,#4431,#4432));
#1240=EDGE_LOOP('',(#4433,#4434,#4435,#4436));
#1241=EDGE_LOOP('',(#4437,#4438,#4439,#4440));
#1242=EDGE_LOOP('',(#4441,#4442,#4443,#4444));
#1243=EDGE_LOOP('',(#4445,#4446,#4447,#4448));
#1244=EDGE_LOOP('',(#4449,#4450,#4451,#4452));
#1245=EDGE_LOOP('',(#4453,#4454,#4455,#4456));
#1246=EDGE_LOOP('',(#4457,#4458,#4459,#4460));
#1247=EDGE_LOOP('',(#4461,#4462,#4463,#4464));
#1248=EDGE_LOOP('',(#4465,#4466,#4467,#4468));
#1249=EDGE_LOOP('',(#4469,#4470,#4471,#4472));
#1250=EDGE_LOOP('',(#4473,#4474,#4475,#4476));
#1251=EDGE_LOOP('',(#4477,#4478,#4479,#4480,#4481,#4482,#4483,#4484,#4485,
#4486));
#1252=EDGE_LOOP('',(#4487,#4488,#4489,#4490,#4491,#4492,#4493,#4494,#4495,
#4496));
#1253=EDGE_LOOP('',(#4497,#4498,#4499,#4500));
#1254=EDGE_LOOP('',(#4501,#4502,#4503,#4504,#4505,#4506));
#1255=EDGE_LOOP('',(#4507,#4508,#4509,#4510,#4511,#4512,#4513,#4514,#4515,
#4516,#4517,#4518,#4519,#4520,#4521,#4522));
#1256=EDGE_LOOP('',(#4523,#4524,#4525,#4526,#4527,#4528,#4529,#4530,#4531,
#4532,#4533,#4534,#4535,#4536,#4537,#4538));
#1257=EDGE_LOOP('',(#4539,#4540,#4541,#4542,#4543,#4544,#4545,#4546,#4547,
#4548,#4549,#4550,#4551));
#1258=EDGE_LOOP('',(#4552,#4553));
#1259=EDGE_LOOP('',(#4554,#4555,#4556,#4557));
#1260=EDGE_LOOP('',(#4558,#4559,#4560,#4561,#4562,#4563,#4564,#4565,#4566,
#4567,#4568,#4569,#4570,#4571,#4572,#4573,#4574,#4575,#4576,#4577));
#1261=EDGE_LOOP('',(#4578,#4579,#4580,#4581,#4582,#4583,#4584,#4585,#4586,
#4587));
#1262=EDGE_LOOP('',(#4588,#4589,#4590,#4591,#4592,#4593,#4594,#4595,#4596,
#4597));
#1263=EDGE_LOOP('',(#4598,#4599,#4600,#4601));
#1264=EDGE_LOOP('',(#4602,#4603,#4604,#4605));
#1265=EDGE_LOOP('',(#4606,#4607,#4608,#4609,#4610,#4611));
#1266=EDGE_LOOP('',(#4612,#4613,#4614,#4615,#4616,#4617));
#1267=EDGE_LOOP('',(#4618,#4619,#4620,#4621));
#1268=EDGE_LOOP('',(#4622,#4623,#4624,#4625));
#1269=EDGE_LOOP('',(#4626,#4627,#4628,#4629,#4630,#4631,#4632,#4633,#4634));
#1270=EDGE_LOOP('',(#4635,#4636,#4637,#4638));
#1271=EDGE_LOOP('',(#4639,#4640,#4641,#4642));
#1272=EDGE_LOOP('',(#4643,#4644,#4645,#4646,#4647));
#1273=EDGE_LOOP('',(#4648,#4649,#4650,#4651));
#1274=EDGE_LOOP('',(#4652,#4653,#4654,#4655,#4656));
#1275=EDGE_LOOP('',(#4657,#4658,#4659,#4660));
#1276=EDGE_LOOP('',(#4661,#4662,#4663,#4664));
#1277=EDGE_LOOP('',(#4665,#4666,#4667,#4668));
#1278=EDGE_LOOP('',(#4669,#4670,#4671,#4672,#4673));
#1279=EDGE_LOOP('',(#4674,#4675,#4676));
#1280=EDGE_LOOP('',(#4677,#4678,#4679,#4680));
#1281=EDGE_LOOP('',(#4681,#4682,#4683,#4684));
#1282=EDGE_LOOP('',(#4685,#4686,#4687,#4688));
#1283=EDGE_LOOP('',(#4689,#4690,#4691,#4692,#4693));
#1284=EDGE_LOOP('',(#4694,#4695,#4696,#4697));
#1285=EDGE_LOOP('',(#4698,#4699,#4700,#4701,#4702));
#1286=EDGE_LOOP('',(#4703,#4704,#4705,#4706,#4707,#4708,#4709,#4710,#4711,
#4712,#4713,#4714,#4715,#4716,#4717,#4718));
#1287=EDGE_LOOP('',(#4719,#4720,#4721,#4722));
#1288=EDGE_LOOP('',(#4723,#4724,#4725,#4726));
#1289=EDGE_LOOP('',(#4727,#4728,#4729,#4730,#4731));
#1290=EDGE_LOOP('',(#4732,#4733,#4734,#4735));
#1291=EDGE_LOOP('',(#4736,#4737,#4738,#4739,#4740));
#1292=EDGE_LOOP('',(#4741,#4742,#4743,#4744,#4745,#4746,#4747,#4748,#4749,
#4750,#4751,#4752,#4753,#4754,#4755,#4756));
#1293=EDGE_LOOP('',(#4757,#4758,#4759,#4760));
#1294=EDGE_LOOP('',(#4761,#4762,#4763,#4764,#4765));
#1295=EDGE_LOOP('',(#4766,#4767,#4768,#4769));
#1296=EDGE_LOOP('',(#4770,#4771,#4772,#4773,#4774));
#1297=EDGE_LOOP('',(#4775,#4776,#4777,#4778));
#1298=EDGE_LOOP('',(#4779,#4780,#4781,#4782));
#1299=EDGE_LOOP('',(#4783,#4784,#4785,#4786));
#1300=EDGE_LOOP('',(#4787,#4788,#4789,#4790,#4791));
#1301=EDGE_LOOP('',(#4792,#4793,#4794));
#1302=EDGE_LOOP('',(#4795,#4796,#4797,#4798,#4799,#4800,#4801,#4802,#4803));
#1303=EDGE_LOOP('',(#4804,#4805,#4806,#4807,#4808,#4809,#4810,#4811,#4812));
#1304=EDGE_LOOP('',(#4813,#4814,#4815,#4816,#4817));
#1305=EDGE_LOOP('',(#4818,#4819,#4820,#4821));
#1306=EDGE_LOOP('',(#4822,#4823,#4824,#4825));
#1307=EDGE_LOOP('',(#4826,#4827,#4828,#4829));
#1308=EDGE_LOOP('',(#4830,#4831,#4832));
#1309=EDGE_LOOP('',(#4833,#4834,#4835,#4836,#4837,#4838,#4839,#4840,#4841));
#1310=EDGE_LOOP('',(#4842,#4843,#4844,#4845,#4846));
#1311=EDGE_LOOP('',(#4847,#4848,#4849,#4850));
#1312=EDGE_LOOP('',(#4851,#4852,#4853,#4854));
#1313=EDGE_LOOP('',(#4855,#4856,#4857,#4858));
#1314=EDGE_LOOP('',(#4859,#4860,#4861));
#1315=EDGE_LOOP('',(#4862,#4863,#4864,#4865,#4866,#4867,#4868,#4869,#4870,
#4871,#4872,#4873,#4874,#4875,#4876,#4877));
#1316=EDGE_LOOP('',(#4878,#4879,#4880,#4881,#4882,#4883,#4884,#4885,#4886,
#4887,#4888,#4889,#4890,#4891,#4892,#4893));
#1317=EDGE_LOOP('',(#4894,#4895,#4896,#4897));
#1318=EDGE_LOOP('',(#4898,#4899,#4900,#4901));
#1319=EDGE_LOOP('',(#4902,#4903,#4904,#4905));
#1320=EDGE_LOOP('',(#4906,#4907,#4908,#4909,#4910));
#1321=EDGE_LOOP('',(#4911,#4912,#4913,#4914,#4915,#4916,#4917,#4918));
#1322=EDGE_LOOP('',(#4919,#4920,#4921,#4922,#4923));
#1323=EDGE_LOOP('',(#4924,#4925,#4926,#4927,#4928,#4929,#4930));
#1324=EDGE_LOOP('',(#4931,#4932,#4933,#4934,#4935,#4936,#4937));
#1325=EDGE_LOOP('',(#4938,#4939,#4940,#4941,#4942,#4943));
#1326=EDGE_LOOP('',(#4944,#4945,#4946,#4947));
#1327=EDGE_LOOP('',(#4948,#4949,#4950,#4951));
#1328=EDGE_LOOP('',(#4952,#4953,#4954,#4955));
#1329=EDGE_LOOP('',(#4956,#4957,#4958,#4959,#4960,#4961,#4962));
#1330=EDGE_LOOP('',(#4963,#4964,#4965,#4966,#4967,#4968,#4969));
#1331=EDGE_LOOP('',(#4970,#4971,#4972,#4973,#4974,#4975,#4976,#4977));
#1332=EDGE_LOOP('',(#4978));
#1333=EDGE_LOOP('',(#4979,#4980,#4981,#4982));
#1334=EDGE_LOOP('',(#4983,#4984,#4985,#4986,#4987,#4988,#4989,#4990,#4991,
#4992,#4993,#4994,#4995));
#1335=EDGE_LOOP('',(#4996,#4997));
#1336=EDGE_LOOP('',(#4998,#4999,#5000,#5001));
#1337=EDGE_LOOP('',(#5002,#5003,#5004,#5005));
#1338=EDGE_LOOP('',(#5006,#5007,#5008,#5009,#5010,#5011,#5012,#5013));
#1339=EDGE_LOOP('',(#5014));
#1340=EDGE_LOOP('',(#5015));
#1341=EDGE_LOOP('',(#5016));
#1342=EDGE_LOOP('',(#5017));
#1343=EDGE_LOOP('',(#5018,#5019,#5020,#5021));
#1344=EDGE_LOOP('',(#5022));
#1345=EDGE_LOOP('',(#5023));
#1346=EDGE_LOOP('',(#5024,#5025,#5026,#5027));
#1347=EDGE_LOOP('',(#5028));
#1348=EDGE_LOOP('',(#5029,#5030,#5031,#5032));
#1349=EDGE_LOOP('',(#5033,#5034,#5035,#5036));
#1350=EDGE_LOOP('',(#5037,#5038,#5039,#5040));
#1351=EDGE_LOOP('',(#5041,#5042,#5043,#5044,#5045,#5046,#5047,#5048));
#1352=EDGE_LOOP('',(#5049));
#1353=EDGE_LOOP('',(#5050));
#1354=EDGE_LOOP('',(#5051));
#1355=EDGE_LOOP('',(#5052));
#1356=EDGE_LOOP('',(#5053,#5054,#5055,#5056,#5057));
#1357=EDGE_LOOP('',(#5058,#5059,#5060,#5061,#5062,#5063,#5064,#5065,#5066,
#5067,#5068,#5069,#5070,#5071));
#1358=EDGE_LOOP('',(#5072));
#1359=EDGE_LOOP('',(#5073));
#1360=EDGE_LOOP('',(#5074));
#1361=EDGE_LOOP('',(#5075,#5076,#5077,#5078,#5079,#5080));
#1362=EDGE_LOOP('',(#5081,#5082,#5083,#5084,#5085,#5086));
#1363=EDGE_LOOP('',(#5087,#5088,#5089,#5090));
#1364=EDGE_LOOP('',(#5091,#5092,#5093,#5094));
#1365=EDGE_LOOP('',(#5095,#5096,#5097,#5098,#5099,#5100));
#1366=EDGE_LOOP('',(#5101,#5102,#5103,#5104));
#1367=EDGE_LOOP('',(#5105));
#1368=EDGE_LOOP('',(#5106));
#1369=EDGE_LOOP('',(#5107));
#1370=EDGE_LOOP('',(#5108,#5109,#5110));
#1371=EDGE_LOOP('',(#5111,#5112,#5113));
#1372=EDGE_LOOP('',(#5114,#5115,#5116,#5117));
#1373=EDGE_LOOP('',(#5118,#5119,#5120,#5121,#5122,#5123));
#1374=EDGE_LOOP('',(#5124,#5125,#5126,#5127));
#1375=EDGE_LOOP('',(#5128,#5129,#5130,#5131));
#1376=EDGE_LOOP('',(#5132,#5133,#5134,#5135));
#1377=EDGE_LOOP('',(#5136,#5137,#5138,#5139));
#1378=EDGE_LOOP('',(#5140,#5141,#5142,#5143));
#1379=EDGE_LOOP('',(#5144,#5145,#5146,#5147));
#1380=EDGE_LOOP('',(#5148,#5149,#5150,#5151));
#1381=EDGE_LOOP('',(#5152,#5153,#5154,#5155));
#1382=EDGE_LOOP('',(#5156,#5157,#5158,#5159));
#1383=EDGE_LOOP('',(#5160,#5161,#5162,#5163,#5164));
#1384=EDGE_LOOP('',(#5165,#5166,#5167));
#1385=EDGE_LOOP('',(#5168,#5169,#5170,#5171));
#1386=EDGE_LOOP('',(#5172,#5173,#5174));
#1387=EDGE_LOOP('',(#5175,#5176,#5177));
#1388=EDGE_LOOP('',(#5178,#5179,#5180,#5181,#5182));
#1389=EDGE_LOOP('',(#5183,#5184,#5185,#5186));
#1390=EDGE_LOOP('',(#5187,#5188,#5189,#5190));
#1391=EDGE_LOOP('',(#5191,#5192,#5193,#5194));
#1392=EDGE_LOOP('',(#5195,#5196,#5197));
#1393=EDGE_LOOP('',(#5198,#5199,#5200,#5201));
#1394=EDGE_LOOP('',(#5202,#5203,#5204,#5205));
#1395=EDGE_LOOP('',(#5206,#5207,#5208));
#1396=EDGE_LOOP('',(#5209,#5210,#5211,#5212));
#1397=EDGE_LOOP('',(#5213,#5214,#5215));
#1398=EDGE_LOOP('',(#5216,#5217,#5218,#5219));
#1399=EDGE_LOOP('',(#5220,#5221,#5222,#5223));
#1400=EDGE_LOOP('',(#5224,#5225,#5226));
#1401=EDGE_LOOP('',(#5227,#5228,#5229));
#1402=EDGE_LOOP('',(#5230,#5231,#5232,#5233,#5234));
#1403=EDGE_LOOP('',(#5235,#5236,#5237,#5238));
#1404=EDGE_LOOP('',(#5239,#5240,#5241,#5242));
#1405=EDGE_LOOP('',(#5243,#5244,#5245,#5246));
#1406=EDGE_LOOP('',(#5247,#5248,#5249,#5250,#5251,#5252,#5253,#5254));
#1407=EDGE_LOOP('',(#5255,#5256,#5257,#5258));
#1408=EDGE_LOOP('',(#5259,#5260,#5261,#5262));
#1409=EDGE_LOOP('',(#5263,#5264,#5265,#5266));
#1410=EDGE_LOOP('',(#5267,#5268,#5269,#5270));
#1411=EDGE_LOOP('',(#5271,#5272,#5273,#5274,#5275,#5276,#5277,#5278));
#1412=EDGE_LOOP('',(#5279,#5280,#5281,#5282));
#1413=EDGE_LOOP('',(#5283,#5284,#5285,#5286));
#1414=EDGE_LOOP('',(#5287,#5288,#5289,#5290));
#1415=EDGE_LOOP('',(#5291,#5292,#5293,#5294));
#1416=EDGE_LOOP('',(#5295,#5296,#5297,#5298));
#1417=EDGE_LOOP('',(#5299));
#1418=EDGE_LOOP('',(#5300));
#1419=EDGE_LOOP('',(#5301,#5302,#5303,#5304));
#1420=EDGE_LOOP('',(#5305,#5306,#5307,#5308));
#1421=EDGE_LOOP('',(#5309,#5310,#5311,#5312,#5313,#5314,#5315,#5316,#5317));
#1422=EDGE_LOOP('',(#5318));
#1423=EDGE_LOOP('',(#5319));
#1424=EDGE_LOOP('',(#5320));
#1425=EDGE_LOOP('',(#5321));
#1426=EDGE_LOOP('',(#5322));
#1427=EDGE_LOOP('',(#5323));
#1428=EDGE_LOOP('',(#5324));
#1429=EDGE_LOOP('',(#5325,#5326,#5327,#5328));
#1430=EDGE_LOOP('',(#5329,#5330,#5331,#5332));
#1431=EDGE_LOOP('',(#5333,#5334,#5335,#5336));
#1432=EDGE_LOOP('',(#5337,#5338,#5339,#5340));
#1433=EDGE_LOOP('',(#5341,#5342,#5343,#5344));
#1434=EDGE_LOOP('',(#5345,#5346,#5347,#5348));
#1435=EDGE_LOOP('',(#5349,#5350,#5351,#5352));
#1436=EDGE_LOOP('',(#5353,#5354,#5355,#5356));
#1437=EDGE_LOOP('',(#5357,#5358,#5359,#5360));
#1438=EDGE_LOOP('',(#5361,#5362,#5363,#5364));
#1439=EDGE_LOOP('',(#5365,#5366,#5367,#5368,#5369,#5370,#5371,#5372,#5373));
#1440=EDGE_LOOP('',(#5374));
#1441=EDGE_LOOP('',(#5375));
#1442=EDGE_LOOP('',(#5376));
#1443=EDGE_LOOP('',(#5377));
#1444=EDGE_LOOP('',(#5378));
#1445=EDGE_LOOP('',(#5379,#5380,#5381,#5382));
#1446=EDGE_LOOP('',(#5383,#5384,#5385,#5386));
#1447=EDGE_LOOP('',(#5387,#5388,#5389,#5390));
#1448=EDGE_LOOP('',(#5391,#5392,#5393,#5394));
#1449=EDGE_LOOP('',(#5395,#5396,#5397,#5398,#5399));
#1450=EDGE_LOOP('',(#5400,#5401,#5402,#5403));
#1451=EDGE_LOOP('',(#5404,#5405,#5406,#5407,#5408));
#1452=EDGE_LOOP('',(#5409,#5410,#5411,#5412));
#1453=EDGE_LOOP('',(#5413,#5414,#5415,#5416));
#1454=EDGE_LOOP('',(#5417,#5418,#5419,#5420));
#1455=EDGE_LOOP('',(#5421,#5422,#5423,#5424,#5425,#5426,#5427,#5428));
#1456=EDGE_LOOP('',(#5429,#5430,#5431,#5432));
#1457=EDGE_LOOP('',(#5433));
#1458=EDGE_LOOP('',(#5434,#5435,#5436,#5437));
#1459=EDGE_LOOP('',(#5438));
#1460=EDGE_LOOP('',(#5439,#5440,#5441,#5442));
#1461=EDGE_LOOP('',(#5443));
#1462=EDGE_LOOP('',(#5444,#5445,#5446,#5447));
#1463=EDGE_LOOP('',(#5448));
#1464=EDGE_LOOP('',(#5449,#5450));
#1465=EDGE_LOOP('',(#5451));
#1466=EDGE_LOOP('',(#5452,#5453,#5454,#5455,#5456,#5457,#5458,#5459));
#1467=EDGE_LOOP('',(#5460));
#1468=EDGE_LOOP('',(#5461));
#1469=EDGE_LOOP('',(#5462));
#1470=EDGE_LOOP('',(#5463));
#1471=EDGE_LOOP('',(#5464));
#1472=EDGE_LOOP('',(#5465,#5466,#5467,#5468));
#1473=EDGE_LOOP('',(#5469,#5470,#5471,#5472));
#1474=EDGE_LOOP('',(#5473,#5474,#5475,#5476));
#1475=EDGE_LOOP('',(#5477,#5478,#5479,#5480));
#1476=EDGE_LOOP('',(#5481,#5482,#5483,#5484));
#1477=EDGE_LOOP('',(#5485,#5486,#5487,#5488));
#1478=EDGE_LOOP('',(#5489,#5490,#5491,#5492));
#1479=EDGE_LOOP('',(#5493,#5494,#5495,#5496));
#1480=EDGE_LOOP('',(#5497,#5498,#5499,#5500));
#1481=EDGE_LOOP('',(#5501,#5502,#5503,#5504,#5505,#5506,#5507,#5508));
#1482=EDGE_LOOP('',(#5509,#5510,#5511,#5512,#5513,#5514,#5515,#5516));
#1483=EDGE_LOOP('',(#5517));
#1484=EDGE_LOOP('',(#5518));
#1485=EDGE_LOOP('',(#5519,#5520,#5521,#5522));
#1486=EDGE_LOOP('',(#5523,#5524,#5525,#5526,#5527,#5528));
#1487=EDGE_LOOP('',(#5529));
#1488=EDGE_LOOP('',(#5530));
#1489=EDGE_LOOP('',(#5531,#5532,#5533,#5534));
#1490=EDGE_LOOP('',(#5535,#5536,#5537,#5538,#5539,#5540,#5541,#5542));
#1491=EDGE_LOOP('',(#5543,#5544,#5545,#5546));
#1492=EDGE_LOOP('',(#5547,#5548,#5549,#5550));
#1493=EDGE_LOOP('',(#5551,#5552,#5553,#5554,#5555));
#1494=EDGE_LOOP('',(#5556,#5557,#5558,#5559));
#1495=EDGE_LOOP('',(#5560,#5561,#5562,#5563,#5564));
#1496=EDGE_LOOP('',(#5565,#5566,#5567,#5568));
#1497=EDGE_LOOP('',(#5569,#5570,#5571,#5572));
#1498=EDGE_LOOP('',(#5573,#5574,#5575,#5576));
#1499=EDGE_LOOP('',(#5577,#5578,#5579,#5580,#5581,#5582,#5583,#5584));
#1500=EDGE_LOOP('',(#5585,#5586,#5587,#5588,#5589,#5590,#5591,#5592));
#1501=EDGE_LOOP('',(#5593,#5594,#5595,#5596,#5597));
#1502=EDGE_LOOP('',(#5598));
#1503=EDGE_LOOP('',(#5599));
#1504=EDGE_LOOP('',(#5600,#5601,#5602,#5603));
#1505=EDGE_LOOP('',(#5604,#5605,#5606,#5607,#5608,#5609));
#1506=EDGE_LOOP('',(#5610,#5611));
#1507=EDGE_LOOP('',(#5612));
#1508=EDGE_LOOP('',(#5613,#5614,#5615,#5616));
#1509=EDGE_LOOP('',(#5617,#5618,#5619,#5620));
#1510=EDGE_LOOP('',(#5621,#5622,#5623,#5624));
#1511=EDGE_LOOP('',(#5625,#5626,#5627,#5628));
#1512=EDGE_LOOP('',(#5629,#5630,#5631,#5632,#5633));
#1513=EDGE_LOOP('',(#5634,#5635,#5636,#5637,#5638));
#1514=EDGE_LOOP('',(#5639,#5640,#5641,#5642));
#1515=EDGE_LOOP('',(#5643,#5644,#5645,#5646));
#1516=EDGE_LOOP('',(#5647,#5648,#5649,#5650));
#1517=EDGE_LOOP('',(#5651,#5652,#5653,#5654,#5655,#5656,#5657,#5658));
#1518=EDGE_LOOP('',(#5659,#5660,#5661,#5662));
#1519=EDGE_LOOP('',(#5663,#5664,#5665,#5666));
#1520=EDGE_LOOP('',(#5667));
#1521=EDGE_LOOP('',(#5668,#5669,#5670,#5671));
#1522=EDGE_LOOP('',(#5672));
#1523=EDGE_LOOP('',(#5673,#5674,#5675,#5676));
#1524=EDGE_LOOP('',(#5677));
#1525=EDGE_LOOP('',(#5678,#5679,#5680,#5681));
#1526=EDGE_LOOP('',(#5682));
#1527=EDGE_LOOP('',(#5683,#5684));
#1528=EDGE_LOOP('',(#5685));
#1529=EDGE_LOOP('',(#5686,#5687,#5688,#5689,#5690,#5691,#5692,#5693));
#1530=EDGE_LOOP('',(#5694));
#1531=EDGE_LOOP('',(#5695));
#1532=EDGE_LOOP('',(#5696));
#1533=EDGE_LOOP('',(#5697));
#1534=EDGE_LOOP('',(#5698));
#1535=EDGE_LOOP('',(#5699,#5700,#5701,#5702));
#1536=EDGE_LOOP('',(#5703,#5704,#5705,#5706));
#1537=EDGE_LOOP('',(#5707));
#1538=EDGE_LOOP('',(#5708));
#1539=EDGE_LOOP('',(#5709));
#1540=EDGE_LOOP('',(#5710));
#1541=EDGE_LOOP('',(#5711));
#1542=EDGE_LOOP('',(#5712,#5713,#5714,#5715));
#1543=EDGE_LOOP('',(#5716));
#1544=EDGE_LOOP('',(#5717,#5718,#5719,#5720));
#1545=EDGE_LOOP('',(#5721));
#1546=EDGE_LOOP('',(#5722,#5723,#5724,#5725));
#1547=EDGE_LOOP('',(#5726));
#1548=EDGE_LOOP('',(#5727,#5728,#5729,#5730));
#1549=EDGE_LOOP('',(#5731));
#1550=EDGE_LOOP('',(#5732,#5733,#5734,#5735));
#1551=EDGE_LOOP('',(#5736,#5737,#5738,#5739));
#1552=EDGE_LOOP('',(#5740));
#1553=LINE('',#8900,#1939);
#1554=LINE('',#8904,#1940);
#1555=LINE('',#8911,#1941);
#1556=LINE('',#8922,#1942);
#1557=LINE('',#8933,#1943);
#1558=LINE('',#8940,#1944);
#1559=LINE('',#8944,#1945);
#1560=LINE('',#8951,#1946);
#1561=LINE('',#8958,#1947);
#1562=LINE('',#8962,#1948);
#1563=LINE('',#8970,#1949);
#1564=LINE('',#8977,#1950);
#1565=LINE('',#8983,#1951);
#1566=LINE('',#8991,#1952);
#1567=LINE('',#8999,#1953);
#1568=LINE('',#9006,#1954);
#1569=LINE('',#9014,#1955);
#1570=LINE('',#9021,#1956);
#1571=LINE('',#9036,#1957);
#1572=LINE('',#9042,#1958);
#1573=LINE('',#9047,#1959);
#1574=LINE('',#9049,#1960);
#1575=LINE('',#9051,#1961);
#1576=LINE('',#9052,#1962);
#1577=LINE('',#9055,#1963);
#1578=LINE('',#9057,#1964);
#1579=LINE('',#9059,#1965);
#1580=LINE('',#9063,#1966);
#1581=LINE('',#9065,#1967);
#1582=LINE('',#9066,#1968);
#1583=LINE('',#9073,#1969);
#1584=LINE('',#9075,#1970);
#1585=LINE('',#9079,#1971);
#1586=LINE('',#9081,#1972);
#1587=LINE('',#9085,#1973);
#1588=LINE('',#9089,#1974);
#1589=LINE('',#9093,#1975);
#1590=LINE('',#9097,#1976);
#1591=LINE('',#9100,#1977);
#1592=LINE('',#9110,#1978);
#1593=LINE('',#9113,#1979);
#1594=LINE('',#9115,#1980);
#1595=LINE('',#9117,#1981);
#1596=LINE('',#9118,#1982);
#1597=LINE('',#9121,#1983);
#1598=LINE('',#9123,#1984);
#1599=LINE('',#9125,#1985);
#1600=LINE('',#9126,#1986);
#1601=LINE('',#9129,#1987);
#1602=LINE('',#9131,#1988);
#1603=LINE('',#9132,#1989);
#1604=LINE('',#9136,#1990);
#1605=LINE('',#9138,#1991);
#1606=LINE('',#9140,#1992);
#1607=LINE('',#9142,#1993);
#1608=LINE('',#9144,#1994);
#1609=LINE('',#9145,#1995);
#1610=LINE('',#9150,#1996);
#1611=LINE('',#9154,#1997);
#1612=LINE('',#9156,#1998);
#1613=LINE('',#9157,#1999);
#1614=LINE('',#9161,#2000);
#1615=LINE('',#9163,#2001);
#1616=LINE('',#9164,#2002);
#1617=LINE('',#9167,#2003);
#1618=LINE('',#9169,#2004);
#1619=LINE('',#9170,#2005);
#1620=LINE('',#9174,#2006);
#1621=LINE('',#9176,#2007);
#1622=LINE('',#9178,#2008);
#1623=LINE('',#9180,#2009);
#1624=LINE('',#9182,#2010);
#1625=LINE('',#9183,#2011);
#1626=LINE('',#9246,#2012);
#1627=LINE('',#9248,#2013);
#1628=LINE('',#9254,#2014);
#1629=LINE('',#9263,#2015);
#1630=LINE('',#9270,#2016);
#1631=LINE('',#9388,#2017);
#1632=LINE('',#9395,#2018);
#1633=LINE('',#9398,#2019);
#1634=LINE('',#9403,#2020);
#1635=LINE('',#9410,#2021);
#1636=LINE('',#9413,#2022);
#1637=LINE('',#9418,#2023);
#1638=LINE('',#9425,#2024);
#1639=LINE('',#9428,#2025);
#1640=LINE('',#9433,#2026);
#1641=LINE('',#9475,#2027);
#1642=LINE('',#9557,#2028);
#1643=LINE('',#9560,#2029);
#1644=LINE('',#9565,#2030);
#1645=LINE('',#9572,#2031);
#1646=LINE('',#9578,#2032);
#1647=LINE('',#9614,#2033);
#1648=LINE('',#9620,#2034);
#1649=LINE('',#9626,#2035);
#1650=LINE('',#9662,#2036);
#1651=LINE('',#9872,#2037);
#1652=LINE('',#9932,#2038);
#1653=LINE('',#9945,#2039);
#1654=LINE('',#9949,#2040);
#1655=LINE('',#9951,#2041);
#1656=LINE('',#9954,#2042);
#1657=LINE('',#9971,#2043);
#1658=LINE('',#9999,#2044);
#1659=LINE('',#10026,#2045);
#1660=LINE('',#10053,#2046);
#1661=LINE('',#10074,#2047);
#1662=LINE('',#10078,#2048);
#1663=LINE('',#10080,#2049);
#1664=LINE('',#10083,#2050);
#1665=LINE('',#10087,#2051);
#1666=LINE('',#10207,#2052);
#1667=LINE('',#10270,#2053);
#1668=LINE('',#10273,#2054);
#1669=LINE('',#10279,#2055);
#1670=LINE('',#10283,#2056);
#1671=LINE('',#10456,#2057);
#1672=LINE('',#10494,#2058);
#1673=LINE('',#10559,#2059);
#1674=LINE('',#10788,#2060);
#1675=LINE('',#10790,#2061);
#1676=LINE('',#11039,#2062);
#1677=LINE('',#11040,#2063);
#1678=LINE('',#11108,#2064);
#1679=LINE('',#11118,#2065);
#1680=LINE('',#11120,#2066);
#1681=LINE('',#11121,#2067);
#1682=LINE('',#11201,#2068);
#1683=LINE('',#11320,#2069);
#1684=LINE('',#11321,#2070);
#1685=LINE('',#11493,#2071);
#1686=LINE('',#11494,#2072);
#1687=LINE('',#11561,#2073);
#1688=LINE('',#11564,#2074);
#1689=LINE('',#11565,#2075);
#1690=LINE('',#11605,#2076);
#1691=LINE('',#11607,#2077);
#1692=LINE('',#11625,#2078);
#1693=LINE('',#11627,#2079);
#1694=LINE('',#11938,#2080);
#1695=LINE('',#11940,#2081);
#1696=LINE('',#12246,#2082);
#1697=LINE('',#12248,#2083);
#1698=LINE('',#12249,#2084);
#1699=LINE('',#12252,#2085);
#1700=LINE('',#12253,#2086);
#1701=LINE('',#12254,#2087);
#1702=LINE('',#12260,#2088);
#1703=LINE('',#12263,#2089);
#1704=LINE('',#12304,#2090);
#1705=LINE('',#12310,#2091);
#1706=LINE('',#12343,#2092);
#1707=LINE('',#12362,#2093);
#1708=LINE('',#12397,#2094);
#1709=LINE('',#12409,#2095);
#1710=LINE('',#12415,#2096);
#1711=LINE('',#12457,#2097);
#1712=LINE('',#12460,#2098);
#1713=LINE('',#12461,#2099);
#1714=LINE('',#12480,#2100);
#1715=LINE('',#12487,#2101);
#1716=LINE('',#12547,#2102);
#1717=LINE('',#12556,#2103);
#1718=LINE('',#12563,#2104);
#1719=LINE('',#12569,#2105);
#1720=LINE('',#12574,#2106);
#1721=LINE('',#12576,#2107);
#1722=LINE('',#12578,#2108);
#1723=LINE('',#12579,#2109);
#1724=LINE('',#12582,#2110);
#1725=LINE('',#12584,#2111);
#1726=LINE('',#12586,#2112);
#1727=LINE('',#12590,#2113);
#1728=LINE('',#12592,#2114);
#1729=LINE('',#12593,#2115);
#1730=LINE('',#12600,#2116);
#1731=LINE('',#12602,#2117);
#1732=LINE('',#12606,#2118);
#1733=LINE('',#12608,#2119);
#1734=LINE('',#12612,#2120);
#1735=LINE('',#12616,#2121);
#1736=LINE('',#12620,#2122);
#1737=LINE('',#12624,#2123);
#1738=LINE('',#12627,#2124);
#1739=LINE('',#12636,#2125);
#1740=LINE('',#12638,#2126);
#1741=LINE('',#12640,#2127);
#1742=LINE('',#12641,#2128);
#1743=LINE('',#12644,#2129);
#1744=LINE('',#12646,#2130);
#1745=LINE('',#12648,#2131);
#1746=LINE('',#12650,#2132);
#1747=LINE('',#12651,#2133);
#1748=LINE('',#12654,#2134);
#1749=LINE('',#12656,#2135);
#1750=LINE('',#12657,#2136);
#1751=LINE('',#12663,#2137);
#1752=LINE('',#12666,#2138);
#1753=LINE('',#12669,#2139);
#1754=LINE('',#12671,#2140);
#1755=LINE('',#12673,#2141);
#1756=LINE('',#12675,#2142);
#1757=LINE('',#12676,#2143);
#1758=LINE('',#12680,#2144);
#1759=LINE('',#12685,#2145);
#1760=LINE('',#12687,#2146);
#1761=LINE('',#12688,#2147);
#1762=LINE('',#12692,#2148);
#1763=LINE('',#12694,#2149);
#1764=LINE('',#12695,#2150);
#1765=LINE('',#12698,#2151);
#1766=LINE('',#12700,#2152);
#1767=LINE('',#12701,#2153);
#1768=LINE('',#12704,#2154);
#1769=LINE('',#12706,#2155);
#1770=LINE('',#12708,#2156);
#1771=LINE('',#12710,#2157);
#1772=LINE('',#12711,#2158);
#1773=LINE('',#12773,#2159);
#1774=LINE('',#12775,#2160);
#1775=LINE('',#12808,#2161);
#1776=LINE('',#12810,#2162);
#1777=LINE('',#12812,#2163);
#1778=LINE('',#12825,#2164);
#1779=LINE('',#12845,#2165);
#1780=LINE('',#12864,#2166);
#1781=LINE('',#12867,#2167);
#1782=LINE('',#12890,#2168);
#1783=LINE('',#12892,#2169);
#1784=LINE('',#12893,#2170);
#1785=LINE('',#12895,#2171);
#1786=LINE('',#12897,#2172);
#1787=LINE('',#12903,#2173);
#1788=LINE('',#12905,#2174);
#1789=LINE('',#12907,#2175);
#1790=LINE('',#12908,#2176);
#1791=LINE('',#12912,#2177);
#1792=LINE('',#12913,#2178);
#1793=LINE('',#12914,#2179);
#1794=LINE('',#12922,#2180);
#1795=LINE('',#12926,#2181);
#1796=LINE('',#12930,#2182);
#1797=LINE('',#12932,#2183);
#1798=LINE('',#12934,#2184);
#1799=LINE('',#12936,#2185);
#1800=LINE('',#12938,#2186);
#1801=LINE('',#12940,#2187);
#1802=LINE('',#12941,#2188);
#1803=LINE('',#12956,#2189);
#1804=LINE('',#12959,#2190);
#1805=LINE('',#12963,#2191);
#1806=LINE('',#12965,#2192);
#1807=LINE('',#12966,#2193);
#1808=LINE('',#12969,#2194);
#1809=LINE('',#12970,#2195);
#1810=LINE('',#12973,#2196);
#1811=LINE('',#12975,#2197);
#1812=LINE('',#12976,#2198);
#1813=LINE('',#12978,#2199);
#1814=LINE('',#12980,#2200);
#1815=LINE('',#12983,#2201);
#1816=LINE('',#12987,#2202);
#1817=LINE('',#12991,#2203);
#1818=LINE('',#12995,#2204);
#1819=LINE('',#12996,#2205);
#1820=LINE('',#12998,#2206);
#1821=LINE('',#13007,#2207);
#1822=LINE('',#13009,#2208);
#1823=LINE('',#13011,#2209);
#1824=LINE('',#13012,#2210);
#1825=LINE('',#13015,#2211);
#1826=LINE('',#13017,#2212);
#1827=LINE('',#13018,#2213);
#1828=LINE('',#13021,#2214);
#1829=LINE('',#13023,#2215);
#1830=LINE('',#13025,#2216);
#1831=LINE('',#13026,#2217);
#1832=LINE('',#13031,#2218);
#1833=LINE('',#13035,#2219);
#1834=LINE('',#13037,#2220);
#1835=LINE('',#13039,#2221);
#1836=LINE('',#13040,#2222);
#1837=LINE('',#13043,#2223);
#1838=LINE('',#13045,#2224);
#1839=LINE('',#13046,#2225);
#1840=LINE('',#13049,#2226);
#1841=LINE('',#13051,#2227);
#1842=LINE('',#13052,#2228);
#1843=LINE('',#13054,#2229);
#1844=LINE('',#13055,#2230);
#1845=LINE('',#13061,#2231);
#1846=LINE('',#13068,#2232);
#1847=LINE('',#13075,#2233);
#1848=LINE('',#13082,#2234);
#1849=LINE('',#13094,#2235);
#1850=LINE('',#13100,#2236);
#1851=LINE('',#13102,#2237);
#1852=LINE('',#13104,#2238);
#1853=LINE('',#13105,#2239);
#1854=LINE('',#13108,#2240);
#1855=LINE('',#13110,#2241);
#1856=LINE('',#13111,#2242);
#1857=LINE('',#13114,#2243);
#1858=LINE('',#13116,#2244);
#1859=LINE('',#13117,#2245);
#1860=LINE('',#13121,#2246);
#1861=LINE('',#13123,#2247);
#1862=LINE('',#13125,#2248);
#1863=LINE('',#13126,#2249);
#1864=LINE('',#13129,#2250);
#1865=LINE('',#13131,#2251);
#1866=LINE('',#13132,#2252);
#1867=LINE('',#13135,#2253);
#1868=LINE('',#13137,#2254);
#1869=LINE('',#13138,#2255);
#1870=LINE('',#13140,#2256);
#1871=LINE('',#13141,#2257);
#1872=LINE('',#13154,#2258);
#1873=LINE('',#13158,#2259);
#1874=LINE('',#13167,#2260);
#1875=LINE('',#13169,#2261);
#1876=LINE('',#13174,#2262);
#1877=LINE('',#13176,#2263);
#1878=LINE('',#13178,#2264);
#1879=LINE('',#13179,#2265);
#1880=LINE('',#13182,#2266);
#1881=LINE('',#13184,#2267);
#1882=LINE('',#13185,#2268);
#1883=LINE('',#13188,#2269);
#1884=LINE('',#13190,#2270);
#1885=LINE('',#13192,#2271);
#1886=LINE('',#13193,#2272);
#1887=LINE('',#13198,#2273);
#1888=LINE('',#13202,#2274);
#1889=LINE('',#13204,#2275);
#1890=LINE('',#13206,#2276);
#1891=LINE('',#13207,#2277);
#1892=LINE('',#13210,#2278);
#1893=LINE('',#13212,#2279);
#1894=LINE('',#13213,#2280);
#1895=LINE('',#13216,#2281);
#1896=LINE('',#13218,#2282);
#1897=LINE('',#13219,#2283);
#1898=LINE('',#13221,#2284);
#1899=LINE('',#13222,#2285);
#1900=LINE('',#13239,#2286);
#1901=LINE('',#13242,#2287);
#1902=LINE('',#13247,#2288);
#1903=LINE('',#13254,#2289);
#1904=LINE('',#13257,#2290);
#1905=LINE('',#13261,#2291);
#1906=LINE('',#13263,#2292);
#1907=LINE('',#13265,#2293);
#1908=LINE('',#13266,#2294);
#1909=LINE('',#13269,#2295);
#1910=LINE('',#13271,#2296);
#1911=LINE('',#13272,#2297);
#1912=LINE('',#13275,#2298);
#1913=LINE('',#13276,#2299);
#1914=LINE('',#13277,#2300);
#1915=LINE('',#13281,#2301);
#1916=LINE('',#13282,#2302);
#1917=LINE('',#13284,#2303);
#1918=LINE('',#13285,#2304);
#1919=LINE('',#13288,#2305);
#1920=LINE('',#13290,#2306);
#1921=LINE('',#13291,#2307);
#1922=LINE('',#13294,#2308);
#1923=LINE('',#13296,#2309);
#1924=LINE('',#13297,#2310);
#1925=LINE('',#13299,#2311);
#1926=LINE('',#13300,#2312);
#1927=LINE('',#13309,#2313);
#1928=LINE('',#13316,#2314);
#1929=LINE('',#13323,#2315);
#1930=LINE('',#13330,#2316);
#1931=LINE('',#13340,#2317);
#1932=LINE('',#13346,#2318);
#1933=LINE('',#13359,#2319);
#1934=LINE('',#13364,#2320);
#1935=LINE('',#13369,#2321);
#1936=LINE('',#13374,#2322);
#1937=LINE('',#13380,#2323);
#1938=LINE('',#13384,#2324);
#1939=VECTOR('',#7052,6.7);
#1940=VECTOR('',#7057,6.7);
#1941=VECTOR('',#7066,7.);
#1942=VECTOR('',#7081,8.);
#1943=VECTOR('',#7096,7.);
#1944=VECTOR('',#7105,6.7);
#1945=VECTOR('',#7110,6.4);
#1946=VECTOR('',#7119,5.20290790050683);
#1947=VECTOR('',#7128,6.7);
#1948=VECTOR('',#7133,6.7);
#1949=VECTOR('',#7144,6.7);
#1950=VECTOR('',#7153,6.35857864376269);
#1951=VECTOR('',#7160,5.20290790050684);
#1952=VECTOR('',#7171,4.);
#1953=VECTOR('',#7182,5.15);
#1954=VECTOR('',#7191,5.3);
#1955=VECTOR('',#7202,5.3);
#1956=VECTOR('',#7211,5.15);
#1957=VECTOR('',#7236,1.6);
#1958=VECTOR('',#7243,1.6);
#1959=VECTOR('',#7248,10.);
#1960=VECTOR('',#7249,10.);
#1961=VECTOR('',#7250,10.);
#1962=VECTOR('',#7251,10.);
#1963=VECTOR('',#7254,10.);
#1964=VECTOR('',#7255,10.);
#1965=VECTOR('',#7256,10.);
#1966=VECTOR('',#7259,10.);
#1967=VECTOR('',#7260,10.);
#1968=VECTOR('',#7261,10.);
#1969=VECTOR('',#7268,10.);
#1970=VECTOR('',#7269,10.);
#1971=VECTOR('',#7274,10.);
#1972=VECTOR('',#7275,10.);
#1973=VECTOR('',#7278,10.);
#1974=VECTOR('',#7281,10.);
#1975=VECTOR('',#7284,10.);
#1976=VECTOR('',#7287,10.);
#1977=VECTOR('',#7290,10.);
#1978=VECTOR('',#7301,10.);
#1979=VECTOR('',#7304,10.);
#1980=VECTOR('',#7305,10.);
#1981=VECTOR('',#7306,10.);
#1982=VECTOR('',#7307,10.);
#1983=VECTOR('',#7310,10.);
#1984=VECTOR('',#7311,10.);
#1985=VECTOR('',#7312,10.);
#1986=VECTOR('',#7313,10.);
#1987=VECTOR('',#7316,10.);
#1988=VECTOR('',#7317,10.);
#1989=VECTOR('',#7318,10.);
#1990=VECTOR('',#7321,10.);
#1991=VECTOR('',#7322,10.);
#1992=VECTOR('',#7323,10.);
#1993=VECTOR('',#7324,10.);
#1994=VECTOR('',#7325,10.);
#1995=VECTOR('',#7326,10.);
#1996=VECTOR('',#7333,8.00000000000001);
#1997=VECTOR('',#7336,10.);
#1998=VECTOR('',#7337,10.);
#1999=VECTOR('',#7338,10.);
#2000=VECTOR('',#7341,10.);
#2001=VECTOR('',#7342,10.);
#2002=VECTOR('',#7343,10.);
#2003=VECTOR('',#7346,10.);
#2004=VECTOR('',#7347,10.);
#2005=VECTOR('',#7348,10.);
#2006=VECTOR('',#7351,10.);
#2007=VECTOR('',#7352,10.);
#2008=VECTOR('',#7353,10.);
#2009=VECTOR('',#7354,10.);
#2010=VECTOR('',#7355,10.);
#2011=VECTOR('',#7356,10.);
#2012=VECTOR('',#7481,1.99999999999999);
#2013=VECTOR('',#7484,1.99999999999999);
#2014=VECTOR('',#7491,4.);
#2015=VECTOR('',#7504,1.6);
#2016=VECTOR('',#7513,1.6);
#2017=VECTOR('',#7528,10.);
#2018=VECTOR('',#7535,10.);
#2019=VECTOR('',#7538,10.);
#2020=VECTOR('',#7543,10.);
#2021=VECTOR('',#7550,10.);
#2022=VECTOR('',#7553,10.);
#2023=VECTOR('',#7558,10.);
#2024=VECTOR('',#7565,10.);
#2025=VECTOR('',#7568,10.);
#2026=VECTOR('',#7573,10.);
#2027=VECTOR('',#7580,10.);
#2028=VECTOR('',#7593,10.);
#2029=VECTOR('',#7596,10.);
#2030=VECTOR('',#7601,10.);
#2031=VECTOR('',#7610,10.);
#2032=VECTOR('',#7617,10.);
#2033=VECTOR('',#7624,10.);
#2034=VECTOR('',#7631,10.);
#2035=VECTOR('',#7638,10.);
#2036=VECTOR('',#7645,10.);
#2037=VECTOR('',#7662,10.);
#2038=VECTOR('',#7663,10.);
#2039=VECTOR('',#7664,10.);
#2040=VECTOR('',#7667,10.);
#2041=VECTOR('',#7668,10.);
#2042=VECTOR('',#7671,10.);
#2043=VECTOR('',#7674,10.);
#2044=VECTOR('',#7681,10.);
#2045=VECTOR('',#7686,10.);
#2046=VECTOR('',#7691,10.);
#2047=VECTOR('',#7698,10.);
#2048=VECTOR('',#7701,10.);
#2049=VECTOR('',#7702,10.);
#2050=VECTOR('',#7705,10.);
#2051=VECTOR('',#7708,10.);
#2052=VECTOR('',#7711,10.);
#2053=VECTOR('',#7718,10.);
#2054=VECTOR('',#7721,10.);
#2055=VECTOR('',#7728,10.);
#2056=VECTOR('',#7731,10.);
#2057=VECTOR('',#7740,10.);
#2058=VECTOR('',#7743,1.);
#2059=VECTOR('',#7746,1.);
#2060=VECTOR('',#7751,10.);
#2061=VECTOR('',#7752,10.);
#2062=VECTOR('',#7777,10.);
#2063=VECTOR('',#7778,10.);
#2064=VECTOR('',#7779,10.);
#2065=VECTOR('',#7782,10.);
#2066=VECTOR('',#7783,10.);
#2067=VECTOR('',#7784,10.);
#2068=VECTOR('',#7793,10.);
#2069=VECTOR('',#7818,10.);
#2070=VECTOR('',#7819,10.);
#2071=VECTOR('',#7862,10.);
#2072=VECTOR('',#7863,10.);
#2073=VECTOR('',#7864,10.);
#2074=VECTOR('',#7867,10.);
#2075=VECTOR('',#7868,10.);
#2076=VECTOR('',#7873,10.);
#2077=VECTOR('',#7874,10.);
#2078=VECTOR('',#7877,10.);
#2079=VECTOR('',#7878,10.);
#2080=VECTOR('',#7893,10.);
#2081=VECTOR('',#7894,10.);
#2082=VECTOR('',#7915,10.);
#2083=VECTOR('',#7916,10.);
#2084=VECTOR('',#7917,10.);
#2085=VECTOR('',#7920,10.);
#2086=VECTOR('',#7921,10.);
#2087=VECTOR('',#7922,10.);
#2088=VECTOR('',#7927,10.);
#2089=VECTOR('',#7930,10.);
#2090=VECTOR('',#7931,10.);
#2091=VECTOR('',#7938,8.);
#2092=VECTOR('',#7943,10.);
#2093=VECTOR('',#7954,8.);
#2094=VECTOR('',#7959,10.);
#2095=VECTOR('',#7960,10.);
#2096=VECTOR('',#7967,10.);
#2097=VECTOR('',#7968,10.);
#2098=VECTOR('',#7973,10.);
#2099=VECTOR('',#7974,10.);
#2100=VECTOR('',#7985,4.);
#2101=VECTOR('',#7986,10.);
#2102=VECTOR('',#8001,4.00000000000002);
#2103=VECTOR('',#8014,4.00000000000002);
#2104=VECTOR('',#8023,1.6);
#2105=VECTOR('',#8030,1.6);
#2106=VECTOR('',#8035,10.);
#2107=VECTOR('',#8036,10.);
#2108=VECTOR('',#8037,10.);
#2109=VECTOR('',#8038,10.);
#2110=VECTOR('',#8041,10.);
#2111=VECTOR('',#8042,10.);
#2112=VECTOR('',#8043,10.);
#2113=VECTOR('',#8046,10.);
#2114=VECTOR('',#8047,10.);
#2115=VECTOR('',#8048,10.);
#2116=VECTOR('',#8055,10.);
#2117=VECTOR('',#8056,10.);
#2118=VECTOR('',#8061,10.);
#2119=VECTOR('',#8062,10.);
#2120=VECTOR('',#8065,10.);
#2121=VECTOR('',#8068,10.);
#2122=VECTOR('',#8071,10.);
#2123=VECTOR('',#8074,10.);
#2124=VECTOR('',#8077,10.);
#2125=VECTOR('',#8086,10.);
#2126=VECTOR('',#8087,10.);
#2127=VECTOR('',#8088,10.);
#2128=VECTOR('',#8089,10.);
#2129=VECTOR('',#8092,10.);
#2130=VECTOR('',#8093,10.);
#2131=VECTOR('',#8094,10.);
#2132=VECTOR('',#8095,10.);
#2133=VECTOR('',#8096,10.);
#2134=VECTOR('',#8099,10.);
#2135=VECTOR('',#8100,10.);
#2136=VECTOR('',#8101,10.);
#2137=VECTOR('',#8106,10.);
#2138=VECTOR('',#8109,10.);
#2139=VECTOR('',#8112,10.);
#2140=VECTOR('',#8113,10.);
#2141=VECTOR('',#8114,10.);
#2142=VECTOR('',#8115,10.);
#2143=VECTOR('',#8116,10.);
#2144=VECTOR('',#8121,8.00000000000001);
#2145=VECTOR('',#8126,10.);
#2146=VECTOR('',#8127,10.);
#2147=VECTOR('',#8128,10.);
#2148=VECTOR('',#8131,10.);
#2149=VECTOR('',#8132,10.);
#2150=VECTOR('',#8133,10.);
#2151=VECTOR('',#8136,10.);
#2152=VECTOR('',#8137,10.);
#2153=VECTOR('',#8138,10.);
#2154=VECTOR('',#8141,10.);
#2155=VECTOR('',#8142,10.);
#2156=VECTOR('',#8143,10.);
#2157=VECTOR('',#8144,10.);
#2158=VECTOR('',#8145,10.);
#2159=VECTOR('',#8268,1.99999999999999);
#2160=VECTOR('',#8271,1.99999999999999);
#2161=VECTOR('',#8286,10.);
#2162=VECTOR('',#8287,10.);
#2163=VECTOR('',#8288,10.);
#2164=VECTOR('',#8289,10.);
#2165=VECTOR('',#8290,10.);
#2166=VECTOR('',#8301,10.);
#2167=VECTOR('',#8304,10.);
#2168=VECTOR('',#8311,10.);
#2169=VECTOR('',#8312,10.);
#2170=VECTOR('',#8313,10.);
#2171=VECTOR('',#8316,10.);
#2172=VECTOR('',#8319,10.);
#2173=VECTOR('',#8326,10.);
#2174=VECTOR('',#8327,10.);
#2175=VECTOR('',#8328,10.);
#2176=VECTOR('',#8329,10.);
#2177=VECTOR('',#8332,10.);
#2178=VECTOR('',#8333,10.);
#2179=VECTOR('',#8334,10.);
#2180=VECTOR('',#8343,1.99999999999999);
#2181=VECTOR('',#8348,0.899999999999999);
#2182=VECTOR('',#8353,10.);
#2183=VECTOR('',#8354,10.);
#2184=VECTOR('',#8355,10.);
#2185=VECTOR('',#8356,10.);
#2186=VECTOR('',#8357,10.);
#2187=VECTOR('',#8358,10.);
#2188=VECTOR('',#8359,10.);
#2189=VECTOR('',#8376,2.);
#2190=VECTOR('',#8379,0.899999999999999);
#2191=VECTOR('',#8384,10.);
#2192=VECTOR('',#8385,10.);
#2193=VECTOR('',#8386,10.);
#2194=VECTOR('',#8389,10.);
#2195=VECTOR('',#8390,10.);
#2196=VECTOR('',#8393,10.);
#2197=VECTOR('',#8394,10.);
#2198=VECTOR('',#8395,10.);
#2199=VECTOR('',#8398,10.);
#2200=VECTOR('',#8401,10.);
#2201=VECTOR('',#8404,1.6);
#2202=VECTOR('',#8409,0.999999999999996);
#2203=VECTOR('',#8414,1.6);
#2204=VECTOR('',#8419,10.);
#2205=VECTOR('',#8420,10.);
#2206=VECTOR('',#8423,10.);
#2207=VECTOR('',#8436,10.);
#2208=VECTOR('',#8437,10.);
#2209=VECTOR('',#8438,10.);
#2210=VECTOR('',#8439,10.);
#2211=VECTOR('',#8442,10.);
#2212=VECTOR('',#8443,10.);
#2213=VECTOR('',#8444,10.);
#2214=VECTOR('',#8447,10.);
#2215=VECTOR('',#8448,10.);
#2216=VECTOR('',#8449,10.);
#2217=VECTOR('',#8450,10.);
#2218=VECTOR('',#8455,10.);
#2219=VECTOR('',#8460,10.);
#2220=VECTOR('',#8461,10.);
#2221=VECTOR('',#8462,10.);
#2222=VECTOR('',#8463,10.);
#2223=VECTOR('',#8466,10.);
#2224=VECTOR('',#8467,10.);
#2225=VECTOR('',#8468,10.);
#2226=VECTOR('',#8471,10.);
#2227=VECTOR('',#8472,10.);
#2228=VECTOR('',#8473,10.);
#2229=VECTOR('',#8476,10.);
#2230=VECTOR('',#8477,10.);
#2231=VECTOR('',#8484,0.999999999999996);
#2232=VECTOR('',#8493,0.999999999999996);
#2233=VECTOR('',#8502,0.999999999999996);
#2234=VECTOR('',#8511,0.999999999999996);
#2235=VECTOR('',#8530,4.);
#2236=VECTOR('',#8537,10.);
#2237=VECTOR('',#8538,10.);
#2238=VECTOR('',#8539,10.);
#2239=VECTOR('',#8540,10.);
#2240=VECTOR('',#8543,10.);
#2241=VECTOR('',#8544,10.);
#2242=VECTOR('',#8545,10.);
#2243=VECTOR('',#8548,10.);
#2244=VECTOR('',#8549,10.);
#2245=VECTOR('',#8550,10.);
#2246=VECTOR('',#8553,10.);
#2247=VECTOR('',#8554,10.);
#2248=VECTOR('',#8555,10.);
#2249=VECTOR('',#8556,10.);
#2250=VECTOR('',#8559,10.);
#2251=VECTOR('',#8560,10.);
#2252=VECTOR('',#8561,10.);
#2253=VECTOR('',#8564,10.);
#2254=VECTOR('',#8565,10.);
#2255=VECTOR('',#8566,10.);
#2256=VECTOR('',#8569,10.);
#2257=VECTOR('',#8570,10.);
#2258=VECTOR('',#8589,4.);
#2259=VECTOR('',#8594,11.);
#2260=VECTOR('',#8607,4.);
#2261=VECTOR('',#8610,11.);
#2262=VECTOR('',#8615,10.);
#2263=VECTOR('',#8616,10.);
#2264=VECTOR('',#8617,10.);
#2265=VECTOR('',#8618,10.);
#2266=VECTOR('',#8621,10.);
#2267=VECTOR('',#8622,10.);
#2268=VECTOR('',#8623,10.);
#2269=VECTOR('',#8626,10.);
#2270=VECTOR('',#8627,10.);
#2271=VECTOR('',#8628,10.);
#2272=VECTOR('',#8629,10.);
#2273=VECTOR('',#8634,10.);
#2274=VECTOR('',#8639,10.);
#2275=VECTOR('',#8640,10.);
#2276=VECTOR('',#8641,10.);
#2277=VECTOR('',#8642,10.);
#2278=VECTOR('',#8645,10.);
#2279=VECTOR('',#8646,10.);
#2280=VECTOR('',#8647,10.);
#2281=VECTOR('',#8650,10.);
#2282=VECTOR('',#8651,10.);
#2283=VECTOR('',#8652,10.);
#2284=VECTOR('',#8655,10.);
#2285=VECTOR('',#8656,10.);
#2286=VECTOR('',#8681,4.);
#2287=VECTOR('',#8686,11.);
#2288=VECTOR('',#8693,4.);
#2289=VECTOR('',#8700,10.);
#2290=VECTOR('',#8703,10.);
#2291=VECTOR('',#8706,10.);
#2292=VECTOR('',#8707,10.);
#2293=VECTOR('',#8708,10.);
#2294=VECTOR('',#8709,10.);
#2295=VECTOR('',#8712,10.);
#2296=VECTOR('',#8713,10.);
#2297=VECTOR('',#8714,10.);
#2298=VECTOR('',#8717,10.);
#2299=VECTOR('',#8718,10.);
#2300=VECTOR('',#8719,10.);
#2301=VECTOR('',#8722,10.);
#2302=VECTOR('',#8723,10.);
#2303=VECTOR('',#8724,10.);
#2304=VECTOR('',#8725,10.);
#2305=VECTOR('',#8728,10.);
#2306=VECTOR('',#8729,10.);
#2307=VECTOR('',#8730,10.);
#2308=VECTOR('',#8733,10.);
#2309=VECTOR('',#8734,10.);
#2310=VECTOR('',#8735,10.);
#2311=VECTOR('',#8738,10.);
#2312=VECTOR('',#8739,10.);
#2313=VECTOR('',#8752,0.999999999999996);
#2314=VECTOR('',#8761,0.999999999999996);
#2315=VECTOR('',#8770,0.999999999999996);
#2316=VECTOR('',#8779,0.999999999999996);
#2317=VECTOR('',#8794,4.);
#2318=VECTOR('',#8801,11.);
#2319=VECTOR('',#8816,0.999999999999996);
#2320=VECTOR('',#8823,0.999999999999996);
#2321=VECTOR('',#8830,0.999999999999996);
#2322=VECTOR('',#8837,0.999999999999996);
#2323=VECTOR('',#8846,11.);
#2324=VECTOR('',#8851,4.);
#2325=CIRCLE('',#6307,6.7);
#2326=CIRCLE('',#6308,6.7);
#2327=CIRCLE('',#6309,6.4);
#2328=CIRCLE('',#6311,6.7);
#2329=CIRCLE('',#6313,7.);
#2330=CIRCLE('',#6315,7.);
#2331=CIRCLE('',#6317,7.8);
#2332=CIRCLE('',#6319,0.2);
#2333=CIRCLE('',#6320,8.);
#2334=CIRCLE('',#6322,8.);
#2335=CIRCLE('',#6324,0.2);
#2336=CIRCLE('',#6325,7.8);
#2337=CIRCLE('',#6327,7.);
#2338=CIRCLE('',#6329,7.);
#2339=CIRCLE('',#6331,6.7);
#2340=CIRCLE('',#6333,6.7);
#2341=CIRCLE('',#6335,6.4);
#2342=CIRCLE('',#6337,5.20290790050684);
#2343=CIRCLE('',#6339,5.20290790050683);
#2344=CIRCLE('',#6341,6.35857864376269);
#2345=CIRCLE('',#6343,6.7);
#2346=CIRCLE('',#6345,6.7);
#2347=CIRCLE('',#6347,1.);
#2348=CIRCLE('',#6348,6.7);
#2349=CIRCLE('',#6350,6.7);
#2350=CIRCLE('',#6351,6.7);
#2351=CIRCLE('',#6353,6.35857864376269);
#2352=CIRCLE('',#6355,5.20290790050684);
#2353=CIRCLE('',#6357,5.20290790050684);
#2354=CIRCLE('',#6361,4.);
#2355=CIRCLE('',#6362,4.);
#2356=CIRCLE('',#6364,5.15);
#2357=CIRCLE('',#6366,5.15);
#2358=CIRCLE('',#6368,5.3);
#2359=CIRCLE('',#6370,5.3);
#2360=CIRCLE('',#6372,5.3);
#2361=CIRCLE('',#6373,1.);
#2362=CIRCLE('',#6375,5.3);
#2363=CIRCLE('',#6377,5.15);
#2364=CIRCLE('',#6379,5.15);
#2365=CIRCLE('',#6391,1.6);
#2366=CIRCLE('',#6392,1.6);
#2367=CIRCLE('',#6394,1.6);
#2368=CIRCLE('',#6395,1.6);
#2369=CIRCLE('',#6398,9.);
#2370=CIRCLE('',#6399,1.99999999999999);
#2371=CIRCLE('',#6400,1.99999999999999);
#2372=CIRCLE('',#6402,2.);
#2373=CIRCLE('',#6404,2.);
#2374=CIRCLE('',#6405,2.);
#2375=CIRCLE('',#6406,9.);
#2376=CIRCLE('',#6407,2.);
#2377=CIRCLE('',#6408,2.);
#2378=CIRCLE('',#6409,8.00000000000001);
#2379=CIRCLE('',#6410,1.99999999999999);
#2380=CIRCLE('',#6411,1.99999999999999);
#2381=CIRCLE('',#6413,2.);
#2382=CIRCLE('',#6419,8.00000000000001);
#2383=CIRCLE('',#6426,11.);
#2384=CIRCLE('',#6427,11.);
#2385=CIRCLE('',#6429,2.);
#2386=CIRCLE('',#6431,2.);
#2387=CIRCLE('',#6433,2.);
#2388=CIRCLE('',#6434,2.);
#2389=CIRCLE('',#6436,2.);
#2390=CIRCLE('',#6438,2.);
#2391=CIRCLE('',#6439,2.);
#2392=CIRCLE('',#6441,2.);
#2393=CIRCLE('',#6443,1.99999999999999);
#2394=CIRCLE('',#6445,2.);
#2395=CIRCLE('',#6446,1.99999999999999);
#2396=CIRCLE('',#6448,2.);
#2397=CIRCLE('',#6449,1.99999999999999);
#2398=CIRCLE('',#6451,2.);
#2399=CIRCLE('',#6452,1.99999999999999);
#2400=CIRCLE('',#6454,2.00000000000001);
#2401=CIRCLE('',#6457,2.00000000000001);
#2402=CIRCLE('',#6461,2.00000000000001);
#2403=CIRCLE('',#6463,2.);
#2404=CIRCLE('',#6464,2.00000000000001);
#2405=CIRCLE('',#6466,2.00000000000001);
#2406=CIRCLE('',#6467,2.00000000000001);
#2407=CIRCLE('',#6470,1.99999999999999);
#2408=CIRCLE('',#6472,1.99999999999999);
#2409=CIRCLE('',#6474,2.);
#2410=CIRCLE('',#6475,2.);
#2411=CIRCLE('',#6481,2.);
#2412=CIRCLE('',#6482,1.99999999999999);
#2413=CIRCLE('',#6490,4.);
#2414=CIRCLE('',#6491,4.);
#2415=CIRCLE('',#6496,1.6);
#2416=CIRCLE('',#6497,1.6);
#2417=CIRCLE('',#6500,1.6);
#2418=CIRCLE('',#6501,1.6);
#2419=CIRCLE('',#6504,23.0000001919131);
#2420=CIRCLE('',#6505,23.0000001919131);
#2421=CIRCLE('',#6507,18.);
#2422=CIRCLE('',#6508,18.);
#2423=CIRCLE('',#6510,2.);
#2424=CIRCLE('',#6511,2.);
#2425=CIRCLE('',#6513,23.0000001919131);
#2426=CIRCLE('',#6514,23.0000001919131);
#2427=CIRCLE('',#6516,2.);
#2428=CIRCLE('',#6517,2.);
#2429=CIRCLE('',#6519,18.);
#2430=CIRCLE('',#6520,18.);
#2431=CIRCLE('',#6522,2.);
#2432=CIRCLE('',#6523,2.);
#2433=CIRCLE('',#6525,18.);
#2434=CIRCLE('',#6526,18.);
#2435=CIRCLE('',#6528,18.);
#2436=CIRCLE('',#6529,18.);
#2437=CIRCLE('',#6531,23.000000360836);
#2438=CIRCLE('',#6532,23.000000360836);
#2439=CIRCLE('',#6534,2.);
#2440=CIRCLE('',#6535,2.);
#2441=CIRCLE('',#6537,23.000000360836);
#2442=CIRCLE('',#6538,23.000000360836);
#2443=CIRCLE('',#6540,2.);
#2444=CIRCLE('',#6541,2.);
#2445=CIRCLE('',#6543,2.);
#2446=CIRCLE('',#6544,2.);
#2447=CIRCLE('',#6546,2.);
#2448=CIRCLE('',#6547,2.);
#2449=CIRCLE('',#6549,2.);
#2450=CIRCLE('',#6550,2.);
#2451=CIRCLE('',#6552,2.);
#2452=CIRCLE('',#6553,2.);
#2453=CIRCLE('',#6555,2.);
#2454=CIRCLE('',#6556,2.);
#2455=CIRCLE('',#6559,11.);
#2456=CIRCLE('',#6564,11.);
#2457=CIRCLE('',#6583,11.);
#2458=CIRCLE('',#6584,11.);
#2459=CIRCLE('',#6585,11.);
#2460=CIRCLE('',#6586,11.);
#2461=CIRCLE('',#6587,11.);
#2462=CIRCLE('',#6588,11.);
#2463=CIRCLE('',#6589,11.);
#2464=CIRCLE('',#6590,11.);
#2465=CIRCLE('',#6596,1.);
#2466=CIRCLE('',#6598,4.);
#2467=CIRCLE('',#6599,32.5000004286587);
#2468=CIRCLE('',#6600,0.999999999999996);
#2469=CIRCLE('',#6601,2.00000000000014);
#2470=CIRCLE('',#6603,2.00000000000015);
#2471=CIRCLE('',#6604,30.5000004286587);
#2472=CIRCLE('',#6605,4.);
#2473=CIRCLE('',#6606,2.);
#2474=CIRCLE('',#6607,2.);
#2475=CIRCLE('',#6609,2.00000000000001);
#2476=CIRCLE('',#6612,2.);
#2477=CIRCLE('',#6614,2.);
#2478=CIRCLE('',#6615,2.00000000000003);
#2479=CIRCLE('',#6616,2.);
#2480=CIRCLE('',#6617,4.);
#2481=CIRCLE('',#6618,4.);
#2482=CIRCLE('',#6620,32.5000004286587);
#2483=CIRCLE('',#6621,2.);
#2484=CIRCLE('',#6622,30.5000004286587);
#2485=CIRCLE('',#6624,2.);
#2486=CIRCLE('',#6626,2.);
#2487=CIRCLE('',#6627,1.99999999999989);
#2488=CIRCLE('',#6628,2.00000000000001);
#2489=CIRCLE('',#6629,4.00000000000001);
#2490=CIRCLE('',#6630,4.00000000000001);
#2491=CIRCLE('',#6632,32.5000004286587);
#2492=CIRCLE('',#6633,1.99999999999992);
#2493=CIRCLE('',#6634,30.5000004286587);
#2494=CIRCLE('',#6637,2.00000000001006);
#2495=CIRCLE('',#6639,32.5000004286587);
#2496=CIRCLE('',#6640,1.99999999999999);
#2497=CIRCLE('',#6641,30.5000004286587);
#2498=CIRCLE('',#6642,4.00000000000001);
#2499=CIRCLE('',#6643,4.00000000000001);
#2500=CIRCLE('',#6644,1.99999999999999);
#2501=CIRCLE('',#6645,2.00000000000001);
#2502=CIRCLE('',#6647,2.);
#2503=CIRCLE('',#6652,1.);
#2504=CIRCLE('',#6656,1.);
#2505=CIRCLE('',#6659,0.999999999999996);
#2506=CIRCLE('',#6663,0.999999999999996);
#2507=CIRCLE('',#6671,11.);
#2508=CIRCLE('',#6672,11.);
#2509=CIRCLE('',#6674,8.);
#2510=CIRCLE('',#6675,8.);
#2511=CIRCLE('',#6676,8.);
#2512=CIRCLE('',#6677,8.);
#2513=CIRCLE('',#6681,8.);
#2514=CIRCLE('',#6682,8.);
#2515=CIRCLE('',#6683,8.);
#2516=CIRCLE('',#6684,8.);
#2517=CIRCLE('',#6686,11.);
#2518=CIRCLE('',#6687,11.);
#2519=CIRCLE('',#6692,4.);
#2520=CIRCLE('',#6694,4.);
#2521=CIRCLE('',#6699,4.00000000000002);
#2522=CIRCLE('',#6701,4.00000000000002);
#2523=CIRCLE('',#6705,4.00000000000002);
#2524=CIRCLE('',#6707,4.00000000000002);
#2525=CIRCLE('',#6711,1.6);
#2526=CIRCLE('',#6712,1.6);
#2527=CIRCLE('',#6714,1.6);
#2528=CIRCLE('',#6715,1.6);
#2529=CIRCLE('',#6718,9.);
#2530=CIRCLE('',#6719,1.99999999999999);
#2531=CIRCLE('',#6720,1.99999999999999);
#2532=CIRCLE('',#6722,2.);
#2533=CIRCLE('',#6724,2.);
#2534=CIRCLE('',#6725,2.);
#2535=CIRCLE('',#6726,9.);
#2536=CIRCLE('',#6727,2.);
#2537=CIRCLE('',#6728,2.);
#2538=CIRCLE('',#6729,1.99999999999999);
#2539=CIRCLE('',#6730,1.99999999999999);
#2540=CIRCLE('',#6731,8.00000000000001);
#2541=CIRCLE('',#6736,11.);
#2542=CIRCLE('',#6737,11.);
#2543=CIRCLE('',#6740,8.00000000000001);
#2544=CIRCLE('',#6747,2.);
#2545=CIRCLE('',#6749,2.);
#2546=CIRCLE('',#6750,2.);
#2547=CIRCLE('',#6752,2.);
#2548=CIRCLE('',#6754,2.);
#2549=CIRCLE('',#6755,2.);
#2550=CIRCLE('',#6757,2.00000000359984);
#2551=CIRCLE('',#6760,2.00000000000001);
#2552=CIRCLE('',#6764,2.);
#2553=CIRCLE('',#6765,2.00000000000001);
#2554=CIRCLE('',#6767,2.);
#2555=CIRCLE('',#6768,1.99999999999999);
#2556=CIRCLE('',#6770,1.99999999999999);
#2557=CIRCLE('',#6773,2.);
#2558=CIRCLE('',#6774,1.99999999999999);
#2559=CIRCLE('',#6778,2.00000000000001);
#2560=CIRCLE('',#6780,2.);
#2561=CIRCLE('',#6781,2.);
#2562=CIRCLE('',#6783,2.);
#2563=CIRCLE('',#6785,2.00000000000001);
#2564=CIRCLE('',#6788,2.);
#2565=CIRCLE('',#6789,1.99999999999999);
#2566=CIRCLE('',#6791,2.);
#2567=CIRCLE('',#6792,2.00000000000001);
#2568=CIRCLE('',#6795,2.);
#2569=CIRCLE('',#6796,1.99999999999999);
#2570=CIRCLE('',#6799,1.99999999999999);
#2571=CIRCLE('',#6801,2.);
#2572=CIRCLE('',#6802,2.);
#2573=CIRCLE('',#6812,18.);
#2574=CIRCLE('',#6813,20.);
#2575=CIRCLE('',#6816,18.);
#2576=CIRCLE('',#6817,20.);
#2577=CIRCLE('',#6819,19.);
#2578=CIRCLE('',#6821,19.);
#2579=CIRCLE('',#6831,1.99999999999999);
#2580=CIRCLE('',#6832,0.899999999999999);
#2581=CIRCLE('',#6834,1.99999999999999);
#2582=CIRCLE('',#6836,0.899999999999999);
#2583=CIRCLE('',#6838,1.6);
#2584=CIRCLE('',#6839,0.999999999999996);
#2585=CIRCLE('',#6840,1.6);
#2586=CIRCLE('',#6841,2.);
#2587=CIRCLE('',#6843,2.);
#2588=CIRCLE('',#6844,0.899999999999999);
#2589=CIRCLE('',#6847,0.899999999999999);
#2590=CIRCLE('',#6854,1.6);
#2591=CIRCLE('',#6856,0.999999999999996);
#2592=CIRCLE('',#6858,1.6);
#2593=CIRCLE('',#6870,11.);
#2594=CIRCLE('',#6871,11.);
#2595=CIRCLE('',#6878,0.999999999999996);
#2596=CIRCLE('',#6879,0.999999999999996);
#2597=CIRCLE('',#6882,0.999999999999996);
#2598=CIRCLE('',#6883,0.999999999999996);
#2599=CIRCLE('',#6886,0.999999999999996);
#2600=CIRCLE('',#6887,0.999999999999996);
#2601=CIRCLE('',#6890,0.999999999999996);
#2602=CIRCLE('',#6891,0.999999999999996);
#2603=CIRCLE('',#6894,11.);
#2604=CIRCLE('',#6895,4.);
#2605=CIRCLE('',#6897,11.);
#2606=CIRCLE('',#6898,4.);
#2607=CIRCLE('',#6910,11.);
#2608=CIRCLE('',#6912,11.);
#2609=CIRCLE('',#6914,7.49983529427159);
#2610=CIRCLE('',#6916,4.);
#2611=CIRCLE('',#6918,7.5);
#2612=CIRCLE('',#6920,11.);
#2613=CIRCLE('',#6921,11.);
#2614=CIRCLE('',#6923,11.);
#2615=CIRCLE('',#6924,4.);
#2616=CIRCLE('',#6932,11.);
#2617=CIRCLE('',#6933,11.);
#2618=CIRCLE('',#6939,11.);
#2619=CIRCLE('',#6942,11.);
#2620=CIRCLE('',#6943,11.);
#2621=CIRCLE('',#6944,11.);
#2622=CIRCLE('',#6946,7.49983529427159);
#2623=CIRCLE('',#6948,4.);
#2624=CIRCLE('',#6950,7.5);
#2625=CIRCLE('',#6953,4.);
#2626=CIRCLE('',#6957,11.);
#2627=CIRCLE('',#6958,11.);
#2628=CIRCLE('',#6968,11.);
#2629=CIRCLE('',#6969,11.);
#2630=CIRCLE('',#6971,0.999999999999996);
#2631=CIRCLE('',#6972,0.999999999999996);
#2632=CIRCLE('',#6975,0.999999999999996);
#2633=CIRCLE('',#6976,0.999999999999996);
#2634=CIRCLE('',#6979,0.999999999999996);
#2635=CIRCLE('',#6980,0.999999999999996);
#2636=CIRCLE('',#6983,0.999999999999996);
#2637=CIRCLE('',#6984,0.999999999999996);
#2638=CIRCLE('',#6987,4.);
#2639=CIRCLE('',#6989,4.);
#2640=CIRCLE('',#6993,11.);
#2641=CIRCLE('',#6994,11.);
#2642=CIRCLE('',#6996,0.999999999999996);
#2643=CIRCLE('',#6997,0.999999999999996);
#2644=CIRCLE('',#6998,0.999999999999996);
#2645=CIRCLE('',#6999,0.999999999999996);
#2646=CIRCLE('',#7001,0.999999999999996);
#2647=CIRCLE('',#7004,0.999999999999996);
#2648=CIRCLE('',#7007,0.999999999999996);
#2649=CIRCLE('',#7010,0.999999999999996);
#2650=CIRCLE('',#7013,7.5);
#2651=CIRCLE('',#7015,7.49983529427159);
#2652=VERTEX_POINT('',#8895);
#2653=VERTEX_POINT('',#8896);
#2654=VERTEX_POINT('',#8899);
#2655=VERTEX_POINT('',#8903);
#2656=VERTEX_POINT('',#8907);
#2657=VERTEX_POINT('',#8910);
#2658=VERTEX_POINT('',#8914);
#2659=VERTEX_POINT('',#8917);
#2660=VERTEX_POINT('',#8921);
#2661=VERTEX_POINT('',#8925);
#2662=VERTEX_POINT('',#8929);
#2663=VERTEX_POINT('',#8932);
#2664=VERTEX_POINT('',#8936);
#2665=VERTEX_POINT('',#8939);
#2666=VERTEX_POINT('',#8943);
#2667=VERTEX_POINT('',#8947);
#2668=VERTEX_POINT('',#8950);
#2669=VERTEX_POINT('',#8954);
#2670=VERTEX_POINT('',#8957);
#2671=VERTEX_POINT('',#8961);
#2672=VERTEX_POINT('',#8965);
#2673=VERTEX_POINT('',#8969);
#2674=VERTEX_POINT('',#8971);
#2675=VERTEX_POINT('',#8975);
#2676=VERTEX_POINT('',#8979);
#2677=VERTEX_POINT('',#8982);
#2678=VERTEX_POINT('',#8988);
#2679=VERTEX_POINT('',#8990);
#2680=VERTEX_POINT('',#8994);
#2681=VERTEX_POINT('',#8997);
#2682=VERTEX_POINT('',#9001);
#2683=VERTEX_POINT('',#9004);
#2684=VERTEX_POINT('',#9008);
#2685=VERTEX_POINT('',#9012);
#2686=VERTEX_POINT('',#9016);
#2687=VERTEX_POINT('',#9019);
#2688=VERTEX_POINT('',#9033);
#2689=VERTEX_POINT('',#9035);
#2690=VERTEX_POINT('',#9039);
#2691=VERTEX_POINT('',#9041);
#2692=VERTEX_POINT('',#9045);
#2693=VERTEX_POINT('',#9046);
#2694=VERTEX_POINT('',#9048);
#2695=VERTEX_POINT('',#9050);
#2696=VERTEX_POINT('',#9054);
#2697=VERTEX_POINT('',#9056);
#2698=VERTEX_POINT('',#9058);
#2699=VERTEX_POINT('',#9060);
#2700=VERTEX_POINT('',#9062);
#2701=VERTEX_POINT('',#9064);
#2702=VERTEX_POINT('',#9067);
#2703=VERTEX_POINT('',#9069);
#2704=VERTEX_POINT('',#9072);
#2705=VERTEX_POINT('',#9074);
#2706=VERTEX_POINT('',#9078);
#2707=VERTEX_POINT('',#9080);
#2708=VERTEX_POINT('',#9082);
#2709=VERTEX_POINT('',#9084);
#2710=VERTEX_POINT('',#9086);
#2711=VERTEX_POINT('',#9088);
#2712=VERTEX_POINT('',#9090);
#2713=VERTEX_POINT('',#9092);
#2714=VERTEX_POINT('',#9094);
#2715=VERTEX_POINT('',#9096);
#2716=VERTEX_POINT('',#9098);
#2717=VERTEX_POINT('',#9101);
#2718=VERTEX_POINT('',#9103);
#2719=VERTEX_POINT('',#9105);
#2720=VERTEX_POINT('',#9108);
#2721=VERTEX_POINT('',#9112);
#2722=VERTEX_POINT('',#9114);
#2723=VERTEX_POINT('',#9116);
#2724=VERTEX_POINT('',#9120);
#2725=VERTEX_POINT('',#9122);
#2726=VERTEX_POINT('',#9124);
#2727=VERTEX_POINT('',#9128);
#2728=VERTEX_POINT('',#9130);
#2729=VERTEX_POINT('',#9134);
#2730=VERTEX_POINT('',#9135);
#2731=VERTEX_POINT('',#9137);
#2732=VERTEX_POINT('',#9139);
#2733=VERTEX_POINT('',#9141);
#2734=VERTEX_POINT('',#9143);
#2735=VERTEX_POINT('',#9147);
#2736=VERTEX_POINT('',#9152);
#2737=VERTEX_POINT('',#9153);
#2738=VERTEX_POINT('',#9155);
#2739=VERTEX_POINT('',#9159);
#2740=VERTEX_POINT('',#9160);
#2741=VERTEX_POINT('',#9162);
#2742=VERTEX_POINT('',#9166);
#2743=VERTEX_POINT('',#9168);
#2744=VERTEX_POINT('',#9172);
#2745=VERTEX_POINT('',#9173);
#2746=VERTEX_POINT('',#9175);
#2747=VERTEX_POINT('',#9177);
#2748=VERTEX_POINT('',#9179);
#2749=VERTEX_POINT('',#9181);
#2750=VERTEX_POINT('',#9251);
#2751=VERTEX_POINT('',#9253);
#2752=VERTEX_POINT('',#9260);
#2753=VERTEX_POINT('',#9262);
#2754=VERTEX_POINT('',#9267);
#2755=VERTEX_POINT('',#9269);
#2756=VERTEX_POINT('',#9301);
#2757=VERTEX_POINT('',#9302);
#2758=VERTEX_POINT('',#9316);
#2759=VERTEX_POINT('',#9321);
#2760=VERTEX_POINT('',#9340);
#2761=VERTEX_POINT('',#9342);
#2762=VERTEX_POINT('',#9364);
#2763=VERTEX_POINT('',#9365);
#2764=VERTEX_POINT('',#9370);
#2765=VERTEX_POINT('',#9375);
#2766=VERTEX_POINT('',#9385);
#2767=VERTEX_POINT('',#9387);
#2768=VERTEX_POINT('',#9391);
#2769=VERTEX_POINT('',#9392);
#2770=VERTEX_POINT('',#9394);
#2771=VERTEX_POINT('',#9396);
#2772=VERTEX_POINT('',#9400);
#2773=VERTEX_POINT('',#9402);
#2774=VERTEX_POINT('',#9406);
#2775=VERTEX_POINT('',#9407);
#2776=VERTEX_POINT('',#9409);
#2777=VERTEX_POINT('',#9411);
#2778=VERTEX_POINT('',#9415);
#2779=VERTEX_POINT('',#9417);
#2780=VERTEX_POINT('',#9421);
#2781=VERTEX_POINT('',#9422);
#2782=VERTEX_POINT('',#9424);
#2783=VERTEX_POINT('',#9426);
#2784=VERTEX_POINT('',#9430);
#2785=VERTEX_POINT('',#9432);
#2786=VERTEX_POINT('',#9451);
#2787=VERTEX_POINT('',#9452);
#2788=VERTEX_POINT('',#9457);
#2789=VERTEX_POINT('',#9462);
#2790=VERTEX_POINT('',#9472);
#2791=VERTEX_POINT('',#9474);
#2792=VERTEX_POINT('',#9505);
#2793=VERTEX_POINT('',#9506);
#2794=VERTEX_POINT('',#9520);
#2795=VERTEX_POINT('',#9525);
#2796=VERTEX_POINT('',#9544);
#2797=VERTEX_POINT('',#9546);
#2798=VERTEX_POINT('',#9553);
#2799=VERTEX_POINT('',#9554);
#2800=VERTEX_POINT('',#9556);
#2801=VERTEX_POINT('',#9558);
#2802=VERTEX_POINT('',#9562);
#2803=VERTEX_POINT('',#9564);
#2804=VERTEX_POINT('',#9568);
#2805=VERTEX_POINT('',#9570);
#2806=VERTEX_POINT('',#9574);
#2807=VERTEX_POINT('',#9576);
#2808=VERTEX_POINT('',#9595);
#2809=VERTEX_POINT('',#9600);
#2810=VERTEX_POINT('',#9610);
#2811=VERTEX_POINT('',#9612);
#2812=VERTEX_POINT('',#9616);
#2813=VERTEX_POINT('',#9618);
#2814=VERTEX_POINT('',#9622);
#2815=VERTEX_POINT('',#9624);
#2816=VERTEX_POINT('',#9643);
#2817=VERTEX_POINT('',#9648);
#2818=VERTEX_POINT('',#9658);
#2819=VERTEX_POINT('',#9660);
#2820=VERTEX_POINT('',#9665);
#2821=VERTEX_POINT('',#9667);
#2822=VERTEX_POINT('',#9729);
#2823=VERTEX_POINT('',#9731);
#2824=VERTEX_POINT('',#9811);
#2825=VERTEX_POINT('',#9812);
#2826=VERTEX_POINT('',#9871);
#2827=VERTEX_POINT('',#9873);
#2828=VERTEX_POINT('',#9943);
#2829=VERTEX_POINT('',#9944);
#2830=VERTEX_POINT('',#9946);
#2831=VERTEX_POINT('',#9948);
#2832=VERTEX_POINT('',#9950);
#2833=VERTEX_POINT('',#9952);
#2834=VERTEX_POINT('',#9955);
#2835=VERTEX_POINT('',#9957);
#2836=VERTEX_POINT('',#9970);
#2837=VERTEX_POINT('',#9972);
#2838=VERTEX_POINT('',#9987);
#2839=VERTEX_POINT('',#9989);
#2840=VERTEX_POINT('',#9998);
#2841=VERTEX_POINT('',#10000);
#2842=VERTEX_POINT('',#10010);
#2843=VERTEX_POINT('',#10012);
#2844=VERTEX_POINT('',#10025);
#2845=VERTEX_POINT('',#10027);
#2846=VERTEX_POINT('',#10041);
#2847=VERTEX_POINT('',#10043);
#2848=VERTEX_POINT('',#10052);
#2849=VERTEX_POINT('',#10054);
#2850=VERTEX_POINT('',#10071);
#2851=VERTEX_POINT('',#10073);
#2852=VERTEX_POINT('',#10075);
#2853=VERTEX_POINT('',#10077);
#2854=VERTEX_POINT('',#10079);
#2855=VERTEX_POINT('',#10081);
#2856=VERTEX_POINT('',#10084);
#2857=VERTEX_POINT('',#10086);
#2858=VERTEX_POINT('',#10089);
#2859=VERTEX_POINT('',#10090);
#2860=VERTEX_POINT('',#10147);
#2861=VERTEX_POINT('',#10206);
#2862=VERTEX_POINT('',#10269);
#2863=VERTEX_POINT('',#10271);
#2864=VERTEX_POINT('',#10276);
#2865=VERTEX_POINT('',#10278);
#2866=VERTEX_POINT('',#10280);
#2867=VERTEX_POINT('',#10282);
#2868=VERTEX_POINT('',#10345);
#2869=VERTEX_POINT('',#10455);
#2870=VERTEX_POINT('',#10468);
#2871=VERTEX_POINT('',#10469);
#2872=VERTEX_POINT('',#10520);
#2873=VERTEX_POINT('',#10521);
#2874=VERTEX_POINT('',#10558);
#2875=VERTEX_POINT('',#10560);
#2876=VERTEX_POINT('',#10672);
#2877=VERTEX_POINT('',#10679);
#2878=VERTEX_POINT('',#10744);
#2879=VERTEX_POINT('',#10749);
#2880=VERTEX_POINT('',#10756);
#2881=VERTEX_POINT('',#10761);
#2882=VERTEX_POINT('',#10787);
#2883=VERTEX_POINT('',#10789);
#2884=VERTEX_POINT('',#10791);
#2885=VERTEX_POINT('',#10799);
#2886=VERTEX_POINT('',#10801);
#2887=VERTEX_POINT('',#10803);
#2888=VERTEX_POINT('',#10888);
#2889=VERTEX_POINT('',#10954);
#2890=VERTEX_POINT('',#10995);
#2891=VERTEX_POINT('',#11002);
#2892=VERTEX_POINT('',#11030);
#2893=VERTEX_POINT('',#11032);
#2894=VERTEX_POINT('',#11036);
#2895=VERTEX_POINT('',#11037);
#2896=VERTEX_POINT('',#11107);
#2897=VERTEX_POINT('',#11117);
#2898=VERTEX_POINT('',#11119);
#2899=VERTEX_POINT('',#11192);
#2900=VERTEX_POINT('',#11199);
#2901=VERTEX_POINT('',#11217);
#2902=VERTEX_POINT('',#11218);
#2903=VERTEX_POINT('',#11221);
#2904=VERTEX_POINT('',#11225);
#2905=VERTEX_POINT('',#11227);
#2906=VERTEX_POINT('',#11302);
#2907=VERTEX_POINT('',#11310);
#2908=VERTEX_POINT('',#11317);
#2909=VERTEX_POINT('',#11318);
#2910=VERTEX_POINT('',#11337);
#2911=VERTEX_POINT('',#11338);
#2912=VERTEX_POINT('',#11341);
#2913=VERTEX_POINT('',#11345);
#2914=VERTEX_POINT('',#11347);
#2915=VERTEX_POINT('',#11447);
#2916=VERTEX_POINT('',#11455);
#2917=VERTEX_POINT('',#11462);
#2918=VERTEX_POINT('',#11464);
#2919=VERTEX_POINT('',#11482);
#2920=VERTEX_POINT('',#11484);
#2921=VERTEX_POINT('',#11486);
#2922=VERTEX_POINT('',#11490);
#2923=VERTEX_POINT('',#11491);
#2924=VERTEX_POINT('',#11563);
#2925=VERTEX_POINT('',#11578);
#2926=VERTEX_POINT('',#11604);
#2927=VERTEX_POINT('',#11606);
#2928=VERTEX_POINT('',#11616);
#2929=VERTEX_POINT('',#11624);
#2930=VERTEX_POINT('',#11626);
#2931=VERTEX_POINT('',#11929);
#2932=VERTEX_POINT('',#11937);
#2933=VERTEX_POINT('',#11939);
#2934=VERTEX_POINT('',#12245);
#2935=VERTEX_POINT('',#12247);
#2936=VERTEX_POINT('',#12251);
#2937=VERTEX_POINT('',#12256);
#2938=VERTEX_POINT('',#12257);
#2939=VERTEX_POINT('',#12259);
#2940=VERTEX_POINT('',#12261);
#2941=VERTEX_POINT('',#12306);
#2942=VERTEX_POINT('',#12309);
#2943=VERTEX_POINT('',#12357);
#2944=VERTEX_POINT('',#12358);
#2945=VERTEX_POINT('',#12361);
#2946=VERTEX_POINT('',#12385);
#2947=VERTEX_POINT('',#12396);
#2948=VERTEX_POINT('',#12398);
#2949=VERTEX_POINT('',#12411);
#2950=VERTEX_POINT('',#12413);
#2951=VERTEX_POINT('',#12446);
#2952=VERTEX_POINT('',#12463);
#2953=VERTEX_POINT('',#12475);
#2954=VERTEX_POINT('',#12478);
#2955=VERTEX_POINT('',#12542);
#2956=VERTEX_POINT('',#12545);
#2957=VERTEX_POINT('',#12551);
#2958=VERTEX_POINT('',#12554);
#2959=VERTEX_POINT('',#12560);
#2960=VERTEX_POINT('',#12562);
#2961=VERTEX_POINT('',#12566);
#2962=VERTEX_POINT('',#12568);
#2963=VERTEX_POINT('',#12572);
#2964=VERTEX_POINT('',#12573);
#2965=VERTEX_POINT('',#12575);
#2966=VERTEX_POINT('',#12577);
#2967=VERTEX_POINT('',#12581);
#2968=VERTEX_POINT('',#12583);
#2969=VERTEX_POINT('',#12585);
#2970=VERTEX_POINT('',#12587);
#2971=VERTEX_POINT('',#12589);
#2972=VERTEX_POINT('',#12591);
#2973=VERTEX_POINT('',#12594);
#2974=VERTEX_POINT('',#12596);
#2975=VERTEX_POINT('',#12599);
#2976=VERTEX_POINT('',#12601);
#2977=VERTEX_POINT('',#12605);
#2978=VERTEX_POINT('',#12607);
#2979=VERTEX_POINT('',#12609);
#2980=VERTEX_POINT('',#12611);
#2981=VERTEX_POINT('',#12613);
#2982=VERTEX_POINT('',#12615);
#2983=VERTEX_POINT('',#12617);
#2984=VERTEX_POINT('',#12619);
#2985=VERTEX_POINT('',#12621);
#2986=VERTEX_POINT('',#12623);
#2987=VERTEX_POINT('',#12625);
#2988=VERTEX_POINT('',#12628);
#2989=VERTEX_POINT('',#12630);
#2990=VERTEX_POINT('',#12632);
#2991=VERTEX_POINT('',#12635);
#2992=VERTEX_POINT('',#12637);
#2993=VERTEX_POINT('',#12639);
#2994=VERTEX_POINT('',#12643);
#2995=VERTEX_POINT('',#12645);
#2996=VERTEX_POINT('',#12647);
#2997=VERTEX_POINT('',#12649);
#2998=VERTEX_POINT('',#12653);
#2999=VERTEX_POINT('',#12655);
#3000=VERTEX_POINT('',#12659);
#3001=VERTEX_POINT('',#12660);
#3002=VERTEX_POINT('',#12662);
#3003=VERTEX_POINT('',#12664);
#3004=VERTEX_POINT('',#12668);
#3005=VERTEX_POINT('',#12670);
#3006=VERTEX_POINT('',#12672);
#3007=VERTEX_POINT('',#12674);
#3008=VERTEX_POINT('',#12678);
#3009=VERTEX_POINT('',#12683);
#3010=VERTEX_POINT('',#12684);
#3011=VERTEX_POINT('',#12686);
#3012=VERTEX_POINT('',#12690);
#3013=VERTEX_POINT('',#12691);
#3014=VERTEX_POINT('',#12693);
#3015=VERTEX_POINT('',#12697);
#3016=VERTEX_POINT('',#12699);
#3017=VERTEX_POINT('',#12703);
#3018=VERTEX_POINT('',#12705);
#3019=VERTEX_POINT('',#12707);
#3020=VERTEX_POINT('',#12709);
#3021=VERTEX_POINT('',#12780);
#3022=VERTEX_POINT('',#12781);
#3023=VERTEX_POINT('',#12792);
#3024=VERTEX_POINT('',#12794);
#3025=VERTEX_POINT('',#12807);
#3026=VERTEX_POINT('',#12809);
#3027=VERTEX_POINT('',#12811);
#3028=VERTEX_POINT('',#12813);
#3029=VERTEX_POINT('',#12824);
#3030=VERTEX_POINT('',#12826);
#3031=VERTEX_POINT('',#12847);
#3032=VERTEX_POINT('',#12849);
#3033=VERTEX_POINT('',#12862);
#3034=VERTEX_POINT('',#12866);
#3035=VERTEX_POINT('',#12889);
#3036=VERTEX_POINT('',#12891);
#3037=VERTEX_POINT('',#12901);
#3038=VERTEX_POINT('',#12902);
#3039=VERTEX_POINT('',#12904);
#3040=VERTEX_POINT('',#12906);
#3041=VERTEX_POINT('',#12910);
#3042=VERTEX_POINT('',#12911);
#3043=VERTEX_POINT('',#12916);
#3044=VERTEX_POINT('',#12918);
#3045=VERTEX_POINT('',#12921);
#3046=VERTEX_POINT('',#12925);
#3047=VERTEX_POINT('',#12929);
#3048=VERTEX_POINT('',#12931);
#3049=VERTEX_POINT('',#12933);
#3050=VERTEX_POINT('',#12935);
#3051=VERTEX_POINT('',#12937);
#3052=VERTEX_POINT('',#12939);
#3053=VERTEX_POINT('',#12942);
#3054=VERTEX_POINT('',#12944);
#3055=VERTEX_POINT('',#12946);
#3056=VERTEX_POINT('',#12948);
#3057=VERTEX_POINT('',#12951);
#3058=VERTEX_POINT('',#12953);
#3059=VERTEX_POINT('',#12958);
#3060=VERTEX_POINT('',#12962);
#3061=VERTEX_POINT('',#12964);
#3062=VERTEX_POINT('',#12968);
#3063=VERTEX_POINT('',#12972);
#3064=VERTEX_POINT('',#12974);
#3065=VERTEX_POINT('',#12982);
#3066=VERTEX_POINT('',#12986);
#3067=VERTEX_POINT('',#12990);
#3068=VERTEX_POINT('',#12994);
#3069=VERTEX_POINT('',#13005);
#3070=VERTEX_POINT('',#13006);
#3071=VERTEX_POINT('',#13008);
#3072=VERTEX_POINT('',#13010);
#3073=VERTEX_POINT('',#13014);
#3074=VERTEX_POINT('',#13016);
#3075=VERTEX_POINT('',#13020);
#3076=VERTEX_POINT('',#13022);
#3077=VERTEX_POINT('',#13024);
#3078=VERTEX_POINT('',#13028);
#3079=VERTEX_POINT('',#13030);
#3080=VERTEX_POINT('',#13034);
#3081=VERTEX_POINT('',#13036);
#3082=VERTEX_POINT('',#13038);
#3083=VERTEX_POINT('',#13042);
#3084=VERTEX_POINT('',#13044);
#3085=VERTEX_POINT('',#13048);
#3086=VERTEX_POINT('',#13050);
#3087=VERTEX_POINT('',#13058);
#3088=VERTEX_POINT('',#13060);
#3089=VERTEX_POINT('',#13065);
#3090=VERTEX_POINT('',#13067);
#3091=VERTEX_POINT('',#13072);
#3092=VERTEX_POINT('',#13074);
#3093=VERTEX_POINT('',#13079);
#3094=VERTEX_POINT('',#13081);
#3095=VERTEX_POINT('',#13087);
#3096=VERTEX_POINT('',#13091);
#3097=VERTEX_POINT('',#13098);
#3098=VERTEX_POINT('',#13099);
#3099=VERTEX_POINT('',#13101);
#3100=VERTEX_POINT('',#13103);
#3101=VERTEX_POINT('',#13107);
#3102=VERTEX_POINT('',#13109);
#3103=VERTEX_POINT('',#13113);
#3104=VERTEX_POINT('',#13115);
#3105=VERTEX_POINT('',#13119);
#3106=VERTEX_POINT('',#13120);
#3107=VERTEX_POINT('',#13122);
#3108=VERTEX_POINT('',#13124);
#3109=VERTEX_POINT('',#13128);
#3110=VERTEX_POINT('',#13130);
#3111=VERTEX_POINT('',#13134);
#3112=VERTEX_POINT('',#13136);
#3113=VERTEX_POINT('',#13147);
#3114=VERTEX_POINT('',#13150);
#3115=VERTEX_POINT('',#13153);
#3116=VERTEX_POINT('',#13157);
#3117=VERTEX_POINT('',#13162);
#3118=VERTEX_POINT('',#13164);
#3119=VERTEX_POINT('',#13172);
#3120=VERTEX_POINT('',#13173);
#3121=VERTEX_POINT('',#13175);
#3122=VERTEX_POINT('',#13177);
#3123=VERTEX_POINT('',#13181);
#3124=VERTEX_POINT('',#13183);
#3125=VERTEX_POINT('',#13187);
#3126=VERTEX_POINT('',#13189);
#3127=VERTEX_POINT('',#13191);
#3128=VERTEX_POINT('',#13195);
#3129=VERTEX_POINT('',#13197);
#3130=VERTEX_POINT('',#13201);
#3131=VERTEX_POINT('',#13203);
#3132=VERTEX_POINT('',#13205);
#3133=VERTEX_POINT('',#13209);
#3134=VERTEX_POINT('',#13211);
#3135=VERTEX_POINT('',#13215);
#3136=VERTEX_POINT('',#13217);
#3137=VERTEX_POINT('',#13228);
#3138=VERTEX_POINT('',#13232);
#3139=VERTEX_POINT('',#13235);
#3140=VERTEX_POINT('',#13238);
#3141=VERTEX_POINT('',#13244);
#3142=VERTEX_POINT('',#13250);
#3143=VERTEX_POINT('',#13251);
#3144=VERTEX_POINT('',#13253);
#3145=VERTEX_POINT('',#13255);
#3146=VERTEX_POINT('',#13259);
#3147=VERTEX_POINT('',#13260);
#3148=VERTEX_POINT('',#13262);
#3149=VERTEX_POINT('',#13264);
#3150=VERTEX_POINT('',#13268);
#3151=VERTEX_POINT('',#13270);
#3152=VERTEX_POINT('',#13274);
#3153=VERTEX_POINT('',#13279);
#3154=VERTEX_POINT('',#13280);
#3155=VERTEX_POINT('',#13283);
#3156=VERTEX_POINT('',#13287);
#3157=VERTEX_POINT('',#13289);
#3158=VERTEX_POINT('',#13293);
#3159=VERTEX_POINT('',#13295);
#3160=VERTEX_POINT('',#13306);
#3161=VERTEX_POINT('',#13308);
#3162=VERTEX_POINT('',#13313);
#3163=VERTEX_POINT('',#13315);
#3164=VERTEX_POINT('',#13320);
#3165=VERTEX_POINT('',#13322);
#3166=VERTEX_POINT('',#13327);
#3167=VERTEX_POINT('',#13329);
#3168=VERTEX_POINT('',#13334);
#3169=VERTEX_POINT('',#13337);
#3170=VERTEX_POINT('',#13343);
#3171=VERTEX_POINT('',#13345);
#3172=VERTEX_POINT('',#13349);
#3173=VERTEX_POINT('',#13351);
#3174=VERTEX_POINT('',#13353);
#3175=VERTEX_POINT('',#13355);
#3176=VERTEX_POINT('',#13358);
#3177=VERTEX_POINT('',#13363);
#3178=VERTEX_POINT('',#13368);
#3179=VERTEX_POINT('',#13373);
#3180=VERTEX_POINT('',#13378);
#3181=VERTEX_POINT('',#13382);
#3182=EDGE_CURVE('',#2652,#2653,#2325,.T.);
#3183=EDGE_CURVE('',#2653,#2652,#2326,.T.);
#3184=EDGE_CURVE('',#2652,#2654,#1553,.T.);
#3185=EDGE_CURVE('',#2654,#2654,#2327,.T.);
#3186=EDGE_CURVE('',#2653,#2655,#1554,.T.);
#3187=EDGE_CURVE('',#2655,#2655,#2328,.T.);
#3188=EDGE_CURVE('',#2656,#2656,#2329,.T.);
#3189=EDGE_CURVE('',#2656,#2657,#1555,.T.);
#3190=EDGE_CURVE('',#2657,#2657,#2330,.T.);
#3191=EDGE_CURVE('',#2658,#2658,#2331,.T.);
#3192=EDGE_CURVE('',#2658,#2659,#2332,.T.);
#3193=EDGE_CURVE('',#2659,#2659,#2333,.T.);
#3194=EDGE_CURVE('',#2659,#2660,#1556,.T.);
#3195=EDGE_CURVE('',#2660,#2660,#2334,.T.);
#3196=EDGE_CURVE('',#2660,#2661,#2335,.T.);
#3197=EDGE_CURVE('',#2661,#2661,#2336,.T.);
#3198=EDGE_CURVE('',#2662,#2662,#2337,.T.);
#3199=EDGE_CURVE('',#2662,#2663,#1557,.T.);
#3200=EDGE_CURVE('',#2663,#2663,#2338,.T.);
#3201=EDGE_CURVE('',#2664,#2664,#2339,.T.);
#3202=EDGE_CURVE('',#2664,#2665,#1558,.T.);
#3203=EDGE_CURVE('',#2665,#2665,#2340,.T.);
#3204=EDGE_CURVE('',#2665,#2666,#1559,.T.);
#3205=EDGE_CURVE('',#2666,#2666,#2341,.T.);
#3206=EDGE_CURVE('',#2667,#2667,#2342,.T.);
#3207=EDGE_CURVE('',#2667,#2668,#1560,.T.);
#3208=EDGE_CURVE('',#2668,#2668,#2343,.T.);
#3209=EDGE_CURVE('',#2669,#2669,#2344,.T.);
#3210=EDGE_CURVE('',#2669,#2670,#1561,.T.);
#3211=EDGE_CURVE('',#2670,#2670,#2345,.T.);
#3212=EDGE_CURVE('',#2670,#2671,#1562,.T.);
#3213=EDGE_CURVE('',#2671,#2671,#2346,.T.);
#3214=EDGE_CURVE('',#2671,#2672,#2347,.T.);
#3215=EDGE_CURVE('',#2672,#2672,#2348,.T.);
#3216=EDGE_CURVE('',#2672,#2673,#1563,.T.);
#3217=EDGE_CURVE('',#2673,#2674,#2349,.T.);
#3218=EDGE_CURVE('',#2674,#2673,#2350,.T.);
#3219=EDGE_CURVE('',#2675,#2675,#2351,.T.);
#3220=EDGE_CURVE('',#2675,#2674,#1564,.T.);
#3221=EDGE_CURVE('',#2676,#2676,#2352,.T.);
#3222=EDGE_CURVE('',#2676,#2677,#1565,.T.);
#3223=EDGE_CURVE('',#2677,#2677,#2353,.T.);
#3224=EDGE_CURVE('',#2678,#2678,#2354,.T.);
#3225=EDGE_CURVE('',#2678,#2679,#1566,.T.);
#3226=EDGE_CURVE('',#2679,#2679,#2355,.T.);
#3227=EDGE_CURVE('',#2680,#2680,#2356,.T.);
#3228=EDGE_CURVE('',#2681,#2681,#2357,.T.);
#3229=EDGE_CURVE('',#2681,#2680,#1567,.T.);
#3230=EDGE_CURVE('',#2682,#2682,#2358,.T.);
#3231=EDGE_CURVE('',#2683,#2683,#2359,.T.);
#3232=EDGE_CURVE('',#2683,#2682,#1568,.T.);
#3233=EDGE_CURVE('',#2684,#2684,#2360,.T.);
#3234=EDGE_CURVE('',#2684,#2683,#2361,.T.);
#3235=EDGE_CURVE('',#2685,#2685,#2362,.T.);
#3236=EDGE_CURVE('',#2685,#2684,#1569,.T.);
#3237=EDGE_CURVE('',#2686,#2686,#2363,.T.);
#3238=EDGE_CURVE('',#2687,#2687,#2364,.T.);
#3239=EDGE_CURVE('',#2687,#2686,#1570,.T.);
#3240=EDGE_CURVE('',#2688,#2688,#2365,.T.);
#3241=EDGE_CURVE('',#2688,#2689,#1571,.T.);
#3242=EDGE_CURVE('',#2689,#2689,#2366,.T.);
#3243=EDGE_CURVE('',#2690,#2690,#2367,.T.);
#3244=EDGE_CURVE('',#2690,#2691,#1572,.T.);
#3245=EDGE_CURVE('',#2691,#2691,#2368,.T.);
#3246=EDGE_CURVE('',#2692,#2693,#1573,.T.);
#3247=EDGE_CURVE('',#2694,#2692,#1574,.T.);
#3248=EDGE_CURVE('',#2695,#2694,#1575,.T.);
#3249=EDGE_CURVE('',#2693,#2695,#1576,.T.);
#3250=EDGE_CURVE('',#2696,#2694,#1577,.T.);
#3251=EDGE_CURVE('',#2697,#2696,#1578,.T.);
#3252=EDGE_CURVE('',#2698,#2697,#1579,.T.);
#3253=EDGE_CURVE('',#2699,#2698,#2369,.T.);
#3254=EDGE_CURVE('',#2700,#2699,#1580,.T.);
#3255=EDGE_CURVE('',#2701,#2700,#1581,.T.);
#3256=EDGE_CURVE('',#2695,#2701,#1582,.T.);
#3257=EDGE_CURVE('',#2702,#2702,#2370,.T.);
#3258=EDGE_CURVE('',#2703,#2703,#2371,.T.);
#3259=EDGE_CURVE('',#2704,#2692,#1583,.T.);
#3260=EDGE_CURVE('',#2705,#2704,#1584,.T.);
#3261=EDGE_CURVE('',#2696,#2705,#2372,.F.);
#3262=EDGE_CURVE('',#2693,#2706,#1585,.T.);
#3263=EDGE_CURVE('',#2707,#2706,#1586,.T.);
#3264=EDGE_CURVE('',#2708,#2707,#2373,.F.);
#3265=EDGE_CURVE('',#2709,#2708,#1587,.T.);
#3266=EDGE_CURVE('',#2710,#2709,#2374,.T.);
#3267=EDGE_CURVE('',#2711,#2710,#1588,.T.);
#3268=EDGE_CURVE('',#2712,#2711,#2375,.T.);
#3269=EDGE_CURVE('',#2713,#2712,#1589,.T.);
#3270=EDGE_CURVE('',#2714,#2713,#2376,.T.);
#3271=EDGE_CURVE('',#2715,#2714,#1590,.T.);
#3272=EDGE_CURVE('',#2716,#2715,#2377,.F.);
#3273=EDGE_CURVE('',#2704,#2716,#1591,.T.);
#3274=EDGE_CURVE('',#2717,#2717,#2378,.T.);
#3275=EDGE_CURVE('',#2718,#2718,#2379,.T.);
#3276=EDGE_CURVE('',#2719,#2719,#2380,.T.);
#3277=EDGE_CURVE('',#2720,#2701,#2381,.F.);
#3278=EDGE_CURVE('',#2706,#2720,#1592,.T.);
#3279=EDGE_CURVE('',#2721,#2716,#1593,.T.);
#3280=EDGE_CURVE('',#2722,#2721,#1594,.T.);
#3281=EDGE_CURVE('',#2723,#2722,#1595,.T.);
#3282=EDGE_CURVE('',#2705,#2723,#1596,.T.);
#3283=EDGE_CURVE('',#2724,#2720,#1597,.T.);
#3284=EDGE_CURVE('',#2725,#2724,#1598,.T.);
#3285=EDGE_CURVE('',#2726,#2725,#1599,.T.);
#3286=EDGE_CURVE('',#2707,#2726,#1600,.T.);
#3287=EDGE_CURVE('',#2709,#2727,#1601,.T.);
#3288=EDGE_CURVE('',#2728,#2708,#1602,.T.);
#3289=EDGE_CURVE('',#2727,#2728,#1603,.T.);
#3290=EDGE_CURVE('',#2729,#2730,#1604,.T.);
#3291=EDGE_CURVE('',#2729,#2731,#1605,.T.);
#3292=EDGE_CURVE('',#2732,#2731,#1606,.T.);
#3293=EDGE_CURVE('',#2733,#2732,#1607,.T.);
#3294=EDGE_CURVE('',#2734,#2733,#1608,.T.);
#3295=EDGE_CURVE('',#2730,#2734,#1609,.T.);
#3296=EDGE_CURVE('',#2735,#2735,#2382,.T.);
#3297=EDGE_CURVE('',#2717,#2735,#1610,.T.);
#3298=EDGE_CURVE('',#2736,#2737,#1611,.T.);
#3299=EDGE_CURVE('',#2738,#2736,#1612,.T.);
#3300=EDGE_CURVE('',#2737,#2738,#1613,.T.);
#3301=EDGE_CURVE('',#2739,#2740,#1614,.T.);
#3302=EDGE_CURVE('',#2741,#2739,#1615,.T.);
#3303=EDGE_CURVE('',#2740,#2741,#1616,.T.);
#3304=EDGE_CURVE('',#2742,#2714,#1617,.T.);
#3305=EDGE_CURVE('',#2743,#2742,#1618,.T.);
#3306=EDGE_CURVE('',#2715,#2743,#1619,.T.);
#3307=EDGE_CURVE('',#2744,#2745,#1620,.T.);
#3308=EDGE_CURVE('',#2746,#2744,#1621,.T.);
#3309=EDGE_CURVE('',#2747,#2746,#1622,.T.);
#3310=EDGE_CURVE('',#2748,#2747,#1623,.T.);
#3311=EDGE_CURVE('',#2749,#2748,#1624,.T.);
#3312=EDGE_CURVE('',#2749,#2745,#1625,.T.);
#3313=EDGE_CURVE('',#2745,#2729,#2383,.T.);
#3314=EDGE_CURVE('',#2731,#2749,#2384,.T.);
#3315=EDGE_CURVE('',#2700,#2724,#2385,.F.);
#3316=EDGE_CURVE('',#2726,#2728,#2386,.F.);
#3317=EDGE_CURVE('',#2725,#2738,#2387,.F.);
#3318=EDGE_CURVE('',#2736,#2726,#2388,.F.);
#3319=EDGE_CURVE('',#2723,#2697,#2389,.F.);
#3320=EDGE_CURVE('',#2697,#2744,#2390,.F.);
#3321=EDGE_CURVE('',#2698,#2745,#2391,.T.);
#3322=EDGE_CURVE('',#2699,#2729,#2392,.T.);
#3323=EDGE_CURVE('',#2730,#2700,#2393,.F.);
#3324=EDGE_CURVE('',#2738,#2734,#2394,.F.);
#3325=EDGE_CURVE('',#2733,#2737,#2395,.F.);
#3326=EDGE_CURVE('',#2737,#2727,#2396,.F.);
#3327=EDGE_CURVE('',#2728,#2736,#2397,.F.);
#3328=EDGE_CURVE('',#2722,#2746,#2398,.F.);
#3329=EDGE_CURVE('',#2744,#2723,#2399,.F.);
#3330=EDGE_CURVE('',#2749,#2712,#2400,.T.);
#3331=EDGE_CURVE('',#2713,#2748,#178,.T.);
#3332=EDGE_CURVE('',#2731,#2711,#2401,.T.);
#3333=EDGE_CURVE('',#2732,#2710,#179,.T.);
#3334=EDGE_CURVE('',#2747,#2742,#2402,.F.);
#3335=EDGE_CURVE('',#2739,#2743,#2403,.F.);
#3336=EDGE_CURVE('',#2742,#2741,#2404,.F.);
#3337=EDGE_CURVE('',#2741,#2747,#2405,.F.);
#3338=EDGE_CURVE('',#2746,#2740,#2406,.F.);
#3339=EDGE_CURVE('',#2727,#2733,#2407,.F.);
#3340=EDGE_CURVE('',#2743,#2721,#2408,.F.);
#3341=EDGE_CURVE('',#2721,#2739,#2409,.F.);
#3342=EDGE_CURVE('',#2740,#2722,#2410,.F.);
#3343=EDGE_CURVE('',#2724,#2730,#2411,.F.);
#3344=EDGE_CURVE('',#2734,#2725,#2412,.F.);
#3345=EDGE_CURVE('',#2718,#2703,#1626,.T.);
#3346=EDGE_CURVE('',#2719,#2702,#1627,.T.);
#3347=EDGE_CURVE('',#2750,#2750,#2413,.T.);
#3348=EDGE_CURVE('',#2750,#2751,#1628,.T.);
#3349=EDGE_CURVE('',#2751,#2751,#2414,.T.);
#3350=EDGE_CURVE('',#2752,#2752,#2415,.T.);
#3351=EDGE_CURVE('',#2752,#2753,#1629,.T.);
#3352=EDGE_CURVE('',#2753,#2753,#2416,.T.);
#3353=EDGE_CURVE('',#2754,#2754,#2417,.T.);
#3354=EDGE_CURVE('',#2754,#2755,#1630,.T.);
#3355=EDGE_CURVE('',#2755,#2755,#2418,.T.);
#3356=EDGE_CURVE('',#2756,#2757,#44,.F.);
#3357=EDGE_CURVE('',#2757,#2758,#45,.T.);
#3358=EDGE_CURVE('',#2758,#2759,#46,.F.);
#3359=EDGE_CURVE('',#2759,#2756,#47,.T.);
#3360=EDGE_CURVE('',#2757,#2760,#2419,.T.);
#3361=EDGE_CURVE('',#2761,#2760,#48,.T.);
#3362=EDGE_CURVE('',#2761,#2758,#2420,.T.);
#3363=EDGE_CURVE('',#2762,#2763,#49,.F.);
#3364=EDGE_CURVE('',#2763,#2764,#50,.T.);
#3365=EDGE_CURVE('',#2764,#2765,#51,.F.);
#3366=EDGE_CURVE('',#2765,#2762,#52,.T.);
#3367=EDGE_CURVE('',#2763,#2766,#2421,.T.);
#3368=EDGE_CURVE('',#2767,#2766,#1631,.T.);
#3369=EDGE_CURVE('',#2764,#2767,#2422,.T.);
#3370=EDGE_CURVE('',#2768,#2769,#2423,.F.);
#3371=EDGE_CURVE('',#2769,#2770,#1632,.T.);
#3372=EDGE_CURVE('',#2770,#2771,#2424,.F.);
#3373=EDGE_CURVE('',#2771,#2768,#1633,.T.);
#3374=EDGE_CURVE('',#2769,#2772,#2425,.T.);
#3375=EDGE_CURVE('',#2773,#2772,#1634,.T.);
#3376=EDGE_CURVE('',#2770,#2773,#2426,.T.);
#3377=EDGE_CURVE('',#2774,#2775,#2427,.F.);
#3378=EDGE_CURVE('',#2775,#2776,#1635,.T.);
#3379=EDGE_CURVE('',#2776,#2777,#2428,.F.);
#3380=EDGE_CURVE('',#2777,#2774,#1636,.T.);
#3381=EDGE_CURVE('',#2775,#2778,#2429,.T.);
#3382=EDGE_CURVE('',#2779,#2778,#1637,.T.);
#3383=EDGE_CURVE('',#2779,#2776,#2430,.T.);
#3384=EDGE_CURVE('',#2780,#2781,#2431,.F.);
#3385=EDGE_CURVE('',#2781,#2782,#1638,.T.);
#3386=EDGE_CURVE('',#2782,#2783,#2432,.F.);
#3387=EDGE_CURVE('',#2783,#2780,#1639,.T.);
#3388=EDGE_CURVE('',#2781,#2784,#2433,.T.);
#3389=EDGE_CURVE('',#2785,#2784,#1640,.T.);
#3390=EDGE_CURVE('',#2785,#2782,#2434,.T.);
#3391=EDGE_CURVE('',#2786,#2787,#53,.F.);
#3392=EDGE_CURVE('',#2787,#2788,#54,.T.);
#3393=EDGE_CURVE('',#2788,#2789,#55,.F.);
#3394=EDGE_CURVE('',#2789,#2786,#56,.T.);
#3395=EDGE_CURVE('',#2790,#2787,#2435,.T.);
#3396=EDGE_CURVE('',#2791,#2790,#1641,.T.);
#3397=EDGE_CURVE('',#2791,#2788,#2436,.T.);
#3398=EDGE_CURVE('',#2792,#2793,#57,.F.);
#3399=EDGE_CURVE('',#2793,#2794,#58,.T.);
#3400=EDGE_CURVE('',#2794,#2795,#59,.F.);
#3401=EDGE_CURVE('',#2795,#2792,#60,.T.);
#3402=EDGE_CURVE('',#2793,#2796,#2437,.T.);
#3403=EDGE_CURVE('',#2797,#2796,#61,.T.);
#3404=EDGE_CURVE('',#2797,#2794,#2438,.T.);
#3405=EDGE_CURVE('',#2798,#2799,#2439,.F.);
#3406=EDGE_CURVE('',#2799,#2800,#1642,.T.);
#3407=EDGE_CURVE('',#2800,#2801,#2440,.F.);
#3408=EDGE_CURVE('',#2801,#2798,#1643,.T.);
#3409=EDGE_CURVE('',#2802,#2799,#2441,.T.);
#3410=EDGE_CURVE('',#2803,#2802,#1644,.T.);
#3411=EDGE_CURVE('',#2803,#2800,#2442,.T.);
#3412=EDGE_CURVE('',#2804,#2779,#2443,.F.);
#3413=EDGE_CURVE('',#2778,#2805,#2444,.F.);
#3414=EDGE_CURVE('',#2805,#2804,#1645,.T.);
#3415=EDGE_CURVE('',#2806,#2773,#2445,.F.);
#3416=EDGE_CURVE('',#2772,#2807,#2446,.F.);
#3417=EDGE_CURVE('',#2807,#2806,#1646,.T.);
#3418=EDGE_CURVE('',#2808,#2761,#62,.F.);
#3419=EDGE_CURVE('',#2760,#2809,#63,.F.);
#3420=EDGE_CURVE('',#2809,#2808,#64,.T.);
#3421=EDGE_CURVE('',#2810,#2767,#2447,.F.);
#3422=EDGE_CURVE('',#2766,#2811,#2448,.F.);
#3423=EDGE_CURVE('',#2811,#2810,#1647,.T.);
#3424=EDGE_CURVE('',#2812,#2785,#2449,.F.);
#3425=EDGE_CURVE('',#2784,#2813,#2450,.F.);
#3426=EDGE_CURVE('',#2813,#2812,#1648,.T.);
#3427=EDGE_CURVE('',#2814,#2803,#2451,.F.);
#3428=EDGE_CURVE('',#2802,#2815,#2452,.F.);
#3429=EDGE_CURVE('',#2815,#2814,#1649,.T.);
#3430=EDGE_CURVE('',#2816,#2797,#65,.F.);
#3431=EDGE_CURVE('',#2796,#2817,#66,.F.);
#3432=EDGE_CURVE('',#2817,#2816,#67,.T.);
#3433=EDGE_CURVE('',#2818,#2791,#2453,.F.);
#3434=EDGE_CURVE('',#2790,#2819,#2454,.F.);
#3435=EDGE_CURVE('',#2819,#2818,#1650,.T.);
#3436=EDGE_CURVE('',#2789,#2792,#180,.T.);
#3437=EDGE_CURVE('',#2820,#2818,#2455,.T.);
#3438=EDGE_CURVE('',#2821,#2820,#68,.T.);
#3439=EDGE_CURVE('',#2817,#2821,#181,.T.);
#3440=EDGE_CURVE('',#2759,#2762,#182,.T.);
#3441=EDGE_CURVE('',#2822,#2808,#183,.T.);
#3442=EDGE_CURVE('',#2823,#2822,#69,.T.);
#3443=EDGE_CURVE('',#2811,#2823,#2456,.T.);
#3444=EDGE_CURVE('',#2824,#2825,#70,.T.);
#3445=EDGE_CURVE('',#2825,#2826,#1651,.T.);
#3446=EDGE_CURVE('',#2826,#2827,#71,.T.);
#3447=EDGE_CURVE('',#2824,#2827,#1652,.T.);
#3448=EDGE_CURVE('',#2828,#2829,#1653,.T.);
#3449=EDGE_CURVE('',#2830,#2828,#184,.T.);
#3450=EDGE_CURVE('',#2831,#2830,#1654,.T.);
#3451=EDGE_CURVE('',#2832,#2831,#1655,.T.);
#3452=EDGE_CURVE('',#2833,#2832,#185,.T.);
#3453=EDGE_CURVE('',#2829,#2833,#1656,.T.);
#3454=EDGE_CURVE('',#2765,#2834,#186,.T.);
#3455=EDGE_CURVE('',#2835,#2834,#72,.F.);
#3456=EDGE_CURVE('',#2835,#2836,#1657,.T.);
#3457=EDGE_CURVE('',#2837,#2836,#73,.F.);
#3458=EDGE_CURVE('',#2837,#2774,#187,.T.);
#3459=EDGE_CURVE('',#2777,#2768,#188,.T.);
#3460=EDGE_CURVE('',#2771,#2838,#189,.T.);
#3461=EDGE_CURVE('',#2839,#2838,#74,.F.);
#3462=EDGE_CURVE('',#2840,#2839,#1658,.T.);
#3463=EDGE_CURVE('',#2841,#2840,#75,.F.);
#3464=EDGE_CURVE('',#2841,#2756,#190,.T.);
#3465=EDGE_CURVE('',#2783,#2842,#191,.T.);
#3466=EDGE_CURVE('',#2843,#2842,#76,.F.);
#3467=EDGE_CURVE('',#2844,#2843,#1659,.T.);
#3468=EDGE_CURVE('',#2845,#2844,#77,.F.);
#3469=EDGE_CURVE('',#2845,#2786,#192,.T.);
#3470=EDGE_CURVE('',#2795,#2846,#193,.T.);
#3471=EDGE_CURVE('',#2847,#2846,#78,.F.);
#3472=EDGE_CURVE('',#2847,#2848,#1660,.T.);
#3473=EDGE_CURVE('',#2849,#2848,#79,.F.);
#3474=EDGE_CURVE('',#2849,#2798,#194,.T.);
#3475=EDGE_CURVE('',#2801,#2780,#195,.T.);
#3476=EDGE_CURVE('',#2807,#2850,#196,.T.);
#3477=EDGE_CURVE('',#2850,#2851,#1661,.T.);
#3478=EDGE_CURVE('',#2852,#2851,#197,.T.);
#3479=EDGE_CURVE('',#2852,#2853,#1662,.T.);
#3480=EDGE_CURVE('',#2853,#2854,#1663,.T.);
#3481=EDGE_CURVE('',#2855,#2854,#198,.T.);
#3482=EDGE_CURVE('',#2855,#2822,#1664,.T.);
#3483=EDGE_CURVE('',#2809,#2856,#199,.T.);
#3484=EDGE_CURVE('',#2856,#2857,#1665,.T.);
#3485=EDGE_CURVE('',#2857,#2806,#200,.T.);
#3486=EDGE_CURVE('',#2858,#2859,#80,.T.);
#3487=EDGE_CURVE('',#2859,#2858,#81,.T.);
#3488=EDGE_CURVE('',#2856,#2860,#82,.T.);
#3489=EDGE_CURVE('',#2860,#2861,#1666,.T.);
#3490=EDGE_CURVE('',#2861,#2857,#83,.T.);
#3491=EDGE_CURVE('',#2805,#2861,#2457,.T.);
#3492=EDGE_CURVE('',#2860,#2810,#2458,.T.);
#3493=EDGE_CURVE('',#2862,#2823,#1667,.T.);
#3494=EDGE_CURVE('',#2863,#2862,#2459,.T.);
#3495=EDGE_CURVE('',#2863,#2820,#1668,.T.);
#3496=EDGE_CURVE('',#2819,#2824,#2460,.T.);
#3497=EDGE_CURVE('',#2827,#2812,#2461,.T.);
#3498=EDGE_CURVE('',#2813,#2864,#2462,.T.);
#3499=EDGE_CURVE('',#2864,#2865,#1669,.T.);
#3500=EDGE_CURVE('',#2866,#2865,#2463,.T.);
#3501=EDGE_CURVE('',#2867,#2866,#1670,.T.);
#3502=EDGE_CURVE('',#2867,#2804,#2464,.T.);
#3503=EDGE_CURVE('',#2850,#2867,#84,.T.);
#3504=EDGE_CURVE('',#2868,#2814,#201,.T.);
#3505=EDGE_CURVE('',#2864,#2868,#85,.T.);
#3506=EDGE_CURVE('',#2862,#2855,#11,.T.);
#3507=EDGE_CURVE('',#2868,#2869,#1671,.T.);
#3508=EDGE_CURVE('',#2865,#2869,#12,.T.);
#3509=EDGE_CURVE('',#2870,#2871,#86,.T.);
#3510=EDGE_CURVE('',#2870,#2859,#1672,.T.);
#3511=EDGE_CURVE('',#2871,#2870,#87,.T.);
#3512=EDGE_CURVE('',#2872,#2873,#88,.T.);
#3513=EDGE_CURVE('',#2873,#2872,#89,.T.);
#3514=EDGE_CURVE('',#2873,#2874,#1673,.T.);
#3515=EDGE_CURVE('',#2875,#2874,#90,.T.);
#3516=EDGE_CURVE('',#2874,#2875,#91,.T.);
#3517=EDGE_CURVE('',#2876,#2874,#92,.T.);
#3518=EDGE_CURVE('',#2877,#2876,#93,.T.);
#3519=EDGE_CURVE('',#2877,#2875,#94,.T.);
#3520=EDGE_CURVE('',#2875,#2878,#95,.T.);
#3521=EDGE_CURVE('',#2878,#2879,#2465,.T.);
#3522=EDGE_CURVE('',#2874,#2879,#96,.T.);
#3523=EDGE_CURVE('',#2871,#2880,#97,.T.);
#3524=EDGE_CURVE('',#2880,#2881,#98,.T.);
#3525=EDGE_CURVE('',#2881,#2882,#1674,.T.);
#3526=EDGE_CURVE('',#2883,#2882,#1675,.T.);
#3527=EDGE_CURVE('',#2883,#2884,#99,.T.);
#3528=EDGE_CURVE('',#2885,#2884,#2466,.T.);
#3529=EDGE_CURVE('',#2886,#2885,#2467,.T.);
#3530=EDGE_CURVE('',#2887,#2886,#100,.T.);
#3531=EDGE_CURVE('',#2887,#2871,#101,.T.);
#3532=EDGE_CURVE('',#2888,#2887,#102,.T.);
#3533=EDGE_CURVE('',#2888,#2870,#103,.T.);
#3534=EDGE_CURVE('',#2870,#2889,#104,.T.);
#3535=EDGE_CURVE('',#2889,#2880,#2468,.T.);
#3536=EDGE_CURVE('',#2840,#2887,#105,.T.);
#3537=EDGE_CURVE('',#2886,#2890,#2469,.T.);
#3538=EDGE_CURVE('',#2890,#2841,#106,.T.);
#3539=EDGE_CURVE('',#2885,#2891,#2470,.T.);
#3540=EDGE_CURVE('',#2891,#2890,#2471,.T.);
#3541=EDGE_CURVE('',#2884,#2892,#2472,.T.);
#3542=EDGE_CURVE('',#2892,#2893,#2473,.T.);
#3543=EDGE_CURVE('',#2893,#2891,#2474,.T.);
#3544=EDGE_CURVE('',#2894,#2895,#2475,.T.);
#3545=EDGE_CURVE('',#2895,#2893,#1676,.T.);
#3546=EDGE_CURVE('',#2892,#2894,#1677,.T.);
#3547=EDGE_CURVE('',#2834,#2895,#107,.T.);
#3548=EDGE_CURVE('',#2894,#2835,#108,.T.);
#3549=EDGE_CURVE('',#2894,#2896,#1678,.T.);
#3550=EDGE_CURVE('',#2836,#2896,#109,.T.);
#3551=EDGE_CURVE('',#2897,#2892,#1679,.T.);
#3552=EDGE_CURVE('',#2898,#2897,#1680,.T.);
#3553=EDGE_CURVE('',#2896,#2898,#1681,.T.);
#3554=EDGE_CURVE('',#2884,#2897,#110,.T.);
#3555=EDGE_CURVE('',#2888,#2839,#111,.T.);
#3556=EDGE_CURVE('',#2896,#2899,#2476,.T.);
#3557=EDGE_CURVE('',#2899,#2837,#112,.T.);
#3558=EDGE_CURVE('',#2898,#2900,#2477,.T.);
#3559=EDGE_CURVE('',#2900,#2899,#1682,.T.);
#3560=EDGE_CURVE('',#2901,#2902,#2478,.T.);
#3561=EDGE_CURVE('',#2902,#2900,#2479,.T.);
#3562=EDGE_CURVE('',#2898,#2903,#2480,.T.);
#3563=EDGE_CURVE('',#2903,#2901,#2481,.T.);
#3564=EDGE_CURVE('',#2901,#2904,#2482,.T.);
#3565=EDGE_CURVE('',#2904,#2905,#2483,.T.);
#3566=EDGE_CURVE('',#2905,#2902,#2484,.T.);
#3567=EDGE_CURVE('',#2838,#2905,#113,.T.);
#3568=EDGE_CURVE('',#2904,#2888,#114,.T.);
#3569=EDGE_CURVE('',#2844,#2906,#115,.T.);
#3570=EDGE_CURVE('',#2906,#2907,#2485,.T.);
#3571=EDGE_CURVE('',#2907,#2845,#116,.T.);
#3572=EDGE_CURVE('',#2908,#2909,#2486,.T.);
#3573=EDGE_CURVE('',#2909,#2907,#1683,.T.);
#3574=EDGE_CURVE('',#2906,#2908,#1684,.T.);
#3575=EDGE_CURVE('',#2910,#2911,#2487,.T.);
#3576=EDGE_CURVE('',#2911,#2909,#2488,.T.);
#3577=EDGE_CURVE('',#2908,#2912,#2489,.T.);
#3578=EDGE_CURVE('',#2912,#2910,#2490,.T.);
#3579=EDGE_CURVE('',#2910,#2913,#2491,.T.);
#3580=EDGE_CURVE('',#2913,#2914,#2492,.T.);
#3581=EDGE_CURVE('',#2914,#2911,#2493,.T.);
#3582=EDGE_CURVE('',#2846,#2914,#117,.T.);
#3583=EDGE_CURVE('',#2913,#2877,#118,.T.);
#3584=EDGE_CURVE('',#2877,#2847,#119,.T.);
#3585=EDGE_CURVE('',#2825,#2816,#202,.T.);
#3586=EDGE_CURVE('',#2848,#2876,#120,.T.);
#3587=EDGE_CURVE('',#2876,#2915,#121,.T.);
#3588=EDGE_CURVE('',#2915,#2916,#2494,.T.);
#3589=EDGE_CURVE('',#2916,#2849,#122,.T.);
#3590=EDGE_CURVE('',#2915,#2917,#2495,.T.);
#3591=EDGE_CURVE('',#2917,#2918,#2496,.T.);
#3592=EDGE_CURVE('',#2918,#2916,#2497,.T.);
#3593=EDGE_CURVE('',#2917,#2919,#2498,.T.);
#3594=EDGE_CURVE('',#2919,#2920,#2499,.T.);
#3595=EDGE_CURVE('',#2920,#2921,#2500,.T.);
#3596=EDGE_CURVE('',#2921,#2918,#2501,.T.);
#3597=EDGE_CURVE('',#2922,#2923,#2502,.T.);
#3598=EDGE_CURVE('',#2923,#2921,#1685,.T.);
#3599=EDGE_CURVE('',#2920,#2922,#1686,.T.);
#3600=EDGE_CURVE('',#2842,#2923,#123,.T.);
#3601=EDGE_CURVE('',#2922,#2843,#124,.T.);
#3602=EDGE_CURVE('',#2906,#2922,#1687,.T.);
#3603=EDGE_CURVE('',#2924,#2920,#1688,.T.);
#3604=EDGE_CURVE('',#2908,#2924,#1689,.T.);
#3605=EDGE_CURVE('',#2919,#2924,#125,.T.);
#3606=EDGE_CURVE('',#2879,#2925,#126,.T.);
#3607=EDGE_CURVE('',#2925,#2926,#1690,.T.);
#3608=EDGE_CURVE('',#2927,#2926,#1691,.T.);
#3609=EDGE_CURVE('',#2927,#2919,#127,.T.);
#3610=EDGE_CURVE('',#2928,#2912,#128,.T.);
#3611=EDGE_CURVE('',#2928,#2929,#1692,.T.);
#3612=EDGE_CURVE('',#2930,#2929,#1693,.T.);
#3613=EDGE_CURVE('',#2878,#2930,#129,.T.);
#3614=EDGE_CURVE('',#2927,#2928,#2503,.T.);
#3615=EDGE_CURVE('',#2924,#2912,#130,.T.);
#3616=EDGE_CURVE('',#2926,#2929,#203,.T.);
#3617=EDGE_CURVE('',#2930,#2925,#2504,.T.);
#3618=EDGE_CURVE('',#2931,#2903,#131,.T.);
#3619=EDGE_CURVE('',#2931,#2932,#1694,.T.);
#3620=EDGE_CURVE('',#2933,#2932,#1695,.T.);
#3621=EDGE_CURVE('',#2889,#2933,#132,.T.);
#3622=EDGE_CURVE('',#2883,#2931,#2505,.T.);
#3623=EDGE_CURVE('',#2897,#2903,#133,.T.);
#3624=EDGE_CURVE('',#2882,#2932,#204,.T.);
#3625=EDGE_CURVE('',#2933,#2881,#2506,.T.);
#3626=EDGE_CURVE('',#2815,#2826,#205,.T.);
#3627=EDGE_CURVE('',#2934,#2829,#1696,.T.);
#3628=EDGE_CURVE('',#2934,#2935,#1697,.T.);
#3629=EDGE_CURVE('',#2935,#2828,#1698,.T.);
#3630=EDGE_CURVE('',#2936,#2833,#1699,.T.);
#3631=EDGE_CURVE('',#2936,#2934,#1700,.T.);
#3632=EDGE_CURVE('',#2934,#2829,#1701,.T.);
#3633=EDGE_CURVE('',#2937,#2938,#2507,.T.);
#3634=EDGE_CURVE('',#2937,#2939,#1702,.T.);
#3635=EDGE_CURVE('',#2940,#2939,#2508,.T.);
#3636=EDGE_CURVE('',#2938,#2940,#1703,.T.);
#3637=EDGE_CURVE('',#2938,#2935,#13,.T.);
#3638=EDGE_CURVE('',#2852,#2940,#14,.T.);
#3639=EDGE_CURVE('',#2828,#2852,#1704,.T.);
#3640=EDGE_CURVE('',#2853,#2941,#2509,.T.);
#3641=EDGE_CURVE('',#2941,#2853,#2510,.T.);
#3642=EDGE_CURVE('',#2941,#2942,#1705,.T.);
#3643=EDGE_CURVE('',#2934,#2942,#2511,.T.);
#3644=EDGE_CURVE('',#2942,#2934,#2512,.T.);
#3645=EDGE_CURVE('',#2936,#2937,#15,.T.);
#3646=EDGE_CURVE('',#2854,#2833,#1706,.T.);
#3647=EDGE_CURVE('',#2939,#2854,#16,.T.);
#3648=EDGE_CURVE('',#2943,#2944,#2513,.T.);
#3649=EDGE_CURVE('',#2944,#2943,#2514,.T.);
#3650=EDGE_CURVE('',#2944,#2945,#1707,.T.);
#3651=EDGE_CURVE('',#2945,#2831,#2515,.T.);
#3652=EDGE_CURVE('',#2831,#2945,#2516,.T.);
#3653=EDGE_CURVE('',#2830,#2946,#17,.T.);
#3654=EDGE_CURVE('',#2947,#2830,#1708,.T.);
#3655=EDGE_CURVE('',#2948,#2947,#18,.T.);
#3656=EDGE_CURVE('',#2946,#2948,#1709,.T.);
#3657=EDGE_CURVE('',#2946,#2949,#2517,.T.);
#3658=EDGE_CURVE('',#2950,#2948,#2518,.T.);
#3659=EDGE_CURVE('',#2949,#2950,#1710,.T.);
#3660=EDGE_CURVE('',#2832,#2949,#19,.T.);
#3661=EDGE_CURVE('',#2951,#2950,#20,.T.);
#3662=EDGE_CURVE('',#2832,#2951,#1711,.T.);
#3663=EDGE_CURVE('',#2943,#2947,#1712,.T.);
#3664=EDGE_CURVE('',#2951,#2943,#1713,.T.);
#3665=EDGE_CURVE('',#2951,#2952,#206,.T.);
#3666=EDGE_CURVE('',#2952,#2863,#21,.T.);
#3667=EDGE_CURVE('',#2953,#2953,#2519,.T.);
#3668=EDGE_CURVE('',#2954,#2954,#2520,.T.);
#3669=EDGE_CURVE('',#2954,#2953,#1714,.T.);
#3670=EDGE_CURVE('',#2952,#2821,#1715,.T.);
#3671=EDGE_CURVE('',#2869,#2947,#207,.T.);
#3672=EDGE_CURVE('',#2851,#2866,#22,.T.);
#3673=EDGE_CURVE('',#2955,#2955,#2521,.T.);
#3674=EDGE_CURVE('',#2956,#2956,#2522,.T.);
#3675=EDGE_CURVE('',#2956,#2955,#1716,.T.);
#3676=EDGE_CURVE('',#2957,#2957,#2523,.T.);
#3677=EDGE_CURVE('',#2958,#2958,#2524,.T.);
#3678=EDGE_CURVE('',#2958,#2957,#1717,.T.);
#3679=EDGE_CURVE('',#2959,#2959,#2525,.T.);
#3680=EDGE_CURVE('',#2959,#2960,#1718,.T.);
#3681=EDGE_CURVE('',#2960,#2960,#2526,.T.);
#3682=EDGE_CURVE('',#2961,#2961,#2527,.T.);
#3683=EDGE_CURVE('',#2961,#2962,#1719,.T.);
#3684=EDGE_CURVE('',#2962,#2962,#2528,.T.);
#3685=EDGE_CURVE('',#2963,#2964,#1720,.T.);
#3686=EDGE_CURVE('',#2965,#2963,#1721,.T.);
#3687=EDGE_CURVE('',#2966,#2965,#1722,.T.);
#3688=EDGE_CURVE('',#2964,#2966,#1723,.T.);
#3689=EDGE_CURVE('',#2967,#2963,#1724,.T.);
#3690=EDGE_CURVE('',#2968,#2967,#1725,.T.);
#3691=EDGE_CURVE('',#2969,#2968,#1726,.T.);
#3692=EDGE_CURVE('',#2970,#2969,#2529,.T.);
#3693=EDGE_CURVE('',#2971,#2970,#1727,.T.);
#3694=EDGE_CURVE('',#2972,#2971,#1728,.T.);
#3695=EDGE_CURVE('',#2965,#2972,#1729,.T.);
#3696=EDGE_CURVE('',#2973,#2973,#2530,.T.);
#3697=EDGE_CURVE('',#2974,#2974,#2531,.T.);
#3698=EDGE_CURVE('',#2975,#2964,#1730,.T.);
#3699=EDGE_CURVE('',#2976,#2975,#1731,.T.);
#3700=EDGE_CURVE('',#2967,#2976,#2532,.F.);
#3701=EDGE_CURVE('',#2966,#2977,#1732,.T.);
#3702=EDGE_CURVE('',#2978,#2977,#1733,.T.);
#3703=EDGE_CURVE('',#2979,#2978,#2533,.F.);
#3704=EDGE_CURVE('',#2980,#2979,#1734,.T.);
#3705=EDGE_CURVE('',#2981,#2980,#2534,.T.);
#3706=EDGE_CURVE('',#2982,#2981,#1735,.T.);
#3707=EDGE_CURVE('',#2983,#2982,#2535,.T.);
#3708=EDGE_CURVE('',#2984,#2983,#1736,.T.);
#3709=EDGE_CURVE('',#2985,#2984,#2536,.T.);
#3710=EDGE_CURVE('',#2986,#2985,#1737,.T.);
#3711=EDGE_CURVE('',#2987,#2986,#2537,.F.);
#3712=EDGE_CURVE('',#2975,#2987,#1738,.T.);
#3713=EDGE_CURVE('',#2988,#2988,#2538,.T.);
#3714=EDGE_CURVE('',#2989,#2989,#2539,.T.);
#3715=EDGE_CURVE('',#2990,#2990,#2540,.T.);
#3716=EDGE_CURVE('',#2991,#2987,#1739,.T.);
#3717=EDGE_CURVE('',#2992,#2991,#1740,.T.);
#3718=EDGE_CURVE('',#2993,#2992,#1741,.T.);
#3719=EDGE_CURVE('',#2976,#2993,#1742,.T.);
#3720=EDGE_CURVE('',#2977,#2994,#1743,.T.);
#3721=EDGE_CURVE('',#2995,#2994,#1744,.T.);
#3722=EDGE_CURVE('',#2996,#2995,#1745,.T.);
#3723=EDGE_CURVE('',#2997,#2996,#1746,.T.);
#3724=EDGE_CURVE('',#2978,#2997,#1747,.T.);
#3725=EDGE_CURVE('',#2980,#2998,#1748,.T.);
#3726=EDGE_CURVE('',#2999,#2979,#1749,.T.);
#3727=EDGE_CURVE('',#2998,#2999,#1750,.T.);
#3728=EDGE_CURVE('',#3000,#3001,#2541,.T.);
#3729=EDGE_CURVE('',#3000,#3002,#1751,.T.);
#3730=EDGE_CURVE('',#3003,#3002,#2542,.T.);
#3731=EDGE_CURVE('',#3001,#3003,#1752,.T.);
#3732=EDGE_CURVE('',#3001,#3004,#1753,.T.);
#3733=EDGE_CURVE('',#3005,#3003,#1754,.T.);
#3734=EDGE_CURVE('',#3006,#3005,#1755,.T.);
#3735=EDGE_CURVE('',#3007,#3006,#1756,.T.);
#3736=EDGE_CURVE('',#3004,#3007,#1757,.T.);
#3737=EDGE_CURVE('',#3008,#3008,#2543,.T.);
#3738=EDGE_CURVE('',#3008,#2990,#1758,.T.);
#3739=EDGE_CURVE('',#3009,#3010,#1759,.T.);
#3740=EDGE_CURVE('',#3011,#3009,#1760,.T.);
#3741=EDGE_CURVE('',#3010,#3011,#1761,.T.);
#3742=EDGE_CURVE('',#3012,#3013,#1762,.T.);
#3743=EDGE_CURVE('',#3014,#3012,#1763,.T.);
#3744=EDGE_CURVE('',#3013,#3014,#1764,.T.);
#3745=EDGE_CURVE('',#3015,#2985,#1765,.T.);
#3746=EDGE_CURVE('',#3016,#3015,#1766,.T.);
#3747=EDGE_CURVE('',#2986,#3016,#1767,.T.);
#3748=EDGE_CURVE('',#3017,#3000,#1768,.T.);
#3749=EDGE_CURVE('',#3018,#3017,#1769,.T.);
#3750=EDGE_CURVE('',#3019,#3018,#1770,.T.);
#3751=EDGE_CURVE('',#3020,#3019,#1771,.T.);
#3752=EDGE_CURVE('',#3002,#3020,#1772,.T.);
#3753=EDGE_CURVE('',#2993,#2968,#2544,.F.);
#3754=EDGE_CURVE('',#2994,#2972,#2545,.F.);
#3755=EDGE_CURVE('',#2971,#2995,#2546,.F.);
#3756=EDGE_CURVE('',#2997,#2999,#2547,.F.);
#3757=EDGE_CURVE('',#2996,#3011,#2548,.F.);
#3758=EDGE_CURVE('',#3009,#2997,#2549,.F.);
#3759=EDGE_CURVE('',#3002,#2983,#2550,.T.);
#3760=EDGE_CURVE('',#2984,#3020,#208,.T.);
#3761=EDGE_CURVE('',#3003,#2982,#2551,.T.);
#3762=EDGE_CURVE('',#3005,#2981,#209,.T.);
#3763=EDGE_CURVE('',#3011,#3007,#2552,.F.);
#3764=EDGE_CURVE('',#3006,#3010,#2553,.F.);
#3765=EDGE_CURVE('',#3010,#2998,#2554,.F.);
#3766=EDGE_CURVE('',#2999,#3009,#2555,.F.);
#3767=EDGE_CURVE('',#2998,#3006,#2556,.F.);
#3768=EDGE_CURVE('',#2995,#3004,#2557,.F.);
#3769=EDGE_CURVE('',#3007,#2996,#2558,.F.);
#3770=EDGE_CURVE('',#3019,#3015,#2559,.F.);
#3771=EDGE_CURVE('',#2968,#3017,#2560,.F.);
#3772=EDGE_CURVE('',#2969,#3000,#2561,.T.);
#3773=EDGE_CURVE('',#2970,#3001,#2562,.T.);
#3774=EDGE_CURVE('',#3004,#2971,#2563,.F.);
#3775=EDGE_CURVE('',#3012,#3016,#2564,.F.);
#3776=EDGE_CURVE('',#3015,#3014,#2565,.F.);
#3777=EDGE_CURVE('',#3014,#3019,#2566,.F.);
#3778=EDGE_CURVE('',#3018,#3013,#2567,.F.);
#3779=EDGE_CURVE('',#2992,#3018,#2568,.F.);
#3780=EDGE_CURVE('',#3017,#2993,#2569,.F.);
#3781=EDGE_CURVE('',#3016,#2991,#2570,.F.);
#3782=EDGE_CURVE('',#2991,#3012,#2571,.F.);
#3783=EDGE_CURVE('',#3013,#2992,#2572,.F.);
#3784=EDGE_CURVE('',#2973,#2989,#1773,.T.);
#3785=EDGE_CURVE('',#2974,#2988,#1774,.T.);
#3786=EDGE_CURVE('',#3021,#3022,#134,.T.);
#3787=EDGE_CURVE('',#3022,#3023,#2573,.T.);
#3788=EDGE_CURVE('',#3023,#3024,#135,.T.);
#3789=EDGE_CURVE('',#3024,#3021,#2574,.T.);
#3790=EDGE_CURVE('',#3025,#3023,#1775,.T.);
#3791=EDGE_CURVE('',#3025,#3026,#1776,.T.);
#3792=EDGE_CURVE('',#3027,#3026,#1777,.T.);
#3793=EDGE_CURVE('',#3028,#3027,#136,.T.);
#3794=EDGE_CURVE('',#3028,#3029,#1778,.T.);
#3795=EDGE_CURVE('',#3029,#3030,#137,.T.);
#3796=EDGE_CURVE('',#3030,#3024,#1779,.T.);
#3797=EDGE_CURVE('',#3027,#3031,#2575,.T.);
#3798=EDGE_CURVE('',#3031,#3032,#138,.T.);
#3799=EDGE_CURVE('',#3032,#3028,#2576,.T.);
#3800=EDGE_CURVE('',#3033,#3030,#2577,.T.);
#3801=EDGE_CURVE('',#3021,#3033,#1780,.T.);
#3802=EDGE_CURVE('',#3034,#3032,#1781,.T.);
#3803=EDGE_CURVE('',#3034,#3029,#2578,.T.);
#3804=EDGE_CURVE('',#3033,#3034,#139,.T.);
#3805=EDGE_CURVE('',#3035,#3031,#1782,.T.);
#3806=EDGE_CURVE('',#3036,#3035,#1783,.T.);
#3807=EDGE_CURVE('',#3022,#3036,#1784,.T.);
#3808=EDGE_CURVE('',#3026,#3035,#1785,.T.);
#3809=EDGE_CURVE('',#3036,#3025,#1786,.T.);
#3810=EDGE_CURVE('',#3037,#3038,#1787,.T.);
#3811=EDGE_CURVE('',#3037,#3039,#1788,.T.);
#3812=EDGE_CURVE('',#3040,#3039,#1789,.T.);
#3813=EDGE_CURVE('',#3038,#3040,#1790,.T.);
#3814=EDGE_CURVE('',#3041,#3042,#1791,.T.);
#3815=EDGE_CURVE('',#3039,#3041,#1792,.T.);
#3816=EDGE_CURVE('',#3042,#3037,#1793,.T.);
#3817=EDGE_CURVE('',#3043,#3043,#2579,.T.);
#3818=EDGE_CURVE('',#3044,#3044,#2580,.T.);
#3819=EDGE_CURVE('',#3043,#3045,#1794,.T.);
#3820=EDGE_CURVE('',#3045,#3045,#2581,.T.);
#3821=EDGE_CURVE('',#3044,#3046,#1795,.T.);
#3822=EDGE_CURVE('',#3046,#3046,#2582,.T.);
#3823=EDGE_CURVE('',#3047,#3041,#1796,.T.);
#3824=EDGE_CURVE('',#3047,#3048,#1797,.T.);
#3825=EDGE_CURVE('',#3048,#3049,#1798,.T.);
#3826=EDGE_CURVE('',#3049,#3050,#1799,.T.);
#3827=EDGE_CURVE('',#3051,#3050,#1800,.T.);
#3828=EDGE_CURVE('',#3052,#3051,#1801,.T.);
#3829=EDGE_CURVE('',#3052,#3040,#1802,.T.);
#3830=EDGE_CURVE('',#3053,#3053,#2583,.T.);
#3831=EDGE_CURVE('',#3054,#3054,#2584,.T.);
#3832=EDGE_CURVE('',#3055,#3055,#2585,.T.);
#3833=EDGE_CURVE('',#3056,#3056,#2586,.T.);
#3834=EDGE_CURVE('',#3057,#3057,#2587,.T.);
#3835=EDGE_CURVE('',#3058,#3058,#2588,.T.);
#3836=EDGE_CURVE('',#3057,#3056,#1803,.T.);
#3837=EDGE_CURVE('',#3058,#3059,#1804,.T.);
#3838=EDGE_CURVE('',#3059,#3059,#2589,.T.);
#3839=EDGE_CURVE('',#3060,#3049,#1805,.T.);
#3840=EDGE_CURVE('',#3061,#3048,#1806,.T.);
#3841=EDGE_CURVE('',#3060,#3061,#1807,.T.);
#3842=EDGE_CURVE('',#3052,#3062,#1808,.T.);
#3843=EDGE_CURVE('',#3038,#3062,#1809,.T.);
#3844=EDGE_CURVE('',#3050,#3063,#1810,.T.);
#3845=EDGE_CURVE('',#3063,#3064,#1811,.T.);
#3846=EDGE_CURVE('',#3064,#3051,#1812,.T.);
#3847=EDGE_CURVE('',#3060,#3063,#1813,.T.);
#3848=EDGE_CURVE('',#3062,#3064,#1814,.T.);
#3849=EDGE_CURVE('',#3055,#3065,#1815,.T.);
#3850=EDGE_CURVE('',#3065,#3065,#2590,.T.);
#3851=EDGE_CURVE('',#3054,#3066,#1816,.T.);
#3852=EDGE_CURVE('',#3066,#3066,#2591,.T.);
#3853=EDGE_CURVE('',#3053,#3067,#1817,.T.);
#3854=EDGE_CURVE('',#3067,#3067,#2592,.T.);
#3855=EDGE_CURVE('',#3042,#3068,#1818,.T.);
#3856=EDGE_CURVE('',#3068,#3061,#1819,.T.);
#3857=EDGE_CURVE('',#3068,#3047,#1820,.T.);
#3858=EDGE_CURVE('',#3069,#3070,#1821,.T.);
#3859=EDGE_CURVE('',#3070,#3071,#1822,.T.);
#3860=EDGE_CURVE('',#3072,#3071,#1823,.T.);
#3861=EDGE_CURVE('',#3069,#3072,#1824,.T.);
#3862=EDGE_CURVE('',#3073,#3069,#1825,.T.);
#3863=EDGE_CURVE('',#3074,#3072,#1826,.T.);
#3864=EDGE_CURVE('',#3073,#3074,#1827,.T.);
#3865=EDGE_CURVE('',#3075,#3073,#1828,.T.);
#3866=EDGE_CURVE('',#3076,#3074,#1829,.T.);
#3867=EDGE_CURVE('',#3076,#3077,#1830,.T.);
#3868=EDGE_CURVE('',#3075,#3077,#1831,.T.);
#3869=EDGE_CURVE('',#3078,#3077,#2593,.T.);
#3870=EDGE_CURVE('',#3079,#3078,#1832,.T.);
#3871=EDGE_CURVE('',#3075,#3079,#2594,.T.);
#3872=EDGE_CURVE('',#3080,#3079,#1833,.T.);
#3873=EDGE_CURVE('',#3081,#3078,#1834,.T.);
#3874=EDGE_CURVE('',#3082,#3081,#1835,.T.);
#3875=EDGE_CURVE('',#3080,#3082,#1836,.T.);
#3876=EDGE_CURVE('',#3083,#3080,#1837,.T.);
#3877=EDGE_CURVE('',#3084,#3082,#1838,.T.);
#3878=EDGE_CURVE('',#3083,#3084,#1839,.T.);
#3879=EDGE_CURVE('',#3085,#3083,#1840,.T.);
#3880=EDGE_CURVE('',#3086,#3084,#1841,.T.);
#3881=EDGE_CURVE('',#3085,#3086,#1842,.T.);
#3882=EDGE_CURVE('',#3070,#3085,#1843,.T.);
#3883=EDGE_CURVE('',#3071,#3086,#1844,.T.);
#3884=EDGE_CURVE('',#3087,#3087,#2595,.T.);
#3885=EDGE_CURVE('',#3087,#3088,#1845,.T.);
#3886=EDGE_CURVE('',#3088,#3088,#2596,.T.);
#3887=EDGE_CURVE('',#3089,#3089,#2597,.T.);
#3888=EDGE_CURVE('',#3089,#3090,#1846,.T.);
#3889=EDGE_CURVE('',#3090,#3090,#2598,.T.);
#3890=EDGE_CURVE('',#3091,#3091,#2599,.T.);
#3891=EDGE_CURVE('',#3091,#3092,#1847,.T.);
#3892=EDGE_CURVE('',#3092,#3092,#2600,.T.);
#3893=EDGE_CURVE('',#3093,#3093,#2601,.T.);
#3894=EDGE_CURVE('',#3093,#3094,#1848,.T.);
#3895=EDGE_CURVE('',#3094,#3094,#2602,.T.);
#3896=EDGE_CURVE('',#3077,#3078,#2603,.T.);
#3897=EDGE_CURVE('',#3095,#3095,#2604,.T.);
#3898=EDGE_CURVE('',#3076,#3081,#2605,.T.);
#3899=EDGE_CURVE('',#3096,#3096,#2606,.T.);
#3900=EDGE_CURVE('',#3095,#3096,#1849,.T.);
#3901=EDGE_CURVE('',#3097,#3098,#1850,.T.);
#3902=EDGE_CURVE('',#3098,#3099,#1851,.T.);
#3903=EDGE_CURVE('',#3100,#3099,#1852,.T.);
#3904=EDGE_CURVE('',#3097,#3100,#1853,.T.);
#3905=EDGE_CURVE('',#3101,#3097,#1854,.T.);
#3906=EDGE_CURVE('',#3102,#3100,#1855,.T.);
#3907=EDGE_CURVE('',#3101,#3102,#1856,.T.);
#3908=EDGE_CURVE('',#3103,#3101,#1857,.T.);
#3909=EDGE_CURVE('',#3104,#3102,#1858,.T.);
#3910=EDGE_CURVE('',#3104,#3103,#1859,.T.);
#3911=EDGE_CURVE('',#3105,#3106,#1860,.T.);
#3912=EDGE_CURVE('',#3107,#3106,#1861,.T.);
#3913=EDGE_CURVE('',#3108,#3107,#1862,.T.);
#3914=EDGE_CURVE('',#3105,#3108,#1863,.T.);
#3915=EDGE_CURVE('',#3109,#3105,#1864,.T.);
#3916=EDGE_CURVE('',#3110,#3108,#1865,.T.);
#3917=EDGE_CURVE('',#3109,#3110,#1866,.T.);
#3918=EDGE_CURVE('',#3111,#3109,#1867,.T.);
#3919=EDGE_CURVE('',#3112,#3110,#1868,.T.);
#3920=EDGE_CURVE('',#3111,#3112,#1869,.T.);
#3921=EDGE_CURVE('',#3098,#3111,#1870,.T.);
#3922=EDGE_CURVE('',#3099,#3112,#1871,.T.);
#3923=EDGE_CURVE('',#3104,#3107,#2607,.T.);
#3924=EDGE_CURVE('',#3106,#3103,#2608,.T.);
#3925=EDGE_CURVE('',#3113,#3113,#2609,.T.);
#3926=EDGE_CURVE('',#3114,#3114,#2610,.T.);
#3927=EDGE_CURVE('',#3113,#3115,#1872,.T.);
#3928=EDGE_CURVE('',#3115,#3115,#2611,.T.);
#3929=EDGE_CURVE('',#3115,#3116,#1873,.T.);
#3930=EDGE_CURVE('',#3116,#3106,#2612,.T.);
#3931=EDGE_CURVE('',#3103,#3116,#2613,.T.);
#3932=EDGE_CURVE('',#3117,#3117,#2614,.T.);
#3933=EDGE_CURVE('',#3118,#3118,#2615,.T.);
#3934=EDGE_CURVE('',#3114,#3118,#1874,.T.);
#3935=EDGE_CURVE('',#3116,#3117,#1875,.T.);
#3936=EDGE_CURVE('',#3119,#3120,#1876,.T.);
#3937=EDGE_CURVE('',#3120,#3121,#1877,.T.);
#3938=EDGE_CURVE('',#3122,#3121,#1878,.T.);
#3939=EDGE_CURVE('',#3119,#3122,#1879,.T.);
#3940=EDGE_CURVE('',#3123,#3119,#1880,.T.);
#3941=EDGE_CURVE('',#3124,#3122,#1881,.T.);
#3942=EDGE_CURVE('',#3123,#3124,#1882,.T.);
#3943=EDGE_CURVE('',#3125,#3123,#1883,.T.);
#3944=EDGE_CURVE('',#3126,#3124,#1884,.T.);
#3945=EDGE_CURVE('',#3127,#3126,#1885,.T.);
#3946=EDGE_CURVE('',#3125,#3127,#1886,.T.);
#3947=EDGE_CURVE('',#3127,#3128,#2616,.T.);
#3948=EDGE_CURVE('',#3129,#3128,#1887,.T.);
#3949=EDGE_CURVE('',#3129,#3125,#2617,.T.);
#3950=EDGE_CURVE('',#3130,#3129,#1888,.T.);
#3951=EDGE_CURVE('',#3128,#3131,#1889,.T.);
#3952=EDGE_CURVE('',#3132,#3131,#1890,.T.);
#3953=EDGE_CURVE('',#3130,#3132,#1891,.T.);
#3954=EDGE_CURVE('',#3133,#3130,#1892,.T.);
#3955=EDGE_CURVE('',#3134,#3132,#1893,.T.);
#3956=EDGE_CURVE('',#3133,#3134,#1894,.T.);
#3957=EDGE_CURVE('',#3135,#3133,#1895,.T.);
#3958=EDGE_CURVE('',#3136,#3134,#1896,.T.);
#3959=EDGE_CURVE('',#3135,#3136,#1897,.T.);
#3960=EDGE_CURVE('',#3120,#3135,#1898,.T.);
#3961=EDGE_CURVE('',#3121,#3136,#1899,.T.);
#3962=EDGE_CURVE('',#3126,#3131,#2618,.T.);
#3963=EDGE_CURVE('',#3128,#3127,#2619,.T.);
#3964=EDGE_CURVE('',#3137,#3126,#2620,.T.);
#3965=EDGE_CURVE('',#3131,#3137,#2621,.T.);
#3966=EDGE_CURVE('',#3138,#3138,#2622,.T.);
#3967=EDGE_CURVE('',#3139,#3139,#2623,.T.);
#3968=EDGE_CURVE('',#3138,#3140,#1900,.T.);
#3969=EDGE_CURVE('',#3140,#3140,#2624,.T.);
#3970=EDGE_CURVE('',#3140,#3137,#1901,.T.);
#3971=EDGE_CURVE('',#3141,#3141,#2625,.T.);
#3972=EDGE_CURVE('',#3139,#3141,#1902,.T.);
#3973=EDGE_CURVE('',#3142,#3143,#2626,.T.);
#3974=EDGE_CURVE('',#3142,#3144,#1903,.T.);
#3975=EDGE_CURVE('',#3145,#3144,#2627,.T.);
#3976=EDGE_CURVE('',#3143,#3145,#1904,.T.);
#3977=EDGE_CURVE('',#3146,#3147,#1905,.T.);
#3978=EDGE_CURVE('',#3146,#3148,#1906,.T.);
#3979=EDGE_CURVE('',#3149,#3148,#1907,.T.);
#3980=EDGE_CURVE('',#3147,#3149,#1908,.T.);
#3981=EDGE_CURVE('',#3147,#3150,#1909,.T.);
#3982=EDGE_CURVE('',#3151,#3149,#1910,.T.);
#3983=EDGE_CURVE('',#3150,#3151,#1911,.T.);
#3984=EDGE_CURVE('',#3150,#3152,#1912,.T.);
#3985=EDGE_CURVE('',#3144,#3151,#1913,.T.);
#3986=EDGE_CURVE('',#3152,#3142,#1914,.T.);
#3987=EDGE_CURVE('',#3153,#3154,#1915,.T.);
#3988=EDGE_CURVE('',#3154,#3143,#1916,.T.);
#3989=EDGE_CURVE('',#3155,#3145,#1917,.T.);
#3990=EDGE_CURVE('',#3153,#3155,#1918,.T.);
#3991=EDGE_CURVE('',#3156,#3153,#1919,.T.);
#3992=EDGE_CURVE('',#3157,#3155,#1920,.T.);
#3993=EDGE_CURVE('',#3156,#3157,#1921,.T.);
#3994=EDGE_CURVE('',#3158,#3156,#1922,.T.);
#3995=EDGE_CURVE('',#3159,#3157,#1923,.T.);
#3996=EDGE_CURVE('',#3158,#3159,#1924,.T.);
#3997=EDGE_CURVE('',#3158,#3146,#1925,.T.);
#3998=EDGE_CURVE('',#3148,#3159,#1926,.T.);
#3999=EDGE_CURVE('',#3154,#3152,#2628,.T.);
#4000=EDGE_CURVE('',#3143,#3142,#2629,.T.);
#4001=EDGE_CURVE('',#3160,#3160,#2630,.T.);
#4002=EDGE_CURVE('',#3160,#3161,#1927,.T.);
#4003=EDGE_CURVE('',#3161,#3161,#2631,.T.);
#4004=EDGE_CURVE('',#3162,#3162,#2632,.T.);
#4005=EDGE_CURVE('',#3162,#3163,#1928,.T.);
#4006=EDGE_CURVE('',#3163,#3163,#2633,.T.);
#4007=EDGE_CURVE('',#3164,#3164,#2634,.T.);
#4008=EDGE_CURVE('',#3164,#3165,#1929,.T.);
#4009=EDGE_CURVE('',#3165,#3165,#2635,.T.);
#4010=EDGE_CURVE('',#3166,#3166,#2636,.T.);
#4011=EDGE_CURVE('',#3166,#3167,#1930,.T.);
#4012=EDGE_CURVE('',#3167,#3167,#2637,.T.);
#4013=EDGE_CURVE('',#3168,#3168,#2638,.T.);
#4014=EDGE_CURVE('',#3169,#3169,#2639,.T.);
#4015=EDGE_CURVE('',#3168,#3169,#1931,.T.);
#4016=EDGE_CURVE('',#3170,#3170,#2640,.T.);
#4017=EDGE_CURVE('',#3170,#3171,#1932,.T.);
#4018=EDGE_CURVE('',#3171,#3171,#2641,.T.);
#4019=EDGE_CURVE('',#3172,#3172,#2642,.T.);
#4020=EDGE_CURVE('',#3173,#3173,#2643,.T.);
#4021=EDGE_CURVE('',#3174,#3174,#2644,.T.);
#4022=EDGE_CURVE('',#3175,#3175,#2645,.T.);
#4023=EDGE_CURVE('',#3175,#3176,#1933,.T.);
#4024=EDGE_CURVE('',#3176,#3176,#2646,.T.);
#4025=EDGE_CURVE('',#3173,#3177,#1934,.T.);
#4026=EDGE_CURVE('',#3177,#3177,#2647,.T.);
#4027=EDGE_CURVE('',#3172,#3178,#1935,.T.);
#4028=EDGE_CURVE('',#3178,#3178,#2648,.T.);
#4029=EDGE_CURVE('',#3174,#3179,#1936,.T.);
#4030=EDGE_CURVE('',#3179,#3179,#2649,.T.);
#4031=EDGE_CURVE('',#3180,#3180,#2650,.T.);
#4032=EDGE_CURVE('',#3180,#3171,#1937,.T.);
#4033=EDGE_CURVE('',#3181,#3181,#2651,.T.);
#4034=EDGE_CURVE('',#3181,#3180,#1938,.T.);
#4035=ORIENTED_EDGE('',*,*,#3182,.T.);
#4036=ORIENTED_EDGE('',*,*,#3183,.T.);
#4037=ORIENTED_EDGE('',*,*,#3184,.T.);
#4038=ORIENTED_EDGE('',*,*,#3185,.F.);
#4039=ORIENTED_EDGE('',*,*,#3184,.F.);
#4040=ORIENTED_EDGE('',*,*,#3182,.F.);
#4041=ORIENTED_EDGE('',*,*,#3183,.F.);
#4042=ORIENTED_EDGE('',*,*,#3186,.T.);
#4043=ORIENTED_EDGE('',*,*,#3187,.T.);
#4044=ORIENTED_EDGE('',*,*,#3186,.F.);
#4045=ORIENTED_EDGE('',*,*,#3188,.T.);
#4046=ORIENTED_EDGE('',*,*,#3187,.F.);
#4047=ORIENTED_EDGE('',*,*,#3188,.F.);
#4048=ORIENTED_EDGE('',*,*,#3189,.T.);
#4049=ORIENTED_EDGE('',*,*,#3190,.T.);
#4050=ORIENTED_EDGE('',*,*,#3189,.F.);
#4051=ORIENTED_EDGE('',*,*,#3191,.T.);
#4052=ORIENTED_EDGE('',*,*,#3190,.F.);
#4053=ORIENTED_EDGE('',*,*,#3191,.F.);
#4054=ORIENTED_EDGE('',*,*,#3192,.T.);
#4055=ORIENTED_EDGE('',*,*,#3193,.T.);
#4056=ORIENTED_EDGE('',*,*,#3192,.F.);
#4057=ORIENTED_EDGE('',*,*,#3193,.F.);
#4058=ORIENTED_EDGE('',*,*,#3194,.T.);
#4059=ORIENTED_EDGE('',*,*,#3195,.T.);
#4060=ORIENTED_EDGE('',*,*,#3194,.F.);
#4061=ORIENTED_EDGE('',*,*,#3195,.F.);
#4062=ORIENTED_EDGE('',*,*,#3196,.T.);
#4063=ORIENTED_EDGE('',*,*,#3197,.T.);
#4064=ORIENTED_EDGE('',*,*,#3196,.F.);
#4065=ORIENTED_EDGE('',*,*,#3197,.F.);
#4066=ORIENTED_EDGE('',*,*,#3198,.T.);
#4067=ORIENTED_EDGE('',*,*,#3198,.F.);
#4068=ORIENTED_EDGE('',*,*,#3199,.T.);
#4069=ORIENTED_EDGE('',*,*,#3200,.T.);
#4070=ORIENTED_EDGE('',*,*,#3199,.F.);
#4071=ORIENTED_EDGE('',*,*,#3200,.F.);
#4072=ORIENTED_EDGE('',*,*,#3201,.T.);
#4073=ORIENTED_EDGE('',*,*,#3201,.F.);
#4074=ORIENTED_EDGE('',*,*,#3202,.T.);
#4075=ORIENTED_EDGE('',*,*,#3203,.T.);
#4076=ORIENTED_EDGE('',*,*,#3202,.F.);
#4077=ORIENTED_EDGE('',*,*,#3203,.F.);
#4078=ORIENTED_EDGE('',*,*,#3204,.T.);
#4079=ORIENTED_EDGE('',*,*,#3205,.T.);
#4080=ORIENTED_EDGE('',*,*,#3204,.F.);
#4081=ORIENTED_EDGE('',*,*,#3205,.F.);
#4082=ORIENTED_EDGE('',*,*,#3206,.T.);
#4083=ORIENTED_EDGE('',*,*,#3206,.F.);
#4084=ORIENTED_EDGE('',*,*,#3207,.T.);
#4085=ORIENTED_EDGE('',*,*,#3208,.T.);
#4086=ORIENTED_EDGE('',*,*,#3207,.F.);
#4087=ORIENTED_EDGE('',*,*,#3209,.T.);
#4088=ORIENTED_EDGE('',*,*,#3208,.F.);
#4089=ORIENTED_EDGE('',*,*,#3209,.F.);
#4090=ORIENTED_EDGE('',*,*,#3210,.T.);
#4091=ORIENTED_EDGE('',*,*,#3211,.T.);
#4092=ORIENTED_EDGE('',*,*,#3210,.F.);
#4093=ORIENTED_EDGE('',*,*,#3211,.F.);
#4094=ORIENTED_EDGE('',*,*,#3212,.T.);
#4095=ORIENTED_EDGE('',*,*,#3213,.T.);
#4096=ORIENTED_EDGE('',*,*,#3212,.F.);
#4097=ORIENTED_EDGE('',*,*,#3213,.F.);
#4098=ORIENTED_EDGE('',*,*,#3214,.T.);
#4099=ORIENTED_EDGE('',*,*,#3215,.T.);
#4100=ORIENTED_EDGE('',*,*,#3214,.F.);
#4101=ORIENTED_EDGE('',*,*,#3215,.F.);
#4102=ORIENTED_EDGE('',*,*,#3216,.T.);
#4103=ORIENTED_EDGE('',*,*,#3217,.T.);
#4104=ORIENTED_EDGE('',*,*,#3218,.T.);
#4105=ORIENTED_EDGE('',*,*,#3216,.F.);
#4106=ORIENTED_EDGE('',*,*,#3219,.T.);
#4107=ORIENTED_EDGE('',*,*,#3220,.T.);
#4108=ORIENTED_EDGE('',*,*,#3217,.F.);
#4109=ORIENTED_EDGE('',*,*,#3218,.F.);
#4110=ORIENTED_EDGE('',*,*,#3220,.F.);
#4111=ORIENTED_EDGE('',*,*,#3219,.F.);
#4112=ORIENTED_EDGE('',*,*,#3221,.T.);
#4113=ORIENTED_EDGE('',*,*,#3221,.F.);
#4114=ORIENTED_EDGE('',*,*,#3222,.T.);
#4115=ORIENTED_EDGE('',*,*,#3223,.T.);
#4116=ORIENTED_EDGE('',*,*,#3222,.F.);
#4117=ORIENTED_EDGE('',*,*,#3185,.T.);
#4118=ORIENTED_EDGE('',*,*,#3223,.F.);
#4119=ORIENTED_EDGE('',*,*,#3224,.F.);
#4120=ORIENTED_EDGE('',*,*,#3225,.T.);
#4121=ORIENTED_EDGE('',*,*,#3226,.T.);
#4122=ORIENTED_EDGE('',*,*,#3225,.F.);
#4123=ORIENTED_EDGE('',*,*,#3227,.F.);
#4124=ORIENTED_EDGE('',*,*,#3224,.T.);
#4125=ORIENTED_EDGE('',*,*,#3228,.F.);
#4126=ORIENTED_EDGE('',*,*,#3229,.T.);
#4127=ORIENTED_EDGE('',*,*,#3227,.T.);
#4128=ORIENTED_EDGE('',*,*,#3229,.F.);
#4129=ORIENTED_EDGE('',*,*,#3230,.F.);
#4130=ORIENTED_EDGE('',*,*,#3228,.T.);
#4131=ORIENTED_EDGE('',*,*,#3231,.F.);
#4132=ORIENTED_EDGE('',*,*,#3232,.T.);
#4133=ORIENTED_EDGE('',*,*,#3230,.T.);
#4134=ORIENTED_EDGE('',*,*,#3232,.F.);
#4135=ORIENTED_EDGE('',*,*,#3233,.F.);
#4136=ORIENTED_EDGE('',*,*,#3234,.T.);
#4137=ORIENTED_EDGE('',*,*,#3231,.T.);
#4138=ORIENTED_EDGE('',*,*,#3234,.F.);
#4139=ORIENTED_EDGE('',*,*,#3235,.F.);
#4140=ORIENTED_EDGE('',*,*,#3236,.T.);
#4141=ORIENTED_EDGE('',*,*,#3233,.T.);
#4142=ORIENTED_EDGE('',*,*,#3236,.F.);
#4143=ORIENTED_EDGE('',*,*,#3235,.T.);
#4144=ORIENTED_EDGE('',*,*,#3237,.F.);
#4145=ORIENTED_EDGE('',*,*,#3238,.F.);
#4146=ORIENTED_EDGE('',*,*,#3239,.T.);
#4147=ORIENTED_EDGE('',*,*,#3237,.T.);
#4148=ORIENTED_EDGE('',*,*,#3239,.F.);
#4149=ORIENTED_EDGE('',*,*,#3238,.T.);
#4150=ORIENTED_EDGE('',*,*,#3226,.F.);
#4151=ORIENTED_EDGE('',*,*,#3240,.F.);
#4152=ORIENTED_EDGE('',*,*,#3241,.T.);
#4153=ORIENTED_EDGE('',*,*,#3242,.F.);
#4154=ORIENTED_EDGE('',*,*,#3241,.F.);
#4155=ORIENTED_EDGE('',*,*,#3243,.F.);
#4156=ORIENTED_EDGE('',*,*,#3244,.T.);
#4157=ORIENTED_EDGE('',*,*,#3245,.F.);
#4158=ORIENTED_EDGE('',*,*,#3244,.F.);
#4159=ORIENTED_EDGE('',*,*,#3246,.F.);
#4160=ORIENTED_EDGE('',*,*,#3247,.F.);
#4161=ORIENTED_EDGE('',*,*,#3248,.F.);
#4162=ORIENTED_EDGE('',*,*,#3249,.F.);
#4163=ORIENTED_EDGE('',*,*,#3248,.T.);
#4164=ORIENTED_EDGE('',*,*,#3250,.F.);
#4165=ORIENTED_EDGE('',*,*,#3251,.F.);
#4166=ORIENTED_EDGE('',*,*,#3252,.F.);
#4167=ORIENTED_EDGE('',*,*,#3253,.F.);
#4168=ORIENTED_EDGE('',*,*,#3254,.F.);
#4169=ORIENTED_EDGE('',*,*,#3255,.F.);
#4170=ORIENTED_EDGE('',*,*,#3256,.F.);
#4171=ORIENTED_EDGE('',*,*,#3242,.T.);
#4172=ORIENTED_EDGE('',*,*,#3245,.T.);
#4173=ORIENTED_EDGE('',*,*,#3257,.F.);
#4174=ORIENTED_EDGE('',*,*,#3258,.F.);
#4175=ORIENTED_EDGE('',*,*,#3247,.T.);
#4176=ORIENTED_EDGE('',*,*,#3259,.F.);
#4177=ORIENTED_EDGE('',*,*,#3260,.F.);
#4178=ORIENTED_EDGE('',*,*,#3261,.F.);
#4179=ORIENTED_EDGE('',*,*,#3250,.T.);
#4180=ORIENTED_EDGE('',*,*,#3246,.T.);
#4181=ORIENTED_EDGE('',*,*,#3262,.T.);
#4182=ORIENTED_EDGE('',*,*,#3263,.F.);
#4183=ORIENTED_EDGE('',*,*,#3264,.F.);
#4184=ORIENTED_EDGE('',*,*,#3265,.F.);
#4185=ORIENTED_EDGE('',*,*,#3266,.F.);
#4186=ORIENTED_EDGE('',*,*,#3267,.F.);
#4187=ORIENTED_EDGE('',*,*,#3268,.F.);
#4188=ORIENTED_EDGE('',*,*,#3269,.F.);
#4189=ORIENTED_EDGE('',*,*,#3270,.F.);
#4190=ORIENTED_EDGE('',*,*,#3271,.F.);
#4191=ORIENTED_EDGE('',*,*,#3272,.F.);
#4192=ORIENTED_EDGE('',*,*,#3273,.F.);
#4193=ORIENTED_EDGE('',*,*,#3259,.T.);
#4194=ORIENTED_EDGE('',*,*,#3274,.T.);
#4195=ORIENTED_EDGE('',*,*,#3275,.T.);
#4196=ORIENTED_EDGE('',*,*,#3276,.T.);
#4197=ORIENTED_EDGE('',*,*,#3249,.T.);
#4198=ORIENTED_EDGE('',*,*,#3256,.T.);
#4199=ORIENTED_EDGE('',*,*,#3277,.F.);
#4200=ORIENTED_EDGE('',*,*,#3278,.F.);
#4201=ORIENTED_EDGE('',*,*,#3262,.F.);
#4202=ORIENTED_EDGE('',*,*,#3260,.T.);
#4203=ORIENTED_EDGE('',*,*,#3273,.T.);
#4204=ORIENTED_EDGE('',*,*,#3279,.F.);
#4205=ORIENTED_EDGE('',*,*,#3280,.F.);
#4206=ORIENTED_EDGE('',*,*,#3281,.F.);
#4207=ORIENTED_EDGE('',*,*,#3282,.F.);
#4208=ORIENTED_EDGE('',*,*,#3278,.T.);
#4209=ORIENTED_EDGE('',*,*,#3283,.F.);
#4210=ORIENTED_EDGE('',*,*,#3284,.F.);
#4211=ORIENTED_EDGE('',*,*,#3285,.F.);
#4212=ORIENTED_EDGE('',*,*,#3286,.F.);
#4213=ORIENTED_EDGE('',*,*,#3263,.T.);
#4214=ORIENTED_EDGE('',*,*,#3287,.F.);
#4215=ORIENTED_EDGE('',*,*,#3265,.T.);
#4216=ORIENTED_EDGE('',*,*,#3288,.F.);
#4217=ORIENTED_EDGE('',*,*,#3289,.F.);
#4218=ORIENTED_EDGE('',*,*,#3290,.F.);
#4219=ORIENTED_EDGE('',*,*,#3291,.T.);
#4220=ORIENTED_EDGE('',*,*,#3292,.F.);
#4221=ORIENTED_EDGE('',*,*,#3293,.F.);
#4222=ORIENTED_EDGE('',*,*,#3294,.F.);
#4223=ORIENTED_EDGE('',*,*,#3295,.F.);
#4224=ORIENTED_EDGE('',*,*,#3296,.F.);
#4225=ORIENTED_EDGE('',*,*,#3240,.T.);
#4226=ORIENTED_EDGE('',*,*,#3243,.T.);
#4227=ORIENTED_EDGE('',*,*,#3274,.F.);
#4228=ORIENTED_EDGE('',*,*,#3297,.T.);
#4229=ORIENTED_EDGE('',*,*,#3296,.T.);
#4230=ORIENTED_EDGE('',*,*,#3297,.F.);
#4231=ORIENTED_EDGE('',*,*,#3298,.F.);
#4232=ORIENTED_EDGE('',*,*,#3299,.F.);
#4233=ORIENTED_EDGE('',*,*,#3300,.F.);
#4234=ORIENTED_EDGE('',*,*,#3301,.F.);
#4235=ORIENTED_EDGE('',*,*,#3302,.F.);
#4236=ORIENTED_EDGE('',*,*,#3303,.F.);
#4237=ORIENTED_EDGE('',*,*,#3304,.F.);
#4238=ORIENTED_EDGE('',*,*,#3305,.F.);
#4239=ORIENTED_EDGE('',*,*,#3306,.F.);
#4240=ORIENTED_EDGE('',*,*,#3271,.T.);
#4241=ORIENTED_EDGE('',*,*,#3307,.F.);
#4242=ORIENTED_EDGE('',*,*,#3308,.F.);
#4243=ORIENTED_EDGE('',*,*,#3309,.F.);
#4244=ORIENTED_EDGE('',*,*,#3310,.F.);
#4245=ORIENTED_EDGE('',*,*,#3311,.F.);
#4246=ORIENTED_EDGE('',*,*,#3312,.T.);
#4247=ORIENTED_EDGE('',*,*,#3313,.F.);
#4248=ORIENTED_EDGE('',*,*,#3312,.F.);
#4249=ORIENTED_EDGE('',*,*,#3314,.F.);
#4250=ORIENTED_EDGE('',*,*,#3291,.F.);
#4251=ORIENTED_EDGE('',*,*,#3277,.T.);
#4252=ORIENTED_EDGE('',*,*,#3255,.T.);
#4253=ORIENTED_EDGE('',*,*,#3315,.T.);
#4254=ORIENTED_EDGE('',*,*,#3283,.T.);
#4255=ORIENTED_EDGE('',*,*,#3264,.T.);
#4256=ORIENTED_EDGE('',*,*,#3286,.T.);
#4257=ORIENTED_EDGE('',*,*,#3316,.T.);
#4258=ORIENTED_EDGE('',*,*,#3288,.T.);
#4259=ORIENTED_EDGE('',*,*,#3317,.T.);
#4260=ORIENTED_EDGE('',*,*,#3299,.T.);
#4261=ORIENTED_EDGE('',*,*,#3318,.T.);
#4262=ORIENTED_EDGE('',*,*,#3285,.T.);
#4263=ORIENTED_EDGE('',*,*,#3261,.T.);
#4264=ORIENTED_EDGE('',*,*,#3282,.T.);
#4265=ORIENTED_EDGE('',*,*,#3319,.T.);
#4266=ORIENTED_EDGE('',*,*,#3251,.T.);
#4267=ORIENTED_EDGE('',*,*,#3320,.T.);
#4268=ORIENTED_EDGE('',*,*,#3307,.T.);
#4269=ORIENTED_EDGE('',*,*,#3321,.F.);
#4270=ORIENTED_EDGE('',*,*,#3252,.T.);
#4271=ORIENTED_EDGE('',*,*,#3321,.T.);
#4272=ORIENTED_EDGE('',*,*,#3313,.T.);
#4273=ORIENTED_EDGE('',*,*,#3322,.F.);
#4274=ORIENTED_EDGE('',*,*,#3253,.T.);
#4275=ORIENTED_EDGE('',*,*,#3322,.T.);
#4276=ORIENTED_EDGE('',*,*,#3290,.T.);
#4277=ORIENTED_EDGE('',*,*,#3323,.T.);
#4278=ORIENTED_EDGE('',*,*,#3254,.T.);
#4279=ORIENTED_EDGE('',*,*,#3324,.T.);
#4280=ORIENTED_EDGE('',*,*,#3294,.T.);
#4281=ORIENTED_EDGE('',*,*,#3325,.T.);
#4282=ORIENTED_EDGE('',*,*,#3300,.T.);
#4283=ORIENTED_EDGE('',*,*,#3326,.T.);
#4284=ORIENTED_EDGE('',*,*,#3289,.T.);
#4285=ORIENTED_EDGE('',*,*,#3327,.T.);
#4286=ORIENTED_EDGE('',*,*,#3298,.T.);
#4287=ORIENTED_EDGE('',*,*,#3328,.T.);
#4288=ORIENTED_EDGE('',*,*,#3308,.T.);
#4289=ORIENTED_EDGE('',*,*,#3329,.T.);
#4290=ORIENTED_EDGE('',*,*,#3281,.T.);
#4291=ORIENTED_EDGE('',*,*,#3269,.T.);
#4292=ORIENTED_EDGE('',*,*,#3330,.F.);
#4293=ORIENTED_EDGE('',*,*,#3311,.T.);
#4294=ORIENTED_EDGE('',*,*,#3331,.F.);
#4295=ORIENTED_EDGE('',*,*,#3330,.T.);
#4296=ORIENTED_EDGE('',*,*,#3268,.T.);
#4297=ORIENTED_EDGE('',*,*,#3332,.F.);
#4298=ORIENTED_EDGE('',*,*,#3314,.T.);
#4299=ORIENTED_EDGE('',*,*,#3292,.T.);
#4300=ORIENTED_EDGE('',*,*,#3332,.T.);
#4301=ORIENTED_EDGE('',*,*,#3267,.T.);
#4302=ORIENTED_EDGE('',*,*,#3333,.F.);
#4303=ORIENTED_EDGE('',*,*,#3310,.T.);
#4304=ORIENTED_EDGE('',*,*,#3334,.T.);
#4305=ORIENTED_EDGE('',*,*,#3304,.T.);
#4306=ORIENTED_EDGE('',*,*,#3270,.T.);
#4307=ORIENTED_EDGE('',*,*,#3331,.T.);
#4308=ORIENTED_EDGE('',*,*,#3335,.T.);
#4309=ORIENTED_EDGE('',*,*,#3305,.T.);
#4310=ORIENTED_EDGE('',*,*,#3336,.T.);
#4311=ORIENTED_EDGE('',*,*,#3302,.T.);
#4312=ORIENTED_EDGE('',*,*,#3337,.T.);
#4313=ORIENTED_EDGE('',*,*,#3309,.T.);
#4314=ORIENTED_EDGE('',*,*,#3338,.T.);
#4315=ORIENTED_EDGE('',*,*,#3303,.T.);
#4316=ORIENTED_EDGE('',*,*,#3334,.F.);
#4317=ORIENTED_EDGE('',*,*,#3337,.F.);
#4318=ORIENTED_EDGE('',*,*,#3336,.F.);
#4319=ORIENTED_EDGE('',*,*,#3287,.T.);
#4320=ORIENTED_EDGE('',*,*,#3339,.T.);
#4321=ORIENTED_EDGE('',*,*,#3293,.T.);
#4322=ORIENTED_EDGE('',*,*,#3333,.T.);
#4323=ORIENTED_EDGE('',*,*,#3266,.T.);
#4324=ORIENTED_EDGE('',*,*,#3272,.T.);
#4325=ORIENTED_EDGE('',*,*,#3306,.T.);
#4326=ORIENTED_EDGE('',*,*,#3340,.T.);
#4327=ORIENTED_EDGE('',*,*,#3279,.T.);
#4328=ORIENTED_EDGE('',*,*,#3341,.T.);
#4329=ORIENTED_EDGE('',*,*,#3301,.T.);
#4330=ORIENTED_EDGE('',*,*,#3342,.T.);
#4331=ORIENTED_EDGE('',*,*,#3280,.T.);
#4332=ORIENTED_EDGE('',*,*,#3335,.F.);
#4333=ORIENTED_EDGE('',*,*,#3341,.F.);
#4334=ORIENTED_EDGE('',*,*,#3340,.F.);
#4335=ORIENTED_EDGE('',*,*,#3342,.F.);
#4336=ORIENTED_EDGE('',*,*,#3338,.F.);
#4337=ORIENTED_EDGE('',*,*,#3328,.F.);
#4338=ORIENTED_EDGE('',*,*,#3325,.F.);
#4339=ORIENTED_EDGE('',*,*,#3339,.F.);
#4340=ORIENTED_EDGE('',*,*,#3326,.F.);
#4341=ORIENTED_EDGE('',*,*,#3319,.F.);
#4342=ORIENTED_EDGE('',*,*,#3329,.F.);
#4343=ORIENTED_EDGE('',*,*,#3320,.F.);
#4344=ORIENTED_EDGE('',*,*,#3343,.T.);
#4345=ORIENTED_EDGE('',*,*,#3295,.T.);
#4346=ORIENTED_EDGE('',*,*,#3344,.T.);
#4347=ORIENTED_EDGE('',*,*,#3284,.T.);
#4348=ORIENTED_EDGE('',*,*,#3317,.F.);
#4349=ORIENTED_EDGE('',*,*,#3344,.F.);
#4350=ORIENTED_EDGE('',*,*,#3324,.F.);
#4351=ORIENTED_EDGE('',*,*,#3318,.F.);
#4352=ORIENTED_EDGE('',*,*,#3327,.F.);
#4353=ORIENTED_EDGE('',*,*,#3316,.F.);
#4354=ORIENTED_EDGE('',*,*,#3315,.F.);
#4355=ORIENTED_EDGE('',*,*,#3323,.F.);
#4356=ORIENTED_EDGE('',*,*,#3343,.F.);
#4357=ORIENTED_EDGE('',*,*,#3275,.F.);
#4358=ORIENTED_EDGE('',*,*,#3345,.T.);
#4359=ORIENTED_EDGE('',*,*,#3258,.T.);
#4360=ORIENTED_EDGE('',*,*,#3345,.F.);
#4361=ORIENTED_EDGE('',*,*,#3276,.F.);
#4362=ORIENTED_EDGE('',*,*,#3346,.T.);
#4363=ORIENTED_EDGE('',*,*,#3257,.T.);
#4364=ORIENTED_EDGE('',*,*,#3346,.F.);
#4365=ORIENTED_EDGE('',*,*,#3347,.F.);
#4366=ORIENTED_EDGE('',*,*,#3348,.T.);
#4367=ORIENTED_EDGE('',*,*,#3349,.T.);
#4368=ORIENTED_EDGE('',*,*,#3348,.F.);
#4369=ORIENTED_EDGE('',*,*,#3347,.T.);
#4370=ORIENTED_EDGE('',*,*,#3349,.F.);
#4371=ORIENTED_EDGE('',*,*,#3350,.F.);
#4372=ORIENTED_EDGE('',*,*,#3351,.T.);
#4373=ORIENTED_EDGE('',*,*,#3352,.T.);
#4374=ORIENTED_EDGE('',*,*,#3351,.F.);
#4375=ORIENTED_EDGE('',*,*,#3352,.F.);
#4376=ORIENTED_EDGE('',*,*,#3353,.F.);
#4377=ORIENTED_EDGE('',*,*,#3354,.T.);
#4378=ORIENTED_EDGE('',*,*,#3355,.T.);
#4379=ORIENTED_EDGE('',*,*,#3354,.F.);
#4380=ORIENTED_EDGE('',*,*,#3355,.F.);
#4381=ORIENTED_EDGE('',*,*,#3356,.T.);
#4382=ORIENTED_EDGE('',*,*,#3357,.T.);
#4383=ORIENTED_EDGE('',*,*,#3358,.T.);
#4384=ORIENTED_EDGE('',*,*,#3359,.T.);
#4385=ORIENTED_EDGE('',*,*,#3357,.F.);
#4386=ORIENTED_EDGE('',*,*,#3360,.T.);
#4387=ORIENTED_EDGE('',*,*,#3361,.F.);
#4388=ORIENTED_EDGE('',*,*,#3362,.T.);
#4389=ORIENTED_EDGE('',*,*,#3363,.T.);
#4390=ORIENTED_EDGE('',*,*,#3364,.T.);
#4391=ORIENTED_EDGE('',*,*,#3365,.T.);
#4392=ORIENTED_EDGE('',*,*,#3366,.T.);
#4393=ORIENTED_EDGE('',*,*,#3364,.F.);
#4394=ORIENTED_EDGE('',*,*,#3367,.T.);
#4395=ORIENTED_EDGE('',*,*,#3368,.F.);
#4396=ORIENTED_EDGE('',*,*,#3369,.F.);
#4397=ORIENTED_EDGE('',*,*,#3370,.T.);
#4398=ORIENTED_EDGE('',*,*,#3371,.T.);
#4399=ORIENTED_EDGE('',*,*,#3372,.T.);
#4400=ORIENTED_EDGE('',*,*,#3373,.T.);
#4401=ORIENTED_EDGE('',*,*,#3371,.F.);
#4402=ORIENTED_EDGE('',*,*,#3374,.T.);
#4403=ORIENTED_EDGE('',*,*,#3375,.F.);
#4404=ORIENTED_EDGE('',*,*,#3376,.F.);
#4405=ORIENTED_EDGE('',*,*,#3377,.T.);
#4406=ORIENTED_EDGE('',*,*,#3378,.T.);
#4407=ORIENTED_EDGE('',*,*,#3379,.T.);
#4408=ORIENTED_EDGE('',*,*,#3380,.T.);
#4409=ORIENTED_EDGE('',*,*,#3378,.F.);
#4410=ORIENTED_EDGE('',*,*,#3381,.T.);
#4411=ORIENTED_EDGE('',*,*,#3382,.F.);
#4412=ORIENTED_EDGE('',*,*,#3383,.T.);
#4413=ORIENTED_EDGE('',*,*,#3384,.T.);
#4414=ORIENTED_EDGE('',*,*,#3385,.T.);
#4415=ORIENTED_EDGE('',*,*,#3386,.T.);
#4416=ORIENTED_EDGE('',*,*,#3387,.T.);
#4417=ORIENTED_EDGE('',*,*,#3385,.F.);
#4418=ORIENTED_EDGE('',*,*,#3388,.T.);
#4419=ORIENTED_EDGE('',*,*,#3389,.F.);
#4420=ORIENTED_EDGE('',*,*,#3390,.T.);
#4421=ORIENTED_EDGE('',*,*,#3391,.T.);
#4422=ORIENTED_EDGE('',*,*,#3392,.T.);
#4423=ORIENTED_EDGE('',*,*,#3393,.T.);
#4424=ORIENTED_EDGE('',*,*,#3394,.T.);
#4425=ORIENTED_EDGE('',*,*,#3392,.F.);
#4426=ORIENTED_EDGE('',*,*,#3395,.F.);
#4427=ORIENTED_EDGE('',*,*,#3396,.F.);
#4428=ORIENTED_EDGE('',*,*,#3397,.T.);
#4429=ORIENTED_EDGE('',*,*,#3398,.T.);
#4430=ORIENTED_EDGE('',*,*,#3399,.T.);
#4431=ORIENTED_EDGE('',*,*,#3400,.T.);
#4432=ORIENTED_EDGE('',*,*,#3401,.T.);
#4433=ORIENTED_EDGE('',*,*,#3399,.F.);
#4434=ORIENTED_EDGE('',*,*,#3402,.T.);
#4435=ORIENTED_EDGE('',*,*,#3403,.F.);
#4436=ORIENTED_EDGE('',*,*,#3404,.T.);
#4437=ORIENTED_EDGE('',*,*,#3405,.T.);
#4438=ORIENTED_EDGE('',*,*,#3406,.T.);
#4439=ORIENTED_EDGE('',*,*,#3407,.T.);
#4440=ORIENTED_EDGE('',*,*,#3408,.T.);
#4441=ORIENTED_EDGE('',*,*,#3406,.F.);
#4442=ORIENTED_EDGE('',*,*,#3409,.F.);
#4443=ORIENTED_EDGE('',*,*,#3410,.F.);
#4444=ORIENTED_EDGE('',*,*,#3411,.T.);
#4445=ORIENTED_EDGE('',*,*,#3412,.T.);
#4446=ORIENTED_EDGE('',*,*,#3382,.T.);
#4447=ORIENTED_EDGE('',*,*,#3413,.T.);
#4448=ORIENTED_EDGE('',*,*,#3414,.T.);
#4449=ORIENTED_EDGE('',*,*,#3415,.T.);
#4450=ORIENTED_EDGE('',*,*,#3375,.T.);
#4451=ORIENTED_EDGE('',*,*,#3416,.T.);
#4452=ORIENTED_EDGE('',*,*,#3417,.T.);
#4453=ORIENTED_EDGE('',*,*,#3418,.T.);
#4454=ORIENTED_EDGE('',*,*,#3361,.T.);
#4455=ORIENTED_EDGE('',*,*,#3419,.T.);
#4456=ORIENTED_EDGE('',*,*,#3420,.T.);
#4457=ORIENTED_EDGE('',*,*,#3421,.T.);
#4458=ORIENTED_EDGE('',*,*,#3368,.T.);
#4459=ORIENTED_EDGE('',*,*,#3422,.T.);
#4460=ORIENTED_EDGE('',*,*,#3423,.T.);
#4461=ORIENTED_EDGE('',*,*,#3424,.T.);
#4462=ORIENTED_EDGE('',*,*,#3389,.T.);
#4463=ORIENTED_EDGE('',*,*,#3425,.T.);
#4464=ORIENTED_EDGE('',*,*,#3426,.T.);
#4465=ORIENTED_EDGE('',*,*,#3427,.T.);
#4466=ORIENTED_EDGE('',*,*,#3410,.T.);
#4467=ORIENTED_EDGE('',*,*,#3428,.T.);
#4468=ORIENTED_EDGE('',*,*,#3429,.T.);
#4469=ORIENTED_EDGE('',*,*,#3430,.T.);
#4470=ORIENTED_EDGE('',*,*,#3403,.T.);
#4471=ORIENTED_EDGE('',*,*,#3431,.T.);
#4472=ORIENTED_EDGE('',*,*,#3432,.T.);
#4473=ORIENTED_EDGE('',*,*,#3433,.T.);
#4474=ORIENTED_EDGE('',*,*,#3396,.T.);
#4475=ORIENTED_EDGE('',*,*,#3434,.T.);
#4476=ORIENTED_EDGE('',*,*,#3435,.T.);
#4477=ORIENTED_EDGE('',*,*,#3436,.F.);
#4478=ORIENTED_EDGE('',*,*,#3393,.F.);
#4479=ORIENTED_EDGE('',*,*,#3397,.F.);
#4480=ORIENTED_EDGE('',*,*,#3433,.F.);
#4481=ORIENTED_EDGE('',*,*,#3437,.F.);
#4482=ORIENTED_EDGE('',*,*,#3438,.F.);
#4483=ORIENTED_EDGE('',*,*,#3439,.F.);
#4484=ORIENTED_EDGE('',*,*,#3431,.F.);
#4485=ORIENTED_EDGE('',*,*,#3402,.F.);
#4486=ORIENTED_EDGE('',*,*,#3398,.F.);
#4487=ORIENTED_EDGE('',*,*,#3440,.F.);
#4488=ORIENTED_EDGE('',*,*,#3358,.F.);
#4489=ORIENTED_EDGE('',*,*,#3362,.F.);
#4490=ORIENTED_EDGE('',*,*,#3418,.F.);
#4491=ORIENTED_EDGE('',*,*,#3441,.F.);
#4492=ORIENTED_EDGE('',*,*,#3442,.F.);
#4493=ORIENTED_EDGE('',*,*,#3443,.F.);
#4494=ORIENTED_EDGE('',*,*,#3422,.F.);
#4495=ORIENTED_EDGE('',*,*,#3367,.F.);
#4496=ORIENTED_EDGE('',*,*,#3363,.F.);
#4497=ORIENTED_EDGE('',*,*,#3444,.T.);
#4498=ORIENTED_EDGE('',*,*,#3445,.T.);
#4499=ORIENTED_EDGE('',*,*,#3446,.T.);
#4500=ORIENTED_EDGE('',*,*,#3447,.F.);
#4501=ORIENTED_EDGE('',*,*,#3448,.F.);
#4502=ORIENTED_EDGE('',*,*,#3449,.F.);
#4503=ORIENTED_EDGE('',*,*,#3450,.F.);
#4504=ORIENTED_EDGE('',*,*,#3451,.F.);
#4505=ORIENTED_EDGE('',*,*,#3452,.F.);
#4506=ORIENTED_EDGE('',*,*,#3453,.F.);
#4507=ORIENTED_EDGE('',*,*,#3440,.T.);
#4508=ORIENTED_EDGE('',*,*,#3366,.F.);
#4509=ORIENTED_EDGE('',*,*,#3454,.T.);
#4510=ORIENTED_EDGE('',*,*,#3455,.F.);
#4511=ORIENTED_EDGE('',*,*,#3456,.T.);
#4512=ORIENTED_EDGE('',*,*,#3457,.F.);
#4513=ORIENTED_EDGE('',*,*,#3458,.T.);
#4514=ORIENTED_EDGE('',*,*,#3380,.F.);
#4515=ORIENTED_EDGE('',*,*,#3459,.T.);
#4516=ORIENTED_EDGE('',*,*,#3373,.F.);
#4517=ORIENTED_EDGE('',*,*,#3460,.T.);
#4518=ORIENTED_EDGE('',*,*,#3461,.F.);
#4519=ORIENTED_EDGE('',*,*,#3462,.F.);
#4520=ORIENTED_EDGE('',*,*,#3463,.F.);
#4521=ORIENTED_EDGE('',*,*,#3464,.T.);
#4522=ORIENTED_EDGE('',*,*,#3359,.F.);
#4523=ORIENTED_EDGE('',*,*,#3465,.T.);
#4524=ORIENTED_EDGE('',*,*,#3466,.F.);
#4525=ORIENTED_EDGE('',*,*,#3467,.F.);
#4526=ORIENTED_EDGE('',*,*,#3468,.F.);
#4527=ORIENTED_EDGE('',*,*,#3469,.T.);
#4528=ORIENTED_EDGE('',*,*,#3394,.F.);
#4529=ORIENTED_EDGE('',*,*,#3436,.T.);
#4530=ORIENTED_EDGE('',*,*,#3401,.F.);
#4531=ORIENTED_EDGE('',*,*,#3470,.T.);
#4532=ORIENTED_EDGE('',*,*,#3471,.F.);
#4533=ORIENTED_EDGE('',*,*,#3472,.T.);
#4534=ORIENTED_EDGE('',*,*,#3473,.F.);
#4535=ORIENTED_EDGE('',*,*,#3474,.T.);
#4536=ORIENTED_EDGE('',*,*,#3408,.F.);
#4537=ORIENTED_EDGE('',*,*,#3475,.T.);
#4538=ORIENTED_EDGE('',*,*,#3387,.F.);
#4539=ORIENTED_EDGE('',*,*,#3476,.T.);
#4540=ORIENTED_EDGE('',*,*,#3477,.T.);
#4541=ORIENTED_EDGE('',*,*,#3478,.F.);
#4542=ORIENTED_EDGE('',*,*,#3479,.T.);
#4543=ORIENTED_EDGE('',*,*,#3480,.T.);
#4544=ORIENTED_EDGE('',*,*,#3481,.F.);
#4545=ORIENTED_EDGE('',*,*,#3482,.T.);
#4546=ORIENTED_EDGE('',*,*,#3441,.T.);
#4547=ORIENTED_EDGE('',*,*,#3420,.F.);
#4548=ORIENTED_EDGE('',*,*,#3483,.T.);
#4549=ORIENTED_EDGE('',*,*,#3484,.T.);
#4550=ORIENTED_EDGE('',*,*,#3485,.T.);
#4551=ORIENTED_EDGE('',*,*,#3417,.F.);
#4552=ORIENTED_EDGE('',*,*,#3486,.T.);
#4553=ORIENTED_EDGE('',*,*,#3487,.T.);
#4554=ORIENTED_EDGE('',*,*,#3488,.T.);
#4555=ORIENTED_EDGE('',*,*,#3489,.T.);
#4556=ORIENTED_EDGE('',*,*,#3490,.T.);
#4557=ORIENTED_EDGE('',*,*,#3484,.F.);
#4558=ORIENTED_EDGE('',*,*,#3491,.T.);
#4559=ORIENTED_EDGE('',*,*,#3489,.F.);
#4560=ORIENTED_EDGE('',*,*,#3492,.T.);
#4561=ORIENTED_EDGE('',*,*,#3423,.F.);
#4562=ORIENTED_EDGE('',*,*,#3443,.T.);
#4563=ORIENTED_EDGE('',*,*,#3493,.F.);
#4564=ORIENTED_EDGE('',*,*,#3494,.F.);
#4565=ORIENTED_EDGE('',*,*,#3495,.T.);
#4566=ORIENTED_EDGE('',*,*,#3437,.T.);
#4567=ORIENTED_EDGE('',*,*,#3435,.F.);
#4568=ORIENTED_EDGE('',*,*,#3496,.T.);
#4569=ORIENTED_EDGE('',*,*,#3447,.T.);
#4570=ORIENTED_EDGE('',*,*,#3497,.T.);
#4571=ORIENTED_EDGE('',*,*,#3426,.F.);
#4572=ORIENTED_EDGE('',*,*,#3498,.T.);
#4573=ORIENTED_EDGE('',*,*,#3499,.T.);
#4574=ORIENTED_EDGE('',*,*,#3500,.F.);
#4575=ORIENTED_EDGE('',*,*,#3501,.F.);
#4576=ORIENTED_EDGE('',*,*,#3502,.T.);
#4577=ORIENTED_EDGE('',*,*,#3414,.F.);
#4578=ORIENTED_EDGE('',*,*,#3459,.F.);
#4579=ORIENTED_EDGE('',*,*,#3379,.F.);
#4580=ORIENTED_EDGE('',*,*,#3383,.F.);
#4581=ORIENTED_EDGE('',*,*,#3412,.F.);
#4582=ORIENTED_EDGE('',*,*,#3502,.F.);
#4583=ORIENTED_EDGE('',*,*,#3503,.F.);
#4584=ORIENTED_EDGE('',*,*,#3476,.F.);
#4585=ORIENTED_EDGE('',*,*,#3416,.F.);
#4586=ORIENTED_EDGE('',*,*,#3374,.F.);
#4587=ORIENTED_EDGE('',*,*,#3370,.F.);
#4588=ORIENTED_EDGE('',*,*,#3504,.F.);
#4589=ORIENTED_EDGE('',*,*,#3505,.F.);
#4590=ORIENTED_EDGE('',*,*,#3498,.F.);
#4591=ORIENTED_EDGE('',*,*,#3425,.F.);
#4592=ORIENTED_EDGE('',*,*,#3388,.F.);
#4593=ORIENTED_EDGE('',*,*,#3384,.F.);
#4594=ORIENTED_EDGE('',*,*,#3475,.F.);
#4595=ORIENTED_EDGE('',*,*,#3407,.F.);
#4596=ORIENTED_EDGE('',*,*,#3411,.F.);
#4597=ORIENTED_EDGE('',*,*,#3427,.F.);
#4598=ORIENTED_EDGE('',*,*,#3442,.T.);
#4599=ORIENTED_EDGE('',*,*,#3482,.F.);
#4600=ORIENTED_EDGE('',*,*,#3506,.F.);
#4601=ORIENTED_EDGE('',*,*,#3493,.T.);
#4602=ORIENTED_EDGE('',*,*,#3505,.T.);
#4603=ORIENTED_EDGE('',*,*,#3507,.T.);
#4604=ORIENTED_EDGE('',*,*,#3508,.F.);
#4605=ORIENTED_EDGE('',*,*,#3499,.F.);
#4606=ORIENTED_EDGE('',*,*,#3509,.F.);
#4607=ORIENTED_EDGE('',*,*,#3510,.T.);
#4608=ORIENTED_EDGE('',*,*,#3486,.F.);
#4609=ORIENTED_EDGE('',*,*,#3487,.F.);
#4610=ORIENTED_EDGE('',*,*,#3510,.F.);
#4611=ORIENTED_EDGE('',*,*,#3511,.F.);
#4612=ORIENTED_EDGE('',*,*,#3512,.F.);
#4613=ORIENTED_EDGE('',*,*,#3513,.F.);
#4614=ORIENTED_EDGE('',*,*,#3514,.T.);
#4615=ORIENTED_EDGE('',*,*,#3515,.F.);
#4616=ORIENTED_EDGE('',*,*,#3516,.F.);
#4617=ORIENTED_EDGE('',*,*,#3514,.F.);
#4618=ORIENTED_EDGE('',*,*,#3515,.T.);
#4619=ORIENTED_EDGE('',*,*,#3517,.F.);
#4620=ORIENTED_EDGE('',*,*,#3518,.F.);
#4621=ORIENTED_EDGE('',*,*,#3519,.T.);
#4622=ORIENTED_EDGE('',*,*,#3516,.T.);
#4623=ORIENTED_EDGE('',*,*,#3520,.T.);
#4624=ORIENTED_EDGE('',*,*,#3521,.T.);
#4625=ORIENTED_EDGE('',*,*,#3522,.F.);
#4626=ORIENTED_EDGE('',*,*,#3523,.T.);
#4627=ORIENTED_EDGE('',*,*,#3524,.T.);
#4628=ORIENTED_EDGE('',*,*,#3525,.T.);
#4629=ORIENTED_EDGE('',*,*,#3526,.F.);
#4630=ORIENTED_EDGE('',*,*,#3527,.T.);
#4631=ORIENTED_EDGE('',*,*,#3528,.F.);
#4632=ORIENTED_EDGE('',*,*,#3529,.F.);
#4633=ORIENTED_EDGE('',*,*,#3530,.F.);
#4634=ORIENTED_EDGE('',*,*,#3531,.T.);
#4635=ORIENTED_EDGE('',*,*,#3509,.T.);
#4636=ORIENTED_EDGE('',*,*,#3531,.F.);
#4637=ORIENTED_EDGE('',*,*,#3532,.F.);
#4638=ORIENTED_EDGE('',*,*,#3533,.T.);
#4639=ORIENTED_EDGE('',*,*,#3511,.T.);
#4640=ORIENTED_EDGE('',*,*,#3534,.T.);
#4641=ORIENTED_EDGE('',*,*,#3535,.T.);
#4642=ORIENTED_EDGE('',*,*,#3523,.F.);
#4643=ORIENTED_EDGE('',*,*,#3463,.T.);
#4644=ORIENTED_EDGE('',*,*,#3536,.T.);
#4645=ORIENTED_EDGE('',*,*,#3530,.T.);
#4646=ORIENTED_EDGE('',*,*,#3537,.T.);
#4647=ORIENTED_EDGE('',*,*,#3538,.T.);
#4648=ORIENTED_EDGE('',*,*,#3537,.F.);
#4649=ORIENTED_EDGE('',*,*,#3529,.T.);
#4650=ORIENTED_EDGE('',*,*,#3539,.T.);
#4651=ORIENTED_EDGE('',*,*,#3540,.T.);
#4652=ORIENTED_EDGE('',*,*,#3539,.F.);
#4653=ORIENTED_EDGE('',*,*,#3528,.T.);
#4654=ORIENTED_EDGE('',*,*,#3541,.T.);
#4655=ORIENTED_EDGE('',*,*,#3542,.T.);
#4656=ORIENTED_EDGE('',*,*,#3543,.T.);
#4657=ORIENTED_EDGE('',*,*,#3544,.T.);
#4658=ORIENTED_EDGE('',*,*,#3545,.T.);
#4659=ORIENTED_EDGE('',*,*,#3542,.F.);
#4660=ORIENTED_EDGE('',*,*,#3546,.T.);
#4661=ORIENTED_EDGE('',*,*,#3455,.T.);
#4662=ORIENTED_EDGE('',*,*,#3547,.T.);
#4663=ORIENTED_EDGE('',*,*,#3544,.F.);
#4664=ORIENTED_EDGE('',*,*,#3548,.T.);
#4665=ORIENTED_EDGE('',*,*,#3548,.F.);
#4666=ORIENTED_EDGE('',*,*,#3549,.T.);
#4667=ORIENTED_EDGE('',*,*,#3550,.F.);
#4668=ORIENTED_EDGE('',*,*,#3456,.F.);
#4669=ORIENTED_EDGE('',*,*,#3546,.F.);
#4670=ORIENTED_EDGE('',*,*,#3551,.F.);
#4671=ORIENTED_EDGE('',*,*,#3552,.F.);
#4672=ORIENTED_EDGE('',*,*,#3553,.F.);
#4673=ORIENTED_EDGE('',*,*,#3549,.F.);
#4674=ORIENTED_EDGE('',*,*,#3541,.F.);
#4675=ORIENTED_EDGE('',*,*,#3554,.T.);
#4676=ORIENTED_EDGE('',*,*,#3551,.T.);
#4677=ORIENTED_EDGE('',*,*,#3536,.F.);
#4678=ORIENTED_EDGE('',*,*,#3462,.T.);
#4679=ORIENTED_EDGE('',*,*,#3555,.F.);
#4680=ORIENTED_EDGE('',*,*,#3532,.T.);
#4681=ORIENTED_EDGE('',*,*,#3457,.T.);
#4682=ORIENTED_EDGE('',*,*,#3550,.T.);
#4683=ORIENTED_EDGE('',*,*,#3556,.T.);
#4684=ORIENTED_EDGE('',*,*,#3557,.T.);
#4685=ORIENTED_EDGE('',*,*,#3558,.T.);
#4686=ORIENTED_EDGE('',*,*,#3559,.T.);
#4687=ORIENTED_EDGE('',*,*,#3556,.F.);
#4688=ORIENTED_EDGE('',*,*,#3553,.T.);
#4689=ORIENTED_EDGE('',*,*,#3560,.T.);
#4690=ORIENTED_EDGE('',*,*,#3561,.T.);
#4691=ORIENTED_EDGE('',*,*,#3558,.F.);
#4692=ORIENTED_EDGE('',*,*,#3562,.T.);
#4693=ORIENTED_EDGE('',*,*,#3563,.T.);
#4694=ORIENTED_EDGE('',*,*,#3560,.F.);
#4695=ORIENTED_EDGE('',*,*,#3564,.T.);
#4696=ORIENTED_EDGE('',*,*,#3565,.T.);
#4697=ORIENTED_EDGE('',*,*,#3566,.T.);
#4698=ORIENTED_EDGE('',*,*,#3461,.T.);
#4699=ORIENTED_EDGE('',*,*,#3567,.T.);
#4700=ORIENTED_EDGE('',*,*,#3565,.F.);
#4701=ORIENTED_EDGE('',*,*,#3568,.T.);
#4702=ORIENTED_EDGE('',*,*,#3555,.T.);
#4703=ORIENTED_EDGE('',*,*,#3557,.F.);
#4704=ORIENTED_EDGE('',*,*,#3559,.F.);
#4705=ORIENTED_EDGE('',*,*,#3561,.F.);
#4706=ORIENTED_EDGE('',*,*,#3566,.F.);
#4707=ORIENTED_EDGE('',*,*,#3567,.F.);
#4708=ORIENTED_EDGE('',*,*,#3460,.F.);
#4709=ORIENTED_EDGE('',*,*,#3372,.F.);
#4710=ORIENTED_EDGE('',*,*,#3376,.T.);
#4711=ORIENTED_EDGE('',*,*,#3415,.F.);
#4712=ORIENTED_EDGE('',*,*,#3485,.F.);
#4713=ORIENTED_EDGE('',*,*,#3490,.F.);
#4714=ORIENTED_EDGE('',*,*,#3491,.F.);
#4715=ORIENTED_EDGE('',*,*,#3413,.F.);
#4716=ORIENTED_EDGE('',*,*,#3381,.F.);
#4717=ORIENTED_EDGE('',*,*,#3377,.F.);
#4718=ORIENTED_EDGE('',*,*,#3458,.F.);
#4719=ORIENTED_EDGE('',*,*,#3468,.T.);
#4720=ORIENTED_EDGE('',*,*,#3569,.T.);
#4721=ORIENTED_EDGE('',*,*,#3570,.T.);
#4722=ORIENTED_EDGE('',*,*,#3571,.T.);
#4723=ORIENTED_EDGE('',*,*,#3572,.T.);
#4724=ORIENTED_EDGE('',*,*,#3573,.T.);
#4725=ORIENTED_EDGE('',*,*,#3570,.F.);
#4726=ORIENTED_EDGE('',*,*,#3574,.T.);
#4727=ORIENTED_EDGE('',*,*,#3575,.T.);
#4728=ORIENTED_EDGE('',*,*,#3576,.T.);
#4729=ORIENTED_EDGE('',*,*,#3572,.F.);
#4730=ORIENTED_EDGE('',*,*,#3577,.T.);
#4731=ORIENTED_EDGE('',*,*,#3578,.T.);
#4732=ORIENTED_EDGE('',*,*,#3575,.F.);
#4733=ORIENTED_EDGE('',*,*,#3579,.T.);
#4734=ORIENTED_EDGE('',*,*,#3580,.T.);
#4735=ORIENTED_EDGE('',*,*,#3581,.T.);
#4736=ORIENTED_EDGE('',*,*,#3471,.T.);
#4737=ORIENTED_EDGE('',*,*,#3582,.T.);
#4738=ORIENTED_EDGE('',*,*,#3580,.F.);
#4739=ORIENTED_EDGE('',*,*,#3583,.T.);
#4740=ORIENTED_EDGE('',*,*,#3584,.T.);
#4741=ORIENTED_EDGE('',*,*,#3571,.F.);
#4742=ORIENTED_EDGE('',*,*,#3573,.F.);
#4743=ORIENTED_EDGE('',*,*,#3576,.F.);
#4744=ORIENTED_EDGE('',*,*,#3581,.F.);
#4745=ORIENTED_EDGE('',*,*,#3582,.F.);
#4746=ORIENTED_EDGE('',*,*,#3470,.F.);
#4747=ORIENTED_EDGE('',*,*,#3400,.F.);
#4748=ORIENTED_EDGE('',*,*,#3404,.F.);
#4749=ORIENTED_EDGE('',*,*,#3430,.F.);
#4750=ORIENTED_EDGE('',*,*,#3585,.F.);
#4751=ORIENTED_EDGE('',*,*,#3444,.F.);
#4752=ORIENTED_EDGE('',*,*,#3496,.F.);
#4753=ORIENTED_EDGE('',*,*,#3434,.F.);
#4754=ORIENTED_EDGE('',*,*,#3395,.T.);
#4755=ORIENTED_EDGE('',*,*,#3391,.F.);
#4756=ORIENTED_EDGE('',*,*,#3469,.F.);
#4757=ORIENTED_EDGE('',*,*,#3584,.F.);
#4758=ORIENTED_EDGE('',*,*,#3518,.T.);
#4759=ORIENTED_EDGE('',*,*,#3586,.F.);
#4760=ORIENTED_EDGE('',*,*,#3472,.F.);
#4761=ORIENTED_EDGE('',*,*,#3473,.T.);
#4762=ORIENTED_EDGE('',*,*,#3586,.T.);
#4763=ORIENTED_EDGE('',*,*,#3587,.T.);
#4764=ORIENTED_EDGE('',*,*,#3588,.T.);
#4765=ORIENTED_EDGE('',*,*,#3589,.T.);
#4766=ORIENTED_EDGE('',*,*,#3588,.F.);
#4767=ORIENTED_EDGE('',*,*,#3590,.T.);
#4768=ORIENTED_EDGE('',*,*,#3591,.T.);
#4769=ORIENTED_EDGE('',*,*,#3592,.T.);
#4770=ORIENTED_EDGE('',*,*,#3591,.F.);
#4771=ORIENTED_EDGE('',*,*,#3593,.T.);
#4772=ORIENTED_EDGE('',*,*,#3594,.T.);
#4773=ORIENTED_EDGE('',*,*,#3595,.T.);
#4774=ORIENTED_EDGE('',*,*,#3596,.T.);
#4775=ORIENTED_EDGE('',*,*,#3597,.T.);
#4776=ORIENTED_EDGE('',*,*,#3598,.T.);
#4777=ORIENTED_EDGE('',*,*,#3595,.F.);
#4778=ORIENTED_EDGE('',*,*,#3599,.T.);
#4779=ORIENTED_EDGE('',*,*,#3466,.T.);
#4780=ORIENTED_EDGE('',*,*,#3600,.T.);
#4781=ORIENTED_EDGE('',*,*,#3597,.F.);
#4782=ORIENTED_EDGE('',*,*,#3601,.T.);
#4783=ORIENTED_EDGE('',*,*,#3569,.F.);
#4784=ORIENTED_EDGE('',*,*,#3467,.T.);
#4785=ORIENTED_EDGE('',*,*,#3601,.F.);
#4786=ORIENTED_EDGE('',*,*,#3602,.F.);
#4787=ORIENTED_EDGE('',*,*,#3574,.F.);
#4788=ORIENTED_EDGE('',*,*,#3602,.T.);
#4789=ORIENTED_EDGE('',*,*,#3599,.F.);
#4790=ORIENTED_EDGE('',*,*,#3603,.F.);
#4791=ORIENTED_EDGE('',*,*,#3604,.F.);
#4792=ORIENTED_EDGE('',*,*,#3594,.F.);
#4793=ORIENTED_EDGE('',*,*,#3605,.T.);
#4794=ORIENTED_EDGE('',*,*,#3603,.T.);
#4795=ORIENTED_EDGE('',*,*,#3587,.F.);
#4796=ORIENTED_EDGE('',*,*,#3517,.T.);
#4797=ORIENTED_EDGE('',*,*,#3522,.T.);
#4798=ORIENTED_EDGE('',*,*,#3606,.T.);
#4799=ORIENTED_EDGE('',*,*,#3607,.T.);
#4800=ORIENTED_EDGE('',*,*,#3608,.F.);
#4801=ORIENTED_EDGE('',*,*,#3609,.T.);
#4802=ORIENTED_EDGE('',*,*,#3593,.F.);
#4803=ORIENTED_EDGE('',*,*,#3590,.F.);
#4804=ORIENTED_EDGE('',*,*,#3579,.F.);
#4805=ORIENTED_EDGE('',*,*,#3578,.F.);
#4806=ORIENTED_EDGE('',*,*,#3610,.F.);
#4807=ORIENTED_EDGE('',*,*,#3611,.T.);
#4808=ORIENTED_EDGE('',*,*,#3612,.F.);
#4809=ORIENTED_EDGE('',*,*,#3613,.F.);
#4810=ORIENTED_EDGE('',*,*,#3520,.F.);
#4811=ORIENTED_EDGE('',*,*,#3519,.F.);
#4812=ORIENTED_EDGE('',*,*,#3583,.F.);
#4813=ORIENTED_EDGE('',*,*,#3605,.F.);
#4814=ORIENTED_EDGE('',*,*,#3609,.F.);
#4815=ORIENTED_EDGE('',*,*,#3614,.T.);
#4816=ORIENTED_EDGE('',*,*,#3610,.T.);
#4817=ORIENTED_EDGE('',*,*,#3615,.F.);
#4818=ORIENTED_EDGE('',*,*,#3616,.T.);
#4819=ORIENTED_EDGE('',*,*,#3611,.F.);
#4820=ORIENTED_EDGE('',*,*,#3614,.F.);
#4821=ORIENTED_EDGE('',*,*,#3608,.T.);
#4822=ORIENTED_EDGE('',*,*,#3616,.F.);
#4823=ORIENTED_EDGE('',*,*,#3607,.F.);
#4824=ORIENTED_EDGE('',*,*,#3617,.F.);
#4825=ORIENTED_EDGE('',*,*,#3612,.T.);
#4826=ORIENTED_EDGE('',*,*,#3521,.F.);
#4827=ORIENTED_EDGE('',*,*,#3613,.T.);
#4828=ORIENTED_EDGE('',*,*,#3617,.T.);
#4829=ORIENTED_EDGE('',*,*,#3606,.F.);
#4830=ORIENTED_EDGE('',*,*,#3577,.F.);
#4831=ORIENTED_EDGE('',*,*,#3604,.T.);
#4832=ORIENTED_EDGE('',*,*,#3615,.T.);
#4833=ORIENTED_EDGE('',*,*,#3533,.F.);
#4834=ORIENTED_EDGE('',*,*,#3568,.F.);
#4835=ORIENTED_EDGE('',*,*,#3564,.F.);
#4836=ORIENTED_EDGE('',*,*,#3563,.F.);
#4837=ORIENTED_EDGE('',*,*,#3618,.F.);
#4838=ORIENTED_EDGE('',*,*,#3619,.T.);
#4839=ORIENTED_EDGE('',*,*,#3620,.F.);
#4840=ORIENTED_EDGE('',*,*,#3621,.F.);
#4841=ORIENTED_EDGE('',*,*,#3534,.F.);
#4842=ORIENTED_EDGE('',*,*,#3554,.F.);
#4843=ORIENTED_EDGE('',*,*,#3527,.F.);
#4844=ORIENTED_EDGE('',*,*,#3622,.T.);
#4845=ORIENTED_EDGE('',*,*,#3618,.T.);
#4846=ORIENTED_EDGE('',*,*,#3623,.F.);
#4847=ORIENTED_EDGE('',*,*,#3624,.T.);
#4848=ORIENTED_EDGE('',*,*,#3619,.F.);
#4849=ORIENTED_EDGE('',*,*,#3622,.F.);
#4850=ORIENTED_EDGE('',*,*,#3526,.T.);
#4851=ORIENTED_EDGE('',*,*,#3624,.F.);
#4852=ORIENTED_EDGE('',*,*,#3525,.F.);
#4853=ORIENTED_EDGE('',*,*,#3625,.F.);
#4854=ORIENTED_EDGE('',*,*,#3620,.T.);
#4855=ORIENTED_EDGE('',*,*,#3535,.F.);
#4856=ORIENTED_EDGE('',*,*,#3621,.T.);
#4857=ORIENTED_EDGE('',*,*,#3625,.T.);
#4858=ORIENTED_EDGE('',*,*,#3524,.F.);
#4859=ORIENTED_EDGE('',*,*,#3562,.F.);
#4860=ORIENTED_EDGE('',*,*,#3552,.T.);
#4861=ORIENTED_EDGE('',*,*,#3623,.T.);
#4862=ORIENTED_EDGE('',*,*,#3600,.F.);
#4863=ORIENTED_EDGE('',*,*,#3465,.F.);
#4864=ORIENTED_EDGE('',*,*,#3386,.F.);
#4865=ORIENTED_EDGE('',*,*,#3390,.F.);
#4866=ORIENTED_EDGE('',*,*,#3424,.F.);
#4867=ORIENTED_EDGE('',*,*,#3497,.F.);
#4868=ORIENTED_EDGE('',*,*,#3446,.F.);
#4869=ORIENTED_EDGE('',*,*,#3626,.F.);
#4870=ORIENTED_EDGE('',*,*,#3428,.F.);
#4871=ORIENTED_EDGE('',*,*,#3409,.T.);
#4872=ORIENTED_EDGE('',*,*,#3405,.F.);
#4873=ORIENTED_EDGE('',*,*,#3474,.F.);
#4874=ORIENTED_EDGE('',*,*,#3589,.F.);
#4875=ORIENTED_EDGE('',*,*,#3592,.F.);
#4876=ORIENTED_EDGE('',*,*,#3596,.F.);
#4877=ORIENTED_EDGE('',*,*,#3598,.F.);
#4878=ORIENTED_EDGE('',*,*,#3547,.F.);
#4879=ORIENTED_EDGE('',*,*,#3454,.F.);
#4880=ORIENTED_EDGE('',*,*,#3365,.F.);
#4881=ORIENTED_EDGE('',*,*,#3369,.T.);
#4882=ORIENTED_EDGE('',*,*,#3421,.F.);
#4883=ORIENTED_EDGE('',*,*,#3492,.F.);
#4884=ORIENTED_EDGE('',*,*,#3488,.F.);
#4885=ORIENTED_EDGE('',*,*,#3483,.F.);
#4886=ORIENTED_EDGE('',*,*,#3419,.F.);
#4887=ORIENTED_EDGE('',*,*,#3360,.F.);
#4888=ORIENTED_EDGE('',*,*,#3356,.F.);
#4889=ORIENTED_EDGE('',*,*,#3464,.F.);
#4890=ORIENTED_EDGE('',*,*,#3538,.F.);
#4891=ORIENTED_EDGE('',*,*,#3540,.F.);
#4892=ORIENTED_EDGE('',*,*,#3543,.F.);
#4893=ORIENTED_EDGE('',*,*,#3545,.F.);
#4894=ORIENTED_EDGE('',*,*,#3448,.T.);
#4895=ORIENTED_EDGE('',*,*,#3627,.F.);
#4896=ORIENTED_EDGE('',*,*,#3628,.T.);
#4897=ORIENTED_EDGE('',*,*,#3629,.T.);
#4898=ORIENTED_EDGE('',*,*,#3453,.T.);
#4899=ORIENTED_EDGE('',*,*,#3630,.F.);
#4900=ORIENTED_EDGE('',*,*,#3631,.T.);
#4901=ORIENTED_EDGE('',*,*,#3632,.T.);
#4902=ORIENTED_EDGE('',*,*,#3633,.F.);
#4903=ORIENTED_EDGE('',*,*,#3634,.T.);
#4904=ORIENTED_EDGE('',*,*,#3635,.F.);
#4905=ORIENTED_EDGE('',*,*,#3636,.F.);
#4906=ORIENTED_EDGE('',*,*,#3637,.F.);
#4907=ORIENTED_EDGE('',*,*,#3636,.T.);
#4908=ORIENTED_EDGE('',*,*,#3638,.F.);
#4909=ORIENTED_EDGE('',*,*,#3639,.F.);
#4910=ORIENTED_EDGE('',*,*,#3629,.F.);
#4911=ORIENTED_EDGE('',*,*,#3640,.F.);
#4912=ORIENTED_EDGE('',*,*,#3641,.F.);
#4913=ORIENTED_EDGE('',*,*,#3642,.T.);
#4914=ORIENTED_EDGE('',*,*,#3643,.F.);
#4915=ORIENTED_EDGE('',*,*,#3627,.T.);
#4916=ORIENTED_EDGE('',*,*,#3632,.F.);
#4917=ORIENTED_EDGE('',*,*,#3644,.F.);
#4918=ORIENTED_EDGE('',*,*,#3642,.F.);
#4919=ORIENTED_EDGE('',*,*,#3645,.F.);
#4920=ORIENTED_EDGE('',*,*,#3630,.T.);
#4921=ORIENTED_EDGE('',*,*,#3646,.F.);
#4922=ORIENTED_EDGE('',*,*,#3647,.F.);
#4923=ORIENTED_EDGE('',*,*,#3634,.F.);
#4924=ORIENTED_EDGE('',*,*,#3645,.T.);
#4925=ORIENTED_EDGE('',*,*,#3633,.T.);
#4926=ORIENTED_EDGE('',*,*,#3637,.T.);
#4927=ORIENTED_EDGE('',*,*,#3628,.F.);
#4928=ORIENTED_EDGE('',*,*,#3643,.T.);
#4929=ORIENTED_EDGE('',*,*,#3644,.T.);
#4930=ORIENTED_EDGE('',*,*,#3631,.F.);
#4931=ORIENTED_EDGE('',*,*,#3647,.T.);
#4932=ORIENTED_EDGE('',*,*,#3480,.F.);
#4933=ORIENTED_EDGE('',*,*,#3640,.T.);
#4934=ORIENTED_EDGE('',*,*,#3641,.T.);
#4935=ORIENTED_EDGE('',*,*,#3479,.F.);
#4936=ORIENTED_EDGE('',*,*,#3638,.T.);
#4937=ORIENTED_EDGE('',*,*,#3635,.T.);
#4938=ORIENTED_EDGE('',*,*,#3648,.F.);
#4939=ORIENTED_EDGE('',*,*,#3649,.F.);
#4940=ORIENTED_EDGE('',*,*,#3650,.T.);
#4941=ORIENTED_EDGE('',*,*,#3651,.T.);
#4942=ORIENTED_EDGE('',*,*,#3652,.T.);
#4943=ORIENTED_EDGE('',*,*,#3650,.F.);
#4944=ORIENTED_EDGE('',*,*,#3653,.F.);
#4945=ORIENTED_EDGE('',*,*,#3654,.F.);
#4946=ORIENTED_EDGE('',*,*,#3655,.F.);
#4947=ORIENTED_EDGE('',*,*,#3656,.F.);
#4948=ORIENTED_EDGE('',*,*,#3657,.F.);
#4949=ORIENTED_EDGE('',*,*,#3656,.T.);
#4950=ORIENTED_EDGE('',*,*,#3658,.F.);
#4951=ORIENTED_EDGE('',*,*,#3659,.F.);
#4952=ORIENTED_EDGE('',*,*,#3660,.T.);
#4953=ORIENTED_EDGE('',*,*,#3659,.T.);
#4954=ORIENTED_EDGE('',*,*,#3661,.F.);
#4955=ORIENTED_EDGE('',*,*,#3662,.F.);
#4956=ORIENTED_EDGE('',*,*,#3660,.F.);
#4957=ORIENTED_EDGE('',*,*,#3451,.T.);
#4958=ORIENTED_EDGE('',*,*,#3651,.F.);
#4959=ORIENTED_EDGE('',*,*,#3652,.F.);
#4960=ORIENTED_EDGE('',*,*,#3450,.T.);
#4961=ORIENTED_EDGE('',*,*,#3653,.T.);
#4962=ORIENTED_EDGE('',*,*,#3657,.T.);
#4963=ORIENTED_EDGE('',*,*,#3661,.T.);
#4964=ORIENTED_EDGE('',*,*,#3658,.T.);
#4965=ORIENTED_EDGE('',*,*,#3655,.T.);
#4966=ORIENTED_EDGE('',*,*,#3663,.F.);
#4967=ORIENTED_EDGE('',*,*,#3648,.T.);
#4968=ORIENTED_EDGE('',*,*,#3649,.T.);
#4969=ORIENTED_EDGE('',*,*,#3664,.F.);
#4970=ORIENTED_EDGE('',*,*,#3646,.T.);
#4971=ORIENTED_EDGE('',*,*,#3452,.T.);
#4972=ORIENTED_EDGE('',*,*,#3662,.T.);
#4973=ORIENTED_EDGE('',*,*,#3665,.T.);
#4974=ORIENTED_EDGE('',*,*,#3666,.T.);
#4975=ORIENTED_EDGE('',*,*,#3494,.T.);
#4976=ORIENTED_EDGE('',*,*,#3506,.T.);
#4977=ORIENTED_EDGE('',*,*,#3481,.T.);
#4978=ORIENTED_EDGE('',*,*,#3667,.T.);
#4979=ORIENTED_EDGE('',*,*,#3668,.F.);
#4980=ORIENTED_EDGE('',*,*,#3669,.T.);
#4981=ORIENTED_EDGE('',*,*,#3667,.F.);
#4982=ORIENTED_EDGE('',*,*,#3669,.F.);
#4983=ORIENTED_EDGE('',*,*,#3626,.T.);
#4984=ORIENTED_EDGE('',*,*,#3445,.F.);
#4985=ORIENTED_EDGE('',*,*,#3585,.T.);
#4986=ORIENTED_EDGE('',*,*,#3432,.F.);
#4987=ORIENTED_EDGE('',*,*,#3439,.T.);
#4988=ORIENTED_EDGE('',*,*,#3670,.F.);
#4989=ORIENTED_EDGE('',*,*,#3665,.F.);
#4990=ORIENTED_EDGE('',*,*,#3664,.T.);
#4991=ORIENTED_EDGE('',*,*,#3663,.T.);
#4992=ORIENTED_EDGE('',*,*,#3671,.F.);
#4993=ORIENTED_EDGE('',*,*,#3507,.F.);
#4994=ORIENTED_EDGE('',*,*,#3504,.T.);
#4995=ORIENTED_EDGE('',*,*,#3429,.F.);
#4996=ORIENTED_EDGE('',*,*,#3512,.T.);
#4997=ORIENTED_EDGE('',*,*,#3513,.T.);
#4998=ORIENTED_EDGE('',*,*,#3438,.T.);
#4999=ORIENTED_EDGE('',*,*,#3495,.F.);
#5000=ORIENTED_EDGE('',*,*,#3666,.F.);
#5001=ORIENTED_EDGE('',*,*,#3670,.T.);
#5002=ORIENTED_EDGE('',*,*,#3503,.T.);
#5003=ORIENTED_EDGE('',*,*,#3501,.T.);
#5004=ORIENTED_EDGE('',*,*,#3672,.F.);
#5005=ORIENTED_EDGE('',*,*,#3477,.F.);
#5006=ORIENTED_EDGE('',*,*,#3478,.T.);
#5007=ORIENTED_EDGE('',*,*,#3672,.T.);
#5008=ORIENTED_EDGE('',*,*,#3500,.T.);
#5009=ORIENTED_EDGE('',*,*,#3508,.T.);
#5010=ORIENTED_EDGE('',*,*,#3671,.T.);
#5011=ORIENTED_EDGE('',*,*,#3654,.T.);
#5012=ORIENTED_EDGE('',*,*,#3449,.T.);
#5013=ORIENTED_EDGE('',*,*,#3639,.T.);
#5014=ORIENTED_EDGE('',*,*,#3350,.T.);
#5015=ORIENTED_EDGE('',*,*,#3353,.T.);
#5016=ORIENTED_EDGE('',*,*,#3668,.T.);
#5017=ORIENTED_EDGE('',*,*,#3673,.T.);
#5018=ORIENTED_EDGE('',*,*,#3674,.F.);
#5019=ORIENTED_EDGE('',*,*,#3675,.T.);
#5020=ORIENTED_EDGE('',*,*,#3673,.F.);
#5021=ORIENTED_EDGE('',*,*,#3675,.F.);
#5022=ORIENTED_EDGE('',*,*,#3674,.T.);
#5023=ORIENTED_EDGE('',*,*,#3676,.F.);
#5024=ORIENTED_EDGE('',*,*,#3677,.F.);
#5025=ORIENTED_EDGE('',*,*,#3678,.T.);
#5026=ORIENTED_EDGE('',*,*,#3676,.T.);
#5027=ORIENTED_EDGE('',*,*,#3678,.F.);
#5028=ORIENTED_EDGE('',*,*,#3677,.T.);
#5029=ORIENTED_EDGE('',*,*,#3679,.F.);
#5030=ORIENTED_EDGE('',*,*,#3680,.T.);
#5031=ORIENTED_EDGE('',*,*,#3681,.F.);
#5032=ORIENTED_EDGE('',*,*,#3680,.F.);
#5033=ORIENTED_EDGE('',*,*,#3682,.F.);
#5034=ORIENTED_EDGE('',*,*,#3683,.T.);
#5035=ORIENTED_EDGE('',*,*,#3684,.F.);
#5036=ORIENTED_EDGE('',*,*,#3683,.F.);
#5037=ORIENTED_EDGE('',*,*,#3685,.F.);
#5038=ORIENTED_EDGE('',*,*,#3686,.F.);
#5039=ORIENTED_EDGE('',*,*,#3687,.F.);
#5040=ORIENTED_EDGE('',*,*,#3688,.F.);
#5041=ORIENTED_EDGE('',*,*,#3686,.T.);
#5042=ORIENTED_EDGE('',*,*,#3689,.F.);
#5043=ORIENTED_EDGE('',*,*,#3690,.F.);
#5044=ORIENTED_EDGE('',*,*,#3691,.F.);
#5045=ORIENTED_EDGE('',*,*,#3692,.F.);
#5046=ORIENTED_EDGE('',*,*,#3693,.F.);
#5047=ORIENTED_EDGE('',*,*,#3694,.F.);
#5048=ORIENTED_EDGE('',*,*,#3695,.F.);
#5049=ORIENTED_EDGE('',*,*,#3679,.T.);
#5050=ORIENTED_EDGE('',*,*,#3682,.T.);
#5051=ORIENTED_EDGE('',*,*,#3696,.F.);
#5052=ORIENTED_EDGE('',*,*,#3697,.F.);
#5053=ORIENTED_EDGE('',*,*,#3685,.T.);
#5054=ORIENTED_EDGE('',*,*,#3698,.F.);
#5055=ORIENTED_EDGE('',*,*,#3699,.F.);
#5056=ORIENTED_EDGE('',*,*,#3700,.F.);
#5057=ORIENTED_EDGE('',*,*,#3689,.T.);
#5058=ORIENTED_EDGE('',*,*,#3688,.T.);
#5059=ORIENTED_EDGE('',*,*,#3701,.T.);
#5060=ORIENTED_EDGE('',*,*,#3702,.F.);
#5061=ORIENTED_EDGE('',*,*,#3703,.F.);
#5062=ORIENTED_EDGE('',*,*,#3704,.F.);
#5063=ORIENTED_EDGE('',*,*,#3705,.F.);
#5064=ORIENTED_EDGE('',*,*,#3706,.F.);
#5065=ORIENTED_EDGE('',*,*,#3707,.F.);
#5066=ORIENTED_EDGE('',*,*,#3708,.F.);
#5067=ORIENTED_EDGE('',*,*,#3709,.F.);
#5068=ORIENTED_EDGE('',*,*,#3710,.F.);
#5069=ORIENTED_EDGE('',*,*,#3711,.F.);
#5070=ORIENTED_EDGE('',*,*,#3712,.F.);
#5071=ORIENTED_EDGE('',*,*,#3698,.T.);
#5072=ORIENTED_EDGE('',*,*,#3713,.T.);
#5073=ORIENTED_EDGE('',*,*,#3714,.T.);
#5074=ORIENTED_EDGE('',*,*,#3715,.T.);
#5075=ORIENTED_EDGE('',*,*,#3699,.T.);
#5076=ORIENTED_EDGE('',*,*,#3712,.T.);
#5077=ORIENTED_EDGE('',*,*,#3716,.F.);
#5078=ORIENTED_EDGE('',*,*,#3717,.F.);
#5079=ORIENTED_EDGE('',*,*,#3718,.F.);
#5080=ORIENTED_EDGE('',*,*,#3719,.F.);
#5081=ORIENTED_EDGE('',*,*,#3720,.T.);
#5082=ORIENTED_EDGE('',*,*,#3721,.F.);
#5083=ORIENTED_EDGE('',*,*,#3722,.F.);
#5084=ORIENTED_EDGE('',*,*,#3723,.F.);
#5085=ORIENTED_EDGE('',*,*,#3724,.F.);
#5086=ORIENTED_EDGE('',*,*,#3702,.T.);
#5087=ORIENTED_EDGE('',*,*,#3725,.F.);
#5088=ORIENTED_EDGE('',*,*,#3704,.T.);
#5089=ORIENTED_EDGE('',*,*,#3726,.F.);
#5090=ORIENTED_EDGE('',*,*,#3727,.F.);
#5091=ORIENTED_EDGE('',*,*,#3728,.F.);
#5092=ORIENTED_EDGE('',*,*,#3729,.T.);
#5093=ORIENTED_EDGE('',*,*,#3730,.F.);
#5094=ORIENTED_EDGE('',*,*,#3731,.F.);
#5095=ORIENTED_EDGE('',*,*,#3732,.F.);
#5096=ORIENTED_EDGE('',*,*,#3731,.T.);
#5097=ORIENTED_EDGE('',*,*,#3733,.F.);
#5098=ORIENTED_EDGE('',*,*,#3734,.F.);
#5099=ORIENTED_EDGE('',*,*,#3735,.F.);
#5100=ORIENTED_EDGE('',*,*,#3736,.F.);
#5101=ORIENTED_EDGE('',*,*,#3737,.T.);
#5102=ORIENTED_EDGE('',*,*,#3738,.T.);
#5103=ORIENTED_EDGE('',*,*,#3715,.F.);
#5104=ORIENTED_EDGE('',*,*,#3738,.F.);
#5105=ORIENTED_EDGE('',*,*,#3737,.F.);
#5106=ORIENTED_EDGE('',*,*,#3681,.T.);
#5107=ORIENTED_EDGE('',*,*,#3684,.T.);
#5108=ORIENTED_EDGE('',*,*,#3739,.F.);
#5109=ORIENTED_EDGE('',*,*,#3740,.F.);
#5110=ORIENTED_EDGE('',*,*,#3741,.F.);
#5111=ORIENTED_EDGE('',*,*,#3742,.F.);
#5112=ORIENTED_EDGE('',*,*,#3743,.F.);
#5113=ORIENTED_EDGE('',*,*,#3744,.F.);
#5114=ORIENTED_EDGE('',*,*,#3745,.F.);
#5115=ORIENTED_EDGE('',*,*,#3746,.F.);
#5116=ORIENTED_EDGE('',*,*,#3747,.F.);
#5117=ORIENTED_EDGE('',*,*,#3710,.T.);
#5118=ORIENTED_EDGE('',*,*,#3748,.F.);
#5119=ORIENTED_EDGE('',*,*,#3749,.F.);
#5120=ORIENTED_EDGE('',*,*,#3750,.F.);
#5121=ORIENTED_EDGE('',*,*,#3751,.F.);
#5122=ORIENTED_EDGE('',*,*,#3752,.F.);
#5123=ORIENTED_EDGE('',*,*,#3729,.F.);
#5124=ORIENTED_EDGE('',*,*,#3700,.T.);
#5125=ORIENTED_EDGE('',*,*,#3719,.T.);
#5126=ORIENTED_EDGE('',*,*,#3753,.T.);
#5127=ORIENTED_EDGE('',*,*,#3690,.T.);
#5128=ORIENTED_EDGE('',*,*,#3754,.T.);
#5129=ORIENTED_EDGE('',*,*,#3694,.T.);
#5130=ORIENTED_EDGE('',*,*,#3755,.T.);
#5131=ORIENTED_EDGE('',*,*,#3721,.T.);
#5132=ORIENTED_EDGE('',*,*,#3703,.T.);
#5133=ORIENTED_EDGE('',*,*,#3724,.T.);
#5134=ORIENTED_EDGE('',*,*,#3756,.T.);
#5135=ORIENTED_EDGE('',*,*,#3726,.T.);
#5136=ORIENTED_EDGE('',*,*,#3757,.T.);
#5137=ORIENTED_EDGE('',*,*,#3740,.T.);
#5138=ORIENTED_EDGE('',*,*,#3758,.T.);
#5139=ORIENTED_EDGE('',*,*,#3723,.T.);
#5140=ORIENTED_EDGE('',*,*,#3708,.T.);
#5141=ORIENTED_EDGE('',*,*,#3759,.F.);
#5142=ORIENTED_EDGE('',*,*,#3752,.T.);
#5143=ORIENTED_EDGE('',*,*,#3760,.F.);
#5144=ORIENTED_EDGE('',*,*,#3759,.T.);
#5145=ORIENTED_EDGE('',*,*,#3707,.T.);
#5146=ORIENTED_EDGE('',*,*,#3761,.F.);
#5147=ORIENTED_EDGE('',*,*,#3730,.T.);
#5148=ORIENTED_EDGE('',*,*,#3733,.T.);
#5149=ORIENTED_EDGE('',*,*,#3761,.T.);
#5150=ORIENTED_EDGE('',*,*,#3706,.T.);
#5151=ORIENTED_EDGE('',*,*,#3762,.F.);
#5152=ORIENTED_EDGE('',*,*,#3763,.T.);
#5153=ORIENTED_EDGE('',*,*,#3735,.T.);
#5154=ORIENTED_EDGE('',*,*,#3764,.T.);
#5155=ORIENTED_EDGE('',*,*,#3741,.T.);
#5156=ORIENTED_EDGE('',*,*,#3765,.T.);
#5157=ORIENTED_EDGE('',*,*,#3727,.T.);
#5158=ORIENTED_EDGE('',*,*,#3766,.T.);
#5159=ORIENTED_EDGE('',*,*,#3739,.T.);
#5160=ORIENTED_EDGE('',*,*,#3725,.T.);
#5161=ORIENTED_EDGE('',*,*,#3767,.T.);
#5162=ORIENTED_EDGE('',*,*,#3734,.T.);
#5163=ORIENTED_EDGE('',*,*,#3762,.T.);
#5164=ORIENTED_EDGE('',*,*,#3705,.T.);
#5165=ORIENTED_EDGE('',*,*,#3764,.F.);
#5166=ORIENTED_EDGE('',*,*,#3767,.F.);
#5167=ORIENTED_EDGE('',*,*,#3765,.F.);
#5168=ORIENTED_EDGE('',*,*,#3768,.T.);
#5169=ORIENTED_EDGE('',*,*,#3736,.T.);
#5170=ORIENTED_EDGE('',*,*,#3769,.T.);
#5171=ORIENTED_EDGE('',*,*,#3722,.T.);
#5172=ORIENTED_EDGE('',*,*,#3757,.F.);
#5173=ORIENTED_EDGE('',*,*,#3769,.F.);
#5174=ORIENTED_EDGE('',*,*,#3763,.F.);
#5175=ORIENTED_EDGE('',*,*,#3758,.F.);
#5176=ORIENTED_EDGE('',*,*,#3766,.F.);
#5177=ORIENTED_EDGE('',*,*,#3756,.F.);
#5178=ORIENTED_EDGE('',*,*,#3751,.T.);
#5179=ORIENTED_EDGE('',*,*,#3770,.T.);
#5180=ORIENTED_EDGE('',*,*,#3745,.T.);
#5181=ORIENTED_EDGE('',*,*,#3709,.T.);
#5182=ORIENTED_EDGE('',*,*,#3760,.T.);
#5183=ORIENTED_EDGE('',*,*,#3771,.T.);
#5184=ORIENTED_EDGE('',*,*,#3748,.T.);
#5185=ORIENTED_EDGE('',*,*,#3772,.F.);
#5186=ORIENTED_EDGE('',*,*,#3691,.T.);
#5187=ORIENTED_EDGE('',*,*,#3772,.T.);
#5188=ORIENTED_EDGE('',*,*,#3728,.T.);
#5189=ORIENTED_EDGE('',*,*,#3773,.F.);
#5190=ORIENTED_EDGE('',*,*,#3692,.T.);
#5191=ORIENTED_EDGE('',*,*,#3773,.T.);
#5192=ORIENTED_EDGE('',*,*,#3732,.T.);
#5193=ORIENTED_EDGE('',*,*,#3774,.T.);
#5194=ORIENTED_EDGE('',*,*,#3693,.T.);
#5195=ORIENTED_EDGE('',*,*,#3755,.F.);
#5196=ORIENTED_EDGE('',*,*,#3774,.F.);
#5197=ORIENTED_EDGE('',*,*,#3768,.F.);
#5198=ORIENTED_EDGE('',*,*,#3775,.T.);
#5199=ORIENTED_EDGE('',*,*,#3746,.T.);
#5200=ORIENTED_EDGE('',*,*,#3776,.T.);
#5201=ORIENTED_EDGE('',*,*,#3743,.T.);
#5202=ORIENTED_EDGE('',*,*,#3777,.T.);
#5203=ORIENTED_EDGE('',*,*,#3750,.T.);
#5204=ORIENTED_EDGE('',*,*,#3778,.T.);
#5205=ORIENTED_EDGE('',*,*,#3744,.T.);
#5206=ORIENTED_EDGE('',*,*,#3770,.F.);
#5207=ORIENTED_EDGE('',*,*,#3777,.F.);
#5208=ORIENTED_EDGE('',*,*,#3776,.F.);
#5209=ORIENTED_EDGE('',*,*,#3779,.T.);
#5210=ORIENTED_EDGE('',*,*,#3749,.T.);
#5211=ORIENTED_EDGE('',*,*,#3780,.T.);
#5212=ORIENTED_EDGE('',*,*,#3718,.T.);
#5213=ORIENTED_EDGE('',*,*,#3753,.F.);
#5214=ORIENTED_EDGE('',*,*,#3780,.F.);
#5215=ORIENTED_EDGE('',*,*,#3771,.F.);
#5216=ORIENTED_EDGE('',*,*,#3711,.T.);
#5217=ORIENTED_EDGE('',*,*,#3747,.T.);
#5218=ORIENTED_EDGE('',*,*,#3781,.T.);
#5219=ORIENTED_EDGE('',*,*,#3716,.T.);
#5220=ORIENTED_EDGE('',*,*,#3782,.T.);
#5221=ORIENTED_EDGE('',*,*,#3742,.T.);
#5222=ORIENTED_EDGE('',*,*,#3783,.T.);
#5223=ORIENTED_EDGE('',*,*,#3717,.T.);
#5224=ORIENTED_EDGE('',*,*,#3775,.F.);
#5225=ORIENTED_EDGE('',*,*,#3782,.F.);
#5226=ORIENTED_EDGE('',*,*,#3781,.F.);
#5227=ORIENTED_EDGE('',*,*,#3783,.F.);
#5228=ORIENTED_EDGE('',*,*,#3778,.F.);
#5229=ORIENTED_EDGE('',*,*,#3779,.F.);
#5230=ORIENTED_EDGE('',*,*,#3687,.T.);
#5231=ORIENTED_EDGE('',*,*,#3695,.T.);
#5232=ORIENTED_EDGE('',*,*,#3754,.F.);
#5233=ORIENTED_EDGE('',*,*,#3720,.F.);
#5234=ORIENTED_EDGE('',*,*,#3701,.F.);
#5235=ORIENTED_EDGE('',*,*,#3696,.T.);
#5236=ORIENTED_EDGE('',*,*,#3784,.T.);
#5237=ORIENTED_EDGE('',*,*,#3714,.F.);
#5238=ORIENTED_EDGE('',*,*,#3784,.F.);
#5239=ORIENTED_EDGE('',*,*,#3697,.T.);
#5240=ORIENTED_EDGE('',*,*,#3785,.T.);
#5241=ORIENTED_EDGE('',*,*,#3713,.F.);
#5242=ORIENTED_EDGE('',*,*,#3785,.F.);
#5243=ORIENTED_EDGE('',*,*,#3786,.T.);
#5244=ORIENTED_EDGE('',*,*,#3787,.T.);
#5245=ORIENTED_EDGE('',*,*,#3788,.T.);
#5246=ORIENTED_EDGE('',*,*,#3789,.T.);
#5247=ORIENTED_EDGE('',*,*,#3788,.F.);
#5248=ORIENTED_EDGE('',*,*,#3790,.F.);
#5249=ORIENTED_EDGE('',*,*,#3791,.T.);
#5250=ORIENTED_EDGE('',*,*,#3792,.F.);
#5251=ORIENTED_EDGE('',*,*,#3793,.F.);
#5252=ORIENTED_EDGE('',*,*,#3794,.T.);
#5253=ORIENTED_EDGE('',*,*,#3795,.T.);
#5254=ORIENTED_EDGE('',*,*,#3796,.T.);
#5255=ORIENTED_EDGE('',*,*,#3793,.T.);
#5256=ORIENTED_EDGE('',*,*,#3797,.T.);
#5257=ORIENTED_EDGE('',*,*,#3798,.T.);
#5258=ORIENTED_EDGE('',*,*,#3799,.T.);
#5259=ORIENTED_EDGE('',*,*,#3796,.F.);
#5260=ORIENTED_EDGE('',*,*,#3800,.F.);
#5261=ORIENTED_EDGE('',*,*,#3801,.F.);
#5262=ORIENTED_EDGE('',*,*,#3789,.F.);
#5263=ORIENTED_EDGE('',*,*,#3794,.F.);
#5264=ORIENTED_EDGE('',*,*,#3799,.F.);
#5265=ORIENTED_EDGE('',*,*,#3802,.F.);
#5266=ORIENTED_EDGE('',*,*,#3803,.T.);
#5267=ORIENTED_EDGE('',*,*,#3795,.F.);
#5268=ORIENTED_EDGE('',*,*,#3803,.F.);
#5269=ORIENTED_EDGE('',*,*,#3804,.F.);
#5270=ORIENTED_EDGE('',*,*,#3800,.T.);
#5271=ORIENTED_EDGE('',*,*,#3786,.F.);
#5272=ORIENTED_EDGE('',*,*,#3801,.T.);
#5273=ORIENTED_EDGE('',*,*,#3804,.T.);
#5274=ORIENTED_EDGE('',*,*,#3802,.T.);
#5275=ORIENTED_EDGE('',*,*,#3798,.F.);
#5276=ORIENTED_EDGE('',*,*,#3805,.F.);
#5277=ORIENTED_EDGE('',*,*,#3806,.F.);
#5278=ORIENTED_EDGE('',*,*,#3807,.F.);
#5279=ORIENTED_EDGE('',*,*,#3797,.F.);
#5280=ORIENTED_EDGE('',*,*,#3792,.T.);
#5281=ORIENTED_EDGE('',*,*,#3808,.T.);
#5282=ORIENTED_EDGE('',*,*,#3805,.T.);
#5283=ORIENTED_EDGE('',*,*,#3787,.F.);
#5284=ORIENTED_EDGE('',*,*,#3807,.T.);
#5285=ORIENTED_EDGE('',*,*,#3809,.T.);
#5286=ORIENTED_EDGE('',*,*,#3790,.T.);
#5287=ORIENTED_EDGE('',*,*,#3806,.T.);
#5288=ORIENTED_EDGE('',*,*,#3808,.F.);
#5289=ORIENTED_EDGE('',*,*,#3791,.F.);
#5290=ORIENTED_EDGE('',*,*,#3809,.F.);
#5291=ORIENTED_EDGE('',*,*,#3810,.F.);
#5292=ORIENTED_EDGE('',*,*,#3811,.T.);
#5293=ORIENTED_EDGE('',*,*,#3812,.F.);
#5294=ORIENTED_EDGE('',*,*,#3813,.F.);
#5295=ORIENTED_EDGE('',*,*,#3814,.F.);
#5296=ORIENTED_EDGE('',*,*,#3815,.F.);
#5297=ORIENTED_EDGE('',*,*,#3811,.F.);
#5298=ORIENTED_EDGE('',*,*,#3816,.F.);
#5299=ORIENTED_EDGE('',*,*,#3817,.T.);
#5300=ORIENTED_EDGE('',*,*,#3818,.T.);
#5301=ORIENTED_EDGE('',*,*,#3817,.F.);
#5302=ORIENTED_EDGE('',*,*,#3819,.T.);
#5303=ORIENTED_EDGE('',*,*,#3820,.F.);
#5304=ORIENTED_EDGE('',*,*,#3819,.F.);
#5305=ORIENTED_EDGE('',*,*,#3818,.F.);
#5306=ORIENTED_EDGE('',*,*,#3821,.T.);
#5307=ORIENTED_EDGE('',*,*,#3822,.T.);
#5308=ORIENTED_EDGE('',*,*,#3821,.F.);
#5309=ORIENTED_EDGE('',*,*,#3823,.F.);
#5310=ORIENTED_EDGE('',*,*,#3824,.T.);
#5311=ORIENTED_EDGE('',*,*,#3825,.T.);
#5312=ORIENTED_EDGE('',*,*,#3826,.T.);
#5313=ORIENTED_EDGE('',*,*,#3827,.F.);
#5314=ORIENTED_EDGE('',*,*,#3828,.F.);
#5315=ORIENTED_EDGE('',*,*,#3829,.T.);
#5316=ORIENTED_EDGE('',*,*,#3812,.T.);
#5317=ORIENTED_EDGE('',*,*,#3815,.T.);
#5318=ORIENTED_EDGE('',*,*,#3830,.T.);
#5319=ORIENTED_EDGE('',*,*,#3831,.T.);
#5320=ORIENTED_EDGE('',*,*,#3832,.T.);
#5321=ORIENTED_EDGE('',*,*,#3820,.T.);
#5322=ORIENTED_EDGE('',*,*,#3833,.T.);
#5323=ORIENTED_EDGE('',*,*,#3834,.T.);
#5324=ORIENTED_EDGE('',*,*,#3835,.T.);
#5325=ORIENTED_EDGE('',*,*,#3834,.F.);
#5326=ORIENTED_EDGE('',*,*,#3836,.T.);
#5327=ORIENTED_EDGE('',*,*,#3833,.F.);
#5328=ORIENTED_EDGE('',*,*,#3836,.F.);
#5329=ORIENTED_EDGE('',*,*,#3835,.F.);
#5330=ORIENTED_EDGE('',*,*,#3837,.T.);
#5331=ORIENTED_EDGE('',*,*,#3838,.T.);
#5332=ORIENTED_EDGE('',*,*,#3837,.F.);
#5333=ORIENTED_EDGE('',*,*,#3839,.T.);
#5334=ORIENTED_EDGE('',*,*,#3825,.F.);
#5335=ORIENTED_EDGE('',*,*,#3840,.F.);
#5336=ORIENTED_EDGE('',*,*,#3841,.F.);
#5337=ORIENTED_EDGE('',*,*,#3842,.T.);
#5338=ORIENTED_EDGE('',*,*,#3843,.F.);
#5339=ORIENTED_EDGE('',*,*,#3813,.T.);
#5340=ORIENTED_EDGE('',*,*,#3829,.F.);
#5341=ORIENTED_EDGE('',*,*,#3827,.T.);
#5342=ORIENTED_EDGE('',*,*,#3844,.T.);
#5343=ORIENTED_EDGE('',*,*,#3845,.T.);
#5344=ORIENTED_EDGE('',*,*,#3846,.T.);
#5345=ORIENTED_EDGE('',*,*,#3839,.F.);
#5346=ORIENTED_EDGE('',*,*,#3847,.T.);
#5347=ORIENTED_EDGE('',*,*,#3844,.F.);
#5348=ORIENTED_EDGE('',*,*,#3826,.F.);
#5349=ORIENTED_EDGE('',*,*,#3842,.F.);
#5350=ORIENTED_EDGE('',*,*,#3828,.T.);
#5351=ORIENTED_EDGE('',*,*,#3846,.F.);
#5352=ORIENTED_EDGE('',*,*,#3848,.F.);
#5353=ORIENTED_EDGE('',*,*,#3832,.F.);
#5354=ORIENTED_EDGE('',*,*,#3849,.T.);
#5355=ORIENTED_EDGE('',*,*,#3850,.F.);
#5356=ORIENTED_EDGE('',*,*,#3849,.F.);
#5357=ORIENTED_EDGE('',*,*,#3831,.F.);
#5358=ORIENTED_EDGE('',*,*,#3851,.T.);
#5359=ORIENTED_EDGE('',*,*,#3852,.F.);
#5360=ORIENTED_EDGE('',*,*,#3851,.F.);
#5361=ORIENTED_EDGE('',*,*,#3830,.F.);
#5362=ORIENTED_EDGE('',*,*,#3853,.T.);
#5363=ORIENTED_EDGE('',*,*,#3854,.F.);
#5364=ORIENTED_EDGE('',*,*,#3853,.F.);
#5365=ORIENTED_EDGE('',*,*,#3855,.F.);
#5366=ORIENTED_EDGE('',*,*,#3816,.T.);
#5367=ORIENTED_EDGE('',*,*,#3810,.T.);
#5368=ORIENTED_EDGE('',*,*,#3843,.T.);
#5369=ORIENTED_EDGE('',*,*,#3848,.T.);
#5370=ORIENTED_EDGE('',*,*,#3845,.F.);
#5371=ORIENTED_EDGE('',*,*,#3847,.F.);
#5372=ORIENTED_EDGE('',*,*,#3841,.T.);
#5373=ORIENTED_EDGE('',*,*,#3856,.F.);
#5374=ORIENTED_EDGE('',*,*,#3838,.F.);
#5375=ORIENTED_EDGE('',*,*,#3822,.F.);
#5376=ORIENTED_EDGE('',*,*,#3850,.T.);
#5377=ORIENTED_EDGE('',*,*,#3852,.T.);
#5378=ORIENTED_EDGE('',*,*,#3854,.T.);
#5379=ORIENTED_EDGE('',*,*,#3857,.F.);
#5380=ORIENTED_EDGE('',*,*,#3856,.T.);
#5381=ORIENTED_EDGE('',*,*,#3840,.T.);
#5382=ORIENTED_EDGE('',*,*,#3824,.F.);
#5383=ORIENTED_EDGE('',*,*,#3855,.T.);
#5384=ORIENTED_EDGE('',*,*,#3857,.T.);
#5385=ORIENTED_EDGE('',*,*,#3823,.T.);
#5386=ORIENTED_EDGE('',*,*,#3814,.T.);
#5387=ORIENTED_EDGE('',*,*,#3858,.T.);
#5388=ORIENTED_EDGE('',*,*,#3859,.T.);
#5389=ORIENTED_EDGE('',*,*,#3860,.F.);
#5390=ORIENTED_EDGE('',*,*,#3861,.F.);
#5391=ORIENTED_EDGE('',*,*,#3862,.T.);
#5392=ORIENTED_EDGE('',*,*,#3861,.T.);
#5393=ORIENTED_EDGE('',*,*,#3863,.F.);
#5394=ORIENTED_EDGE('',*,*,#3864,.F.);
#5395=ORIENTED_EDGE('',*,*,#3865,.T.);
#5396=ORIENTED_EDGE('',*,*,#3864,.T.);
#5397=ORIENTED_EDGE('',*,*,#3866,.F.);
#5398=ORIENTED_EDGE('',*,*,#3867,.T.);
#5399=ORIENTED_EDGE('',*,*,#3868,.F.);
#5400=ORIENTED_EDGE('',*,*,#3869,.F.);
#5401=ORIENTED_EDGE('',*,*,#3870,.F.);
#5402=ORIENTED_EDGE('',*,*,#3871,.F.);
#5403=ORIENTED_EDGE('',*,*,#3868,.T.);
#5404=ORIENTED_EDGE('',*,*,#3872,.T.);
#5405=ORIENTED_EDGE('',*,*,#3870,.T.);
#5406=ORIENTED_EDGE('',*,*,#3873,.F.);
#5407=ORIENTED_EDGE('',*,*,#3874,.F.);
#5408=ORIENTED_EDGE('',*,*,#3875,.F.);
#5409=ORIENTED_EDGE('',*,*,#3876,.T.);
#5410=ORIENTED_EDGE('',*,*,#3875,.T.);
#5411=ORIENTED_EDGE('',*,*,#3877,.F.);
#5412=ORIENTED_EDGE('',*,*,#3878,.F.);
#5413=ORIENTED_EDGE('',*,*,#3879,.T.);
#5414=ORIENTED_EDGE('',*,*,#3878,.T.);
#5415=ORIENTED_EDGE('',*,*,#3880,.F.);
#5416=ORIENTED_EDGE('',*,*,#3881,.F.);
#5417=ORIENTED_EDGE('',*,*,#3882,.T.);
#5418=ORIENTED_EDGE('',*,*,#3881,.T.);
#5419=ORIENTED_EDGE('',*,*,#3883,.F.);
#5420=ORIENTED_EDGE('',*,*,#3859,.F.);
#5421=ORIENTED_EDGE('',*,*,#3882,.F.);
#5422=ORIENTED_EDGE('',*,*,#3858,.F.);
#5423=ORIENTED_EDGE('',*,*,#3862,.F.);
#5424=ORIENTED_EDGE('',*,*,#3865,.F.);
#5425=ORIENTED_EDGE('',*,*,#3871,.T.);
#5426=ORIENTED_EDGE('',*,*,#3872,.F.);
#5427=ORIENTED_EDGE('',*,*,#3876,.F.);
#5428=ORIENTED_EDGE('',*,*,#3879,.F.);
#5429=ORIENTED_EDGE('',*,*,#3884,.F.);
#5430=ORIENTED_EDGE('',*,*,#3885,.T.);
#5431=ORIENTED_EDGE('',*,*,#3886,.T.);
#5432=ORIENTED_EDGE('',*,*,#3885,.F.);
#5433=ORIENTED_EDGE('',*,*,#3886,.F.);
#5434=ORIENTED_EDGE('',*,*,#3887,.F.);
#5435=ORIENTED_EDGE('',*,*,#3888,.T.);
#5436=ORIENTED_EDGE('',*,*,#3889,.T.);
#5437=ORIENTED_EDGE('',*,*,#3888,.F.);
#5438=ORIENTED_EDGE('',*,*,#3889,.F.);
#5439=ORIENTED_EDGE('',*,*,#3890,.F.);
#5440=ORIENTED_EDGE('',*,*,#3891,.T.);
#5441=ORIENTED_EDGE('',*,*,#3892,.T.);
#5442=ORIENTED_EDGE('',*,*,#3891,.F.);
#5443=ORIENTED_EDGE('',*,*,#3892,.F.);
#5444=ORIENTED_EDGE('',*,*,#3893,.F.);
#5445=ORIENTED_EDGE('',*,*,#3894,.T.);
#5446=ORIENTED_EDGE('',*,*,#3895,.T.);
#5447=ORIENTED_EDGE('',*,*,#3894,.F.);
#5448=ORIENTED_EDGE('',*,*,#3895,.F.);
#5449=ORIENTED_EDGE('',*,*,#3896,.T.);
#5450=ORIENTED_EDGE('',*,*,#3869,.T.);
#5451=ORIENTED_EDGE('',*,*,#3897,.T.);
#5452=ORIENTED_EDGE('',*,*,#3898,.F.);
#5453=ORIENTED_EDGE('',*,*,#3866,.T.);
#5454=ORIENTED_EDGE('',*,*,#3863,.T.);
#5455=ORIENTED_EDGE('',*,*,#3860,.T.);
#5456=ORIENTED_EDGE('',*,*,#3883,.T.);
#5457=ORIENTED_EDGE('',*,*,#3880,.T.);
#5458=ORIENTED_EDGE('',*,*,#3877,.T.);
#5459=ORIENTED_EDGE('',*,*,#3874,.T.);
#5460=ORIENTED_EDGE('',*,*,#3884,.T.);
#5461=ORIENTED_EDGE('',*,*,#3887,.T.);
#5462=ORIENTED_EDGE('',*,*,#3890,.T.);
#5463=ORIENTED_EDGE('',*,*,#3893,.T.);
#5464=ORIENTED_EDGE('',*,*,#3899,.F.);
#5465=ORIENTED_EDGE('',*,*,#3897,.F.);
#5466=ORIENTED_EDGE('',*,*,#3900,.T.);
#5467=ORIENTED_EDGE('',*,*,#3899,.T.);
#5468=ORIENTED_EDGE('',*,*,#3900,.F.);
#5469=ORIENTED_EDGE('',*,*,#3873,.T.);
#5470=ORIENTED_EDGE('',*,*,#3896,.F.);
#5471=ORIENTED_EDGE('',*,*,#3867,.F.);
#5472=ORIENTED_EDGE('',*,*,#3898,.T.);
#5473=ORIENTED_EDGE('',*,*,#3901,.T.);
#5474=ORIENTED_EDGE('',*,*,#3902,.T.);
#5475=ORIENTED_EDGE('',*,*,#3903,.F.);
#5476=ORIENTED_EDGE('',*,*,#3904,.F.);
#5477=ORIENTED_EDGE('',*,*,#3905,.T.);
#5478=ORIENTED_EDGE('',*,*,#3904,.T.);
#5479=ORIENTED_EDGE('',*,*,#3906,.F.);
#5480=ORIENTED_EDGE('',*,*,#3907,.F.);
#5481=ORIENTED_EDGE('',*,*,#3908,.T.);
#5482=ORIENTED_EDGE('',*,*,#3907,.T.);
#5483=ORIENTED_EDGE('',*,*,#3909,.F.);
#5484=ORIENTED_EDGE('',*,*,#3910,.T.);
#5485=ORIENTED_EDGE('',*,*,#3911,.T.);
#5486=ORIENTED_EDGE('',*,*,#3912,.F.);
#5487=ORIENTED_EDGE('',*,*,#3913,.F.);
#5488=ORIENTED_EDGE('',*,*,#3914,.F.);
#5489=ORIENTED_EDGE('',*,*,#3915,.T.);
#5490=ORIENTED_EDGE('',*,*,#3914,.T.);
#5491=ORIENTED_EDGE('',*,*,#3916,.F.);
#5492=ORIENTED_EDGE('',*,*,#3917,.F.);
#5493=ORIENTED_EDGE('',*,*,#3918,.T.);
#5494=ORIENTED_EDGE('',*,*,#3917,.T.);
#5495=ORIENTED_EDGE('',*,*,#3919,.F.);
#5496=ORIENTED_EDGE('',*,*,#3920,.F.);
#5497=ORIENTED_EDGE('',*,*,#3921,.T.);
#5498=ORIENTED_EDGE('',*,*,#3920,.T.);
#5499=ORIENTED_EDGE('',*,*,#3922,.F.);
#5500=ORIENTED_EDGE('',*,*,#3902,.F.);
#5501=ORIENTED_EDGE('',*,*,#3922,.T.);
#5502=ORIENTED_EDGE('',*,*,#3919,.T.);
#5503=ORIENTED_EDGE('',*,*,#3916,.T.);
#5504=ORIENTED_EDGE('',*,*,#3913,.T.);
#5505=ORIENTED_EDGE('',*,*,#3923,.F.);
#5506=ORIENTED_EDGE('',*,*,#3909,.T.);
#5507=ORIENTED_EDGE('',*,*,#3906,.T.);
#5508=ORIENTED_EDGE('',*,*,#3903,.T.);
#5509=ORIENTED_EDGE('',*,*,#3921,.F.);
#5510=ORIENTED_EDGE('',*,*,#3901,.F.);
#5511=ORIENTED_EDGE('',*,*,#3905,.F.);
#5512=ORIENTED_EDGE('',*,*,#3908,.F.);
#5513=ORIENTED_EDGE('',*,*,#3924,.F.);
#5514=ORIENTED_EDGE('',*,*,#3911,.F.);
#5515=ORIENTED_EDGE('',*,*,#3915,.F.);
#5516=ORIENTED_EDGE('',*,*,#3918,.F.);
#5517=ORIENTED_EDGE('',*,*,#3925,.F.);
#5518=ORIENTED_EDGE('',*,*,#3926,.T.);
#5519=ORIENTED_EDGE('',*,*,#3925,.T.);
#5520=ORIENTED_EDGE('',*,*,#3927,.T.);
#5521=ORIENTED_EDGE('',*,*,#3928,.F.);
#5522=ORIENTED_EDGE('',*,*,#3927,.F.);
#5523=ORIENTED_EDGE('',*,*,#3928,.T.);
#5524=ORIENTED_EDGE('',*,*,#3929,.T.);
#5525=ORIENTED_EDGE('',*,*,#3930,.T.);
#5526=ORIENTED_EDGE('',*,*,#3924,.T.);
#5527=ORIENTED_EDGE('',*,*,#3931,.T.);
#5528=ORIENTED_EDGE('',*,*,#3929,.F.);
#5529=ORIENTED_EDGE('',*,*,#3932,.F.);
#5530=ORIENTED_EDGE('',*,*,#3933,.F.);
#5531=ORIENTED_EDGE('',*,*,#3926,.F.);
#5532=ORIENTED_EDGE('',*,*,#3934,.T.);
#5533=ORIENTED_EDGE('',*,*,#3933,.T.);
#5534=ORIENTED_EDGE('',*,*,#3934,.F.);
#5535=ORIENTED_EDGE('',*,*,#3912,.T.);
#5536=ORIENTED_EDGE('',*,*,#3930,.F.);
#5537=ORIENTED_EDGE('',*,*,#3935,.T.);
#5538=ORIENTED_EDGE('',*,*,#3932,.T.);
#5539=ORIENTED_EDGE('',*,*,#3935,.F.);
#5540=ORIENTED_EDGE('',*,*,#3931,.F.);
#5541=ORIENTED_EDGE('',*,*,#3910,.F.);
#5542=ORIENTED_EDGE('',*,*,#3923,.T.);
#5543=ORIENTED_EDGE('',*,*,#3936,.T.);
#5544=ORIENTED_EDGE('',*,*,#3937,.T.);
#5545=ORIENTED_EDGE('',*,*,#3938,.F.);
#5546=ORIENTED_EDGE('',*,*,#3939,.F.);
#5547=ORIENTED_EDGE('',*,*,#3940,.T.);
#5548=ORIENTED_EDGE('',*,*,#3939,.T.);
#5549=ORIENTED_EDGE('',*,*,#3941,.F.);
#5550=ORIENTED_EDGE('',*,*,#3942,.F.);
#5551=ORIENTED_EDGE('',*,*,#3943,.T.);
#5552=ORIENTED_EDGE('',*,*,#3942,.T.);
#5553=ORIENTED_EDGE('',*,*,#3944,.F.);
#5554=ORIENTED_EDGE('',*,*,#3945,.F.);
#5555=ORIENTED_EDGE('',*,*,#3946,.F.);
#5556=ORIENTED_EDGE('',*,*,#3947,.T.);
#5557=ORIENTED_EDGE('',*,*,#3948,.F.);
#5558=ORIENTED_EDGE('',*,*,#3949,.T.);
#5559=ORIENTED_EDGE('',*,*,#3946,.T.);
#5560=ORIENTED_EDGE('',*,*,#3950,.T.);
#5561=ORIENTED_EDGE('',*,*,#3948,.T.);
#5562=ORIENTED_EDGE('',*,*,#3951,.T.);
#5563=ORIENTED_EDGE('',*,*,#3952,.F.);
#5564=ORIENTED_EDGE('',*,*,#3953,.F.);
#5565=ORIENTED_EDGE('',*,*,#3954,.T.);
#5566=ORIENTED_EDGE('',*,*,#3953,.T.);
#5567=ORIENTED_EDGE('',*,*,#3955,.F.);
#5568=ORIENTED_EDGE('',*,*,#3956,.F.);
#5569=ORIENTED_EDGE('',*,*,#3957,.T.);
#5570=ORIENTED_EDGE('',*,*,#3956,.T.);
#5571=ORIENTED_EDGE('',*,*,#3958,.F.);
#5572=ORIENTED_EDGE('',*,*,#3959,.F.);
#5573=ORIENTED_EDGE('',*,*,#3960,.T.);
#5574=ORIENTED_EDGE('',*,*,#3959,.T.);
#5575=ORIENTED_EDGE('',*,*,#3961,.F.);
#5576=ORIENTED_EDGE('',*,*,#3937,.F.);
#5577=ORIENTED_EDGE('',*,*,#3961,.T.);
#5578=ORIENTED_EDGE('',*,*,#3958,.T.);
#5579=ORIENTED_EDGE('',*,*,#3955,.T.);
#5580=ORIENTED_EDGE('',*,*,#3952,.T.);
#5581=ORIENTED_EDGE('',*,*,#3962,.F.);
#5582=ORIENTED_EDGE('',*,*,#3944,.T.);
#5583=ORIENTED_EDGE('',*,*,#3941,.T.);
#5584=ORIENTED_EDGE('',*,*,#3938,.T.);
#5585=ORIENTED_EDGE('',*,*,#3960,.F.);
#5586=ORIENTED_EDGE('',*,*,#3936,.F.);
#5587=ORIENTED_EDGE('',*,*,#3940,.F.);
#5588=ORIENTED_EDGE('',*,*,#3943,.F.);
#5589=ORIENTED_EDGE('',*,*,#3949,.F.);
#5590=ORIENTED_EDGE('',*,*,#3950,.F.);
#5591=ORIENTED_EDGE('',*,*,#3954,.F.);
#5592=ORIENTED_EDGE('',*,*,#3957,.F.);
#5593=ORIENTED_EDGE('',*,*,#3951,.F.);
#5594=ORIENTED_EDGE('',*,*,#3963,.T.);
#5595=ORIENTED_EDGE('',*,*,#3945,.T.);
#5596=ORIENTED_EDGE('',*,*,#3964,.F.);
#5597=ORIENTED_EDGE('',*,*,#3965,.F.);
#5598=ORIENTED_EDGE('',*,*,#3966,.F.);
#5599=ORIENTED_EDGE('',*,*,#3967,.T.);
#5600=ORIENTED_EDGE('',*,*,#3966,.T.);
#5601=ORIENTED_EDGE('',*,*,#3968,.T.);
#5602=ORIENTED_EDGE('',*,*,#3969,.F.);
#5603=ORIENTED_EDGE('',*,*,#3968,.F.);
#5604=ORIENTED_EDGE('',*,*,#3969,.T.);
#5605=ORIENTED_EDGE('',*,*,#3970,.T.);
#5606=ORIENTED_EDGE('',*,*,#3964,.T.);
#5607=ORIENTED_EDGE('',*,*,#3962,.T.);
#5608=ORIENTED_EDGE('',*,*,#3965,.T.);
#5609=ORIENTED_EDGE('',*,*,#3970,.F.);
#5610=ORIENTED_EDGE('',*,*,#3963,.F.);
#5611=ORIENTED_EDGE('',*,*,#3947,.F.);
#5612=ORIENTED_EDGE('',*,*,#3971,.F.);
#5613=ORIENTED_EDGE('',*,*,#3967,.F.);
#5614=ORIENTED_EDGE('',*,*,#3972,.T.);
#5615=ORIENTED_EDGE('',*,*,#3971,.T.);
#5616=ORIENTED_EDGE('',*,*,#3972,.F.);
#5617=ORIENTED_EDGE('',*,*,#3973,.F.);
#5618=ORIENTED_EDGE('',*,*,#3974,.T.);
#5619=ORIENTED_EDGE('',*,*,#3975,.F.);
#5620=ORIENTED_EDGE('',*,*,#3976,.F.);
#5621=ORIENTED_EDGE('',*,*,#3977,.F.);
#5622=ORIENTED_EDGE('',*,*,#3978,.T.);
#5623=ORIENTED_EDGE('',*,*,#3979,.F.);
#5624=ORIENTED_EDGE('',*,*,#3980,.F.);
#5625=ORIENTED_EDGE('',*,*,#3981,.F.);
#5626=ORIENTED_EDGE('',*,*,#3980,.T.);
#5627=ORIENTED_EDGE('',*,*,#3982,.F.);
#5628=ORIENTED_EDGE('',*,*,#3983,.F.);
#5629=ORIENTED_EDGE('',*,*,#3984,.F.);
#5630=ORIENTED_EDGE('',*,*,#3983,.T.);
#5631=ORIENTED_EDGE('',*,*,#3985,.F.);
#5632=ORIENTED_EDGE('',*,*,#3974,.F.);
#5633=ORIENTED_EDGE('',*,*,#3986,.F.);
#5634=ORIENTED_EDGE('',*,*,#3987,.T.);
#5635=ORIENTED_EDGE('',*,*,#3988,.T.);
#5636=ORIENTED_EDGE('',*,*,#3976,.T.);
#5637=ORIENTED_EDGE('',*,*,#3989,.F.);
#5638=ORIENTED_EDGE('',*,*,#3990,.F.);
#5639=ORIENTED_EDGE('',*,*,#3991,.T.);
#5640=ORIENTED_EDGE('',*,*,#3990,.T.);
#5641=ORIENTED_EDGE('',*,*,#3992,.F.);
#5642=ORIENTED_EDGE('',*,*,#3993,.F.);
#5643=ORIENTED_EDGE('',*,*,#3994,.T.);
#5644=ORIENTED_EDGE('',*,*,#3993,.T.);
#5645=ORIENTED_EDGE('',*,*,#3995,.F.);
#5646=ORIENTED_EDGE('',*,*,#3996,.F.);
#5647=ORIENTED_EDGE('',*,*,#3997,.F.);
#5648=ORIENTED_EDGE('',*,*,#3996,.T.);
#5649=ORIENTED_EDGE('',*,*,#3998,.F.);
#5650=ORIENTED_EDGE('',*,*,#3978,.F.);
#5651=ORIENTED_EDGE('',*,*,#3998,.T.);
#5652=ORIENTED_EDGE('',*,*,#3995,.T.);
#5653=ORIENTED_EDGE('',*,*,#3992,.T.);
#5654=ORIENTED_EDGE('',*,*,#3989,.T.);
#5655=ORIENTED_EDGE('',*,*,#3975,.T.);
#5656=ORIENTED_EDGE('',*,*,#3985,.T.);
#5657=ORIENTED_EDGE('',*,*,#3982,.T.);
#5658=ORIENTED_EDGE('',*,*,#3979,.T.);
#5659=ORIENTED_EDGE('',*,*,#3988,.F.);
#5660=ORIENTED_EDGE('',*,*,#3999,.T.);
#5661=ORIENTED_EDGE('',*,*,#3986,.T.);
#5662=ORIENTED_EDGE('',*,*,#4000,.F.);
#5663=ORIENTED_EDGE('',*,*,#4001,.F.);
#5664=ORIENTED_EDGE('',*,*,#4002,.T.);
#5665=ORIENTED_EDGE('',*,*,#4003,.T.);
#5666=ORIENTED_EDGE('',*,*,#4002,.F.);
#5667=ORIENTED_EDGE('',*,*,#4003,.F.);
#5668=ORIENTED_EDGE('',*,*,#4004,.F.);
#5669=ORIENTED_EDGE('',*,*,#4005,.T.);
#5670=ORIENTED_EDGE('',*,*,#4006,.T.);
#5671=ORIENTED_EDGE('',*,*,#4005,.F.);
#5672=ORIENTED_EDGE('',*,*,#4006,.F.);
#5673=ORIENTED_EDGE('',*,*,#4007,.F.);
#5674=ORIENTED_EDGE('',*,*,#4008,.T.);
#5675=ORIENTED_EDGE('',*,*,#4009,.T.);
#5676=ORIENTED_EDGE('',*,*,#4008,.F.);
#5677=ORIENTED_EDGE('',*,*,#4009,.F.);
#5678=ORIENTED_EDGE('',*,*,#4010,.F.);
#5679=ORIENTED_EDGE('',*,*,#4011,.T.);
#5680=ORIENTED_EDGE('',*,*,#4012,.T.);
#5681=ORIENTED_EDGE('',*,*,#4011,.F.);
#5682=ORIENTED_EDGE('',*,*,#4012,.F.);
#5683=ORIENTED_EDGE('',*,*,#4000,.T.);
#5684=ORIENTED_EDGE('',*,*,#3973,.T.);
#5685=ORIENTED_EDGE('',*,*,#4013,.T.);
#5686=ORIENTED_EDGE('',*,*,#3999,.F.);
#5687=ORIENTED_EDGE('',*,*,#3987,.F.);
#5688=ORIENTED_EDGE('',*,*,#3991,.F.);
#5689=ORIENTED_EDGE('',*,*,#3994,.F.);
#5690=ORIENTED_EDGE('',*,*,#3997,.T.);
#5691=ORIENTED_EDGE('',*,*,#3977,.T.);
#5692=ORIENTED_EDGE('',*,*,#3981,.T.);
#5693=ORIENTED_EDGE('',*,*,#3984,.T.);
#5694=ORIENTED_EDGE('',*,*,#4001,.T.);
#5695=ORIENTED_EDGE('',*,*,#4004,.T.);
#5696=ORIENTED_EDGE('',*,*,#4007,.T.);
#5697=ORIENTED_EDGE('',*,*,#4010,.T.);
#5698=ORIENTED_EDGE('',*,*,#4014,.F.);
#5699=ORIENTED_EDGE('',*,*,#4013,.F.);
#5700=ORIENTED_EDGE('',*,*,#4015,.T.);
#5701=ORIENTED_EDGE('',*,*,#4014,.T.);
#5702=ORIENTED_EDGE('',*,*,#4015,.F.);
#5703=ORIENTED_EDGE('',*,*,#4016,.F.);
#5704=ORIENTED_EDGE('',*,*,#4017,.T.);
#5705=ORIENTED_EDGE('',*,*,#4018,.F.);
#5706=ORIENTED_EDGE('',*,*,#4017,.F.);
#5707=ORIENTED_EDGE('',*,*,#4016,.T.);
#5708=ORIENTED_EDGE('',*,*,#4019,.T.);
#5709=ORIENTED_EDGE('',*,*,#4020,.T.);
#5710=ORIENTED_EDGE('',*,*,#4021,.T.);
#5711=ORIENTED_EDGE('',*,*,#4022,.T.);
#5712=ORIENTED_EDGE('',*,*,#4022,.F.);
#5713=ORIENTED_EDGE('',*,*,#4023,.T.);
#5714=ORIENTED_EDGE('',*,*,#4024,.T.);
#5715=ORIENTED_EDGE('',*,*,#4023,.F.);
#5716=ORIENTED_EDGE('',*,*,#4024,.F.);
#5717=ORIENTED_EDGE('',*,*,#4020,.F.);
#5718=ORIENTED_EDGE('',*,*,#4025,.T.);
#5719=ORIENTED_EDGE('',*,*,#4026,.T.);
#5720=ORIENTED_EDGE('',*,*,#4025,.F.);
#5721=ORIENTED_EDGE('',*,*,#4026,.F.);
#5722=ORIENTED_EDGE('',*,*,#4019,.F.);
#5723=ORIENTED_EDGE('',*,*,#4027,.T.);
#5724=ORIENTED_EDGE('',*,*,#4028,.T.);
#5725=ORIENTED_EDGE('',*,*,#4027,.F.);
#5726=ORIENTED_EDGE('',*,*,#4028,.F.);
#5727=ORIENTED_EDGE('',*,*,#4021,.F.);
#5728=ORIENTED_EDGE('',*,*,#4029,.T.);
#5729=ORIENTED_EDGE('',*,*,#4030,.T.);
#5730=ORIENTED_EDGE('',*,*,#4029,.F.);
#5731=ORIENTED_EDGE('',*,*,#4030,.F.);
#5732=ORIENTED_EDGE('',*,*,#4031,.T.);
#5733=ORIENTED_EDGE('',*,*,#4032,.T.);
#5734=ORIENTED_EDGE('',*,*,#4018,.T.);
#5735=ORIENTED_EDGE('',*,*,#4032,.F.);
#5736=ORIENTED_EDGE('',*,*,#4033,.T.);
#5737=ORIENTED_EDGE('',*,*,#4034,.T.);
#5738=ORIENTED_EDGE('',*,*,#4031,.F.);
#5739=ORIENTED_EDGE('',*,*,#4034,.F.);
#5740=ORIENTED_EDGE('',*,*,#4033,.F.);
#5741=CONICAL_SURFACE('',#6306,6.7,0.785398163397443);
#5742=CONICAL_SURFACE('',#6334,6.4,0.785398163397443);
#5743=CONICAL_SURFACE('',#6342,6.7,0.785398163397443);
#5744=CONICAL_SURFACE('',#6352,6.35857864376269,0.785398163397443);
#5745=CONICAL_SURFACE('',#6917,4.,1.13446401379631);
#5746=CONICAL_SURFACE('',#6919,11.,1.13446401379631);
#5747=CONICAL_SURFACE('',#6949,4.,1.13446401379631);
#5748=CONICAL_SURFACE('',#6951,11.,1.13446401379631);
#5749=CONICAL_SURFACE('',#7012,11.,1.13446401379631);
#5750=CONICAL_SURFACE('',#7014,4.,1.13446401379631);
#5751=ADVANCED_FACE('',(#749),#5741,.T.);
#5752=ADVANCED_FACE('',(#750),#613,.F.);
#5753=ADVANCED_FACE('',(#751,#397),#465,.F.);
#5754=ADVANCED_FACE('',(#752),#614,.F.);
#5755=ADVANCED_FACE('',(#753,#398),#466,.F.);
#5756=ADVANCED_FACE('',(#754),#382,.T.);
#5757=ADVANCED_FACE('',(#755),#615,.T.);
#5758=ADVANCED_FACE('',(#756),#383,.T.);
#5759=ADVANCED_FACE('',(#757,#399),#467,.F.);
#5760=ADVANCED_FACE('',(#758),#616,.F.);
#5761=ADVANCED_FACE('',(#759,#400),#468,.F.);
#5762=ADVANCED_FACE('',(#760),#617,.F.);
#5763=ADVANCED_FACE('',(#761),#5742,.T.);
#5764=ADVANCED_FACE('',(#762,#401),#469,.F.);
#5765=ADVANCED_FACE('',(#763),#618,.F.);
#5766=ADVANCED_FACE('',(#764,#402),#470,.F.);
#5767=ADVANCED_FACE('',(#765),#5743,.F.);
#5768=ADVANCED_FACE('',(#766),#619,.F.);
#5769=ADVANCED_FACE('',(#767),#384,.F.);
#5770=ADVANCED_FACE('',(#768),#620,.F.);
#5771=ADVANCED_FACE('',(#769),#5744,.F.);
#5772=ADVANCED_FACE('',(#770,#403),#471,.F.);
#5773=ADVANCED_FACE('',(#771),#621,.F.);
#5774=ADVANCED_FACE('',(#772,#404),#472,.F.);
#5775=ADVANCED_FACE('',(#773),#622,.F.);
#5776=ADVANCED_FACE('',(#774,#405),#473,.F.);
#5777=ADVANCED_FACE('',(#775),#623,.T.);
#5778=ADVANCED_FACE('',(#776,#406),#474,.F.);
#5779=ADVANCED_FACE('',(#777),#624,.T.);
#5780=ADVANCED_FACE('',(#778),#385,.F.);
#5781=ADVANCED_FACE('',(#779),#625,.T.);
#5782=ADVANCED_FACE('',(#780,#407),#475,.F.);
#5783=ADVANCED_FACE('',(#781),#626,.T.);
#5784=ADVANCED_FACE('',(#782,#408),#476,.F.);
#5785=ADVANCED_FACE('',(#783),#627,.F.);
#5786=ADVANCED_FACE('',(#784),#628,.F.);
#5787=ADVANCED_FACE('',(#785),#477,.F.);
#5788=ADVANCED_FACE('',(#786,#409,#410,#411,#412),#478,.F.);
#5789=ADVANCED_FACE('',(#787),#479,.F.);
#5790=ADVANCED_FACE('',(#788,#413,#414,#415),#480,.T.);
#5791=ADVANCED_FACE('',(#789),#481,.F.);
#5792=ADVANCED_FACE('',(#790),#482,.F.);
#5793=ADVANCED_FACE('',(#791),#483,.F.);
#5794=ADVANCED_FACE('',(#792),#484,.T.);
#5795=ADVANCED_FACE('',(#793),#485,.F.);
#5796=ADVANCED_FACE('',(#794,#416,#417),#486,.T.);
#5797=ADVANCED_FACE('',(#795),#629,.F.);
#5798=ADVANCED_FACE('',(#796),#487,.F.);
#5799=ADVANCED_FACE('',(#797),#488,.F.);
#5800=ADVANCED_FACE('',(#798),#489,.T.);
#5801=ADVANCED_FACE('',(#799),#490,.F.);
#5802=ADVANCED_FACE('',(#800),#630,.T.);
#5803=ADVANCED_FACE('',(#801),#631,.T.);
#5804=ADVANCED_FACE('',(#802),#632,.T.);
#5805=ADVANCED_FACE('',(#803),#633,.T.);
#5806=ADVANCED_FACE('',(#804),#634,.T.);
#5807=ADVANCED_FACE('',(#805),#635,.T.);
#5808=ADVANCED_FACE('',(#806),#386,.T.);
#5809=ADVANCED_FACE('',(#807),#636,.T.);
#5810=ADVANCED_FACE('',(#808),#637,.T.);
#5811=ADVANCED_FACE('',(#809),#638,.T.);
#5812=ADVANCED_FACE('',(#810),#639,.T.);
#5813=ADVANCED_FACE('',(#811),#640,.T.);
#5814=ADVANCED_FACE('',(#812),#387,.T.);
#5815=ADVANCED_FACE('',(#813),#641,.T.);
#5816=ADVANCED_FACE('',(#814),#642,.T.);
#5817=ADVANCED_FACE('',(#815),#643,.T.);
#5818=ADVANCED_FACE('',(#816),#644,.T.);
#5819=ADVANCED_FACE('',(#817),#162,.T.);
#5820=ADVANCED_FACE('',(#818),#645,.T.);
#5821=ADVANCED_FACE('',(#819),#646,.T.);
#5822=ADVANCED_FACE('',(#820),#647,.T.);
#5823=ADVANCED_FACE('',(#821),#163,.T.);
#5824=ADVANCED_FACE('',(#822),#164,.T.);
#5825=ADVANCED_FACE('',(#823),#165,.T.);
#5826=ADVANCED_FACE('',(#824),#166,.T.);
#5827=ADVANCED_FACE('',(#825),#648,.T.);
#5828=ADVANCED_FACE('',(#826),#167,.T.);
#5829=ADVANCED_FACE('',(#827),#168,.T.);
#5830=ADVANCED_FACE('',(#828),#169,.T.);
#5831=ADVANCED_FACE('',(#829),#649,.F.);
#5832=ADVANCED_FACE('',(#830),#650,.F.);
#5833=ADVANCED_FACE('',(#831),#651,.T.);
#5834=ADVANCED_FACE('',(#832),#491,.T.);
#5835=ADVANCED_FACE('',(#833),#492,.F.);
#5836=ADVANCED_FACE('',(#834),#652,.F.);
#5837=ADVANCED_FACE('',(#835),#493,.T.);
#5838=ADVANCED_FACE('',(#836),#653,.F.);
#5839=ADVANCED_FACE('',(#837),#494,.T.);
#5840=ADVANCED_FACE('',(#838),#140,.F.);
#5841=ADVANCED_FACE('',(#839),#654,.F.);
#5842=ADVANCED_FACE('',(#840),#141,.F.);
#5843=ADVANCED_FACE('',(#841),#655,.T.);
#5844=ADVANCED_FACE('',(#842),#656,.T.);
#5845=ADVANCED_FACE('',(#843),#657,.F.);
#5846=ADVANCED_FACE('',(#844),#658,.T.);
#5847=ADVANCED_FACE('',(#845),#659,.T.);
#5848=ADVANCED_FACE('',(#846),#660,.T.);
#5849=ADVANCED_FACE('',(#847),#661,.T.);
#5850=ADVANCED_FACE('',(#848),#142,.F.);
#5851=ADVANCED_FACE('',(#849),#662,.T.);
#5852=ADVANCED_FACE('',(#850),#143,.F.);
#5853=ADVANCED_FACE('',(#851),#663,.F.);
#5854=ADVANCED_FACE('',(#852),#664,.T.);
#5855=ADVANCED_FACE('',(#853),#665,.F.);
#5856=ADVANCED_FACE('',(#854),#666,.T.);
#5857=ADVANCED_FACE('',(#855),#667,.T.);
#5858=ADVANCED_FACE('',(#856),#144,.F.);
#5859=ADVANCED_FACE('',(#857),#668,.T.);
#5860=ADVANCED_FACE('',(#858),#669,.T.);
#5861=ADVANCED_FACE('',(#859),#670,.T.);
#5862=ADVANCED_FACE('',(#860),#145,.F.);
#5863=ADVANCED_FACE('',(#861),#671,.T.);
#5864=ADVANCED_FACE('',(#862),#495,.T.);
#5865=ADVANCED_FACE('',(#863),#496,.T.);
#5866=ADVANCED_FACE('',(#864),#23,.T.);
#5867=ADVANCED_FACE('',(#865,#418,#419),#24,.F.);
#5868=ADVANCED_FACE('',(#866,#420),#25,.T.);
#5869=ADVANCED_FACE('',(#867),#26,.T.);
#5870=ADVANCED_FACE('',(#868),#672,.T.);
#5871=ADVANCED_FACE('',(#869),#497,.F.);
#5872=ADVANCED_FACE('',(#870),#498,.F.);
#5873=ADVANCED_FACE('',(#871),#27,.T.);
#5874=ADVANCED_FACE('',(#872),#28,.T.);
#5875=ADVANCED_FACE('',(#873),#673,.F.);
#5876=ADVANCED_FACE('',(#874),#674,.F.);
#5877=ADVANCED_FACE('',(#875),#146,.F.);
#5878=ADVANCED_FACE('',(#876),#147,.F.);
#5879=ADVANCED_FACE('',(#877),#499,.F.);
#5880=ADVANCED_FACE('',(#878),#148,.F.);
#5881=ADVANCED_FACE('',(#879),#149,.F.);
#5882=ADVANCED_FACE('',(#880),#150,.F.);
#5883=ADVANCED_FACE('',(#881),#388,.T.);
#5884=ADVANCED_FACE('',(#882),#29,.F.);
#5885=ADVANCED_FACE('',(#883),#675,.T.);
#5886=ADVANCED_FACE('',(#884),#151,.F.);
#5887=ADVANCED_FACE('',(#885),#30,.T.);
#5888=ADVANCED_FACE('',(#886),#500,.T.);
#5889=ADVANCED_FACE('',(#887),#676,.T.);
#5890=ADVANCED_FACE('',(#888),#31,.T.);
#5891=ADVANCED_FACE('',(#889),#152,.F.);
#5892=ADVANCED_FACE('',(#890),#677,.T.);
#5893=ADVANCED_FACE('',(#891),#32,.F.);
#5894=ADVANCED_FACE('',(#892),#389,.T.);
#5895=ADVANCED_FACE('',(#893),#153,.F.);
#5896=ADVANCED_FACE('',(#894),#501,.T.);
#5897=ADVANCED_FACE('',(#895),#154,.F.);
#5898=ADVANCED_FACE('',(#896),#678,.T.);
#5899=ADVANCED_FACE('',(#897),#33,.F.);
#5900=ADVANCED_FACE('',(#898),#390,.T.);
#5901=ADVANCED_FACE('',(#899),#155,.F.);
#5902=ADVANCED_FACE('',(#900),#502,.F.);
#5903=ADVANCED_FACE('',(#901),#34,.T.);
#5904=ADVANCED_FACE('',(#902),#156,.F.);
#5905=ADVANCED_FACE('',(#903),#391,.T.);
#5906=ADVANCED_FACE('',(#904),#35,.F.);
#5907=ADVANCED_FACE('',(#905),#679,.T.);
#5908=ADVANCED_FACE('',(#906),#157,.F.);
#5909=ADVANCED_FACE('',(#907),#36,.T.);
#5910=ADVANCED_FACE('',(#908),#503,.T.);
#5911=ADVANCED_FACE('',(#909),#680,.T.);
#5912=ADVANCED_FACE('',(#910),#504,.F.);
#5913=ADVANCED_FACE('',(#911),#505,.F.);
#5914=ADVANCED_FACE('',(#912),#158,.F.);
#5915=ADVANCED_FACE('',(#913),#681,.F.);
#5916=ADVANCED_FACE('',(#914),#682,.F.);
#5917=ADVANCED_FACE('',(#915),#159,.F.);
#5918=ADVANCED_FACE('',(#916),#683,.T.);
#5919=ADVANCED_FACE('',(#917),#506,.F.);
#5920=ADVANCED_FACE('',(#918),#160,.F.);
#5921=ADVANCED_FACE('',(#919),#684,.F.);
#5922=ADVANCED_FACE('',(#920),#685,.F.);
#5923=ADVANCED_FACE('',(#921),#161,.F.);
#5924=ADVANCED_FACE('',(#922),#686,.T.);
#5925=ADVANCED_FACE('',(#923),#507,.T.);
#5926=ADVANCED_FACE('',(#924),#508,.F.);
#5927=ADVANCED_FACE('',(#925),#509,.T.);
#5928=ADVANCED_FACE('',(#926),#510,.T.);
#5929=ADVANCED_FACE('',(#927),#687,.T.);
#5930=ADVANCED_FACE('',(#928),#37,.T.);
#5931=ADVANCED_FACE('',(#929),#688,.F.);
#5932=ADVANCED_FACE('',(#930),#38,.T.);
#5933=ADVANCED_FACE('',(#931),#511,.F.);
#5934=ADVANCED_FACE('',(#932),#512,.T.);
#5935=ADVANCED_FACE('',(#933),#689,.F.);
#5936=ADVANCED_FACE('',(#934),#39,.T.);
#5937=ADVANCED_FACE('',(#935),#690,.T.);
#5938=ADVANCED_FACE('',(#936),#40,.T.);
#5939=ADVANCED_FACE('',(#937),#513,.T.);
#5940=ADVANCED_FACE('',(#938),#514,.F.);
#5941=ADVANCED_FACE('',(#939,#421),#515,.F.);
#5942=ADVANCED_FACE('',(#940),#691,.F.);
#5943=ADVANCED_FACE('',(#941,#422),#41,.T.);
#5944=ADVANCED_FACE('',(#942),#42,.T.);
#5945=ADVANCED_FACE('',(#943),#43,.T.);
#5946=ADVANCED_FACE('',(#944,#423,#424,#425),#516,.T.);
#5947=ADVANCED_FACE('',(#945),#517,.F.);
#5948=ADVANCED_FACE('',(#946),#692,.T.);
#5949=ADVANCED_FACE('',(#947),#518,.T.);
#5950=ADVANCED_FACE('',(#948),#519,.T.);
#5951=ADVANCED_FACE('',(#949),#693,.T.);
#5952=ADVANCED_FACE('',(#950),#520,.F.);
#5953=ADVANCED_FACE('',(#951),#694,.F.);
#5954=ADVANCED_FACE('',(#952),#695,.F.);
#5955=ADVANCED_FACE('',(#953),#521,.F.);
#5956=ADVANCED_FACE('',(#954,#426,#427,#428,#429),#522,.T.);
#5957=ADVANCED_FACE('',(#955),#523,.F.);
#5958=ADVANCED_FACE('',(#956,#430,#431,#432),#524,.T.);
#5959=ADVANCED_FACE('',(#957),#525,.F.);
#5960=ADVANCED_FACE('',(#958),#526,.F.);
#5961=ADVANCED_FACE('',(#959),#527,.T.);
#5962=ADVANCED_FACE('',(#960),#696,.T.);
#5963=ADVANCED_FACE('',(#961),#528,.F.);
#5964=ADVANCED_FACE('',(#962),#697,.F.);
#5965=ADVANCED_FACE('',(#963,#433,#434),#529,.F.);
#5966=ADVANCED_FACE('',(#964),#530,.F.);
#5967=ADVANCED_FACE('',(#965),#531,.F.);
#5968=ADVANCED_FACE('',(#966),#532,.T.);
#5969=ADVANCED_FACE('',(#967),#533,.F.);
#5970=ADVANCED_FACE('',(#968),#698,.T.);
#5971=ADVANCED_FACE('',(#969),#699,.T.);
#5972=ADVANCED_FACE('',(#970),#700,.T.);
#5973=ADVANCED_FACE('',(#971),#701,.T.);
#5974=ADVANCED_FACE('',(#972),#702,.T.);
#5975=ADVANCED_FACE('',(#973),#392,.T.);
#5976=ADVANCED_FACE('',(#974),#703,.T.);
#5977=ADVANCED_FACE('',(#975),#704,.T.);
#5978=ADVANCED_FACE('',(#976),#705,.T.);
#5979=ADVANCED_FACE('',(#977),#706,.T.);
#5980=ADVANCED_FACE('',(#978),#170,.T.);
#5981=ADVANCED_FACE('',(#979),#707,.T.);
#5982=ADVANCED_FACE('',(#980),#171,.T.);
#5983=ADVANCED_FACE('',(#981),#172,.T.);
#5984=ADVANCED_FACE('',(#982),#708,.T.);
#5985=ADVANCED_FACE('',(#983),#709,.T.);
#5986=ADVANCED_FACE('',(#984),#393,.T.);
#5987=ADVANCED_FACE('',(#985),#710,.T.);
#5988=ADVANCED_FACE('',(#986),#173,.T.);
#5989=ADVANCED_FACE('',(#987),#711,.T.);
#5990=ADVANCED_FACE('',(#988),#712,.T.);
#5991=ADVANCED_FACE('',(#989),#174,.T.);
#5992=ADVANCED_FACE('',(#990),#713,.T.);
#5993=ADVANCED_FACE('',(#991),#175,.T.);
#5994=ADVANCED_FACE('',(#992),#714,.T.);
#5995=ADVANCED_FACE('',(#993),#715,.T.);
#5996=ADVANCED_FACE('',(#994),#176,.T.);
#5997=ADVANCED_FACE('',(#995),#177,.T.);
#5998=ADVANCED_FACE('',(#996),#534,.F.);
#5999=ADVANCED_FACE('',(#997),#716,.F.);
#6000=ADVANCED_FACE('',(#998),#717,.F.);
#6001=ADVANCED_FACE('',(#999),#394,.T.);
#6002=ADVANCED_FACE('',(#1000),#535,.T.);
#6003=ADVANCED_FACE('',(#1001),#395,.T.);
#6004=ADVANCED_FACE('',(#1002),#536,.F.);
#6005=ADVANCED_FACE('',(#1003),#537,.F.);
#6006=ADVANCED_FACE('',(#1004),#396,.F.);
#6007=ADVANCED_FACE('',(#1005),#538,.T.);
#6008=ADVANCED_FACE('',(#1006),#539,.T.);
#6009=ADVANCED_FACE('',(#1007),#540,.F.);
#6010=ADVANCED_FACE('',(#1008),#541,.T.);
#6011=ADVANCED_FACE('',(#1009),#542,.T.);
#6012=ADVANCED_FACE('',(#1010),#543,.T.);
#6013=ADVANCED_FACE('',(#1011,#435),#544,.T.);
#6014=ADVANCED_FACE('',(#1012),#718,.T.);
#6015=ADVANCED_FACE('',(#1013),#719,.F.);
#6016=ADVANCED_FACE('',(#1014,#436,#437,#438,#439,#440),#545,.T.);
#6017=ADVANCED_FACE('',(#1015,#441),#546,.T.);
#6018=ADVANCED_FACE('',(#1016),#720,.T.);
#6019=ADVANCED_FACE('',(#1017),#721,.F.);
#6020=ADVANCED_FACE('',(#1018),#547,.T.);
#6021=ADVANCED_FACE('',(#1019),#548,.T.);
#6022=ADVANCED_FACE('',(#1020),#549,.T.);
#6023=ADVANCED_FACE('',(#1021),#550,.T.);
#6024=ADVANCED_FACE('',(#1022),#551,.T.);
#6025=ADVANCED_FACE('',(#1023),#722,.F.);
#6026=ADVANCED_FACE('',(#1024),#723,.F.);
#6027=ADVANCED_FACE('',(#1025),#724,.F.);
#6028=ADVANCED_FACE('',(#1026,#442,#443,#444,#445,#446),#552,.F.);
#6029=ADVANCED_FACE('',(#1027),#553,.T.);
#6030=ADVANCED_FACE('',(#1028),#554,.T.);
#6031=ADVANCED_FACE('',(#1029),#555,.T.);
#6032=ADVANCED_FACE('',(#1030),#556,.T.);
#6033=ADVANCED_FACE('',(#1031),#557,.T.);
#6034=ADVANCED_FACE('',(#1032),#725,.F.);
#6035=ADVANCED_FACE('',(#1033),#558,.T.);
#6036=ADVANCED_FACE('',(#1034),#559,.T.);
#6037=ADVANCED_FACE('',(#1035),#560,.T.);
#6038=ADVANCED_FACE('',(#1036),#561,.T.);
#6039=ADVANCED_FACE('',(#1037),#562,.T.);
#6040=ADVANCED_FACE('',(#1038),#726,.F.);
#6041=ADVANCED_FACE('',(#1039),#563,.T.);
#6042=ADVANCED_FACE('',(#1040),#727,.F.);
#6043=ADVANCED_FACE('',(#1041),#564,.T.);
#6044=ADVANCED_FACE('',(#1042),#728,.F.);
#6045=ADVANCED_FACE('',(#1043),#565,.T.);
#6046=ADVANCED_FACE('',(#1044),#729,.F.);
#6047=ADVANCED_FACE('',(#1045),#566,.T.);
#6048=ADVANCED_FACE('',(#1046,#447),#567,.F.);
#6049=ADVANCED_FACE('',(#1047,#448,#449,#450,#451,#452),#568,.F.);
#6050=ADVANCED_FACE('',(#1048),#730,.F.);
#6051=ADVANCED_FACE('',(#1049),#731,.T.);
#6052=ADVANCED_FACE('',(#1050),#569,.T.);
#6053=ADVANCED_FACE('',(#1051),#570,.T.);
#6054=ADVANCED_FACE('',(#1052),#571,.T.);
#6055=ADVANCED_FACE('',(#1053),#572,.T.);
#6056=ADVANCED_FACE('',(#1054),#573,.T.);
#6057=ADVANCED_FACE('',(#1055),#574,.T.);
#6058=ADVANCED_FACE('',(#1056),#575,.T.);
#6059=ADVANCED_FACE('',(#1057),#576,.F.);
#6060=ADVANCED_FACE('',(#1058),#577,.T.);
#6061=ADVANCED_FACE('',(#1059),#578,.T.);
#6062=ADVANCED_FACE('',(#1060),#579,.F.);
#6063=ADVANCED_FACE('',(#1061),#5745,.F.);
#6064=ADVANCED_FACE('',(#1062),#5746,.T.);
#6065=ADVANCED_FACE('',(#1063,#453),#580,.F.);
#6066=ADVANCED_FACE('',(#1064),#732,.F.);
#6067=ADVANCED_FACE('',(#1065),#733,.T.);
#6068=ADVANCED_FACE('',(#1066),#581,.T.);
#6069=ADVANCED_FACE('',(#1067),#582,.T.);
#6070=ADVANCED_FACE('',(#1068),#583,.T.);
#6071=ADVANCED_FACE('',(#1069),#734,.F.);
#6072=ADVANCED_FACE('',(#1070),#584,.T.);
#6073=ADVANCED_FACE('',(#1071),#585,.T.);
#6074=ADVANCED_FACE('',(#1072),#586,.T.);
#6075=ADVANCED_FACE('',(#1073),#587,.T.);
#6076=ADVANCED_FACE('',(#1074),#588,.F.);
#6077=ADVANCED_FACE('',(#1075),#589,.T.);
#6078=ADVANCED_FACE('',(#1076),#735,.T.);
#6079=ADVANCED_FACE('',(#1077),#590,.T.);
#6080=ADVANCED_FACE('',(#1078),#591,.F.);
#6081=ADVANCED_FACE('',(#1079),#5747,.F.);
#6082=ADVANCED_FACE('',(#1080),#5748,.T.);
#6083=ADVANCED_FACE('',(#1081,#454),#592,.F.);
#6084=ADVANCED_FACE('',(#1082),#736,.F.);
#6085=ADVANCED_FACE('',(#1083),#737,.F.);
#6086=ADVANCED_FACE('',(#1084),#593,.T.);
#6087=ADVANCED_FACE('',(#1085),#594,.T.);
#6088=ADVANCED_FACE('',(#1086),#595,.T.);
#6089=ADVANCED_FACE('',(#1087),#596,.T.);
#6090=ADVANCED_FACE('',(#1088),#597,.T.);
#6091=ADVANCED_FACE('',(#1089),#598,.T.);
#6092=ADVANCED_FACE('',(#1090),#599,.T.);
#6093=ADVANCED_FACE('',(#1091),#600,.F.);
#6094=ADVANCED_FACE('',(#1092),#738,.T.);
#6095=ADVANCED_FACE('',(#1093),#739,.F.);
#6096=ADVANCED_FACE('',(#1094),#601,.T.);
#6097=ADVANCED_FACE('',(#1095),#740,.F.);
#6098=ADVANCED_FACE('',(#1096),#602,.T.);
#6099=ADVANCED_FACE('',(#1097),#741,.F.);
#6100=ADVANCED_FACE('',(#1098),#603,.T.);
#6101=ADVANCED_FACE('',(#1099),#742,.F.);
#6102=ADVANCED_FACE('',(#1100),#604,.T.);
#6103=ADVANCED_FACE('',(#1101,#455),#605,.F.);
#6104=ADVANCED_FACE('',(#1102,#456,#457,#458,#459,#460),#606,.F.);
#6105=ADVANCED_FACE('',(#1103),#743,.F.);
#6106=ADVANCED_FACE('',(#1104),#744,.T.);
#6107=ADVANCED_FACE('',(#1105,#461,#462,#463,#464),#607,.T.);
#6108=ADVANCED_FACE('',(#1106),#745,.F.);
#6109=ADVANCED_FACE('',(#1107),#608,.F.);
#6110=ADVANCED_FACE('',(#1108),#746,.F.);
#6111=ADVANCED_FACE('',(#1109),#609,.F.);
#6112=ADVANCED_FACE('',(#1110),#747,.F.);
#6113=ADVANCED_FACE('',(#1111),#610,.F.);
#6114=ADVANCED_FACE('',(#1112),#748,.F.);
#6115=ADVANCED_FACE('',(#1113),#611,.F.);
#6116=ADVANCED_FACE('',(#1114),#5749,.T.);
#6117=ADVANCED_FACE('',(#1115),#5750,.F.);
#6118=ADVANCED_FACE('',(#1116),#612,.T.);
#6119=CLOSED_SHELL('',(#5751,#5752,#5753,#5754,#5755,#5756,#5757,#5758,
#5759,#5760,#5761,#5762,#5763,#5764,#5765,#5766,#5767,#5768,#5769,#5770,
#5771,#5772,#5773,#5774));
#6120=CLOSED_SHELL('',(#5775,#5776,#5777,#5778,#5779,#5780,#5781,#5782,
#5783,#5784));
#6121=CLOSED_SHELL('',(#5785,#5786,#5787,#5788,#5789,#5790,#5791,#5792,
#5793,#5794,#5795,#5796,#5797,#5798,#5799,#5800,#5801,#5802,#5803,#5804,
#5805,#5806,#5807,#5808,#5809,#5810,#5811,#5812,#5813,#5814,#5815,#5816,
#5817,#5818,#5819,#5820,#5821,#5822,#5823,#5824,#5825,#5826,#5827,#5828,
#5829,#5830,#5831,#5832));
#6122=CLOSED_SHELL('',(#5833,#5834,#5835));
#6123=CLOSED_SHELL('',(#5836,#5837,#5838,#5839,#5840,#5841,#5842,#5843,
#5844,#5845,#5846,#5847,#5848,#5849,#5850,#5851,#5852,#5853,#5854,#5855,
#5856,#5857,#5858,#5859,#5860,#5861,#5862,#5863,#5864,#5865,#5866,#5867,
#5868,#5869,#5870,#5871,#5872,#5873,#5874,#5875,#5876,#5877,#5878,#5879,
#5880,#5881,#5882,#5883,#5884,#5885,#5886,#5887,#5888,#5889,#5890,#5891,
#5892,#5893,#5894,#5895,#5896,#5897,#5898,#5899,#5900,#5901,#5902,#5903,
#5904,#5905,#5906,#5907,#5908,#5909,#5910,#5911,#5912,#5913,#5914,#5915,
#5916,#5917,#5918,#5919,#5920,#5921,#5922,#5923,#5924,#5925,#5926,#5927,
#5928,#5929,#5930,#5931,#5932,#5933,#5934,#5935,#5936,#5937,#5938,#5939,
#5940,#5941,#5942,#5943,#5944,#5945,#5946));
#6124=CLOSED_SHELL('',(#5947,#5948,#5949));
#6125=CLOSED_SHELL('',(#5950,#5951,#5952));
#6126=CLOSED_SHELL('',(#5953,#5954,#5955,#5956,#5957,#5958,#5959,#5960,
#5961,#5962,#5963,#5964,#5965,#5966,#5967,#5968,#5969,#5970,#5971,#5972,
#5973,#5974,#5975,#5976,#5977,#5978,#5979,#5980,#5981,#5982,#5983,#5984,
#5985,#5986,#5987,#5988,#5989,#5990,#5991,#5992,#5993,#5994,#5995,#5996,
#5997,#5998,#5999,#6000));
#6127=CLOSED_SHELL('',(#6001,#6002,#6003,#6004,#6005,#6006,#6007,#6008,
#6009,#6010));
#6128=CLOSED_SHELL('',(#6011,#6012,#6013,#6014,#6015,#6016,#6017,#6018,
#6019,#6020,#6021,#6022,#6023,#6024,#6025,#6026,#6027,#6028,#6029,#6030));
#6129=CLOSED_SHELL('',(#6031,#6032,#6033,#6034,#6035,#6036,#6037,#6038,
#6039,#6040,#6041,#6042,#6043,#6044,#6045,#6046,#6047,#6048,#6049,#6050,
#6051));
#6130=CLOSED_SHELL('',(#6052,#6053,#6054,#6055,#6056,#6057,#6058,#6059,
#6060,#6061,#6062,#6063,#6064,#6065,#6066,#6067));
#6131=CLOSED_SHELL('',(#6068,#6069,#6070,#6071,#6072,#6073,#6074,#6075,
#6076,#6077,#6078,#6079,#6080,#6081,#6082,#6083,#6084));
#6132=CLOSED_SHELL('',(#6085,#6086,#6087,#6088,#6089,#6090,#6091,#6092,
#6093,#6094,#6095,#6096,#6097,#6098,#6099,#6100,#6101,#6102,#6103,#6104,
#6105));
#6133=CLOSED_SHELL('',(#6106,#6107,#6108,#6109,#6110,#6111,#6112,#6113,
#6114,#6115,#6116,#6117,#6118));
#6134=DERIVED_UNIT_ELEMENT(#6164,1.);
#6135=DERIVED_UNIT_ELEMENT(#13450,-3.);
#6136=DERIVED_UNIT_ELEMENT(#6164,1.);
#6137=DERIVED_UNIT_ELEMENT(#13450,-3.);
#6138=DERIVED_UNIT_ELEMENT(#6164,1.);
#6139=DERIVED_UNIT_ELEMENT(#13450,-3.);
#6140=DERIVED_UNIT_ELEMENT(#6164,1.);
#6141=DERIVED_UNIT_ELEMENT(#13450,-3.);
#6142=DERIVED_UNIT_ELEMENT(#6164,1.);
#6143=DERIVED_UNIT_ELEMENT(#13450,-3.);
#6144=DERIVED_UNIT_ELEMENT(#6164,1.);
#6145=DERIVED_UNIT_ELEMENT(#13450,-3.);
#6146=DERIVED_UNIT_ELEMENT(#6164,1.);
#6147=DERIVED_UNIT_ELEMENT(#13450,-3.);
#6148=DERIVED_UNIT_ELEMENT(#6164,1.);
#6149=DERIVED_UNIT_ELEMENT(#13450,-3.);
#6150=DERIVED_UNIT_ELEMENT(#6164,1.);
#6151=DERIVED_UNIT_ELEMENT(#13450,-3.);
#6152=DERIVED_UNIT_ELEMENT(#6164,1.);
#6153=DERIVED_UNIT_ELEMENT(#13450,-3.);
#6154=DERIVED_UNIT_ELEMENT(#6164,1.);
#6155=DERIVED_UNIT_ELEMENT(#13450,-3.);
#6156=DERIVED_UNIT_ELEMENT(#6164,1.);
#6157=DERIVED_UNIT_ELEMENT(#13450,-3.);
#6158=DERIVED_UNIT_ELEMENT(#6164,1.);
#6159=DERIVED_UNIT_ELEMENT(#13450,-3.);
#6160=DERIVED_UNIT_ELEMENT(#6164,1.);
#6161=DERIVED_UNIT_ELEMENT(#13450,-3.);
#6162=DERIVED_UNIT_ELEMENT(#6164,1.);
#6163=DERIVED_UNIT_ELEMENT(#13450,-3.);
#6164=(
MASS_UNIT()
NAMED_UNIT(*)
SI_UNIT(.KILO.,.GRAM.)
);
#6165=DERIVED_UNIT((#6134,#6135));
#6166=DERIVED_UNIT((#6136,#6137));
#6167=DERIVED_UNIT((#6138,#6139));
#6168=DERIVED_UNIT((#6140,#6141));
#6169=DERIVED_UNIT((#6142,#6143));
#6170=DERIVED_UNIT((#6144,#6145));
#6171=DERIVED_UNIT((#6146,#6147));
#6172=DERIVED_UNIT((#6148,#6149));
#6173=DERIVED_UNIT((#6150,#6151));
#6174=DERIVED_UNIT((#6152,#6153));
#6175=DERIVED_UNIT((#6154,#6155));
#6176=DERIVED_UNIT((#6156,#6157));
#6177=DERIVED_UNIT((#6158,#6159));
#6178=DERIVED_UNIT((#6160,#6161));
#6179=DERIVED_UNIT((#6162,#6163));
#6180=MEASURE_REPRESENTATION_ITEM('density measure',
POSITIVE_RATIO_MEASURE(8000.000133),#6165);
#6181=MEASURE_REPRESENTATION_ITEM('density measure',
POSITIVE_RATIO_MEASURE(8000.000133),#6166);
#6182=MEASURE_REPRESENTATION_ITEM('density measure',
POSITIVE_RATIO_MEASURE(7850.),#6167);
#6183=MEASURE_REPRESENTATION_ITEM('density measure',
POSITIVE_RATIO_MEASURE(7850.),#6168);
#6184=MEASURE_REPRESENTATION_ITEM('density measure',
POSITIVE_RATIO_MEASURE(7850.),#6169);
#6185=MEASURE_REPRESENTATION_ITEM('density measure',
POSITIVE_RATIO_MEASURE(7850.),#6170);
#6186=MEASURE_REPRESENTATION_ITEM('density measure',
POSITIVE_RATIO_MEASURE(7850.),#6171);
#6187=MEASURE_REPRESENTATION_ITEM('density measure',
POSITIVE_RATIO_MEASURE(7850.),#6172);
#6188=MEASURE_REPRESENTATION_ITEM('density measure',
POSITIVE_RATIO_MEASURE(7850.),#6173);
#6189=MEASURE_REPRESENTATION_ITEM('density measure',
POSITIVE_RATIO_MEASURE(7850.),#6174);
#6190=MEASURE_REPRESENTATION_ITEM('density measure',
POSITIVE_RATIO_MEASURE(7850.),#6175);
#6191=MEASURE_REPRESENTATION_ITEM('density measure',
POSITIVE_RATIO_MEASURE(7850.),#6176);
#6192=MEASURE_REPRESENTATION_ITEM('density measure',
POSITIVE_RATIO_MEASURE(7850.),#6177);
#6193=MEASURE_REPRESENTATION_ITEM('density measure',
POSITIVE_RATIO_MEASURE(7850.),#6178);
#6194=MEASURE_REPRESENTATION_ITEM('density measure',
POSITIVE_RATIO_MEASURE(7850.),#6179);
#6195=PROPERTY_DEFINITION_REPRESENTATION(#6270,#6225);
#6196=PROPERTY_DEFINITION_REPRESENTATION(#6271,#6226);
#6197=PROPERTY_DEFINITION_REPRESENTATION(#6272,#6227);
#6198=PROPERTY_DEFINITION_REPRESENTATION(#6273,#6228);
#6199=PROPERTY_DEFINITION_REPRESENTATION(#6274,#6229);
#6200=PROPERTY_DEFINITION_REPRESENTATION(#6275,#6230);
#6201=PROPERTY_DEFINITION_REPRESENTATION(#6276,#6231);
#6202=PROPERTY_DEFINITION_REPRESENTATION(#6277,#6232);
#6203=PROPERTY_DEFINITION_REPRESENTATION(#6278,#6233);
#6204=PROPERTY_DEFINITION_REPRESENTATION(#6279,#6234);
#6205=PROPERTY_DEFINITION_REPRESENTATION(#6280,#6235);
#6206=PROPERTY_DEFINITION_REPRESENTATION(#6281,#6236);
#6207=PROPERTY_DEFINITION_REPRESENTATION(#6282,#6237);
#6208=PROPERTY_DEFINITION_REPRESENTATION(#6283,#6238);
#6209=PROPERTY_DEFINITION_REPRESENTATION(#6284,#6239);
#6210=PROPERTY_DEFINITION_REPRESENTATION(#6285,#6240);
#6211=PROPERTY_DEFINITION_REPRESENTATION(#6286,#6241);
#6212=PROPERTY_DEFINITION_REPRESENTATION(#6287,#6242);
#6213=PROPERTY_DEFINITION_REPRESENTATION(#6288,#6243);
#6214=PROPERTY_DEFINITION_REPRESENTATION(#6289,#6244);
#6215=PROPERTY_DEFINITION_REPRESENTATION(#6290,#6245);
#6216=PROPERTY_DEFINITION_REPRESENTATION(#6291,#6246);
#6217=PROPERTY_DEFINITION_REPRESENTATION(#6292,#6247);
#6218=PROPERTY_DEFINITION_REPRESENTATION(#6293,#6248);
#6219=PROPERTY_DEFINITION_REPRESENTATION(#6294,#6249);
#6220=PROPERTY_DEFINITION_REPRESENTATION(#6295,#6250);
#6221=PROPERTY_DEFINITION_REPRESENTATION(#6296,#6251);
#6222=PROPERTY_DEFINITION_REPRESENTATION(#6297,#6252);
#6223=PROPERTY_DEFINITION_REPRESENTATION(#6298,#6253);
#6224=PROPERTY_DEFINITION_REPRESENTATION(#6299,#6254);
#6225=REPRESENTATION('material name',(#6255),#13431);
#6226=REPRESENTATION('density',(#6180),#13431);
#6227=REPRESENTATION('material name',(#6256),#13432);
#6228=REPRESENTATION('density',(#6181),#13432);
#6229=REPRESENTATION('material name',(#6257),#13433);
#6230=REPRESENTATION('density',(#6182),#13433);
#6231=REPRESENTATION('material name',(#6258),#13434);
#6232=REPRESENTATION('density',(#6183),#13434);
#6233=REPRESENTATION('material name',(#6259),#13435);
#6234=REPRESENTATION('density',(#6184),#13435);
#6235=REPRESENTATION('material name',(#6260),#13436);
#6236=REPRESENTATION('density',(#6185),#13436);
#6237=REPRESENTATION('material name',(#6261),#13437);
#6238=REPRESENTATION('density',(#6186),#13437);
#6239=REPRESENTATION('material name',(#6262),#13438);
#6240=REPRESENTATION('density',(#6187),#13438);
#6241=REPRESENTATION('material name',(#6263),#13441);
#6242=REPRESENTATION('density',(#6188),#13441);
#6243=REPRESENTATION('material name',(#6264),#13442);
#6244=REPRESENTATION('density',(#6189),#13442);
#6245=REPRESENTATION('material name',(#6265),#13443);
#6246=REPRESENTATION('density',(#6190),#13443);
#6247=REPRESENTATION('material name',(#6266),#13444);
#6248=REPRESENTATION('density',(#6191),#13444);
#6249=REPRESENTATION('material name',(#6267),#13445);
#6250=REPRESENTATION('density',(#6192),#13445);
#6251=REPRESENTATION('material name',(#6268),#13446);
#6252=REPRESENTATION('density',(#6193),#13446);
#6253=REPRESENTATION('material name',(#6269),#13447);
#6254=REPRESENTATION('density',(#6194),#13447);
#6255=DESCRIPTIVE_REPRESENTATION_ITEM(
'AISI 316 Stainless Steel Sheet (SS)',
'AISI 316 Stainless Steel Sheet (SS)');
#6256=DESCRIPTIVE_REPRESENTATION_ITEM(
'AISI 316 Stainless Steel Sheet (SS)',
'AISI 316 Stainless Steel Sheet (SS)');
#6257=DESCRIPTIVE_REPRESENTATION_ITEM('Steel','Steel');
#6258=DESCRIPTIVE_REPRESENTATION_ITEM('Steel','Steel');
#6259=DESCRIPTIVE_REPRESENTATION_ITEM('Steel','Steel');
#6260=DESCRIPTIVE_REPRESENTATION_ITEM('Steel','Steel');
#6261=DESCRIPTIVE_REPRESENTATION_ITEM('Steel','Steel');
#6262=DESCRIPTIVE_REPRESENTATION_ITEM('Steel','Steel');
#6263=DESCRIPTIVE_REPRESENTATION_ITEM('Steel','Steel');
#6264=DESCRIPTIVE_REPRESENTATION_ITEM('Steel','Steel');
#6265=DESCRIPTIVE_REPRESENTATION_ITEM('Steel','Steel');
#6266=DESCRIPTIVE_REPRESENTATION_ITEM('Steel','Steel');
#6267=DESCRIPTIVE_REPRESENTATION_ITEM('Steel','Steel');
#6268=DESCRIPTIVE_REPRESENTATION_ITEM('Steel','Steel');
#6269=DESCRIPTIVE_REPRESENTATION_ITEM('Steel','Steel');
#6270=PROPERTY_DEFINITION('material property','material name',#13553);
#6271=PROPERTY_DEFINITION('material property','density of part',#13553);
#6272=PROPERTY_DEFINITION('material property','material name',#13554);
#6273=PROPERTY_DEFINITION('material property','density of part',#13554);
#6274=PROPERTY_DEFINITION('material property','material name',#13555);
#6275=PROPERTY_DEFINITION('material property','density of part',#13555);
#6276=PROPERTY_DEFINITION('material property','material name',#13556);
#6277=PROPERTY_DEFINITION('material property','density of part',#13556);
#6278=PROPERTY_DEFINITION('material property','material name',#13557);
#6279=PROPERTY_DEFINITION('material property','density of part',#13557);
#6280=PROPERTY_DEFINITION('material property','material name',#13558);
#6281=PROPERTY_DEFINITION('material property','density of part',#13558);
#6282=PROPERTY_DEFINITION('material property','material name',#13559);
#6283=PROPERTY_DEFINITION('material property','density of part',#13559);
#6284=PROPERTY_DEFINITION('material property','material name',#13560);
#6285=PROPERTY_DEFINITION('material property','density of part',#13560);
#6286=PROPERTY_DEFINITION('material property','material name',#13563);
#6287=PROPERTY_DEFINITION('material property','density of part',#13563);
#6288=PROPERTY_DEFINITION('material property','material name',#13564);
#6289=PROPERTY_DEFINITION('material property','density of part',#13564);
#6290=PROPERTY_DEFINITION('material property','material name',#13565);
#6291=PROPERTY_DEFINITION('material property','density of part',#13565);
#6292=PROPERTY_DEFINITION('material property','material name',#13566);
#6293=PROPERTY_DEFINITION('material property','density of part',#13566);
#6294=PROPERTY_DEFINITION('material property','material name',#13567);
#6295=PROPERTY_DEFINITION('material property','density of part',#13567);
#6296=PROPERTY_DEFINITION('material property','material name',#13568);
#6297=PROPERTY_DEFINITION('material property','density of part',#13568);
#6298=PROPERTY_DEFINITION('material property','material name',#13569);
#6299=PROPERTY_DEFINITION('material property','density of part',#13569);
#6300=AXIS2_PLACEMENT_3D('',#8888,#7034,#7035);
#6301=AXIS2_PLACEMENT_3D('',#8889,#7036,#7037);
#6302=AXIS2_PLACEMENT_3D('',#8890,#7038,#7039);
#6303=AXIS2_PLACEMENT_3D('',#8891,#7040,#7041);
#6304=AXIS2_PLACEMENT_3D('',#8892,#7042,#7043);
#6305=AXIS2_PLACEMENT_3D('',#8893,#7044,#7045);
#6306=AXIS2_PLACEMENT_3D('',#8894,#7046,#7047);
#6307=AXIS2_PLACEMENT_3D('',#8897,#7048,#7049);
#6308=AXIS2_PLACEMENT_3D('',#8898,#7050,#7051);
#6309=AXIS2_PLACEMENT_3D('',#8901,#7053,#7054);
#6310=AXIS2_PLACEMENT_3D('',#8902,#7055,#7056);
#6311=AXIS2_PLACEMENT_3D('',#8905,#7058,#7059);
#6312=AXIS2_PLACEMENT_3D('',#8906,#7060,#7061);
#6313=AXIS2_PLACEMENT_3D('',#8908,#7062,#7063);
#6314=AXIS2_PLACEMENT_3D('',#8909,#7064,#7065);
#6315=AXIS2_PLACEMENT_3D('',#8912,#7067,#7068);
#6316=AXIS2_PLACEMENT_3D('',#8913,#7069,#7070);
#6317=AXIS2_PLACEMENT_3D('',#8915,#7071,#7072);
#6318=AXIS2_PLACEMENT_3D('',#8916,#7073,#7074);
#6319=AXIS2_PLACEMENT_3D('',#8918,#7075,#7076);
#6320=AXIS2_PLACEMENT_3D('',#8919,#7077,#7078);
#6321=AXIS2_PLACEMENT_3D('',#8920,#7079,#7080);
#6322=AXIS2_PLACEMENT_3D('',#8923,#7082,#7083);
#6323=AXIS2_PLACEMENT_3D('',#8924,#7084,#7085);
#6324=AXIS2_PLACEMENT_3D('',#8926,#7086,#7087);
#6325=AXIS2_PLACEMENT_3D('',#8927,#7088,#7089);
#6326=AXIS2_PLACEMENT_3D('',#8928,#7090,#7091);
#6327=AXIS2_PLACEMENT_3D('',#8930,#7092,#7093);
#6328=AXIS2_PLACEMENT_3D('',#8931,#7094,#7095);
#6329=AXIS2_PLACEMENT_3D('',#8934,#7097,#7098);
#6330=AXIS2_PLACEMENT_3D('',#8935,#7099,#7100);
#6331=AXIS2_PLACEMENT_3D('',#8937,#7101,#7102);
#6332=AXIS2_PLACEMENT_3D('',#8938,#7103,#7104);
#6333=AXIS2_PLACEMENT_3D('',#8941,#7106,#7107);
#6334=AXIS2_PLACEMENT_3D('',#8942,#7108,#7109);
#6335=AXIS2_PLACEMENT_3D('',#8945,#7111,#7112);
#6336=AXIS2_PLACEMENT_3D('',#8946,#7113,#7114);
#6337=AXIS2_PLACEMENT_3D('',#8948,#7115,#7116);
#6338=AXIS2_PLACEMENT_3D('',#8949,#7117,#7118);
#6339=AXIS2_PLACEMENT_3D('',#8952,#7120,#7121);
#6340=AXIS2_PLACEMENT_3D('',#8953,#7122,#7123);
#6341=AXIS2_PLACEMENT_3D('',#8955,#7124,#7125);
#6342=AXIS2_PLACEMENT_3D('',#8956,#7126,#7127);
#6343=AXIS2_PLACEMENT_3D('',#8959,#7129,#7130);
#6344=AXIS2_PLACEMENT_3D('',#8960,#7131,#7132);
#6345=AXIS2_PLACEMENT_3D('',#8963,#7134,#7135);
#6346=AXIS2_PLACEMENT_3D('',#8964,#7136,#7137);
#6347=AXIS2_PLACEMENT_3D('',#8966,#7138,#7139);
#6348=AXIS2_PLACEMENT_3D('',#8967,#7140,#7141);
#6349=AXIS2_PLACEMENT_3D('',#8968,#7142,#7143);
#6350=AXIS2_PLACEMENT_3D('',#8972,#7145,#7146);
#6351=AXIS2_PLACEMENT_3D('',#8973,#7147,#7148);
#6352=AXIS2_PLACEMENT_3D('',#8974,#7149,#7150);
#6353=AXIS2_PLACEMENT_3D('',#8976,#7151,#7152);
#6354=AXIS2_PLACEMENT_3D('',#8978,#7154,#7155);
#6355=AXIS2_PLACEMENT_3D('',#8980,#7156,#7157);
#6356=AXIS2_PLACEMENT_3D('',#8981,#7158,#7159);
#6357=AXIS2_PLACEMENT_3D('',#8984,#7161,#7162);
#6358=AXIS2_PLACEMENT_3D('',#8985,#7163,#7164);
#6359=AXIS2_PLACEMENT_3D('',#8986,#7165,#7166);
#6360=AXIS2_PLACEMENT_3D('',#8987,#7167,#7168);
#6361=AXIS2_PLACEMENT_3D('',#8989,#7169,#7170);
#6362=AXIS2_PLACEMENT_3D('',#8992,#7172,#7173);
#6363=AXIS2_PLACEMENT_3D('',#8993,#7174,#7175);
#6364=AXIS2_PLACEMENT_3D('',#8995,#7176,#7177);
#6365=AXIS2_PLACEMENT_3D('',#8996,#7178,#7179);
#6366=AXIS2_PLACEMENT_3D('',#8998,#7180,#7181);
#6367=AXIS2_PLACEMENT_3D('',#9000,#7183,#7184);
#6368=AXIS2_PLACEMENT_3D('',#9002,#7185,#7186);
#6369=AXIS2_PLACEMENT_3D('',#9003,#7187,#7188);
#6370=AXIS2_PLACEMENT_3D('',#9005,#7189,#7190);
#6371=AXIS2_PLACEMENT_3D('',#9007,#7192,#7193);
#6372=AXIS2_PLACEMENT_3D('',#9009,#7194,#7195);
#6373=AXIS2_PLACEMENT_3D('',#9010,#7196,#7197);
#6374=AXIS2_PLACEMENT_3D('',#9011,#7198,#7199);
#6375=AXIS2_PLACEMENT_3D('',#9013,#7200,#7201);
#6376=AXIS2_PLACEMENT_3D('',#9015,#7203,#7204);
#6377=AXIS2_PLACEMENT_3D('',#9017,#7205,#7206);
#6378=AXIS2_PLACEMENT_3D('',#9018,#7207,#7208);
#6379=AXIS2_PLACEMENT_3D('',#9020,#7209,#7210);
#6380=AXIS2_PLACEMENT_3D('',#9022,#7212,#7213);
#6381=AXIS2_PLACEMENT_3D('',#9023,#7214,#7215);
#6382=AXIS2_PLACEMENT_3D('',#9024,#7216,#7217);
#6383=AXIS2_PLACEMENT_3D('',#9025,#7218,#7219);
#6384=AXIS2_PLACEMENT_3D('',#9026,#7220,#7221);
#6385=AXIS2_PLACEMENT_3D('',#9027,#7222,#7223);
#6386=AXIS2_PLACEMENT_3D('',#9028,#7224,#7225);
#6387=AXIS2_PLACEMENT_3D('',#9029,#7226,#7227);
#6388=AXIS2_PLACEMENT_3D('',#9030,#7228,#7229);
#6389=AXIS2_PLACEMENT_3D('',#9031,#7230,#7231);
#6390=AXIS2_PLACEMENT_3D('',#9032,#7232,#7233);
#6391=AXIS2_PLACEMENT_3D('',#9034,#7234,#7235);
#6392=AXIS2_PLACEMENT_3D('',#9037,#7237,#7238);
#6393=AXIS2_PLACEMENT_3D('',#9038,#7239,#7240);
#6394=AXIS2_PLACEMENT_3D('',#9040,#7241,#7242);
#6395=AXIS2_PLACEMENT_3D('',#9043,#7244,#7245);
#6396=AXIS2_PLACEMENT_3D('',#9044,#7246,#7247);
#6397=AXIS2_PLACEMENT_3D('',#9053,#7252,#7253);
#6398=AXIS2_PLACEMENT_3D('',#9061,#7257,#7258);
#6399=AXIS2_PLACEMENT_3D('',#9068,#7262,#7263);
#6400=AXIS2_PLACEMENT_3D('',#9070,#7264,#7265);
#6401=AXIS2_PLACEMENT_3D('',#9071,#7266,#7267);
#6402=AXIS2_PLACEMENT_3D('',#9076,#7270,#7271);
#6403=AXIS2_PLACEMENT_3D('',#9077,#7272,#7273);
#6404=AXIS2_PLACEMENT_3D('',#9083,#7276,#7277);
#6405=AXIS2_PLACEMENT_3D('',#9087,#7279,#7280);
#6406=AXIS2_PLACEMENT_3D('',#9091,#7282,#7283);
#6407=AXIS2_PLACEMENT_3D('',#9095,#7285,#7286);
#6408=AXIS2_PLACEMENT_3D('',#9099,#7288,#7289);
#6409=AXIS2_PLACEMENT_3D('',#9102,#7291,#7292);
#6410=AXIS2_PLACEMENT_3D('',#9104,#7293,#7294);
#6411=AXIS2_PLACEMENT_3D('',#9106,#7295,#7296);
#6412=AXIS2_PLACEMENT_3D('',#9107,#7297,#7298);
#6413=AXIS2_PLACEMENT_3D('',#9109,#7299,#7300);
#6414=AXIS2_PLACEMENT_3D('',#9111,#7302,#7303);
#6415=AXIS2_PLACEMENT_3D('',#9119,#7308,#7309);
#6416=AXIS2_PLACEMENT_3D('',#9127,#7314,#7315);
#6417=AXIS2_PLACEMENT_3D('',#9133,#7319,#7320);
#6418=AXIS2_PLACEMENT_3D('',#9146,#7327,#7328);
#6419=AXIS2_PLACEMENT_3D('',#9148,#7329,#7330);
#6420=AXIS2_PLACEMENT_3D('',#9149,#7331,#7332);
#6421=AXIS2_PLACEMENT_3D('',#9151,#7334,#7335);
#6422=AXIS2_PLACEMENT_3D('',#9158,#7339,#7340);
#6423=AXIS2_PLACEMENT_3D('',#9165,#7344,#7345);
#6424=AXIS2_PLACEMENT_3D('',#9171,#7349,#7350);
#6425=AXIS2_PLACEMENT_3D('',#9184,#7357,#7358);
#6426=AXIS2_PLACEMENT_3D('',#9185,#7359,#7360);
#6427=AXIS2_PLACEMENT_3D('',#9186,#7361,#7362);
#6428=AXIS2_PLACEMENT_3D('',#9187,#7363,#7364);
#6429=AXIS2_PLACEMENT_3D('',#9188,#7365,#7366);
#6430=AXIS2_PLACEMENT_3D('',#9189,#7367,#7368);
#6431=AXIS2_PLACEMENT_3D('',#9190,#7369,#7370);
#6432=AXIS2_PLACEMENT_3D('',#9191,#7371,#7372);
#6433=AXIS2_PLACEMENT_3D('',#9192,#7373,#7374);
#6434=AXIS2_PLACEMENT_3D('',#9193,#7375,#7376);
#6435=AXIS2_PLACEMENT_3D('',#9194,#7377,#7378);
#6436=AXIS2_PLACEMENT_3D('',#9195,#7379,#7380);
#6437=AXIS2_PLACEMENT_3D('',#9196,#7381,#7382);
#6438=AXIS2_PLACEMENT_3D('',#9197,#7383,#7384);
#6439=AXIS2_PLACEMENT_3D('',#9198,#7385,#7386);
#6440=AXIS2_PLACEMENT_3D('',#9199,#7387,#7388);
#6441=AXIS2_PLACEMENT_3D('',#9200,#7389,#7390);
#6442=AXIS2_PLACEMENT_3D('',#9201,#7391,#7392);
#6443=AXIS2_PLACEMENT_3D('',#9202,#7393,#7394);
#6444=AXIS2_PLACEMENT_3D('',#9203,#7395,#7396);
#6445=AXIS2_PLACEMENT_3D('',#9204,#7397,#7398);
#6446=AXIS2_PLACEMENT_3D('',#9205,#7399,#7400);
#6447=AXIS2_PLACEMENT_3D('',#9206,#7401,#7402);
#6448=AXIS2_PLACEMENT_3D('',#9207,#7403,#7404);
#6449=AXIS2_PLACEMENT_3D('',#9208,#7405,#7406);
#6450=AXIS2_PLACEMENT_3D('',#9209,#7407,#7408);
#6451=AXIS2_PLACEMENT_3D('',#9210,#7409,#7410);
#6452=AXIS2_PLACEMENT_3D('',#9211,#7411,#7412);
#6453=AXIS2_PLACEMENT_3D('',#9212,#7413,#7414);
#6454=AXIS2_PLACEMENT_3D('',#9213,#7415,#7416);
#6455=AXIS2_PLACEMENT_3D('',#9214,#7417,#7418);
#6456=AXIS2_PLACEMENT_3D('',#9215,#7419,#7420);
#6457=AXIS2_PLACEMENT_3D('',#9216,#7421,#7422);
#6458=AXIS2_PLACEMENT_3D('',#9217,#7423,#7424);
#6459=AXIS2_PLACEMENT_3D('',#9218,#7425,#7426);
#6460=AXIS2_PLACEMENT_3D('',#9219,#7427,#7428);
#6461=AXIS2_PLACEMENT_3D('',#9220,#7429,#7430);
#6462=AXIS2_PLACEMENT_3D('',#9221,#7431,#7432);
#6463=AXIS2_PLACEMENT_3D('',#9222,#7433,#7434);
#6464=AXIS2_PLACEMENT_3D('',#9223,#7435,#7436);
#6465=AXIS2_PLACEMENT_3D('',#9224,#7437,#7438);
#6466=AXIS2_PLACEMENT_3D('',#9225,#7439,#7440);
#6467=AXIS2_PLACEMENT_3D('',#9226,#7441,#7442);
#6468=AXIS2_PLACEMENT_3D('',#9227,#7443,#7444);
#6469=AXIS2_PLACEMENT_3D('',#9228,#7445,#7446);
#6470=AXIS2_PLACEMENT_3D('',#9229,#7447,#7448);
#6471=AXIS2_PLACEMENT_3D('',#9230,#7449,#7450);
#6472=AXIS2_PLACEMENT_3D('',#9231,#7451,#7452);
#6473=AXIS2_PLACEMENT_3D('',#9232,#7453,#7454);
#6474=AXIS2_PLACEMENT_3D('',#9233,#7455,#7456);
#6475=AXIS2_PLACEMENT_3D('',#9234,#7457,#7458);
#6476=AXIS2_PLACEMENT_3D('',#9235,#7459,#7460);
#6477=AXIS2_PLACEMENT_3D('',#9236,#7461,#7462);
#6478=AXIS2_PLACEMENT_3D('',#9237,#7463,#7464);
#6479=AXIS2_PLACEMENT_3D('',#9238,#7465,#7466);
#6480=AXIS2_PLACEMENT_3D('',#9239,#7467,#7468);
#6481=AXIS2_PLACEMENT_3D('',#9240,#7469,#7470);
#6482=AXIS2_PLACEMENT_3D('',#9241,#7471,#7472);
#6483=AXIS2_PLACEMENT_3D('',#9242,#7473,#7474);
#6484=AXIS2_PLACEMENT_3D('',#9243,#7475,#7476);
#6485=AXIS2_PLACEMENT_3D('',#9244,#7477,#7478);
#6486=AXIS2_PLACEMENT_3D('',#9245,#7479,#7480);
#6487=AXIS2_PLACEMENT_3D('',#9247,#7482,#7483);
#6488=AXIS2_PLACEMENT_3D('',#9249,#7485,#7486);
#6489=AXIS2_PLACEMENT_3D('',#9250,#7487,#7488);
#6490=AXIS2_PLACEMENT_3D('',#9252,#7489,#7490);
#6491=AXIS2_PLACEMENT_3D('',#9255,#7492,#7493);
#6492=AXIS2_PLACEMENT_3D('',#9256,#7494,#7495);
#6493=AXIS2_PLACEMENT_3D('',#9257,#7496,#7497);
#6494=AXIS2_PLACEMENT_3D('',#9258,#7498,#7499);
#6495=AXIS2_PLACEMENT_3D('',#9259,#7500,#7501);
#6496=AXIS2_PLACEMENT_3D('',#9261,#7502,#7503);
#6497=AXIS2_PLACEMENT_3D('',#9264,#7505,#7506);
#6498=AXIS2_PLACEMENT_3D('',#9265,#7507,#7508);
#6499=AXIS2_PLACEMENT_3D('',#9266,#7509,#7510);
#6500=AXIS2_PLACEMENT_3D('',#9268,#7511,#7512);
#6501=AXIS2_PLACEMENT_3D('',#9271,#7514,#7515);
#6502=AXIS2_PLACEMENT_3D('',#9272,#7516,#7517);
#6503=AXIS2_PLACEMENT_3D('',#9339,#7518,#7519);
#6504=AXIS2_PLACEMENT_3D('',#9341,#7520,#7521);
#6505=AXIS2_PLACEMENT_3D('',#9347,#7522,#7523);
#6506=AXIS2_PLACEMENT_3D('',#9384,#7524,#7525);
#6507=AXIS2_PLACEMENT_3D('',#9386,#7526,#7527);
#6508=AXIS2_PLACEMENT_3D('',#9389,#7529,#7530);
#6509=AXIS2_PLACEMENT_3D('',#9390,#7531,#7532);
#6510=AXIS2_PLACEMENT_3D('',#9393,#7533,#7534);
#6511=AXIS2_PLACEMENT_3D('',#9397,#7536,#7537);
#6512=AXIS2_PLACEMENT_3D('',#9399,#7539,#7540);
#6513=AXIS2_PLACEMENT_3D('',#9401,#7541,#7542);
#6514=AXIS2_PLACEMENT_3D('',#9404,#7544,#7545);
#6515=AXIS2_PLACEMENT_3D('',#9405,#7546,#7547);
#6516=AXIS2_PLACEMENT_3D('',#9408,#7548,#7549);
#6517=AXIS2_PLACEMENT_3D('',#9412,#7551,#7552);
#6518=AXIS2_PLACEMENT_3D('',#9414,#7554,#7555);
#6519=AXIS2_PLACEMENT_3D('',#9416,#7556,#7557);
#6520=AXIS2_PLACEMENT_3D('',#9419,#7559,#7560);
#6521=AXIS2_PLACEMENT_3D('',#9420,#7561,#7562);
#6522=AXIS2_PLACEMENT_3D('',#9423,#7563,#7564);
#6523=AXIS2_PLACEMENT_3D('',#9427,#7566,#7567);
#6524=AXIS2_PLACEMENT_3D('',#9429,#7569,#7570);
#6525=AXIS2_PLACEMENT_3D('',#9431,#7571,#7572);
#6526=AXIS2_PLACEMENT_3D('',#9434,#7574,#7575);
#6527=AXIS2_PLACEMENT_3D('',#9471,#7576,#7577);
#6528=AXIS2_PLACEMENT_3D('',#9473,#7578,#7579);
#6529=AXIS2_PLACEMENT_3D('',#9476,#7581,#7582);
#6530=AXIS2_PLACEMENT_3D('',#9543,#7583,#7584);
#6531=AXIS2_PLACEMENT_3D('',#9545,#7585,#7586);
#6532=AXIS2_PLACEMENT_3D('',#9551,#7587,#7588);
#6533=AXIS2_PLACEMENT_3D('',#9552,#7589,#7590);
#6534=AXIS2_PLACEMENT_3D('',#9555,#7591,#7592);
#6535=AXIS2_PLACEMENT_3D('',#9559,#7594,#7595);
#6536=AXIS2_PLACEMENT_3D('',#9561,#7597,#7598);
#6537=AXIS2_PLACEMENT_3D('',#9563,#7599,#7600);
#6538=AXIS2_PLACEMENT_3D('',#9566,#7602,#7603);
#6539=AXIS2_PLACEMENT_3D('',#9567,#7604,#7605);
#6540=AXIS2_PLACEMENT_3D('',#9569,#7606,#7607);
#6541=AXIS2_PLACEMENT_3D('',#9571,#7608,#7609);
#6542=AXIS2_PLACEMENT_3D('',#9573,#7611,#7612);
#6543=AXIS2_PLACEMENT_3D('',#9575,#7613,#7614);
#6544=AXIS2_PLACEMENT_3D('',#9577,#7615,#7616);
#6545=AXIS2_PLACEMENT_3D('',#9609,#7618,#7619);
#6546=AXIS2_PLACEMENT_3D('',#9611,#7620,#7621);
#6547=AXIS2_PLACEMENT_3D('',#9613,#7622,#7623);
#6548=AXIS2_PLACEMENT_3D('',#9615,#7625,#7626);
#6549=AXIS2_PLACEMENT_3D('',#9617,#7627,#7628);
#6550=AXIS2_PLACEMENT_3D('',#9619,#7629,#7630);
#6551=AXIS2_PLACEMENT_3D('',#9621,#7632,#7633);
#6552=AXIS2_PLACEMENT_3D('',#9623,#7634,#7635);
#6553=AXIS2_PLACEMENT_3D('',#9625,#7636,#7637);
#6554=AXIS2_PLACEMENT_3D('',#9657,#7639,#7640);
#6555=AXIS2_PLACEMENT_3D('',#9659,#7641,#7642);
#6556=AXIS2_PLACEMENT_3D('',#9661,#7643,#7644);
#6557=AXIS2_PLACEMENT_3D('',#9663,#7646,#7647);
#6558=AXIS2_PLACEMENT_3D('',#9664,#7648,#7649);
#6559=AXIS2_PLACEMENT_3D('',#9666,#7650,#7651);
#6560=AXIS2_PLACEMENT_3D('',#9726,#7652,#7653);
#6561=AXIS2_PLACEMENT_3D('',#9727,#7654,#7655);
#6562=AXIS2_PLACEMENT_3D('',#9728,#7656,#7657);
#6563=AXIS2_PLACEMENT_3D('',#9730,#7658,#7659);
#6564=AXIS2_PLACEMENT_3D('',#9790,#7660,#7661);
#6565=AXIS2_PLACEMENT_3D('',#9947,#7665,#7666);
#6566=AXIS2_PLACEMENT_3D('',#9953,#7669,#7670);
#6567=AXIS2_PLACEMENT_3D('',#9956,#7672,#7673);
#6568=AXIS2_PLACEMENT_3D('',#9985,#7675,#7676);
#6569=AXIS2_PLACEMENT_3D('',#9986,#7677,#7678);
#6570=AXIS2_PLACEMENT_3D('',#9988,#7679,#7680);
#6571=AXIS2_PLACEMENT_3D('',#10009,#7682,#7683);
#6572=AXIS2_PLACEMENT_3D('',#10011,#7684,#7685);
#6573=AXIS2_PLACEMENT_3D('',#10040,#7687,#7688);
#6574=AXIS2_PLACEMENT_3D('',#10042,#7689,#7690);
#6575=AXIS2_PLACEMENT_3D('',#10063,#7692,#7693);
#6576=AXIS2_PLACEMENT_3D('',#10064,#7694,#7695);
#6577=AXIS2_PLACEMENT_3D('',#10072,#7696,#7697);
#6578=AXIS2_PLACEMENT_3D('',#10076,#7699,#7700);
#6579=AXIS2_PLACEMENT_3D('',#10082,#7703,#7704);
#6580=AXIS2_PLACEMENT_3D('',#10085,#7706,#7707);
#6581=AXIS2_PLACEMENT_3D('',#10088,#7709,#7710);
#6582=AXIS2_PLACEMENT_3D('',#10266,#7712,#7713);
#6583=AXIS2_PLACEMENT_3D('',#10267,#7714,#7715);
#6584=AXIS2_PLACEMENT_3D('',#10268,#7716,#7717);
#6585=AXIS2_PLACEMENT_3D('',#10272,#7719,#7720);
#6586=AXIS2_PLACEMENT_3D('',#10274,#7722,#7723);
#6587=AXIS2_PLACEMENT_3D('',#10275,#7724,#7725);
#6588=AXIS2_PLACEMENT_3D('',#10277,#7726,#7727);
#6589=AXIS2_PLACEMENT_3D('',#10281,#7729,#7730);
#6590=AXIS2_PLACEMENT_3D('',#10284,#7732,#7733);
#6591=AXIS2_PLACEMENT_3D('',#10285,#7734,#7735);
#6592=AXIS2_PLACEMENT_3D('',#10344,#7736,#7737);
#6593=AXIS2_PLACEMENT_3D('',#10346,#7738,#7739);
#6594=AXIS2_PLACEMENT_3D('',#10467,#7741,#7742);
#6595=AXIS2_PLACEMENT_3D('',#10519,#7744,#7745);
#6596=AXIS2_PLACEMENT_3D('',#10750,#7747,#7748);
#6597=AXIS2_PLACEMENT_3D('',#10755,#7749,#7750);
#6598=AXIS2_PLACEMENT_3D('',#10800,#7753,#7754);
#6599=AXIS2_PLACEMENT_3D('',#10802,#7755,#7756);
#6600=AXIS2_PLACEMENT_3D('',#10959,#7757,#7758);
#6601=AXIS2_PLACEMENT_3D('',#10996,#7759,#7760);
#6602=AXIS2_PLACEMENT_3D('',#11001,#7761,#7762);
#6603=AXIS2_PLACEMENT_3D('',#11003,#7763,#7764);
#6604=AXIS2_PLACEMENT_3D('',#11004,#7765,#7766);
#6605=AXIS2_PLACEMENT_3D('',#11031,#7767,#7768);
#6606=AXIS2_PLACEMENT_3D('',#11033,#7769,#7770);
#6607=AXIS2_PLACEMENT_3D('',#11034,#7771,#7772);
#6608=AXIS2_PLACEMENT_3D('',#11035,#7773,#7774);
#6609=AXIS2_PLACEMENT_3D('',#11038,#7775,#7776);
#6610=AXIS2_PLACEMENT_3D('',#11116,#7780,#7781);
#6611=AXIS2_PLACEMENT_3D('',#11122,#7785,#7786);
#6612=AXIS2_PLACEMENT_3D('',#11193,#7787,#7788);
#6613=AXIS2_PLACEMENT_3D('',#11198,#7789,#7790);
#6614=AXIS2_PLACEMENT_3D('',#11200,#7791,#7792);
#6615=AXIS2_PLACEMENT_3D('',#11219,#7794,#7795);
#6616=AXIS2_PLACEMENT_3D('',#11220,#7796,#7797);
#6617=AXIS2_PLACEMENT_3D('',#11222,#7798,#7799);
#6618=AXIS2_PLACEMENT_3D('',#11223,#7800,#7801);
#6619=AXIS2_PLACEMENT_3D('',#11224,#7802,#7803);
#6620=AXIS2_PLACEMENT_3D('',#11226,#7804,#7805);
#6621=AXIS2_PLACEMENT_3D('',#11228,#7806,#7807);
#6622=AXIS2_PLACEMENT_3D('',#11229,#7808,#7809);
#6623=AXIS2_PLACEMENT_3D('',#11266,#7810,#7811);
#6624=AXIS2_PLACEMENT_3D('',#11311,#7812,#7813);
#6625=AXIS2_PLACEMENT_3D('',#11316,#7814,#7815);
#6626=AXIS2_PLACEMENT_3D('',#11319,#7816,#7817);
#6627=AXIS2_PLACEMENT_3D('',#11339,#7820,#7821);
#6628=AXIS2_PLACEMENT_3D('',#11340,#7822,#7823);
#6629=AXIS2_PLACEMENT_3D('',#11342,#7824,#7825);
#6630=AXIS2_PLACEMENT_3D('',#11343,#7826,#7827);
#6631=AXIS2_PLACEMENT_3D('',#11344,#7828,#7829);
#6632=AXIS2_PLACEMENT_3D('',#11346,#7830,#7831);
#6633=AXIS2_PLACEMENT_3D('',#11348,#7832,#7833);
#6634=AXIS2_PLACEMENT_3D('',#11349,#7834,#7835);
#6635=AXIS2_PLACEMENT_3D('',#11390,#7836,#7837);
#6636=AXIS2_PLACEMENT_3D('',#11391,#7838,#7839);
#6637=AXIS2_PLACEMENT_3D('',#11456,#7840,#7841);
#6638=AXIS2_PLACEMENT_3D('',#11461,#7842,#7843);
#6639=AXIS2_PLACEMENT_3D('',#11463,#7844,#7845);
#6640=AXIS2_PLACEMENT_3D('',#11465,#7846,#7847);
#6641=AXIS2_PLACEMENT_3D('',#11466,#7848,#7849);
#6642=AXIS2_PLACEMENT_3D('',#11483,#7850,#7851);
#6643=AXIS2_PLACEMENT_3D('',#11485,#7852,#7853);
#6644=AXIS2_PLACEMENT_3D('',#11487,#7854,#7855);
#6645=AXIS2_PLACEMENT_3D('',#11488,#7856,#7857);
#6646=AXIS2_PLACEMENT_3D('',#11489,#7858,#7859);
#6647=AXIS2_PLACEMENT_3D('',#11492,#7860,#7861);
#6648=AXIS2_PLACEMENT_3D('',#11562,#7865,#7866);
#6649=AXIS2_PLACEMENT_3D('',#11566,#7869,#7870);
#6650=AXIS2_PLACEMENT_3D('',#11577,#7871,#7872);
#6651=AXIS2_PLACEMENT_3D('',#11615,#7875,#7876);
#6652=AXIS2_PLACEMENT_3D('',#11737,#7879,#7880);
#6653=AXIS2_PLACEMENT_3D('',#11748,#7881,#7882);
#6654=AXIS2_PLACEMENT_3D('',#11749,#7883,#7884);
#6655=AXIS2_PLACEMENT_3D('',#11750,#7885,#7886);
#6656=AXIS2_PLACEMENT_3D('',#11751,#7887,#7888);
#6657=AXIS2_PLACEMENT_3D('',#11927,#7889,#7890);
#6658=AXIS2_PLACEMENT_3D('',#11928,#7891,#7892);
#6659=AXIS2_PLACEMENT_3D('',#12050,#7895,#7896);
#6660=AXIS2_PLACEMENT_3D('',#12061,#7897,#7898);
#6661=AXIS2_PLACEMENT_3D('',#12062,#7899,#7900);
#6662=AXIS2_PLACEMENT_3D('',#12063,#7901,#7902);
#6663=AXIS2_PLACEMENT_3D('',#12064,#7903,#7904);
#6664=AXIS2_PLACEMENT_3D('',#12240,#7905,#7906);
#6665=AXIS2_PLACEMENT_3D('',#12241,#7907,#7908);
#6666=AXIS2_PLACEMENT_3D('',#12242,#7909,#7910);
#6667=AXIS2_PLACEMENT_3D('',#12243,#7911,#7912);
#6668=AXIS2_PLACEMENT_3D('',#12244,#7913,#7914);
#6669=AXIS2_PLACEMENT_3D('',#12250,#7918,#7919);
#6670=AXIS2_PLACEMENT_3D('',#12255,#7923,#7924);
#6671=AXIS2_PLACEMENT_3D('',#12258,#7925,#7926);
#6672=AXIS2_PLACEMENT_3D('',#12262,#7928,#7929);
#6673=AXIS2_PLACEMENT_3D('',#12305,#7932,#7933);
#6674=AXIS2_PLACEMENT_3D('',#12307,#7934,#7935);
#6675=AXIS2_PLACEMENT_3D('',#12308,#7936,#7937);
#6676=AXIS2_PLACEMENT_3D('',#12311,#7939,#7940);
#6677=AXIS2_PLACEMENT_3D('',#12312,#7941,#7942);
#6678=AXIS2_PLACEMENT_3D('',#12354,#7944,#7945);
#6679=AXIS2_PLACEMENT_3D('',#12355,#7946,#7947);
#6680=AXIS2_PLACEMENT_3D('',#12356,#7948,#7949);
#6681=AXIS2_PLACEMENT_3D('',#12359,#7950,#7951);
#6682=AXIS2_PLACEMENT_3D('',#12360,#7952,#7953);
#6683=AXIS2_PLACEMENT_3D('',#12363,#7955,#7956);
#6684=AXIS2_PLACEMENT_3D('',#12364,#7957,#7958);
#6685=AXIS2_PLACEMENT_3D('',#12410,#7961,#7962);
#6686=AXIS2_PLACEMENT_3D('',#12412,#7963,#7964);
#6687=AXIS2_PLACEMENT_3D('',#12414,#7965,#7966);
#6688=AXIS2_PLACEMENT_3D('',#12458,#7969,#7970);
#6689=AXIS2_PLACEMENT_3D('',#12459,#7971,#7972);
#6690=AXIS2_PLACEMENT_3D('',#12462,#7975,#7976);
#6691=AXIS2_PLACEMENT_3D('',#12464,#7977,#7978);
#6692=AXIS2_PLACEMENT_3D('',#12476,#7979,#7980);
#6693=AXIS2_PLACEMENT_3D('',#12477,#7981,#7982);
#6694=AXIS2_PLACEMENT_3D('',#12479,#7983,#7984);
#6695=AXIS2_PLACEMENT_3D('',#12488,#7987,#7988);
#6696=AXIS2_PLACEMENT_3D('',#12539,#7989,#7990);
#6697=AXIS2_PLACEMENT_3D('',#12540,#7991,#7992);
#6698=AXIS2_PLACEMENT_3D('',#12541,#7993,#7994);
#6699=AXIS2_PLACEMENT_3D('',#12543,#7995,#7996);
#6700=AXIS2_PLACEMENT_3D('',#12544,#7997,#7998);
#6701=AXIS2_PLACEMENT_3D('',#12546,#7999,#8000);
#6702=AXIS2_PLACEMENT_3D('',#12548,#8002,#8003);
#6703=AXIS2_PLACEMENT_3D('',#12549,#8004,#8005);
#6704=AXIS2_PLACEMENT_3D('',#12550,#8006,#8007);
#6705=AXIS2_PLACEMENT_3D('',#12552,#8008,#8009);
#6706=AXIS2_PLACEMENT_3D('',#12553,#8010,#8011);
#6707=AXIS2_PLACEMENT_3D('',#12555,#8012,#8013);
#6708=AXIS2_PLACEMENT_3D('',#12557,#8015,#8016);
#6709=AXIS2_PLACEMENT_3D('',#12558,#8017,#8018);
#6710=AXIS2_PLACEMENT_3D('',#12559,#8019,#8020);
#6711=AXIS2_PLACEMENT_3D('',#12561,#8021,#8022);
#6712=AXIS2_PLACEMENT_3D('',#12564,#8024,#8025);
#6713=AXIS2_PLACEMENT_3D('',#12565,#8026,#8027);
#6714=AXIS2_PLACEMENT_3D('',#12567,#8028,#8029);
#6715=AXIS2_PLACEMENT_3D('',#12570,#8031,#8032);
#6716=AXIS2_PLACEMENT_3D('',#12571,#8033,#8034);
#6717=AXIS2_PLACEMENT_3D('',#12580,#8039,#8040);
#6718=AXIS2_PLACEMENT_3D('',#12588,#8044,#8045);
#6719=AXIS2_PLACEMENT_3D('',#12595,#8049,#8050);
#6720=AXIS2_PLACEMENT_3D('',#12597,#8051,#8052);
#6721=AXIS2_PLACEMENT_3D('',#12598,#8053,#8054);
#6722=AXIS2_PLACEMENT_3D('',#12603,#8057,#8058);
#6723=AXIS2_PLACEMENT_3D('',#12604,#8059,#8060);
#6724=AXIS2_PLACEMENT_3D('',#12610,#8063,#8064);
#6725=AXIS2_PLACEMENT_3D('',#12614,#8066,#8067);
#6726=AXIS2_PLACEMENT_3D('',#12618,#8069,#8070);
#6727=AXIS2_PLACEMENT_3D('',#12622,#8072,#8073);
#6728=AXIS2_PLACEMENT_3D('',#12626,#8075,#8076);
#6729=AXIS2_PLACEMENT_3D('',#12629,#8078,#8079);
#6730=AXIS2_PLACEMENT_3D('',#12631,#8080,#8081);
#6731=AXIS2_PLACEMENT_3D('',#12633,#8082,#8083);
#6732=AXIS2_PLACEMENT_3D('',#12634,#8084,#8085);
#6733=AXIS2_PLACEMENT_3D('',#12642,#8090,#8091);
#6734=AXIS2_PLACEMENT_3D('',#12652,#8097,#8098);
#6735=AXIS2_PLACEMENT_3D('',#12658,#8102,#8103);
#6736=AXIS2_PLACEMENT_3D('',#12661,#8104,#8105);
#6737=AXIS2_PLACEMENT_3D('',#12665,#8107,#8108);
#6738=AXIS2_PLACEMENT_3D('',#12667,#8110,#8111);
#6739=AXIS2_PLACEMENT_3D('',#12677,#8117,#8118);
#6740=AXIS2_PLACEMENT_3D('',#12679,#8119,#8120);
#6741=AXIS2_PLACEMENT_3D('',#12681,#8122,#8123);
#6742=AXIS2_PLACEMENT_3D('',#12682,#8124,#8125);
#6743=AXIS2_PLACEMENT_3D('',#12689,#8129,#8130);
#6744=AXIS2_PLACEMENT_3D('',#12696,#8134,#8135);
#6745=AXIS2_PLACEMENT_3D('',#12702,#8139,#8140);
#6746=AXIS2_PLACEMENT_3D('',#12712,#8146,#8147);
#6747=AXIS2_PLACEMENT_3D('',#12713,#8148,#8149);
#6748=AXIS2_PLACEMENT_3D('',#12714,#8150,#8151);
#6749=AXIS2_PLACEMENT_3D('',#12715,#8152,#8153);
#6750=AXIS2_PLACEMENT_3D('',#12716,#8154,#8155);
#6751=AXIS2_PLACEMENT_3D('',#12717,#8156,#8157);
#6752=AXIS2_PLACEMENT_3D('',#12718,#8158,#8159);
#6753=AXIS2_PLACEMENT_3D('',#12719,#8160,#8161);
#6754=AXIS2_PLACEMENT_3D('',#12720,#8162,#8163);
#6755=AXIS2_PLACEMENT_3D('',#12721,#8164,#8165);
#6756=AXIS2_PLACEMENT_3D('',#12722,#8166,#8167);
#6757=AXIS2_PLACEMENT_3D('',#12723,#8168,#8169);
#6758=AXIS2_PLACEMENT_3D('',#12724,#8170,#8171);
#6759=AXIS2_PLACEMENT_3D('',#12725,#8172,#8173);
#6760=AXIS2_PLACEMENT_3D('',#12726,#8174,#8175);
#6761=AXIS2_PLACEMENT_3D('',#12727,#8176,#8177);
#6762=AXIS2_PLACEMENT_3D('',#12728,#8178,#8179);
#6763=AXIS2_PLACEMENT_3D('',#12729,#8180,#8181);
#6764=AXIS2_PLACEMENT_3D('',#12730,#8182,#8183);
#6765=AXIS2_PLACEMENT_3D('',#12731,#8184,#8185);
#6766=AXIS2_PLACEMENT_3D('',#12732,#8186,#8187);
#6767=AXIS2_PLACEMENT_3D('',#12733,#8188,#8189);
#6768=AXIS2_PLACEMENT_3D('',#12734,#8190,#8191);
#6769=AXIS2_PLACEMENT_3D('',#12735,#8192,#8193);
#6770=AXIS2_PLACEMENT_3D('',#12736,#8194,#8195);
#6771=AXIS2_PLACEMENT_3D('',#12737,#8196,#8197);
#6772=AXIS2_PLACEMENT_3D('',#12738,#8198,#8199);
#6773=AXIS2_PLACEMENT_3D('',#12739,#8200,#8201);
#6774=AXIS2_PLACEMENT_3D('',#12740,#8202,#8203);
#6775=AXIS2_PLACEMENT_3D('',#12741,#8204,#8205);
#6776=AXIS2_PLACEMENT_3D('',#12742,#8206,#8207);
#6777=AXIS2_PLACEMENT_3D('',#12743,#8208,#8209);
#6778=AXIS2_PLACEMENT_3D('',#12744,#8210,#8211);
#6779=AXIS2_PLACEMENT_3D('',#12745,#8212,#8213);
#6780=AXIS2_PLACEMENT_3D('',#12746,#8214,#8215);
#6781=AXIS2_PLACEMENT_3D('',#12747,#8216,#8217);
#6782=AXIS2_PLACEMENT_3D('',#12748,#8218,#8219);
#6783=AXIS2_PLACEMENT_3D('',#12749,#8220,#8221);
#6784=AXIS2_PLACEMENT_3D('',#12750,#8222,#8223);
#6785=AXIS2_PLACEMENT_3D('',#12751,#8224,#8225);
#6786=AXIS2_PLACEMENT_3D('',#12752,#8226,#8227);
#6787=AXIS2_PLACEMENT_3D('',#12753,#8228,#8229);
#6788=AXIS2_PLACEMENT_3D('',#12754,#8230,#8231);
#6789=AXIS2_PLACEMENT_3D('',#12755,#8232,#8233);
#6790=AXIS2_PLACEMENT_3D('',#12756,#8234,#8235);
#6791=AXIS2_PLACEMENT_3D('',#12757,#8236,#8237);
#6792=AXIS2_PLACEMENT_3D('',#12758,#8238,#8239);
#6793=AXIS2_PLACEMENT_3D('',#12759,#8240,#8241);
#6794=AXIS2_PLACEMENT_3D('',#12760,#8242,#8243);
#6795=AXIS2_PLACEMENT_3D('',#12761,#8244,#8245);
#6796=AXIS2_PLACEMENT_3D('',#12762,#8246,#8247);
#6797=AXIS2_PLACEMENT_3D('',#12763,#8248,#8249);
#6798=AXIS2_PLACEMENT_3D('',#12764,#8250,#8251);
#6799=AXIS2_PLACEMENT_3D('',#12765,#8252,#8253);
#6800=AXIS2_PLACEMENT_3D('',#12766,#8254,#8255);
#6801=AXIS2_PLACEMENT_3D('',#12767,#8256,#8257);
#6802=AXIS2_PLACEMENT_3D('',#12768,#8258,#8259);
#6803=AXIS2_PLACEMENT_3D('',#12769,#8260,#8261);
#6804=AXIS2_PLACEMENT_3D('',#12770,#8262,#8263);
#6805=AXIS2_PLACEMENT_3D('',#12771,#8264,#8265);
#6806=AXIS2_PLACEMENT_3D('',#12772,#8266,#8267);
#6807=AXIS2_PLACEMENT_3D('',#12774,#8269,#8270);
#6808=AXIS2_PLACEMENT_3D('',#12776,#8272,#8273);
#6809=AXIS2_PLACEMENT_3D('',#12777,#8274,#8275);
#6810=AXIS2_PLACEMENT_3D('',#12778,#8276,#8277);
#6811=AXIS2_PLACEMENT_3D('',#12779,#8278,#8279);
#6812=AXIS2_PLACEMENT_3D('',#12793,#8280,#8281);
#6813=AXIS2_PLACEMENT_3D('',#12805,#8282,#8283);
#6814=AXIS2_PLACEMENT_3D('',#12806,#8284,#8285);
#6815=AXIS2_PLACEMENT_3D('',#12846,#8291,#8292);
#6816=AXIS2_PLACEMENT_3D('',#12848,#8293,#8294);
#6817=AXIS2_PLACEMENT_3D('',#12860,#8295,#8296);
#6818=AXIS2_PLACEMENT_3D('',#12861,#8297,#8298);
#6819=AXIS2_PLACEMENT_3D('',#12863,#8299,#8300);
#6820=AXIS2_PLACEMENT_3D('',#12865,#8302,#8303);
#6821=AXIS2_PLACEMENT_3D('',#12868,#8305,#8306);
#6822=AXIS2_PLACEMENT_3D('',#12869,#8307,#8308);
#6823=AXIS2_PLACEMENT_3D('',#12888,#8309,#8310);
#6824=AXIS2_PLACEMENT_3D('',#12894,#8314,#8315);
#6825=AXIS2_PLACEMENT_3D('',#12896,#8317,#8318);
#6826=AXIS2_PLACEMENT_3D('',#12898,#8320,#8321);
#6827=AXIS2_PLACEMENT_3D('',#12899,#8322,#8323);
#6828=AXIS2_PLACEMENT_3D('',#12900,#8324,#8325);
#6829=AXIS2_PLACEMENT_3D('',#12909,#8330,#8331);
#6830=AXIS2_PLACEMENT_3D('',#12915,#8335,#8336);
#6831=AXIS2_PLACEMENT_3D('',#12917,#8337,#8338);
#6832=AXIS2_PLACEMENT_3D('',#12919,#8339,#8340);
#6833=AXIS2_PLACEMENT_3D('',#12920,#8341,#8342);
#6834=AXIS2_PLACEMENT_3D('',#12923,#8344,#8345);
#6835=AXIS2_PLACEMENT_3D('',#12924,#8346,#8347);
#6836=AXIS2_PLACEMENT_3D('',#12927,#8349,#8350);
#6837=AXIS2_PLACEMENT_3D('',#12928,#8351,#8352);
#6838=AXIS2_PLACEMENT_3D('',#12943,#8360,#8361);
#6839=AXIS2_PLACEMENT_3D('',#12945,#8362,#8363);
#6840=AXIS2_PLACEMENT_3D('',#12947,#8364,#8365);
#6841=AXIS2_PLACEMENT_3D('',#12949,#8366,#8367);
#6842=AXIS2_PLACEMENT_3D('',#12950,#8368,#8369);
#6843=AXIS2_PLACEMENT_3D('',#12952,#8370,#8371);
#6844=AXIS2_PLACEMENT_3D('',#12954,#8372,#8373);
#6845=AXIS2_PLACEMENT_3D('',#12955,#8374,#8375);
#6846=AXIS2_PLACEMENT_3D('',#12957,#8377,#8378);
#6847=AXIS2_PLACEMENT_3D('',#12960,#8380,#8381);
#6848=AXIS2_PLACEMENT_3D('',#12961,#8382,#8383);
#6849=AXIS2_PLACEMENT_3D('',#12967,#8387,#8388);
#6850=AXIS2_PLACEMENT_3D('',#12971,#8391,#8392);
#6851=AXIS2_PLACEMENT_3D('',#12977,#8396,#8397);
#6852=AXIS2_PLACEMENT_3D('',#12979,#8399,#8400);
#6853=AXIS2_PLACEMENT_3D('',#12981,#8402,#8403);
#6854=AXIS2_PLACEMENT_3D('',#12984,#8405,#8406);
#6855=AXIS2_PLACEMENT_3D('',#12985,#8407,#8408);
#6856=AXIS2_PLACEMENT_3D('',#12988,#8410,#8411);
#6857=AXIS2_PLACEMENT_3D('',#12989,#8412,#8413);
#6858=AXIS2_PLACEMENT_3D('',#12992,#8415,#8416);
#6859=AXIS2_PLACEMENT_3D('',#12993,#8417,#8418);
#6860=AXIS2_PLACEMENT_3D('',#12997,#8421,#8422);
#6861=AXIS2_PLACEMENT_3D('',#12999,#8424,#8425);
#6862=AXIS2_PLACEMENT_3D('',#13000,#8426,#8427);
#6863=AXIS2_PLACEMENT_3D('',#13001,#8428,#8429);
#6864=AXIS2_PLACEMENT_3D('',#13002,#8430,#8431);
#6865=AXIS2_PLACEMENT_3D('',#13003,#8432,#8433);
#6866=AXIS2_PLACEMENT_3D('',#13004,#8434,#8435);
#6867=AXIS2_PLACEMENT_3D('',#13013,#8440,#8441);
#6868=AXIS2_PLACEMENT_3D('',#13019,#8445,#8446);
#6869=AXIS2_PLACEMENT_3D('',#13027,#8451,#8452);
#6870=AXIS2_PLACEMENT_3D('',#13029,#8453,#8454);
#6871=AXIS2_PLACEMENT_3D('',#13032,#8456,#8457);
#6872=AXIS2_PLACEMENT_3D('',#13033,#8458,#8459);
#6873=AXIS2_PLACEMENT_3D('',#13041,#8464,#8465);
#6874=AXIS2_PLACEMENT_3D('',#13047,#8469,#8470);
#6875=AXIS2_PLACEMENT_3D('',#13053,#8474,#8475);
#6876=AXIS2_PLACEMENT_3D('',#13056,#8478,#8479);
#6877=AXIS2_PLACEMENT_3D('',#13057,#8480,#8481);
#6878=AXIS2_PLACEMENT_3D('',#13059,#8482,#8483);
#6879=AXIS2_PLACEMENT_3D('',#13062,#8485,#8486);
#6880=AXIS2_PLACEMENT_3D('',#13063,#8487,#8488);
#6881=AXIS2_PLACEMENT_3D('',#13064,#8489,#8490);
#6882=AXIS2_PLACEMENT_3D('',#13066,#8491,#8492);
#6883=AXIS2_PLACEMENT_3D('',#13069,#8494,#8495);
#6884=AXIS2_PLACEMENT_3D('',#13070,#8496,#8497);
#6885=AXIS2_PLACEMENT_3D('',#13071,#8498,#8499);
#6886=AXIS2_PLACEMENT_3D('',#13073,#8500,#8501);
#6887=AXIS2_PLACEMENT_3D('',#13076,#8503,#8504);
#6888=AXIS2_PLACEMENT_3D('',#13077,#8505,#8506);
#6889=AXIS2_PLACEMENT_3D('',#13078,#8507,#8508);
#6890=AXIS2_PLACEMENT_3D('',#13080,#8509,#8510);
#6891=AXIS2_PLACEMENT_3D('',#13083,#8512,#8513);
#6892=AXIS2_PLACEMENT_3D('',#13084,#8514,#8515);
#6893=AXIS2_PLACEMENT_3D('',#13085,#8516,#8517);
#6894=AXIS2_PLACEMENT_3D('',#13086,#8518,#8519);
#6895=AXIS2_PLACEMENT_3D('',#13088,#8520,#8521);
#6896=AXIS2_PLACEMENT_3D('',#13089,#8522,#8523);
#6897=AXIS2_PLACEMENT_3D('',#13090,#8524,#8525);
#6898=AXIS2_PLACEMENT_3D('',#13092,#8526,#8527);
#6899=AXIS2_PLACEMENT_3D('',#13093,#8528,#8529);
#6900=AXIS2_PLACEMENT_3D('',#13095,#8531,#8532);
#6901=AXIS2_PLACEMENT_3D('',#13096,#8533,#8534);
#6902=AXIS2_PLACEMENT_3D('',#13097,#8535,#8536);
#6903=AXIS2_PLACEMENT_3D('',#13106,#8541,#8542);
#6904=AXIS2_PLACEMENT_3D('',#13112,#8546,#8547);
#6905=AXIS2_PLACEMENT_3D('',#13118,#8551,#8552);
#6906=AXIS2_PLACEMENT_3D('',#13127,#8557,#8558);
#6907=AXIS2_PLACEMENT_3D('',#13133,#8562,#8563);
#6908=AXIS2_PLACEMENT_3D('',#13139,#8567,#8568);
#6909=AXIS2_PLACEMENT_3D('',#13142,#8571,#8572);
#6910=AXIS2_PLACEMENT_3D('',#13143,#8573,#8574);
#6911=AXIS2_PLACEMENT_3D('',#13144,#8575,#8576);
#6912=AXIS2_PLACEMENT_3D('',#13145,#8577,#8578);
#6913=AXIS2_PLACEMENT_3D('',#13146,#8579,#8580);
#6914=AXIS2_PLACEMENT_3D('',#13148,#8581,#8582);
#6915=AXIS2_PLACEMENT_3D('',#13149,#8583,#8584);
#6916=AXIS2_PLACEMENT_3D('',#13151,#8585,#8586);
#6917=AXIS2_PLACEMENT_3D('',#13152,#8587,#8588);
#6918=AXIS2_PLACEMENT_3D('',#13155,#8590,#8591);
#6919=AXIS2_PLACEMENT_3D('',#13156,#8592,#8593);
#6920=AXIS2_PLACEMENT_3D('',#13159,#8595,#8596);
#6921=AXIS2_PLACEMENT_3D('',#13160,#8597,#8598);
#6922=AXIS2_PLACEMENT_3D('',#13161,#8599,#8600);
#6923=AXIS2_PLACEMENT_3D('',#13163,#8601,#8602);
#6924=AXIS2_PLACEMENT_3D('',#13165,#8603,#8604);
#6925=AXIS2_PLACEMENT_3D('',#13166,#8605,#8606);
#6926=AXIS2_PLACEMENT_3D('',#13168,#8608,#8609);
#6927=AXIS2_PLACEMENT_3D('',#13170,#8611,#8612);
#6928=AXIS2_PLACEMENT_3D('',#13171,#8613,#8614);
#6929=AXIS2_PLACEMENT_3D('',#13180,#8619,#8620);
#6930=AXIS2_PLACEMENT_3D('',#13186,#8624,#8625);
#6931=AXIS2_PLACEMENT_3D('',#13194,#8630,#8631);
#6932=AXIS2_PLACEMENT_3D('',#13196,#8632,#8633);
#6933=AXIS2_PLACEMENT_3D('',#13199,#8635,#8636);
#6934=AXIS2_PLACEMENT_3D('',#13200,#8637,#8638);
#6935=AXIS2_PLACEMENT_3D('',#13208,#8643,#8644);
#6936=AXIS2_PLACEMENT_3D('',#13214,#8648,#8649);
#6937=AXIS2_PLACEMENT_3D('',#13220,#8653,#8654);
#6938=AXIS2_PLACEMENT_3D('',#13223,#8657,#8658);
#6939=AXIS2_PLACEMENT_3D('',#13224,#8659,#8660);
#6940=AXIS2_PLACEMENT_3D('',#13225,#8661,#8662);
#6941=AXIS2_PLACEMENT_3D('',#13226,#8663,#8664);
#6942=AXIS2_PLACEMENT_3D('',#13227,#8665,#8666);
#6943=AXIS2_PLACEMENT_3D('',#13229,#8667,#8668);
#6944=AXIS2_PLACEMENT_3D('',#13230,#8669,#8670);
#6945=AXIS2_PLACEMENT_3D('',#13231,#8671,#8672);
#6946=AXIS2_PLACEMENT_3D('',#13233,#8673,#8674);
#6947=AXIS2_PLACEMENT_3D('',#13234,#8675,#8676);
#6948=AXIS2_PLACEMENT_3D('',#13236,#8677,#8678);
#6949=AXIS2_PLACEMENT_3D('',#13237,#8679,#8680);
#6950=AXIS2_PLACEMENT_3D('',#13240,#8682,#8683);
#6951=AXIS2_PLACEMENT_3D('',#13241,#8684,#8685);
#6952=AXIS2_PLACEMENT_3D('',#13243,#8687,#8688);
#6953=AXIS2_PLACEMENT_3D('',#13245,#8689,#8690);
#6954=AXIS2_PLACEMENT_3D('',#13246,#8691,#8692);
#6955=AXIS2_PLACEMENT_3D('',#13248,#8694,#8695);
#6956=AXIS2_PLACEMENT_3D('',#13249,#8696,#8697);
#6957=AXIS2_PLACEMENT_3D('',#13252,#8698,#8699);
#6958=AXIS2_PLACEMENT_3D('',#13256,#8701,#8702);
#6959=AXIS2_PLACEMENT_3D('',#13258,#8704,#8705);
#6960=AXIS2_PLACEMENT_3D('',#13267,#8710,#8711);
#6961=AXIS2_PLACEMENT_3D('',#13273,#8715,#8716);
#6962=AXIS2_PLACEMENT_3D('',#13278,#8720,#8721);
#6963=AXIS2_PLACEMENT_3D('',#13286,#8726,#8727);
#6964=AXIS2_PLACEMENT_3D('',#13292,#8731,#8732);
#6965=AXIS2_PLACEMENT_3D('',#13298,#8736,#8737);
#6966=AXIS2_PLACEMENT_3D('',#13301,#8740,#8741);
#6967=AXIS2_PLACEMENT_3D('',#13302,#8742,#8743);
#6968=AXIS2_PLACEMENT_3D('',#13303,#8744,#8745);
#6969=AXIS2_PLACEMENT_3D('',#13304,#8746,#8747);
#6970=AXIS2_PLACEMENT_3D('',#13305,#8748,#8749);
#6971=AXIS2_PLACEMENT_3D('',#13307,#8750,#8751);
#6972=AXIS2_PLACEMENT_3D('',#13310,#8753,#8754);
#6973=AXIS2_PLACEMENT_3D('',#13311,#8755,#8756);
#6974=AXIS2_PLACEMENT_3D('',#13312,#8757,#8758);
#6975=AXIS2_PLACEMENT_3D('',#13314,#8759,#8760);
#6976=AXIS2_PLACEMENT_3D('',#13317,#8762,#8763);
#6977=AXIS2_PLACEMENT_3D('',#13318,#8764,#8765);
#6978=AXIS2_PLACEMENT_3D('',#13319,#8766,#8767);
#6979=AXIS2_PLACEMENT_3D('',#13321,#8768,#8769);
#6980=AXIS2_PLACEMENT_3D('',#13324,#8771,#8772);
#6981=AXIS2_PLACEMENT_3D('',#13325,#8773,#8774);
#6982=AXIS2_PLACEMENT_3D('',#13326,#8775,#8776);
#6983=AXIS2_PLACEMENT_3D('',#13328,#8777,#8778);
#6984=AXIS2_PLACEMENT_3D('',#13331,#8780,#8781);
#6985=AXIS2_PLACEMENT_3D('',#13332,#8782,#8783);
#6986=AXIS2_PLACEMENT_3D('',#13333,#8784,#8785);
#6987=AXIS2_PLACEMENT_3D('',#13335,#8786,#8787);
#6988=AXIS2_PLACEMENT_3D('',#13336,#8788,#8789);
#6989=AXIS2_PLACEMENT_3D('',#13338,#8790,#8791);
#6990=AXIS2_PLACEMENT_3D('',#13339,#8792,#8793);
#6991=AXIS2_PLACEMENT_3D('',#13341,#8795,#8796);
#6992=AXIS2_PLACEMENT_3D('',#13342,#8797,#8798);
#6993=AXIS2_PLACEMENT_3D('',#13344,#8799,#8800);
#6994=AXIS2_PLACEMENT_3D('',#13347,#8802,#8803);
#6995=AXIS2_PLACEMENT_3D('',#13348,#8804,#8805);
#6996=AXIS2_PLACEMENT_3D('',#13350,#8806,#8807);
#6997=AXIS2_PLACEMENT_3D('',#13352,#8808,#8809);
#6998=AXIS2_PLACEMENT_3D('',#13354,#8810,#8811);
#6999=AXIS2_PLACEMENT_3D('',#13356,#8812,#8813);
#7000=AXIS2_PLACEMENT_3D('',#13357,#8814,#8815);
#7001=AXIS2_PLACEMENT_3D('',#13360,#8817,#8818);
#7002=AXIS2_PLACEMENT_3D('',#13361,#8819,#8820);
#7003=AXIS2_PLACEMENT_3D('',#13362,#8821,#8822);
#7004=AXIS2_PLACEMENT_3D('',#13365,#8824,#8825);
#7005=AXIS2_PLACEMENT_3D('',#13366,#8826,#8827);
#7006=AXIS2_PLACEMENT_3D('',#13367,#8828,#8829);
#7007=AXIS2_PLACEMENT_3D('',#13370,#8831,#8832);
#7008=AXIS2_PLACEMENT_3D('',#13371,#8833,#8834);
#7009=AXIS2_PLACEMENT_3D('',#13372,#8835,#8836);
#7010=AXIS2_PLACEMENT_3D('',#13375,#8838,#8839);
#7011=AXIS2_PLACEMENT_3D('',#13376,#8840,#8841);
#7012=AXIS2_PLACEMENT_3D('',#13377,#8842,#8843);
#7013=AXIS2_PLACEMENT_3D('',#13379,#8844,#8845);
#7014=AXIS2_PLACEMENT_3D('',#13381,#8847,#8848);
#7015=AXIS2_PLACEMENT_3D('',#13383,#8849,#8850);
#7016=AXIS2_PLACEMENT_3D('',#13385,#8852,#8853);
#7017=AXIS2_PLACEMENT_3D('',#13386,#8854,#8855);
#7018=AXIS2_PLACEMENT_3D('',#13387,#8856,#8857);
#7019=AXIS2_PLACEMENT_3D('',#13388,#8858,#8859);
#7020=AXIS2_PLACEMENT_3D('',#13389,#8860,#8861);
#7021=AXIS2_PLACEMENT_3D('',#13390,#8862,#8863);
#7022=AXIS2_PLACEMENT_3D('',#13391,#8864,#8865);
#7023=AXIS2_PLACEMENT_3D('',#13392,#8866,#8867);
#7024=AXIS2_PLACEMENT_3D('',#13393,#8868,#8869);
#7025=AXIS2_PLACEMENT_3D('',#13394,#8870,#8871);
#7026=AXIS2_PLACEMENT_3D('',#13395,#8872,#8873);
#7027=AXIS2_PLACEMENT_3D('',#13396,#8874,#8875);
#7028=AXIS2_PLACEMENT_3D('',#13397,#8876,#8877);
#7029=AXIS2_PLACEMENT_3D('',#13398,#8878,#8879);
#7030=AXIS2_PLACEMENT_3D('',#13399,#8880,#8881);
#7031=AXIS2_PLACEMENT_3D('',#13400,#8882,#8883);
#7032=AXIS2_PLACEMENT_3D('',#13401,#8884,#8885);
#7033=AXIS2_PLACEMENT_3D('',#13402,#8886,#8887);
#7034=DIRECTION('axis',(0.,0.,1.));
#7035=DIRECTION('refdir',(1.,0.,0.));
#7036=DIRECTION('axis',(0.,0.,1.));
#7037=DIRECTION('refdir',(1.,0.,0.));
#7038=DIRECTION('axis',(0.,0.,1.));
#7039=DIRECTION('refdir',(1.,0.,0.));
#7040=DIRECTION('axis',(0.,0.,1.));
#7041=DIRECTION('refdir',(1.,0.,0.));
#7042=DIRECTION('axis',(0.,0.,1.));
#7043=DIRECTION('refdir',(1.,0.,0.));
#7044=DIRECTION('axis',(0.,0.,1.));
#7045=DIRECTION('refdir',(1.,0.,0.));
#7046=DIRECTION('center_axis',(0.,0.,-1.));
#7047=DIRECTION('ref_axis',(-1.,0.,0.));
#7048=DIRECTION('center_axis',(0.,0.,1.));
#7049=DIRECTION('ref_axis',(1.,0.,0.));
#7050=DIRECTION('center_axis',(0.,0.,1.));
#7051=DIRECTION('ref_axis',(1.,0.,0.));
#7052=DIRECTION('',(-0.707106781186543,8.65956056235488E-17,0.707106781186552));
#7053=DIRECTION('center_axis',(0.,0.,1.));
#7054=DIRECTION('ref_axis',(1.,0.,0.));
#7055=DIRECTION('center_axis',(0.,0.,1.));
#7056=DIRECTION('ref_axis',(1.,0.,0.));
#7057=DIRECTION('',(0.,0.,1.));
#7058=DIRECTION('center_axis',(0.,0.,1.));
#7059=DIRECTION('ref_axis',(1.,0.,0.));
#7060=DIRECTION('center_axis',(0.,0.,-1.));
#7061=DIRECTION('ref_axis',(-1.,0.,0.));
#7062=DIRECTION('center_axis',(0.,0.,1.));
#7063=DIRECTION('ref_axis',(1.,0.,0.));
#7064=DIRECTION('center_axis',(0.,0.,1.));
#7065=DIRECTION('ref_axis',(1.,0.,0.));
#7066=DIRECTION('',(0.,0.,1.));
#7067=DIRECTION('center_axis',(0.,0.,1.));
#7068=DIRECTION('ref_axis',(1.,0.,0.));
#7069=DIRECTION('center_axis',(0.,0.,-1.));
#7070=DIRECTION('ref_axis',(-1.,0.,0.));
#7071=DIRECTION('center_axis',(0.,0.,1.));
#7072=DIRECTION('ref_axis',(1.,0.,0.));
#7073=DIRECTION('center_axis',(0.,0.,1.));
#7074=DIRECTION('ref_axis',(1.,0.,0.));
#7075=DIRECTION('center_axis',(1.22464679914735E-16,-1.,0.));
#7076=DIRECTION('ref_axis',(-1.,-1.22464679914735E-16,0.));
#7077=DIRECTION('center_axis',(0.,0.,1.));
#7078=DIRECTION('ref_axis',(1.,0.,0.));
#7079=DIRECTION('center_axis',(0.,0.,1.));
#7080=DIRECTION('ref_axis',(1.,0.,0.));
#7081=DIRECTION('',(0.,0.,-1.));
#7082=DIRECTION('center_axis',(0.,0.,1.));
#7083=DIRECTION('ref_axis',(1.,0.,0.));
#7084=DIRECTION('center_axis',(0.,0.,1.));
#7085=DIRECTION('ref_axis',(1.,0.,0.));
#7086=DIRECTION('center_axis',(1.22464679914735E-16,-1.,0.));
#7087=DIRECTION('ref_axis',(-1.,-1.22464679914735E-16,0.));
#7088=DIRECTION('center_axis',(0.,0.,1.));
#7089=DIRECTION('ref_axis',(1.,0.,0.));
#7090=DIRECTION('center_axis',(0.,0.,1.));
#7091=DIRECTION('ref_axis',(1.,0.,0.));
#7092=DIRECTION('center_axis',(0.,0.,1.));
#7093=DIRECTION('ref_axis',(1.,0.,0.));
#7094=DIRECTION('center_axis',(0.,0.,1.));
#7095=DIRECTION('ref_axis',(1.,0.,0.));
#7096=DIRECTION('',(0.,0.,1.));
#7097=DIRECTION('center_axis',(0.,0.,1.));
#7098=DIRECTION('ref_axis',(1.,0.,0.));
#7099=DIRECTION('center_axis',(0.,0.,1.));
#7100=DIRECTION('ref_axis',(1.,0.,0.));
#7101=DIRECTION('center_axis',(0.,0.,1.));
#7102=DIRECTION('ref_axis',(1.,0.,0.));
#7103=DIRECTION('center_axis',(0.,0.,1.));
#7104=DIRECTION('ref_axis',(1.,0.,0.));
#7105=DIRECTION('',(0.,0.,1.));
#7106=DIRECTION('center_axis',(0.,0.,1.));
#7107=DIRECTION('ref_axis',(1.,0.,0.));
#7108=DIRECTION('center_axis',(0.,0.,1.));
#7109=DIRECTION('ref_axis',(1.,0.,0.));
#7110=DIRECTION('',(0.707106781186543,8.65956056235488E-17,-0.707106781186552));
#7111=DIRECTION('center_axis',(0.,0.,1.));
#7112=DIRECTION('ref_axis',(1.,0.,0.));
#7113=DIRECTION('center_axis',(0.,0.,1.));
#7114=DIRECTION('ref_axis',(1.,0.,0.));
#7115=DIRECTION('center_axis',(0.,0.,1.));
#7116=DIRECTION('ref_axis',(1.,0.,0.));
#7117=DIRECTION('center_axis',(0.,0.,1.));
#7118=DIRECTION('ref_axis',(1.,0.,0.));
#7119=DIRECTION('',(0.,0.,1.));
#7120=DIRECTION('center_axis',(0.,0.,1.));
#7121=DIRECTION('ref_axis',(1.,0.,0.));
#7122=DIRECTION('center_axis',(0.,0.,-1.));
#7123=DIRECTION('ref_axis',(-1.,0.,0.));
#7124=DIRECTION('center_axis',(0.,0.,1.));
#7125=DIRECTION('ref_axis',(1.,0.,0.));
#7126=DIRECTION('center_axis',(0.,0.,1.));
#7127=DIRECTION('ref_axis',(1.,0.,0.));
#7128=DIRECTION('',(-0.707106781186544,-8.65956056235489E-17,0.707106781186551));
#7129=DIRECTION('center_axis',(0.,0.,1.));
#7130=DIRECTION('ref_axis',(1.,0.,0.));
#7131=DIRECTION('center_axis',(0.,0.,1.));
#7132=DIRECTION('ref_axis',(1.,0.,0.));
#7133=DIRECTION('',(0.,0.,1.));
#7134=DIRECTION('center_axis',(0.,0.,1.));
#7135=DIRECTION('ref_axis',(1.,0.,0.));
#7136=DIRECTION('center_axis',(0.,0.,1.));
#7137=DIRECTION('ref_axis',(1.,0.,0.));
#7138=DIRECTION('center_axis',(-1.22464679914735E-16,1.,0.));
#7139=DIRECTION('ref_axis',(-1.,-1.22464679914735E-16,0.));
#7140=DIRECTION('center_axis',(0.,0.,1.));
#7141=DIRECTION('ref_axis',(1.,0.,0.));
#7142=DIRECTION('center_axis',(0.,0.,1.));
#7143=DIRECTION('ref_axis',(1.,0.,0.));
#7144=DIRECTION('',(0.,0.,1.));
#7145=DIRECTION('center_axis',(0.,0.,1.));
#7146=DIRECTION('ref_axis',(1.,0.,0.));
#7147=DIRECTION('center_axis',(0.,0.,1.));
#7148=DIRECTION('ref_axis',(1.,0.,0.));
#7149=DIRECTION('center_axis',(0.,0.,-1.));
#7150=DIRECTION('ref_axis',(-1.,0.,0.));
#7151=DIRECTION('center_axis',(0.,0.,1.));
#7152=DIRECTION('ref_axis',(1.,0.,0.));
#7153=DIRECTION('',(0.707106781186544,-8.65956056235489E-17,-0.707106781186551));
#7154=DIRECTION('center_axis',(0.,0.,1.));
#7155=DIRECTION('ref_axis',(1.,0.,0.));
#7156=DIRECTION('center_axis',(0.,0.,1.));
#7157=DIRECTION('ref_axis',(1.,0.,0.));
#7158=DIRECTION('center_axis',(0.,0.,1.));
#7159=DIRECTION('ref_axis',(1.,0.,0.));
#7160=DIRECTION('',(0.,0.,1.));
#7161=DIRECTION('center_axis',(0.,0.,1.));
#7162=DIRECTION('ref_axis',(1.,0.,0.));
#7163=DIRECTION('center_axis',(0.,0.,-1.));
#7164=DIRECTION('ref_axis',(-1.,0.,0.));
#7165=DIRECTION('axis',(0.,0.,1.));
#7166=DIRECTION('refdir',(1.,0.,0.));
#7167=DIRECTION('center_axis',(0.,0.,1.));
#7168=DIRECTION('ref_axis',(1.,0.,0.));
#7169=DIRECTION('center_axis',(0.,0.,1.));
#7170=DIRECTION('ref_axis',(1.,0.,0.));
#7171=DIRECTION('',(0.,0.,1.));
#7172=DIRECTION('center_axis',(0.,0.,1.));
#7173=DIRECTION('ref_axis',(1.,0.,0.));
#7174=DIRECTION('center_axis',(0.,0.,1.));
#7175=DIRECTION('ref_axis',(1.,0.,0.));
#7176=DIRECTION('center_axis',(0.,0.,1.));
#7177=DIRECTION('ref_axis',(1.,0.,0.));
#7178=DIRECTION('center_axis',(0.,0.,1.));
#7179=DIRECTION('ref_axis',(1.,0.,0.));
#7180=DIRECTION('center_axis',(0.,0.,1.));
#7181=DIRECTION('ref_axis',(1.,0.,0.));
#7182=DIRECTION('',(0.,0.,-1.));
#7183=DIRECTION('center_axis',(0.,0.,1.));
#7184=DIRECTION('ref_axis',(1.,0.,0.));
#7185=DIRECTION('center_axis',(0.,0.,1.));
#7186=DIRECTION('ref_axis',(1.,0.,0.));
#7187=DIRECTION('center_axis',(0.,0.,1.));
#7188=DIRECTION('ref_axis',(1.,0.,0.));
#7189=DIRECTION('center_axis',(0.,0.,1.));
#7190=DIRECTION('ref_axis',(1.,0.,0.));
#7191=DIRECTION('',(0.,0.,-1.));
#7192=DIRECTION('center_axis',(0.,0.,1.));
#7193=DIRECTION('ref_axis',(1.,0.,0.));
#7194=DIRECTION('center_axis',(0.,0.,1.));
#7195=DIRECTION('ref_axis',(1.,0.,0.));
#7196=DIRECTION('center_axis',(-1.22464679914735E-16,1.,0.));
#7197=DIRECTION('ref_axis',(-1.,-1.22464679914735E-16,0.));
#7198=DIRECTION('center_axis',(0.,0.,1.));
#7199=DIRECTION('ref_axis',(1.,0.,0.));
#7200=DIRECTION('center_axis',(0.,0.,1.));
#7201=DIRECTION('ref_axis',(1.,0.,0.));
#7202=DIRECTION('',(0.,0.,-1.));
#7203=DIRECTION('center_axis',(0.,0.,-1.));
#7204=DIRECTION('ref_axis',(-1.,0.,0.));
#7205=DIRECTION('center_axis',(0.,0.,1.));
#7206=DIRECTION('ref_axis',(1.,0.,0.));
#7207=DIRECTION('center_axis',(0.,0.,1.));
#7208=DIRECTION('ref_axis',(1.,0.,0.));
#7209=DIRECTION('center_axis',(0.,0.,1.));
#7210=DIRECTION('ref_axis',(1.,0.,0.));
#7211=DIRECTION('',(0.,0.,-1.));
#7212=DIRECTION('center_axis',(0.,0.,-1.));
#7213=DIRECTION('ref_axis',(-1.,0.,0.));
#7214=DIRECTION('',(1.60025738449766E-16,-1.77664259359573E-32,1.));
#7215=DIRECTION('',(1.,0.,-9.58445432703428E-33));
#7216=DIRECTION('',(9.78821663158346E-19,-1.31018158075635E-16,1.));
#7217=DIRECTION('',(-0.241564562433513,-0.970384749558806,-1.31119891790451E-16));
#7218=DIRECTION('',(0.,0.,1.));
#7219=DIRECTION('',(1.,0.,0.));
#7220=DIRECTION('',(-1.59046916786607E-16,-1.31018158075635E-16,1.));
#7221=DIRECTION('',(-0.241564562433512,-0.970384749558806,-1.61025149459841E-16));
#7222=DIRECTION('',(0.999999999999907,-1.79543879763599E-16,-9.61343941900926E-17));
#7223=DIRECTION('',(-6.69603261727124E-16,-0.97038474955882,-0.241564562433523));
#7224=DIRECTION('',(0.999999999999907,-5.20417042793042E-17,6.81791745755565E-17));
#7225=DIRECTION('',(-9.84430557253266E-17,-2.15172901708209E-14,0.999999999999959));
#7226=DIRECTION('',(0.999999999999907,-2.12503625807159E-16,3.1215181141112E-17));
#7227=DIRECTION('',(-6.70470623465112E-16,-0.97038474955882,-0.241564562433523));
#7228=DIRECTION('',(0.999999999999907,-8.76035355368287E-17,1.95319052323018E-16));
#7229=DIRECTION('',(-2.25582933472811E-16,-2.14617763066227E-14,0.999999999999959));
#7230=DIRECTION('axis',(0.,0.,1.));
#7231=DIRECTION('refdir',(1.,0.,0.));
#7232=DIRECTION('center_axis',(0.,0.,-1.));
#7233=DIRECTION('ref_axis',(1.,0.,0.));
#7234=DIRECTION('center_axis',(-1.85037166749843E-16,0.,-1.));
#7235=DIRECTION('ref_axis',(1.,0.,0.));
#7236=DIRECTION('',(0.,0.,-1.));
#7237=DIRECTION('center_axis',(0.,0.,1.));
#7238=DIRECTION('ref_axis',(1.,0.,0.));
#7239=DIRECTION('center_axis',(0.,0.,-1.));
#7240=DIRECTION('ref_axis',(1.,0.,0.));
#7241=DIRECTION('center_axis',(-1.85037166749843E-16,0.,-1.));
#7242=DIRECTION('ref_axis',(1.,0.,0.));
#7243=DIRECTION('',(0.,0.,-1.));
#7244=DIRECTION('center_axis',(0.,0.,1.));
#7245=DIRECTION('ref_axis',(1.,0.,0.));
#7246=DIRECTION('center_axis',(2.12873866682154E-9,1.,0.));
#7247=DIRECTION('ref_axis',(0.,0.,1.));
#7248=DIRECTION('',(1.,-2.12873866682154E-9,0.));
#7249=DIRECTION('',(0.,0.,1.));
#7250=DIRECTION('',(-1.,2.12873866682154E-9,0.));
#7251=DIRECTION('',(0.,0.,-1.));
#7252=DIRECTION('center_axis',(0.,0.,1.));
#7253=DIRECTION('ref_axis',(1.,0.,0.));
#7254=DIRECTION('',(-1.73591809861554E-15,-1.,0.));
#7255=DIRECTION('',(1.,0.,0.));
#7256=DIRECTION('',(-0.629320391049837,-0.777145961456971,0.));
#7257=DIRECTION('center_axis',(0.,0.,1.));
#7258=DIRECTION('ref_axis',(1.32503301260427E-10,1.,0.));
#7259=DIRECTION('',(-0.629320391049837,0.777145961456971,0.));
#7260=DIRECTION('',(1.,0.,0.));
#7261=DIRECTION('',(0.,1.,0.));
#7262=DIRECTION('center_axis',(0.,0.,-1.));
#7263=DIRECTION('ref_axis',(1.,0.,0.));
#7264=DIRECTION('center_axis',(0.,0.,-1.));
#7265=DIRECTION('ref_axis',(1.,0.,0.));
#7266=DIRECTION('center_axis',(1.,-1.73591809861554E-15,0.));
#7267=DIRECTION('ref_axis',(-1.73591809861554E-15,-1.,0.));
#7268=DIRECTION('',(-1.73591809861554E-15,-1.,0.));
#7269=DIRECTION('',(0.,0.,1.));
#7270=DIRECTION('center_axis',(1.,-1.73591809861554E-15,0.));
#7271=DIRECTION('ref_axis',(0.,-0.707106781186546,-0.707106781186549));
#7272=DIRECTION('center_axis',(0.,0.,1.));
#7273=DIRECTION('ref_axis',(1.,0.,0.));
#7274=DIRECTION('',(0.,1.,0.));
#7275=DIRECTION('',(-1.,0.,0.));
#7276=DIRECTION('center_axis',(0.,0.,-1.));
#7277=DIRECTION('ref_axis',(-0.707106781186546,-0.707106781186549,0.));
#7278=DIRECTION('',(0.,-1.,0.));
#7279=DIRECTION('center_axis',(0.,0.,1.));
#7280=DIRECTION('ref_axis',(-0.333806859233749,0.942641491092186,0.));
#7281=DIRECTION('',(0.629320391049837,-0.777145961456971,0.));
#7282=DIRECTION('center_axis',(0.,0.,-1.));
#7283=DIRECTION('ref_axis',(1.32504916130281E-10,1.,0.));
#7284=DIRECTION('',(0.629320391049837,0.777145961456971,0.));
#7285=DIRECTION('center_axis',(0.,0.,1.));
#7286=DIRECTION('ref_axis',(0.333806859233772,0.942641491092178,0.));
#7287=DIRECTION('',(0.,1.,0.));
#7288=DIRECTION('center_axis',(0.,0.,-1.));
#7289=DIRECTION('ref_axis',(0.707106781186546,-0.707106781186549,0.));
#7290=DIRECTION('',(-1.,0.,0.));
#7291=DIRECTION('center_axis',(0.,0.,-1.));
#7292=DIRECTION('ref_axis',(1.,0.,0.));
#7293=DIRECTION('center_axis',(0.,0.,-1.));
#7294=DIRECTION('ref_axis',(1.,0.,0.));
#7295=DIRECTION('center_axis',(0.,0.,-1.));
#7296=DIRECTION('ref_axis',(1.,0.,0.));
#7297=DIRECTION('center_axis',(-1.,0.,0.));
#7298=DIRECTION('ref_axis',(0.,1.,0.));
#7299=DIRECTION('center_axis',(-1.,0.,0.));
#7300=DIRECTION('ref_axis',(0.,-0.707106781186546,-0.707106781186549));
#7301=DIRECTION('',(0.,0.,-1.));
#7302=DIRECTION('center_axis',(0.,1.,0.));
#7303=DIRECTION('ref_axis',(1.,0.,0.));
#7304=DIRECTION('',(4.31154572669963E-16,0.,-1.));
#7305=DIRECTION('',(1.,0.,0.));
#7306=DIRECTION('',(0.,0.,1.));
#7307=DIRECTION('',(-1.,0.,0.));
#7308=DIRECTION('center_axis',(0.,1.,0.));
#7309=DIRECTION('ref_axis',(1.,0.,0.));
#7310=DIRECTION('',(-1.,0.,0.));
#7311=DIRECTION('',(0.,0.,-1.));
#7312=DIRECTION('',(1.,0.,0.));
#7313=DIRECTION('',(0.,0.,1.));
#7314=DIRECTION('center_axis',(-1.,0.,0.));
#7315=DIRECTION('ref_axis',(0.,0.,1.));
#7316=DIRECTION('',(0.,0.,1.));
#7317=DIRECTION('',(0.,0.,-1.));
#7318=DIRECTION('',(0.,-1.,-6.51228233935116E-11));
#7319=DIRECTION('center_axis',(-0.777145961456971,-0.629320391049837,0.));
#7320=DIRECTION('ref_axis',(-0.629320391049837,0.777145961456971,0.));
#7321=DIRECTION('',(0.629320391049837,-0.777145961456971,0.));
#7322=DIRECTION('',(0.,0.,1.));
#7323=DIRECTION('',(-0.629320391049837,0.777145961456971,0.));
#7324=DIRECTION('',(0.,0.,-1.));
#7325=DIRECTION('',(-0.629320391049837,0.777145961456971,5.06099391989432E-11));
#7326=DIRECTION('',(0.,0.,1.));
#7327=DIRECTION('center_axis',(1.85037166749843E-16,0.,1.));
#7328=DIRECTION('ref_axis',(1.,0.,-1.85037166749843E-16));
#7329=DIRECTION('center_axis',(-1.85037166749843E-16,0.,-1.));
#7330=DIRECTION('ref_axis',(1.,0.,-1.85037166749843E-16));
#7331=DIRECTION('center_axis',(0.,0.,-1.));
#7332=DIRECTION('ref_axis',(1.,0.,0.));
#7333=DIRECTION('',(0.,0.,-1.));
#7334=DIRECTION('center_axis',(0.,6.51228233935116E-11,-1.));
#7335=DIRECTION('ref_axis',(0.,1.,6.51228233935116E-11));
#7336=DIRECTION('',(0.,1.,6.51228233935116E-11));
#7337=DIRECTION('',(-1.,0.,0.));
#7338=DIRECTION('',(0.629320391049837,-0.777145961456971,-5.06099391989432E-11));
#7339=DIRECTION('center_axis',(0.,6.51228233935116E-11,-1.));
#7340=DIRECTION('ref_axis',(0.,1.,6.51228233935116E-11));
#7341=DIRECTION('',(-1.,0.,0.));
#7342=DIRECTION('',(2.8078003091291E-26,-1.,-6.51228233935116E-11));
#7343=DIRECTION('',(0.629320391049837,0.777145961456971,5.06099391989432E-11));
#7344=DIRECTION('center_axis',(1.,0.,4.31154572669963E-16));
#7345=DIRECTION('ref_axis',(4.31154572669963E-16,0.,-1.));
#7346=DIRECTION('',(4.31154572669963E-16,5.32431555817223E-16,-1.));
#7347=DIRECTION('',(-2.8078003091291E-26,1.,6.51228233935116E-11));
#7348=DIRECTION('',(-4.31154572669963E-16,0.,1.));
#7349=DIRECTION('center_axis',(0.777145961456971,-0.629320391049837,0.));
#7350=DIRECTION('ref_axis',(-0.629320391049837,-0.777145961456971,0.));
#7351=DIRECTION('',(0.629320391049837,0.777145961456971,0.));
#7352=DIRECTION('',(0.,0.,-1.));
#7353=DIRECTION('',(-0.629320391049837,-0.777145961456971,-5.06099391989432E-11));
#7354=DIRECTION('',(-4.31154572669963E-16,-5.32431555817223E-16,1.));
#7355=DIRECTION('',(-0.629320391049837,-0.777145961456971,0.));
#7356=DIRECTION('',(0.,0.,-1.));
#7357=DIRECTION('center_axis',(0.,0.,-1.));
#7358=DIRECTION('ref_axis',(1.,0.,0.));
#7359=DIRECTION('center_axis',(0.,0.,-1.));
#7360=DIRECTION('ref_axis',(1.32503301260427E-10,1.,0.));
#7361=DIRECTION('center_axis',(0.,0.,1.));
#7362=DIRECTION('ref_axis',(1.32504916130281E-10,1.,0.));
#7363=DIRECTION('center_axis',(1.,0.,0.));
#7364=DIRECTION('ref_axis',(0.,-0.707106781186546,-0.707106781186549));
#7365=DIRECTION('center_axis',(1.,8.88178419700124E-15,0.));
#7366=DIRECTION('ref_axis',(0.,0.,-1.));
#7367=DIRECTION('center_axis',(0.,0.,1.));
#7368=DIRECTION('ref_axis',(-0.707106781186546,-0.707106781186549,0.));
#7369=DIRECTION('center_axis',(0.,0.,1.));
#7370=DIRECTION('ref_axis',(0.,-1.,0.));
#7371=DIRECTION('center_axis',(1.,0.,0.));
#7372=DIRECTION('ref_axis',(0.,-0.707106781209571,0.707106781163524));
#7373=DIRECTION('center_axis',(1.,0.,0.));
#7374=DIRECTION('ref_axis',(0.,-1.,0.));
#7375=DIRECTION('center_axis',(-1.,0.,0.));
#7376=DIRECTION('ref_axis',(0.,-6.51223519554378E-11,1.));
#7377=DIRECTION('center_axis',(1.,0.,0.));
#7378=DIRECTION('ref_axis',(0.,-0.707106781186546,-0.707106781186549));
#7379=DIRECTION('center_axis',(-1.,0.,-1.77635683940025E-14));
#7380=DIRECTION('ref_axis',(0.,-1.,0.));
#7381=DIRECTION('center_axis',(-0.629320391049837,-0.777145961456971,0.));
#7382=DIRECTION('ref_axis',(-0.549525179317959,0.444996716050312,-0.70710678118655));
#7383=DIRECTION('center_axis',(-0.629320391049827,-0.77714596145698,0.));
#7384=DIRECTION('ref_axis',(0.,0.,-1.));
#7385=DIRECTION('center_axis',(0.629320391049839,0.777145961456969,0.));
#7386=DIRECTION('ref_axis',(0.,0.,-1.));
#7387=DIRECTION('center_axis',(0.,0.,1.));
#7388=DIRECTION('ref_axis',(1.,0.,0.));
#7389=DIRECTION('center_axis',(0.629320391049839,-0.777145961456969,0.));
#7390=DIRECTION('ref_axis',(0.,0.,-1.));
#7391=DIRECTION('center_axis',(-0.629320391049837,0.777145961456971,0.));
#7392=DIRECTION('ref_axis',(0.54952517931796,0.444996716050309,-0.707106781186551));
#7393=DIRECTION('center_axis',(0.629320391049839,-0.777145961456969,-1.0766319943501E-14));
#7394=DIRECTION('ref_axis',(0.777145961456969,0.629320391049839,0.));
#7395=DIRECTION('center_axis',(0.629320391049837,-0.777145961456971,-5.06099391989432E-11));
#7396=DIRECTION('ref_axis',(0.549525179329222,0.444996716013378,0.70710678120104));
#7397=DIRECTION('center_axis',(0.629320391049837,-0.777145961456972,-5.06104356280879E-11));
#7398=DIRECTION('ref_axis',(0.,-6.51234621784624E-11,1.));
#7399=DIRECTION('center_axis',(-0.629320391049838,0.777145961456971,5.05979436974645E-11));
#7400=DIRECTION('ref_axis',(0.777145961456971,0.629320391049838,0.));
#7401=DIRECTION('center_axis',(0.,1.,6.51228233935116E-11));
#7402=DIRECTION('ref_axis',(-0.707106781186546,-4.60488001322325E-11,0.707106781186549));
#7403=DIRECTION('center_axis',(-4.44089209850064E-15,1.,6.51234621784624E-11));
#7404=DIRECTION('ref_axis',(0.,-6.51234621784624E-11,1.));
#7405=DIRECTION('center_axis',(0.,-1.,-6.51223519554377E-11));
#7406=DIRECTION('ref_axis',(-1.,0.,0.));
#7407=DIRECTION('center_axis',(0.,0.,1.));
#7408=DIRECTION('ref_axis',(-0.902585284349858,-0.430511096808301,0.));
#7409=DIRECTION('center_axis',(-2.85718019442255E-15,0.,1.));
#7410=DIRECTION('ref_axis',(0.,-1.,0.));
#7411=DIRECTION('center_axis',(0.,0.,-1.));
#7412=DIRECTION('ref_axis',(-0.777145961456971,0.629320391049837,0.));
#7413=DIRECTION('center_axis',(-0.629320391049837,-0.777145961456971,0.));
#7414=DIRECTION('ref_axis',(-0.549525179317962,0.444996716050311,0.707106781186548));
#7415=DIRECTION('center_axis',(0.629320391049835,0.777145961456973,0.));
#7416=DIRECTION('ref_axis',(-0.777145961456973,0.629320391049835,0.));
#7417=DIRECTION('center_axis',(-0.444996716050309,-0.549525179317967,0.707106781186546));
#7418=DIRECTION('ref_axis',(-0.444996716050307,-0.549525179317963,-0.70710678118655));
#7419=DIRECTION('center_axis',(0.,0.,1.));
#7420=DIRECTION('ref_axis',(1.,0.,0.));
#7421=DIRECTION('center_axis',(0.629320391049835,-0.777145961456973,0.));
#7422=DIRECTION('ref_axis',(0.777145961456973,0.629320391049835,0.));
#7423=DIRECTION('center_axis',(-0.629320391049837,0.777145961456971,0.));
#7424=DIRECTION('ref_axis',(0.549525179317962,0.444996716050312,0.707106781186547));
#7425=DIRECTION('center_axis',(0.444996716050308,-0.549525179317967,0.707106781186546));
#7426=DIRECTION('ref_axis',(-0.444996716050306,0.549525179317965,0.707106781186549));
#7427=DIRECTION('center_axis',(-4.31154572669963E-16,-5.32431555817223E-16,
1.));
#7428=DIRECTION('ref_axis',(0.333806859233772,0.942641491092178,0.));
#7429=DIRECTION('center_axis',(0.,0.,1.));
#7430=DIRECTION('ref_axis',(-0.777145961456972,0.629320391049836,0.));
#7431=DIRECTION('center_axis',(2.8078003091291E-26,-1.,-6.51228233935116E-11));
#7432=DIRECTION('ref_axis',(0.707106781186546,-4.60488001322325E-11,0.707106781186549));
#7433=DIRECTION('center_axis',(-1.11022302462515E-15,-1.,-6.51234621784624E-11));
#7434=DIRECTION('ref_axis',(0.,-6.51234621784624E-11,1.));
#7435=DIRECTION('center_axis',(0.,1.,6.51301235166101E-11));
#7436=DIRECTION('ref_axis',(1.,0.,0.));
#7437=DIRECTION('center_axis',(0.629320391049837,0.777145961456971,5.06099391989432E-11));
#7438=DIRECTION('ref_axis',(-0.549525179329229,0.444996716013377,0.707106781201035));
#7439=DIRECTION('center_axis',(0.629320391049845,0.777145961456965,5.06104356280873E-11));
#7440=DIRECTION('ref_axis',(0.,-6.51234621784622E-11,1.));
#7441=DIRECTION('center_axis',(-0.629320391049835,-0.777145961456973,-5.06095728227479E-11));
#7442=DIRECTION('ref_axis',(-0.777145961456973,0.629320391049835,0.));
#7443=DIRECTION('center_axis',(0.113848384817132,-0.852088750302651,0.510865253156051));
#7444=DIRECTION('ref_axis',(0.185344714220278,0.523397326710471,0.831686584779949));
#7445=DIRECTION('center_axis',(0.,0.,-1.));
#7446=DIRECTION('ref_axis',(-0.333806859233749,0.942641491092186,0.));
#7447=DIRECTION('center_axis',(0.,0.,1.));
#7448=DIRECTION('ref_axis',(-1.,0.,0.));
#7449=DIRECTION('center_axis',(4.31154572669963E-16,0.,-1.));
#7450=DIRECTION('ref_axis',(0.707106781186546,-0.707106781186549,0.));
#7451=DIRECTION('center_axis',(0.,0.,1.));
#7452=DIRECTION('ref_axis',(1.,0.,0.));
#7453=DIRECTION('center_axis',(1.,0.,0.));
#7454=DIRECTION('ref_axis',(0.,-0.707106781209571,0.707106781163524));
#7455=DIRECTION('center_axis',(1.,0.,8.88178419700124E-15));
#7456=DIRECTION('ref_axis',(0.,-1.,0.));
#7457=DIRECTION('center_axis',(-1.,8.88178419700125E-15,5.78402676469361E-25));
#7458=DIRECTION('ref_axis',(0.,-6.51223519554378E-11,1.));
#7459=DIRECTION('center_axis',(-0.81649658093659,-0.408248290468291,0.408248290441707));
#7460=DIRECTION('ref_axis',(0.577350269177088,-0.577350269214694,0.577350269177095));
#7461=DIRECTION('center_axis',(0.172369690502719,-0.959736517261523,-0.221798348124416));
#7462=DIRECTION('ref_axis',(-0.58892285644623,-0.28090179322091,0.757802119105305));
#7463=DIRECTION('center_axis',(-0.113848384817125,-0.852088750302653,0.51086525315605));
#7464=DIRECTION('ref_axis',(-0.185344714220265,0.523397326710466,0.831686584779955));
#7465=DIRECTION('center_axis',(0.172369690474825,-0.959736517274825,0.221798348088535));
#7466=DIRECTION('ref_axis',(-0.588922856454377,-0.280901793175461,-0.75780211911582));
#7467=DIRECTION('center_axis',(0.,0.,-1.));
#7468=DIRECTION('ref_axis',(0.902585284349858,-0.430511096808301,0.));
#7469=DIRECTION('center_axis',(0.,0.,-1.));
#7470=DIRECTION('ref_axis',(0.,-1.,0.));
#7471=DIRECTION('center_axis',(0.,0.,1.));
#7472=DIRECTION('ref_axis',(0.777145961456971,0.629320391049837,0.));
#7473=DIRECTION('center_axis',(-0.172369690502721,-0.959736517261521,-0.221798348124421));
#7474=DIRECTION('ref_axis',(0.58892285644622,-0.280901793220914,0.757802119105311));
#7475=DIRECTION('center_axis',(-0.816496580936589,0.408248290468293,-0.408248290441706));
#7476=DIRECTION('ref_axis',(-0.577350269177091,-0.577350269214693,0.577350269177094));
#7477=DIRECTION('center_axis',(-0.172369690474817,-0.959736517274829,0.221798348088524));
#7478=DIRECTION('ref_axis',(0.588922856454384,-0.28090179317545,-0.757802119115819));
#7479=DIRECTION('center_axis',(0.,0.,-1.));
#7480=DIRECTION('ref_axis',(1.,0.,0.));
#7481=DIRECTION('',(0.,0.,-1.));
#7482=DIRECTION('center_axis',(0.,0.,-1.));
#7483=DIRECTION('ref_axis',(1.,0.,0.));
#7484=DIRECTION('',(0.,0.,-1.));
#7485=DIRECTION('axis',(0.,0.,1.));
#7486=DIRECTION('refdir',(1.,0.,0.));
#7487=DIRECTION('center_axis',(0.,0.,1.));
#7488=DIRECTION('ref_axis',(1.,0.,0.));
#7489=DIRECTION('center_axis',(0.,0.,1.));
#7490=DIRECTION('ref_axis',(1.,0.,0.));
#7491=DIRECTION('',(0.,0.,-1.));
#7492=DIRECTION('center_axis',(0.,0.,1.));
#7493=DIRECTION('ref_axis',(1.,0.,0.));
#7494=DIRECTION('center_axis',(0.,0.,1.));
#7495=DIRECTION('ref_axis',(1.,0.,0.));
#7496=DIRECTION('center_axis',(0.,0.,1.));
#7497=DIRECTION('ref_axis',(1.,0.,0.));
#7498=DIRECTION('axis',(0.,0.,1.));
#7499=DIRECTION('refdir',(1.,0.,0.));
#7500=DIRECTION('center_axis',(0.,0.,-1.));
#7501=DIRECTION('ref_axis',(1.,0.,0.));
#7502=DIRECTION('center_axis',(0.,0.,-1.));
#7503=DIRECTION('ref_axis',(1.,0.,0.));
#7504=DIRECTION('',(0.,0.,-1.));
#7505=DIRECTION('center_axis',(0.,0.,-1.));
#7506=DIRECTION('ref_axis',(1.,0.,0.));
#7507=DIRECTION('center_axis',(0.,0.,1.));
#7508=DIRECTION('ref_axis',(1.,0.,0.));
#7509=DIRECTION('center_axis',(0.,0.,-1.));
#7510=DIRECTION('ref_axis',(1.,0.,0.));
#7511=DIRECTION('center_axis',(0.,0.,-1.));
#7512=DIRECTION('ref_axis',(1.,0.,0.));
#7513=DIRECTION('',(0.,0.,-1.));
#7514=DIRECTION('center_axis',(0.,0.,-1.));
#7515=DIRECTION('ref_axis',(1.,0.,0.));
#7516=DIRECTION('center_axis',(0.,0.,1.));
#7517=DIRECTION('ref_axis',(1.,0.,0.));
#7518=DIRECTION('center_axis',(0.,0.,-1.));
#7519=DIRECTION('ref_axis',(0.973693642682494,-0.227861120421402,0.));
#7520=DIRECTION('center_axis',(8.51375486174361E-19,-4.31845558493118E-17,
1.));
#7521=DIRECTION('ref_axis',(0.973693642682494,-0.227861120421402,-1.06690601791485E-17));
#7522=DIRECTION('center_axis',(-8.51375486174361E-19,4.31845558493118E-17,
-1.));
#7523=DIRECTION('ref_axis',(0.973693642682494,-0.227861120421402,-1.06690601791485E-17));
#7524=DIRECTION('center_axis',(0.,0.,-1.));
#7525=DIRECTION('ref_axis',(0.83485053823018,-0.550476683263495,0.));
#7526=DIRECTION('center_axis',(8.51375486174361E-19,-4.31845558493118E-17,
1.));
#7527=DIRECTION('ref_axis',(0.83485053823018,-0.550476683263495,-2.4482862355005E-17));
#7528=DIRECTION('',(0.,0.,-1.));
#7529=DIRECTION('center_axis',(8.51375486174361E-19,-4.31845558493118E-17,
1.));
#7530=DIRECTION('ref_axis',(0.83485053823018,-0.550476683263495,-2.4482862355005E-17));
#7531=DIRECTION('center_axis',(0.,0.,-1.));
#7532=DIRECTION('ref_axis',(-0.276432006603626,-0.961033477941894,0.));
#7533=DIRECTION('center_axis',(8.51375486174361E-19,-4.31845558493118E-17,
1.));
#7534=DIRECTION('ref_axis',(-0.276432006603626,-0.961033477941894,0.));
#7535=DIRECTION('',(0.,0.,-1.));
#7536=DIRECTION('center_axis',(0.,0.,-1.));
#7537=DIRECTION('ref_axis',(-0.276432006603626,-0.961033477941894,0.));
#7538=DIRECTION('',(0.,0.,1.));
#7539=DIRECTION('center_axis',(0.,0.,1.));
#7540=DIRECTION('ref_axis',(0.973693642682494,-0.227861120421402,0.));
#7541=DIRECTION('center_axis',(8.51375486174361E-19,-4.31845558493118E-17,
1.));
#7542=DIRECTION('ref_axis',(0.973693642682494,-0.227861120421402,-1.06690601791485E-17));
#7543=DIRECTION('',(0.,0.,1.));
#7544=DIRECTION('center_axis',(8.51375486174361E-19,-4.31845558493118E-17,
1.));
#7545=DIRECTION('ref_axis',(0.973693642682494,-0.227861120421402,-1.06690601791485E-17));
#7546=DIRECTION('center_axis',(0.,0.,1.));
#7547=DIRECTION('ref_axis',(0.621493763234641,-0.783419110221626,0.));
#7548=DIRECTION('center_axis',(0.,0.,-1.));
#7549=DIRECTION('ref_axis',(0.621493763234641,-0.783419110221626,0.));
#7550=DIRECTION('',(0.,0.,1.));
#7551=DIRECTION('center_axis',(8.51375486174361E-19,-4.31845558493118E-17,
1.));
#7552=DIRECTION('ref_axis',(0.621493763234641,-0.783419110221626,0.));
#7553=DIRECTION('',(0.,0.,-1.));
#7554=DIRECTION('center_axis',(0.,0.,1.));
#7555=DIRECTION('ref_axis',(0.83485053823018,-0.550476683263495,0.));
#7556=DIRECTION('center_axis',(8.51375486174361E-19,-4.31845558493118E-17,
1.));
#7557=DIRECTION('ref_axis',(0.83485053823018,-0.550476683263495,-2.4482862355005E-17));
#7558=DIRECTION('',(0.,0.,-1.));
#7559=DIRECTION('center_axis',(-8.51375486174361E-19,4.31845558493118E-17,
-1.));
#7560=DIRECTION('ref_axis',(0.83485053823018,-0.550476683263495,-2.4482862355005E-17));
#7561=DIRECTION('center_axis',(0.,0.,-1.));
#7562=DIRECTION('ref_axis',(-0.621493763235593,-0.783419110220871,0.));
#7563=DIRECTION('center_axis',(8.51375486174361E-19,-4.31845558493118E-17,
1.));
#7564=DIRECTION('ref_axis',(-0.621493763235593,-0.783419110220871,0.));
#7565=DIRECTION('',(0.,0.,-1.));
#7566=DIRECTION('center_axis',(0.,0.,-1.));
#7567=DIRECTION('ref_axis',(-0.621493763235593,-0.783419110220871,0.));
#7568=DIRECTION('',(0.,0.,1.));
#7569=DIRECTION('center_axis',(0.,0.,1.));
#7570=DIRECTION('ref_axis',(-0.876543209876469,0.481323177521565,0.));
#7571=DIRECTION('center_axis',(-8.51375486174361E-19,4.31845558493118E-17,
-1.));
#7572=DIRECTION('ref_axis',(-0.876543209876469,0.481323177521565,2.15319950427097E-17));
#7573=DIRECTION('',(0.,0.,1.));
#7574=DIRECTION('center_axis',(8.51375486174361E-19,-4.31845558493118E-17,
1.));
#7575=DIRECTION('ref_axis',(-0.876543209876469,0.481323177521565,2.15319950427097E-17));
#7576=DIRECTION('center_axis',(0.,0.,-1.));
#7577=DIRECTION('ref_axis',(-0.876543209876469,0.481323177521565,0.));
#7578=DIRECTION('center_axis',(8.51375486174361E-19,-4.31845558493118E-17,
1.));
#7579=DIRECTION('ref_axis',(-0.876543209876469,0.481323177521565,2.15319950427097E-17));
#7580=DIRECTION('',(0.,0.,1.));
#7581=DIRECTION('center_axis',(8.51375486174361E-19,-4.31845558493118E-17,
1.));
#7582=DIRECTION('ref_axis',(-0.876543209876469,0.481323177521565,2.15319950427097E-17));
#7583=DIRECTION('center_axis',(0.,0.,-1.));
#7584=DIRECTION('ref_axis',(-0.937394317265385,0.348269857952941,0.));
#7585=DIRECTION('center_axis',(-8.51375486174361E-19,4.31845558493118E-17,
-1.));
#7586=DIRECTION('ref_axis',(-0.937394317265385,0.348269857952941,1.58379536739996E-17));
#7587=DIRECTION('center_axis',(8.51375486174361E-19,-4.31845558493118E-17,
1.));
#7588=DIRECTION('ref_axis',(-0.937394317265385,0.348269857952941,1.58379536739996E-17));
#7589=DIRECTION('center_axis',(0.,0.,1.));
#7590=DIRECTION('ref_axis',(0.276431997873002,-0.961033480453174,0.));
#7591=DIRECTION('center_axis',(0.,0.,-1.));
#7592=DIRECTION('ref_axis',(0.276431997873002,-0.961033480453174,0.));
#7593=DIRECTION('',(0.,0.,1.));
#7594=DIRECTION('center_axis',(8.51375486174361E-19,-4.31845558493118E-17,
1.));
#7595=DIRECTION('ref_axis',(0.276431997873002,-0.961033480453174,0.));
#7596=DIRECTION('',(0.,0.,-1.));
#7597=DIRECTION('center_axis',(0.,0.,1.));
#7598=DIRECTION('ref_axis',(-0.937394317265385,0.348269857952941,0.));
#7599=DIRECTION('center_axis',(8.51375486174361E-19,-4.31845558493118E-17,
1.));
#7600=DIRECTION('ref_axis',(-0.937394317265385,0.348269857952941,1.58379536739996E-17));
#7601=DIRECTION('',(0.,0.,-1.));
#7602=DIRECTION('center_axis',(8.51375486174361E-19,-4.31845558493118E-17,
1.));
#7603=DIRECTION('ref_axis',(-0.937394317265385,0.348269857952941,1.58379536739996E-17));
#7604=DIRECTION('center_axis',(0.,0.,-1.));
#7605=DIRECTION('ref_axis',(0.755864134516161,0.654728501099605,0.));
#7606=DIRECTION('center_axis',(8.51375486174361E-19,-4.31845558493118E-17,
1.));
#7607=DIRECTION('ref_axis',(0.755864134516161,0.654728501099605,0.));
#7608=DIRECTION('center_axis',(0.,0.,-1.));
#7609=DIRECTION('ref_axis',(0.755864134516161,0.654728501099605,0.));
#7610=DIRECTION('',(0.,0.,1.));
#7611=DIRECTION('center_axis',(0.,0.,1.));
#7612=DIRECTION('ref_axis',(-0.998846480269433,0.0480177972564878,0.));
#7613=DIRECTION('center_axis',(0.,0.,-1.));
#7614=DIRECTION('ref_axis',(-0.998846480269433,0.0480177972564878,0.));
#7615=DIRECTION('center_axis',(8.51375486174361E-19,-4.31845558493118E-17,
1.));
#7616=DIRECTION('ref_axis',(-0.998846480269433,0.0480177972564878,0.));
#7617=DIRECTION('',(0.,0.,-1.));
#7618=DIRECTION('center_axis',(0.,0.,-1.));
#7619=DIRECTION('ref_axis',(0.755864134516157,0.65472850109961,0.));
#7620=DIRECTION('center_axis',(0.,0.,1.));
#7621=DIRECTION('ref_axis',(0.755864134516157,0.65472850109961,0.));
#7622=DIRECTION('center_axis',(-8.51375486174361E-19,4.31845558493118E-17,
-1.));
#7623=DIRECTION('ref_axis',(0.755864134516157,0.65472850109961,0.));
#7624=DIRECTION('',(0.,0.,1.));
#7625=DIRECTION('center_axis',(0.,0.,1.));
#7626=DIRECTION('ref_axis',(-0.755864134518313,0.65472850109712,0.));
#7627=DIRECTION('center_axis',(0.,0.,-1.));
#7628=DIRECTION('ref_axis',(-0.755864134518313,0.65472850109712,0.));
#7629=DIRECTION('center_axis',(8.51375486174361E-19,-4.31845558493118E-17,
1.));
#7630=DIRECTION('ref_axis',(-0.755864134518313,0.65472850109712,0.));
#7631=DIRECTION('',(0.,0.,-1.));
#7632=DIRECTION('center_axis',(0.,0.,-1.));
#7633=DIRECTION('ref_axis',(0.998846480624373,0.048017789873174,0.));
#7634=DIRECTION('center_axis',(8.51375486174361E-19,-4.31845558493118E-17,
1.));
#7635=DIRECTION('ref_axis',(0.998846480624373,0.048017789873174,0.));
#7636=DIRECTION('center_axis',(0.,0.,-1.));
#7637=DIRECTION('ref_axis',(0.998846480624373,0.048017789873174,0.));
#7638=DIRECTION('',(0.,0.,1.));
#7639=DIRECTION('center_axis',(0.,0.,1.));
#7640=DIRECTION('ref_axis',(-0.755864134518313,0.65472850109712,0.));
#7641=DIRECTION('center_axis',(-8.51375486174361E-19,4.31845558493118E-17,
-1.));
#7642=DIRECTION('ref_axis',(-0.755864134518313,0.65472850109712,0.));
#7643=DIRECTION('center_axis',(0.,0.,1.));
#7644=DIRECTION('ref_axis',(-0.755864134518313,0.65472850109712,0.));
#7645=DIRECTION('',(0.,0.,-1.));
#7646=DIRECTION('center_axis',(8.51375486174361E-19,-4.31845558493118E-17,
1.));
#7647=DIRECTION('ref_axis',(1.,5.55111512312524E-17,-8.51375486174359E-19));
#7648=DIRECTION('center_axis',(-8.51375486174361E-19,4.31845558493118E-17,
-1.));
#7649=DIRECTION('ref_axis',(0.,-1.,0.));
#7650=DIRECTION('center_axis',(-8.51375486174361E-19,4.31845558493118E-17,
-1.));
#7651=DIRECTION('ref_axis',(0.777145961623748,0.629320390843885,0.));
#7652=DIRECTION('center_axis',(8.51375486174361E-19,-4.31845558493118E-17,
1.));
#7653=DIRECTION('ref_axis',(0.,-1.,0.));
#7654=DIRECTION('center_axis',(8.51375486174361E-19,-4.31845558493118E-17,
1.));
#7655=DIRECTION('ref_axis',(1.,5.55111512312524E-17,-8.51375486174359E-19));
#7656=DIRECTION('center_axis',(-8.51375486174361E-19,4.31845558493118E-17,
-1.));
#7657=DIRECTION('ref_axis',(0.,-1.,0.));
#7658=DIRECTION('center_axis',(8.51375486174361E-19,-4.31845558493118E-17,
1.));
#7659=DIRECTION('ref_axis',(0.,-1.,0.));
#7660=DIRECTION('center_axis',(-8.51375486174361E-19,4.31845558493118E-17,
-1.));
#7661=DIRECTION('ref_axis',(0.777145961623748,0.629320390843885,0.));
#7662=DIRECTION('',(0.,0.,1.));
#7663=DIRECTION('',(0.,0.,1.));
#7664=DIRECTION('',(0.,0.,-1.));
#7665=DIRECTION('center_axis',(0.,0.,1.));
#7666=DIRECTION('ref_axis',(0.,-1.,0.));
#7667=DIRECTION('',(0.,0.,1.));
#7668=DIRECTION('',(0.,0.,1.));
#7669=DIRECTION('center_axis',(0.,0.,-1.));
#7670=DIRECTION('ref_axis',(0.,-1.,0.));
#7671=DIRECTION('',(0.,0.,-1.));
#7672=DIRECTION('center_axis',(8.51375486174361E-19,-4.31845558493118E-17,
1.));
#7673=DIRECTION('ref_axis',(0.,-1.,0.));
#7674=DIRECTION('',(0.,0.,1.));
#7675=DIRECTION('center_axis',(-8.51375486174361E-19,4.31845558493118E-17,
-1.));
#7676=DIRECTION('ref_axis',(0.,-1.,0.));
#7677=DIRECTION('center_axis',(8.51375486174361E-19,-4.31845558493118E-17,
1.));
#7678=DIRECTION('ref_axis',(0.,-1.,0.));
#7679=DIRECTION('center_axis',(0.,0.,1.));
#7680=DIRECTION('ref_axis',(0.,-1.,0.));
#7681=DIRECTION('',(0.,0.,1.));
#7682=DIRECTION('center_axis',(0.,0.,-1.));
#7683=DIRECTION('ref_axis',(0.,-1.,0.));
#7684=DIRECTION('center_axis',(-8.51375486174361E-19,4.31845558493118E-17,
-1.));
#7685=DIRECTION('ref_axis',(0.,-1.,0.));
#7686=DIRECTION('',(0.,0.,1.));
#7687=DIRECTION('center_axis',(8.51375486174361E-19,-4.31845558493118E-17,
1.));
#7688=DIRECTION('ref_axis',(0.,-1.,0.));
#7689=DIRECTION('center_axis',(0.,0.,-1.));
#7690=DIRECTION('ref_axis',(0.,-1.,0.));
#7691=DIRECTION('',(0.,0.,1.));
#7692=DIRECTION('center_axis',(0.,0.,1.));
#7693=DIRECTION('ref_axis',(0.,-1.,0.));
#7694=DIRECTION('center_axis',(8.51375486174361E-19,-4.31845558493118E-17,
1.));
#7695=DIRECTION('ref_axis',(0.,-1.,0.));
#7696=DIRECTION('center_axis',(-8.51375486174361E-19,4.31845558493118E-17,
-1.));
#7697=DIRECTION('ref_axis',(0.,-1.,0.));
#7698=DIRECTION('',(0.,0.,1.));
#7699=DIRECTION('center_axis',(0.,0.,-1.));
#7700=DIRECTION('ref_axis',(0.,-1.,0.));
#7701=DIRECTION('',(0.,0.,-1.));
#7702=DIRECTION('',(0.,0.,-1.));
#7703=DIRECTION('center_axis',(0.,0.,1.));
#7704=DIRECTION('ref_axis',(0.,-1.,0.));
#7705=DIRECTION('',(0.,0.,1.));
#7706=DIRECTION('center_axis',(-8.51375486174361E-19,4.31845558493118E-17,
-1.));
#7707=DIRECTION('ref_axis',(0.,-1.,0.));
#7708=DIRECTION('',(0.,0.,1.));
#7709=DIRECTION('center_axis',(8.51375486174361E-19,-4.31845558493118E-17,
1.));
#7710=DIRECTION('ref_axis',(0.,-1.,0.));
#7711=DIRECTION('',(0.,0.,1.));
#7712=DIRECTION('center_axis',(0.,0.,1.));
#7713=DIRECTION('ref_axis',(0.777145961623748,0.629320390843885,0.));
#7714=DIRECTION('center_axis',(-8.51375486174361E-19,4.31845558493118E-17,
-1.));
#7715=DIRECTION('ref_axis',(0.777145961623748,0.629320390843885,0.));
#7716=DIRECTION('center_axis',(8.51375486174361E-19,-4.31845558493118E-17,
1.));
#7717=DIRECTION('ref_axis',(0.777145961623748,0.629320390843885,0.));
#7718=DIRECTION('',(0.,0.,1.));
#7719=DIRECTION('center_axis',(0.,0.,-1.));
#7720=DIRECTION('ref_axis',(0.777145961623748,0.629320390843885,0.));
#7721=DIRECTION('',(0.,0.,1.));
#7722=DIRECTION('center_axis',(8.51375486174361E-19,-4.31845558493118E-17,
1.));
#7723=DIRECTION('ref_axis',(0.777145961623748,0.629320390843885,0.));
#7724=DIRECTION('center_axis',(-8.51375486174361E-19,4.31845558493118E-17,
-1.));
#7725=DIRECTION('ref_axis',(0.777145961623748,0.629320390843885,0.));
#7726=DIRECTION('center_axis',(8.51375486174361E-19,-4.31845558493118E-17,
1.));
#7727=DIRECTION('ref_axis',(0.777145961623748,0.629320390843885,0.));
#7728=DIRECTION('',(0.,0.,1.));
#7729=DIRECTION('center_axis',(0.,0.,1.));
#7730=DIRECTION('ref_axis',(0.777145961623748,0.629320390843885,0.));
#7731=DIRECTION('',(0.,0.,1.));
#7732=DIRECTION('center_axis',(8.51375486174361E-19,-4.31845558493118E-17,
1.));
#7733=DIRECTION('ref_axis',(0.777145961623748,0.629320390843885,0.));
#7734=DIRECTION('center_axis',(8.51375486174361E-19,-4.31845558493118E-17,
1.));
#7735=DIRECTION('ref_axis',(1.,5.55111512312524E-17,-8.51375486174359E-19));
#7736=DIRECTION('center_axis',(8.51375486174361E-19,-4.31845558493118E-17,
1.));
#7737=DIRECTION('ref_axis',(1.,5.55111512312524E-17,-8.51375486174359E-19));
#7738=DIRECTION('center_axis',(-8.51375486174361E-19,4.31845558493118E-17,
-1.));
#7739=DIRECTION('ref_axis',(0.,-1.,0.));
#7740=DIRECTION('',(0.,0.,1.));
#7741=DIRECTION('center_axis',(-1.,0.,0.));
#7742=DIRECTION('ref_axis',(0.,4.31845558493118E-17,-1.));
#7743=DIRECTION('',(-1.,0.,0.));
#7744=DIRECTION('center_axis',(-1.,0.,0.));
#7745=DIRECTION('ref_axis',(0.,4.31845558493118E-17,-1.));
#7746=DIRECTION('',(-1.,0.,0.));
#7747=DIRECTION('center_axis',(-0.586956332571735,-0.809618591470045,0.));
#7748=DIRECTION('ref_axis',(0.,0.,1.));
#7749=DIRECTION('center_axis',(0.,0.,-1.));
#7750=DIRECTION('ref_axis',(-1.,0.,0.));
#7751=DIRECTION('',(-0.584153280962884,-0.811643360313074,0.));
#7752=DIRECTION('',(0.528910180089932,0.84867780776761,0.));
#7753=DIRECTION('center_axis',(0.,0.,-1.));
#7754=DIRECTION('ref_axis',(-0.642787609686532,-0.766044443118984,0.));
#7755=DIRECTION('center_axis',(0.,0.,-1.));
#7756=DIRECTION('ref_axis',(0.848677807767617,-0.528910180089921,0.));
#7757=DIRECTION('center_axis',(0.586956332571735,-0.809618591470045,0.));
#7758=DIRECTION('ref_axis',(0.,0.,-1.));
#7759=DIRECTION('center_axis',(-0.586956332571712,0.809618591470061,0.));
#7760=DIRECTION('ref_axis',(0.809618591470007,0.586956332571673,3.64333394564628E-7));
#7761=DIRECTION('center_axis',(0.,0.,-1.));
#7762=DIRECTION('ref_axis',(0.999387940417069,0.0349820603871417,0.));
#7763=DIRECTION('center_axis',(0.528910180089923,0.848677807767615,0.));
#7764=DIRECTION('ref_axis',(0.848677807767559,-0.528910180089888,3.64333394564625E-7));
#7765=DIRECTION('center_axis',(0.,0.,1.));
#7766=DIRECTION('ref_axis',(0.999387940417069,0.0349820603871428,0.));
#7767=DIRECTION('center_axis',(0.,0.,-1.));
#7768=DIRECTION('ref_axis',(0.157021839538491,-0.987595130561076,0.));
#7769=DIRECTION('center_axis',(0.766044443118984,-0.642787609686532,0.));
#7770=DIRECTION('ref_axis',(-0.642787609686532,-0.766044443118984,0.));
#7771=DIRECTION('center_axis',(0.,0.,1.));
#7772=DIRECTION('ref_axis',(0.157021839538491,-0.987595130561076,0.));
#7773=DIRECTION('center_axis',(-0.76604444311898,0.642787609686536,0.));
#7774=DIRECTION('ref_axis',(-0.45451947767204,-0.541675220419702,-0.70710678118655));
#7775=DIRECTION('center_axis',(0.76604444311898,-0.642787609686537,0.));
#7776=DIRECTION('ref_axis',(-0.642787609686537,-0.76604444311898,0.));
#7777=DIRECTION('',(0.76604444311898,-0.642787609686536,0.));
#7778=DIRECTION('',(-0.76604444311898,0.642787609686536,0.));
#7779=DIRECTION('',(0.,0.,1.));
#7780=DIRECTION('center_axis',(-0.642787609686536,-0.76604444311898,0.));
#7781=DIRECTION('ref_axis',(0.76604444311898,-0.642787609686536,0.));
#7782=DIRECTION('',(0.,0.,-1.));
#7783=DIRECTION('',(0.,0.,-1.));
#7784=DIRECTION('',(0.76604444311898,-0.642787609686536,0.));
#7785=DIRECTION('center_axis',(0.,0.,1.));
#7786=DIRECTION('ref_axis',(-0.642787609686532,-0.766044443118984,0.));
#7787=DIRECTION('center_axis',(-0.766044443118975,0.642787609686543,0.));
#7788=DIRECTION('ref_axis',(-0.642787609686543,-0.766044443118975,0.));
#7789=DIRECTION('center_axis',(0.76604444311898,-0.642787609686536,0.));
#7790=DIRECTION('ref_axis',(-0.45451947767204,-0.541675220419702,0.70710678118655));
#7791=DIRECTION('center_axis',(-0.766044443118982,0.642787609686534,0.));
#7792=DIRECTION('ref_axis',(-0.642787609686534,-0.766044443118982,0.));
#7793=DIRECTION('',(-0.76604444311898,0.642787609686536,0.));
#7794=DIRECTION('center_axis',(-0.528910180089931,-0.848677807767611,0.));
#7795=DIRECTION('ref_axis',(0.848677807767611,-0.528910180089931,0.));
#7796=DIRECTION('center_axis',(0.,0.,-1.));
#7797=DIRECTION('ref_axis',(0.157021839538491,-0.987595130561076,0.));
#7798=DIRECTION('center_axis',(0.,0.,1.));
#7799=DIRECTION('ref_axis',(0.157021839538491,-0.987595130561076,0.));
#7800=DIRECTION('center_axis',(0.,0.,1.));
#7801=DIRECTION('ref_axis',(-0.642787609686532,-0.766044443118984,0.));
#7802=DIRECTION('center_axis',(0.,0.,1.));
#7803=DIRECTION('ref_axis',(1.,0.,0.));
#7804=DIRECTION('center_axis',(0.,0.,1.));
#7805=DIRECTION('ref_axis',(0.848677807767617,-0.528910180089921,0.));
#7806=DIRECTION('center_axis',(0.586956332571712,-0.809618591470061,0.));
#7807=DIRECTION('ref_axis',(0.809618591470061,0.586956332571712,0.));
#7808=DIRECTION('center_axis',(0.,0.,-1.));
#7809=DIRECTION('ref_axis',(0.999387940417069,0.0349820603871428,0.));
#7810=DIRECTION('center_axis',(0.,0.,1.));
#7811=DIRECTION('ref_axis',(1.,0.,0.));
#7812=DIRECTION('center_axis',(0.766044443118975,0.642787609686543,0.));
#7813=DIRECTION('ref_axis',(0.642787609686543,-0.766044443118975,0.));
#7814=DIRECTION('center_axis',(-0.766044443118978,-0.642787609686539,0.));
#7815=DIRECTION('ref_axis',(0.454519477672039,-0.541675220419704,-0.707106781186549));
#7816=DIRECTION('center_axis',(0.766044443118977,0.642787609686541,0.));
#7817=DIRECTION('ref_axis',(0.642787609686541,-0.766044443118977,0.));
#7818=DIRECTION('',(0.766044443118978,0.642787609686539,0.));
#7819=DIRECTION('',(-0.766044443118978,-0.642787609686539,0.));
#7820=DIRECTION('center_axis',(0.528910180089892,-0.848677807767634,0.));
#7821=DIRECTION('ref_axis',(-0.848677807767635,-0.528910180089892,2.22044604925043E-15));
#7822=DIRECTION('center_axis',(0.,0.,1.));
#7823=DIRECTION('ref_axis',(-0.157021839538487,-0.987595130561077,0.));
#7824=DIRECTION('center_axis',(0.,0.,-1.));
#7825=DIRECTION('ref_axis',(-0.157021839538487,-0.987595130561077,0.));
#7826=DIRECTION('center_axis',(0.,0.,-1.));
#7827=DIRECTION('ref_axis',(-0.848677807767617,-0.528910180089921,0.));
#7828=DIRECTION('center_axis',(0.,0.,-1.));
#7829=DIRECTION('ref_axis',(-1.,0.,0.));
#7830=DIRECTION('center_axis',(0.,0.,-1.));
#7831=DIRECTION('ref_axis',(-0.809618591470062,0.586956332571711,0.));
#7832=DIRECTION('center_axis',(-0.586956332571714,-0.80961859147006,0.));
#7833=DIRECTION('ref_axis',(-0.809618591470059,0.586956332571714,2.2204460492504E-15));
#7834=DIRECTION('center_axis',(0.,0.,1.));
#7835=DIRECTION('ref_axis',(-0.999387940417069,0.0349820603871395,0.));
#7836=DIRECTION('center_axis',(0.,0.,1.));
#7837=DIRECTION('ref_axis',(1.,0.,0.));
#7838=DIRECTION('center_axis',(-8.51375486174361E-19,4.31845558493118E-17,
-1.));
#7839=DIRECTION('ref_axis',(0.,-1.,0.));
#7840=DIRECTION('center_axis',(0.58695633257051,0.809618591470933,0.));
#7841=DIRECTION('ref_axis',(-0.809618591470885,0.586956332570476,3.41981651883984E-7));
#7842=DIRECTION('center_axis',(0.,0.,1.));
#7843=DIRECTION('ref_axis',(-0.999387940417067,0.0349820603871925,0.));
#7844=DIRECTION('center_axis',(0.,0.,1.));
#7845=DIRECTION('ref_axis',(-0.809618591470062,0.586956332571711,0.));
#7846=DIRECTION('center_axis',(-0.528910180089922,0.848677807767616,0.));
#7847=DIRECTION('ref_axis',(-0.848677807767567,-0.528910180089891,3.41981651885705E-7));
#7848=DIRECTION('center_axis',(0.,0.,-1.));
#7849=DIRECTION('ref_axis',(-0.999387940417069,0.0349820603871395,0.));
#7850=DIRECTION('center_axis',(0.,0.,1.));
#7851=DIRECTION('ref_axis',(-0.848677807767617,-0.528910180089921,0.));
#7852=DIRECTION('center_axis',(0.,0.,1.));
#7853=DIRECTION('ref_axis',(-0.157021839538487,-0.987595130561077,0.));
#7854=DIRECTION('center_axis',(-0.766044443118982,-0.642787609686535,0.));
#7855=DIRECTION('ref_axis',(0.642787609686535,-0.766044443118982,0.));
#7856=DIRECTION('center_axis',(0.,0.,-1.));
#7857=DIRECTION('ref_axis',(-0.157021839538487,-0.987595130561077,0.));
#7858=DIRECTION('center_axis',(0.766044443118978,0.642787609686539,0.));
#7859=DIRECTION('ref_axis',(0.454519477672039,-0.541675220419704,0.707106781186549));
#7860=DIRECTION('center_axis',(-0.766044443118977,-0.64278760968654,0.));
#7861=DIRECTION('ref_axis',(0.64278760968654,-0.766044443118977,0.));
#7862=DIRECTION('',(-0.766044443118978,-0.642787609686539,0.));
#7863=DIRECTION('',(0.766044443118978,0.642787609686539,0.));
#7864=DIRECTION('',(0.,0.,1.));
#7865=DIRECTION('center_axis',(0.642787609686539,-0.766044443118978,0.));
#7866=DIRECTION('ref_axis',(0.766044443118978,0.642787609686539,0.));
#7867=DIRECTION('',(0.,0.,1.));
#7868=DIRECTION('',(0.,0.,1.));
#7869=DIRECTION('center_axis',(0.,0.,1.));
#7870=DIRECTION('ref_axis',(-0.848677807767617,-0.528910180089921,0.));
#7871=DIRECTION('center_axis',(0.,0.,1.));
#7872=DIRECTION('ref_axis',(1.,0.,0.));
#7873=DIRECTION('',(0.584153280962884,-0.811643360313074,0.));
#7874=DIRECTION('',(-0.528910180089858,0.848677807767655,0.));
#7875=DIRECTION('center_axis',(0.,0.,-1.));
#7876=DIRECTION('ref_axis',(-1.,0.,0.));
#7877=DIRECTION('',(-0.528910180089858,0.848677807767655,0.));
#7878=DIRECTION('',(0.584153280962884,-0.811643360313074,0.));
#7879=DIRECTION('center_axis',(-0.528910180089925,0.848677807767614,0.));
#7880=DIRECTION('ref_axis',(0.,0.,1.));
#7881=DIRECTION('center_axis',(-0.528910180089858,0.848677807767655,0.));
#7882=DIRECTION('ref_axis',(0.,0.,1.));
#7883=DIRECTION('center_axis',(-0.556839702838478,0.830619976489102,0.));
#7884=DIRECTION('ref_axis',(0.830619976489102,0.556839702838477,0.));
#7885=DIRECTION('center_axis',(-0.584153280962884,0.811643360313074,0.));
#7886=DIRECTION('ref_axis',(0.,0.,1.));
#7887=DIRECTION('center_axis',(0.584153280962863,-0.811643360313089,0.));
#7888=DIRECTION('ref_axis',(0.,0.,1.));
#7889=DIRECTION('center_axis',(0.,0.,1.));
#7890=DIRECTION('ref_axis',(-0.848677807767617,-0.528910180089921,0.));
#7891=DIRECTION('center_axis',(0.,0.,1.));
#7892=DIRECTION('ref_axis',(1.,0.,0.));
#7893=DIRECTION('',(0.528910180089932,0.84867780776761,0.));
#7894=DIRECTION('',(-0.584153280962884,-0.811643360313074,0.));
#7895=DIRECTION('center_axis',(0.528910180089925,0.848677807767614,0.));
#7896=DIRECTION('ref_axis',(0.,0.,-1.));
#7897=DIRECTION('center_axis',(0.528910180089932,0.84867780776761,0.));
#7898=DIRECTION('ref_axis',(0.,0.,-1.));
#7899=DIRECTION('center_axis',(0.556839702838513,0.830619976489078,0.));
#7900=DIRECTION('ref_axis',(-0.830619976489078,0.556839702838513,0.));
#7901=DIRECTION('center_axis',(0.584153280962883,0.811643360313074,0.));
#7902=DIRECTION('ref_axis',(0.,0.,-1.));
#7903=DIRECTION('center_axis',(-0.58415328096304,-0.811643360312961,0.));
#7904=DIRECTION('ref_axis',(0.,0.,-1.));
#7905=DIRECTION('center_axis',(0.,0.,1.));
#7906=DIRECTION('ref_axis',(-0.642787609686532,-0.766044443118984,0.));
#7907=DIRECTION('center_axis',(0.,0.,1.));
#7908=DIRECTION('ref_axis',(1.,0.,0.));
#7909=DIRECTION('center_axis',(8.51375486174361E-19,-4.31845558493118E-17,
1.));
#7910=DIRECTION('ref_axis',(0.,-1.,0.));
#7911=DIRECTION('center_axis',(0.,0.,1.));
#7912=DIRECTION('ref_axis',(1.,0.,0.));
#7913=DIRECTION('center_axis',(0.,-1.,0.));
#7914=DIRECTION('ref_axis',(0.,0.,1.));
#7915=DIRECTION('',(-1.,0.,0.));
#7916=DIRECTION('',(0.,0.,1.));
#7917=DIRECTION('',(-1.,0.,0.));
#7918=DIRECTION('center_axis',(0.,-1.,0.));
#7919=DIRECTION('ref_axis',(0.,0.,1.));
#7920=DIRECTION('',(-1.,0.,0.));
#7921=DIRECTION('',(0.,0.,1.));
#7922=DIRECTION('',(-1.,0.,0.));
#7923=DIRECTION('center_axis',(-1.,0.,0.));
#7924=DIRECTION('ref_axis',(0.,1.,2.83276944882399E-16));
#7925=DIRECTION('center_axis',(1.,-6.12323399573677E-17,0.));
#7926=DIRECTION('ref_axis',(0.,0.,1.));
#7927=DIRECTION('',(-1.,0.,0.));
#7928=DIRECTION('center_axis',(-1.,6.12323399573677E-17,0.));
#7929=DIRECTION('ref_axis',(0.,0.,1.));
#7930=DIRECTION('',(-1.,0.,0.));
#7931=DIRECTION('',(-1.,0.,0.));
#7932=DIRECTION('center_axis',(-1.,0.,0.));
#7933=DIRECTION('ref_axis',(0.,0.,1.));
#7934=DIRECTION('center_axis',(1.,-6.12323399573677E-17,0.));
#7935=DIRECTION('ref_axis',(0.,0.,1.));
#7936=DIRECTION('center_axis',(1.,-6.12323399573677E-17,0.));
#7937=DIRECTION('ref_axis',(0.,0.,1.));
#7938=DIRECTION('',(1.,0.,0.));
#7939=DIRECTION('center_axis',(-1.,6.12323399573677E-17,0.));
#7940=DIRECTION('ref_axis',(0.,0.,1.));
#7941=DIRECTION('center_axis',(-1.,6.12323399573677E-17,0.));
#7942=DIRECTION('ref_axis',(0.,0.,1.));
#7943=DIRECTION('',(1.,0.,0.));
#7944=DIRECTION('center_axis',(-1.,6.12323399573677E-17,0.));
#7945=DIRECTION('ref_axis',(0.,0.,1.));
#7946=DIRECTION('center_axis',(-1.,6.12323399573677E-17,0.));
#7947=DIRECTION('ref_axis',(0.,0.,1.));
#7948=DIRECTION('center_axis',(1.,0.,0.));
#7949=DIRECTION('ref_axis',(0.,0.,1.));
#7950=DIRECTION('center_axis',(-1.,6.12323399573677E-17,0.));
#7951=DIRECTION('ref_axis',(0.,0.,1.));
#7952=DIRECTION('center_axis',(-1.,6.12323399573677E-17,0.));
#7953=DIRECTION('ref_axis',(0.,0.,1.));
#7954=DIRECTION('',(-1.,0.,0.));
#7955=DIRECTION('center_axis',(-1.,6.12323399573677E-17,0.));
#7956=DIRECTION('ref_axis',(0.,0.,1.));
#7957=DIRECTION('center_axis',(-1.,6.12323399573677E-17,0.));
#7958=DIRECTION('ref_axis',(0.,0.,1.));
#7959=DIRECTION('',(-1.,0.,0.));
#7960=DIRECTION('',(1.,0.,0.));
#7961=DIRECTION('center_axis',(1.,0.,0.));
#7962=DIRECTION('ref_axis',(0.,1.,-1.83697019872103E-16));
#7963=DIRECTION('center_axis',(-1.,6.12323399573677E-17,0.));
#7964=DIRECTION('ref_axis',(0.,0.,1.));
#7965=DIRECTION('center_axis',(1.,-6.12323399573677E-17,0.));
#7966=DIRECTION('ref_axis',(0.,0.,1.));
#7967=DIRECTION('',(1.,0.,0.));
#7968=DIRECTION('',(1.,0.,0.));
#7969=DIRECTION('center_axis',(-1.,6.12323399573677E-17,0.));
#7970=DIRECTION('ref_axis',(0.,0.,1.));
#7971=DIRECTION('center_axis',(-1.,6.12323399573677E-17,0.));
#7972=DIRECTION('ref_axis',(0.,0.,1.));
#7973=DIRECTION('',(0.,0.,1.));
#7974=DIRECTION('',(0.,0.,1.));
#7975=DIRECTION('center_axis',(0.,0.,1.));
#7976=DIRECTION('ref_axis',(1.,0.,0.));
#7977=DIRECTION('center_axis',(0.,0.,1.));
#7978=DIRECTION('ref_axis',(0.,-1.,0.));
#7979=DIRECTION('center_axis',(0.,0.,1.));
#7980=DIRECTION('ref_axis',(1.,0.,0.));
#7981=DIRECTION('center_axis',(0.,0.,1.));
#7982=DIRECTION('ref_axis',(1.,0.,0.));
#7983=DIRECTION('center_axis',(0.,0.,-1.));
#7984=DIRECTION('ref_axis',(1.,0.,0.));
#7985=DIRECTION('',(0.,0.,-1.));
#7986=DIRECTION('',(0.,0.,1.));
#7987=DIRECTION('center_axis',(0.,0.,-1.));
#7988=DIRECTION('ref_axis',(0.,-1.,0.));
#7989=DIRECTION('center_axis',(0.,0.,1.));
#7990=DIRECTION('ref_axis',(1.,0.,0.));
#7991=DIRECTION('axis',(0.,0.,1.));
#7992=DIRECTION('refdir',(1.,0.,0.));
#7993=DIRECTION('center_axis',(1.,-7.54752893642444E-16,1.55685392852226E-17));
#7994=DIRECTION('ref_axis',(7.54752893642444E-16,1.,-3.30291349825981E-15));
#7995=DIRECTION('center_axis',(-1.,7.54752893642444E-16,-1.55685392852226E-17));
#7996=DIRECTION('ref_axis',(7.54752893642444E-16,1.,-3.30291349825981E-15));
#7997=DIRECTION('center_axis',(1.,-1.12985424208132E-15,0.));
#7998=DIRECTION('ref_axis',(1.12985424208132E-15,1.,-3.30291349825981E-15));
#7999=DIRECTION('center_axis',(1.,-7.54752893642444E-16,1.55685392852226E-17));
#8000=DIRECTION('ref_axis',(7.54752893642444E-16,1.,-3.30291349825981E-15));
#8001=DIRECTION('',(-1.,1.12985424208132E-15,0.));
#8002=DIRECTION('center_axis',(1.,-7.54752893642444E-16,1.55685392852226E-17));
#8003=DIRECTION('ref_axis',(7.54752893642444E-16,1.,-3.30291349825981E-15));
#8004=DIRECTION('axis',(0.,0.,1.));
#8005=DIRECTION('refdir',(1.,0.,0.));
#8006=DIRECTION('center_axis',(1.,-7.54752893642444E-16,1.55685392852226E-17));
#8007=DIRECTION('ref_axis',(7.54752893642444E-16,1.,-3.30291349825981E-15));
#8008=DIRECTION('center_axis',(-1.,7.54752893642444E-16,-1.55685392852226E-17));
#8009=DIRECTION('ref_axis',(8.20275974528644E-16,1.,-3.30291349825981E-15));
#8010=DIRECTION('center_axis',(-1.,8.20275974528644E-16,0.));
#8011=DIRECTION('ref_axis',(8.20275974528644E-16,1.,-3.30291349825981E-15));
#8012=DIRECTION('center_axis',(-1.,7.54752893642444E-16,-1.55685392852226E-17));
#8013=DIRECTION('ref_axis',(7.54752893642444E-16,1.,-3.30291349825981E-15));
#8014=DIRECTION('',(1.,-8.20275974528644E-16,0.));
#8015=DIRECTION('center_axis',(1.,-7.54752893642444E-16,1.55685392852226E-17));
#8016=DIRECTION('ref_axis',(7.54752893642444E-16,1.,-3.30291349825981E-15));
#8017=DIRECTION('axis',(0.,0.,1.));
#8018=DIRECTION('refdir',(1.,0.,0.));
#8019=DIRECTION('center_axis',(0.,0.,-1.));
#8020=DIRECTION('ref_axis',(1.,0.,0.));
#8021=DIRECTION('center_axis',(0.,0.,-1.));
#8022=DIRECTION('ref_axis',(1.,0.,0.));
#8023=DIRECTION('',(0.,0.,-1.));
#8024=DIRECTION('center_axis',(1.85037166749843E-16,0.,1.));
#8025=DIRECTION('ref_axis',(1.,0.,0.));
#8026=DIRECTION('center_axis',(0.,0.,-1.));
#8027=DIRECTION('ref_axis',(1.,0.,0.));
#8028=DIRECTION('center_axis',(0.,0.,-1.));
#8029=DIRECTION('ref_axis',(1.,0.,0.));
#8030=DIRECTION('',(0.,0.,-1.));
#8031=DIRECTION('center_axis',(1.85037166749843E-16,0.,1.));
#8032=DIRECTION('ref_axis',(1.,0.,0.));
#8033=DIRECTION('center_axis',(2.12873866682154E-9,1.,0.));
#8034=DIRECTION('ref_axis',(0.,0.,1.));
#8035=DIRECTION('',(0.,0.,-1.));
#8036=DIRECTION('',(1.,-2.12873866682154E-9,0.));
#8037=DIRECTION('',(0.,0.,1.));
#8038=DIRECTION('',(-1.,2.12873866682154E-9,0.));
#8039=DIRECTION('center_axis',(0.,0.,1.));
#8040=DIRECTION('ref_axis',(1.,0.,0.));
#8041=DIRECTION('',(0.,-1.,0.));
#8042=DIRECTION('',(-1.,0.,0.));
#8043=DIRECTION('',(0.629320391049837,-0.777145961456971,0.));
#8044=DIRECTION('center_axis',(0.,0.,-1.));
#8045=DIRECTION('ref_axis',(1.32503301260427E-10,1.,0.));
#8046=DIRECTION('',(0.629320391049837,0.777145961456971,0.));
#8047=DIRECTION('',(-1.,0.,0.));
#8048=DIRECTION('',(1.73591809861554E-15,1.,0.));
#8049=DIRECTION('center_axis',(0.,0.,1.));
#8050=DIRECTION('ref_axis',(1.,0.,0.));
#8051=DIRECTION('center_axis',(0.,0.,1.));
#8052=DIRECTION('ref_axis',(1.,0.,0.));
#8053=DIRECTION('center_axis',(-1.,0.,0.));
#8054=DIRECTION('ref_axis',(0.,1.,0.));
#8055=DIRECTION('',(0.,-1.,0.));
#8056=DIRECTION('',(0.,0.,-1.));
#8057=DIRECTION('center_axis',(-1.,0.,0.));
#8058=DIRECTION('ref_axis',(0.,-0.707106781186548,0.707106781186547));
#8059=DIRECTION('center_axis',(0.,0.,-1.));
#8060=DIRECTION('ref_axis',(-1.,0.,0.));
#8061=DIRECTION('',(0.,1.,0.));
#8062=DIRECTION('',(1.,0.,0.));
#8063=DIRECTION('center_axis',(0.,0.,1.));
#8064=DIRECTION('ref_axis',(0.707106781186546,-0.707106781186549,0.));
#8065=DIRECTION('',(0.,-1.,0.));
#8066=DIRECTION('center_axis',(0.,0.,-1.));
#8067=DIRECTION('ref_axis',(0.333806859233772,0.942641491092178,0.));
#8068=DIRECTION('',(-0.629320391049837,-0.777145961456971,0.));
#8069=DIRECTION('center_axis',(0.,0.,1.));
#8070=DIRECTION('ref_axis',(1.32504916130281E-10,1.,0.));
#8071=DIRECTION('',(-0.629320391049837,0.777145961456971,0.));
#8072=DIRECTION('center_axis',(0.,0.,-1.));
#8073=DIRECTION('ref_axis',(-0.333806859233749,0.942641491092186,0.));
#8074=DIRECTION('',(0.,1.,0.));
#8075=DIRECTION('center_axis',(0.,0.,1.));
#8076=DIRECTION('ref_axis',(-0.707106781186546,-0.707106781186549,0.));
#8077=DIRECTION('',(1.,0.,0.));
#8078=DIRECTION('center_axis',(0.,0.,1.));
#8079=DIRECTION('ref_axis',(1.,0.,0.));
#8080=DIRECTION('center_axis',(0.,0.,1.));
#8081=DIRECTION('ref_axis',(1.,0.,0.));
#8082=DIRECTION('center_axis',(0.,0.,1.));
#8083=DIRECTION('ref_axis',(1.,0.,0.));
#8084=DIRECTION('center_axis',(0.,1.,0.));
#8085=DIRECTION('ref_axis',(1.,0.,0.));
#8086=DIRECTION('',(0.,0.,1.));
#8087=DIRECTION('',(-1.,0.,0.));
#8088=DIRECTION('',(0.,0.,-1.));
#8089=DIRECTION('',(1.,0.,0.));
#8090=DIRECTION('center_axis',(0.,1.,0.));
#8091=DIRECTION('ref_axis',(1.,0.,0.));
#8092=DIRECTION('',(0.,0.,1.));
#8093=DIRECTION('',(1.,0.,0.));
#8094=DIRECTION('',(0.,0.,1.));
#8095=DIRECTION('',(-1.,0.,0.));
#8096=DIRECTION('',(4.31154572669963E-16,0.,-1.));
#8097=DIRECTION('center_axis',(1.,0.,4.31154572669963E-16));
#8098=DIRECTION('ref_axis',(4.31154572669963E-16,0.,-1.));
#8099=DIRECTION('',(4.31154572669963E-16,5.32431555817223E-16,-1.));
#8100=DIRECTION('',(-4.31154572669963E-16,0.,1.));
#8101=DIRECTION('',(6.67762316103562E-32,-1.,-1.54877707075767E-16));
#8102=DIRECTION('center_axis',(0.,0.,-1.));
#8103=DIRECTION('ref_axis',(1.,0.,0.));
#8104=DIRECTION('center_axis',(0.,0.,1.));
#8105=DIRECTION('ref_axis',(1.32503301260427E-10,1.,0.));
#8106=DIRECTION('',(0.,0.,-1.));
#8107=DIRECTION('center_axis',(0.,0.,-1.));
#8108=DIRECTION('ref_axis',(1.32504916130281E-10,1.,0.));
#8109=DIRECTION('',(0.,0.,-1.));
#8110=DIRECTION('center_axis',(0.777145961456971,-0.629320391049837,0.));
#8111=DIRECTION('ref_axis',(-0.629320391049837,-0.777145961456971,0.));
#8112=DIRECTION('',(-0.629320391049837,-0.777145961456971,0.));
#8113=DIRECTION('',(0.629320391049837,0.777145961456971,0.));
#8114=DIRECTION('',(-4.31154572669963E-16,-5.32431555817223E-16,1.));
#8115=DIRECTION('',(0.629320391049837,0.777145961456971,1.20362584573648E-16));
#8116=DIRECTION('',(0.,0.,-1.));
#8117=DIRECTION('center_axis',(0.,0.,-1.));
#8118=DIRECTION('ref_axis',(1.,0.,0.));
#8119=DIRECTION('center_axis',(1.85037166749843E-16,0.,1.));
#8120=DIRECTION('ref_axis',(1.,0.,-1.85037166749843E-16));
#8121=DIRECTION('',(0.,0.,-1.));
#8122=DIRECTION('center_axis',(1.85037166749843E-16,0.,1.));
#8123=DIRECTION('ref_axis',(1.,0.,-1.85037166749843E-16));
#8124=DIRECTION('center_axis',(0.,-1.54877707075767E-16,1.));
#8125=DIRECTION('ref_axis',(0.,-1.,-1.54877707075767E-16));
#8126=DIRECTION('',(-6.67762316103562E-32,1.,1.54877707075767E-16));
#8127=DIRECTION('',(1.,0.,0.));
#8128=DIRECTION('',(-0.629320391049837,-0.777145961456971,-1.20362584573648E-16));
#8129=DIRECTION('center_axis',(0.,-1.54877707075767E-16,1.));
#8130=DIRECTION('ref_axis',(0.,-1.,-1.54877707075767E-16));
#8131=DIRECTION('',(1.,0.,0.));
#8132=DIRECTION('',(0.,-1.,-1.54877707075767E-16));
#8133=DIRECTION('',(-0.629320391049837,0.777145961456971,1.20362584573648E-16));
#8134=DIRECTION('center_axis',(-1.,0.,0.));
#8135=DIRECTION('ref_axis',(0.,0.,1.));
#8136=DIRECTION('',(0.,0.,1.));
#8137=DIRECTION('',(0.,1.,1.54877707075767E-16));
#8138=DIRECTION('',(0.,0.,-1.));
#8139=DIRECTION('center_axis',(-0.777145961456971,-0.629320391049837,0.));
#8140=DIRECTION('ref_axis',(-0.629320391049837,0.777145961456971,0.));
#8141=DIRECTION('',(-0.629320391049837,0.777145961456971,0.));
#8142=DIRECTION('',(0.,0.,1.));
#8143=DIRECTION('',(0.629320391049837,-0.777145961456971,-1.20362584573648E-16));
#8144=DIRECTION('',(0.,0.,-1.));
#8145=DIRECTION('',(0.629320391049837,-0.777145961456971,0.));
#8146=DIRECTION('center_axis',(-1.,0.,0.));
#8147=DIRECTION('ref_axis',(0.,-0.707106781186548,0.707106781186547));
#8148=DIRECTION('center_axis',(1.,0.,8.88178419700125E-15));
#8149=DIRECTION('ref_axis',(0.,-1.,0.));
#8150=DIRECTION('center_axis',(-1.,0.,0.));
#8151=DIRECTION('ref_axis',(0.,-0.707106781186548,0.707106781186547));
#8152=DIRECTION('center_axis',(1.,-1.73591809861554E-15,0.));
#8153=DIRECTION('ref_axis',(0.,-0.707106781186548,0.707106781186547));
#8154=DIRECTION('center_axis',(-1.,1.77635683940025E-14,0.));
#8155=DIRECTION('ref_axis',(0.,0.,1.));
#8156=DIRECTION('center_axis',(4.31154572669963E-16,0.,-1.));
#8157=DIRECTION('ref_axis',(0.707106781186546,-0.707106781186549,0.));
#8158=DIRECTION('center_axis',(-2.22044604925032E-15,0.,-1.));
#8159=DIRECTION('ref_axis',(0.,-1.,0.));
#8160=DIRECTION('center_axis',(-1.,0.,0.));
#8161=DIRECTION('ref_axis',(0.,-0.707106781186548,-0.707106781186548));
#8162=DIRECTION('center_axis',(-1.,0.,-8.88178419700124E-15));
#8163=DIRECTION('ref_axis',(0.,-1.,0.));
#8164=DIRECTION('center_axis',(1.,0.,0.));
#8165=DIRECTION('ref_axis',(0.,0.,-1.));
#8166=DIRECTION('center_axis',(0.629320391049837,-0.777145961456971,0.));
#8167=DIRECTION('ref_axis',(0.549525179317962,0.444996716050309,-0.707106781186549));
#8168=DIRECTION('center_axis',(-0.629320390843884,0.777145961623749,0.));
#8169=DIRECTION('ref_axis',(0.777145961623749,0.629320390843884,0.));
#8170=DIRECTION('center_axis',(0.444996716050307,-0.549525179317966,-0.707106781186547));
#8171=DIRECTION('ref_axis',(0.444996716050307,-0.549525179317965,0.707106781186548));
#8172=DIRECTION('center_axis',(0.,0.,-1.));
#8173=DIRECTION('ref_axis',(-1.,0.,0.));
#8174=DIRECTION('center_axis',(-0.629320391049835,-0.777145961456973,0.));
#8175=DIRECTION('ref_axis',(-0.777145961456973,0.629320391049835,1.11022302462515E-15));
#8176=DIRECTION('center_axis',(0.629320391049837,0.777145961456971,0.));
#8177=DIRECTION('ref_axis',(-0.54952517931797,0.44499671605031,-0.707106781186543));
#8178=DIRECTION('center_axis',(-0.444996716050309,-0.549525179317966,-0.707106781186546));
#8179=DIRECTION('ref_axis',(0.444996716050307,0.549525179317964,-0.707106781186549));
#8180=DIRECTION('center_axis',(-0.629320391049837,-0.777145961456971,-1.20362584573648E-16));
#8181=DIRECTION('ref_axis',(-0.54952517931797,0.444996716050307,-0.707106781186544));
#8182=DIRECTION('center_axis',(-0.629320391049835,-0.777145961456973,0.));
#8183=DIRECTION('ref_axis',(0.,0.,-1.));
#8184=DIRECTION('center_axis',(0.629320391049835,0.777145961456973,-1.24919306233089E-14));
#8185=DIRECTION('ref_axis',(-0.777145961456973,0.629320391049835,0.));
#8186=DIRECTION('center_axis',(-6.67762316103562E-32,1.,1.54877707075767E-16));
#8187=DIRECTION('ref_axis',(0.707106781186546,0.,-0.707106781186549));
#8188=DIRECTION('center_axis',(-6.66133814775096E-15,1.,0.));
#8189=DIRECTION('ref_axis',(0.,0.,-1.));
#8190=DIRECTION('center_axis',(0.,-1.,0.));
#8191=DIRECTION('ref_axis',(1.,0.,0.));
#8192=DIRECTION('center_axis',(-4.31154572669963E-16,-5.32431555817223E-16,
1.));
#8193=DIRECTION('ref_axis',(0.333806859233772,0.942641491092178,0.));
#8194=DIRECTION('center_axis',(0.,3.52832369780064E-15,-1.));
#8195=DIRECTION('ref_axis',(1.,0.,0.));
#8196=DIRECTION('center_axis',(0.113848384825687,-0.8520887502785,-0.510865253194428));
#8197=DIRECTION('ref_axis',(0.185344714215007,0.523397326749788,-0.831686584756381));
#8198=DIRECTION('center_axis',(0.,0.,1.));
#8199=DIRECTION('ref_axis',(-0.902585284349858,-0.430511096808301,0.));
#8200=DIRECTION('center_axis',(1.42859009721127E-15,0.,1.));
#8201=DIRECTION('ref_axis',(0.,-1.,0.));
#8202=DIRECTION('center_axis',(0.,0.,-1.));
#8203=DIRECTION('ref_axis',(-0.777145961456971,0.629320391049837,0.));
#8204=DIRECTION('center_axis',(0.172369690474825,-0.959736517274826,0.221798348088532));
#8205=DIRECTION('ref_axis',(-0.588922856454379,-0.28090179317546,-0.757802119115819));
#8206=DIRECTION('center_axis',(-0.816496580927725,-0.408248290463864,-0.408248290463864));
#8207=DIRECTION('ref_axis',(0.577350269189625,-0.577350269189626,-0.577350269189626));
#8208=DIRECTION('center_axis',(0.,0.,-1.));
#8209=DIRECTION('ref_axis',(-0.333806859233749,0.942641491092186,0.));
#8210=DIRECTION('center_axis',(2.22044604925032E-15,-2.74202251245873E-15,
-1.));
#8211=DIRECTION('ref_axis',(0.777145961456973,0.629320391049835,0.));
#8212=DIRECTION('center_axis',(0.629320391049837,-0.777145961456971,0.));
#8213=DIRECTION('ref_axis',(0.549525179317962,0.444996716050311,0.707106781186548));
#8214=DIRECTION('center_axis',(0.629320391049831,-0.777145961456976,0.));
#8215=DIRECTION('ref_axis',(0.,0.,1.));
#8216=DIRECTION('center_axis',(-0.629320390843887,0.777145961623746,0.));
#8217=DIRECTION('ref_axis',(0.,0.,1.));
#8218=DIRECTION('center_axis',(0.,0.,-1.));
#8219=DIRECTION('ref_axis',(-1.,0.,0.));
#8220=DIRECTION('center_axis',(-0.629320391049838,-0.777145961456971,0.));
#8221=DIRECTION('ref_axis',(0.,0.,1.));
#8222=DIRECTION('center_axis',(0.629320391049837,0.777145961456971,0.));
#8223=DIRECTION('ref_axis',(-0.549525179317961,0.444996716050313,0.707106781186547));
#8224=DIRECTION('center_axis',(-0.629320391049838,-0.777145961456971,1.42175413031169E-14));
#8225=DIRECTION('ref_axis',(-0.777145961456971,0.629320391049838,0.));
#8226=DIRECTION('center_axis',(0.172369690474809,-0.959736517274833,-0.221798348088511));
#8227=DIRECTION('ref_axis',(-0.588922856454398,-0.280901793175436,0.757802119115814));
#8228=DIRECTION('center_axis',(0.,-1.,-1.54877707075767E-16));
#8229=DIRECTION('ref_axis',(-0.707106781186546,0.,-0.707106781186549));
#8230=DIRECTION('center_axis',(0.,-1.,0.));
#8231=DIRECTION('ref_axis',(0.,0.,-1.));
#8232=DIRECTION('center_axis',(0.,1.,2.22044604925031E-15));
#8233=DIRECTION('ref_axis',(-1.,0.,0.));
#8234=DIRECTION('center_axis',(-0.629320391049837,0.777145961456971,1.20362584573648E-16));
#8235=DIRECTION('ref_axis',(0.54952517931796,0.444996716050313,-0.707106781186548));
#8236=DIRECTION('center_axis',(-0.629320391049835,0.777145961456973,0.));
#8237=DIRECTION('ref_axis',(0.,0.,-1.));
#8238=DIRECTION('center_axis',(0.629320391049833,-0.777145961456975,-1.72561067980797E-15));
#8239=DIRECTION('ref_axis',(0.777145961456975,0.629320391049833,0.));
#8240=DIRECTION('center_axis',(-0.11384838482568,-0.852088750278502,-0.510865253194426));
#8241=DIRECTION('ref_axis',(-0.185344714215013,0.523397326749785,-0.831686584756382));
#8242=DIRECTION('center_axis',(0.,0.,-1.));
#8243=DIRECTION('ref_axis',(0.902585284349858,-0.430511096808301,0.));
#8244=DIRECTION('center_axis',(-2.85718019442255E-15,0.,-1.));
#8245=DIRECTION('ref_axis',(0.,-1.,0.));
#8246=DIRECTION('center_axis',(8.99040878626919E-16,-1.11022302462516E-15,
1.));
#8247=DIRECTION('ref_axis',(0.777145961456971,0.629320391049837,0.));
#8248=DIRECTION('center_axis',(-0.172369690474825,-0.959736517274826,-0.22179834808853));
#8249=DIRECTION('ref_axis',(0.588922856454384,-0.280901793175457,0.757802119115816));
#8250=DIRECTION('center_axis',(0.,0.,1.));
#8251=DIRECTION('ref_axis',(-0.707106781186546,-0.707106781186549,0.));
#8252=DIRECTION('center_axis',(0.,-2.22044604925031E-15,-1.));
#8253=DIRECTION('ref_axis',(-1.,0.,0.));
#8254=DIRECTION('center_axis',(-1.,0.,0.));
#8255=DIRECTION('ref_axis',(0.,-0.707106781186548,-0.707106781186548));
#8256=DIRECTION('center_axis',(-1.,0.,0.));
#8257=DIRECTION('ref_axis',(0.,-1.,0.));
#8258=DIRECTION('center_axis',(1.,8.88178419700125E-15,0.));
#8259=DIRECTION('ref_axis',(0.,0.,-1.));
#8260=DIRECTION('center_axis',(0.40824829046386,-0.816496580927727,0.408248290463865));
#8261=DIRECTION('ref_axis',(-0.577350269189623,-0.577350269189626,-0.577350269189628));
#8262=DIRECTION('center_axis',(-0.17236969047483,-0.959736517274827,0.221798348088523));
#8263=DIRECTION('ref_axis',(0.588922856454397,-0.280901793175454,-0.757802119115807));
#8264=DIRECTION('center_axis',(1.,-1.73591809861554E-15,0.));
#8265=DIRECTION('ref_axis',(-1.73591809861554E-15,-1.,0.));
#8266=DIRECTION('center_axis',(0.,0.,-1.));
#8267=DIRECTION('ref_axis',(1.,0.,0.));
#8268=DIRECTION('',(0.,0.,-1.));
#8269=DIRECTION('center_axis',(0.,0.,-1.));
#8270=DIRECTION('ref_axis',(1.,0.,0.));
#8271=DIRECTION('',(0.,0.,-1.));
#8272=DIRECTION('axis',(0.,0.,1.));
#8273=DIRECTION('refdir',(1.,0.,0.));
#8274=DIRECTION('axis',(0.,0.,1.));
#8275=DIRECTION('refdir',(1.,0.,0.));
#8276=DIRECTION('axis',(0.,0.,1.));
#8277=DIRECTION('refdir',(1.,0.,0.));
#8278=DIRECTION('center_axis',(-1.,0.,0.));
#8279=DIRECTION('ref_axis',(0.,-1.,4.44089209850063E-17));
#8280=DIRECTION('center_axis',(1.,0.,0.));
#8281=DIRECTION('ref_axis',(0.,-1.,1.94289029309402E-16));
#8282=DIRECTION('center_axis',(-1.,0.,0.));
#8283=DIRECTION('ref_axis',(0.,0.,-1.));
#8284=DIRECTION('center_axis',(0.,0.,1.));
#8285=DIRECTION('ref_axis',(0.,-1.,0.));
#8286=DIRECTION('',(0.,1.,0.));
#8287=DIRECTION('',(1.,0.,0.));
#8288=DIRECTION('',(0.,-1.,0.));
#8289=DIRECTION('',(0.,-1.,0.));
#8290=DIRECTION('',(0.,1.,0.));
#8291=DIRECTION('center_axis',(1.,0.,0.));
#8292=DIRECTION('ref_axis',(0.,-1.,-4.44089209850063E-17));
#8293=DIRECTION('center_axis',(-1.,0.,0.));
#8294=DIRECTION('ref_axis',(0.,-1.,-5.55111512312578E-17));
#8295=DIRECTION('center_axis',(1.,0.,0.));
#8296=DIRECTION('ref_axis',(0.,0.,-1.));
#8297=DIRECTION('center_axis',(-1.,0.,0.));
#8298=DIRECTION('ref_axis',(0.,0.,1.));
#8299=DIRECTION('center_axis',(1.,0.,0.));
#8300=DIRECTION('ref_axis',(0.,-8.39864756286768E-18,-1.));
#8301=DIRECTION('',(0.,-1.,0.));
#8302=DIRECTION('center_axis',(1.,0.,0.));
#8303=DIRECTION('ref_axis',(0.,0.,-1.));
#8304=DIRECTION('',(0.,1.,0.));
#8305=DIRECTION('center_axis',(1.,0.,0.));
#8306=DIRECTION('ref_axis',(0.,1.,-1.75298372309235E-16));
#8307=DIRECTION('center_axis',(1.,0.,0.));
#8308=DIRECTION('ref_axis',(0.,-1.,-6.66133814775094E-17));
#8309=DIRECTION('center_axis',(0.,0.,-1.));
#8310=DIRECTION('ref_axis',(0.,1.,0.));
#8311=DIRECTION('',(0.,1.,0.));
#8312=DIRECTION('',(1.,0.,0.));
#8313=DIRECTION('',(0.,-1.,0.));
#8314=DIRECTION('center_axis',(1.,0.,0.));
#8315=DIRECTION('ref_axis',(0.,0.,-1.));
#8316=DIRECTION('',(0.,0.,1.));
#8317=DIRECTION('center_axis',(1.,0.,0.));
#8318=DIRECTION('ref_axis',(0.,0.,-1.));
#8319=DIRECTION('',(0.,0.,-1.));
#8320=DIRECTION('center_axis',(0.,1.,0.));
#8321=DIRECTION('ref_axis',(0.,0.,1.));
#8322=DIRECTION('axis',(0.,0.,1.));
#8323=DIRECTION('refdir',(1.,0.,0.));
#8324=DIRECTION('center_axis',(0.995881274837768,-0.0906668981905898,0.));
#8325=DIRECTION('ref_axis',(0.0906668981905898,0.995881274837768,0.));
#8326=DIRECTION('',(-0.0906668981905898,-0.995881274837768,0.));
#8327=DIRECTION('',(0.,0.,1.));
#8328=DIRECTION('',(0.0906668981905898,0.995881274837768,0.));
#8329=DIRECTION('',(0.,0.,1.));
#8330=DIRECTION('center_axis',(0.996282002564823,-0.0861520247320159,0.));
#8331=DIRECTION('ref_axis',(0.0861520247320159,0.996282002564823,0.));
#8332=DIRECTION('',(0.,0.,-1.));
#8333=DIRECTION('',(0.0861520247320159,0.996282002564823,0.));
#8334=DIRECTION('',(-0.0861520247320159,-0.996282002564823,0.));
#8335=DIRECTION('center_axis',(0.,0.,1.));
#8336=DIRECTION('ref_axis',(1.,0.,0.));
#8337=DIRECTION('center_axis',(0.,0.,1.));
#8338=DIRECTION('ref_axis',(1.,0.,0.));
#8339=DIRECTION('center_axis',(0.,0.,-1.));
#8340=DIRECTION('ref_axis',(1.,0.,0.));
#8341=DIRECTION('center_axis',(0.,0.,1.));
#8342=DIRECTION('ref_axis',(1.,0.,0.));
#8343=DIRECTION('',(0.,0.,-1.));
#8344=DIRECTION('center_axis',(0.,0.,-1.));
#8345=DIRECTION('ref_axis',(1.,0.,0.));
#8346=DIRECTION('center_axis',(0.,0.,1.));
#8347=DIRECTION('ref_axis',(1.,0.,0.));
#8348=DIRECTION('',(0.,0.,-1.));
#8349=DIRECTION('center_axis',(0.,0.,-1.));
#8350=DIRECTION('ref_axis',(1.,0.,0.));
#8351=DIRECTION('center_axis',(0.,0.,1.));
#8352=DIRECTION('ref_axis',(1.,0.,0.));
#8353=DIRECTION('',(1.,0.,0.));
#8354=DIRECTION('',(0.0582534035623274,-0.99830182859364,0.));
#8355=DIRECTION('',(1.,1.43254583822601E-16,0.));
#8356=DIRECTION('',(0.,-1.,0.));
#8357=DIRECTION('',(-1.,0.,0.));
#8358=DIRECTION('',(0.,-1.,0.));
#8359=DIRECTION('',(1.,1.43254583822601E-16,0.));
#8360=DIRECTION('center_axis',(0.,0.,-1.));
#8361=DIRECTION('ref_axis',(1.,0.,0.));
#8362=DIRECTION('center_axis',(0.,0.,-1.));
#8363=DIRECTION('ref_axis',(1.,0.,0.));
#8364=DIRECTION('center_axis',(0.,0.,-1.));
#8365=DIRECTION('ref_axis',(1.,0.,0.));
#8366=DIRECTION('center_axis',(0.,0.,-1.));
#8367=DIRECTION('ref_axis',(1.,0.,0.));
#8368=DIRECTION('center_axis',(0.,0.,1.));
#8369=DIRECTION('ref_axis',(1.,0.,0.));
#8370=DIRECTION('center_axis',(0.,0.,1.));
#8371=DIRECTION('ref_axis',(1.,0.,0.));
#8372=DIRECTION('center_axis',(0.,0.,-1.));
#8373=DIRECTION('ref_axis',(1.,0.,0.));
#8374=DIRECTION('center_axis',(0.,0.,1.));
#8375=DIRECTION('ref_axis',(1.,0.,0.));
#8376=DIRECTION('',(0.,0.,-1.));
#8377=DIRECTION('center_axis',(0.,0.,1.));
#8378=DIRECTION('ref_axis',(1.,0.,0.));
#8379=DIRECTION('',(0.,0.,-1.));
#8380=DIRECTION('center_axis',(0.,0.,-1.));
#8381=DIRECTION('ref_axis',(1.,0.,0.));
#8382=DIRECTION('center_axis',(1.43254583822601E-16,-1.,0.));
#8383=DIRECTION('ref_axis',(1.,1.43254583822601E-16,0.));
#8384=DIRECTION('',(0.,0.,1.));
#8385=DIRECTION('',(0.,0.,1.));
#8386=DIRECTION('',(-1.,-1.43254583822601E-16,0.));
#8387=DIRECTION('center_axis',(1.43254583822601E-16,-1.,0.));
#8388=DIRECTION('ref_axis',(1.,1.43254583822601E-16,0.));
#8389=DIRECTION('',(0.,0.,-1.));
#8390=DIRECTION('',(-1.,-1.43254583822601E-16,0.));
#8391=DIRECTION('center_axis',(0.,-1.,0.));
#8392=DIRECTION('ref_axis',(0.,0.,-1.));
#8393=DIRECTION('',(0.,0.,-1.));
#8394=DIRECTION('',(1.,0.,0.));
#8395=DIRECTION('',(0.,0.,1.));
#8396=DIRECTION('center_axis',(-1.,0.,0.));
#8397=DIRECTION('ref_axis',(0.,0.,-1.));
#8398=DIRECTION('',(0.,-1.,0.));
#8399=DIRECTION('center_axis',(1.,0.,0.));
#8400=DIRECTION('ref_axis',(0.,0.,1.));
#8401=DIRECTION('',(0.,-1.,0.));
#8402=DIRECTION('center_axis',(0.,0.,-1.));
#8403=DIRECTION('ref_axis',(1.,0.,0.));
#8404=DIRECTION('',(0.,0.,-1.));
#8405=DIRECTION('center_axis',(0.,0.,1.));
#8406=DIRECTION('ref_axis',(1.,0.,0.));
#8407=DIRECTION('center_axis',(0.,0.,-1.));
#8408=DIRECTION('ref_axis',(1.,0.,0.));
#8409=DIRECTION('',(0.,0.,-1.));
#8410=DIRECTION('center_axis',(0.,0.,1.));
#8411=DIRECTION('ref_axis',(1.,0.,0.));
#8412=DIRECTION('center_axis',(0.,0.,-1.));
#8413=DIRECTION('ref_axis',(1.,0.,0.));
#8414=DIRECTION('',(0.,0.,-1.));
#8415=DIRECTION('center_axis',(0.,0.,1.));
#8416=DIRECTION('ref_axis',(1.,0.,0.));
#8417=DIRECTION('center_axis',(0.,0.,1.));
#8418=DIRECTION('ref_axis',(1.,0.,0.));
#8419=DIRECTION('',(-1.,0.,0.));
#8420=DIRECTION('',(0.0582534035623274,-0.99830182859364,0.));
#8421=DIRECTION('center_axis',(-0.99830182859364,-0.0582534035623274,0.));
#8422=DIRECTION('ref_axis',(0.0582534035623274,-0.99830182859364,0.));
#8423=DIRECTION('',(0.,0.,1.));
#8424=DIRECTION('center_axis',(0.,1.,0.));
#8425=DIRECTION('ref_axis',(0.,0.,1.));
#8426=DIRECTION('',(1.23259516440783E-32,0.,1.));
#8427=DIRECTION('',(1.,-3.74911449308007E-33,-1.23259516440783E-32));
#8428=DIRECTION('',(1.23259516440783E-32,0.,1.));
#8429=DIRECTION('',(1.,-3.74911449308007E-33,-1.23259516440783E-32));
#8430=DIRECTION('',(1.23259516440783E-32,0.,1.));
#8431=DIRECTION('',(1.,-3.74911449308007E-33,-1.23259516440783E-32));
#8432=DIRECTION('axis',(0.,0.,1.));
#8433=DIRECTION('refdir',(1.,0.,0.));
#8434=DIRECTION('center_axis',(0.,7.06684096237994E-33,1.));
#8435=DIRECTION('ref_axis',(1.57257614846555E-16,-1.,7.06684096237994E-33));
#8436=DIRECTION('',(1.57257614846555E-16,-1.,7.06684096237994E-33));
#8437=DIRECTION('',(1.,0.,0.));
#8438=DIRECTION('',(1.57257614846555E-16,-1.,7.06684096237994E-33));
#8439=DIRECTION('',(1.,0.,0.));
#8440=DIRECTION('center_axis',(0.,1.,0.));
#8441=DIRECTION('ref_axis',(-4.49379889760853E-17,0.,1.));
#8442=DIRECTION('',(-4.49379889760853E-17,0.,1.));
#8443=DIRECTION('',(-4.49379889760853E-17,0.,1.));
#8444=DIRECTION('',(1.,0.,0.));
#8445=DIRECTION('center_axis',(0.,0.224021513213747,-0.974584199347303));
#8446=DIRECTION('ref_axis',(-1.63327862947701E-16,0.974584199347303,0.224021513213747));
#8447=DIRECTION('',(-1.63327862947701E-16,0.974584199347303,0.224021513213747));
#8448=DIRECTION('',(-1.63327862947701E-16,0.974584199347303,0.224021513213747));
#8449=DIRECTION('',(-1.,1.38704110737015E-15,-1.55685392852226E-17));
#8450=DIRECTION('',(1.,0.,0.));
#8451=DIRECTION('center_axis',(1.,0.,0.));
#8452=DIRECTION('ref_axis',(0.,0.,1.));
#8453=DIRECTION('center_axis',(-1.,1.32580876741279E-15,-1.55685392852226E-17));
#8454=DIRECTION('ref_axis',(1.55685392852226E-17,-1.17504000753078E-32,
-1.));
#8455=DIRECTION('',(1.,0.,0.));
#8456=DIRECTION('center_axis',(1.,1.57257614846555E-16,4.49379889760853E-17));
#8457=DIRECTION('ref_axis',(0.,0.,1.));
#8458=DIRECTION('center_axis',(0.,0.224021513213747,0.974584199347303));
#8459=DIRECTION('ref_axis',(1.43193710365291E-16,-0.974584199347303,0.224021513213747));
#8460=DIRECTION('',(1.43193710365291E-16,-0.974584199347303,0.224021513213747));
#8461=DIRECTION('',(-1.,1.38704110737015E-15,-1.55685392852226E-17));
#8462=DIRECTION('',(1.43193710365291E-16,-0.974584199347303,0.224021513213747));
#8463=DIRECTION('',(1.,0.,0.));
#8464=DIRECTION('center_axis',(0.,1.,0.));
#8465=DIRECTION('ref_axis',(-4.49379889760853E-17,0.,1.));
#8466=DIRECTION('',(-4.49379889760853E-17,0.,1.));
#8467=DIRECTION('',(-4.49379889760853E-17,0.,1.));
#8468=DIRECTION('',(1.,0.,0.));
#8469=DIRECTION('center_axis',(0.,-7.06684096237994E-33,-1.));
#8470=DIRECTION('ref_axis',(-1.57257614846555E-16,1.,-7.06684096237994E-33));
#8471=DIRECTION('',(-1.57257614846555E-16,1.,-7.06684096237994E-33));
#8472=DIRECTION('',(-1.57257614846555E-16,1.,-7.06684096237994E-33));
#8473=DIRECTION('',(1.,0.,0.));
#8474=DIRECTION('center_axis',(0.,1.,0.));
#8475=DIRECTION('ref_axis',(-4.49379889760853E-17,0.,1.));
#8476=DIRECTION('',(-4.49379889760853E-17,0.,1.));
#8477=DIRECTION('',(-4.49379889760853E-17,0.,1.));
#8478=DIRECTION('center_axis',(-1.,-1.57257614846555E-16,-4.49379889760853E-17));
#8479=DIRECTION('ref_axis',(-4.49379889760853E-17,9.69174878130861E-49,
1.));
#8480=DIRECTION('center_axis',(-1.,1.50950578728489E-15,-1.55685392852226E-17));
#8481=DIRECTION('ref_axis',(1.55685392852226E-17,-1.17504000753078E-32,
-1.));
#8482=DIRECTION('center_axis',(-1.,1.32580876741279E-15,-1.55685392852226E-17));
#8483=DIRECTION('ref_axis',(1.55685392852226E-17,-1.17504000753078E-32,
-1.));
#8484=DIRECTION('',(-1.,1.50950578728489E-15,-1.55685392852226E-17));
#8485=DIRECTION('center_axis',(-1.,1.66676340213144E-15,-6.05065282613079E-17));
#8486=DIRECTION('ref_axis',(6.05065282613079E-17,-7.95845545036531E-32,
-1.));
#8487=DIRECTION('center_axis',(1.,-1.66676340213144E-15,6.05065282613079E-17));
#8488=DIRECTION('ref_axis',(6.05065282613079E-17,-7.95845545036532E-32,
-1.));
#8489=DIRECTION('center_axis',(-1.,1.50950578728489E-15,-1.55685392852226E-17));
#8490=DIRECTION('ref_axis',(1.55685392852226E-17,-1.17504000753078E-32,
-1.));
#8491=DIRECTION('center_axis',(-1.,1.32580876741279E-15,-1.55685392852226E-17));
#8492=DIRECTION('ref_axis',(1.55685392852226E-17,-1.17504000753078E-32,
-1.));
#8493=DIRECTION('',(-1.,1.50950578728489E-15,-1.55685392852226E-17));
#8494=DIRECTION('center_axis',(-1.,1.66676340213144E-15,-6.05065282613079E-17));
#8495=DIRECTION('ref_axis',(6.05065282613079E-17,-7.95845545036531E-32,
-1.));
#8496=DIRECTION('center_axis',(1.,-1.66676340213144E-15,6.05065282613079E-17));
#8497=DIRECTION('ref_axis',(6.05065282613079E-17,-7.95845545036532E-32,
-1.));
#8498=DIRECTION('center_axis',(-1.,1.50950578728489E-15,-1.55685392852226E-17));
#8499=DIRECTION('ref_axis',(1.55685392852226E-17,-1.17504000753078E-32,
-1.));
#8500=DIRECTION('center_axis',(-1.,1.32580876741279E-15,-1.55685392852226E-17));
#8501=DIRECTION('ref_axis',(1.55685392852226E-17,-1.17504000753078E-32,
-1.));
#8502=DIRECTION('',(-1.,1.50950578728489E-15,-1.55685392852226E-17));
#8503=DIRECTION('center_axis',(-1.,1.66676340213144E-15,-6.05065282613079E-17));
#8504=DIRECTION('ref_axis',(6.05065282613079E-17,-7.95845545036531E-32,
-1.));
#8505=DIRECTION('center_axis',(1.,-1.66676340213144E-15,6.05065282613079E-17));
#8506=DIRECTION('ref_axis',(6.05065282613079E-17,-7.95845545036532E-32,
-1.));
#8507=DIRECTION('center_axis',(-1.,1.50950578728489E-15,-1.55685392852226E-17));
#8508=DIRECTION('ref_axis',(1.55685392852226E-17,-1.17504000753078E-32,
-1.));
#8509=DIRECTION('center_axis',(-1.,1.32580876741279E-15,-1.55685392852226E-17));
#8510=DIRECTION('ref_axis',(1.55685392852226E-17,-1.17504000753078E-32,
-1.));
#8511=DIRECTION('',(-1.,1.50950578728489E-15,-1.55685392852226E-17));
#8512=DIRECTION('center_axis',(-1.,1.66676340213144E-15,-6.05065282613079E-17));
#8513=DIRECTION('ref_axis',(6.05065282613079E-17,-7.95845545036531E-32,
-1.));
#8514=DIRECTION('center_axis',(1.,-1.66676340213144E-15,6.05065282613079E-17));
#8515=DIRECTION('ref_axis',(6.05065282613079E-17,-7.95845545036532E-32,
-1.));
#8516=DIRECTION('center_axis',(1.,-8.08470057262368E-16,3.00430800872617E-16));
#8517=DIRECTION('ref_axis',(3.00430800872617E-16,-4.41751632520541E-31,
-1.));
#8518=DIRECTION('center_axis',(-1.,1.32580876741279E-15,-1.55685392852226E-17));
#8519=DIRECTION('ref_axis',(1.55685392852226E-17,-1.17504000753078E-32,
-1.));
#8520=DIRECTION('center_axis',(1.,-1.32580876741279E-15,1.55685392852226E-17));
#8521=DIRECTION('ref_axis',(1.55685392852226E-17,-1.17504000753078E-32,
-1.));
#8522=DIRECTION('center_axis',(-1.,1.32580876741279E-15,-1.55685392852226E-17));
#8523=DIRECTION('ref_axis',(1.55685392852226E-17,-1.17504000753078E-32,
-1.));
#8524=DIRECTION('center_axis',(-1.,1.32580876741279E-15,-1.55685392852226E-17));
#8525=DIRECTION('ref_axis',(1.55685392852226E-17,-1.17504000753078E-32,
-1.));
#8526=DIRECTION('center_axis',(1.,-1.32580876741279E-15,1.55685392852226E-17));
#8527=DIRECTION('ref_axis',(1.55685392852226E-17,-1.17504000753078E-32,
-1.));
#8528=DIRECTION('center_axis',(-1.,1.38704110737015E-15,-1.55685392852226E-17));
#8529=DIRECTION('ref_axis',(1.55685392852226E-17,-1.17504000753078E-32,
-1.));
#8530=DIRECTION('',(1.,-1.38704110737015E-15,1.55685392852226E-17));
#8531=DIRECTION('center_axis',(-1.,1.38704110737015E-15,-1.55685392852226E-17));
#8532=DIRECTION('ref_axis',(-1.38704110737015E-15,-1.,-7.04481399828022E-16));
#8533=DIRECTION('axis',(0.,0.,1.));
#8534=DIRECTION('refdir',(1.,0.,0.));
#8535=DIRECTION('center_axis',(0.,7.06684096237994E-33,1.));
#8536=DIRECTION('ref_axis',(1.57257614846555E-16,-1.,7.06684096237994E-33));
#8537=DIRECTION('',(1.57257614846555E-16,-1.,7.06684096237994E-33));
#8538=DIRECTION('',(1.,0.,0.));
#8539=DIRECTION('',(1.57257614846555E-16,-1.,7.06684096237994E-33));
#8540=DIRECTION('',(1.,0.,0.));
#8541=DIRECTION('center_axis',(0.,1.,0.));
#8542=DIRECTION('ref_axis',(-4.49379889760853E-17,0.,1.));
#8543=DIRECTION('',(-4.49379889760853E-17,0.,1.));
#8544=DIRECTION('',(-4.49379889760853E-17,0.,1.));
#8545=DIRECTION('',(1.,0.,0.));
#8546=DIRECTION('center_axis',(0.,0.224021513213747,-0.974584199347303));
#8547=DIRECTION('ref_axis',(-1.63327862947701E-16,0.974584199347303,0.224021513213747));
#8548=DIRECTION('',(-1.63327862947701E-16,0.974584199347303,0.224021513213747));
#8549=DIRECTION('',(-1.63327862947701E-16,0.974584199347303,0.224021513213747));
#8550=DIRECTION('',(-1.,0.,0.));
#8551=DIRECTION('center_axis',(0.,0.224021513213747,0.974584199347303));
#8552=DIRECTION('ref_axis',(1.43193710365291E-16,-0.974584199347303,0.224021513213747));
#8553=DIRECTION('',(1.43193710365291E-16,-0.974584199347303,0.224021513213747));
#8554=DIRECTION('',(-1.,0.,0.));
#8555=DIRECTION('',(1.43193710365291E-16,-0.974584199347303,0.224021513213747));
#8556=DIRECTION('',(1.,0.,0.));
#8557=DIRECTION('center_axis',(0.,1.,0.));
#8558=DIRECTION('ref_axis',(-4.49379889760853E-17,0.,1.));
#8559=DIRECTION('',(-4.49379889760853E-17,0.,1.));
#8560=DIRECTION('',(-4.49379889760853E-17,0.,1.));
#8561=DIRECTION('',(1.,0.,0.));
#8562=DIRECTION('center_axis',(0.,-7.06684096237994E-33,-1.));
#8563=DIRECTION('ref_axis',(-1.57257614846555E-16,1.,-7.06684096237994E-33));
#8564=DIRECTION('',(-1.57257614846555E-16,1.,-7.06684096237994E-33));
#8565=DIRECTION('',(-1.57257614846555E-16,1.,-7.06684096237994E-33));
#8566=DIRECTION('',(1.,0.,0.));
#8567=DIRECTION('center_axis',(0.,1.,0.));
#8568=DIRECTION('ref_axis',(-4.49379889760853E-17,0.,1.));
#8569=DIRECTION('',(-4.49379889760853E-17,0.,1.));
#8570=DIRECTION('',(-4.49379889760853E-17,0.,1.));
#8571=DIRECTION('center_axis',(-1.,-1.57257614846555E-16,-4.49379889760853E-17));
#8572=DIRECTION('ref_axis',(-4.49379889760853E-17,9.69174878130861E-49,
1.));
#8573=DIRECTION('center_axis',(1.,1.57257614846555E-16,4.49379889760853E-17));
#8574=DIRECTION('ref_axis',(0.,0.,1.));
#8575=DIRECTION('center_axis',(-1.,-1.57257614846555E-16,-4.49379889760853E-17));
#8576=DIRECTION('ref_axis',(-4.49379889760853E-17,9.69174878130861E-49,
1.));
#8577=DIRECTION('center_axis',(-1.,6.12323399573677E-17,0.));
#8578=DIRECTION('ref_axis',(0.,0.,1.));
#8579=DIRECTION('center_axis',(-1.,5.78571050107785E-16,2.84862261587394E-16));
#8580=DIRECTION('ref_axis',(2.84862261587394E-16,0.,1.));
#8581=DIRECTION('center_axis',(1.,-5.78571050107785E-16,-2.84862261587394E-16));
#8582=DIRECTION('ref_axis',(0.,0.,1.));
#8583=DIRECTION('center_axis',(-1.,5.78571050107785E-16,2.84862261587394E-16));
#8584=DIRECTION('ref_axis',(2.84862261587394E-16,0.,1.));
#8585=DIRECTION('center_axis',(1.,-6.12323399573677E-17,0.));
#8586=DIRECTION('ref_axis',(0.,0.,1.));
#8587=DIRECTION('center_axis',(-1.,0.,0.));
#8588=DIRECTION('ref_axis',(0.,0.,1.));
#8589=DIRECTION('',(-0.422618261740699,-1.10990693043675E-16,-0.90630778703665));
#8590=DIRECTION('center_axis',(1.,0.,0.));
#8591=DIRECTION('ref_axis',(0.,0.,1.));
#8592=DIRECTION('center_axis',(1.,0.,0.));
#8593=DIRECTION('ref_axis',(0.,0.,1.));
#8594=DIRECTION('',(0.422618261740699,-1.10990693043675E-16,-0.90630778703665));
#8595=DIRECTION('center_axis',(-1.,6.12323399573677E-17,0.));
#8596=DIRECTION('ref_axis',(0.,0.,1.));
#8597=DIRECTION('center_axis',(-1.,6.12323399573677E-17,0.));
#8598=DIRECTION('ref_axis',(0.,0.,1.));
#8599=DIRECTION('center_axis',(-1.,6.12323399573676E-17,-4.47233081396884E-34));
#8600=DIRECTION('ref_axis',(-4.47233081396884E-34,2.73851280802751E-50,
1.));
#8601=DIRECTION('center_axis',(-1.,6.12323399573676E-17,-4.47233081396884E-34));
#8602=DIRECTION('ref_axis',(0.,0.,1.));
#8603=DIRECTION('center_axis',(1.,-6.12323399573676E-17,4.47233081396884E-34));
#8604=DIRECTION('ref_axis',(0.,0.,1.));
#8605=DIRECTION('center_axis',(-1.,0.,0.));
#8606=DIRECTION('ref_axis',(0.,0.,1.));
#8607=DIRECTION('',(1.,0.,0.));
#8608=DIRECTION('center_axis',(-1.,0.,0.));
#8609=DIRECTION('ref_axis',(0.,0.,1.));
#8610=DIRECTION('',(1.,0.,0.));
#8611=DIRECTION('axis',(0.,0.,1.));
#8612=DIRECTION('refdir',(1.,0.,0.));
#8613=DIRECTION('center_axis',(0.,7.06684096237994E-33,1.));
#8614=DIRECTION('ref_axis',(1.57257614846555E-16,-1.,7.06684096237994E-33));
#8615=DIRECTION('',(1.57257614846555E-16,-1.,7.06684096237994E-33));
#8616=DIRECTION('',(1.,0.,0.));
#8617=DIRECTION('',(1.57257614846555E-16,-1.,7.06684096237994E-33));
#8618=DIRECTION('',(1.,0.,0.));
#8619=DIRECTION('center_axis',(0.,1.,0.));
#8620=DIRECTION('ref_axis',(-4.49379889760853E-17,0.,1.));
#8621=DIRECTION('',(-4.49379889760853E-17,0.,1.));
#8622=DIRECTION('',(-4.49379889760853E-17,0.,1.));
#8623=DIRECTION('',(1.,0.,0.));
#8624=DIRECTION('center_axis',(0.,0.224021513213747,-0.974584199347303));
#8625=DIRECTION('ref_axis',(-1.63327862947701E-16,0.974584199347303,0.224021513213747));
#8626=DIRECTION('',(-1.63327862947701E-16,0.974584199347303,0.224021513213747));
#8627=DIRECTION('',(-1.63327862947701E-16,0.974584199347303,0.224021513213747));
#8628=DIRECTION('',(1.,-1.22464679914735E-16,0.));
#8629=DIRECTION('',(1.,0.,0.));
#8630=DIRECTION('center_axis',(1.,0.,0.));
#8631=DIRECTION('ref_axis',(0.,0.,1.));
#8632=DIRECTION('center_axis',(1.,-1.83697019872103E-16,-4.47233081396884E-34));
#8633=DIRECTION('ref_axis',(0.,0.,1.));
#8634=DIRECTION('',(1.,0.,0.));
#8635=DIRECTION('center_axis',(-1.,-1.57257614846555E-16,-4.49379889760853E-17));
#8636=DIRECTION('ref_axis',(-4.49379889760853E-17,0.,1.));
#8637=DIRECTION('center_axis',(0.,0.224021513213747,0.974584199347303));
#8638=DIRECTION('ref_axis',(1.43193710365291E-16,-0.974584199347303,0.224021513213747));
#8639=DIRECTION('',(1.43193710365291E-16,-0.974584199347303,0.224021513213747));
#8640=DIRECTION('',(1.,-1.22464679914735E-16,0.));
#8641=DIRECTION('',(1.43193710365291E-16,-0.974584199347303,0.224021513213747));
#8642=DIRECTION('',(1.,0.,0.));
#8643=DIRECTION('center_axis',(0.,1.,0.));
#8644=DIRECTION('ref_axis',(-4.49379889760853E-17,0.,1.));
#8645=DIRECTION('',(-4.49379889760853E-17,0.,1.));
#8646=DIRECTION('',(-4.49379889760853E-17,0.,1.));
#8647=DIRECTION('',(1.,0.,0.));
#8648=DIRECTION('center_axis',(0.,-7.06684096237994E-33,-1.));
#8649=DIRECTION('ref_axis',(-1.57257614846555E-16,1.,-7.06684096237994E-33));
#8650=DIRECTION('',(-1.57257614846555E-16,1.,-7.06684096237994E-33));
#8651=DIRECTION('',(-1.57257614846555E-16,1.,-7.06684096237994E-33));
#8652=DIRECTION('',(1.,0.,0.));
#8653=DIRECTION('center_axis',(0.,1.,0.));
#8654=DIRECTION('ref_axis',(-4.49379889760853E-17,0.,1.));
#8655=DIRECTION('',(-4.49379889760853E-17,0.,1.));
#8656=DIRECTION('',(-4.49379889760853E-17,0.,1.));
#8657=DIRECTION('center_axis',(-1.,-1.57257614846555E-16,-4.49379889760853E-17));
#8658=DIRECTION('ref_axis',(-4.49379889760853E-17,9.69174878130861E-49,
1.));
#8659=DIRECTION('center_axis',(1.,-1.83697019872103E-16,0.));
#8660=DIRECTION('ref_axis',(0.,0.,1.));
#8661=DIRECTION('center_axis',(-1.,-1.57257614846555E-16,-4.49379889760853E-17));
#8662=DIRECTION('ref_axis',(-4.49379889760853E-17,9.69174878130861E-49,
1.));
#8663=DIRECTION('center_axis',(1.,-1.22464679914735E-16,0.));
#8664=DIRECTION('ref_axis',(-1.22464679914735E-16,-1.,-1.49307989451785E-15));
#8665=DIRECTION('center_axis',(1.,-1.83697019872103E-16,-4.47233081396884E-34));
#8666=DIRECTION('ref_axis',(0.,0.,1.));
#8667=DIRECTION('center_axis',(1.,-1.83697019872103E-16,0.));
#8668=DIRECTION('ref_axis',(0.,0.,1.));
#8669=DIRECTION('center_axis',(1.,-1.83697019872103E-16,0.));
#8670=DIRECTION('ref_axis',(0.,0.,1.));
#8671=DIRECTION('center_axis',(1.,-7.01035730022521E-16,2.84862261587394E-16));
#8672=DIRECTION('ref_axis',(-2.84862261587394E-16,3.48855656850878E-32,
1.));
#8673=DIRECTION('center_axis',(-1.,7.01035730022521E-16,-2.84862261587394E-16));
#8674=DIRECTION('ref_axis',(0.,0.,1.));
#8675=DIRECTION('center_axis',(1.,-7.01035730022521E-16,2.84862261587394E-16));
#8676=DIRECTION('ref_axis',(-2.84862261587394E-16,3.48855656850878E-32,
1.));
#8677=DIRECTION('center_axis',(-1.,1.83697019872103E-16,0.));
#8678=DIRECTION('ref_axis',(0.,0.,1.));
#8679=DIRECTION('center_axis',(1.,-1.22464679914735E-16,0.));
#8680=DIRECTION('ref_axis',(0.,0.,1.));
#8681=DIRECTION('',(0.422618261740699,5.92348828934789E-17,-0.90630778703665));
#8682=DIRECTION('center_axis',(-1.,1.22464679914735E-16,0.));
#8683=DIRECTION('ref_axis',(0.,0.,1.));
#8684=DIRECTION('center_axis',(-1.,1.22464679914735E-16,0.));
#8685=DIRECTION('ref_axis',(0.,0.,1.));
#8686=DIRECTION('',(-0.422618261740699,1.62746503193872E-16,-0.90630778703665));
#8687=DIRECTION('center_axis',(1.,-1.83697019872103E-16,-4.47233081396884E-34));
#8688=DIRECTION('ref_axis',(4.47233081396884E-34,-8.21553842408253E-50,
1.));
#8689=DIRECTION('center_axis',(-1.,1.83697019872103E-16,4.47233081396884E-34));
#8690=DIRECTION('ref_axis',(0.,0.,1.));
#8691=DIRECTION('center_axis',(1.,-1.22464679914735E-16,0.));
#8692=DIRECTION('ref_axis',(0.,0.,1.));
#8693=DIRECTION('',(-1.,1.22464679914735E-16,0.));
#8694=DIRECTION('axis',(0.,0.,1.));
#8695=DIRECTION('refdir',(1.,0.,0.));
#8696=DIRECTION('center_axis',(1.,0.,0.));
#8697=DIRECTION('ref_axis',(0.,0.,1.));
#8698=DIRECTION('center_axis',(1.,-1.83697019872103E-16,0.));
#8699=DIRECTION('ref_axis',(0.,0.,1.));
#8700=DIRECTION('',(1.,0.,0.));
#8701=DIRECTION('center_axis',(-1.,-1.57257614846555E-16,-4.49379889760853E-17));
#8702=DIRECTION('ref_axis',(-4.49379889760853E-17,0.,1.));
#8703=DIRECTION('',(1.,0.,0.));
#8704=DIRECTION('center_axis',(0.,7.06684096237994E-33,1.));
#8705=DIRECTION('ref_axis',(1.57257614846555E-16,-1.,7.06684096237994E-33));
#8706=DIRECTION('',(-1.57257614846555E-16,1.,-7.06684096237994E-33));
#8707=DIRECTION('',(1.,0.,0.));
#8708=DIRECTION('',(1.57257614846555E-16,-1.,7.06684096237994E-33));
#8709=DIRECTION('',(1.,0.,0.));
#8710=DIRECTION('center_axis',(0.,1.,0.));
#8711=DIRECTION('ref_axis',(-4.49379889760853E-17,0.,1.));
#8712=DIRECTION('',(4.49379889760853E-17,0.,-1.));
#8713=DIRECTION('',(-4.49379889760853E-17,0.,1.));
#8714=DIRECTION('',(1.,0.,0.));
#8715=DIRECTION('center_axis',(0.,0.224021513213747,-0.974584199347303));
#8716=DIRECTION('ref_axis',(-1.63327862947701E-16,0.974584199347303,0.224021513213747));
#8717=DIRECTION('',(1.63327862947701E-16,-0.974584199347303,-0.224021513213747));
#8718=DIRECTION('',(-1.63327862947701E-16,0.974584199347303,0.224021513213747));
#8719=DIRECTION('',(1.,-1.22464679914735E-16,0.));
#8720=DIRECTION('center_axis',(0.,0.224021513213747,0.974584199347303));
#8721=DIRECTION('ref_axis',(1.43193710365291E-16,-0.974584199347303,0.224021513213747));
#8722=DIRECTION('',(1.43193710365291E-16,-0.974584199347303,0.224021513213747));
#8723=DIRECTION('',(1.,-1.22464679914735E-16,0.));
#8724=DIRECTION('',(1.43193710365291E-16,-0.974584199347303,0.224021513213747));
#8725=DIRECTION('',(1.,0.,0.));
#8726=DIRECTION('center_axis',(0.,1.,0.));
#8727=DIRECTION('ref_axis',(-4.49379889760853E-17,0.,1.));
#8728=DIRECTION('',(-4.49379889760853E-17,0.,1.));
#8729=DIRECTION('',(-4.49379889760853E-17,0.,1.));
#8730=DIRECTION('',(1.,0.,0.));
#8731=DIRECTION('center_axis',(0.,-7.06684096237994E-33,-1.));
#8732=DIRECTION('ref_axis',(-1.57257614846555E-16,1.,-7.06684096237994E-33));
#8733=DIRECTION('',(-1.57257614846555E-16,1.,-7.06684096237994E-33));
#8734=DIRECTION('',(-1.57257614846555E-16,1.,-7.06684096237994E-33));
#8735=DIRECTION('',(1.,0.,0.));
#8736=DIRECTION('center_axis',(0.,1.,0.));
#8737=DIRECTION('ref_axis',(-4.49379889760853E-17,0.,1.));
#8738=DIRECTION('',(4.49379889760853E-17,0.,-1.));
#8739=DIRECTION('',(-4.49379889760853E-17,0.,1.));
#8740=DIRECTION('center_axis',(-1.,-1.57257614846555E-16,-4.49379889760853E-17));
#8741=DIRECTION('ref_axis',(-4.49379889760853E-17,9.69174878130861E-49,
1.));
#8742=DIRECTION('center_axis',(1.,-1.22464679914735E-16,0.));
#8743=DIRECTION('ref_axis',(-1.22464679914735E-16,-1.,-3.82856869892695E-16));
#8744=DIRECTION('center_axis',(1.,-1.83697019872103E-16,-4.47233081396884E-34));
#8745=DIRECTION('ref_axis',(0.,0.,1.));
#8746=DIRECTION('center_axis',(1.,-1.83697019872103E-16,0.));
#8747=DIRECTION('ref_axis',(0.,0.,1.));
#8748=DIRECTION('center_axis',(1.,0.,0.));
#8749=DIRECTION('ref_axis',(0.,0.,1.));
#8750=DIRECTION('center_axis',(1.,-1.83697019872103E-16,-4.47233081396884E-34));
#8751=DIRECTION('ref_axis',(0.,0.,1.));
#8752=DIRECTION('',(1.,0.,0.));
#8753=DIRECTION('center_axis',(1.,1.57257614846555E-16,4.49379889760853E-17));
#8754=DIRECTION('ref_axis',(-4.49379889760853E-17,0.,1.));
#8755=DIRECTION('center_axis',(-1.,-1.57257614846555E-16,-4.49379889760853E-17));
#8756=DIRECTION('ref_axis',(-4.49379889760853E-17,0.,1.));
#8757=DIRECTION('center_axis',(1.,0.,0.));
#8758=DIRECTION('ref_axis',(0.,0.,1.));
#8759=DIRECTION('center_axis',(1.,-1.83697019872103E-16,-4.47233081396884E-34));
#8760=DIRECTION('ref_axis',(0.,0.,1.));
#8761=DIRECTION('',(1.,0.,0.));
#8762=DIRECTION('center_axis',(1.,1.57257614846555E-16,4.49379889760853E-17));
#8763=DIRECTION('ref_axis',(-4.49379889760853E-17,0.,1.));
#8764=DIRECTION('center_axis',(-1.,-1.57257614846555E-16,-4.49379889760853E-17));
#8765=DIRECTION('ref_axis',(-4.49379889760853E-17,0.,1.));
#8766=DIRECTION('center_axis',(1.,0.,0.));
#8767=DIRECTION('ref_axis',(0.,0.,1.));
#8768=DIRECTION('center_axis',(1.,-1.83697019872103E-16,-4.47233081396884E-34));
#8769=DIRECTION('ref_axis',(0.,0.,1.));
#8770=DIRECTION('',(1.,0.,0.));
#8771=DIRECTION('center_axis',(1.,1.57257614846555E-16,4.49379889760853E-17));
#8772=DIRECTION('ref_axis',(-4.49379889760853E-17,0.,1.));
#8773=DIRECTION('center_axis',(-1.,-1.57257614846555E-16,-4.49379889760853E-17));
#8774=DIRECTION('ref_axis',(-4.49379889760853E-17,0.,1.));
#8775=DIRECTION('center_axis',(1.,0.,0.));
#8776=DIRECTION('ref_axis',(0.,0.,1.));
#8777=DIRECTION('center_axis',(1.,-1.83697019872103E-16,-4.47233081396884E-34));
#8778=DIRECTION('ref_axis',(0.,0.,1.));
#8779=DIRECTION('',(1.,0.,0.));
#8780=DIRECTION('center_axis',(1.,1.57257614846555E-16,4.49379889760853E-17));
#8781=DIRECTION('ref_axis',(-4.49379889760853E-17,0.,1.));
#8782=DIRECTION('center_axis',(-1.,-1.57257614846555E-16,-4.49379889760853E-17));
#8783=DIRECTION('ref_axis',(-4.49379889760853E-17,0.,1.));
#8784=DIRECTION('center_axis',(-1.,7.01035730022521E-16,-2.84862261587394E-16));
#8785=DIRECTION('ref_axis',(-2.84862261587394E-16,0.,1.));
#8786=DIRECTION('center_axis',(-1.,1.83697019872103E-16,0.));
#8787=DIRECTION('ref_axis',(0.,0.,1.));
#8788=DIRECTION('center_axis',(1.,-1.83697019872103E-16,-4.47233081396884E-34));
#8789=DIRECTION('ref_axis',(4.47233081396884E-34,-8.21553842408253E-50,
1.));
#8790=DIRECTION('center_axis',(-1.,1.83697019872103E-16,4.47233081396884E-34));
#8791=DIRECTION('ref_axis',(0.,0.,1.));
#8792=DIRECTION('center_axis',(1.,-1.22464679914735E-16,0.));
#8793=DIRECTION('ref_axis',(0.,0.,1.));
#8794=DIRECTION('',(-1.,1.22464679914735E-16,0.));
#8795=DIRECTION('axis',(0.,0.,1.));
#8796=DIRECTION('refdir',(1.,0.,0.));
#8797=DIRECTION('center_axis',(1.,0.,0.));
#8798=DIRECTION('ref_axis',(0.,0.,1.));
#8799=DIRECTION('center_axis',(1.,-6.12323399573676E-17,0.));
#8800=DIRECTION('ref_axis',(0.,0.,1.));
#8801=DIRECTION('',(-1.,0.,0.));
#8802=DIRECTION('center_axis',(-1.,6.12323399573676E-17,0.));
#8803=DIRECTION('ref_axis',(0.,0.,1.));
#8804=DIRECTION('center_axis',(1.,-5.78571050107785E-16,-2.84862261587394E-16));
#8805=DIRECTION('ref_axis',(2.84862261587394E-16,3.48855656850878E-32,1.));
#8806=DIRECTION('center_axis',(-1.,5.78571050107785E-16,2.84862261587394E-16));
#8807=DIRECTION('ref_axis',(0.,0.,1.));
#8808=DIRECTION('center_axis',(-1.,5.78571050107785E-16,2.84862261587394E-16));
#8809=DIRECTION('ref_axis',(0.,0.,1.));
#8810=DIRECTION('center_axis',(-1.,5.78571050107785E-16,2.84862261587394E-16));
#8811=DIRECTION('ref_axis',(0.,0.,1.));
#8812=DIRECTION('center_axis',(-1.,5.78571050107785E-16,2.84862261587394E-16));
#8813=DIRECTION('ref_axis',(0.,0.,1.));
#8814=DIRECTION('center_axis',(-1.,0.,0.));
#8815=DIRECTION('ref_axis',(0.,0.,1.));
#8816=DIRECTION('',(-1.,0.,0.));
#8817=DIRECTION('center_axis',(-1.,-1.57257614846555E-16,-4.49379889760853E-17));
#8818=DIRECTION('ref_axis',(-4.49379889760853E-17,0.,1.));
#8819=DIRECTION('center_axis',(-1.,-1.57257614846555E-16,-4.49379889760853E-17));
#8820=DIRECTION('ref_axis',(-4.49379889760853E-17,0.,1.));
#8821=DIRECTION('center_axis',(-1.,0.,0.));
#8822=DIRECTION('ref_axis',(0.,0.,1.));
#8823=DIRECTION('',(-1.,0.,0.));
#8824=DIRECTION('center_axis',(-1.,-1.57257614846555E-16,-4.49379889760853E-17));
#8825=DIRECTION('ref_axis',(-4.49379889760853E-17,0.,1.));
#8826=DIRECTION('center_axis',(-1.,-1.57257614846555E-16,-4.49379889760853E-17));
#8827=DIRECTION('ref_axis',(-4.49379889760853E-17,0.,1.));
#8828=DIRECTION('center_axis',(-1.,0.,0.));
#8829=DIRECTION('ref_axis',(0.,0.,1.));
#8830=DIRECTION('',(-1.,0.,0.));
#8831=DIRECTION('center_axis',(-1.,-1.57257614846555E-16,-4.49379889760853E-17));
#8832=DIRECTION('ref_axis',(-4.49379889760853E-17,0.,1.));
#8833=DIRECTION('center_axis',(-1.,-1.57257614846555E-16,-4.49379889760853E-17));
#8834=DIRECTION('ref_axis',(-4.49379889760853E-17,0.,1.));
#8835=DIRECTION('center_axis',(-1.,0.,0.));
#8836=DIRECTION('ref_axis',(0.,0.,1.));
#8837=DIRECTION('',(-1.,0.,0.));
#8838=DIRECTION('center_axis',(-1.,-1.57257614846555E-16,-4.49379889760853E-17));
#8839=DIRECTION('ref_axis',(-4.49379889760853E-17,0.,1.));
#8840=DIRECTION('center_axis',(-1.,-1.57257614846555E-16,-4.49379889760853E-17));
#8841=DIRECTION('ref_axis',(-4.49379889760853E-17,0.,1.));
#8842=DIRECTION('center_axis',(1.,0.,0.));
#8843=DIRECTION('ref_axis',(0.,0.,1.));
#8844=DIRECTION('center_axis',(1.,0.,0.));
#8845=DIRECTION('ref_axis',(0.,0.,1.));
#8846=DIRECTION('',(0.422618261740699,-1.10990693043675E-16,-0.90630778703665));
#8847=DIRECTION('center_axis',(-1.,0.,0.));
#8848=DIRECTION('ref_axis',(0.,0.,1.));
#8849=DIRECTION('center_axis',(1.,-5.78571050107785E-16,-2.84862261587394E-16));
#8850=DIRECTION('ref_axis',(0.,0.,1.));
#8851=DIRECTION('',(-0.422618261740699,-1.10990693043675E-16,-0.90630778703665));
#8852=DIRECTION('center_axis',(-1.,5.78571050107785E-16,2.84862261587394E-16));
#8853=DIRECTION('ref_axis',(2.84862261587394E-16,0.,1.));
#8854=DIRECTION('',(0.,0.,1.));
#8855=DIRECTION('',(1.,0.,0.));
#8856=DIRECTION('',(0.,0.,1.));
#8857=DIRECTION('',(1.,0.,0.));
#8858=DIRECTION('',(0.,0.,1.));
#8859=DIRECTION('',(1.,0.,0.));
#8860=DIRECTION('',(0.,0.,1.));
#8861=DIRECTION('',(1.,0.,0.));
#8862=DIRECTION('',(0.,0.,1.));
#8863=DIRECTION('',(1.,0.,0.));
#8864=DIRECTION('',(0.,0.,1.));
#8865=DIRECTION('',(1.,0.,0.));
#8866=DIRECTION('',(0.,0.,1.));
#8867=DIRECTION('',(1.,0.,0.));
#8868=DIRECTION('',(0.,0.,1.));
#8869=DIRECTION('',(1.,0.,0.));
#8870=DIRECTION('',(0.,0.,1.));
#8871=DIRECTION('',(1.,0.,0.));
#8872=DIRECTION('',(-6.98668034369434E-17,-2.18441519372227E-14,1.));
#8873=DIRECTION('',(1.,-5.89805981832115E-17,6.98668034369422E-17));
#8874=DIRECTION('',(0.,0.,1.));
#8875=DIRECTION('',(1.,0.,0.));
#8876=DIRECTION('',(-6.98668034369436E-17,-2.16460874597405E-14,1.));
#8877=DIRECTION('',(1.,-5.72458747072331E-17,6.98668034369423E-17));
#8878=DIRECTION('',(0.,0.,1.));
#8879=DIRECTION('',(1.,0.,0.));
#8880=DIRECTION('',(0.,0.,1.));
#8881=DIRECTION('',(1.,0.,0.));
#8882=DIRECTION('',(0.,0.,1.));
#8883=DIRECTION('',(1.,0.,0.));
#8884=DIRECTION('',(0.,0.,1.));
#8885=DIRECTION('',(1.,0.,0.));
#8886=DIRECTION('',(-1.73878889282613E-16,-1.43249289771374E-14,1.));
#8887=DIRECTION('',(-1.,-3.59633905145939E-16,-1.73878889282618E-16));
#8888=CARTESIAN_POINT('',(0.,0.,0.));
#8889=CARTESIAN_POINT('',(0.,0.,0.));
#8890=CARTESIAN_POINT('',(0.,0.,0.));
#8891=CARTESIAN_POINT('',(0.,0.,0.));
#8892=CARTESIAN_POINT('',(0.,0.,0.));
#8893=CARTESIAN_POINT('',(0.,0.,0.));
#8894=CARTESIAN_POINT('Origin',(0.,0.,2.10000000000001));
#8895=CARTESIAN_POINT('',(6.7,0.,2.10000000000001));
#8896=CARTESIAN_POINT('',(-6.7,-8.20513355428727E-16,2.10000000000001));
#8897=CARTESIAN_POINT('Origin',(0.,0.,2.10000000000001));
#8898=CARTESIAN_POINT('Origin',(0.,0.,2.10000000000001));
#8899=CARTESIAN_POINT('',(6.4,0.,2.40000000000001));
#8900=CARTESIAN_POINT('',(6.7,-8.20513355428727E-16,2.10000000000001));
#8901=CARTESIAN_POINT('Origin',(0.,0.,2.40000000000001));
#8902=CARTESIAN_POINT('Origin',(0.,0.,6.75539907110854));
#8903=CARTESIAN_POINT('',(-6.7,-8.20513355428727E-16,2.20000000000001));
#8904=CARTESIAN_POINT('',(-6.7,-8.20513355428727E-16,6.75539907110854));
#8905=CARTESIAN_POINT('Origin',(0.,0.,2.20000000000001));
#8906=CARTESIAN_POINT('Origin',(0.,7.,2.20000000000001));
#8907=CARTESIAN_POINT('',(-7.,-8.57252759403147E-16,2.20000000000001));
#8908=CARTESIAN_POINT('Origin',(0.,0.,2.20000000000001));
#8909=CARTESIAN_POINT('Origin',(0.,0.,6.75539907110854));
#8910=CARTESIAN_POINT('',(-7.,-8.57252759403147E-16,2.50000000000001));
#8911=CARTESIAN_POINT('',(-7.,-8.57252759403147E-16,6.75539907110854));
#8912=CARTESIAN_POINT('Origin',(0.,0.,2.50000000000001));
#8913=CARTESIAN_POINT('Origin',(0.,7.,2.50000000000001));
#8914=CARTESIAN_POINT('',(-7.8,-9.55224503334935E-16,2.50000000000001));
#8915=CARTESIAN_POINT('Origin',(0.,0.,2.50000000000001));
#8916=CARTESIAN_POINT('Origin',(0.,0.,2.30000000000001));
#8917=CARTESIAN_POINT('',(-8.,-9.79717439317883E-16,2.30000000000001));
#8918=CARTESIAN_POINT('Origin',(-7.8,-9.55224503334935E-16,2.30000000000001));
#8919=CARTESIAN_POINT('Origin',(0.,0.,2.30000000000001));
#8920=CARTESIAN_POINT('Origin',(0.,0.,6.75539907110854));
#8921=CARTESIAN_POINT('',(-8.,-9.79717439317883E-16,-2.30000000000001));
#8922=CARTESIAN_POINT('',(-8.,-9.79717439317883E-16,6.75539907110854));
#8923=CARTESIAN_POINT('Origin',(0.,0.,-2.30000000000001));
#8924=CARTESIAN_POINT('Origin',(0.,0.,-2.30000000000001));
#8925=CARTESIAN_POINT('',(-7.8,-9.55224503334935E-16,-2.50000000000001));
#8926=CARTESIAN_POINT('Origin',(-7.8,-9.55224503334935E-16,-2.30000000000001));
#8927=CARTESIAN_POINT('Origin',(0.,0.,-2.50000000000001));
#8928=CARTESIAN_POINT('Origin',(0.,7.,-2.50000000000001));
#8929=CARTESIAN_POINT('',(-7.,-8.57252759403147E-16,-2.50000000000001));
#8930=CARTESIAN_POINT('Origin',(0.,0.,-2.50000000000001));
#8931=CARTESIAN_POINT('Origin',(0.,0.,6.75539907110854));
#8932=CARTESIAN_POINT('',(-7.,-8.57252759403147E-16,-2.20000000000001));
#8933=CARTESIAN_POINT('',(-7.,-8.57252759403147E-16,6.75539907110854));
#8934=CARTESIAN_POINT('Origin',(0.,0.,-2.20000000000001));
#8935=CARTESIAN_POINT('Origin',(0.,7.,-2.20000000000001));
#8936=CARTESIAN_POINT('',(-6.7,-8.20513355428726E-16,-2.20000000000001));
#8937=CARTESIAN_POINT('Origin',(0.,0.,-2.20000000000001));
#8938=CARTESIAN_POINT('Origin',(0.,0.,6.75539907110854));
#8939=CARTESIAN_POINT('',(-6.7,-8.20513355428726E-16,-2.10000000000001));
#8940=CARTESIAN_POINT('',(-6.7,-8.20513355428726E-16,6.75539907110854));
#8941=CARTESIAN_POINT('Origin',(0.,0.,-2.10000000000001));
#8942=CARTESIAN_POINT('Origin',(0.,0.,-2.40000000000001));
#8943=CARTESIAN_POINT('',(-6.4,-7.83773951454306E-16,-2.40000000000001));
#8944=CARTESIAN_POINT('',(-6.4,-7.83773951454306E-16,-2.40000000000001));
#8945=CARTESIAN_POINT('Origin',(0.,0.,-2.40000000000001));
#8946=CARTESIAN_POINT('Origin',(0.,6.4,-2.40000000000001));
#8947=CARTESIAN_POINT('',(-5.20290790050683,-6.37172450661417E-16,-2.40000000000001));
#8948=CARTESIAN_POINT('Origin',(0.,0.,-2.40000000000001));
#8949=CARTESIAN_POINT('Origin',(0.,0.,6.75539907110854));
#8950=CARTESIAN_POINT('',(-5.20290790050683,-6.37172450661417E-16,-2.30000000000001));
#8951=CARTESIAN_POINT('',(-5.20290790050683,-6.37172450661417E-16,6.75539907110854));
#8952=CARTESIAN_POINT('Origin',(0.,0.,-2.30000000000001));
#8953=CARTESIAN_POINT('Origin',(0.,5.20290790050683,-2.30000000000001));
#8954=CARTESIAN_POINT('',(-6.35857864376269,-7.7870129832107E-16,-2.30000000000001));
#8955=CARTESIAN_POINT('Origin',(0.,0.,-2.30000000000001));
#8956=CARTESIAN_POINT('Origin',(0.,0.,-1.9585786437627));
#8957=CARTESIAN_POINT('',(-6.7,-8.20513355428726E-16,-1.9585786437627));
#8958=CARTESIAN_POINT('',(-6.7,-8.20513355428726E-16,-1.9585786437627));
#8959=CARTESIAN_POINT('Origin',(0.,0.,-1.9585786437627));
#8960=CARTESIAN_POINT('Origin',(0.,0.,6.75539907110854));
#8961=CARTESIAN_POINT('',(-6.7,-8.20513355428727E-16,-0.714142842854286));
#8962=CARTESIAN_POINT('',(-6.7,-8.20513355428727E-16,6.75539907110854));
#8963=CARTESIAN_POINT('Origin',(0.,0.,-0.714142842854286));
#8964=CARTESIAN_POINT('Origin',(0.,0.,1.13925931405703E-15));
#8965=CARTESIAN_POINT('',(-6.7,-8.20513355428727E-16,0.714142842854286));
#8966=CARTESIAN_POINT('Origin',(-6.,-7.34788079488412E-16,1.13925931405703E-15));
#8967=CARTESIAN_POINT('Origin',(0.,0.,0.714142842854286));
#8968=CARTESIAN_POINT('Origin',(0.,0.,6.75539907110854));
#8969=CARTESIAN_POINT('',(-6.7,-8.20513355428727E-16,1.9585786437627));
#8970=CARTESIAN_POINT('',(-6.7,-8.20513355428727E-16,6.75539907110854));
#8971=CARTESIAN_POINT('',(6.7,0.,1.9585786437627));
#8972=CARTESIAN_POINT('Origin',(0.,0.,1.9585786437627));
#8973=CARTESIAN_POINT('Origin',(0.,0.,1.9585786437627));
#8974=CARTESIAN_POINT('Origin',(0.,0.,2.30000000000001));
#8975=CARTESIAN_POINT('',(6.35857864376269,0.,2.30000000000001));
#8976=CARTESIAN_POINT('Origin',(0.,0.,2.30000000000001));
#8977=CARTESIAN_POINT('',(6.35857864376269,-7.7870129832107E-16,2.30000000000001));
#8978=CARTESIAN_POINT('Origin',(0.,5.20290790050684,2.30000000000001));
#8979=CARTESIAN_POINT('',(-5.20290790050684,-6.37172450661417E-16,2.30000000000001));
#8980=CARTESIAN_POINT('Origin',(0.,0.,2.30000000000001));
#8981=CARTESIAN_POINT('Origin',(0.,0.,6.75539907110854));
#8982=CARTESIAN_POINT('',(-5.20290790050684,-6.37172450661417E-16,2.40000000000001));
#8983=CARTESIAN_POINT('',(-5.20290790050684,-6.37172450661417E-16,6.75539907110854));
#8984=CARTESIAN_POINT('Origin',(0.,0.,2.40000000000001));
#8985=CARTESIAN_POINT('Origin',(0.,6.4,2.40000000000001));
#8986=CARTESIAN_POINT('',(0.,0.,0.));
#8987=CARTESIAN_POINT('Origin',(0.,0.,6.75539907110854));
#8988=CARTESIAN_POINT('',(-4.,-4.89858719658941E-16,-2.5));
#8989=CARTESIAN_POINT('Origin',(0.,0.,-2.5));
#8990=CARTESIAN_POINT('',(-4.,-4.89858719658941E-16,2.5));
#8991=CARTESIAN_POINT('',(-4.,-4.89858719658941E-16,6.75539907110854));
#8992=CARTESIAN_POINT('Origin',(0.,0.,2.5));
#8993=CARTESIAN_POINT('Origin',(0.,5.15,-2.5));
#8994=CARTESIAN_POINT('',(-5.15,-6.30693101560887E-16,-2.5));
#8995=CARTESIAN_POINT('Origin',(0.,0.,-2.5));
#8996=CARTESIAN_POINT('Origin',(0.,0.,6.75539907110854));
#8997=CARTESIAN_POINT('',(-5.15,-6.30693101560887E-16,-2.25000000000001));
#8998=CARTESIAN_POINT('Origin',(0.,0.,-2.25000000000001));
#8999=CARTESIAN_POINT('',(-5.15,-6.30693101560887E-16,6.75539907110854));
#9000=CARTESIAN_POINT('Origin',(0.,5.3,-2.25000000000001));
#9001=CARTESIAN_POINT('',(-5.3,-6.49062803548097E-16,-2.25000000000001));
#9002=CARTESIAN_POINT('Origin',(0.,0.,-2.25000000000001));
#9003=CARTESIAN_POINT('Origin',(0.,0.,6.75539907110854));
#9004=CARTESIAN_POINT('',(-5.3,-6.49062803548097E-16,-0.714142842854286));
#9005=CARTESIAN_POINT('Origin',(0.,0.,-0.714142842854286));
#9006=CARTESIAN_POINT('',(-5.3,-6.49062803548097E-16,6.75539907110854));
#9007=CARTESIAN_POINT('Origin',(0.,0.,1.13925931405703E-15));
#9008=CARTESIAN_POINT('',(-5.3,-6.49062803548097E-16,0.714142842854288));
#9009=CARTESIAN_POINT('Origin',(0.,0.,0.714142842854288));
#9010=CARTESIAN_POINT('Origin',(-6.,-7.34788079488412E-16,1.13925931405703E-15));
#9011=CARTESIAN_POINT('Origin',(0.,0.,6.75539907110854));
#9012=CARTESIAN_POINT('',(-5.3,-6.49062803548097E-16,2.25000000000001));
#9013=CARTESIAN_POINT('Origin',(0.,0.,2.25000000000001));
#9014=CARTESIAN_POINT('',(-5.3,-6.49062803548097E-16,6.75539907110854));
#9015=CARTESIAN_POINT('Origin',(0.,5.3,2.25000000000001));
#9016=CARTESIAN_POINT('',(-5.15,-6.30693101560887E-16,2.25000000000001));
#9017=CARTESIAN_POINT('Origin',(0.,0.,2.25000000000001));
#9018=CARTESIAN_POINT('Origin',(0.,0.,6.75539907110854));
#9019=CARTESIAN_POINT('',(-5.15,-6.30693101560887E-16,2.5));
#9020=CARTESIAN_POINT('Origin',(0.,0.,2.5));
#9021=CARTESIAN_POINT('',(-5.15,-6.30693101560887E-16,6.75539907110854));
#9022=CARTESIAN_POINT('Origin',(0.,5.15,2.5));
#9023=CARTESIAN_POINT('',(-107.00000158929,35.9751811457134,-44.7));
#9024=CARTESIAN_POINT('',(-107.00000158929,35.9751811457134,-44.7));
#9025=CARTESIAN_POINT('',(-107.00000158929,35.9751811457134,-18.5));
#9026=CARTESIAN_POINT('',(-107.00000158929,35.9751811457134,-18.5));
#9027=CARTESIAN_POINT('',(-86.3603227519042,69.9751811457136,-31.6000000000011));
#9028=CARTESIAN_POINT('',(-86.3603227519042,69.9751811457137,-31.6000000000011));
#9029=CARTESIAN_POINT('',(-127.639412265005,69.9751811457136,-31.6000000000011));
#9030=CARTESIAN_POINT('',(-127.639412265005,69.9751811457137,-31.6000000000011));
#9031=CARTESIAN_POINT('',(0.,0.,0.));
#9032=CARTESIAN_POINT('Origin',(-110.00000158929,35.975181149519,-11.));
#9033=CARTESIAN_POINT('',(-111.60000158929,35.975181149519,-47.2));
#9034=CARTESIAN_POINT('Origin',(-110.00000158929,35.975181149519,-47.2));
#9035=CARTESIAN_POINT('',(-111.60000158929,35.975181149519,-52.2));
#9036=CARTESIAN_POINT('',(-111.60000158929,35.975181149519,-11.));
#9037=CARTESIAN_POINT('Origin',(-110.00000158929,35.975181149519,-52.2));
#9038=CARTESIAN_POINT('Origin',(-104.00000158929,35.9751811457133,-11.));
#9039=CARTESIAN_POINT('',(-105.60000158929,35.9751811457133,-47.2));
#9040=CARTESIAN_POINT('Origin',(-104.00000158929,35.9751811457133,-47.2));
#9041=CARTESIAN_POINT('',(-105.60000158929,35.9751811457133,-52.2));
#9042=CARTESIAN_POINT('',(-105.60000158929,35.9751811457133,-11.));
#9043=CARTESIAN_POINT('Origin',(-104.00000158929,35.9751811457133,-52.2));
#9044=CARTESIAN_POINT('Origin',(-127.448001580587,3.00000004352842,0.));
#9045=CARTESIAN_POINT('',(-127.448001580587,3.00000004352842,-42.2));
#9046=CARTESIAN_POINT('',(-86.5520015805875,3.,-42.2));
#9047=CARTESIAN_POINT('',(-126.724001841358,3.00000004198721,-42.2));
#9048=CARTESIAN_POINT('',(-127.448001580587,3.00000004352842,-52.2));
#9049=CARTESIAN_POINT('',(-127.448001586974,3.00000004352842,0.));
#9050=CARTESIAN_POINT('',(-86.5520015805875,3.,-52.2));
#9051=CARTESIAN_POINT('',(-117.224001608248,3.0000000217642,-52.2));
#9052=CARTESIAN_POINT('',(-86.5520015869737,2.99999995647152,0.));
#9053=CARTESIAN_POINT('Origin',(-107.000001586974,25.9875905746566,-52.2));
#9054=CARTESIAN_POINT('',(-127.448001586974,17.2329530455208,-52.2));
#9055=CARTESIAN_POINT('',(-127.448001586974,15.6102718100887,-52.2));
#9056=CARTESIAN_POINT('',(-133.757994744363,17.2329530455208,-52.2));
#9057=CARTESIAN_POINT('',(-124.4056811099,17.2329530455208,-52.2));
#9058=CARTESIAN_POINT('',(-113.994315242402,41.6390646651619,-52.2));
#9059=CARTESIAN_POINT('',(-116.436649680492,38.6230328122581,-52.2));
#9060=CARTESIAN_POINT('',(-100.005687931545,41.6390646651619,-52.2));
#9061=CARTESIAN_POINT('Origin',(-107.00000158929,35.9751811457134,-52.2));
#9062=CARTESIAN_POINT('',(-80.2420084295844,17.2329530455208,-52.2));
#9063=CARTESIAN_POINT('',(-84.3376560218569,22.2906566113877,-52.2));
#9064=CARTESIAN_POINT('',(-86.5520015869737,17.2329530455208,-52.2));
#9065=CARTESIAN_POINT('',(-96.7760015869737,17.2329530455208,-52.2));
#9066=CARTESIAN_POINT('',(-86.5520015869737,10.4937952873283,-52.2));
#9067=CARTESIAN_POINT('',(-119.224001586974,8.00000010156631,-52.2));
#9068=CARTESIAN_POINT('Origin',(-117.224001586974,8.00000010156631,-52.2));
#9069=CARTESIAN_POINT('',(-98.7760015869737,8.00000010156631,-52.2));
#9070=CARTESIAN_POINT('Origin',(-96.7760015869737,8.00000010156631,-52.2));
#9071=CARTESIAN_POINT('Origin',(-127.448001586974,15.2329530455208,0.));
#9072=CARTESIAN_POINT('',(-127.448001586974,15.2329530455208,-42.2));
#9073=CARTESIAN_POINT('',(-127.448001586974,2.61647652276039,-42.2));
#9074=CARTESIAN_POINT('',(-127.448001586974,15.2329530455208,-50.2));
#9075=CARTESIAN_POINT('',(-127.448001586974,15.2329530455208,-26.1));
#9076=CARTESIAN_POINT('Origin',(-127.448001586974,17.2329530455208,-50.2));
#9077=CARTESIAN_POINT('Origin',(-126.000002108514,0.,-42.2));
#9078=CARTESIAN_POINT('',(-86.5520015869737,15.2329530455208,-42.2));
#9079=CARTESIAN_POINT('',(-86.5520015869737,10.2329530455208,-42.2));
#9080=CARTESIAN_POINT('',(-84.0000010654331,15.2329530455208,-42.2));
#9081=CARTESIAN_POINT('',(-116.500001847744,15.2329530455208,-42.2));
#9082=CARTESIAN_POINT('',(-86.0000010654331,17.2329530455208,-42.2));
#9083=CARTESIAN_POINT('Origin',(-84.0000010654331,17.2329530455208,-42.2));
#9084=CARTESIAN_POINT('',(-86.0000010654331,21.87368746581,-42.2));
#9085=CARTESIAN_POINT('',(-86.0000010654331,0.,-42.2));
#9086=CARTESIAN_POINT('',(-85.2586418475328,23.427979388724,-42.2));
#9087=CARTESIAN_POINT('Origin',(-84.0000010654331,21.87368746581,-42.2));
#9088=CARTESIAN_POINT('',(-100.005687931545,41.6390646651619,-42.2));
#9089=CARTESIAN_POINT('',(-81.7451507513859,19.0891792245809,-42.2));
#9090=CARTESIAN_POINT('',(-113.994315242402,41.6390646651619,-42.2));
#9091=CARTESIAN_POINT('Origin',(-107.00000158929,35.9751811457134,-42.2));
#9092=CARTESIAN_POINT('',(-128.741361326415,23.4279793887239,-42.2));
#9093=CARTESIAN_POINT('',(-126.553994094747,26.1291529634083,-42.2));
#9094=CARTESIAN_POINT('',(-128.000002108514,21.8736874658099,-42.2));
#9095=CARTESIAN_POINT('Origin',(-130.000002108514,21.8736874658099,-42.2));
#9096=CARTESIAN_POINT('',(-128.000002108514,17.2329530455208,-42.2));
#9097=CARTESIAN_POINT('',(-128.000002108514,0.,-42.2));
#9098=CARTESIAN_POINT('',(-130.000002108514,15.2329530455208,-42.2));
#9099=CARTESIAN_POINT('Origin',(-130.000002108514,17.2329530455208,-42.2));
#9100=CARTESIAN_POINT('',(-116.500001847744,15.2329530455208,-42.2));
#9101=CARTESIAN_POINT('',(-115.00000158929,35.9751811457134,-42.2));
#9102=CARTESIAN_POINT('Origin',(-107.00000158929,35.9751811457134,-42.2));
#9103=CARTESIAN_POINT('',(-98.7760015869737,8.00000010156631,-42.2));
#9104=CARTESIAN_POINT('Origin',(-96.7760015869737,8.00000010156631,-42.2));
#9105=CARTESIAN_POINT('',(-119.224001586974,8.00000010156631,-42.2));
#9106=CARTESIAN_POINT('Origin',(-117.224001586974,8.00000010156631,-42.2));
#9107=CARTESIAN_POINT('Origin',(-86.5520015869737,5.,0.));
#9108=CARTESIAN_POINT('',(-86.5520015869737,15.2329530455208,-50.2));
#9109=CARTESIAN_POINT('Origin',(-86.5520015869737,17.2329530455208,-50.2));
#9110=CARTESIAN_POINT('',(-86.5520015869737,15.2329530455208,-21.1));
#9111=CARTESIAN_POINT('Origin',(-141.811360632827,15.2329530455208,0.));
#9112=CARTESIAN_POINT('',(-130.000002108514,15.2329530455208,-38.0999999987731));
#9113=CARTESIAN_POINT('',(-130.000002108514,15.2329530455208,-5.49999999999997));
#9114=CARTESIAN_POINT('',(-133.757994744363,15.2329530455208,-38.0999999987731));
#9115=CARTESIAN_POINT('',(-141.90568137067,15.2329530455208,-38.0999999987731));
#9116=CARTESIAN_POINT('',(-133.757994744363,15.2329530455208,-50.2));
#9117=CARTESIAN_POINT('',(-133.757994744363,15.2329530455208,0.));
#9118=CARTESIAN_POINT('',(-124.4056811099,15.2329530455208,-50.2));
#9119=CARTESIAN_POINT('Origin',(-141.811360632827,15.2329530455208,0.));
#9120=CARTESIAN_POINT('',(-80.2420084295844,15.2329530455208,-50.2));
#9121=CARTESIAN_POINT('',(-96.7760015869737,15.2329530455208,-50.2));
#9122=CARTESIAN_POINT('',(-80.2420084295844,15.2329530455208,-38.0999999987731));
#9123=CARTESIAN_POINT('',(-80.2420084295844,15.2329530455208,0.));
#9124=CARTESIAN_POINT('',(-84.0000010654331,15.2329530455208,-38.0999999987731));
#9125=CARTESIAN_POINT('',(-114.276001847744,15.2329530455208,-38.0999999987731));
#9126=CARTESIAN_POINT('',(-84.0000010654331,15.2329530455208,-26.1000000000001));
#9127=CARTESIAN_POINT('Origin',(-86.0000010654331,0.,-52.2000000000002));
#9128=CARTESIAN_POINT('',(-86.0000010654331,21.87368746581,-38.0999999984709));
#9129=CARTESIAN_POINT('',(-86.0000010654331,21.87368746581,-26.1000000000001));
#9130=CARTESIAN_POINT('',(-86.0000010654331,17.2329530455208,-38.0999999987731));
#9131=CARTESIAN_POINT('',(-86.0000010654331,17.2329530455208,-26.1000000000001));
#9132=CARTESIAN_POINT('',(-86.0000010654331,0.499999999987955,-38.0999999998628));
#9133=CARTESIAN_POINT('Origin',(-72.000001065433,10.2329530455208,0.));
#9134=CARTESIAN_POINT('',(-98.4513960086309,42.8977054472616,-50.2));
#9135=CARTESIAN_POINT('',(-78.6877165066704,18.4915938276204,-50.2));
#9136=CARTESIAN_POINT('',(-82.7833640989429,23.5492973934874,-50.2));
#9137=CARTESIAN_POINT('',(-98.4513960086309,42.8977054472616,-44.2));
#9138=CARTESIAN_POINT('',(-98.4513960086309,42.8977054472616,-54.2));
#9139=CARTESIAN_POINT('',(-82.4457091425191,23.1323282479097,-44.2));
#9140=CARTESIAN_POINT('',(-80.1908588284719,20.3478200066806,-44.2));
#9141=CARTESIAN_POINT('',(-82.4457091425191,23.1323282479097,-38.0999999984709));
#9142=CARTESIAN_POINT('',(-82.4457091425191,23.1323282479097,-26.1000000000001));
#9143=CARTESIAN_POINT('',(-78.6877165066704,18.4915938276204,-38.0999999987731));
#9144=CARTESIAN_POINT('',(-83.6037489662097,24.5623883333395,-38.0999999983777));
#9145=CARTESIAN_POINT('',(-78.6877165066704,18.4915938276204,0.));
#9146=CARTESIAN_POINT('Origin',(-107.00000158929,35.9751811457134,-47.2));
#9147=CARTESIAN_POINT('',(-115.00000158929,35.9751811457134,-47.2));
#9148=CARTESIAN_POINT('Origin',(-107.00000158929,35.9751811457134,-47.2));
#9149=CARTESIAN_POINT('Origin',(-107.00000158929,35.9751811457134,-42.2));
#9150=CARTESIAN_POINT('',(-115.00000158929,35.9751811457134,-42.2));
#9151=CARTESIAN_POINT('Origin',(-142.000002108514,1.0000000007639,-36.0999999998302));
#9152=CARTESIAN_POINT('',(-84.0000010654331,17.2329530453905,-36.0999999987731));
#9153=CARTESIAN_POINT('',(-84.0000010654331,21.8736874656798,-36.0999999984708));
#9154=CARTESIAN_POINT('',(-84.0000010654331,0.49999999985771,-36.0999999998628));
#9155=CARTESIAN_POINT('',(-80.2420084295844,17.2329530453905,-36.0999999987731));
#9156=CARTESIAN_POINT('',(-114.276001847744,17.2329530453905,-36.0999999987731));
#9157=CARTESIAN_POINT('',(-85.1580408891236,23.3037475511096,-36.0999999983777));
#9158=CARTESIAN_POINT('Origin',(-142.000002108514,1.0000000007639,-36.0999999998302));
#9159=CARTESIAN_POINT('',(-130.000002108514,17.2329530453905,-36.0999999987731));
#9160=CARTESIAN_POINT('',(-133.757994744363,17.2329530453905,-36.0999999987731));
#9161=CARTESIAN_POINT('',(-141.90568137067,17.2329530453905,-36.0999999987731));
#9162=CARTESIAN_POINT('',(-130.000002108514,21.8736874656797,-36.0999999984708));
#9163=CARTESIAN_POINT('',(-130.000002108514,0.50000000119924,-36.0999999998628));
#9164=CARTESIAN_POINT('',(-129.477810430467,22.5185404840665,-36.0999999984289));
#9165=CARTESIAN_POINT('Origin',(-128.000002108514,0.,-10.9999999999999));
#9166=CARTESIAN_POINT('',(-128.000002108514,21.8736874658099,-38.0999999984709));
#9167=CARTESIAN_POINT('',(-128.000002108514,21.8736874658099,-5.49999999999997));
#9168=CARTESIAN_POINT('',(-128.000002108514,17.2329530455208,-38.0999999987731));
#9169=CARTESIAN_POINT('',(-128.000002108514,0.500000001329485,-38.0999999998628));
#9170=CARTESIAN_POINT('',(-128.000002108514,17.2329530455208,-5.49999999999997));
#9171=CARTESIAN_POINT('Origin',(-115.548607165316,42.8977054472616,0.));
#9172=CARTESIAN_POINT('',(-135.312286667277,18.4915938276204,-50.2));
#9173=CARTESIAN_POINT('',(-115.548607165316,42.8977054472616,-50.2));
#9174=CARTESIAN_POINT('',(-117.990941603405,39.8816735943578,-50.2));
#9175=CARTESIAN_POINT('',(-135.312286667277,18.4915938276204,-38.0999999987731));
#9176=CARTESIAN_POINT('',(-135.312286667277,18.4915938276204,0.));
#9177=CARTESIAN_POINT('',(-131.554294031428,23.1323282479096,-38.0999999984709));
#9178=CARTESIAN_POINT('',(-131.032102353381,23.7771812662964,-38.0999999984289));
#9179=CARTESIAN_POINT('',(-131.554294031428,23.1323282479096,-44.2));
#9180=CARTESIAN_POINT('',(-131.554294031428,23.1323282479096,-5.49999999999997));
#9181=CARTESIAN_POINT('',(-115.548607165316,42.8977054472616,-44.2));
#9182=CARTESIAN_POINT('',(-128.108286017661,27.3877937455079,-44.2));
#9183=CARTESIAN_POINT('',(-115.548607165316,42.8977054472616,0.));
#9184=CARTESIAN_POINT('Origin',(-107.00000158929,35.9751811457134,0.));
#9185=CARTESIAN_POINT('Origin',(-107.00000158929,35.9751811457134,-50.2));
#9186=CARTESIAN_POINT('Origin',(-107.00000158929,35.9751811457134,-44.2));
#9187=CARTESIAN_POINT('Origin',(-96.7760015869737,17.2329530455208,-50.2));
#9188=CARTESIAN_POINT('Origin',(-80.2420084295844,17.2329530455208,-50.2));
#9189=CARTESIAN_POINT('Origin',(-84.0000010654331,17.2329530455208,-26.1000000000001));
#9190=CARTESIAN_POINT('Origin',(-84.0000010654331,17.2329530455208,-38.0999999987731));
#9191=CARTESIAN_POINT('Origin',(-114.276001847744,17.2329530455208,-38.0999999987731));
#9192=CARTESIAN_POINT('Origin',(-80.2420084295844,17.2329530455208,-38.0999999987731));
#9193=CARTESIAN_POINT('Origin',(-84.0000010654331,17.2329530455208,-38.0999999987731));
#9194=CARTESIAN_POINT('Origin',(-124.4056811099,17.2329530455208,-50.2));
#9195=CARTESIAN_POINT('Origin',(-133.757994744363,17.2329530455208,-50.2));
#9196=CARTESIAN_POINT('Origin',(-116.436649680492,38.6230328122581,-50.2));
#9197=CARTESIAN_POINT('Origin',(-133.757994744363,17.2329530455208,-50.2));
#9198=CARTESIAN_POINT('Origin',(-113.994315242402,41.6390646651619,-50.2));
#9199=CARTESIAN_POINT('Origin',(-107.00000158929,35.9751811457134,-50.2));
#9200=CARTESIAN_POINT('Origin',(-100.005687931545,41.6390646651619,-50.2));
#9201=CARTESIAN_POINT('Origin',(-84.3376560218569,22.2906566113877,-50.2));
#9202=CARTESIAN_POINT('Origin',(-80.2420084295844,17.2329530455208,-50.2));
#9203=CARTESIAN_POINT('Origin',(-85.1580408891236,23.3037475512398,-38.0999999983777));
#9204=CARTESIAN_POINT('Origin',(-80.2420084295844,17.2329530455208,-38.0999999987731));
#9205=CARTESIAN_POINT('Origin',(-84.0000010654331,21.87368746581,-38.0999999984709));
#9206=CARTESIAN_POINT('Origin',(-84.0000010654331,0.499999999987955,-38.0999999998628));
#9207=CARTESIAN_POINT('Origin',(-84.0000010654331,21.87368746581,-38.0999999984709));
#9208=CARTESIAN_POINT('Origin',(-84.0000010654331,17.2329530455208,-38.0999999987731));
#9209=CARTESIAN_POINT('Origin',(-133.757994744363,17.2329530455208,0.));
#9210=CARTESIAN_POINT('Origin',(-133.757994744363,17.2329530455208,-38.0999999987731));
#9211=CARTESIAN_POINT('Origin',(-133.757994744363,17.2329530455208,-50.2));
#9212=CARTESIAN_POINT('Origin',(-126.553994094747,26.1291529634083,-44.2));
#9213=CARTESIAN_POINT('Origin',(-113.994315242402,41.6390646651619,-44.2));
#9214=CARTESIAN_POINT('Origin',(-130.000002108514,21.8736874658099,-44.2));
#9215=CARTESIAN_POINT('Origin',(-107.00000158929,35.9751811457134,-44.2));
#9216=CARTESIAN_POINT('Origin',(-100.005687931545,41.6390646651619,-44.2));
#9217=CARTESIAN_POINT('Origin',(-81.7451507513859,19.0891792245809,-44.2));
#9218=CARTESIAN_POINT('Origin',(-84.0000010654331,21.87368746581,-44.2));
#9219=CARTESIAN_POINT('Origin',(-130.000002108514,21.8736874658099,-5.49999999999997));
#9220=CARTESIAN_POINT('Origin',(-130.000002108514,21.8736874658099,-38.0999999984709));
#9221=CARTESIAN_POINT('Origin',(-130.000002108514,0.500000001329485,-38.0999999998628));
#9222=CARTESIAN_POINT('Origin',(-130.000002108514,17.2329530455208,-38.0999999987731));
#9223=CARTESIAN_POINT('Origin',(-130.000002108514,21.8736874658099,-38.0999999984709));
#9224=CARTESIAN_POINT('Origin',(-129.477810430467,22.5185404841968,-38.0999999984289));
#9225=CARTESIAN_POINT('Origin',(-130.000002108514,21.8736874658099,-38.0999999984709));
#9226=CARTESIAN_POINT('Origin',(-133.757994744363,17.2329530455208,-38.0999999987731));
#9227=CARTESIAN_POINT('Origin',(-130.000002108514,21.8736874658099,-38.0999999984709));
#9228=CARTESIAN_POINT('Origin',(-84.0000010654331,21.87368746581,-26.1000000000001));
#9229=CARTESIAN_POINT('Origin',(-84.0000010654331,21.87368746581,-38.0999999984709));
#9230=CARTESIAN_POINT('Origin',(-130.000002108514,17.2329530455208,-5.49999999999997));
#9231=CARTESIAN_POINT('Origin',(-130.000002108514,17.2329530455208,-38.0999999987731));
#9232=CARTESIAN_POINT('Origin',(-141.90568137067,17.2329530455208,-38.0999999987731));
#9233=CARTESIAN_POINT('Origin',(-130.000002108514,17.2329530455208,-38.0999999987731));
#9234=CARTESIAN_POINT('Origin',(-133.757994744363,17.2329530455208,-38.0999999987731));
#9235=CARTESIAN_POINT('Origin',(-130.000002108514,17.2329530455208,-38.0999999987731));
#9236=CARTESIAN_POINT('Origin',(-133.757994744363,17.2329530455208,-38.0999999987731));
#9237=CARTESIAN_POINT('Origin',(-84.0000010654331,21.87368746581,-38.0999999984709));
#9238=CARTESIAN_POINT('Origin',(-133.757994744363,17.2329530455208,-50.2));
#9239=CARTESIAN_POINT('Origin',(-80.2420084295844,17.2329530455208,0.));
#9240=CARTESIAN_POINT('Origin',(-80.2420084295844,17.2329530455208,-50.2));
#9241=CARTESIAN_POINT('Origin',(-80.2420084295844,17.2329530455208,-38.0999999987731));
#9242=CARTESIAN_POINT('Origin',(-80.2420084295844,17.2329530455208,-38.0999999987731));
#9243=CARTESIAN_POINT('Origin',(-84.0000010654331,17.2329530455208,-38.0999999987731));
#9244=CARTESIAN_POINT('Origin',(-80.2420084295844,17.2329530455208,-50.2));
#9245=CARTESIAN_POINT('Origin',(-96.7760015869737,8.00000010156631,0.));
#9246=CARTESIAN_POINT('',(-98.7760015869737,8.00000010156631,0.));
#9247=CARTESIAN_POINT('Origin',(-117.224001586974,8.00000010156631,0.));
#9248=CARTESIAN_POINT('',(-119.224001586974,8.00000010156631,0.));
#9249=CARTESIAN_POINT('',(0.,0.,0.));
#9250=CARTESIAN_POINT('Origin',(-107.00000158929,35.9751811457134,-47.2));
#9251=CARTESIAN_POINT('',(-111.00000158929,35.9751811457134,-16.));
#9252=CARTESIAN_POINT('Origin',(-107.00000158929,35.9751811457134,-16.));
#9253=CARTESIAN_POINT('',(-111.00000158929,35.9751811457134,-47.2));
#9254=CARTESIAN_POINT('',(-111.00000158929,35.9751811457134,-47.2));
#9255=CARTESIAN_POINT('Origin',(-107.00000158929,35.9751811457134,-47.2));
#9256=CARTESIAN_POINT('Origin',(-107.00000158929,35.9751811457134,-16.));
#9257=CARTESIAN_POINT('Origin',(-107.00000158929,35.9751811457134,-47.2));
#9258=CARTESIAN_POINT('',(0.,0.,0.));
#9259=CARTESIAN_POINT('Origin',(-127.567357728346,59.2458363696539,-21.6));
#9260=CARTESIAN_POINT('',(-129.167357728346,59.2458363696539,-21.6));
#9261=CARTESIAN_POINT('Origin',(-127.567357728346,59.2458363696539,-21.6));
#9262=CARTESIAN_POINT('',(-129.167357728346,59.2458363696539,-26.6));
#9263=CARTESIAN_POINT('',(-129.167357728346,59.2458363696539,-21.6));
#9264=CARTESIAN_POINT('Origin',(-127.567357728346,59.2458363696539,-26.6));
#9265=CARTESIAN_POINT('Origin',(-127.567357728346,59.2458363696539,-26.6));
#9266=CARTESIAN_POINT('Origin',(-86.4326454502334,59.2458363696539,-21.6));
#9267=CARTESIAN_POINT('',(-88.0326454502334,59.2458363696539,-21.6));
#9268=CARTESIAN_POINT('Origin',(-86.4326454502334,59.2458363696539,-21.6));
#9269=CARTESIAN_POINT('',(-88.0326454502334,59.2458363696539,-26.6));
#9270=CARTESIAN_POINT('',(-88.0326454502334,59.2458363696539,-21.6));
#9271=CARTESIAN_POINT('Origin',(-86.4326454502334,59.2458363696539,-26.6));
#9272=CARTESIAN_POINT('Origin',(-86.4326454502334,59.2458363696539,-26.6));
#9273=CARTESIAN_POINT('Ctrl Pts',(-93.0149912773222,36.8054279681949,-34.6));
#9274=CARTESIAN_POINT('Ctrl Pts',(-93.0149912773222,36.8054279681949,-35.9333333333358));
#9275=CARTESIAN_POINT('Ctrl Pts',(-93.0149912773222,36.8054279681949,-37.2666666666716));
#9276=CARTESIAN_POINT('Ctrl Pts',(-93.0149912773222,36.8054279681949,-38.6000000000073));
#9277=CARTESIAN_POINT('Ctrl Pts',(-92.9977384893906,36.3277922847061,-34.6));
#9278=CARTESIAN_POINT('Ctrl Pts',(-92.9977384893906,36.3277922847061,-35.9333333333358));
#9279=CARTESIAN_POINT('Ctrl Pts',(-92.9977384893906,36.3277922847061,-37.2666666666715));
#9280=CARTESIAN_POINT('Ctrl Pts',(-92.9977384893906,36.3277922847061,-38.6000000000073));
#9281=CARTESIAN_POINT('Ctrl Pts',(-92.6045100566568,35.3870779566493,-34.6));
#9282=CARTESIAN_POINT('Ctrl Pts',(-92.6045100566568,35.3870779566493,-35.9333333333358));
#9283=CARTESIAN_POINT('Ctrl Pts',(-92.6045100566568,35.3870779566493,-37.2666666666716));
#9284=CARTESIAN_POINT('Ctrl Pts',(-92.6045100566568,35.3870779566493,-38.6000000000073));
#9285=CARTESIAN_POINT('Ctrl Pts',(-91.3500476567427,34.7665817134204,-34.6));
#9286=CARTESIAN_POINT('Ctrl Pts',(-91.3500476567427,34.7665817134204,-35.9333333333358));
#9287=CARTESIAN_POINT('Ctrl Pts',(-91.3500476567427,34.7665817134204,-37.2666666666716));
#9288=CARTESIAN_POINT('Ctrl Pts',(-91.3500476567427,34.7665817134204,-38.6000000000073));
#9289=CARTESIAN_POINT('Ctrl Pts',(-90.1278189579991,34.9767462835959,-34.6));
#9290=CARTESIAN_POINT('Ctrl Pts',(-90.1278189579991,34.9767462835959,-35.9333333333358));
#9291=CARTESIAN_POINT('Ctrl Pts',(-90.1278189579991,34.9767462835959,-37.2666666666716));
#9292=CARTESIAN_POINT('Ctrl Pts',(-90.1278189579991,34.9767462835959,-38.6000000000073));
#9293=CARTESIAN_POINT('Ctrl Pts',(-89.5627119097558,35.4579083061484,-34.6));
#9294=CARTESIAN_POINT('Ctrl Pts',(-89.5627119097558,35.4579083061484,-35.9333333333358));
#9295=CARTESIAN_POINT('Ctrl Pts',(-89.5627119097558,35.4579083061484,-37.2666666666716));
#9296=CARTESIAN_POINT('Ctrl Pts',(-89.5627119097558,35.4579083061484,-38.6000000000073));
#9297=CARTESIAN_POINT('Ctrl Pts',(-89.3614165283359,35.7545124461866,-34.6));
#9298=CARTESIAN_POINT('Ctrl Pts',(-89.3614165283359,35.7545124461866,-35.9333333333358));
#9299=CARTESIAN_POINT('Ctrl Pts',(-89.3614165283359,35.7545124461866,-37.2666666666716));
#9300=CARTESIAN_POINT('Ctrl Pts',(-89.3614165283359,35.7545124461866,-38.6000000000073));
#9301=CARTESIAN_POINT('',(-89.3614165283359,35.7545124461866,-34.6));
#9302=CARTESIAN_POINT('',(-93.0149912773222,36.8054279681949,-34.6000000000073));
#9303=CARTESIAN_POINT('Ctrl Pts',(-93.0149912773222,36.8054279681949,-34.6));
#9304=CARTESIAN_POINT('Ctrl Pts',(-92.9977384893906,36.3277922847061,-34.6));
#9305=CARTESIAN_POINT('Ctrl Pts',(-92.8011242730237,35.8574351206777,-34.6));
#9306=CARTESIAN_POINT('Ctrl Pts',(-92.4747330921286,35.5094390398946,-34.6));
#9307=CARTESIAN_POINT('Ctrl Pts',(-92.1483419112335,35.1614429591115,-34.6));
#9308=CARTESIAN_POINT('Ctrl Pts',(-91.6921737658102,34.9358079615737,-34.6));
#9309=CARTESIAN_POINT('Ctrl Pts',(-91.2173065723445,34.8871448643834,-34.6));
#9310=CARTESIAN_POINT('Ctrl Pts',(-90.8611561772452,34.8506475414906,-34.6));
#9311=CARTESIAN_POINT('Ctrl Pts',(-90.4944875676222,34.9136969125433,-34.6));
#9312=CARTESIAN_POINT('Ctrl Pts',(-90.1698765007498,35.0655121037077,-34.6));
#9313=CARTESIAN_POINT('Ctrl Pts',(-89.8452654338774,35.2173272948722,-34.6));
#9314=CARTESIAN_POINT('Ctrl Pts',(-89.5627119097558,35.4579083061484,-34.6));
#9315=CARTESIAN_POINT('Ctrl Pts',(-89.3614165283359,35.7545124461866,-34.6));
#9316=CARTESIAN_POINT('',(-93.0149912773222,36.8054279681949,-38.6000000000073));
#9317=CARTESIAN_POINT('Ctrl Pts',(-93.0149912773222,36.8054279681949,-34.6));
#9318=CARTESIAN_POINT('Ctrl Pts',(-93.0149912773222,36.8054279681949,-35.9333333333358));
#9319=CARTESIAN_POINT('Ctrl Pts',(-93.0149912773222,36.8054279681949,-37.2666666666716));
#9320=CARTESIAN_POINT('Ctrl Pts',(-93.0149912773222,36.8054279681949,-38.6000000000073));
#9321=CARTESIAN_POINT('',(-89.3614165283359,35.7545124461866,-38.6000000000073));
#9322=CARTESIAN_POINT('Ctrl Pts',(-89.3614165283359,35.7545124461866,-38.6000000000073));
#9323=CARTESIAN_POINT('Ctrl Pts',(-89.5627119097558,35.4579083061484,-38.6000000000073));
#9324=CARTESIAN_POINT('Ctrl Pts',(-89.8452654338774,35.2173272948722,-38.6000000000073));
#9325=CARTESIAN_POINT('Ctrl Pts',(-90.1698765007498,35.0655121037077,-38.6000000000073));
#9326=CARTESIAN_POINT('Ctrl Pts',(-90.4944875676222,34.9136969125433,-38.6000000000073));
#9327=CARTESIAN_POINT('Ctrl Pts',(-90.8611561772452,34.8506475414906,-38.6000000000073));
#9328=CARTESIAN_POINT('Ctrl Pts',(-91.2173065723445,34.8871448643834,-38.6000000000073));
#9329=CARTESIAN_POINT('Ctrl Pts',(-91.6921737658102,34.9358079615737,-38.6000000000073));
#9330=CARTESIAN_POINT('Ctrl Pts',(-92.1483419112335,35.1614429591115,-38.6000000000073));
#9331=CARTESIAN_POINT('Ctrl Pts',(-92.4747330921286,35.5094390398946,-38.6000000000073));
#9332=CARTESIAN_POINT('Ctrl Pts',(-92.8011242730237,35.8574351206777,-38.6000000000073));
#9333=CARTESIAN_POINT('Ctrl Pts',(-92.9977384893906,36.3277922847061,-38.6000000000073));
#9334=CARTESIAN_POINT('Ctrl Pts',(-93.0149912773222,36.8054279681949,-38.6000000000073));
#9335=CARTESIAN_POINT('Ctrl Pts',(-89.3614165283359,35.7545124461866,-38.6000000000073));
#9336=CARTESIAN_POINT('Ctrl Pts',(-89.3614165283359,35.7545124461866,-37.2666666666716));
#9337=CARTESIAN_POINT('Ctrl Pts',(-89.3614165283359,35.7545124461866,-35.9333333333358));
#9338=CARTESIAN_POINT('Ctrl Pts',(-89.3614165283359,35.7545124461866,-34.6));
#9339=CARTESIAN_POINT('Origin',(-116.000001589301,35.9751811457169,-34.6000000000073));
#9340=CARTESIAN_POINT('',(-94.1819728217434,43.2534796780687,-34.6000000000073));
#9341=CARTESIAN_POINT('Origin',(-116.000001589301,35.9751811457169,-34.6000000000073));
#9342=CARTESIAN_POINT('',(-94.1819728217434,43.2534796780687,-38.6000000000073));
#9343=CARTESIAN_POINT('Ctrl Pts',(-94.1819728217434,43.2534796780687,-38.6000000000073));
#9344=CARTESIAN_POINT('Ctrl Pts',(-94.1819728217434,43.2534796780687,-37.2666666666716));
#9345=CARTESIAN_POINT('Ctrl Pts',(-94.1819728217434,43.2534796780687,-35.9333333333358));
#9346=CARTESIAN_POINT('Ctrl Pts',(-94.1819728217434,43.2534796780687,-34.6));
#9347=CARTESIAN_POINT('Origin',(-116.000001589301,35.9751811457169,-38.6000000000073));
#9348=CARTESIAN_POINT('Ctrl Pts',(-100.575787410233,26.696516534997,-38.6000000000073));
#9349=CARTESIAN_POINT('Ctrl Pts',(-100.575787410233,26.696516534997,-37.2666666666715));
#9350=CARTESIAN_POINT('Ctrl Pts',(-100.575787410233,26.696516534997,-35.9333333333358));
#9351=CARTESIAN_POINT('Ctrl Pts',(-100.575787410233,26.696516534997,-34.6));
#9352=CARTESIAN_POINT('Ctrl Pts',(-100.822241822571,26.2868276626459,-38.6000000000073));
#9353=CARTESIAN_POINT('Ctrl Pts',(-100.822241822571,26.2868276626459,-37.2666666666715));
#9354=CARTESIAN_POINT('Ctrl Pts',(-100.822241822571,26.2868276626459,-35.9333333333358));
#9355=CARTESIAN_POINT('Ctrl Pts',(-100.822241822571,26.2868276626459,-34.6));
#9356=CARTESIAN_POINT('Ctrl Pts',(-101.220519281856,25.9708704007504,-38.6000000000073));
#9357=CARTESIAN_POINT('Ctrl Pts',(-101.220519281856,25.9708704007504,-37.2666666666715));
#9358=CARTESIAN_POINT('Ctrl Pts',(-101.220519281856,25.9708704007504,-35.9333333333358));
#9359=CARTESIAN_POINT('Ctrl Pts',(-101.220519281856,25.9708704007504,-34.6));
#9360=CARTESIAN_POINT('Ctrl Pts',(-101.67553234837,25.8240785113599,-38.6000000000073));
#9361=CARTESIAN_POINT('Ctrl Pts',(-101.67553234837,25.8240785113599,-37.2666666666715));
#9362=CARTESIAN_POINT('Ctrl Pts',(-101.67553234837,25.8240785113599,-35.9333333333358));
#9363=CARTESIAN_POINT('Ctrl Pts',(-101.67553234837,25.8240785113599,-34.6));
#9364=CARTESIAN_POINT('',(-101.67553234837,25.8240785113599,-38.6000000000073));
#9365=CARTESIAN_POINT('',(-100.575787410233,26.696516534997,-38.6000000000073));
#9366=CARTESIAN_POINT('Ctrl Pts',(-100.575787410233,26.696516534997,-38.6000000000073));
#9367=CARTESIAN_POINT('Ctrl Pts',(-100.822241822571,26.2868276626459,-38.6000000000073));
#9368=CARTESIAN_POINT('Ctrl Pts',(-101.220519281856,25.9708704007504,-38.6000000000073));
#9369=CARTESIAN_POINT('Ctrl Pts',(-101.67553234837,25.8240785113599,-38.6000000000073));
#9370=CARTESIAN_POINT('',(-100.575787410233,26.696516534997,-34.6000000000073));
#9371=CARTESIAN_POINT('Ctrl Pts',(-100.575787410233,26.696516534997,-38.6000000000073));
#9372=CARTESIAN_POINT('Ctrl Pts',(-100.575787410233,26.696516534997,-37.2666666666715));
#9373=CARTESIAN_POINT('Ctrl Pts',(-100.575787410233,26.696516534997,-35.9333333333358));
#9374=CARTESIAN_POINT('Ctrl Pts',(-100.575787410233,26.696516534997,-34.6));
#9375=CARTESIAN_POINT('',(-101.67553234837,25.8240785113599,-34.6));
#9376=CARTESIAN_POINT('Ctrl Pts',(-101.67553234837,25.8240785113599,-34.6));
#9377=CARTESIAN_POINT('Ctrl Pts',(-101.220519281856,25.9708704007504,-34.6));
#9378=CARTESIAN_POINT('Ctrl Pts',(-100.822241822571,26.2868276626459,-34.6));
#9379=CARTESIAN_POINT('Ctrl Pts',(-100.575787410233,26.696516534997,-34.6));
#9380=CARTESIAN_POINT('Ctrl Pts',(-101.67553234837,25.8240785113599,-34.6));
#9381=CARTESIAN_POINT('Ctrl Pts',(-101.67553234837,25.8240785113599,-35.9333333333358));
#9382=CARTESIAN_POINT('Ctrl Pts',(-101.67553234837,25.8240785113599,-37.2666666666715));
#9383=CARTESIAN_POINT('Ctrl Pts',(-101.67553234837,25.8240785113599,-38.6000000000073));
#9384=CARTESIAN_POINT('Origin',(-116.000001589301,35.9751811457169,-34.6000000000073));
#9385=CARTESIAN_POINT('',(-100.000001589305,44.2213923969602,-38.6000000000073));
#9386=CARTESIAN_POINT('Origin',(-116.000001589301,35.9751811457169,-38.6000000000073));
#9387=CARTESIAN_POINT('',(-100.000001589305,44.2213923969602,-34.6000000000073));
#9388=CARTESIAN_POINT('',(-100.000001589305,44.2213923969602,-31.6));
#9389=CARTESIAN_POINT('Origin',(-116.000001589301,35.9751811457169,-34.6000000000073));
#9390=CARTESIAN_POINT('Origin',(-91.0162947451317,36.8776233434602,-31.6));
#9391=CARTESIAN_POINT('',(-89.3614165283358,35.7545124461868,-24.6000000000073));
#9392=CARTESIAN_POINT('',(-93.0149912773222,36.805427968195,-24.6000000000073));
#9393=CARTESIAN_POINT('Origin',(-91.0162947451317,36.8776233434602,-24.6000000000073));
#9394=CARTESIAN_POINT('',(-93.0149912773222,36.805427968195,-28.6000000000073));
#9395=CARTESIAN_POINT('',(-93.0149912773222,36.805427968195,-31.6));
#9396=CARTESIAN_POINT('',(-89.3614165283358,35.7545124461868,-28.6));
#9397=CARTESIAN_POINT('Origin',(-91.0162947451317,36.8776233434602,-28.6));
#9398=CARTESIAN_POINT('',(-89.3614165283358,35.7545124461868,-31.6));
#9399=CARTESIAN_POINT('Origin',(-116.000001589301,35.9751811457169,-28.6000000000073));
#9400=CARTESIAN_POINT('',(-94.1819728217434,43.2534796780687,-24.6000000000073));
#9401=CARTESIAN_POINT('Origin',(-116.000001589301,35.9751811457169,-24.6000000000073));
#9402=CARTESIAN_POINT('',(-94.1819728217434,43.2534796780687,-28.6000000000073));
#9403=CARTESIAN_POINT('',(-94.1819728217434,43.2534796780687,-31.6));
#9404=CARTESIAN_POINT('Origin',(-116.000001589301,35.9751811457169,-28.6000000000073));
#9405=CARTESIAN_POINT('Origin',(-102.289588985685,27.7274792695214,-31.6));
#9406=CARTESIAN_POINT('',(-101.67553234837,25.8240785113599,-28.6));
#9407=CARTESIAN_POINT('',(-100.575787410233,26.696516534997,-28.6000000000073));
#9408=CARTESIAN_POINT('Origin',(-102.289588985685,27.7274792695214,-28.6));
#9409=CARTESIAN_POINT('',(-100.575787410233,26.696516534997,-24.6000000000073));
#9410=CARTESIAN_POINT('',(-100.575787410233,26.696516534997,-31.6));
#9411=CARTESIAN_POINT('',(-101.67553234837,25.8240785113599,-24.6000000000073));
#9412=CARTESIAN_POINT('Origin',(-102.289588985685,27.7274792695214,-24.6000000000073));
#9413=CARTESIAN_POINT('',(-101.67553234837,25.8240785113599,-31.6));
#9414=CARTESIAN_POINT('Origin',(-116.000001589301,35.9751811457169,-28.6000000000073));
#9415=CARTESIAN_POINT('',(-100.000001589305,44.2213923969601,-28.6000000000073));
#9416=CARTESIAN_POINT('Origin',(-116.000001589301,35.9751811457169,-28.6000000000073));
#9417=CARTESIAN_POINT('',(-100.000001589305,44.2213923969601,-24.6000000000073));
#9418=CARTESIAN_POINT('',(-100.000001589305,44.2213923969601,-31.6));
#9419=CARTESIAN_POINT('Origin',(-116.000001589301,35.9751811457169,-24.6000000000073));
#9420=CARTESIAN_POINT('Origin',(-111.710414192923,27.7274792695304,-31.6));
#9421=CARTESIAN_POINT('',(-112.324470830241,25.8240785113699,-24.6000000000073));
#9422=CARTESIAN_POINT('',(-113.424215768375,26.6965165350071,-24.6000000000073));
#9423=CARTESIAN_POINT('Origin',(-111.710414192923,27.7274792695304,-24.6000000000073));
#9424=CARTESIAN_POINT('',(-113.424215768375,26.6965165350071,-28.6000000000073));
#9425=CARTESIAN_POINT('',(-113.424215768375,26.6965165350071,-31.6));
#9426=CARTESIAN_POINT('',(-112.324470830241,25.8240785113699,-28.6));
#9427=CARTESIAN_POINT('Origin',(-111.710414192923,27.7274792695304,-28.6));
#9428=CARTESIAN_POINT('',(-112.324470830241,25.8240785113699,-31.6));
#9429=CARTESIAN_POINT('Origin',(-98.0000015893009,35.9751811457168,-28.6000000000073));
#9430=CARTESIAN_POINT('',(-114.000001589311,44.2213923969318,-24.6000000000073));
#9431=CARTESIAN_POINT('Origin',(-98.0000015893009,35.9751811457168,-24.6000000000073));
#9432=CARTESIAN_POINT('',(-114.000001589311,44.2213923969318,-28.6000000000073));
#9433=CARTESIAN_POINT('',(-114.000001589311,44.2213923969318,-31.6));
#9434=CARTESIAN_POINT('Origin',(-98.0000015893009,35.9751811457168,-28.6000000000073));
#9435=CARTESIAN_POINT('Ctrl Pts',(-113.424215768375,26.6965165350071,-34.6));
#9436=CARTESIAN_POINT('Ctrl Pts',(-113.424215768375,26.6965165350071,-35.9333333333358));
#9437=CARTESIAN_POINT('Ctrl Pts',(-113.424215768375,26.6965165350071,-37.2666666666715));
#9438=CARTESIAN_POINT('Ctrl Pts',(-113.424215768375,26.6965165350071,-38.6000000000073));
#9439=CARTESIAN_POINT('Ctrl Pts',(-113.177761356037,26.2868276626565,-34.6));
#9440=CARTESIAN_POINT('Ctrl Pts',(-113.177761356037,26.2868276626565,-35.9333333333358));
#9441=CARTESIAN_POINT('Ctrl Pts',(-113.177761356037,26.2868276626565,-37.2666666666715));
#9442=CARTESIAN_POINT('Ctrl Pts',(-113.177761356037,26.2868276626565,-38.6000000000073));
#9443=CARTESIAN_POINT('Ctrl Pts',(-112.779483896754,25.9708704007611,-34.6));
#9444=CARTESIAN_POINT('Ctrl Pts',(-112.779483896754,25.9708704007611,-35.9333333333358));
#9445=CARTESIAN_POINT('Ctrl Pts',(-112.779483896754,25.9708704007611,-37.2666666666715));
#9446=CARTESIAN_POINT('Ctrl Pts',(-112.779483896754,25.9708704007611,-38.6000000000073));
#9447=CARTESIAN_POINT('Ctrl Pts',(-112.324470830241,25.8240785113699,-34.6));
#9448=CARTESIAN_POINT('Ctrl Pts',(-112.324470830241,25.8240785113699,-35.9333333333358));
#9449=CARTESIAN_POINT('Ctrl Pts',(-112.324470830241,25.8240785113699,-37.2666666666715));
#9450=CARTESIAN_POINT('Ctrl Pts',(-112.324470830241,25.8240785113699,-38.6000000000073));
#9451=CARTESIAN_POINT('',(-112.324470830241,25.8240785113699,-34.6));
#9452=CARTESIAN_POINT('',(-113.424215768375,26.6965165350071,-34.6000000000073));
#9453=CARTESIAN_POINT('Ctrl Pts',(-113.424215768375,26.6965165350071,-34.6));
#9454=CARTESIAN_POINT('Ctrl Pts',(-113.177761356037,26.2868276626565,-34.6));
#9455=CARTESIAN_POINT('Ctrl Pts',(-112.779483896754,25.9708704007611,-34.6));
#9456=CARTESIAN_POINT('Ctrl Pts',(-112.324470830241,25.8240785113699,-34.6));
#9457=CARTESIAN_POINT('',(-113.424215768375,26.6965165350071,-38.6000000000073));
#9458=CARTESIAN_POINT('Ctrl Pts',(-113.424215768375,26.6965165350071,-34.6));
#9459=CARTESIAN_POINT('Ctrl Pts',(-113.424215768375,26.6965165350071,-35.9333333333358));
#9460=CARTESIAN_POINT('Ctrl Pts',(-113.424215768375,26.6965165350071,-37.2666666666715));
#9461=CARTESIAN_POINT('Ctrl Pts',(-113.424215768375,26.6965165350071,-38.6000000000073));
#9462=CARTESIAN_POINT('',(-112.324470830241,25.8240785113699,-38.6000000000073));
#9463=CARTESIAN_POINT('Ctrl Pts',(-112.324470830241,25.8240785113699,-38.6000000000073));
#9464=CARTESIAN_POINT('Ctrl Pts',(-112.779483896754,25.9708704007611,-38.6000000000073));
#9465=CARTESIAN_POINT('Ctrl Pts',(-113.177761356037,26.2868276626565,-38.6000000000073));
#9466=CARTESIAN_POINT('Ctrl Pts',(-113.424215768375,26.6965165350071,-38.6000000000073));
#9467=CARTESIAN_POINT('Ctrl Pts',(-112.324470830241,25.8240785113699,-38.6000000000073));
#9468=CARTESIAN_POINT('Ctrl Pts',(-112.324470830241,25.8240785113699,-37.2666666666715));
#9469=CARTESIAN_POINT('Ctrl Pts',(-112.324470830241,25.8240785113699,-35.9333333333358));
#9470=CARTESIAN_POINT('Ctrl Pts',(-112.324470830241,25.8240785113699,-34.6));
#9471=CARTESIAN_POINT('Origin',(-98.0000015893009,35.9751811457168,-34.6000000000073));
#9472=CARTESIAN_POINT('',(-114.000001589311,44.2213923969319,-34.6000000000073));
#9473=CARTESIAN_POINT('Origin',(-98.0000015893009,35.9751811457168,-34.6000000000073));
#9474=CARTESIAN_POINT('',(-114.000001589311,44.2213923969319,-38.6000000000073));
#9475=CARTESIAN_POINT('',(-114.000001589311,44.2213923969319,-31.6));
#9476=CARTESIAN_POINT('Origin',(-98.0000015893009,35.9751811457168,-38.6000000000073));
#9477=CARTESIAN_POINT('Ctrl Pts',(-120.985012062435,36.8054281862732,-38.6000000000073));
#9478=CARTESIAN_POINT('Ctrl Pts',(-120.985012062435,36.8054281862732,-37.2666666666715));
#9479=CARTESIAN_POINT('Ctrl Pts',(-120.985012062435,36.8054281862732,-35.9333333333358));
#9480=CARTESIAN_POINT('Ctrl Pts',(-120.985012062435,36.8054281862732,-34.6));
#9481=CARTESIAN_POINT('Ctrl Pts',(-121.00226485477,36.3277925029959,-38.6000000000073));
#9482=CARTESIAN_POINT('Ctrl Pts',(-121.00226485477,36.3277925029959,-37.2666666666715));
#9483=CARTESIAN_POINT('Ctrl Pts',(-121.00226485477,36.3277925029959,-35.9333333333358));
#9484=CARTESIAN_POINT('Ctrl Pts',(-121.00226485477,36.3277925029959,-34.6));
#9485=CARTESIAN_POINT('Ctrl Pts',(-121.395521837801,35.387082735144,-38.6000000000073));
#9486=CARTESIAN_POINT('Ctrl Pts',(-121.395521837801,35.387082735144,-37.2666666666715));
#9487=CARTESIAN_POINT('Ctrl Pts',(-121.395521837801,35.387082735144,-35.9333333333358));
#9488=CARTESIAN_POINT('Ctrl Pts',(-121.395521837801,35.387082735144,-34.6));
#9489=CARTESIAN_POINT('Ctrl Pts',(-122.649968192477,34.7665845921212,-38.6000000000073));
#9490=CARTESIAN_POINT('Ctrl Pts',(-122.649968192477,34.7665845921212,-37.2666666666716));
#9491=CARTESIAN_POINT('Ctrl Pts',(-122.649968192477,34.7665845921212,-35.9333333333358));
#9492=CARTESIAN_POINT('Ctrl Pts',(-122.649968192477,34.7665845921212,-34.6));
#9493=CARTESIAN_POINT('Ctrl Pts',(-123.872195192003,34.9767480894473,-38.6000000000073));
#9494=CARTESIAN_POINT('Ctrl Pts',(-123.872195192003,34.9767480894473,-37.2666666666715));
#9495=CARTESIAN_POINT('Ctrl Pts',(-123.872195192003,34.9767480894473,-35.9333333333358));
#9496=CARTESIAN_POINT('Ctrl Pts',(-123.872195192003,34.9767480894473,-34.6));
#9497=CARTESIAN_POINT('Ctrl Pts',(-124.43729144206,35.457908555697,-38.6000000000073));
#9498=CARTESIAN_POINT('Ctrl Pts',(-124.43729144206,35.457908555697,-37.2666666666716));
#9499=CARTESIAN_POINT('Ctrl Pts',(-124.43729144206,35.457908555697,-35.9333333333358));
#9500=CARTESIAN_POINT('Ctrl Pts',(-124.43729144206,35.457908555697,-34.6));
#9501=CARTESIAN_POINT('Ctrl Pts',(-124.638586820804,35.7545126975034,-38.6000000000073));
#9502=CARTESIAN_POINT('Ctrl Pts',(-124.638586820804,35.7545126975034,-37.2666666666715));
#9503=CARTESIAN_POINT('Ctrl Pts',(-124.638586820804,35.7545126975034,-35.9333333333358));
#9504=CARTESIAN_POINT('Ctrl Pts',(-124.638586820804,35.7545126975034,-34.6));
#9505=CARTESIAN_POINT('',(-124.638586820804,35.7545126975034,-38.6000000000073));
#9506=CARTESIAN_POINT('',(-120.985012062435,36.8054281862732,-38.6000000000073));
#9507=CARTESIAN_POINT('Ctrl Pts',(-120.985012062435,36.8054281862732,-38.6000000000073));
#9508=CARTESIAN_POINT('Ctrl Pts',(-121.00226485477,36.3277925029959,-38.6000000000073));
#9509=CARTESIAN_POINT('Ctrl Pts',(-121.198893346285,35.85743761907,-38.6000000000073));
#9510=CARTESIAN_POINT('Ctrl Pts',(-121.525288747439,35.509442332921,-38.6000000000073));
#9511=CARTESIAN_POINT('Ctrl Pts',(-121.851684148592,35.1614470467721,-38.6000000000073));
#9512=CARTESIAN_POINT('Ctrl Pts',(-122.307846459384,34.9358113584002,-38.6000000000073));
#9513=CARTESIAN_POINT('Ctrl Pts',(-122.7827107639,34.8871477199153,-38.6000000000073));
#9514=CARTESIAN_POINT('Ctrl Pts',(-123.138858992287,34.8506499910516,-38.6000000000073));
#9515=CARTESIAN_POINT('Ctrl Pts',(-123.505527092145,34.9136990402494,-38.6000000000073));
#9516=CARTESIAN_POINT('Ctrl Pts',(-123.830135204588,35.0655136814108,-38.6000000000073));
#9517=CARTESIAN_POINT('Ctrl Pts',(-124.154743317031,35.2173283225721,-38.6000000000073));
#9518=CARTESIAN_POINT('Ctrl Pts',(-124.43729144206,35.457908555697,-38.6000000000073));
#9519=CARTESIAN_POINT('Ctrl Pts',(-124.638586820804,35.7545126975034,-38.6000000000073));
#9520=CARTESIAN_POINT('',(-120.985012062435,36.8054281862732,-34.6000000000073));
#9521=CARTESIAN_POINT('Ctrl Pts',(-120.985012062435,36.8054281862732,-38.6000000000073));
#9522=CARTESIAN_POINT('Ctrl Pts',(-120.985012062435,36.8054281862732,-37.2666666666715));
#9523=CARTESIAN_POINT('Ctrl Pts',(-120.985012062435,36.8054281862732,-35.9333333333358));
#9524=CARTESIAN_POINT('Ctrl Pts',(-120.985012062435,36.8054281862732,-34.6));
#9525=CARTESIAN_POINT('',(-124.638586820804,35.7545126975034,-34.6));
#9526=CARTESIAN_POINT('Ctrl Pts',(-124.638586820804,35.7545126975034,-34.6));
#9527=CARTESIAN_POINT('Ctrl Pts',(-124.43729144206,35.457908555697,-34.6));
#9528=CARTESIAN_POINT('Ctrl Pts',(-124.154743317031,35.2173283225721,-34.6));
#9529=CARTESIAN_POINT('Ctrl Pts',(-123.830135204588,35.0655136814108,-34.6));
#9530=CARTESIAN_POINT('Ctrl Pts',(-123.505527092145,34.9136990402494,-34.6));
#9531=CARTESIAN_POINT('Ctrl Pts',(-123.138858992287,34.8506499910516,-34.6));
#9532=CARTESIAN_POINT('Ctrl Pts',(-122.7827107639,34.8871477199153,-34.6));
#9533=CARTESIAN_POINT('Ctrl Pts',(-122.307846459384,34.9358113584002,-34.6));
#9534=CARTESIAN_POINT('Ctrl Pts',(-121.851684148592,35.1614470467721,-34.6));
#9535=CARTESIAN_POINT('Ctrl Pts',(-121.525288747439,35.509442332921,-34.6));
#9536=CARTESIAN_POINT('Ctrl Pts',(-121.198893346285,35.85743761907,-34.6));
#9537=CARTESIAN_POINT('Ctrl Pts',(-121.00226485477,36.3277925029959,-34.6));
#9538=CARTESIAN_POINT('Ctrl Pts',(-120.985012062435,36.8054281862732,-34.6));
#9539=CARTESIAN_POINT('Ctrl Pts',(-124.638586820804,35.7545126975034,-34.6));
#9540=CARTESIAN_POINT('Ctrl Pts',(-124.638586820804,35.7545126975034,-35.9333333333358));
#9541=CARTESIAN_POINT('Ctrl Pts',(-124.638586820804,35.7545126975034,-37.2666666666715));
#9542=CARTESIAN_POINT('Ctrl Pts',(-124.638586820804,35.7545126975034,-38.6000000000073));
#9543=CARTESIAN_POINT('Origin',(-98.0000015893009,35.9751811457168,-34.6000000000073));
#9544=CARTESIAN_POINT('',(-119.818030463236,43.2534798929929,-38.6000000000073));
#9545=CARTESIAN_POINT('Origin',(-98.0000015893009,35.9751811457168,-38.6000000000073));
#9546=CARTESIAN_POINT('',(-119.818030463236,43.2534798929929,-34.6000000000073));
#9547=CARTESIAN_POINT('Ctrl Pts',(-119.818030463236,43.2534798929929,-34.6));
#9548=CARTESIAN_POINT('Ctrl Pts',(-119.818030463236,43.2534798929929,-35.9333333333358));
#9549=CARTESIAN_POINT('Ctrl Pts',(-119.818030463236,43.2534798929929,-37.2666666666716));
#9550=CARTESIAN_POINT('Ctrl Pts',(-119.818030463236,43.2534798929929,-38.6000000000073));
#9551=CARTESIAN_POINT('Origin',(-98.0000015893009,35.9751811457168,-34.6000000000073));
#9552=CARTESIAN_POINT('Origin',(-122.98370859396,36.8776235799715,-31.6));
#9553=CARTESIAN_POINT('',(-124.638586820804,35.7545126975037,-28.6));
#9554=CARTESIAN_POINT('',(-120.985012062435,36.8054281862731,-28.6000000000073));
#9555=CARTESIAN_POINT('Origin',(-122.98370859396,36.8776235799715,-28.6));
#9556=CARTESIAN_POINT('',(-120.985012062435,36.8054281862731,-24.6000000000073));
#9557=CARTESIAN_POINT('',(-120.985012062435,36.8054281862731,-31.6));
#9558=CARTESIAN_POINT('',(-124.638586820804,35.7545126975037,-24.6000000000073));
#9559=CARTESIAN_POINT('Origin',(-122.98370859396,36.8776235799715,-24.6000000000073));
#9560=CARTESIAN_POINT('',(-124.638586820804,35.7545126975037,-31.6));
#9561=CARTESIAN_POINT('Origin',(-98.0000015893009,35.9751811457168,-28.6000000000073));
#9562=CARTESIAN_POINT('',(-119.818030463236,43.2534798929929,-28.6000000000073));
#9563=CARTESIAN_POINT('Origin',(-98.0000015893009,35.9751811457168,-28.6000000000073));
#9564=CARTESIAN_POINT('',(-119.818030463236,43.2534798929929,-24.6000000000073));
#9565=CARTESIAN_POINT('',(-119.818030463236,43.2534798929929,-31.6));
#9566=CARTESIAN_POINT('Origin',(-98.0000015893009,35.9751811457168,-24.6000000000073));
#9567=CARTESIAN_POINT('Origin',(-101.777779367082,43.3051467023776,-31.6));
#9568=CARTESIAN_POINT('',(-100.617285539925,44.9340279371918,-24.6000000000073));
#9569=CARTESIAN_POINT('Origin',(-101.777779367082,43.3051467023776,-24.6000000000073));
#9570=CARTESIAN_POINT('',(-100.617285539925,44.9340279371918,-28.6));
#9571=CARTESIAN_POINT('Origin',(-101.777779367082,43.3051467023776,-28.6));
#9572=CARTESIAN_POINT('',(-100.617285539925,44.9340279371918,-31.6));
#9573=CARTESIAN_POINT('Origin',(-92.2847529447428,43.8863751973401,-31.6));
#9574=CARTESIAN_POINT('',(-94.1125135624542,44.6983426377852,-28.6));
#9575=CARTESIAN_POINT('Origin',(-92.2847529447428,43.8863751973401,-28.6));
#9576=CARTESIAN_POINT('',(-94.1125135624542,44.6983426377852,-24.6000000000073));
#9577=CARTESIAN_POINT('Origin',(-92.2847529447428,43.8863751973401,-24.6000000000073));
#9578=CARTESIAN_POINT('',(-94.1125135624542,44.6983426377852,-31.6));
#9579=CARTESIAN_POINT('Ctrl Pts',(-94.1819728217434,43.2534796780687,-38.6000000000073));
#9580=CARTESIAN_POINT('Ctrl Pts',(-94.1819728217434,43.2534796780687,-37.2666666666716));
#9581=CARTESIAN_POINT('Ctrl Pts',(-94.1819728217434,43.2534796780687,-35.9333333333358));
#9582=CARTESIAN_POINT('Ctrl Pts',(-94.1819728217434,43.2534796780687,-34.6));
#9583=CARTESIAN_POINT('Ctrl Pts',(-94.3380949508709,43.721484265874,-38.6000000000073));
#9584=CARTESIAN_POINT('Ctrl Pts',(-94.3380949508709,43.721484265874,-37.2666666666716));
#9585=CARTESIAN_POINT('Ctrl Pts',(-94.3380949508709,43.721484265874,-35.9333333333358));
#9586=CARTESIAN_POINT('Ctrl Pts',(-94.3380949508709,43.721484265874,-34.6));
#9587=CARTESIAN_POINT('Ctrl Pts',(-94.3128090009975,44.2474722010643,-38.6000000000073));
#9588=CARTESIAN_POINT('Ctrl Pts',(-94.3128090009975,44.2474722010643,-37.2666666666716));
#9589=CARTESIAN_POINT('Ctrl Pts',(-94.3128090009975,44.2474722010643,-35.9333333333358));
#9590=CARTESIAN_POINT('Ctrl Pts',(-94.3128090009975,44.2474722010643,-34.6));
#9591=CARTESIAN_POINT('Ctrl Pts',(-94.1125135624542,44.6983426377852,-38.6000000000073));
#9592=CARTESIAN_POINT('Ctrl Pts',(-94.1125135624542,44.6983426377852,-37.2666666666716));
#9593=CARTESIAN_POINT('Ctrl Pts',(-94.1125135624542,44.6983426377852,-35.9333333333358));
#9594=CARTESIAN_POINT('Ctrl Pts',(-94.1125135624542,44.6983426377852,-34.6));
#9595=CARTESIAN_POINT('',(-94.1125135624542,44.6983426377852,-38.6000000000073));
#9596=CARTESIAN_POINT('Ctrl Pts',(-94.1819728217434,43.2534796780687,-38.6000000000073));
#9597=CARTESIAN_POINT('Ctrl Pts',(-94.3380949508709,43.721484265874,-38.6000000000073));
#9598=CARTESIAN_POINT('Ctrl Pts',(-94.3128090009975,44.2474722010643,-38.6000000000073));
#9599=CARTESIAN_POINT('Ctrl Pts',(-94.1125135624542,44.6983426377852,-38.6000000000073));
#9600=CARTESIAN_POINT('',(-94.1125135624542,44.6983426377852,-34.6));
#9601=CARTESIAN_POINT('Ctrl Pts',(-94.1125135624542,44.6983426377852,-34.6));
#9602=CARTESIAN_POINT('Ctrl Pts',(-94.3128090009975,44.2474722010643,-34.6));
#9603=CARTESIAN_POINT('Ctrl Pts',(-94.3380949508709,43.721484265874,-34.6));
#9604=CARTESIAN_POINT('Ctrl Pts',(-94.1819728217434,43.2534796780687,-34.6));
#9605=CARTESIAN_POINT('Ctrl Pts',(-94.1125135624542,44.6983426377852,-34.6));
#9606=CARTESIAN_POINT('Ctrl Pts',(-94.1125135624542,44.6983426377852,-35.9333333333358));
#9607=CARTESIAN_POINT('Ctrl Pts',(-94.1125135624542,44.6983426377852,-37.2666666666716));
#9608=CARTESIAN_POINT('Ctrl Pts',(-94.1125135624542,44.6983426377852,-38.6000000000073));
#9609=CARTESIAN_POINT('Origin',(-101.777779367082,43.3051467023776,-31.6));
#9610=CARTESIAN_POINT('',(-100.617285539925,44.9340279371918,-34.6));
#9611=CARTESIAN_POINT('Origin',(-101.777779367082,43.3051467023776,-34.6));
#9612=CARTESIAN_POINT('',(-100.617285539925,44.9340279371918,-38.6000000000073));
#9613=CARTESIAN_POINT('Origin',(-101.777779367082,43.3051467023776,-38.6000000000073));
#9614=CARTESIAN_POINT('',(-100.617285539925,44.9340279371918,-31.6));
#9615=CARTESIAN_POINT('Origin',(-112.222223811532,43.3051467023524,-31.6));
#9616=CARTESIAN_POINT('',(-113.382717638697,44.9340279371611,-28.6));
#9617=CARTESIAN_POINT('Origin',(-112.222223811532,43.3051467023524,-28.6));
#9618=CARTESIAN_POINT('',(-113.382717638697,44.9340279371611,-24.6000000000073));
#9619=CARTESIAN_POINT('Origin',(-112.222223811532,43.3051467023524,-24.6000000000073));
#9620=CARTESIAN_POINT('',(-113.382717638697,44.9340279371611,-31.6));
#9621=CARTESIAN_POINT('Origin',(-121.715250335553,43.8863754263051,-31.6));
#9622=CARTESIAN_POINT('',(-119.887489711846,44.698342853256,-24.6000000000073));
#9623=CARTESIAN_POINT('Origin',(-121.715250335553,43.8863754263051,-24.6000000000073));
#9624=CARTESIAN_POINT('',(-119.887489711846,44.698342853256,-28.6));
#9625=CARTESIAN_POINT('Origin',(-121.715250335553,43.8863754263051,-28.6));
#9626=CARTESIAN_POINT('',(-119.887489711846,44.698342853256,-31.6));
#9627=CARTESIAN_POINT('Ctrl Pts',(-119.818030463236,43.2534798929929,-34.6));
#9628=CARTESIAN_POINT('Ctrl Pts',(-119.818030463236,43.2534798929929,-35.9333333333358));
#9629=CARTESIAN_POINT('Ctrl Pts',(-119.818030463236,43.2534798929929,-37.2666666666716));
#9630=CARTESIAN_POINT('Ctrl Pts',(-119.818030463236,43.2534798929929,-38.6000000000073));
#9631=CARTESIAN_POINT('Ctrl Pts',(-119.661908330641,43.7214844796541,-34.6));
#9632=CARTESIAN_POINT('Ctrl Pts',(-119.661908330641,43.7214844796541,-35.9333333333358));
#9633=CARTESIAN_POINT('Ctrl Pts',(-119.661908330641,43.7214844796541,-37.2666666666716));
#9634=CARTESIAN_POINT('Ctrl Pts',(-119.661908330641,43.7214844796541,-38.6000000000073));
#9635=CARTESIAN_POINT('Ctrl Pts',(-119.687194276627,44.2474724150454,-34.6));
#9636=CARTESIAN_POINT('Ctrl Pts',(-119.687194276627,44.2474724150454,-35.9333333333358));
#9637=CARTESIAN_POINT('Ctrl Pts',(-119.687194276627,44.2474724150454,-37.2666666666716));
#9638=CARTESIAN_POINT('Ctrl Pts',(-119.687194276627,44.2474724150454,-38.6000000000073));
#9639=CARTESIAN_POINT('Ctrl Pts',(-119.887489711846,44.698342853256,-34.6));
#9640=CARTESIAN_POINT('Ctrl Pts',(-119.887489711846,44.698342853256,-35.9333333333358));
#9641=CARTESIAN_POINT('Ctrl Pts',(-119.887489711846,44.698342853256,-37.2666666666716));
#9642=CARTESIAN_POINT('Ctrl Pts',(-119.887489711846,44.698342853256,-38.6000000000073));
#9643=CARTESIAN_POINT('',(-119.887489711846,44.698342853256,-34.6));
#9644=CARTESIAN_POINT('Ctrl Pts',(-119.818030463236,43.2534798929929,-34.6));
#9645=CARTESIAN_POINT('Ctrl Pts',(-119.661908330641,43.7214844796541,-34.6));
#9646=CARTESIAN_POINT('Ctrl Pts',(-119.687194276627,44.2474724150454,-34.6));
#9647=CARTESIAN_POINT('Ctrl Pts',(-119.887489711846,44.698342853256,-34.6));
#9648=CARTESIAN_POINT('',(-119.887489711846,44.698342853256,-38.6000000000073));
#9649=CARTESIAN_POINT('Ctrl Pts',(-119.887489711846,44.698342853256,-38.6000000000073));
#9650=CARTESIAN_POINT('Ctrl Pts',(-119.687194276627,44.2474724150454,-38.6000000000073));
#9651=CARTESIAN_POINT('Ctrl Pts',(-119.661908330641,43.7214844796541,-38.6000000000073));
#9652=CARTESIAN_POINT('Ctrl Pts',(-119.818030463236,43.2534798929929,-38.6000000000073));
#9653=CARTESIAN_POINT('Ctrl Pts',(-119.887489711846,44.698342853256,-38.6000000000073));
#9654=CARTESIAN_POINT('Ctrl Pts',(-119.887489711846,44.698342853256,-37.2666666666716));
#9655=CARTESIAN_POINT('Ctrl Pts',(-119.887489711846,44.698342853256,-35.9333333333358));
#9656=CARTESIAN_POINT('Ctrl Pts',(-119.887489711846,44.698342853256,-34.6));
#9657=CARTESIAN_POINT('Origin',(-112.222223811532,43.3051467023524,-31.6));
#9658=CARTESIAN_POINT('',(-113.382717638697,44.9340279371611,-38.6000000000073));
#9659=CARTESIAN_POINT('Origin',(-112.222223811532,43.3051467023524,-38.6000000000073));
#9660=CARTESIAN_POINT('',(-113.382717638697,44.9340279371611,-34.6));
#9661=CARTESIAN_POINT('Origin',(-112.222223811532,43.3051467023524,-34.6));
#9662=CARTESIAN_POINT('',(-113.382717638697,44.9340279371611,-31.6));
#9663=CARTESIAN_POINT('Origin',(-107.000001673762,35.9751811457169,-38.6000000000073));
#9664=CARTESIAN_POINT('Origin',(-107.00000158929,61.9751811457133,-38.6000000000073));
#9665=CARTESIAN_POINT('',(-115.548607165329,42.8977054472657,-38.6000000000073));
#9666=CARTESIAN_POINT('Origin',(-107.00000158929,35.9751811457134,-38.6000000000073));
#9667=CARTESIAN_POINT('',(-119.016450903175,42.8977054472616,-38.6000000000073));
#9668=CARTESIAN_POINT('Ctrl Pts',(-119.016450903175,42.8977054472616,-38.6000000000073));
#9669=CARTESIAN_POINT('Ctrl Pts',(-118.985295384245,42.8384856468868,-38.6000000000073));
#9670=CARTESIAN_POINT('Ctrl Pts',(-118.952584583219,42.7824000783755,-38.6000000000073));
#9671=CARTESIAN_POINT('Ctrl Pts',(-118.918337087826,42.729424898259,-38.6000000000073));
#9672=CARTESIAN_POINT('Ctrl Pts',(-118.882294772152,42.673673429641,-38.6000000000073));
#9673=CARTESIAN_POINT('Ctrl Pts',(-118.844550552049,42.6213665768261,-38.6000000000073));
#9674=CARTESIAN_POINT('Ctrl Pts',(-118.805164008097,42.5724310765409,-38.6000000000073));
#9675=CARTESIAN_POINT('Ctrl Pts',(-118.763040247259,42.520094742766,-38.6000000000073));
#9676=CARTESIAN_POINT('Ctrl Pts',(-118.719038052246,42.4716141518766,-38.6000000000073));
#9677=CARTESIAN_POINT('Ctrl Pts',(-118.673271424621,42.4268552192637,-38.6000000000073));
#9678=CARTESIAN_POINT('Ctrl Pts',(-118.622824215454,42.3775187627062,-38.6000000000073));
#9679=CARTESIAN_POINT('Ctrl Pts',(-118.570233328284,42.3327032649407,-38.6000000000073));
#9680=CARTESIAN_POINT('Ctrl Pts',(-118.515698589812,42.2921872488142,-38.6000000000073));
#9681=CARTESIAN_POINT('Ctrl Pts',(-118.451034387707,42.2441456531498,-38.6000000000073));
#9682=CARTESIAN_POINT('Ctrl Pts',(-118.383637042947,42.2021471633518,-38.6000000000073));
#9683=CARTESIAN_POINT('Ctrl Pts',(-118.313903558307,42.1657895282234,-38.6000000000073));
#9684=CARTESIAN_POINT('Ctrl Pts',(-118.240220392405,42.1273726087937,-38.6000000000073));
#9685=CARTESIAN_POINT('Ctrl Pts',(-118.163929732084,42.0952514403164,-38.6000000000073));
#9686=CARTESIAN_POINT('Ctrl Pts',(-118.085559158089,42.0689510772978,-38.6000000000073));
#9687=CARTESIAN_POINT('Ctrl Pts',(-118.011047724701,42.0439458023938,-38.6000000000073));
#9688=CARTESIAN_POINT('Ctrl Pts',(-117.934657646743,42.0242004493778,-38.6000000000073));
#9689=CARTESIAN_POINT('Ctrl Pts',(-117.85687617459,42.0093353765988,-38.6000000000073));
#9690=CARTESIAN_POINT('Ctrl Pts',(-117.784266183288,41.9954586425216,-38.6000000000073));
#9691=CARTESIAN_POINT('Ctrl Pts',(-117.710444665221,41.9858339357137,-38.6000000000073));
#9692=CARTESIAN_POINT('Ctrl Pts',(-117.635821151859,41.9801956914737,-38.6000000000073));
#9693=CARTESIAN_POINT('Ctrl Pts',(-117.56225426744,41.9746372817494,-38.6000000000073));
#9694=CARTESIAN_POINT('Ctrl Pts',(-117.487908360331,41.9729531372084,-38.6000000000073));
#9695=CARTESIAN_POINT('Ctrl Pts',(-117.413179165156,41.9749395686613,-38.6000000000073));
#9696=CARTESIAN_POINT('Ctrl Pts',(-117.339337543838,41.9769024068636,-38.6000000000073));
#9697=CARTESIAN_POINT('Ctrl Pts',(-117.265122049814,41.9824490954512,-38.6000000000073));
#9698=CARTESIAN_POINT('Ctrl Pts',(-117.190912066054,41.9914339455032,-38.6000000000073));
#9699=CARTESIAN_POINT('Ctrl Pts',(-117.114644785373,42.0006678793498,-38.6000000000073));
#9700=CARTESIAN_POINT('Ctrl Pts',(-117.038383763329,42.013532820344,-38.6000000000073));
#9701=CARTESIAN_POINT('Ctrl Pts',(-116.962532110769,42.0299287367693,-38.6000000000073));
#9702=CARTESIAN_POINT('Ctrl Pts',(-116.888424988659,42.0459475595583,-38.6000000000073));
#9703=CARTESIAN_POINT('Ctrl Pts',(-116.814709036377,42.0653372367929,-38.6000000000073));
#9704=CARTESIAN_POINT('Ctrl Pts',(-116.741746010997,42.0880595223207,-38.6000000000073));
#9705=CARTESIAN_POINT('Ctrl Pts',(-116.667394075022,42.1112143450538,-38.6000000000073));
#9706=CARTESIAN_POINT('Ctrl Pts',(-116.593824670654,42.1378304007821,-38.6000000000073));
#9707=CARTESIAN_POINT('Ctrl Pts',(-116.521397139951,42.1679170150481,-38.6000000000073));
#9708=CARTESIAN_POINT('Ctrl Pts',(-116.448455170277,42.1982173288115,-38.6000000000073));
#9709=CARTESIAN_POINT('Ctrl Pts',(-116.376672018367,42.2320383619848,-38.6000000000073));
#9710=CARTESIAN_POINT('Ctrl Pts',(-116.306381096243,42.2694302259584,-38.6000000000073));
#9711=CARTESIAN_POINT('Ctrl Pts',(-116.235843953793,42.3069530689635,-38.6000000000073));
#9712=CARTESIAN_POINT('Ctrl Pts',(-116.166810207765,42.3480725777721,-38.6000000000073));
#9713=CARTESIAN_POINT('Ctrl Pts',(-116.09957291854,42.3928692540421,-38.6000000000073));
#9714=CARTESIAN_POINT('Ctrl Pts',(-116.037927413266,42.4339404182002,-38.6000000000073));
#9715=CARTESIAN_POINT('Ctrl Pts',(-115.977792284873,42.4781039697993,-38.6000000000073));
#9716=CARTESIAN_POINT('Ctrl Pts',(-115.91935059293,42.525430726939,-38.6000000000073));
#9717=CARTESIAN_POINT('Ctrl Pts',(-115.863928770078,42.5703119592092,-38.6000000000073));
#9718=CARTESIAN_POINT('Ctrl Pts',(-115.81003020534,42.6180388411746,-38.6000000000073));
#9719=CARTESIAN_POINT('Ctrl Pts',(-115.757766235217,42.6686641478915,-38.6000000000073));
#9720=CARTESIAN_POINT('Ctrl Pts',(-115.708836611023,42.716059652415,-38.6000000000073));
#9721=CARTESIAN_POINT('Ctrl Pts',(-115.661339709827,42.7659960762771,-38.6000000000073));
#9722=CARTESIAN_POINT('Ctrl Pts',(-115.615324393062,42.8185001626044,-38.6000000000073));
#9723=CARTESIAN_POINT('Ctrl Pts',(-115.592728186965,42.8442827332565,-38.6000000000073));
#9724=CARTESIAN_POINT('Ctrl Pts',(-115.570488574049,42.8706841578364,-38.6000000000073));
#9725=CARTESIAN_POINT('Ctrl Pts',(-115.548607165316,42.8977054472616,-38.6000000000073));
#9726=CARTESIAN_POINT('Origin',(-107.00000158929,61.9751811457133,-38.6000000000073));
#9727=CARTESIAN_POINT('Origin',(-107.000001673762,35.9751811457169,-38.6000000000073));
#9728=CARTESIAN_POINT('Origin',(-107.00000158929,61.9751811457133,-38.6000000000073));
#9729=CARTESIAN_POINT('',(-94.9835522754145,42.8977054472657,-38.6000000000073));
#9730=CARTESIAN_POINT('Origin',(-107.00000158929,61.9751811457133,-38.6000000000073));
#9731=CARTESIAN_POINT('',(-98.451396013263,42.8977054472616,-38.6000000000073));
#9732=CARTESIAN_POINT('Ctrl Pts',(-98.451396013263,42.8977054472616,-38.6000000000073));
#9733=CARTESIAN_POINT('Ctrl Pts',(-98.4070205461738,42.8429063091331,-38.6000000000073));
#9734=CARTESIAN_POINT('Ctrl Pts',(-98.361168851036,42.7906581611487,-38.6000000000073));
#9735=CARTESIAN_POINT('Ctrl Pts',(-98.3138665053613,42.7409460067325,-38.6000000000073));
#9736=CARTESIAN_POINT('Ctrl Pts',(-98.264001541962,42.6885406825333,-38.6000000000073));
#9737=CARTESIAN_POINT('Ctrl Pts',(-98.2125246001752,42.6389530211704,-38.6000000000073));
#9738=CARTESIAN_POINT('Ctrl Pts',(-98.1595184982671,42.5921407757257,-38.6000000000073));
#9739=CARTESIAN_POINT('Ctrl Pts',(-98.1030740642237,42.5422919733179,-38.6000000000073));
#9740=CARTESIAN_POINT('Ctrl Pts',(-98.0448958389476,42.4955894654401,-38.6000000000073));
#9741=CARTESIAN_POINT('Ctrl Pts',(-97.9851400607558,42.4519661200176,-38.6000000000073));
#9742=CARTESIAN_POINT('Ctrl Pts',(-97.9203114703909,42.4046394835598,-38.6000000000073));
#9743=CARTESIAN_POINT('Ctrl Pts',(-97.8536264323733,42.360935485307,-38.6000000000073));
#9744=CARTESIAN_POINT('Ctrl Pts',(-97.7853449466536,42.3207689433991,-38.6000000000073));
#9745=CARTESIAN_POINT('Ctrl Pts',(-97.7164222031969,42.2802251820227,-38.6000000000073));
#9746=CARTESIAN_POINT('Ctrl Pts',(-97.6458736827318,42.2432844867094,-38.6000000000073));
#9747=CARTESIAN_POINT('Ctrl Pts',(-97.574014963668,42.2098823586452,-38.6000000000073));
#9748=CARTESIAN_POINT('Ctrl Pts',(-97.5028047380997,42.1767816701705,-38.6000000000073));
#9749=CARTESIAN_POINT('Ctrl Pts',(-97.4303085237412,42.1471553050937,-38.6000000000073));
#9750=CARTESIAN_POINT('Ctrl Pts',(-97.3568701788238,42.1209752221379,-38.6000000000073));
#9751=CARTESIAN_POINT('Ctrl Pts',(-97.2850541342159,42.0953734740658,-38.6000000000073));
#9752=CARTESIAN_POINT('Ctrl Pts',(-97.2123377789054,42.0730669319054,-38.6000000000073));
#9753=CARTESIAN_POINT('Ctrl Pts',(-97.1390681604638,42.0540711136924,-38.6000000000073));
#9754=CARTESIAN_POINT('Ctrl Pts',(-97.0668482963764,42.0353474538897,-38.6000000000073));
#9755=CARTESIAN_POINT('Ctrl Pts',(-96.9940914480996,42.0198399082292,-38.6000000000073));
#9756=CARTESIAN_POINT('Ctrl Pts',(-96.9211462333385,42.0076114020323,-38.6000000000073));
#9757=CARTESIAN_POINT('Ctrl Pts',(-96.8473325519147,41.9952373064367,-38.6000000000073));
#9758=CARTESIAN_POINT('Ctrl Pts',(-96.7733263267469,41.9862208109332,-38.6000000000073));
#9759=CARTESIAN_POINT('Ctrl Pts',(-96.699499154056,41.9806797761038,-38.6000000000073));
#9760=CARTESIAN_POINT('Ctrl Pts',(-96.6247575975376,41.9750701129842,-38.6000000000073));
#9761=CARTESIAN_POINT('Ctrl Pts',(-96.5501999168358,41.973022579488,-38.6000000000073));
#9762=CARTESIAN_POINT('Ctrl Pts',(-96.476216994685,41.9747125560683,-38.6000000000073));
#9763=CARTESIAN_POINT('Ctrl Pts',(-96.3999827514194,41.9764539591109,-38.6000000000073));
#9764=CARTESIAN_POINT('Ctrl Pts',(-96.3243592013448,41.982163694928,-38.6000000000073));
#9765=CARTESIAN_POINT('Ctrl Pts',(-96.2497736024901,41.9920903526851,-38.6000000000073));
#9766=CARTESIAN_POINT('Ctrl Pts',(-96.1704157085649,42.0026521590581,-38.6000000000073));
#9767=CARTESIAN_POINT('Ctrl Pts',(-96.0922337501263,42.0179881881849,-38.6000000000073));
#9768=CARTESIAN_POINT('Ctrl Pts',(-96.0157323076528,42.0384620412435,-38.6000000000073));
#9769=CARTESIAN_POINT('Ctrl Pts',(-95.9356799986692,42.059886202124,-38.6000000000073));
#9770=CARTESIAN_POINT('Ctrl Pts',(-95.8574693751573,42.0869380658941,-38.6000000000073));
#9771=CARTESIAN_POINT('Ctrl Pts',(-95.7816479388903,42.1200824210227,-38.6000000000073));
#9772=CARTESIAN_POINT('Ctrl Pts',(-95.7094781693552,42.1516304975139,-38.6000000000073));
#9773=CARTESIAN_POINT('Ctrl Pts',(-95.6394738142101,42.1887004505741,-38.6000000000073));
#9774=CARTESIAN_POINT('Ctrl Pts',(-95.5720633373639,42.2317054795791,-38.6000000000073));
#9775=CARTESIAN_POINT('Ctrl Pts',(-95.5143001429966,42.2685559509807,-38.6000000000073));
#9776=CARTESIAN_POINT('Ctrl Pts',(-95.4584413609885,42.3097654151802,-38.6000000000073));
#9777=CARTESIAN_POINT('Ctrl Pts',(-95.40472172304,42.3555840331483,-38.6000000000073));
#9778=CARTESIAN_POINT('Ctrl Pts',(-95.3566266604457,42.3966053315656,-38.6000000000073));
#9779=CARTESIAN_POINT('Ctrl Pts',(-95.3102463709021,42.4413220087032,-38.6000000000073));
#9780=CARTESIAN_POINT('Ctrl Pts',(-95.2657180842288,42.4898908130191,-38.6000000000073));
#9781=CARTESIAN_POINT('Ctrl Pts',(-95.2237359213871,42.5356824570313,-38.6000000000073));
#9782=CARTESIAN_POINT('Ctrl Pts',(-95.1834002062335,42.5848988850568,-38.6000000000073));
#9783=CARTESIAN_POINT('Ctrl Pts',(-95.1447942335712,42.637640102263,-38.6000000000073));
#9784=CARTESIAN_POINT('Ctrl Pts',(-95.1086431100074,42.6870276485063,-38.6000000000073));
#9785=CARTESIAN_POINT('Ctrl Pts',(-95.0740087718146,42.7395062470433,-38.6000000000073));
#9786=CARTESIAN_POINT('Ctrl Pts',(-95.0409296413465,42.7951239245898,-38.6000000000073));
#9787=CARTESIAN_POINT('Ctrl Pts',(-95.021253349084,42.8282067070838,-38.6000000000073));
#9788=CARTESIAN_POINT('Ctrl Pts',(-95.0021267372868,42.862399473793,-38.6000000000073));
#9789=CARTESIAN_POINT('Ctrl Pts',(-94.9835522754046,42.8977054472616,-38.6000000000073));
#9790=CARTESIAN_POINT('Origin',(-107.00000158929,35.9751811457134,-38.6000000000073));
#9791=CARTESIAN_POINT('Ctrl Pts',(-115.548607165316,42.8977054472616,-41.6));
#9792=CARTESIAN_POINT('Ctrl Pts',(-115.548607165316,42.8977054472616,-21.6));
#9793=CARTESIAN_POINT('Ctrl Pts',(-115.662313123694,42.7572902825803,-41.6));
#9794=CARTESIAN_POINT('Ctrl Pts',(-115.662313123694,42.7572902825803,-21.6));
#9795=CARTESIAN_POINT('Ctrl Pts',(-115.905835153954,42.5043509490312,-41.6));
#9796=CARTESIAN_POINT('Ctrl Pts',(-115.905835153954,42.5043509490312,-21.6));
#9797=CARTESIAN_POINT('Ctrl Pts',(-116.31939667722,42.2085521222675,-41.6));
#9798=CARTESIAN_POINT('Ctrl Pts',(-116.31939667722,42.2085521222675,-21.6));
#9799=CARTESIAN_POINT('Ctrl Pts',(-116.946791639423,41.969088061855,-41.6));
#9800=CARTESIAN_POINT('Ctrl Pts',(-116.946791639423,41.969088061855,-21.6));
#9801=CARTESIAN_POINT('Ctrl Pts',(-117.763968437611,41.9179449939914,-41.6));
#9802=CARTESIAN_POINT('Ctrl Pts',(-117.763968437611,41.9179449939914,-21.6));
#9803=CARTESIAN_POINT('Ctrl Pts',(-118.358337622065,42.1110464348413,-41.6));
#9804=CARTESIAN_POINT('Ctrl Pts',(-118.358337622065,42.1110464348413,-21.6));
#9805=CARTESIAN_POINT('Ctrl Pts',(-118.725089820989,42.4283474418284,-41.6));
#9806=CARTESIAN_POINT('Ctrl Pts',(-118.725089820989,42.4283474418284,-21.6));
#9807=CARTESIAN_POINT('Ctrl Pts',(-118.926516853614,42.7267605667126,-41.6));
#9808=CARTESIAN_POINT('Ctrl Pts',(-118.926516853614,42.7267605667126,-21.6));
#9809=CARTESIAN_POINT('Ctrl Pts',(-119.016450903175,42.8977054472616,-41.6));
#9810=CARTESIAN_POINT('Ctrl Pts',(-119.016450903175,42.8977054472616,-21.6));
#9811=CARTESIAN_POINT('',(-115.548607165329,42.8977054472657,-34.6000000000073));
#9812=CARTESIAN_POINT('',(-119.016450903175,42.8977054472616,-34.6000000000073));
#9813=CARTESIAN_POINT('Ctrl Pts',(-115.548607165316,42.8977054472616,-34.6000000000073));
#9814=CARTESIAN_POINT('Ctrl Pts',(-115.592982632405,42.8429063091341,-34.6000000000073));
#9815=CARTESIAN_POINT('Ctrl Pts',(-115.638834327542,42.7906581611506,-34.6000000000073));
#9816=CARTESIAN_POINT('Ctrl Pts',(-115.686136673215,42.7409460067353,-34.6000000000073));
#9817=CARTESIAN_POINT('Ctrl Pts',(-115.736001636614,42.6885406825366,-34.6000000000073));
#9818=CARTESIAN_POINT('Ctrl Pts',(-115.7874785784,42.6389530211742,-34.6000000000073));
#9819=CARTESIAN_POINT('Ctrl Pts',(-115.840484680308,42.5921407757299,-34.6000000000073));
#9820=CARTESIAN_POINT('Ctrl Pts',(-115.896929114351,42.5422919733219,-34.6000000000073));
#9821=CARTESIAN_POINT('Ctrl Pts',(-115.955107339627,42.4955894654439,-34.6000000000073));
#9822=CARTESIAN_POINT('Ctrl Pts',(-116.014863117819,42.4519661200212,-34.6000000000073));
#9823=CARTESIAN_POINT('Ctrl Pts',(-116.079691708186,42.4046394835615,-34.6000000000073));
#9824=CARTESIAN_POINT('Ctrl Pts',(-116.146376746206,42.3609354853071,-34.6000000000073));
#9825=CARTESIAN_POINT('Ctrl Pts',(-116.214658231928,42.3207689433979,-34.6000000000073));
#9826=CARTESIAN_POINT('Ctrl Pts',(-116.283580975384,42.2802251820222,-34.6000000000073));
#9827=CARTESIAN_POINT('Ctrl Pts',(-116.354129495848,42.2432844867096,-34.6000000000073));
#9828=CARTESIAN_POINT('Ctrl Pts',(-116.42598821491,42.2098823586458,-34.6000000000073));
#9829=CARTESIAN_POINT('Ctrl Pts',(-116.497198440478,42.1767816701713,-34.6000000000073));
#9830=CARTESIAN_POINT('Ctrl Pts',(-116.569694654836,42.1471553050946,-34.6000000000073));
#9831=CARTESIAN_POINT('Ctrl Pts',(-116.643132999753,42.1209752221387,-34.6000000000073));
#9832=CARTESIAN_POINT('Ctrl Pts',(-116.714949044363,42.095373474066,-34.6000000000073));
#9833=CARTESIAN_POINT('Ctrl Pts',(-116.787665399675,42.073066931905,-34.6000000000073));
#9834=CARTESIAN_POINT('Ctrl Pts',(-116.860935018119,42.0540711136916,-34.6000000000073));
#9835=CARTESIAN_POINT('Ctrl Pts',(-116.933154882206,42.035347453889,-34.6000000000073));
#9836=CARTESIAN_POINT('Ctrl Pts',(-117.005911730483,42.0198399082285,-34.6000000000073));
#9837=CARTESIAN_POINT('Ctrl Pts',(-117.078856945244,42.0076114020318,-34.6000000000073));
#9838=CARTESIAN_POINT('Ctrl Pts',(-117.152670626668,41.9952373064362,-34.6000000000073));
#9839=CARTESIAN_POINT('Ctrl Pts',(-117.226676851836,41.9862208109328,-34.6000000000073));
#9840=CARTESIAN_POINT('Ctrl Pts',(-117.300504024527,41.9806797761035,-34.6000000000073));
#9841=CARTESIAN_POINT('Ctrl Pts',(-117.375245581046,41.975070112984,-34.6000000000073));
#9842=CARTESIAN_POINT('Ctrl Pts',(-117.449803261749,41.9730225794879,-34.6000000000073));
#9843=CARTESIAN_POINT('Ctrl Pts',(-117.5237861839,41.9747125560684,-34.6000000000073));
#9844=CARTESIAN_POINT('Ctrl Pts',(-117.600020427166,41.9764539591112,-34.6000000000073));
#9845=CARTESIAN_POINT('Ctrl Pts',(-117.67564397724,41.9821636949285,-34.6000000000073));
#9846=CARTESIAN_POINT('Ctrl Pts',(-117.750229576095,41.9920903526858,-34.6000000000073));
#9847=CARTESIAN_POINT('Ctrl Pts',(-117.829587470021,42.0026521590592,-34.6000000000073));
#9848=CARTESIAN_POINT('Ctrl Pts',(-117.90776942846,42.0179881881864,-34.6000000000073));
#9849=CARTESIAN_POINT('Ctrl Pts',(-117.984270870934,42.0384620412456,-34.6000000000073));
#9850=CARTESIAN_POINT('Ctrl Pts',(-118.064323179919,42.0598862021267,-34.6000000000073));
#9851=CARTESIAN_POINT('Ctrl Pts',(-118.142533803432,42.0869380658976,-34.6000000000073));
#9852=CARTESIAN_POINT('Ctrl Pts',(-118.218355239699,42.1200824210272,-34.6000000000073));
#9853=CARTESIAN_POINT('Ctrl Pts',(-118.290525009234,42.1516304975188,-34.6000000000073));
#9854=CARTESIAN_POINT('Ctrl Pts',(-118.360529364379,42.1887004505794,-34.6000000000073));
#9855=CARTESIAN_POINT('Ctrl Pts',(-118.427939841224,42.2317054795848,-34.6000000000073));
#9856=CARTESIAN_POINT('Ctrl Pts',(-118.485703035591,42.2685559509863,-34.6000000000073));
#9857=CARTESIAN_POINT('Ctrl Pts',(-118.541561817598,42.3097654151857,-34.6000000000073));
#9858=CARTESIAN_POINT('Ctrl Pts',(-118.595281455546,42.3555840331536,-34.6000000000073));
#9859=CARTESIAN_POINT('Ctrl Pts',(-118.64337651814,42.3966053315712,-34.6000000000073));
#9860=CARTESIAN_POINT('Ctrl Pts',(-118.689756807683,42.4413220087092,-34.6000000000073));
#9861=CARTESIAN_POINT('Ctrl Pts',(-118.734285094356,42.4898908130254,-34.6000000000073));
#9862=CARTESIAN_POINT('Ctrl Pts',(-118.776267257198,42.5356824570379,-34.6000000000073));
#9863=CARTESIAN_POINT('Ctrl Pts',(-118.816602972352,42.584898885064,-34.6000000000073));
#9864=CARTESIAN_POINT('Ctrl Pts',(-118.855208945014,42.6376401022705,-34.6000000000073));
#9865=CARTESIAN_POINT('Ctrl Pts',(-118.891360068578,42.6870276485144,-34.6000000000073));
#9866=CARTESIAN_POINT('Ctrl Pts',(-118.92599440677,42.7395062470519,-34.6000000000073));
#9867=CARTESIAN_POINT('Ctrl Pts',(-118.959073537238,42.7951239245989,-34.6000000000073));
#9868=CARTESIAN_POINT('Ctrl Pts',(-118.978749829499,42.8282067070901,-34.6000000000073));
#9869=CARTESIAN_POINT('Ctrl Pts',(-118.997876441294,42.8623994737962,-34.6000000000073));
#9870=CARTESIAN_POINT('Ctrl Pts',(-119.016450903175,42.8977054472616,-34.6000000000073));
#9871=CARTESIAN_POINT('',(-119.016450903175,42.8977054472616,-28.6000000000073));
#9872=CARTESIAN_POINT('',(-119.016450903175,42.8977054472616,-31.6));
#9873=CARTESIAN_POINT('',(-115.548607165329,42.8977054472657,-28.6000000000073));
#9874=CARTESIAN_POINT('Ctrl Pts',(-119.016450903175,42.8977054472616,-28.6000000000073));
#9875=CARTESIAN_POINT('Ctrl Pts',(-118.985295384245,42.8384856468868,-28.6000000000073));
#9876=CARTESIAN_POINT('Ctrl Pts',(-118.952584583219,42.7824000783755,-28.6000000000073));
#9877=CARTESIAN_POINT('Ctrl Pts',(-118.918337087826,42.729424898259,-28.6000000000073));
#9878=CARTESIAN_POINT('Ctrl Pts',(-118.882294772152,42.673673429641,-28.6000000000073));
#9879=CARTESIAN_POINT('Ctrl Pts',(-118.844550552049,42.6213665768261,-28.6000000000073));
#9880=CARTESIAN_POINT('Ctrl Pts',(-118.805164008097,42.5724310765409,-28.6000000000073));
#9881=CARTESIAN_POINT('Ctrl Pts',(-118.763040247259,42.520094742766,-28.6000000000073));
#9882=CARTESIAN_POINT('Ctrl Pts',(-118.719038052246,42.4716141518766,-28.6000000000073));
#9883=CARTESIAN_POINT('Ctrl Pts',(-118.673271424621,42.4268552192637,-28.6000000000073));
#9884=CARTESIAN_POINT('Ctrl Pts',(-118.622824215454,42.3775187627062,-28.6000000000073));
#9885=CARTESIAN_POINT('Ctrl Pts',(-118.570233328284,42.3327032649407,-28.6000000000073));
#9886=CARTESIAN_POINT('Ctrl Pts',(-118.515698589812,42.2921872488142,-28.6000000000073));
#9887=CARTESIAN_POINT('Ctrl Pts',(-118.451034387707,42.2441456531498,-28.6000000000073));
#9888=CARTESIAN_POINT('Ctrl Pts',(-118.383637042947,42.2021471633518,-28.6000000000073));
#9889=CARTESIAN_POINT('Ctrl Pts',(-118.313903558307,42.1657895282234,-28.6000000000073));
#9890=CARTESIAN_POINT('Ctrl Pts',(-118.240220392405,42.1273726087937,-28.6000000000073));
#9891=CARTESIAN_POINT('Ctrl Pts',(-118.163929732084,42.0952514403164,-28.6000000000073));
#9892=CARTESIAN_POINT('Ctrl Pts',(-118.085559158089,42.0689510772978,-28.6000000000073));
#9893=CARTESIAN_POINT('Ctrl Pts',(-118.011047724701,42.0439458023938,-28.6000000000073));
#9894=CARTESIAN_POINT('Ctrl Pts',(-117.934657646743,42.0242004493778,-28.6000000000073));
#9895=CARTESIAN_POINT('Ctrl Pts',(-117.85687617459,42.0093353765988,-28.6000000000073));
#9896=CARTESIAN_POINT('Ctrl Pts',(-117.784266183288,41.9954586425216,-28.6000000000073));
#9897=CARTESIAN_POINT('Ctrl Pts',(-117.710444665221,41.9858339357137,-28.6000000000073));
#9898=CARTESIAN_POINT('Ctrl Pts',(-117.635821151859,41.9801956914737,-28.6000000000073));
#9899=CARTESIAN_POINT('Ctrl Pts',(-117.56225426744,41.9746372817494,-28.6000000000073));
#9900=CARTESIAN_POINT('Ctrl Pts',(-117.487908360331,41.9729531372084,-28.6000000000073));
#9901=CARTESIAN_POINT('Ctrl Pts',(-117.413179165156,41.9749395686613,-28.6000000000073));
#9902=CARTESIAN_POINT('Ctrl Pts',(-117.339337543838,41.9769024068636,-28.6000000000073));
#9903=CARTESIAN_POINT('Ctrl Pts',(-117.265122049814,41.9824490954512,-28.6000000000073));
#9904=CARTESIAN_POINT('Ctrl Pts',(-117.190912066054,41.9914339455032,-28.6000000000073));
#9905=CARTESIAN_POINT('Ctrl Pts',(-117.114644785373,42.0006678793498,-28.6000000000073));
#9906=CARTESIAN_POINT('Ctrl Pts',(-117.038383763329,42.013532820344,-28.6000000000073));
#9907=CARTESIAN_POINT('Ctrl Pts',(-116.962532110769,42.0299287367693,-28.6000000000073));
#9908=CARTESIAN_POINT('Ctrl Pts',(-116.888424988659,42.0459475595583,-28.6000000000073));
#9909=CARTESIAN_POINT('Ctrl Pts',(-116.814709036377,42.0653372367929,-28.6000000000073));
#9910=CARTESIAN_POINT('Ctrl Pts',(-116.741746010997,42.0880595223207,-28.6000000000073));
#9911=CARTESIAN_POINT('Ctrl Pts',(-116.667394075022,42.1112143450538,-28.6000000000073));
#9912=CARTESIAN_POINT('Ctrl Pts',(-116.593824670654,42.1378304007821,-28.6000000000073));
#9913=CARTESIAN_POINT('Ctrl Pts',(-116.521397139951,42.1679170150481,-28.6000000000073));
#9914=CARTESIAN_POINT('Ctrl Pts',(-116.448455170277,42.1982173288115,-28.6000000000073));
#9915=CARTESIAN_POINT('Ctrl Pts',(-116.376672018367,42.2320383619848,-28.6000000000073));
#9916=CARTESIAN_POINT('Ctrl Pts',(-116.306381096243,42.2694302259584,-28.6000000000073));
#9917=CARTESIAN_POINT('Ctrl Pts',(-116.235843953793,42.3069530689635,-28.6000000000073));
#9918=CARTESIAN_POINT('Ctrl Pts',(-116.166810207765,42.3480725777721,-28.6000000000073));
#9919=CARTESIAN_POINT('Ctrl Pts',(-116.09957291854,42.3928692540421,-28.6000000000073));
#9920=CARTESIAN_POINT('Ctrl Pts',(-116.037927413266,42.4339404182002,-28.6000000000073));
#9921=CARTESIAN_POINT('Ctrl Pts',(-115.977792284873,42.4781039697993,-28.6000000000073));
#9922=CARTESIAN_POINT('Ctrl Pts',(-115.91935059293,42.525430726939,-28.6000000000073));
#9923=CARTESIAN_POINT('Ctrl Pts',(-115.863928770078,42.5703119592092,-28.6000000000073));
#9924=CARTESIAN_POINT('Ctrl Pts',(-115.81003020534,42.6180388411746,-28.6000000000073));
#9925=CARTESIAN_POINT('Ctrl Pts',(-115.757766235217,42.6686641478915,-28.6000000000073));
#9926=CARTESIAN_POINT('Ctrl Pts',(-115.708836611023,42.716059652415,-28.6000000000073));
#9927=CARTESIAN_POINT('Ctrl Pts',(-115.661339709827,42.7659960762771,-28.6000000000073));
#9928=CARTESIAN_POINT('Ctrl Pts',(-115.615324393062,42.8185001626044,-28.6000000000073));
#9929=CARTESIAN_POINT('Ctrl Pts',(-115.592728186965,42.8442827332565,-28.6000000000073));
#9930=CARTESIAN_POINT('Ctrl Pts',(-115.570488574049,42.8706841578364,-28.6000000000073));
#9931=CARTESIAN_POINT('Ctrl Pts',(-115.548607165316,42.8977054472616,-28.6000000000073));
#9932=CARTESIAN_POINT('',(-115.548607165316,42.8977054472616,-31.6));
#9933=CARTESIAN_POINT('Ctrl Pts',(-132.000001966953,61.9751811457133,-41.6));
#9934=CARTESIAN_POINT('Ctrl Pts',(-132.000001966953,24.9751811457134,-41.6));
#9935=CARTESIAN_POINT('Ctrl Pts',(-107.00000158929,24.9751811457134,-41.6));
#9936=CARTESIAN_POINT('Ctrl Pts',(-82.0000012116262,24.9751811457134,-41.6));
#9937=CARTESIAN_POINT('Ctrl Pts',(-82.0000012116262,61.9751811457133,-41.6));
#9938=CARTESIAN_POINT('Ctrl Pts',(-132.000001966953,61.9751811457133,-21.6));
#9939=CARTESIAN_POINT('Ctrl Pts',(-132.000001966953,24.9751811457134,-21.6));
#9940=CARTESIAN_POINT('Ctrl Pts',(-107.00000158929,24.9751811457134,-21.6));
#9941=CARTESIAN_POINT('Ctrl Pts',(-82.0000012116262,24.9751811457134,-21.6));
#9942=CARTESIAN_POINT('Ctrl Pts',(-82.0000012116262,61.9751811457133,-21.6));
#9943=CARTESIAN_POINT('',(-82.0000012116262,61.9751811457134,-21.6));
#9944=CARTESIAN_POINT('',(-82.0000012116262,61.9751811457133,-31.6));
#9945=CARTESIAN_POINT('',(-82.0000012116262,61.9751811457134,-31.6));
#9946=CARTESIAN_POINT('',(-132.000001966953,61.9751811457133,-21.6));
#9947=CARTESIAN_POINT('Origin',(-107.00000158929,61.9751811457133,-21.6));
#9948=CARTESIAN_POINT('',(-132.000001966953,61.9751811457133,-31.6));
#9949=CARTESIAN_POINT('',(-132.000001966953,61.9751811457133,-31.6));
#9950=CARTESIAN_POINT('',(-132.000001966953,61.9751811457133,-41.6));
#9951=CARTESIAN_POINT('',(-132.000001966953,61.9751811457133,-31.6));
#9952=CARTESIAN_POINT('',(-82.0000012116262,61.9751811457134,-41.6));
#9953=CARTESIAN_POINT('Origin',(-107.00000158929,61.9751811457133,-41.6));
#9954=CARTESIAN_POINT('',(-82.0000012116262,61.9751811457134,-31.6));
#9955=CARTESIAN_POINT('',(-95.7047991088464,28.966920454925,-34.6));
#9956=CARTESIAN_POINT('Origin',(-107.00000158929,61.9751811457133,-34.6000000000073));
#9957=CARTESIAN_POINT('',(-98.4425348538063,27.2103067194019,-32.6));
#9958=CARTESIAN_POINT('Ctrl Pts',(-95.7047991088467,28.966920454925,-34.6));
#9959=CARTESIAN_POINT('Ctrl Pts',(-95.9702444438312,28.7679585662006,-34.6));
#9960=CARTESIAN_POINT('Ctrl Pts',(-96.2363526090473,28.5774982501577,-34.53386940434));
#9961=CARTESIAN_POINT('Ctrl Pts',(-96.7688329583069,28.2125250689569,-34.2955393568186));
#9962=CARTESIAN_POINT('Ctrl Pts',(-97.0767710303485,28.0102759170744,-34.0996951680803));
#9963=CARTESIAN_POINT('Ctrl Pts',(-97.6057938251055,27.685500729631,-33.6007491500236));
#9964=CARTESIAN_POINT('Ctrl Pts',(-97.7737770763837,27.5859548334661,-33.4151355825777));
#9965=CARTESIAN_POINT('Ctrl Pts',(-98.1133169853967,27.3906507314885,-33.0097610720717));
#9966=CARTESIAN_POINT('Ctrl Pts',(-98.2716704298931,27.3024894050503,-32.8058185170111));
#9967=CARTESIAN_POINT('Ctrl Pts',(-98.4393612922468,27.2120180871062,-32.6038192214121));
#9968=CARTESIAN_POINT('Ctrl Pts',(-98.4409477712658,27.2111624311338,-32.601909361469));
#9969=CARTESIAN_POINT('Ctrl Pts',(-98.4425348538063,27.2103067194018,-32.6));
#9970=CARTESIAN_POINT('',(-98.4425348538063,27.2103067194018,-30.6));
#9971=CARTESIAN_POINT('',(-98.4425348538063,27.2103067194018,-31.6));
#9972=CARTESIAN_POINT('',(-95.7047991084777,28.9669204549215,-28.6));
#9973=CARTESIAN_POINT('Ctrl Pts',(-98.4425348538063,27.2103067194018,-30.6));
#9974=CARTESIAN_POINT('Ctrl Pts',(-98.4409477694027,27.2111624321383,-30.5980906362896));
#9975=CARTESIAN_POINT('Ctrl Pts',(-98.4393612941014,27.2120180861056,-30.5961807808257));
#9976=CARTESIAN_POINT('Ctrl Pts',(-98.2716703649167,27.3024894401059,-30.3941814046251));
#9977=CARTESIAN_POINT('Ctrl Pts',(-98.1133169722195,27.390650739068,-30.1902389121962));
#9978=CARTESIAN_POINT('Ctrl Pts',(-97.7737770763837,27.585954833466,-29.7848644174227));
#9979=CARTESIAN_POINT('Ctrl Pts',(-97.6057938251053,27.6855007296312,-29.599250849976));
#9980=CARTESIAN_POINT('Ctrl Pts',(-97.0767710303492,28.0102759170741,-29.1003048319203));
#9981=CARTESIAN_POINT('Ctrl Pts',(-96.7688329583076,28.2125250689566,-28.9044606431817));
#9982=CARTESIAN_POINT('Ctrl Pts',(-96.2363526090475,28.5774982501578,-28.66613059566));
#9983=CARTESIAN_POINT('Ctrl Pts',(-95.9702444438312,28.7679585662006,-28.6));
#9984=CARTESIAN_POINT('Ctrl Pts',(-95.7047991088467,28.966920454925,-28.6));
#9985=CARTESIAN_POINT('Origin',(-107.00000158929,61.9751811457133,-28.6000000000073));
#9986=CARTESIAN_POINT('Origin',(-107.00000158929,61.9751811457133,-24.6000000000073));
#9987=CARTESIAN_POINT('',(-82.5527965828655,54.2374295429271,-28.6));
#9988=CARTESIAN_POINT('Origin',(-107.00000158929,61.9751811457133,-28.6));
#9989=CARTESIAN_POINT('',(-82.0193997422246,60.5178881810042,-30.6));
#9990=CARTESIAN_POINT('Ctrl Pts',(-82.5527965834628,54.2374295451217,-28.6));
#9991=CARTESIAN_POINT('Ctrl Pts',(-82.4608285489407,54.8738948780394,-28.6));
#9992=CARTESIAN_POINT('Ctrl Pts',(-82.3784962959588,55.5280059539412,-28.7333248206762));
#9993=CARTESIAN_POINT('Ctrl Pts',(-82.1794138504082,57.3838090554516,-29.2715587604136));
#9994=CARTESIAN_POINT('Ctrl Pts',(-82.0629584190343,58.8958831983767,-29.9078651826111));
#9995=CARTESIAN_POINT('Ctrl Pts',(-82.0196161571979,60.5097793158808,-30.5965401379946));
#9996=CARTESIAN_POINT('Ctrl Pts',(-82.0195077257699,60.513833683579,-30.5982700968153));
#9997=CARTESIAN_POINT('Ctrl Pts',(-82.0193997422246,60.5178881810043,-30.6));
#9998=CARTESIAN_POINT('',(-82.0193997422247,60.5178881810042,-32.6));
#9999=CARTESIAN_POINT('',(-82.0193997422246,60.5178881810042,-31.6));
#10000=CARTESIAN_POINT('',(-82.5527965782331,54.2374295259077,-34.6));
#10001=CARTESIAN_POINT('Ctrl Pts',(-82.0193997422246,60.5178881810044,-32.6));
#10002=CARTESIAN_POINT('Ctrl Pts',(-82.0195077260721,60.5138336722358,-32.6017299080243));
#10003=CARTESIAN_POINT('Ctrl Pts',(-82.0196161568933,60.5097793272239,-32.6034598571467));
#10004=CARTESIAN_POINT('Ctrl Pts',(-82.062958565677,58.895877737977,-33.2921371492505));
#10005=CARTESIAN_POINT('Ctrl Pts',(-82.1794141167457,57.3838065727114,-33.9284419596493));
#10006=CARTESIAN_POINT('Ctrl Pts',(-82.3784962959585,55.5280059539437,-34.4666751793231));
#10007=CARTESIAN_POINT('Ctrl Pts',(-82.4608285489405,54.873894878041,-34.6));
#10008=CARTESIAN_POINT('Ctrl Pts',(-82.5527965834629,54.2374295451216,-34.6));
#10009=CARTESIAN_POINT('Origin',(-107.00000158929,61.9751811457133,-34.6));
#10010=CARTESIAN_POINT('',(-118.295204069733,28.966920454925,-28.6));
#10011=CARTESIAN_POINT('Origin',(-107.00000158929,61.9751811457133,-28.6000000000073));
#10012=CARTESIAN_POINT('',(-115.557468324773,27.2103067194018,-30.6));
#10013=CARTESIAN_POINT('Ctrl Pts',(-118.295204069733,28.966920454925,-28.6));
#10014=CARTESIAN_POINT('Ctrl Pts',(-118.029758734748,28.7679585662006,-28.6));
#10015=CARTESIAN_POINT('Ctrl Pts',(-117.763650569532,28.5774982501577,-28.66613059566));
#10016=CARTESIAN_POINT('Ctrl Pts',(-117.231170220274,28.212525068958,-28.9044606431806));
#10017=CARTESIAN_POINT('Ctrl Pts',(-116.923232148232,28.0102759170754,-29.1003048319182));
#10018=CARTESIAN_POINT('Ctrl Pts',(-116.394209353474,27.6855007296309,-29.5992508499765));
#10019=CARTESIAN_POINT('Ctrl Pts',(-116.226226102195,27.5859548334656,-29.7848644174233));
#10020=CARTESIAN_POINT('Ctrl Pts',(-115.886686199873,27.3906507353367,-30.1902389199408));
#10021=CARTESIAN_POINT('Ctrl Pts',(-115.728332781797,27.3024894229139,-30.3941814430611));
#10022=CARTESIAN_POINT('Ctrl Pts',(-115.560641885387,27.2120180865958,-30.5961807797292));
#10023=CARTESIAN_POINT('Ctrl Pts',(-115.559055408262,27.2111624316453,-30.5980906373896));
#10024=CARTESIAN_POINT('Ctrl Pts',(-115.557468324773,27.2103067194018,-30.6));
#10025=CARTESIAN_POINT('',(-115.557468324773,27.2103067194018,-32.6));
#10026=CARTESIAN_POINT('',(-115.557468324773,27.2103067194018,-31.6));
#10027=CARTESIAN_POINT('',(-118.295204070102,28.9669204549215,-34.6));
#10028=CARTESIAN_POINT('Ctrl Pts',(-115.557468324773,27.2103067194018,-32.6));
#10029=CARTESIAN_POINT('Ctrl Pts',(-115.559055404229,27.2111624294703,-32.6019093577575));
#10030=CARTESIAN_POINT('Ctrl Pts',(-115.560641889415,27.2120180887689,-32.6038192251308));
#10031=CARTESIAN_POINT('Ctrl Pts',(-115.728332639488,27.3024893461365,-32.8058183853152));
#10032=CARTESIAN_POINT('Ctrl Pts',(-115.886686171045,27.3906507187547,-33.0097610456415));
#10033=CARTESIAN_POINT('Ctrl Pts',(-116.226226102197,27.5859548334668,-33.4151355825791));
#10034=CARTESIAN_POINT('Ctrl Pts',(-116.394209353475,27.6855007296313,-33.6007491500242));
#10035=CARTESIAN_POINT('Ctrl Pts',(-116.923232148228,28.0102759170724,-34.0996951680773));
#10036=CARTESIAN_POINT('Ctrl Pts',(-117.231170220269,28.2125250689548,-34.2955393568172));
#10037=CARTESIAN_POINT('Ctrl Pts',(-117.763650569532,28.5774982501578,-34.53386940434));
#10038=CARTESIAN_POINT('Ctrl Pts',(-118.029758734748,28.7679585662006,-34.6));
#10039=CARTESIAN_POINT('Ctrl Pts',(-118.295204069733,28.966920454925,-34.6));
#10040=CARTESIAN_POINT('Origin',(-107.00000158929,61.9751811457133,-34.6000000000073));
#10041=CARTESIAN_POINT('',(-131.447206595712,54.2374295429123,-34.6));
#10042=CARTESIAN_POINT('Origin',(-107.00000158929,61.9751811457133,-34.6));
#10043=CARTESIAN_POINT('',(-131.980603436345,60.5178881810008,-32.6));
#10044=CARTESIAN_POINT('Ctrl Pts',(-131.447206595114,54.2374295451061,-34.6));
#10045=CARTESIAN_POINT('Ctrl Pts',(-131.539174623086,54.8738948326909,-34.6));
#10046=CARTESIAN_POINT('Ctrl Pts',(-131.621506870391,55.5280058575316,-34.4666751982707));
#10047=CARTESIAN_POINT('Ctrl Pts',(-131.820519788208,57.3831607861053,-33.9286292724021));
#10048=CARTESIAN_POINT('Ctrl Pts',(-131.937006488006,58.8944581099323,-33.2927434176665));
#10049=CARTESIAN_POINT('Ctrl Pts',(-131.980387101375,60.5097822945369,-32.6034585859679));
#10050=CARTESIAN_POINT('Ctrl Pts',(-131.980495373605,60.513830710026,-32.6017311718871));
#10051=CARTESIAN_POINT('Ctrl Pts',(-131.980603436345,60.5178881810006,-32.6));
#10052=CARTESIAN_POINT('',(-131.980603436345,60.5178881810008,-30.6));
#10053=CARTESIAN_POINT('',(-131.980603436345,60.5178881810008,-31.5999999999927));
#10054=CARTESIAN_POINT('',(-131.447206596953,54.2374295383501,-28.6));
#10055=CARTESIAN_POINT('Ctrl Pts',(-131.980603436345,60.5178881810008,-30.6));
#10056=CARTESIAN_POINT('Ctrl Pts',(-131.980495372946,60.5138306852616,-30.5982688175464));
#10057=CARTESIAN_POINT('Ctrl Pts',(-131.980387101003,60.5097822805712,-30.5965414080931));
#10058=CARTESIAN_POINT('Ctrl Pts',(-131.937006341669,58.8944527034596,-29.9072542730843));
#10059=CARTESIAN_POINT('Ctrl Pts',(-131.82051956278,57.3831588904863,-29.2713702831662));
#10060=CARTESIAN_POINT('Ctrl Pts',(-131.621506946683,55.5280064589345,-28.7333249199445));
#10061=CARTESIAN_POINT('Ctrl Pts',(-131.539174663955,54.8738951155252,-28.6));
#10062=CARTESIAN_POINT('Ctrl Pts',(-131.447206595114,54.2374295451063,-28.6));
#10063=CARTESIAN_POINT('Origin',(-107.00000158929,61.9751811457133,-28.6));
#10064=CARTESIAN_POINT('Origin',(-107.00000158929,61.9751811457133,-24.6000000000073));
#10065=CARTESIAN_POINT('Ctrl Pts',(-94.9835522754079,42.8977054472552,-41.6));
#10066=CARTESIAN_POINT('Ctrl Pts',(-90.72118099319,50.9995373257511,-41.6));
#10067=CARTESIAN_POINT('Ctrl Pts',(-90.72118099319,61.9751811457133,-41.6));
#10068=CARTESIAN_POINT('Ctrl Pts',(-94.9835522754079,42.8977054472552,-21.6));
#10069=CARTESIAN_POINT('Ctrl Pts',(-90.72118099319,50.9995373257511,-21.6));
#10070=CARTESIAN_POINT('Ctrl Pts',(-90.72118099319,61.9751811457133,-21.6));
#10071=CARTESIAN_POINT('',(-94.9835522754145,42.8977054472657,-24.6000000000073));
#10072=CARTESIAN_POINT('Origin',(-107.00000158929,61.9751811457133,-24.6000000000073));
#10073=CARTESIAN_POINT('',(-94.9835522754046,42.8977054472615,-21.6));
#10074=CARTESIAN_POINT('',(-94.9835522754046,42.8977054472615,-31.6));
#10075=CARTESIAN_POINT('',(-90.7208229407533,61.9751811457133,-21.6));
#10076=CARTESIAN_POINT('Origin',(-107.00000158929,61.9751811457133,-21.6));
#10077=CARTESIAN_POINT('',(-90.7208229407533,61.9751811457133,-31.6));
#10078=CARTESIAN_POINT('',(-90.7208229407533,61.9751811457133,-31.6));
#10079=CARTESIAN_POINT('',(-90.7208229407533,61.9751811457133,-41.6));
#10080=CARTESIAN_POINT('',(-90.7208229407533,61.9751811457133,-31.6));
#10081=CARTESIAN_POINT('',(-94.9835522754046,42.8977054472615,-41.6));
#10082=CARTESIAN_POINT('Origin',(-107.00000158929,61.9751811457133,-41.6));
#10083=CARTESIAN_POINT('',(-94.9835522754046,42.8977054472615,-31.6));
#10084=CARTESIAN_POINT('',(-94.9835522754145,42.8977054472657,-34.6000000000073));
#10085=CARTESIAN_POINT('Origin',(-107.00000158929,61.9751811457133,-34.6000000000073));
#10086=CARTESIAN_POINT('',(-94.9835522754145,42.8977054472657,-28.6000000000073));
#10087=CARTESIAN_POINT('',(-94.9835522754046,42.8977054472615,-31.6));
#10088=CARTESIAN_POINT('Origin',(-107.00000158929,61.9751811457133,-28.6000000000073));
#10089=CARTESIAN_POINT('',(-91.3733162994681,54.0512622059033,-31.600000000006));
#10090=CARTESIAN_POINT('',(-91.2166706433314,55.0512622059033,-30.600000000006));
#10091=CARTESIAN_POINT('Ctrl Pts',(-91.3733162994681,54.0512622059033,-31.600000000006));
#10092=CARTESIAN_POINT('Ctrl Pts',(-91.3733162994681,54.0512622059033,-31.7255147442271));
#10093=CARTESIAN_POINT('Ctrl Pts',(-91.3690790413503,54.0763455100758,-31.8592660534107));
#10094=CARTESIAN_POINT('Ctrl Pts',(-91.3521792336149,54.177974503271,-32.1050247953713));
#10095=CARTESIAN_POINT('Ctrl Pts',(-91.3395499143617,54.2545092561281,-32.21703903442));
#10096=CARTESIAN_POINT('Ctrl Pts',(-91.3109775509185,54.4315782669903,-32.3949485956433));
#10097=CARTESIAN_POINT('Ctrl Pts',(-91.2930711695849,54.544353339679,-32.4723053097164));
#10098=CARTESIAN_POINT('Ctrl Pts',(-91.2550464591226,54.7912976715659,-32.5748290079648));
#10099=CARTESIAN_POINT('Ctrl Pts',(-91.2349571711312,54.9254697377238,-32.600000000006));
#10100=CARTESIAN_POINT('Ctrl Pts',(-91.1984292933154,55.1767438974838,-32.600000000006));
#10101=CARTESIAN_POINT('Ctrl Pts',(-91.1795272713111,55.3107717935936,-32.5749403600648));
#10102=CARTESIAN_POINT('Ctrl Pts',(-91.1457406589961,55.5576380758193,-32.472603811497));
#10103=CARTESIAN_POINT('Ctrl Pts',(-91.1308270866734,55.6704682577557,-32.3953166828822));
#10104=CARTESIAN_POINT('Ctrl Pts',(-91.1078266085427,55.8478065258243,-32.2173590080386));
#10105=CARTESIAN_POINT('Ctrl Pts',(-91.0981537737025,55.9244626795454,-32.1052024966922));
#10106=CARTESIAN_POINT('Ctrl Pts',(-91.0854394260822,56.0261932164259,-31.8592646492714));
#10107=CARTESIAN_POINT('Ctrl Pts',(-91.0823691359262,56.0512622059033,-31.7254825707241));
#10108=CARTESIAN_POINT('Ctrl Pts',(-91.0823691359262,56.0512622059033,-31.474517429288));
#10109=CARTESIAN_POINT('Ctrl Pts',(-91.0854394260822,56.0261932164259,-31.3407353507407));
#10110=CARTESIAN_POINT('Ctrl Pts',(-91.0981537737025,55.9244626795454,-31.0947975033198));
#10111=CARTESIAN_POINT('Ctrl Pts',(-91.1078266085427,55.8478065258243,-30.9826409919735));
#10112=CARTESIAN_POINT('Ctrl Pts',(-91.1308270866734,55.6704682577557,-30.8046833171299));
#10113=CARTESIAN_POINT('Ctrl Pts',(-91.1457406589961,55.5576380758193,-30.7273961885151));
#10114=CARTESIAN_POINT('Ctrl Pts',(-91.1795272713111,55.3107717935936,-30.6250596399473));
#10115=CARTESIAN_POINT('Ctrl Pts',(-91.1984292933154,55.1767438974838,-30.600000000006));
#10116=CARTESIAN_POINT('Ctrl Pts',(-91.2166706433314,55.0512622059033,-30.600000000006));
#10117=CARTESIAN_POINT('Ctrl Pts',(-91.2166706433315,55.0512622059033,-30.600000000006));
#10118=CARTESIAN_POINT('Ctrl Pts',(-91.2349571711312,54.9254697377237,-30.600000000006));
#10119=CARTESIAN_POINT('Ctrl Pts',(-91.2550464591226,54.7912976715659,-30.6251709920472));
#10120=CARTESIAN_POINT('Ctrl Pts',(-91.2930711695849,54.544353339679,-30.7276946902957));
#10121=CARTESIAN_POINT('Ctrl Pts',(-91.3109775509185,54.4315782669903,-30.8050514043688));
#10122=CARTESIAN_POINT('Ctrl Pts',(-91.3395499143617,54.2545092561281,-30.9829609655921));
#10123=CARTESIAN_POINT('Ctrl Pts',(-91.352179233615,54.177974503271,-31.0949752046407));
#10124=CARTESIAN_POINT('Ctrl Pts',(-91.3690790413503,54.0763455100758,-31.3407339466014));
#10125=CARTESIAN_POINT('Ctrl Pts',(-91.3733162994681,54.0512622059033,-31.4744852557849));
#10126=CARTESIAN_POINT('Ctrl Pts',(-91.3733162994681,54.0512622059033,-31.600000000006));
#10127=CARTESIAN_POINT('Ctrl Pts',(-94.9835522754046,42.8977054472616,-41.6));
#10128=CARTESIAN_POINT('Ctrl Pts',(-94.9835522754046,42.8977054472616,-21.6));
#10129=CARTESIAN_POINT('Ctrl Pts',(-95.0734863249654,42.7267605667126,-41.6));
#10130=CARTESIAN_POINT('Ctrl Pts',(-95.0734863249654,42.7267605667126,-21.6));
#10131=CARTESIAN_POINT('Ctrl Pts',(-95.2749133575904,42.4283474418284,-41.6));
#10132=CARTESIAN_POINT('Ctrl Pts',(-95.2749133575904,42.4283474418284,-21.6));
#10133=CARTESIAN_POINT('Ctrl Pts',(-95.6416655565146,42.1110464348413,-41.6));
#10134=CARTESIAN_POINT('Ctrl Pts',(-95.6416655565146,42.1110464348413,-21.6));
#10135=CARTESIAN_POINT('Ctrl Pts',(-96.2360347409684,41.9179449939914,-41.6));
#10136=CARTESIAN_POINT('Ctrl Pts',(-96.2360347409684,41.9179449939914,-21.6));
#10137=CARTESIAN_POINT('Ctrl Pts',(-97.0532115391565,41.969088061855,-41.6));
#10138=CARTESIAN_POINT('Ctrl Pts',(-97.0532115391565,41.969088061855,-21.6));
#10139=CARTESIAN_POINT('Ctrl Pts',(-97.6806065013597,42.2085521222675,-41.6));
#10140=CARTESIAN_POINT('Ctrl Pts',(-97.6806065013597,42.2085521222675,-21.6));
#10141=CARTESIAN_POINT('Ctrl Pts',(-98.0941680246252,42.5043509490312,-41.6));
#10142=CARTESIAN_POINT('Ctrl Pts',(-98.0941680246252,42.5043509490312,-21.6));
#10143=CARTESIAN_POINT('Ctrl Pts',(-98.3376900548857,42.7572902825803,-41.6));
#10144=CARTESIAN_POINT('Ctrl Pts',(-98.3376900548857,42.7572902825803,-21.6));
#10145=CARTESIAN_POINT('Ctrl Pts',(-98.451396013263,42.8977054472616,-41.6));
#10146=CARTESIAN_POINT('Ctrl Pts',(-98.451396013263,42.8977054472616,-21.6));
#10147=CARTESIAN_POINT('',(-98.451396013263,42.8977054472616,-34.6000000000073));
#10148=CARTESIAN_POINT('Ctrl Pts',(-94.9835522754046,42.8977054472616,-34.6000000000073));
#10149=CARTESIAN_POINT('Ctrl Pts',(-95.0147077943342,42.8384856468871,-34.6000000000073));
#10150=CARTESIAN_POINT('Ctrl Pts',(-95.04741859536,42.7824000783761,-34.6000000000073));
#10151=CARTESIAN_POINT('Ctrl Pts',(-95.081666090753,42.7294248982598,-34.6000000000073));
#10152=CARTESIAN_POINT('Ctrl Pts',(-95.117708406427,42.6736734296421,-34.6000000000073));
#10153=CARTESIAN_POINT('Ctrl Pts',(-95.1554526265291,42.6213665768274,-34.6000000000073));
#10154=CARTESIAN_POINT('Ctrl Pts',(-95.1948391704809,42.5724310765423,-34.6000000000073));
#10155=CARTESIAN_POINT('Ctrl Pts',(-95.236962931319,42.5200947427675,-34.6000000000073));
#10156=CARTESIAN_POINT('Ctrl Pts',(-95.2809651263319,42.4716141518782,-34.6000000000073));
#10157=CARTESIAN_POINT('Ctrl Pts',(-95.3267317539568,42.4268552192654,-34.6000000000073));
#10158=CARTESIAN_POINT('Ctrl Pts',(-95.3771789631236,42.3775187627079,-34.6000000000073));
#10159=CARTESIAN_POINT('Ctrl Pts',(-95.4297698502938,42.3327032649423,-34.6000000000073));
#10160=CARTESIAN_POINT('Ctrl Pts',(-95.4843045887652,42.2921872488157,-34.6000000000073));
#10161=CARTESIAN_POINT('Ctrl Pts',(-95.5489687908706,42.2441456531511,-34.6000000000073));
#10162=CARTESIAN_POINT('Ctrl Pts',(-95.6163661356308,42.2021471633529,-34.6000000000073));
#10163=CARTESIAN_POINT('Ctrl Pts',(-95.6860996202708,42.1657895282243,-34.6000000000073));
#10164=CARTESIAN_POINT('Ctrl Pts',(-95.7597827861717,42.127372608795,-34.6000000000073));
#10165=CARTESIAN_POINT('Ctrl Pts',(-95.8360734464922,42.0952514403178,-34.6000000000073));
#10166=CARTESIAN_POINT('Ctrl Pts',(-95.9144440204861,42.0689510772994,-34.6000000000073));
#10167=CARTESIAN_POINT('Ctrl Pts',(-95.9889554538735,42.0439458023953,-34.6000000000073));
#10168=CARTESIAN_POINT('Ctrl Pts',(-96.0653455318308,42.0242004493792,-34.6000000000073));
#10169=CARTESIAN_POINT('Ctrl Pts',(-96.1431270039834,42.0093353765999,-34.6000000000073));
#10170=CARTESIAN_POINT('Ctrl Pts',(-96.215736995285,41.9954586425227,-34.6000000000073));
#10171=CARTESIAN_POINT('Ctrl Pts',(-96.2895585133514,41.9858339357145,-34.6000000000073));
#10172=CARTESIAN_POINT('Ctrl Pts',(-96.364182026712,41.9801956914743,-34.6000000000073));
#10173=CARTESIAN_POINT('Ctrl Pts',(-96.4377489111309,41.9746372817498,-34.6000000000073));
#10174=CARTESIAN_POINT('Ctrl Pts',(-96.5120948182384,41.9729531372085,-34.6000000000073));
#10175=CARTESIAN_POINT('Ctrl Pts',(-96.5868240134126,41.974939568661,-34.6000000000073));
#10176=CARTESIAN_POINT('Ctrl Pts',(-96.660665634731,41.9769024068629,-34.6000000000073));
#10177=CARTESIAN_POINT('Ctrl Pts',(-96.7348811287541,41.9824490954502,-34.6000000000073));
#10178=CARTESIAN_POINT('Ctrl Pts',(-96.8090911125136,41.9914339455018,-34.6000000000073));
#10179=CARTESIAN_POINT('Ctrl Pts',(-96.8853583931955,42.0006678793481,-34.6000000000073));
#10180=CARTESIAN_POINT('Ctrl Pts',(-96.9616194152396,42.0135328203421,-34.6000000000073));
#10181=CARTESIAN_POINT('Ctrl Pts',(-97.0374710678007,42.0299287367671,-34.6000000000073));
#10182=CARTESIAN_POINT('Ctrl Pts',(-97.1115781899088,42.0459475595555,-34.6000000000073));
#10183=CARTESIAN_POINT('Ctrl Pts',(-97.1852941421899,42.0653372367895,-34.6000000000073));
#10184=CARTESIAN_POINT('Ctrl Pts',(-97.2582571675691,42.0880595223164,-34.6000000000073));
#10185=CARTESIAN_POINT('Ctrl Pts',(-97.3326091035439,42.1112143450492,-34.6000000000073));
#10186=CARTESIAN_POINT('Ctrl Pts',(-97.4061785079129,42.1378304007772,-34.6000000000073));
#10187=CARTESIAN_POINT('Ctrl Pts',(-97.4786060386161,42.1679170150429,-34.6000000000073));
#10188=CARTESIAN_POINT('Ctrl Pts',(-97.5515480082921,42.1982173288065,-34.6000000000073));
#10189=CARTESIAN_POINT('Ctrl Pts',(-97.6233311602031,42.23203836198,-34.6000000000073));
#10190=CARTESIAN_POINT('Ctrl Pts',(-97.6936220823289,42.2694302259541,-34.6000000000073));
#10191=CARTESIAN_POINT('Ctrl Pts',(-97.7641592247792,42.3069530689593,-34.6000000000073));
#10192=CARTESIAN_POINT('Ctrl Pts',(-97.8331929708083,42.348072577768,-34.6000000000073));
#10193=CARTESIAN_POINT('Ctrl Pts',(-97.9004302600336,42.3928692540383,-34.6000000000073));
#10194=CARTESIAN_POINT('Ctrl Pts',(-97.9620757653079,42.433940418196,-34.6000000000073));
#10195=CARTESIAN_POINT('Ctrl Pts',(-98.0222108937002,42.4781039697947,-34.6000000000073));
#10196=CARTESIAN_POINT('Ctrl Pts',(-98.0806525856434,42.5254307269341,-34.6000000000073));
#10197=CARTESIAN_POINT('Ctrl Pts',(-98.1360744084962,42.5703119592045,-34.6000000000073));
#10198=CARTESIAN_POINT('Ctrl Pts',(-98.1899729732347,42.6180388411701,-34.6000000000073));
#10199=CARTESIAN_POINT('Ctrl Pts',(-98.2422369433582,42.6686641478874,-34.6000000000073));
#10200=CARTESIAN_POINT('Ctrl Pts',(-98.2911665675535,42.7160596524117,-34.6000000000073));
#10201=CARTESIAN_POINT('Ctrl Pts',(-98.3386634687506,42.7659960762747,-34.6000000000073));
#10202=CARTESIAN_POINT('Ctrl Pts',(-98.3846787855166,42.8185001626029,-34.6000000000073));
#10203=CARTESIAN_POINT('Ctrl Pts',(-98.4072749916138,42.8442827332554,-34.6000000000073));
#10204=CARTESIAN_POINT('Ctrl Pts',(-98.4295146045298,42.8706841578359,-34.6000000000073));
#10205=CARTESIAN_POINT('Ctrl Pts',(-98.451396013263,42.8977054472616,-34.6000000000073));
#10206=CARTESIAN_POINT('',(-98.451396013263,42.8977054472616,-28.6000000000073));
#10207=CARTESIAN_POINT('',(-98.451396013263,42.8977054472616,-31.6));
#10208=CARTESIAN_POINT('Ctrl Pts',(-98.451396013263,42.8977054472616,-28.6000000000073));
#10209=CARTESIAN_POINT('Ctrl Pts',(-98.4070205461738,42.8429063091331,-28.6000000000073));
#10210=CARTESIAN_POINT('Ctrl Pts',(-98.361168851036,42.7906581611487,-28.6000000000073));
#10211=CARTESIAN_POINT('Ctrl Pts',(-98.3138665053613,42.7409460067325,-28.6000000000073));
#10212=CARTESIAN_POINT('Ctrl Pts',(-98.264001541962,42.6885406825333,-28.6000000000073));
#10213=CARTESIAN_POINT('Ctrl Pts',(-98.2125246001752,42.6389530211704,-28.6000000000073));
#10214=CARTESIAN_POINT('Ctrl Pts',(-98.1595184982671,42.5921407757257,-28.6000000000073));
#10215=CARTESIAN_POINT('Ctrl Pts',(-98.1030740642237,42.5422919733179,-28.6000000000073));
#10216=CARTESIAN_POINT('Ctrl Pts',(-98.0448958389476,42.4955894654401,-28.6000000000073));
#10217=CARTESIAN_POINT('Ctrl Pts',(-97.9851400607558,42.4519661200176,-28.6000000000073));
#10218=CARTESIAN_POINT('Ctrl Pts',(-97.9203114703909,42.4046394835598,-28.6000000000073));
#10219=CARTESIAN_POINT('Ctrl Pts',(-97.8536264323733,42.360935485307,-28.6000000000073));
#10220=CARTESIAN_POINT('Ctrl Pts',(-97.7853449466536,42.3207689433991,-28.6000000000073));
#10221=CARTESIAN_POINT('Ctrl Pts',(-97.7164222031969,42.2802251820227,-28.6000000000073));
#10222=CARTESIAN_POINT('Ctrl Pts',(-97.6458736827318,42.2432844867094,-28.6000000000073));
#10223=CARTESIAN_POINT('Ctrl Pts',(-97.574014963668,42.2098823586452,-28.6000000000073));
#10224=CARTESIAN_POINT('Ctrl Pts',(-97.5028047380997,42.1767816701705,-28.6000000000073));
#10225=CARTESIAN_POINT('Ctrl Pts',(-97.4303085237412,42.1471553050937,-28.6000000000073));
#10226=CARTESIAN_POINT('Ctrl Pts',(-97.3568701788238,42.1209752221379,-28.6000000000073));
#10227=CARTESIAN_POINT('Ctrl Pts',(-97.2850541342159,42.0953734740658,-28.6000000000073));
#10228=CARTESIAN_POINT('Ctrl Pts',(-97.2123377789054,42.0730669319054,-28.6000000000073));
#10229=CARTESIAN_POINT('Ctrl Pts',(-97.1390681604638,42.0540711136924,-28.6000000000073));
#10230=CARTESIAN_POINT('Ctrl Pts',(-97.0668482963764,42.0353474538897,-28.6000000000073));
#10231=CARTESIAN_POINT('Ctrl Pts',(-96.9940914480996,42.0198399082292,-28.6000000000073));
#10232=CARTESIAN_POINT('Ctrl Pts',(-96.9211462333385,42.0076114020323,-28.6000000000073));
#10233=CARTESIAN_POINT('Ctrl Pts',(-96.8473325519147,41.9952373064367,-28.6000000000073));
#10234=CARTESIAN_POINT('Ctrl Pts',(-96.7733263267469,41.9862208109332,-28.6000000000073));
#10235=CARTESIAN_POINT('Ctrl Pts',(-96.699499154056,41.9806797761038,-28.6000000000073));
#10236=CARTESIAN_POINT('Ctrl Pts',(-96.6247575975376,41.9750701129842,-28.6000000000073));
#10237=CARTESIAN_POINT('Ctrl Pts',(-96.5501999168358,41.973022579488,-28.6000000000073));
#10238=CARTESIAN_POINT('Ctrl Pts',(-96.476216994685,41.9747125560683,-28.6000000000073));
#10239=CARTESIAN_POINT('Ctrl Pts',(-96.3999827514194,41.9764539591109,-28.6000000000073));
#10240=CARTESIAN_POINT('Ctrl Pts',(-96.3243592013448,41.982163694928,-28.6000000000073));
#10241=CARTESIAN_POINT('Ctrl Pts',(-96.2497736024901,41.9920903526851,-28.6000000000073));
#10242=CARTESIAN_POINT('Ctrl Pts',(-96.1704157085649,42.0026521590581,-28.6000000000073));
#10243=CARTESIAN_POINT('Ctrl Pts',(-96.0922337501263,42.0179881881849,-28.6000000000073));
#10244=CARTESIAN_POINT('Ctrl Pts',(-96.0157323076528,42.0384620412435,-28.6000000000073));
#10245=CARTESIAN_POINT('Ctrl Pts',(-95.9356799986692,42.059886202124,-28.6000000000073));
#10246=CARTESIAN_POINT('Ctrl Pts',(-95.8574693751573,42.0869380658941,-28.6000000000073));
#10247=CARTESIAN_POINT('Ctrl Pts',(-95.7816479388903,42.1200824210227,-28.6000000000073));
#10248=CARTESIAN_POINT('Ctrl Pts',(-95.7094781693552,42.1516304975139,-28.6000000000073));
#10249=CARTESIAN_POINT('Ctrl Pts',(-95.6394738142101,42.1887004505741,-28.6000000000073));
#10250=CARTESIAN_POINT('Ctrl Pts',(-95.5720633373639,42.2317054795791,-28.6000000000073));
#10251=CARTESIAN_POINT('Ctrl Pts',(-95.5143001429966,42.2685559509807,-28.6000000000073));
#10252=CARTESIAN_POINT('Ctrl Pts',(-95.4584413609885,42.3097654151802,-28.6000000000073));
#10253=CARTESIAN_POINT('Ctrl Pts',(-95.40472172304,42.3555840331483,-28.6000000000073));
#10254=CARTESIAN_POINT('Ctrl Pts',(-95.3566266604457,42.3966053315656,-28.6000000000073));
#10255=CARTESIAN_POINT('Ctrl Pts',(-95.3102463709021,42.4413220087032,-28.6000000000073));
#10256=CARTESIAN_POINT('Ctrl Pts',(-95.2657180842288,42.4898908130191,-28.6000000000073));
#10257=CARTESIAN_POINT('Ctrl Pts',(-95.2237359213871,42.5356824570313,-28.6000000000073));
#10258=CARTESIAN_POINT('Ctrl Pts',(-95.1834002062335,42.5848988850568,-28.6000000000073));
#10259=CARTESIAN_POINT('Ctrl Pts',(-95.1447942335712,42.637640102263,-28.6000000000073));
#10260=CARTESIAN_POINT('Ctrl Pts',(-95.1086431100074,42.6870276485063,-28.6000000000073));
#10261=CARTESIAN_POINT('Ctrl Pts',(-95.0740087718146,42.7395062470433,-28.6000000000073));
#10262=CARTESIAN_POINT('Ctrl Pts',(-95.0409296413465,42.7951239245898,-28.6000000000073));
#10263=CARTESIAN_POINT('Ctrl Pts',(-95.021253349084,42.8282067070838,-28.6000000000073));
#10264=CARTESIAN_POINT('Ctrl Pts',(-95.0021267372868,42.862399473793,-28.6000000000073));
#10265=CARTESIAN_POINT('Ctrl Pts',(-94.9835522754046,42.8977054472616,-28.6000000000073));
#10266=CARTESIAN_POINT('Origin',(-107.00000158929,35.9751811457134,-31.6));
#10267=CARTESIAN_POINT('Origin',(-107.00000158929,35.9751811457134,-28.6000000000073));
#10268=CARTESIAN_POINT('Origin',(-107.00000158929,35.9751811457134,-34.6000000000073));
#10269=CARTESIAN_POINT('',(-98.451396013263,42.8977054472616,-41.6));
#10270=CARTESIAN_POINT('',(-98.451396013263,42.8977054472616,-31.6));
#10271=CARTESIAN_POINT('',(-115.548607165316,42.8977054472616,-41.6));
#10272=CARTESIAN_POINT('Origin',(-107.00000158929,35.9751811457134,-41.6));
#10273=CARTESIAN_POINT('',(-115.548607165316,42.8977054472616,-31.6));
#10274=CARTESIAN_POINT('Origin',(-107.00000158929,35.9751811457134,-34.6000000000073));
#10275=CARTESIAN_POINT('Origin',(-107.00000158929,35.9751811457134,-28.6000000000073));
#10276=CARTESIAN_POINT('',(-115.548607165329,42.8977054472657,-24.6000000000073));
#10277=CARTESIAN_POINT('Origin',(-107.00000158929,35.9751811457134,-24.6000000000073));
#10278=CARTESIAN_POINT('',(-115.548607165316,42.8977054472616,-21.6));
#10279=CARTESIAN_POINT('',(-115.548607165316,42.8977054472616,-31.6));
#10280=CARTESIAN_POINT('',(-98.451396013263,42.8977054472616,-21.6));
#10281=CARTESIAN_POINT('Origin',(-107.00000158929,35.9751811457134,-21.6));
#10282=CARTESIAN_POINT('',(-98.451396013263,42.8977054472616,-24.6000000000073));
#10283=CARTESIAN_POINT('',(-98.451396013263,42.8977054472616,-31.6));
#10284=CARTESIAN_POINT('Origin',(-107.00000158929,35.9751811457134,-24.6000000000073));
#10285=CARTESIAN_POINT('Origin',(-96.9863466492727,35.3527995940396,-24.6000000000073));
#10286=CARTESIAN_POINT('Ctrl Pts',(-94.9835522754046,42.8977054472616,-24.6000000000073));
#10287=CARTESIAN_POINT('Ctrl Pts',(-95.0147077943342,42.8384856468871,-24.6000000000073));
#10288=CARTESIAN_POINT('Ctrl Pts',(-95.04741859536,42.7824000783761,-24.6000000000073));
#10289=CARTESIAN_POINT('Ctrl Pts',(-95.081666090753,42.7294248982598,-24.6000000000073));
#10290=CARTESIAN_POINT('Ctrl Pts',(-95.117708406427,42.6736734296421,-24.6000000000073));
#10291=CARTESIAN_POINT('Ctrl Pts',(-95.1554526265291,42.6213665768274,-24.6000000000073));
#10292=CARTESIAN_POINT('Ctrl Pts',(-95.1948391704809,42.5724310765423,-24.6000000000073));
#10293=CARTESIAN_POINT('Ctrl Pts',(-95.236962931319,42.5200947427675,-24.6000000000073));
#10294=CARTESIAN_POINT('Ctrl Pts',(-95.2809651263319,42.4716141518782,-24.6000000000073));
#10295=CARTESIAN_POINT('Ctrl Pts',(-95.3267317539568,42.4268552192654,-24.6000000000073));
#10296=CARTESIAN_POINT('Ctrl Pts',(-95.3771789631236,42.3775187627079,-24.6000000000073));
#10297=CARTESIAN_POINT('Ctrl Pts',(-95.4297698502938,42.3327032649423,-24.6000000000073));
#10298=CARTESIAN_POINT('Ctrl Pts',(-95.4843045887652,42.2921872488157,-24.6000000000073));
#10299=CARTESIAN_POINT('Ctrl Pts',(-95.5489687908706,42.2441456531511,-24.6000000000073));
#10300=CARTESIAN_POINT('Ctrl Pts',(-95.6163661356308,42.2021471633529,-24.6000000000073));
#10301=CARTESIAN_POINT('Ctrl Pts',(-95.6860996202708,42.1657895282243,-24.6000000000073));
#10302=CARTESIAN_POINT('Ctrl Pts',(-95.7597827861717,42.127372608795,-24.6000000000073));
#10303=CARTESIAN_POINT('Ctrl Pts',(-95.8360734464922,42.0952514403178,-24.6000000000073));
#10304=CARTESIAN_POINT('Ctrl Pts',(-95.9144440204861,42.0689510772994,-24.6000000000073));
#10305=CARTESIAN_POINT('Ctrl Pts',(-95.9889554538735,42.0439458023953,-24.6000000000073));
#10306=CARTESIAN_POINT('Ctrl Pts',(-96.0653455318308,42.0242004493792,-24.6000000000073));
#10307=CARTESIAN_POINT('Ctrl Pts',(-96.1431270039834,42.0093353765999,-24.6000000000073));
#10308=CARTESIAN_POINT('Ctrl Pts',(-96.215736995285,41.9954586425227,-24.6000000000073));
#10309=CARTESIAN_POINT('Ctrl Pts',(-96.2895585133514,41.9858339357145,-24.6000000000073));
#10310=CARTESIAN_POINT('Ctrl Pts',(-96.364182026712,41.9801956914743,-24.6000000000073));
#10311=CARTESIAN_POINT('Ctrl Pts',(-96.4377489111309,41.9746372817498,-24.6000000000073));
#10312=CARTESIAN_POINT('Ctrl Pts',(-96.5120948182384,41.9729531372085,-24.6000000000073));
#10313=CARTESIAN_POINT('Ctrl Pts',(-96.5868240134126,41.974939568661,-24.6000000000073));
#10314=CARTESIAN_POINT('Ctrl Pts',(-96.660665634731,41.9769024068629,-24.6000000000073));
#10315=CARTESIAN_POINT('Ctrl Pts',(-96.7348811287541,41.9824490954502,-24.6000000000073));
#10316=CARTESIAN_POINT('Ctrl Pts',(-96.8090911125136,41.9914339455018,-24.6000000000073));
#10317=CARTESIAN_POINT('Ctrl Pts',(-96.8853583931955,42.0006678793481,-24.6000000000073));
#10318=CARTESIAN_POINT('Ctrl Pts',(-96.9616194152396,42.0135328203421,-24.6000000000073));
#10319=CARTESIAN_POINT('Ctrl Pts',(-97.0374710678007,42.0299287367671,-24.6000000000073));
#10320=CARTESIAN_POINT('Ctrl Pts',(-97.1115781899088,42.0459475595555,-24.6000000000073));
#10321=CARTESIAN_POINT('Ctrl Pts',(-97.1852941421899,42.0653372367895,-24.6000000000073));
#10322=CARTESIAN_POINT('Ctrl Pts',(-97.2582571675691,42.0880595223164,-24.6000000000073));
#10323=CARTESIAN_POINT('Ctrl Pts',(-97.3326091035439,42.1112143450492,-24.6000000000073));
#10324=CARTESIAN_POINT('Ctrl Pts',(-97.4061785079129,42.1378304007772,-24.6000000000073));
#10325=CARTESIAN_POINT('Ctrl Pts',(-97.4786060386161,42.1679170150429,-24.6000000000073));
#10326=CARTESIAN_POINT('Ctrl Pts',(-97.5515480082921,42.1982173288065,-24.6000000000073));
#10327=CARTESIAN_POINT('Ctrl Pts',(-97.6233311602031,42.23203836198,-24.6000000000073));
#10328=CARTESIAN_POINT('Ctrl Pts',(-97.6936220823289,42.2694302259541,-24.6000000000073));
#10329=CARTESIAN_POINT('Ctrl Pts',(-97.7641592247792,42.3069530689593,-24.6000000000073));
#10330=CARTESIAN_POINT('Ctrl Pts',(-97.8331929708083,42.348072577768,-24.6000000000073));
#10331=CARTESIAN_POINT('Ctrl Pts',(-97.9004302600336,42.3928692540383,-24.6000000000073));
#10332=CARTESIAN_POINT('Ctrl Pts',(-97.9620757653079,42.433940418196,-24.6000000000073));
#10333=CARTESIAN_POINT('Ctrl Pts',(-98.0222108937002,42.4781039697947,-24.6000000000073));
#10334=CARTESIAN_POINT('Ctrl Pts',(-98.0806525856434,42.5254307269341,-24.6000000000073));
#10335=CARTESIAN_POINT('Ctrl Pts',(-98.1360744084962,42.5703119592045,-24.6000000000073));
#10336=CARTESIAN_POINT('Ctrl Pts',(-98.1899729732347,42.6180388411701,-24.6000000000073));
#10337=CARTESIAN_POINT('Ctrl Pts',(-98.2422369433582,42.6686641478874,-24.6000000000073));
#10338=CARTESIAN_POINT('Ctrl Pts',(-98.2911665675535,42.7160596524117,-24.6000000000073));
#10339=CARTESIAN_POINT('Ctrl Pts',(-98.3386634687506,42.7659960762747,-24.6000000000073));
#10340=CARTESIAN_POINT('Ctrl Pts',(-98.3846787855166,42.8185001626029,-24.6000000000073));
#10341=CARTESIAN_POINT('Ctrl Pts',(-98.4072749916138,42.8442827332554,-24.6000000000073));
#10342=CARTESIAN_POINT('Ctrl Pts',(-98.4295146045298,42.8706841578359,-24.6000000000073));
#10343=CARTESIAN_POINT('Ctrl Pts',(-98.451396013263,42.8977054472616,-24.6000000000073));
#10344=CARTESIAN_POINT('Origin',(-117.013656613791,35.3527995940395,-24.6000000000073));
#10345=CARTESIAN_POINT('',(-119.016450903175,42.8977054472616,-24.6000000000073));
#10346=CARTESIAN_POINT('Origin',(-107.00000158929,61.9751811457133,-24.6000000000073));
#10347=CARTESIAN_POINT('Ctrl Pts',(-115.548607165316,42.8977054472616,-24.6000000000073));
#10348=CARTESIAN_POINT('Ctrl Pts',(-115.592982632405,42.8429063091341,-24.6000000000073));
#10349=CARTESIAN_POINT('Ctrl Pts',(-115.638834327542,42.7906581611506,-24.6000000000073));
#10350=CARTESIAN_POINT('Ctrl Pts',(-115.686136673215,42.7409460067353,-24.6000000000073));
#10351=CARTESIAN_POINT('Ctrl Pts',(-115.736001636614,42.6885406825366,-24.6000000000073));
#10352=CARTESIAN_POINT('Ctrl Pts',(-115.7874785784,42.6389530211742,-24.6000000000073));
#10353=CARTESIAN_POINT('Ctrl Pts',(-115.840484680308,42.5921407757299,-24.6000000000073));
#10354=CARTESIAN_POINT('Ctrl Pts',(-115.896929114351,42.5422919733219,-24.6000000000073));
#10355=CARTESIAN_POINT('Ctrl Pts',(-115.955107339627,42.4955894654439,-24.6000000000073));
#10356=CARTESIAN_POINT('Ctrl Pts',(-116.014863117819,42.4519661200212,-24.6000000000073));
#10357=CARTESIAN_POINT('Ctrl Pts',(-116.079691708186,42.4046394835615,-24.6000000000073));
#10358=CARTESIAN_POINT('Ctrl Pts',(-116.146376746206,42.3609354853071,-24.6000000000073));
#10359=CARTESIAN_POINT('Ctrl Pts',(-116.214658231928,42.3207689433979,-24.6000000000073));
#10360=CARTESIAN_POINT('Ctrl Pts',(-116.283580975384,42.2802251820222,-24.6000000000073));
#10361=CARTESIAN_POINT('Ctrl Pts',(-116.354129495848,42.2432844867096,-24.6000000000073));
#10362=CARTESIAN_POINT('Ctrl Pts',(-116.42598821491,42.2098823586458,-24.6000000000073));
#10363=CARTESIAN_POINT('Ctrl Pts',(-116.497198440478,42.1767816701713,-24.6000000000073));
#10364=CARTESIAN_POINT('Ctrl Pts',(-116.569694654836,42.1471553050946,-24.6000000000073));
#10365=CARTESIAN_POINT('Ctrl Pts',(-116.643132999753,42.1209752221387,-24.6000000000073));
#10366=CARTESIAN_POINT('Ctrl Pts',(-116.714949044363,42.095373474066,-24.6000000000073));
#10367=CARTESIAN_POINT('Ctrl Pts',(-116.787665399675,42.073066931905,-24.6000000000073));
#10368=CARTESIAN_POINT('Ctrl Pts',(-116.860935018119,42.0540711136916,-24.6000000000073));
#10369=CARTESIAN_POINT('Ctrl Pts',(-116.933154882206,42.035347453889,-24.6000000000073));
#10370=CARTESIAN_POINT('Ctrl Pts',(-117.005911730483,42.0198399082285,-24.6000000000073));
#10371=CARTESIAN_POINT('Ctrl Pts',(-117.078856945244,42.0076114020318,-24.6000000000073));
#10372=CARTESIAN_POINT('Ctrl Pts',(-117.152670626668,41.9952373064362,-24.6000000000073));
#10373=CARTESIAN_POINT('Ctrl Pts',(-117.226676851836,41.9862208109328,-24.6000000000073));
#10374=CARTESIAN_POINT('Ctrl Pts',(-117.300504024527,41.9806797761035,-24.6000000000073));
#10375=CARTESIAN_POINT('Ctrl Pts',(-117.375245581046,41.975070112984,-24.6000000000073));
#10376=CARTESIAN_POINT('Ctrl Pts',(-117.449803261749,41.9730225794879,-24.6000000000073));
#10377=CARTESIAN_POINT('Ctrl Pts',(-117.5237861839,41.9747125560684,-24.6000000000073));
#10378=CARTESIAN_POINT('Ctrl Pts',(-117.600020427166,41.9764539591112,-24.6000000000073));
#10379=CARTESIAN_POINT('Ctrl Pts',(-117.67564397724,41.9821636949285,-24.6000000000073));
#10380=CARTESIAN_POINT('Ctrl Pts',(-117.750229576095,41.9920903526858,-24.6000000000073));
#10381=CARTESIAN_POINT('Ctrl Pts',(-117.829587470021,42.0026521590592,-24.6000000000073));
#10382=CARTESIAN_POINT('Ctrl Pts',(-117.90776942846,42.0179881881864,-24.6000000000073));
#10383=CARTESIAN_POINT('Ctrl Pts',(-117.984270870934,42.0384620412456,-24.6000000000073));
#10384=CARTESIAN_POINT('Ctrl Pts',(-118.064323179919,42.0598862021267,-24.6000000000073));
#10385=CARTESIAN_POINT('Ctrl Pts',(-118.142533803432,42.0869380658976,-24.6000000000073));
#10386=CARTESIAN_POINT('Ctrl Pts',(-118.218355239699,42.1200824210272,-24.6000000000073));
#10387=CARTESIAN_POINT('Ctrl Pts',(-118.290525009234,42.1516304975188,-24.6000000000073));
#10388=CARTESIAN_POINT('Ctrl Pts',(-118.360529364379,42.1887004505794,-24.6000000000073));
#10389=CARTESIAN_POINT('Ctrl Pts',(-118.427939841224,42.2317054795848,-24.6000000000073));
#10390=CARTESIAN_POINT('Ctrl Pts',(-118.485703035591,42.2685559509863,-24.6000000000073));
#10391=CARTESIAN_POINT('Ctrl Pts',(-118.541561817598,42.3097654151857,-24.6000000000073));
#10392=CARTESIAN_POINT('Ctrl Pts',(-118.595281455546,42.3555840331536,-24.6000000000073));
#10393=CARTESIAN_POINT('Ctrl Pts',(-118.64337651814,42.3966053315712,-24.6000000000073));
#10394=CARTESIAN_POINT('Ctrl Pts',(-118.689756807683,42.4413220087092,-24.6000000000073));
#10395=CARTESIAN_POINT('Ctrl Pts',(-118.734285094356,42.4898908130254,-24.6000000000073));
#10396=CARTESIAN_POINT('Ctrl Pts',(-118.776267257198,42.5356824570379,-24.6000000000073));
#10397=CARTESIAN_POINT('Ctrl Pts',(-118.816602972352,42.584898885064,-24.6000000000073));
#10398=CARTESIAN_POINT('Ctrl Pts',(-118.855208945014,42.6376401022705,-24.6000000000073));
#10399=CARTESIAN_POINT('Ctrl Pts',(-118.891360068578,42.6870276485144,-24.6000000000073));
#10400=CARTESIAN_POINT('Ctrl Pts',(-118.92599440677,42.7395062470519,-24.6000000000073));
#10401=CARTESIAN_POINT('Ctrl Pts',(-118.959073537238,42.7951239245989,-24.6000000000073));
#10402=CARTESIAN_POINT('Ctrl Pts',(-118.978749829499,42.8282067070901,-24.6000000000073));
#10403=CARTESIAN_POINT('Ctrl Pts',(-118.997876441294,42.8623994737962,-24.6000000000073));
#10404=CARTESIAN_POINT('Ctrl Pts',(-119.016450903175,42.8977054472616,-24.6000000000073));
#10405=CARTESIAN_POINT('Ctrl Pts',(-94.9835522754046,42.8977054472616,-41.6));
#10406=CARTESIAN_POINT('Ctrl Pts',(-94.9835522754046,42.8977054472616,-21.6));
#10407=CARTESIAN_POINT('Ctrl Pts',(-95.0734863249654,42.7267605667126,-41.6));
#10408=CARTESIAN_POINT('Ctrl Pts',(-95.0734863249654,42.7267605667126,-21.6));
#10409=CARTESIAN_POINT('Ctrl Pts',(-95.2749133575904,42.4283474418284,-41.6));
#10410=CARTESIAN_POINT('Ctrl Pts',(-95.2749133575904,42.4283474418284,-21.6));
#10411=CARTESIAN_POINT('Ctrl Pts',(-95.6416655565146,42.1110464348413,-41.6));
#10412=CARTESIAN_POINT('Ctrl Pts',(-95.6416655565146,42.1110464348413,-21.6));
#10413=CARTESIAN_POINT('Ctrl Pts',(-96.2360347409684,41.9179449939914,-41.6));
#10414=CARTESIAN_POINT('Ctrl Pts',(-96.2360347409684,41.9179449939914,-21.6));
#10415=CARTESIAN_POINT('Ctrl Pts',(-97.0532115391565,41.969088061855,-41.6));
#10416=CARTESIAN_POINT('Ctrl Pts',(-97.0532115391565,41.969088061855,-21.6));
#10417=CARTESIAN_POINT('Ctrl Pts',(-97.6806065013597,42.2085521222675,-41.6));
#10418=CARTESIAN_POINT('Ctrl Pts',(-97.6806065013597,42.2085521222675,-21.6));
#10419=CARTESIAN_POINT('Ctrl Pts',(-98.0941680246252,42.5043509490312,-41.6));
#10420=CARTESIAN_POINT('Ctrl Pts',(-98.0941680246252,42.5043509490312,-21.6));
#10421=CARTESIAN_POINT('Ctrl Pts',(-98.3376900548857,42.7572902825803,-41.6));
#10422=CARTESIAN_POINT('Ctrl Pts',(-98.3376900548857,42.7572902825803,-21.6));
#10423=CARTESIAN_POINT('Ctrl Pts',(-98.451396013263,42.8977054472616,-41.6));
#10424=CARTESIAN_POINT('Ctrl Pts',(-98.451396013263,42.8977054472616,-21.6));
#10425=CARTESIAN_POINT('Ctrl Pts',(-98.451396013263,42.8977054472616,-41.6));
#10426=CARTESIAN_POINT('Ctrl Pts',(-98.3376900548857,42.7572902825803,-41.6));
#10427=CARTESIAN_POINT('Ctrl Pts',(-98.0941680246252,42.5043509490312,-41.6));
#10428=CARTESIAN_POINT('Ctrl Pts',(-97.6806065013597,42.2085521222675,-41.6));
#10429=CARTESIAN_POINT('Ctrl Pts',(-97.0532115391565,41.969088061855,-41.6));
#10430=CARTESIAN_POINT('Ctrl Pts',(-96.2360347409684,41.9179449939914,-41.6));
#10431=CARTESIAN_POINT('Ctrl Pts',(-95.6416655565146,42.1110464348413,-41.6));
#10432=CARTESIAN_POINT('Ctrl Pts',(-95.2749133575904,42.4283474418284,-41.6));
#10433=CARTESIAN_POINT('Ctrl Pts',(-95.0734863249654,42.7267605667126,-41.6));
#10434=CARTESIAN_POINT('Ctrl Pts',(-94.9835522754046,42.8977054472616,-41.6));
#10435=CARTESIAN_POINT('Ctrl Pts',(-115.548607165316,42.8977054472616,-41.6));
#10436=CARTESIAN_POINT('Ctrl Pts',(-115.548607165316,42.8977054472616,-21.6));
#10437=CARTESIAN_POINT('Ctrl Pts',(-115.662313123694,42.7572902825803,-41.6));
#10438=CARTESIAN_POINT('Ctrl Pts',(-115.662313123694,42.7572902825803,-21.6));
#10439=CARTESIAN_POINT('Ctrl Pts',(-115.905835153954,42.5043509490312,-41.6));
#10440=CARTESIAN_POINT('Ctrl Pts',(-115.905835153954,42.5043509490312,-21.6));
#10441=CARTESIAN_POINT('Ctrl Pts',(-116.31939667722,42.2085521222675,-41.6));
#10442=CARTESIAN_POINT('Ctrl Pts',(-116.31939667722,42.2085521222675,-21.6));
#10443=CARTESIAN_POINT('Ctrl Pts',(-116.946791639423,41.969088061855,-41.6));
#10444=CARTESIAN_POINT('Ctrl Pts',(-116.946791639423,41.969088061855,-21.6));
#10445=CARTESIAN_POINT('Ctrl Pts',(-117.763968437611,41.9179449939914,-41.6));
#10446=CARTESIAN_POINT('Ctrl Pts',(-117.763968437611,41.9179449939914,-21.6));
#10447=CARTESIAN_POINT('Ctrl Pts',(-118.358337622065,42.1110464348413,-41.6));
#10448=CARTESIAN_POINT('Ctrl Pts',(-118.358337622065,42.1110464348413,-21.6));
#10449=CARTESIAN_POINT('Ctrl Pts',(-118.725089820989,42.4283474418284,-41.6));
#10450=CARTESIAN_POINT('Ctrl Pts',(-118.725089820989,42.4283474418284,-21.6));
#10451=CARTESIAN_POINT('Ctrl Pts',(-118.926516853614,42.7267605667126,-41.6));
#10452=CARTESIAN_POINT('Ctrl Pts',(-118.926516853614,42.7267605667126,-21.6));
#10453=CARTESIAN_POINT('Ctrl Pts',(-119.016450903175,42.8977054472616,-41.6));
#10454=CARTESIAN_POINT('Ctrl Pts',(-119.016450903175,42.8977054472616,-21.6));
#10455=CARTESIAN_POINT('',(-119.016450903175,42.8977054472616,-21.6));
#10456=CARTESIAN_POINT('',(-119.016450903175,42.8977054472616,-31.6));
#10457=CARTESIAN_POINT('Ctrl Pts',(-115.548607165316,42.8977054472616,-21.6));
#10458=CARTESIAN_POINT('Ctrl Pts',(-115.662313123694,42.7572902825803,-21.6));
#10459=CARTESIAN_POINT('Ctrl Pts',(-115.905835153954,42.5043509490312,-21.6));
#10460=CARTESIAN_POINT('Ctrl Pts',(-116.31939667722,42.2085521222675,-21.6));
#10461=CARTESIAN_POINT('Ctrl Pts',(-116.946791639423,41.969088061855,-21.6));
#10462=CARTESIAN_POINT('Ctrl Pts',(-117.763968437611,41.9179449939914,-21.6));
#10463=CARTESIAN_POINT('Ctrl Pts',(-118.358337622065,42.1110464348413,-21.6));
#10464=CARTESIAN_POINT('Ctrl Pts',(-118.725089820989,42.4283474418284,-21.6));
#10465=CARTESIAN_POINT('Ctrl Pts',(-118.926516853614,42.7267605667126,-21.6));
#10466=CARTESIAN_POINT('Ctrl Pts',(-119.016450903175,42.8977054472616,-21.6));
#10467=CARTESIAN_POINT('Origin',(-123.278822563066,55.0512622059033,-31.600000000006));
#10468=CARTESIAN_POINT('',(-81.8392940615505,55.0512622211416,-30.600000000003));
#10469=CARTESIAN_POINT('',(-81.8392940615504,55.0512622211415,-32.600000000003));
#10470=CARTESIAN_POINT('Ctrl Pts',(-81.8392940664786,55.0512622135223,-30.6));
#10471=CARTESIAN_POINT('Ctrl Pts',(-81.8412976916048,55.0525581804882,-30.6000000000099));
#10472=CARTESIAN_POINT('Ctrl Pts',(-81.843300261057,55.0538548486138,-30.6000025186006));
#10473=CARTESIAN_POINT('Ctrl Pts',(-82.1235228634231,55.2354936595941,-30.6007092005447));
#10474=CARTESIAN_POINT('Ctrl Pts',(-82.3537677758846,55.4109288310161,-30.6503864520186));
#10475=CARTESIAN_POINT('Ctrl Pts',(-82.683263828135,55.6786893528948,-30.8096852299785));
#10476=CARTESIAN_POINT('Ctrl Pts',(-82.7986877518483,55.7794612842126,-30.901585297032));
#10477=CARTESIAN_POINT('Ctrl Pts',(-82.9534982456023,55.9178808483801,-31.0910540473307));
#10478=CARTESIAN_POINT('Ctrl Pts',(-83.008584860455,55.9686701386381,-31.1861261053635));
#10479=CARTESIAN_POINT('Ctrl Pts',(-83.0758419580167,56.0312539986091,-31.3811130919558));
#10480=CARTESIAN_POINT('Ctrl Pts',(-83.0934023996096,56.0478489731829,-31.4736179004604));
#10481=CARTESIAN_POINT('Ctrl Pts',(-83.0994745911276,56.0535689063503,-31.6596539604123));
#10482=CARTESIAN_POINT('Ctrl Pts',(-83.0893912724036,56.044021500728,-31.7488040407718));
#10483=CARTESIAN_POINT('Ctrl Pts',(-83.0429456264069,56.0005765138924,-31.9291575604409));
#10484=CARTESIAN_POINT('Ctrl Pts',(-83.0047028193759,55.9649863137191,-32.0159116935954));
#10485=CARTESIAN_POINT('Ctrl Pts',(-82.8934952388146,55.8637763022608,-32.1944709359173));
#10486=CARTESIAN_POINT('Ctrl Pts',(-82.8144221217904,55.7932538565168,-32.2778884417604));
#10487=CARTESIAN_POINT('Ctrl Pts',(-82.6192248295119,55.6260167423203,-32.4276811550435));
#10488=CARTESIAN_POINT('Ctrl Pts',(-82.4892437222532,55.5185312028965,-32.4929075671696));
#10489=CARTESIAN_POINT('Ctrl Pts',(-82.1802685077189,55.2824878464175,-32.581154669244));
#10490=CARTESIAN_POINT('Ctrl Pts',(-82.0146317422027,55.1649109499285,-32.5995654077555));
#10491=CARTESIAN_POINT('Ctrl Pts',(-81.8433005348294,55.053855029008,-32.5999974807098));
#10492=CARTESIAN_POINT('Ctrl Pts',(-81.8412974141998,55.0525580010595,-32.5999999999901));
#10493=CARTESIAN_POINT('Ctrl Pts',(-81.8392940664786,55.0512622135223,-32.6));
#10494=CARTESIAN_POINT('',(-123.278822563066,55.0512622059033,-30.600000000006));
#10495=CARTESIAN_POINT('Ctrl Pts',(-81.839294054699,55.0512622059031,-32.6));
#10496=CARTESIAN_POINT('Ctrl Pts',(-81.8402413623755,55.0497976242272,-32.6));
#10497=CARTESIAN_POINT('Ctrl Pts',(-81.8411883988234,55.0483327182341,-32.5999967821962));
#10498=CARTESIAN_POINT('Ctrl Pts',(-81.8932795432778,54.9677160425982,-32.5996425091774));
#10499=CARTESIAN_POINT('Ctrl Pts',(-81.9433873200349,54.8879906561068,-32.5898956788714));
#10500=CARTESIAN_POINT('Ctrl Pts',(-82.0388817895646,54.7324496856587,-32.5511343166033));
#10501=CARTESIAN_POINT('Ctrl Pts',(-82.084241734777,54.6567551290942,-32.5225369200028));
#10502=CARTESIAN_POINT('Ctrl Pts',(-82.1908248810703,54.475515382899,-32.4268339866524));
#10503=CARTESIAN_POINT('Ctrl Pts',(-82.2479834291588,54.3750754589002,-32.3481225693399));
#10504=CARTESIAN_POINT('Ctrl Pts',(-82.3370623900278,54.2158711827391,-32.1615927914032));
#10505=CARTESIAN_POINT('Ctrl Pts',(-82.3703345487595,54.1551109702608,-32.0597442904843));
#10506=CARTESIAN_POINT('Ctrl Pts',(-82.4144939119334,54.0740170677933,-31.8405637301954));
#10507=CARTESIAN_POINT('Ctrl Pts',(-82.4259591279075,54.0526934722955,-31.7272104655473));
#10508=CARTESIAN_POINT('Ctrl Pts',(-82.4274496774976,54.0499313455855,-31.4930976312813));
#10509=CARTESIAN_POINT('Ctrl Pts',(-82.4168335087199,54.06969225468,-31.3759957304449));
#10510=CARTESIAN_POINT('Ctrl Pts',(-82.3725549896442,54.1510608141204,-31.1464851146636));
#10511=CARTESIAN_POINT('Ctrl Pts',(-82.3377610756587,54.2146604886721,-31.0389588286423));
#10512=CARTESIAN_POINT('Ctrl Pts',(-82.2423717972344,54.385059172026,-30.8412188014175));
#10513=CARTESIAN_POINT('Ctrl Pts',(-82.179853271141,54.4947235036661,-30.7587741753165));
#10514=CARTESIAN_POINT('Ctrl Pts',(-82.0279486143214,54.7516697737764,-30.6335962555191));
#10515=CARTESIAN_POINT('Ctrl Pts',(-81.9369592592368,54.9001168106114,-30.6006545582326));
#10516=CARTESIAN_POINT('Ctrl Pts',(-81.8411883571504,55.0483327889441,-30.6000032175049));
#10517=CARTESIAN_POINT('Ctrl Pts',(-81.8402414079159,55.0497975538196,-30.6));
#10518=CARTESIAN_POINT('Ctrl Pts',(-81.839294054699,55.0512622059032,-30.6));
#10519=CARTESIAN_POINT('Origin',(-123.278822563066,55.0512622059033,-31.600000000006));
#10520=CARTESIAN_POINT('',(-122.626686879111,54.0512622059033,-31.600000000006));
#10521=CARTESIAN_POINT('',(-122.783332535248,55.0512622059033,-30.600000000006));
#10522=CARTESIAN_POINT('Ctrl Pts',(-122.626686879111,54.0512622059033,-31.600000000006));
#10523=CARTESIAN_POINT('Ctrl Pts',(-122.626686879111,54.0512622059033,-31.4744852557849));
#10524=CARTESIAN_POINT('Ctrl Pts',(-122.630924137229,54.0763455100758,-31.3407339466014));
#10525=CARTESIAN_POINT('Ctrl Pts',(-122.647823944965,54.177974503271,-31.0949752046407));
#10526=CARTESIAN_POINT('Ctrl Pts',(-122.660453264218,54.2545092561281,-30.9829609655921));
#10527=CARTESIAN_POINT('Ctrl Pts',(-122.689025627661,54.4315782669903,-30.8050514043688));
#10528=CARTESIAN_POINT('Ctrl Pts',(-122.706932008995,54.544353339679,-30.7276946902957));
#10529=CARTESIAN_POINT('Ctrl Pts',(-122.744956719457,54.7912976715659,-30.6251709920472));
#10530=CARTESIAN_POINT('Ctrl Pts',(-122.765046007448,54.9254697377238,-30.600000000006));
#10531=CARTESIAN_POINT('Ctrl Pts',(-122.783332535248,55.0512622059033,-30.600000000006));
#10532=CARTESIAN_POINT('Ctrl Pts',(-122.783332535248,55.0512622059033,-30.600000000006));
#10533=CARTESIAN_POINT('Ctrl Pts',(-122.801573885264,55.1767438974838,-30.600000000006));
#10534=CARTESIAN_POINT('Ctrl Pts',(-122.820475907268,55.3107717935936,-30.6250596399473));
#10535=CARTESIAN_POINT('Ctrl Pts',(-122.854262519583,55.5576380758193,-30.7273961885151));
#10536=CARTESIAN_POINT('Ctrl Pts',(-122.869176091906,55.6704682577557,-30.8046833171299));
#10537=CARTESIAN_POINT('Ctrl Pts',(-122.892176570037,55.8478065258243,-30.9826409919735));
#10538=CARTESIAN_POINT('Ctrl Pts',(-122.901849404877,55.9244626795454,-31.0947975033198));
#10539=CARTESIAN_POINT('Ctrl Pts',(-122.914563752497,56.0261932164259,-31.3407353507407));
#10540=CARTESIAN_POINT('Ctrl Pts',(-122.917634042653,56.0512622059033,-31.474517429288));
#10541=CARTESIAN_POINT('Ctrl Pts',(-122.917634042653,56.0512622059033,-31.7254825707241));
#10542=CARTESIAN_POINT('Ctrl Pts',(-122.914563752497,56.0261932164259,-31.8592646492714));
#10543=CARTESIAN_POINT('Ctrl Pts',(-122.901849404877,55.9244626795454,-32.1052024966922));
#10544=CARTESIAN_POINT('Ctrl Pts',(-122.892176570037,55.8478065258243,-32.2173590080386));
#10545=CARTESIAN_POINT('Ctrl Pts',(-122.869176091906,55.6704682577557,-32.3953166828822));
#10546=CARTESIAN_POINT('Ctrl Pts',(-122.854262519583,55.5576380758193,-32.472603811497));
#10547=CARTESIAN_POINT('Ctrl Pts',(-122.820475907268,55.3107717935937,-32.5749403600648));
#10548=CARTESIAN_POINT('Ctrl Pts',(-122.801573885264,55.1767438974838,-32.600000000006));
#10549=CARTESIAN_POINT('Ctrl Pts',(-122.765046007448,54.9254697377238,-32.600000000006));
#10550=CARTESIAN_POINT('Ctrl Pts',(-122.744956719457,54.7912976715659,-32.5748290079648));
#10551=CARTESIAN_POINT('Ctrl Pts',(-122.706932008995,54.544353339679,-32.4723053097164));
#10552=CARTESIAN_POINT('Ctrl Pts',(-122.689025627661,54.4315782669903,-32.3949485956433));
#10553=CARTESIAN_POINT('Ctrl Pts',(-122.660453264218,54.2545092561281,-32.21703903442));
#10554=CARTESIAN_POINT('Ctrl Pts',(-122.647823944965,54.177974503271,-32.1050247953713));
#10555=CARTESIAN_POINT('Ctrl Pts',(-122.630924137229,54.0763455100758,-31.8592660534107));
#10556=CARTESIAN_POINT('Ctrl Pts',(-122.626686879111,54.0512622059033,-31.7255147442271));
#10557=CARTESIAN_POINT('Ctrl Pts',(-122.626686879111,54.0512622059033,-31.600000000006));
#10558=CARTESIAN_POINT('',(-132.160709117029,55.0512622211415,-30.600000000003));
#10559=CARTESIAN_POINT('',(-123.278822563066,55.0512622059033,-30.600000000006));
#10560=CARTESIAN_POINT('',(-132.160709117029,55.0512622211413,-32.600000000003));
#10561=CARTESIAN_POINT('Ctrl Pts',(-132.160709112101,55.0512622135223,-32.6));
#10562=CARTESIAN_POINT('Ctrl Pts',(-132.158705764268,55.0525580011315,-32.5999999999901));
#10563=CARTESIAN_POINT('Ctrl Pts',(-132.156702643859,55.0538550289363,-32.5999974807101));
#10564=CARTESIAN_POINT('Ctrl Pts',(-131.985371431911,55.1649109528465,-32.599565407744));
#10565=CARTESIAN_POINT('Ctrl Pts',(-131.819734668227,55.2824878483105,-32.5811546688902));
#10566=CARTESIAN_POINT('Ctrl Pts',(-131.510759452277,55.5185312061072,-32.4929075656207));
#10567=CARTESIAN_POINT('Ctrl Pts',(-131.380778344506,55.626016746109,-32.4276811525563));
#10568=CARTESIAN_POINT('Ctrl Pts',(-131.185581052824,55.7932538600118,-32.277888437897));
#10569=CARTESIAN_POINT('Ctrl Pts',(-131.106507936587,55.8637763051178,-32.194470931938));
#10570=CARTESIAN_POINT('Ctrl Pts',(-130.995300357233,55.9649863155396,-32.0159116895752));
#10571=CARTESIAN_POINT('Ctrl Pts',(-130.957057550691,56.0005765152726,-31.9291575564012));
#10572=CARTESIAN_POINT('Ctrl Pts',(-130.910611905518,56.0440215013487,-31.7488040366729));
#10573=CARTESIAN_POINT('Ctrl Pts',(-130.900528587192,56.0535689065958,-31.6596539562455));
#10574=CARTESIAN_POINT('Ctrl Pts',(-130.906600779531,56.0478489726549,-31.4736178961702));
#10575=CARTESIAN_POINT('Ctrl Pts',(-130.924161221586,56.031253997647,-31.3811130876291));
#10576=CARTESIAN_POINT('Ctrl Pts',(-130.991418320251,55.9686701366722,-31.1861261009012));
#10577=CARTESIAN_POINT('Ctrl Pts',(-131.046504935827,55.9178808457781,-31.0910540428541));
#10578=CARTESIAN_POINT('Ctrl Pts',(-131.201315431374,55.7794612801351,-30.9015852926767));
#10579=CARTESIAN_POINT('Ctrl Pts',(-131.316739356365,55.6786893478331,-30.8096852258665));
#10580=CARTESIAN_POINT('Ctrl Pts',(-131.646235359923,55.4109288661024,-30.6503864743293));
#10581=CARTESIAN_POINT('Ctrl Pts',(-131.876480250724,55.2354937014021,-30.6007092007071));
#10582=CARTESIAN_POINT('Ctrl Pts',(-132.156702917653,55.053854848528,-30.6000025186003));
#10583=CARTESIAN_POINT('Ctrl Pts',(-132.158705486845,55.0525581805724,-30.6000000000099));
#10584=CARTESIAN_POINT('Ctrl Pts',(-132.160709112101,55.0512622135224,-30.6));
#10585=CARTESIAN_POINT('Ctrl Pts',(-132.16070912388,55.0512622059033,-30.6));
#10586=CARTESIAN_POINT('Ctrl Pts',(-132.159761770633,55.0497975537728,-30.6));
#10587=CARTESIAN_POINT('Ctrl Pts',(-132.158814821458,55.0483327889932,-30.6000032175047));
#10588=CARTESIAN_POINT('Ctrl Pts',(-132.063043918316,54.9001168089192,-30.6006545582397));
#10589=CARTESIAN_POINT('Ctrl Pts',(-131.972054564308,54.7516697738487,-30.6335962555777));
#10590=CARTESIAN_POINT('Ctrl Pts',(-131.820149907695,54.494723504111,-30.7587741750195));
#10591=CARTESIAN_POINT('Ctrl Pts',(-131.757631381564,54.3850591724135,-30.8412188010742));
#10592=CARTESIAN_POINT('Ctrl Pts',(-131.66224210307,54.2146604889433,-31.0389588282363));
#10593=CARTESIAN_POINT('Ctrl Pts',(-131.627448189051,54.1510608143333,-31.1464851142375));
#10594=CARTESIAN_POINT('Ctrl Pts',(-131.583169669914,54.0696922547814,-31.3759957299994));
#10595=CARTESIAN_POINT('Ctrl Pts',(-131.572553501107,54.0499313456314,-31.493097630836));
#10596=CARTESIAN_POINT('Ctrl Pts',(-131.574044050642,54.0526934722402,-31.7272104651139));
#10597=CARTESIAN_POINT('Ctrl Pts',(-131.58550926659,54.0740170676897,-31.8405637297723));
#10598=CARTESIAN_POINT('Ctrl Pts',(-131.629668629709,54.1551109700589,-32.059744290087));
#10599=CARTESIAN_POINT('Ctrl Pts',(-131.662940788412,54.2158711824868,-32.1615927910262));
#10600=CARTESIAN_POINT('Ctrl Pts',(-131.752019749222,54.3750754585491,-32.3481225690196));
#10601=CARTESIAN_POINT('Ctrl Pts',(-131.809178297278,54.4755153824982,-32.4268339863713));
#10602=CARTESIAN_POINT('Ctrl Pts',(-131.915761443573,54.656755128711,-32.5225369198465));
#10603=CARTESIAN_POINT('Ctrl Pts',(-131.961121388824,54.732449685344,-32.5511343165045));
#10604=CARTESIAN_POINT('Ctrl Pts',(-132.056615858319,54.8879906557437,-32.5898956788016));
#10605=CARTESIAN_POINT('Ctrl Pts',(-132.106723634544,54.9677160413648,-32.599642509172));
#10606=CARTESIAN_POINT('Ctrl Pts',(-132.158814779788,55.048332718288,-32.5999967821964));
#10607=CARTESIAN_POINT('Ctrl Pts',(-132.159761816169,55.0497976241737,-32.6));
#10608=CARTESIAN_POINT('Ctrl Pts',(-132.160709123881,55.0512622059032,-32.6));
#10609=CARTESIAN_POINT('Ctrl Pts',(-132.977685993304,60.3952214940171,-32.6));
#10610=CARTESIAN_POINT('Ctrl Pts',(-132.965607307607,60.1403770461341,-32.6));
#10611=CARTESIAN_POINT('Ctrl Pts',(-132.896348629882,59.7806322830852,-32.6));
#10612=CARTESIAN_POINT('Ctrl Pts',(-132.628038279104,58.9514279880705,-32.6));
#10613=CARTESIAN_POINT('Ctrl Pts',(-132.215396724392,58.0119194628689,-32.6));
#10614=CARTESIAN_POINT('Ctrl Pts',(-131.895486263908,56.8686230419809,-32.6));
#10615=CARTESIAN_POINT('Ctrl Pts',(-131.890152249853,55.888824873798,-32.6));
#10616=CARTESIAN_POINT('Ctrl Pts',(-132.014960795669,55.3754227892338,-32.6));
#10617=CARTESIAN_POINT('Ctrl Pts',(-132.16070911905,55.0512622166466,-32.6));
#10618=CARTESIAN_POINT('Ctrl Pts',(-132.678822189958,60.4093865346004,-32.6));
#10619=CARTESIAN_POINT('Ctrl Pts',(-132.668136707362,60.1839368473742,-32.6));
#10620=CARTESIAN_POINT('Ctrl Pts',(-132.606553568489,59.8585600005903,-32.6));
#10621=CARTESIAN_POINT('Ctrl Pts',(-132.350586555215,59.0653263905642,-32.6));
#10622=CARTESIAN_POINT('Ctrl Pts',(-131.93897030289,58.1293934786158,-32.6));
#10623=CARTESIAN_POINT('Ctrl Pts',(-131.596703478116,56.9221011738986,-32.6));
#10624=CARTESIAN_POINT('Ctrl Pts',(-131.589719504815,55.8520302882102,-32.6));
#10625=CARTESIAN_POINT('Ctrl Pts',(-131.727724929429,55.2846459854166,-32.6));
#10626=CARTESIAN_POINT('Ctrl Pts',(-131.887823813919,54.9285681598684,-32.6));
#10627=CARTESIAN_POINT('Ctrl Pts',(-132.237782774274,60.4302901741583,-32.3838931259295));
#10628=CARTESIAN_POINT('Ctrl Pts',(-132.229099818163,60.2470911729033,-32.3838931259294));
#10629=CARTESIAN_POINT('Ctrl Pts',(-132.178801562419,59.9702732167279,-32.3838931259294));
#10630=CARTESIAN_POINT('Ctrl Pts',(-131.940602455668,59.2285578261047,-32.3838931259295));
#10631=CARTESIAN_POINT('Ctrl Pts',(-131.53076711225,58.2962960935047,-32.3838931259294));
#10632=CARTESIAN_POINT('Ctrl Pts',(-131.156542207485,56.9957280901214,-32.3838931259294));
#10633=CARTESIAN_POINT('Ctrl Pts',(-131.147231643406,55.7956370917751,-32.3838931259295));
#10634=CARTESIAN_POINT('Ctrl Pts',(-131.304395673008,55.1494602622805,-32.3838931259295));
#10635=CARTESIAN_POINT('Ctrl Pts',(-131.485121398383,54.7475060355713,-32.3838931259295));
#10636=CARTESIAN_POINT('Ctrl Pts',(-131.902005330301,60.4462047849864,-31.690962409505));
#10637=CARTESIAN_POINT('Ctrl Pts',(-131.894878571602,60.2958395108606,-31.690962409505));
#10638=CARTESIAN_POINT('Ctrl Pts',(-131.853196735847,60.0572674948234,-31.690962409505));
#10639=CARTESIAN_POINT('Ctrl Pts',(-131.62878949019,59.3556997486383,-31.690962409505));
#10640=CARTESIAN_POINT('Ctrl Pts',(-131.220151611616,58.4271824044912,-31.690962409505));
#10641=CARTESIAN_POINT('Ctrl Pts',(-130.820984718089,57.0549120691963,-31.690962409505));
#10642=CARTESIAN_POINT('Ctrl Pts',(-130.809838807666,55.7539418733248,-31.690962409505));
#10643=CARTESIAN_POINT('Ctrl Pts',(-130.98177594698,55.0472631955052,-31.690962409505));
#10644=CARTESIAN_POINT('Ctrl Pts',(-131.178531141454,54.6096576366871,-31.690962409505));
#10645=CARTESIAN_POINT('Ctrl Pts',(-132.083504496874,60.437602394762,-30.8889974104192));
#10646=CARTESIAN_POINT('Ctrl Pts',(-132.075538647322,60.2695334026554,-30.8889974104192));
#10647=CARTESIAN_POINT('Ctrl Pts',(-132.029200984954,60.0103724283293,-30.8889974104192));
#10648=CARTESIAN_POINT('Ctrl Pts',(-131.797356236204,59.2871645923379,-30.8889974104192));
#10649=CARTESIAN_POINT('Ctrl Pts',(-131.388060629209,58.3566859601448,-30.8889974104192));
#10650=CARTESIAN_POINT('Ctrl Pts',(-131.002335373753,57.0231277222019,-30.8889974104192));
#10651=CARTESIAN_POINT('Ctrl Pts',(-130.99217730271,55.7765613454688,-30.8889974104192));
#10652=CARTESIAN_POINT('Ctrl Pts',(-131.15614142155,55.1025520080087,-30.8889974104192));
#10653=CARTESIAN_POINT('Ctrl Pts',(-131.344253637443,54.6841694002376,-30.8889974104192));
#10654=CARTESIAN_POINT('Ctrl Pts',(-132.678822189958,60.4093865346005,-30.6));
#10655=CARTESIAN_POINT('Ctrl Pts',(-132.668110931598,60.1833930125191,-30.6));
#10656=CARTESIAN_POINT('Ctrl Pts',(-132.606507507344,59.8569752620702,-30.6));
#10657=CARTESIAN_POINT('Ctrl Pts',(-132.350324742599,59.0629872333646,-30.6));
#10658=CARTESIAN_POINT('Ctrl Pts',(-131.938837653788,58.1262801453298,-30.6));
#10659=CARTESIAN_POINT('Ctrl Pts',(-131.597069286903,56.9195493109678,-30.6));
#10660=CARTESIAN_POINT('Ctrl Pts',(-131.590137532633,55.8510201840762,-30.6));
#10661=CARTESIAN_POINT('Ctrl Pts',(-131.727990430326,55.2840554817263,-30.6));
#10662=CARTESIAN_POINT('Ctrl Pts',(-131.887823813919,54.9285681598684,-30.6));
#10663=CARTESIAN_POINT('Ctrl Pts',(-132.977685993304,60.3952214940171,-30.6));
#10664=CARTESIAN_POINT('Ctrl Pts',(-132.965607307607,60.1403770461341,-30.6));
#10665=CARTESIAN_POINT('Ctrl Pts',(-132.896348629882,59.7806322830853,-30.6));
#10666=CARTESIAN_POINT('Ctrl Pts',(-132.628038279104,58.9514279880706,-30.6));
#10667=CARTESIAN_POINT('Ctrl Pts',(-132.215396724392,58.0119194628688,-30.6));
#10668=CARTESIAN_POINT('Ctrl Pts',(-131.895486263908,56.8686230419809,-30.6));
#10669=CARTESIAN_POINT('Ctrl Pts',(-131.890152249853,55.8888248737978,-30.6));
#10670=CARTESIAN_POINT('Ctrl Pts',(-132.014960795669,55.3754227892337,-30.6));
#10671=CARTESIAN_POINT('Ctrl Pts',(-132.16070911905,55.0512622166466,-30.6));
#10672=CARTESIAN_POINT('',(-132.185099040019,57.8222184876779,-30.6));
#10673=CARTESIAN_POINT('Ctrl Pts',(-132.185495859592,57.8220849133426,-30.6));
#10674=CARTESIAN_POINT('Ctrl Pts',(-132.052594697746,57.43004620282,-30.6));
#10675=CARTESIAN_POINT('Ctrl Pts',(-131.895454481069,56.8627848932071,-30.6));
#10676=CARTESIAN_POINT('Ctrl Pts',(-131.890152249861,55.8888248753074,-30.6));
#10677=CARTESIAN_POINT('Ctrl Pts',(-132.0149607949,55.3754227923976,-30.6));
#10678=CARTESIAN_POINT('Ctrl Pts',(-132.160709117029,55.0512622211414,-30.6));
#10679=CARTESIAN_POINT('',(-132.185099040019,57.8222184876778,-32.6));
#10680=CARTESIAN_POINT('Ctrl Pts',(-132.185099040019,57.8222184876778,-32.6));
#10681=CARTESIAN_POINT('Ctrl Pts',(-132.095758618762,58.291649846393,-32.6));
#10682=CARTESIAN_POINT('Ctrl Pts',(-132.039592294115,58.7666466956951,-32.5167480284874));
#10683=CARTESIAN_POINT('Ctrl Pts',(-131.983065952341,59.5759726374467,-32.2209072399678));
#10684=CARTESIAN_POINT('Ctrl Pts',(-131.974320031509,59.9159444301358,-32.0374151415508));
#10685=CARTESIAN_POINT('Ctrl Pts',(-131.976239502381,60.2840760393923,-31.7573048271791));
#10686=CARTESIAN_POINT('Ctrl Pts',(-131.976934719747,60.3377286485617,-31.7137603223003));
#10687=CARTESIAN_POINT('Ctrl Pts',(-131.978199488473,60.4154103291185,-31.6458745942549));
#10688=CARTESIAN_POINT('Ctrl Pts',(-131.97855804856,60.4307783809393,-31.6286178093258));
#10689=CARTESIAN_POINT('Ctrl Pts',(-131.978747520573,60.4398975260115,-31.6123427186363));
#10690=CARTESIAN_POINT('Ctrl Pts',(-131.978778881345,60.44138112532,-31.6083909390576));
#10691=CARTESIAN_POINT('Ctrl Pts',(-131.978803114301,60.4425291293333,-31.6017246973602));
#10692=CARTESIAN_POINT('Ctrl Pts',(-131.97880387218,60.4425648689133,-31.5989044135019));
#10693=CARTESIAN_POINT('Ctrl Pts',(-131.978783325368,60.4415918252602,-31.5923881649998));
#10694=CARTESIAN_POINT('Ctrl Pts',(-131.978755723232,60.440286650422,-31.5886220324047));
#10695=CARTESIAN_POINT('Ctrl Pts',(-131.97861663035,60.4336075500586,-31.5759662337199));
#10696=CARTESIAN_POINT('Ctrl Pts',(-131.978435172771,60.42499682429,-31.5654747276563));
#10697=CARTESIAN_POINT('Ctrl Pts',(-131.977909041141,60.3969456287359,-31.5380394323557));
#10698=CARTESIAN_POINT('Ctrl Pts',(-131.977632504589,60.3809253889583,-31.5238789420363));
#10699=CARTESIAN_POINT('Ctrl Pts',(-131.976985727268,60.3396748026753,-31.4883334411425));
#10700=CARTESIAN_POINT('Ctrl Pts',(-131.97658272698,60.3076680523799,-31.462277180192));
#10701=CARTESIAN_POINT('Ctrl Pts',(-131.975716947819,60.2126721862766,-31.387229593963));
#10702=CARTESIAN_POINT('Ctrl Pts',(-131.97556800129,60.1444624604946,-31.3369376647185));
#10703=CARTESIAN_POINT('Ctrl Pts',(-131.976922523767,59.9100665957281,-31.1759601264955));
#10704=CARTESIAN_POINT('Ctrl Pts',(-131.980900597033,59.7377061393672,-31.0768838293523));
#10705=CARTESIAN_POINT('Ctrl Pts',(-132.000178216024,59.2988305109737,-30.8675948179578));
#10706=CARTESIAN_POINT('Ctrl Pts',(-132.019727535506,59.0260368233614,-30.7727702748527));
#10707=CARTESIAN_POINT('Ctrl Pts',(-132.081808367776,58.4428325211226,-30.6360674481296));
#10708=CARTESIAN_POINT('Ctrl Pts',(-132.126266244206,58.131350220962,-30.6));
#10709=CARTESIAN_POINT('Ctrl Pts',(-132.185099040019,57.8222184876779,-30.6));
#10710=CARTESIAN_POINT('Ctrl Pts',(-132.185494657203,57.8220813664705,-32.6));
#10711=CARTESIAN_POINT('Ctrl Pts',(-132.052593989041,57.4300436444569,-32.6));
#10712=CARTESIAN_POINT('Ctrl Pts',(-131.895454473122,56.8627834334007,-32.6));
#10713=CARTESIAN_POINT('Ctrl Pts',(-131.890152249861,55.8888248753075,-32.6));
#10714=CARTESIAN_POINT('Ctrl Pts',(-132.0149607949,55.3754227923977,-32.6));
#10715=CARTESIAN_POINT('Ctrl Pts',(-132.160709117029,55.0512622211413,-32.6));
#10716=CARTESIAN_POINT('Ctrl Pts',(-132.160709117029,55.0512622211415,-32.6));
#10717=CARTESIAN_POINT('Ctrl Pts',(-132.252687555859,54.8466918848748,-32.6));
#10718=CARTESIAN_POINT('Ctrl Pts',(-132.3683985751,54.6499512859848,-32.6));
#10719=CARTESIAN_POINT('Ctrl Pts',(-132.502987567647,54.4643058733262,-32.6));
#10720=CARTESIAN_POINT('Ctrl Pts',(-131.887823811702,54.9285681647998,-32.6));
#10721=CARTESIAN_POINT('Ctrl Pts',(-131.988858561971,54.7038555788947,-32.6));
#10722=CARTESIAN_POINT('Ctrl Pts',(-132.115060397118,54.4896463428458,-32.6));
#10723=CARTESIAN_POINT('Ctrl Pts',(-132.260750251535,54.2886889492895,-32.6));
#10724=CARTESIAN_POINT('Ctrl Pts',(-131.485114307785,54.7475028542153,-32.3838985908983));
#10725=CARTESIAN_POINT('Ctrl Pts',(-131.599166186347,54.4938387189452,-32.3838985908983));
#10726=CARTESIAN_POINT('Ctrl Pts',(-131.741623680938,54.2524890431348,-32.3838985908983));
#10727=CARTESIAN_POINT('Ctrl Pts',(-131.903269407029,54.0295229078146,-32.3838985908983));
#10728=CARTESIAN_POINT('Ctrl Pts',(-131.178525019962,54.6096548916481,-31.6909637843502));
#10729=CARTESIAN_POINT('Ctrl Pts',(-131.302692730459,54.3334920146424,-31.6909637843502));
#10730=CARTESIAN_POINT('Ctrl Pts',(-131.457068126889,54.0722850930918,-31.6909637843502));
#10731=CARTESIAN_POINT('Ctrl Pts',(-131.631113432409,53.8322155899819,-31.6909637843502));
#10732=CARTESIAN_POINT('Ctrl Pts',(-131.344248105183,54.6841669198089,-30.8889895907907));
#10733=CARTESIAN_POINT('Ctrl Pts',(-131.46296142925,54.4201352083282,-30.8889895907907));
#10734=CARTESIAN_POINT('Ctrl Pts',(-131.61086447355,54.1697151303292,-30.8889895907907));
#10735=CARTESIAN_POINT('Ctrl Pts',(-131.778224011828,53.9388676445272,-30.8889895907907));
#10736=CARTESIAN_POINT('Ctrl Pts',(-131.887823811702,54.9285681647998,-30.6));
#10737=CARTESIAN_POINT('Ctrl Pts',(-131.988691010417,54.7042282322917,-30.6));
#10738=CARTESIAN_POINT('Ctrl Pts',(-132.115265775065,54.4893630546432,-30.6));
#10739=CARTESIAN_POINT('Ctrl Pts',(-132.260750251535,54.2886889492895,-30.6));
#10740=CARTESIAN_POINT('Ctrl Pts',(-132.160709117029,55.0512622211415,-30.6));
#10741=CARTESIAN_POINT('Ctrl Pts',(-132.25268755586,54.8466918848748,-30.6));
#10742=CARTESIAN_POINT('Ctrl Pts',(-132.3683985751,54.6499512859848,-30.6));
#10743=CARTESIAN_POINT('Ctrl Pts',(-132.502987567647,54.4643058733262,-30.6));
#10744=CARTESIAN_POINT('',(-132.502987567647,54.4643058733263,-32.6));
#10745=CARTESIAN_POINT('Ctrl Pts',(-132.160709117029,55.0512622211415,-32.6));
#10746=CARTESIAN_POINT('Ctrl Pts',(-132.252687555859,54.8466918848748,-32.6));
#10747=CARTESIAN_POINT('Ctrl Pts',(-132.3683985751,54.6499512859848,-32.6));
#10748=CARTESIAN_POINT('Ctrl Pts',(-132.502987567647,54.4643058733262,-32.6));
#10749=CARTESIAN_POINT('',(-132.502987567647,54.4643058733263,-30.6));
#10750=CARTESIAN_POINT('Origin',(-132.502987567647,54.4643058733263,-31.6));
#10751=CARTESIAN_POINT('Ctrl Pts',(-132.160709117029,55.0512622211415,-30.6));
#10752=CARTESIAN_POINT('Ctrl Pts',(-132.25268755586,54.8466918848748,-30.6));
#10753=CARTESIAN_POINT('Ctrl Pts',(-132.3683985751,54.6499512859848,-30.6));
#10754=CARTESIAN_POINT('Ctrl Pts',(-132.502987567647,54.4643058733262,-30.6));
#10755=CARTESIAN_POINT('Origin',(-81.0193997422246,60.5178881810042,-32.6));
#10756=CARTESIAN_POINT('',(-81.4970156109328,54.4643058733263,-32.6));
#10757=CARTESIAN_POINT('Ctrl Pts',(-81.8392940615504,55.0512622211415,-32.6));
#10758=CARTESIAN_POINT('Ctrl Pts',(-81.74731562272,54.8466918848749,-32.6));
#10759=CARTESIAN_POINT('Ctrl Pts',(-81.6316046034792,54.6499512859848,-32.6));
#10760=CARTESIAN_POINT('Ctrl Pts',(-81.4970156109328,54.4643058733263,-32.6));
#10761=CARTESIAN_POINT('',(-80.2296158333621,19.369753347032,-32.6));
#10762=CARTESIAN_POINT('Ctrl Pts',(-81.5027533319999,54.4723027223365,-32.6));
#10763=CARTESIAN_POINT('Ctrl Pts',(-81.1109640158961,53.9205406368367,-32.6));
#10764=CARTESIAN_POINT('Ctrl Pts',(-80.5654000747857,53.1228136146082,-32.6000000000001));
#10765=CARTESIAN_POINT('Ctrl Pts',(-79.8968305263785,52.0493265249354,-32.6));
#10766=CARTESIAN_POINT('Ctrl Pts',(-79.1829608619338,50.7713872193971,-32.6000000000001));
#10767=CARTESIAN_POINT('Ctrl Pts',(-78.2301644884911,48.8783578611044,-32.6));
#10768=CARTESIAN_POINT('Ctrl Pts',(-77.5383854775213,47.2179642958681,-32.6));
#10769=CARTESIAN_POINT('Ctrl Pts',(-76.9272189073479,45.3217289807513,-32.6));
#10770=CARTESIAN_POINT('Ctrl Pts',(-76.4895524139119,43.7937972757862,-32.6));
#10771=CARTESIAN_POINT('Ctrl Pts',(-76.1393789406164,42.3898558321483,-32.6000000000001));
#10772=CARTESIAN_POINT('Ctrl Pts',(-75.9416326561902,41.3711071476235,-32.6000000000001));
#10773=CARTESIAN_POINT('Ctrl Pts',(-75.8206512662656,40.5439842006724,-32.6000000000001));
#10774=CARTESIAN_POINT('Ctrl Pts',(-75.7180261365598,39.6774839215043,-32.6000000000001));
#10775=CARTESIAN_POINT('Ctrl Pts',(-75.5749155181935,37.9855104696294,-32.6000000000001));
#10776=CARTESIAN_POINT('Ctrl Pts',(-75.465803309486,35.2175066126743,-32.6));
#10777=CARTESIAN_POINT('Ctrl Pts',(-75.6296752789814,32.7181466604553,-32.6));
#10778=CARTESIAN_POINT('Ctrl Pts',(-75.9371302722778,30.733457799653,-32.6));
#10779=CARTESIAN_POINT('Ctrl Pts',(-76.2143973189996,29.3170033503987,-32.6));
#10780=CARTESIAN_POINT('Ctrl Pts',(-76.496961652881,28.070476631681,-32.6));
#10781=CARTESIAN_POINT('Ctrl Pts',(-76.7882010094756,26.9807022614974,-32.6));
#10782=CARTESIAN_POINT('Ctrl Pts',(-77.1690608278785,25.8229001128677,-32.6));
#10783=CARTESIAN_POINT('Ctrl Pts',(-77.889949681248,23.9468067317111,-32.6));
#10784=CARTESIAN_POINT('Ctrl Pts',(-79.0864697915096,21.2410278132937,-32.5999999999999));
#10785=CARTESIAN_POINT('Ctrl Pts',(-79.9030228656116,19.8235332408342,-32.6));
#10786=CARTESIAN_POINT('Ctrl Pts',(-80.2296158333621,19.3697533470318,-32.6));
#10787=CARTESIAN_POINT('',(-80.2490520962045,19.3427479116446,-32.6));
#10788=CARTESIAN_POINT('',(-80.2296158333622,19.3697533470318,-32.6));
#10789=CARTESIAN_POINT('',(-80.2666502808167,19.3145102461589,-32.6));
#10790=CARTESIAN_POINT('',(-80.2666502808167,19.3145102461589,-32.6));
#10791=CARTESIAN_POINT('',(-83.1497479643519,16.9154676254467,-32.6));
#10792=CARTESIAN_POINT('Ctrl Pts',(-80.2666502808167,19.3145102461589,-32.6));
#10793=CARTESIAN_POINT('Ctrl Pts',(-80.4458072203569,19.0270389052415,-32.6));
#10794=CARTESIAN_POINT('Ctrl Pts',(-80.8669048026966,18.4810933055935,-32.6));
#10795=CARTESIAN_POINT('Ctrl Pts',(-81.6897449941875,17.7410499716853,-32.6));
#10796=CARTESIAN_POINT('Ctrl Pts',(-82.4891167266641,17.2251927758311,-32.6));
#10797=CARTESIAN_POINT('Ctrl Pts',(-82.984543574926,16.9860954945615,-32.6));
#10798=CARTESIAN_POINT('Ctrl Pts',(-83.1497994513314,16.9153749700905,-32.6));
#10799=CARTESIAN_POINT('',(-79.4179724730491,18.7856000660689,-32.5999992713332));
#10800=CARTESIAN_POINT('Origin',(-82.8126837041195,20.9012407864287,-32.6));
#10801=CARTESIAN_POINT('',(-80.6873970194627,55.051262205898,-32.5999992713332));
#10802=CARTESIAN_POINT('Origin',(-107.00000158929,35.9751811457134,-32.6));
#10803=CARTESIAN_POINT('',(-81.814904138555,57.8222184877032,-32.6));
#10804=CARTESIAN_POINT('Ctrl Pts',(-81.8151444100011,57.8209670397353,-32.6));
#10805=CARTESIAN_POINT('Ctrl Pts',(-81.7167755425793,57.3061165639294,-32.6));
#10806=CARTESIAN_POINT('Ctrl Pts',(-81.5824586109801,56.8163451576643,-32.6));
#10807=CARTESIAN_POINT('Ctrl Pts',(-81.4059947747627,56.3675836642908,-32.6));
#10808=CARTESIAN_POINT('Ctrl Pts',(-81.2179121694508,55.8892747220928,-32.6));
#10809=CARTESIAN_POINT('Ctrl Pts',(-80.9819498536452,55.4575538454812,-32.6));
#10810=CARTESIAN_POINT('Ctrl Pts',(-80.6873970194627,55.051262205898,-32.6));
#10811=CARTESIAN_POINT('Ctrl Pts',(-81.8149464281577,57.8222327782233,-32.6));
#10812=CARTESIAN_POINT('Ctrl Pts',(-81.8801992179893,57.629131718806,-32.6));
#10813=CARTESIAN_POINT('Ctrl Pts',(-81.9610579549007,57.3592014015898,-32.6));
#10814=CARTESIAN_POINT('Ctrl Pts',(-82.0852957309608,56.780044993362,-32.6));
#10815=CARTESIAN_POINT('Ctrl Pts',(-82.1497910521387,56.0619985761191,-32.6));
#10816=CARTESIAN_POINT('Ctrl Pts',(-81.9850423836969,55.3754227924616,-32.6));
#10817=CARTESIAN_POINT('Ctrl Pts',(-81.8392940615504,55.0512622211414,-32.6));
#10818=CARTESIAN_POINT('Ctrl Pts',(-81.0223171852475,60.3952214946189,-30.6));
#10819=CARTESIAN_POINT('Ctrl Pts',(-81.0303696423404,60.2253251960135,-30.6));
#10820=CARTESIAN_POINT('Ctrl Pts',(-81.079457629458,59.8743904497827,-30.6));
#10821=CARTESIAN_POINT('Ctrl Pts',(-81.2607709225894,59.2735094968766,-30.6));
#10822=CARTESIAN_POINT('Ctrl Pts',(-81.5886144344045,58.4285993230583,-30.6));
#10823=CARTESIAN_POINT('Ctrl Pts',(-81.8971754110992,57.6570011996045,-30.6));
#10824=CARTESIAN_POINT('Ctrl Pts',(-82.0852957309608,56.7800449933621,-30.6));
#10825=CARTESIAN_POINT('Ctrl Pts',(-82.1497910522712,56.061998574644,-30.6));
#10826=CARTESIAN_POINT('Ctrl Pts',(-81.9850423829354,55.3754227892883,-30.6));
#10827=CARTESIAN_POINT('Ctrl Pts',(-81.8392940595295,55.0512622166466,-30.6));
#10828=CARTESIAN_POINT('Ctrl Pts',(-81.3211809885965,60.4093865351341,-30.6));
#10829=CARTESIAN_POINT('Ctrl Pts',(-81.3283046436263,60.2590867436393,-30.6));
#10830=CARTESIAN_POINT('Ctrl Pts',(-81.3714488428268,59.9446767949164,-30.6));
#10831=CARTESIAN_POINT('Ctrl Pts',(-81.5421425510682,59.3770794506857,-30.6));
#10832=CARTESIAN_POINT('Ctrl Pts',(-81.863811918668,58.546049543662,-30.6));
#10833=CARTESIAN_POINT('Ctrl Pts',(-82.1820567299181,57.7551445837232,-30.6));
#10834=CARTESIAN_POINT('Ctrl Pts',(-82.3824908757503,56.8232526816663,-30.6));
#10835=CARTESIAN_POINT('Ctrl Pts',(-82.4541513175476,56.0440407214238,-30.6));
#10836=CARTESIAN_POINT('Ctrl Pts',(-82.2722782491776,55.2846459854764,-30.6));
#10837=CARTESIAN_POINT('Ctrl Pts',(-82.1121793646604,54.9285681598685,-30.6));
#10838=CARTESIAN_POINT('Ctrl Pts',(-81.762294362557,60.4302936799402,-30.8160517486113));
#10839=CARTESIAN_POINT('Ctrl Pts',(-81.7680829999364,60.3081610124352,-30.8160517486113));
#10840=CARTESIAN_POINT('Ctrl Pts',(-81.8024963485234,60.0458783971416,-30.8160517486113));
#10841=CARTESIAN_POINT('Ctrl Pts',(-81.957889107651,59.5260001097566,-30.8160517486114));
#10842=CARTESIAN_POINT('Ctrl Pts',(-82.270381254004,58.7137681400275,-30.8160517486113));
#10843=CARTESIAN_POINT('Ctrl Pts',(-82.6024566023827,57.8943901429224,-30.8160517486113));
#10844=CARTESIAN_POINT('Ctrl Pts',(-82.8204987414307,56.8828517776789,-30.8160517486113));
#10845=CARTESIAN_POINT('Ctrl Pts',(-82.9023099584733,56.0144881970665,-30.8160517486113));
#10846=CARTESIAN_POINT('Ctrl Pts',(-82.69567503511,55.1494298998875,-30.8160517486113));
#10847=CARTESIAN_POINT('Ctrl Pts',(-82.5149493097042,54.7474756731109,-30.8160517486113));
#10848=CARTESIAN_POINT('Ctrl Pts',(-82.0980620903391,60.4462078301799,-31.509023889841));
#10849=CARTESIAN_POINT('Ctrl Pts',(-82.1028132627819,60.3459643141012,-31.509023889841));
#10850=CARTESIAN_POINT('Ctrl Pts',(-82.130555935597,60.1244171597725,-31.509023889841));
#10851=CARTESIAN_POINT('Ctrl Pts',(-82.274080507339,59.6416960346099,-31.509023889841));
#10852=CARTESIAN_POINT('Ctrl Pts',(-82.5796253033248,58.8447744927173,-31.509023889841));
#10853=CARTESIAN_POINT('Ctrl Pts',(-82.9225025407891,58.0037095405181,-31.509023889841));
#10854=CARTESIAN_POINT('Ctrl Pts',(-83.1542837835857,56.9306934146639,-31.509023889841));
#10855=CARTESIAN_POINT('Ctrl Pts',(-83.2440735110038,55.99380085475,-31.509023889841));
#10856=CARTESIAN_POINT('Ctrl Pts',(-83.0182858895182,55.0472368219562,-31.509023889841));
#10857=CARTESIAN_POINT('Ctrl Pts',(-82.8215306950115,54.6096312630648,-31.509023889841));
#10858=CARTESIAN_POINT('Ctrl Pts',(-81.9165552773596,60.4376050775855,-32.3110824162645));
#10859=CARTESIAN_POINT('Ctrl Pts',(-81.9218658437019,60.3255590828493,-32.3110824162645));
#10860=CARTESIAN_POINT('Ctrl Pts',(-81.9532128250791,60.0820625708448,-32.3110824162645));
#10861=CARTESIAN_POINT('Ctrl Pts',(-82.1031381199054,59.579311429293,-32.3110824162645));
#10862=CARTESIAN_POINT('Ctrl Pts',(-82.4124410318852,58.7741808851592,-32.3110824162645));
#10863=CARTESIAN_POINT('Ctrl Pts',(-82.7494975203144,57.9448383782111,-32.3110824162645));
#10864=CARTESIAN_POINT('Ctrl Pts',(-82.9738743996128,56.9049981041015,-32.3110824162645));
#10865=CARTESIAN_POINT('Ctrl Pts',(-83.0593681114273,56.0051054657544,-32.3110824162645));
#10866=CARTESIAN_POINT('Ctrl Pts',(-82.8439134332002,55.1025287735734,-32.3110824162645));
#10867=CARTESIAN_POINT('Ctrl Pts',(-82.6558012172754,54.6841461657321,-32.3110824162645));
#10868=CARTESIAN_POINT('Ctrl Pts',(-81.3211809885965,60.4093865351341,-32.6));
#10869=CARTESIAN_POINT('Ctrl Pts',(-81.3283218274687,60.2587241870691,-32.6));
#10870=CARTESIAN_POINT('Ctrl Pts',(-81.3714861452427,59.9434603759075,-32.6));
#10871=CARTESIAN_POINT('Ctrl Pts',(-81.542358674553,59.375189138768,-32.6));
#10872=CARTESIAN_POINT('Ctrl Pts',(-81.8639971941963,58.5433500264518,-32.6));
#10873=CARTESIAN_POINT('Ctrl Pts',(-82.182020409887,57.7524561983972,-32.6));
#10874=CARTESIAN_POINT('Ctrl Pts',(-82.3821829736378,56.8212527447675,-32.6));
#10875=CARTESIAN_POINT('Ctrl Pts',(-82.4536399211726,56.0425806510255,-32.6));
#10876=CARTESIAN_POINT('Ctrl Pts',(-82.2720127482805,55.2840554817861,-32.6));
#10877=CARTESIAN_POINT('Ctrl Pts',(-82.1121793646604,54.9285681598685,-32.6));
#10878=CARTESIAN_POINT('Ctrl Pts',(-81.0223171852475,60.3952214946189,-32.6));
#10879=CARTESIAN_POINT('Ctrl Pts',(-81.0303696423404,60.2253251960135,-32.6));
#10880=CARTESIAN_POINT('Ctrl Pts',(-81.079457629458,59.8743904497825,-32.6));
#10881=CARTESIAN_POINT('Ctrl Pts',(-81.2607709225894,59.2735094968765,-32.6));
#10882=CARTESIAN_POINT('Ctrl Pts',(-81.5886144344045,58.4285993230582,-32.6));
#10883=CARTESIAN_POINT('Ctrl Pts',(-81.8971754110992,57.6570011996043,-32.6));
#10884=CARTESIAN_POINT('Ctrl Pts',(-82.0852957309608,56.780044993362,-32.6));
#10885=CARTESIAN_POINT('Ctrl Pts',(-82.1497910522712,56.061998574644,-32.6));
#10886=CARTESIAN_POINT('Ctrl Pts',(-81.9850423829354,55.3754227892883,-32.6));
#10887=CARTESIAN_POINT('Ctrl Pts',(-81.8392940595295,55.0512622166466,-32.6));
#10888=CARTESIAN_POINT('',(-81.814904138555,57.8222184877033,-30.6));
#10889=CARTESIAN_POINT('Ctrl Pts',(-81.814904138555,57.8222184877033,-30.6));
#10890=CARTESIAN_POINT('Ctrl Pts',(-81.9042445598113,58.2916498464197,-30.6));
#10891=CARTESIAN_POINT('Ctrl Pts',(-81.960410884457,58.7666466957217,-30.6832519715125));
#10892=CARTESIAN_POINT('Ctrl Pts',(-82.0169372262202,59.5759726373378,-30.9790927599804));
#10893=CARTESIAN_POINT('Ctrl Pts',(-82.0256831470623,59.9159444299899,-31.1625848583366));
#10894=CARTESIAN_POINT('Ctrl Pts',(-82.0237636761881,60.2840760394233,-31.4426951727854));
#10895=CARTESIAN_POINT('Ctrl Pts',(-82.0230684588238,60.3377286485265,-31.4862396775974));
#10896=CARTESIAN_POINT('Ctrl Pts',(-82.0218036900909,60.4154103295135,-31.5541254059146));
#10897=CARTESIAN_POINT('Ctrl Pts',(-82.0214451300013,60.4307783813564,-31.5713821908472));
#10898=CARTESIAN_POINT('Ctrl Pts',(-82.0212556579829,60.439897526658,-31.5876572819245));
#10899=CARTESIAN_POINT('Ctrl Pts',(-82.0212242972155,60.4413811257707,-31.5916090614173));
#10900=CARTESIAN_POINT('Ctrl Pts',(-82.0212000642609,60.442529129707,-31.5982753026447));
#10901=CARTESIAN_POINT('Ctrl Pts',(-82.0211993063816,60.4425648692867,-31.6010955864726));
#10902=CARTESIAN_POINT('Ctrl Pts',(-82.0212198531942,60.4415918256304,-31.6076118350247));
#10903=CARTESIAN_POINT('Ctrl Pts',(-82.0212474553308,60.4402866507581,-31.6113779675907));
#10904=CARTESIAN_POINT('Ctrl Pts',(-82.0213865482087,60.4336075505848,-31.6240337659396));
#10905=CARTESIAN_POINT('Ctrl Pts',(-82.0215680057849,60.4249968249877,-31.6345252718446));
#10906=CARTESIAN_POINT('Ctrl Pts',(-82.0220941374108,60.3969456297314,-31.6619605668816));
#10907=CARTESIAN_POINT('Ctrl Pts',(-82.0223706739605,60.3809253901581,-31.6761210570318));
#10908=CARTESIAN_POINT('Ctrl Pts',(-82.0230174512768,60.3396748044748,-31.7116665574413));
#10909=CARTESIAN_POINT('Ctrl Pts',(-82.0234204515635,60.3076680546149,-31.7377228180671));
#10910=CARTESIAN_POINT('Ctrl Pts',(-82.0242862307294,60.2126721900088,-31.8127704032325));
#10911=CARTESIAN_POINT('Ctrl Pts',(-82.0244351772768,60.1444624653079,-31.8630623318177));
#10912=CARTESIAN_POINT('Ctrl Pts',(-82.0230806549257,59.9100666046194,-32.0240398678831));
#10913=CARTESIAN_POINT('Ctrl Pts',(-82.0191025818627,59.7377061514813,-32.1231161639207));
#10914=CARTESIAN_POINT('Ctrl Pts',(-81.9998249634496,59.2988305247562,-32.3324051768817));
#10915=CARTESIAN_POINT('Ctrl Pts',(-81.9802756440979,59.0260368351029,-32.4272297216999));
#10916=CARTESIAN_POINT('Ctrl Pts',(-81.9181948117207,58.4428325276251,-32.56393255112));
#10917=CARTESIAN_POINT('Ctrl Pts',(-81.8737369349791,58.1313502242016,-32.6));
#10918=CARTESIAN_POINT('Ctrl Pts',(-81.814904138555,57.8222184877032,-32.6));
#10919=CARTESIAN_POINT('Ctrl Pts',(-81.8149464281577,57.8222327782233,-30.6));
#10920=CARTESIAN_POINT('Ctrl Pts',(-81.8801992179893,57.6291317188061,-30.6));
#10921=CARTESIAN_POINT('Ctrl Pts',(-81.9610579549007,57.3592014015899,-30.6));
#10922=CARTESIAN_POINT('Ctrl Pts',(-82.0852957309608,56.7800449933621,-30.6));
#10923=CARTESIAN_POINT('Ctrl Pts',(-82.1497910521387,56.061998576119,-30.6));
#10924=CARTESIAN_POINT('Ctrl Pts',(-81.9850423836969,55.3754227924616,-30.6));
#10925=CARTESIAN_POINT('Ctrl Pts',(-81.8392940615504,55.0512622211414,-30.6));
#10926=CARTESIAN_POINT('Ctrl Pts',(-81.8392940615504,55.0512622211415,-30.6));
#10927=CARTESIAN_POINT('Ctrl Pts',(-81.74731562272,54.8466918848749,-30.6));
#10928=CARTESIAN_POINT('Ctrl Pts',(-81.6316046034792,54.6499512859848,-30.6));
#10929=CARTESIAN_POINT('Ctrl Pts',(-81.4970156109328,54.4643058733263,-30.6));
#10930=CARTESIAN_POINT('Ctrl Pts',(-82.1121793668775,54.9285681647997,-30.6));
#10931=CARTESIAN_POINT('Ctrl Pts',(-82.0111446166089,54.7038555788948,-30.6));
#10932=CARTESIAN_POINT('Ctrl Pts',(-81.8849427814619,54.4896463428458,-30.6));
#10933=CARTESIAN_POINT('Ctrl Pts',(-81.7392529270444,54.2886889492896,-30.6));
#10934=CARTESIAN_POINT('Ctrl Pts',(-82.5149567874456,54.7474723176887,-30.8160451945146));
#10935=CARTESIAN_POINT('Ctrl Pts',(-82.400904908883,54.4938081824188,-30.8160451945146));
#10936=CARTESIAN_POINT('Ctrl Pts',(-82.2584397865134,54.2524453349796,-30.8160451945146));
#10937=CARTESIAN_POINT('Ctrl Pts',(-82.096794060422,54.0294791996594,-30.8160451945146));
#10938=CARTESIAN_POINT('Ctrl Pts',(-82.8215372472069,54.6096283243738,-31.5090222836592));
#10939=CARTESIAN_POINT('Ctrl Pts',(-82.6973695367097,54.3334654473684,-31.5090222836592));
#10940=CARTESIAN_POINT('Ctrl Pts',(-82.5429875039887,54.0722470662869,-31.5090222836592));
#10941=CARTESIAN_POINT('Ctrl Pts',(-82.3689421984679,53.832177563177,-31.5090222836592));
#10942=CARTESIAN_POINT('Ctrl Pts',(-82.6558067915984,54.6841436663912,-32.3110920404514));
#10943=CARTESIAN_POINT('Ctrl Pts',(-82.5370934675315,54.4201119549108,-32.3110920404514));
#10944=CARTESIAN_POINT('Ctrl Pts',(-82.3891846147139,54.1696818467801,-32.3110920404514));
#10945=CARTESIAN_POINT('Ctrl Pts',(-82.2218250764358,53.9388343609781,-32.3110920404514));
#10946=CARTESIAN_POINT('Ctrl Pts',(-82.1121793668775,54.9285681647997,-32.6));
#10947=CARTESIAN_POINT('Ctrl Pts',(-82.0113121681626,54.7042282322918,-32.6));
#10948=CARTESIAN_POINT('Ctrl Pts',(-81.8847374035145,54.4893630546432,-32.6));
#10949=CARTESIAN_POINT('Ctrl Pts',(-81.7392529270444,54.2886889492896,-32.6));
#10950=CARTESIAN_POINT('Ctrl Pts',(-81.8392940615504,55.0512622211415,-32.6));
#10951=CARTESIAN_POINT('Ctrl Pts',(-81.74731562272,54.8466918848749,-32.6));
#10952=CARTESIAN_POINT('Ctrl Pts',(-81.6316046034792,54.6499512859848,-32.6));
#10953=CARTESIAN_POINT('Ctrl Pts',(-81.4970156109328,54.4643058733263,-32.6));
#10954=CARTESIAN_POINT('',(-81.4970156109328,54.4643058733263,-30.6));
#10955=CARTESIAN_POINT('Ctrl Pts',(-81.8392940615504,55.0512622211415,-30.6));
#10956=CARTESIAN_POINT('Ctrl Pts',(-81.74731562272,54.8466918848749,-30.6));
#10957=CARTESIAN_POINT('Ctrl Pts',(-81.6316046034792,54.6499512859848,-30.6));
#10958=CARTESIAN_POINT('Ctrl Pts',(-81.4970156109328,54.4643058733263,-30.6));
#10959=CARTESIAN_POINT('Origin',(-81.4970156109328,54.4643058733263,-31.6));
#10960=CARTESIAN_POINT('Ctrl Pts',(-82.0193997422246,60.5178881810045,-32.6));
#10961=CARTESIAN_POINT('Ctrl Pts',(-82.0427540728653,59.6409946397685,-32.6));
#10962=CARTESIAN_POINT('Ctrl Pts',(-81.9445846171203,58.15813512595,-32.6));
#10963=CARTESIAN_POINT('Ctrl Pts',(-81.4538744852564,56.3209955987043,-32.6));
#10964=CARTESIAN_POINT('Ctrl Pts',(-80.9819498536452,55.4575538454812,-32.6));
#10965=CARTESIAN_POINT('Ctrl Pts',(-80.6873970194627,55.051262205898,-32.6));
#10966=CARTESIAN_POINT('Ctrl Pts',(-82.0193997422246,60.5178881810045,-33.1983986006838));
#10967=CARTESIAN_POINT('Ctrl Pts',(-82.0427430345768,59.6414090984017,-33.1983986006838));
#10968=CARTESIAN_POINT('Ctrl Pts',(-81.9439061681249,58.156873678056,-33.1983986006838));
#10969=CARTESIAN_POINT('Ctrl Pts',(-81.4534759915293,56.3209803706208,-33.1983986006838));
#10970=CARTESIAN_POINT('Ctrl Pts',(-80.9816292447392,55.4571116133824,-33.1983986006838));
#10971=CARTESIAN_POINT('Ctrl Pts',(-80.6873970194627,55.051262205898,-33.1983986006838));
#10972=CARTESIAN_POINT('Ctrl Pts',(-82.5213680385478,60.5312571169268,-34.2343763237008));
#10973=CARTESIAN_POINT('Ctrl Pts',(-82.5455774572911,59.6222572719011,-34.2343763237008));
#10974=CARTESIAN_POINT('Ctrl Pts',(-82.4453500293892,58.0906715503816,-34.2343763237008));
#10975=CARTESIAN_POINT('Ctrl Pts',(-81.9280785522977,56.1422467109529,-34.2343763237008));
#10976=CARTESIAN_POINT('Ctrl Pts',(-81.4133330020933,55.197073692401,-34.2343763237008));
#10977=CARTESIAN_POINT('Ctrl Pts',(-81.0939439934196,54.7565242597021,-34.2343763237008));
#10978=CARTESIAN_POINT('Ctrl Pts',(-83.5700509366392,60.5591867183978,-34.6));
#10979=CARTESIAN_POINT('Ctrl Pts',(-83.596039849262,59.5833715698799,-34.6));
#10980=CARTESIAN_POINT('Ctrl Pts',(-83.491095446839,57.9489413311552,-34.6));
#10981=CARTESIAN_POINT('Ctrl Pts',(-82.9185087156276,55.7688054286163,-34.6));
#10982=CARTESIAN_POINT('Ctrl Pts',(-82.314352929136,54.652617052027,-34.6));
#10983=CARTESIAN_POINT('Ctrl Pts',(-81.9432782282354,54.1407749268096,-34.6));
#10984=CARTESIAN_POINT('Ctrl Pts',(-84.018690801146,60.5711353566777,-34.6));
#10985=CARTESIAN_POINT('Ctrl Pts',(-84.0454395169369,59.5667916024405,-34.6));
#10986=CARTESIAN_POINT('Ctrl Pts',(-83.9383872290583,57.888137419201,-34.6));
#10987=CARTESIAN_POINT('Ctrl Pts',(-83.3421736409942,55.6090404531576,-34.6));
#10988=CARTESIAN_POINT('Ctrl Pts',(-82.6997775112092,54.4196320143537,-34.6));
#10989=CARTESIAN_POINT('Ctrl Pts',(-82.3066342024028,53.8773495407546,-34.6));
#10990=CARTESIAN_POINT('Ctrl Pts',(-82.0193997422246,60.5178881810045,-32.6));
#10991=CARTESIAN_POINT('Ctrl Pts',(-82.0427540728653,59.6409946397685,-32.6));
#10992=CARTESIAN_POINT('Ctrl Pts',(-81.9814543826839,58.7150566472445,-32.6));
#10993=CARTESIAN_POINT('Ctrl Pts',(-81.8217657998458,57.8556438379756,-32.6));
#10994=CARTESIAN_POINT('Ctrl Pts',(-81.8153665753942,57.8221301886233,-32.6));
#10995=CARTESIAN_POINT('',(-82.3066342024028,53.8773495407546,-34.6));
#10996=CARTESIAN_POINT('Origin',(-82.3066342024028,53.8773495407546,-32.6));
#10997=CARTESIAN_POINT('Ctrl Pts',(-82.3066342024028,53.8773495407546,-34.6));
#10998=CARTESIAN_POINT('Ctrl Pts',(-82.3919740463472,53.9950631088965,-34.6));
#10999=CARTESIAN_POINT('Ctrl Pts',(-82.4739238567045,54.1152467705331,-34.6));
#11000=CARTESIAN_POINT('Ctrl Pts',(-82.5524480347554,54.2376531180025,-34.6));
#11001=CARTESIAN_POINT('Origin',(-107.00000158929,35.9751811457134,-32.6));
#11002=CARTESIAN_POINT('',(-81.1153280885843,19.8434204262488,-34.6));
#11003=CARTESIAN_POINT('Origin',(-81.1153280885843,19.8434204262488,-32.6));
#11004=CARTESIAN_POINT('Origin',(-107.00000158929,35.9751811457134,-34.6));
#11005=CARTESIAN_POINT('Ctrl Pts',(-79.4179724730492,18.785600066069,-32.5999992713332));
#11006=CARTESIAN_POINT('Ctrl Pts',(-80.3828853688947,17.237321753495,-32.5999992713332));
#11007=CARTESIAN_POINT('Ctrl Pts',(-82.1845963459656,16.9508602641845,-32.5999992713332));
#11008=CARTESIAN_POINT('Ctrl Pts',(-83.9863073230366,16.6643987748739,-32.5999992713332));
#11009=CARTESIAN_POINT('Ctrl Pts',(-85.3838341428656,17.8370630139528,-32.5999992713332));
#11010=CARTESIAN_POINT('Ctrl Pts',(-79.4179722168981,18.7855999064314,-33.4284266095009));
#11011=CARTESIAN_POINT('Ctrl Pts',(-80.382885185552,17.2373214770306,-33.4284266095009));
#11012=CARTESIAN_POINT('Ctrl Pts',(-82.1845962985727,16.9508599661048,-33.4284266095009));
#11013=CARTESIAN_POINT('Ctrl Pts',(-83.9863074115934,16.6643984551791,-33.4284266095009));
#11014=CARTESIAN_POINT('Ctrl Pts',(-85.3838343368742,17.8370627827424,-33.4284266095009));
#11015=CARTESIAN_POINT('Ctrl Pts',(-79.9151162041157,19.0954283400292,-34.0142133047505));
#11016=CARTESIAN_POINT('Ctrl Pts',(-80.7387209401377,17.7738900370317,-34.0142133047505));
#11017=CARTESIAN_POINT('Ctrl Pts',(-82.2765775695261,17.5293798431066,-34.0142133047505));
#11018=CARTESIAN_POINT('Ctrl Pts',(-83.8144341989145,17.2848696491814,-34.0142133047505));
#11019=CARTESIAN_POINT('Ctrl Pts',(-85.0072980444333,18.2858012620009,-34.0142133047505));
#11020=CARTESIAN_POINT('Ctrl Pts',(-80.4122601913333,19.4052567736271,-34.6));
#11021=CARTESIAN_POINT('Ctrl Pts',(-81.0945566947234,18.3104585970329,-34.6));
#11022=CARTESIAN_POINT('Ctrl Pts',(-82.3685588404795,18.1078997201083,-34.6));
#11023=CARTESIAN_POINT('Ctrl Pts',(-83.6425609862356,17.9053408431838,-34.6));
#11024=CARTESIAN_POINT('Ctrl Pts',(-84.6307617519925,18.7345397412594,-34.6));
#11025=CARTESIAN_POINT('Ctrl Pts',(-81.1153280885843,19.8434204262488,-34.6));
#11026=CARTESIAN_POINT('Ctrl Pts',(-81.5977845365071,19.0692812699618,-34.6));
#11027=CARTESIAN_POINT('Ctrl Pts',(-82.4986400250426,18.9260505253065,-34.6));
#11028=CARTESIAN_POINT('Ctrl Pts',(-83.3994955135781,18.7828197806512,-34.6));
#11029=CARTESIAN_POINT('Ctrl Pts',(-84.0982589234926,19.3691519001907,-34.6));
#11030=CARTESIAN_POINT('',(-85.3838341428657,17.8370630139527,-32.6));
#11031=CARTESIAN_POINT('Origin',(-82.8126837041195,20.9012407864287,-32.6));
#11032=CARTESIAN_POINT('',(-84.0982589234926,19.3691519001907,-34.6));
#11033=CARTESIAN_POINT('Origin',(-84.0982589234926,19.3691519001907,-32.6));
#11034=CARTESIAN_POINT('Origin',(-82.8126837041195,20.9012407864287,-34.6));
#11035=CARTESIAN_POINT('Origin',(-94.9602172964519,28.4834171648038,-32.6));
#11036=CARTESIAN_POINT('',(-96.1919178660777,26.906122079833,-32.6));
#11037=CARTESIAN_POINT('',(-94.9063426467046,28.438210966071,-34.6));
#11038=CARTESIAN_POINT('Origin',(-94.9063426467046,28.438210966071,-32.6));
#11039=CARTESIAN_POINT('',(-94.9602172964519,28.4834171648038,-34.6));
#11040=CARTESIAN_POINT('',(-96.245792515825,26.9513282785658,-32.6));
#11041=CARTESIAN_POINT('Ctrl Pts',(-96.1919178660778,26.9061220798331,-32.6));
#11042=CARTESIAN_POINT('Ctrl Pts',(-96.3335986414717,27.0250063662111,-32.6));
#11043=CARTESIAN_POINT('Ctrl Pts',(-96.628149259742,27.2179777372967,-32.6));
#11044=CARTESIAN_POINT('Ctrl Pts',(-97.2116674101035,27.4197837986828,-32.6));
#11045=CARTESIAN_POINT('Ctrl Pts',(-97.8568401851798,27.4456244445862,-32.6));
#11046=CARTESIAN_POINT('Ctrl Pts',(-98.2439801078827,27.317362037058,-32.6));
#11047=CARTESIAN_POINT('Ctrl Pts',(-98.4425348538063,27.2103067194019,-32.6));
#11048=CARTESIAN_POINT('Ctrl Pts',(-96.1919178660778,26.9061220798331,-33.1983986006838));
#11049=CARTESIAN_POINT('Ctrl Pts',(-96.3332063411767,27.0246771871782,-33.1983986006838));
#11050=CARTESIAN_POINT('Ctrl Pts',(-96.6288507013456,27.217309040141,-33.1983986006838));
#11051=CARTESIAN_POINT('Ctrl Pts',(-97.2120914251983,27.4186953819357,-33.1983986006838));
#11052=CARTESIAN_POINT('Ctrl Pts',(-97.8567873267339,27.4445787293369,-33.1983986006838));
#11053=CARTESIAN_POINT('Ctrl Pts',(-98.244641309692,27.3170055350293,-33.1983986006838));
#11054=CARTESIAN_POINT('Ctrl Pts',(-98.4425348538063,27.2103067194019,-33.1983986006838));
#11055=CARTESIAN_POINT('Ctrl Pts',(-95.869154225276,27.290776808317,-34.2343889902477));
#11056=CARTESIAN_POINT('Ctrl Pts',(-96.041224794582,27.4351611595582,-34.2343889902477));
#11057=CARTESIAN_POINT('Ctrl Pts',(-96.4067951213465,27.674307592631,-34.2343889902477));
#11058=CARTESIAN_POINT('Ctrl Pts',(-97.1166161249796,27.919464760721,-34.2343889902477));
#11059=CARTESIAN_POINT('Ctrl Pts',(-97.9193925846617,27.9551920214126,-34.2343889902477));
#11060=CARTESIAN_POINT('Ctrl Pts',(-98.431063611714,27.786959313478,-34.2343889902476));
#11061=CARTESIAN_POINT('Ctrl Pts',(-98.680838779785,27.6522873375649,-34.2343889902477));
#11062=CARTESIAN_POINT('Ctrl Pts',(-95.1948250513341,28.0944110239525,-34.6));
#11063=CARTESIAN_POINT('Ctrl Pts',(-95.4301387555893,28.2918626664042,-34.6));
#11064=CARTESIAN_POINT('Ctrl Pts',(-95.9447782083129,28.6272647795684,-34.6));
#11065=CARTESIAN_POINT('Ctrl Pts',(-96.9182999964801,28.9627269599637,-34.6));
#11066=CARTESIAN_POINT('Ctrl Pts',(-98.0500458072615,29.0191367112253,-34.6));
#11067=CARTESIAN_POINT('Ctrl Pts',(-98.8223435474665,28.767832857778,-34.6));
#11068=CARTESIAN_POINT('Ctrl Pts',(-99.1787117407949,28.5756888223291,-34.6));
#11069=CARTESIAN_POINT('Ctrl Pts',(-94.9063426467039,28.4382109660703,-34.6));
#11070=CARTESIAN_POINT('Ctrl Pts',(-95.1686597224493,28.65832112758,-34.6));
#11071=CARTESIAN_POINT('Ctrl Pts',(-95.747218155979,29.0348566509504,-34.6));
#11072=CARTESIAN_POINT('Ctrl Pts',(-96.8335157606499,29.4088957837887,-34.6));
#11073=CARTESIAN_POINT('Ctrl Pts',(-98.1059330378277,29.4741593484148,-34.6));
#11074=CARTESIAN_POINT('Ctrl Pts',(-98.9898240542923,29.187409270615,-34.6));
#11075=CARTESIAN_POINT('Ctrl Pts',(-99.3917050303375,28.9707259808233,-34.6));
#11076=CARTESIAN_POINT('Ctrl Pts',(-95.7049474497144,28.9666288547535,-34.6));
#11077=CARTESIAN_POINT('Ctrl Pts',(-95.4199244469828,28.8216338782573,-34.6));
#11078=CARTESIAN_POINT('Ctrl Pts',(-95.151370936431,28.6438141136085,-34.6));
#11079=CARTESIAN_POINT('Ctrl Pts',(-94.9063426467039,28.4382109660703,-34.6));
#11080=CARTESIAN_POINT('Ctrl Pts',(-96.1919178660778,26.9061220798331,-32.6));
#11081=CARTESIAN_POINT('Ctrl Pts',(-96.3335986414717,27.0250063662111,-32.6));
#11082=CARTESIAN_POINT('Ctrl Pts',(-96.628149259742,27.2179777372967,-32.6));
#11083=CARTESIAN_POINT('Ctrl Pts',(-97.2116674101035,27.4197837986828,-32.6));
#11084=CARTESIAN_POINT('Ctrl Pts',(-97.8568401851798,27.4456244445862,-32.6));
#11085=CARTESIAN_POINT('Ctrl Pts',(-98.2439801078827,27.317362037058,-32.6));
#11086=CARTESIAN_POINT('Ctrl Pts',(-98.4425348538063,27.2103067194019,-32.6));
#11087=CARTESIAN_POINT('Ctrl Pts',(-98.4425348538063,27.2103067194018,-34.6));
#11088=CARTESIAN_POINT('Ctrl Pts',(-98.4425348538063,27.2103067194018,-28.6));
#11089=CARTESIAN_POINT('Ctrl Pts',(-98.3508449689788,27.2597434110326,-34.6));
#11090=CARTESIAN_POINT('Ctrl Pts',(-98.3508449689788,27.2597434110326,-28.6));
#11091=CARTESIAN_POINT('Ctrl Pts',(-98.1664556058109,27.3433811157903,-34.6));
#11092=CARTESIAN_POINT('Ctrl Pts',(-98.1664556058109,27.3433811157903,-28.6));
#11093=CARTESIAN_POINT('Ctrl Pts',(-97.8868469284447,27.4231691436088,-34.6));
#11094=CARTESIAN_POINT('Ctrl Pts',(-97.8868469284447,27.4231691436088,-28.6));
#11095=CARTESIAN_POINT('Ctrl Pts',(-97.5100524254185,27.4485558563528,-34.6));
#11096=CARTESIAN_POINT('Ctrl Pts',(-97.5100524254185,27.4485558563528,-28.6));
#11097=CARTESIAN_POINT('Ctrl Pts',(-97.0433580973913,27.3744356606881,-34.6));
#11098=CARTESIAN_POINT('Ctrl Pts',(-97.0433580973913,27.3744356606881,-28.6));
#11099=CARTESIAN_POINT('Ctrl Pts',(-96.6849331529982,27.2396682100334,-34.6));
#11100=CARTESIAN_POINT('Ctrl Pts',(-96.6849331529982,27.2396682100334,-28.6));
#11101=CARTESIAN_POINT('Ctrl Pts',(-96.4313607020789,27.0924605790037,-34.6));
#11102=CARTESIAN_POINT('Ctrl Pts',(-96.4313607020789,27.0924605790037,-28.6));
#11103=CARTESIAN_POINT('Ctrl Pts',(-96.2703853681912,26.9719641319158,-34.6));
#11104=CARTESIAN_POINT('Ctrl Pts',(-96.2703853681912,26.9719641319158,-28.6));
#11105=CARTESIAN_POINT('Ctrl Pts',(-96.1919178660777,26.906122079833,-34.6));
#11106=CARTESIAN_POINT('Ctrl Pts',(-96.1919178660777,26.906122079833,-28.6));
#11107=CARTESIAN_POINT('',(-96.1919178660777,26.906122079833,-30.6));
#11108=CARTESIAN_POINT('',(-96.1919178660777,26.906122079833,-31.6));
#11109=CARTESIAN_POINT('Ctrl Pts',(-98.4425348538064,27.2103067194018,-30.6));
#11110=CARTESIAN_POINT('Ctrl Pts',(-98.2439801078833,27.3173620370577,-30.6));
#11111=CARTESIAN_POINT('Ctrl Pts',(-97.8562266769908,27.4457355259611,-30.6));
#11112=CARTESIAN_POINT('Ctrl Pts',(-97.271586160966,27.4227075994712,-30.6));
#11113=CARTESIAN_POINT('Ctrl Pts',(-96.6848214866153,27.2455087399483,-30.6));
#11114=CARTESIAN_POINT('Ctrl Pts',(-96.3808255666039,27.0646344616711,-30.6));
#11115=CARTESIAN_POINT('Ctrl Pts',(-96.1919178660777,26.906122079833,-30.6));
#11116=CARTESIAN_POINT('Origin',(-96.1919178660777,26.906122079833,-31.6));
#11117=CARTESIAN_POINT('',(-85.3838341428657,17.8370630139527,-31.6));
#11118=CARTESIAN_POINT('',(-85.3838341428657,17.8370630139527,-31.6));
#11119=CARTESIAN_POINT('',(-85.3838341428657,17.8370630139527,-30.6));
#11120=CARTESIAN_POINT('',(-85.3838341428657,17.8370630139527,-31.6));
#11121=CARTESIAN_POINT('',(-96.245792515825,26.9513282785658,-30.6));
#11122=CARTESIAN_POINT('Origin',(-82.8126837041195,20.9012407864287,-31.6));
#11123=CARTESIAN_POINT('Ctrl Pts',(-83.1497479613189,16.9154676259843,-32.6));
#11124=CARTESIAN_POINT('Ctrl Pts',(-83.51494831246,16.9463514671191,-32.6));
#11125=CARTESIAN_POINT('Ctrl Pts',(-83.8535739917539,17.025707306776,-32.5559565731724));
#11126=CARTESIAN_POINT('Ctrl Pts',(-84.4585846302657,17.2414472647505,-32.3546515121439));
#11127=CARTESIAN_POINT('Ctrl Pts',(-84.6656186977802,17.352728893901,-32.2150861060894));
#11128=CARTESIAN_POINT('Ctrl Pts',(-85.0030966636871,17.5463932755872,-31.9435896040048));
#11129=CARTESIAN_POINT('Ctrl Pts',(-85.1594561015584,17.6494051303986,-31.7602121023902));
#11130=CARTESIAN_POINT('Ctrl Pts',(-85.3804898822446,17.8342591789263,-31.6023771663449));
#11131=CARTESIAN_POINT('Ctrl Pts',(-85.3821618698619,17.8356598102921,-31.6011868726012));
#11132=CARTESIAN_POINT('Ctrl Pts',(-85.3838341428656,17.8370630139528,-31.6));
#11133=CARTESIAN_POINT('Ctrl Pts',(-80.6873970194627,55.051262205898,-34.6));
#11134=CARTESIAN_POINT('Ctrl Pts',(-80.6873970194627,55.051262205898,-28.6));
#11135=CARTESIAN_POINT('Ctrl Pts',(-80.8267298828771,55.2434510798621,-34.6));
#11136=CARTESIAN_POINT('Ctrl Pts',(-80.8267298828771,55.2434510798621,-28.6));
#11137=CARTESIAN_POINT('Ctrl Pts',(-81.0819338685611,55.6356340558334,-34.6));
#11138=CARTESIAN_POINT('Ctrl Pts',(-81.0819338685611,55.6356340558334,-28.6));
#11139=CARTESIAN_POINT('Ctrl Pts',(-81.3944163678134,56.247303065292,-34.6));
#11140=CARTESIAN_POINT('Ctrl Pts',(-81.3944163678134,56.247303065292,-28.6));
#11141=CARTESIAN_POINT('Ctrl Pts',(-81.688452900226,57.1031321567657,-34.6));
#11142=CARTESIAN_POINT('Ctrl Pts',(-81.688452900226,57.1031321567657,-28.6));
#11143=CARTESIAN_POINT('Ctrl Pts',(-81.9103392495962,58.2171407526367,-34.6));
#11144=CARTESIAN_POINT('Ctrl Pts',(-81.9103392495962,58.2171407526367,-28.6));
#11145=CARTESIAN_POINT('Ctrl Pts',(-82.0021902271508,59.1293820538025,-34.6));
#11146=CARTESIAN_POINT('Ctrl Pts',(-82.0021902271508,59.1293820538025,-28.6));
#11147=CARTESIAN_POINT('Ctrl Pts',(-82.0281035716543,59.8210073156271,-34.6));
#11148=CARTESIAN_POINT('Ctrl Pts',(-82.0281035716543,59.8210073156271,-28.6));
#11149=CARTESIAN_POINT('Ctrl Pts',(-82.0255997595463,60.2850938770875,-34.6));
#11150=CARTESIAN_POINT('Ctrl Pts',(-82.0255997595463,60.2850938770875,-28.6));
#11151=CARTESIAN_POINT('Ctrl Pts',(-82.0193997422246,60.5178881810042,-34.6));
#11152=CARTESIAN_POINT('Ctrl Pts',(-82.0193997422246,60.5178881810042,-28.6));
#11153=CARTESIAN_POINT('Ctrl Pts',(-81.8159661422157,57.8220143413307,-30.6));
#11154=CARTESIAN_POINT('Ctrl Pts',(-81.9803153968883,58.6769845659978,-30.6));
#11155=CARTESIAN_POINT('Ctrl Pts',(-82.0437020189322,59.6054017642412,-30.6));
#11156=CARTESIAN_POINT('Ctrl Pts',(-82.0193997422246,60.5178881810043,-30.6));
#11157=CARTESIAN_POINT('Ctrl Pts',(-98.4425348538064,27.2103067194018,-30.6));
#11158=CARTESIAN_POINT('Ctrl Pts',(-98.2439801078833,27.3173620370577,-30.6));
#11159=CARTESIAN_POINT('Ctrl Pts',(-97.8562266769908,27.4457355259611,-30.6));
#11160=CARTESIAN_POINT('Ctrl Pts',(-97.271586160966,27.4227075994712,-30.6));
#11161=CARTESIAN_POINT('Ctrl Pts',(-96.6848214866153,27.2455087399483,-30.6));
#11162=CARTESIAN_POINT('Ctrl Pts',(-96.3808255666039,27.0646344616711,-30.6));
#11163=CARTESIAN_POINT('Ctrl Pts',(-96.1919178660777,26.906122079833,-30.6));
#11164=CARTESIAN_POINT('Ctrl Pts',(-98.4425348538064,27.2103067194018,-30.0016013993162));
#11165=CARTESIAN_POINT('Ctrl Pts',(-98.2446413096926,27.317005535029,-30.0016013993162));
#11166=CARTESIAN_POINT('Ctrl Pts',(-97.8561359971271,27.4446633217611,-30.0016013993162));
#11167=CARTESIAN_POINT('Ctrl Pts',(-97.271525105023,27.4215574977371,-30.0016013993162));
#11168=CARTESIAN_POINT('Ctrl Pts',(-96.6856549006792,27.2447798264958,-30.0016013993162));
#11169=CARTESIAN_POINT('Ctrl Pts',(-96.3803024995439,27.064195556294,-30.0016013993162));
#11170=CARTESIAN_POINT('Ctrl Pts',(-96.1919178660777,26.906122079833,-30.0016013993162));
#11171=CARTESIAN_POINT('Ctrl Pts',(-98.6808357593441,27.6522817355741,-28.9656057082261));
#11172=CARTESIAN_POINT('Ctrl Pts',(-98.4310605912734,27.7869537114871,-28.9656057082261));
#11173=CARTESIAN_POINT('Ctrl Pts',(-97.9189452050726,27.9552266205972,-28.9656057082261));
#11174=CARTESIAN_POINT('Ctrl Pts',(-97.1906913910758,27.9230896854438,-28.9656057082261));
#11175=CARTESIAN_POINT('Ctrl Pts',(-96.475760276477,27.7077156891918,-28.9656057082261));
#11176=CARTESIAN_POINT('Ctrl Pts',(-96.0985857419644,27.4832844012394,-28.9656057082261));
#11177=CARTESIAN_POINT('Ctrl Pts',(-95.8691583162224,27.2907719329173,-28.9656057082261));
#11178=CARTESIAN_POINT('Ctrl Pts',(-99.178711740795,28.575688822329,-28.6));
#11179=CARTESIAN_POINT('Ctrl Pts',(-98.8223435474667,28.767832857778,-28.6));
#11180=CARTESIAN_POINT('Ctrl Pts',(-98.0499237523159,29.0190114530858,-28.6));
#11181=CARTESIAN_POINT('Ctrl Pts',(-97.0216411906995,28.9677937603608,-28.6));
#11182=CARTESIAN_POINT('Ctrl Pts',(-96.0395040520217,28.67292928304,-28.6));
#11183=CARTESIAN_POINT('Ctrl Pts',(-95.5085766570085,28.3576798805553,-28.6));
#11184=CARTESIAN_POINT('Ctrl Pts',(-95.1948250513346,28.094411023953,-28.6));
#11185=CARTESIAN_POINT('Ctrl Pts',(-99.3917050303376,28.9707259808233,-28.6));
#11186=CARTESIAN_POINT('Ctrl Pts',(-98.9898240542924,29.1874092706151,-28.6));
#11187=CARTESIAN_POINT('Ctrl Pts',(-98.1059447999436,29.4739598482598,-28.6));
#11188=CARTESIAN_POINT('Ctrl Pts',(-96.9493127166925,29.4145689501616,-28.6));
#11189=CARTESIAN_POINT('Ctrl Pts',(-95.8529830187551,29.0857542736225,-28.6));
#11190=CARTESIAN_POINT('Ctrl Pts',(-95.2560987476986,28.731691181417,-28.6));
#11191=CARTESIAN_POINT('Ctrl Pts',(-94.9063426467046,28.438210966071,-28.6));
#11192=CARTESIAN_POINT('',(-94.9063426467046,28.438210966071,-28.6));
#11193=CARTESIAN_POINT('Origin',(-94.9063426467046,28.438210966071,-30.6));
#11194=CARTESIAN_POINT('Ctrl Pts',(-94.9063426467046,28.438210966071,-28.6));
#11195=CARTESIAN_POINT('Ctrl Pts',(-95.1513823287428,28.643823672893,-28.6));
#11196=CARTESIAN_POINT('Ctrl Pts',(-95.4200643015268,28.8212432872607,-28.6));
#11197=CARTESIAN_POINT('Ctrl Pts',(-95.7051346325499,28.9662608939169,-28.6));
#11198=CARTESIAN_POINT('Origin',(-94.9602172964519,28.4834171648038,-30.6));
#11199=CARTESIAN_POINT('',(-84.0982589234926,19.3691519001907,-28.6));
#11200=CARTESIAN_POINT('Origin',(-84.0982589234926,19.3691519001907,-30.6));
#11201=CARTESIAN_POINT('',(-94.9602172964519,28.4834171648038,-28.6));
#11202=CARTESIAN_POINT('Ctrl Pts',(-85.3838341428657,17.8370630139527,-30.6));
#11203=CARTESIAN_POINT('Ctrl Pts',(-83.9863073230366,16.6643987748738,-30.6));
#11204=CARTESIAN_POINT('Ctrl Pts',(-82.1845963459656,16.9508602641843,-30.6));
#11205=CARTESIAN_POINT('Ctrl Pts',(-80.3828853688946,17.2373217534949,-30.6));
#11206=CARTESIAN_POINT('Ctrl Pts',(-79.4179724730491,18.7856000660689,-30.6));
#11207=CARTESIAN_POINT('Ctrl Pts',(-85.3838341428657,17.8370630139527,-28.6));
#11208=CARTESIAN_POINT('Ctrl Pts',(-83.9863073230366,16.6643987748738,-28.6));
#11209=CARTESIAN_POINT('Ctrl Pts',(-82.1845963459656,16.9508602641843,-28.6));
#11210=CARTESIAN_POINT('Ctrl Pts',(-80.3828853688946,17.2373217534949,-28.6));
#11211=CARTESIAN_POINT('Ctrl Pts',(-79.4179724730491,18.7856000660689,-28.6));
#11212=CARTESIAN_POINT('Ctrl Pts',(-84.0982589234926,19.3691519001907,-28.6));
#11213=CARTESIAN_POINT('Ctrl Pts',(-83.3994955135781,18.7828197806512,-28.6));
#11214=CARTESIAN_POINT('Ctrl Pts',(-82.4986400250426,18.9260505253065,-28.6));
#11215=CARTESIAN_POINT('Ctrl Pts',(-81.5977845365071,19.0692812699618,-28.6));
#11216=CARTESIAN_POINT('Ctrl Pts',(-81.1153280885843,19.8434204262488,-28.6));
#11217=CARTESIAN_POINT('',(-79.4179724730491,18.7856000660689,-30.6));
#11218=CARTESIAN_POINT('',(-81.1153280885843,19.8434204262488,-28.6));
#11219=CARTESIAN_POINT('Origin',(-81.1153280885843,19.8434204262488,-30.6));
#11220=CARTESIAN_POINT('Origin',(-82.8126837041195,20.9012407864287,-28.6));
#11221=CARTESIAN_POINT('',(-83.1497479643518,16.9154676254467,-30.6));
#11222=CARTESIAN_POINT('Origin',(-82.8126837041195,20.9012407864287,-30.6));
#11223=CARTESIAN_POINT('Origin',(-82.8126837041195,20.9012407864287,-30.6));
#11224=CARTESIAN_POINT('Origin',(-107.00000158929,35.9751811457134,-30.6));
#11225=CARTESIAN_POINT('',(-80.6873970194627,55.051262205898,-30.6));
#11226=CARTESIAN_POINT('Origin',(-107.00000158929,35.9751811457134,-30.6));
#11227=CARTESIAN_POINT('',(-82.3066342024028,53.8773495407546,-28.6));
#11228=CARTESIAN_POINT('Origin',(-82.3066342024028,53.8773495407546,-30.6));
#11229=CARTESIAN_POINT('Origin',(-107.00000158929,35.9751811457134,-28.6));
#11230=CARTESIAN_POINT('Ctrl Pts',(-80.6873970194627,55.051262205898,-30.6));
#11231=CARTESIAN_POINT('Ctrl Pts',(-81.1292262707364,55.6606996652729,-30.6));
#11232=CARTESIAN_POINT('Ctrl Pts',(-81.8530900029016,57.2568405335274,-30.6));
#11233=CARTESIAN_POINT('Ctrl Pts',(-82.0505388497455,59.3486967926898,-30.6));
#11234=CARTESIAN_POINT('Ctrl Pts',(-82.0193997422246,60.5178881810043,-30.6));
#11235=CARTESIAN_POINT('Ctrl Pts',(-80.6873970194627,55.051262205898,-30.0016013993162));
#11236=CARTESIAN_POINT('Ctrl Pts',(-81.1287453573774,55.6600363171246,-30.0016013993162));
#11237=CARTESIAN_POINT('Ctrl Pts',(-81.8523258887535,57.2557408650828,-30.0016013993162));
#11238=CARTESIAN_POINT('Ctrl Pts',(-82.0505241320274,59.3492494042008,-30.0016013993162));
#11239=CARTESIAN_POINT('Ctrl Pts',(-82.0193997422246,60.5178881810043,-30.0016013993162));
#11240=CARTESIAN_POINT('Ctrl Pts',(-81.0939396936201,54.7565273769657,-28.9656192523271));
#11241=CARTESIAN_POINT('Ctrl Pts',(-81.5730232066307,55.4173515260139,-28.9656192523271));
#11242=CARTESIAN_POINT('Ctrl Pts',(-82.356121626208,57.1593904260954,-28.9656192523271));
#11243=CARTESIAN_POINT('Ctrl Pts',(-82.5536419545262,59.319257182164,-28.9656192523271));
#11244=CARTESIAN_POINT('Ctrl Pts',(-82.5213627295351,60.5312569755315,-28.9656192523271));
#11245=CARTESIAN_POINT('Ctrl Pts',(-81.9432782282354,54.1407749268096,-28.6));
#11246=CARTESIAN_POINT('Ctrl Pts',(-82.4998902795863,54.9085381146357,-28.6));
#11247=CARTESIAN_POINT('Ctrl Pts',(-83.406562382733,56.9551093462646,-28.6));
#11248=CARTESIAN_POINT('Ctrl Pts',(-83.6047028201363,59.2580998537072,-28.6));
#11249=CARTESIAN_POINT('Ctrl Pts',(-83.5700509366392,60.5591867183977,-28.6));
#11250=CARTESIAN_POINT('Ctrl Pts',(-82.3066342024028,53.8773495407546,-28.6));
#11251=CARTESIAN_POINT('Ctrl Pts',(-82.8963491656123,54.6907732511533,-28.6));
#11252=CARTESIAN_POINT('Ctrl Pts',(-83.8558493428241,56.8675680005587,-28.6));
#11253=CARTESIAN_POINT('Ctrl Pts',(-84.0543557555338,59.232010351028,-28.6));
#11254=CARTESIAN_POINT('Ctrl Pts',(-84.018690801146,60.5711353566777,-28.6));
#11255=CARTESIAN_POINT('Ctrl Pts',(-82.5517738249982,54.2380807397216,-28.6));
#11256=CARTESIAN_POINT('Ctrl Pts',(-82.4737272729783,54.1155022839638,-28.6));
#11257=CARTESIAN_POINT('Ctrl Pts',(-82.3920532958226,53.9951724217108,-28.6));
#11258=CARTESIAN_POINT('Ctrl Pts',(-82.3066342024028,53.8773495407546,-28.6));
#11259=CARTESIAN_POINT('Ctrl Pts',(-80.6873970194628,55.051262205898,-30.6));
#11260=CARTESIAN_POINT('Ctrl Pts',(-81.1292262707365,55.6606996652729,-30.6));
#11261=CARTESIAN_POINT('Ctrl Pts',(-81.4394535845215,56.3447600373819,-30.6));
#11262=CARTESIAN_POINT('Ctrl Pts',(-81.6529924499823,57.119870175168,-30.6));
#11263=CARTESIAN_POINT('Ctrl Pts',(-81.7153778551466,57.3463186949183,-30.6));
#11264=CARTESIAN_POINT('Ctrl Pts',(-81.7695107375913,57.5805384662803,-30.6));
#11265=CARTESIAN_POINT('Ctrl Pts',(-81.8156848438174,57.8205515678139,-30.6));
#11266=CARTESIAN_POINT('Origin',(-86.4712680072187,38.7095644837164,-28.6));
#11267=CARTESIAN_POINT('Ctrl Pts',(-115.557468324773,27.2103067194018,-32.6));
#11268=CARTESIAN_POINT('Ctrl Pts',(-115.756023070697,27.3173620370579,-32.6));
#11269=CARTESIAN_POINT('Ctrl Pts',(-116.143774892264,27.4457407800589,-32.6));
#11270=CARTESIAN_POINT('Ctrl Pts',(-116.728415689534,27.4227112661687,-32.6));
#11271=CARTESIAN_POINT('Ctrl Pts',(-117.315179280646,27.2455136301926,-32.6));
#11272=CARTESIAN_POINT('Ctrl Pts',(-117.619177611976,27.0646344616711,-32.6));
#11273=CARTESIAN_POINT('Ctrl Pts',(-117.808085312502,26.906122079833,-32.6));
#11274=CARTESIAN_POINT('Ctrl Pts',(-115.557468324773,27.2103067194018,-33.1983986006838));
#11275=CARTESIAN_POINT('Ctrl Pts',(-115.755361868887,27.3170055350292,-33.1983986006838));
#11276=CARTESIAN_POINT('Ctrl Pts',(-116.143864583819,27.4446632766613,-33.1983986006838));
#11277=CARTESIAN_POINT('Ctrl Pts',(-116.728475905843,27.4215570738229,-33.1983986006838));
#11278=CARTESIAN_POINT('Ctrl Pts',(-117.314344502939,27.2447798727134,-33.1983986006838));
#11279=CARTESIAN_POINT('Ctrl Pts',(-117.619700679036,27.0641955562939,-33.1983986006838));
#11280=CARTESIAN_POINT('Ctrl Pts',(-117.808085312502,26.906122079833,-33.1983986006838));
#11281=CARTESIAN_POINT('Ctrl Pts',(-115.319156003476,27.6523029083026,-34.2343742546512));
#11282=CARTESIAN_POINT('Ctrl Pts',(-115.568931171547,27.7869748842157,-34.2343742546512));
#11283=CARTESIAN_POINT('Ctrl Pts',(-116.081054514356,27.9552513302958,-34.2343742546512));
#11284=CARTESIAN_POINT('Ctrl Pts',(-116.809315103163,27.9231125023599,-34.2343742546512));
#11285=CARTESIAN_POINT('Ctrl Pts',(-117.524248330076,27.707739166294,-34.2343742546512));
#11286=CARTESIAN_POINT('Ctrl Pts',(-117.90143289835,27.4833028278169,-34.2343742546512));
#11287=CARTESIAN_POINT('Ctrl Pts',(-118.130860324092,27.2907903594948,-34.2343742546512));
#11288=CARTESIAN_POINT('Ctrl Pts',(-114.821291437784,28.575688822329,-34.6));
#11289=CARTESIAN_POINT('Ctrl Pts',(-115.177659631113,28.7678328577779,-34.6));
#11290=CARTESIAN_POINT('Ctrl Pts',(-115.950079727219,29.0190103935824,-34.6));
#11291=CARTESIAN_POINT('Ctrl Pts',(-116.978361809499,28.9677931658187,-34.6));
#11292=CARTESIAN_POINT('Ctrl Pts',(-117.960498696497,28.6729285221985,-34.6));
#11293=CARTESIAN_POINT('Ctrl Pts',(-118.491426521571,28.3576798805553,-34.6));
#11294=CARTESIAN_POINT('Ctrl Pts',(-118.805178127245,28.094411023953,-34.6));
#11295=CARTESIAN_POINT('Ctrl Pts',(-114.608298148242,28.9707259808233,-34.6));
#11296=CARTESIAN_POINT('Ctrl Pts',(-115.010179124287,29.1874092706149,-34.6));
#11297=CARTESIAN_POINT('Ctrl Pts',(-115.894059013515,29.4739557890845,-34.6));
#11298=CARTESIAN_POINT('Ctrl Pts',(-117.050690430285,29.4145662172694,-34.6));
#11299=CARTESIAN_POINT('Ctrl Pts',(-118.14702000114,29.0857508055443,-34.6));
#11300=CARTESIAN_POINT('Ctrl Pts',(-118.743904430881,28.7316911814169,-34.6));
#11301=CARTESIAN_POINT('Ctrl Pts',(-119.093660531875,28.438210966071,-34.6));
#11302=CARTESIAN_POINT('',(-117.808085312502,26.906122079833,-32.6));
#11303=CARTESIAN_POINT('Ctrl Pts',(-115.557468324773,27.2103067194018,-32.6));
#11304=CARTESIAN_POINT('Ctrl Pts',(-115.756023070697,27.3173620370579,-32.6));
#11305=CARTESIAN_POINT('Ctrl Pts',(-116.143774892264,27.4457407800589,-32.6));
#11306=CARTESIAN_POINT('Ctrl Pts',(-116.728415689534,27.4227112661687,-32.6));
#11307=CARTESIAN_POINT('Ctrl Pts',(-117.315179280646,27.2455136301926,-32.6));
#11308=CARTESIAN_POINT('Ctrl Pts',(-117.619177611976,27.0646344616711,-32.6));
#11309=CARTESIAN_POINT('Ctrl Pts',(-117.808085312502,26.906122079833,-32.6));
#11310=CARTESIAN_POINT('',(-119.093660531875,28.438210966071,-34.6));
#11311=CARTESIAN_POINT('Origin',(-119.093660531875,28.438210966071,-32.6));
#11312=CARTESIAN_POINT('Ctrl Pts',(-119.093660531875,28.438210966071,-34.6));
#11313=CARTESIAN_POINT('Ctrl Pts',(-118.848620636374,28.6438238520091,-34.6));
#11314=CARTESIAN_POINT('Ctrl Pts',(-118.579938357011,28.8212424615174,-34.6));
#11315=CARTESIAN_POINT('Ctrl Pts',(-118.294867717534,28.9662592608951,-34.6));
#11316=CARTESIAN_POINT('Origin',(-124.443827743734,23.9488876318635,-32.6));
#11317=CARTESIAN_POINT('',(-128.616169035714,17.8370630139527,-32.6));
#11318=CARTESIAN_POINT('',(-129.901744255087,19.3691519001906,-34.6));
#11319=CARTESIAN_POINT('Origin',(-129.901744255087,19.3691519001906,-32.6));
#11320=CARTESIAN_POINT('',(-124.443827743734,23.9488876318635,-34.6));
#11321=CARTESIAN_POINT('',(-123.15825252436,22.4167987456256,-32.6));
#11322=CARTESIAN_POINT('Ctrl Pts',(-128.616169035714,17.8370630139527,-32.6));
#11323=CARTESIAN_POINT('Ctrl Pts',(-130.013695855543,16.6643987748737,-32.6));
#11324=CARTESIAN_POINT('Ctrl Pts',(-131.815406832614,16.9508602641843,-32.6));
#11325=CARTESIAN_POINT('Ctrl Pts',(-133.617117809685,17.2373217534949,-32.6));
#11326=CARTESIAN_POINT('Ctrl Pts',(-134.58203070553,18.785600066069,-32.6));
#11327=CARTESIAN_POINT('Ctrl Pts',(-128.616169035714,17.8370630139527,-34.6));
#11328=CARTESIAN_POINT('Ctrl Pts',(-130.013695855543,16.6643987748737,-34.6));
#11329=CARTESIAN_POINT('Ctrl Pts',(-131.815406832614,16.9508602641843,-34.6));
#11330=CARTESIAN_POINT('Ctrl Pts',(-133.617117809685,17.2373217534949,-34.6));
#11331=CARTESIAN_POINT('Ctrl Pts',(-134.58203070553,18.785600066069,-34.6));
#11332=CARTESIAN_POINT('Ctrl Pts',(-129.901744255087,19.3691519001906,-34.6));
#11333=CARTESIAN_POINT('Ctrl Pts',(-130.600507665001,18.7828197806511,-34.6));
#11334=CARTESIAN_POINT('Ctrl Pts',(-131.501363153537,18.9260505253064,-34.6));
#11335=CARTESIAN_POINT('Ctrl Pts',(-132.402218642072,19.0692812699617,-34.6));
#11336=CARTESIAN_POINT('Ctrl Pts',(-132.884675089995,19.8434204262488,-34.6));
#11337=CARTESIAN_POINT('',(-134.58203070553,18.7856000660691,-32.6));
#11338=CARTESIAN_POINT('',(-132.884675089995,19.8434204262488,-34.6));
#11339=CARTESIAN_POINT('Origin',(-132.884675089995,19.8434204262488,-32.6));
#11340=CARTESIAN_POINT('Origin',(-131.18731947446,20.9012407864286,-34.6));
#11341=CARTESIAN_POINT('',(-130.850255214229,16.9154676254465,-32.6));
#11342=CARTESIAN_POINT('Origin',(-131.18731947446,20.9012407864286,-32.6));
#11343=CARTESIAN_POINT('Origin',(-131.18731947446,20.9012407864286,-32.6));
#11344=CARTESIAN_POINT('Origin',(-107.00000158929,35.9751811457134,-32.6));
#11345=CARTESIAN_POINT('',(-133.312606159117,55.051262205898,-32.6));
#11346=CARTESIAN_POINT('Origin',(-107.00000158929,35.9751811457134,-32.6));
#11347=CARTESIAN_POINT('',(-131.693368976177,53.8773495407546,-34.6));
#11348=CARTESIAN_POINT('Origin',(-131.693368976177,53.8773495407546,-32.6));
#11349=CARTESIAN_POINT('Origin',(-107.00000158929,35.9751811457134,-34.6));
#11350=CARTESIAN_POINT('Ctrl Pts',(-133.312606159107,55.0512622058945,-32.6));
#11351=CARTESIAN_POINT('Ctrl Pts',(-132.870776907833,55.6606996652694,-32.6));
#11352=CARTESIAN_POINT('Ctrl Pts',(-132.146901689661,57.2568597480486,-32.6));
#11353=CARTESIAN_POINT('Ctrl Pts',(-131.949464328824,59.3486967926863,-32.6));
#11354=CARTESIAN_POINT('Ctrl Pts',(-131.980603436345,60.5178881810006,-32.6));
#11355=CARTESIAN_POINT('Ctrl Pts',(-133.312606159107,55.0512622058945,-33.1983986006838));
#11356=CARTESIAN_POINT('Ctrl Pts',(-132.871257821192,55.6600363171211,-33.1983986006838));
#11357=CARTESIAN_POINT('Ctrl Pts',(-132.147677075484,57.2557476378738,-33.1983986006838));
#11358=CARTESIAN_POINT('Ctrl Pts',(-131.949479046542,59.3492494041973,-33.1983986006838));
#11359=CARTESIAN_POINT('Ctrl Pts',(-131.980603436345,60.5178881810006,-33.1983986006838));
#11360=CARTESIAN_POINT('Ctrl Pts',(-132.906033125886,54.7565053672843,-34.2343495118795));
#11361=CARTESIAN_POINT('Ctrl Pts',(-132.426949612876,55.4173295163325,-34.2343495118795));
#11362=CARTESIAN_POINT('Ctrl Pts',(-131.643845430641,57.1593938415652,-34.2343495118795));
#11363=CARTESIAN_POINT('Ctrl Pts',(-131.446323739353,59.3192581804914,-34.2343495118795));
#11364=CARTESIAN_POINT('Ctrl Pts',(-131.478602964344,60.5312579738587,-34.2343495118795));
#11365=CARTESIAN_POINT('Ctrl Pts',(-132.056724950334,54.1407749268062,-34.6));
#11366=CARTESIAN_POINT('Ctrl Pts',(-131.500112898983,54.9085381146322,-34.6));
#11367=CARTESIAN_POINT('Ctrl Pts',(-130.593462471574,56.9551142937144,-34.6));
#11368=CARTESIAN_POINT('Ctrl Pts',(-130.395300358433,59.2580998537037,-34.6));
#11369=CARTESIAN_POINT('Ctrl Pts',(-130.42995224193,60.5591867183942,-34.6));
#11370=CARTESIAN_POINT('Ctrl Pts',(-131.693368976167,53.8773495407511,-34.6));
#11371=CARTESIAN_POINT('Ctrl Pts',(-131.103654012957,54.6907732511498,-34.6));
#11372=CARTESIAN_POINT('Ctrl Pts',(-130.144187600986,56.8675660661825,-34.6));
#11373=CARTESIAN_POINT('Ctrl Pts',(-129.945647423036,59.2320103510245,-34.6));
#11374=CARTESIAN_POINT('Ctrl Pts',(-129.981312377424,60.5711353566742,-34.6));
#11375=CARTESIAN_POINT('Ctrl Pts',(-131.448229924003,54.2380810985776,-34.6));
#11376=CARTESIAN_POINT('Ctrl Pts',(-131.526276028698,54.1155025325048,-34.6));
#11377=CARTESIAN_POINT('Ctrl Pts',(-131.607949788356,53.9951725519061,-34.6));
#11378=CARTESIAN_POINT('Ctrl Pts',(-131.693368976167,53.8773495407511,-34.6));
#11379=CARTESIAN_POINT('Ctrl Pts',(-133.312606159107,55.0512622058945,-32.6));
#11380=CARTESIAN_POINT('Ctrl Pts',(-132.870776907833,55.6606996652694,-32.6));
#11381=CARTESIAN_POINT('Ctrl Pts',(-132.560544671474,56.3447682721748,-32.6));
#11382=CARTESIAN_POINT('Ctrl Pts',(-132.347005102788,57.1198795863603,-32.6));
#11383=CARTESIAN_POINT('Ctrl Pts',(-132.284619492178,57.346328449789,-32.6));
#11384=CARTESIAN_POINT('Ctrl Pts',(-132.230486764416,57.5805479623827,-32.6));
#11385=CARTESIAN_POINT('Ctrl Pts',(-132.184313025047,57.8205604502083,-32.6));
#11386=CARTESIAN_POINT('Ctrl Pts',(-132.184033563914,57.822013673859,-32.6));
#11387=CARTESIAN_POINT('Ctrl Pts',(-132.019684255759,58.6769843428598,-32.6));
#11388=CARTESIAN_POINT('Ctrl Pts',(-131.956301069188,59.6053983681149,-32.6));
#11389=CARTESIAN_POINT('Ctrl Pts',(-131.980603436345,60.5178881810006,-32.6));
#11390=CARTESIAN_POINT('Origin',(-127.528735171361,38.7095644837164,-34.6));
#11391=CARTESIAN_POINT('Origin',(-107.00000158929,61.9751811457133,-34.6000000000073));
#11392=CARTESIAN_POINT('Ctrl Pts',(-131.980603436345,60.5178881810008,-34.5999999999927));
#11393=CARTESIAN_POINT('Ctrl Pts',(-131.980603436345,60.5178881810008,-28.5999999999927));
#11394=CARTESIAN_POINT('Ctrl Pts',(-131.974403419023,60.2850938770841,-34.5999999999927));
#11395=CARTESIAN_POINT('Ctrl Pts',(-131.974403419023,60.2850938770841,-28.5999999999927));
#11396=CARTESIAN_POINT('Ctrl Pts',(-131.971899606915,59.8210073156237,-34.5999999999927));
#11397=CARTESIAN_POINT('Ctrl Pts',(-131.971899606915,59.8210073156237,-28.5999999999927));
#11398=CARTESIAN_POINT('Ctrl Pts',(-131.997812951419,59.1293820537991,-34.5999999999927));
#11399=CARTESIAN_POINT('Ctrl Pts',(-131.997812951419,59.1293820537991,-28.5999999999927));
#11400=CARTESIAN_POINT('Ctrl Pts',(-132.089663928973,58.2171407526333,-34.5999999999927));
#11401=CARTESIAN_POINT('Ctrl Pts',(-132.089663928973,58.2171407526333,-28.5999999999927));
#11402=CARTESIAN_POINT('Ctrl Pts',(-132.311550278344,57.1031321567622,-34.5999999999927));
#11403=CARTESIAN_POINT('Ctrl Pts',(-132.311550278344,57.1031321567622,-28.5999999999927));
#11404=CARTESIAN_POINT('Ctrl Pts',(-132.605586810756,56.2473030652885,-34.5999999999927));
#11405=CARTESIAN_POINT('Ctrl Pts',(-132.605586810756,56.2473030652885,-28.5999999999927));
#11406=CARTESIAN_POINT('Ctrl Pts',(-132.918069310009,55.63563405583,-34.5999999999927));
#11407=CARTESIAN_POINT('Ctrl Pts',(-132.918069310009,55.63563405583,-28.5999999999927));
#11408=CARTESIAN_POINT('Ctrl Pts',(-133.173273295692,55.2434510798586,-34.5999999999927));
#11409=CARTESIAN_POINT('Ctrl Pts',(-133.173273295692,55.2434510798586,-28.5999999999927));
#11410=CARTESIAN_POINT('Ctrl Pts',(-133.312606159107,55.0512622058945,-34.5999999999927));
#11411=CARTESIAN_POINT('Ctrl Pts',(-133.312606159107,55.0512622058945,-28.5999999999927));
#11412=CARTESIAN_POINT('Ctrl Pts',(-131.980603436345,60.5178881810008,-30.6));
#11413=CARTESIAN_POINT('Ctrl Pts',(-131.957249968376,59.6410270308055,-30.6));
#11414=CARTESIAN_POINT('Ctrl Pts',(-132.018618583638,58.7148543239609,-30.6));
#11415=CARTESIAN_POINT('Ctrl Pts',(-132.17824312916,57.8556113990206,-30.6));
#11416=CARTESIAN_POINT('Ctrl Pts',(-132.184634785139,57.8221298613871,-30.6));
#11417=CARTESIAN_POINT('Ctrl Pts',(-131.980603436345,60.5178881810008,-30.6));
#11418=CARTESIAN_POINT('Ctrl Pts',(-131.957249968376,59.6410270308055,-30.6));
#11419=CARTESIAN_POINT('Ctrl Pts',(-132.055532793817,58.1577465284592,-30.6));
#11420=CARTESIAN_POINT('Ctrl Pts',(-132.545945686977,56.321484974853,-30.6));
#11421=CARTESIAN_POINT('Ctrl Pts',(-133.018064205234,55.4575388377165,-30.6));
#11422=CARTESIAN_POINT('Ctrl Pts',(-133.312606159107,55.0512622058945,-30.6));
#11423=CARTESIAN_POINT('Ctrl Pts',(-131.980603436345,60.5178881810008,-30.0016013993162));
#11424=CARTESIAN_POINT('Ctrl Pts',(-131.957261006257,59.6414414741293,-30.0016013993162));
#11425=CARTESIAN_POINT('Ctrl Pts',(-132.056216962384,58.1564786493176,-30.0016013993162));
#11426=CARTESIAN_POINT('Ctrl Pts',(-132.54634865288,56.3214651090182,-30.0016013993162));
#11427=CARTESIAN_POINT('Ctrl Pts',(-133.018384802297,55.457096621953,-30.0016013993162));
#11428=CARTESIAN_POINT('Ctrl Pts',(-133.312606159107,55.0512622058945,-30.0016013993162));
#11429=CARTESIAN_POINT('Ctrl Pts',(-131.478604555321,60.5312579314863,-28.9656491623678));
#11430=CARTESIAN_POINT('Ctrl Pts',(-131.454396030835,59.6222916634564,-28.9656491623678));
#11431=CARTESIAN_POINT('Ctrl Pts',(-131.554747884983,58.090256316597,-28.9656491623678));
#11432=CARTESIAN_POINT('Ctrl Pts',(-132.071701116013,56.142765915125,-28.9656491623678));
#11433=CARTESIAN_POINT('Ctrl Pts',(-132.586657203471,55.1970394609591,-28.9656491623678));
#11434=CARTESIAN_POINT('Ctrl Pts',(-132.906034414427,54.7565063014494,-28.9656491623678));
#11435=CARTESIAN_POINT('Ctrl Pts',(-130.42995224193,60.5591867183942,-28.6));
#11436=CARTESIAN_POINT('Ctrl Pts',(-130.403964289296,59.5834076149218,-28.6));
#11437=CARTESIAN_POINT('Ctrl Pts',(-130.509049592037,57.9484976140625,-28.6));
#11438=CARTESIAN_POINT('Ctrl Pts',(-131.081272514114,55.7694179721426,-28.6));
#11439=CARTESIAN_POINT('Ctrl Pts',(-131.685663956338,54.6525981453969,-28.6));
#11440=CARTESIAN_POINT('Ctrl Pts',(-132.056724950334,54.1407749268062,-28.6));
#11441=CARTESIAN_POINT('Ctrl Pts',(-129.981312377424,60.5711353566742,-28.6));
#11442=CARTESIAN_POINT('Ctrl Pts',(-129.954564649687,59.5668287012832,-28.6));
#11443=CARTESIAN_POINT('Ctrl Pts',(-130.061767069279,57.8876763311286,-28.6));
#11444=CARTESIAN_POINT('Ctrl Pts',(-130.657597311702,55.6096876053186,-28.6));
#11445=CARTESIAN_POINT('Ctrl Pts',(-131.300240189443,54.419611983306,-28.6));
#11446=CARTESIAN_POINT('Ctrl Pts',(-131.693368976167,53.8773495407511,-28.6));
#11447=CARTESIAN_POINT('',(-133.312606159117,55.051262205898,-30.5999993160367));
#11448=CARTESIAN_POINT('Ctrl Pts',(-132.184864752052,57.8209256102454,-30.6));
#11449=CARTESIAN_POINT('Ctrl Pts',(-132.283197934407,57.3061576144542,-30.6));
#11450=CARTESIAN_POINT('Ctrl Pts',(-132.417442650903,56.816594340889,-30.6));
#11451=CARTESIAN_POINT('Ctrl Pts',(-132.593916331804,56.3678215196555,-30.6));
#11452=CARTESIAN_POINT('Ctrl Pts',(-132.782004946105,55.8895119062847,-30.6));
#11453=CARTESIAN_POINT('Ctrl Pts',(-133.018064205234,55.4575388377165,-30.6));
#11454=CARTESIAN_POINT('Ctrl Pts',(-133.312606159107,55.0512622058945,-30.6));
#11455=CARTESIAN_POINT('',(-131.693368976167,53.8773495407511,-28.6));
#11456=CARTESIAN_POINT('Origin',(-131.693368976167,53.8773495407511,-30.6));
#11457=CARTESIAN_POINT('Ctrl Pts',(-131.693368976167,53.8773495407511,-28.6));
#11458=CARTESIAN_POINT('Ctrl Pts',(-131.608038008609,53.995050865243,-28.6));
#11459=CARTESIAN_POINT('Ctrl Pts',(-131.526090123132,54.1152386122058,-28.6));
#11460=CARTESIAN_POINT('Ctrl Pts',(-131.447563512299,54.2376584828254,-28.6));
#11461=CARTESIAN_POINT('Origin',(-107.00000158929,35.9751811457134,-30.6));
#11462=CARTESIAN_POINT('',(-134.58203070553,18.7856000660691,-30.5999993160367));
#11463=CARTESIAN_POINT('Origin',(-107.00000158929,35.9751811457134,-30.6));
#11464=CARTESIAN_POINT('',(-132.884675089995,19.8434204262488,-28.6));
#11465=CARTESIAN_POINT('Origin',(-132.884675089995,19.8434204262488,-30.6));
#11466=CARTESIAN_POINT('Origin',(-107.00000158929,35.9751811457134,-28.6));
#11467=CARTESIAN_POINT('Ctrl Pts',(-134.58203070553,18.7856000660691,-30.6));
#11468=CARTESIAN_POINT('Ctrl Pts',(-133.617117809685,17.2373217534949,-30.6));
#11469=CARTESIAN_POINT('Ctrl Pts',(-131.815406832614,16.9508602641843,-30.6));
#11470=CARTESIAN_POINT('Ctrl Pts',(-130.013695855543,16.6643987748737,-30.6));
#11471=CARTESIAN_POINT('Ctrl Pts',(-128.616169035714,17.8370630139527,-30.6));
#11472=CARTESIAN_POINT('Ctrl Pts',(-134.58203070553,18.7856000660691,-28.6));
#11473=CARTESIAN_POINT('Ctrl Pts',(-133.617117809685,17.2373217534949,-28.6));
#11474=CARTESIAN_POINT('Ctrl Pts',(-131.815406832614,16.9508602641843,-28.6));
#11475=CARTESIAN_POINT('Ctrl Pts',(-130.013695855543,16.6643987748737,-28.6));
#11476=CARTESIAN_POINT('Ctrl Pts',(-128.616169035714,17.8370630139527,-28.6));
#11477=CARTESIAN_POINT('Ctrl Pts',(-132.884675089995,19.8434204262488,-28.6));
#11478=CARTESIAN_POINT('Ctrl Pts',(-132.402218642072,19.0692812699617,-28.6));
#11479=CARTESIAN_POINT('Ctrl Pts',(-131.501363153537,18.9260505253064,-28.6));
#11480=CARTESIAN_POINT('Ctrl Pts',(-130.600507665001,18.7828197806511,-28.6));
#11481=CARTESIAN_POINT('Ctrl Pts',(-129.901744255087,19.3691519001906,-28.6));
#11482=CARTESIAN_POINT('',(-130.850255214229,16.9154676254465,-30.6));
#11483=CARTESIAN_POINT('Origin',(-131.18731947446,20.9012407864286,-30.6));
#11484=CARTESIAN_POINT('',(-128.616169035714,17.8370630139527,-30.6));
#11485=CARTESIAN_POINT('Origin',(-131.18731947446,20.9012407864286,-30.6));
#11486=CARTESIAN_POINT('',(-129.901744255087,19.3691519001906,-28.6));
#11487=CARTESIAN_POINT('Origin',(-129.901744255087,19.3691519001906,-30.6));
#11488=CARTESIAN_POINT('Origin',(-131.18731947446,20.9012407864286,-28.6));
#11489=CARTESIAN_POINT('Origin',(-124.443827743734,23.9488876318635,-30.6));
#11490=CARTESIAN_POINT('',(-117.808085312502,26.906122079833,-30.6));
#11491=CARTESIAN_POINT('',(-119.093660531875,28.438210966071,-28.6));
#11492=CARTESIAN_POINT('Origin',(-119.093660531875,28.438210966071,-30.6));
#11493=CARTESIAN_POINT('',(-124.443827743734,23.9488876318635,-28.6));
#11494=CARTESIAN_POINT('',(-123.15825252436,22.4167987456256,-30.6));
#11495=CARTESIAN_POINT('Ctrl Pts',(-117.808085312502,26.9061220798331,-30.6));
#11496=CARTESIAN_POINT('Ctrl Pts',(-117.666404537107,27.0250063662115,-30.6));
#11497=CARTESIAN_POINT('Ctrl Pts',(-117.371854059907,27.217979894595,-30.6));
#11498=CARTESIAN_POINT('Ctrl Pts',(-116.788336016036,27.4197858325217,-30.6));
#11499=CARTESIAN_POINT('Ctrl Pts',(-116.143162885328,27.4456275407135,-30.6));
#11500=CARTESIAN_POINT('Ctrl Pts',(-115.756023070697,27.317362037058,-30.6));
#11501=CARTESIAN_POINT('Ctrl Pts',(-115.557468324773,27.2103067194018,-30.6));
#11502=CARTESIAN_POINT('Ctrl Pts',(-117.808085312502,26.9061220798331,-30.0016013993162));
#11503=CARTESIAN_POINT('Ctrl Pts',(-117.666796837402,27.0246771871786,-30.0016013993162));
#11504=CARTESIAN_POINT('Ctrl Pts',(-117.371151070362,27.2173077108909,-30.0016013993162));
#11505=CARTESIAN_POINT('Ctrl Pts',(-116.787910589256,27.4186937962182,-30.0016013993162));
#11506=CARTESIAN_POINT('Ctrl Pts',(-116.14321421166,27.4445774166777,-30.0016013993162));
#11507=CARTESIAN_POINT('Ctrl Pts',(-115.755361868887,27.3170055350293,-30.0016013993162));
#11508=CARTESIAN_POINT('Ctrl Pts',(-115.557468324773,27.2103067194018,-30.0016013993162));
#11509=CARTESIAN_POINT('Ctrl Pts',(-118.130857014926,27.2907864157848,-28.9656214569451));
#11510=CARTESIAN_POINT('Ctrl Pts',(-117.958786445619,27.4351707670262,-28.9656214569451));
#11511=CARTESIAN_POINT('Ctrl Pts',(-117.593212800892,27.6743197741286,-28.9656214569451));
#11512=CARTESIAN_POINT('Ctrl Pts',(-116.883389245306,27.9194771662765,-28.9656214569451));
#11513=CARTESIAN_POINT('Ctrl Pts',(-116.080609672322,27.9552055392408,-28.9656214569451));
#11514=CARTESIAN_POINT('Ctrl Pts',(-115.568933614782,27.7869703527663,-28.9656214569451));
#11515=CARTESIAN_POINT('Ctrl Pts',(-115.319158446711,27.6522983768532,-28.9656214569451));
#11516=CARTESIAN_POINT('Ctrl Pts',(-118.805178127245,28.0944110239531,-28.6));
#11517=CARTESIAN_POINT('Ctrl Pts',(-118.569864422989,28.2918626664048,-28.6));
#11518=CARTESIAN_POINT('Ctrl Pts',(-118.055225472425,28.6272645049268,-28.6));
#11519=CARTESIAN_POINT('Ctrl Pts',(-117.081703750835,28.9627267158353,-28.6));
#11520=CARTESIAN_POINT('Ctrl Pts',(-115.949958300048,29.0191361709391,-28.6));
#11521=CARTESIAN_POINT('Ctrl Pts',(-115.177659631113,28.767832857778,-28.6));
#11522=CARTESIAN_POINT('Ctrl Pts',(-114.821291437785,28.5756888223291,-28.6));
#11523=CARTESIAN_POINT('Ctrl Pts',(-119.093660531875,28.4382109660711,-28.6));
#11524=CARTESIAN_POINT('Ctrl Pts',(-118.831343456129,28.6583211275806,-28.6));
#11525=CARTESIAN_POINT('Ctrl Pts',(-118.252785286588,29.03485490093,-28.6));
#11526=CARTESIAN_POINT('Ctrl Pts',(-117.166487767107,29.4088940793875,-28.6));
#11527=CARTESIAN_POINT('Ctrl Pts',(-115.894071030313,29.4741567801262,-28.6));
#11528=CARTESIAN_POINT('Ctrl Pts',(-115.010179124287,29.187409270615,-28.6));
#11529=CARTESIAN_POINT('Ctrl Pts',(-114.608298148242,28.9707259808233,-28.6));
#11530=CARTESIAN_POINT('Ctrl Pts',(-118.295055278188,28.966627967882,-28.6));
#11531=CARTESIAN_POINT('Ctrl Pts',(-118.580078441467,28.8216333831489,-28.6));
#11532=CARTESIAN_POINT('Ctrl Pts',(-118.848632057251,28.6438142687559,-28.6));
#11533=CARTESIAN_POINT('Ctrl Pts',(-119.093660531875,28.4382109660711,-28.6));
#11534=CARTESIAN_POINT('Ctrl Pts',(-117.808085312502,26.9061220798331,-30.6));
#11535=CARTESIAN_POINT('Ctrl Pts',(-117.666404537107,27.0250063662115,-30.6));
#11536=CARTESIAN_POINT('Ctrl Pts',(-117.371854059907,27.217979894595,-30.6));
#11537=CARTESIAN_POINT('Ctrl Pts',(-116.788336016036,27.4197858325217,-30.6));
#11538=CARTESIAN_POINT('Ctrl Pts',(-116.143162885328,27.4456275407135,-30.6));
#11539=CARTESIAN_POINT('Ctrl Pts',(-115.756023070697,27.317362037058,-30.6));
#11540=CARTESIAN_POINT('Ctrl Pts',(-115.557468324773,27.2103067194018,-30.6));
#11541=CARTESIAN_POINT('Ctrl Pts',(-117.808085312502,26.906122079833,-34.6));
#11542=CARTESIAN_POINT('Ctrl Pts',(-117.808085312502,26.906122079833,-28.6));
#11543=CARTESIAN_POINT('Ctrl Pts',(-117.729617810388,26.9719641319158,-34.6));
#11544=CARTESIAN_POINT('Ctrl Pts',(-117.729617810388,26.9719641319158,-28.6));
#11545=CARTESIAN_POINT('Ctrl Pts',(-117.568642476501,27.0924605790037,-34.6));
#11546=CARTESIAN_POINT('Ctrl Pts',(-117.568642476501,27.0924605790037,-28.6));
#11547=CARTESIAN_POINT('Ctrl Pts',(-117.315070025581,27.2396682100334,-34.6));
#11548=CARTESIAN_POINT('Ctrl Pts',(-117.315070025581,27.2396682100334,-28.6));
#11549=CARTESIAN_POINT('Ctrl Pts',(-116.956645081188,27.374435660688,-34.6));
#11550=CARTESIAN_POINT('Ctrl Pts',(-116.956645081188,27.374435660688,-28.6));
#11551=CARTESIAN_POINT('Ctrl Pts',(-116.489950753161,27.4485558563528,-34.6));
#11552=CARTESIAN_POINT('Ctrl Pts',(-116.489950753161,27.4485558563528,-28.6));
#11553=CARTESIAN_POINT('Ctrl Pts',(-116.113156250135,27.4231691436088,-34.6));
#11554=CARTESIAN_POINT('Ctrl Pts',(-116.113156250135,27.4231691436088,-28.6));
#11555=CARTESIAN_POINT('Ctrl Pts',(-115.833547572769,27.3433811157902,-34.6));
#11556=CARTESIAN_POINT('Ctrl Pts',(-115.833547572769,27.3433811157902,-28.6));
#11557=CARTESIAN_POINT('Ctrl Pts',(-115.649158209601,27.2597434110326,-34.6));
#11558=CARTESIAN_POINT('Ctrl Pts',(-115.649158209601,27.2597434110326,-28.6));
#11559=CARTESIAN_POINT('Ctrl Pts',(-115.557468324773,27.2103067194018,-34.6));
#11560=CARTESIAN_POINT('Ctrl Pts',(-115.557468324773,27.2103067194018,-28.6));
#11561=CARTESIAN_POINT('',(-117.808085312502,26.906122079833,-31.6));
#11562=CARTESIAN_POINT('Origin',(-128.616169035714,17.8370630139527,-31.6));
#11563=CARTESIAN_POINT('',(-128.616169035714,17.8370630139525,-31.6));
#11564=CARTESIAN_POINT('',(-128.616169035714,17.8370630139527,-31.6));
#11565=CARTESIAN_POINT('',(-128.616169035714,17.8370630139527,-31.6));
#11566=CARTESIAN_POINT('Origin',(-131.18731947446,20.9012407864286,-31.6));
#11567=CARTESIAN_POINT('Ctrl Pts',(-130.850255217262,16.9154676259841,-30.6));
#11568=CARTESIAN_POINT('Ctrl Pts',(-130.485054866121,16.9463514671187,-30.6));
#11569=CARTESIAN_POINT('Ctrl Pts',(-130.146429186827,17.0257073067755,-30.6440434268275));
#11570=CARTESIAN_POINT('Ctrl Pts',(-129.541418548314,17.2414472647503,-30.8453484878562));
#11571=CARTESIAN_POINT('Ctrl Pts',(-129.334384480799,17.3527288939011,-30.9849138939108));
#11572=CARTESIAN_POINT('Ctrl Pts',(-128.996906512646,17.546393276876,-31.2564103978014));
#11573=CARTESIAN_POINT('Ctrl Pts',(-128.840547216722,17.6494050135687,-31.4397877968901));
#11574=CARTESIAN_POINT('Ctrl Pts',(-128.619513292874,17.8342591818204,-31.5976228361563));
#11575=CARTESIAN_POINT('Ctrl Pts',(-128.617841312214,17.8356598073576,-31.5988131249168));
#11576=CARTESIAN_POINT('Ctrl Pts',(-128.616169035714,17.8370630139526,-31.6));
#11577=CARTESIAN_POINT('Origin',(-132.980603436355,60.5178881810042,-30.6));
#11578=CARTESIAN_POINT('',(-133.770387345217,19.3697533470319,-30.6));
#11579=CARTESIAN_POINT('Ctrl Pts',(-132.49724984658,54.4723027223367,-30.6));
#11580=CARTESIAN_POINT('Ctrl Pts',(-132.889039162684,53.9205406368362,-30.6));
#11581=CARTESIAN_POINT('Ctrl Pts',(-133.434595063935,53.1228068643743,-30.6000000000001));
#11582=CARTESIAN_POINT('Ctrl Pts',(-134.103164511266,52.0493176559721,-30.6));
#11583=CARTESIAN_POINT('Ctrl Pts',(-134.817013366026,50.7714330271243,-30.6000000000001));
#11584=CARTESIAN_POINT('Ctrl Pts',(-135.769789201895,48.8784637185716,-30.6));
#11585=CARTESIAN_POINT('Ctrl Pts',(-136.461515400251,47.2182116418214,-30.6));
#11586=CARTESIAN_POINT('Ctrl Pts',(-137.072669394657,45.3220134394708,-30.6000000000001));
#11587=CARTESIAN_POINT('Ctrl Pts',(-137.510327045813,43.7941078515335,-30.6000000000001));
#11588=CARTESIAN_POINT('Ctrl Pts',(-137.860496924718,42.3901780466134,-30.6000000000001));
#11589=CARTESIAN_POINT('Ctrl Pts',(-138.058240492908,41.3714429628975,-30.6000000000001));
#11590=CARTESIAN_POINT('Ctrl Pts',(-138.179221826326,40.5443236481067,-30.6000000000001));
#11591=CARTESIAN_POINT('Ctrl Pts',(-138.281846868496,39.677824528047,-30.6000000000001));
#11592=CARTESIAN_POINT('Ctrl Pts',(-138.424962466018,37.9858555024644,-30.6000000000001));
#11593=CARTESIAN_POINT('Ctrl Pts',(-138.534097377076,35.2178320717241,-30.6000000000001));
#11594=CARTESIAN_POINT('Ctrl Pts',(-138.370255298362,32.7184400458295,-30.6));
#11595=CARTESIAN_POINT('Ctrl Pts',(-138.062806284418,30.7337463425698,-30.6));
#11596=CARTESIAN_POINT('Ctrl Pts',(-137.785544153659,29.3172732537953,-30.6000000000001));
#11597=CARTESIAN_POINT('Ctrl Pts',(-137.50298451655,28.070725847218,-30.6000000000001));
#11598=CARTESIAN_POINT('Ctrl Pts',(-137.211746858124,26.9809391543074,-30.6000000000001));
#11599=CARTESIAN_POINT('Ctrl Pts',(-136.830891510476,25.8231084488993,-30.6));
#11600=CARTESIAN_POINT('Ctrl Pts',(-136.11000973645,23.9469861472086,-30.6));
#11601=CARTESIAN_POINT('Ctrl Pts',(-134.913501460573,21.2411186182067,-30.6));
#11602=CARTESIAN_POINT('Ctrl Pts',(-134.096980312969,19.8235332408352,-30.6));
#11603=CARTESIAN_POINT('Ctrl Pts',(-133.770387345217,19.3697533470318,-30.6));
#11604=CARTESIAN_POINT('',(-133.750951082375,19.3427479116445,-30.6));
#11605=CARTESIAN_POINT('',(-133.770387345217,19.3697533470317,-30.6));
#11606=CARTESIAN_POINT('',(-133.733352897763,19.3145102461589,-30.6));
#11607=CARTESIAN_POINT('',(-133.733352897763,19.3145102461589,-30.6));
#11608=CARTESIAN_POINT('Ctrl Pts',(-133.733352897763,19.3145102461588,-30.6));
#11609=CARTESIAN_POINT('Ctrl Pts',(-133.554195958223,19.0270389052413,-30.6));
#11610=CARTESIAN_POINT('Ctrl Pts',(-133.133093901152,18.4810861377841,-30.6));
#11611=CARTESIAN_POINT('Ctrl Pts',(-132.310254206242,17.7410435265373,-30.6));
#11612=CARTESIAN_POINT('Ctrl Pts',(-131.510881122933,17.2251843178202,-30.6));
#11613=CARTESIAN_POINT('Ctrl Pts',(-131.015454294832,16.9860875384866,-30.6));
#11614=CARTESIAN_POINT('Ctrl Pts',(-130.850198455854,16.9153672668125,-30.6));
#11615=CARTESIAN_POINT('Origin',(-133.980603436355,60.5178881810042,-32.6));
#11616=CARTESIAN_POINT('',(-133.733352897763,19.3145102461589,-32.6));
#11617=CARTESIAN_POINT('Ctrl Pts',(-133.733352897763,19.3145102461588,-32.6));
#11618=CARTESIAN_POINT('Ctrl Pts',(-133.554195958223,19.0270389052413,-32.6));
#11619=CARTESIAN_POINT('Ctrl Pts',(-133.133093901152,18.4810861377841,-32.6));
#11620=CARTESIAN_POINT('Ctrl Pts',(-132.310254206242,17.7410435265374,-32.6));
#11621=CARTESIAN_POINT('Ctrl Pts',(-131.510881122933,17.2251843178203,-32.6));
#11622=CARTESIAN_POINT('Ctrl Pts',(-131.015454294832,16.9860875384866,-32.6));
#11623=CARTESIAN_POINT('Ctrl Pts',(-130.850198455854,16.9153672668125,-32.6));
#11624=CARTESIAN_POINT('',(-133.750951082375,19.3427479116445,-32.6));
#11625=CARTESIAN_POINT('',(-133.733352897763,19.3145102461589,-32.6));
#11626=CARTESIAN_POINT('',(-133.770387345217,19.3697533470319,-32.6));
#11627=CARTESIAN_POINT('',(-133.770387345217,19.3697533470317,-32.6));
#11628=CARTESIAN_POINT('Ctrl Pts',(-132.49724984658,54.4723027223367,-32.6));
#11629=CARTESIAN_POINT('Ctrl Pts',(-132.889039162684,53.9205406368362,-32.6));
#11630=CARTESIAN_POINT('Ctrl Pts',(-133.434595063936,53.1228068643725,-32.6000000000001));
#11631=CARTESIAN_POINT('Ctrl Pts',(-134.103164511266,52.0493176559725,-32.6));
#11632=CARTESIAN_POINT('Ctrl Pts',(-134.817013366025,50.7714330271256,-32.6000000000001));
#11633=CARTESIAN_POINT('Ctrl Pts',(-135.769789201895,48.8784637185717,-32.6));
#11634=CARTESIAN_POINT('Ctrl Pts',(-136.461515400251,47.2182116418225,-32.6));
#11635=CARTESIAN_POINT('Ctrl Pts',(-137.072669394656,45.322013439471,-32.6000000000001));
#11636=CARTESIAN_POINT('Ctrl Pts',(-137.510327045813,43.7941078515335,-32.6000000000001));
#11637=CARTESIAN_POINT('Ctrl Pts',(-137.860496924718,42.3901780466122,-32.6000000000002));
#11638=CARTESIAN_POINT('Ctrl Pts',(-138.058240492908,41.3714429628954,-32.6000000000001));
#11639=CARTESIAN_POINT('Ctrl Pts',(-138.179221826327,40.5443236481042,-32.6000000000001));
#11640=CARTESIAN_POINT('Ctrl Pts',(-138.281846868497,39.677824528045,-32.6000000000001));
#11641=CARTESIAN_POINT('Ctrl Pts',(-138.424962466018,37.9858555024619,-32.6000000000001));
#11642=CARTESIAN_POINT('Ctrl Pts',(-138.534097377076,35.2178320717234,-32.6000000000001));
#11643=CARTESIAN_POINT('Ctrl Pts',(-138.370255298362,32.7184400458287,-32.6));
#11644=CARTESIAN_POINT('Ctrl Pts',(-138.062806284418,30.7337463425695,-32.6));
#11645=CARTESIAN_POINT('Ctrl Pts',(-137.785544153659,29.3172732537952,-32.6));
#11646=CARTESIAN_POINT('Ctrl Pts',(-137.50298451655,28.0707258472179,-32.6000000000001));
#11647=CARTESIAN_POINT('Ctrl Pts',(-137.211746858124,26.980939154307,-32.6000000000001));
#11648=CARTESIAN_POINT('Ctrl Pts',(-136.830891510476,25.8231084488996,-32.6));
#11649=CARTESIAN_POINT('Ctrl Pts',(-136.11000973645,23.9469861472085,-32.6));
#11650=CARTESIAN_POINT('Ctrl Pts',(-134.913501460573,21.2411186182072,-32.6));
#11651=CARTESIAN_POINT('Ctrl Pts',(-134.096980312969,19.8235332408352,-32.6));
#11652=CARTESIAN_POINT('Ctrl Pts',(-133.770387345217,19.3697533470318,-32.6));
#11653=CARTESIAN_POINT('Ctrl Pts',(-133.733352897763,19.3145102461588,-32.6));
#11654=CARTESIAN_POINT('Ctrl Pts',(-133.554195958223,19.0270389052413,-32.6));
#11655=CARTESIAN_POINT('Ctrl Pts',(-133.133093901152,18.4810861377841,-32.6));
#11656=CARTESIAN_POINT('Ctrl Pts',(-132.310254206242,17.7410435265374,-32.6));
#11657=CARTESIAN_POINT('Ctrl Pts',(-131.352388886538,17.1229045671484,-32.6));
#11658=CARTESIAN_POINT('Ctrl Pts',(-130.437022323394,16.7283102066713,-32.6));
#11659=CARTESIAN_POINT('Ctrl Pts',(-129.657391345163,16.5553526264854,-32.6));
#11660=CARTESIAN_POINT('Ctrl Pts',(-129.110348833482,16.5541533726002,-32.6));
#11661=CARTESIAN_POINT('Ctrl Pts',(-128.685194835789,16.6493168301878,-32.6));
#11662=CARTESIAN_POINT('Ctrl Pts',(-128.335178960309,16.8027470676623,-32.6));
#11663=CARTESIAN_POINT('Ctrl Pts',(-128.096107026691,16.9680395645803,-32.6));
#11664=CARTESIAN_POINT('Ctrl Pts',(-127.973381426027,17.0710185708336,-32.6));
#11665=CARTESIAN_POINT('Ctrl Pts',(-133.479429091463,19.4727598019854,-32.6));
#11666=CARTESIAN_POINT('Ctrl Pts',(-133.311065438385,19.2026071345182,-32.6));
#11667=CARTESIAN_POINT('Ctrl Pts',(-132.9136889325,18.6877707102993,-32.6));
#11668=CARTESIAN_POINT('Ctrl Pts',(-132.127968305652,17.9809033075042,-32.6));
#11669=CARTESIAN_POINT('Ctrl Pts',(-131.208250236583,17.3878461237874,-32.6));
#11670=CARTESIAN_POINT('Ctrl Pts',(-130.337688158974,17.0136241325056,-32.6));
#11671=CARTESIAN_POINT('Ctrl Pts',(-129.617291763473,16.8553497743584,-32.6));
#11672=CARTESIAN_POINT('Ctrl Pts',(-129.136870757182,16.8559032419572,-32.6));
#11673=CARTESIAN_POINT('Ctrl Pts',(-128.778796524861,16.9364214290757,-32.6));
#11674=CARTESIAN_POINT('Ctrl Pts',(-128.484176113189,17.0648846631042,-32.6));
#11675=CARTESIAN_POINT('Ctrl Pts',(-128.275284024336,17.2082691595705,-32.6));
#11676=CARTESIAN_POINT('Ctrl Pts',(-128.165703029114,17.3002185322456,-32.6));
#11677=CARTESIAN_POINT('Ctrl Pts',(-133.104660993276,19.7063215382415,-32.3839341843417));
#11678=CARTESIAN_POINT('Ctrl Pts',(-132.951811117032,19.4610619407309,-32.3839341843417));
#11679=CARTESIAN_POINT('Ctrl Pts',(-132.591297917003,18.9917827620324,-32.3839341843417));
#11680=CARTESIAN_POINT('Ctrl Pts',(-131.860717822267,18.3330028886146,-32.3839341843417));
#11681=CARTESIAN_POINT('Ctrl Pts',(-130.9984170825,17.7766685294082,-32.3839341843417));
#11682=CARTESIAN_POINT('Ctrl Pts',(-130.194189978518,17.431984629466,-32.3839341843417));
#11683=CARTESIAN_POINT('Ctrl Pts',(-129.561512536177,17.295199463085,-32.3839341843417));
#11684=CARTESIAN_POINT('Ctrl Pts',(-129.17770655431,17.2983045691657,-32.3839341843417));
#11685=CARTESIAN_POINT('Ctrl Pts',(-128.917471299785,17.3578541103388,-32.3839341843417));
#11686=CARTESIAN_POINT('Ctrl Pts',(-128.704167688534,17.4504725291028,-32.3839341843417));
#11687=CARTESIAN_POINT('Ctrl Pts',(-128.540239501823,17.5624006363618,-32.3839341843417));
#11688=CARTESIAN_POINT('Ctrl Pts',(-128.449551961908,17.6384965176567,-32.3839341843417));
#11689=CARTESIAN_POINT('Ctrl Pts',(-132.819380553936,19.8841130713372,-31.6909726475049));
#11690=CARTESIAN_POINT('Ctrl Pts',(-132.678586697697,19.658198302143,-31.6909726475049));
#11691=CARTESIAN_POINT('Ctrl Pts',(-132.345040008722,19.2238160350082,-31.6909726475049));
#11692=CARTESIAN_POINT('Ctrl Pts',(-131.656222773192,18.6021605220751,-31.690972647505));
#11693=CARTESIAN_POINT('Ctrl Pts',(-130.836967977295,18.0739554466799,-31.6909726475049));
#11694=CARTESIAN_POINT('Ctrl Pts',(-130.083113184542,17.7520704264227,-31.690972647505));
#11695=CARTESIAN_POINT('Ctrl Pts',(-129.517034671965,17.6317510426183,-31.6909726475049));
#11696=CARTESIAN_POINT('Ctrl Pts',(-129.207788692524,17.6368193772263,-31.6909726475049));
#11697=CARTESIAN_POINT('Ctrl Pts',(-129.022720555941,17.6800240430804,-31.6909726475049));
#11698=CARTESIAN_POINT('Ctrl Pts',(-128.871578665906,17.7447615179758,-31.6909726475049));
#11699=CARTESIAN_POINT('Ctrl Pts',(-128.741628157568,17.8322241418493,-31.6909726475049));
#11700=CARTESIAN_POINT('Ctrl Pts',(-128.665623043318,17.8960000051835,-31.6909726475049));
#11701=CARTESIAN_POINT('Ctrl Pts',(-132.973592423552,19.7880056593321,-30.8889381480171));
#11702=CARTESIAN_POINT('Ctrl Pts',(-132.82629804493,19.5516602928575,-30.8889381480171));
#11703=CARTESIAN_POINT('Ctrl Pts',(-132.478101016795,19.0984286523109,-30.8889381480171));
#11704=CARTESIAN_POINT('Ctrl Pts',(-131.766694219407,18.4567398607261,-30.8889381480171));
#11705=CARTESIAN_POINT('Ctrl Pts',(-130.924126151432,17.9133408786622,-30.8889381480171));
#11706=CARTESIAN_POINT('Ctrl Pts',(-130.143033743388,17.5791526542494,-30.8889381480171));
#11707=CARTESIAN_POINT('Ctrl Pts',(-129.540942685012,17.4499397039675,-30.8889381480171));
#11708=CARTESIAN_POINT('Ctrl Pts',(-129.191460299728,17.453948188239,-30.8889381480171));
#11709=CARTESIAN_POINT('Ctrl Pts',(-128.965805848813,17.5059626335882,-30.8889381480171));
#11710=CARTESIAN_POINT('Ctrl Pts',(-128.781079198438,17.5857316595215,-30.8889381480171));
#11711=CARTESIAN_POINT('Ctrl Pts',(-128.632744924411,17.6863845788092,-30.8889381480171));
#11712=CARTESIAN_POINT('Ctrl Pts',(-128.548823148059,17.756803310394,-30.8889381480171));
#11713=CARTESIAN_POINT('Ctrl Pts',(-133.479429091463,19.4727598019854,-30.6));
#11714=CARTESIAN_POINT('Ctrl Pts',(-133.310865750915,19.2022867203336,-30.6));
#11715=CARTESIAN_POINT('Ctrl Pts',(-132.914375387148,18.6872738891351,-30.6));
#11716=CARTESIAN_POINT('Ctrl Pts',(-132.128825701143,17.9799861018812,-30.6));
#11717=CARTESIAN_POINT('Ctrl Pts',(-131.209642944922,17.3867870836588,-30.6));
#11718=CARTESIAN_POINT('Ctrl Pts',(-130.339180533536,17.0123109251454,-30.6));
#11719=CARTESIAN_POINT('Ctrl Pts',(-129.618925308374,16.8539492819164,-30.6));
#11720=CARTESIAN_POINT('Ctrl Pts',(-129.137682663233,16.8544858496782,-30.6));
#11721=CARTESIAN_POINT('Ctrl Pts',(-128.779049577469,16.9353142429238,-30.6));
#11722=CARTESIAN_POINT('Ctrl Pts',(-128.484217158353,17.0642593637097,-30.6));
#11723=CARTESIAN_POINT('Ctrl Pts',(-128.275527213749,17.2080650994236,-30.6));
#11724=CARTESIAN_POINT('Ctrl Pts',(-128.165703029114,17.3002185322456,-30.6));
#11725=CARTESIAN_POINT('Ctrl Pts',(-133.733352897763,19.3145102461588,-30.6));
#11726=CARTESIAN_POINT('Ctrl Pts',(-133.554195958223,19.0270389052413,-30.6));
#11727=CARTESIAN_POINT('Ctrl Pts',(-133.133093901152,18.4810861377841,-30.6));
#11728=CARTESIAN_POINT('Ctrl Pts',(-132.310254206242,17.7410435265373,-30.6));
#11729=CARTESIAN_POINT('Ctrl Pts',(-131.352388886538,17.1229045671484,-30.6));
#11730=CARTESIAN_POINT('Ctrl Pts',(-130.437022323394,16.7283102066713,-30.6));
#11731=CARTESIAN_POINT('Ctrl Pts',(-129.657391345163,16.5553526264854,-30.6));
#11732=CARTESIAN_POINT('Ctrl Pts',(-129.110348833482,16.5541533726002,-30.6));
#11733=CARTESIAN_POINT('Ctrl Pts',(-128.685194835789,16.6493168301878,-30.6));
#11734=CARTESIAN_POINT('Ctrl Pts',(-128.335178960309,16.8027470676623,-30.6));
#11735=CARTESIAN_POINT('Ctrl Pts',(-128.096107026691,16.9680395645803,-30.6));
#11736=CARTESIAN_POINT('Ctrl Pts',(-127.973381426027,17.0710185708336,-30.6));
#11737=CARTESIAN_POINT('Origin',(-133.733352897763,19.3145102461589,-31.6));
#11738=CARTESIAN_POINT('Ctrl Pts',(-128.616169035714,17.8370630139526,-31.6));
#11739=CARTESIAN_POINT('Ctrl Pts',(-128.617841312215,17.8356598073576,-31.6011868750832));
#11740=CARTESIAN_POINT('Ctrl Pts',(-128.619513292874,17.8342591818204,-31.6023771638437));
#11741=CARTESIAN_POINT('Ctrl Pts',(-128.84054721672,17.6494050135702,-31.7602122031087));
#11742=CARTESIAN_POINT('Ctrl Pts',(-128.996906512647,17.5463932768757,-31.943589602199));
#11743=CARTESIAN_POINT('Ctrl Pts',(-129.334384480799,17.3527288939008,-32.2150861060897));
#11744=CARTESIAN_POINT('Ctrl Pts',(-129.541418548315,17.2414472647501,-32.354651512144));
#11745=CARTESIAN_POINT('Ctrl Pts',(-130.146429186827,17.0257073067755,-32.5559565731724));
#11746=CARTESIAN_POINT('Ctrl Pts',(-130.485054866121,16.9463514671187,-32.6));
#11747=CARTESIAN_POINT('Ctrl Pts',(-130.850255217262,16.9154676259841,-32.6));
#11748=CARTESIAN_POINT('Origin',(-133.733352897763,19.3145102461589,-31.6));
#11749=CARTESIAN_POINT('Origin',(-133.750951082375,19.3427479116445,-31.6));
#11750=CARTESIAN_POINT('Origin',(-133.770387345217,19.3697533470317,-31.6));
#11751=CARTESIAN_POINT('Origin',(-133.770387345217,19.3697533470319,-31.6));
#11752=CARTESIAN_POINT('Ctrl Pts',(-132.49724984658,54.4723027223367,-32.6));
#11753=CARTESIAN_POINT('Ctrl Pts',(-132.889039162684,53.9205406368362,-32.6));
#11754=CARTESIAN_POINT('Ctrl Pts',(-133.434595063936,53.1228068643725,-32.6000000000001));
#11755=CARTESIAN_POINT('Ctrl Pts',(-134.103164511266,52.0493176559725,-32.6));
#11756=CARTESIAN_POINT('Ctrl Pts',(-134.817013366025,50.7714330271256,-32.6000000000001));
#11757=CARTESIAN_POINT('Ctrl Pts',(-135.769789201895,48.8784637185717,-32.6));
#11758=CARTESIAN_POINT('Ctrl Pts',(-136.461515400251,47.2182116418225,-32.6));
#11759=CARTESIAN_POINT('Ctrl Pts',(-137.072669394656,45.322013439471,-32.6000000000001));
#11760=CARTESIAN_POINT('Ctrl Pts',(-137.510327045813,43.7941078515335,-32.6000000000001));
#11761=CARTESIAN_POINT('Ctrl Pts',(-137.860496924718,42.3901780466122,-32.6000000000002));
#11762=CARTESIAN_POINT('Ctrl Pts',(-138.058240492908,41.3714429628954,-32.6000000000001));
#11763=CARTESIAN_POINT('Ctrl Pts',(-138.179221826327,40.5443236481042,-32.6000000000001));
#11764=CARTESIAN_POINT('Ctrl Pts',(-138.281846868497,39.677824528045,-32.6000000000001));
#11765=CARTESIAN_POINT('Ctrl Pts',(-138.424962466018,37.9858555024619,-32.6000000000001));
#11766=CARTESIAN_POINT('Ctrl Pts',(-138.534097377076,35.2178320717234,-32.6000000000001));
#11767=CARTESIAN_POINT('Ctrl Pts',(-138.370255298362,32.7184400458287,-32.6));
#11768=CARTESIAN_POINT('Ctrl Pts',(-138.062806284418,30.7337463425695,-32.6));
#11769=CARTESIAN_POINT('Ctrl Pts',(-137.785544153659,29.3172732537952,-32.6));
#11770=CARTESIAN_POINT('Ctrl Pts',(-137.50298451655,28.0707258472179,-32.6000000000001));
#11771=CARTESIAN_POINT('Ctrl Pts',(-137.211746858124,26.980939154307,-32.6000000000001));
#11772=CARTESIAN_POINT('Ctrl Pts',(-136.830891510476,25.8231084488996,-32.6));
#11773=CARTESIAN_POINT('Ctrl Pts',(-136.11000973645,23.9469861472085,-32.6));
#11774=CARTESIAN_POINT('Ctrl Pts',(-134.913501460573,21.2411186182072,-32.6));
#11775=CARTESIAN_POINT('Ctrl Pts',(-134.096980312969,19.8235332408352,-32.6));
#11776=CARTESIAN_POINT('Ctrl Pts',(-133.770387345217,19.3697533470318,-32.6));
#11777=CARTESIAN_POINT('Ctrl Pts',(-132.253295808339,54.2990784499288,-32.6));
#11778=CARTESIAN_POINT('Ctrl Pts',(-132.642951956663,53.7503205328796,-32.6));
#11779=CARTESIAN_POINT('Ctrl Pts',(-133.185692886019,52.9564480132222,-32.6000000000001));
#11780=CARTESIAN_POINT('Ctrl Pts',(-133.84528840063,51.8971210191889,-32.6));
#11781=CARTESIAN_POINT('Ctrl Pts',(-134.550774491013,50.6346490333101,-32.6000000000001));
#11782=CARTESIAN_POINT('Ctrl Pts',(-135.500241886001,48.7471408224688,-32.6));
#11783=CARTESIAN_POINT('Ctrl Pts',(-136.179276408112,47.1169772925126,-32.6));
#11784=CARTESIAN_POINT('Ctrl Pts',(-136.786117693483,45.2350862689652,-32.6000000000001));
#11785=CARTESIAN_POINT('Ctrl Pts',(-137.22133021615,43.7154392083689,-32.6000000000001));
#11786=CARTESIAN_POINT('Ctrl Pts',(-137.568442063552,42.3234198470135,-32.6000000000002));
#11787=CARTESIAN_POINT('Ctrl Pts',(-137.763028629544,41.3204156933622,-32.6000000000001));
#11788=CARTESIAN_POINT('Ctrl Pts',(-137.882278646105,40.5053555649302,-32.6000000000001));
#11789=CARTESIAN_POINT('Ctrl Pts',(-137.983704684861,39.6489897012229,-32.6000000000001));
#11790=CARTESIAN_POINT('Ctrl Pts',(-138.125919137744,37.9692214299957,-32.6000000000001));
#11791=CARTESIAN_POINT('Ctrl Pts',(-138.233956335705,35.2169390990568,-32.6000000000001));
#11792=CARTESIAN_POINT('Ctrl Pts',(-138.072055513908,32.7513683616299,-32.6));
#11793=CARTESIAN_POINT('Ctrl Pts',(-137.767795751416,30.7860317132738,-32.6));
#11794=CARTESIAN_POINT('Ctrl Pts',(-137.49237497751,29.379027456508,-32.6));
#11795=CARTESIAN_POINT('Ctrl Pts',(-137.211660014231,28.1407450965277,-32.6000000000001));
#11796=CARTESIAN_POINT('Ctrl Pts',(-136.924414281395,27.066324217026,-32.6000000000001));
#11797=CARTESIAN_POINT('Ctrl Pts',(-136.549225439391,25.9253451990029,-32.6));
#11798=CARTESIAN_POINT('Ctrl Pts',(-135.833750057096,24.0631908199375,-32.6));
#11799=CARTESIAN_POINT('Ctrl Pts',(-134.643290194846,21.3702850649815,-32.6));
#11800=CARTESIAN_POINT('Ctrl Pts',(-133.838184712317,19.9761465570661,-32.6));
#11801=CARTESIAN_POINT('Ctrl Pts',(-133.527544219684,19.5445315999883,-32.6));
#11802=CARTESIAN_POINT('Ctrl Pts',(-131.893281263708,54.0434431753512,-32.3838988111217));
#11803=CARTESIAN_POINT('Ctrl Pts',(-132.279871294126,53.4990033127783,-32.3838988111217));
#11804=CARTESIAN_POINT('Ctrl Pts',(-132.818178952606,52.7118306647717,-32.3838988111218));
#11805=CARTESIAN_POINT('Ctrl Pts',(-133.464834214017,51.6729786335947,-32.3838988111217));
#11806=CARTESIAN_POINT('Ctrl Pts',(-134.158113500784,50.4332690930822,-32.3838988111218));
#11807=CARTESIAN_POINT('Ctrl Pts',(-135.102694009189,48.554003909685,-32.3838988111217));
#11808=CARTESIAN_POINT('Ctrl Pts',(-135.763133421273,46.9684961192987,-32.3838988111217));
#11809=CARTESIAN_POINT('Ctrl Pts',(-136.363695263575,45.10750564097,-32.3838988111217));
#11810=CARTESIAN_POINT('Ctrl Pts',(-136.795304899048,43.600198276785,-32.3838988111217));
#11811=CARTESIAN_POINT('Ctrl Pts',(-137.137995083243,42.2254348401055,-32.3838988111218));
#11812=CARTESIAN_POINT('Ctrl Pts',(-137.327995531104,41.2454420199863,-32.3838988111217));
#11813=CARTESIAN_POINT('Ctrl Pts',(-137.44474732154,40.4478339119258,-32.3838988111218));
#11814=CARTESIAN_POINT('Ctrl Pts',(-137.544440772328,39.6061376369929,-32.3838988111218));
#11815=CARTESIAN_POINT('Ctrl Pts',(-137.685360442478,37.9442245459152,-32.3838988111218));
#11816=CARTESIAN_POINT('Ctrl Pts',(-137.791827661314,35.2159653782833,-32.3838988111217));
#11817=CARTESIAN_POINT('Ctrl Pts',(-137.632828489011,32.8005239373434,-32.3838988111217));
#11818=CARTESIAN_POINT('Ctrl Pts',(-137.333171886598,30.8632761815626,-32.3838988111217));
#11819=CARTESIAN_POINT('Ctrl Pts',(-137.060457577185,29.4702699046414,-32.3838988111217));
#11820=CARTESIAN_POINT('Ctrl Pts',(-136.782462368954,28.2442755727788,-32.3838988111217));
#11821=CARTESIAN_POINT('Ctrl Pts',(-136.501000209779,27.192131380225,-32.3838988111218));
#11822=CARTESIAN_POINT('Ctrl Pts',(-136.134070417177,26.075851228722,-32.3838988111217));
#11823=CARTESIAN_POINT('Ctrl Pts',(-135.426501050949,24.2342374424973,-32.3838988111217));
#11824=CARTESIAN_POINT('Ctrl Pts',(-134.245110817405,21.5612473265151,-32.3838988111217));
#11825=CARTESIAN_POINT('Ctrl Pts',(-133.456880235364,20.2022162470714,-32.3838988111217));
#11826=CARTESIAN_POINT('Ctrl Pts',(-133.169169101625,19.8024601573646,-32.3838988111217));
#11827=CARTESIAN_POINT('Ctrl Pts',(-131.619196569659,53.8488240493587,-31.6909638396705));
#11828=CARTESIAN_POINT('Ctrl Pts',(-132.003403867671,53.307739820408,-31.6909638396705));
#11829=CARTESIAN_POINT('Ctrl Pts',(-132.538501505153,52.5250753504174,-31.6909638396706));
#11830=CARTESIAN_POINT('Ctrl Pts',(-133.175125901115,51.5020625795087,-31.6909638396705));
#11831=CARTESIAN_POINT('Ctrl Pts',(-133.859032377085,50.2796722234259,-31.6909638396705));
#11832=CARTESIAN_POINT('Ctrl Pts',(-134.799895062879,48.4065738392559,-31.6909638396705));
#11833=CARTESIAN_POINT('Ctrl Pts',(-135.446098102885,46.8549137040263,-31.6909638396705));
#11834=CARTESIAN_POINT('Ctrl Pts',(-136.04182900818,45.0099612817979,-31.6909638396705));
#11835=CARTESIAN_POINT('Ctrl Pts',(-136.470692452851,43.511958286613,-31.6909638396705));
#11836=CARTESIAN_POINT('Ctrl Pts',(-136.809962393427,42.1505218788746,-31.6909638396706));
#11837=CARTESIAN_POINT('Ctrl Pts',(-136.996428279968,41.1881683580212,-31.6909638396705));
#11838=CARTESIAN_POINT('Ctrl Pts',(-137.11124455417,40.4040504189212,-31.6909638396705));
#11839=CARTESIAN_POINT('Ctrl Pts',(-137.209597166288,39.5736906552633,-31.6909638396705));
#11840=CARTESIAN_POINT('Ctrl Pts',(-137.349510346352,37.9254597577228,-31.6909638396706));
#11841=CARTESIAN_POINT('Ctrl Pts',(-137.454752755903,35.2150205212416,-31.6909638396705));
#11842=CARTESIAN_POINT('Ctrl Pts',(-137.297940858512,32.8376145607333,-31.6909638396705));
#11843=CARTESIAN_POINT('Ctrl Pts',(-137.001849864068,30.9220336332581,-31.6909638396705));
#11844=CARTESIAN_POINT('Ctrl Pts',(-136.731202484223,29.5396698172247,-31.6909638396705));
#11845=CARTESIAN_POINT('Ctrl Pts',(-136.455279357321,28.3229767752602,-31.6909638396705));
#11846=CARTESIAN_POINT('Ctrl Pts',(-136.178283917013,27.2880284292166,-31.6909638396705));
#11847=CARTESIAN_POINT('Ctrl Pts',(-135.817702966055,26.1906524583012,-31.6909638396705));
#11848=CARTESIAN_POINT('Ctrl Pts',(-135.116195434105,24.3647194545078,-31.6909638396704));
#11849=CARTESIAN_POINT('Ctrl Pts',(-133.941625043165,21.7064256620796,-31.6909638396704));
#11850=CARTESIAN_POINT('Ctrl Pts',(-133.166224867333,20.3738232170282,-31.6909638396705));
#11851=CARTESIAN_POINT('Ctrl Pts',(-132.896332528624,19.9988251953589,-31.6909638396705));
#11852=CARTESIAN_POINT('Ctrl Pts',(-131.767349735079,53.9540230633608,-30.8889892752266));
#11853=CARTESIAN_POINT('Ctrl Pts',(-132.152841785881,53.4111295000309,-30.8889892752266));
#11854=CARTESIAN_POINT('Ctrl Pts',(-132.689685480813,52.6259889988001,-30.8889892752267));
#11855=CARTESIAN_POINT('Ctrl Pts',(-133.331720084344,51.5944311316028,-30.8889892752266));
#11856=CARTESIAN_POINT('Ctrl Pts',(-134.020687656384,50.3626784239214,-30.8889892752266));
#11857=CARTESIAN_POINT('Ctrl Pts',(-134.963560140848,48.4862394586261,-30.8889892752266));
#11858=CARTESIAN_POINT('Ctrl Pts',(-135.617453213232,46.9162734979298,-30.8889892752266));
#11859=CARTESIAN_POINT('Ctrl Pts',(-136.215792096339,45.0626602416411,-30.8889892752266));
#11860=CARTESIAN_POINT('Ctrl Pts',(-136.646139745839,43.5596219275306,-30.8889892752266));
#11861=CARTESIAN_POINT('Ctrl Pts',(-136.987254888685,42.1909943103783,-30.8889892752267));
#11862=CARTESIAN_POINT('Ctrl Pts',(-137.175628490435,41.2191140436711,-30.8889892752266));
#11863=CARTESIAN_POINT('Ctrl Pts',(-137.291488763714,40.4277176277775,-30.8889892752266));
#11864=CARTESIAN_POINT('Ctrl Pts',(-137.390564708618,39.5912411829664,-30.8889892752266));
#11865=CARTESIAN_POINT('Ctrl Pts',(-137.531020562211,37.9356204121756,-30.8889892752267));
#11866=CARTESIAN_POINT('Ctrl Pts',(-137.636923072545,35.2155177897317,-30.8889892752266));
#11867=CARTESIAN_POINT('Ctrl Pts',(-137.478927428579,32.8175436959398,-30.8889892752266));
#11868=CARTESIAN_POINT('Ctrl Pts',(-137.18091313233,30.8902696987482,-30.8889892752266));
#11869=CARTESIAN_POINT('Ctrl Pts',(-136.909148925701,29.5021522755249,-30.8889892752266));
#11870=CARTESIAN_POINT('Ctrl Pts',(-136.63210585881,28.2804279770068,-30.8889892752266));
#11871=CARTESIAN_POINT('Ctrl Pts',(-136.352700193721,27.2362002500584,-30.8889892752266));
#11872=CARTESIAN_POINT('Ctrl Pts',(-135.988691494232,26.1286125032072,-30.8889892752266));
#11873=CARTESIAN_POINT('Ctrl Pts',(-135.283910145888,24.2942062801149,-30.8889892752266));
#11874=CARTESIAN_POINT('Ctrl Pts',(-134.105647749203,21.6279377624884,-30.8889892752265));
#11875=CARTESIAN_POINT('Ctrl Pts',(-133.323311146735,20.2810298500155,-30.8889892752266));
#11876=CARTESIAN_POINT('Ctrl Pts',(-133.043811037311,19.8926824497467,-30.8889892752266));
#11877=CARTESIAN_POINT('Ctrl Pts',(-132.253295808339,54.2990784499288,-30.6));
#11878=CARTESIAN_POINT('Ctrl Pts',(-132.642991422574,53.750264952515,-30.6));
#11879=CARTESIAN_POINT('Ctrl Pts',(-133.185597865752,52.9568751074348,-30.6000000000001));
#11880=CARTESIAN_POINT('Ctrl Pts',(-133.845339394008,51.8973433658105,-30.6));
#11881=CARTESIAN_POINT('Ctrl Pts',(-134.550890309735,50.634879705531,-30.6000000000001));
#11882=CARTESIAN_POINT('Ctrl Pts',(-135.500355553848,48.7474600780093,-30.6));
#11883=CARTESIAN_POINT('Ctrl Pts',(-136.179454937033,47.1174182935036,-30.6));
#11884=CARTESIAN_POINT('Ctrl Pts',(-136.786337195285,45.2354245141129,-30.6000000000001));
#11885=CARTESIAN_POINT('Ctrl Pts',(-137.221552370677,43.7158507945053,-30.6000000000001));
#11886=CARTESIAN_POINT('Ctrl Pts',(-137.568708175141,42.3236768049118,-30.6000000000001));
#11887=CARTESIAN_POINT('Ctrl Pts',(-137.763329831902,41.3205745653927,-30.6000000000001));
#11888=CARTESIAN_POINT('Ctrl Pts',(-137.88260720041,40.5053485272556,-30.6000000000001));
#11889=CARTESIAN_POINT('Ctrl Pts',(-137.984050990973,39.6488455487382,-30.6000000000001));
#11890=CARTESIAN_POINT('Ctrl Pts',(-138.126282347985,37.9690049697842,-30.6000000000001));
#11891=CARTESIAN_POINT('Ctrl Pts',(-138.234343624869,35.2171049068219,-30.6000000000001));
#11892=CARTESIAN_POINT('Ctrl Pts',(-138.072460557941,32.7516390358424,-30.6));
#11893=CARTESIAN_POINT('Ctrl Pts',(-137.768150983175,30.7860724166461,-30.6));
#11894=CARTESIAN_POINT('Ctrl Pts',(-137.492724950383,29.3790799060076,-30.6000000000001));
#11895=CARTESIAN_POINT('Ctrl Pts',(-137.212008773904,28.1408413527104,-30.6000000000001));
#11896=CARTESIAN_POINT('Ctrl Pts',(-136.924711238263,27.0662280213587,-30.6000000000001));
#11897=CARTESIAN_POINT('Ctrl Pts',(-136.549472626304,25.9251670983369,-30.6));
#11898=CARTESIAN_POINT('Ctrl Pts',(-135.833962330148,24.0629777666529,-30.6));
#11899=CARTESIAN_POINT('Ctrl Pts',(-134.643571713789,21.3704514165538,-30.6));
#11900=CARTESIAN_POINT('Ctrl Pts',(-133.838479850355,19.9765566323613,-30.6));
#11901=CARTESIAN_POINT('Ctrl Pts',(-133.527544219684,19.5445315999883,-30.6));
#11902=CARTESIAN_POINT('Ctrl Pts',(-132.49724984658,54.4723027223367,-30.6));
#11903=CARTESIAN_POINT('Ctrl Pts',(-132.889039162684,53.9205406368362,-30.6));
#11904=CARTESIAN_POINT('Ctrl Pts',(-133.434595063935,53.1228068643743,-30.6000000000001));
#11905=CARTESIAN_POINT('Ctrl Pts',(-134.103164511266,52.0493176559721,-30.6));
#11906=CARTESIAN_POINT('Ctrl Pts',(-134.817013366026,50.7714330271243,-30.6000000000001));
#11907=CARTESIAN_POINT('Ctrl Pts',(-135.769789201895,48.8784637185716,-30.6));
#11908=CARTESIAN_POINT('Ctrl Pts',(-136.461515400251,47.2182116418214,-30.6));
#11909=CARTESIAN_POINT('Ctrl Pts',(-137.072669394657,45.3220134394708,-30.6000000000001));
#11910=CARTESIAN_POINT('Ctrl Pts',(-137.510327045813,43.7941078515335,-30.6000000000001));
#11911=CARTESIAN_POINT('Ctrl Pts',(-137.860496924718,42.3901780466134,-30.6000000000001));
#11912=CARTESIAN_POINT('Ctrl Pts',(-138.058240492908,41.3714429628975,-30.6000000000001));
#11913=CARTESIAN_POINT('Ctrl Pts',(-138.179221826326,40.5443236481067,-30.6000000000001));
#11914=CARTESIAN_POINT('Ctrl Pts',(-138.281846868496,39.677824528047,-30.6000000000001));
#11915=CARTESIAN_POINT('Ctrl Pts',(-138.424962466018,37.9858555024644,-30.6000000000001));
#11916=CARTESIAN_POINT('Ctrl Pts',(-138.534097377076,35.2178320717241,-30.6000000000001));
#11917=CARTESIAN_POINT('Ctrl Pts',(-138.370255298362,32.7184400458295,-30.6));
#11918=CARTESIAN_POINT('Ctrl Pts',(-138.062806284418,30.7337463425698,-30.6));
#11919=CARTESIAN_POINT('Ctrl Pts',(-137.785544153659,29.3172732537953,-30.6000000000001));
#11920=CARTESIAN_POINT('Ctrl Pts',(-137.50298451655,28.070725847218,-30.6000000000001));
#11921=CARTESIAN_POINT('Ctrl Pts',(-137.211746858124,26.9809391543074,-30.6000000000001));
#11922=CARTESIAN_POINT('Ctrl Pts',(-136.830891510476,25.8231084488993,-30.6));
#11923=CARTESIAN_POINT('Ctrl Pts',(-136.11000973645,23.9469861472086,-30.6));
#11924=CARTESIAN_POINT('Ctrl Pts',(-134.913501460573,21.2411186182067,-30.6));
#11925=CARTESIAN_POINT('Ctrl Pts',(-134.096980312969,19.8235332408352,-30.6));
#11926=CARTESIAN_POINT('Ctrl Pts',(-133.770387345217,19.3697533470318,-30.6));
#11927=CARTESIAN_POINT('Origin',(-131.18731947446,20.9012407864286,-31.6));
#11928=CARTESIAN_POINT('Origin',(-80.0193997422246,60.5178881810042,-30.6));
#11929=CARTESIAN_POINT('',(-80.2666502808167,19.3145102461589,-30.6));
#11930=CARTESIAN_POINT('Ctrl Pts',(-80.2666502808167,19.3145102461589,-30.6));
#11931=CARTESIAN_POINT('Ctrl Pts',(-80.4458072203569,19.0270389052415,-30.6));
#11932=CARTESIAN_POINT('Ctrl Pts',(-80.8669048026966,18.4810933055935,-30.6));
#11933=CARTESIAN_POINT('Ctrl Pts',(-81.6897449941875,17.7410499716853,-30.6));
#11934=CARTESIAN_POINT('Ctrl Pts',(-82.4891167266641,17.2251927758311,-30.6));
#11935=CARTESIAN_POINT('Ctrl Pts',(-82.984543574926,16.9860954945615,-30.6));
#11936=CARTESIAN_POINT('Ctrl Pts',(-83.1497994513314,16.9153749700905,-30.6));
#11937=CARTESIAN_POINT('',(-80.2490520962045,19.3427479116446,-30.6));
#11938=CARTESIAN_POINT('',(-80.2666502808167,19.3145102461589,-30.6));
#11939=CARTESIAN_POINT('',(-80.2296158333621,19.369753347032,-30.6));
#11940=CARTESIAN_POINT('',(-80.2296158333622,19.3697533470318,-30.6));
#11941=CARTESIAN_POINT('Ctrl Pts',(-81.5027533319999,54.4723027223365,-30.6));
#11942=CARTESIAN_POINT('Ctrl Pts',(-81.1109640158961,53.9205406368367,-30.6));
#11943=CARTESIAN_POINT('Ctrl Pts',(-80.565400074787,53.12281361461,-30.6000000000001));
#11944=CARTESIAN_POINT('Ctrl Pts',(-79.8968305263783,52.0493265249349,-30.6));
#11945=CARTESIAN_POINT('Ctrl Pts',(-79.1829608619333,50.7713872193958,-30.6000000000001));
#11946=CARTESIAN_POINT('Ctrl Pts',(-78.2301644884911,48.8783578611042,-30.6));
#11947=CARTESIAN_POINT('Ctrl Pts',(-77.5383854775209,47.217964295867,-30.6));
#11948=CARTESIAN_POINT('Ctrl Pts',(-76.9272189073477,45.3217289807509,-30.6));
#11949=CARTESIAN_POINT('Ctrl Pts',(-76.4895524139118,43.793797275786,-30.6000000000001));
#11950=CARTESIAN_POINT('Ctrl Pts',(-76.1393789406166,42.3898558321494,-30.6000000000001));
#11951=CARTESIAN_POINT('Ctrl Pts',(-75.9416326561905,41.3711071476253,-30.6000000000001));
#11952=CARTESIAN_POINT('Ctrl Pts',(-75.8206512662659,40.5439842006746,-30.6000000000001));
#11953=CARTESIAN_POINT('Ctrl Pts',(-75.7180261365601,39.6774839215061,-30.6000000000001));
#11954=CARTESIAN_POINT('Ctrl Pts',(-75.5749155181937,37.9855104696317,-30.6000000000001));
#11955=CARTESIAN_POINT('Ctrl Pts',(-75.4658033094861,35.2175066126749,-30.6));
#11956=CARTESIAN_POINT('Ctrl Pts',(-75.6296752789813,32.7181466604559,-30.6));
#11957=CARTESIAN_POINT('Ctrl Pts',(-75.9371302722778,30.7334577996532,-30.6));
#11958=CARTESIAN_POINT('Ctrl Pts',(-76.2143973189995,29.3170033503987,-30.6));
#11959=CARTESIAN_POINT('Ctrl Pts',(-76.496961652881,28.0704766316811,-30.6));
#11960=CARTESIAN_POINT('Ctrl Pts',(-76.7882010094754,26.9807022614977,-30.6));
#11961=CARTESIAN_POINT('Ctrl Pts',(-77.1690608278786,25.8229001128674,-30.6));
#11962=CARTESIAN_POINT('Ctrl Pts',(-77.8899496812479,23.9468067317111,-30.6));
#11963=CARTESIAN_POINT('Ctrl Pts',(-79.0864697915098,21.2410278132931,-30.6));
#11964=CARTESIAN_POINT('Ctrl Pts',(-79.9030228656116,19.8235332408342,-30.6));
#11965=CARTESIAN_POINT('Ctrl Pts',(-80.2296158333621,19.3697533470318,-30.6));
#11966=CARTESIAN_POINT('Ctrl Pts',(-80.2666502808167,19.3145102461589,-30.6));
#11967=CARTESIAN_POINT('Ctrl Pts',(-80.4458072203569,19.0270389052415,-30.6));
#11968=CARTESIAN_POINT('Ctrl Pts',(-80.8669048026966,18.4810933055935,-30.6));
#11969=CARTESIAN_POINT('Ctrl Pts',(-81.6897449941875,17.7410499716853,-30.6));
#11970=CARTESIAN_POINT('Ctrl Pts',(-82.647608695229,17.1229134242508,-30.6));
#11971=CARTESIAN_POINT('Ctrl Pts',(-83.5629757972638,16.7283171127879,-30.6));
#11972=CARTESIAN_POINT('Ctrl Pts',(-84.3426067302265,16.5553581215547,-30.6));
#11973=CARTESIAN_POINT('Ctrl Pts',(-84.8896499477042,16.5541577251048,-30.6));
#11974=CARTESIAN_POINT('Ctrl Pts',(-85.3148049506881,16.6493199285671,-30.6));
#11975=CARTESIAN_POINT('Ctrl Pts',(-85.6648225682645,16.8027484554376,-30.6));
#11976=CARTESIAN_POINT('Ctrl Pts',(-85.9038961518879,16.9680395645804,-30.6));
#11977=CARTESIAN_POINT('Ctrl Pts',(-86.0266217525522,17.0710185708338,-30.6));
#11978=CARTESIAN_POINT('Ctrl Pts',(-80.5205740871165,19.4727598019855,-30.6));
#11979=CARTESIAN_POINT('Ctrl Pts',(-80.6889377401943,19.2026071345183,-30.6));
#11980=CARTESIAN_POINT('Ctrl Pts',(-81.0862747372362,18.6877459602908,-30.6));
#11981=CARTESIAN_POINT('Ctrl Pts',(-81.8719846318081,17.9808673245772,-30.6));
#11982=CARTESIAN_POINT('Ctrl Pts',(-82.791676672727,17.3877908175202,-30.6));
#11983=CARTESIAN_POINT('Ctrl Pts',(-83.6622457507221,17.0135696203069,-30.6));
#11984=CARTESIAN_POINT('Ctrl Pts',(-84.3826464179026,16.8552946416881,-30.6));
#11985=CARTESIAN_POINT('Ctrl Pts',(-84.8630798212047,16.8558552807486,-30.6));
#11986=CARTESIAN_POINT('Ctrl Pts',(-85.2211677396658,16.9363846953809,-30.6));
#11987=CARTESIAN_POINT('Ctrl Pts',(-85.5158087623366,17.0648662935902,-30.6));
#11988=CARTESIAN_POINT('Ctrl Pts',(-85.7247191542431,17.2082691595706,-30.6));
#11989=CARTESIAN_POINT('Ctrl Pts',(-85.8343001494655,17.3002185322458,-30.6));
#11990=CARTESIAN_POINT('Ctrl Pts',(-80.8954196300416,19.7063698030953,-30.8159894694909));
#11991=CARTESIAN_POINT('Ctrl Pts',(-81.0482695062854,19.4611102055847,-30.8159894694909));
#11992=CARTESIAN_POINT('Ctrl Pts',(-81.408767292798,18.9918611074775,-30.8159894694909));
#11993=CARTESIAN_POINT('Ctrl Pts',(-82.1393373523577,18.3330867326992,-30.8159894694909));
#11994=CARTESIAN_POINT('Ctrl Pts',(-83.0016235070102,17.7767692043696,-30.8159894694909));
#11995=CARTESIAN_POINT('Ctrl Pts',(-83.8058333399283,17.432082875273,-30.8159894694909));
#11996=CARTESIAN_POINT('Ctrl Pts',(-84.4384884125315,17.2952978901957,-30.8159894694909));
#11997=CARTESIAN_POINT('Ctrl Pts',(-84.8222846821356,17.2983984197531,-30.8159894694909));
#11998=CARTESIAN_POINT('Ctrl Pts',(-85.0825059024642,17.3579422067867,-30.8159894694909));
#11999=CARTESIAN_POINT('Ctrl Pts',(-85.2957924261591,17.4505512248916,-30.8159894694909));
#12000=CARTESIAN_POINT('Ctrl Pts',(-85.4597050202,17.5624705405239,-30.8159894694909));
#12001=CARTESIAN_POINT('Ctrl Pts',(-85.5503925601151,17.6385664218189,-30.8159894694909));
#12002=CARTESIAN_POINT('Ctrl Pts',(-81.180690912313,19.8841556293531,-31.5090087898737));
#12003=CARTESIAN_POINT('Ctrl Pts',(-81.3214847685514,19.6582408601588,-31.5090087898737));
#12004=CARTESIAN_POINT('Ctrl Pts',(-81.6549955022295,19.2238678907779,-31.5090087898737));
#12005=CARTESIAN_POINT('Ctrl Pts',(-82.3437969812527,18.6022105224764,-31.5090087898737));
#12006=CARTESIAN_POINT('Ctrl Pts',(-83.1630234818782,18.0740076925572,-31.5090087898737));
#12007=CARTESIAN_POINT('Ctrl Pts',(-83.9168669970111,17.7521215419795,-31.5090087898737));
#12008=CARTESIAN_POINT('Ctrl Pts',(-84.4829283029507,17.6318023022922,-31.5090087898737));
#12009=CARTESIAN_POINT('Ctrl Pts',(-84.792173087268,17.6368713346896,-31.5090087898737));
#12010=CARTESIAN_POINT('Ctrl Pts',(-84.9772369150979,17.6800781987725,-31.5090087898737));
#12011=CARTESIAN_POINT('Ctrl Pts',(-85.1283758304669,17.7448191903573,-31.5090087898737));
#12012=CARTESIAN_POINT('Ctrl Pts',(-85.2583233000082,17.8322857805409,-31.5090087898737));
#12013=CARTESIAN_POINT('Ctrl Pts',(-85.3343284142577,17.8960616438752,-31.5090087898737));
#12014=CARTESIAN_POINT('Ctrl Pts',(-81.0264674456875,19.7880409898982,-32.311174900455));
#12015=CARTESIAN_POINT('Ctrl Pts',(-81.1737618243096,19.5516956234236,-32.311174900455));
#12016=CARTESIAN_POINT('Ctrl Pts',(-81.5219346631712,19.0984791971612,-32.3111749004549));
#12017=CARTESIAN_POINT('Ctrl Pts',(-82.2333305293882,18.4567906525057,-32.311174900455));
#12018=CARTESIAN_POINT('Ctrl Pts',(-83.0758792982989,17.9133980843162,-32.3111749004549));
#12019=CARTESIAN_POINT('Ctrl Pts',(-83.8569612184907,17.5792079765805,-32.311174900455));
#12020=CARTESIAN_POINT('Ctrl Pts',(-84.4590371541671,17.4499946807899,-32.3111749004549));
#12021=CARTESIAN_POINT('Ctrl Pts',(-84.808516524494,17.4540019528087,-32.3111749004549));
#12022=CARTESIAN_POINT('Ctrl Pts',(-85.0341652557543,17.5060156381565,-32.3111749004549));
#12023=CARTESIAN_POINT('Ctrl Pts',(-85.2188863046909,17.5857834955621,-32.3111749004549));
#12024=CARTESIAN_POINT('Ctrl Pts',(-85.3672153167261,17.6864357496596,-32.311174900455));
#12025=CARTESIAN_POINT('Ctrl Pts',(-85.4511370930784,17.7568544812445,-32.311174900455));
#12026=CARTESIAN_POINT('Ctrl Pts',(-80.5205740871165,19.4727598019855,-32.6));
#12027=CARTESIAN_POINT('Ctrl Pts',(-80.6891374276641,19.2022867203337,-32.6));
#12028=CARTESIAN_POINT('Ctrl Pts',(-81.0856347787971,18.6872945443495,-32.6));
#12029=CARTESIAN_POINT('Ctrl Pts',(-81.8711886884061,17.9800093595459,-32.6));
#12030=CARTESIAN_POINT('Ctrl Pts',(-82.7903777618366,17.3868209792553,-32.6));
#12031=CARTESIAN_POINT('Ctrl Pts',(-83.6608383645286,17.0123411874353,-32.6));
#12032=CARTESIAN_POINT('Ctrl Pts',(-84.3810918523761,16.8539773027293,-32.6));
#12033=CARTESIAN_POINT('Ctrl Pts',(-84.8623313761273,16.854509483183,-32.6));
#12034=CARTESIAN_POINT('Ctrl Pts',(-85.2209613916503,16.9353319379261,-32.6));
#12035=CARTESIAN_POINT('Ctrl Pts',(-85.5157895909705,17.0642679373491,-32.6));
#12036=CARTESIAN_POINT('Ctrl Pts',(-85.7244759648299,17.2080650994236,-32.6));
#12037=CARTESIAN_POINT('Ctrl Pts',(-85.8343001494655,17.3002185322458,-32.6));
#12038=CARTESIAN_POINT('Ctrl Pts',(-80.2666502808167,19.3145102461589,-32.6));
#12039=CARTESIAN_POINT('Ctrl Pts',(-80.4458072203569,19.0270389052415,-32.6));
#12040=CARTESIAN_POINT('Ctrl Pts',(-80.8669048026966,18.4810933055935,-32.6));
#12041=CARTESIAN_POINT('Ctrl Pts',(-81.6897449941875,17.7410499716853,-32.6));
#12042=CARTESIAN_POINT('Ctrl Pts',(-82.647608695229,17.1229134242509,-32.6));
#12043=CARTESIAN_POINT('Ctrl Pts',(-83.5629757972639,16.7283171127879,-32.6));
#12044=CARTESIAN_POINT('Ctrl Pts',(-84.3426067302265,16.5553581215547,-32.6));
#12045=CARTESIAN_POINT('Ctrl Pts',(-84.8896499477042,16.5541577251049,-32.6));
#12046=CARTESIAN_POINT('Ctrl Pts',(-85.3148049506882,16.6493199285671,-32.6));
#12047=CARTESIAN_POINT('Ctrl Pts',(-85.6648225682646,16.8027484554376,-32.6));
#12048=CARTESIAN_POINT('Ctrl Pts',(-85.9038961518879,16.9680395645804,-32.6));
#12049=CARTESIAN_POINT('Ctrl Pts',(-86.0266217525522,17.0710185708338,-32.6));
#12050=CARTESIAN_POINT('Origin',(-80.2666502808167,19.3145102461589,-31.6));
#12051=CARTESIAN_POINT('Ctrl Pts',(-85.3838341428656,17.8370630139528,-31.6));
#12052=CARTESIAN_POINT('Ctrl Pts',(-85.3821618698619,17.8356598102921,-31.5988131273988));
#12053=CARTESIAN_POINT('Ctrl Pts',(-85.3804898822447,17.8342591789263,-31.5976228336551));
#12054=CARTESIAN_POINT('Ctrl Pts',(-85.1594561015563,17.6494051303968,-31.4397878976083));
#12055=CARTESIAN_POINT('Ctrl Pts',(-85.0030966636872,17.5463932755872,-31.2564103959953));
#12056=CARTESIAN_POINT('Ctrl Pts',(-84.6656186977799,17.3527288939009,-30.9849138939104));
#12057=CARTESIAN_POINT('Ctrl Pts',(-84.4585846302654,17.2414472647504,-30.8453484878561));
#12058=CARTESIAN_POINT('Ctrl Pts',(-83.8535739917531,17.0257073067757,-30.6440434268274));
#12059=CARTESIAN_POINT('Ctrl Pts',(-83.5149483124592,16.946351467119,-30.6));
#12060=CARTESIAN_POINT('Ctrl Pts',(-83.149747961319,16.9154676259843,-30.6));
#12061=CARTESIAN_POINT('Origin',(-80.2666502808167,19.3145102461589,-31.6));
#12062=CARTESIAN_POINT('Origin',(-80.2490520962045,19.3427479116446,-31.6));
#12063=CARTESIAN_POINT('Origin',(-80.2296158333622,19.3697533470318,-31.6));
#12064=CARTESIAN_POINT('Origin',(-80.2296158333621,19.369753347032,-31.6));
#12065=CARTESIAN_POINT('Ctrl Pts',(-81.5027533319999,54.4723027223365,-30.6));
#12066=CARTESIAN_POINT('Ctrl Pts',(-81.1109640158961,53.9205406368367,-30.6));
#12067=CARTESIAN_POINT('Ctrl Pts',(-80.565400074787,53.12281361461,-30.6000000000001));
#12068=CARTESIAN_POINT('Ctrl Pts',(-79.8968305263783,52.0493265249349,-30.6));
#12069=CARTESIAN_POINT('Ctrl Pts',(-79.1829608619333,50.7713872193958,-30.6000000000001));
#12070=CARTESIAN_POINT('Ctrl Pts',(-78.2301644884911,48.8783578611042,-30.6));
#12071=CARTESIAN_POINT('Ctrl Pts',(-77.5383854775209,47.217964295867,-30.6));
#12072=CARTESIAN_POINT('Ctrl Pts',(-76.9272189073477,45.3217289807509,-30.6));
#12073=CARTESIAN_POINT('Ctrl Pts',(-76.4895524139118,43.793797275786,-30.6000000000001));
#12074=CARTESIAN_POINT('Ctrl Pts',(-76.1393789406166,42.3898558321494,-30.6000000000001));
#12075=CARTESIAN_POINT('Ctrl Pts',(-75.9416326561905,41.3711071476253,-30.6000000000001));
#12076=CARTESIAN_POINT('Ctrl Pts',(-75.8206512662659,40.5439842006746,-30.6000000000001));
#12077=CARTESIAN_POINT('Ctrl Pts',(-75.7180261365601,39.6774839215061,-30.6000000000001));
#12078=CARTESIAN_POINT('Ctrl Pts',(-75.5749155181937,37.9855104696317,-30.6000000000001));
#12079=CARTESIAN_POINT('Ctrl Pts',(-75.4658033094861,35.2175066126749,-30.6));
#12080=CARTESIAN_POINT('Ctrl Pts',(-75.6296752789813,32.7181466604559,-30.6));
#12081=CARTESIAN_POINT('Ctrl Pts',(-75.9371302722778,30.7334577996532,-30.6));
#12082=CARTESIAN_POINT('Ctrl Pts',(-76.2143973189995,29.3170033503987,-30.6));
#12083=CARTESIAN_POINT('Ctrl Pts',(-76.496961652881,28.0704766316811,-30.6));
#12084=CARTESIAN_POINT('Ctrl Pts',(-76.7882010094754,26.9807022614977,-30.6));
#12085=CARTESIAN_POINT('Ctrl Pts',(-77.1690608278786,25.8229001128674,-30.6));
#12086=CARTESIAN_POINT('Ctrl Pts',(-77.8899496812479,23.9468067317111,-30.6));
#12087=CARTESIAN_POINT('Ctrl Pts',(-79.0864697915098,21.2410278132931,-30.6));
#12088=CARTESIAN_POINT('Ctrl Pts',(-79.9030228656116,19.8235332408342,-30.6));
#12089=CARTESIAN_POINT('Ctrl Pts',(-80.2296158333621,19.3697533470318,-30.6));
#12090=CARTESIAN_POINT('Ctrl Pts',(-81.7467073702403,54.2990784499286,-30.6));
#12091=CARTESIAN_POINT('Ctrl Pts',(-81.3570512219166,53.7503205328802,-30.6));
#12092=CARTESIAN_POINT('Ctrl Pts',(-80.8142941502798,52.956474724852,-30.6000000000001));
#12093=CARTESIAN_POINT('Ctrl Pts',(-80.1546973328073,51.8971512507473,-30.6));
#12094=CARTESIAN_POINT('Ctrl Pts',(-79.4491852915685,50.6346323938698,-30.6000000000001));
#12095=CARTESIAN_POINT('Ctrl Pts',(-78.4996946345716,48.7470728468794,-30.6));
#12096=CARTESIAN_POINT('Ctrl Pts',(-77.8205932958299,47.1167699367506,-30.6));
#12097=CARTESIAN_POINT('Ctrl Pts',(-77.2137362889756,45.2348428288078,-30.6));
#12098=CARTESIAN_POINT('Ctrl Pts',(-76.7785106117788,43.7151673603894,-30.6000000000001));
#12099=CARTESIAN_POINT('Ctrl Pts',(-76.4313938705843,42.3231357170283,-30.6000000000001));
#12100=CARTESIAN_POINT('Ctrl Pts',(-76.2368012593543,41.3201139304208,-30.6000000000001));
#12101=CARTESIAN_POINT('Ctrl Pts',(-76.1175503134484,40.5050490704268,-30.6000000000001));
#12102=CARTESIAN_POINT('Ctrl Pts',(-76.0161234091222,39.6486810164928,-30.6000000000001));
#12103=CARTESIAN_POINT('Ctrl Pts',(-75.8739122972632,37.9689062946406,-30.6000000000001));
#12104=CARTESIAN_POINT('Ctrl Pts',(-75.7658909028947,35.2166390117915,-30.6));
#12105=CARTESIAN_POINT('Ctrl Pts',(-75.9278186576544,32.7510951256628,-30.6));
#12106=CARTESIAN_POINT('Ctrl Pts',(-76.2320837694238,30.7857620905786,-30.6));
#12107=CARTESIAN_POINT('Ctrl Pts',(-76.5075105010293,29.3787748565811,-30.6));
#12108=CARTESIAN_POINT('Ctrl Pts',(-76.7882314974394,28.1405115296755,-30.6));
#12109=CARTESIAN_POINT('Ctrl Pts',(-77.0754805747828,27.0661020746224,-30.6));
#12110=CARTESIAN_POINT('Ctrl Pts',(-77.4506776916831,25.9251496442803,-30.6));
#12111=CARTESIAN_POINT('Ctrl Pts',(-78.1661665434065,24.0630220231619,-30.6));
#12112=CARTESIAN_POINT('Ctrl Pts',(-79.3566529263916,21.3702033615601,-30.6));
#12113=CARTESIAN_POINT('Ctrl Pts',(-80.1618184662633,19.9761465570647,-30.6));
#12114=CARTESIAN_POINT('Ctrl Pts',(-80.4724589588949,19.5445315999883,-30.6));
#12115=CARTESIAN_POINT('Ctrl Pts',(-82.106783823804,54.0433992157185,-30.8160437630409));
#12116=CARTESIAN_POINT('Ctrl Pts',(-81.7201937933864,53.4989593531467,-30.8160437630409));
#12117=CARTESIAN_POINT('Ctrl Pts',(-81.1818870013826,52.7118094346789,-30.816043763041));
#12118=CARTESIAN_POINT('Ctrl Pts',(-80.5352324366066,51.6729610879056,-30.8160437630409));
#12119=CARTESIAN_POINT('Ctrl Pts',(-79.8419357743358,50.4332088362384,-30.816043763041));
#12120=CARTESIAN_POINT('Ctrl Pts',(-78.8973390716418,48.5538976938127,-30.8160437630409));
#12121=CARTESIAN_POINT('Ctrl Pts',(-78.2368456067903,46.9682590261084,-30.8160437630409));
#12122=CARTESIAN_POINT('Ctrl Pts',(-77.6362713093355,45.1072367637781,-30.8160437630409));
#12123=CARTESIAN_POINT('Ctrl Pts',(-77.2046518233854,43.5999066672249,-30.8160437630409));
#12124=CARTESIAN_POINT('Ctrl Pts',(-76.8619577351006,42.2251329012009,-30.816043763041));
#12125=CARTESIAN_POINT('Ctrl Pts',(-76.6719529687222,41.24512916046,-30.8160437630409));
#12126=CARTESIAN_POINT('Ctrl Pts',(-76.5552004851249,40.4475181910636,-30.8160437630409));
#12127=CARTESIAN_POINT('Ctrl Pts',(-76.4555064798977,39.6058214686575,-30.816043763041));
#12128=CARTESIAN_POINT('Ctrl Pts',(-76.3145891402743,37.9439049478312,-30.816043763041));
#12129=CARTESIAN_POINT('Ctrl Pts',(-76.2081335589233,35.2156698171104,-30.8160437630409));
#12130=CARTESIAN_POINT('Ctrl Pts',(-76.367149486094,32.8002670397549,-30.8160437630408));
#12131=CARTESIAN_POINT('Ctrl Pts',(-76.666809436464,30.8630257010601,-30.8160437630409));
#12132=CARTESIAN_POINT('Ctrl Pts',(-76.9395260279445,29.4700410731148,-30.8160437630409));
#12133=CARTESIAN_POINT('Ctrl Pts',(-77.2175231821036,28.2440708178372,-30.8160437630409));
#12134=CARTESIAN_POINT('Ctrl Pts',(-77.4989865745951,27.1919406218853,-30.8160437630409));
#12135=CARTESIAN_POINT('Ctrl Pts',(-77.8659193790746,26.0756922124197,-30.8160437630409));
#12136=CARTESIAN_POINT('Ctrl Pts',(-78.573498228171,24.2341075048727,-30.8160437630408));
#12137=CARTESIAN_POINT('Ctrl Pts',(-79.7549029126785,21.5612071944118,-30.8160437630408));
#12138=CARTESIAN_POINT('Ctrl Pts',(-80.5431845702302,20.2022606010601,-30.8160437630409));
#12139=CARTESIAN_POINT('Ctrl Pts',(-80.8308957039673,19.8025045113554,-30.8160437630409));
#12140=CARTESIAN_POINT('Ctrl Pts',(-82.3808604826548,53.8487857952732,-31.5090219334375));
#12141=CARTESIAN_POINT('Ctrl Pts',(-81.9966531846441,53.3077015663238,-31.5090219334375));
#12142=CARTESIAN_POINT('Ctrl Pts',(-81.4615514094576,52.5250743789548,-31.5090219334376));
#12143=CARTESIAN_POINT('Ctrl Pts',(-80.8249269113517,51.502066313519,-31.5090219334375));
#12144=CARTESIAN_POINT('Ctrl Pts',(-80.1409996289032,50.279639582847,-31.5090219334375));
#12145=CARTESIAN_POINT('Ctrl Pts',(-79.2001192898589,48.4065029995189,-31.5090219334374));
#12146=CARTESIAN_POINT('Ctrl Pts',(-78.5538513797093,46.8547124910458,-31.5090219334375));
#12147=CARTESIAN_POINT('Ctrl Pts',(-77.9581056537164,45.0097292460184,-31.5090219334375));
#12148=CARTESIAN_POINT('Ctrl Pts',(-77.5292289622814,43.5117015413313,-31.5090219334375));
#12149=CARTESIAN_POINT('Ctrl Pts',(-77.1899540940945,42.1502543001677,-31.5090219334376));
#12150=CARTESIAN_POINT('Ctrl Pts',(-77.003481167913,41.1878866658124,-31.5090219334375));
#12151=CARTESIAN_POINT('Ctrl Pts',(-76.8886634566147,40.4037649828013,-31.5090219334375));
#12152=CARTESIAN_POINT('Ctrl Pts',(-76.7903096427425,39.5734039554207,-31.5090219334375));
#12153=CARTESIAN_POINT('Ctrl Pts',(-76.6503971898788,37.9251677357825,-31.5090219334375));
#12154=CARTESIAN_POINT('Ctrl Pts',(-76.5451596920425,35.2147473316106,-31.5090219334375));
#12155=CARTESIAN_POINT('Ctrl Pts',(-76.7019842651381,32.8373744605507,-31.5090219334374));
#12156=CARTESIAN_POINT('Ctrl Pts',(-76.998077757437,30.921798820932,-31.5090219334374));
#12157=CARTESIAN_POINT('Ctrl Pts',(-77.2687278326312,29.5394552510634,-31.5090219334374));
#12158=CARTESIAN_POINT('Ctrl Pts',(-77.5446535244948,28.3227848796195,-31.5090219334374));
#12159=CARTESIAN_POINT('Ctrl Pts',(-77.8216513758368,27.2878498001582,-31.5090219334375));
#12160=CARTESIAN_POINT('Ctrl Pts',(-78.1822380122133,26.1905037732204,-31.5090219334374));
#12161=CARTESIAN_POINT('Ctrl Pts',(-78.8837602205889,24.3645974312798,-31.5090219334374));
#12162=CARTESIAN_POINT('Ctrl Pts',(-80.0583566396467,21.7063900431661,-31.5090219334374));
#12163=CARTESIAN_POINT('Ctrl Pts',(-80.8338319396543,20.3738618142851,-31.5090219334375));
#12164=CARTESIAN_POINT('Ctrl Pts',(-81.1037242783617,19.9988637926184,-31.5090219334375));
#12165=CARTESIAN_POINT('Ctrl Pts',(-82.2327005554293,53.9539896106261,-32.3110941460196));
#12166=CARTESIAN_POINT('Ctrl Pts',(-81.8472085046281,53.4110960472973,-32.3110941460196));
#12167=CARTESIAN_POINT('Ctrl Pts',(-81.3103618606693,52.625985241665,-32.3110941460197));
#12168=CARTESIAN_POINT('Ctrl Pts',(-80.668327397461,51.5944314947409,-32.3110941460196));
#12169=CARTESIAN_POINT('Ctrl Pts',(-79.9793400546364,50.3626387208826,-32.3110941460196));
#12170=CARTESIAN_POINT('Ctrl Pts',(-79.0364501404952,48.4861572988513,-32.3110941460195));
#12171=CARTESIAN_POINT('Ctrl Pts',(-78.3824963820827,46.9160591798893,-32.3110941460196));
#12172=CARTESIAN_POINT('Ctrl Pts',(-77.7841435661542,45.0624141602576,-32.3110941460196));
#12173=CARTESIAN_POINT('Ctrl Pts',(-77.3537840373092,43.5593514105958,-32.3110941460196));
#12174=CARTESIAN_POINT('Ctrl Pts',(-77.0126643796023,42.1907129906814,-32.3110941460197));
#12175=CARTESIAN_POINT('Ctrl Pts',(-76.8242848987454,41.2188194606151,-32.3110941460196));
#12176=CARTESIAN_POINT('Ctrl Pts',(-76.7084235205405,40.427419528728,-32.3110941460196));
#12177=CARTESIAN_POINT('Ctrl Pts',(-76.6093466568989,39.5909420344658,-32.3110941460196));
#12178=CARTESIAN_POINT('Ctrl Pts',(-76.4688923413205,37.9353164307113,-32.3110941460197));
#12179=CARTESIAN_POINT('Ctrl Pts',(-76.3629981448125,35.2152335394235,-32.3110941460196));
#12180=CARTESIAN_POINT('Ctrl Pts',(-76.5210090049008,32.8172933703213,-32.3110941460195));
#12181=CARTESIAN_POINT('Ctrl Pts',(-76.8190263190174,30.8900248415669,-32.3110941460195));
#12182=CARTESIAN_POINT('Ctrl Pts',(-77.0907932613846,29.5019277847706,-32.3110941460195));
#12183=CARTESIAN_POINT('Ctrl Pts',(-77.367838864144,28.2802262411265,-32.3110941460196));
#12184=CARTESIAN_POINT('Ctrl Pts',(-77.647246527597,27.2360118437938,-32.3110941460196));
#12185=CARTESIAN_POINT('Ctrl Pts',(-78.0112600080519,26.1284542508033,-32.3110941460195));
#12186=CARTESIAN_POINT('Ctrl Pts',(-78.7160538870171,24.2940753481939,-32.3110941460195));
#12187=CARTESIAN_POINT('Ctrl Pts',(-79.8943377509244,21.627893691722,-32.3110941460195));
#12188=CARTESIAN_POINT('Ctrl Pts',(-80.6767389292379,20.2810636028495,-32.3110941460196));
#12189=CARTESIAN_POINT('Ctrl Pts',(-80.9562390386599,19.892716202583,-32.3110941460196));
#12190=CARTESIAN_POINT('Ctrl Pts',(-81.7467073702403,54.2990784499286,-32.6));
#12191=CARTESIAN_POINT('Ctrl Pts',(-81.3570117560062,53.7502649525156,-32.6));
#12192=CARTESIAN_POINT('Ctrl Pts',(-80.8144018130333,52.9568821696232,-32.6000000000001));
#12193=CARTESIAN_POINT('Ctrl Pts',(-80.1546606568706,51.8973526605368,-32.6));
#12194=CARTESIAN_POINT('Ctrl Pts',(-79.4490909379142,50.6348366781205,-32.6000000000001));
#12195=CARTESIAN_POINT('Ctrl Pts',(-78.4996073242721,48.7473608865012,-32.6));
#12196=CARTESIAN_POINT('Ctrl Pts',(-77.8204560139656,47.1171778478133,-32.6));
#12197=CARTESIAN_POINT('Ctrl Pts',(-77.2135615657423,45.2351482526894,-32.6));
#12198=CARTESIAN_POINT('Ctrl Pts',(-76.7783375849152,43.7155489759888,-32.6));
#12199=CARTESIAN_POINT('Ctrl Pts',(-76.4311781957301,42.3233636621131,-32.6000000000001));
#12200=CARTESIAN_POINT('Ctrl Pts',(-76.236553519486,41.3202485850412,-32.6000000000001));
#12201=CARTESIAN_POINT('Ctrl Pts',(-76.1172759207153,40.5050191118984,-32.6000000000001));
#12202=CARTESIAN_POINT('Ctrl Pts',(-76.015831934184,39.6485151753326,-32.6000000000001));
#12203=CARTESIAN_POINT('Ctrl Pts',(-75.8736045934646,37.9686700148684,-32.6000000000001));
#12204=CARTESIAN_POINT('Ctrl Pts',(-75.765562025139,35.2167880784846,-32.6));
#12205=CARTESIAN_POINT('Ctrl Pts',(-75.9274695949576,32.7513536062597,-32.6));
#12206=CARTESIAN_POINT('Ctrl Pts',(-76.231784066494,30.7857919695866,-32.6));
#12207=CARTESIAN_POINT('Ctrl Pts',(-76.5072137504671,29.3788186112998,-32.6));
#12208=CARTESIAN_POINT('Ctrl Pts',(-76.7879332753229,28.1406013830257,-32.6));
#12209=CARTESIAN_POINT('Ctrl Pts',(-77.0752321263116,27.0660007391712,-32.6));
#12210=CARTESIAN_POINT('Ctrl Pts',(-77.4504741672612,25.9249687532535,-32.6));
#12211=CARTESIAN_POINT('Ctrl Pts',(-78.1659919367501,24.062807351169,-32.6));
#12212=CARTESIAN_POINT('Ctrl Pts',(-79.3563941080193,21.3703663988364,-32.5999999999999));
#12213=CARTESIAN_POINT('Ctrl Pts',(-80.1615233282251,19.9765566323599,-32.6));
#12214=CARTESIAN_POINT('Ctrl Pts',(-80.4724589588949,19.5445315999883,-32.6));
#12215=CARTESIAN_POINT('Ctrl Pts',(-81.5027533319999,54.4723027223365,-32.6));
#12216=CARTESIAN_POINT('Ctrl Pts',(-81.1109640158961,53.9205406368367,-32.6));
#12217=CARTESIAN_POINT('Ctrl Pts',(-80.5654000747857,53.1228136146082,-32.6000000000001));
#12218=CARTESIAN_POINT('Ctrl Pts',(-79.8968305263785,52.0493265249354,-32.6));
#12219=CARTESIAN_POINT('Ctrl Pts',(-79.1829608619338,50.7713872193971,-32.6000000000001));
#12220=CARTESIAN_POINT('Ctrl Pts',(-78.2301644884911,48.8783578611044,-32.6));
#12221=CARTESIAN_POINT('Ctrl Pts',(-77.5383854775213,47.2179642958681,-32.6));
#12222=CARTESIAN_POINT('Ctrl Pts',(-76.9272189073479,45.3217289807513,-32.6));
#12223=CARTESIAN_POINT('Ctrl Pts',(-76.4895524139119,43.7937972757862,-32.6));
#12224=CARTESIAN_POINT('Ctrl Pts',(-76.1393789406164,42.3898558321483,-32.6000000000001));
#12225=CARTESIAN_POINT('Ctrl Pts',(-75.9416326561902,41.3711071476235,-32.6000000000001));
#12226=CARTESIAN_POINT('Ctrl Pts',(-75.8206512662656,40.5439842006724,-32.6000000000001));
#12227=CARTESIAN_POINT('Ctrl Pts',(-75.7180261365598,39.6774839215043,-32.6000000000001));
#12228=CARTESIAN_POINT('Ctrl Pts',(-75.5749155181935,37.9855104696294,-32.6000000000001));
#12229=CARTESIAN_POINT('Ctrl Pts',(-75.465803309486,35.2175066126743,-32.6));
#12230=CARTESIAN_POINT('Ctrl Pts',(-75.6296752789814,32.7181466604553,-32.6));
#12231=CARTESIAN_POINT('Ctrl Pts',(-75.9371302722778,30.733457799653,-32.6));
#12232=CARTESIAN_POINT('Ctrl Pts',(-76.2143973189996,29.3170033503987,-32.6));
#12233=CARTESIAN_POINT('Ctrl Pts',(-76.496961652881,28.070476631681,-32.6));
#12234=CARTESIAN_POINT('Ctrl Pts',(-76.7882010094756,26.9807022614974,-32.6));
#12235=CARTESIAN_POINT('Ctrl Pts',(-77.1690608278785,25.8229001128677,-32.6));
#12236=CARTESIAN_POINT('Ctrl Pts',(-77.889949681248,23.9468067317111,-32.6));
#12237=CARTESIAN_POINT('Ctrl Pts',(-79.0864697915096,21.2410278132937,-32.5999999999999));
#12238=CARTESIAN_POINT('Ctrl Pts',(-79.9030228656116,19.8235332408342,-32.6));
#12239=CARTESIAN_POINT('Ctrl Pts',(-80.2296158333621,19.3697533470318,-32.6));
#12240=CARTESIAN_POINT('Origin',(-82.8126837041195,20.9012407864287,-31.6));
#12241=CARTESIAN_POINT('Origin',(-127.528735171361,38.7095644837164,-28.6));
#12242=CARTESIAN_POINT('Origin',(-107.00000158929,61.9751811457133,-28.6000000000073));
#12243=CARTESIAN_POINT('Origin',(-86.4712680072187,38.7095644837164,-34.6));
#12244=CARTESIAN_POINT('Origin',(-81.9998221853895,61.9751811457133,-31.6));
#12245=CARTESIAN_POINT('',(-81.9998225630533,61.9751811457133,-31.6));
#12246=CARTESIAN_POINT('',(-81.9998225630533,61.9751811457133,-31.6));
#12247=CARTESIAN_POINT('',(-81.9998221853895,61.9751811457133,-21.6));
#12248=CARTESIAN_POINT('',(-81.9998221853895,61.9751811457133,-31.6));
#12249=CARTESIAN_POINT('',(-81.9998221853895,61.9751811457133,-21.6));
#12250=CARTESIAN_POINT('Origin',(-81.9998221853895,61.9751811457133,-41.6));
#12251=CARTESIAN_POINT('',(-81.9998221853895,61.9751811457133,-41.6));
#12252=CARTESIAN_POINT('',(-81.9998221853895,61.9751811457133,-41.6));
#12253=CARTESIAN_POINT('',(-81.9998221853895,61.9751811457133,-31.6));
#12254=CARTESIAN_POINT('',(-81.9998225630533,61.9751811457133,-31.6));
#12255=CARTESIAN_POINT('Origin',(-81.9998225630533,69.9751811457133,-31.6));
#12256=CARTESIAN_POINT('',(-81.9998225630533,69.575759552409,-42.5927458985859));
#12257=CARTESIAN_POINT('',(-81.9998225630533,69.575759552409,-20.6072541014141));
#12258=CARTESIAN_POINT('Origin',(-81.9998225630533,69.9751811457133,-31.6));
#12259=CARTESIAN_POINT('',(-90.7208229407533,69.575759552409,-42.5927458985859));
#12260=CARTESIAN_POINT('',(-81.9998225630533,69.575759552409,-42.5927458985859));
#12261=CARTESIAN_POINT('',(-90.7208229407533,69.575759552409,-20.6072541014141));
#12262=CARTESIAN_POINT('Origin',(-90.7208229407533,69.9751811457133,-31.6));
#12263=CARTESIAN_POINT('',(-81.9998225630533,69.575759552409,-20.6072541014141));
#12264=CARTESIAN_POINT('Ctrl Pts',(-81.9998225630533,61.9751811457133,-21.6));
#12265=CARTESIAN_POINT('Ctrl Pts',(-90.7208229407533,61.9751811457133,-21.6));
#12266=CARTESIAN_POINT('Ctrl Pts',(-81.9998225630533,62.2830778418194,-21.6));
#12267=CARTESIAN_POINT('Ctrl Pts',(-90.7208229407533,62.2830778418194,-21.6));
#12268=CARTESIAN_POINT('Ctrl Pts',(-81.9998225630533,62.8968400527057,-21.5813032284313));
#12269=CARTESIAN_POINT('Ctrl Pts',(-90.7208229407533,62.8968400527057,-21.5813032284313));
#12270=CARTESIAN_POINT('Ctrl Pts',(-81.9998225630533,63.8113961638307,-21.4972249779531));
#12271=CARTESIAN_POINT('Ctrl Pts',(-90.7208229407533,63.8113961638307,-21.4972249779531));
#12272=CARTESIAN_POINT('Ctrl Pts',(-81.9998225630533,65.0210511617085,-21.2943675845586));
#12273=CARTESIAN_POINT('Ctrl Pts',(-90.7208229407533,65.0210511617085,-21.2943675845586));
#12274=CARTESIAN_POINT('Ctrl Pts',(-81.9998225630533,66.5275493372114,-20.9815391314311));
#12275=CARTESIAN_POINT('Ctrl Pts',(-90.7208229407533,66.5275493372114,-20.9815391314311));
#12276=CARTESIAN_POINT('Ctrl Pts',(-81.9998225630533,67.7377347800671,-20.7631204838472));
#12277=CARTESIAN_POINT('Ctrl Pts',(-90.7208229407533,67.7377347800671,-20.7631204838472));
#12278=CARTESIAN_POINT('Ctrl Pts',(-81.9998225630533,68.6530427212083,-20.6569863774845));
#12279=CARTESIAN_POINT('Ctrl Pts',(-90.7208229407533,68.6530427212083,-20.6569863774845));
#12280=CARTESIAN_POINT('Ctrl Pts',(-81.9998225630533,69.2674810427463,-20.6184550705021));
#12281=CARTESIAN_POINT('Ctrl Pts',(-90.7208229407533,69.2674810427463,-20.6184550705021));
#12282=CARTESIAN_POINT('Ctrl Pts',(-81.9998225630533,69.575759552409,-20.6072541014141));
#12283=CARTESIAN_POINT('Ctrl Pts',(-90.7208229407533,69.575759552409,-20.6072541014141));
#12284=CARTESIAN_POINT('Ctrl Pts',(-81.9998225630533,69.575759552409,-20.6072541014141));
#12285=CARTESIAN_POINT('Ctrl Pts',(-81.9998225630533,69.2674810427463,-20.6184550705021));
#12286=CARTESIAN_POINT('Ctrl Pts',(-81.9998225630533,68.6530427212083,-20.6569863774845));
#12287=CARTESIAN_POINT('Ctrl Pts',(-81.9998225630533,67.7377347800671,-20.7631204838472));
#12288=CARTESIAN_POINT('Ctrl Pts',(-81.9998225630533,66.5275493372114,-20.9815391314311));
#12289=CARTESIAN_POINT('Ctrl Pts',(-81.9998225630533,65.0210511617085,-21.2943675845586));
#12290=CARTESIAN_POINT('Ctrl Pts',(-81.9998225630533,63.8113961638307,-21.4972249779531));
#12291=CARTESIAN_POINT('Ctrl Pts',(-81.9998225630533,62.8968400527057,-21.5813032284313));
#12292=CARTESIAN_POINT('Ctrl Pts',(-81.9998225630533,62.2830778418194,-21.6));
#12293=CARTESIAN_POINT('Ctrl Pts',(-81.9998225630533,61.9751811457133,-21.6));
#12294=CARTESIAN_POINT('Ctrl Pts',(-90.7208229407533,61.9751811457133,-21.6));
#12295=CARTESIAN_POINT('Ctrl Pts',(-90.7208229407533,62.2830778418194,-21.6));
#12296=CARTESIAN_POINT('Ctrl Pts',(-90.7208229407533,62.8968400527057,-21.5813032284313));
#12297=CARTESIAN_POINT('Ctrl Pts',(-90.7208229407533,63.8113961638307,-21.4972249779531));
#12298=CARTESIAN_POINT('Ctrl Pts',(-90.7208229407533,65.0210511617085,-21.2943675845586));
#12299=CARTESIAN_POINT('Ctrl Pts',(-90.7208229407533,66.5275493372114,-20.9815391314311));
#12300=CARTESIAN_POINT('Ctrl Pts',(-90.7208229407533,67.7377347800671,-20.7631204838472));
#12301=CARTESIAN_POINT('Ctrl Pts',(-90.7208229407533,68.6530427212083,-20.6569863774845));
#12302=CARTESIAN_POINT('Ctrl Pts',(-90.7208229407533,69.2674810427463,-20.6184550705021));
#12303=CARTESIAN_POINT('Ctrl Pts',(-90.7208229407533,69.575759552409,-20.6072541014141));
#12304=CARTESIAN_POINT('',(-90.72118099319,61.9751811457133,-21.6));
#12305=CARTESIAN_POINT('Origin',(-81.9998225630533,69.9751811457133,-31.6));
#12306=CARTESIAN_POINT('',(-90.7208229407533,69.9751811457133,-39.6));
#12307=CARTESIAN_POINT('Origin',(-90.7208229407533,69.9751811457133,-31.6));
#12308=CARTESIAN_POINT('Origin',(-90.7208229407533,69.9751811457133,-31.6));
#12309=CARTESIAN_POINT('',(-81.9998225630533,69.9751811457133,-39.6));
#12310=CARTESIAN_POINT('',(-81.9998225630533,69.9751811457133,-39.6));
#12311=CARTESIAN_POINT('Origin',(-81.9998225630533,69.9751811457133,-31.6));
#12312=CARTESIAN_POINT('Origin',(-81.9998225630533,69.9751811457133,-31.6));
#12313=CARTESIAN_POINT('Ctrl Pts',(-81.9998225630533,69.575759552409,-42.5927458985859));
#12314=CARTESIAN_POINT('Ctrl Pts',(-90.7208229407533,69.575759552409,-42.5927458985859));
#12315=CARTESIAN_POINT('Ctrl Pts',(-81.9998225630533,69.2674810427463,-42.5815449294979));
#12316=CARTESIAN_POINT('Ctrl Pts',(-90.7208229407533,69.2674810427463,-42.5815449294979));
#12317=CARTESIAN_POINT('Ctrl Pts',(-81.9998225630533,68.6530427212083,-42.5430136225156));
#12318=CARTESIAN_POINT('Ctrl Pts',(-90.7208229407533,68.6530427212083,-42.5430136225156));
#12319=CARTESIAN_POINT('Ctrl Pts',(-81.9998225630533,67.7377347800671,-42.436879516153));
#12320=CARTESIAN_POINT('Ctrl Pts',(-90.7208229407533,67.7377347800671,-42.436879516153));
#12321=CARTESIAN_POINT('Ctrl Pts',(-81.9998225630533,66.5275493372114,-42.2184608685697));
#12322=CARTESIAN_POINT('Ctrl Pts',(-90.7208229407533,66.5275493372114,-42.2184608685697));
#12323=CARTESIAN_POINT('Ctrl Pts',(-81.9998225630533,65.0210511617085,-41.9056324154424));
#12324=CARTESIAN_POINT('Ctrl Pts',(-90.7208229407533,65.0210511617085,-41.9056324154424));
#12325=CARTESIAN_POINT('Ctrl Pts',(-81.9998225630533,63.8113961638307,-41.7027750220478));
#12326=CARTESIAN_POINT('Ctrl Pts',(-90.7208229407533,63.8113961638307,-41.7027750220478));
#12327=CARTESIAN_POINT('Ctrl Pts',(-81.9998225630533,62.8968400527057,-41.6186967715688));
#12328=CARTESIAN_POINT('Ctrl Pts',(-90.7208229407533,62.8968400527057,-41.6186967715688));
#12329=CARTESIAN_POINT('Ctrl Pts',(-81.9998225630533,62.2830778418194,-41.6));
#12330=CARTESIAN_POINT('Ctrl Pts',(-90.7208229407533,62.2830778418194,-41.6));
#12331=CARTESIAN_POINT('Ctrl Pts',(-81.9998225630533,61.9751811457133,-41.6));
#12332=CARTESIAN_POINT('Ctrl Pts',(-90.7208229407533,61.9751811457133,-41.6));
#12333=CARTESIAN_POINT('Ctrl Pts',(-81.9998225630533,61.9751811457133,-41.6));
#12334=CARTESIAN_POINT('Ctrl Pts',(-81.9998225630533,62.2830778418194,-41.6));
#12335=CARTESIAN_POINT('Ctrl Pts',(-81.9998225630533,62.8968400527057,-41.6186967715688));
#12336=CARTESIAN_POINT('Ctrl Pts',(-81.9998225630533,63.8113961638307,-41.7027750220478));
#12337=CARTESIAN_POINT('Ctrl Pts',(-81.9998225630533,65.0210511617085,-41.9056324154424));
#12338=CARTESIAN_POINT('Ctrl Pts',(-81.9998225630533,66.5275493372114,-42.2184608685697));
#12339=CARTESIAN_POINT('Ctrl Pts',(-81.9998225630533,67.7377347800671,-42.436879516153));
#12340=CARTESIAN_POINT('Ctrl Pts',(-81.9998225630533,68.6530427212083,-42.5430136225156));
#12341=CARTESIAN_POINT('Ctrl Pts',(-81.9998225630533,69.2674810427463,-42.5815449294979));
#12342=CARTESIAN_POINT('Ctrl Pts',(-81.9998225630533,69.575759552409,-42.5927458985859));
#12343=CARTESIAN_POINT('',(-90.72118099319,61.9751811457133,-41.6));
#12344=CARTESIAN_POINT('Ctrl Pts',(-90.7208229407533,69.575759552409,-42.5927458985859));
#12345=CARTESIAN_POINT('Ctrl Pts',(-90.7208229407533,69.2674810427463,-42.5815449294979));
#12346=CARTESIAN_POINT('Ctrl Pts',(-90.7208229407533,68.6530427212083,-42.5430136225156));
#12347=CARTESIAN_POINT('Ctrl Pts',(-90.7208229407533,67.7377347800671,-42.436879516153));
#12348=CARTESIAN_POINT('Ctrl Pts',(-90.7208229407533,66.5275493372114,-42.2184608685697));
#12349=CARTESIAN_POINT('Ctrl Pts',(-90.7208229407533,65.0210511617085,-41.9056324154424));
#12350=CARTESIAN_POINT('Ctrl Pts',(-90.7208229407533,63.8113961638307,-41.7027750220478));
#12351=CARTESIAN_POINT('Ctrl Pts',(-90.7208229407533,62.8968400527057,-41.6186967715688));
#12352=CARTESIAN_POINT('Ctrl Pts',(-90.7208229407533,62.2830778418194,-41.6));
#12353=CARTESIAN_POINT('Ctrl Pts',(-90.7208229407533,61.9751811457133,-41.6));
#12354=CARTESIAN_POINT('Origin',(-81.9998225630533,69.9751811457133,-31.6));
#12355=CARTESIAN_POINT('Origin',(-90.7208229407533,69.9751811457133,-31.6));
#12356=CARTESIAN_POINT('Origin',(-132.000001966953,69.9751811457133,-31.6));
#12357=CARTESIAN_POINT('',(-123.278822563053,61.9751811457133,-31.6));
#12358=CARTESIAN_POINT('',(-123.278822563053,69.9751811457133,-39.6));
#12359=CARTESIAN_POINT('Origin',(-123.278822563053,69.9751811457133,-31.6));
#12360=CARTESIAN_POINT('Origin',(-123.278822563053,69.9751811457133,-31.6));
#12361=CARTESIAN_POINT('',(-132.000001966953,69.9751811457133,-39.6));
#12362=CARTESIAN_POINT('',(-132.000001966953,69.9751811457133,-39.6));
#12363=CARTESIAN_POINT('Origin',(-132.000001966953,69.9751811457133,-31.6));
#12364=CARTESIAN_POINT('Origin',(-132.000001966953,69.9751811457133,-31.6));
#12365=CARTESIAN_POINT('Ctrl Pts',(-132.000001966953,69.575759552409,-20.6072541014141));
#12366=CARTESIAN_POINT('Ctrl Pts',(-123.278822563053,69.575759552409,-20.6072541014141));
#12367=CARTESIAN_POINT('Ctrl Pts',(-132.000001966953,69.2674810427463,-20.6184550705021));
#12368=CARTESIAN_POINT('Ctrl Pts',(-123.278822563053,69.2674810427463,-20.6184550705021));
#12369=CARTESIAN_POINT('Ctrl Pts',(-132.000001966953,68.6530427212083,-20.6569863774845));
#12370=CARTESIAN_POINT('Ctrl Pts',(-123.278822563053,68.6530427212083,-20.6569863774845));
#12371=CARTESIAN_POINT('Ctrl Pts',(-132.000001966953,67.7377347800671,-20.7631204838472));
#12372=CARTESIAN_POINT('Ctrl Pts',(-123.278822563053,67.7377347800671,-20.7631204838472));
#12373=CARTESIAN_POINT('Ctrl Pts',(-132.000001966953,66.5275493372114,-20.9815391314311));
#12374=CARTESIAN_POINT('Ctrl Pts',(-123.278822563053,66.5275493372114,-20.9815391314311));
#12375=CARTESIAN_POINT('Ctrl Pts',(-132.000001966953,65.0210511617085,-21.2943675845586));
#12376=CARTESIAN_POINT('Ctrl Pts',(-123.278822563053,65.0210511617085,-21.2943675845586));
#12377=CARTESIAN_POINT('Ctrl Pts',(-132.000001966953,63.8113961638307,-21.4972249779531));
#12378=CARTESIAN_POINT('Ctrl Pts',(-123.278822563053,63.8113961638307,-21.4972249779531));
#12379=CARTESIAN_POINT('Ctrl Pts',(-132.000001966953,62.8968400527057,-21.5813032284313));
#12380=CARTESIAN_POINT('Ctrl Pts',(-123.278822563053,62.8968400527057,-21.5813032284313));
#12381=CARTESIAN_POINT('Ctrl Pts',(-132.000001966953,62.2830778418194,-21.6));
#12382=CARTESIAN_POINT('Ctrl Pts',(-123.278822563053,62.2830778418194,-21.6));
#12383=CARTESIAN_POINT('Ctrl Pts',(-132.000001966953,61.9751811457133,-21.6));
#12384=CARTESIAN_POINT('Ctrl Pts',(-123.278822563053,61.9751811457133,-21.6));
#12385=CARTESIAN_POINT('',(-132.000001966953,69.575759552409,-20.6072541014141));
#12386=CARTESIAN_POINT('Ctrl Pts',(-132.000001966953,61.9751811457133,-21.6));
#12387=CARTESIAN_POINT('Ctrl Pts',(-132.000001966953,62.2830778418194,-21.6));
#12388=CARTESIAN_POINT('Ctrl Pts',(-132.000001966953,62.8968400527057,-21.5813032284313));
#12389=CARTESIAN_POINT('Ctrl Pts',(-132.000001966953,63.8113961638307,-21.4972249779531));
#12390=CARTESIAN_POINT('Ctrl Pts',(-132.000001966953,65.0210511617085,-21.2943675845586));
#12391=CARTESIAN_POINT('Ctrl Pts',(-132.000001966953,66.5275493372114,-20.9815391314311));
#12392=CARTESIAN_POINT('Ctrl Pts',(-132.000001966953,67.7377347800671,-20.7631204838472));
#12393=CARTESIAN_POINT('Ctrl Pts',(-132.000001966953,68.6530427212083,-20.6569863774845));
#12394=CARTESIAN_POINT('Ctrl Pts',(-132.000001966953,69.2674810427463,-20.6184550705021));
#12395=CARTESIAN_POINT('Ctrl Pts',(-132.000001966953,69.575759552409,-20.6072541014141));
#12396=CARTESIAN_POINT('',(-123.278822185389,61.9751811457133,-21.6));
#12397=CARTESIAN_POINT('',(-123.278822185389,61.9751811457133,-21.6));
#12398=CARTESIAN_POINT('',(-123.278822563053,69.575759552409,-20.6072541014141));
#12399=CARTESIAN_POINT('Ctrl Pts',(-123.278822563053,69.575759552409,-20.6072541014141));
#12400=CARTESIAN_POINT('Ctrl Pts',(-123.278822563053,69.2674810427463,-20.6184550705021));
#12401=CARTESIAN_POINT('Ctrl Pts',(-123.278822563053,68.6530427212083,-20.6569863774845));
#12402=CARTESIAN_POINT('Ctrl Pts',(-123.278822563053,67.7377347800671,-20.7631204838472));
#12403=CARTESIAN_POINT('Ctrl Pts',(-123.278822563053,66.5275493372114,-20.9815391314311));
#12404=CARTESIAN_POINT('Ctrl Pts',(-123.278822563053,65.0210511617085,-21.2943675845586));
#12405=CARTESIAN_POINT('Ctrl Pts',(-123.278822563053,63.8113961638307,-21.4972249779531));
#12406=CARTESIAN_POINT('Ctrl Pts',(-123.278822563053,62.8968400527057,-21.5813032284313));
#12407=CARTESIAN_POINT('Ctrl Pts',(-123.278822563053,62.2830778418194,-21.6));
#12408=CARTESIAN_POINT('Ctrl Pts',(-123.278822563053,61.9751811457133,-21.6));
#12409=CARTESIAN_POINT('',(-132.000001966953,69.575759552409,-20.6072541014141));
#12410=CARTESIAN_POINT('Origin',(-132.000001966953,69.9751811457133,-31.6));
#12411=CARTESIAN_POINT('',(-132.000001966953,69.575759552409,-42.5927458985859));
#12412=CARTESIAN_POINT('Origin',(-132.000001966953,69.9751811457133,-31.6));
#12413=CARTESIAN_POINT('',(-123.278822563053,69.575759552409,-42.5927458985859));
#12414=CARTESIAN_POINT('Origin',(-123.278822563053,69.9751811457133,-31.6));
#12415=CARTESIAN_POINT('',(-132.000001966953,69.575759552409,-42.5927458985859));
#12416=CARTESIAN_POINT('Ctrl Pts',(-132.000001966953,61.9751811457133,-41.6));
#12417=CARTESIAN_POINT('Ctrl Pts',(-123.278822563053,61.9751811457133,-41.6));
#12418=CARTESIAN_POINT('Ctrl Pts',(-132.000001966953,62.2830778418194,-41.6));
#12419=CARTESIAN_POINT('Ctrl Pts',(-123.278822563053,62.2830778418194,-41.6));
#12420=CARTESIAN_POINT('Ctrl Pts',(-132.000001966953,62.8968400527057,-41.6186967715688));
#12421=CARTESIAN_POINT('Ctrl Pts',(-123.278822563053,62.8968400527057,-41.6186967715688));
#12422=CARTESIAN_POINT('Ctrl Pts',(-132.000001966953,63.8113961638307,-41.7027750220478));
#12423=CARTESIAN_POINT('Ctrl Pts',(-123.278822563053,63.8113961638307,-41.7027750220478));
#12424=CARTESIAN_POINT('Ctrl Pts',(-132.000001966953,65.0210511617085,-41.9056324154424));
#12425=CARTESIAN_POINT('Ctrl Pts',(-123.278822563053,65.0210511617085,-41.9056324154424));
#12426=CARTESIAN_POINT('Ctrl Pts',(-132.000001966953,66.5275493372114,-42.2184608685697));
#12427=CARTESIAN_POINT('Ctrl Pts',(-123.278822563053,66.5275493372114,-42.2184608685697));
#12428=CARTESIAN_POINT('Ctrl Pts',(-132.000001966953,67.7377347800671,-42.436879516153));
#12429=CARTESIAN_POINT('Ctrl Pts',(-123.278822563053,67.7377347800671,-42.436879516153));
#12430=CARTESIAN_POINT('Ctrl Pts',(-132.000001966953,68.6530427212083,-42.5430136225156));
#12431=CARTESIAN_POINT('Ctrl Pts',(-123.278822563053,68.6530427212083,-42.5430136225156));
#12432=CARTESIAN_POINT('Ctrl Pts',(-132.000001966953,69.2674810427463,-42.5815449294979));
#12433=CARTESIAN_POINT('Ctrl Pts',(-123.278822563053,69.2674810427463,-42.5815449294979));
#12434=CARTESIAN_POINT('Ctrl Pts',(-132.000001966953,69.575759552409,-42.5927458985859));
#12435=CARTESIAN_POINT('Ctrl Pts',(-123.278822563053,69.575759552409,-42.5927458985859));
#12436=CARTESIAN_POINT('Ctrl Pts',(-132.000001966953,61.9751811457133,-41.6));
#12437=CARTESIAN_POINT('Ctrl Pts',(-132.000001966953,62.2830778418194,-41.6));
#12438=CARTESIAN_POINT('Ctrl Pts',(-132.000001966953,62.8968400527057,-41.6186967715688));
#12439=CARTESIAN_POINT('Ctrl Pts',(-132.000001966953,63.8113961638307,-41.7027750220478));
#12440=CARTESIAN_POINT('Ctrl Pts',(-132.000001966953,65.0210511617085,-41.9056324154424));
#12441=CARTESIAN_POINT('Ctrl Pts',(-132.000001966953,66.5275493372114,-42.2184608685697));
#12442=CARTESIAN_POINT('Ctrl Pts',(-132.000001966953,67.7377347800671,-42.436879516153));
#12443=CARTESIAN_POINT('Ctrl Pts',(-132.000001966953,68.6530427212083,-42.5430136225156));
#12444=CARTESIAN_POINT('Ctrl Pts',(-132.000001966953,69.2674810427463,-42.5815449294979));
#12445=CARTESIAN_POINT('Ctrl Pts',(-132.000001966953,69.575759552409,-42.5927458985859));
#12446=CARTESIAN_POINT('',(-123.278822185389,61.9751811457133,-41.6));
#12447=CARTESIAN_POINT('Ctrl Pts',(-123.278822563053,61.9751811457133,-41.6));
#12448=CARTESIAN_POINT('Ctrl Pts',(-123.278822563053,62.2830778418194,-41.6));
#12449=CARTESIAN_POINT('Ctrl Pts',(-123.278822563053,62.8968400527057,-41.6186967715688));
#12450=CARTESIAN_POINT('Ctrl Pts',(-123.278822563053,63.8113961638307,-41.7027750220478));
#12451=CARTESIAN_POINT('Ctrl Pts',(-123.278822563053,65.0210511617085,-41.9056324154424));
#12452=CARTESIAN_POINT('Ctrl Pts',(-123.278822563053,66.5275493372114,-42.2184608685697));
#12453=CARTESIAN_POINT('Ctrl Pts',(-123.278822563053,67.7377347800671,-42.436879516153));
#12454=CARTESIAN_POINT('Ctrl Pts',(-123.278822563053,68.6530427212083,-42.5430136225156));
#12455=CARTESIAN_POINT('Ctrl Pts',(-123.278822563053,69.2674810427463,-42.5815449294979));
#12456=CARTESIAN_POINT('Ctrl Pts',(-123.278822563053,69.575759552409,-42.5927458985859));
#12457=CARTESIAN_POINT('',(-123.278822185389,61.9751811457133,-41.6));
#12458=CARTESIAN_POINT('Origin',(-132.000001966953,69.9751811457133,-31.6));
#12459=CARTESIAN_POINT('Origin',(-123.278822563053,69.9751811457133,-31.6));
#12460=CARTESIAN_POINT('',(-123.278822185389,61.9751811457133,-31.6));
#12461=CARTESIAN_POINT('',(-123.278822185389,61.9751811457133,-31.6));
#12462=CARTESIAN_POINT('Origin',(-107.00000158929,43.4751811457134,-41.6));
#12463=CARTESIAN_POINT('',(-119.016450903175,42.8977054472616,-41.6));
#12464=CARTESIAN_POINT('Origin',(-107.00000158929,61.9751811457133,-41.6));
#12465=CARTESIAN_POINT('Ctrl Pts',(-119.016450903175,42.8977054472616,-41.6));
#12466=CARTESIAN_POINT('Ctrl Pts',(-118.926516853614,42.7267605667126,-41.6));
#12467=CARTESIAN_POINT('Ctrl Pts',(-118.725089820989,42.4283474418284,-41.6));
#12468=CARTESIAN_POINT('Ctrl Pts',(-118.358337622065,42.1110464348413,-41.6));
#12469=CARTESIAN_POINT('Ctrl Pts',(-117.763968437611,41.9179449939914,-41.6));
#12470=CARTESIAN_POINT('Ctrl Pts',(-116.946791639423,41.969088061855,-41.6));
#12471=CARTESIAN_POINT('Ctrl Pts',(-116.31939667722,42.2085521222675,-41.6));
#12472=CARTESIAN_POINT('Ctrl Pts',(-115.905835153954,42.5043509490312,-41.6));
#12473=CARTESIAN_POINT('Ctrl Pts',(-115.662313123694,42.7572902825803,-41.6));
#12474=CARTESIAN_POINT('Ctrl Pts',(-115.548607165316,42.8977054472616,-41.6));
#12475=CARTESIAN_POINT('',(-111.00000158929,35.9751811457134,-41.6));
#12476=CARTESIAN_POINT('Origin',(-107.00000158929,35.9751811457134,-41.6));
#12477=CARTESIAN_POINT('Origin',(-107.00000158929,35.9751811457134,-31.6));
#12478=CARTESIAN_POINT('',(-111.00000158929,35.9751811457134,-21.6));
#12479=CARTESIAN_POINT('Origin',(-107.00000158929,35.9751811457134,-21.6));
#12480=CARTESIAN_POINT('',(-111.00000158929,35.9751811457134,-31.6));
#12481=CARTESIAN_POINT('Ctrl Pts',(-123.278822185389,61.9751811457133,-41.6));
#12482=CARTESIAN_POINT('Ctrl Pts',(-123.278822185389,50.9995373257561,-41.6));
#12483=CARTESIAN_POINT('Ctrl Pts',(-119.016450903175,42.8977054472616,-41.6));
#12484=CARTESIAN_POINT('Ctrl Pts',(-123.278822185389,61.9751811457133,-21.6));
#12485=CARTESIAN_POINT('Ctrl Pts',(-123.278822185389,50.9995373257561,-21.6));
#12486=CARTESIAN_POINT('Ctrl Pts',(-119.016450903175,42.8977054472616,-21.6));
#12487=CARTESIAN_POINT('',(-119.016450903175,42.8977054472616,-31.6));
#12488=CARTESIAN_POINT('Origin',(-107.00000158929,61.9751811457133,-21.6));
#12489=CARTESIAN_POINT('Ctrl Pts',(-115.548607165316,42.8977054472616,-41.6));
#12490=CARTESIAN_POINT('Ctrl Pts',(-115.548607165316,42.8977054472616,-21.6));
#12491=CARTESIAN_POINT('Ctrl Pts',(-115.662313123694,42.7572902825803,-41.6));
#12492=CARTESIAN_POINT('Ctrl Pts',(-115.662313123694,42.7572902825803,-21.6));
#12493=CARTESIAN_POINT('Ctrl Pts',(-115.905835153954,42.5043509490312,-41.6));
#12494=CARTESIAN_POINT('Ctrl Pts',(-115.905835153954,42.5043509490312,-21.6));
#12495=CARTESIAN_POINT('Ctrl Pts',(-116.31939667722,42.2085521222675,-41.6));
#12496=CARTESIAN_POINT('Ctrl Pts',(-116.31939667722,42.2085521222675,-21.6));
#12497=CARTESIAN_POINT('Ctrl Pts',(-116.946791639423,41.969088061855,-41.6));
#12498=CARTESIAN_POINT('Ctrl Pts',(-116.946791639423,41.969088061855,-21.6));
#12499=CARTESIAN_POINT('Ctrl Pts',(-117.763968437611,41.9179449939914,-41.6));
#12500=CARTESIAN_POINT('Ctrl Pts',(-117.763968437611,41.9179449939914,-21.6));
#12501=CARTESIAN_POINT('Ctrl Pts',(-118.358337622065,42.1110464348413,-41.6));
#12502=CARTESIAN_POINT('Ctrl Pts',(-118.358337622065,42.1110464348413,-21.6));
#12503=CARTESIAN_POINT('Ctrl Pts',(-118.725089820989,42.4283474418284,-41.6));
#12504=CARTESIAN_POINT('Ctrl Pts',(-118.725089820989,42.4283474418284,-21.6));
#12505=CARTESIAN_POINT('Ctrl Pts',(-118.926516853614,42.7267605667126,-41.6));
#12506=CARTESIAN_POINT('Ctrl Pts',(-118.926516853614,42.7267605667126,-21.6));
#12507=CARTESIAN_POINT('Ctrl Pts',(-119.016450903175,42.8977054472616,-41.6));
#12508=CARTESIAN_POINT('Ctrl Pts',(-119.016450903175,42.8977054472616,-21.6));
#12509=CARTESIAN_POINT('Ctrl Pts',(-94.9835522754046,42.8977054472616,-41.6));
#12510=CARTESIAN_POINT('Ctrl Pts',(-94.9835522754046,42.8977054472616,-21.6));
#12511=CARTESIAN_POINT('Ctrl Pts',(-95.0734863249654,42.7267605667126,-41.6));
#12512=CARTESIAN_POINT('Ctrl Pts',(-95.0734863249654,42.7267605667126,-21.6));
#12513=CARTESIAN_POINT('Ctrl Pts',(-95.2749133575904,42.4283474418284,-41.6));
#12514=CARTESIAN_POINT('Ctrl Pts',(-95.2749133575904,42.4283474418284,-21.6));
#12515=CARTESIAN_POINT('Ctrl Pts',(-95.6416655565146,42.1110464348413,-41.6));
#12516=CARTESIAN_POINT('Ctrl Pts',(-95.6416655565146,42.1110464348413,-21.6));
#12517=CARTESIAN_POINT('Ctrl Pts',(-96.2360347409684,41.9179449939914,-41.6));
#12518=CARTESIAN_POINT('Ctrl Pts',(-96.2360347409684,41.9179449939914,-21.6));
#12519=CARTESIAN_POINT('Ctrl Pts',(-97.0532115391565,41.969088061855,-41.6));
#12520=CARTESIAN_POINT('Ctrl Pts',(-97.0532115391565,41.969088061855,-21.6));
#12521=CARTESIAN_POINT('Ctrl Pts',(-97.6806065013597,42.2085521222675,-41.6));
#12522=CARTESIAN_POINT('Ctrl Pts',(-97.6806065013597,42.2085521222675,-21.6));
#12523=CARTESIAN_POINT('Ctrl Pts',(-98.0941680246252,42.5043509490312,-41.6));
#12524=CARTESIAN_POINT('Ctrl Pts',(-98.0941680246252,42.5043509490312,-21.6));
#12525=CARTESIAN_POINT('Ctrl Pts',(-98.3376900548857,42.7572902825803,-41.6));
#12526=CARTESIAN_POINT('Ctrl Pts',(-98.3376900548857,42.7572902825803,-21.6));
#12527=CARTESIAN_POINT('Ctrl Pts',(-98.451396013263,42.8977054472616,-41.6));
#12528=CARTESIAN_POINT('Ctrl Pts',(-98.451396013263,42.8977054472616,-21.6));
#12529=CARTESIAN_POINT('Ctrl Pts',(-94.9835522754046,42.8977054472616,-21.6));
#12530=CARTESIAN_POINT('Ctrl Pts',(-95.0734863249654,42.7267605667126,-21.6));
#12531=CARTESIAN_POINT('Ctrl Pts',(-95.2749133575904,42.4283474418284,-21.6));
#12532=CARTESIAN_POINT('Ctrl Pts',(-95.6416655565146,42.1110464348413,-21.6));
#12533=CARTESIAN_POINT('Ctrl Pts',(-96.2360347409684,41.9179449939914,-21.6));
#12534=CARTESIAN_POINT('Ctrl Pts',(-97.0532115391565,41.969088061855,-21.6));
#12535=CARTESIAN_POINT('Ctrl Pts',(-97.6806065013597,42.2085521222675,-21.6));
#12536=CARTESIAN_POINT('Ctrl Pts',(-98.0941680246252,42.5043509490312,-21.6));
#12537=CARTESIAN_POINT('Ctrl Pts',(-98.3376900548857,42.7572902825803,-21.6));
#12538=CARTESIAN_POINT('Ctrl Pts',(-98.451396013263,42.8977054472616,-21.6));
#12539=CARTESIAN_POINT('Origin',(-107.00000158929,43.4751811457134,-21.6));
#12540=CARTESIAN_POINT('',(0.,0.,0.));
#12541=CARTESIAN_POINT('Origin',(-96.7213227519032,69.9751811457137,-31.6000000000003));
#12542=CARTESIAN_POINT('',(-96.7213227519032,65.9751811457137,-31.6000000000003));
#12543=CARTESIAN_POINT('Origin',(-96.7213227519032,69.9751811457137,-31.6000000000003));
#12544=CARTESIAN_POINT('Origin',(-83.8603227519032,69.9751811457137,-31.6000000000003));
#12545=CARTESIAN_POINT('',(-75.9993227519033,65.9751811457137,-31.6000000000003));
#12546=CARTESIAN_POINT('Origin',(-75.9993227519032,69.9751811457137,-31.6000000000003));
#12547=CARTESIAN_POINT('',(-83.8603227519032,65.9751811457137,-31.6000000000003));
#12548=CARTESIAN_POINT('Origin',(-75.9993227519032,69.9751811457137,-31.6000000000003));
#12549=CARTESIAN_POINT('',(0.,0.,0.));
#12550=CARTESIAN_POINT('Origin',(-117.278322751903,69.9751811457137,-31.6000000000003));
#12551=CARTESIAN_POINT('',(-117.278322751903,65.9751811457137,-31.6000000000003));
#12552=CARTESIAN_POINT('Origin',(-117.278322751903,69.9751811457137,-31.6000000000003));
#12553=CARTESIAN_POINT('Origin',(-83.8603227519032,69.9751811457137,-31.6000000000003));
#12554=CARTESIAN_POINT('',(-137.999322751903,65.9751811457137,-31.6000000000003));
#12555=CARTESIAN_POINT('Origin',(-137.999322751903,69.9751811457138,-31.6000000000003));
#12556=CARTESIAN_POINT('',(-83.8603227519032,65.9751811457137,-31.6000000000003));
#12557=CARTESIAN_POINT('Origin',(-137.999322751903,69.9751811457138,-31.6000000000003));
#12558=CARTESIAN_POINT('',(0.,0.,0.));
#12559=CARTESIAN_POINT('Origin',(-110.00000158929,35.975181149519,-11.));
#12560=CARTESIAN_POINT('',(-111.60000158929,35.975181149519,-11.));
#12561=CARTESIAN_POINT('Origin',(-110.00000158929,35.975181149519,-11.));
#12562=CARTESIAN_POINT('',(-111.60000158929,35.975181149519,-16.));
#12563=CARTESIAN_POINT('',(-111.60000158929,35.975181149519,-11.));
#12564=CARTESIAN_POINT('Origin',(-110.00000158929,35.975181149519,-16.));
#12565=CARTESIAN_POINT('Origin',(-104.00000158929,35.9751811457133,-11.));
#12566=CARTESIAN_POINT('',(-105.60000158929,35.9751811457133,-11.));
#12567=CARTESIAN_POINT('Origin',(-104.00000158929,35.9751811457133,-11.));
#12568=CARTESIAN_POINT('',(-105.60000158929,35.9751811457133,-16.));
#12569=CARTESIAN_POINT('',(-105.60000158929,35.9751811457133,-11.));
#12570=CARTESIAN_POINT('Origin',(-104.00000158929,35.9751811457133,-16.));
#12571=CARTESIAN_POINT('Origin',(-127.448001580587,3.0000000870569,0.));
#12572=CARTESIAN_POINT('',(-86.5520015805875,3.,-11.));
#12573=CARTESIAN_POINT('',(-86.5520015805875,3.,-21.));
#12574=CARTESIAN_POINT('',(-86.5520015869737,3.,0.));
#12575=CARTESIAN_POINT('',(-127.448001580587,3.00000004352842,-11.));
#12576=CARTESIAN_POINT('',(-117.224001608248,3.00000006529267,-11.));
#12577=CARTESIAN_POINT('',(-127.448001580587,3.00000004352842,-21.));
#12578=CARTESIAN_POINT('',(-127.448001586974,3.0000000870569,0.));
#12579=CARTESIAN_POINT('',(-107.724001319817,3.00000004506965,-21.));
#12580=CARTESIAN_POINT('Origin',(-107.000001586974,25.9875905746566,-11.));
#12581=CARTESIAN_POINT('',(-86.5520015869737,17.2329530455208,-11.));
#12582=CARTESIAN_POINT('',(-86.5520015869737,10.4937952873283,-11.));
#12583=CARTESIAN_POINT('',(-80.2420084295844,17.2329530455208,-11.));
#12584=CARTESIAN_POINT('',(-96.7760015869737,17.2329530455208,-11.));
#12585=CARTESIAN_POINT('',(-100.005687934676,41.6390646633083,-11.));
#12586=CARTESIAN_POINT('',(-84.3376560218569,22.2906566113877,-11.));
#12587=CARTESIAN_POINT('',(-113.994315242402,41.6390646651619,-11.));
#12588=CARTESIAN_POINT('Origin',(-107.00000158929,35.9751811457134,-11.));
#12589=CARTESIAN_POINT('',(-133.757994744363,17.2329530455208,-11.));
#12590=CARTESIAN_POINT('',(-116.436649680492,38.6230328122581,-11.));
#12591=CARTESIAN_POINT('',(-127.448001586974,17.2329530455208,-11.));
#12592=CARTESIAN_POINT('',(-124.4056811099,17.2329530455208,-11.));
#12593=CARTESIAN_POINT('',(-127.448001586974,15.6102718100887,-11.));
#12594=CARTESIAN_POINT('',(-119.224001586974,8.00000010156631,-11.));
#12595=CARTESIAN_POINT('Origin',(-117.224001586974,8.00000010156631,-11.));
#12596=CARTESIAN_POINT('',(-98.7760015869737,8.00000010156631,-11.));
#12597=CARTESIAN_POINT('Origin',(-96.7760015869737,8.00000010156631,-11.));
#12598=CARTESIAN_POINT('Origin',(-86.5520015869737,5.,0.));
#12599=CARTESIAN_POINT('',(-86.5520015869737,15.2329530455208,-21.));
#12600=CARTESIAN_POINT('',(-86.5520015869737,-2.5,-21.));
#12601=CARTESIAN_POINT('',(-86.5520015869737,15.2329530455208,-13.));
#12602=CARTESIAN_POINT('',(-86.5520015869737,15.2329530455208,-5.5));
#12603=CARTESIAN_POINT('Origin',(-86.5520015869737,17.2329530455208,-13.));
#12604=CARTESIAN_POINT('Origin',(-88.000001065433,0.,-21.));
#12605=CARTESIAN_POINT('',(-127.448001586974,15.2329530455208,-21.));
#12606=CARTESIAN_POINT('',(-127.448001586974,10.2329530455208,-21.));
#12607=CARTESIAN_POINT('',(-130.000002108514,15.2329530455208,-21.));
#12608=CARTESIAN_POINT('',(-97.5000013262034,15.2329530455208,-21.));
#12609=CARTESIAN_POINT('',(-128.000002108514,17.2329530455208,-21.));
#12610=CARTESIAN_POINT('Origin',(-130.000002108514,17.2329530455208,-21.));
#12611=CARTESIAN_POINT('',(-128.000002108514,21.8736874658099,-21.));
#12612=CARTESIAN_POINT('',(-128.000002108514,0.,-21.));
#12613=CARTESIAN_POINT('',(-128.741361326415,23.4279793887238,-21.));
#12614=CARTESIAN_POINT('Origin',(-130.000002108514,21.8736874658099,-21.));
#12615=CARTESIAN_POINT('',(-113.994315242402,41.6390646651619,-21.));
#12616=CARTESIAN_POINT('',(-119.029154950963,35.4215554254513,-21.));
#12617=CARTESIAN_POINT('',(-100.005687934676,41.6390646633083,-21.));
#12618=CARTESIAN_POINT('Origin',(-107.00000158929,35.9751811457134,-21.));
#12619=CARTESIAN_POINT('',(-85.2586418475328,23.427979388724,-21.));
#12620=CARTESIAN_POINT('',(-74.2203116076014,9.79677676253788,-21.));
#12621=CARTESIAN_POINT('',(-86.0000010654331,21.87368746581,-21.));
#12622=CARTESIAN_POINT('Origin',(-84.0000010654331,21.87368746581,-21.));
#12623=CARTESIAN_POINT('',(-86.0000010654331,17.2329530455208,-21.));
#12624=CARTESIAN_POINT('',(-86.0000010654331,0.,-21.));
#12625=CARTESIAN_POINT('',(-84.0000010654331,15.2329530455208,-21.));
#12626=CARTESIAN_POINT('Origin',(-84.0000010654331,17.2329530455208,-21.));
#12627=CARTESIAN_POINT('',(-97.5000013262034,15.2329530455208,-21.));
#12628=CARTESIAN_POINT('',(-98.7760015869737,8.00000010156631,-21.));
#12629=CARTESIAN_POINT('Origin',(-96.7760015869737,8.00000010156631,-21.));
#12630=CARTESIAN_POINT('',(-119.224001586974,8.00000010156631,-21.));
#12631=CARTESIAN_POINT('Origin',(-117.224001586974,8.00000010156631,-21.));
#12632=CARTESIAN_POINT('',(-115.00000158929,35.9751811457134,-21.));
#12633=CARTESIAN_POINT('Origin',(-107.00000158929,35.9751811457134,-21.));
#12634=CARTESIAN_POINT('Origin',(-141.811360632827,15.2329530455208,0.));
#12635=CARTESIAN_POINT('',(-84.0000010654331,15.2329530455208,-25.0999999979629));
#12636=CARTESIAN_POINT('',(-84.0000010654331,15.2329530455208,-26.1000000000001));
#12637=CARTESIAN_POINT('',(-80.2420084295844,15.2329530455208,-25.0999999979629));
#12638=CARTESIAN_POINT('',(-114.276001847744,15.2329530455208,-25.0999999979629));
#12639=CARTESIAN_POINT('',(-80.2420084295844,15.2329530455208,-13.));
#12640=CARTESIAN_POINT('',(-80.2420084295844,15.2329530455208,0.));
#12641=CARTESIAN_POINT('',(-96.7760015869737,15.2329530455208,-13.));
#12642=CARTESIAN_POINT('Origin',(-141.811360632827,15.2329530455208,0.));
#12643=CARTESIAN_POINT('',(-127.448001586974,15.2329530455208,-13.));
#12644=CARTESIAN_POINT('',(-127.448001586974,15.2329530455208,-10.5));
#12645=CARTESIAN_POINT('',(-133.757994744363,15.2329530455208,-13.));
#12646=CARTESIAN_POINT('',(-124.4056811099,15.2329530455208,-13.));
#12647=CARTESIAN_POINT('',(-133.757994744363,15.2329530455208,-25.0999999979629));
#12648=CARTESIAN_POINT('',(-133.757994744363,15.2329530455208,0.));
#12649=CARTESIAN_POINT('',(-130.000002108514,15.2329530455208,-25.0999999979629));
#12650=CARTESIAN_POINT('',(-141.90568137067,15.2329530455208,-25.0999999979629));
#12651=CARTESIAN_POINT('',(-130.000002108514,15.2329530455208,-5.49999999999997));
#12652=CARTESIAN_POINT('Origin',(-128.000002108514,0.,-10.9999999999999));
#12653=CARTESIAN_POINT('',(-128.000002108514,21.8736874658099,-25.0999999979629));
#12654=CARTESIAN_POINT('',(-128.000002108514,21.8736874658099,-5.49999999999997));
#12655=CARTESIAN_POINT('',(-128.000002108514,17.2329530455208,-25.0999999979629));
#12656=CARTESIAN_POINT('',(-128.000002108514,17.2329530455208,-5.49999999999997));
#12657=CARTESIAN_POINT('',(-128.000002108514,14.8367699020958,-25.0999999979629));
#12658=CARTESIAN_POINT('Origin',(-107.00000158929,35.9751811457134,0.));
#12659=CARTESIAN_POINT('',(-98.4513960086309,42.8977054472616,-13.));
#12660=CARTESIAN_POINT('',(-115.548607165316,42.8977054472616,-13.));
#12661=CARTESIAN_POINT('Origin',(-107.00000158929,35.9751811457134,-13.));
#12662=CARTESIAN_POINT('',(-98.4513960086309,42.8977054472616,-19.));
#12663=CARTESIAN_POINT('',(-98.4513960086309,42.8977054472616,0.));
#12664=CARTESIAN_POINT('',(-115.548607165316,42.8977054472616,-19.));
#12665=CARTESIAN_POINT('Origin',(-107.00000158929,35.9751811457134,-19.));
#12666=CARTESIAN_POINT('',(-115.548607165316,42.8977054472616,-9.));
#12667=CARTESIAN_POINT('Origin',(-115.548607165316,42.8977054472616,0.));
#12668=CARTESIAN_POINT('',(-135.312286667277,18.4915938276204,-13.));
#12669=CARTESIAN_POINT('',(-117.990941603405,39.8816735943578,-13.));
#12670=CARTESIAN_POINT('',(-131.554294031428,23.1323282479096,-19.));
#12671=CARTESIAN_POINT('',(-120.583446873876,36.680196207551,-19.));
#12672=CARTESIAN_POINT('',(-131.554294031428,23.1323282479096,-25.0999999979629));
#12673=CARTESIAN_POINT('',(-131.554294031428,23.1323282479096,-5.49999999999997));
#12674=CARTESIAN_POINT('',(-135.312286667277,18.4915938276204,-25.0999999979629));
#12675=CARTESIAN_POINT('',(-124.020363813203,32.43595725193,-25.0999999979629));
#12676=CARTESIAN_POINT('',(-135.312286667277,18.4915938276204,0.));
#12677=CARTESIAN_POINT('Origin',(-107.00000158929,35.9751811457134,-42.2));
#12678=CARTESIAN_POINT('',(-115.00000158929,35.9751811457134,-16.));
#12679=CARTESIAN_POINT('Origin',(-107.00000158929,35.9751811457134,-16.));
#12680=CARTESIAN_POINT('',(-115.00000158929,35.9751811457134,-42.2));
#12681=CARTESIAN_POINT('Origin',(-107.00000158929,35.9751811457134,-16.));
#12682=CARTESIAN_POINT('Origin',(-142.000002108514,29.6735398041915,-27.0999999979629));
#12683=CARTESIAN_POINT('',(-130.000002108514,17.2329530455208,-27.0999999979629));
#12684=CARTESIAN_POINT('',(-130.000002108514,21.8736874658099,-27.0999999979629));
#12685=CARTESIAN_POINT('',(-130.000002108514,14.8367699020958,-27.0999999979629));
#12686=CARTESIAN_POINT('',(-133.757994744363,17.2329530455208,-27.0999999979629));
#12687=CARTESIAN_POINT('',(-141.90568137067,17.2329530455208,-27.0999999979629));
#12688=CARTESIAN_POINT('',(-122.466071890289,31.1773164698303,-27.0999999979629));
#12689=CARTESIAN_POINT('Origin',(-142.000002108514,29.6735398041915,-27.0999999979629));
#12690=CARTESIAN_POINT('',(-84.0000010654331,17.2329530455208,-27.0999999979629));
#12691=CARTESIAN_POINT('',(-80.2420084295844,17.2329530455208,-27.0999999979629));
#12692=CARTESIAN_POINT('',(-114.276001847744,17.2329530455208,-27.0999999979629));
#12693=CARTESIAN_POINT('',(-84.0000010654331,21.87368746581,-27.0999999979629));
#12694=CARTESIAN_POINT('',(-84.0000010654331,14.8367699020958,-27.0999999979629));
#12695=CARTESIAN_POINT('',(-92.1697794293021,31.9625235368734,-27.0999999979629));
#12696=CARTESIAN_POINT('Origin',(-86.0000010654331,0.,-52.2000000000002));
#12697=CARTESIAN_POINT('',(-86.0000010654331,21.87368746581,-25.0999999979629));
#12698=CARTESIAN_POINT('',(-86.0000010654331,21.87368746581,-26.1000000000001));
#12699=CARTESIAN_POINT('',(-86.0000010654331,17.2329530455208,-25.0999999979629));
#12700=CARTESIAN_POINT('',(-86.0000010654331,14.8367699020958,-25.0999999979629));
#12701=CARTESIAN_POINT('',(-86.0000010654331,17.2329530455208,-26.1000000000001));
#12702=CARTESIAN_POINT('Origin',(-72.000001065433,10.2329530455208,0.));
#12703=CARTESIAN_POINT('',(-78.6877165066704,18.4915938276204,-13.));
#12704=CARTESIAN_POINT('',(-82.7833640989429,23.5492973934874,-13.));
#12705=CARTESIAN_POINT('',(-78.6877165066704,18.4915938276204,-25.0999999979629));
#12706=CARTESIAN_POINT('',(-78.6877165066704,18.4915938276204,0.));
#12707=CARTESIAN_POINT('',(-82.4457091425191,23.1323282479097,-25.0999999979629));
#12708=CARTESIAN_POINT('',(-90.6154875063881,33.2211643189731,-25.0999999979629));
#12709=CARTESIAN_POINT('',(-82.4457091425191,23.1323282479097,-19.));
#12710=CARTESIAN_POINT('',(-82.4457091425191,23.1323282479097,-26.1000000000001));
#12711=CARTESIAN_POINT('',(-72.6660196846875,11.0554175446376,-19.));
#12712=CARTESIAN_POINT('Origin',(-96.7760015869737,17.2329530455208,-13.));
#12713=CARTESIAN_POINT('Origin',(-80.2420084295844,17.2329530455208,-13.));
#12714=CARTESIAN_POINT('Origin',(-124.4056811099,17.2329530455208,-13.));
#12715=CARTESIAN_POINT('Origin',(-127.448001586974,17.2329530455208,-13.));
#12716=CARTESIAN_POINT('Origin',(-133.757994744363,17.2329530455208,-13.));
#12717=CARTESIAN_POINT('Origin',(-130.000002108514,17.2329530455208,-5.49999999999997));
#12718=CARTESIAN_POINT('Origin',(-130.000002108514,17.2329530455208,-25.0999999979629));
#12719=CARTESIAN_POINT('Origin',(-141.90568137067,17.2329530455208,-25.0999999979629));
#12720=CARTESIAN_POINT('Origin',(-133.757994744363,17.2329530455208,-25.0999999979629));
#12721=CARTESIAN_POINT('Origin',(-130.000002108514,17.2329530455208,-25.0999999979629));
#12722=CARTESIAN_POINT('Origin',(-74.2203116076014,9.79677676253788,-19.));
#12723=CARTESIAN_POINT('Origin',(-100.005687934676,41.6390646633083,-19.));
#12724=CARTESIAN_POINT('Origin',(-84.0000010654331,21.87368746581,-19.));
#12725=CARTESIAN_POINT('Origin',(-107.00000158929,35.9751811457134,-19.));
#12726=CARTESIAN_POINT('Origin',(-113.994315242402,41.6390646651619,-19.));
#12727=CARTESIAN_POINT('Origin',(-119.029154950963,35.4215554254513,-19.));
#12728=CARTESIAN_POINT('Origin',(-130.000002108514,21.8736874658099,-19.));
#12729=CARTESIAN_POINT('Origin',(-122.466071890289,31.1773164698303,-25.0999999979629));
#12730=CARTESIAN_POINT('Origin',(-133.757994744363,17.2329530455208,-25.0999999979629));
#12731=CARTESIAN_POINT('Origin',(-130.000002108514,21.8736874658099,-25.0999999979629));
#12732=CARTESIAN_POINT('Origin',(-130.000002108514,14.8367699020958,-25.0999999979629));
#12733=CARTESIAN_POINT('Origin',(-130.000002108514,21.8736874658099,-25.0999999979629));
#12734=CARTESIAN_POINT('Origin',(-130.000002108514,17.2329530455208,-25.0999999979629));
#12735=CARTESIAN_POINT('Origin',(-130.000002108514,21.8736874658099,-5.49999999999997));
#12736=CARTESIAN_POINT('Origin',(-130.000002108514,21.8736874658099,-25.0999999979629));
#12737=CARTESIAN_POINT('Origin',(-130.000002108514,21.8736874658099,-25.0999999979629));
#12738=CARTESIAN_POINT('Origin',(-133.757994744363,17.2329530455208,0.));
#12739=CARTESIAN_POINT('Origin',(-133.757994744363,17.2329530455208,-13.));
#12740=CARTESIAN_POINT('Origin',(-133.757994744363,17.2329530455208,-25.0999999979629));
#12741=CARTESIAN_POINT('Origin',(-133.757994744363,17.2329530455208,-25.0999999979629));
#12742=CARTESIAN_POINT('Origin',(-130.000002108514,17.2329530455208,-25.0999999979629));
#12743=CARTESIAN_POINT('Origin',(-84.0000010654331,21.87368746581,-26.1000000000001));
#12744=CARTESIAN_POINT('Origin',(-84.0000010654331,21.87368746581,-25.0999999979629));
#12745=CARTESIAN_POINT('Origin',(-84.3376560218569,22.2906566113877,-13.));
#12746=CARTESIAN_POINT('Origin',(-80.2420084295844,17.2329530455208,-13.));
#12747=CARTESIAN_POINT('Origin',(-100.005687934676,41.6390646633083,-13.));
#12748=CARTESIAN_POINT('Origin',(-107.00000158929,35.9751811457134,-13.));
#12749=CARTESIAN_POINT('Origin',(-113.994315242402,41.6390646651619,-13.));
#12750=CARTESIAN_POINT('Origin',(-116.436649680492,38.6230328122581,-13.));
#12751=CARTESIAN_POINT('Origin',(-133.757994744363,17.2329530455208,-13.));
#12752=CARTESIAN_POINT('Origin',(-133.757994744363,17.2329530455208,-13.));
#12753=CARTESIAN_POINT('Origin',(-84.0000010654331,14.8367699020958,-25.0999999979629));
#12754=CARTESIAN_POINT('Origin',(-84.0000010654331,17.2329530455208,-25.0999999979629));
#12755=CARTESIAN_POINT('Origin',(-84.0000010654331,21.87368746581,-25.0999999979629));
#12756=CARTESIAN_POINT('Origin',(-92.1697794293021,31.9625235368734,-25.0999999979629));
#12757=CARTESIAN_POINT('Origin',(-84.0000010654331,21.87368746581,-25.0999999979629));
#12758=CARTESIAN_POINT('Origin',(-80.2420084295844,17.2329530455208,-25.0999999979629));
#12759=CARTESIAN_POINT('Origin',(-84.0000010654331,21.87368746581,-25.0999999979629));
#12760=CARTESIAN_POINT('Origin',(-80.2420084295844,17.2329530455208,0.));
#12761=CARTESIAN_POINT('Origin',(-80.2420084295844,17.2329530455208,-25.0999999979629));
#12762=CARTESIAN_POINT('Origin',(-80.2420084295844,17.2329530455208,-13.));
#12763=CARTESIAN_POINT('Origin',(-80.2420084295844,17.2329530455208,-13.));
#12764=CARTESIAN_POINT('Origin',(-84.0000010654331,17.2329530455208,-26.1000000000001));
#12765=CARTESIAN_POINT('Origin',(-84.0000010654331,17.2329530455208,-25.0999999979629));
#12766=CARTESIAN_POINT('Origin',(-114.276001847744,17.2329530455208,-25.0999999979629));
#12767=CARTESIAN_POINT('Origin',(-84.0000010654331,17.2329530455208,-25.0999999979629));
#12768=CARTESIAN_POINT('Origin',(-80.2420084295844,17.2329530455208,-25.0999999979629));
#12769=CARTESIAN_POINT('Origin',(-84.0000010654331,17.2329530455208,-25.0999999979629));
#12770=CARTESIAN_POINT('Origin',(-80.2420084295844,17.2329530455208,-25.0999999979629));
#12771=CARTESIAN_POINT('Origin',(-127.448001586974,15.2329530455208,0.));
#12772=CARTESIAN_POINT('Origin',(-117.224001586974,8.00000010156631,0.));
#12773=CARTESIAN_POINT('',(-119.224001586974,8.00000010156631,0.));
#12774=CARTESIAN_POINT('Origin',(-96.7760015869737,8.00000010156631,0.));
#12775=CARTESIAN_POINT('',(-98.7760015869737,8.00000010156631,0.));
#12776=CARTESIAN_POINT('',(0.,0.,0.));
#12777=CARTESIAN_POINT('',(0.,0.,0.));
#12778=CARTESIAN_POINT('',(0.,0.,0.));
#12779=CARTESIAN_POINT('Origin',(-17.6983996362279,-80.4185714285763,4.));
#12780=CARTESIAN_POINT('',(-17.6983996362279,-60.8226534863109,8.));
#12781=CARTESIAN_POINT('',(-19.6983996362279,-62.8686426537921,8.));
#12782=CARTESIAN_POINT('Ctrl Pts',(-17.6983996362279,-60.8226534863109,
8.));
#12783=CARTESIAN_POINT('Ctrl Pts',(-17.9435060855976,-60.8226534863109,
8.));
#12784=CARTESIAN_POINT('Ctrl Pts',(-18.2318204473871,-60.8808424524341,
8.));
#12785=CARTESIAN_POINT('Ctrl Pts',(-18.6863163632346,-61.0713145084786,
8.));
#12786=CARTESIAN_POINT('Ctrl Pts',(-18.9322646520941,-61.2382046870952,
8.));
#12787=CARTESIAN_POINT('Ctrl Pts',(-19.2827851515853,-61.5932218704956,
8.));
#12788=CARTESIAN_POINT('Ctrl Pts',(-19.4483319550725,-61.8451536496424,
8.));
#12789=CARTESIAN_POINT('Ctrl Pts',(-19.6398416300556,-62.3135970700515,
8.));
#12790=CARTESIAN_POINT('Ctrl Pts',(-19.6983996362279,-62.6137772485846,
8.));
#12791=CARTESIAN_POINT('Ctrl Pts',(-19.6983996362279,-62.8686426537921,
8.));
#12792=CARTESIAN_POINT('',(-19.6983996362279,-62.8686426537921,0.));
#12793=CARTESIAN_POINT('Origin',(-19.6983996362279,-80.4185714285763,4.));
#12794=CARTESIAN_POINT('',(-17.6983996362279,-60.8226534863109,0.));
#12795=CARTESIAN_POINT('Ctrl Pts',(-19.6983996362279,-62.8686426537921,
5.35993829506191E-19));
#12796=CARTESIAN_POINT('Ctrl Pts',(-19.6983996362279,-62.6137772485846,
2.59570928904214E-19));
#12797=CARTESIAN_POINT('Ctrl Pts',(-19.6398416300556,-62.3135970700515,
0.));
#12798=CARTESIAN_POINT('Ctrl Pts',(-19.4483319550725,-61.8451536496424,
0.));
#12799=CARTESIAN_POINT('Ctrl Pts',(-19.2827851515853,-61.5932218704956,
0.));
#12800=CARTESIAN_POINT('Ctrl Pts',(-18.9322646520941,-61.2382046870952,
0.));
#12801=CARTESIAN_POINT('Ctrl Pts',(-18.6863163632346,-61.0713145084786,
0.));
#12802=CARTESIAN_POINT('Ctrl Pts',(-18.2318204473871,-60.8808424524341,
0.));
#12803=CARTESIAN_POINT('Ctrl Pts',(-17.9435060855976,-60.8226534863109,
3.88950699608696E-20));
#12804=CARTESIAN_POINT('Ctrl Pts',(-17.6983996362279,-60.8226534863109,
2.5816811591435E-20));
#12805=CARTESIAN_POINT('Origin',(-17.6983996362279,-80.4185714285763,4.));
#12806=CARTESIAN_POINT('Origin',(-16.6983996362279,-68.4185714285763,0.));
#12807=CARTESIAN_POINT('',(-19.6983996362279,-80.4185714285763,0.));
#12808=CARTESIAN_POINT('',(-19.6983996362279,-80.4185714285763,0.));
#12809=CARTESIAN_POINT('',(-13.6983996362279,-80.4185714285763,0.));
#12810=CARTESIAN_POINT('',(-16.6983996362279,-80.4185714285763,0.));
#12811=CARTESIAN_POINT('',(-13.6983996362279,-62.8686426537921,0.));
#12812=CARTESIAN_POINT('',(-13.6983996362279,-56.9185714285767,0.));
#12813=CARTESIAN_POINT('',(-15.6983996362279,-60.8226534863109,0.));
#12814=CARTESIAN_POINT('Ctrl Pts',(-15.6983996362279,-60.8226534863109,
-1.90278878009641E-19));
#12815=CARTESIAN_POINT('Ctrl Pts',(-15.4532931868582,-60.8226534863109,
-1.31951611324876E-19));
#12816=CARTESIAN_POINT('Ctrl Pts',(-15.1649788250688,-60.8808424524341,
0.));
#12817=CARTESIAN_POINT('Ctrl Pts',(-14.7104829092213,-61.0713145084786,
0.));
#12818=CARTESIAN_POINT('Ctrl Pts',(-14.4645346203618,-61.2382046870952,
0.));
#12819=CARTESIAN_POINT('Ctrl Pts',(-14.1140141208706,-61.5932218704956,
0.));
#12820=CARTESIAN_POINT('Ctrl Pts',(-13.9484673173834,-61.8451536496424,
0.));
#12821=CARTESIAN_POINT('Ctrl Pts',(-13.7569576424002,-62.3135970700515,
0.));
#12822=CARTESIAN_POINT('Ctrl Pts',(-13.6983996362279,-62.6137772485846,
0.));
#12823=CARTESIAN_POINT('Ctrl Pts',(-13.6983996362279,-62.8686426537921,
0.));
#12824=CARTESIAN_POINT('',(-15.6983996362279,-61.8443958075696,0.));
#12825=CARTESIAN_POINT('',(-15.6983996362279,-64.9185714285763,0.));
#12826=CARTESIAN_POINT('',(-17.6983996362279,-61.8443958075696,0.));
#12827=CARTESIAN_POINT('Ctrl Pts',(-15.698399636228,-61.8443958075696,-1.06359719931977E-20));
#12828=CARTESIAN_POINT('Ctrl Pts',(-15.698399636228,-61.9716287701318,7.24264303922554E-20));
#12829=CARTESIAN_POINT('Ctrl Pts',(-15.7277186244738,-62.1214668276007,
0.));
#12830=CARTESIAN_POINT('Ctrl Pts',(-15.8234233011334,-62.3557881548828,
0.));
#12831=CARTESIAN_POINT('Ctrl Pts',(-15.9062910726387,-62.4820839628724,
0.));
#12832=CARTESIAN_POINT('Ctrl Pts',(-16.0816750600255,-62.6601361233901,
0.));
#12833=CARTESIAN_POINT('Ctrl Pts',(-16.2047112269842,-62.7439188721387,
0.));
#12834=CARTESIAN_POINT('Ctrl Pts',(-16.4319413358667,-62.8394474104803,
0.));
#12835=CARTESIAN_POINT('Ctrl Pts',(-16.5759505895939,-62.8686426537921,
0.));
#12836=CARTESIAN_POINT('Ctrl Pts',(-16.820848682862,-62.8686426537921,0.));
#12837=CARTESIAN_POINT('Ctrl Pts',(-16.9648579365892,-62.8394474104803,
0.));
#12838=CARTESIAN_POINT('Ctrl Pts',(-17.1920880454717,-62.7439188721387,
0.));
#12839=CARTESIAN_POINT('Ctrl Pts',(-17.3151242124304,-62.6601361233901,
0.));
#12840=CARTESIAN_POINT('Ctrl Pts',(-17.4905081998172,-62.4820839628724,
0.));
#12841=CARTESIAN_POINT('Ctrl Pts',(-17.5733759713225,-62.3557881548828,
0.));
#12842=CARTESIAN_POINT('Ctrl Pts',(-17.6690806479821,-62.1214668276007,
0.));
#12843=CARTESIAN_POINT('Ctrl Pts',(-17.6983996362279,-61.9716287701318,
1.73219335752696E-18));
#12844=CARTESIAN_POINT('Ctrl Pts',(-17.6983996362279,-61.8443958075696,
-1.40408875344344E-18));
#12845=CARTESIAN_POINT('',(-17.6983996362279,-64.4185714285763,0.));
#12846=CARTESIAN_POINT('Origin',(-15.6983996362279,-80.4185714285763,4.));
#12847=CARTESIAN_POINT('',(-13.6983996362279,-62.8686426537921,8.));
#12848=CARTESIAN_POINT('Origin',(-13.6983996362279,-80.4185714285763,4.));
#12849=CARTESIAN_POINT('',(-15.6983996362279,-60.8226534863109,8.));
#12850=CARTESIAN_POINT('Ctrl Pts',(-13.6983996362279,-62.8686426537921,
8.));
#12851=CARTESIAN_POINT('Ctrl Pts',(-13.6983996362279,-62.6137772485846,
8.));
#12852=CARTESIAN_POINT('Ctrl Pts',(-13.7569576424002,-62.3135970700515,
8.));
#12853=CARTESIAN_POINT('Ctrl Pts',(-13.9484673173834,-61.8451536496424,
8.));
#12854=CARTESIAN_POINT('Ctrl Pts',(-14.1140141208706,-61.5932218704956,
8.));
#12855=CARTESIAN_POINT('Ctrl Pts',(-14.4645346203618,-61.2382046870952,
8.));
#12856=CARTESIAN_POINT('Ctrl Pts',(-14.7104829092213,-61.0713145084786,
8.));
#12857=CARTESIAN_POINT('Ctrl Pts',(-15.1649788250688,-60.8808424524341,
8.));
#12858=CARTESIAN_POINT('Ctrl Pts',(-15.4532931868582,-60.8226534863109,
8.));
#12859=CARTESIAN_POINT('Ctrl Pts',(-15.6983996362279,-60.8226534863109,
8.));
#12860=CARTESIAN_POINT('Origin',(-15.6983996362279,-80.4185714285763,4.));
#12861=CARTESIAN_POINT('Origin',(-17.6983996362279,-60.4185714285763,4.));
#12862=CARTESIAN_POINT('',(-17.6983996362279,-61.8443958075696,8.));
#12863=CARTESIAN_POINT('Origin',(-17.6983996362279,-80.4185714285763,4.));
#12864=CARTESIAN_POINT('',(-17.6983996362279,-70.4185714285763,8.));
#12865=CARTESIAN_POINT('Origin',(-15.6983996362279,-61.4185714285763,4.));
#12866=CARTESIAN_POINT('',(-15.6983996362279,-61.8443958075696,8.));
#12867=CARTESIAN_POINT('',(-15.6983996362279,-70.9185714285763,8.));
#12868=CARTESIAN_POINT('Origin',(-15.6983996362279,-80.4185714285763,4.));
#12869=CARTESIAN_POINT('Origin',(-16.6983996362279,-80.4185714285763,4.));
#12870=CARTESIAN_POINT('Ctrl Pts',(-17.6983996362279,-61.8443958075696,
8.));
#12871=CARTESIAN_POINT('Ctrl Pts',(-17.6983996362279,-61.9716287701318,
8.));
#12872=CARTESIAN_POINT('Ctrl Pts',(-17.6690806479821,-62.1214668276007,
8.));
#12873=CARTESIAN_POINT('Ctrl Pts',(-17.5733759713225,-62.3557881548828,
8.));
#12874=CARTESIAN_POINT('Ctrl Pts',(-17.4905081998172,-62.4820839628724,
8.));
#12875=CARTESIAN_POINT('Ctrl Pts',(-17.3151242124304,-62.6601361233901,
8.));
#12876=CARTESIAN_POINT('Ctrl Pts',(-17.1920880454717,-62.7439188721387,
8.));
#12877=CARTESIAN_POINT('Ctrl Pts',(-16.9648579365892,-62.8394474104803,
8.));
#12878=CARTESIAN_POINT('Ctrl Pts',(-16.820848682862,-62.8686426537921,8.));
#12879=CARTESIAN_POINT('Ctrl Pts',(-16.5759505895939,-62.8686426537921,
8.));
#12880=CARTESIAN_POINT('Ctrl Pts',(-16.4319413358667,-62.8394474104803,
8.));
#12881=CARTESIAN_POINT('Ctrl Pts',(-16.2047112269842,-62.7439188721387,
8.));
#12882=CARTESIAN_POINT('Ctrl Pts',(-16.0816750600255,-62.6601361233901,
8.));
#12883=CARTESIAN_POINT('Ctrl Pts',(-15.9062910726387,-62.4820839628724,
8.));
#12884=CARTESIAN_POINT('Ctrl Pts',(-15.8234233011334,-62.3557881548828,
8.));
#12885=CARTESIAN_POINT('Ctrl Pts',(-15.7277186244738,-62.1214668276007,
8.));
#12886=CARTESIAN_POINT('Ctrl Pts',(-15.698399636228,-61.9716287701318,8.));
#12887=CARTESIAN_POINT('Ctrl Pts',(-15.698399636228,-61.8443958075696,8.));
#12888=CARTESIAN_POINT('Origin',(-16.6983996362279,-80.4185714285763,8.));
#12889=CARTESIAN_POINT('',(-13.6983996362279,-80.4185714285763,8.));
#12890=CARTESIAN_POINT('',(-13.6983996362279,-68.4185714285763,8.));
#12891=CARTESIAN_POINT('',(-19.6983996362279,-80.4185714285763,8.));
#12892=CARTESIAN_POINT('',(-16.6983996362279,-80.4185714285763,8.));
#12893=CARTESIAN_POINT('',(-19.6983996362279,-56.9185714285767,8.));
#12894=CARTESIAN_POINT('Origin',(-13.6983996362279,-80.4185714285763,4.));
#12895=CARTESIAN_POINT('',(-13.6983996362279,-80.4185714285763,8.));
#12896=CARTESIAN_POINT('Origin',(-19.6983996362279,-80.4185714285763,4.));
#12897=CARTESIAN_POINT('',(-19.6983996362279,-80.4185714285763,8.));
#12898=CARTESIAN_POINT('Origin',(-16.6983996362279,-80.4185714285763,0.));
#12899=CARTESIAN_POINT('',(0.,0.,0.));
#12900=CARTESIAN_POINT('Origin',(14.3016003637721,-68.4185714285763,0.));
#12901=CARTESIAN_POINT('',(15.4710486489966,-55.5734022170071,0.));
#12902=CARTESIAN_POINT('',(14.3016003637721,-68.4185714285763,0.));
#12903=CARTESIAN_POINT('',(15.4710486489966,-55.5734022170071,0.));
#12904=CARTESIAN_POINT('',(15.4710486489966,-55.5734022170071,8.));
#12905=CARTESIAN_POINT('',(15.4710486489966,-55.5734022170071,0.));
#12906=CARTESIAN_POINT('',(14.3016003637721,-68.4185714285763,8.));
#12907=CARTESIAN_POINT('',(15.4710486489966,-55.5734022170071,8.));
#12908=CARTESIAN_POINT('',(14.3016003637721,-68.4185714285763,0.));
#12909=CARTESIAN_POINT('Origin',(15.4710486489966,-55.5734022170071,0.));
#12910=CARTESIAN_POINT('',(16.4250965074368,-44.5405714285714,8.));
#12911=CARTESIAN_POINT('',(16.4250965074368,-44.5405714285714,0.));
#12912=CARTESIAN_POINT('',(16.4250965074368,-44.5405714285714,3.05));
#12913=CARTESIAN_POINT('',(16.4319225627514,-44.4616333411661,8.));
#12914=CARTESIAN_POINT('',(16.4319225627514,-44.4616333411661,0.));
#12915=CARTESIAN_POINT('Origin',(-42.6983996362485,-55.4185714285763,12.2));
#12916=CARTESIAN_POINT('',(-44.6983996362485,-55.4185714285763,12.2));
#12917=CARTESIAN_POINT('Origin',(-42.6983996362485,-55.4185714285763,12.2));
#12918=CARTESIAN_POINT('',(-43.5983996362485,-55.4185714285763,12.2));
#12919=CARTESIAN_POINT('Origin',(-42.6983996362485,-55.4185714285763,12.2));
#12920=CARTESIAN_POINT('Origin',(-42.6983996362485,-55.4185714285763,8.));
#12921=CARTESIAN_POINT('',(-44.6983996362485,-55.4185714285763,8.));
#12922=CARTESIAN_POINT('',(-44.6983996362485,-55.4185714285763,8.));
#12923=CARTESIAN_POINT('Origin',(-42.6983996362485,-55.4185714285763,8.));
#12924=CARTESIAN_POINT('Origin',(-42.6983996362485,-55.4185714285763,8.));
#12925=CARTESIAN_POINT('',(-43.5983996362485,-55.4185714285763,0.));
#12926=CARTESIAN_POINT('',(-43.5983996362485,-55.4185714285763,8.));
#12927=CARTESIAN_POINT('Origin',(-42.6983996362485,-55.4185714285763,0.));
#12928=CARTESIAN_POINT('Origin',(-9.77629350914673,-33.4185714285772,8.));
#12929=CARTESIAN_POINT('',(-49.0917405381685,-44.5405714285714,8.));
#12930=CARTESIAN_POINT('',(-9.77629350914673,-44.5405714285714,8.));
#12931=CARTESIAN_POINT('',(-47.6983996362279,-68.4185714285763,8.));
#12932=CARTESIAN_POINT('',(-50.3812576679032,-22.4418230311553,8.));
#12933=CARTESIAN_POINT('',(-24.198399636228,-68.4185714285763,8.));
#12934=CARTESIAN_POINT('',(14.3016003637721,-68.4185714285763,8.));
#12935=CARTESIAN_POINT('',(-24.198399636228,-80.4185714285763,8.));
#12936=CARTESIAN_POINT('',(-24.198399636228,-68.4185714285763,8.));
#12937=CARTESIAN_POINT('',(-9.19839963622795,-80.4185714285763,8.));
#12938=CARTESIAN_POINT('',(-24.198399636228,-80.4185714285763,8.));
#12939=CARTESIAN_POINT('',(-9.19839963622795,-68.4185714285763,8.));
#12940=CARTESIAN_POINT('',(-9.19839963622795,-68.4185714285763,8.));
#12941=CARTESIAN_POINT('',(14.3016003637721,-68.4185714285763,8.));
#12942=CARTESIAN_POINT('',(-23.0795632021822,-58.8201543344788,8.));
#12943=CARTESIAN_POINT('Origin',(-21.4795632021822,-58.8201543344788,8.));
#12944=CARTESIAN_POINT('',(-17.6983996362279,-61.8443958075696,8.));
#12945=CARTESIAN_POINT('Origin',(-16.698399636228,-61.8443958075696,8.));
#12946=CARTESIAN_POINT('',(-13.5172360702737,-58.8201543344788,8.));
#12947=CARTESIAN_POINT('Origin',(-11.9172360702737,-58.8201543344788,8.));
#12948=CARTESIAN_POINT('',(8.58499756813348,-55.4185714285763,8.));
#12949=CARTESIAN_POINT('Origin',(10.5849975681335,-55.4185714285763,8.));
#12950=CARTESIAN_POINT('Origin',(10.5849975681335,-55.4185714285763,12.2));
#12951=CARTESIAN_POINT('',(8.58499756813348,-55.4185714285763,12.2));
#12952=CARTESIAN_POINT('Origin',(10.5849975681335,-55.4185714285763,12.2));
#12953=CARTESIAN_POINT('',(9.68499756813348,-55.4185714285763,12.2));
#12954=CARTESIAN_POINT('Origin',(10.5849975681335,-55.4185714285763,12.2));
#12955=CARTESIAN_POINT('Origin',(10.5849975681335,-55.4185714285763,8.));
#12956=CARTESIAN_POINT('',(8.58499756813348,-55.4185714285763,8.));
#12957=CARTESIAN_POINT('Origin',(10.5849975681335,-55.4185714285763,8.));
#12958=CARTESIAN_POINT('',(9.68499756813348,-55.4185714285763,0.));
#12959=CARTESIAN_POINT('',(9.68499756813348,-55.4185714285763,8.));
#12960=CARTESIAN_POINT('Origin',(10.5849975681335,-55.4185714285763,0.));
#12961=CARTESIAN_POINT('Origin',(-47.6983996362279,-68.4185714285763,0.));
#12962=CARTESIAN_POINT('',(-24.198399636228,-68.4185714285763,0.));
#12963=CARTESIAN_POINT('',(-24.198399636228,-68.4185714285763,4.));
#12964=CARTESIAN_POINT('',(-47.6983996362279,-68.4185714285763,0.));
#12965=CARTESIAN_POINT('',(-47.6983996362279,-68.4185714285763,0.));
#12966=CARTESIAN_POINT('',(14.3016003637721,-68.4185714285763,0.));
#12967=CARTESIAN_POINT('Origin',(-47.6983996362279,-68.4185714285763,0.));
#12968=CARTESIAN_POINT('',(-9.19839963622795,-68.4185714285763,0.));
#12969=CARTESIAN_POINT('',(-9.19839963622795,-68.4185714285763,0.));
#12970=CARTESIAN_POINT('',(14.3016003637721,-68.4185714285763,0.));
#12971=CARTESIAN_POINT('Origin',(-16.698399636228,-80.4185714285763,4.));
#12972=CARTESIAN_POINT('',(-24.198399636228,-80.4185714285763,0.));
#12973=CARTESIAN_POINT('',(-24.198399636228,-80.4185714285763,0.));
#12974=CARTESIAN_POINT('',(-9.19839963622795,-80.4185714285763,0.));
#12975=CARTESIAN_POINT('',(-9.19839963622795,-80.4185714285763,0.));
#12976=CARTESIAN_POINT('',(-9.19839963622795,-80.4185714285763,8.));
#12977=CARTESIAN_POINT('Origin',(-24.198399636228,-68.4185714285763,8.));
#12978=CARTESIAN_POINT('',(-24.198399636228,-68.4185714285763,0.));
#12979=CARTESIAN_POINT('Origin',(-9.19839963622795,-68.4185714285763,0.));
#12980=CARTESIAN_POINT('',(-9.19839963622795,-68.4185714285763,0.));
#12981=CARTESIAN_POINT('Origin',(-11.9172360702737,-58.8201543344788,8.));
#12982=CARTESIAN_POINT('',(-13.5172360702737,-58.8201543344788,0.));
#12983=CARTESIAN_POINT('',(-13.5172360702737,-58.8201543344788,8.));
#12984=CARTESIAN_POINT('Origin',(-11.9172360702737,-58.8201543344788,0.));
#12985=CARTESIAN_POINT('Origin',(-16.698399636228,-61.8443958075696,8.));
#12986=CARTESIAN_POINT('',(-17.6983996362279,-61.8443958075696,0.));
#12987=CARTESIAN_POINT('',(-17.6983996362279,-61.8443958075696,8.));
#12988=CARTESIAN_POINT('Origin',(-16.698399636228,-61.8443958075696,0.));
#12989=CARTESIAN_POINT('Origin',(-21.4795632021822,-58.8201543344788,8.));
#12990=CARTESIAN_POINT('',(-23.0795632021822,-58.8201543344788,0.));
#12991=CARTESIAN_POINT('',(-23.0795632021822,-58.8201543344788,8.));
#12992=CARTESIAN_POINT('Origin',(-21.4795632021822,-58.8201543344788,0.));
#12993=CARTESIAN_POINT('Origin',(-9.77629350914673,-33.4185714285772,0.));
#12994=CARTESIAN_POINT('',(-49.0917405381685,-44.5405714285714,0.));
#12995=CARTESIAN_POINT('',(-9.77629350914673,-44.5405714285714,0.));
#12996=CARTESIAN_POINT('',(-50.3812576679032,-22.4418230311553,0.));
#12997=CARTESIAN_POINT('Origin',(-50.3812576679032,-22.4418230311553,0.));
#12998=CARTESIAN_POINT('',(-49.0917405381685,-44.5405714285714,3.05));
#12999=CARTESIAN_POINT('Origin',(-9.77629350914672,-44.5405714285714,6.1));
#13000=CARTESIAN_POINT('',(1.77635683940025E-15,0.,4.44089209850063E-16));
#13001=CARTESIAN_POINT('',(1.77635683940025E-15,0.,4.44089209850063E-16));
#13002=CARTESIAN_POINT('',(1.77635683940025E-15,0.,0.));
#13003=CARTESIAN_POINT('',(0.,0.,0.));
#13004=CARTESIAN_POINT('Origin',(-81.0003227519033,92.9751811457138,-35.6000000000003));
#13005=CARTESIAN_POINT('',(-81.0003227519033,92.9751811457138,-35.6000000000003));
#13006=CARTESIAN_POINT('',(-81.0003227519033,81.9751811457138,-35.6000000000003));
#13007=CARTESIAN_POINT('',(-81.0003227519033,81.9751811457138,-35.6000000000003));
#13008=CARTESIAN_POINT('',(-75.9993227519033,81.9751811457138,-35.6000000000003));
#13009=CARTESIAN_POINT('',(-81.0003227519033,81.9751811457138,-35.6000000000003));
#13010=CARTESIAN_POINT('',(-75.9993227519033,92.9751811457138,-35.6000000000003));
#13011=CARTESIAN_POINT('',(-75.9993227519033,81.9751811457138,-35.6000000000003));
#13012=CARTESIAN_POINT('',(-81.0003227519033,92.9751811457138,-35.6000000000003));
#13013=CARTESIAN_POINT('Origin',(-81.0003227519033,92.9751811457138,-37.6000000000003));
#13014=CARTESIAN_POINT('',(-81.0003227519033,92.9751811457138,-37.6000000000003));
#13015=CARTESIAN_POINT('',(-81.0003227519033,92.9751811457138,-35.6000000000003));
#13016=CARTESIAN_POINT('',(-75.9993227519033,92.9751811457138,-37.6000000000003));
#13017=CARTESIAN_POINT('',(-75.9993227519033,92.9751811457138,-35.6000000000003));
#13018=CARTESIAN_POINT('',(-81.0003227519033,92.9751811457138,-37.6000000000003));
#13019=CARTESIAN_POINT('Origin',(-81.0003227519033,72.4394177910651,-42.3204261928206));
#13020=CARTESIAN_POINT('',(-81.0003227519033,72.4394177910651,-42.3204261928206));
#13021=CARTESIAN_POINT('',(-81.0003227519033,92.9751811457138,-37.6000000000003));
#13022=CARTESIAN_POINT('',(-75.9993227519033,72.4394177910651,-42.3204261928206));
#13023=CARTESIAN_POINT('',(-75.9993227519033,92.9751811457138,-37.6000000000003));
#13024=CARTESIAN_POINT('',(-80.9998227519032,72.4394177910651,-42.3204261928206));
#13025=CARTESIAN_POINT('',(-74.9993227519032,72.4394177910649,-42.3204261928207));
#13026=CARTESIAN_POINT('',(-81.0003227519033,72.4394177910651,-42.3204261928206));
#13027=CARTESIAN_POINT('Origin',(-81.0003227519033,69.9751811457137,-31.6000000000003));
#13028=CARTESIAN_POINT('',(-80.9998227519032,72.4394177910651,-20.87957380718));
#13029=CARTESIAN_POINT('Origin',(-80.9998227519032,69.9751811457137,-31.6000000000003));
#13030=CARTESIAN_POINT('',(-81.0003227519033,72.4394177910651,-20.87957380718));
#13031=CARTESIAN_POINT('',(-81.0003227519033,72.4394177910651,-20.87957380718));
#13032=CARTESIAN_POINT('Origin',(-81.0003227519033,69.9751811457137,-31.6000000000003));
#13033=CARTESIAN_POINT('Origin',(-81.0003227519033,92.9751811457138,-25.6000000000003));
#13034=CARTESIAN_POINT('',(-81.0003227519033,92.9751811457138,-25.6000000000003));
#13035=CARTESIAN_POINT('',(-81.0003227519033,92.9751811457138,-25.6000000000003));
#13036=CARTESIAN_POINT('',(-75.9993227519033,72.4394177910651,-20.87957380718));
#13037=CARTESIAN_POINT('',(-74.9993227519032,72.4394177910649,-20.8795738071799));
#13038=CARTESIAN_POINT('',(-75.9993227519033,92.9751811457138,-25.6000000000003));
#13039=CARTESIAN_POINT('',(-75.9993227519033,92.9751811457138,-25.6000000000003));
#13040=CARTESIAN_POINT('',(-81.0003227519033,92.9751811457138,-25.6000000000003));
#13041=CARTESIAN_POINT('Origin',(-81.0003227519033,92.9751811457138,-27.6000000000003));
#13042=CARTESIAN_POINT('',(-81.0003227519033,92.9751811457138,-27.6000000000003));
#13043=CARTESIAN_POINT('',(-81.0003227519033,92.9751811457138,-27.6000000000003));
#13044=CARTESIAN_POINT('',(-75.9993227519033,92.9751811457138,-27.6000000000003));
#13045=CARTESIAN_POINT('',(-75.9993227519033,92.9751811457138,-27.6000000000003));
#13046=CARTESIAN_POINT('',(-81.0003227519033,92.9751811457138,-27.6000000000003));
#13047=CARTESIAN_POINT('Origin',(-81.0003227519033,81.9751811457138,-27.6000000000003));
#13048=CARTESIAN_POINT('',(-81.0003227519033,81.9751811457138,-27.6000000000003));
#13049=CARTESIAN_POINT('',(-81.0003227519033,81.9751811457138,-27.6000000000003));
#13050=CARTESIAN_POINT('',(-75.9993227519033,81.9751811457138,-27.6000000000003));
#13051=CARTESIAN_POINT('',(-75.9993227519033,81.9751811457138,-27.6000000000003));
#13052=CARTESIAN_POINT('',(-81.0003227519033,81.9751811457138,-27.6000000000003));
#13053=CARTESIAN_POINT('Origin',(-81.0003227519033,81.9751811457138,-35.6000000000003));
#13054=CARTESIAN_POINT('',(-81.0003227519033,81.9751811457138,-31.6000000000003));
#13055=CARTESIAN_POINT('',(-75.9993227519033,81.9751811457138,-31.6000000000003));
#13056=CARTESIAN_POINT('Origin',(-81.0003227519033,75.9751811457138,-31.6000000000003));
#13057=CARTESIAN_POINT('Origin',(-75.9993227519032,70.0001076424912,-39.0999585778699));
#13058=CARTESIAN_POINT('',(-75.9993227519032,70.0001076424912,-38.0999585778699));
#13059=CARTESIAN_POINT('Origin',(-75.9993227519032,70.0001076424912,-39.0999585778699));
#13060=CARTESIAN_POINT('',(-78.9993227519032,70.0001076424912,-38.0999585778699));
#13061=CARTESIAN_POINT('',(-75.9993227519032,70.0001076424912,-38.0999585778699));
#13062=CARTESIAN_POINT('Origin',(-78.9993227519032,70.0001076424912,-39.0999585778699));
#13063=CARTESIAN_POINT('Origin',(-78.9993227519032,70.0001076424912,-39.0999585778699));
#13064=CARTESIAN_POINT('Origin',(-75.9993227519032,62.4752225678443,-31.6249264967778));
#13065=CARTESIAN_POINT('',(-75.9993227519032,62.4752225678443,-30.6249264967778));
#13066=CARTESIAN_POINT('Origin',(-75.9993227519032,62.4752225678443,-31.6249264967778));
#13067=CARTESIAN_POINT('',(-78.9993227519032,62.4752225678443,-30.6249264967778));
#13068=CARTESIAN_POINT('',(-75.9993227519032,62.4752225678443,-30.6249264967778));
#13069=CARTESIAN_POINT('Origin',(-78.9993227519032,62.4752225678443,-31.6249264967778));
#13070=CARTESIAN_POINT('Origin',(-78.9993227519032,62.4752225678443,-31.6249264967778));
#13071=CARTESIAN_POINT('Origin',(-75.9993227519032,77.4751397235833,-31.5750735032229));
#13072=CARTESIAN_POINT('',(-75.9993227519032,77.4751397235833,-30.5750735032229));
#13073=CARTESIAN_POINT('Origin',(-75.9993227519032,77.4751397235833,-31.5750735032229));
#13074=CARTESIAN_POINT('',(-78.9993227519032,77.4751397235833,-30.5750735032229));
#13075=CARTESIAN_POINT('',(-75.9993227519032,77.4751397235833,-30.5750735032229));
#13076=CARTESIAN_POINT('Origin',(-78.9993227519032,77.4751397235833,-31.5750735032229));
#13077=CARTESIAN_POINT('Origin',(-78.9993227519032,77.4751397235833,-31.5750735032229));
#13078=CARTESIAN_POINT('Origin',(-75.9993227519032,69.9502546489363,-24.1000414221309));
#13079=CARTESIAN_POINT('',(-75.9993227519032,69.9502546489363,-23.1000414221309));
#13080=CARTESIAN_POINT('Origin',(-75.9993227519032,69.9502546489363,-24.1000414221309));
#13081=CARTESIAN_POINT('',(-78.9993227519032,69.9502546489363,-23.1000414221309));
#13082=CARTESIAN_POINT('',(-75.9993227519032,69.9502546489363,-23.1000414221309));
#13083=CARTESIAN_POINT('Origin',(-78.9993227519032,69.9502546489363,-24.1000414221309));
#13084=CARTESIAN_POINT('Origin',(-78.9993227519032,69.9502546489363,-24.1000414221309));
#13085=CARTESIAN_POINT('Origin',(-80.9998227519032,69.9751811457137,-31.6000000000003));
#13086=CARTESIAN_POINT('Origin',(-80.9998227519032,69.9751811457137,-31.6000000000003));
#13087=CARTESIAN_POINT('',(-80.9998227519032,69.9751811457138,-27.6000000000004));
#13088=CARTESIAN_POINT('Origin',(-80.9998227519032,69.9751811457138,-31.6000000000004));
#13089=CARTESIAN_POINT('Origin',(-75.9993227519032,69.9751811457137,-31.6000000000003));
#13090=CARTESIAN_POINT('Origin',(-75.9993227519032,69.9751811457137,-31.6000000000003));
#13091=CARTESIAN_POINT('',(-75.9993227519032,69.9751811457138,-27.6000000000004));
#13092=CARTESIAN_POINT('Origin',(-75.9993227519032,69.9751811457138,-31.6000000000004));
#13093=CARTESIAN_POINT('Origin',(-74.9993227519032,69.9751811457138,-31.6000000000004));
#13094=CARTESIAN_POINT('',(-74.9993227519032,69.9751811457138,-27.6000000000004));
#13095=CARTESIAN_POINT('Origin',(-74.9993227519032,69.9751811457137,-31.6000000000003));
#13096=CARTESIAN_POINT('',(0.,0.,0.));
#13097=CARTESIAN_POINT('Origin',(-96.7213227519033,92.9751811457138,-35.6000000000003));
#13098=CARTESIAN_POINT('',(-96.7213227519033,92.9751811457138,-35.6000000000003));
#13099=CARTESIAN_POINT('',(-96.7213227519033,81.9751811457138,-35.6000000000003));
#13100=CARTESIAN_POINT('',(-96.7213227519033,81.9751811457138,-35.6000000000003));
#13101=CARTESIAN_POINT('',(-91.7213227519033,81.9751811457138,-35.6000000000003));
#13102=CARTESIAN_POINT('',(-96.7213227519033,81.9751811457138,-35.6000000000003));
#13103=CARTESIAN_POINT('',(-91.7213227519033,92.9751811457138,-35.6000000000003));
#13104=CARTESIAN_POINT('',(-91.7213227519033,81.9751811457138,-35.6000000000003));
#13105=CARTESIAN_POINT('',(-96.7213227519033,92.9751811457138,-35.6000000000003));
#13106=CARTESIAN_POINT('Origin',(-96.7213227519033,92.9751811457138,-37.6000000000003));
#13107=CARTESIAN_POINT('',(-96.7213227519033,92.9751811457138,-37.6000000000003));
#13108=CARTESIAN_POINT('',(-96.7213227519033,92.9751811457138,-35.6000000000003));
#13109=CARTESIAN_POINT('',(-91.7213227519033,92.9751811457138,-37.6000000000003));
#13110=CARTESIAN_POINT('',(-91.7213227519033,92.9751811457138,-35.6000000000003));
#13111=CARTESIAN_POINT('',(-96.7213227519033,92.9751811457138,-37.6000000000003));
#13112=CARTESIAN_POINT('Origin',(-96.7213227519033,72.4394177910651,-42.3204261928206));
#13113=CARTESIAN_POINT('',(-96.7213227519033,72.4394177910651,-42.3204261928206));
#13114=CARTESIAN_POINT('',(-96.7213227519033,92.9751811457138,-37.6000000000003));
#13115=CARTESIAN_POINT('',(-91.7213227519033,72.4394177910651,-42.3204261928206));
#13116=CARTESIAN_POINT('',(-91.7213227519033,92.9751811457138,-37.6000000000003));
#13117=CARTESIAN_POINT('',(-90.7208227519032,72.4394177910649,-42.3204261928207));
#13118=CARTESIAN_POINT('Origin',(-96.7213227519033,92.9751811457138,-25.6000000000003));
#13119=CARTESIAN_POINT('',(-96.7213227519033,92.9751811457138,-25.6000000000003));
#13120=CARTESIAN_POINT('',(-96.7213227519033,72.4394177910651,-20.87957380718));
#13121=CARTESIAN_POINT('',(-96.7213227519033,92.9751811457138,-25.6000000000003));
#13122=CARTESIAN_POINT('',(-91.7213227519033,72.4394177910651,-20.87957380718));
#13123=CARTESIAN_POINT('',(-90.7208227519032,72.439417791065,-20.8795738071799));
#13124=CARTESIAN_POINT('',(-91.7213227519033,92.9751811457138,-25.6000000000003));
#13125=CARTESIAN_POINT('',(-91.7213227519033,92.9751811457138,-25.6000000000003));
#13126=CARTESIAN_POINT('',(-96.7213227519033,92.9751811457138,-25.6000000000003));
#13127=CARTESIAN_POINT('Origin',(-96.7213227519033,92.9751811457138,-27.6000000000003));
#13128=CARTESIAN_POINT('',(-96.7213227519033,92.9751811457138,-27.6000000000003));
#13129=CARTESIAN_POINT('',(-96.7213227519033,92.9751811457138,-27.6000000000003));
#13130=CARTESIAN_POINT('',(-91.7213227519033,92.9751811457138,-27.6000000000003));
#13131=CARTESIAN_POINT('',(-91.7213227519033,92.9751811457138,-27.6000000000003));
#13132=CARTESIAN_POINT('',(-96.7213227519033,92.9751811457138,-27.6000000000003));
#13133=CARTESIAN_POINT('Origin',(-96.7213227519033,81.9751811457138,-27.6000000000003));
#13134=CARTESIAN_POINT('',(-96.7213227519033,81.9751811457138,-27.6000000000003));
#13135=CARTESIAN_POINT('',(-96.7213227519033,81.9751811457138,-27.6000000000003));
#13136=CARTESIAN_POINT('',(-91.7213227519033,81.9751811457138,-27.6000000000003));
#13137=CARTESIAN_POINT('',(-91.7213227519033,81.9751811457138,-27.6000000000003));
#13138=CARTESIAN_POINT('',(-96.7213227519033,81.9751811457138,-27.6000000000003));
#13139=CARTESIAN_POINT('Origin',(-96.7213227519033,81.9751811457138,-35.6000000000003));
#13140=CARTESIAN_POINT('',(-96.7213227519033,81.9751811457138,-31.6000000000003));
#13141=CARTESIAN_POINT('',(-91.7213227519033,81.9751811457138,-31.6000000000003));
#13142=CARTESIAN_POINT('Origin',(-91.7213227519033,75.9751811457138,-31.6000000000003));
#13143=CARTESIAN_POINT('Origin',(-91.7213227519033,69.9751811457137,-31.6000000000003));
#13144=CARTESIAN_POINT('Origin',(-96.7213227519033,75.9751811457138,-31.6000000000003));
#13145=CARTESIAN_POINT('Origin',(-96.7213227519032,69.9751811457137,-31.6000000000003));
#13146=CARTESIAN_POINT('Origin',(-98.3533227519032,69.9751811457135,-31.6000000000001));
#13147=CARTESIAN_POINT('',(-98.3533227519032,69.9751811457136,-39.0998352942719));
#13148=CARTESIAN_POINT('Origin',(-98.3533227519032,69.9751811457136,-31.6000000000003));
#13149=CARTESIAN_POINT('Origin',(-96.7213227519032,69.9751811457135,-31.6000000000001));
#13150=CARTESIAN_POINT('',(-96.7213227519032,69.9751811457136,-35.6000000000003));
#13151=CARTESIAN_POINT('Origin',(-96.7213227519032,69.9751811457136,-31.6000000000003));
#13152=CARTESIAN_POINT('Origin',(-96.7213227519032,69.9751811457136,-31.6000000000003));
#13153=CARTESIAN_POINT('',(-98.3533995554457,69.9751811457137,-39.1000000000003));
#13154=CARTESIAN_POINT('',(-96.7213227519032,69.9751811457136,-35.6000000000003));
#13155=CARTESIAN_POINT('Origin',(-98.3533995554457,69.9751811457137,-31.6000000000003));
#13156=CARTESIAN_POINT('Origin',(-96.7213227519032,69.9751811457137,-31.6000000000003));
#13157=CARTESIAN_POINT('',(-96.7213227519032,69.9751811457137,-42.6000000000003));
#13158=CARTESIAN_POINT('',(-96.7213227519032,69.9751811457137,-42.6000000000003));
#13159=CARTESIAN_POINT('Origin',(-96.7213227519032,69.9751811457137,-31.6000000000003));
#13160=CARTESIAN_POINT('Origin',(-96.7213227519032,69.9751811457137,-31.6000000000003));
#13161=CARTESIAN_POINT('Origin',(-91.7208227519032,69.9751811457137,-31.6000000000003));
#13162=CARTESIAN_POINT('',(-91.7208227519032,69.9751811457137,-42.6000000000003));
#13163=CARTESIAN_POINT('Origin',(-91.7208227519032,69.9751811457137,-31.6000000000003));
#13164=CARTESIAN_POINT('',(-91.7208227519032,69.9751811457136,-35.6000000000003));
#13165=CARTESIAN_POINT('Origin',(-91.7208227519032,69.9751811457136,-31.6000000000003));
#13166=CARTESIAN_POINT('Origin',(-90.7208227519032,69.9751811457136,-31.6000000000003));
#13167=CARTESIAN_POINT('',(-90.7208227519032,69.9751811457136,-35.6000000000003));
#13168=CARTESIAN_POINT('Origin',(-90.7208227519032,69.9751811457137,-31.6000000000003));
#13169=CARTESIAN_POINT('',(-90.7208227519032,69.9751811457137,-42.6000000000003));
#13170=CARTESIAN_POINT('',(0.,0.,0.));
#13171=CARTESIAN_POINT('Origin',(-122.279322751903,92.9751811457138,-35.6000000000003));
#13172=CARTESIAN_POINT('',(-122.279322751903,92.9751811457138,-35.6000000000003));
#13173=CARTESIAN_POINT('',(-122.279322751903,81.9751811457138,-35.6000000000003));
#13174=CARTESIAN_POINT('',(-122.279322751903,81.9751811457138,-35.6000000000003));
#13175=CARTESIAN_POINT('',(-117.278322751903,81.9751811457138,-35.6000000000003));
#13176=CARTESIAN_POINT('',(-122.279322751903,81.9751811457138,-35.6000000000003));
#13177=CARTESIAN_POINT('',(-117.278322751903,92.9751811457138,-35.6000000000003));
#13178=CARTESIAN_POINT('',(-117.278322751903,81.9751811457138,-35.6000000000003));
#13179=CARTESIAN_POINT('',(-122.279322751903,92.9751811457138,-35.6000000000003));
#13180=CARTESIAN_POINT('Origin',(-122.279322751903,92.9751811457138,-37.6000000000003));
#13181=CARTESIAN_POINT('',(-122.279322751903,92.9751811457138,-37.6000000000003));
#13182=CARTESIAN_POINT('',(-122.279322751903,92.9751811457138,-35.6000000000003));
#13183=CARTESIAN_POINT('',(-117.278322751903,92.9751811457138,-37.6000000000003));
#13184=CARTESIAN_POINT('',(-117.278322751903,92.9751811457138,-35.6000000000003));
#13185=CARTESIAN_POINT('',(-122.279322751903,92.9751811457138,-37.6000000000003));
#13186=CARTESIAN_POINT('Origin',(-122.279322751903,72.4394177910651,-42.3204261928206));
#13187=CARTESIAN_POINT('',(-122.279322751903,72.4394177910651,-42.3204261928206));
#13188=CARTESIAN_POINT('',(-122.279322751903,92.9751811457138,-37.6000000000003));
#13189=CARTESIAN_POINT('',(-117.278322751903,72.4394177910651,-42.3204261928206));
#13190=CARTESIAN_POINT('',(-117.278322751903,92.9751811457138,-37.6000000000003));
#13191=CARTESIAN_POINT('',(-122.278822751903,72.4394177910651,-42.3204261928206));
#13192=CARTESIAN_POINT('',(-123.278822751903,72.4394177910649,-42.3204261928207));
#13193=CARTESIAN_POINT('',(-122.279322751903,72.4394177910651,-42.3204261928206));
#13194=CARTESIAN_POINT('Origin',(-122.279322751903,69.9751811457138,-31.6000000000003));
#13195=CARTESIAN_POINT('',(-122.278822751903,72.4394177910651,-20.87957380718));
#13196=CARTESIAN_POINT('Origin',(-122.278822751903,69.9751811457137,-31.6000000000004));
#13197=CARTESIAN_POINT('',(-122.279322751903,72.4394177910651,-20.87957380718));
#13198=CARTESIAN_POINT('',(-122.279322751903,72.4394177910651,-20.87957380718));
#13199=CARTESIAN_POINT('Origin',(-122.279322751903,69.9751811457138,-31.6000000000003));
#13200=CARTESIAN_POINT('Origin',(-122.279322751903,92.9751811457138,-25.6000000000003));
#13201=CARTESIAN_POINT('',(-122.279322751903,92.9751811457138,-25.6000000000003));
#13202=CARTESIAN_POINT('',(-122.279322751903,92.9751811457138,-25.6000000000003));
#13203=CARTESIAN_POINT('',(-117.278322751903,72.4394177910651,-20.87957380718));
#13204=CARTESIAN_POINT('',(-123.278822751903,72.4394177910649,-20.8795738071799));
#13205=CARTESIAN_POINT('',(-117.278322751903,92.9751811457138,-25.6000000000003));
#13206=CARTESIAN_POINT('',(-117.278322751903,92.9751811457138,-25.6000000000003));
#13207=CARTESIAN_POINT('',(-122.279322751903,92.9751811457138,-25.6000000000003));
#13208=CARTESIAN_POINT('Origin',(-122.279322751903,92.9751811457138,-27.6000000000003));
#13209=CARTESIAN_POINT('',(-122.279322751903,92.9751811457138,-27.6000000000003));
#13210=CARTESIAN_POINT('',(-122.279322751903,92.9751811457138,-27.6000000000003));
#13211=CARTESIAN_POINT('',(-117.278322751903,92.9751811457138,-27.6000000000003));
#13212=CARTESIAN_POINT('',(-117.278322751903,92.9751811457138,-27.6000000000003));
#13213=CARTESIAN_POINT('',(-122.279322751903,92.9751811457138,-27.6000000000003));
#13214=CARTESIAN_POINT('Origin',(-122.279322751903,81.9751811457138,-27.6000000000003));
#13215=CARTESIAN_POINT('',(-122.279322751903,81.9751811457138,-27.6000000000003));
#13216=CARTESIAN_POINT('',(-122.279322751903,81.9751811457138,-27.6000000000003));
#13217=CARTESIAN_POINT('',(-117.278322751903,81.9751811457138,-27.6000000000003));
#13218=CARTESIAN_POINT('',(-117.278322751903,81.9751811457138,-27.6000000000003));
#13219=CARTESIAN_POINT('',(-122.279322751903,81.9751811457138,-27.6000000000003));
#13220=CARTESIAN_POINT('Origin',(-122.279322751903,81.9751811457138,-35.6000000000003));
#13221=CARTESIAN_POINT('',(-122.279322751903,81.9751811457138,-31.6000000000003));
#13222=CARTESIAN_POINT('',(-117.278322751903,81.9751811457138,-31.6000000000003));
#13223=CARTESIAN_POINT('Origin',(-117.278322751903,75.9751811457138,-31.6000000000003));
#13224=CARTESIAN_POINT('Origin',(-117.278322751903,69.9751811457137,-31.6000000000004));
#13225=CARTESIAN_POINT('Origin',(-122.279322751903,75.9751811457138,-31.6000000000003));
#13226=CARTESIAN_POINT('Origin',(-123.278822751903,69.9751811457137,-31.6000000000004));
#13227=CARTESIAN_POINT('Origin',(-122.278822751903,69.9751811457137,-31.6000000000004));
#13228=CARTESIAN_POINT('',(-117.278322751903,69.9751811457137,-42.6000000000004));
#13229=CARTESIAN_POINT('Origin',(-117.278322751903,69.9751811457137,-31.6000000000004));
#13230=CARTESIAN_POINT('Origin',(-117.278322751903,69.9751811457137,-31.6000000000004));
#13231=CARTESIAN_POINT('Origin',(-115.646322751903,69.9751811457139,-31.6000000000001));
#13232=CARTESIAN_POINT('',(-115.646322751903,69.9751811457137,-39.0998352942719));
#13233=CARTESIAN_POINT('Origin',(-115.646322751903,69.9751811457137,-31.6000000000003));
#13234=CARTESIAN_POINT('Origin',(-117.278322751903,69.9751811457139,-31.6000000000001));
#13235=CARTESIAN_POINT('',(-117.278322751903,69.9751811457137,-35.6000000000003));
#13236=CARTESIAN_POINT('Origin',(-117.278322751903,69.9751811457137,-31.6000000000003));
#13237=CARTESIAN_POINT('Origin',(-117.278322751903,69.9751811457137,-31.6000000000003));
#13238=CARTESIAN_POINT('',(-115.646245948361,69.9751811457137,-39.1000000000004));
#13239=CARTESIAN_POINT('',(-117.278322751903,69.9751811457137,-35.6000000000003));
#13240=CARTESIAN_POINT('Origin',(-115.646245948361,69.9751811457137,-31.6000000000004));
#13241=CARTESIAN_POINT('Origin',(-117.278322751903,69.9751811457137,-31.6000000000004));
#13242=CARTESIAN_POINT('',(-117.278322751903,69.9751811457137,-42.6000000000004));
#13243=CARTESIAN_POINT('Origin',(-122.278822751903,69.9751811457137,-31.6000000000004));
#13244=CARTESIAN_POINT('',(-122.278822751903,69.9751811457137,-35.6000000000003));
#13245=CARTESIAN_POINT('Origin',(-122.278822751903,69.9751811457137,-31.6000000000003));
#13246=CARTESIAN_POINT('Origin',(-123.278822751903,69.9751811457137,-31.6000000000003));
#13247=CARTESIAN_POINT('',(-123.278822751903,69.9751811457137,-35.6000000000003));
#13248=CARTESIAN_POINT('',(0.,0.,0.));
#13249=CARTESIAN_POINT('Origin',(-137.999322751903,69.9751811457138,-31.6000000000003));
#13250=CARTESIAN_POINT('',(-132.998822751903,72.4394177910651,-42.3204261928206));
#13251=CARTESIAN_POINT('',(-132.998822751903,72.4394177910651,-20.87957380718));
#13252=CARTESIAN_POINT('Origin',(-132.998822751903,69.9751811457138,-31.6000000000003));
#13253=CARTESIAN_POINT('',(-132.998322751903,72.4394177910651,-42.3204261928206));
#13254=CARTESIAN_POINT('',(-137.999322751903,72.4394177910651,-42.3204261928206));
#13255=CARTESIAN_POINT('',(-132.998322751903,72.4394177910651,-20.87957380718));
#13256=CARTESIAN_POINT('Origin',(-132.998322751903,69.9751811457138,-31.6000000000003));
#13257=CARTESIAN_POINT('',(-137.999322751903,72.4394177910651,-20.87957380718));
#13258=CARTESIAN_POINT('Origin',(-137.999322751903,92.9751811457138,-35.6000000000003));
#13259=CARTESIAN_POINT('',(-137.999322751903,81.9751811457138,-35.6000000000003));
#13260=CARTESIAN_POINT('',(-137.999322751903,92.9751811457138,-35.6000000000003));
#13261=CARTESIAN_POINT('',(-137.999322751903,81.9751811457138,-35.6000000000003));
#13262=CARTESIAN_POINT('',(-132.998322751903,81.9751811457138,-35.6000000000003));
#13263=CARTESIAN_POINT('',(-137.999322751903,81.9751811457138,-35.6000000000003));
#13264=CARTESIAN_POINT('',(-132.998322751903,92.9751811457138,-35.6000000000003));
#13265=CARTESIAN_POINT('',(-132.998322751903,81.9751811457138,-35.6000000000003));
#13266=CARTESIAN_POINT('',(-137.999322751903,92.9751811457138,-35.6000000000003));
#13267=CARTESIAN_POINT('Origin',(-137.999322751903,92.9751811457138,-37.6000000000003));
#13268=CARTESIAN_POINT('',(-137.999322751903,92.9751811457138,-37.6000000000003));
#13269=CARTESIAN_POINT('',(-137.999322751903,92.9751811457138,-35.6000000000003));
#13270=CARTESIAN_POINT('',(-132.998322751903,92.9751811457138,-37.6000000000003));
#13271=CARTESIAN_POINT('',(-132.998322751903,92.9751811457138,-35.6000000000003));
#13272=CARTESIAN_POINT('',(-137.999322751903,92.9751811457138,-37.6000000000003));
#13273=CARTESIAN_POINT('Origin',(-137.999322751903,72.4394177910651,-42.3204261928206));
#13274=CARTESIAN_POINT('',(-137.999322751903,72.4394177910651,-42.3204261928206));
#13275=CARTESIAN_POINT('',(-137.999322751903,92.9751811457138,-37.6000000000003));
#13276=CARTESIAN_POINT('',(-132.998322751903,92.9751811457138,-37.6000000000003));
#13277=CARTESIAN_POINT('',(-138.999322751903,72.439417791065,-42.3204261928206));
#13278=CARTESIAN_POINT('Origin',(-137.999322751903,92.9751811457138,-25.6000000000003));
#13279=CARTESIAN_POINT('',(-137.999322751903,92.9751811457138,-25.6000000000003));
#13280=CARTESIAN_POINT('',(-137.999322751903,72.4394177910651,-20.87957380718));
#13281=CARTESIAN_POINT('',(-137.999322751903,92.9751811457138,-25.6000000000003));
#13282=CARTESIAN_POINT('',(-138.999322751903,72.439417791065,-20.8795738071799));
#13283=CARTESIAN_POINT('',(-132.998322751903,92.9751811457138,-25.6000000000003));
#13284=CARTESIAN_POINT('',(-132.998322751903,92.9751811457138,-25.6000000000003));
#13285=CARTESIAN_POINT('',(-137.999322751903,92.9751811457138,-25.6000000000003));
#13286=CARTESIAN_POINT('Origin',(-137.999322751903,92.9751811457138,-27.6000000000003));
#13287=CARTESIAN_POINT('',(-137.999322751903,92.9751811457138,-27.6000000000003));
#13288=CARTESIAN_POINT('',(-137.999322751903,92.9751811457138,-27.6000000000003));
#13289=CARTESIAN_POINT('',(-132.998322751903,92.9751811457138,-27.6000000000003));
#13290=CARTESIAN_POINT('',(-132.998322751903,92.9751811457138,-27.6000000000003));
#13291=CARTESIAN_POINT('',(-137.999322751903,92.9751811457138,-27.6000000000003));
#13292=CARTESIAN_POINT('Origin',(-137.999322751903,81.9751811457138,-27.6000000000003));
#13293=CARTESIAN_POINT('',(-137.999322751903,81.9751811457138,-27.6000000000003));
#13294=CARTESIAN_POINT('',(-137.999322751903,81.9751811457138,-27.6000000000003));
#13295=CARTESIAN_POINT('',(-132.998322751903,81.9751811457138,-27.6000000000003));
#13296=CARTESIAN_POINT('',(-132.998322751903,81.9751811457138,-27.6000000000003));
#13297=CARTESIAN_POINT('',(-137.999322751903,81.9751811457138,-27.6000000000003));
#13298=CARTESIAN_POINT('Origin',(-137.999322751903,81.9751811457138,-35.6000000000003));
#13299=CARTESIAN_POINT('',(-137.999322751903,81.9751811457138,-31.6000000000003));
#13300=CARTESIAN_POINT('',(-132.998322751903,81.9751811457138,-31.6000000000003));
#13301=CARTESIAN_POINT('Origin',(-132.998322751903,75.9751811457138,-31.6000000000003));
#13302=CARTESIAN_POINT('Origin',(-138.999322751903,69.9751811457138,-31.6000000000003));
#13303=CARTESIAN_POINT('Origin',(-137.999322751903,69.9751811457138,-31.6000000000003));
#13304=CARTESIAN_POINT('Origin',(-132.998822751903,69.9751811457138,-31.6000000000003));
#13305=CARTESIAN_POINT('Origin',(-137.999322751903,70.0001076424913,-24.1000414221308));
#13306=CARTESIAN_POINT('',(-137.999322751903,70.0001076424913,-25.1000414221308));
#13307=CARTESIAN_POINT('Origin',(-137.999322751903,70.0001076424913,-24.1000414221308));
#13308=CARTESIAN_POINT('',(-134.999322751903,70.0001076424913,-25.1000414221308));
#13309=CARTESIAN_POINT('',(-137.999322751903,70.0001076424913,-25.1000414221308));
#13310=CARTESIAN_POINT('Origin',(-134.999322751903,70.0001076424913,-24.1000414221308));
#13311=CARTESIAN_POINT('Origin',(-134.999322751903,70.0001076424913,-24.1000414221308));
#13312=CARTESIAN_POINT('Origin',(-137.999322751903,62.4752225678443,-31.5750735032228));
#13313=CARTESIAN_POINT('',(-137.999322751903,62.4752225678443,-32.5750735032228));
#13314=CARTESIAN_POINT('Origin',(-137.999322751903,62.4752225678443,-31.5750735032228));
#13315=CARTESIAN_POINT('',(-134.999322751903,62.4752225678443,-32.5750735032228));
#13316=CARTESIAN_POINT('',(-137.999322751903,62.4752225678443,-32.5750735032228));
#13317=CARTESIAN_POINT('Origin',(-134.999322751903,62.4752225678443,-31.5750735032228));
#13318=CARTESIAN_POINT('Origin',(-134.999322751903,62.4752225678443,-31.5750735032228));
#13319=CARTESIAN_POINT('Origin',(-137.999322751903,77.4751397235833,-31.6249264967777));
#13320=CARTESIAN_POINT('',(-137.999322751903,77.4751397235833,-32.6249264967777));
#13321=CARTESIAN_POINT('Origin',(-137.999322751903,77.4751397235833,-31.6249264967777));
#13322=CARTESIAN_POINT('',(-134.999322751903,77.4751397235833,-32.6249264967777));
#13323=CARTESIAN_POINT('',(-137.999322751903,77.4751397235833,-32.6249264967777));
#13324=CARTESIAN_POINT('Origin',(-134.999322751903,77.4751397235833,-31.6249264967777));
#13325=CARTESIAN_POINT('Origin',(-134.999322751903,77.4751397235833,-31.6249264967777));
#13326=CARTESIAN_POINT('Origin',(-137.999322751903,69.9502546489364,-39.0999585778698));
#13327=CARTESIAN_POINT('',(-137.999322751903,69.9502546489364,-40.0999585778698));
#13328=CARTESIAN_POINT('Origin',(-137.999322751903,69.9502546489364,-39.0999585778698));
#13329=CARTESIAN_POINT('',(-134.999322751903,69.9502546489364,-40.0999585778698));
#13330=CARTESIAN_POINT('',(-137.999322751903,69.9502546489364,-40.0999585778698));
#13331=CARTESIAN_POINT('Origin',(-134.999322751903,69.9502546489364,-39.0999585778698));
#13332=CARTESIAN_POINT('Origin',(-134.999322751903,69.9502546489364,-39.0999585778698));
#13333=CARTESIAN_POINT('Origin',(-132.998822751903,69.9751811457138,-31.6000000000003));
#13334=CARTESIAN_POINT('',(-132.998822751903,69.9751811457138,-35.6000000000003));
#13335=CARTESIAN_POINT('Origin',(-132.998822751903,69.9751811457138,-31.6000000000003));
#13336=CARTESIAN_POINT('Origin',(-137.999322751903,69.9751811457138,-31.6000000000003));
#13337=CARTESIAN_POINT('',(-137.999322751903,69.9751811457138,-35.6000000000003));
#13338=CARTESIAN_POINT('Origin',(-137.999322751903,69.9751811457138,-31.6000000000003));
#13339=CARTESIAN_POINT('Origin',(-138.999322751903,69.9751811457138,-31.6000000000003));
#13340=CARTESIAN_POINT('',(-138.999322751903,69.9751811457138,-35.6000000000003));
#13341=CARTESIAN_POINT('',(0.,0.,0.));
#13342=CARTESIAN_POINT('Origin',(-137.999322751903,69.9751811457138,-31.6000000000003));
#13343=CARTESIAN_POINT('',(-135.999322751903,69.9751811457138,-42.6000000000003));
#13344=CARTESIAN_POINT('Origin',(-135.999322751903,69.9751811457138,-31.6000000000003));
#13345=CARTESIAN_POINT('',(-137.999322751903,69.9751811457138,-42.6000000000003));
#13346=CARTESIAN_POINT('',(-137.999322751903,69.9751811457138,-42.6000000000003));
#13347=CARTESIAN_POINT('Origin',(-137.999322751903,69.9751811457138,-31.6000000000003));
#13348=CARTESIAN_POINT('Origin',(-135.999322751903,69.9751811457138,-31.6000000000003));
#13349=CARTESIAN_POINT('',(-135.999322751903,62.4752225678443,-32.5750735032228));
#13350=CARTESIAN_POINT('Origin',(-135.999322751903,62.4752225678443,-31.5750735032228));
#13351=CARTESIAN_POINT('',(-135.999322751903,77.4751397235833,-32.6249264967777));
#13352=CARTESIAN_POINT('Origin',(-135.999322751903,77.4751397235833,-31.6249264967777));
#13353=CARTESIAN_POINT('',(-135.999322751903,70.0001076424913,-25.1000414221308));
#13354=CARTESIAN_POINT('Origin',(-135.999322751903,70.0001076424913,-24.1000414221308));
#13355=CARTESIAN_POINT('',(-135.999322751903,69.9502546489364,-40.0999585778698));
#13356=CARTESIAN_POINT('Origin',(-135.999322751903,69.9502546489364,-39.0999585778698));
#13357=CARTESIAN_POINT('Origin',(-134.999322751903,69.9502546489364,-39.0999585778698));
#13358=CARTESIAN_POINT('',(-138.999322751903,69.9502546489364,-40.0999585778698));
#13359=CARTESIAN_POINT('',(-134.999322751903,69.9502546489364,-40.0999585778698));
#13360=CARTESIAN_POINT('Origin',(-138.999322751903,69.9502546489364,-39.0999585778698));
#13361=CARTESIAN_POINT('Origin',(-138.999322751903,69.9502546489364,-39.0999585778698));
#13362=CARTESIAN_POINT('Origin',(-134.999322751903,77.4751397235833,-31.6249264967777));
#13363=CARTESIAN_POINT('',(-138.999322751903,77.4751397235833,-32.6249264967777));
#13364=CARTESIAN_POINT('',(-134.999322751903,77.4751397235833,-32.6249264967777));
#13365=CARTESIAN_POINT('Origin',(-138.999322751903,77.4751397235833,-31.6249264967777));
#13366=CARTESIAN_POINT('Origin',(-138.999322751903,77.4751397235833,-31.6249264967777));
#13367=CARTESIAN_POINT('Origin',(-134.999322751903,62.4752225678443,-31.5750735032228));
#13368=CARTESIAN_POINT('',(-138.999322751903,62.4752225678443,-32.5750735032228));
#13369=CARTESIAN_POINT('',(-134.999322751903,62.4752225678443,-32.5750735032228));
#13370=CARTESIAN_POINT('Origin',(-138.999322751903,62.4752225678443,-31.5750735032228));
#13371=CARTESIAN_POINT('Origin',(-138.999322751903,62.4752225678443,-31.5750735032228));
#13372=CARTESIAN_POINT('Origin',(-134.999322751903,70.0001076424913,-24.1000414221308));
#13373=CARTESIAN_POINT('',(-138.999322751903,70.0001076424913,-25.1000414221308));
#13374=CARTESIAN_POINT('',(-134.999322751903,70.0001076424913,-25.1000414221308));
#13375=CARTESIAN_POINT('Origin',(-138.999322751903,70.0001076424913,-24.1000414221308));
#13376=CARTESIAN_POINT('Origin',(-138.999322751903,70.0001076424913,-24.1000414221308));
#13377=CARTESIAN_POINT('Origin',(-137.999322751903,69.9751811457138,-31.6000000000003));
#13378=CARTESIAN_POINT('',(-139.631399555446,69.9751811457138,-39.1000000000003));
#13379=CARTESIAN_POINT('Origin',(-139.631399555446,69.9751811457138,-31.6000000000003));
#13380=CARTESIAN_POINT('',(-137.999322751903,69.9751811457138,-42.6000000000003));
#13381=CARTESIAN_POINT('Origin',(-137.999322751903,69.9751811457137,-31.6000000000003));
#13382=CARTESIAN_POINT('',(-139.631322751903,69.9751811457137,-39.0998352942719));
#13383=CARTESIAN_POINT('Origin',(-139.631322751903,69.9751811457137,-31.6000000000003));
#13384=CARTESIAN_POINT('',(-137.999322751903,69.9751811457137,-35.6000000000003));
#13385=CARTESIAN_POINT('Origin',(-139.631322751903,69.9751811457135,-31.6000000000001));
#13386=CARTESIAN_POINT('',(0.,0.,0.));
#13387=CARTESIAN_POINT('',(0.,0.,0.));
#13388=CARTESIAN_POINT('',(0.,0.,0.));
#13389=CARTESIAN_POINT('',(0.,0.,0.));
#13390=CARTESIAN_POINT('',(0.,0.,0.));
#13391=CARTESIAN_POINT('',(0.,0.,0.));
#13392=CARTESIAN_POINT('',(0.,0.,0.));
#13393=CARTESIAN_POINT('',(0.,0.,0.));
#13394=CARTESIAN_POINT('',(0.,0.,0.));
#13395=CARTESIAN_POINT('',(-2.00000000000057,-3.14470671725076E-13,-2.62590863586379E-12));
#13396=CARTESIAN_POINT('',(0.,0.,0.));
#13397=CARTESIAN_POINT('',(-90.3009231156759,150.393752574291,-35.5999999999997));
#13398=CARTESIAN_POINT('',(0.,0.,0.));
#13399=CARTESIAN_POINT('',(0.,0.,0.));
#13400=CARTESIAN_POINT('',(0.,0.,0.));
#13401=CARTESIAN_POINT('',(0.,0.,0.));
#13402=CARTESIAN_POINT('',(-211.998645503808,139.950362291427,1.00123982446375E-12));
#13403=UNCERTAINTY_MEASURE_WITH_UNIT(LENGTH_MEASURE(0.01),#13449,
'DISTANCE_ACCURACY_VALUE',
'Maximum model space distance between geometric entities at asserted c
onnectivities');
#13404=UNCERTAINTY_MEASURE_WITH_UNIT(LENGTH_MEASURE(0.01),#13449,
'DISTANCE_ACCURACY_VALUE',
'Maximum model space distance between geometric entities at asserted c
onnectivities');
#13405=UNCERTAINTY_MEASURE_WITH_UNIT(LENGTH_MEASURE(0.01),#13449,
'DISTANCE_ACCURACY_VALUE',
'Maximum model space distance between geometric entities at asserted c
onnectivities');
#13406=UNCERTAINTY_MEASURE_WITH_UNIT(LENGTH_MEASURE(0.01),#13449,
'DISTANCE_ACCURACY_VALUE',
'Maximum model space distance between geometric entities at asserted c
onnectivities');
#13407=UNCERTAINTY_MEASURE_WITH_UNIT(LENGTH_MEASURE(0.01),#13449,
'DISTANCE_ACCURACY_VALUE',
'Maximum model space distance between geometric entities at asserted c
onnectivities');
#13408=UNCERTAINTY_MEASURE_WITH_UNIT(LENGTH_MEASURE(0.01),#13449,
'DISTANCE_ACCURACY_VALUE',
'Maximum model space distance between geometric entities at asserted c
onnectivities');
#13409=UNCERTAINTY_MEASURE_WITH_UNIT(LENGTH_MEASURE(0.01),#13449,
'DISTANCE_ACCURACY_VALUE',
'Maximum model space distance between geometric entities at asserted c
onnectivities');
#13410=UNCERTAINTY_MEASURE_WITH_UNIT(LENGTH_MEASURE(0.01),#13449,
'DISTANCE_ACCURACY_VALUE',
'Maximum model space distance between geometric entities at asserted c
onnectivities');
#13411=UNCERTAINTY_MEASURE_WITH_UNIT(LENGTH_MEASURE(0.01),#13449,
'DISTANCE_ACCURACY_VALUE',
'Maximum model space distance between geometric entities at asserted c
onnectivities');
#13412=UNCERTAINTY_MEASURE_WITH_UNIT(LENGTH_MEASURE(0.01),#13449,
'DISTANCE_ACCURACY_VALUE',
'Maximum model space distance between geometric entities at asserted c
onnectivities');
#13413=UNCERTAINTY_MEASURE_WITH_UNIT(LENGTH_MEASURE(0.01),#13449,
'DISTANCE_ACCURACY_VALUE',
'Maximum model space distance between geometric entities at asserted c
onnectivities');
#13414=UNCERTAINTY_MEASURE_WITH_UNIT(LENGTH_MEASURE(0.01),#13449,
'DISTANCE_ACCURACY_VALUE',
'Maximum model space distance between geometric entities at asserted c
onnectivities');
#13415=UNCERTAINTY_MEASURE_WITH_UNIT(LENGTH_MEASURE(0.01),#13449,
'DISTANCE_ACCURACY_VALUE',
'Maximum model space distance between geometric entities at asserted c
onnectivities');
#13416=UNCERTAINTY_MEASURE_WITH_UNIT(LENGTH_MEASURE(0.01),#13449,
'DISTANCE_ACCURACY_VALUE',
'Maximum model space distance between geometric entities at asserted c
onnectivities');
#13417=UNCERTAINTY_MEASURE_WITH_UNIT(LENGTH_MEASURE(0.01),#13449,
'DISTANCE_ACCURACY_VALUE',
'Maximum model space distance between geometric entities at asserted c
onnectivities');
#13418=UNCERTAINTY_MEASURE_WITH_UNIT(LENGTH_MEASURE(0.01),#13449,
'DISTANCE_ACCURACY_VALUE',
'Maximum model space distance between geometric entities at asserted c
onnectivities');
#13419=UNCERTAINTY_MEASURE_WITH_UNIT(LENGTH_MEASURE(0.01),#13449,
'DISTANCE_ACCURACY_VALUE',
'Maximum model space distance between geometric entities at asserted c
onnectivities');
#13420=UNCERTAINTY_MEASURE_WITH_UNIT(LENGTH_MEASURE(0.01),#13449,
'DISTANCE_ACCURACY_VALUE',
'Maximum model space distance between geometric entities at asserted c
onnectivities');
#13421=UNCERTAINTY_MEASURE_WITH_UNIT(LENGTH_MEASURE(0.01),#13449,
'DISTANCE_ACCURACY_VALUE',
'Maximum model space distance between geometric entities at asserted c
onnectivities');
#13422=UNCERTAINTY_MEASURE_WITH_UNIT(LENGTH_MEASURE(0.01),#13449,
'DISTANCE_ACCURACY_VALUE',
'Maximum model space distance between geometric entities at asserted c
onnectivities');
#13423=UNCERTAINTY_MEASURE_WITH_UNIT(LENGTH_MEASURE(0.01),#13449,
'DISTANCE_ACCURACY_VALUE',
'Maximum model space distance between geometric entities at asserted c
onnectivities');
#13424=UNCERTAINTY_MEASURE_WITH_UNIT(LENGTH_MEASURE(0.01),#13449,
'DISTANCE_ACCURACY_VALUE',
'Maximum model space distance between geometric entities at asserted c
onnectivities');
#13425=UNCERTAINTY_MEASURE_WITH_UNIT(LENGTH_MEASURE(0.01),#13449,
'DISTANCE_ACCURACY_VALUE',
'Maximum model space distance between geometric entities at asserted c
onnectivities');
#13426=(
GEOMETRIC_REPRESENTATION_CONTEXT(3)
GLOBAL_UNCERTAINTY_ASSIGNED_CONTEXT((#13403))
GLOBAL_UNIT_ASSIGNED_CONTEXT((#13449,#13451,#13452))
REPRESENTATION_CONTEXT('','3D')
);
#13427=(
GEOMETRIC_REPRESENTATION_CONTEXT(3)
GLOBAL_UNCERTAINTY_ASSIGNED_CONTEXT((#13404))
GLOBAL_UNIT_ASSIGNED_CONTEXT((#13449,#13451,#13452))
REPRESENTATION_CONTEXT('','3D')
);
#13428=(
GEOMETRIC_REPRESENTATION_CONTEXT(3)
GLOBAL_UNCERTAINTY_ASSIGNED_CONTEXT((#13405))
GLOBAL_UNIT_ASSIGNED_CONTEXT((#13449,#13451,#13452))
REPRESENTATION_CONTEXT('','3D')
);
#13429=(
GEOMETRIC_REPRESENTATION_CONTEXT(3)
GLOBAL_UNCERTAINTY_ASSIGNED_CONTEXT((#13406))
GLOBAL_UNIT_ASSIGNED_CONTEXT((#13449,#13451,#13452))
REPRESENTATION_CONTEXT('','3D')
);
#13430=(
GEOMETRIC_REPRESENTATION_CONTEXT(3)
GLOBAL_UNCERTAINTY_ASSIGNED_CONTEXT((#13407))
GLOBAL_UNIT_ASSIGNED_CONTEXT((#13449,#13451,#13452))
REPRESENTATION_CONTEXT('','3D')
);
#13431=(
GEOMETRIC_REPRESENTATION_CONTEXT(3)
GLOBAL_UNCERTAINTY_ASSIGNED_CONTEXT((#13408))
GLOBAL_UNIT_ASSIGNED_CONTEXT((#13449,#13451,#13452))
REPRESENTATION_CONTEXT('','3D')
);
#13432=(
GEOMETRIC_REPRESENTATION_CONTEXT(3)
GLOBAL_UNCERTAINTY_ASSIGNED_CONTEXT((#13409))
GLOBAL_UNIT_ASSIGNED_CONTEXT((#13449,#13451,#13452))
REPRESENTATION_CONTEXT('','3D')
);
#13433=(
GEOMETRIC_REPRESENTATION_CONTEXT(3)
GLOBAL_UNCERTAINTY_ASSIGNED_CONTEXT((#13410))
GLOBAL_UNIT_ASSIGNED_CONTEXT((#13449,#13451,#13452))
REPRESENTATION_CONTEXT('','3D')
);
#13434=(
GEOMETRIC_REPRESENTATION_CONTEXT(3)
GLOBAL_UNCERTAINTY_ASSIGNED_CONTEXT((#13411))
GLOBAL_UNIT_ASSIGNED_CONTEXT((#13449,#13451,#13452))
REPRESENTATION_CONTEXT('','3D')
);
#13435=(
GEOMETRIC_REPRESENTATION_CONTEXT(3)
GLOBAL_UNCERTAINTY_ASSIGNED_CONTEXT((#13412))
GLOBAL_UNIT_ASSIGNED_CONTEXT((#13449,#13451,#13452))
REPRESENTATION_CONTEXT('','3D')
);
#13436=(
GEOMETRIC_REPRESENTATION_CONTEXT(3)
GLOBAL_UNCERTAINTY_ASSIGNED_CONTEXT((#13413))
GLOBAL_UNIT_ASSIGNED_CONTEXT((#13449,#13451,#13452))
REPRESENTATION_CONTEXT('','3D')
);
#13437=(
GEOMETRIC_REPRESENTATION_CONTEXT(3)
GLOBAL_UNCERTAINTY_ASSIGNED_CONTEXT((#13414))
GLOBAL_UNIT_ASSIGNED_CONTEXT((#13449,#13451,#13452))
REPRESENTATION_CONTEXT('','3D')
);
#13438=(
GEOMETRIC_REPRESENTATION_CONTEXT(3)
GLOBAL_UNCERTAINTY_ASSIGNED_CONTEXT((#13415))
GLOBAL_UNIT_ASSIGNED_CONTEXT((#13449,#13451,#13452))
REPRESENTATION_CONTEXT('','3D')
);
#13439=(
GEOMETRIC_REPRESENTATION_CONTEXT(3)
GLOBAL_UNCERTAINTY_ASSIGNED_CONTEXT((#13416))
GLOBAL_UNIT_ASSIGNED_CONTEXT((#13449,#13451,#13452))
REPRESENTATION_CONTEXT('','3D')
);
#13440=(
GEOMETRIC_REPRESENTATION_CONTEXT(3)
GLOBAL_UNCERTAINTY_ASSIGNED_CONTEXT((#13417))
GLOBAL_UNIT_ASSIGNED_CONTEXT((#13449,#13451,#13452))
REPRESENTATION_CONTEXT('','3D')
);
#13441=(
GEOMETRIC_REPRESENTATION_CONTEXT(3)
GLOBAL_UNCERTAINTY_ASSIGNED_CONTEXT((#13418))
GLOBAL_UNIT_ASSIGNED_CONTEXT((#13449,#13451,#13452))
REPRESENTATION_CONTEXT('','3D')
);
#13442=(
GEOMETRIC_REPRESENTATION_CONTEXT(3)
GLOBAL_UNCERTAINTY_ASSIGNED_CONTEXT((#13419))
GLOBAL_UNIT_ASSIGNED_CONTEXT((#13449,#13451,#13452))
REPRESENTATION_CONTEXT('','3D')
);
#13443=(
GEOMETRIC_REPRESENTATION_CONTEXT(3)
GLOBAL_UNCERTAINTY_ASSIGNED_CONTEXT((#13420))
GLOBAL_UNIT_ASSIGNED_CONTEXT((#13449,#13451,#13452))
REPRESENTATION_CONTEXT('','3D')
);
#13444=(
GEOMETRIC_REPRESENTATION_CONTEXT(3)
GLOBAL_UNCERTAINTY_ASSIGNED_CONTEXT((#13421))
GLOBAL_UNIT_ASSIGNED_CONTEXT((#13449,#13451,#13452))
REPRESENTATION_CONTEXT('','3D')
);
#13445=(
GEOMETRIC_REPRESENTATION_CONTEXT(3)
GLOBAL_UNCERTAINTY_ASSIGNED_CONTEXT((#13422))
GLOBAL_UNIT_ASSIGNED_CONTEXT((#13449,#13451,#13452))
REPRESENTATION_CONTEXT('','3D')
);
#13446=(
GEOMETRIC_REPRESENTATION_CONTEXT(3)
GLOBAL_UNCERTAINTY_ASSIGNED_CONTEXT((#13423))
GLOBAL_UNIT_ASSIGNED_CONTEXT((#13449,#13451,#13452))
REPRESENTATION_CONTEXT('','3D')
);
#13447=(
GEOMETRIC_REPRESENTATION_CONTEXT(3)
GLOBAL_UNCERTAINTY_ASSIGNED_CONTEXT((#13424))
GLOBAL_UNIT_ASSIGNED_CONTEXT((#13449,#13451,#13452))
REPRESENTATION_CONTEXT('','3D')
);
#13448=(
GEOMETRIC_REPRESENTATION_CONTEXT(3)
GLOBAL_UNCERTAINTY_ASSIGNED_CONTEXT((#13425))
GLOBAL_UNIT_ASSIGNED_CONTEXT((#13449,#13451,#13452))
REPRESENTATION_CONTEXT('','3D')
);
#13449=(
LENGTH_UNIT()
NAMED_UNIT(*)
SI_UNIT(.MILLI.,.METRE.)
);
#13450=(
LENGTH_UNIT()
NAMED_UNIT(*)
SI_UNIT($,.METRE.)
);
#13451=(
NAMED_UNIT(*)
PLANE_ANGLE_UNIT()
SI_UNIT($,.RADIAN.)
);
#13452=(
NAMED_UNIT(*)
SI_UNIT($,.STERADIAN.)
SOLID_ANGLE_UNIT()
);
#13453=SHAPE_DEFINITION_REPRESENTATION(#13475,#13525);
#13454=SHAPE_DEFINITION_REPRESENTATION(#13476,#13526);
#13455=SHAPE_DEFINITION_REPRESENTATION(#13477,#13527);
#13456=SHAPE_DEFINITION_REPRESENTATION(#13478,#13528);
#13457=SHAPE_DEFINITION_REPRESENTATION(#13479,#13529);
#13458=SHAPE_DEFINITION_REPRESENTATION(#13480,#13530);
#13459=SHAPE_DEFINITION_REPRESENTATION(#13481,#13531);
#13460=SHAPE_DEFINITION_REPRESENTATION(#13490,#13532);
#13461=SHAPE_DEFINITION_REPRESENTATION(#13491,#13533);
#13462=SHAPE_DEFINITION_REPRESENTATION(#13492,#13534);
#13463=SHAPE_DEFINITION_REPRESENTATION(#13493,#13535);
#13464=SHAPE_DEFINITION_REPRESENTATION(#13494,#13536);
#13465=SHAPE_DEFINITION_REPRESENTATION(#13495,#13537);
#13466=SHAPE_DEFINITION_REPRESENTATION(#13496,#13538);
#13467=SHAPE_DEFINITION_REPRESENTATION(#13497,#13539);
#13468=SHAPE_DEFINITION_REPRESENTATION(#13498,#13540);
#13469=SHAPE_DEFINITION_REPRESENTATION(#13499,#13541);
#13470=SHAPE_DEFINITION_REPRESENTATION(#13503,#13542);
#13471=SHAPE_DEFINITION_REPRESENTATION(#13504,#13543);
#13472=SHAPE_DEFINITION_REPRESENTATION(#13505,#13544);
#13473=SHAPE_DEFINITION_REPRESENTATION(#13506,#13545);
#13474=SHAPE_DEFINITION_REPRESENTATION(#13507,#13546);
#13475=PRODUCT_DEFINITION_SHAPE('',$,#13548);
#13476=PRODUCT_DEFINITION_SHAPE('',$,#13549);
#13477=PRODUCT_DEFINITION_SHAPE('',$,#13550);
#13478=PRODUCT_DEFINITION_SHAPE('',$,#13551);
#13479=PRODUCT_DEFINITION_SHAPE('',$,#13552);
#13480=PRODUCT_DEFINITION_SHAPE('',$,#13553);
#13481=PRODUCT_DEFINITION_SHAPE('',$,#13554);
#13482=PRODUCT_DEFINITION_SHAPE($,$,#294);
#13483=PRODUCT_DEFINITION_SHAPE($,$,#295);
#13484=PRODUCT_DEFINITION_SHAPE($,$,#296);
#13485=PRODUCT_DEFINITION_SHAPE($,$,#297);
#13486=PRODUCT_DEFINITION_SHAPE($,$,#298);
#13487=PRODUCT_DEFINITION_SHAPE($,$,#299);
#13488=PRODUCT_DEFINITION_SHAPE($,$,#300);
#13489=PRODUCT_DEFINITION_SHAPE($,$,#301);
#13490=PRODUCT_DEFINITION_SHAPE('',$,#13555);
#13491=PRODUCT_DEFINITION_SHAPE('',$,#13556);
#13492=PRODUCT_DEFINITION_SHAPE('',$,#13557);
#13493=PRODUCT_DEFINITION_SHAPE('',$,#13558);
#13494=PRODUCT_DEFINITION_SHAPE('',$,#13559);
#13495=PRODUCT_DEFINITION_SHAPE('',$,#13560);
#13496=PRODUCT_DEFINITION_SHAPE('',$,#13561);
#13497=PRODUCT_DEFINITION_SHAPE('',$,#13562);
#13498=PRODUCT_DEFINITION_SHAPE('',$,#13563);
#13499=PRODUCT_DEFINITION_SHAPE('',$,#13564);
#13500=PRODUCT_DEFINITION_SHAPE($,$,#302);
#13501=PRODUCT_DEFINITION_SHAPE($,$,#303);
#13502=PRODUCT_DEFINITION_SHAPE($,$,#304);
#13503=PRODUCT_DEFINITION_SHAPE('',$,#13565);
#13504=PRODUCT_DEFINITION_SHAPE('',$,#13566);
#13505=PRODUCT_DEFINITION_SHAPE('',$,#13567);
#13506=PRODUCT_DEFINITION_SHAPE('',$,#13568);
#13507=PRODUCT_DEFINITION_SHAPE('',$,#13569);
#13508=PRODUCT_DEFINITION_SHAPE($,$,#305);
#13509=PRODUCT_DEFINITION_SHAPE($,$,#306);
#13510=PRODUCT_DEFINITION_SHAPE($,$,#307);
#13511=PRODUCT_DEFINITION_SHAPE($,$,#308);
#13512=PRODUCT_DEFINITION_SHAPE($,$,#309);
#13513=PRODUCT_DEFINITION_SHAPE($,$,#310);
#13514=PRODUCT_DEFINITION_SHAPE($,$,#311);
#13515=PRODUCT_DEFINITION_SHAPE($,$,#312);
#13516=PRODUCT_DEFINITION_SHAPE($,$,#313);
#13517=PRODUCT_DEFINITION_SHAPE($,$,#314);
#13518=PRODUCT_DEFINITION_SHAPE($,$,#315);
#13519=PRODUCT_DEFINITION_SHAPE($,$,#316);
#13520=PRODUCT_DEFINITION_SHAPE($,$,#317);
#13521=PRODUCT_DEFINITION_SHAPE($,$,#318);
#13522=PRODUCT_DEFINITION_SHAPE($,$,#319);
#13523=PRODUCT_DEFINITION_SHAPE($,$,#320);
#13524=PRODUCT_DEFINITION_SHAPE($,$,#321);
#13525=SHAPE_REPRESENTATION('',(#6300,#7017,#7018,#7019,#7020,#7021,#7022,
#7023,#7024,#7025,#7026,#7027,#7028,#7029,#7030,#7031,#7032,#7033),#13426);
#13526=SHAPE_REPRESENTATION('',(#6301,#6381,#6382),#13427);
#13527=SHAPE_REPRESENTATION('',(#6302,#6383,#6384),#13428);
#13528=SHAPE_REPRESENTATION('',(#6303,#6385,#6386),#13429);
#13529=SHAPE_REPRESENTATION('',(#6304,#6387,#6388),#13430);
#13530=SHAPE_REPRESENTATION('',(#6305),#13431);
#13531=SHAPE_REPRESENTATION('',(#6359),#13432);
#13532=SHAPE_REPRESENTATION('',(#6389),#13433);
#13533=SHAPE_REPRESENTATION('',(#6488),#13434);
#13534=SHAPE_REPRESENTATION('',(#6494),#13435);
#13535=SHAPE_REPRESENTATION('',(#6697),#13436);
#13536=SHAPE_REPRESENTATION('',(#6703),#13437);
#13537=SHAPE_REPRESENTATION('',(#6709),#13438);
#13538=SHAPE_REPRESENTATION('',(#6808,#6864),#13439);
#13539=SHAPE_REPRESENTATION('',(#6809,#6862,#6863),#13440);
#13540=SHAPE_REPRESENTATION('',(#6810),#13441);
#13541=SHAPE_REPRESENTATION('',(#6827),#13442);
#13542=SHAPE_REPRESENTATION('',(#6865),#13443);
#13543=SHAPE_REPRESENTATION('',(#6901),#13444);
#13544=SHAPE_REPRESENTATION('',(#6927),#13445);
#13545=SHAPE_REPRESENTATION('',(#6955),#13446);
#13546=SHAPE_REPRESENTATION('',(#6991),#13447);
#13547=PRODUCT_DEFINITION_CONTEXT('part definition',#13615,'design');
#13548=PRODUCT_DEFINITION('Wrist - Exploded','Wrist - Exploded v2',#13570,
#13547);
#13549=PRODUCT_DEFINITION('688ZZ Bearing Assembly',
'16mmOD 8mmID Bearing v3',#13571,#13547);
#13550=PRODUCT_DEFINITION('688ZZ Bearing Assembly_1',
'16mmOD 8mmID Bearing v3',#13572,#13547);
#13551=PRODUCT_DEFINITION('688ZZ Bearing Assembly_2',
'16mmOD 8mmID Bearing v3',#13573,#13547);
#13552=PRODUCT_DEFINITION('688ZZ Bearing Assembly_3',
'16mmOD 8mmID Bearing v3',#13574,#13547);
#13553=PRODUCT_DEFINITION('Outer Ring','Outer Ring',#13575,#13547);
#13554=PRODUCT_DEFINITION('Inner Ring','Inner Ring',#13576,#13547);
#13555=PRODUCT_DEFINITION('Base Rear (1)','Base Rear (1)',#13577,#13547);
#13556=PRODUCT_DEFINITION('Deviation Axle (1)','Deviation Axle (1)',#13578,
#13547);
#13557=PRODUCT_DEFINITION('Middle Link','Middle Link',#13579,#13547);
#13558=PRODUCT_DEFINITION('Flex/Ext Axle','Flex/Ext Axle',#13580,#13547);
#13559=PRODUCT_DEFINITION('Flex/Ext Axle (1)','Flex/Ext Axle (1)',#13581,
#13547);
#13560=PRODUCT_DEFINITION('Base Front (1)','Base Front (1)',#13582,#13547);
#13561=PRODUCT_DEFINITION('Palm Covers v36','Palm Covers v36',#13583,#13547);
#13562=PRODUCT_DEFINITION('Palm v21','Palm v21',#13584,#13547);
#13563=PRODUCT_DEFINITION('Flex/Ext Pulley','Flex/Ext Pulley',#13585,#13547);
#13564=PRODUCT_DEFINITION('Palm','Palm',#13586,#13547);
#13565=PRODUCT_DEFINITION('OT','OT',#13587,#13547);
#13566=PRODUCT_DEFINITION('IT','IT',#13588,#13547);
#13567=PRODUCT_DEFINITION('IP','IP',#13589,#13547);
#13568=PRODUCT_DEFINITION('OP','OP',#13590,#13547);
#13569=PRODUCT_DEFINITION('Cap','Cap',#13591,#13547);
#13570=PRODUCT_DEFINITION_FORMATION('',$,#13617);
#13571=PRODUCT_DEFINITION_FORMATION('',$,#13618);
#13572=PRODUCT_DEFINITION_FORMATION('',$,#13619);
#13573=PRODUCT_DEFINITION_FORMATION('',$,#13620);
#13574=PRODUCT_DEFINITION_FORMATION('',$,#13621);
#13575=PRODUCT_DEFINITION_FORMATION('',$,#13622);
#13576=PRODUCT_DEFINITION_FORMATION('',$,#13623);
#13577=PRODUCT_DEFINITION_FORMATION('',$,#13624);
#13578=PRODUCT_DEFINITION_FORMATION('',$,#13625);
#13579=PRODUCT_DEFINITION_FORMATION('',$,#13626);
#13580=PRODUCT_DEFINITION_FORMATION('',$,#13627);
#13581=PRODUCT_DEFINITION_FORMATION('',$,#13628);
#13582=PRODUCT_DEFINITION_FORMATION('',$,#13629);
#13583=PRODUCT_DEFINITION_FORMATION('',$,#13630);
#13584=PRODUCT_DEFINITION_FORMATION('',$,#13631);
#13585=PRODUCT_DEFINITION_FORMATION('',$,#13632);
#13586=PRODUCT_DEFINITION_FORMATION('',$,#13633);
#13587=PRODUCT_DEFINITION_FORMATION('',$,#13634);
#13588=PRODUCT_DEFINITION_FORMATION('',$,#13635);
#13589=PRODUCT_DEFINITION_FORMATION('',$,#13636);
#13590=PRODUCT_DEFINITION_FORMATION('',$,#13637);
#13591=PRODUCT_DEFINITION_FORMATION('',$,#13638);
#13592=PRODUCT_RELATED_PRODUCT_CATEGORY('Wrist - Exploded v2',
'Wrist - Exploded v2',(#13617));
#13593=PRODUCT_RELATED_PRODUCT_CATEGORY('16mmOD 8mmID Bearing v3',
'16mmOD 8mmID Bearing v3',(#13618));
#13594=PRODUCT_RELATED_PRODUCT_CATEGORY('16mmOD 8mmID Bearing v3',
'16mmOD 8mmID Bearing v3',(#13619));
#13595=PRODUCT_RELATED_PRODUCT_CATEGORY('16mmOD 8mmID Bearing v3',
'16mmOD 8mmID Bearing v3',(#13620));
#13596=PRODUCT_RELATED_PRODUCT_CATEGORY('16mmOD 8mmID Bearing v3',
'16mmOD 8mmID Bearing v3',(#13621));
#13597=PRODUCT_RELATED_PRODUCT_CATEGORY('Outer Ring','Outer Ring',(#13622));
#13598=PRODUCT_RELATED_PRODUCT_CATEGORY('Inner Ring','Inner Ring',(#13623));
#13599=PRODUCT_RELATED_PRODUCT_CATEGORY('Base Rear (1)','Base Rear (1)',
(#13624));
#13600=PRODUCT_RELATED_PRODUCT_CATEGORY('Deviation Axle (1)',
'Deviation Axle (1)',(#13625));
#13601=PRODUCT_RELATED_PRODUCT_CATEGORY('Middle Link','Middle Link',(#13626));
#13602=PRODUCT_RELATED_PRODUCT_CATEGORY('Flex/Ext Axle','Flex/Ext Axle',
(#13627));
#13603=PRODUCT_RELATED_PRODUCT_CATEGORY('Flex/Ext Axle (1)',
'Flex/Ext Axle (1)',(#13628));
#13604=PRODUCT_RELATED_PRODUCT_CATEGORY('Base Front (1)',
'Base Front (1)',(#13629));
#13605=PRODUCT_RELATED_PRODUCT_CATEGORY('Palm Covers v36',
'Palm Covers v36',(#13630));
#13606=PRODUCT_RELATED_PRODUCT_CATEGORY('Palm v21','Palm v21',(#13631));
#13607=PRODUCT_RELATED_PRODUCT_CATEGORY('Flex/Ext Pulley',
'Flex/Ext Pulley',(#13632));
#13608=PRODUCT_RELATED_PRODUCT_CATEGORY('Palm','Palm',(#13633));
#13609=PRODUCT_RELATED_PRODUCT_CATEGORY('OT','OT',(#13634));
#13610=PRODUCT_RELATED_PRODUCT_CATEGORY('IT','IT',(#13635));
#13611=PRODUCT_RELATED_PRODUCT_CATEGORY('IP','IP',(#13636));
#13612=PRODUCT_RELATED_PRODUCT_CATEGORY('OP','OP',(#13637));
#13613=PRODUCT_RELATED_PRODUCT_CATEGORY('Cap','Cap',(#13638));
#13614=APPLICATION_PROTOCOL_DEFINITION('international standard',
'automotive_design',2009,#13615);
#13615=APPLICATION_CONTEXT(
'Core Data for Automotive Mechanical Design Process');
#13616=PRODUCT_CONTEXT('part definition',#13615,'mechanical');
#13617=PRODUCT('Wrist - Exploded','Wrist - Exploded v2',$,(#13616));
#13618=PRODUCT('688ZZ Bearing Assembly','16mmOD 8mmID Bearing v3',$,(#13616));
#13619=PRODUCT('688ZZ Bearing Assembly_1','16mmOD 8mmID Bearing v3',$,(#13616));
#13620=PRODUCT('688ZZ Bearing Assembly_2','16mmOD 8mmID Bearing v3',$,(#13616));
#13621=PRODUCT('688ZZ Bearing Assembly_3','16mmOD 8mmID Bearing v3',$,(#13616));
#13622=PRODUCT('Outer Ring','Outer Ring',$,(#13616));
#13623=PRODUCT('Inner Ring','Inner Ring',$,(#13616));
#13624=PRODUCT('Base Rear (1)','Base Rear (1)',$,(#13616));
#13625=PRODUCT('Deviation Axle (1)','Deviation Axle (1)',$,(#13616));
#13626=PRODUCT('Middle Link','Middle Link',$,(#13616));
#13627=PRODUCT('Flex/Ext Axle','Flex/Ext Axle',$,(#13616));
#13628=PRODUCT('Flex/Ext Axle (1)','Flex/Ext Axle (1)',$,(#13616));
#13629=PRODUCT('Base Front (1)','Base Front (1)',$,(#13616));
#13630=PRODUCT('Palm Covers v36','Palm Covers v36',$,(#13616));
#13631=PRODUCT('Palm v21','Palm v21',$,(#13616));
#13632=PRODUCT('Flex/Ext Pulley','Flex/Ext Pulley',$,(#13616));
#13633=PRODUCT('Palm','Palm',$,(#13616));
#13634=PRODUCT('OT','OT',$,(#13616));
#13635=PRODUCT('IT','IT',$,(#13616));
#13636=PRODUCT('IP','IP',$,(#13616));
#13637=PRODUCT('OP','OP',$,(#13616));
#13638=PRODUCT('Cap','Cap',$,(#13616));
#13639=PRESENTATION_STYLE_ASSIGNMENT((#13653));
#13640=PRESENTATION_STYLE_ASSIGNMENT((#13654));
#13641=PRESENTATION_STYLE_ASSIGNMENT((#13655));
#13642=PRESENTATION_STYLE_ASSIGNMENT((#13656));
#13643=PRESENTATION_STYLE_ASSIGNMENT((#13657));
#13644=PRESENTATION_STYLE_ASSIGNMENT((#13658));
#13645=PRESENTATION_STYLE_ASSIGNMENT((#13659));
#13646=PRESENTATION_STYLE_ASSIGNMENT((#13660));
#13647=PRESENTATION_STYLE_ASSIGNMENT((#13661));
#13648=PRESENTATION_STYLE_ASSIGNMENT((#13662));
#13649=PRESENTATION_STYLE_ASSIGNMENT((#13663));
#13650=PRESENTATION_STYLE_ASSIGNMENT((#13664));
#13651=PRESENTATION_STYLE_ASSIGNMENT((#13665));
#13652=PRESENTATION_STYLE_ASSIGNMENT((#13666));
#13653=SURFACE_STYLE_USAGE(.BOTH.,#13667);
#13654=SURFACE_STYLE_USAGE(.BOTH.,#13668);
#13655=SURFACE_STYLE_USAGE(.BOTH.,#13669);
#13656=SURFACE_STYLE_USAGE(.BOTH.,#13670);
#13657=SURFACE_STYLE_USAGE(.BOTH.,#13671);
#13658=SURFACE_STYLE_USAGE(.BOTH.,#13672);
#13659=SURFACE_STYLE_USAGE(.BOTH.,#13673);
#13660=SURFACE_STYLE_USAGE(.BOTH.,#13674);
#13661=SURFACE_STYLE_USAGE(.BOTH.,#13675);
#13662=SURFACE_STYLE_USAGE(.BOTH.,#13676);
#13663=SURFACE_STYLE_USAGE(.BOTH.,#13677);
#13664=SURFACE_STYLE_USAGE(.BOTH.,#13678);
#13665=SURFACE_STYLE_USAGE(.BOTH.,#13679);
#13666=SURFACE_STYLE_USAGE(.BOTH.,#13680);
#13667=SURFACE_SIDE_STYLE('',(#13681));
#13668=SURFACE_SIDE_STYLE('',(#13682));
#13669=SURFACE_SIDE_STYLE('',(#13683));
#13670=SURFACE_SIDE_STYLE('',(#13684));
#13671=SURFACE_SIDE_STYLE('',(#13685));
#13672=SURFACE_SIDE_STYLE('',(#13686));
#13673=SURFACE_SIDE_STYLE('',(#13687));
#13674=SURFACE_SIDE_STYLE('',(#13688));
#13675=SURFACE_SIDE_STYLE('',(#13689));
#13676=SURFACE_SIDE_STYLE('',(#13690));
#13677=SURFACE_SIDE_STYLE('',(#13691));
#13678=SURFACE_SIDE_STYLE('',(#13692));
#13679=SURFACE_SIDE_STYLE('',(#13693));
#13680=SURFACE_SIDE_STYLE('',(#13694));
#13681=SURFACE_STYLE_FILL_AREA(#13695);
#13682=SURFACE_STYLE_FILL_AREA(#13696);
#13683=SURFACE_STYLE_FILL_AREA(#13697);
#13684=SURFACE_STYLE_FILL_AREA(#13698);
#13685=SURFACE_STYLE_FILL_AREA(#13699);
#13686=SURFACE_STYLE_FILL_AREA(#13700);
#13687=SURFACE_STYLE_FILL_AREA(#13701);
#13688=SURFACE_STYLE_FILL_AREA(#13702);
#13689=SURFACE_STYLE_FILL_AREA(#13703);
#13690=SURFACE_STYLE_FILL_AREA(#13704);
#13691=SURFACE_STYLE_FILL_AREA(#13705);
#13692=SURFACE_STYLE_FILL_AREA(#13706);
#13693=SURFACE_STYLE_FILL_AREA(#13707);
#13694=SURFACE_STYLE_FILL_AREA(#13708);
#13695=FILL_AREA_STYLE('Opaque(255,191,0)',(#13709));
#13696=FILL_AREA_STYLE('Steel - Satin',(#13710));
#13697=FILL_AREA_STYLE('ABS (White)',(#13711));
#13698=FILL_AREA_STYLE('Opaque(119,109,69)',(#13712));
#13699=FILL_AREA_STYLE('Opaque(255,190,0)',(#13713));
#13700=FILL_AREA_STYLE('Transparent(54,155,54)',(#13714));
#13701=FILL_AREA_STYLE('Opaque(215,15,15)',(#13715));
#13702=FILL_AREA_STYLE('Rubber - Soft',(#13716));
#13703=FILL_AREA_STYLE('Powder Coat (Grey)',(#13717));
#13704=FILL_AREA_STYLE('Powder Coat (White)',(#13718));
#13705=FILL_AREA_STYLE('Powder Coat (Red)',(#13719));
#13706=FILL_AREA_STYLE('Powder Coat (Blue)',(#13720));
#13707=FILL_AREA_STYLE('Powder Coat (Grey)',(#13721));
#13708=FILL_AREA_STYLE('Powder Coat (White)',(#13722));
#13709=FILL_AREA_STYLE_COLOUR('Opaque(255,191,0)',#13723);
#13710=FILL_AREA_STYLE_COLOUR('Steel - Satin',#13724);
#13711=FILL_AREA_STYLE_COLOUR('ABS (White)',#13725);
#13712=FILL_AREA_STYLE_COLOUR('Opaque(119,109,69)',#13726);
#13713=FILL_AREA_STYLE_COLOUR('Opaque(255,190,0)',#13727);
#13714=FILL_AREA_STYLE_COLOUR('Transparent(54,155,54)',#13728);
#13715=FILL_AREA_STYLE_COLOUR('Opaque(215,15,15)',#13729);
#13716=FILL_AREA_STYLE_COLOUR('Rubber - Soft',#13730);
#13717=FILL_AREA_STYLE_COLOUR('Powder Coat (Grey)',#13731);
#13718=FILL_AREA_STYLE_COLOUR('Powder Coat (White)',#13732);
#13719=FILL_AREA_STYLE_COLOUR('Powder Coat (Red)',#13733);
#13720=FILL_AREA_STYLE_COLOUR('Powder Coat (Blue)',#13734);
#13721=FILL_AREA_STYLE_COLOUR('Powder Coat (Grey)',#13735);
#13722=FILL_AREA_STYLE_COLOUR('Powder Coat (White)',#13736);
#13723=COLOUR_RGB('Opaque(255,191,0)',1.,0.749019607843137,0.);
#13724=COLOUR_RGB('Steel - Satin',0.627450980392157,0.627450980392157,0.627450980392157);
#13725=COLOUR_RGB('ABS (White)',0.964705882352941,0.964705882352941,0.952941176470588);
#13726=COLOUR_RGB('Opaque(119,109,69)',0.470588235294118,0.431372549019608,
0.274509803921569);
#13727=COLOUR_RGB('Opaque(255,190,0)',1.,0.749019607843137,0.);
#13728=COLOUR_RGB('Transparent(54,155,54)',0.215686274509804,0.607843137254902,
0.215686274509804);
#13729=COLOUR_RGB('Opaque(215,15,15)',0.843137254901961,0.0588235294117647,
0.0588235294117647);
#13730=COLOUR_RGB('Rubber - Soft',0.152941176470588,0.152941176470588,0.152941176470588);
#13731=COLOUR_RGB('Powder Coat (Grey)',0.207843137254902,0.207843137254902,
0.207843137254902);
#13732=COLOUR_RGB('Powder Coat (White)',1.,1.,1.);
#13733=COLOUR_RGB('Powder Coat (Red)',0.768627450980392,0.207843137254902,
0.152941176470588);
#13734=COLOUR_RGB('Powder Coat (Blue)',0.188235294117647,0.231372549019608,
0.588235294117647);
#13735=COLOUR_RGB('Powder Coat (Grey)',0.180392156862745,0.180392156862745,
0.180392156862745);
#13736=COLOUR_RGB('Powder Coat (White)',0.964705882352941,0.964705882352941,
0.952941176470588);
ENDSEC;
END-ISO-10303-21;
