ISO-10303-21;
HEADER;
/* Generated by software containing ST-Developer
 * from STEP Tools, Inc. (www.steptools.com) 
 */

FILE_DESCRIPTION(
/* description */ (''),
/* implementation_level */ '2;1');

FILE_NAME(
/* name */ 'Spool - Flexion.step',
/* time_stamp */ '2026-03-10T17:19:14Z',
/* author */ (''),
/* organization */ (''),
/* preprocessor_version */ 'ST-DEVELOPER v20.1',
/* originating_system */ 'Autodesk Translation Framework v14.21.0.0',
/* authorisation */ '');

FILE_SCHEMA (('AUTOMOTIVE_DESIGN { 1 0 10303 214 3 1 1 }'));
ENDSEC;

DATA;
#10=MECHANICAL_DESIGN_GEOMETRIC_PRESENTATION_REPRESENTATION('',(#43,#44,
#45,#46),#2008);
#11=ITEM_DEFINED_TRANSFORMATION($,$,#1029,#1160);
#12=ITEM_DEFINED_TRANSFORMATION($,$,#1029,#1161);
#13=ITEM_DEFINED_TRANSFORMATION($,$,#1038,#1162);
#14=ITEM_DEFINED_TRANSFORMATION($,$,#1065,#1163);
#15=(
REPRESENTATION_RELATIONSHIP($,$,#2026,#2025)
REPRESENTATION_RELATIONSHIP_WITH_TRANSFORMATION(#11)
SHAPE_REPRESENTATION_RELATIONSHIP()
);
#16=(
REPRESENTATION_RELATIONSHIP($,$,#2026,#2025)
REPRESENTATION_RELATIONSHIP_WITH_TRANSFORMATION(#12)
SHAPE_REPRESENTATION_RELATIONSHIP()
);
#17=(
REPRESENTATION_RELATIONSHIP($,$,#2027,#2025)
REPRESENTATION_RELATIONSHIP_WITH_TRANSFORMATION(#13)
SHAPE_REPRESENTATION_RELATIONSHIP()
);
#18=(
REPRESENTATION_RELATIONSHIP($,$,#2028,#2025)
REPRESENTATION_RELATIONSHIP_WITH_TRANSFORMATION(#14)
SHAPE_REPRESENTATION_RELATIONSHIP()
);
#19=CONTEXT_DEPENDENT_SHAPE_REPRESENTATION(#15,#2021);
#20=CONTEXT_DEPENDENT_SHAPE_REPRESENTATION(#16,#2022);
#21=CONTEXT_DEPENDENT_SHAPE_REPRESENTATION(#17,#2023);
#22=CONTEXT_DEPENDENT_SHAPE_REPRESENTATION(#18,#2024);
#23=NEXT_ASSEMBLY_USAGE_OCCURRENCE(
'Washer NF E25-514 - Z2.5 Steel 100 HV Plain v1:16',
'Washer NF E25-514 - Z2.5 Steel 100 HV Plain v1:16',
'Washer NF E25-514 - Z2.5 Steel 100 HV Plain v1:16',#2030,#2031,
'Washer NF E25-514 - Z2.5 Steel 100 HV Plain v1:16');
#24=NEXT_ASSEMBLY_USAGE_OCCURRENCE(
'Washer NF E25-514 - Z2.5 Steel 100 HV Plain v1:15',
'Washer NF E25-514 - Z2.5 Steel 100 HV Plain v1:15',
'Washer NF E25-514 - Z2.5 Steel 100 HV Plain v1:15',#2030,#2031,
'Washer NF E25-514 - Z2.5 Steel 100 HV Plain v1:15');
#25=NEXT_ASSEMBLY_USAGE_OCCURRENCE(
'Hexagon Socket Head Cap Screw DIN 912 - M2 x 0.4 x 5 Steel 4.6 Plain 
v1:8',
'Hexagon Socket Head Cap Screw DIN 912 - M2 x 0.4 x 5 Steel 4.6 Plain 
v1:8',
'Hexagon Socket Head Cap Screw DIN 912 - M2 x 0.4 x 5 Steel 4.6 Plain 
v1:8',#2030,#2032,
'Hexagon Socket Head Cap Screw DIN 912 - M2 x 0.4 x 5 Steel 4.6 Plain 
v1:8');
#26=NEXT_ASSEMBLY_USAGE_OCCURRENCE('7mm OD 2mm ID Bearing v3:1',
'7mm OD 2mm ID Bearing v3:1','7mm OD 2mm ID Bearing v3:1',#2030,#2033,
'7mm OD 2mm ID Bearing v3:1');
#27=B_SPLINE_CURVE_WITH_KNOTS('',3,(#1895,#1896,#1897,#1898,#1899,#1900,
#1901,#1902,#1903,#1904,#1905,#1906,#1907,#1908,#1909,#1910,#1911,#1912),
 .UNSPECIFIED.,.F.,.F.,(4,2,2,2,2,2,2,2,4),(0.24130592393129,0.301632229260799,
0.361958534590307,0.422285191226444,0.482611847862581,0.542938504498718,
0.603265161134855,0.663591466464363,0.723917771793871),.UNSPECIFIED.);
#28=B_SPLINE_CURVE_WITH_KNOTS('',3,(#1913,#1914,#1915,#1916,#1917,#1918,
#1919,#1920,#1921,#1922,#1923,#1924,#1925,#1926,#1927,#1928,#1929,#1930,
#1931),.UNSPECIFIED.,.F.,.F.,(4,2,2,2,3,2,2,2,4),(0.723917771793871,0.784244077123379,
0.844570382452886,0.904897039089023,0.965223695725161,1.0255503523613,1.08587700899743,
1.14620331432694,1.20652961965645),.UNSPECIFIED.);
#29=(
BOUNDED_CURVE()
B_SPLINE_CURVE(5,(#1682,#1683,#1684,#1685,#1686,#1687,#1688,#1689,#1690,
#1691),.UNSPECIFIED.,.F.,.F.)
B_SPLINE_CURVE_WITH_KNOTS((6,1,1,1,1,6),(0.,0.2,0.4,0.6,0.8,1.),
 .UNSPECIFIED.)
CURVE()
GEOMETRIC_REPRESENTATION_ITEM()
RATIONAL_B_SPLINE_CURVE((1.,1.,1.,1.,1.,1.,1.,1.,1.,1.))
REPRESENTATION_ITEM('')
);
#30=(
BOUNDED_CURVE()
B_SPLINE_CURVE(5,(#1799,#1800,#1801,#1802,#1803,#1804,#1805,#1806,#1807,
#1808),.UNSPECIFIED.,.F.,.F.)
B_SPLINE_CURVE_WITH_KNOTS((6,1,1,1,1,6),(0.,0.2,0.4,0.6,0.8,1.),
 .UNSPECIFIED.)
CURVE()
GEOMETRIC_REPRESENTATION_ITEM()
RATIONAL_B_SPLINE_CURVE((1.,1.,1.,1.,1.,1.,1.,1.,1.,1.))
REPRESENTATION_ITEM('')
);
#31=(
BOUNDED_SURFACE()
B_SPLINE_SURFACE(5,2,((#1591,#1592,#1593,#1594,#1595,#1596,#1597,#1598,
#1599),(#1600,#1601,#1602,#1603,#1604,#1605,#1606,#1607,#1608),(#1609,#1610,
#1611,#1612,#1613,#1614,#1615,#1616,#1617),(#1618,#1619,#1620,#1621,#1622,
#1623,#1624,#1625,#1626),(#1627,#1628,#1629,#1630,#1631,#1632,#1633,#1634,
#1635),(#1636,#1637,#1638,#1639,#1640,#1641,#1642,#1643,#1644),(#1645,#1646,
#1647,#1648,#1649,#1650,#1651,#1652,#1653),(#1654,#1655,#1656,#1657,#1658,
#1659,#1660,#1661,#1662),(#1663,#1664,#1665,#1666,#1667,#1668,#1669,#1670,
#1671),(#1672,#1673,#1674,#1675,#1676,#1677,#1678,#1679,#1680)),
 .UNSPECIFIED.,.F.,.T.,.F.)
B_SPLINE_SURFACE_WITH_KNOTS((6,1,1,1,1,6),(3,2,2,2,3),(-1.,-0.8,-0.6,-0.4,
-0.2,0.),(0.,1.5707963267949,3.14159265358979,4.71238898038469,6.28318530717959),
 .UNSPECIFIED.)
GEOMETRIC_REPRESENTATION_ITEM()
RATIONAL_B_SPLINE_SURFACE(((1.,0.707106781186548,1.,0.707106781186548,1.,
0.707106781186548,1.,0.707106781186548,1.),(1.,0.707106781186548,1.,0.707106781186548,
1.,0.707106781186548,1.,0.707106781186548,1.),(1.,0.707106781186548,1.,
0.707106781186548,1.,0.707106781186548,1.,0.707106781186548,1.),(1.,0.707106781186548,
1.,0.707106781186548,1.,0.707106781186548,1.,0.707106781186548,1.),(1.,
0.707106781186548,1.,0.707106781186548,1.,0.707106781186548,1.,0.707106781186548,
1.),(1.,0.707106781186548,1.,0.707106781186548,1.,0.707106781186548,1.,
0.707106781186548,1.),(1.,0.707106781186548,1.,0.707106781186548,1.,0.707106781186548,
1.,0.707106781186548,1.),(1.,0.707106781186548,1.,0.707106781186548,1.,
0.707106781186548,1.,0.707106781186548,1.),(1.,0.707106781186548,1.,0.707106781186548,
1.,0.707106781186548,1.,0.707106781186548,1.),(1.,0.707106781186548,1.,
0.707106781186548,1.,0.707106781186548,1.,0.707106781186548,1.)))
REPRESENTATION_ITEM('')
SURFACE()
);
#32=(
BOUNDED_SURFACE()
B_SPLINE_SURFACE(5,2,((#1708,#1709,#1710,#1711,#1712,#1713,#1714,#1715,
#1716),(#1717,#1718,#1719,#1720,#1721,#1722,#1723,#1724,#1725),(#1726,#1727,
#1728,#1729,#1730,#1731,#1732,#1733,#1734),(#1735,#1736,#1737,#1738,#1739,
#1740,#1741,#1742,#1743),(#1744,#1745,#1746,#1747,#1748,#1749,#1750,#1751,
#1752),(#1753,#1754,#1755,#1756,#1757,#1758,#1759,#1760,#1761),(#1762,#1763,
#1764,#1765,#1766,#1767,#1768,#1769,#1770),(#1771,#1772,#1773,#1774,#1775,
#1776,#1777,#1778,#1779),(#1780,#1781,#1782,#1783,#1784,#1785,#1786,#1787,
#1788),(#1789,#1790,#1791,#1792,#1793,#1794,#1795,#1796,#1797)),
 .UNSPECIFIED.,.F.,.T.,.F.)
B_SPLINE_SURFACE_WITH_KNOTS((6,1,1,1,1,6),(3,2,2,2,3),(0.,0.2,0.4,0.6,0.8,
1.),(0.,1.5707963267949,3.14159265358979,4.71238898038469,6.28318530717959),
 .UNSPECIFIED.)
GEOMETRIC_REPRESENTATION_ITEM()
RATIONAL_B_SPLINE_SURFACE(((1.,0.707106781186548,1.,0.707106781186548,1.,
0.707106781186548,1.,0.707106781186548,1.),(1.,0.707106781186548,1.,0.707106781186548,
1.,0.707106781186548,1.,0.707106781186548,1.),(1.,0.707106781186548,1.,
0.707106781186548,1.,0.707106781186548,1.,0.707106781186548,1.),(1.,0.707106781186548,
1.,0.707106781186548,1.,0.707106781186548,1.,0.707106781186548,1.),(1.,
0.707106781186548,1.,0.707106781186548,1.,0.707106781186548,1.,0.707106781186548,
1.),(1.,0.707106781186548,1.,0.707106781186548,1.,0.707106781186548,1.,
0.707106781186548,1.),(1.,0.707106781186548,1.,0.707106781186548,1.,0.707106781186548,
1.,0.707106781186548,1.),(1.,0.707106781186548,1.,0.707106781186548,1.,
0.707106781186548,1.,0.707106781186548,1.),(1.,0.707106781186548,1.,0.707106781186548,
1.,0.707106781186548,1.,0.707106781186548,1.),(1.,0.707106781186548,1.,
0.707106781186548,1.,0.707106781186548,1.,0.707106781186548,1.)))
REPRESENTATION_ITEM('')
SURFACE()
);
#33=TOROIDAL_SURFACE('',#1042,1.7,0.2);
#34=CONICAL_SURFACE('',#1039,0.887309999999983,0.824535502685775);
#35=SHAPE_REPRESENTATION_RELATIONSHIP('SRR','None',#2026,#39);
#36=SHAPE_REPRESENTATION_RELATIONSHIP('SRR','None',#2027,#40);
#37=SHAPE_REPRESENTATION_RELATIONSHIP('SRR','None',#2028,#41);
#38=SHAPE_REPRESENTATION_RELATIONSHIP('SRR','None',#2025,#42);
#39=ADVANCED_BREP_SHAPE_REPRESENTATION('',(#47),#2005);
#40=ADVANCED_BREP_SHAPE_REPRESENTATION('',(#48),#2006);
#41=ADVANCED_BREP_SHAPE_REPRESENTATION('',(#49),#2007);
#42=ADVANCED_BREP_SHAPE_REPRESENTATION('',(#50),#2004);
#43=STYLED_ITEM('',(#2051),#47);
#44=STYLED_ITEM('',(#2049),#48);
#45=STYLED_ITEM('',(#2049),#49);
#46=STYLED_ITEM('',(#2050),#50);
#47=MANIFOLD_SOLID_BREP('Body1',#990);
#48=MANIFOLD_SOLID_BREP('Body1',#991);
#49=MANIFOLD_SOLID_BREP('Body1',#992);
#50=MANIFOLD_SOLID_BREP('Body1',#993);
#51=FACE_BOUND('',#193,.T.);
#52=FACE_BOUND('',#195,.T.);
#53=FACE_BOUND('',#199,.T.);
#54=FACE_BOUND('',#216,.T.);
#55=FACE_BOUND('',#220,.T.);
#56=FACE_BOUND('',#223,.T.);
#57=FACE_BOUND('',#225,.T.);
#58=FACE_BOUND('',#230,.T.);
#59=FACE_BOUND('',#232,.T.);
#60=FACE_BOUND('',#234,.T.);
#61=FACE_BOUND('',#237,.T.);
#62=FACE_BOUND('',#241,.T.);
#63=FACE_BOUND('',#244,.T.);
#64=FACE_BOUND('',#248,.T.);
#65=FACE_BOUND('',#250,.T.);
#66=FACE_BOUND('',#253,.T.);
#67=FACE_BOUND('',#256,.T.);
#68=FACE_BOUND('',#258,.T.);
#69=FACE_BOUND('',#260,.T.);
#70=FACE_BOUND('',#274,.T.);
#71=FACE_BOUND('',#279,.T.);
#72=FACE_BOUND('',#283,.T.);
#73=FACE_BOUND('',#284,.T.);
#74=FACE_BOUND('',#285,.T.);
#75=FACE_BOUND('',#286,.T.);
#76=PLANE('',#1036);
#77=PLANE('',#1037);
#78=PLANE('',#1046);
#79=PLANE('',#1049);
#80=PLANE('',#1050);
#81=PLANE('',#1051);
#82=PLANE('',#1052);
#83=PLANE('',#1053);
#84=PLANE('',#1054);
#85=PLANE('',#1055);
#86=PLANE('',#1056);
#87=PLANE('',#1057);
#88=PLANE('',#1058);
#89=PLANE('',#1059);
#90=PLANE('',#1060);
#91=PLANE('',#1063);
#92=PLANE('',#1064);
#93=PLANE('',#1071);
#94=PLANE('',#1075);
#95=PLANE('',#1077);
#96=PLANE('',#1086);
#97=PLANE('',#1088);
#98=PLANE('',#1090);
#99=PLANE('',#1094);
#100=PLANE('',#1100);
#101=PLANE('',#1103);
#102=PLANE('',#1109);
#103=PLANE('',#1110);
#104=PLANE('',#1112);
#105=PLANE('',#1113);
#106=PLANE('',#1118);
#107=PLANE('',#1123);
#108=PLANE('',#1128);
#109=PLANE('',#1131);
#110=PLANE('',#1135);
#111=PLANE('',#1139);
#112=PLANE('',#1143);
#113=PLANE('',#1147);
#114=PLANE('',#1148);
#115=PLANE('',#1155);
#116=PLANE('',#1158);
#117=PLANE('',#1159);
#118=FACE_OUTER_BOUND('',#190,.T.);
#119=FACE_OUTER_BOUND('',#191,.T.);
#120=FACE_OUTER_BOUND('',#192,.T.);
#121=FACE_OUTER_BOUND('',#194,.T.);
#122=FACE_OUTER_BOUND('',#196,.T.);
#123=FACE_OUTER_BOUND('',#197,.T.);
#124=FACE_OUTER_BOUND('',#198,.T.);
#125=FACE_OUTER_BOUND('',#200,.T.);
#126=FACE_OUTER_BOUND('',#201,.T.);
#127=FACE_OUTER_BOUND('',#202,.T.);
#128=FACE_OUTER_BOUND('',#203,.T.);
#129=FACE_OUTER_BOUND('',#204,.T.);
#130=FACE_OUTER_BOUND('',#205,.T.);
#131=FACE_OUTER_BOUND('',#206,.T.);
#132=FACE_OUTER_BOUND('',#207,.T.);
#133=FACE_OUTER_BOUND('',#208,.T.);
#134=FACE_OUTER_BOUND('',#209,.T.);
#135=FACE_OUTER_BOUND('',#210,.T.);
#136=FACE_OUTER_BOUND('',#211,.T.);
#137=FACE_OUTER_BOUND('',#212,.T.);
#138=FACE_OUTER_BOUND('',#213,.T.);
#139=FACE_OUTER_BOUND('',#214,.T.);
#140=FACE_OUTER_BOUND('',#215,.T.);
#141=FACE_OUTER_BOUND('',#217,.T.);
#142=FACE_OUTER_BOUND('',#218,.T.);
#143=FACE_OUTER_BOUND('',#219,.T.);
#144=FACE_OUTER_BOUND('',#221,.T.);
#145=FACE_OUTER_BOUND('',#222,.T.);
#146=FACE_OUTER_BOUND('',#224,.T.);
#147=FACE_OUTER_BOUND('',#226,.T.);
#148=FACE_OUTER_BOUND('',#227,.T.);
#149=FACE_OUTER_BOUND('',#228,.T.);
#150=FACE_OUTER_BOUND('',#229,.T.);
#151=FACE_OUTER_BOUND('',#231,.T.);
#152=FACE_OUTER_BOUND('',#233,.T.);
#153=FACE_OUTER_BOUND('',#235,.T.);
#154=FACE_OUTER_BOUND('',#236,.T.);
#155=FACE_OUTER_BOUND('',#238,.T.);
#156=FACE_OUTER_BOUND('',#239,.T.);
#157=FACE_OUTER_BOUND('',#240,.T.);
#158=FACE_OUTER_BOUND('',#242,.T.);
#159=FACE_OUTER_BOUND('',#243,.T.);
#160=FACE_OUTER_BOUND('',#245,.T.);
#161=FACE_OUTER_BOUND('',#246,.T.);
#162=FACE_OUTER_BOUND('',#247,.T.);
#163=FACE_OUTER_BOUND('',#249,.T.);
#164=FACE_OUTER_BOUND('',#251,.T.);
#165=FACE_OUTER_BOUND('',#252,.T.);
#166=FACE_OUTER_BOUND('',#254,.T.);
#167=FACE_OUTER_BOUND('',#255,.T.);
#168=FACE_OUTER_BOUND('',#257,.T.);
#169=FACE_OUTER_BOUND('',#259,.T.);
#170=FACE_OUTER_BOUND('',#261,.T.);
#171=FACE_OUTER_BOUND('',#262,.T.);
#172=FACE_OUTER_BOUND('',#263,.T.);
#173=FACE_OUTER_BOUND('',#264,.T.);
#174=FACE_OUTER_BOUND('',#265,.T.);
#175=FACE_OUTER_BOUND('',#266,.T.);
#176=FACE_OUTER_BOUND('',#267,.T.);
#177=FACE_OUTER_BOUND('',#268,.T.);
#178=FACE_OUTER_BOUND('',#269,.T.);
#179=FACE_OUTER_BOUND('',#270,.T.);
#180=FACE_OUTER_BOUND('',#271,.T.);
#181=FACE_OUTER_BOUND('',#272,.T.);
#182=FACE_OUTER_BOUND('',#273,.T.);
#183=FACE_OUTER_BOUND('',#275,.T.);
#184=FACE_OUTER_BOUND('',#276,.T.);
#185=FACE_OUTER_BOUND('',#277,.T.);
#186=FACE_OUTER_BOUND('',#278,.T.);
#187=FACE_OUTER_BOUND('',#280,.T.);
#188=FACE_OUTER_BOUND('',#281,.T.);
#189=FACE_OUTER_BOUND('',#282,.T.);
#190=EDGE_LOOP('',(#654,#655,#656,#657));
#191=EDGE_LOOP('',(#658,#659,#660,#661));
#192=EDGE_LOOP('',(#662));
#193=EDGE_LOOP('',(#663));
#194=EDGE_LOOP('',(#664));
#195=EDGE_LOOP('',(#665));
#196=EDGE_LOOP('',(#666,#667,#668,#669));
#197=EDGE_LOOP('',(#670,#671,#672,#673));
#198=EDGE_LOOP('',(#674));
#199=EDGE_LOOP('',(#675,#676,#677,#678,#679,#680));
#200=EDGE_LOOP('',(#681,#682,#683,#684));
#201=EDGE_LOOP('',(#685,#686,#687));
#202=EDGE_LOOP('',(#688,#689,#690));
#203=EDGE_LOOP('',(#691,#692,#693));
#204=EDGE_LOOP('',(#694,#695,#696));
#205=EDGE_LOOP('',(#697,#698,#699));
#206=EDGE_LOOP('',(#700,#701,#702));
#207=EDGE_LOOP('',(#703,#704,#705,#706));
#208=EDGE_LOOP('',(#707,#708,#709,#710));
#209=EDGE_LOOP('',(#711,#712,#713,#714));
#210=EDGE_LOOP('',(#715,#716,#717,#718));
#211=EDGE_LOOP('',(#719,#720,#721,#722));
#212=EDGE_LOOP('',(#723,#724,#725,#726));
#213=EDGE_LOOP('',(#727,#728,#729,#730));
#214=EDGE_LOOP('',(#731));
#215=EDGE_LOOP('',(#732));
#216=EDGE_LOOP('',(#733));
#217=EDGE_LOOP('',(#734,#735,#736,#737,#738));
#218=EDGE_LOOP('',(#739,#740,#741,#742,#743));
#219=EDGE_LOOP('',(#744));
#220=EDGE_LOOP('',(#745));
#221=EDGE_LOOP('',(#746,#747,#748,#749));
#222=EDGE_LOOP('',(#750));
#223=EDGE_LOOP('',(#751));
#224=EDGE_LOOP('',(#752));
#225=EDGE_LOOP('',(#753));
#226=EDGE_LOOP('',(#754,#755,#756,#757,#758));
#227=EDGE_LOOP('',(#759,#760,#761,#762,#763));
#228=EDGE_LOOP('',(#764,#765,#766,#767));
#229=EDGE_LOOP('',(#768));
#230=EDGE_LOOP('',(#769));
#231=EDGE_LOOP('',(#770));
#232=EDGE_LOOP('',(#771));
#233=EDGE_LOOP('',(#772));
#234=EDGE_LOOP('',(#773));
#235=EDGE_LOOP('',(#774,#775,#776,#777));
#236=EDGE_LOOP('',(#778));
#237=EDGE_LOOP('',(#779));
#238=EDGE_LOOP('',(#780,#781,#782,#783));
#239=EDGE_LOOP('',(#784,#785,#786,#787));
#240=EDGE_LOOP('',(#788));
#241=EDGE_LOOP('',(#789));
#242=EDGE_LOOP('',(#790,#791,#792,#793));
#243=EDGE_LOOP('',(#794));
#244=EDGE_LOOP('',(#795));
#245=EDGE_LOOP('',(#796,#797,#798,#799));
#246=EDGE_LOOP('',(#800,#801,#802,#803));
#247=EDGE_LOOP('',(#804));
#248=EDGE_LOOP('',(#805));
#249=EDGE_LOOP('',(#806,#807,#808,#809));
#250=EDGE_LOOP('',(#810));
#251=EDGE_LOOP('',(#811,#812,#813,#814));
#252=EDGE_LOOP('',(#815,#816));
#253=EDGE_LOOP('',(#817));
#254=EDGE_LOOP('',(#818,#819,#820,#821));
#255=EDGE_LOOP('',(#822,#823));
#256=EDGE_LOOP('',(#824));
#257=EDGE_LOOP('',(#825,#826,#827,#828));
#258=EDGE_LOOP('',(#829,#830));
#259=EDGE_LOOP('',(#831));
#260=EDGE_LOOP('',(#832));
#261=EDGE_LOOP('',(#833,#834,#835,#836,#837));
#262=EDGE_LOOP('',(#838));
#263=EDGE_LOOP('',(#839,#840,#841,#842));
#264=EDGE_LOOP('',(#843));
#265=EDGE_LOOP('',(#844,#845,#846,#847));
#266=EDGE_LOOP('',(#848));
#267=EDGE_LOOP('',(#849,#850,#851,#852));
#268=EDGE_LOOP('',(#853));
#269=EDGE_LOOP('',(#854,#855,#856,#857));
#270=EDGE_LOOP('',(#858));
#271=EDGE_LOOP('',(#859,#860,#861,#862));
#272=EDGE_LOOP('',(#863));
#273=EDGE_LOOP('',(#864,#865));
#274=EDGE_LOOP('',(#866));
#275=EDGE_LOOP('',(#867,#868,#869,#870));
#276=EDGE_LOOP('',(#871,#872,#873,#874));
#277=EDGE_LOOP('',(#875,#876,#877,#878));
#278=EDGE_LOOP('',(#879,#880));
#279=EDGE_LOOP('',(#881));
#280=EDGE_LOOP('',(#882,#883,#884,#885));
#281=EDGE_LOOP('',(#886));
#282=EDGE_LOOP('',(#887));
#283=EDGE_LOOP('',(#888));
#284=EDGE_LOOP('',(#889));
#285=EDGE_LOOP('',(#890));
#286=EDGE_LOOP('',(#891));
#287=LINE('',#1499,#344);
#288=LINE('',#1505,#345);
#289=LINE('',#1514,#346);
#290=LINE('',#1525,#347);
#291=LINE('',#1527,#348);
#292=LINE('',#1529,#349);
#293=LINE('',#1531,#350);
#294=LINE('',#1533,#351);
#295=LINE('',#1534,#352);
#296=LINE('',#1538,#353);
#297=LINE('',#1542,#354);
#298=LINE('',#1544,#355);
#299=LINE('',#1545,#356);
#300=LINE('',#1548,#357);
#301=LINE('',#1549,#358);
#302=LINE('',#1552,#359);
#303=LINE('',#1553,#360);
#304=LINE('',#1556,#361);
#305=LINE('',#1557,#362);
#306=LINE('',#1560,#363);
#307=LINE('',#1561,#364);
#308=LINE('',#1563,#365);
#309=LINE('',#1565,#366);
#310=LINE('',#1566,#367);
#311=LINE('',#1568,#368);
#312=LINE('',#1570,#369);
#313=LINE('',#1572,#370);
#314=LINE('',#1574,#371);
#315=LINE('',#1578,#372);
#316=LINE('',#1587,#373);
#317=LINE('',#1699,#374);
#318=LINE('',#1814,#375);
#319=LINE('',#1818,#376);
#320=LINE('',#1832,#377);
#321=LINE('',#1841,#378);
#322=LINE('',#1843,#379);
#323=LINE('',#1848,#380);
#324=LINE('',#1855,#381);
#325=LINE('',#1859,#382);
#326=LINE('',#1864,#383);
#327=LINE('',#1866,#384);
#328=LINE('',#1868,#385);
#329=LINE('',#1869,#386);
#330=LINE('',#1875,#387);
#331=LINE('',#1877,#388);
#332=LINE('',#1879,#389);
#333=LINE('',#1880,#390);
#334=LINE('',#1939,#391);
#335=LINE('',#1944,#392);
#336=LINE('',#1951,#393);
#337=LINE('',#1958,#394);
#338=LINE('',#1965,#395);
#339=LINE('',#1972,#396);
#340=LINE('',#1979,#397);
#341=LINE('',#1982,#398);
#342=LINE('',#1986,#399);
#343=LINE('',#1991,#400);
#344=VECTOR('',#1172,1.35);
#345=VECTOR('',#1179,2.5);
#346=VECTOR('',#1192,0.887309999999983);
#347=VECTOR('',#1205,10.);
#348=VECTOR('',#1206,10.);
#349=VECTOR('',#1207,10.);
#350=VECTOR('',#1208,10.);
#351=VECTOR('',#1209,10.);
#352=VECTOR('',#1210,10.);
#353=VECTOR('',#1215,1.9);
#354=VECTOR('',#1218,10.);
#355=VECTOR('',#1219,10.);
#356=VECTOR('',#1220,10.);
#357=VECTOR('',#1223,10.);
#358=VECTOR('',#1224,10.);
#359=VECTOR('',#1227,10.);
#360=VECTOR('',#1228,10.);
#361=VECTOR('',#1231,10.);
#362=VECTOR('',#1232,10.);
#363=VECTOR('',#1235,10.);
#364=VECTOR('',#1236,10.);
#365=VECTOR('',#1239,10.);
#366=VECTOR('',#1242,10.);
#367=VECTOR('',#1243,10.);
#368=VECTOR('',#1246,10.);
#369=VECTOR('',#1249,10.);
#370=VECTOR('',#1252,10.);
#371=VECTOR('',#1255,10.);
#372=VECTOR('',#1260,1.);
#373=VECTOR('',#1273,1.45);
#374=VECTOR('',#1288,2.39999994635582);
#375=VECTOR('',#1305,1.45);
#376=VECTOR('',#1310,2.39999994635582);
#377=VECTOR('',#1329,1.35);
#378=VECTOR('',#1340,1.);
#379=VECTOR('',#1343,1.35);
#380=VECTOR('',#1350,2.5);
#381=VECTOR('',#1359,2.5);
#382=VECTOR('',#1364,3.5);
#383=VECTOR('',#1369,10.);
#384=VECTOR('',#1370,10.);
#385=VECTOR('',#1371,10.);
#386=VECTOR('',#1372,10.);
#387=VECTOR('',#1377,10.);
#388=VECTOR('',#1378,10.);
#389=VECTOR('',#1379,10.);
#390=VECTOR('',#1380,10.);
#391=VECTOR('',#1409,1.6);
#392=VECTOR('',#1416,1.6);
#393=VECTOR('',#1425,0.749999999999993);
#394=VECTOR('',#1434,0.749999999999993);
#395=VECTOR('',#1443,0.749999999999993);
#396=VECTOR('',#1452,0.749999999999993);
#397=VECTOR('',#1463,10.);
#398=VECTOR('',#1466,3.625);
#399=VECTOR('',#1471,5.25);
#400=VECTOR('',#1478,10.);
#401=CIRCLE('',#1031,1.35);
#402=CIRCLE('',#1032,1.35);
#403=CIRCLE('',#1034,2.5);
#404=CIRCLE('',#1035,2.5);
#405=CIRCLE('',#1040,0.96675);
#406=CIRCLE('',#1041,0.75461999999999);
#407=CIRCLE('',#1043,1.9);
#408=CIRCLE('',#1044,0.2);
#409=CIRCLE('',#1045,1.7);
#410=CIRCLE('',#1048,1.9);
#411=CIRCLE('',#1062,0.96675);
#412=CIRCLE('',#1067,1.45);
#413=CIRCLE('',#1068,1.45);
#414=CIRCLE('',#1069,1.45);
#415=CIRCLE('',#1070,2.19999995082617);
#416=CIRCLE('',#1072,2.39999994635582);
#417=CIRCLE('',#1074,2.39999994635582);
#418=CIRCLE('',#1076,2.5);
#419=CIRCLE('',#1078,2.39999994635582);
#420=CIRCLE('',#1079,2.19999995082617);
#421=CIRCLE('',#1080,1.45);
#422=CIRCLE('',#1081,1.45);
#423=CIRCLE('',#1083,1.45);
#424=CIRCLE('',#1085,2.39999994635582);
#425=CIRCLE('',#1087,2.5);
#426=CIRCLE('',#1089,1.35);
#427=CIRCLE('',#1091,1.35);
#428=CIRCLE('',#1093,1.35);
#429=CIRCLE('',#1095,1.35);
#430=CIRCLE('',#1096,1.);
#431=CIRCLE('',#1098,1.);
#432=CIRCLE('',#1102,2.5);
#433=CIRCLE('',#1104,3.5);
#434=CIRCLE('',#1105,2.5);
#435=CIRCLE('',#1108,3.5);
#436=CIRCLE('',#1111,1.6);
#437=CIRCLE('',#1114,14.);
#438=CIRCLE('',#1115,10.);
#439=CIRCLE('',#1117,14.);
#440=CIRCLE('',#1119,14.);
#441=CIRCLE('',#1120,10.);
#442=CIRCLE('',#1122,14.);
#443=CIRCLE('',#1124,5.25);
#444=CIRCLE('',#1125,3.625);
#445=CIRCLE('',#1127,1.6);
#446=CIRCLE('',#1130,1.6);
#447=CIRCLE('',#1133,0.749999999999993);
#448=CIRCLE('',#1134,0.749999999999993);
#449=CIRCLE('',#1137,0.749999999999993);
#450=CIRCLE('',#1138,0.749999999999993);
#451=CIRCLE('',#1141,0.749999999999993);
#452=CIRCLE('',#1142,0.749999999999993);
#453=CIRCLE('',#1145,0.749999999999993);
#454=CIRCLE('',#1146,0.749999999999993);
#455=CIRCLE('',#1149,10.);
#456=CIRCLE('',#1152,3.625);
#457=CIRCLE('',#1154,5.25);
#458=CIRCLE('',#1157,10.);
#459=VERTEX_POINT('',#1496);
#460=VERTEX_POINT('',#1498);
#461=VERTEX_POINT('',#1502);
#462=VERTEX_POINT('',#1504);
#463=VERTEX_POINT('',#1511);
#464=VERTEX_POINT('',#1513);
#465=VERTEX_POINT('',#1517);
#466=VERTEX_POINT('',#1519);
#467=VERTEX_POINT('',#1523);
#468=VERTEX_POINT('',#1524);
#469=VERTEX_POINT('',#1526);
#470=VERTEX_POINT('',#1528);
#471=VERTEX_POINT('',#1530);
#472=VERTEX_POINT('',#1532);
#473=VERTEX_POINT('',#1536);
#474=VERTEX_POINT('',#1540);
#475=VERTEX_POINT('',#1541);
#476=VERTEX_POINT('',#1543);
#477=VERTEX_POINT('',#1547);
#478=VERTEX_POINT('',#1551);
#479=VERTEX_POINT('',#1555);
#480=VERTEX_POINT('',#1559);
#481=VERTEX_POINT('',#1577);
#482=VERTEX_POINT('',#1584);
#483=VERTEX_POINT('',#1586);
#484=VERTEX_POINT('',#1588);
#485=VERTEX_POINT('',#1681);
#486=VERTEX_POINT('',#1694);
#487=VERTEX_POINT('',#1697);
#488=VERTEX_POINT('',#1701);
#489=VERTEX_POINT('',#1704);
#490=VERTEX_POINT('',#1706);
#491=VERTEX_POINT('',#1798);
#492=VERTEX_POINT('',#1809);
#493=VERTEX_POINT('',#1813);
#494=VERTEX_POINT('',#1817);
#495=VERTEX_POINT('',#1821);
#496=VERTEX_POINT('',#1824);
#497=VERTEX_POINT('',#1827);
#498=VERTEX_POINT('',#1830);
#499=VERTEX_POINT('',#1834);
#500=VERTEX_POINT('',#1836);
#501=VERTEX_POINT('',#1839);
#502=VERTEX_POINT('',#1846);
#503=VERTEX_POINT('',#1850);
#504=VERTEX_POINT('',#1852);
#505=VERTEX_POINT('',#1857);
#506=VERTEX_POINT('',#1862);
#507=VERTEX_POINT('',#1863);
#508=VERTEX_POINT('',#1865);
#509=VERTEX_POINT('',#1867);
#510=VERTEX_POINT('',#1870);
#511=VERTEX_POINT('',#1873);
#512=VERTEX_POINT('',#1874);
#513=VERTEX_POINT('',#1876);
#514=VERTEX_POINT('',#1878);
#515=VERTEX_POINT('',#1883);
#516=VERTEX_POINT('',#1889);
#517=VERTEX_POINT('',#1893);
#518=VERTEX_POINT('',#1894);
#519=VERTEX_POINT('',#1933);
#520=VERTEX_POINT('',#1935);
#521=VERTEX_POINT('',#1938);
#522=VERTEX_POINT('',#1943);
#523=VERTEX_POINT('',#1948);
#524=VERTEX_POINT('',#1950);
#525=VERTEX_POINT('',#1955);
#526=VERTEX_POINT('',#1957);
#527=VERTEX_POINT('',#1962);
#528=VERTEX_POINT('',#1964);
#529=VERTEX_POINT('',#1969);
#530=VERTEX_POINT('',#1971);
#531=VERTEX_POINT('',#1976);
#532=VERTEX_POINT('',#1981);
#533=VERTEX_POINT('',#1985);
#534=VERTEX_POINT('',#1990);
#535=EDGE_CURVE('',#459,#459,#401,.T.);
#536=EDGE_CURVE('',#459,#460,#287,.T.);
#537=EDGE_CURVE('',#460,#460,#402,.T.);
#538=EDGE_CURVE('',#461,#461,#403,.T.);
#539=EDGE_CURVE('',#461,#462,#288,.T.);
#540=EDGE_CURVE('',#462,#462,#404,.T.);
#541=EDGE_CURVE('',#463,#463,#405,.T.);
#542=EDGE_CURVE('',#463,#464,#289,.T.);
#543=EDGE_CURVE('',#464,#464,#406,.T.);
#544=EDGE_CURVE('',#465,#465,#407,.T.);
#545=EDGE_CURVE('',#465,#466,#408,.T.);
#546=EDGE_CURVE('',#466,#466,#409,.T.);
#547=EDGE_CURVE('',#467,#468,#290,.T.);
#548=EDGE_CURVE('',#468,#469,#291,.T.);
#549=EDGE_CURVE('',#469,#470,#292,.T.);
#550=EDGE_CURVE('',#470,#471,#293,.T.);
#551=EDGE_CURVE('',#471,#472,#294,.T.);
#552=EDGE_CURVE('',#472,#467,#295,.T.);
#553=EDGE_CURVE('',#473,#473,#410,.T.);
#554=EDGE_CURVE('',#473,#465,#296,.T.);
#555=EDGE_CURVE('',#474,#475,#297,.T.);
#556=EDGE_CURVE('',#476,#474,#298,.T.);
#557=EDGE_CURVE('',#476,#475,#299,.T.);
#558=EDGE_CURVE('',#477,#476,#300,.T.);
#559=EDGE_CURVE('',#477,#475,#301,.T.);
#560=EDGE_CURVE('',#478,#477,#302,.T.);
#561=EDGE_CURVE('',#478,#475,#303,.T.);
#562=EDGE_CURVE('',#479,#478,#304,.T.);
#563=EDGE_CURVE('',#479,#475,#305,.T.);
#564=EDGE_CURVE('',#480,#479,#306,.T.);
#565=EDGE_CURVE('',#480,#475,#307,.T.);
#566=EDGE_CURVE('',#474,#480,#308,.T.);
#567=EDGE_CURVE('',#467,#480,#309,.T.);
#568=EDGE_CURVE('',#468,#479,#310,.T.);
#569=EDGE_CURVE('',#469,#478,#311,.T.);
#570=EDGE_CURVE('',#470,#477,#312,.T.);
#571=EDGE_CURVE('',#471,#476,#313,.T.);
#572=EDGE_CURVE('',#472,#474,#314,.T.);
#573=EDGE_CURVE('',#463,#481,#315,.T.);
#574=EDGE_CURVE('',#481,#481,#411,.F.);
#575=EDGE_CURVE('',#482,#482,#412,.T.);
#576=EDGE_CURVE('',#482,#483,#316,.T.);
#577=EDGE_CURVE('',#484,#483,#413,.T.);
#578=EDGE_CURVE('',#483,#484,#414,.T.);
#579=EDGE_CURVE('',#484,#485,#29,.T.);
#580=EDGE_CURVE('',#485,#485,#415,.T.);
#581=EDGE_CURVE('',#486,#486,#416,.T.);
#582=EDGE_CURVE('',#487,#487,#417,.T.);
#583=EDGE_CURVE('',#487,#486,#317,.T.);
#584=EDGE_CURVE('',#488,#488,#418,.T.);
#585=EDGE_CURVE('',#489,#489,#419,.T.);
#586=EDGE_CURVE('',#490,#490,#420,.T.);
#587=EDGE_CURVE('',#491,#490,#30,.T.);
#588=EDGE_CURVE('',#492,#491,#421,.T.);
#589=EDGE_CURVE('',#491,#492,#422,.T.);
#590=EDGE_CURVE('',#492,#493,#318,.T.);
#591=EDGE_CURVE('',#493,#493,#423,.T.);
#592=EDGE_CURVE('',#489,#494,#319,.T.);
#593=EDGE_CURVE('',#494,#494,#424,.T.);
#594=EDGE_CURVE('',#495,#495,#425,.T.);
#595=EDGE_CURVE('',#496,#496,#426,.T.);
#596=EDGE_CURVE('',#497,#497,#427,.T.);
#597=EDGE_CURVE('',#498,#498,#428,.T.);
#598=EDGE_CURVE('',#498,#497,#320,.T.);
#599=EDGE_CURVE('',#499,#499,#429,.T.);
#600=EDGE_CURVE('',#500,#500,#430,.T.);
#601=EDGE_CURVE('',#501,#501,#431,.T.);
#602=EDGE_CURVE('',#501,#500,#321,.T.);
#603=EDGE_CURVE('',#496,#499,#322,.T.);
#604=EDGE_CURVE('',#502,#502,#432,.T.);
#605=EDGE_CURVE('',#502,#495,#323,.T.);
#606=EDGE_CURVE('',#503,#503,#433,.T.);
#607=EDGE_CURVE('',#504,#504,#434,.T.);
#608=EDGE_CURVE('',#488,#504,#324,.T.);
#609=EDGE_CURVE('',#505,#505,#435,.T.);
#610=EDGE_CURVE('',#505,#503,#325,.T.);
#611=EDGE_CURVE('',#506,#507,#326,.T.);
#612=EDGE_CURVE('',#508,#506,#327,.T.);
#613=EDGE_CURVE('',#509,#508,#328,.T.);
#614=EDGE_CURVE('',#507,#509,#329,.T.);
#615=EDGE_CURVE('',#510,#510,#436,.T.);
#616=EDGE_CURVE('',#511,#512,#330,.T.);
#617=EDGE_CURVE('',#513,#511,#331,.T.);
#618=EDGE_CURVE('',#514,#513,#332,.T.);
#619=EDGE_CURVE('',#512,#514,#333,.T.);
#620=EDGE_CURVE('',#511,#513,#437,.T.);
#621=EDGE_CURVE('',#515,#515,#438,.T.);
#622=EDGE_CURVE('',#514,#512,#439,.T.);
#623=EDGE_CURVE('',#508,#506,#440,.T.);
#624=EDGE_CURVE('',#516,#516,#441,.T.);
#625=EDGE_CURVE('',#509,#507,#442,.T.);
#626=EDGE_CURVE('',#517,#518,#27,.T.);
#627=EDGE_CURVE('',#518,#517,#28,.T.);
#628=EDGE_CURVE('',#519,#519,#443,.T.);
#629=EDGE_CURVE('',#520,#520,#444,.T.);
#630=EDGE_CURVE('',#518,#521,#334,.T.);
#631=EDGE_CURVE('',#521,#521,#445,.T.);
#632=EDGE_CURVE('',#510,#522,#335,.T.);
#633=EDGE_CURVE('',#522,#522,#446,.T.);
#634=EDGE_CURVE('',#523,#523,#447,.T.);
#635=EDGE_CURVE('',#523,#524,#336,.T.);
#636=EDGE_CURVE('',#524,#524,#448,.T.);
#637=EDGE_CURVE('',#525,#525,#449,.T.);
#638=EDGE_CURVE('',#525,#526,#337,.T.);
#639=EDGE_CURVE('',#526,#526,#450,.T.);
#640=EDGE_CURVE('',#527,#527,#451,.T.);
#641=EDGE_CURVE('',#527,#528,#338,.T.);
#642=EDGE_CURVE('',#528,#528,#452,.T.);
#643=EDGE_CURVE('',#529,#529,#453,.T.);
#644=EDGE_CURVE('',#529,#530,#339,.T.);
#645=EDGE_CURVE('',#530,#530,#454,.T.);
#646=EDGE_CURVE('',#531,#531,#455,.T.);
#647=EDGE_CURVE('',#515,#516,#340,.T.);
#648=EDGE_CURVE('',#520,#532,#341,.T.);
#649=EDGE_CURVE('',#532,#532,#456,.T.);
#650=EDGE_CURVE('',#519,#533,#342,.T.);
#651=EDGE_CURVE('',#533,#533,#457,.T.);
#652=EDGE_CURVE('',#531,#534,#343,.T.);
#653=EDGE_CURVE('',#534,#534,#458,.T.);
#654=ORIENTED_EDGE('',*,*,#535,.F.);
#655=ORIENTED_EDGE('',*,*,#536,.T.);
#656=ORIENTED_EDGE('',*,*,#537,.T.);
#657=ORIENTED_EDGE('',*,*,#536,.F.);
#658=ORIENTED_EDGE('',*,*,#538,.F.);
#659=ORIENTED_EDGE('',*,*,#539,.T.);
#660=ORIENTED_EDGE('',*,*,#540,.T.);
#661=ORIENTED_EDGE('',*,*,#539,.F.);
#662=ORIENTED_EDGE('',*,*,#538,.T.);
#663=ORIENTED_EDGE('',*,*,#535,.T.);
#664=ORIENTED_EDGE('',*,*,#540,.F.);
#665=ORIENTED_EDGE('',*,*,#537,.F.);
#666=ORIENTED_EDGE('',*,*,#541,.F.);
#667=ORIENTED_EDGE('',*,*,#542,.T.);
#668=ORIENTED_EDGE('',*,*,#543,.F.);
#669=ORIENTED_EDGE('',*,*,#542,.F.);
#670=ORIENTED_EDGE('',*,*,#544,.T.);
#671=ORIENTED_EDGE('',*,*,#545,.T.);
#672=ORIENTED_EDGE('',*,*,#546,.T.);
#673=ORIENTED_EDGE('',*,*,#545,.F.);
#674=ORIENTED_EDGE('',*,*,#546,.F.);
#675=ORIENTED_EDGE('',*,*,#547,.T.);
#676=ORIENTED_EDGE('',*,*,#548,.T.);
#677=ORIENTED_EDGE('',*,*,#549,.T.);
#678=ORIENTED_EDGE('',*,*,#550,.T.);
#679=ORIENTED_EDGE('',*,*,#551,.T.);
#680=ORIENTED_EDGE('',*,*,#552,.T.);
#681=ORIENTED_EDGE('',*,*,#553,.F.);
#682=ORIENTED_EDGE('',*,*,#554,.T.);
#683=ORIENTED_EDGE('',*,*,#544,.F.);
#684=ORIENTED_EDGE('',*,*,#554,.F.);
#685=ORIENTED_EDGE('',*,*,#555,.F.);
#686=ORIENTED_EDGE('',*,*,#556,.F.);
#687=ORIENTED_EDGE('',*,*,#557,.T.);
#688=ORIENTED_EDGE('',*,*,#557,.F.);
#689=ORIENTED_EDGE('',*,*,#558,.F.);
#690=ORIENTED_EDGE('',*,*,#559,.T.);
#691=ORIENTED_EDGE('',*,*,#559,.F.);
#692=ORIENTED_EDGE('',*,*,#560,.F.);
#693=ORIENTED_EDGE('',*,*,#561,.T.);
#694=ORIENTED_EDGE('',*,*,#561,.F.);
#695=ORIENTED_EDGE('',*,*,#562,.F.);
#696=ORIENTED_EDGE('',*,*,#563,.T.);
#697=ORIENTED_EDGE('',*,*,#563,.F.);
#698=ORIENTED_EDGE('',*,*,#564,.F.);
#699=ORIENTED_EDGE('',*,*,#565,.T.);
#700=ORIENTED_EDGE('',*,*,#565,.F.);
#701=ORIENTED_EDGE('',*,*,#566,.F.);
#702=ORIENTED_EDGE('',*,*,#555,.T.);
#703=ORIENTED_EDGE('',*,*,#547,.F.);
#704=ORIENTED_EDGE('',*,*,#567,.T.);
#705=ORIENTED_EDGE('',*,*,#564,.T.);
#706=ORIENTED_EDGE('',*,*,#568,.F.);
#707=ORIENTED_EDGE('',*,*,#548,.F.);
#708=ORIENTED_EDGE('',*,*,#568,.T.);
#709=ORIENTED_EDGE('',*,*,#562,.T.);
#710=ORIENTED_EDGE('',*,*,#569,.F.);
#711=ORIENTED_EDGE('',*,*,#549,.F.);
#712=ORIENTED_EDGE('',*,*,#569,.T.);
#713=ORIENTED_EDGE('',*,*,#560,.T.);
#714=ORIENTED_EDGE('',*,*,#570,.F.);
#715=ORIENTED_EDGE('',*,*,#550,.F.);
#716=ORIENTED_EDGE('',*,*,#570,.T.);
#717=ORIENTED_EDGE('',*,*,#558,.T.);
#718=ORIENTED_EDGE('',*,*,#571,.F.);
#719=ORIENTED_EDGE('',*,*,#551,.F.);
#720=ORIENTED_EDGE('',*,*,#571,.T.);
#721=ORIENTED_EDGE('',*,*,#556,.T.);
#722=ORIENTED_EDGE('',*,*,#572,.F.);
#723=ORIENTED_EDGE('',*,*,#552,.F.);
#724=ORIENTED_EDGE('',*,*,#572,.T.);
#725=ORIENTED_EDGE('',*,*,#566,.T.);
#726=ORIENTED_EDGE('',*,*,#567,.F.);
#727=ORIENTED_EDGE('',*,*,#541,.T.);
#728=ORIENTED_EDGE('',*,*,#573,.T.);
#729=ORIENTED_EDGE('',*,*,#574,.T.);
#730=ORIENTED_EDGE('',*,*,#573,.F.);
#731=ORIENTED_EDGE('',*,*,#543,.T.);
#732=ORIENTED_EDGE('',*,*,#553,.T.);
#733=ORIENTED_EDGE('',*,*,#574,.F.);
#734=ORIENTED_EDGE('',*,*,#575,.F.);
#735=ORIENTED_EDGE('',*,*,#576,.T.);
#736=ORIENTED_EDGE('',*,*,#577,.F.);
#737=ORIENTED_EDGE('',*,*,#578,.F.);
#738=ORIENTED_EDGE('',*,*,#576,.F.);
#739=ORIENTED_EDGE('',*,*,#579,.F.);
#740=ORIENTED_EDGE('',*,*,#577,.T.);
#741=ORIENTED_EDGE('',*,*,#578,.T.);
#742=ORIENTED_EDGE('',*,*,#579,.T.);
#743=ORIENTED_EDGE('',*,*,#580,.F.);
#744=ORIENTED_EDGE('',*,*,#581,.F.);
#745=ORIENTED_EDGE('',*,*,#580,.T.);
#746=ORIENTED_EDGE('',*,*,#582,.F.);
#747=ORIENTED_EDGE('',*,*,#583,.T.);
#748=ORIENTED_EDGE('',*,*,#581,.T.);
#749=ORIENTED_EDGE('',*,*,#583,.F.);
#750=ORIENTED_EDGE('',*,*,#584,.F.);
#751=ORIENTED_EDGE('',*,*,#582,.T.);
#752=ORIENTED_EDGE('',*,*,#585,.T.);
#753=ORIENTED_EDGE('',*,*,#586,.F.);
#754=ORIENTED_EDGE('',*,*,#587,.T.);
#755=ORIENTED_EDGE('',*,*,#586,.T.);
#756=ORIENTED_EDGE('',*,*,#587,.F.);
#757=ORIENTED_EDGE('',*,*,#588,.F.);
#758=ORIENTED_EDGE('',*,*,#589,.F.);
#759=ORIENTED_EDGE('',*,*,#589,.T.);
#760=ORIENTED_EDGE('',*,*,#590,.T.);
#761=ORIENTED_EDGE('',*,*,#591,.F.);
#762=ORIENTED_EDGE('',*,*,#590,.F.);
#763=ORIENTED_EDGE('',*,*,#588,.T.);
#764=ORIENTED_EDGE('',*,*,#585,.F.);
#765=ORIENTED_EDGE('',*,*,#592,.T.);
#766=ORIENTED_EDGE('',*,*,#593,.F.);
#767=ORIENTED_EDGE('',*,*,#592,.F.);
#768=ORIENTED_EDGE('',*,*,#594,.F.);
#769=ORIENTED_EDGE('',*,*,#593,.T.);
#770=ORIENTED_EDGE('',*,*,#575,.T.);
#771=ORIENTED_EDGE('',*,*,#595,.F.);
#772=ORIENTED_EDGE('',*,*,#591,.T.);
#773=ORIENTED_EDGE('',*,*,#596,.F.);
#774=ORIENTED_EDGE('',*,*,#597,.F.);
#775=ORIENTED_EDGE('',*,*,#598,.T.);
#776=ORIENTED_EDGE('',*,*,#596,.T.);
#777=ORIENTED_EDGE('',*,*,#598,.F.);
#778=ORIENTED_EDGE('',*,*,#599,.T.);
#779=ORIENTED_EDGE('',*,*,#600,.T.);
#780=ORIENTED_EDGE('',*,*,#601,.F.);
#781=ORIENTED_EDGE('',*,*,#602,.T.);
#782=ORIENTED_EDGE('',*,*,#600,.F.);
#783=ORIENTED_EDGE('',*,*,#602,.F.);
#784=ORIENTED_EDGE('',*,*,#595,.T.);
#785=ORIENTED_EDGE('',*,*,#603,.T.);
#786=ORIENTED_EDGE('',*,*,#599,.F.);
#787=ORIENTED_EDGE('',*,*,#603,.F.);
#788=ORIENTED_EDGE('',*,*,#597,.T.);
#789=ORIENTED_EDGE('',*,*,#601,.T.);
#790=ORIENTED_EDGE('',*,*,#604,.F.);
#791=ORIENTED_EDGE('',*,*,#605,.T.);
#792=ORIENTED_EDGE('',*,*,#594,.T.);
#793=ORIENTED_EDGE('',*,*,#605,.F.);
#794=ORIENTED_EDGE('',*,*,#606,.T.);
#795=ORIENTED_EDGE('',*,*,#607,.T.);
#796=ORIENTED_EDGE('',*,*,#584,.T.);
#797=ORIENTED_EDGE('',*,*,#608,.T.);
#798=ORIENTED_EDGE('',*,*,#607,.F.);
#799=ORIENTED_EDGE('',*,*,#608,.F.);
#800=ORIENTED_EDGE('',*,*,#609,.F.);
#801=ORIENTED_EDGE('',*,*,#610,.T.);
#802=ORIENTED_EDGE('',*,*,#606,.F.);
#803=ORIENTED_EDGE('',*,*,#610,.F.);
#804=ORIENTED_EDGE('',*,*,#609,.T.);
#805=ORIENTED_EDGE('',*,*,#604,.T.);
#806=ORIENTED_EDGE('',*,*,#611,.F.);
#807=ORIENTED_EDGE('',*,*,#612,.F.);
#808=ORIENTED_EDGE('',*,*,#613,.F.);
#809=ORIENTED_EDGE('',*,*,#614,.F.);
#810=ORIENTED_EDGE('',*,*,#615,.F.);
#811=ORIENTED_EDGE('',*,*,#616,.F.);
#812=ORIENTED_EDGE('',*,*,#617,.F.);
#813=ORIENTED_EDGE('',*,*,#618,.F.);
#814=ORIENTED_EDGE('',*,*,#619,.F.);
#815=ORIENTED_EDGE('',*,*,#617,.T.);
#816=ORIENTED_EDGE('',*,*,#620,.T.);
#817=ORIENTED_EDGE('',*,*,#621,.F.);
#818=ORIENTED_EDGE('',*,*,#618,.T.);
#819=ORIENTED_EDGE('',*,*,#620,.F.);
#820=ORIENTED_EDGE('',*,*,#616,.T.);
#821=ORIENTED_EDGE('',*,*,#622,.F.);
#822=ORIENTED_EDGE('',*,*,#612,.T.);
#823=ORIENTED_EDGE('',*,*,#623,.F.);
#824=ORIENTED_EDGE('',*,*,#624,.F.);
#825=ORIENTED_EDGE('',*,*,#613,.T.);
#826=ORIENTED_EDGE('',*,*,#623,.T.);
#827=ORIENTED_EDGE('',*,*,#611,.T.);
#828=ORIENTED_EDGE('',*,*,#625,.F.);
#829=ORIENTED_EDGE('',*,*,#626,.T.);
#830=ORIENTED_EDGE('',*,*,#627,.T.);
#831=ORIENTED_EDGE('',*,*,#628,.F.);
#832=ORIENTED_EDGE('',*,*,#629,.F.);
#833=ORIENTED_EDGE('',*,*,#626,.F.);
#834=ORIENTED_EDGE('',*,*,#627,.F.);
#835=ORIENTED_EDGE('',*,*,#630,.T.);
#836=ORIENTED_EDGE('',*,*,#631,.T.);
#837=ORIENTED_EDGE('',*,*,#630,.F.);
#838=ORIENTED_EDGE('',*,*,#631,.F.);
#839=ORIENTED_EDGE('',*,*,#615,.T.);
#840=ORIENTED_EDGE('',*,*,#632,.T.);
#841=ORIENTED_EDGE('',*,*,#633,.T.);
#842=ORIENTED_EDGE('',*,*,#632,.F.);
#843=ORIENTED_EDGE('',*,*,#633,.F.);
#844=ORIENTED_EDGE('',*,*,#634,.F.);
#845=ORIENTED_EDGE('',*,*,#635,.T.);
#846=ORIENTED_EDGE('',*,*,#636,.T.);
#847=ORIENTED_EDGE('',*,*,#635,.F.);
#848=ORIENTED_EDGE('',*,*,#636,.F.);
#849=ORIENTED_EDGE('',*,*,#637,.F.);
#850=ORIENTED_EDGE('',*,*,#638,.T.);
#851=ORIENTED_EDGE('',*,*,#639,.T.);
#852=ORIENTED_EDGE('',*,*,#638,.F.);
#853=ORIENTED_EDGE('',*,*,#639,.F.);
#854=ORIENTED_EDGE('',*,*,#640,.F.);
#855=ORIENTED_EDGE('',*,*,#641,.T.);
#856=ORIENTED_EDGE('',*,*,#642,.T.);
#857=ORIENTED_EDGE('',*,*,#641,.F.);
#858=ORIENTED_EDGE('',*,*,#642,.F.);
#859=ORIENTED_EDGE('',*,*,#643,.F.);
#860=ORIENTED_EDGE('',*,*,#644,.T.);
#861=ORIENTED_EDGE('',*,*,#645,.T.);
#862=ORIENTED_EDGE('',*,*,#644,.F.);
#863=ORIENTED_EDGE('',*,*,#645,.F.);
#864=ORIENTED_EDGE('',*,*,#614,.T.);
#865=ORIENTED_EDGE('',*,*,#625,.T.);
#866=ORIENTED_EDGE('',*,*,#646,.F.);
#867=ORIENTED_EDGE('',*,*,#621,.T.);
#868=ORIENTED_EDGE('',*,*,#647,.T.);
#869=ORIENTED_EDGE('',*,*,#624,.T.);
#870=ORIENTED_EDGE('',*,*,#647,.F.);
#871=ORIENTED_EDGE('',*,*,#629,.T.);
#872=ORIENTED_EDGE('',*,*,#648,.T.);
#873=ORIENTED_EDGE('',*,*,#649,.F.);
#874=ORIENTED_EDGE('',*,*,#648,.F.);
#875=ORIENTED_EDGE('',*,*,#628,.T.);
#876=ORIENTED_EDGE('',*,*,#650,.T.);
#877=ORIENTED_EDGE('',*,*,#651,.F.);
#878=ORIENTED_EDGE('',*,*,#650,.F.);
#879=ORIENTED_EDGE('',*,*,#619,.T.);
#880=ORIENTED_EDGE('',*,*,#622,.T.);
#881=ORIENTED_EDGE('',*,*,#651,.T.);
#882=ORIENTED_EDGE('',*,*,#646,.T.);
#883=ORIENTED_EDGE('',*,*,#652,.T.);
#884=ORIENTED_EDGE('',*,*,#653,.T.);
#885=ORIENTED_EDGE('',*,*,#652,.F.);
#886=ORIENTED_EDGE('',*,*,#649,.T.);
#887=ORIENTED_EDGE('',*,*,#653,.F.);
#888=ORIENTED_EDGE('',*,*,#634,.T.);
#889=ORIENTED_EDGE('',*,*,#637,.T.);
#890=ORIENTED_EDGE('',*,*,#640,.T.);
#891=ORIENTED_EDGE('',*,*,#643,.T.);
#892=CYLINDRICAL_SURFACE('',#1030,1.35);
#893=CYLINDRICAL_SURFACE('',#1033,2.5);
#894=CYLINDRICAL_SURFACE('',#1047,1.9);
#895=CYLINDRICAL_SURFACE('',#1061,0.96675);
#896=CYLINDRICAL_SURFACE('',#1066,1.45);
#897=CYLINDRICAL_SURFACE('',#1073,2.39999994635582);
#898=CYLINDRICAL_SURFACE('',#1082,1.45);
#899=CYLINDRICAL_SURFACE('',#1084,2.39999994635582);
#900=CYLINDRICAL_SURFACE('',#1092,1.35);
#901=CYLINDRICAL_SURFACE('',#1097,1.);
#902=CYLINDRICAL_SURFACE('',#1099,1.35);
#903=CYLINDRICAL_SURFACE('',#1101,2.5);
#904=CYLINDRICAL_SURFACE('',#1106,2.5);
#905=CYLINDRICAL_SURFACE('',#1107,3.5);
#906=CYLINDRICAL_SURFACE('',#1116,14.);
#907=CYLINDRICAL_SURFACE('',#1121,14.);
#908=CYLINDRICAL_SURFACE('',#1126,1.6);
#909=CYLINDRICAL_SURFACE('',#1129,1.6);
#910=CYLINDRICAL_SURFACE('',#1132,0.749999999999993);
#911=CYLINDRICAL_SURFACE('',#1136,0.749999999999993);
#912=CYLINDRICAL_SURFACE('',#1140,0.749999999999993);
#913=CYLINDRICAL_SURFACE('',#1144,0.749999999999993);
#914=CYLINDRICAL_SURFACE('',#1150,10.);
#915=CYLINDRICAL_SURFACE('',#1151,3.625);
#916=CYLINDRICAL_SURFACE('',#1153,5.25);
#917=CYLINDRICAL_SURFACE('',#1156,10.);
#918=ADVANCED_FACE('',(#118),#892,.F.);
#919=ADVANCED_FACE('',(#119),#893,.T.);
#920=ADVANCED_FACE('',(#120,#51),#76,.T.);
#921=ADVANCED_FACE('',(#121,#52),#77,.F.);
#922=ADVANCED_FACE('',(#122),#34,.T.);
#923=ADVANCED_FACE('',(#123),#33,.T.);
#924=ADVANCED_FACE('',(#124,#53),#78,.T.);
#925=ADVANCED_FACE('',(#125),#894,.T.);
#926=ADVANCED_FACE('',(#126),#79,.F.);
#927=ADVANCED_FACE('',(#127),#80,.F.);
#928=ADVANCED_FACE('',(#128),#81,.F.);
#929=ADVANCED_FACE('',(#129),#82,.F.);
#930=ADVANCED_FACE('',(#130),#83,.F.);
#931=ADVANCED_FACE('',(#131),#84,.F.);
#932=ADVANCED_FACE('',(#132),#85,.F.);
#933=ADVANCED_FACE('',(#133),#86,.F.);
#934=ADVANCED_FACE('',(#134),#87,.F.);
#935=ADVANCED_FACE('',(#135),#88,.F.);
#936=ADVANCED_FACE('',(#136),#89,.F.);
#937=ADVANCED_FACE('',(#137),#90,.F.);
#938=ADVANCED_FACE('',(#138),#895,.T.);
#939=ADVANCED_FACE('',(#139),#91,.T.);
#940=ADVANCED_FACE('',(#140,#54),#92,.T.);
#941=ADVANCED_FACE('',(#141),#896,.F.);
#942=ADVANCED_FACE('',(#142),#31,.T.);
#943=ADVANCED_FACE('',(#143,#55),#93,.T.);
#944=ADVANCED_FACE('',(#144),#897,.T.);
#945=ADVANCED_FACE('',(#145,#56),#94,.F.);
#946=ADVANCED_FACE('',(#146,#57),#95,.T.);
#947=ADVANCED_FACE('',(#147),#32,.T.);
#948=ADVANCED_FACE('',(#148),#898,.F.);
#949=ADVANCED_FACE('',(#149),#899,.T.);
#950=ADVANCED_FACE('',(#150,#58),#96,.T.);
#951=ADVANCED_FACE('',(#151,#59),#97,.F.);
#952=ADVANCED_FACE('',(#152,#60),#98,.T.);
#953=ADVANCED_FACE('',(#153),#900,.T.);
#954=ADVANCED_FACE('',(#154,#61),#99,.F.);
#955=ADVANCED_FACE('',(#155),#901,.F.);
#956=ADVANCED_FACE('',(#156),#902,.T.);
#957=ADVANCED_FACE('',(#157,#62),#100,.T.);
#958=ADVANCED_FACE('',(#158),#903,.F.);
#959=ADVANCED_FACE('',(#159,#63),#101,.F.);
#960=ADVANCED_FACE('',(#160),#904,.F.);
#961=ADVANCED_FACE('',(#161),#905,.T.);
#962=ADVANCED_FACE('',(#162,#64),#102,.T.);
#963=ADVANCED_FACE('',(#163,#65),#103,.F.);
#964=ADVANCED_FACE('',(#164),#104,.F.);
#965=ADVANCED_FACE('',(#165,#66),#105,.T.);
#966=ADVANCED_FACE('',(#166),#906,.T.);
#967=ADVANCED_FACE('',(#167,#67),#106,.F.);
#968=ADVANCED_FACE('',(#168,#68),#907,.T.);
#969=ADVANCED_FACE('',(#169,#69),#107,.T.);
#970=ADVANCED_FACE('',(#170),#908,.F.);
#971=ADVANCED_FACE('',(#171),#108,.F.);
#972=ADVANCED_FACE('',(#172),#909,.F.);
#973=ADVANCED_FACE('',(#173),#109,.F.);
#974=ADVANCED_FACE('',(#174),#910,.F.);
#975=ADVANCED_FACE('',(#175),#110,.T.);
#976=ADVANCED_FACE('',(#176),#911,.F.);
#977=ADVANCED_FACE('',(#177),#111,.T.);
#978=ADVANCED_FACE('',(#178),#912,.F.);
#979=ADVANCED_FACE('',(#179),#112,.T.);
#980=ADVANCED_FACE('',(#180),#913,.F.);
#981=ADVANCED_FACE('',(#181),#113,.T.);
#982=ADVANCED_FACE('',(#182,#70),#114,.T.);
#983=ADVANCED_FACE('',(#183),#914,.T.);
#984=ADVANCED_FACE('',(#184),#915,.F.);
#985=ADVANCED_FACE('',(#185),#916,.T.);
#986=ADVANCED_FACE('',(#186,#71),#115,.T.);
#987=ADVANCED_FACE('',(#187),#917,.T.);
#988=ADVANCED_FACE('',(#188),#116,.T.);
#989=ADVANCED_FACE('',(#189,#72,#73,#74,#75),#117,.F.);
#990=CLOSED_SHELL('',(#918,#919,#920,#921));
#991=CLOSED_SHELL('',(#922,#923,#924,#925,#926,#927,#928,#929,#930,#931,
#932,#933,#934,#935,#936,#937,#938,#939,#940));
#992=CLOSED_SHELL('',(#941,#942,#943,#944,#945,#946,#947,#948,#949,#950,
#951,#952,#953,#954,#955,#956,#957,#958,#959,#960,#961,#962));
#993=CLOSED_SHELL('',(#963,#964,#965,#966,#967,#968,#969,#970,#971,#972,
#973,#974,#975,#976,#977,#978,#979,#980,#981,#982,#983,#984,#985,#986,#987,
#988,#989));
#994=DERIVED_UNIT_ELEMENT(#1000,1.);
#995=DERIVED_UNIT_ELEMENT(#2010,-3.);
#996=DERIVED_UNIT_ELEMENT(#1000,1.);
#997=DERIVED_UNIT_ELEMENT(#2010,-3.);
#998=DERIVED_UNIT_ELEMENT(#1000,1.);
#999=DERIVED_UNIT_ELEMENT(#2010,-3.);
#1000=(
MASS_UNIT()
NAMED_UNIT(*)
SI_UNIT(.KILO.,.GRAM.)
);
#1001=DERIVED_UNIT((#994,#995));
#1002=DERIVED_UNIT((#996,#997));
#1003=DERIVED_UNIT((#998,#999));
#1004=MEASURE_REPRESENTATION_ITEM('density measure',
POSITIVE_RATIO_MEASURE(8030.),#1001);
#1005=MEASURE_REPRESENTATION_ITEM('density measure',
POSITIVE_RATIO_MEASURE(7750.),#1002);
#1006=MEASURE_REPRESENTATION_ITEM('density measure',
POSITIVE_RATIO_MEASURE(7850.),#1003);
#1007=PROPERTY_DEFINITION_REPRESENTATION(#1022,#1013);
#1008=PROPERTY_DEFINITION_REPRESENTATION(#1023,#1014);
#1009=PROPERTY_DEFINITION_REPRESENTATION(#1024,#1015);
#1010=PROPERTY_DEFINITION_REPRESENTATION(#1025,#1016);
#1011=PROPERTY_DEFINITION_REPRESENTATION(#1026,#1017);
#1012=PROPERTY_DEFINITION_REPRESENTATION(#1027,#1018);
#1013=REPRESENTATION('material name',(#1019),#2005);
#1014=REPRESENTATION('density',(#1004),#2005);
#1015=REPRESENTATION('material name',(#1020),#2006);
#1016=REPRESENTATION('density',(#1005),#2006);
#1017=REPRESENTATION('material name',(#1021),#2007);
#1018=REPRESENTATION('density',(#1006),#2007);
#1019=DESCRIPTIVE_REPRESENTATION_ITEM('Steel 100 HV, Plain',
'Steel 100 HV, Plain');
#1020=DESCRIPTIVE_REPRESENTATION_ITEM('Steel 4.6, Plain',
'Steel 4.6, Plain');
#1021=DESCRIPTIVE_REPRESENTATION_ITEM('Steel','Steel');
#1022=PROPERTY_DEFINITION('material property','material name',#2031);
#1023=PROPERTY_DEFINITION('material property','density of part',#2031);
#1024=PROPERTY_DEFINITION('material property','material name',#2032);
#1025=PROPERTY_DEFINITION('material property','density of part',#2032);
#1026=PROPERTY_DEFINITION('material property','material name',#2033);
#1027=PROPERTY_DEFINITION('material property','density of part',#2033);
#1028=AXIS2_PLACEMENT_3D('',#1493,#1164,#1165);
#1029=AXIS2_PLACEMENT_3D('',#1494,#1166,#1167);
#1030=AXIS2_PLACEMENT_3D('',#1495,#1168,#1169);
#1031=AXIS2_PLACEMENT_3D('',#1497,#1170,#1171);
#1032=AXIS2_PLACEMENT_3D('',#1500,#1173,#1174);
#1033=AXIS2_PLACEMENT_3D('',#1501,#1175,#1176);
#1034=AXIS2_PLACEMENT_3D('',#1503,#1177,#1178);
#1035=AXIS2_PLACEMENT_3D('',#1506,#1180,#1181);
#1036=AXIS2_PLACEMENT_3D('',#1507,#1182,#1183);
#1037=AXIS2_PLACEMENT_3D('',#1508,#1184,#1185);
#1038=AXIS2_PLACEMENT_3D('',#1509,#1186,#1187);
#1039=AXIS2_PLACEMENT_3D('',#1510,#1188,#1189);
#1040=AXIS2_PLACEMENT_3D('',#1512,#1190,#1191);
#1041=AXIS2_PLACEMENT_3D('',#1515,#1193,#1194);
#1042=AXIS2_PLACEMENT_3D('',#1516,#1195,#1196);
#1043=AXIS2_PLACEMENT_3D('',#1518,#1197,#1198);
#1044=AXIS2_PLACEMENT_3D('',#1520,#1199,#1200);
#1045=AXIS2_PLACEMENT_3D('',#1521,#1201,#1202);
#1046=AXIS2_PLACEMENT_3D('',#1522,#1203,#1204);
#1047=AXIS2_PLACEMENT_3D('',#1535,#1211,#1212);
#1048=AXIS2_PLACEMENT_3D('',#1537,#1213,#1214);
#1049=AXIS2_PLACEMENT_3D('',#1539,#1216,#1217);
#1050=AXIS2_PLACEMENT_3D('',#1546,#1221,#1222);
#1051=AXIS2_PLACEMENT_3D('',#1550,#1225,#1226);
#1052=AXIS2_PLACEMENT_3D('',#1554,#1229,#1230);
#1053=AXIS2_PLACEMENT_3D('',#1558,#1233,#1234);
#1054=AXIS2_PLACEMENT_3D('',#1562,#1237,#1238);
#1055=AXIS2_PLACEMENT_3D('',#1564,#1240,#1241);
#1056=AXIS2_PLACEMENT_3D('',#1567,#1244,#1245);
#1057=AXIS2_PLACEMENT_3D('',#1569,#1247,#1248);
#1058=AXIS2_PLACEMENT_3D('',#1571,#1250,#1251);
#1059=AXIS2_PLACEMENT_3D('',#1573,#1253,#1254);
#1060=AXIS2_PLACEMENT_3D('',#1575,#1256,#1257);
#1061=AXIS2_PLACEMENT_3D('',#1576,#1258,#1259);
#1062=AXIS2_PLACEMENT_3D('',#1579,#1261,#1262);
#1063=AXIS2_PLACEMENT_3D('',#1580,#1263,#1264);
#1064=AXIS2_PLACEMENT_3D('',#1581,#1265,#1266);
#1065=AXIS2_PLACEMENT_3D('',#1582,#1267,#1268);
#1066=AXIS2_PLACEMENT_3D('',#1583,#1269,#1270);
#1067=AXIS2_PLACEMENT_3D('',#1585,#1271,#1272);
#1068=AXIS2_PLACEMENT_3D('',#1589,#1274,#1275);
#1069=AXIS2_PLACEMENT_3D('',#1590,#1276,#1277);
#1070=AXIS2_PLACEMENT_3D('',#1692,#1278,#1279);
#1071=AXIS2_PLACEMENT_3D('',#1693,#1280,#1281);
#1072=AXIS2_PLACEMENT_3D('',#1695,#1282,#1283);
#1073=AXIS2_PLACEMENT_3D('',#1696,#1284,#1285);
#1074=AXIS2_PLACEMENT_3D('',#1698,#1286,#1287);
#1075=AXIS2_PLACEMENT_3D('',#1700,#1289,#1290);
#1076=AXIS2_PLACEMENT_3D('',#1702,#1291,#1292);
#1077=AXIS2_PLACEMENT_3D('',#1703,#1293,#1294);
#1078=AXIS2_PLACEMENT_3D('',#1705,#1295,#1296);
#1079=AXIS2_PLACEMENT_3D('',#1707,#1297,#1298);
#1080=AXIS2_PLACEMENT_3D('',#1810,#1299,#1300);
#1081=AXIS2_PLACEMENT_3D('',#1811,#1301,#1302);
#1082=AXIS2_PLACEMENT_3D('',#1812,#1303,#1304);
#1083=AXIS2_PLACEMENT_3D('',#1815,#1306,#1307);
#1084=AXIS2_PLACEMENT_3D('',#1816,#1308,#1309);
#1085=AXIS2_PLACEMENT_3D('',#1819,#1311,#1312);
#1086=AXIS2_PLACEMENT_3D('',#1820,#1313,#1314);
#1087=AXIS2_PLACEMENT_3D('',#1822,#1315,#1316);
#1088=AXIS2_PLACEMENT_3D('',#1823,#1317,#1318);
#1089=AXIS2_PLACEMENT_3D('',#1825,#1319,#1320);
#1090=AXIS2_PLACEMENT_3D('',#1826,#1321,#1322);
#1091=AXIS2_PLACEMENT_3D('',#1828,#1323,#1324);
#1092=AXIS2_PLACEMENT_3D('',#1829,#1325,#1326);
#1093=AXIS2_PLACEMENT_3D('',#1831,#1327,#1328);
#1094=AXIS2_PLACEMENT_3D('',#1833,#1330,#1331);
#1095=AXIS2_PLACEMENT_3D('',#1835,#1332,#1333);
#1096=AXIS2_PLACEMENT_3D('',#1837,#1334,#1335);
#1097=AXIS2_PLACEMENT_3D('',#1838,#1336,#1337);
#1098=AXIS2_PLACEMENT_3D('',#1840,#1338,#1339);
#1099=AXIS2_PLACEMENT_3D('',#1842,#1341,#1342);
#1100=AXIS2_PLACEMENT_3D('',#1844,#1344,#1345);
#1101=AXIS2_PLACEMENT_3D('',#1845,#1346,#1347);
#1102=AXIS2_PLACEMENT_3D('',#1847,#1348,#1349);
#1103=AXIS2_PLACEMENT_3D('',#1849,#1351,#1352);
#1104=AXIS2_PLACEMENT_3D('',#1851,#1353,#1354);
#1105=AXIS2_PLACEMENT_3D('',#1853,#1355,#1356);
#1106=AXIS2_PLACEMENT_3D('',#1854,#1357,#1358);
#1107=AXIS2_PLACEMENT_3D('',#1856,#1360,#1361);
#1108=AXIS2_PLACEMENT_3D('',#1858,#1362,#1363);
#1109=AXIS2_PLACEMENT_3D('',#1860,#1365,#1366);
#1110=AXIS2_PLACEMENT_3D('',#1861,#1367,#1368);
#1111=AXIS2_PLACEMENT_3D('',#1871,#1373,#1374);
#1112=AXIS2_PLACEMENT_3D('',#1872,#1375,#1376);
#1113=AXIS2_PLACEMENT_3D('',#1881,#1381,#1382);
#1114=AXIS2_PLACEMENT_3D('',#1882,#1383,#1384);
#1115=AXIS2_PLACEMENT_3D('',#1884,#1385,#1386);
#1116=AXIS2_PLACEMENT_3D('',#1885,#1387,#1388);
#1117=AXIS2_PLACEMENT_3D('',#1886,#1389,#1390);
#1118=AXIS2_PLACEMENT_3D('',#1887,#1391,#1392);
#1119=AXIS2_PLACEMENT_3D('',#1888,#1393,#1394);
#1120=AXIS2_PLACEMENT_3D('',#1890,#1395,#1396);
#1121=AXIS2_PLACEMENT_3D('',#1891,#1397,#1398);
#1122=AXIS2_PLACEMENT_3D('',#1892,#1399,#1400);
#1123=AXIS2_PLACEMENT_3D('',#1932,#1401,#1402);
#1124=AXIS2_PLACEMENT_3D('',#1934,#1403,#1404);
#1125=AXIS2_PLACEMENT_3D('',#1936,#1405,#1406);
#1126=AXIS2_PLACEMENT_3D('',#1937,#1407,#1408);
#1127=AXIS2_PLACEMENT_3D('',#1940,#1410,#1411);
#1128=AXIS2_PLACEMENT_3D('',#1941,#1412,#1413);
#1129=AXIS2_PLACEMENT_3D('',#1942,#1414,#1415);
#1130=AXIS2_PLACEMENT_3D('',#1945,#1417,#1418);
#1131=AXIS2_PLACEMENT_3D('',#1946,#1419,#1420);
#1132=AXIS2_PLACEMENT_3D('',#1947,#1421,#1422);
#1133=AXIS2_PLACEMENT_3D('',#1949,#1423,#1424);
#1134=AXIS2_PLACEMENT_3D('',#1952,#1426,#1427);
#1135=AXIS2_PLACEMENT_3D('',#1953,#1428,#1429);
#1136=AXIS2_PLACEMENT_3D('',#1954,#1430,#1431);
#1137=AXIS2_PLACEMENT_3D('',#1956,#1432,#1433);
#1138=AXIS2_PLACEMENT_3D('',#1959,#1435,#1436);
#1139=AXIS2_PLACEMENT_3D('',#1960,#1437,#1438);
#1140=AXIS2_PLACEMENT_3D('',#1961,#1439,#1440);
#1141=AXIS2_PLACEMENT_3D('',#1963,#1441,#1442);
#1142=AXIS2_PLACEMENT_3D('',#1966,#1444,#1445);
#1143=AXIS2_PLACEMENT_3D('',#1967,#1446,#1447);
#1144=AXIS2_PLACEMENT_3D('',#1968,#1448,#1449);
#1145=AXIS2_PLACEMENT_3D('',#1970,#1450,#1451);
#1146=AXIS2_PLACEMENT_3D('',#1973,#1453,#1454);
#1147=AXIS2_PLACEMENT_3D('',#1974,#1455,#1456);
#1148=AXIS2_PLACEMENT_3D('',#1975,#1457,#1458);
#1149=AXIS2_PLACEMENT_3D('',#1977,#1459,#1460);
#1150=AXIS2_PLACEMENT_3D('',#1978,#1461,#1462);
#1151=AXIS2_PLACEMENT_3D('',#1980,#1464,#1465);
#1152=AXIS2_PLACEMENT_3D('',#1983,#1467,#1468);
#1153=AXIS2_PLACEMENT_3D('',#1984,#1469,#1470);
#1154=AXIS2_PLACEMENT_3D('',#1987,#1472,#1473);
#1155=AXIS2_PLACEMENT_3D('',#1988,#1474,#1475);
#1156=AXIS2_PLACEMENT_3D('',#1989,#1476,#1477);
#1157=AXIS2_PLACEMENT_3D('',#1992,#1479,#1480);
#1158=AXIS2_PLACEMENT_3D('',#1993,#1481,#1482);
#1159=AXIS2_PLACEMENT_3D('',#1994,#1483,#1484);
#1160=AXIS2_PLACEMENT_3D('',#1995,#1485,#1486);
#1161=AXIS2_PLACEMENT_3D('',#1996,#1487,#1488);
#1162=AXIS2_PLACEMENT_3D('',#1997,#1489,#1490);
#1163=AXIS2_PLACEMENT_3D('',#1998,#1491,#1492);
#1164=DIRECTION('axis',(0.,0.,1.));
#1165=DIRECTION('refdir',(1.,0.,0.));
#1166=DIRECTION('axis',(0.,0.,1.));
#1167=DIRECTION('refdir',(1.,0.,0.));
#1168=DIRECTION('center_axis',(0.,0.,1.));
#1169=DIRECTION('ref_axis',(1.,0.,0.));
#1170=DIRECTION('center_axis',(0.,0.,-1.));
#1171=DIRECTION('ref_axis',(1.,0.,0.));
#1172=DIRECTION('',(0.,0.,-1.));
#1173=DIRECTION('center_axis',(0.,0.,-1.));
#1174=DIRECTION('ref_axis',(1.,0.,0.));
#1175=DIRECTION('center_axis',(0.,0.,1.));
#1176=DIRECTION('ref_axis',(1.,0.,0.));
#1177=DIRECTION('center_axis',(0.,0.,1.));
#1178=DIRECTION('ref_axis',(1.,0.,0.));
#1179=DIRECTION('',(0.,0.,-1.));
#1180=DIRECTION('center_axis',(0.,0.,1.));
#1181=DIRECTION('ref_axis',(1.,0.,0.));
#1182=DIRECTION('center_axis',(0.,0.,1.));
#1183=DIRECTION('ref_axis',(1.,0.,0.));
#1184=DIRECTION('center_axis',(0.,0.,1.));
#1185=DIRECTION('ref_axis',(1.,0.,0.));
#1186=DIRECTION('axis',(0.,0.,1.));
#1187=DIRECTION('refdir',(1.,0.,0.));
#1188=DIRECTION('center_axis',(0.,0.,1.));
#1189=DIRECTION('ref_axis',(-1.,0.,0.));
#1190=DIRECTION('center_axis',(-2.45420267738779E-15,0.,1.));
#1191=DIRECTION('ref_axis',(-1.,0.,-2.39459935355604E-15));
#1192=DIRECTION('',(-0.734232515127643,8.99175499480979E-17,-0.678898087881631));
#1193=DIRECTION('center_axis',(2.45420267738779E-15,0.,-1.));
#1194=DIRECTION('ref_axis',(-1.,0.,0.));
#1195=DIRECTION('center_axis',(2.45420267738779E-15,0.,-1.));
#1196=DIRECTION('ref_axis',(-1.,0.,-2.4541772123293E-15));
#1197=DIRECTION('center_axis',(-2.45420267738779E-15,0.,1.));
#1198=DIRECTION('ref_axis',(1.,0.,2.44687311348308E-15));
#1199=DIRECTION('center_axis',(-1.22464679914735E-16,-1.,-3.00553145332182E-31));
#1200=DIRECTION('ref_axis',(1.,-1.22464679914735E-16,2.48339360771417E-15));
#1201=DIRECTION('center_axis',(2.45420267738779E-15,0.,-1.));
#1202=DIRECTION('ref_axis',(1.,0.,2.45420267738779E-15));
#1203=DIRECTION('center_axis',(-2.45420267738779E-15,0.,1.));
#1204=DIRECTION('ref_axis',(1.,0.,2.45420267738779E-15));
#1205=DIRECTION('',(0.866025403784439,0.499999999999999,2.12540186465361E-15));
#1206=DIRECTION('',(0.866025403784438,-0.5,2.12540186465361E-15));
#1207=DIRECTION('',(-1.22464679914735E-16,-1.,-3.00553145332182E-31));
#1208=DIRECTION('',(-0.866025403784439,-0.5,-2.12540186465361E-15));
#1209=DIRECTION('',(-0.866025403784439,0.5,-2.12540186465361E-15));
#1210=DIRECTION('',(0.,1.,0.));
#1211=DIRECTION('center_axis',(2.45420267738779E-15,0.,-1.));
#1212=DIRECTION('ref_axis',(-1.,0.,-2.39459935355604E-15));
#1213=DIRECTION('center_axis',(2.45420267738779E-15,0.,-1.));
#1214=DIRECTION('ref_axis',(1.,0.,2.45420267738779E-15));
#1215=DIRECTION('',(-2.45420267738779E-15,0.,1.));
#1216=DIRECTION('center_axis',(-0.0435778713738291,-0.0754790873051733,
-0.996194698091746));
#1217=DIRECTION('ref_axis',(-0.866025403784439,0.5,0.));
#1218=DIRECTION('',(0.863550259614423,0.498570974847158,-0.0755508581011305));
#1219=DIRECTION('',(-0.866025403784439,0.5,0.));
#1220=DIRECTION('',(1.59381164582915E-16,0.997141949694316,-0.0755508581011305));
#1221=DIRECTION('center_axis',(0.043577871373829,-0.0754790873051733,-0.996194698091746));
#1222=DIRECTION('ref_axis',(-0.866025403784439,-0.5,0.));
#1223=DIRECTION('',(-0.866025403784439,-0.5,0.));
#1224=DIRECTION('',(-0.863550259614423,0.498570974847158,-0.0755508581011305));
#1225=DIRECTION('center_axis',(0.0871557427476581,-1.0673500138323E-17,
-0.996194698091746));
#1226=DIRECTION('ref_axis',(-1.22464679914735E-16,-1.,0.));
#1227=DIRECTION('',(-1.22464679914735E-16,-1.,0.));
#1228=DIRECTION('',(-0.863550259614423,-0.498570974847158,-0.0755508581011305));
#1229=DIRECTION('center_axis',(0.0435778713738291,0.0754790873051733,-0.996194698091746));
#1230=DIRECTION('ref_axis',(0.866025403784438,-0.5,0.));
#1231=DIRECTION('',(0.866025403784438,-0.5,0.));
#1232=DIRECTION('',(-6.37524658331659E-16,-0.997141949694316,-0.0755508581011305));
#1233=DIRECTION('center_axis',(-0.043577871373829,0.0754790873051733,-0.996194698091746));
#1234=DIRECTION('ref_axis',(0.866025403784439,0.499999999999999,0.));
#1235=DIRECTION('',(0.866025403784439,0.499999999999999,0.));
#1236=DIRECTION('',(0.863550259614423,-0.498570974847159,-0.0755508581011305));
#1237=DIRECTION('center_axis',(-0.0871557427476581,0.,-0.996194698091746));
#1238=DIRECTION('ref_axis',(0.,1.,0.));
#1239=DIRECTION('',(0.,1.,0.));
#1240=DIRECTION('center_axis',(-0.499999999999999,0.866025403784439,0.));
#1241=DIRECTION('ref_axis',(0.866025403784439,0.499999999999999,0.));
#1242=DIRECTION('',(0.,0.,-1.));
#1243=DIRECTION('',(0.,0.,-1.));
#1244=DIRECTION('center_axis',(0.5,0.866025403784438,0.));
#1245=DIRECTION('ref_axis',(0.866025403784438,-0.5,0.));
#1246=DIRECTION('',(0.,0.,-1.));
#1247=DIRECTION('center_axis',(1.,-1.22464679914735E-16,0.));
#1248=DIRECTION('ref_axis',(-1.22464679914735E-16,-1.,0.));
#1249=DIRECTION('',(0.,0.,-1.));
#1250=DIRECTION('center_axis',(0.5,-0.866025403784439,0.));
#1251=DIRECTION('ref_axis',(-0.866025403784439,-0.5,0.));
#1252=DIRECTION('',(0.,0.,-1.));
#1253=DIRECTION('center_axis',(-0.5,-0.866025403784439,0.));
#1254=DIRECTION('ref_axis',(-0.866025403784439,0.5,0.));
#1255=DIRECTION('',(0.,0.,-1.));
#1256=DIRECTION('center_axis',(-1.,0.,0.));
#1257=DIRECTION('ref_axis',(0.,1.,0.));
#1258=DIRECTION('center_axis',(2.45420267738779E-15,0.,-1.));
#1259=DIRECTION('ref_axis',(-1.,0.,-2.39459935355604E-15));
#1260=DIRECTION('',(-2.45420267738779E-15,0.,1.));
#1261=DIRECTION('center_axis',(-2.45420267738779E-15,0.,1.));
#1262=DIRECTION('ref_axis',(-1.,0.,-2.39459935355604E-15));
#1263=DIRECTION('center_axis',(2.45420267738779E-15,0.,-1.));
#1264=DIRECTION('ref_axis',(-1.,0.,-2.45420267738779E-15));
#1265=DIRECTION('center_axis',(2.45420267738779E-15,0.,-1.));
#1266=DIRECTION('ref_axis',(-1.,0.,-2.45420267738779E-15));
#1267=DIRECTION('axis',(0.,0.,1.));
#1268=DIRECTION('refdir',(1.,0.,0.));
#1269=DIRECTION('center_axis',(1.,0.,0.));
#1270=DIRECTION('ref_axis',(0.,1.,0.));
#1271=DIRECTION('center_axis',(-1.,0.,0.));
#1272=DIRECTION('ref_axis',(0.,1.,0.));
#1273=DIRECTION('',(-1.,0.,0.));
#1274=DIRECTION('center_axis',(1.,0.,0.));
#1275=DIRECTION('ref_axis',(0.,0.,-1.));
#1276=DIRECTION('center_axis',(1.,0.,0.));
#1277=DIRECTION('ref_axis',(0.,0.,-1.));
#1278=DIRECTION('center_axis',(1.,0.,0.));
#1279=DIRECTION('ref_axis',(0.,0.,-1.));
#1280=DIRECTION('center_axis',(-1.,0.,0.));
#1281=DIRECTION('ref_axis',(0.,0.,1.));
#1282=DIRECTION('center_axis',(1.,0.,0.));
#1283=DIRECTION('ref_axis',(0.,0.,-1.));
#1284=DIRECTION('center_axis',(1.,0.,0.));
#1285=DIRECTION('ref_axis',(0.,1.,0.));
#1286=DIRECTION('center_axis',(1.,0.,0.));
#1287=DIRECTION('ref_axis',(0.,1.,0.));
#1288=DIRECTION('',(-1.,0.,0.));
#1289=DIRECTION('center_axis',(1.,0.,0.));
#1290=DIRECTION('ref_axis',(0.,0.,-1.));
#1291=DIRECTION('center_axis',(1.,0.,0.));
#1292=DIRECTION('ref_axis',(0.,0.,-1.));
#1293=DIRECTION('center_axis',(1.,0.,0.));
#1294=DIRECTION('ref_axis',(0.,0.,-1.));
#1295=DIRECTION('center_axis',(1.,0.,0.));
#1296=DIRECTION('ref_axis',(0.,0.,-1.));
#1297=DIRECTION('center_axis',(1.,0.,0.));
#1298=DIRECTION('ref_axis',(0.,0.,-1.));
#1299=DIRECTION('center_axis',(1.,0.,0.));
#1300=DIRECTION('ref_axis',(0.,0.,-1.));
#1301=DIRECTION('center_axis',(1.,0.,0.));
#1302=DIRECTION('ref_axis',(0.,0.,-1.));
#1303=DIRECTION('center_axis',(1.,0.,0.));
#1304=DIRECTION('ref_axis',(0.,1.,0.));
#1305=DIRECTION('',(-1.,0.,0.));
#1306=DIRECTION('center_axis',(1.,0.,0.));
#1307=DIRECTION('ref_axis',(0.,1.,0.));
#1308=DIRECTION('center_axis',(1.,0.,0.));
#1309=DIRECTION('ref_axis',(0.,1.,0.));
#1310=DIRECTION('',(-1.,0.,0.));
#1311=DIRECTION('center_axis',(-1.,0.,0.));
#1312=DIRECTION('ref_axis',(0.,1.,0.));
#1313=DIRECTION('center_axis',(1.,0.,0.));
#1314=DIRECTION('ref_axis',(0.,0.,-1.));
#1315=DIRECTION('center_axis',(-1.,0.,0.));
#1316=DIRECTION('ref_axis',(0.,0.,-1.));
#1317=DIRECTION('center_axis',(1.,0.,0.));
#1318=DIRECTION('ref_axis',(0.,0.,-1.));
#1319=DIRECTION('center_axis',(-1.,0.,0.));
#1320=DIRECTION('ref_axis',(0.,0.,-1.));
#1321=DIRECTION('center_axis',(1.,0.,0.));
#1322=DIRECTION('ref_axis',(0.,0.,-1.));
#1323=DIRECTION('center_axis',(1.,0.,0.));
#1324=DIRECTION('ref_axis',(0.,0.,-1.));
#1325=DIRECTION('center_axis',(1.,0.,0.));
#1326=DIRECTION('ref_axis',(0.,0.,-1.));
#1327=DIRECTION('center_axis',(1.,0.,0.));
#1328=DIRECTION('ref_axis',(0.,0.,-1.));
#1329=DIRECTION('',(-1.,0.,0.));
#1330=DIRECTION('center_axis',(1.,0.,0.));
#1331=DIRECTION('ref_axis',(0.,0.,-1.));
#1332=DIRECTION('center_axis',(-1.,0.,0.));
#1333=DIRECTION('ref_axis',(0.,0.,-1.));
#1334=DIRECTION('center_axis',(1.,0.,0.));
#1335=DIRECTION('ref_axis',(0.,0.,-1.));
#1336=DIRECTION('center_axis',(1.,0.,0.));
#1337=DIRECTION('ref_axis',(0.,0.,-1.));
#1338=DIRECTION('center_axis',(-1.,0.,0.));
#1339=DIRECTION('ref_axis',(0.,0.,-1.));
#1340=DIRECTION('',(-1.,0.,0.));
#1341=DIRECTION('center_axis',(1.,0.,0.));
#1342=DIRECTION('ref_axis',(0.,0.,-1.));
#1343=DIRECTION('',(-1.,0.,0.));
#1344=DIRECTION('center_axis',(1.,0.,0.));
#1345=DIRECTION('ref_axis',(0.,0.,-1.));
#1346=DIRECTION('center_axis',(1.,0.,0.));
#1347=DIRECTION('ref_axis',(0.,0.,-1.));
#1348=DIRECTION('center_axis',(-1.,0.,0.));
#1349=DIRECTION('ref_axis',(0.,0.,-1.));
#1350=DIRECTION('',(-1.,0.,0.));
#1351=DIRECTION('center_axis',(1.,0.,0.));
#1352=DIRECTION('ref_axis',(0.,0.,-1.));
#1353=DIRECTION('center_axis',(-1.,0.,0.));
#1354=DIRECTION('ref_axis',(0.,0.,-1.));
#1355=DIRECTION('center_axis',(1.,0.,0.));
#1356=DIRECTION('ref_axis',(0.,0.,-1.));
#1357=DIRECTION('center_axis',(1.,0.,0.));
#1358=DIRECTION('ref_axis',(0.,0.,-1.));
#1359=DIRECTION('',(-1.,0.,0.));
#1360=DIRECTION('center_axis',(1.,0.,0.));
#1361=DIRECTION('ref_axis',(0.,0.,-1.));
#1362=DIRECTION('center_axis',(1.,0.,0.));
#1363=DIRECTION('ref_axis',(0.,0.,-1.));
#1364=DIRECTION('',(-1.,0.,0.));
#1365=DIRECTION('center_axis',(1.,0.,0.));
#1366=DIRECTION('ref_axis',(0.,0.,-1.));
#1367=DIRECTION('center_axis',(0.,-1.,0.));
#1368=DIRECTION('ref_axis',(0.,0.,-1.));
#1369=DIRECTION('',(0.,0.,-1.));
#1370=DIRECTION('',(-1.,0.,0.));
#1371=DIRECTION('',(0.,0.,1.));
#1372=DIRECTION('',(1.,0.,0.));
#1373=DIRECTION('center_axis',(0.,1.,0.));
#1374=DIRECTION('ref_axis',(0.,0.,1.));
#1375=DIRECTION('center_axis',(0.,-1.,0.));
#1376=DIRECTION('ref_axis',(0.,0.,-1.));
#1377=DIRECTION('',(0.,0.,1.));
#1378=DIRECTION('',(1.,0.,0.));
#1379=DIRECTION('',(0.,0.,-1.));
#1380=DIRECTION('',(-1.,0.,0.));
#1381=DIRECTION('center_axis',(0.,0.,-1.));
#1382=DIRECTION('ref_axis',(-1.,0.,0.));
#1383=DIRECTION('center_axis',(0.,0.,-1.));
#1384=DIRECTION('ref_axis',(-1.,0.,0.));
#1385=DIRECTION('center_axis',(0.,0.,-1.));
#1386=DIRECTION('ref_axis',(1.,0.,0.));
#1387=DIRECTION('center_axis',(0.,0.,1.));
#1388=DIRECTION('ref_axis',(-6.12323399573677E-17,-1.,0.));
#1389=DIRECTION('center_axis',(0.,0.,1.));
#1390=DIRECTION('ref_axis',(-1.,0.,0.));
#1391=DIRECTION('center_axis',(0.,0.,-1.));
#1392=DIRECTION('ref_axis',(-1.,0.,0.));
#1393=DIRECTION('center_axis',(0.,0.,-1.));
#1394=DIRECTION('ref_axis',(-1.,0.,0.));
#1395=DIRECTION('center_axis',(0.,0.,1.));
#1396=DIRECTION('ref_axis',(1.,0.,0.));
#1397=DIRECTION('center_axis',(0.,0.,-1.));
#1398=DIRECTION('ref_axis',(1.83697019872103E-16,-1.,0.));
#1399=DIRECTION('center_axis',(0.,0.,-1.));
#1400=DIRECTION('ref_axis',(-1.,0.,0.));
#1401=DIRECTION('center_axis',(0.,0.,1.));
#1402=DIRECTION('ref_axis',(1.,0.,0.));
#1403=DIRECTION('center_axis',(0.,0.,-1.));
#1404=DIRECTION('ref_axis',(1.,0.,0.));
#1405=DIRECTION('center_axis',(0.,0.,1.));
#1406=DIRECTION('ref_axis',(1.,0.,0.));
#1407=DIRECTION('center_axis',(6.12323399573677E-17,1.,0.));
#1408=DIRECTION('ref_axis',(0.,0.,-1.));
#1409=DIRECTION('',(6.12323399573677E-17,1.,0.));
#1410=DIRECTION('center_axis',(6.12323399573677E-17,1.,0.));
#1411=DIRECTION('ref_axis',(0.,0.,-1.));
#1412=DIRECTION('center_axis',(6.12323399573677E-17,1.,0.));
#1413=DIRECTION('ref_axis',(0.,0.,-1.));
#1414=DIRECTION('center_axis',(6.12323399573677E-17,-1.,0.));
#1415=DIRECTION('ref_axis',(0.,0.,1.));
#1416=DIRECTION('',(6.12323399573677E-17,-1.,0.));
#1417=DIRECTION('center_axis',(6.12323399573677E-17,-1.,0.));
#1418=DIRECTION('ref_axis',(0.,0.,1.));
#1419=DIRECTION('center_axis',(6.12323399573677E-17,-1.,0.));
#1420=DIRECTION('ref_axis',(0.,0.,1.));
#1421=DIRECTION('center_axis',(0.,0.,1.));
#1422=DIRECTION('ref_axis',(-1.,0.,0.));
#1423=DIRECTION('center_axis',(0.,0.,1.));
#1424=DIRECTION('ref_axis',(-1.,0.,0.));
#1425=DIRECTION('',(0.,0.,1.));
#1426=DIRECTION('center_axis',(0.,0.,1.));
#1427=DIRECTION('ref_axis',(-1.,0.,0.));
#1428=DIRECTION('center_axis',(0.,0.,-1.));
#1429=DIRECTION('ref_axis',(-1.,0.,0.));
#1430=DIRECTION('center_axis',(0.,0.,1.));
#1431=DIRECTION('ref_axis',(-1.,0.,0.));
#1432=DIRECTION('center_axis',(0.,0.,1.));
#1433=DIRECTION('ref_axis',(-1.,0.,0.));
#1434=DIRECTION('',(0.,0.,1.));
#1435=DIRECTION('center_axis',(0.,0.,1.));
#1436=DIRECTION('ref_axis',(-1.,0.,0.));
#1437=DIRECTION('center_axis',(0.,0.,-1.));
#1438=DIRECTION('ref_axis',(-1.,0.,0.));
#1439=DIRECTION('center_axis',(0.,0.,1.));
#1440=DIRECTION('ref_axis',(-1.,0.,0.));
#1441=DIRECTION('center_axis',(0.,0.,1.));
#1442=DIRECTION('ref_axis',(-1.,0.,0.));
#1443=DIRECTION('',(0.,0.,1.));
#1444=DIRECTION('center_axis',(0.,0.,1.));
#1445=DIRECTION('ref_axis',(-1.,0.,0.));
#1446=DIRECTION('center_axis',(0.,0.,-1.));
#1447=DIRECTION('ref_axis',(-1.,0.,0.));
#1448=DIRECTION('center_axis',(0.,0.,1.));
#1449=DIRECTION('ref_axis',(-1.,0.,0.));
#1450=DIRECTION('center_axis',(0.,0.,1.));
#1451=DIRECTION('ref_axis',(-1.,0.,0.));
#1452=DIRECTION('',(0.,0.,1.));
#1453=DIRECTION('center_axis',(0.,0.,1.));
#1454=DIRECTION('ref_axis',(-1.,0.,0.));
#1455=DIRECTION('center_axis',(0.,0.,-1.));
#1456=DIRECTION('ref_axis',(-1.,0.,0.));
#1457=DIRECTION('center_axis',(0.,0.,-1.));
#1458=DIRECTION('ref_axis',(-1.,0.,0.));
#1459=DIRECTION('center_axis',(0.,0.,-1.));
#1460=DIRECTION('ref_axis',(1.,0.,0.));
#1461=DIRECTION('center_axis',(0.,0.,1.));
#1462=DIRECTION('ref_axis',(1.,0.,0.));
#1463=DIRECTION('',(0.,0.,-1.));
#1464=DIRECTION('center_axis',(0.,0.,1.));
#1465=DIRECTION('ref_axis',(1.,0.,0.));
#1466=DIRECTION('',(0.,0.,-1.));
#1467=DIRECTION('center_axis',(0.,0.,1.));
#1468=DIRECTION('ref_axis',(1.,0.,0.));
#1469=DIRECTION('center_axis',(0.,0.,1.));
#1470=DIRECTION('ref_axis',(1.,0.,0.));
#1471=DIRECTION('',(0.,0.,-1.));
#1472=DIRECTION('center_axis',(0.,0.,-1.));
#1473=DIRECTION('ref_axis',(1.,0.,0.));
#1474=DIRECTION('center_axis',(0.,0.,1.));
#1475=DIRECTION('ref_axis',(1.,0.,0.));
#1476=DIRECTION('center_axis',(0.,0.,1.));
#1477=DIRECTION('ref_axis',(1.,0.,0.));
#1478=DIRECTION('',(0.,0.,-1.));
#1479=DIRECTION('center_axis',(0.,0.,1.));
#1480=DIRECTION('ref_axis',(1.,0.,0.));
#1481=DIRECTION('center_axis',(0.,0.,1.));
#1482=DIRECTION('ref_axis',(1.,0.,0.));
#1483=DIRECTION('center_axis',(0.,0.,1.));
#1484=DIRECTION('ref_axis',(1.,0.,0.));
#1485=DIRECTION('',(0.,1.,0.));
#1486=DIRECTION('',(1.,0.,0.));
#1487=DIRECTION('',(0.,1.,0.));
#1488=DIRECTION('',(-0.573576436351044,0.,0.819152044288993));
#1489=DIRECTION('',(0.,1.,0.));
#1490=DIRECTION('',(-0.573576436351044,0.,0.819152044288993));
#1491=DIRECTION('',(1.,0.,0.));
#1492=DIRECTION('',(0.,0.,-1.));
#1493=CARTESIAN_POINT('',(0.,0.,0.));
#1494=CARTESIAN_POINT('',(0.,0.,0.));
#1495=CARTESIAN_POINT('Origin',(0.,0.,0.));
#1496=CARTESIAN_POINT('',(-1.35,-1.65327317884893E-16,0.5));
#1497=CARTESIAN_POINT('Origin',(0.,0.,0.5));
#1498=CARTESIAN_POINT('',(-1.35,-1.65327317884893E-16,0.));
#1499=CARTESIAN_POINT('',(-1.35,-1.65327317884893E-16,0.));
#1500=CARTESIAN_POINT('Origin',(0.,0.,0.));
#1501=CARTESIAN_POINT('Origin',(0.,0.,0.));
#1502=CARTESIAN_POINT('',(-2.5,-3.06161699786838E-16,0.5));
#1503=CARTESIAN_POINT('Origin',(0.,0.,0.5));
#1504=CARTESIAN_POINT('',(-2.5,-3.06161699786838E-16,0.));
#1505=CARTESIAN_POINT('',(-2.5,-3.06161699786838E-16,0.));
#1506=CARTESIAN_POINT('Origin',(0.,0.,0.));
#1507=CARTESIAN_POINT('Origin',(0.,0.,0.5));
#1508=CARTESIAN_POINT('Origin',(0.,0.,0.));
#1509=CARTESIAN_POINT('',(0.,0.,0.));
#1510=CARTESIAN_POINT('Origin',(0.,0.,-4.87731));
#1511=CARTESIAN_POINT('',(0.966750000000012,1.1839272930757E-16,-4.80385688672845));
#1512=CARTESIAN_POINT('Origin',(1.17896384331967E-14,0.,-4.80385688672845));
#1513=CARTESIAN_POINT('',(0.75461999999999,-9.24142967572563E-17,-5.));
#1514=CARTESIAN_POINT('',(0.887309999999983,-1.08664135135142E-16,-4.87731));
#1515=CARTESIAN_POINT('Origin',(0.,0.,-5.));
#1516=CARTESIAN_POINT('Origin',(-4.41756481929662E-15,0.,1.79999999999943));
#1517=CARTESIAN_POINT('',(1.89999999999999,-2.32682891837997E-16,1.79999999999944));
#1518=CARTESIAN_POINT('Origin',(-4.41756481929662E-15,0.,1.79999999999943));
#1519=CARTESIAN_POINT('',(1.69999999999999,-2.0818995585505E-16,1.99999999999944));
#1520=CARTESIAN_POINT('Origin',(1.69999999999999,-2.0818995585505E-16,1.79999999999944));
#1521=CARTESIAN_POINT('Origin',(-4.90840535477418E-15,0.,1.99999999999943));
#1522=CARTESIAN_POINT('Origin',(-1.9,0.,1.99999999999943));
#1523=CARTESIAN_POINT('',(-0.75,0.433012701892219,2.));
#1524=CARTESIAN_POINT('',(4.85722573273506E-16,0.866025403784439,2.));
#1525=CARTESIAN_POINT('',(-1.275,0.129903810567667,1.99999999999943));
#1526=CARTESIAN_POINT('',(0.75,0.433012701892219,2.));
#1527=CARTESIAN_POINT('',(-0.524999999999999,1.16913429510899,1.99999999999943));
#1528=CARTESIAN_POINT('',(0.75,-0.43301270189222,2.));
#1529=CARTESIAN_POINT('',(0.75,0.216506350946109,1.99999999999943));
#1530=CARTESIAN_POINT('',(-6.93889390390723E-17,-0.866025403784439,2.));
#1531=CARTESIAN_POINT('',(-0.15,-0.952627944162883,1.99999999999943));
#1532=CARTESIAN_POINT('',(-0.75,-0.433012701892219,2.));
#1533=CARTESIAN_POINT('',(-0.9,-0.346410161513775,1.99999999999943));
#1534=CARTESIAN_POINT('',(-0.75,-0.21650635094611,1.99999999999943));
#1535=CARTESIAN_POINT('Origin',(-2.45420267738645E-15,0.,0.999999999999456));
#1536=CARTESIAN_POINT('',(1.9,-2.32682891837997E-16,-5.1611492857262E-13));
#1537=CARTESIAN_POINT('Origin',(1.2775646387065E-27,0.,-5.2047078400993E-13));
#1538=CARTESIAN_POINT('',(1.89999999999999,-2.32682891837997E-16,0.99999999999946));
#1539=CARTESIAN_POINT('Origin',(-0.75,-0.433012701892219,1.));
#1540=CARTESIAN_POINT('',(-0.75,-0.433012701892219,1.));
#1541=CARTESIAN_POINT('',(-1.17961196366423E-15,-1.17961196366423E-15,0.934383502355557));
#1542=CARTESIAN_POINT('',(-0.563570237279966,-0.32537742820085,0.983689509218169));
#1543=CARTESIAN_POINT('',(-6.93889390390723E-17,-0.866025403784439,1.));
#1544=CARTESIAN_POINT('',(-6.93889390390723E-17,-0.866025403784439,1.));
#1545=CARTESIAN_POINT('',(1.38777878078145E-16,-0.650754856401699,0.983689509218169));
#1546=CARTESIAN_POINT('Origin',(-6.93889390390723E-17,-0.866025403784439,
1.));
#1547=CARTESIAN_POINT('',(0.75,-0.43301270189222,1.));
#1548=CARTESIAN_POINT('',(0.75,-0.43301270189222,1.));
#1549=CARTESIAN_POINT('',(0.563570237279964,-0.325377428200852,0.983689509218169));
#1550=CARTESIAN_POINT('Origin',(0.75,-0.43301270189222,1.));
#1551=CARTESIAN_POINT('',(0.75,0.433012701892219,1.));
#1552=CARTESIAN_POINT('',(0.75,0.433012701892219,1.));
#1553=CARTESIAN_POINT('',(0.563570237279964,0.325377428200852,0.983689509218169));
#1554=CARTESIAN_POINT('Origin',(0.75,0.433012701892219,1.));
#1555=CARTESIAN_POINT('',(4.85722573273506E-16,0.866025403784439,1.));
#1556=CARTESIAN_POINT('',(4.85722573273506E-16,0.866025403784439,1.));
#1557=CARTESIAN_POINT('',(1.38777878078145E-16,0.650754856401699,0.983689509218169));
#1558=CARTESIAN_POINT('Origin',(4.85722573273506E-16,0.866025403784439,
1.));
#1559=CARTESIAN_POINT('',(-0.75,0.433012701892219,1.));
#1560=CARTESIAN_POINT('',(-0.75,0.43301270189222,1.));
#1561=CARTESIAN_POINT('',(-0.563570237279965,0.32537742820085,0.983689509218169));
#1562=CARTESIAN_POINT('Origin',(-0.75,0.433012701892219,1.));
#1563=CARTESIAN_POINT('',(-0.75,-0.433012701892219,1.));
#1564=CARTESIAN_POINT('Origin',(-0.75,0.43301270189222,2.));
#1565=CARTESIAN_POINT('',(-0.75,0.433012701892219,2.));
#1566=CARTESIAN_POINT('',(4.85722573273506E-16,0.866025403784439,2.));
#1567=CARTESIAN_POINT('Origin',(4.85722573273506E-16,0.866025403784439,
2.));
#1568=CARTESIAN_POINT('',(0.75,0.433012701892219,2.));
#1569=CARTESIAN_POINT('Origin',(0.75,0.433012701892219,2.));
#1570=CARTESIAN_POINT('',(0.75,-0.43301270189222,2.));
#1571=CARTESIAN_POINT('Origin',(0.75,-0.43301270189222,2.));
#1572=CARTESIAN_POINT('',(-6.93889390390723E-17,-0.866025403784439,2.));
#1573=CARTESIAN_POINT('Origin',(-6.93889390390723E-17,-0.866025403784439,
2.));
#1574=CARTESIAN_POINT('',(-0.75,-0.433012701892219,2.));
#1575=CARTESIAN_POINT('Origin',(-0.75,-0.433012701892219,2.));
#1576=CARTESIAN_POINT('Origin',(6.1355066934698E-15,0.,-2.50000000000014));
#1577=CARTESIAN_POINT('',(0.96675,1.1839272930757E-16,-2.71632552401207E-13));
#1578=CARTESIAN_POINT('',(0.966750000000006,-1.1839272930757E-16,-2.50000000000013));
#1579=CARTESIAN_POINT('Origin',(6.73489997832439E-28,0.,-2.73947531326257E-13));
#1580=CARTESIAN_POINT('Origin',(1.22124532708767E-14,0.,-5.));
#1581=CARTESIAN_POINT('Origin',(-1.,0.,-2.76386194261563E-13));
#1582=CARTESIAN_POINT('',(0.,0.,0.));
#1583=CARTESIAN_POINT('Origin',(-1.25,0.,0.));
#1584=CARTESIAN_POINT('',(-1.,-1.45,-1.77573785876366E-16));
#1585=CARTESIAN_POINT('Origin',(-1.,0.,0.));
#1586=CARTESIAN_POINT('',(-1.5,-1.45,-1.77573785876366E-16));
#1587=CARTESIAN_POINT('',(-1.25,-1.45,-1.77573785876366E-16));
#1588=CARTESIAN_POINT('',(-1.5,1.45,0.));
#1589=CARTESIAN_POINT('Origin',(-1.5,0.,0.));
#1590=CARTESIAN_POINT('Origin',(-1.5,0.,0.));
#1591=CARTESIAN_POINT('Ctrl Pts',(-1.24999997206032,2.19999995082617,0.));
#1592=CARTESIAN_POINT('Ctrl Pts',(-1.24999997206032,2.19999995082617,2.19999995082617));
#1593=CARTESIAN_POINT('Ctrl Pts',(-1.24999997206032,0.,2.19999995082617));
#1594=CARTESIAN_POINT('Ctrl Pts',(-1.24999997206032,-2.19999995082617,2.19999995082617));
#1595=CARTESIAN_POINT('Ctrl Pts',(-1.24999997206032,-2.19999995082617,0.));
#1596=CARTESIAN_POINT('Ctrl Pts',(-1.24999997206032,-2.19999995082617,-2.19999995082617));
#1597=CARTESIAN_POINT('Ctrl Pts',(-1.24999997206032,0.,-2.19999995082617));
#1598=CARTESIAN_POINT('Ctrl Pts',(-1.24999997206032,2.19999995082617,-2.19999995082617));
#1599=CARTESIAN_POINT('Ctrl Pts',(-1.24999997206032,2.19999995082617,0.));
#1600=CARTESIAN_POINT('Ctrl Pts',(-1.26554589859141,2.17134992271953,0.));
#1601=CARTESIAN_POINT('Ctrl Pts',(-1.26554589859141,2.17134992271953,2.17134992271953));
#1602=CARTESIAN_POINT('Ctrl Pts',(-1.26554589859141,0.,2.17134992271953));
#1603=CARTESIAN_POINT('Ctrl Pts',(-1.26554589859141,-2.17134992271953,2.17134992271953));
#1604=CARTESIAN_POINT('Ctrl Pts',(-1.26554589859141,-2.17134992271953,0.));
#1605=CARTESIAN_POINT('Ctrl Pts',(-1.26554589859141,-2.17134992271953,-2.17134992271953));
#1606=CARTESIAN_POINT('Ctrl Pts',(-1.26554589859141,0.,-2.17134992271953));
#1607=CARTESIAN_POINT('Ctrl Pts',(-1.26554589859141,2.17134992271953,-2.17134992271953));
#1608=CARTESIAN_POINT('Ctrl Pts',(-1.26554589859141,2.17134992271953,0.));
#1609=CARTESIAN_POINT('Ctrl Pts',(-1.29599300977476,2.11389292567461,0.));
#1610=CARTESIAN_POINT('Ctrl Pts',(-1.29599300977476,2.11389292567461,2.11389292567461));
#1611=CARTESIAN_POINT('Ctrl Pts',(-1.29599300977476,0.,2.11389292567461));
#1612=CARTESIAN_POINT('Ctrl Pts',(-1.29599300977476,-2.11389292567461,2.11389292567461));
#1613=CARTESIAN_POINT('Ctrl Pts',(-1.29599300977476,-2.11389292567461,0.));
#1614=CARTESIAN_POINT('Ctrl Pts',(-1.29599300977476,-2.11389292567461,-2.11389292567461));
#1615=CARTESIAN_POINT('Ctrl Pts',(-1.29599300977476,0.,-2.11389292567461));
#1616=CARTESIAN_POINT('Ctrl Pts',(-1.29599300977476,2.11389292567461,-2.11389292567461));
#1617=CARTESIAN_POINT('Ctrl Pts',(-1.29599300977476,2.11389292567461,0.));
#1618=CARTESIAN_POINT('Ctrl Pts',(-1.3397302641323,2.02723680556322,0.));
#1619=CARTESIAN_POINT('Ctrl Pts',(-1.3397302641323,2.02723680556322,2.02723680556322));
#1620=CARTESIAN_POINT('Ctrl Pts',(-1.3397302641323,0.,2.02723680556322));
#1621=CARTESIAN_POINT('Ctrl Pts',(-1.3397302641323,-2.02723680556322,2.02723680556322));
#1622=CARTESIAN_POINT('Ctrl Pts',(-1.3397302641323,-2.02723680556322,0.));
#1623=CARTESIAN_POINT('Ctrl Pts',(-1.3397302641323,-2.02723680556322,-2.02723680556322));
#1624=CARTESIAN_POINT('Ctrl Pts',(-1.3397302641323,0.,-2.02723680556322));
#1625=CARTESIAN_POINT('Ctrl Pts',(-1.3397302641323,2.02723680556322,-2.02723680556322));
#1626=CARTESIAN_POINT('Ctrl Pts',(-1.3397302641323,2.02723680556322,0.));
#1627=CARTESIAN_POINT('Ctrl Pts',(-1.39391106524074,1.91068865375832,0.));
#1628=CARTESIAN_POINT('Ctrl Pts',(-1.39391106524074,1.91068865375832,1.91068865375832));
#1629=CARTESIAN_POINT('Ctrl Pts',(-1.39391106524074,0.,1.91068865375832));
#1630=CARTESIAN_POINT('Ctrl Pts',(-1.39391106524074,-1.91068865375832,1.91068865375832));
#1631=CARTESIAN_POINT('Ctrl Pts',(-1.39391106524074,-1.91068865375832,0.));
#1632=CARTESIAN_POINT('Ctrl Pts',(-1.39391106524074,-1.91068865375832,-1.91068865375832));
#1633=CARTESIAN_POINT('Ctrl Pts',(-1.39391106524074,0.,-1.91068865375832));
#1634=CARTESIAN_POINT('Ctrl Pts',(-1.39391106524074,1.91068865375832,-1.91068865375832));
#1635=CARTESIAN_POINT('Ctrl Pts',(-1.39391106524074,1.91068865375832,0.));
#1636=CARTESIAN_POINT('Ctrl Pts',(-1.45137249290643,1.76250489707309,0.));
#1637=CARTESIAN_POINT('Ctrl Pts',(-1.45137249290643,1.76250489707309,1.76250489707309));
#1638=CARTESIAN_POINT('Ctrl Pts',(-1.45137249290643,0.,1.76250489707309));
#1639=CARTESIAN_POINT('Ctrl Pts',(-1.45137249290643,-1.76250489707309,1.76250489707309));
#1640=CARTESIAN_POINT('Ctrl Pts',(-1.45137249290643,-1.76250489707309,0.));
#1641=CARTESIAN_POINT('Ctrl Pts',(-1.45137249290643,-1.76250489707309,-1.76250489707309));
#1642=CARTESIAN_POINT('Ctrl Pts',(-1.45137249290643,0.,-1.76250489707309));
#1643=CARTESIAN_POINT('Ctrl Pts',(-1.45137249290643,1.76250489707309,-1.76250489707309));
#1644=CARTESIAN_POINT('Ctrl Pts',(-1.45137249290643,1.76250489707309,0.));
#1645=CARTESIAN_POINT('Ctrl Pts',(-1.48395568826693,1.64069953099485,0.));
#1646=CARTESIAN_POINT('Ctrl Pts',(-1.48395568826693,1.64069953099485,1.64069953099485));
#1647=CARTESIAN_POINT('Ctrl Pts',(-1.48395568826693,0.,1.64069953099485));
#1648=CARTESIAN_POINT('Ctrl Pts',(-1.48395568826693,-1.64069953099485,1.64069953099485));
#1649=CARTESIAN_POINT('Ctrl Pts',(-1.48395568826693,-1.64069953099485,0.));
#1650=CARTESIAN_POINT('Ctrl Pts',(-1.48395568826693,-1.64069953099485,-1.64069953099485));
#1651=CARTESIAN_POINT('Ctrl Pts',(-1.48395568826693,0.,-1.64069953099485));
#1652=CARTESIAN_POINT('Ctrl Pts',(-1.48395568826693,1.64069953099485,-1.64069953099485));
#1653=CARTESIAN_POINT('Ctrl Pts',(-1.48395568826693,1.64069953099485,0.));
#1654=CARTESIAN_POINT('Ctrl Pts',(-1.4970814203121,1.54659206030752,0.));
#1655=CARTESIAN_POINT('Ctrl Pts',(-1.4970814203121,1.54659206030752,1.54659206030752));
#1656=CARTESIAN_POINT('Ctrl Pts',(-1.4970814203121,0.,1.54659206030752));
#1657=CARTESIAN_POINT('Ctrl Pts',(-1.4970814203121,-1.54659206030752,1.54659206030752));
#1658=CARTESIAN_POINT('Ctrl Pts',(-1.4970814203121,-1.54659206030752,0.));
#1659=CARTESIAN_POINT('Ctrl Pts',(-1.4970814203121,-1.54659206030752,-1.54659206030752));
#1660=CARTESIAN_POINT('Ctrl Pts',(-1.4970814203121,0.,-1.54659206030752));
#1661=CARTESIAN_POINT('Ctrl Pts',(-1.4970814203121,1.54659206030752,-1.54659206030752));
#1662=CARTESIAN_POINT('Ctrl Pts',(-1.4970814203121,1.54659206030752,0.));
#1663=CARTESIAN_POINT('Ctrl Pts',(-1.5,1.48243416361706,0.));
#1664=CARTESIAN_POINT('Ctrl Pts',(-1.5,1.48243416361706,1.48243416361706));
#1665=CARTESIAN_POINT('Ctrl Pts',(-1.5,0.,1.48243416361706));
#1666=CARTESIAN_POINT('Ctrl Pts',(-1.5,-1.48243416361706,1.48243416361706));
#1667=CARTESIAN_POINT('Ctrl Pts',(-1.5,-1.48243416361706,0.));
#1668=CARTESIAN_POINT('Ctrl Pts',(-1.5,-1.48243416361706,-1.48243416361706));
#1669=CARTESIAN_POINT('Ctrl Pts',(-1.5,0.,-1.48243416361706));
#1670=CARTESIAN_POINT('Ctrl Pts',(-1.5,1.48243416361706,-1.48243416361706));
#1671=CARTESIAN_POINT('Ctrl Pts',(-1.5,1.48243416361706,0.));
#1672=CARTESIAN_POINT('Ctrl Pts',(-1.5,1.45,0.));
#1673=CARTESIAN_POINT('Ctrl Pts',(-1.5,1.45,1.45));
#1674=CARTESIAN_POINT('Ctrl Pts',(-1.5,0.,1.45));
#1675=CARTESIAN_POINT('Ctrl Pts',(-1.5,-1.45,1.45));
#1676=CARTESIAN_POINT('Ctrl Pts',(-1.5,-1.45,0.));
#1677=CARTESIAN_POINT('Ctrl Pts',(-1.5,-1.45,-1.45));
#1678=CARTESIAN_POINT('Ctrl Pts',(-1.5,0.,-1.45));
#1679=CARTESIAN_POINT('Ctrl Pts',(-1.5,1.45,-1.45));
#1680=CARTESIAN_POINT('Ctrl Pts',(-1.5,1.45,0.));
#1681=CARTESIAN_POINT('',(-1.24999997206032,2.19999995082617,0.));
#1682=CARTESIAN_POINT('Ctrl Pts',(-1.5,1.45,0.));
#1683=CARTESIAN_POINT('Ctrl Pts',(-1.5,1.48243416361706,0.));
#1684=CARTESIAN_POINT('Ctrl Pts',(-1.4970814203121,1.54659206030752,0.));
#1685=CARTESIAN_POINT('Ctrl Pts',(-1.48395568826693,1.64069953099485,0.));
#1686=CARTESIAN_POINT('Ctrl Pts',(-1.45137249290643,1.76250489707309,0.));
#1687=CARTESIAN_POINT('Ctrl Pts',(-1.39391106524074,1.91068865375832,0.));
#1688=CARTESIAN_POINT('Ctrl Pts',(-1.3397302641323,2.02723680556322,0.));
#1689=CARTESIAN_POINT('Ctrl Pts',(-1.29599300977476,2.11389292567461,0.));
#1690=CARTESIAN_POINT('Ctrl Pts',(-1.26554589859141,2.17134992271953,0.));
#1691=CARTESIAN_POINT('Ctrl Pts',(-1.24999997206032,2.19999995082617,0.));
#1692=CARTESIAN_POINT('Origin',(-1.24999997206032,0.,0.));
#1693=CARTESIAN_POINT('Origin',(-1.24999997206032,2.39999994635582,0.));
#1694=CARTESIAN_POINT('',(-1.24999997206032,-2.39999994635582,-2.93915225225847E-16));
#1695=CARTESIAN_POINT('Origin',(-1.24999997206032,0.,0.));
#1696=CARTESIAN_POINT('Origin',(-1.12499997485429,0.,0.));
#1697=CARTESIAN_POINT('',(-1.,-2.39999994635582,-2.93915225225847E-16));
#1698=CARTESIAN_POINT('Origin',(-1.,0.,0.));
#1699=CARTESIAN_POINT('',(-1.12499997485429,-2.39999994635582,-2.93915225225847E-16));
#1700=CARTESIAN_POINT('Origin',(-1.,0.,0.));
#1701=CARTESIAN_POINT('',(-1.,-3.06161699786838E-16,2.5));
#1702=CARTESIAN_POINT('Origin',(-1.,0.,0.));
#1703=CARTESIAN_POINT('Origin',(1.24999997206032,2.19999995082617,0.));
#1704=CARTESIAN_POINT('',(1.24999997206032,-2.39999994635582,-2.93915225225847E-16));
#1705=CARTESIAN_POINT('Origin',(1.24999997206032,0.,0.));
#1706=CARTESIAN_POINT('',(1.24999997206032,2.19999995082617,0.));
#1707=CARTESIAN_POINT('Origin',(1.24999997206032,0.,0.));
#1708=CARTESIAN_POINT('Ctrl Pts',(1.5,1.45,0.));
#1709=CARTESIAN_POINT('Ctrl Pts',(1.5,1.45,1.45));
#1710=CARTESIAN_POINT('Ctrl Pts',(1.5,0.,1.45));
#1711=CARTESIAN_POINT('Ctrl Pts',(1.5,-1.45,1.45));
#1712=CARTESIAN_POINT('Ctrl Pts',(1.5,-1.45,0.));
#1713=CARTESIAN_POINT('Ctrl Pts',(1.5,-1.45,-1.45));
#1714=CARTESIAN_POINT('Ctrl Pts',(1.5,0.,-1.45));
#1715=CARTESIAN_POINT('Ctrl Pts',(1.5,1.45,-1.45));
#1716=CARTESIAN_POINT('Ctrl Pts',(1.5,1.45,0.));
#1717=CARTESIAN_POINT('Ctrl Pts',(1.5,1.48243416361706,0.));
#1718=CARTESIAN_POINT('Ctrl Pts',(1.5,1.48243416361706,1.48243416361706));
#1719=CARTESIAN_POINT('Ctrl Pts',(1.5,0.,1.48243416361706));
#1720=CARTESIAN_POINT('Ctrl Pts',(1.5,-1.48243416361706,1.48243416361706));
#1721=CARTESIAN_POINT('Ctrl Pts',(1.5,-1.48243416361706,0.));
#1722=CARTESIAN_POINT('Ctrl Pts',(1.5,-1.48243416361706,-1.48243416361706));
#1723=CARTESIAN_POINT('Ctrl Pts',(1.5,0.,-1.48243416361706));
#1724=CARTESIAN_POINT('Ctrl Pts',(1.5,1.48243416361706,-1.48243416361706));
#1725=CARTESIAN_POINT('Ctrl Pts',(1.5,1.48243416361706,0.));
#1726=CARTESIAN_POINT('Ctrl Pts',(1.4970814203121,1.54659206030752,0.));
#1727=CARTESIAN_POINT('Ctrl Pts',(1.4970814203121,1.54659206030752,1.54659206030752));
#1728=CARTESIAN_POINT('Ctrl Pts',(1.4970814203121,0.,1.54659206030752));
#1729=CARTESIAN_POINT('Ctrl Pts',(1.4970814203121,-1.54659206030752,1.54659206030752));
#1730=CARTESIAN_POINT('Ctrl Pts',(1.4970814203121,-1.54659206030752,0.));
#1731=CARTESIAN_POINT('Ctrl Pts',(1.4970814203121,-1.54659206030752,-1.54659206030752));
#1732=CARTESIAN_POINT('Ctrl Pts',(1.4970814203121,0.,-1.54659206030752));
#1733=CARTESIAN_POINT('Ctrl Pts',(1.4970814203121,1.54659206030752,-1.54659206030752));
#1734=CARTESIAN_POINT('Ctrl Pts',(1.4970814203121,1.54659206030752,0.));
#1735=CARTESIAN_POINT('Ctrl Pts',(1.48395568826693,1.64069953099485,0.));
#1736=CARTESIAN_POINT('Ctrl Pts',(1.48395568826693,1.64069953099485,1.64069953099485));
#1737=CARTESIAN_POINT('Ctrl Pts',(1.48395568826693,0.,1.64069953099485));
#1738=CARTESIAN_POINT('Ctrl Pts',(1.48395568826693,-1.64069953099485,1.64069953099485));
#1739=CARTESIAN_POINT('Ctrl Pts',(1.48395568826693,-1.64069953099485,0.));
#1740=CARTESIAN_POINT('Ctrl Pts',(1.48395568826693,-1.64069953099485,-1.64069953099485));
#1741=CARTESIAN_POINT('Ctrl Pts',(1.48395568826693,0.,-1.64069953099485));
#1742=CARTESIAN_POINT('Ctrl Pts',(1.48395568826693,1.64069953099485,-1.64069953099485));
#1743=CARTESIAN_POINT('Ctrl Pts',(1.48395568826693,1.64069953099485,0.));
#1744=CARTESIAN_POINT('Ctrl Pts',(1.45137249290643,1.76250489707309,0.));
#1745=CARTESIAN_POINT('Ctrl Pts',(1.45137249290643,1.76250489707309,1.76250489707309));
#1746=CARTESIAN_POINT('Ctrl Pts',(1.45137249290643,0.,1.76250489707309));
#1747=CARTESIAN_POINT('Ctrl Pts',(1.45137249290643,-1.76250489707309,1.76250489707309));
#1748=CARTESIAN_POINT('Ctrl Pts',(1.45137249290643,-1.76250489707309,0.));
#1749=CARTESIAN_POINT('Ctrl Pts',(1.45137249290643,-1.76250489707309,-1.76250489707309));
#1750=CARTESIAN_POINT('Ctrl Pts',(1.45137249290643,0.,-1.76250489707309));
#1751=CARTESIAN_POINT('Ctrl Pts',(1.45137249290643,1.76250489707309,-1.76250489707309));
#1752=CARTESIAN_POINT('Ctrl Pts',(1.45137249290643,1.76250489707309,0.));
#1753=CARTESIAN_POINT('Ctrl Pts',(1.39391106524074,1.91068865375832,0.));
#1754=CARTESIAN_POINT('Ctrl Pts',(1.39391106524074,1.91068865375832,1.91068865375832));
#1755=CARTESIAN_POINT('Ctrl Pts',(1.39391106524074,0.,1.91068865375832));
#1756=CARTESIAN_POINT('Ctrl Pts',(1.39391106524074,-1.91068865375832,1.91068865375832));
#1757=CARTESIAN_POINT('Ctrl Pts',(1.39391106524074,-1.91068865375832,0.));
#1758=CARTESIAN_POINT('Ctrl Pts',(1.39391106524074,-1.91068865375832,-1.91068865375832));
#1759=CARTESIAN_POINT('Ctrl Pts',(1.39391106524074,0.,-1.91068865375832));
#1760=CARTESIAN_POINT('Ctrl Pts',(1.39391106524074,1.91068865375832,-1.91068865375832));
#1761=CARTESIAN_POINT('Ctrl Pts',(1.39391106524074,1.91068865375832,0.));
#1762=CARTESIAN_POINT('Ctrl Pts',(1.3397302641323,2.02723680556322,0.));
#1763=CARTESIAN_POINT('Ctrl Pts',(1.3397302641323,2.02723680556322,2.02723680556322));
#1764=CARTESIAN_POINT('Ctrl Pts',(1.3397302641323,0.,2.02723680556322));
#1765=CARTESIAN_POINT('Ctrl Pts',(1.3397302641323,-2.02723680556322,2.02723680556322));
#1766=CARTESIAN_POINT('Ctrl Pts',(1.3397302641323,-2.02723680556322,0.));
#1767=CARTESIAN_POINT('Ctrl Pts',(1.3397302641323,-2.02723680556322,-2.02723680556322));
#1768=CARTESIAN_POINT('Ctrl Pts',(1.3397302641323,0.,-2.02723680556322));
#1769=CARTESIAN_POINT('Ctrl Pts',(1.3397302641323,2.02723680556322,-2.02723680556322));
#1770=CARTESIAN_POINT('Ctrl Pts',(1.3397302641323,2.02723680556322,0.));
#1771=CARTESIAN_POINT('Ctrl Pts',(1.29599300977476,2.11389292567461,0.));
#1772=CARTESIAN_POINT('Ctrl Pts',(1.29599300977476,2.11389292567461,2.11389292567461));
#1773=CARTESIAN_POINT('Ctrl Pts',(1.29599300977476,0.,2.11389292567461));
#1774=CARTESIAN_POINT('Ctrl Pts',(1.29599300977476,-2.11389292567461,2.11389292567461));
#1775=CARTESIAN_POINT('Ctrl Pts',(1.29599300977476,-2.11389292567461,0.));
#1776=CARTESIAN_POINT('Ctrl Pts',(1.29599300977476,-2.11389292567461,-2.11389292567461));
#1777=CARTESIAN_POINT('Ctrl Pts',(1.29599300977476,0.,-2.11389292567461));
#1778=CARTESIAN_POINT('Ctrl Pts',(1.29599300977476,2.11389292567461,-2.11389292567461));
#1779=CARTESIAN_POINT('Ctrl Pts',(1.29599300977476,2.11389292567461,0.));
#1780=CARTESIAN_POINT('Ctrl Pts',(1.26554589859141,2.17134992271953,0.));
#1781=CARTESIAN_POINT('Ctrl Pts',(1.26554589859141,2.17134992271953,2.17134992271953));
#1782=CARTESIAN_POINT('Ctrl Pts',(1.26554589859141,0.,2.17134992271953));
#1783=CARTESIAN_POINT('Ctrl Pts',(1.26554589859141,-2.17134992271953,2.17134992271953));
#1784=CARTESIAN_POINT('Ctrl Pts',(1.26554589859141,-2.17134992271953,0.));
#1785=CARTESIAN_POINT('Ctrl Pts',(1.26554589859141,-2.17134992271953,-2.17134992271953));
#1786=CARTESIAN_POINT('Ctrl Pts',(1.26554589859141,0.,-2.17134992271953));
#1787=CARTESIAN_POINT('Ctrl Pts',(1.26554589859141,2.17134992271953,-2.17134992271953));
#1788=CARTESIAN_POINT('Ctrl Pts',(1.26554589859141,2.17134992271953,0.));
#1789=CARTESIAN_POINT('Ctrl Pts',(1.24999997206032,2.19999995082617,0.));
#1790=CARTESIAN_POINT('Ctrl Pts',(1.24999997206032,2.19999995082617,2.19999995082617));
#1791=CARTESIAN_POINT('Ctrl Pts',(1.24999997206032,0.,2.19999995082617));
#1792=CARTESIAN_POINT('Ctrl Pts',(1.24999997206032,-2.19999995082617,2.19999995082617));
#1793=CARTESIAN_POINT('Ctrl Pts',(1.24999997206032,-2.19999995082617,0.));
#1794=CARTESIAN_POINT('Ctrl Pts',(1.24999997206032,-2.19999995082617,-2.19999995082617));
#1795=CARTESIAN_POINT('Ctrl Pts',(1.24999997206032,0.,-2.19999995082617));
#1796=CARTESIAN_POINT('Ctrl Pts',(1.24999997206032,2.19999995082617,-2.19999995082617));
#1797=CARTESIAN_POINT('Ctrl Pts',(1.24999997206032,2.19999995082617,0.));
#1798=CARTESIAN_POINT('',(1.5,1.45,0.));
#1799=CARTESIAN_POINT('Ctrl Pts',(1.5,1.45,0.));
#1800=CARTESIAN_POINT('Ctrl Pts',(1.5,1.48243416361706,0.));
#1801=CARTESIAN_POINT('Ctrl Pts',(1.4970814203121,1.54659206030752,0.));
#1802=CARTESIAN_POINT('Ctrl Pts',(1.48395568826693,1.64069953099485,0.));
#1803=CARTESIAN_POINT('Ctrl Pts',(1.45137249290643,1.76250489707309,0.));
#1804=CARTESIAN_POINT('Ctrl Pts',(1.39391106524074,1.91068865375832,0.));
#1805=CARTESIAN_POINT('Ctrl Pts',(1.3397302641323,2.02723680556322,0.));
#1806=CARTESIAN_POINT('Ctrl Pts',(1.29599300977476,2.11389292567461,0.));
#1807=CARTESIAN_POINT('Ctrl Pts',(1.26554589859141,2.17134992271953,0.));
#1808=CARTESIAN_POINT('Ctrl Pts',(1.24999997206032,2.19999995082617,0.));
#1809=CARTESIAN_POINT('',(1.5,-1.45,-1.77573785876366E-16));
#1810=CARTESIAN_POINT('Origin',(1.5,0.,0.));
#1811=CARTESIAN_POINT('Origin',(1.5,0.,0.));
#1812=CARTESIAN_POINT('Origin',(1.25,0.,0.));
#1813=CARTESIAN_POINT('',(1.,-1.45,-1.77573785876366E-16));
#1814=CARTESIAN_POINT('',(1.25,-1.45,-1.77573785876366E-16));
#1815=CARTESIAN_POINT('Origin',(1.,0.,0.));
#1816=CARTESIAN_POINT('Origin',(1.12499997485429,0.,0.));
#1817=CARTESIAN_POINT('',(1.,-2.39999994635582,-2.93915225225847E-16));
#1818=CARTESIAN_POINT('',(1.12499997485429,-2.39999994635582,-2.93915225225847E-16));
#1819=CARTESIAN_POINT('Origin',(1.,0.,0.));
#1820=CARTESIAN_POINT('Origin',(1.,0.,0.));
#1821=CARTESIAN_POINT('',(1.,-3.06161699786838E-16,2.5));
#1822=CARTESIAN_POINT('Origin',(1.,0.,0.));
#1823=CARTESIAN_POINT('Origin',(-1.,0.,0.));
#1824=CARTESIAN_POINT('',(-1.,-1.65327317884893E-16,1.35));
#1825=CARTESIAN_POINT('Origin',(-1.,0.,0.));
#1826=CARTESIAN_POINT('Origin',(1.,0.,0.));
#1827=CARTESIAN_POINT('',(1.,-1.65327317884893E-16,1.35));
#1828=CARTESIAN_POINT('Origin',(1.,0.,0.));
#1829=CARTESIAN_POINT('Origin',(0.,0.,0.));
#1830=CARTESIAN_POINT('',(1.5,-1.65327317884893E-16,1.35));
#1831=CARTESIAN_POINT('Origin',(1.5,0.,0.));
#1832=CARTESIAN_POINT('',(0.,-1.65327317884893E-16,1.35));
#1833=CARTESIAN_POINT('Origin',(-1.5,0.,0.));
#1834=CARTESIAN_POINT('',(-1.5,-1.65327317884893E-16,1.35));
#1835=CARTESIAN_POINT('Origin',(-1.5,0.,0.));
#1836=CARTESIAN_POINT('',(-1.5,-1.22464679914735E-16,1.));
#1837=CARTESIAN_POINT('Origin',(-1.5,0.,0.));
#1838=CARTESIAN_POINT('Origin',(0.,0.,0.));
#1839=CARTESIAN_POINT('',(1.5,-1.22464679914735E-16,1.));
#1840=CARTESIAN_POINT('Origin',(1.5,0.,0.));
#1841=CARTESIAN_POINT('',(0.,-1.22464679914735E-16,1.));
#1842=CARTESIAN_POINT('Origin',(0.,0.,0.));
#1843=CARTESIAN_POINT('',(0.,-1.65327317884893E-16,1.35));
#1844=CARTESIAN_POINT('Origin',(1.5,0.,0.));
#1845=CARTESIAN_POINT('Origin',(0.,0.,0.));
#1846=CARTESIAN_POINT('',(1.5,-3.06161699786838E-16,2.5));
#1847=CARTESIAN_POINT('Origin',(1.5,0.,0.));
#1848=CARTESIAN_POINT('',(0.,-3.06161699786838E-16,2.5));
#1849=CARTESIAN_POINT('Origin',(-1.5,0.,0.));
#1850=CARTESIAN_POINT('',(-1.5,-4.28626379701574E-16,3.5));
#1851=CARTESIAN_POINT('Origin',(-1.5,0.,0.));
#1852=CARTESIAN_POINT('',(-1.5,-3.06161699786838E-16,2.5));
#1853=CARTESIAN_POINT('Origin',(-1.5,0.,0.));
#1854=CARTESIAN_POINT('Origin',(0.,0.,0.));
#1855=CARTESIAN_POINT('',(0.,-3.06161699786838E-16,2.5));
#1856=CARTESIAN_POINT('Origin',(0.,0.,0.));
#1857=CARTESIAN_POINT('',(1.5,-4.28626379701574E-16,3.5));
#1858=CARTESIAN_POINT('Origin',(1.5,0.,0.));
#1859=CARTESIAN_POINT('',(0.,-4.28626379701574E-16,3.5));
#1860=CARTESIAN_POINT('Origin',(1.5,0.,0.));
#1861=CARTESIAN_POINT('Origin',(22.7810275992217,38.900000372529,-5.21189561310607));
#1862=CARTESIAN_POINT('',(73.3296737912333,38.900000372529,14.5));
#1863=CARTESIAN_POINT('',(73.3296737912333,38.900000372529,5.5));
#1864=CARTESIAN_POINT('',(73.3296737912333,38.900000372529,14.5));
#1865=CARTESIAN_POINT('',(76.6703262087667,38.900000372529,14.5));
#1866=CARTESIAN_POINT('',(48.8905137996109,38.900000372529,14.5));
#1867=CARTESIAN_POINT('',(76.6703262087667,38.900000372529,5.5));
#1868=CARTESIAN_POINT('',(76.6703262087667,38.900000372529,14.5));
#1869=CARTESIAN_POINT('',(48.8905137996109,38.900000372529,5.5));
#1870=CARTESIAN_POINT('',(75.,38.900000372529,8.36307909488678));
#1871=CARTESIAN_POINT('Origin',(75.,38.900000372529,9.96307909488678));
#1872=CARTESIAN_POINT('Origin',(22.7810275992217,38.900000372529,-5.21189561310607));
#1873=CARTESIAN_POINT('',(76.6703262087667,38.900000372529,18.));
#1874=CARTESIAN_POINT('',(76.6703262087667,38.900000372529,22.5));
#1875=CARTESIAN_POINT('',(76.6703262087667,38.900000372529,18.));
#1876=CARTESIAN_POINT('',(73.3296737912333,38.900000372529,18.));
#1877=CARTESIAN_POINT('',(48.8905137996109,38.900000372529,18.));
#1878=CARTESIAN_POINT('',(73.3296737912333,38.900000372529,22.5));
#1879=CARTESIAN_POINT('',(73.3296737912333,38.900000372529,18.));
#1880=CARTESIAN_POINT('',(48.8905137996109,38.900000372529,22.5));
#1881=CARTESIAN_POINT('Origin',(75.,25.,18.));
#1882=CARTESIAN_POINT('Origin',(75.,25.,18.));
#1883=CARTESIAN_POINT('',(65.,25.,18.));
#1884=CARTESIAN_POINT('Origin',(75.,25.,18.));
#1885=CARTESIAN_POINT('Origin',(75.,25.,18.));
#1886=CARTESIAN_POINT('Origin',(75.,25.,22.5));
#1887=CARTESIAN_POINT('Origin',(75.,25.,14.5));
#1888=CARTESIAN_POINT('Origin',(75.,25.,14.5));
#1889=CARTESIAN_POINT('',(65.,25.,14.5));
#1890=CARTESIAN_POINT('Origin',(75.,25.,14.5));
#1891=CARTESIAN_POINT('Origin',(75.,25.,14.5));
#1892=CARTESIAN_POINT('Origin',(75.,25.,5.5));
#1893=CARTESIAN_POINT('',(75.,11.,8.37323393821716));
#1894=CARTESIAN_POINT('',(75.,11.,11.5732339382172));
#1895=CARTESIAN_POINT('Ctrl Pts',(75.,11.,8.37323393821716));
#1896=CARTESIAN_POINT('Ctrl Pts',(74.7989123155683,11.,8.37323393821716));
#1897=CARTESIAN_POINT('Ctrl Pts',(74.5845405469299,11.0047755434924,8.41345730418968));
#1898=CARTESIAN_POINT('Ctrl Pts',(74.1903849811794,11.0220374278846,8.57679803957352));
#1899=CARTESIAN_POINT('Ctrl Pts',(74.0105865160961,11.0342796347292,8.69990572232408));
#1900=CARTESIAN_POINT('Ctrl Pts',(73.7266709574267,11.057298764276,8.98382128099352));
#1901=CARTESIAN_POINT('Ctrl Pts',(73.6035639215221,11.0695760488838,9.16361938545801));
#1902=CARTESIAN_POINT('Ctrl Pts',(73.4402236633968,11.0869182782143,9.55777373533066));
#1903=CARTESIAN_POINT('Ctrl Pts',(73.4,11.091729079429,9.77214508276337));
#1904=CARTESIAN_POINT('Ctrl Pts',(73.4,11.091729079429,10.174322793671));
#1905=CARTESIAN_POINT('Ctrl Pts',(73.4402236633968,11.0869182782143,10.3886941411037));
#1906=CARTESIAN_POINT('Ctrl Pts',(73.6035639215221,11.0695760488838,10.7828484909763));
#1907=CARTESIAN_POINT('Ctrl Pts',(73.7266709574267,11.057298764276,10.9626465954408));
#1908=CARTESIAN_POINT('Ctrl Pts',(74.0105865160961,11.0342796347292,11.2465621541102));
#1909=CARTESIAN_POINT('Ctrl Pts',(74.1903849811795,11.0220374278846,11.3696698368608));
#1910=CARTESIAN_POINT('Ctrl Pts',(74.5845405469299,11.0047755434924,11.5330105722447));
#1911=CARTESIAN_POINT('Ctrl Pts',(74.7989123155683,11.,11.5732339382172));
#1912=CARTESIAN_POINT('Ctrl Pts',(75.,11.,11.5732339382172));
#1913=CARTESIAN_POINT('Ctrl Pts',(75.,11.,11.5732339382172));
#1914=CARTESIAN_POINT('Ctrl Pts',(75.2010876844317,11.,11.5732339382172));
#1915=CARTESIAN_POINT('Ctrl Pts',(75.4154594530701,11.0047755434924,11.5330105722447));
#1916=CARTESIAN_POINT('Ctrl Pts',(75.8096150188205,11.0220374278846,11.3696698368608));
#1917=CARTESIAN_POINT('Ctrl Pts',(75.9894134839039,11.0342796347292,11.2465621541102));
#1918=CARTESIAN_POINT('Ctrl Pts',(76.2733290425733,11.057298764276,10.9626465954408));
#1919=CARTESIAN_POINT('Ctrl Pts',(76.3964360784779,11.0695760488838,10.7828484909763));
#1920=CARTESIAN_POINT('Ctrl Pts',(76.5597763366032,11.0869182782143,10.3886941411037));
#1921=CARTESIAN_POINT('Ctrl Pts',(76.6,11.091729079429,10.174322793671));
#1922=CARTESIAN_POINT('Ctrl Pts',(76.6,11.091729079429,9.97323393821716));
#1923=CARTESIAN_POINT('Ctrl Pts',(76.6,11.091729079429,9.77214508276337));
#1924=CARTESIAN_POINT('Ctrl Pts',(76.5597763366032,11.0869182782143,9.55777373533066));
#1925=CARTESIAN_POINT('Ctrl Pts',(76.3964360784779,11.0695760488838,9.16361938545801));
#1926=CARTESIAN_POINT('Ctrl Pts',(76.2733290425733,11.057298764276,8.98382128099352));
#1927=CARTESIAN_POINT('Ctrl Pts',(75.9894134839039,11.0342796347292,8.69990572232408));
#1928=CARTESIAN_POINT('Ctrl Pts',(75.8096150188206,11.0220374278846,8.57679803957352));
#1929=CARTESIAN_POINT('Ctrl Pts',(75.4154594530701,11.0047755434924,8.41345730418968));
#1930=CARTESIAN_POINT('Ctrl Pts',(75.2010876844317,11.,8.37323393821716));
#1931=CARTESIAN_POINT('Ctrl Pts',(75.,11.,8.37323393821716));
#1932=CARTESIAN_POINT('Origin',(75.,25.,25.5));
#1933=CARTESIAN_POINT('',(69.75,25.,25.5));
#1934=CARTESIAN_POINT('Origin',(75.,25.,25.5));
#1935=CARTESIAN_POINT('',(71.375,25.,25.5));
#1936=CARTESIAN_POINT('Origin',(75.,25.,25.5));
#1937=CARTESIAN_POINT('Origin',(75.,13.5,9.97323393821716));
#1938=CARTESIAN_POINT('',(75.,16.,11.5732339382172));
#1939=CARTESIAN_POINT('',(75.,13.5,11.5732339382172));
#1940=CARTESIAN_POINT('Origin',(75.,16.,9.97323393821716));
#1941=CARTESIAN_POINT('Origin',(75.,16.,9.97323393821716));
#1942=CARTESIAN_POINT('Origin',(75.,36.5,9.96307909488678));
#1943=CARTESIAN_POINT('',(75.,34.,8.36307909488678));
#1944=CARTESIAN_POINT('',(75.,36.5,8.36307909488678));
#1945=CARTESIAN_POINT('Origin',(75.,34.,9.96307909488678));
#1946=CARTESIAN_POINT('Origin',(75.,34.,9.96307909488678));
#1947=CARTESIAN_POINT('Origin',(81.75,25.,0.));
#1948=CARTESIAN_POINT('',(82.5,25.,0.));
#1949=CARTESIAN_POINT('Origin',(81.75,25.,0.));
#1950=CARTESIAN_POINT('',(82.5,25.,5.));
#1951=CARTESIAN_POINT('',(82.5,25.,0.));
#1952=CARTESIAN_POINT('Origin',(81.75,25.,5.));
#1953=CARTESIAN_POINT('Origin',(81.75,25.,5.));
#1954=CARTESIAN_POINT('Origin',(75.,18.25,0.));
#1955=CARTESIAN_POINT('',(75.75,18.25,0.));
#1956=CARTESIAN_POINT('Origin',(75.,18.25,0.));
#1957=CARTESIAN_POINT('',(75.75,18.25,5.));
#1958=CARTESIAN_POINT('',(75.75,18.25,0.));
#1959=CARTESIAN_POINT('Origin',(75.,18.25,5.));
#1960=CARTESIAN_POINT('Origin',(75.,18.25,5.));
#1961=CARTESIAN_POINT('Origin',(75.,31.75,0.));
#1962=CARTESIAN_POINT('',(75.75,31.75,0.));
#1963=CARTESIAN_POINT('Origin',(75.,31.75,0.));
#1964=CARTESIAN_POINT('',(75.75,31.75,5.));
#1965=CARTESIAN_POINT('',(75.75,31.75,0.));
#1966=CARTESIAN_POINT('Origin',(75.,31.75,5.));
#1967=CARTESIAN_POINT('Origin',(75.,31.75,5.));
#1968=CARTESIAN_POINT('Origin',(68.25,25.,0.));
#1969=CARTESIAN_POINT('',(69.,25.,0.));
#1970=CARTESIAN_POINT('Origin',(68.25,25.,0.));
#1971=CARTESIAN_POINT('',(69.,25.,5.));
#1972=CARTESIAN_POINT('',(69.,25.,0.));
#1973=CARTESIAN_POINT('Origin',(68.25,25.,5.));
#1974=CARTESIAN_POINT('Origin',(68.25,25.,5.));
#1975=CARTESIAN_POINT('Origin',(75.,25.,5.5));
#1976=CARTESIAN_POINT('',(65.,25.,5.5));
#1977=CARTESIAN_POINT('Origin',(75.,25.,5.5));
#1978=CARTESIAN_POINT('Origin',(75.,25.,0.));
#1979=CARTESIAN_POINT('',(65.,25.,0.));
#1980=CARTESIAN_POINT('Origin',(75.,25.,22.5));
#1981=CARTESIAN_POINT('',(71.375,25.,22.5));
#1982=CARTESIAN_POINT('',(71.375,25.,22.5));
#1983=CARTESIAN_POINT('Origin',(75.,25.,22.5));
#1984=CARTESIAN_POINT('Origin',(75.,25.,22.5));
#1985=CARTESIAN_POINT('',(69.75,25.,22.5));
#1986=CARTESIAN_POINT('',(69.75,25.,22.5));
#1987=CARTESIAN_POINT('Origin',(75.,25.,22.5));
#1988=CARTESIAN_POINT('Origin',(75.,25.,22.5));
#1989=CARTESIAN_POINT('Origin',(75.,25.,0.));
#1990=CARTESIAN_POINT('',(65.,25.,0.));
#1991=CARTESIAN_POINT('',(65.,25.,0.));
#1992=CARTESIAN_POINT('Origin',(75.,25.,0.));
#1993=CARTESIAN_POINT('Origin',(75.,25.,22.5));
#1994=CARTESIAN_POINT('Origin',(75.,25.,0.));
#1995=CARTESIAN_POINT('',(75.,38.900000372529,9.96307909488678));
#1996=CARTESIAN_POINT('',(75.,39.900000372529,9.96307909488677));
#1997=CARTESIAN_POINT('',(75.,40.400000372529,9.96307909488677));
#1998=CARTESIAN_POINT('',(75.,25.,24.));
#1999=UNCERTAINTY_MEASURE_WITH_UNIT(LENGTH_MEASURE(0.01),#2009,
'DISTANCE_ACCURACY_VALUE',
'Maximum model space distance between geometric entities at asserted c
onnectivities');
#2000=UNCERTAINTY_MEASURE_WITH_UNIT(LENGTH_MEASURE(0.01),#2009,
'DISTANCE_ACCURACY_VALUE',
'Maximum model space distance between geometric entities at asserted c
onnectivities');
#2001=UNCERTAINTY_MEASURE_WITH_UNIT(LENGTH_MEASURE(0.01),#2009,
'DISTANCE_ACCURACY_VALUE',
'Maximum model space distance between geometric entities at asserted c
onnectivities');
#2002=UNCERTAINTY_MEASURE_WITH_UNIT(LENGTH_MEASURE(0.01),#2009,
'DISTANCE_ACCURACY_VALUE',
'Maximum model space distance between geometric entities at asserted c
onnectivities');
#2003=UNCERTAINTY_MEASURE_WITH_UNIT(LENGTH_MEASURE(0.01),#2009,
'DISTANCE_ACCURACY_VALUE',
'Maximum model space distance between geometric entities at asserted c
onnectivities');
#2004=(
GEOMETRIC_REPRESENTATION_CONTEXT(3)
GLOBAL_UNCERTAINTY_ASSIGNED_CONTEXT((#1999))
GLOBAL_UNIT_ASSIGNED_CONTEXT((#2009,#2011,#2012))
REPRESENTATION_CONTEXT('','3D')
);
#2005=(
GEOMETRIC_REPRESENTATION_CONTEXT(3)
GLOBAL_UNCERTAINTY_ASSIGNED_CONTEXT((#2000))
GLOBAL_UNIT_ASSIGNED_CONTEXT((#2009,#2011,#2012))
REPRESENTATION_CONTEXT('','3D')
);
#2006=(
GEOMETRIC_REPRESENTATION_CONTEXT(3)
GLOBAL_UNCERTAINTY_ASSIGNED_CONTEXT((#2001))
GLOBAL_UNIT_ASSIGNED_CONTEXT((#2009,#2011,#2012))
REPRESENTATION_CONTEXT('','3D')
);
#2007=(
GEOMETRIC_REPRESENTATION_CONTEXT(3)
GLOBAL_UNCERTAINTY_ASSIGNED_CONTEXT((#2002))
GLOBAL_UNIT_ASSIGNED_CONTEXT((#2009,#2011,#2012))
REPRESENTATION_CONTEXT('','3D')
);
#2008=(
GEOMETRIC_REPRESENTATION_CONTEXT(3)
GLOBAL_UNCERTAINTY_ASSIGNED_CONTEXT((#2003))
GLOBAL_UNIT_ASSIGNED_CONTEXT((#2009,#2011,#2012))
REPRESENTATION_CONTEXT('','3D')
);
#2009=(
LENGTH_UNIT()
NAMED_UNIT(*)
SI_UNIT(.MILLI.,.METRE.)
);
#2010=(
LENGTH_UNIT()
NAMED_UNIT(*)
SI_UNIT($,.METRE.)
);
#2011=(
NAMED_UNIT(*)
PLANE_ANGLE_UNIT()
SI_UNIT($,.RADIAN.)
);
#2012=(
NAMED_UNIT(*)
SI_UNIT($,.STERADIAN.)
SOLID_ANGLE_UNIT()
);
#2013=SHAPE_DEFINITION_REPRESENTATION(#2017,#2025);
#2014=SHAPE_DEFINITION_REPRESENTATION(#2018,#2026);
#2015=SHAPE_DEFINITION_REPRESENTATION(#2019,#2027);
#2016=SHAPE_DEFINITION_REPRESENTATION(#2020,#2028);
#2017=PRODUCT_DEFINITION_SHAPE('',$,#2030);
#2018=PRODUCT_DEFINITION_SHAPE('',$,#2031);
#2019=PRODUCT_DEFINITION_SHAPE('',$,#2032);
#2020=PRODUCT_DEFINITION_SHAPE('',$,#2033);
#2021=PRODUCT_DEFINITION_SHAPE($,$,#23);
#2022=PRODUCT_DEFINITION_SHAPE($,$,#24);
#2023=PRODUCT_DEFINITION_SHAPE($,$,#25);
#2024=PRODUCT_DEFINITION_SHAPE($,$,#26);
#2025=SHAPE_REPRESENTATION('',(#1028,#1160,#1161,#1162,#1163),#2004);
#2026=SHAPE_REPRESENTATION('',(#1029),#2005);
#2027=SHAPE_REPRESENTATION('',(#1038),#2006);
#2028=SHAPE_REPRESENTATION('',(#1065),#2007);
#2029=PRODUCT_DEFINITION_CONTEXT('part definition',#2043,'design');
#2030=PRODUCT_DEFINITION('Spool - Flexion','Spool - Flexion v4',#2034,#2029);
#2031=PRODUCT_DEFINITION('NF E25-514 - Z2.5 Steel 100 HV Plain',
'Washer NF E25-514 - Z2.5 Steel 100 HV Plain v1',#2035,#2029);
#2032=PRODUCT_DEFINITION('DIN 912 - M2 x 0.4 x 5 Steel 4.6 Plain',
'Hexagon Socket Head Cap Screw DIN 912 - M2 x 0.4 x 5 Steel 4.6 Plain 
v1',#2036,#2029);
#2033=PRODUCT_DEFINITION('7mm OD 2mm ID Bearing',
'7mm OD 2mm ID Bearing v3',#2037,#2029);
#2034=PRODUCT_DEFINITION_FORMATION('',$,#2045);
#2035=PRODUCT_DEFINITION_FORMATION('',$,#2046);
#2036=PRODUCT_DEFINITION_FORMATION('',$,#2047);
#2037=PRODUCT_DEFINITION_FORMATION('',$,#2048);
#2038=PRODUCT_RELATED_PRODUCT_CATEGORY('Spool - Flexion v4',
'Spool - Flexion v4',(#2045));
#2039=PRODUCT_RELATED_PRODUCT_CATEGORY(
'Washer NF E25-514 - Z2.5 Steel 100 HV Plain v1',
'Washer NF E25-514 - Z2.5 Steel 100 HV Plain v1',(#2046));
#2040=PRODUCT_RELATED_PRODUCT_CATEGORY(
'Hexagon Socket Head Cap Screw DIN 912 - M2 x 0.4 x 5 Steel 4.6 Plain 
v1',
'Hexagon Socket Head Cap Screw DIN 912 - M2 x 0.4 x 5 Steel 4.6 Plain 
v1',(#2047));
#2041=PRODUCT_RELATED_PRODUCT_CATEGORY('7mm OD 2mm ID Bearing v3',
'7mm OD 2mm ID Bearing v3',(#2048));
#2042=APPLICATION_PROTOCOL_DEFINITION('international standard',
'automotive_design',2009,#2043);
#2043=APPLICATION_CONTEXT(
'Core Data for Automotive Mechanical Design Process');
#2044=PRODUCT_CONTEXT('part definition',#2043,'mechanical');
#2045=PRODUCT('Spool - Flexion','Spool - Flexion v4',$,(#2044));
#2046=PRODUCT('NF E25-514 - Z2.5 Steel 100 HV Plain',
'Washer NF E25-514 - Z2.5 Steel 100 HV Plain v1',
'Washer NF E25-514 - Z2.5',(#2044));
#2047=PRODUCT('DIN 912 - M2 x 0.4 x 5 Steel 4.6 Plain',
'Hexagon Socket Head Cap Screw DIN 912 - M2 x 0.4 x 5 Steel 4.6 Plain 
v1','Hexagon Socket Head Cap Screw DIN 912 - M2 x 0.4 x 5',(#2044));
#2048=PRODUCT('7mm OD 2mm ID Bearing','7mm OD 2mm ID Bearing v3',$,(#2044));
#2049=PRESENTATION_STYLE_ASSIGNMENT((#2052));
#2050=PRESENTATION_STYLE_ASSIGNMENT((#2053));
#2051=PRESENTATION_STYLE_ASSIGNMENT((#2054));
#2052=SURFACE_STYLE_USAGE(.BOTH.,#2055);
#2053=SURFACE_STYLE_USAGE(.BOTH.,#2056);
#2054=SURFACE_STYLE_USAGE(.BOTH.,#2057);
#2055=SURFACE_SIDE_STYLE('',(#2058));
#2056=SURFACE_SIDE_STYLE('',(#2059));
#2057=SURFACE_SIDE_STYLE('',(#2060));
#2058=SURFACE_STYLE_FILL_AREA(#2061);
#2059=SURFACE_STYLE_FILL_AREA(#2062);
#2060=SURFACE_STYLE_FILL_AREA(#2063);
#2061=FILL_AREA_STYLE('Steel - Satin',(#2064));
#2062=FILL_AREA_STYLE('ABS (White)',(#2065));
#2063=FILL_AREA_STYLE('Stainless Steel - Satin',(#2066));
#2064=FILL_AREA_STYLE_COLOUR('Steel - Satin',#2067);
#2065=FILL_AREA_STYLE_COLOUR('ABS (White)',#2068);
#2066=FILL_AREA_STYLE_COLOUR('Stainless Steel - Satin',#2069);
#2067=COLOUR_RGB('Steel - Satin',0.627450980392157,0.627450980392157,0.627450980392157);
#2068=COLOUR_RGB('ABS (White)',0.964705882352941,0.964705882352941,0.952941176470588);
#2069=COLOUR_RGB('Stainless Steel - Satin',0.796078431372549,0.796078431372549,
0.796078431372549);
ENDSEC;
END-ISO-10303-21;
